# Blender 3.6.22
# www.blender.org
mtllib aku.mtl
o Aku_Aku_-_LP
v 0.042777 0.292866 -0.004462
v -0.135852 0.287555 0.000234
v 0.042777 0.287555 0.000234
v 0.042777 0.290187 -0.094643
v -0.135852 0.289010 -0.081106
v 0.042777 0.289010 -0.081106
v 0.042777 -0.521290 0.266522
v -0.135852 -0.600745 0.235918
v 0.042777 -0.600745 0.235918
v -0.135852 0.287897 -0.069357
v 0.042777 0.287897 -0.069357
v -0.135852 -0.616047 0.224736
v 0.042777 -0.616047 0.224736
v -0.135852 0.291953 -0.058447
v 0.042777 0.291953 -0.058447
v -0.135852 -0.625464 0.215318
v 0.042777 -0.625464 0.215318
v 0.042777 0.277246 -0.161072
v -0.135852 0.281044 -0.155763
v 0.042777 0.281044 -0.155763
v -0.135852 -0.631937 0.203253
v 0.042777 -0.631937 0.203253
v -0.135852 -0.633115 0.189717
v 0.042777 -0.633115 0.189717
v -0.135852 -0.631349 0.170883
v 0.042777 -0.631349 0.170883
v -0.135852 0.278579 0.002410
v 0.042777 0.278579 0.002410
v -0.135852 -0.626641 0.146753
v 0.042777 -0.626641 0.146753
v 0.042777 0.275742 0.032189
v -0.135852 0.273414 0.067208
v 0.042777 0.273414 0.067208
v -0.135852 -0.619516 0.131095
v 0.042777 -0.619516 0.131095
v -0.135852 0.278416 0.078979
v 0.042777 0.278416 0.078979
v -0.135852 -0.618723 0.112196
v 0.042777 -0.618723 0.112196
v -0.135852 0.279593 0.131066
v 0.042777 0.279593 0.131066
v 0.042777 -0.618723 0.112196
v -0.135852 -0.528793 -0.267654
v 0.042777 -0.528793 -0.267654
v -0.135852 0.283759 0.138120
v 0.042777 0.283759 0.138120
v -0.135852 -0.520553 -0.284133
v 0.042777 -0.520553 -0.284133
v -0.135852 -0.508782 -0.296787
v 0.042777 -0.508782 -0.296787
v -0.135852 0.286546 0.175544
v 0.042777 0.286546 0.175544
v -0.135852 -0.492891 -0.305027
v 0.042777 -0.492891 -0.305027
v 0.042777 0.312316 0.185801
v -0.135852 0.321144 0.190686
v 0.042777 0.321144 0.190686
v -0.135852 -0.476117 -0.307969
v 0.042777 -0.476117 -0.307969
v -0.135852 0.326482 0.199470
v 0.042777 0.326482 0.199470
v 0.042777 0.128745 -0.318781
v -0.135852 0.198374 -0.320352
v 0.042777 0.198374 -0.320352
v -0.135852 0.330209 0.251718
v 0.042777 0.330209 0.251718
v -0.135852 0.211616 -0.318586
v 0.042777 0.211616 -0.318586
v 0.042777 0.337355 0.321842
v -0.135852 0.332105 0.331851
v 0.042777 0.332105 0.331851
v -0.135852 0.337272 0.277026
v 0.042777 0.337272 0.277026
v -0.135852 0.225447 -0.310641
v 0.042777 0.225447 -0.310641
v -0.135852 0.320923 0.339796
v 0.042777 0.320923 0.339796
v -0.135852 0.338154 0.305865
v 0.042777 0.338154 0.305865
v -0.135852 0.234864 -0.298575
v 0.042777 0.234864 -0.298575
v -0.135852 0.278841 0.351273
v 0.042777 0.278841 0.351273
v -0.135852 0.099622 -0.313431
v 0.042777 0.099622 -0.313431
v -0.135852 0.246046 -0.274444
v 0.042777 0.246046 -0.274444
v -0.135852 0.247060 0.356570
v 0.042777 0.247060 0.356570
v -0.135852 0.128745 -0.318781
v 0.042777 0.266239 -0.165767
v -0.135852 0.270117 -0.165109
v 0.042777 0.270117 -0.165109
v -0.135852 0.183791 0.359807
v 0.042777 0.183791 0.359807
v -0.135852 0.337355 0.321842
v 0.042777 0.296639 0.185248
v -0.135852 0.312316 0.185801
v -0.135852 0.041362 0.363044
v 0.042777 0.041362 0.363044
v -0.135852 -0.057220 0.358042
v 0.042777 -0.057220 0.358042
v -0.135852 0.283163 -0.142712
v 0.042777 0.283163 -0.142712
v -0.135852 -0.138734 0.351273
v 0.042777 -0.138734 0.351273
v -0.135852 0.282536 -0.122894
v 0.042777 0.282536 -0.122894
v -0.135852 -0.224956 0.339208
v 0.042777 -0.224956 0.339208
v -0.135852 0.288128 -0.109063
v 0.042777 0.288128 -0.109063
v -0.135852 -0.363921 0.309814
v 0.042777 -0.363921 0.309814
v -0.135852 0.290187 -0.094643
v -0.135852 -0.521290 0.266522
v -0.135852 0.294484 -0.009021
v -0.135852 0.292866 -0.004462
v 0.042777 0.294484 -0.009021
v -0.135852 0.277246 -0.161072
v -0.135852 0.287897 -0.069357
v -0.135852 0.289010 -0.081106
v -0.135852 0.282536 -0.122894
v -0.135852 0.291849 0.183827
v -0.135852 0.296639 0.185248
v 0.042777 0.291849 0.183827
v -0.135852 0.288154 0.180275
v 0.042777 0.288154 0.180275
v 0.042777 0.272337 0.011863
v -0.135852 0.275742 0.032189
v -0.135852 0.272706 0.007804
v -0.135852 0.272337 0.011863
v 0.042777 0.272706 0.007804
v -0.135852 0.274990 0.004344
v 0.042777 0.274990 0.004344
v -0.135852 0.259568 -0.172683
v 0.042777 0.259568 -0.172683
v -0.135852 0.263191 -0.167060
v -0.135852 0.266239 -0.165767
v 0.042777 0.263191 -0.167060
v -0.135852 0.260749 -0.169591
v 0.042777 0.260749 -0.169591
v 0.042777 0.294484 -0.009021
v 0.042777 0.287555 0.000234
v 0.042777 0.278579 0.002410
v -0.135852 -0.618723 0.112196
v -0.135852 0.332105 0.331851
v -0.135852 0.337355 0.321842
v -0.135852 0.320923 0.339796
v -0.135852 0.338154 0.305865
v -0.135852 0.337272 0.277026
v -0.135852 0.278841 0.351273
v -0.135852 0.330209 0.251718
v -0.135852 0.326482 0.199470
v -0.135852 0.296639 0.185248
v -0.135852 0.321144 0.190686
v -0.135852 0.312316 0.185801
v -0.135852 0.183791 0.359807
v -0.135852 0.247060 0.356570
v -0.135852 0.288154 0.180275
v -0.135852 -0.057220 0.358042
v -0.135852 0.041362 0.363044
v -0.135852 0.273414 0.067208
v -0.135852 0.286546 0.175544
v -0.135852 -0.224956 0.339208
v -0.135852 -0.138734 0.351273
v -0.135852 0.099622 -0.313431
v -0.135852 0.272337 0.011863
v -0.135852 0.279593 0.131066
v -0.135852 -0.521290 0.266522
v -0.135852 -0.363921 0.309814
v -0.135852 -0.618723 0.112196
v -0.135852 -0.476117 -0.307969
v -0.135852 -0.616047 0.224736
v -0.135852 -0.600745 0.235918
v -0.135852 -0.631349 0.170883
v -0.135852 -0.619516 0.131095
v -0.135852 -0.633115 0.189717
v -0.135852 -0.631937 0.203253
v -0.135852 -0.625464 0.215318
v -0.135852 -0.626641 0.146753
v -0.135852 -0.528793 -0.267654
v -0.135852 -0.508782 -0.296787
v -0.135852 -0.520553 -0.284133
v -0.135852 -0.492891 -0.305027
v -0.135852 0.198374 -0.320352
v -0.135852 0.128745 -0.318781
v -0.135852 0.246046 -0.274444
v -0.135852 0.259568 -0.172683
v -0.135852 0.291849 0.183827
v -0.135852 0.211616 -0.318586
v -0.135852 0.225447 -0.310641
v -0.135852 0.260749 -0.169591
v -0.135852 0.234864 -0.298575
v -0.135852 0.283759 0.138120
v -0.135852 0.278416 0.078979
v -0.135852 0.275742 0.032189
v -0.135852 0.272706 0.007804
v -0.135852 0.263191 -0.167060
v -0.135852 0.277246 -0.161072
v -0.135852 0.270117 -0.165109
v -0.135852 0.281044 -0.155763
v -0.135852 0.266239 -0.165767
v -0.135852 0.283163 -0.142712
v -0.135852 0.274990 0.004344
v -0.135852 0.290187 -0.094643
v -0.135852 0.288128 -0.109063
v -0.135852 0.278579 0.002410
v -0.135852 0.287555 0.000234
v -0.135852 0.294484 -0.009021
v -0.135852 0.292866 -0.004462
v -0.135852 0.291953 -0.058447
v 0.042777 0.338154 0.305865
v 0.042777 0.337355 0.321842
v 0.042777 0.320923 0.339796
v 0.042777 0.332105 0.331851
v 0.042777 0.278841 0.351273
v 0.042777 0.247060 0.356570
v 0.042777 0.330209 0.251718
v 0.042777 0.183791 0.359807
v 0.042777 0.288154 0.180275
v 0.042777 0.279593 0.131066
v 0.042777 0.041362 0.363044
v 0.042777 0.273414 0.067208
v 0.042777 0.286546 0.175544
v 0.042777 -0.057220 0.358042
v 0.042777 0.272337 0.011863
v 0.042777 -0.138734 0.351273
v 0.042777 -0.224956 0.339208
v 0.042777 0.099622 -0.313431
v 0.042777 -0.363921 0.309814
v 0.042777 -0.476117 -0.307969
v 0.042777 -0.521290 0.266522
v 0.042777 -0.618723 0.112196
v 0.042777 -0.600745 0.235918
v 0.042777 -0.619516 0.131095
v 0.042777 -0.616047 0.224736
v 0.042777 -0.631349 0.170883
v 0.042777 -0.626641 0.146753
v 0.042777 -0.625464 0.215318
v 0.042777 -0.633115 0.189717
v 0.042777 -0.631937 0.203253
v 0.042777 -0.528793 -0.267654
v 0.042777 -0.520553 -0.284133
v 0.042777 -0.508782 -0.296787
v 0.042777 -0.492891 -0.305027
v 0.042777 0.128745 -0.318781
v 0.042777 0.259568 -0.172683
v 0.042777 0.198374 -0.320352
v 0.042777 0.246046 -0.274444
v 0.042777 0.337272 0.277026
v 0.042777 0.321144 0.190686
v 0.042777 0.326482 0.199470
v 0.042777 0.312316 0.185801
v 0.042777 0.296639 0.185248
v 0.042777 0.211616 -0.318586
v 0.042777 0.225447 -0.310641
v 0.042777 0.234864 -0.298575
v 0.042777 0.291849 0.183827
v 0.042777 0.260749 -0.169591
v 0.042777 0.283759 0.138120
v 0.042777 0.272706 0.007804
v 0.042777 0.263191 -0.167060
v 0.042777 0.282536 -0.122894
v 0.042777 0.278416 0.078979
v 0.042777 0.275742 0.032189
v 0.042777 0.266239 -0.165767
v 0.042777 0.283163 -0.142712
v 0.042777 0.270117 -0.165109
v 0.042777 0.281044 -0.155763
v 0.042777 0.277246 -0.161072
v 0.042777 0.288128 -0.109063
v 0.042777 0.290187 -0.094643
v 0.042777 0.287897 -0.069357
v 0.042777 0.289010 -0.081106
v 0.042777 0.291953 -0.058447
v 0.042777 0.274990 0.004344
v 0.042777 0.292866 -0.004462
v -0.064349 0.449793 0.231451
v -0.068331 0.376974 0.395085
v -0.068048 0.366114 0.407039
v -0.078848 0.542757 0.300576
v -0.083001 0.492457 0.433508
v -0.082120 0.477279 0.443328
v -0.086572 0.588038 0.343644
v -0.089969 0.570202 0.418095
v -0.088629 0.547782 0.432040
v -0.089846 0.606490 0.362992
v -0.092587 0.592172 0.422954
v -0.091309 0.579653 0.423232
v -0.067252 0.454956 0.265070
v -0.073136 0.393854 0.438467
v -0.071062 0.382713 0.425407
v -0.071717 0.502121 0.259096
v -0.076412 0.425932 0.437803
v -0.075668 0.414828 0.443578
v -0.050991 0.334402 0.211516
v -0.057145 0.294309 0.357848
v -0.056580 0.288709 0.358053
v -0.084523 0.572819 0.336935
v -0.086849 0.527824 0.436123
v -0.056244 0.383971 0.213198
v -0.062193 0.323002 0.387314
v -0.061079 0.315028 0.383231
v -0.058251 0.400199 0.217820
v -0.063330 0.333976 0.387313
v -0.062421 0.433294 0.228341
v -0.067329 0.357433 0.409587
v -0.066688 0.353253 0.406637
v -0.067670 0.472499 0.245212
v -0.067741 0.472169 0.246702
v -0.067742 0.471319 0.247971
v -0.053074 0.267439 0.339563
v -0.050380 0.329883 0.209482
v -0.055976 0.284141 0.356206
v -0.092476 0.620211 0.380140
v -0.093949 0.617665 0.404798
v -0.093578 0.607149 0.414995
v -0.082639 0.557252 0.333070
v -0.085346 0.513498 0.435862
v -0.063940 0.338472 0.389358
v -0.057742 0.298584 0.360036
v -0.063713 0.444282 0.230538
v -0.067784 0.361963 0.409393
v -0.082415 0.555763 0.332090
v -0.084936 0.509754 0.435548
v -0.082165 0.554665 0.330148
v -0.084776 0.508393 0.435276
v -0.081954 0.554253 0.327767
v -0.091371 0.615117 0.371945
v -0.080382 0.552584 0.307901
v -0.083182 0.495044 0.432282
v -0.080886 0.554161 0.312747
v -0.080630 0.553689 0.309801
v -0.083376 0.497075 0.432048
v -0.074514 0.515427 0.279243
v -0.079110 0.451561 0.438421
v -0.074188 0.514201 0.276408
v -0.074843 0.517170 0.281345
v -0.079364 0.453786 0.438745
v -0.069375 0.480629 0.257456
v -0.075231 0.410138 0.444268
v -0.073079 0.510580 0.266001
v -0.076571 0.427999 0.437023
v -0.073497 0.512373 0.269289
v -0.073282 0.511602 0.267370
v -0.076745 0.429843 0.436775
v -0.071235 0.498315 0.257860
v -0.075468 0.412370 0.444344
v -0.071479 0.500407 0.258244
v -0.078407 0.539939 0.298465
v -0.081958 0.475108 0.444214
v -0.081753 0.473106 0.444259
v -0.078628 0.541349 0.299521
v -0.079646 0.456141 0.439298
v -0.063232 0.440162 0.229763
v -0.067580 0.359532 0.410075
v -0.063484 0.442302 0.230183
v -0.060048 0.413535 0.223720
v -0.063626 0.336431 0.387912
v -0.060351 0.415868 0.224581
v -0.052545 0.345039 0.217929
v -0.057431 0.296661 0.358449
v -0.053099 0.349800 0.218800
v -0.052838 0.347326 0.218721
v -0.050680 0.332175 0.210376
v -0.056293 0.286287 0.357551
v -0.121504 0.371466 0.391339
v -0.117522 0.444285 0.227705
v -0.121221 0.360605 0.403293
v -0.136174 0.486949 0.429763
v -0.132021 0.537249 0.296830
v -0.135293 0.471771 0.439583
v -0.143141 0.564693 0.414350
v -0.139746 0.582530 0.339899
v -0.141801 0.542274 0.428295
v -0.145760 0.586665 0.419209
v -0.143019 0.600981 0.359248
v -0.144483 0.574145 0.419487
v -0.126309 0.388346 0.434721
v -0.120425 0.449448 0.261324
v -0.124235 0.377205 0.421662
v -0.118500 0.451749 0.230608
v -0.129585 0.420424 0.434057
v -0.124890 0.496614 0.255350
v -0.128841 0.409319 0.439833
v -0.110318 0.288800 0.354103
v -0.104164 0.328893 0.207770
v -0.109753 0.283201 0.354307
v -0.137696 0.567310 0.333190
v -0.140021 0.522316 0.432378
v -0.141799 0.595677 0.349721
v -0.115366 0.317494 0.383568
v -0.109417 0.378462 0.209452
v -0.114252 0.309520 0.379486
v -0.116503 0.328467 0.383568
v -0.111425 0.394690 0.214075
v -0.120501 0.351925 0.405842
v -0.115594 0.427785 0.224597
v -0.119861 0.347744 0.402892
v -0.120843 0.466991 0.241467
v -0.120380 0.465433 0.237183
v -0.120915 0.465811 0.244226
v -0.106247 0.261930 0.335817
v -0.103553 0.324375 0.205737
v -0.101310 0.306466 0.200229
v -0.147122 0.612157 0.401052
v -0.145649 0.614703 0.376394
v -0.146750 0.601641 0.411250
v -0.135811 0.551745 0.329325
v -0.138519 0.507990 0.432117
v -0.117113 0.332964 0.385613
v -0.113822 0.412789 0.221494
v -0.110916 0.293077 0.356290
v -0.106273 0.344292 0.215054
v -0.116887 0.438773 0.226793
v -0.120957 0.356454 0.405647
v -0.135588 0.550254 0.328344
v -0.138109 0.504246 0.431803
v -0.138318 0.506114 0.432017
v -0.135337 0.549157 0.326403
v -0.137949 0.502885 0.431531
v -0.144544 0.609609 0.368200
v -0.133555 0.547075 0.304156
v -0.136355 0.489535 0.428537
v -0.133803 0.548181 0.306056
v -0.134060 0.548652 0.309002
v -0.136549 0.491567 0.428303
v -0.135127 0.548745 0.324022
v -0.132284 0.446052 0.434676
v -0.127687 0.509919 0.275498
v -0.127361 0.508693 0.272663
v -0.132537 0.448278 0.434999
v -0.128016 0.511661 0.277600
v -0.128404 0.404631 0.440522
v -0.122548 0.475121 0.253711
v -0.126253 0.505072 0.262256
v -0.129744 0.422490 0.433278
v -0.126455 0.506095 0.263625
v -0.126670 0.506865 0.265544
v -0.129918 0.424335 0.433030
v -0.124408 0.492806 0.254114
v -0.128641 0.406861 0.440599
v -0.124652 0.494898 0.254499
v -0.131580 0.534431 0.294719
v -0.135130 0.469601 0.440469
v -0.131801 0.535840 0.295775
v -0.132820 0.450632 0.435552
v -0.116406 0.434654 0.226017
v -0.120754 0.354024 0.406329
v -0.116656 0.436794 0.226437
v -0.113222 0.408026 0.219975
v -0.116799 0.330923 0.384166
v -0.113524 0.410360 0.220835
v -0.105718 0.339531 0.214183
v -0.110604 0.291153 0.354704
v -0.106010 0.341817 0.214976
v -0.109150 0.278634 0.352461
v -0.103853 0.326666 0.206631
v -0.109466 0.280779 0.353806
v -0.067329 0.357433 0.409587
v -0.119861 0.347744 0.402892
v -0.066688 0.353253 0.406637
v -0.075668 0.414828 0.443578
v -0.128641 0.406861 0.440599
v -0.075468 0.412370 0.444344
v -0.080630 0.553689 0.309801
v -0.134060 0.548652 0.309002
v -0.080886 0.554161 0.312747
v -0.056244 0.383971 0.213198
v -0.111425 0.394690 0.214075
v -0.058251 0.400199 0.217820
v -0.061079 0.315028 0.383231
v -0.110916 0.293077 0.356290
v -0.057742 0.298584 0.360036
v -0.062421 0.433294 0.228341
v -0.116406 0.434654 0.226017
v -0.063232 0.440162 0.229763
v -0.083376 0.497075 0.432048
v -0.136355 0.489535 0.428537
v -0.083182 0.495044 0.432282
v -0.053099 0.349800 0.218800
v -0.109417 0.378462 0.209452
v -0.060048 0.413535 0.223720
v -0.113524 0.410360 0.220835
v -0.060351 0.415868 0.224581
v -0.069375 0.480629 0.257456
v -0.124408 0.492806 0.254114
v -0.071235 0.498315 0.257860
v -0.057145 0.294309 0.357848
v -0.109753 0.283201 0.354307
v -0.056580 0.288709 0.358053
v -0.093653 0.621981 0.394257
v -0.147122 0.612157 0.401052
v -0.093949 0.617665 0.404798
v -0.071717 0.502121 0.259096
v -0.126253 0.505072 0.262256
v -0.073079 0.510580 0.266001
v -0.084776 0.508393 0.435276
v -0.136549 0.491567 0.428303
v -0.068331 0.376974 0.395085
v -0.121221 0.360605 0.403293
v -0.068048 0.366114 0.407039
v -0.050991 0.334402 0.211516
v -0.105718 0.339531 0.214183
v -0.052545 0.345039 0.217929
v -0.091309 0.579653 0.423232
v -0.143141 0.564693 0.414350
v -0.089969 0.570202 0.418095
v -0.063626 0.336431 0.387912
v -0.116503 0.328467 0.383568
v -0.063330 0.333976 0.387313
v -0.075231 0.410138 0.444268
v -0.126309 0.388346 0.434721
v -0.073136 0.393854 0.438467
v -0.135127 0.548745 0.324022
v -0.081954 0.554253 0.327767
v -0.055976 0.284141 0.356206
v -0.106247 0.261930 0.335817
v -0.053074 0.267439 0.339563
v -0.071062 0.382713 0.425407
v -0.121504 0.371466 0.391339
v -0.068331 0.376974 0.395085
v -0.076412 0.425932 0.437803
v -0.128841 0.409319 0.439833
v -0.074188 0.514201 0.276408
v -0.127687 0.509919 0.275498
v -0.074514 0.515427 0.279243
v -0.082415 0.555763 0.332090
v -0.135811 0.551745 0.329325
v -0.082639 0.557252 0.333070
v -0.048137 0.311974 0.203974
v -0.103553 0.324375 0.205737
v -0.050380 0.329883 0.209482
v -0.064349 0.449793 0.231451
v -0.118500 0.451749 0.230608
v -0.065326 0.457258 0.234354
v -0.113822 0.412789 0.221494
v -0.060649 0.418297 0.225239
v -0.078407 0.539939 0.298465
v -0.131801 0.535840 0.295775
v -0.078628 0.541349 0.299521
v -0.067386 0.471996 0.241913
v -0.120703 0.466947 0.239539
v -0.067530 0.472455 0.243284
v -0.086572 0.588038 0.343644
v -0.141799 0.595677 0.349721
v -0.088626 0.601186 0.353466
v -0.063940 0.338472 0.389358
v -0.116799 0.330923 0.384166
v -0.079364 0.453786 0.438745
v -0.132284 0.446052 0.434676
v -0.079110 0.451561 0.438421
v -0.085346 0.513498 0.435862
v -0.138318 0.506114 0.432017
v -0.085145 0.511622 0.435762
v -0.067207 0.470941 0.240929
v -0.120559 0.466488 0.238167
v -0.081958 0.475108 0.444214
v -0.134927 0.467598 0.440513
v -0.081753 0.473106 0.444259
v -0.067670 0.472499 0.245212
v -0.120914 0.466661 0.242956
v -0.067741 0.472169 0.246702
v -0.117113 0.332964 0.385613
v -0.128016 0.511661 0.277600
v -0.074843 0.517170 0.281345
v -0.082165 0.554665 0.330148
v -0.135588 0.550254 0.328344
v -0.120915 0.465811 0.244226
v -0.067742 0.471319 0.247971
v -0.089846 0.606490 0.362992
v -0.144544 0.609609 0.368200
v -0.091371 0.615117 0.371945
v -0.115594 0.427785 0.224597
v -0.132021 0.537249 0.296830
v -0.078848 0.542757 0.300576
v -0.079646 0.456141 0.439298
v -0.132537 0.448278 0.434999
v -0.138109 0.504246 0.431803
v -0.084936 0.509754 0.435548
v -0.120843 0.466991 0.241467
v -0.115366 0.317494 0.383568
v -0.062193 0.323002 0.387314
v -0.082120 0.477279 0.443328
v -0.135130 0.469601 0.440469
v -0.120425 0.449448 0.261324
v -0.067252 0.454956 0.265070
v -0.088629 0.547782 0.432040
v -0.140021 0.522316 0.432378
v -0.086849 0.527824 0.436123
v -0.113222 0.408026 0.219975
v -0.126455 0.506095 0.263625
v -0.073282 0.511602 0.267370
v -0.135337 0.549157 0.326403
v -0.120380 0.465433 0.237183
v -0.106010 0.341817 0.214976
v -0.052838 0.347326 0.218721
v -0.132820 0.450632 0.435552
v -0.137949 0.502885 0.431531
v -0.067252 0.454956 0.265070
v -0.122548 0.475121 0.253711
v -0.131580 0.534431 0.294719
v -0.076571 0.427999 0.437023
v -0.129585 0.420424 0.434057
v -0.057431 0.296661 0.358449
v -0.110318 0.288800 0.354103
v -0.083001 0.492457 0.433508
v -0.135293 0.471771 0.439583
v -0.138519 0.507990 0.432117
v -0.124235 0.377205 0.421662
v -0.133555 0.547075 0.304156
v -0.080382 0.552584 0.307901
v -0.126670 0.506865 0.265544
v -0.073497 0.512373 0.269289
v -0.137696 0.567310 0.333190
v -0.084523 0.572819 0.336935
v -0.106273 0.344292 0.215054
v -0.116656 0.436794 0.226437
v -0.063484 0.442302 0.230183
v -0.076745 0.429843 0.436775
v -0.129744 0.422490 0.433278
v -0.110604 0.291153 0.354704
v -0.092476 0.620211 0.380140
v -0.146826 0.616473 0.390511
v -0.114252 0.309520 0.379486
v -0.067580 0.359532 0.410075
v -0.120501 0.351925 0.405842
v -0.129918 0.424335 0.433030
v -0.146750 0.601641 0.411250
v -0.093578 0.607149 0.414995
v -0.103853 0.326666 0.206631
v -0.050680 0.332175 0.210376
v -0.127361 0.508693 0.272663
v -0.145649 0.614703 0.376394
v -0.139746 0.582530 0.339899
v -0.116887 0.438773 0.226793
v -0.063713 0.444282 0.230538
v -0.124652 0.494898 0.254499
v -0.071479 0.500407 0.258244
v -0.145760 0.586665 0.419209
v -0.092587 0.592172 0.422954
v -0.089969 0.570202 0.418095
v -0.141801 0.542274 0.428295
v -0.056293 0.286287 0.357551
v -0.109150 0.278634 0.352461
v -0.067784 0.361963 0.409393
v -0.120754 0.354024 0.406329
v -0.133803 0.548181 0.306056
v -0.128404 0.404631 0.440522
v -0.144483 0.574145 0.419487
v -0.104164 0.328893 0.207770
v -0.120957 0.356454 0.405647
v -0.136174 0.486949 0.429763
v -0.143019 0.600981 0.359248
v -0.109466 0.280779 0.353806
v -0.117522 0.444285 0.227705
v -0.124890 0.496614 0.255350
v -0.065326 0.457258 0.234354
v -0.088626 0.601186 0.353466
v -0.067207 0.470941 0.240929
v -0.067386 0.471996 0.241913
v -0.067530 0.472455 0.243284
v -0.048137 0.311974 0.203974
v -0.093653 0.621981 0.394257
v -0.060649 0.418297 0.225239
v -0.085145 0.511622 0.435762
v -0.120914 0.466661 0.242956
v -0.120703 0.466947 0.239539
v -0.120559 0.466488 0.238167
v -0.146826 0.616473 0.390511
v -0.134927 0.467598 0.440513
v -0.121504 0.371466 0.391339
v -0.101310 0.306466 0.200229
v -0.120425 0.449448 0.261324
v -0.143141 0.564693 0.414350
v 0.132091 -0.007604 -0.373714
v 0.132091 0.130284 -0.205924
v 0.132091 0.009041 -0.028644
v 0.042777 0.025694 -0.005412
v 0.042777 0.124259 -0.103494
v 0.042777 0.009041 -0.028644
v 0.042777 0.126513 -0.363076
v 0.132091 0.126513 -0.363076
v 0.132091 0.118207 -0.400499
v 0.042777 -0.002620 -0.384966
v 0.132091 -0.002620 -0.384966
v 0.132091 -0.006538 -0.380156
v 0.042777 0.106892 -0.407871
v 0.132091 0.106892 -0.407871
v 0.132091 0.002711 -0.387002
v 0.042777 0.002711 -0.387002
v 0.042777 0.114768 0.007132
v 0.132091 0.114768 0.007132
v 0.132091 0.124259 -0.103494
v 0.042777 -0.007604 -0.373714
v 0.132091 -0.007604 -0.373714
v 0.132091 0.009041 -0.028644
v 0.042777 0.017206 -0.009575
v 0.132091 0.017206 -0.009575
v 0.132091 0.025694 -0.005412
v 0.042777 0.111746 0.012054
v 0.132091 0.111746 0.012054
v 0.042777 0.129893 -0.306683
v 0.132091 0.129893 -0.306683
v 0.042777 0.010879 -0.018406
v 0.132091 0.010879 -0.018406
v 0.042777 0.106700 0.014860
v 0.132091 0.106700 0.014860
v 0.042777 0.118207 -0.400499
v 0.132091 0.115941 -0.404864
v 0.042777 0.009041 -0.028644
v 0.042777 0.100964 0.014898
v 0.132091 0.100964 0.014898
v 0.042777 0.115941 -0.404864
v 0.132091 0.111799 -0.407562
v 0.042777 0.130284 -0.205924
v 0.132091 0.130284 -0.205924
v 0.042777 0.124259 -0.103494
v 0.132091 0.124259 -0.103494
v 0.042777 0.111799 -0.407562
v 0.042777 -0.006538 -0.380156
v 0.042777 0.025694 -0.005412
v 0.132091 0.059837 0.060241
v 0.132091 0.164433 0.151865
v 0.132091 0.044693 0.084484
v 0.042777 0.050001 0.429914
v 0.042777 0.176952 0.253705
v 0.042777 0.044693 0.084484
v 0.132091 0.177259 0.448654
v 0.132091 0.183171 0.410778
v 0.042777 0.183171 0.410778
v 0.132091 0.051474 0.436275
v 0.132091 0.055690 0.440827
v 0.042777 0.055690 0.440827
v 0.132091 0.061139 0.442520
v 0.132091 0.166435 0.456729
v 0.042777 0.166435 0.456729
v 0.042777 0.061139 0.442520
v 0.132091 0.164433 0.151865
v 0.132091 0.147935 0.042064
v 0.042777 0.147935 0.042064
v 0.132091 0.044693 0.084484
v 0.132091 0.050001 0.429914
v 0.042777 0.050001 0.429914
v 0.132091 0.059837 0.060241
v 0.132091 0.051631 0.064935
v 0.042777 0.051631 0.064935
v 0.132091 0.144606 0.037344
v 0.042777 0.144606 0.037344
v 0.132091 0.182962 0.354285
v 0.042777 0.182962 0.354285
v 0.132091 0.045877 0.074150
v 0.042777 0.045877 0.074150
v 0.132091 0.139392 0.034865
v 0.042777 0.139392 0.034865
v 0.132091 0.175275 0.453154
v 0.042777 0.177259 0.448654
v 0.042777 0.044693 0.084484
v 0.132091 0.133665 0.035191
v 0.042777 0.133665 0.035191
v 0.132091 0.171313 0.456109
v 0.042777 0.175275 0.453154
v 0.132091 0.176952 0.253705
v 0.042777 0.176952 0.253705
v 0.132091 0.164433 0.151865
v 0.042777 0.164433 0.151865
v 0.042777 0.171313 0.456109
v 0.042777 0.051474 0.436275
v 0.042777 0.059837 0.060241
v 0.132091 0.017206 -0.009575
v 0.132091 0.010879 -0.018406
v 0.132091 0.025694 -0.005412
v 0.132091 0.114768 0.007132
v 0.132091 0.100964 0.014898
v 0.132091 0.106700 0.014860
v 0.132091 0.111746 0.012054
v 0.132091 0.124259 -0.103494
v 0.132091 0.129893 -0.306683
v 0.132091 0.126513 -0.363076
v 0.132091 0.106892 -0.407871
v 0.132091 0.118207 -0.400499
v 0.132091 0.111799 -0.407562
v 0.132091 0.115941 -0.404864
v 0.132091 0.002711 -0.387002
v 0.132091 -0.006538 -0.380156
v 0.132091 -0.002620 -0.384966
v 0.042777 0.100964 0.014898
v 0.042777 0.114768 0.007132
v 0.042777 0.010879 -0.018406
v 0.042777 0.017206 -0.009575
v 0.042777 0.130284 -0.205924
v 0.042777 -0.007604 -0.373714
v 0.042777 0.002711 -0.387002
v 0.042777 -0.006538 -0.380156
v 0.042777 0.129893 -0.306683
v 0.042777 -0.002620 -0.384966
v 0.042777 0.126513 -0.363076
v 0.042777 0.106892 -0.407871
v 0.042777 0.118207 -0.400499
v 0.042777 0.111799 -0.407562
v 0.042777 0.115941 -0.404864
v 0.042777 0.106700 0.014860
v 0.042777 0.111746 0.012054
v 0.042777 0.124259 -0.103494
v 0.132091 0.133665 0.035191
v 0.132091 0.147935 0.042064
v 0.132091 0.045877 0.074150
v 0.132091 0.051631 0.064935
v 0.132091 0.176952 0.253705
v 0.132091 0.050001 0.429914
v 0.132091 0.061139 0.442520
v 0.132091 0.051474 0.436275
v 0.132091 0.182962 0.354285
v 0.132091 0.055690 0.440827
v 0.132091 0.183171 0.410778
v 0.132091 0.166435 0.456729
v 0.132091 0.177259 0.448654
v 0.132091 0.171313 0.456109
v 0.132091 0.175275 0.453154
v 0.132091 0.139392 0.034865
v 0.132091 0.144606 0.037344
v 0.042777 0.051631 0.064935
v 0.042777 0.045877 0.074150
v 0.042777 0.059837 0.060241
v 0.042777 0.147935 0.042064
v 0.042777 0.133665 0.035191
v 0.042777 0.139392 0.034865
v 0.042777 0.144606 0.037344
v 0.042777 0.164433 0.151865
v 0.042777 0.182962 0.354285
v 0.042777 0.183171 0.410778
v 0.042777 0.166435 0.456729
v 0.042777 0.177259 0.448654
v 0.042777 0.171313 0.456109
v 0.042777 0.175275 0.453154
v 0.042777 0.061139 0.442520
v 0.042777 0.051474 0.436275
v 0.042777 0.055690 0.440827
v 0.042777 0.164433 0.151865
v 0.036015 -0.143650 -0.075019
v 0.046349 -0.142748 -0.072782
v 0.036015 -0.142747 -0.072770
v 0.046349 -0.180430 -0.137848
v 0.059163 -0.155974 -0.142340
v 0.059163 -0.155579 -0.139670
v 0.046349 -0.141739 -0.064997
v 0.036015 -0.141739 -0.064997
v 0.046349 -0.140334 -0.236190
v 0.057067 -0.130360 -0.225802
v 0.046349 -0.141835 -0.234382
v 0.059163 -0.156558 -0.148423
v 0.046349 -0.180716 -0.150586
v 0.059163 -0.156538 -0.151110
v 0.046349 -0.180430 -0.137848
v 0.036015 -0.181295 -0.140428
v 0.046349 -0.181295 -0.140428
v 0.046349 -0.118990 -0.220021
v 0.057067 -0.127392 -0.229320
v 0.046349 -0.117583 -0.221628
v 0.059163 -0.155579 -0.139670
v 0.046349 -0.141165 -0.143465
v 0.046349 -0.140768 -0.140794
v 0.057067 -0.127392 -0.229320
v 0.046349 -0.139445 -0.238077
v 0.057067 -0.131659 -0.224103
v 0.046349 -0.143547 -0.233135
v 0.046349 -0.139445 -0.238077
v 0.036015 -0.140334 -0.236193
v 0.036015 -0.139443 -0.238084
v 0.046349 -0.121074 -0.090579
v 0.057067 -0.132195 -0.080219
v 0.057067 -0.133655 -0.082269
v 0.036015 -0.181874 -0.145287
v 0.046349 -0.181668 -0.147960
v 0.046349 -0.181874 -0.145287
v 0.046349 -0.143649 -0.075021
v 0.057067 -0.132195 -0.080219
v 0.046349 -0.142748 -0.072782
v 0.059163 -0.155077 -0.137036
v 0.046349 -0.140266 -0.138159
v 0.046349 -0.178796 -0.135434
v 0.059163 -0.155077 -0.137036
v 0.046349 -0.145343 -0.076711
v 0.036015 -0.145350 -0.076715
v 0.046349 -0.141611 -0.148395
v 0.059163 -0.156538 -0.151110
v 0.046349 -0.141591 -0.151083
v 0.046349 -0.141835 -0.234382
v 0.036015 -0.141841 -0.234380
v 0.046349 -0.122516 -0.092633
v 0.057067 -0.135186 -0.084263
v 0.059163 -0.156378 -0.145725
v 0.046349 -0.141431 -0.145697
v 0.036015 -0.181667 -0.147962
v 0.046349 -0.180716 -0.150586
v 0.046349 -0.143547 -0.233135
v 0.036015 -0.143558 -0.233129
v 0.059163 -0.156378 -0.145725
v 0.046349 -0.181668 -0.147960
v 0.046349 -0.137038 -0.246757
v 0.036015 -0.137038 -0.246757
v 0.057067 -0.135186 -0.084263
v 0.046349 -0.145343 -0.076711
v 0.046349 -0.178796 -0.135434
v 0.036015 -0.180428 -0.137846
v 0.060639 -0.032860 -0.027542
v 0.046349 -0.035087 -0.038940
v 0.046349 -0.032355 -0.038879
v 0.036015 -0.005189 -0.294611
v 0.046349 -0.007374 -0.294580
v 0.036015 -0.007378 -0.294578
v 0.046349 -0.081575 -0.019505
v 0.036015 -0.054204 -0.012333
v 0.036015 -0.081575 -0.019505
v 0.046349 -0.018153 -0.292026
v 0.057067 -0.019815 -0.279223
v 0.057067 -0.022029 -0.279394
v 0.046349 0.028814 -0.023731
v 0.036015 0.053239 -0.038014
v 0.036015 0.028814 -0.023731
v 0.046349 -0.029673 -0.297872
v 0.036015 -0.027542 -0.297663
v 0.046349 -0.027543 -0.297665
v 0.046349 0.066599 -0.260758
v 0.036015 0.044056 -0.277859
v 0.036015 0.066599 -0.260758
v 0.060639 -0.139113 -0.089127
v 0.046349 0.074408 -0.056787
v 0.036015 0.091508 -0.079330
v 0.036015 0.074408 -0.056787
v 0.036015 -0.162620 -0.094573
v 0.046349 -0.152543 -0.080867
v 0.036015 -0.152543 -0.080867
v 0.036015 -0.091337 -0.284929
v 0.046349 -0.115762 -0.270646
v 0.036015 -0.115762 -0.270646
v 0.046349 0.103882 -0.104776
v 0.036015 0.111053 -0.132146
v 0.036015 0.103882 -0.104776
v 0.046349 -0.032247 -0.013186
v 0.060639 -0.032860 -0.027542
v 0.046349 -0.029796 -0.014270
v 0.057067 -0.131659 -0.224103
v 0.046349 -0.125204 -0.211788
v 0.060639 -0.135821 -0.218367
v 0.036015 0.099656 -0.215164
v 0.046349 0.085373 -0.239589
v 0.036015 0.085373 -0.239589
v 0.036015 -0.018155 -0.292028
v 0.046349 -0.016177 -0.291478
v 0.046349 -0.018153 -0.292026
v 0.046349 -0.107020 -0.031878
v 0.036015 -0.107020 -0.031878
v 0.046349 0.053239 -0.038014
v 0.057067 -0.022029 -0.279394
v 0.046349 -0.022720 -0.264371
v 0.046349 -0.024953 -0.264359
v 0.036015 0.112748 -0.160390
v 0.046349 0.108899 -0.188422
v 0.036015 0.108899 -0.188422
v 0.046349 -0.064595 -0.294172
v 0.036015 -0.064595 -0.294172
v 0.046349 -0.175071 -0.160480
v 0.046349 -0.129563 -0.048979
v 0.036015 -0.129563 -0.048979
v 0.060639 -0.005376 -0.030590
v 0.046349 -0.008203 -0.041618
v 0.060639 -0.002729 -0.031270
v 0.046349 -0.029673 -0.297872
v 0.060639 -0.029852 -0.279564
v 0.060639 -0.032055 -0.279269
v 0.046349 -0.166846 -0.204962
v 0.036015 -0.175071 -0.160480
v 0.036015 -0.166846 -0.204962
v 0.036015 -0.032246 -0.013186
v 0.046349 -0.029796 -0.014270
v 0.036015 -0.029792 -0.014272
v 0.060639 -0.009392 -0.277510
v 0.046349 -0.014130 -0.263498
v 0.060639 -0.011540 -0.277922
v 0.036015 -0.180712 -0.150592
v 0.046349 -0.175071 -0.160480
v 0.046349 -0.149740 -0.230020
v 0.036015 -0.149740 -0.230020
v 0.046349 0.091508 -0.079330
v 0.060639 -0.038329 -0.027810
v 0.046349 -0.037815 -0.039219
v 0.046349 -0.120551 -0.218112
v 0.046349 -0.121848 -0.216412
v 0.046349 -0.172495 -0.128784
v 0.036015 -0.172495 -0.128784
v 0.060639 -0.149036 -0.196818
v 0.046349 -0.166846 -0.204962
v 0.046349 -0.001881 -0.014557
v 0.036015 0.000791 -0.014847
v 0.036015 -0.001884 -0.014558
v 0.046349 0.044056 -0.277859
v 0.036015 0.018611 -0.290232
v 0.060639 -0.009392 -0.277510
v 0.046349 -0.007374 -0.294580
v 0.046349 -0.005190 -0.294611
v 0.046349 0.028814 -0.023731
v 0.060639 0.044811 -0.050982
v 0.046349 0.053239 -0.038014
v 0.057067 -0.128799 -0.227713
v 0.060639 -0.032055 -0.279269
v 0.046349 -0.031614 -0.263988
v 0.046349 -0.033822 -0.263790
v 0.057067 0.064266 -0.067194
v 0.046349 0.091508 -0.079330
v 0.046349 0.074408 -0.056787
v 0.046349 0.111053 -0.132146
v 0.036015 0.112748 -0.160390
v 0.036015 -0.029675 -0.297871
v 0.036015 -0.024768 -0.017507
v 0.046349 -0.013622 -0.018214
v 0.036015 -0.013622 -0.018214
v 0.046349 -0.001881 -0.014557
v 0.060639 -0.002729 -0.031270
v 0.046349 0.000790 -0.014847
v 0.060639 -0.105293 -0.253064
v 0.046349 -0.137038 -0.246757
v 0.046349 -0.115762 -0.270646
v 0.046349 -0.013622 -0.018214
v 0.060639 -0.008060 -0.030033
v 0.046349 -0.004643 -0.015025
v 0.057067 0.064266 -0.067194
v 0.046349 0.068025 -0.093296
v 0.060640 0.078909 -0.086498
v 0.046349 0.003617 -0.258964
v 0.060639 0.008130 -0.273951
v 0.060640 0.089505 -0.108287
v 0.046349 -0.107731 -0.073312
v 0.057067 -0.097808 -0.048607
v 0.060639 -0.117111 -0.063250
v 0.060639 0.020329 -0.038031
v 0.046349 0.035728 -0.059366
v 0.060639 0.044811 -0.050982
v 0.057067 -0.076459 -0.036544
v 0.046349 -0.052143 -0.041488
v 0.060639 -0.052968 -0.029736
v 0.046349 -0.152543 -0.080867
v 0.060639 -0.145417 -0.102292
v 0.046349 -0.097672 -0.240323
v 0.060639 -0.123634 -0.233410
v 0.060639 -0.105293 -0.253064
v 0.046349 0.052132 -0.073547
v 0.046349 -0.072546 -0.048691
v 0.060639 -0.153873 -0.131587
v 0.046349 -0.131951 -0.108320
v 0.060639 -0.145417 -0.102292
v 0.046349 -0.054204 -0.012333
v 0.060639 -0.038329 -0.027810
v 0.046349 -0.034844 -0.012706
v 0.046349 -0.149740 -0.230020
v 0.060639 -0.013694 -0.278299
v 0.046349 -0.014036 -0.291870
v 0.046349 -0.009606 -0.293945
v 0.046349 -0.139297 -0.133770
v 0.046349 -0.129563 -0.048979
v 0.057067 -0.097808 -0.048607
v 0.046349 -0.107020 -0.031878
v 0.046349 0.059022 -0.218569
v 0.060639 0.056464 -0.246143
v 0.060639 0.072540 -0.228016
v 0.046349 -0.029412 -0.264135
v 0.060639 -0.027659 -0.279632
v 0.060639 -0.149036 -0.196818
v 0.046349 0.108899 -0.188422
v 0.060639 0.084770 -0.207101
v 0.046349 0.099656 -0.215164
v 0.046349 0.069646 -0.200399
v 0.060639 0.084770 -0.207101
v 0.057067 -0.076459 -0.036544
v 0.046349 -0.081575 -0.019505
v 0.060639 -0.135821 -0.218367
v 0.046349 0.027286 -0.250830
v 0.060639 0.037161 -0.260786
v 0.046349 0.076332 -0.112657
v 0.060640 0.097123 -0.133605
v 0.057067 -0.016833 -0.028515
v 0.046349 -0.013558 -0.040453
v 0.060639 -0.008060 -0.030033
v 0.046349 -0.125697 -0.097475
v 0.060639 0.008130 -0.273951
v 0.046349 0.018611 -0.290232
v 0.036015 -0.025516 -0.296831
v 0.057067 -0.026640 -0.027753
v 0.046349 -0.019019 -0.039576
v 0.046349 -0.059229 -0.261099
v 0.057067 -0.084378 -0.265294
v 0.060639 -0.061478 -0.273209
v 0.046349 -0.024768 -0.017507
v 0.046349 -0.079786 -0.252551
v 0.059163 -0.155974 -0.142340
v 0.060639 -0.128685 -0.075025
v 0.046349 -0.034844 -0.012706
v 0.036015 -0.034843 -0.012706
v 0.046349 -0.016292 -0.263817
v 0.057889 -0.017598 -0.278938
v 0.060639 -0.013694 -0.278299
v 0.046349 -0.172495 -0.128784
v 0.046349 -0.162620 -0.094573
v 0.060639 -0.061478 -0.273209
v 0.046349 -0.091337 -0.284929
v 0.046349 -0.064595 -0.294172
v 0.046349 -0.027310 -0.039050
v 0.046349 0.042950 -0.235565
v 0.060639 0.072540 -0.228016
v 0.046349 0.085373 -0.239589
v 0.046349 -0.009606 -0.293945
v 0.036015 -0.014017 -0.291879
v 0.036015 -0.009617 -0.293940
v 0.060640 0.089505 -0.108287
v 0.046349 0.103882 -0.104776
v 0.046349 0.079385 -0.159654
v 0.060639 0.092685 -0.184202
v 0.060640 0.095981 -0.160198
v 0.036015 -0.178790 -0.135427
v 0.060639 -0.052968 -0.029736
v 0.046349 0.017558 -0.048741
v 0.046349 0.080590 -0.136301
v 0.060640 0.095981 -0.160198
v 0.046349 0.076522 -0.180506
v 0.046349 0.066599 -0.260758
v 0.060639 0.037161 -0.260786
v 0.046349 0.044056 -0.277859
v 0.057067 -0.026640 -0.027753
v 0.046349 -0.024768 -0.017507
v 0.060639 0.020329 -0.038031
v 0.046349 -0.116788 -0.085229
v 0.057067 -0.084378 -0.265294
v 0.060639 -0.128685 -0.075025
v 0.046349 -0.141739 -0.064997
v 0.060640 0.097123 -0.133605
v 0.046349 0.112748 -0.160390
v 0.046349 0.111053 -0.132146
v 0.060639 0.056464 -0.246143
v 0.046349 0.018611 -0.290232
v 0.046349 -0.114617 -0.224855
v 0.060640 0.095981 -0.160198
v 0.046349 0.112748 -0.160390
v 0.060639 -0.117111 -0.063250
v 0.036015 -0.004655 -0.015030
v 0.057067 -0.016833 -0.028515
v 0.046349 -0.134352 -0.190390
v 0.060639 -0.156080 -0.158728
v 0.046349 -0.181295 -0.140428
v 0.060639 -0.139113 -0.089127
v 0.046349 -0.141214 -0.157349
v 0.046349 -0.025520 -0.296834
v 0.036015 -0.016172 -0.291481
v 0.046349 -0.014036 -0.291870
v 0.057067 -0.019815 -0.279223
v 0.046349 -0.020483 -0.264243
v 0.046349 -0.004643 -0.015025
v 0.046349 -0.025520 -0.296834
v 0.046349 -0.032247 -0.013186
v 0.060639 -0.029852 -0.279564
v 0.060639 -0.035594 -0.027583
v 0.060639 -0.027659 -0.279632
v 0.060639 -0.005376 -0.030590
v 0.060639 -0.011540 -0.277922
v 0.046349 -0.016177 -0.291478
v 0.057889 -0.017598 -0.278938
v 0.046349 -0.010863 -0.040975
v 0.046349 -0.182505 0.171919
v 0.059248 -0.157178 0.174650
v 0.059248 -0.157850 0.177993
v 0.046349 -0.107317 0.084676
v 0.057067 -0.103585 0.104250
v 0.046349 -0.112309 0.092175
v 0.046349 -0.048623 0.347989
v 0.060639 -0.022832 0.332048
v 0.046349 -0.019225 0.348280
v 0.046349 0.028475 0.079549
v 0.036015 0.023639 0.080138
v 0.036015 0.028462 0.079551
v 0.046349 -0.166958 0.248209
v 0.060639 -0.152896 0.250460
v 0.046349 -0.168426 0.255920
v 0.036015 -0.117760 0.095593
v 0.046349 -0.124603 0.096621
v 0.036015 -0.124603 0.096621
v 0.036015 -0.101661 0.333240
v 0.046349 -0.083148 0.338919
v 0.036015 -0.083148 0.338919
v 0.046349 -0.061267 0.340298
v 0.036015 -0.053739 0.346118
v 0.036015 -0.061267 0.340298
v 0.036015 -0.077861 0.339005
v 0.046349 -0.072078 0.337497
v 0.036015 -0.072078 0.337497
v 0.046349 0.054129 0.091870
v 0.036015 0.032878 0.080293
v 0.036015 0.054129 0.091870
v 0.036015 -0.181684 0.177452
v 0.046349 -0.177772 0.185726
v 0.036015 -0.177772 0.185726
v 0.060639 0.002570 0.086499
v 0.046349 -0.023706 0.062197
v 0.046349 0.010630 0.069565
v 0.046349 0.019755 0.078709
v 0.036015 0.014256 0.071849
v 0.036015 0.019753 0.078707
v 0.036015 -0.168205 0.243660
v 0.046349 -0.173747 0.237473
v 0.046349 -0.168200 0.243667
v 0.046349 0.012732 0.106094
v 0.058106 0.016204 0.091097
v 0.060639 0.019714 0.093142
v 0.057067 -0.070665 0.327178
v 0.046349 -0.072628 0.314825
v 0.046349 -0.067781 0.316234
v 0.059248 -0.155653 0.169483
v 0.046349 -0.139148 0.168331
v 0.046349 -0.141459 0.174167
v 0.057067 -0.156195 0.239656
v 0.046349 -0.143061 0.230058
v 0.046349 -0.141548 0.235651
v 0.046349 -0.092839 0.112474
v 0.057067 -0.103585 0.104250
v 0.060639 -0.098740 0.101536
v 0.060639 -0.095063 0.317089
v 0.046349 -0.077710 0.312801
v 0.060639 -0.081754 0.323481
v 0.046349 0.030138 0.116909
v 0.060639 0.023556 0.095232
v 0.060639 0.039097 0.104074
v 0.060639 -0.075188 0.088576
v 0.046349 -0.079656 0.068607
v 0.060639 -0.022832 0.332048
v 0.046349 -0.001550 0.316575
v 0.060640 0.004467 0.327372
v 0.060639 0.019714 0.093142
v 0.046349 0.023618 0.080141
v 0.046349 0.028475 0.079549
v 0.046349 -0.124603 0.096621
v 0.060639 -0.134280 0.128389
v 0.046349 -0.148666 0.115102
v 0.046349 -0.145756 0.298209
v 0.057067 -0.115263 0.303300
v 0.046349 -0.125434 0.317896
v 0.046349 0.039712 0.294399
v 0.060640 0.064794 0.286848
v 0.060640 0.047936 0.304250
v 0.046349 -0.161848 0.274935
v 0.060639 -0.131790 0.285185
v 0.046349 0.050093 0.132014
v 0.060639 0.062579 0.125631
v 0.060639 -0.145569 0.265256
v 0.046349 -0.122470 0.277772
v 0.060639 -0.131790 0.285185
v 0.046349 0.018456 0.308212
v 0.057067 0.028006 0.318029
v 0.046349 0.108194 0.216747
v 0.060640 0.091088 0.191480
v 0.046349 0.107744 0.188456
v 0.057067 -0.115263 0.303300
v 0.046349 0.074629 0.193134
v 0.060639 0.085985 0.167795
v 0.060640 0.091088 0.191480
v 0.060639 -0.159205 0.188865
v 0.046349 -0.145625 0.217804
v 0.060639 -0.160298 0.219336
v 0.046349 -0.117747 0.095591
v 0.060639 -0.115008 0.112032
v 0.046349 -0.101661 0.333240
v 0.060639 -0.081754 0.323481
v 0.046349 -0.083148 0.338919
v 0.046349 0.070195 0.172559
v 0.060639 0.076358 0.145560
v 0.046349 -0.071917 0.103058
v 0.060639 -0.075188 0.088576
v 0.059248 -0.158650 0.183312
v 0.046349 -0.144674 0.191334
v 0.046349 -0.061267 0.340298
v 0.060639 -0.052299 0.330801
v 0.046349 -0.053729 0.346126
v 0.046349 -0.090617 0.306180
v 0.046349 -0.173747 0.237473
v 0.060639 -0.160298 0.219336
v 0.060639 -0.158411 0.233811
v 0.057067 0.012136 0.089504
v 0.046349 0.000365 0.101703
v 0.060639 0.006860 0.087524
v 0.046349 -0.106970 0.121592
v 0.060639 -0.134280 0.128389
v 0.060639 -0.115008 0.112032
v 0.046349 0.008434 0.342321
v 0.057067 0.028006 0.318029
v 0.046349 0.034400 0.331078
v 0.060639 -0.046848 0.331287
v 0.046349 -0.022126 0.321008
v 0.060639 -0.152896 0.250460
v 0.046349 -0.133520 0.258617
v 0.046349 0.090543 0.134831
v 0.060639 0.062579 0.125631
v 0.046349 0.074452 0.111557
v 0.060640 0.079923 0.265165
v 0.046349 0.103116 0.244582
v 0.046349 0.092705 0.270892
v 0.046349 0.057673 0.314987
v 0.060640 0.064794 0.286848
v 0.046349 0.077360 0.294664
v 0.057067 -0.154614 0.244430
v 0.046349 -0.138413 0.244471
v 0.060639 -0.027277 0.083088
v 0.046349 -0.051997 0.062647
v 0.046349 -0.077865 0.339006
v 0.057067 -0.070665 0.327178
v 0.046349 -0.072078 0.337497
v 0.057067 -0.061108 0.329511
v 0.046349 -0.054277 0.319187
v 0.060639 -0.052299 0.330801
v 0.060639 -0.145569 0.265256
v 0.057067 -0.061108 0.329511
v 0.046349 0.053638 0.278591
v 0.060640 0.079923 0.265165
v 0.060639 0.039097 0.104074
v 0.046349 0.032878 0.080293
v 0.046349 0.054129 0.091870
v 0.046349 -0.003933 0.100656
v 0.060639 -0.027277 0.083088
v 0.060639 0.002570 0.086499
v 0.059248 -0.157850 0.177993
v 0.046349 -0.142984 0.179335
v 0.046349 -0.143427 0.181539
v 0.060639 -0.158411 0.233811
v 0.059248 -0.158650 0.183312
v 0.046349 -0.177772 0.185726
v 0.046349 -0.181688 0.177443
v 0.060640 0.087124 0.239540
v 0.046349 0.108194 0.216747
v 0.046349 0.074963 0.214179
v 0.060640 0.091473 0.215705
v 0.046349 -0.028914 0.095296
v 0.057067 -0.051503 0.083472
v 0.046349 -0.059738 0.318318
v 0.060639 0.085985 0.167795
v 0.046349 0.101784 0.160796
v 0.046349 0.065053 0.257451
v 0.060640 0.087124 0.239540
v 0.046349 -0.179050 0.221310
v 0.057067 0.012136 0.089504
v 0.046349 0.014253 0.071845
v 0.046349 0.019755 0.078709
v 0.046349 0.060220 0.151400
v 0.046349 -0.122331 0.139073
v 0.060639 -0.152843 0.162387
v 0.060639 -0.095063 0.317089
v 0.060639 0.076358 0.145560
v 0.046349 0.071185 0.234885
v 0.060640 0.091473 0.215705
v 0.046349 -0.051111 0.097012
v 0.057067 -0.051503 0.083472
v 0.046349 -0.170343 0.154804
v 0.059248 -0.155653 0.169483
v 0.046349 -0.178789 0.162446
v 0.057067 -0.109266 0.107879
v 0.060640 0.004467 0.327372
v 0.046349 -0.168200 0.243667
v 0.057067 -0.156195 0.239656
v 0.036015 0.074452 0.111557
v 0.036015 -0.161848 0.274936
v 0.046349 -0.145756 0.298209
v 0.036015 -0.145756 0.298209
v 0.036015 -0.178785 0.162442
v 0.046349 -0.170343 0.154804
v 0.046349 -0.178789 0.162446
v 0.046349 0.090543 0.134831
v 0.036015 0.090543 0.134831
v 0.036015 -0.179050 0.221310
v 0.046349 0.101784 0.160796
v 0.036015 0.101784 0.160796
v 0.046349 0.107744 0.188456
v 0.036015 0.107744 0.188456
v 0.046349 0.103116 0.244582
v 0.036015 0.108194 0.216747
v 0.036015 0.103116 0.244582
v 0.046349 0.108194 0.216747
v 0.036015 0.108194 0.216747
v 0.046349 -0.148666 0.115102
v 0.036015 -0.170343 0.154804
v 0.036015 -0.148666 0.115102
v 0.046349 0.092705 0.270892
v 0.036015 0.092705 0.270892
v 0.036015 0.077360 0.294664
v 0.046349 0.057673 0.314987
v 0.036015 0.057673 0.314987
v 0.036015 -0.079656 0.068607
v 0.046349 -0.107317 0.084676
v 0.036015 -0.107317 0.084676
v 0.046349 0.034400 0.331078
v 0.036015 0.034400 0.331078
v 0.046349 -0.051997 0.062647
v 0.036015 -0.051997 0.062647
v 0.046349 0.008434 0.342321
v 0.036015 0.008434 0.342321
v 0.046349 -0.023706 0.062197
v 0.036015 -0.023706 0.062197
v 0.046349 -0.019225 0.348280
v 0.036015 -0.019225 0.348280
v 0.036015 -0.168426 0.255920
v 0.046349 -0.161848 0.274935
v 0.046349 -0.125434 0.317896
v 0.036015 -0.125434 0.317896
v 0.036015 -0.173747 0.237473
v 0.046349 -0.100578 0.117033
v 0.046349 -0.102340 0.118243
v 0.057067 -0.105423 0.105340
v 0.046349 -0.098500 0.115706
v 0.046349 -0.096662 0.114617
v 0.046349 -0.113742 0.093690
v 0.057067 -0.107502 0.106668
v 0.046349 -0.115732 0.094940
v 0.057067 -0.109266 0.107879
v 0.046349 -0.112309 0.092175
v 0.036015 -0.113741 0.093687
v 0.036015 -0.112305 0.092168
v 0.046349 -0.115732 0.094940
v 0.036015 -0.115738 0.094940
v 0.046349 -0.117747 0.095591
v 0.059248 -0.158306 0.180653
v 0.046349 -0.182488 0.174639
v 0.046349 -0.143883 0.184200
v 0.046349 -0.144227 0.186860
v 0.059248 -0.158306 0.180653
v 0.046349 -0.180513 0.164645
v 0.059248 -0.156509 0.172030
v 0.059248 -0.157178 0.174650
v 0.046349 -0.142315 0.176715
v 0.046349 -0.181688 0.177443
v 0.036015 -0.182486 0.174642
v 0.046349 -0.182488 0.174639
v 0.036015 -0.182505 0.171919
v 0.046349 -0.182505 0.171919
v 0.036015 -0.181542 0.167121
v 0.046349 -0.180513 0.164645
v 0.046349 -0.181541 0.167121
v 0.036015 -0.180512 0.164644
v 0.046349 -0.167116 0.245801
v 0.057067 -0.154614 0.244430
v 0.057067 -0.155362 0.242028
v 0.046349 -0.140818 0.238051
v 0.036015 -0.167119 0.245802
v 0.046349 -0.166958 0.248209
v 0.036015 -0.166961 0.248221
v 0.046349 -0.168426 0.255920
v 0.060639 -0.076640 0.325440
v 0.046349 -0.075204 0.313916
v 0.046349 -0.051552 0.319531
v 0.060639 -0.049575 0.331109
v 0.046349 -0.048824 0.319748
v 0.060639 -0.049575 0.331109
v 0.046349 -0.051250 0.347433
v 0.060639 -0.046848 0.331287
v 0.060639 -0.079226 0.324550
v 0.046349 -0.080532 0.339272
v 0.060639 -0.076640 0.325440
v 0.046349 -0.080532 0.339272
v 0.036015 -0.080531 0.339272
v 0.046349 -0.077865 0.339006
v 0.046349 -0.053729 0.346126
v 0.036015 -0.051253 0.347430
v 0.046349 -0.051250 0.347433
v 0.036015 -0.048621 0.347989
v 0.046349 0.006798 0.103565
v 0.046349 0.004671 0.102880
v 0.057471 0.014186 0.090357
v 0.046349 0.008883 0.104384
v 0.046349 0.014687 0.107071
v 0.060639 0.021644 0.094172
v 0.057471 0.014186 0.090357
v 0.046349 0.021462 0.079846
v 0.058106 0.016204 0.091097
v 0.060639 0.023556 0.095232
v 0.046349 0.030793 0.079642
v 0.060639 0.021644 0.094172
v 0.060639 0.004754 0.086904
v 0.060639 0.006860 0.087524
v 0.046349 -0.001774 0.101156
v 0.060639 0.004754 0.086904
v 0.046349 0.030793 0.079642
v 0.036015 0.030789 0.079642
v 0.046349 0.010630 0.069565
v 0.036015 0.012590 0.070427
v 0.046349 0.012589 0.070426
v 0.046349 0.014253 0.071845
v 0.046349 0.021462 0.079846
v 0.036015 0.021467 0.079845
v 0.046349 0.023618 0.080141
v 0.036015 0.010628 0.069565
v 0.046349 -0.143649 -0.075021
v 0.057067 -0.128799 -0.227713
v 0.046349 -0.140334 -0.236190
v 0.046349 -0.119539 -0.088585
v 0.057067 -0.133655 -0.082269
v 0.059163 -0.156558 -0.148423
v 0.046349 -0.181874 -0.145287
v 0.060639 -0.035594 -0.027583
v 0.046349 -0.005190 -0.294611
v 0.046349 -0.054204 -0.012333
v 0.046349 -0.162620 -0.094573
v 0.046349 -0.091337 -0.284929
v 0.046349 0.099656 -0.215164
v 0.046349 0.112748 -0.160390
v 0.060639 -0.156080 -0.158728
v 0.046349 -0.027543 -0.297665
v 0.046349 -0.011994 -0.263042
v 0.057067 -0.130360 -0.225802
v 0.046349 0.000790 -0.014847
v 0.060640 0.078909 -0.086498
v 0.046349 0.112748 -0.160390
v 0.060639 -0.123634 -0.233410
v 0.046349 -0.091262 -0.058554
v 0.060639 0.092685 -0.184202
v 0.060639 -0.153873 -0.131587
v 0.046349 0.079385 -0.159654
v 0.060640 0.095981 -0.160198
v 0.046349 -0.181541 0.167121
v 0.060639 -0.098740 0.101536
v 0.046349 -0.101661 0.333240
v 0.046349 0.032878 0.080293
v 0.046349 0.016575 0.108169
v 0.060640 0.091473 0.215705
v 0.046349 -0.107759 0.292977
v 0.060640 0.047936 0.304250
v 0.046349 -0.139980 0.240426
v 0.060639 -0.159205 0.188865
v 0.060640 0.091473 0.215705
v 0.046349 0.074963 0.214179
v 0.060639 -0.152843 0.162387
v 0.046349 0.074452 0.111557
v 0.046349 -0.179050 0.221310
v 0.046349 0.108194 0.216747
v 0.046349 0.077360 0.294664
v 0.046349 -0.079656 0.068607
v 0.057067 -0.107502 0.106668
v 0.057067 -0.105423 0.105340
v 0.046349 -0.113742 0.093690
v 0.059248 -0.156509 0.172030
v 0.057067 -0.155362 0.242028
v 0.046349 -0.167116 0.245801
v 0.060639 -0.079226 0.324550
v 0.046349 -0.048623 0.347989
v 0.046349 0.012589 0.070426
v 0.032442 -0.050013 0.085627
v 0.049865 -0.093491 0.109358
v 0.032442 -0.097252 0.101698
v 0.032442 -0.050013 0.085627
v 0.049865 -0.001641 0.096282
v 0.052306 -0.048709 0.094788
v 0.032442 -0.000165 0.087878
v 0.047045 0.038568 0.114064
v 0.074336 0.029409 0.126264
v 0.084293 -0.001387 0.119752
v 0.089269 -0.045046 0.120521
v 0.052306 -0.048709 0.094788
v 0.084293 -0.087186 0.131966
v 0.074336 -0.114940 0.146812
v 0.047045 -0.127140 0.137653
v 0.032442 -0.133238 0.133075
v 0.105770 -0.084954 0.169325
v 0.121799 -0.032492 0.208712
v 0.113258 -0.081036 0.215623
v 0.105770 0.006895 0.156250
v 0.113258 -0.039402 0.160168
v 0.105770 -0.071879 0.261174
v 0.105770 0.019970 0.248099
v 0.113258 -0.025582 0.257256
v 0.084293 -0.121452 0.177607
v 0.084293 0.044255 0.154018
v 0.113258 0.016052 0.201802
v 0.084293 0.056469 0.239818
v 0.074336 0.049957 0.270612
v 0.084293 0.022202 0.285459
v 0.089269 -0.019938 0.296904
v 0.084293 -0.063597 0.297673
v 0.074336 -0.094392 0.291161
v 0.084293 -0.109238 0.263406
v 0.089269 -0.120683 0.221266
v 0.049865 -0.063343 0.321142
v 0.032442 -0.014970 0.331798
v 0.032442 -0.064818 0.329547
v 0.049865 0.028507 0.308067
v 0.032442 -0.014970 0.331798
v 0.052306 -0.016275 0.322637
v 0.047045 -0.103551 0.303360
v 0.052306 -0.016275 0.322637
v 0.047045 0.062156 0.279772
v 0.032442 0.032269 0.315726
v 0.032442 -0.108129 0.309458
v 0.049865 -0.144921 0.177862
v 0.032442 -0.155577 0.226234
v 0.032442 -0.153326 0.176386
v 0.032442 -0.155577 0.226234
v 0.049865 -0.131846 0.269711
v 0.032442 -0.139506 0.273473
v 0.052306 -0.146416 0.224930
v 0.052306 -0.146416 0.224930
v 0.049865 0.066863 0.147713
v 0.032442 0.090594 0.191191
v 0.052306 0.081433 0.192495
v 0.032442 0.090594 0.191191
v 0.049865 0.079938 0.239563
v 0.052306 0.081433 0.192495
v 0.032442 0.074523 0.143952
v 0.032442 0.088343 0.241039
v 0.089269 0.055700 0.196158
v 0.032442 -0.056345 -0.273500
v 0.049865 -0.097426 -0.245968
v 0.032442 -0.101861 -0.253243
v 0.032442 -0.056345 -0.273500
v 0.049865 -0.007282 -0.267285
v 0.052306 -0.054219 -0.264510
v 0.032442 -0.006576 -0.275776
v 0.047045 0.034308 -0.253245
v 0.074336 0.026305 -0.240285
v 0.084293 -0.004904 -0.243972
v 0.089269 -0.048246 -0.239254
v 0.052306 -0.054219 -0.264510
v 0.084293 -0.089111 -0.224059
v 0.074336 -0.115363 -0.206783
v 0.047045 -0.128323 -0.214786
v 0.032442 -0.134800 -0.218786
v 0.105770 -0.083509 -0.187113
v 0.121799 -0.027778 -0.152700
v 0.113258 -0.075420 -0.141434
v 0.105770 0.006635 -0.208431
v 0.113258 -0.039044 -0.200343
v 0.105770 -0.062191 -0.096970
v 0.105770 0.027953 -0.118287
v 0.113258 -0.016511 -0.105058
v 0.084293 -0.119050 -0.175574
v 0.084293 0.043581 -0.214033
v 0.113258 0.019864 -0.163967
v 0.084293 0.063494 -0.129827
v 0.074336 0.059807 -0.098617
v 0.084293 0.033555 -0.081342
v 0.089269 -0.007309 -0.066146
v 0.084293 -0.050651 -0.061428
v 0.074336 -0.081861 -0.065115
v 0.084293 -0.099137 -0.091368
v 0.089269 -0.114332 -0.132232
v 0.049865 -0.048273 -0.038116
v 0.032442 0.000789 -0.031901
v 0.032442 -0.048979 -0.029625
v 0.049865 0.041871 -0.059433
v 0.032442 0.000789 -0.031901
v 0.052306 -0.001337 -0.040891
v 0.047045 -0.089863 -0.052156
v 0.052306 -0.001337 -0.040891
v 0.047045 0.072767 -0.090614
v 0.032442 0.046305 -0.052158
v 0.032442 -0.093864 -0.045678
v 0.049865 -0.142362 -0.173195
v 0.032442 -0.148578 -0.124134
v 0.032442 -0.150853 -0.173902
v 0.032442 -0.148578 -0.124134
v 0.049865 -0.121045 -0.083052
v 0.032442 -0.128320 -0.078617
v 0.052306 -0.139587 -0.126260
v 0.052306 -0.139587 -0.126260
v 0.049865 0.065490 -0.222349
v 0.032442 0.093022 -0.181267
v 0.052306 0.084031 -0.179141
v 0.032442 0.093022 -0.181267
v 0.049865 0.086807 -0.132204
v 0.052306 0.084031 -0.179141
v 0.032442 0.072765 -0.226783
v 0.032442 0.095297 -0.131499
v 0.089269 0.058776 -0.173169
v 0.032442 0.043146 0.107966
v 0.032442 0.068254 0.284350
v 0.032442 0.038308 -0.259723
v 0.032442 0.079245 -0.086614
v 0.089555 -0.719543 -0.096928
v 0.086651 -0.717865 -0.008476
v 0.085763 -0.733047 -0.033602
v 0.087538 -0.678624 0.021546
v 0.084024 -0.608722 -0.127620
v 0.084361 -0.641436 0.038097
v 0.075207 -0.579557 -0.110794
v 0.066677 -0.566769 0.010247
v 0.077946 -0.606081 0.036156
v 0.090836 -0.648414 -0.129162
v 0.059318 -0.545253 -0.040046
v 0.060627 -0.550075 -0.013623
v 0.085047 -0.745762 -0.071220
v 0.066857 -0.742187 -0.076963
v 0.085392 -0.744833 -0.076368
v 0.067933 -0.717524 -0.009101
v 0.070922 -0.717729 -0.097558
v 0.067126 -0.731275 -0.034233
v 0.068873 -0.680074 0.020922
v 0.065572 -0.611887 -0.128239
v 0.072169 -0.649850 -0.129785
v 0.049021 -0.572996 0.009645
v 0.057106 -0.584337 -0.111405
v 0.059840 -0.610846 0.035545
v 0.072944 -0.696072 -0.117635
v 0.065919 -0.644656 0.037478
v 0.042317 -0.552826 -0.040682
v 0.045422 -0.558305 -0.076176
v 0.085047 -0.745762 -0.071220
v 0.086525 -0.738971 -0.084981
v 0.084849 -0.744516 -0.060317
v 0.086525 -0.738971 -0.084981
v 0.070922 -0.717729 -0.097558
v 0.089555 -0.719543 -0.096928
v 0.086651 -0.717865 -0.008476
v 0.068873 -0.680074 0.020922
v 0.067933 -0.717524 -0.009101
v 0.059318 -0.545253 -0.040046
v 0.043627 -0.557639 -0.014258
v 0.060627 -0.550075 -0.013623
v 0.084361 -0.641436 0.038097
v 0.059840 -0.610846 0.035545
v 0.065919 -0.644656 0.037478
v 0.084024 -0.608722 -0.127620
v 0.072169 -0.649850 -0.129785
v 0.065572 -0.611887 -0.128239
v 0.063088 -0.552105 -0.075573
v 0.057106 -0.584337 -0.111405
v 0.045422 -0.558305 -0.076176
v 0.087538 -0.678624 0.021546
v 0.042317 -0.552826 -0.040682
v 0.049021 -0.572996 0.009645
v 0.066677 -0.566769 0.010247
v 0.072944 -0.696072 -0.117635
v 0.091663 -0.696376 -0.117011
v 0.077946 -0.606081 0.036156
v 0.075207 -0.579557 -0.110794
v 0.065572 -0.611887 -0.128239
v 0.090836 -0.648414 -0.129162
v 0.085763 -0.733047 -0.033602
v 0.067126 -0.731275 -0.034233
v 0.066300 -0.741987 -0.060859
v 0.067989 -0.736374 -0.085650
v 0.084849 -0.744516 -0.060317
v 0.066512 -0.743116 -0.071815
v 0.067989 -0.736374 -0.085650
v 0.066300 -0.741987 -0.060859
v 0.066512 -0.743116 -0.071815
v 0.066857 -0.742187 -0.076963
v 0.058207 -0.721156 0.114834
v 0.073056 -0.725928 0.030996
v 0.059389 -0.692536 0.125461
v 0.075633 -0.696935 -0.000147
v 0.060176 -0.616964 0.116418
v 0.062010 -0.647219 0.124915
v 0.058720 -0.582722 0.089326
v 0.053565 -0.587526 -0.015450
v 0.051702 -0.560093 0.052530
v 0.072437 -0.665332 -0.021562
v 0.048991 -0.558611 0.023640
v 0.059204 -0.753402 0.088310
v 0.034696 -0.751910 0.078151
v 0.059976 -0.755445 0.083545
v 0.032683 -0.718634 0.110058
v 0.047246 -0.725062 0.027293
v 0.043636 -0.738274 0.043673
v 0.034307 -0.620171 0.115377
v 0.049682 -0.698289 -0.002448
v 0.036059 -0.648554 0.122606
v 0.033106 -0.587663 0.089477
v 0.028475 -0.594511 -0.013962
v 0.040280 -0.629625 -0.026743
v 0.033581 -0.691653 0.121747
v 0.046563 -0.668499 -0.022623
v 0.024131 -0.566184 0.025830
v 0.026619 -0.567101 0.054032
v 0.059204 -0.753402 0.088310
v 0.062191 -0.755280 0.073303
v 0.058375 -0.746401 0.096723
v 0.062191 -0.755280 0.073303
v 0.043636 -0.738274 0.043673
v 0.069149 -0.740843 0.048476
v 0.059389 -0.692536 0.125461
v 0.036059 -0.648554 0.122606
v 0.033581 -0.691653 0.121747
v 0.049431 -0.566558 0.002568
v 0.024131 -0.566184 0.025830
v 0.048991 -0.558611 0.023640
v 0.060176 -0.616964 0.116418
v 0.033106 -0.587663 0.089477
v 0.034307 -0.620171 0.115377
v 0.072437 -0.665332 -0.021562
v 0.049682 -0.698289 -0.002448
v 0.046563 -0.668499 -0.022623
v 0.053565 -0.587526 -0.015450
v 0.040280 -0.629625 -0.026743
v 0.028475 -0.594511 -0.013962
v 0.062010 -0.647219 0.124915
v 0.024571 -0.574131 0.004759
v 0.026619 -0.567101 0.054032
v 0.051702 -0.560093 0.052530
v 0.047246 -0.725062 0.027293
v 0.073056 -0.725928 0.030996
v 0.058720 -0.582722 0.089326
v 0.065889 -0.624654 -0.026910
v 0.040280 -0.629625 -0.026743
v 0.075633 -0.696935 -0.000147
v 0.058207 -0.721156 0.114834
v 0.032683 -0.718634 0.110058
v 0.033054 -0.742950 0.091489
v 0.036897 -0.751843 0.067928
v 0.058375 -0.746401 0.096723
v 0.033924 -0.749866 0.082917
v 0.036897 -0.751843 0.067928
v 0.033054 -0.742950 0.091489
v 0.069149 -0.740843 0.048476
v 0.033924 -0.749866 0.082917
v 0.034696 -0.751910 0.078151
v 0.072126 -0.666641 -0.207975
v 0.072876 -0.593318 -0.243487
v 0.075371 -0.667548 -0.177068
v 0.077005 -0.665991 -0.151258
v 0.066595 -0.546508 -0.202266
v 0.074885 -0.656122 -0.125160
v 0.070242 -0.628606 -0.100935
v 0.050701 -0.528923 -0.122983
v 0.058839 -0.592871 -0.078660
v 0.071771 -0.569665 -0.228884
v 0.060335 -0.533641 -0.163131
v 0.058839 -0.592871 -0.078660
v 0.036079 -0.562236 -0.068737
v 0.041900 -0.597445 -0.082010
v 0.070448 -0.660151 -0.241157
v 0.052809 -0.654381 -0.241810
v 0.070428 -0.655950 -0.244294
v 0.054392 -0.665658 -0.206082
v 0.055039 -0.593370 -0.242545
v 0.055304 -0.621066 -0.247894
v 0.059189 -0.667262 -0.151456
v 0.048952 -0.548966 -0.203586
v 0.053954 -0.570926 -0.229073
v 0.052901 -0.632172 -0.103313
v 0.033754 -0.533478 -0.126316
v 0.042998 -0.537219 -0.165519
v 0.057534 -0.667572 -0.176101
v 0.057251 -0.658619 -0.126516
v 0.070448 -0.660151 -0.241157
v 0.071027 -0.645754 -0.246640
v 0.070962 -0.665592 -0.232275
v 0.071027 -0.645754 -0.246640
v 0.055304 -0.621066 -0.247894
v 0.073034 -0.622077 -0.249817
v 0.075371 -0.667548 -0.177068
v 0.059189 -0.667262 -0.151456
v 0.057534 -0.667572 -0.176101
v 0.049820 -0.532188 -0.080053
v 0.051535 -0.548836 -0.065485
v 0.052690 -0.556936 -0.064775
v 0.074885 -0.656122 -0.125160
v 0.052901 -0.632172 -0.103313
v 0.057251 -0.658619 -0.126516
v 0.066595 -0.546508 -0.202266
v 0.053954 -0.570926 -0.229073
v 0.048952 -0.548966 -0.203586
v 0.050701 -0.528923 -0.122983
v 0.042998 -0.537219 -0.165519
v 0.033754 -0.533478 -0.126316
v 0.077005 -0.665991 -0.151258
v 0.034945 -0.554117 -0.069479
v 0.033197 -0.537393 -0.084043
v 0.036079 -0.562236 -0.068737
v 0.033197 -0.537393 -0.084043
v 0.049820 -0.532188 -0.080053
v 0.072876 -0.593318 -0.243487
v 0.055039 -0.593370 -0.242545
v 0.070242 -0.628606 -0.100935
v 0.052901 -0.632172 -0.103313
v 0.060335 -0.533641 -0.163131
v 0.071771 -0.569665 -0.228884
v 0.072126 -0.666641 -0.207975
v 0.054392 -0.665658 -0.206082
v 0.053400 -0.644167 -0.244246
v 0.053330 -0.664140 -0.229833
v 0.070962 -0.665592 -0.232275
v 0.052829 -0.658581 -0.238673
v 0.053400 -0.644167 -0.244246
v 0.053330 -0.664140 -0.229833
v 0.073034 -0.622077 -0.249817
v 0.052829 -0.658581 -0.238673
v 0.052809 -0.654381 -0.241810
v 0.060214 -0.783779 -0.051336
v 0.073166 -0.750834 -0.135353
v 0.062980 -0.764915 -0.024424
v 0.077321 -0.708300 -0.146758
v 0.068509 -0.693944 0.018920
v 0.068538 -0.725590 0.007785
v 0.071088 -0.629308 -0.134875
v 0.061303 -0.620063 -0.008660
v 0.068486 -0.650471 0.011675
v 0.075962 -0.666545 -0.149807
v 0.057876 -0.593861 -0.073843
v 0.059027 -0.600655 -0.032924
v 0.059544 -0.799012 -0.090218
v 0.039938 -0.793480 -0.097004
v 0.060190 -0.798500 -0.095396
v 0.039754 -0.779618 -0.052919
v 0.052448 -0.748103 -0.136828
v 0.048968 -0.765319 -0.124492
v 0.047660 -0.724614 0.006431
v 0.055087 -0.667271 -0.151032
v 0.056444 -0.707306 -0.148114
v 0.040858 -0.623972 -0.009643
v 0.050364 -0.631682 -0.135974
v 0.047760 -0.652828 0.010575
v 0.042268 -0.762150 -0.025902
v 0.047637 -0.694721 0.017698
v 0.037652 -0.598652 -0.074678
v 0.040098 -0.607390 -0.105316
v 0.059544 -0.799012 -0.090218
v 0.062344 -0.793444 -0.104319
v 0.059096 -0.796976 -0.079442
v 0.062344 -0.793444 -0.104319
v 0.048968 -0.765319 -0.124492
v 0.069419 -0.769520 -0.122908
v 0.062980 -0.764915 -0.024424
v 0.047660 -0.724614 0.006431
v 0.042268 -0.762150 -0.025902
v 0.057876 -0.593861 -0.073843
v 0.038804 -0.605447 -0.033759
v 0.059027 -0.600655 -0.032924
v 0.068509 -0.693944 0.018920
v 0.047760 -0.652828 0.010575
v 0.047637 -0.694721 0.017698
v 0.075962 -0.666545 -0.149807
v 0.056444 -0.707306 -0.148114
v 0.055087 -0.667271 -0.151032
v 0.060549 -0.603507 -0.104330
v 0.050364 -0.631682 -0.135974
v 0.040098 -0.607390 -0.105316
v 0.068538 -0.725590 0.007785
v 0.037652 -0.598652 -0.074678
v 0.061303 -0.620063 -0.008660
v 0.040858 -0.623972 -0.009643
v 0.073166 -0.750834 -0.135353
v 0.052448 -0.748103 -0.136828
v 0.068486 -0.650471 0.011675
v 0.071088 -0.629308 -0.134875
v 0.077321 -0.708300 -0.146758
v 0.056444 -0.707306 -0.148114
v 0.060214 -0.783779 -0.051336
v 0.039754 -0.779618 -0.052919
v 0.038809 -0.792080 -0.080989
v 0.042083 -0.788493 -0.105996
v 0.059096 -0.796976 -0.079442
v 0.039292 -0.793991 -0.091827
v 0.042083 -0.788493 -0.105996
v 0.038809 -0.792080 -0.080989
v 0.069419 -0.769520 -0.122908
v 0.039292 -0.793991 -0.091827
v 0.039938 -0.793480 -0.097004
v 0.051254 -0.717149 -0.220975
v 0.053525 -0.740879 -0.136785
v 0.048015 -0.749882 -0.169296
v 0.057783 -0.726964 -0.116835
v 0.057350 -0.627242 -0.204968
v 0.058924 -0.707835 -0.097583
v 0.059251 -0.673832 -0.083120
v 0.048491 -0.592541 -0.132725
v 0.053276 -0.632294 -0.079311
v 0.057433 -0.661766 -0.226708
v 0.055533 -0.602233 -0.171689
v 0.049477 -0.607714 -0.089905
v 0.045390 -0.746814 -0.206159
v 0.028519 -0.739270 -0.207968
v 0.045612 -0.743822 -0.210456
v 0.035923 -0.738269 -0.135225
v 0.033946 -0.713282 -0.218839
v 0.030698 -0.746050 -0.167179
v 0.039973 -0.725889 -0.115988
v 0.039493 -0.627656 -0.204818
v 0.039624 -0.660680 -0.225855
v 0.041489 -0.675654 -0.083633
v 0.030936 -0.595640 -0.133846
v 0.037773 -0.604070 -0.172209
v 0.035881 -0.696969 -0.227171
v 0.041068 -0.708297 -0.097455
v 0.032144 -0.611748 -0.091437
v 0.035725 -0.635418 -0.080443
v 0.045390 -0.746814 -0.206159
v 0.047184 -0.735016 -0.215918
v 0.045949 -0.749271 -0.196038
v 0.047184 -0.735016 -0.215918
v 0.033946 -0.713282 -0.218839
v 0.051254 -0.717149 -0.220975
v 0.053525 -0.740879 -0.136785
v 0.039973 -0.725889 -0.115988
v 0.035923 -0.738269 -0.135225
v 0.048125 -0.596014 -0.105501
v 0.032144 -0.611748 -0.091437
v 0.049477 -0.607714 -0.089905
v 0.058924 -0.707835 -0.097583
v 0.041489 -0.675654 -0.083633
v 0.041068 -0.708297 -0.097455
v 0.057350 -0.627242 -0.204968
v 0.039624 -0.660680 -0.225855
v 0.039493 -0.627656 -0.204818
v 0.048491 -0.592541 -0.132725
v 0.037773 -0.604070 -0.172209
v 0.030936 -0.595640 -0.133846
v 0.057783 -0.726964 -0.116835
v 0.041068 -0.708297 -0.097455
v 0.030792 -0.600049 -0.107033
v 0.053276 -0.632294 -0.079311
v 0.035725 -0.635418 -0.080443
v 0.053489 -0.699547 -0.228716
v 0.035881 -0.696969 -0.227171
v 0.059251 -0.673832 -0.083120
v 0.055533 -0.602233 -0.171689
v 0.057433 -0.661766 -0.226708
v 0.048015 -0.749882 -0.169296
v 0.030698 -0.746050 -0.167179
v 0.028827 -0.744841 -0.193552
v 0.030079 -0.730475 -0.213520
v 0.045949 -0.749271 -0.196038
v 0.028298 -0.742263 -0.203670
v 0.030079 -0.730475 -0.213520
v 0.028827 -0.744841 -0.193552
v 0.028298 -0.742263 -0.203670
v 0.028519 -0.739270 -0.207968
v 0.039929 -0.752416 0.065237
v 0.054231 -0.774714 -0.012991
v 0.040923 -0.719337 0.073578
v 0.056076 -0.748262 -0.044202
v 0.045355 -0.670035 0.064610
v 0.046283 -0.693773 0.072892
v 0.047949 -0.648285 0.048524
v 0.047852 -0.640293 -0.046978
v 0.046457 -0.620757 0.017668
v 0.054905 -0.719456 -0.060598
v 0.046046 -0.614640 -0.009657
v 0.042199 -0.783508 0.048529
v 0.025804 -0.782547 0.039861
v 0.043048 -0.785249 0.043658
v 0.023096 -0.747728 0.061533
v 0.036985 -0.771212 -0.016055
v 0.032510 -0.777869 0.005023
v 0.027564 -0.669451 0.063124
v 0.037968 -0.746130 -0.046498
v 0.026458 -0.691457 0.070601
v 0.030117 -0.649022 0.047764
v 0.030101 -0.642281 -0.047049
v 0.037086 -0.678545 -0.062071
v 0.023686 -0.715806 0.070496
v 0.037118 -0.718825 -0.062109
v 0.028422 -0.617518 -0.009195
v 0.028708 -0.622767 0.017611
v 0.042199 -0.783508 0.048529
v 0.045437 -0.784442 0.033486
v 0.041296 -0.776650 0.056334
v 0.049331 -0.782590 0.008743
v 0.028193 -0.781820 0.029645
v 0.032510 -0.777869 0.005023
v 0.046283 -0.693773 0.072892
v 0.023686 -0.715806 0.070496
v 0.040923 -0.719337 0.073578
v 0.046358 -0.620146 -0.027163
v 0.028422 -0.617518 -0.009195
v 0.046046 -0.614640 -0.009657
v 0.045355 -0.670035 0.064610
v 0.030117 -0.649022 0.047764
v 0.027564 -0.669451 0.063124
v 0.054905 -0.719456 -0.060598
v 0.037968 -0.746130 -0.046498
v 0.037118 -0.718825 -0.062109
v 0.047852 -0.640293 -0.046978
v 0.037086 -0.678545 -0.062071
v 0.030101 -0.642281 -0.047049
v 0.026458 -0.691457 0.070601
v 0.028734 -0.623024 -0.026700
v 0.046457 -0.620757 0.017668
v 0.028708 -0.622767 0.017611
v 0.054231 -0.774714 -0.012991
v 0.036985 -0.771212 -0.016055
v 0.047949 -0.648285 0.048524
v 0.037086 -0.678545 -0.062071
v 0.054917 -0.677793 -0.061318
v 0.056076 -0.748262 -0.044202
v 0.023096 -0.747728 0.061533
v 0.039929 -0.752416 0.065237
v 0.028193 -0.781820 0.029645
v 0.024022 -0.774024 0.052633
v 0.041296 -0.776650 0.056334
v 0.024955 -0.780806 0.044732
v 0.045437 -0.784442 0.033486
v 0.024022 -0.774024 0.052633
v 0.049331 -0.782590 0.008743
v 0.024955 -0.780806 0.044732
v 0.025804 -0.782547 0.039861
v 0.034945 -0.554117 -0.069479
v 0.052690 -0.556936 -0.064775
v 0.051535 -0.548836 -0.065485
v 0.033563 -0.541660 -0.077109
v 0.050153 -0.536380 -0.073115
v 0.041900 -0.597445 -0.082010
v 0.091663 -0.696376 -0.117011
v 0.063088 -0.552105 -0.075573
v 0.043627 -0.557639 -0.014258
v 0.085392 -0.744833 -0.076368
v 0.084024 -0.608722 -0.127620
v 0.065889 -0.624654 -0.026910
v 0.049431 -0.566558 0.002568
v 0.024571 -0.574131 0.004759
v 0.059976 -0.755445 0.083545
v 0.065889 -0.624654 -0.026910
v 0.070428 -0.655950 -0.244294
v 0.050153 -0.536380 -0.073115
v 0.070242 -0.628606 -0.100935
v 0.033563 -0.541660 -0.077109
v 0.060549 -0.603507 -0.104330
v 0.038804 -0.605447 -0.033759
v 0.060190 -0.798500 -0.095396
v 0.077321 -0.708300 -0.146758
v 0.053489 -0.699547 -0.228716
v 0.048125 -0.596014 -0.105501
v 0.030792 -0.600049 -0.107033
v 0.045612 -0.743822 -0.210456
v 0.058924 -0.707835 -0.097583
v 0.054917 -0.677793 -0.061318
v 0.046358 -0.620146 -0.027163
v 0.028734 -0.623024 -0.026700
v 0.043048 -0.785249 0.043658
v 0.054917 -0.677793 -0.061318
v 0.042780 -0.312229 -0.285688
v 0.091353 -0.302440 -0.240995
v 0.091568 -0.339506 -0.253386
v 0.090983 -0.394045 0.008754
v 0.042780 -0.388415 0.122342
v 0.042780 -0.425975 0.002793
v 0.042780 -0.522931 -0.207032
v 0.090298 -0.468019 -0.258342
v 0.090359 -0.503498 -0.178019
v 0.042780 -0.325143 0.002020
v 0.091857 -0.292289 -0.121096
v 0.042780 -0.250191 -0.105966
v 0.091138 -0.348326 -0.238870
v 0.042780 -0.346706 -0.195204
v 0.042780 -0.363617 -0.201634
v 0.042780 -0.471797 0.274079
v 0.089643 -0.519579 0.234388
v 0.090344 -0.454450 0.245745
v 0.042780 -0.243236 -0.233050
v 0.091622 -0.289450 -0.226222
v 0.042780 -0.247678 -0.247927
v 0.091088 -0.534925 0.152383
v 0.042780 -0.500466 0.169595
v 0.091158 -0.525172 0.205144
v 0.091261 -0.389621 0.232312
v 0.042780 -0.399304 0.191001
v 0.091241 -0.369258 0.229147
v 0.090798 -0.494627 -0.164678
v 0.042780 -0.445955 -0.207274
v 0.042780 -0.474524 -0.134229
v 0.042780 -0.573313 0.181587
v 0.090006 -0.537295 0.215684
v 0.042780 -0.566356 0.228321
v 0.090664 -0.513124 -0.016682
v 0.042780 -0.482743 -0.080136
v 0.042780 -0.489415 -0.016833
v 0.091222 -0.361029 0.220868
v 0.042780 -0.392233 0.184220
v 0.091357 -0.348391 0.138994
v 0.042780 -0.385435 0.130031
v 0.091357 -0.350067 0.180256
v 0.042780 -0.389277 0.173013
v 0.042780 -0.386372 0.152665
v 0.042780 -0.327106 0.015627
v 0.092031 -0.331251 0.141823
v 0.092128 -0.377443 0.010944
v 0.090983 -0.394383 0.003194
v 0.042780 -0.424724 -0.005869
v 0.091016 -0.392468 -0.002042
v 0.091397 -0.347098 0.156553
v 0.042780 -0.385838 0.137050
v 0.042780 -0.426245 -0.001667
v 0.042780 -0.327532 0.008620
v 0.042780 -0.345801 -0.132425
v 0.091598 -0.308268 -0.125502
v 0.091285 -0.305016 -0.215159
v 0.042780 -0.340746 -0.190714
v 0.091193 -0.309513 -0.223256
v 0.090697 -0.460624 -0.243966
v 0.042780 -0.440987 -0.213582
v 0.091445 -0.301933 -0.203185
v 0.042780 -0.338808 -0.183425
v 0.090750 -0.453994 -0.251337
v 0.042780 -0.433464 -0.216108
v 0.042780 -0.465685 -0.298498
v 0.090409 -0.460698 -0.266147
v 0.042780 -0.477505 -0.294531
v 0.090814 -0.403749 -0.248298
v 0.090816 -0.444635 -0.254526
v 0.042780 -0.497949 0.180079
v 0.091043 -0.519299 0.215924
v 0.042780 -0.558459 0.241528
v 0.091301 -0.450734 0.230727
v 0.042780 -0.489682 0.185817
v 0.042780 -0.451991 0.190064
v 0.042780 -0.555266 -0.101305
v 0.091523 -0.526791 -0.016194
v 0.042780 -0.567718 -0.013978
v 0.042780 -0.300416 0.222231
v 0.091269 -0.345497 0.225715
v 0.091937 -0.335588 0.191956
v 0.042780 -0.485982 -0.285388
v 0.042780 -0.347655 0.280727
v 0.090634 -0.387035 0.248356
v 0.090872 -0.360190 0.244987
v 0.042780 -0.240792 -0.173268
v 0.091766 -0.284177 -0.178696
v 0.042780 -0.408465 -0.212705
v 0.042780 -0.253689 -0.257992
v 0.091505 -0.294519 -0.234888
v 0.091226 -0.316932 -0.228877
v 0.091710 -0.285707 -0.213450
v 0.090664 -0.513124 -0.016682
v 0.042780 -0.505714 0.061034
v 0.091015 -0.534558 0.064304
v 0.042780 -0.393254 -0.299600
v 0.091496 -0.401101 -0.263525
v 0.090907 -0.508585 -0.094028
v 0.042780 -0.506291 0.133372
v 0.042780 -0.398480 0.282652
v 0.042780 -0.286042 0.138531
v 0.092149 -0.329771 0.151144
v 0.091272 -0.356924 0.209642
v 0.091940 -0.375605 -0.000686
v 0.042780 -0.414071 0.192436
v 0.042780 -0.580171 0.073348
v 0.089968 -0.547237 0.161271
v 0.042780 -0.284840 0.160450
v 0.092292 -0.330421 0.160576
v 0.042780 -0.567718 -0.013978
v 0.090591 -0.547984 0.066535
v 0.042780 -0.323459 0.265587
v 0.091096 -0.350837 0.236897
v 0.091003 -0.521490 -0.097805
v 0.090501 -0.450516 -0.269512
v 0.091576 -0.301085 -0.174794
v 0.042780 -0.339128 -0.172570
v 0.091309 -0.346653 0.147764
v 0.091132 -0.509092 0.222726
v 0.042780 -0.333967 0.275698
v 0.042780 -0.263054 -0.265046
v 0.089853 -0.530573 0.227086
v 0.042780 -0.545575 0.249944
v 0.094752 -0.305500 -0.124921
v 0.094732 -0.298118 -0.176282
v 0.096440 -0.302187 -0.124102
v 0.096414 -0.294591 -0.177518
v 0.096497 -0.298651 -0.123127
v 0.096456 -0.290850 -0.178381
v 0.094918 -0.295241 -0.122091
v 0.094639 -0.299141 -0.205331
v 0.096350 -0.295786 -0.207653
v 0.096408 -0.292196 -0.209925
v 0.094854 -0.287261 -0.178787
v 0.094809 -0.288724 -0.211922
v 0.094193 -0.403351 -0.251076
v 0.094420 -0.347048 -0.241641
v 0.095478 -0.402833 -0.254307
v 0.096195 -0.345350 -0.244787
v 0.095390 -0.402247 -0.257676
v 0.096290 -0.343399 -0.247998
v 0.094198 -0.401650 -0.260852
v 0.094696 -0.341385 -0.250961
v 0.094121 -0.450847 0.233677
v 0.094459 -0.388157 0.235279
v 0.095495 -0.451339 0.236975
v 0.095929 -0.386515 0.242253
v 0.095284 -0.452161 0.240297
v 0.094056 -0.386497 0.245579
v 0.093507 -0.453233 0.243319
v 0.094051 -0.536830 0.064596
v 0.093941 -0.537120 0.153874
v 0.095229 -0.539587 0.065009
v 0.095259 -0.539706 0.155693
v 0.095136 -0.542557 0.065503
v 0.095180 -0.542430 0.157659
v 0.094015 -0.545451 0.066029
v 0.093588 -0.545025 0.159581
v 0.094090 -0.515165 -0.016649
v 0.095991 -0.517828 -0.016575
v 0.096181 -0.520852 -0.016467
v 0.094641 -0.523940 -0.016336
v 0.091523 -0.526791 -0.016194
v 0.093850 -0.510679 -0.094999
v 0.093611 -0.496472 -0.167072
v 0.095241 -0.513281 -0.095948
v 0.094966 -0.498523 -0.169883
v 0.095262 -0.516136 -0.096784
v 0.094925 -0.500037 -0.172833
v 0.093940 -0.518965 -0.097424
v 0.093489 -0.501906 -0.175637
v 0.094498 -0.354597 0.212430
v 0.094454 -0.358818 0.223665
v 0.096194 -0.352045 0.215765
v 0.096139 -0.356469 0.226999
v 0.096193 -0.349517 0.219321
v 0.096112 -0.354215 0.230545
v 0.094496 -0.347261 0.222749
v 0.094374 -0.352274 0.233955
v 0.094457 -0.367167 0.232013
v 0.096105 -0.365013 0.235362
v 0.096024 -0.363008 0.238866
v 0.094221 -0.361345 0.242183
v 0.094589 -0.347391 0.182324
v 0.096356 -0.344300 0.184771
v 0.096484 -0.341097 0.187360
v 0.094962 -0.338095 0.189836
v 0.096068 -0.387087 0.238704
v 0.094594 -0.345384 0.140036
v 0.094566 -0.343716 0.148895
v 0.096374 -0.341809 0.140911
v 0.096377 -0.340208 0.149883
v 0.096523 -0.338017 0.141537
v 0.096563 -0.336473 0.150630
v 0.095026 -0.334379 0.141851
v 0.095106 -0.332876 0.151065
v 0.094634 -0.344191 0.157802
v 0.096441 -0.340723 0.158927
v 0.096639 -0.337033 0.159817
v 0.095209 -0.333483 0.160385
v 0.094337 -0.391778 0.003553
v 0.094340 -0.391438 0.009196
v 0.096223 -0.388472 0.003947
v 0.096239 -0.388137 0.009683
v 0.096457 -0.384790 0.004337
v 0.096492 -0.384464 0.010168
v 0.095016 -0.381090 0.004685
v 0.095075 -0.380779 0.010602
v 0.092041 -0.377736 0.004956
v 0.094354 -0.389836 -0.001761
v 0.096216 -0.386491 -0.001456
v 0.096421 -0.382761 -0.001156
v 0.094947 -0.379010 -0.000890
v 0.094470 -0.314588 -0.231318
v 0.094455 -0.307059 -0.225617
v 0.096191 -0.311671 -0.234010
v 0.096206 -0.304026 -0.228210
v 0.096219 -0.308466 -0.236691
v 0.096275 -0.300708 -0.230784
v 0.094552 -0.305285 -0.239098
v 0.094655 -0.297432 -0.233085
v 0.094524 -0.302411 -0.217432
v 0.096267 -0.299231 -0.219913
v 0.096341 -0.295786 -0.222361
v 0.094740 -0.292416 -0.224534
v 0.094096 -0.455069 -0.254231
v 0.094145 -0.445560 -0.257453
v 0.095233 -0.446731 -0.260734
v 0.095758 -0.456414 -0.257474
v 0.094980 -0.448031 -0.264049
v 0.095739 -0.457897 -0.260751
v 0.093510 -0.449336 -0.267074
v 0.093877 -0.459373 -0.263739
v 0.093921 -0.462095 -0.246788
v 0.095424 -0.463777 -0.249944
v 0.095392 -0.464964 -0.253124
v 0.093797 -0.466580 -0.256018
v 0.094087 -0.527130 0.207623
v 0.094129 -0.521043 0.218472
v 0.095295 -0.529570 0.210153
v 0.095503 -0.523272 0.221111
v 0.095209 -0.532251 0.212485
v 0.095312 -0.525766 0.223580
v 0.093618 -0.534913 0.214391
v 0.093507 -0.528282 0.225639
v 0.094967 -0.512734 0.228072
v 0.094709 -0.515055 0.230652
v 0.093014 -0.517413 0.232828
v 0.093970 -0.510680 0.225341
v 0.094090 -0.515165 -0.016649
v 0.095991 -0.517828 -0.016575
v 0.096181 -0.520852 -0.016467
v 0.094641 -0.523940 -0.016336
v 0.042780 -0.341454 -0.150332
v 0.030943 -0.549762 0.252216
v 0.030943 -0.563536 0.243636
v 0.030943 -0.323156 0.008800
v 0.030943 -0.322701 0.015943
v 0.030943 -0.230413 -0.176633
v 0.030943 -0.472966 0.276561
v 0.030943 -0.391577 -0.303328
v 0.030943 -0.306793 -0.291244
v 0.030943 -0.585947 0.185138
v 0.030943 -0.320601 0.002071
v 0.030943 -0.399014 0.288173
v 0.030943 -0.561011 -0.103267
v 0.030943 -0.278794 0.141244
v 0.030943 -0.593280 0.074790
v 0.030943 -0.254215 -0.270200
v 0.030943 -0.244203 -0.263008
v 0.030943 -0.579965 -0.014239
v 0.030943 -0.237775 -0.252747
v 0.030943 -0.532078 -0.211055
v 0.030943 -0.233025 -0.237580
v 0.030943 -0.318802 0.270775
v 0.030943 -0.330036 0.281083
v 0.030943 -0.344671 0.286210
v 0.030943 -0.469022 -0.302205
v 0.030943 -0.294162 0.226574
v 0.030943 -0.481659 -0.298160
v 0.042780 -0.284208 0.149423
v 0.030943 -0.276834 0.152348
v 0.030943 -0.490723 -0.288839
v 0.030943 -0.277509 0.163589
v 0.030943 -0.571981 0.230172
v 0.030943 -0.240463 -0.108020
v 0.042780 -0.489415 -0.016833
v 0.030943 -0.579965 -0.014239
v 0.147122 -0.262098 0.009380
v 0.146936 -0.287814 0.017165
v 0.146936 -0.286248 0.005994
v 0.142542 -0.259531 -0.000963
v 0.144101 -0.251979 0.010795
v 0.128487 -0.253450 0.043254
v 0.042777 -0.111838 0.061454
v 0.042724 -0.213729 0.089695
v 0.042667 -0.262409 0.136747
v 0.133242 -0.264371 0.041951
v 0.128487 -0.246036 -0.009644
v 0.042724 -0.195080 -0.043377
v 0.042777 -0.104877 0.011784
v 0.139218 -0.249443 0.000456
v 0.042777 -0.095760 0.021992
v 0.042667 -0.228951 -0.101999
v 0.133242 -0.256896 -0.011393
v 0.142542 -0.264038 0.031198
v 0.144101 -0.253546 0.021969
v 0.139218 -0.253949 0.032606
v 0.042671 -0.221750 -0.099082
v 0.042671 -0.254683 0.135922
v 0.042667 -0.245702 -0.104346
v 0.042667 -0.279160 0.134399
v 0.042777 -0.100266 0.054145
v 0.142542 -0.288827 0.027754
v 0.147122 -0.263663 0.020548
v 0.142542 -0.284311 -0.004466
v 0.042777 -0.090583 0.033412
v 0.133242 -0.280627 -0.014888
v 0.133242 -0.288149 0.038787
v 0.042667 -0.245702 -0.104346
v 0.037335 -0.278682 0.137580
v 0.037335 -0.244248 -0.107703
v 0.042777 -0.092150 0.044588
v 0.037391 -0.210358 0.094576
v 0.037338 -0.253820 0.138181
v 0.037444 -0.086138 0.044959
v 0.037444 -0.104847 0.062154
v 0.037335 -0.278682 0.137580
v 0.037391 -0.190671 -0.046475
v 0.037335 -0.227181 -0.105311
v 0.037338 -0.220150 -0.100250
v 0.037444 -0.097755 0.011547
v 0.037444 -0.093057 0.054708
v 0.037335 -0.244248 -0.107703
v 0.037444 -0.088466 0.021948
v 0.037444 -0.084543 0.033572
v 0.037335 -0.261750 0.141112
v 0.042667 -0.279160 0.134399
v 0.133242 -0.280627 -0.014888
v 0.142542 -0.284311 -0.004466
v 0.142542 -0.288827 0.027754
v 0.146936 -0.286248 0.005994
v 0.146936 -0.287814 0.017165
v 0.133242 -0.288149 0.038787
v -0.105704 0.507135 -0.421554
v -0.051302 0.505597 -0.428303
v -0.104675 0.505950 -0.433095
v -0.108356 0.505535 -0.392133
v -0.053938 0.510277 -0.398598
v -0.107311 0.510629 -0.403391
v -0.054983 0.505183 -0.387340
v -0.049757 0.463884 -0.448581
v -0.053938 0.510277 -0.398598
v -0.109187 0.495000 -0.383653
v -0.103476 0.432130 -0.451883
v -0.110477 0.498730 -0.369012
v -0.103096 0.455289 -0.454403
v -0.103389 0.439607 -0.452301
v -0.111702 0.490925 -0.355941
v -0.057928 0.493375 -0.355413
v -0.111301 0.493728 -0.360205
v -0.111301 0.493728 -0.360205
v -0.103609 0.413597 -0.451773
v -0.111702 0.490925 -0.355941
v -0.113167 0.485173 -0.340049
v -0.059152 0.483714 -0.342483
v -0.112526 0.484066 -0.347275
v -0.112526 0.484066 -0.347275
v -0.104130 0.398950 -0.447038
v -0.113167 0.485173 -0.340049
v -0.115096 0.474782 -0.319327
v -0.103560 0.383539 -0.454526
v -0.103701 0.365965 -0.454246
v -0.113802 0.482638 -0.333161
v -0.115983 0.463022 -0.310316
v -0.104448 0.348010 -0.447248
v -0.116650 0.465709 -0.302690
v -0.104266 0.351074 -0.449052
v -0.119020 0.439952 -0.278189
v -0.108674 0.335276 -0.401128
v -0.119752 0.441554 -0.269920
v -0.117225 0.464524 -0.296381
v -0.105885 0.340559 -0.431796
v -0.118069 0.456973 -0.287525
v -0.120775 0.434625 -0.259044
v -0.109113 0.333653 -0.396351
v -0.108816 0.328021 -0.400079
v -0.123427 0.388589 -0.232884
v -0.069329 0.388649 -0.236148
v -0.122702 0.389002 -0.240940
v -0.056131 0.267865 -0.392033
v -0.068816 0.395790 -0.241336
v -0.069009 0.390921 -0.239544
v -0.123883 0.386388 -0.227982
v -0.071175 0.378021 -0.216367
v -0.070510 0.386034 -0.223190
v -0.125264 0.365632 -0.214118
v -0.071463 0.373670 -0.213485
v -0.124835 0.374023 -0.218277
v -0.127057 0.332758 -0.196572
v -0.072992 0.339552 -0.198961
v -0.126365 0.339905 -0.203754
v -0.062520 0.225736 -0.323975
v -0.072992 0.339552 -0.198961
v -0.073684 0.332405 -0.191780
v -0.127057 0.332758 -0.196572
v -0.117049 0.229868 -0.315619
v -0.127241 0.327252 -0.194932
v -0.125537 0.340299 -0.212940
v -0.114495 0.228974 -0.344123
v -0.126174 0.340539 -0.205838
v -0.124548 0.378373 -0.221159
v -0.111100 0.264277 -0.379330
v -0.111302 0.251795 -0.378011
v -0.128460 0.295228 -0.183709
v -0.119976 0.203845 -0.284935
v -0.128862 0.284387 -0.180034
v -0.128862 0.284387 -0.180034
v -0.075088 0.294875 -0.178917
v -0.128460 0.295228 -0.183709
v -0.127285 0.300104 -0.196443
v -0.117417 0.226134 -0.311784
v -0.118366 0.216192 -0.301959
v -0.109982 0.267472 -0.391560
v -0.057376 0.267091 -0.378217
v -0.110749 0.267444 -0.383009
v -0.108234 0.336898 -0.405903
v -0.127424 0.321744 -0.193294
v -0.106091 0.307947 -0.431904
v -0.107207 0.294524 -0.420456
v -0.106393 0.320536 -0.427610
v -0.105986 0.311953 -0.432785
v -0.121155 0.427786 -0.255305
v -0.106429 0.504720 -0.413651
v -0.103135 0.465482 -0.453230
v -0.107233 0.510546 -0.404258
v -0.109415 0.499028 -0.380810
v -0.055814 0.494647 -0.378860
v -0.109187 0.495000 -0.383653
v -0.120236 0.439925 -0.264648
v -0.104723 0.345229 -0.444394
v -0.125264 0.365632 -0.214118
v -0.113937 0.244675 -0.349188
v -0.125327 0.353503 -0.214317
v -0.129592 0.241453 -0.175058
v -0.121038 0.190789 -0.274059
v -0.050002 0.484640 -0.444328
v -0.051302 0.505597 -0.428303
v -0.052331 0.506782 -0.416761
v -0.050103 0.431777 -0.447090
v -0.055814 0.494647 -0.378860
v -0.057104 0.498377 -0.364219
v -0.049724 0.454936 -0.449611
v -0.050236 0.413244 -0.446981
v -0.057928 0.493375 -0.355413
v -0.058329 0.490571 -0.351149
v -0.050758 0.398597 -0.442246
v -0.059152 0.483714 -0.342483
v -0.059794 0.484819 -0.335256
v -0.061723 0.474429 -0.314536
v -0.050187 0.383186 -0.449733
v -0.060429 0.482285 -0.328370
v -0.051076 0.347657 -0.442455
v -0.062610 0.462670 -0.305524
v -0.063277 0.465355 -0.297899
v -0.050329 0.365612 -0.449454
v -0.055301 0.334922 -0.396335
v -0.065647 0.439600 -0.273396
v -0.066379 0.441201 -0.265128
v -0.052512 0.340207 -0.427004
v -0.063851 0.464171 -0.291589
v -0.064697 0.456620 -0.282733
v -0.067402 0.434272 -0.254252
v -0.055741 0.333300 -0.391559
v -0.066863 0.439573 -0.259855
v -0.068649 0.400075 -0.242880
v -0.055268 0.282181 -0.400589
v -0.068370 0.407348 -0.245445
v -0.059272 0.246304 -0.358640
v -0.071463 0.373670 -0.213485
v -0.071892 0.365278 -0.209325
v -0.063676 0.229516 -0.310827
v -0.073868 0.326900 -0.190140
v -0.061122 0.228621 -0.339331
v -0.072165 0.339946 -0.208148
v -0.072801 0.340186 -0.201046
v -0.071175 0.378021 -0.216367
v -0.057728 0.263924 -0.374538
v -0.070510 0.386034 -0.223190
v -0.066603 0.203491 -0.280142
v -0.075088 0.294875 -0.178917
v -0.075489 0.284034 -0.175242
v -0.073912 0.299752 -0.191651
v -0.064045 0.225781 -0.306992
v -0.074052 0.321391 -0.188503
v -0.054861 0.336545 -0.401112
v -0.055443 0.327668 -0.395288
v -0.052718 0.307594 -0.427112
v -0.052613 0.311600 -0.427992
v -0.053021 0.320183 -0.422818
v -0.067783 0.427434 -0.250513
v -0.049762 0.465129 -0.448437
v -0.053034 0.504746 -0.409072
v -0.053853 0.510325 -0.399542
v -0.056658 0.500530 -0.369026
v -0.051350 0.344876 -0.439603
v -0.060564 0.244322 -0.344396
v -0.071954 0.353150 -0.209525
v -0.076220 0.241100 -0.170265
v -0.108356 0.505535 -0.392133
v -0.103130 0.464236 -0.453373
v -0.119752 0.441554 -0.269920
v -0.065647 0.439600 -0.273396
v -0.119020 0.439952 -0.278189
v -0.111100 0.264277 -0.379330
v -0.057929 0.251442 -0.373218
v -0.111302 0.251795 -0.378011
v -0.104114 0.405886 -0.446713
v -0.050758 0.398597 -0.442246
v -0.104130 0.398950 -0.447038
v -0.068129 0.414756 -0.247583
v -0.053835 0.294171 -0.415664
v -0.106211 0.504867 -0.416070
v -0.103375 0.484993 -0.449120
v -0.103200 0.476076 -0.451722
v -0.104448 0.348010 -0.447248
v -0.051350 0.344876 -0.439603
v -0.104723 0.345229 -0.444394
v -0.121155 0.427786 -0.255305
v -0.067402 0.434272 -0.254252
v -0.120775 0.434625 -0.259044
v -0.115983 0.463022 -0.310316
v -0.061723 0.474429 -0.314536
v -0.115096 0.474782 -0.319327
v -0.052838 0.504514 -0.411278
v -0.116650 0.465709 -0.302690
v -0.062610 0.462670 -0.305524
v -0.115983 0.463022 -0.310316
v -0.125327 0.353503 -0.214317
v -0.071892 0.365278 -0.209325
v -0.104266 0.351074 -0.449052
v -0.051076 0.347657 -0.442455
v -0.118069 0.456973 -0.287525
v -0.063851 0.464171 -0.291589
v -0.117225 0.464524 -0.296381
v -0.126365 0.339905 -0.203754
v -0.115893 0.226088 -0.328768
v -0.109187 0.495000 -0.383653
v -0.054983 0.505183 -0.387340
v -0.112645 0.246657 -0.363432
v -0.060564 0.244322 -0.344396
v -0.113937 0.244675 -0.349188
v -0.105885 0.340559 -0.431796
v -0.054861 0.336545 -0.401112
v -0.108234 0.336898 -0.405903
v -0.103701 0.365965 -0.454246
v -0.050893 0.350721 -0.444261
v -0.103389 0.439607 -0.452301
v -0.050103 0.431777 -0.447090
v -0.103476 0.432130 -0.451883
v -0.111660 0.248167 -0.374284
v -0.059272 0.246304 -0.358640
v -0.125223 0.342872 -0.216250
v -0.113723 0.238543 -0.352013
v -0.060429 0.482285 -0.328370
v -0.113802 0.482638 -0.333161
v -0.117049 0.229868 -0.315619
v -0.064045 0.225781 -0.306992
v -0.117417 0.226134 -0.311784
v -0.071851 0.342519 -0.211458
v -0.103096 0.455289 -0.454403
v -0.050016 0.439254 -0.447509
v -0.118366 0.216192 -0.301959
v -0.065615 0.208211 -0.290795
v -0.118988 0.208564 -0.295587
v -0.127241 0.327252 -0.194932
v -0.073684 0.332405 -0.191780
v -0.119020 0.439952 -0.278189
v -0.064697 0.456620 -0.282733
v -0.107233 0.510546 -0.404258
v -0.053034 0.504746 -0.409072
v -0.106429 0.504720 -0.413651
v -0.119976 0.203845 -0.284935
v -0.067666 0.190436 -0.269267
v -0.121038 0.190789 -0.274059
v -0.126174 0.340539 -0.205838
v -0.072165 0.339946 -0.208148
v -0.125537 0.340299 -0.212940
v -0.055301 0.334922 -0.396335
v -0.108674 0.335276 -0.401128
v -0.106090 0.317007 -0.431254
v -0.052613 0.311600 -0.427992
v -0.105986 0.311953 -0.432785
v -0.115893 0.226088 -0.328768
v -0.063676 0.229516 -0.310827
v -0.117049 0.229868 -0.315619
v -0.110851 0.496613 -0.364997
v -0.103158 0.423003 -0.456093
v -0.106091 0.307947 -0.431904
v -0.053835 0.294171 -0.415664
v -0.107207 0.294524 -0.420456
v -0.052512 0.340207 -0.427004
v -0.049786 0.422650 -0.451301
v -0.103158 0.423003 -0.456093
v -0.106393 0.320536 -0.427610
v -0.052717 0.316654 -0.426461
v -0.113791 0.233745 -0.351606
v -0.061122 0.228621 -0.339331
v -0.114495 0.228974 -0.344123
v -0.063277 0.465355 -0.297899
v -0.113937 0.244675 -0.349188
v -0.060351 0.238190 -0.347221
v -0.113723 0.238543 -0.352013
v -0.057478 0.496260 -0.360205
v -0.066863 0.439573 -0.259855
v -0.120236 0.439925 -0.264648
v -0.066379 0.441201 -0.265128
v -0.052718 0.307594 -0.427112
v -0.124835 0.374023 -0.218277
v -0.112645 0.246657 -0.363432
v -0.109113 0.333653 -0.396351
v -0.055443 0.327668 -0.395288
v -0.108816 0.328021 -0.400079
v -0.122022 0.400427 -0.247672
v -0.068370 0.407348 -0.245445
v -0.121743 0.407700 -0.250238
v -0.103998 0.408842 -0.447787
v -0.112189 0.485367 -0.350919
v -0.121502 0.415109 -0.252375
v -0.108273 0.288718 -0.409012
v -0.103609 0.413597 -0.451773
v -0.050625 0.408490 -0.442995
v -0.103998 0.408842 -0.447787
v -0.108816 0.328021 -0.400079
v -0.053021 0.320183 -0.422818
v -0.127285 0.300104 -0.196443
v -0.074052 0.321391 -0.188503
v -0.127424 0.321744 -0.193294
v -0.054901 0.288365 -0.404220
v -0.108273 0.288718 -0.409012
v -0.103162 0.472918 -0.452374
v -0.049762 0.465129 -0.448437
v -0.103135 0.465482 -0.453230
v -0.119217 0.206916 -0.293159
v -0.066603 0.203491 -0.280142
v -0.050625 0.408490 -0.442995
v -0.058817 0.485015 -0.346126
v -0.103375 0.484993 -0.449120
v -0.049827 0.475723 -0.446930
v -0.103200 0.476076 -0.451722
v -0.057376 0.267091 -0.378217
v -0.069329 0.388649 -0.236148
v -0.070055 0.388236 -0.228092
v -0.103247 0.416773 -0.455572
v -0.050236 0.413244 -0.446981
v -0.129592 0.241453 -0.175058
v -0.075489 0.284034 -0.175242
v -0.118988 0.208564 -0.295587
v -0.128257 0.297113 -0.185837
v -0.108641 0.282534 -0.405381
v -0.055348 0.272978 -0.400374
v -0.108721 0.273331 -0.405166
v -0.109766 0.501128 -0.376752
v -0.109415 0.499028 -0.380810
v -0.110031 0.500883 -0.373818
v -0.065615 0.208211 -0.290795
v -0.074884 0.296760 -0.181045
v -0.059794 0.484819 -0.335256
v -0.050425 0.498542 -0.438588
v -0.050890 0.503902 -0.433020
v -0.110477 0.498730 -0.369012
v -0.056658 0.500530 -0.369026
v -0.110031 0.500883 -0.373818
v -0.122189 0.396143 -0.246128
v -0.109504 0.268218 -0.396826
v -0.122381 0.391274 -0.244336
v -0.103560 0.383539 -0.454526
v -0.050329 0.365612 -0.449454
v -0.104262 0.504255 -0.437812
v -0.103798 0.498896 -0.443380
v -0.104675 0.505950 -0.433095
v -0.056043 0.498676 -0.376017
v -0.056393 0.500775 -0.371960
v -0.064993 0.215839 -0.297167
v -0.108976 0.269908 -0.402584
v -0.056131 0.267865 -0.392033
v -0.109504 0.268218 -0.396826
v -0.103798 0.498896 -0.443380
v -0.050002 0.484640 -0.444328
v -0.055741 0.333300 -0.391559
v -0.109113 0.333653 -0.396351
v -0.073868 0.326900 -0.190140
v -0.050187 0.383186 -0.449733
v -0.103247 0.416773 -0.455572
v -0.111146 0.494776 -0.361853
v -0.103149 0.418358 -0.456538
v -0.103117 0.420638 -0.456729
v -0.110981 0.495831 -0.363607
v -0.049786 0.422650 -0.451301
v -0.057608 0.495479 -0.358815
v -0.049744 0.420285 -0.451937
v -0.057773 0.494423 -0.357061
v -0.049776 0.418005 -0.451746
v -0.049874 0.416420 -0.450779
v -0.111146 0.494776 -0.361853
v -0.057773 0.494423 -0.357061
v -0.110981 0.495831 -0.363607
v -0.057608 0.495479 -0.358815
v -0.110851 0.496613 -0.364997
v -0.103117 0.420638 -0.456729
v -0.049744 0.420285 -0.451937
v -0.103149 0.418358 -0.456538
v -0.049776 0.418005 -0.451746
v -0.057104 0.498377 -0.364219
v -0.104114 0.405886 -0.446713
v -0.050741 0.405533 -0.441921
v -0.112189 0.485367 -0.350919
v -0.058817 0.485015 -0.346126
v -0.058329 0.490571 -0.351149
v -0.121743 0.407700 -0.250238
v -0.108517 0.286165 -0.406488
v -0.108641 0.282534 -0.405381
v -0.121617 0.411321 -0.251375
v -0.054901 0.288365 -0.404220
v -0.068244 0.410968 -0.246583
v -0.055144 0.285813 -0.401695
v -0.055144 0.285813 -0.401695
v -0.055268 0.282181 -0.400589
v -0.108517 0.286165 -0.406488
v -0.121617 0.411321 -0.251375
v -0.068244 0.410968 -0.246583
v -0.121502 0.415109 -0.252375
v -0.067783 0.427434 -0.250513
v -0.108976 0.269908 -0.402584
v -0.122133 0.397571 -0.246642
v -0.108857 0.270637 -0.403852
v -0.108763 0.271890 -0.404797
v -0.122077 0.398999 -0.247157
v -0.108721 0.273331 -0.405166
v -0.055348 0.272978 -0.400374
v -0.068705 0.398647 -0.242365
v -0.055391 0.271537 -0.400004
v -0.068760 0.397218 -0.241850
v -0.055484 0.270284 -0.399060
v -0.055602 0.269554 -0.397792
v -0.068705 0.398647 -0.242365
v -0.068649 0.400075 -0.242880
v -0.122077 0.398999 -0.247157
v -0.068760 0.397218 -0.241850
v -0.122133 0.397571 -0.246642
v -0.068816 0.395790 -0.241336
v -0.055484 0.270284 -0.399060
v -0.055602 0.269554 -0.397792
v -0.108857 0.270637 -0.403852
v -0.055391 0.271537 -0.400004
v -0.108763 0.271890 -0.404797
v -0.122022 0.400427 -0.247672
v -0.123883 0.386388 -0.227982
v -0.111035 0.265856 -0.379945
v -0.123593 0.388234 -0.231069
v -0.110906 0.267015 -0.381292
v -0.123427 0.388589 -0.232884
v -0.110749 0.267444 -0.383009
v -0.111660 0.248167 -0.374284
v -0.124754 0.375452 -0.219083
v -0.111500 0.248826 -0.376025
v -0.124648 0.377045 -0.220138
v -0.111368 0.250154 -0.377389
v -0.057533 0.266663 -0.376499
v -0.070220 0.387881 -0.226276
v -0.057662 0.265503 -0.375153
v -0.057929 0.251442 -0.373218
v -0.071276 0.376692 -0.215346
v -0.057995 0.249801 -0.372597
v -0.058127 0.248473 -0.371233
v -0.071381 0.375099 -0.214291
v -0.058287 0.247814 -0.369492
v -0.124754 0.375452 -0.219083
v -0.071381 0.375099 -0.214291
v -0.124648 0.377045 -0.220138
v -0.071276 0.376692 -0.215346
v -0.124548 0.378373 -0.221159
v -0.070220 0.387881 -0.226276
v -0.070055 0.388236 -0.228092
v -0.123593 0.388234 -0.231069
v -0.070387 0.387076 -0.224482
v -0.123760 0.387429 -0.229274
v -0.111368 0.250154 -0.377389
v -0.057995 0.249801 -0.372597
v -0.111500 0.248826 -0.376025
v -0.058127 0.248473 -0.371233
v -0.057662 0.265503 -0.375153
v -0.057728 0.263924 -0.374538
v -0.111035 0.265856 -0.379945
v -0.057533 0.266663 -0.376499
v -0.110906 0.267015 -0.381292
v -0.122381 0.391274 -0.244336
v -0.122189 0.396143 -0.246128
v -0.113791 0.233745 -0.351606
v -0.125410 0.340456 -0.214357
v -0.113728 0.234506 -0.352257
v -0.125311 0.341035 -0.215414
v -0.113693 0.235684 -0.352563
v -0.113691 0.237103 -0.352478
v -0.125249 0.341897 -0.216039
v -0.060351 0.238190 -0.347221
v -0.071876 0.341544 -0.211247
v -0.060318 0.236749 -0.347685
v -0.071938 0.340682 -0.210621
v -0.060320 0.235332 -0.347771
v -0.060355 0.234153 -0.347465
v -0.072037 0.340102 -0.209565
v -0.060419 0.233392 -0.346813
v -0.060355 0.234153 -0.347465
v -0.060419 0.233392 -0.346813
v -0.113728 0.234506 -0.352257
v -0.060320 0.235332 -0.347771
v -0.113693 0.235684 -0.352563
v -0.060318 0.236749 -0.347685
v -0.113691 0.237103 -0.352478
v -0.125410 0.340456 -0.214357
v -0.072037 0.340102 -0.209565
v -0.125311 0.341035 -0.215414
v -0.071938 0.340682 -0.210621
v -0.125249 0.341897 -0.216039
v -0.071876 0.341544 -0.211247
v -0.125223 0.342872 -0.216250
v -0.071954 0.353150 -0.209525
v -0.050683 0.502331 -0.435441
v -0.104055 0.502684 -0.440234
v -0.104262 0.504255 -0.437812
v -0.105704 0.507135 -0.421554
v -0.103162 0.472918 -0.452374
v -0.049790 0.472566 -0.447581
v -0.049827 0.475723 -0.446930
v -0.049790 0.472566 -0.447581
v -0.053034 0.504746 -0.409072
v -0.106211 0.504867 -0.416070
v -0.106429 0.504720 -0.413651
v -0.052331 0.506782 -0.416761
v -0.107311 0.510629 -0.403391
v -0.103132 0.464859 -0.453302
v -0.049760 0.464506 -0.448509
v -0.103130 0.464236 -0.453373
v -0.049760 0.464506 -0.448509
v -0.049757 0.463884 -0.448581
v -0.103132 0.464859 -0.453302
v -0.053898 0.510368 -0.399046
v -0.053853 0.510325 -0.399542
v -0.107272 0.510683 -0.403816
v -0.049724 0.454936 -0.449611
v -0.109766 0.501128 -0.376752
v -0.056248 0.500347 -0.373606
v -0.056043 0.498676 -0.376017
v -0.109621 0.500700 -0.378397
v -0.109982 0.267472 -0.391560
v -0.122572 0.389355 -0.242350
v -0.109827 0.267575 -0.393274
v -0.122456 0.390187 -0.243593
v -0.109652 0.267849 -0.395202
v -0.056279 0.267495 -0.390409
v -0.069083 0.389834 -0.238801
v -0.056454 0.267222 -0.388481
v -0.069200 0.389003 -0.237557
v -0.056608 0.267119 -0.386767
v -0.109652 0.267849 -0.395202
v -0.056279 0.267495 -0.390409
v -0.109827 0.267575 -0.393274
v -0.056454 0.267222 -0.388481
v -0.122572 0.389355 -0.242350
v -0.069200 0.389003 -0.237557
v -0.122456 0.390187 -0.243593
v -0.069083 0.389834 -0.238801
v -0.122702 0.389002 -0.240940
v -0.114681 0.228281 -0.342101
v -0.061308 0.227928 -0.337309
v -0.114681 0.228281 -0.342101
v -0.061308 0.227928 -0.337309
v -0.072801 0.340186 -0.201046
v -0.062520 0.225736 -0.323975
v -0.119217 0.206916 -0.293159
v -0.065844 0.206564 -0.288366
v -0.128257 0.297113 -0.185837
v -0.074884 0.296760 -0.181045
v -0.065844 0.206564 -0.288366
v -0.073912 0.299752 -0.191651
v -0.127285 0.300104 -0.196443
v -0.056608 0.267119 -0.386767
v -0.106090 0.317007 -0.431254
v -0.050016 0.439254 -0.447509
v -0.050893 0.350721 -0.444261
v -0.064993 0.215839 -0.297167
v -0.052717 0.316654 -0.426461
v -0.067666 0.190436 -0.269267
v -0.050741 0.405533 -0.441921
v -0.062610 0.462670 -0.305524
v -0.055814 0.494647 -0.378860
v -0.058287 0.247814 -0.369492
v -0.063676 0.229516 -0.310827
v -0.065647 0.439600 -0.273396
v -0.060564 0.244322 -0.344396
v -0.055741 0.333300 -0.391559
v -0.055443 0.327668 -0.395288
v -0.073912 0.299752 -0.191651
v -0.049874 0.416420 -0.450779
v -0.076220 0.241100 -0.170265
v -0.109621 0.500700 -0.378397
v -0.050683 0.502331 -0.435441
v -0.104055 0.502684 -0.440234
v -0.056248 0.500347 -0.373606
v -0.050425 0.498542 -0.438588
v -0.057478 0.496260 -0.360205
v -0.068129 0.414756 -0.247583
v -0.123760 0.387429 -0.229274
v -0.070387 0.387076 -0.224482
v -0.069009 0.390921 -0.239544
v -0.071851 0.342519 -0.211458
v -0.050890 0.503902 -0.433020
v -0.052838 0.504514 -0.411278
v -0.107272 0.510683 -0.403816
v -0.053898 0.510368 -0.399046
v -0.056393 0.500775 -0.371960
v -0.124234 0.763524 -0.162306
v -0.072136 0.777323 -0.181638
v -0.125505 0.777495 -0.176789
v -0.123006 0.734114 -0.147752
v -0.128511 0.735512 -0.208403
v -0.128877 0.722397 -0.211970
v -0.121837 0.714824 -0.134198
v -0.069282 0.721487 -0.148240
v -0.122650 0.721658 -0.143391
v -0.122650 0.721658 -0.143391
v -0.128649 0.701230 -0.208701
v -0.121837 0.714824 -0.134198
v -0.124234 0.763524 -0.162306
v -0.123134 0.746244 -0.149585
v -0.120231 0.695794 -0.115849
v -0.128715 0.693149 -0.209149
v -0.129693 0.676761 -0.219330
v -0.121030 0.708228 -0.125081
v -0.119733 0.682755 -0.109906
v -0.130488 0.640139 -0.226794
v -0.118710 0.663644 -0.097965
v -0.118438 0.638996 -0.094104
v -0.131191 0.613545 -0.233590
v -0.117099 0.625061 -0.078870
v -0.064471 0.627825 -0.091973
v -0.117840 0.627996 -0.087125
v -0.117840 0.627996 -0.087125
v -0.131182 0.596956 -0.232902
v -0.117099 0.625061 -0.078870
v -0.131107 0.588999 -0.231794
v -0.116287 0.618576 -0.069692
v -0.115213 0.603782 -0.057357
v -0.130744 0.562134 -0.226843
v -0.114718 0.594116 -0.051563
v -0.114718 0.594116 -0.051563
v -0.061845 0.603610 -0.062205
v -0.115213 0.603782 -0.057357
v -0.113222 0.547344 -0.033432
v -0.131266 0.517818 -0.231028
v -0.131528 0.511367 -0.233677
v -0.114248 0.580036 -0.045887
v -0.127463 0.543368 -0.190066
v -0.113721 0.570793 -0.039759
v -0.128830 0.550934 -0.205388
v -0.113222 0.547344 -0.033432
v -0.059920 0.553514 -0.039246
v -0.113289 0.553685 -0.034398
v -0.113197 0.528543 -0.032493
v -0.131590 0.501806 -0.234026
v -0.132097 0.491799 -0.239262
v -0.114503 0.496718 -0.045745
v -0.132117 0.480732 -0.239090
v -0.131315 0.463165 -0.229635
v -0.115593 0.471308 -0.056849
v -0.130244 0.442068 -0.217102
v -0.113151 0.459139 -0.029542
v -0.128853 0.404285 -0.200447
v -0.112870 0.436182 -0.025630
v -0.112870 0.436182 -0.025630
v -0.059783 0.458968 -0.034390
v -0.113151 0.459139 -0.029542
v -0.128400 0.396701 -0.195195
v -0.112833 0.427768 -0.024929
v -0.113285 0.401434 -0.028970
v -0.126153 0.362695 -0.169250
v -0.113065 0.388814 -0.026097
v -0.126690 0.374682 -0.175587
v -0.125252 0.343180 -0.158647
v -0.113349 0.366934 -0.028461
v -0.113355 0.346557 -0.027796
v -0.123621 0.313089 -0.139622
v -0.113562 0.333317 -0.029606
v -0.124346 0.324621 -0.148016
v -0.113804 0.320102 -0.031802
v -0.122077 0.262240 -0.120833
v -0.113681 0.278996 -0.029000
v -0.130353 0.661562 -0.226060
v -0.113097 0.538714 -0.031757
v -0.113480 0.517982 -0.035239
v -0.123531 0.300689 -0.138202
v -0.069638 0.733942 -0.152601
v -0.075143 0.735340 -0.213251
v -0.069765 0.746072 -0.154433
v -0.075280 0.701059 -0.213549
v -0.069282 0.721487 -0.148240
v -0.068468 0.714653 -0.139046
v -0.070865 0.763353 -0.167154
v -0.066863 0.695623 -0.120696
v -0.075347 0.692977 -0.213998
v -0.067661 0.708057 -0.129928
v -0.077120 0.639967 -0.231641
v -0.066365 0.682584 -0.114755
v -0.065341 0.663473 -0.102814
v -0.065070 0.638825 -0.098951
v -0.077813 0.596785 -0.237750
v -0.064471 0.627825 -0.091973
v -0.063731 0.624889 -0.083718
v -0.077738 0.588828 -0.236642
v -0.062918 0.618405 -0.074540
v -0.077375 0.561963 -0.231692
v -0.061845 0.603610 -0.062205
v -0.061350 0.593944 -0.056411
v -0.059853 0.547173 -0.038280
v -0.077897 0.517647 -0.235875
v -0.059920 0.553514 -0.039246
v -0.074094 0.543196 -0.194914
v -0.060879 0.579864 -0.050735
v -0.060352 0.570621 -0.044607
v -0.075462 0.550762 -0.210235
v -0.059828 0.528371 -0.037341
v -0.078221 0.501635 -0.238874
v -0.059729 0.538542 -0.036605
v -0.061134 0.496547 -0.050593
v -0.078749 0.480561 -0.243938
v -0.060111 0.517811 -0.040087
v -0.062224 0.471136 -0.061697
v -0.077947 0.462994 -0.234483
v -0.075484 0.404114 -0.205295
v -0.059783 0.458968 -0.034390
v -0.059501 0.436011 -0.030478
v -0.075032 0.396529 -0.200042
v -0.059465 0.427597 -0.029777
v -0.072784 0.362523 -0.174097
v -0.059917 0.401262 -0.033818
v -0.059696 0.388642 -0.030945
v -0.073321 0.374510 -0.180434
v -0.071884 0.343008 -0.163495
v -0.059981 0.366762 -0.033309
v -0.070252 0.312917 -0.144469
v -0.059986 0.346385 -0.032644
v -0.060193 0.333145 -0.034454
v -0.070977 0.324450 -0.152864
v -0.068709 0.262068 -0.125681
v -0.060435 0.319931 -0.036650
v -0.060313 0.278824 -0.033848
v -0.076324 0.676590 -0.224179
v -0.078159 0.511195 -0.238525
v -0.078729 0.491628 -0.244111
v -0.113349 0.557313 -0.035189
v -0.130864 0.522263 -0.226757
v -0.130488 0.640139 -0.226794
v -0.077823 0.613374 -0.238438
v -0.131191 0.613545 -0.233590
v -0.113681 0.278996 -0.029000
v -0.060435 0.319931 -0.036650
v -0.113804 0.320102 -0.031802
v -0.113065 0.388814 -0.026097
v -0.059917 0.401262 -0.033818
v -0.113285 0.401434 -0.028970
v -0.059981 0.557141 -0.040037
v -0.126153 0.362695 -0.169250
v -0.071884 0.343008 -0.163495
v -0.125252 0.343180 -0.158647
v -0.118298 0.632675 -0.092342
v -0.131228 0.606870 -0.233763
v -0.072136 0.777323 -0.181638
v -0.073242 0.777668 -0.193823
v -0.072612 0.778925 -0.186929
v -0.113097 0.538714 -0.031757
v -0.059853 0.547173 -0.038280
v -0.077860 0.606698 -0.238610
v -0.131228 0.606870 -0.233763
v -0.125505 0.777495 -0.176789
v -0.126611 0.777839 -0.188975
v -0.127040 0.774593 -0.193597
v -0.113355 0.346557 -0.027796
v -0.059981 0.366762 -0.033309
v -0.113349 0.366934 -0.028461
v -0.131590 0.501806 -0.234026
v -0.078729 0.491628 -0.244111
v -0.132097 0.491799 -0.239262
v -0.123134 0.746244 -0.149585
v -0.070865 0.763353 -0.167154
v -0.124346 0.324621 -0.148016
v -0.070252 0.312917 -0.144469
v -0.123621 0.313089 -0.139622
v -0.064930 0.632503 -0.097189
v -0.077823 0.613374 -0.238438
v -0.128511 0.735512 -0.208403
v -0.075509 0.722226 -0.216817
v -0.128877 0.722397 -0.211970
v -0.113480 0.517982 -0.035239
v -0.059828 0.528371 -0.037341
v -0.113197 0.528543 -0.032493
v -0.118438 0.638996 -0.094104
v -0.065341 0.663473 -0.102814
v -0.118710 0.663644 -0.097965
v -0.070977 0.324450 -0.152864
v -0.132117 0.480732 -0.239090
v -0.077947 0.462994 -0.234483
v -0.131315 0.463165 -0.229635
v -0.122869 0.725316 -0.145926
v -0.128805 0.713468 -0.210857
v -0.059696 0.388642 -0.030945
v -0.131224 0.601214 -0.233512
v -0.077813 0.596785 -0.237750
v -0.131182 0.596956 -0.232902
v -0.075437 0.713297 -0.215705
v -0.128805 0.713468 -0.210857
v -0.061134 0.496547 -0.050593
v -0.060111 0.517811 -0.040087
v -0.077738 0.588828 -0.236642
v -0.131107 0.588999 -0.231794
v -0.113562 0.333317 -0.029606
v -0.060193 0.333145 -0.034454
v -0.076876 0.441896 -0.221949
v -0.130244 0.442068 -0.217102
v -0.069500 0.725145 -0.150774
v -0.075509 0.722226 -0.216817
v -0.123531 0.300689 -0.138202
v -0.068709 0.262068 -0.125681
v -0.122077 0.262240 -0.120833
v -0.116287 0.618576 -0.069692
v -0.063731 0.624889 -0.083718
v -0.123006 0.734114 -0.147752
v -0.069765 0.746072 -0.154433
v -0.115593 0.471308 -0.056849
v -0.114503 0.496718 -0.045745
v -0.131308 0.571664 -0.233395
v -0.077375 0.561963 -0.231692
v -0.130744 0.562134 -0.226843
v -0.129693 0.676761 -0.219330
v -0.076984 0.661390 -0.230908
v -0.130353 0.661562 -0.226060
v -0.129632 0.425644 -0.209772
v -0.075484 0.404114 -0.205295
v -0.128853 0.404285 -0.200447
v -0.128096 0.755817 -0.204546
v -0.075143 0.735340 -0.213251
v -0.120231 0.695794 -0.115849
v -0.067661 0.708057 -0.129928
v -0.121030 0.708228 -0.125081
v -0.131395 0.580050 -0.234647
v -0.115706 0.611354 -0.063053
v -0.127040 0.774593 -0.193597
v -0.074727 0.755646 -0.209395
v -0.129896 0.432818 -0.212943
v -0.113763 0.465517 -0.036501
v -0.078026 0.579879 -0.239496
v -0.062338 0.611183 -0.067901
v -0.131528 0.511367 -0.233677
v -0.078221 0.501635 -0.238874
v -0.076528 0.432646 -0.217791
v -0.060395 0.465345 -0.041349
v -0.068468 0.714653 -0.139046
v -0.127463 0.543368 -0.190066
v -0.077495 0.522093 -0.231605
v -0.130864 0.522263 -0.226757
v -0.113721 0.570793 -0.039759
v -0.060879 0.579864 -0.050735
v -0.114248 0.580036 -0.045887
v -0.128715 0.693149 -0.209149
v -0.076324 0.676590 -0.224179
v -0.076528 0.432646 -0.217791
v -0.129896 0.432818 -0.212943
v -0.131266 0.517818 -0.231028
v -0.078159 0.511195 -0.238525
v -0.078749 0.480561 -0.243938
v -0.075032 0.396529 -0.200042
v -0.128400 0.396701 -0.195195
v -0.128649 0.701230 -0.208701
v -0.075347 0.692977 -0.213998
v -0.059729 0.538542 -0.036605
v -0.128830 0.550934 -0.205388
v -0.074094 0.543196 -0.194914
v -0.127463 0.543368 -0.190066
v -0.128762 0.709445 -0.210238
v -0.075280 0.701059 -0.213549
v -0.059465 0.427597 -0.029777
v -0.112833 0.427768 -0.024929
v -0.061350 0.593944 -0.056411
v -0.070163 0.300518 -0.143050
v -0.126690 0.374682 -0.175587
v -0.072784 0.362523 -0.174097
v -0.119733 0.682755 -0.109906
v -0.066863 0.695623 -0.120696
v -0.059986 0.346385 -0.032644
v -0.075462 0.550762 -0.210235
v -0.077120 0.639967 -0.231641
v -0.073321 0.374510 -0.180434
v -0.078026 0.579879 -0.239496
v -0.131395 0.580050 -0.234647
v -0.059501 0.436011 -0.030478
v -0.066365 0.682584 -0.114755
v -0.073242 0.777668 -0.193823
v -0.126611 0.777839 -0.188975
v -0.072612 0.778925 -0.186929
v -0.125980 0.779097 -0.182080
v -0.073672 0.774422 -0.198444
v -0.128096 0.755817 -0.204546
v -0.128762 0.709445 -0.210238
v -0.075393 0.709273 -0.215085
v -0.075437 0.713297 -0.215705
v -0.122869 0.725316 -0.145926
v -0.069638 0.733942 -0.152601
v -0.131224 0.601214 -0.233512
v -0.118135 0.630006 -0.090452
v -0.131234 0.603843 -0.233725
v -0.077866 0.603672 -0.238573
v -0.077860 0.606698 -0.238610
v -0.064767 0.629834 -0.095300
v -0.077855 0.601042 -0.238360
v -0.118135 0.630006 -0.090452
v -0.064767 0.629834 -0.095300
v -0.118298 0.632675 -0.092342
v -0.131234 0.603843 -0.233725
v -0.077866 0.603672 -0.238573
v -0.065070 0.638825 -0.098951
v -0.129632 0.425644 -0.209772
v -0.113357 0.462826 -0.031934
v -0.129764 0.429231 -0.211358
v -0.076395 0.429060 -0.216206
v -0.059989 0.462655 -0.036782
v -0.076263 0.425473 -0.214621
v -0.076395 0.429060 -0.216206
v -0.076263 0.425473 -0.214621
v -0.129764 0.429231 -0.211358
v -0.113357 0.462826 -0.031934
v -0.060395 0.465345 -0.041349
v -0.113763 0.465517 -0.036501
v -0.115593 0.471308 -0.056849
v -0.062224 0.471136 -0.061697
v -0.131308 0.571664 -0.233395
v -0.115442 0.607640 -0.060009
v -0.131429 0.575737 -0.234873
v -0.078061 0.575565 -0.239721
v -0.062073 0.607468 -0.064857
v -0.077940 0.571493 -0.238244
v -0.078061 0.575565 -0.239721
v -0.077940 0.571493 -0.238244
v -0.131429 0.575737 -0.234873
v -0.115442 0.607640 -0.060009
v -0.062073 0.607468 -0.064857
v -0.115706 0.611354 -0.063053
v -0.062918 0.618405 -0.074540
v -0.113289 0.553685 -0.034398
v -0.077495 0.522093 -0.231605
v -0.113349 0.557313 -0.035189
v -0.060352 0.570621 -0.044607
v -0.074727 0.755646 -0.209395
v -0.076984 0.661390 -0.230908
v -0.076876 0.441896 -0.221949
v -0.070163 0.300518 -0.143050
v -0.060313 0.278824 -0.033848
v -0.125980 0.779097 -0.182080
v -0.077855 0.601042 -0.238360
v -0.062224 0.471136 -0.061697
v -0.073672 0.774422 -0.198444
v -0.074094 0.543196 -0.194914
v -0.077897 0.517647 -0.235875
v -0.075393 0.709273 -0.215085
v -0.069500 0.725145 -0.150774
v -0.064930 0.632503 -0.097189
v -0.059989 0.462655 -0.036782
v -0.062338 0.611183 -0.067901
v -0.059981 0.557141 -0.040037
v 0.053410 -0.371270 0.139360
v 0.053410 -0.381939 0.203569
v 0.053410 -0.444969 0.205384
v 0.053410 -0.518230 0.207618
v 0.053410 -0.451032 0.136156
v 0.053410 -0.448054 0.205564
v 0.053410 -0.371426 0.135397
v 0.049966 -0.442009 0.131852
v 0.053410 -0.442009 0.131852
v 0.053410 -0.439141 0.045848
v 0.053410 -0.442009 0.131852
v 0.053410 -0.446129 0.128857
v 0.053410 -0.508315 0.050591
v 0.049966 -0.509136 0.055077
v 0.053410 -0.509136 0.055077
v 0.053410 -0.435074 0.041791
v 0.053410 -0.441017 0.036031
v 0.053410 -0.427106 -0.052838
v 0.053410 -0.435596 -0.031353
v 0.053410 -0.444111 0.049910
v 0.053410 -0.449195 0.053567
v 0.053410 -0.448404 0.133039
v 0.053410 -0.449307 0.056236
v 0.053410 -0.446187 0.059803
v 0.053410 -0.383192 -0.222700
v 0.049966 -0.386373 -0.223615
v 0.053410 -0.386373 -0.223615
v 0.053410 -0.486485 -0.143981
v 0.049966 -0.488930 -0.139626
v 0.053410 -0.488930 -0.139626
v 0.053410 -0.427106 -0.052838
v 0.049966 -0.353845 -0.052791
v 0.053410 -0.353845 -0.052791
v 0.053410 -0.444969 0.205384
v 0.049966 -0.446662 0.140864
v 0.053410 -0.446662 0.140864
v 0.053410 -0.497766 -0.047992
v 0.049966 -0.498868 -0.042000
v 0.053410 -0.498868 -0.042000
v 0.053410 -0.441017 0.036031
v 0.049966 -0.427106 -0.052838
v 0.053410 -0.427106 -0.052838
v 0.053410 -0.448182 0.144242
v 0.049966 -0.448054 0.205564
v 0.053410 -0.448054 0.205564
v 0.053410 -0.405386 -0.154339
v 0.049966 -0.383192 -0.222700
v 0.053410 -0.383192 -0.222700
v 0.053410 -0.421952 -0.058708
v 0.053410 -0.424180 -0.072480
v 0.053410 -0.408404 -0.135985
v 0.053410 -0.402536 -0.139551
v 0.053410 -0.405386 -0.154339
v 0.053410 -0.383192 -0.222700
v 0.053410 -0.433106 -0.046574
v 0.053410 -0.437348 -0.041893
v 0.053410 -0.420834 -0.127749
v 0.053410 -0.435074 0.041791
v 0.049966 -0.441017 0.036031
v 0.053410 -0.441017 0.036031
v 0.053410 -0.420683 -0.132852
v 0.053410 -0.486485 -0.143981
v 0.053410 -0.445014 -0.237763
v 0.053410 -0.374155 0.045984
v 0.049966 -0.372738 0.041954
v 0.053410 -0.372738 0.041954
v 0.053410 -0.517853 0.135849
v 0.049966 -0.451032 0.136156
v 0.053410 -0.451032 0.136156
v 0.053410 -0.402536 -0.139551
v 0.049966 -0.405386 -0.154339
v 0.053410 -0.405386 -0.154339
v 0.053410 -0.372738 0.041954
v 0.049966 -0.435074 0.041791
v 0.053410 -0.435074 0.041791
v 0.053410 -0.371270 0.139360
v 0.049966 -0.371426 0.135397
v 0.053410 -0.371426 0.135397
v 0.053410 -0.336720 -0.134670
v 0.049966 -0.402536 -0.139551
v 0.053410 -0.402536 -0.139551
v 0.053410 -0.451032 0.136156
v 0.049966 -0.448182 0.144242
v 0.053410 -0.448182 0.144242
v 0.053410 -0.414794 -0.133803
v 0.049966 -0.386373 -0.223615
v 0.049966 -0.414794 -0.133803
v 0.053410 -0.509136 0.055077
v 0.049966 -0.449307 0.056236
v 0.053410 -0.449307 0.056236
v 0.053410 -0.420683 -0.132852
v 0.049966 -0.414794 -0.133803
v 0.049966 -0.420683 -0.132852
v 0.049966 -0.448182 0.144242
v 0.049966 -0.444969 0.205384
v 0.049966 -0.448054 0.205564
v 0.049966 -0.517279 0.133248
v 0.049966 -0.451032 0.136156
v 0.049966 -0.517853 0.135849
v 0.049966 -0.446129 0.128857
v 0.049966 -0.446187 0.059803
v 0.049966 -0.439141 0.045848
v 0.049966 -0.442009 0.131852
v 0.049966 -0.371270 0.139360
v 0.049966 -0.443194 0.135444
v 0.049966 -0.448404 0.133039
v 0.049966 -0.446662 0.140864
v 0.049966 -0.374155 0.045984
v 0.049966 -0.435074 0.041791
v 0.049966 -0.372738 0.041954
v 0.049966 -0.509136 0.055077
v 0.049966 -0.449195 0.053567
v 0.049966 -0.449307 0.056236
v 0.049966 -0.441017 0.036031
v 0.049966 -0.435596 -0.031353
v 0.049966 -0.427106 -0.052838
v 0.049966 -0.420834 -0.127749
v 0.049966 -0.486485 -0.143981
v 0.049966 -0.420683 -0.132852
v 0.049966 -0.421952 -0.058708
v 0.049966 -0.353845 -0.052791
v 0.049966 -0.444111 0.049910
v 0.049966 -0.437348 -0.041893
v 0.049966 -0.440492 -0.037859
v 0.049966 -0.424180 -0.072480
v 0.049966 -0.386373 -0.223615
v 0.049966 -0.405386 -0.154339
v 0.049966 -0.414794 -0.133803
v 0.049966 -0.337956 -0.130703
v 0.049966 -0.402536 -0.139551
v 0.049966 -0.336720 -0.134670
v 0.049966 -0.408404 -0.135985
v 0.049966 -0.418368 -0.123008
v 0.049966 -0.497766 -0.047992
v 0.049966 -0.498868 -0.042000
v 0.053410 -0.353845 -0.052791
v 0.049966 -0.351642 -0.057498
v 0.053410 -0.351642 -0.057498
v 0.053410 -0.449195 0.053567
v 0.049966 -0.508315 0.050591
v 0.053410 -0.508315 0.050591
v 0.053410 -0.420834 -0.127749
v 0.049966 -0.418368 -0.123008
v 0.053410 -0.418368 -0.123008
v 0.053410 -0.442009 0.131852
v 0.049966 -0.446129 0.128857
v 0.053410 -0.446129 0.128857
v 0.053410 -0.449195 0.053567
v 0.049966 -0.444111 0.049910
v 0.049966 -0.449195 0.053567
v 0.053410 -0.488930 -0.139626
v 0.049966 -0.420834 -0.127749
v 0.053410 -0.420834 -0.127749
v 0.053410 -0.446129 0.128857
v 0.049966 -0.439141 0.045848
v 0.053410 -0.439141 0.045848
v 0.053410 -0.337956 -0.130703
v 0.049966 -0.336720 -0.134670
v 0.053410 -0.336720 -0.134670
v 0.053410 -0.435596 -0.031353
v 0.049966 -0.444111 0.049910
v 0.053410 -0.444111 0.049910
v 0.053410 -0.437348 -0.041893
v 0.049966 -0.497766 -0.047992
v 0.053410 -0.497766 -0.047992
v 0.053410 -0.439141 0.045848
v 0.049966 -0.374155 0.045984
v 0.053410 -0.374155 0.045984
v 0.053410 -0.351642 -0.057498
v 0.049966 -0.421952 -0.058708
v 0.053410 -0.421952 -0.058708
v 0.053410 -0.448054 0.205564
v 0.049966 -0.444969 0.205384
v 0.053410 -0.444969 0.205384
v 0.053410 -0.440492 -0.037859
v 0.049966 -0.435596 -0.031353
v 0.053410 -0.435596 -0.031353
v 0.053410 -0.433106 -0.046574
v 0.049966 -0.437348 -0.041893
v 0.053410 -0.437348 -0.041893
v 0.053410 -0.424180 -0.072480
v 0.049966 -0.421952 -0.058708
v 0.049966 -0.424180 -0.072480
v 0.053410 -0.498868 -0.042000
v 0.049966 -0.440492 -0.037859
v 0.053410 -0.440492 -0.037859
v 0.053410 -0.418368 -0.123008
v 0.049966 -0.433106 -0.046574
v 0.053410 -0.433106 -0.046574
v 0.053410 -0.446662 0.140864
v 0.049966 -0.443194 0.135444
v 0.053410 -0.443194 0.135444
v 0.053410 -0.448404 0.133039
v 0.049966 -0.446187 0.059803
v 0.049966 -0.448404 0.133039
v 0.053410 -0.424180 -0.072480
v 0.049966 -0.408404 -0.135985
v 0.053410 -0.408404 -0.135985
v 0.053410 -0.517279 0.133248
v 0.049966 -0.517853 0.135849
v 0.053410 -0.517853 0.135849
v 0.053410 -0.486485 -0.143981
v 0.049966 -0.486485 -0.143981
v 0.053410 -0.449307 0.056236
v 0.049966 -0.446187 0.059803
v 0.053410 -0.446187 0.059803
v 0.053410 -0.408404 -0.135985
v 0.049966 -0.337956 -0.130703
v 0.053410 -0.337956 -0.130703
v 0.053410 -0.443194 0.135444
v 0.049966 -0.371270 0.139360
v 0.053410 -0.371270 0.139360
v 0.053410 -0.448404 0.133039
v 0.049966 -0.517279 0.133248
v 0.053410 -0.517279 0.133248
v 0.053410 -0.446662 0.140864
v 0.053410 -0.443194 0.135444
v 0.053410 -0.517853 0.135849
v 0.053410 -0.448182 0.144242
v 0.049966 -0.371426 0.135397
v 0.053410 -0.374155 0.045984
v 0.053410 -0.371426 0.135397
v 0.049966 -0.508315 0.050591
v 0.053410 -0.353845 -0.052791
v 0.053410 -0.372738 0.041954
v 0.053410 -0.508315 0.050591
v 0.053410 -0.440492 -0.037859
v 0.053410 -0.498868 -0.042000
v 0.053410 -0.517279 0.133248
v 0.053410 -0.509136 0.055077
v 0.049966 -0.383192 -0.222700
v 0.049966 -0.486485 -0.143981
v 0.049966 -0.427106 -0.052838
v 0.049966 -0.444969 0.205384
v 0.049966 -0.497766 -0.047992
v 0.049966 -0.441017 0.036031
v 0.049966 -0.448182 0.144242
v 0.049966 -0.405386 -0.154339
v 0.053410 -0.337956 -0.130703
v 0.053410 -0.351642 -0.057498
v 0.053410 -0.323167 -0.208977
v 0.053410 -0.336720 -0.134670
v 0.053410 -0.497766 -0.047992
v 0.053410 -0.488930 -0.139626
v 0.053410 -0.418368 -0.123008
v 0.049966 -0.435074 0.041791
v 0.053410 -0.386373 -0.223615
v 0.053410 -0.414794 -0.133803
v 0.049966 -0.374155 0.045984
v 0.049966 -0.517853 0.135849
v 0.049966 -0.402536 -0.139551
v 0.049966 -0.372738 0.041954
v 0.049966 -0.371270 0.139360
v 0.049966 -0.336720 -0.134670
v 0.049966 -0.451032 0.136156
v 0.053410 -0.386373 -0.223615
v 0.049966 -0.509136 0.055077
v 0.053410 -0.414794 -0.133803
v 0.049966 -0.371426 0.135397
v 0.049966 -0.508315 0.050591
v 0.049966 -0.488930 -0.139626
v 0.049966 -0.351642 -0.057498
v 0.049966 -0.433106 -0.046574
v 0.049966 -0.383192 -0.222700
v 0.049966 -0.353845 -0.052791
v 0.049966 -0.449195 0.053567
v 0.049966 -0.420834 -0.127749
v 0.049966 -0.442009 0.131852
v 0.053410 -0.444111 0.049910
v 0.049966 -0.488930 -0.139626
v 0.049966 -0.446129 0.128857
v 0.049966 -0.337956 -0.130703
v 0.049966 -0.435596 -0.031353
v 0.049966 -0.437348 -0.041893
v 0.049966 -0.439141 0.045848
v 0.049966 -0.351642 -0.057498
v 0.049966 -0.448054 0.205564
v 0.049966 -0.440492 -0.037859
v 0.049966 -0.433106 -0.046574
v 0.053410 -0.421952 -0.058708
v 0.049966 -0.498868 -0.042000
v 0.049966 -0.418368 -0.123008
v 0.049966 -0.446662 0.140864
v 0.053410 -0.446187 0.059803
v 0.049966 -0.424180 -0.072480
v 0.049966 -0.517279 0.133248
v 0.049966 -0.449307 0.056236
v 0.049966 -0.408404 -0.135985
v 0.049966 -0.443194 0.135444
v 0.049966 -0.448404 0.133039
v -0.110236 0.782865 0.116897
v -0.058457 0.795859 0.098819
v -0.111594 0.796241 0.105752
v -0.108255 0.746760 0.134072
v -0.116835 0.766251 0.067238
v -0.118855 0.745949 0.052874
v -0.119369 0.730486 0.049786
v -0.106510 0.731064 0.148315
v -0.119505 0.723078 0.049149
v -0.106041 0.723368 0.152330
v -0.105466 0.710757 0.157436
v -0.120708 0.710072 0.040648
v -0.121665 0.693178 0.034246
v -0.104357 0.694479 0.166825
v -0.104035 0.671794 0.170552
v -0.120412 0.659937 0.045681
v -0.103062 0.661010 0.178598
v -0.103062 0.661010 0.178598
v -0.050898 0.671413 0.163620
v -0.104035 0.671794 0.170552
v -0.119147 0.648931 0.055981
v -0.102696 0.649670 0.182030
v -0.102381 0.644523 0.184735
v -0.122839 0.642497 0.028038
v -0.101407 0.629018 0.193048
v -0.125239 0.627946 0.010445
v -0.101109 0.615204 0.196097
v -0.126053 0.616959 0.004815
v -0.100880 0.576645 0.199973
v -0.126200 0.600249 0.004610
v -0.127324 0.576230 -0.002681
v -0.129292 0.525248 -0.014956
v -0.076363 0.501358 -0.022180
v -0.129500 0.501740 -0.015247
v -0.102671 0.474946 0.191851
v -0.129500 0.501740 -0.015247
v -0.130101 0.473823 -0.018319
v -0.102177 0.445575 0.197263
v -0.124236 0.421279 0.029531
v -0.103745 0.422199 0.186532
v -0.102177 0.445575 0.197263
v -0.050608 0.421817 0.179599
v -0.049040 0.445192 0.190330
v -0.105043 0.402655 0.177663
v -0.127255 0.371055 0.009165
v -0.106632 0.371981 0.167172
v -0.106632 0.371981 0.167172
v -0.051906 0.402273 0.170730
v -0.105043 0.402655 0.177663
v -0.107848 0.352675 0.158914
v -0.127132 0.351808 0.011160
v -0.109465 0.331761 0.147676
v -0.126863 0.330979 0.014373
v -0.109774 0.324361 0.145718
v -0.126822 0.323595 0.015092
v -0.110224 0.307750 0.143180
v -0.126627 0.307012 0.017511
v -0.111332 0.290006 0.135671
v -0.123858 0.256639 0.041502
v -0.111668 0.263921 0.134530
v -0.126205 0.289338 0.021717
v -0.109330 0.766588 0.124744
v -0.115191 0.782867 0.078921
v -0.100810 0.601390 0.199147
v -0.103247 0.535082 0.184124
v -0.129215 0.529495 -0.014597
v -0.102512 0.532063 0.189931
v -0.127324 0.576230 -0.002681
v -0.075737 0.538877 -0.019451
v -0.128873 0.539259 -0.012519
v -0.055118 0.746378 0.127139
v -0.063698 0.765869 0.060305
v -0.056192 0.766207 0.117811
v -0.066232 0.730104 0.042853
v -0.053373 0.730682 0.141382
v -0.066368 0.722696 0.042216
v -0.052904 0.722986 0.145397
v -0.052329 0.710374 0.150503
v -0.068528 0.692797 0.027313
v -0.051221 0.694097 0.159892
v -0.067275 0.659555 0.038748
v -0.050898 0.671413 0.163620
v -0.049925 0.660628 0.171666
v -0.066010 0.648548 0.049048
v -0.049559 0.649288 0.175098
v -0.049243 0.644142 0.177802
v -0.048270 0.628635 0.186115
v -0.069703 0.642115 0.021105
v -0.047972 0.614822 0.189165
v -0.072103 0.627564 0.003512
v -0.047743 0.576262 0.193040
v -0.073063 0.599867 -0.002323
v -0.047673 0.601008 0.192214
v -0.076363 0.501358 -0.022180
v -0.049007 0.527491 0.186046
v -0.048673 0.502689 0.189971
v -0.049535 0.474563 0.184918
v -0.071099 0.420897 0.022598
v -0.049040 0.445192 0.190330
v -0.050608 0.421817 0.179599
v -0.074118 0.370673 0.002232
v -0.051906 0.402273 0.170730
v -0.053495 0.371599 0.160239
v -0.054712 0.352292 0.151981
v -0.056328 0.331378 0.140743
v -0.073996 0.351426 0.004227
v -0.056637 0.323978 0.138785
v -0.073726 0.330597 0.007440
v -0.057088 0.307367 0.136247
v -0.073686 0.323213 0.008159
v -0.070721 0.256257 0.034569
v -0.058195 0.289624 0.128738
v -0.058532 0.263538 0.127597
v -0.073489 0.306630 0.010578
v -0.062054 0.782486 0.071988
v -0.057099 0.782482 0.109965
v -0.076078 0.529113 -0.021530
v -0.050110 0.534699 0.177191
v -0.049374 0.531681 0.182998
v -0.127132 0.351808 0.011160
v -0.073726 0.330597 0.007440
v -0.126863 0.330979 0.014373
v -0.106510 0.731064 0.148315
v -0.055118 0.746378 0.127139
v -0.108255 0.746760 0.134072
v -0.101109 0.615204 0.196097
v -0.047673 0.601008 0.192214
v -0.047972 0.614822 0.189165
v -0.119369 0.730486 0.049786
v -0.066368 0.722696 0.042216
v -0.119505 0.723078 0.049149
v -0.107848 0.352675 0.158914
v -0.056328 0.331378 0.140743
v -0.054712 0.352292 0.151981
v -0.126200 0.600249 0.004610
v -0.074187 0.575848 -0.009614
v -0.073686 0.323213 0.008159
v -0.126822 0.323595 0.015092
v -0.106041 0.723368 0.152330
v -0.053373 0.730682 0.141382
v -0.102512 0.532063 0.189931
v -0.050110 0.534699 0.177191
v -0.103247 0.535082 0.184124
v -0.067571 0.709689 0.033715
v -0.120708 0.710072 0.040648
v -0.109774 0.324361 0.145718
v -0.109465 0.331761 0.147676
v -0.102144 0.527874 0.192978
v -0.101810 0.503070 0.196904
v -0.073489 0.306630 0.010578
v -0.126627 0.307012 0.017511
v -0.105466 0.710757 0.157436
v -0.052904 0.722986 0.145397
v -0.103543 0.540392 0.181566
v -0.128873 0.539259 -0.012519
v -0.068528 0.692797 0.027313
v -0.121665 0.693178 0.034246
v -0.111332 0.290006 0.135671
v -0.057088 0.307367 0.136247
v -0.110224 0.307750 0.143180
v -0.076964 0.473442 -0.025252
v -0.130101 0.473823 -0.018319
v -0.126205 0.289338 0.021717
v -0.070721 0.256257 0.034569
v -0.123858 0.256639 0.041502
v -0.104357 0.694479 0.166825
v -0.052329 0.710374 0.150503
v -0.102671 0.474946 0.191851
v -0.048673 0.502689 0.189971
v -0.101810 0.503070 0.196904
v -0.121224 0.670723 0.038864
v -0.067275 0.659555 0.038748
v -0.120412 0.659937 0.045681
v -0.073068 0.288955 0.014784
v -0.128514 0.444435 -0.004532
v -0.071099 0.420897 0.022598
v -0.124236 0.421279 0.029531
v -0.056637 0.323978 0.138785
v -0.121599 0.678680 0.035549
v -0.104370 0.679749 0.167543
v -0.129056 0.449331 -0.008956
v -0.102094 0.450546 0.197628
v -0.068462 0.678298 0.028616
v -0.051233 0.679367 0.160611
v -0.115191 0.782867 0.078921
v -0.063698 0.765869 0.060305
v -0.116835 0.766251 0.067238
v -0.075919 0.448949 -0.015889
v -0.048956 0.450164 0.190695
v -0.113573 0.796237 0.090580
v -0.062054 0.782486 0.071988
v -0.068462 0.678298 0.028616
v -0.121599 0.678680 0.035549
v -0.075919 0.448949 -0.015889
v -0.129056 0.449331 -0.008956
v -0.066010 0.648548 0.049048
v -0.119147 0.648931 0.055981
v -0.058532 0.263538 0.127597
v -0.058195 0.289624 0.128738
v -0.126053 0.616959 0.004815
v -0.073063 0.599867 -0.002323
v -0.128757 0.402560 -0.004084
v -0.074118 0.370673 0.002232
v -0.127255 0.371055 0.009165
v -0.048270 0.628635 0.186115
v -0.101407 0.629018 0.193048
v -0.102696 0.649670 0.182030
v -0.049925 0.660628 0.171666
v -0.058457 0.795859 0.098819
v -0.059634 0.798610 0.089646
v -0.059212 0.798629 0.092881
v -0.104384 0.413656 0.182106
v -0.127717 0.413300 0.003288
v -0.119147 0.648931 0.055981
v -0.069703 0.642115 0.021105
v -0.122839 0.642497 0.028038
v -0.111594 0.796241 0.105752
v -0.112771 0.798992 0.096579
v -0.113573 0.796237 0.090580
v -0.129077 0.533841 -0.013782
v -0.076078 0.529113 -0.021530
v -0.129215 0.529495 -0.014597
v -0.051247 0.413274 0.175174
v -0.109330 0.766588 0.124744
v -0.057099 0.782482 0.109965
v -0.100880 0.576645 0.199973
v -0.100810 0.601390 0.199147
v -0.102381 0.644523 0.184735
v -0.049559 0.649288 0.175098
v -0.065718 0.745566 0.045941
v -0.118855 0.745949 0.052874
v -0.124236 0.421279 0.029531
v -0.074580 0.412918 -0.003645
v -0.127717 0.413300 0.003288
v -0.072103 0.627564 0.003512
v -0.125239 0.627946 0.010445
v -0.049007 0.527491 0.186046
v -0.102144 0.527874 0.192978
v -0.073996 0.351426 0.004227
v -0.056192 0.766207 0.117811
v -0.049243 0.644142 0.177802
v -0.066232 0.730104 0.042853
v -0.053495 0.371599 0.160239
v -0.072916 0.616576 -0.002118
v -0.112349 0.799012 0.099814
v -0.059212 0.798629 0.092881
v -0.112771 0.798992 0.096579
v -0.060437 0.795855 0.083648
v -0.059634 0.798610 0.089646
v -0.060437 0.795855 0.083648
v -0.110236 0.782865 0.116897
v -0.121224 0.670723 0.038864
v -0.068087 0.670341 0.031932
v -0.068087 0.670341 0.031932
v -0.104370 0.679749 0.167543
v -0.051221 0.694097 0.159892
v -0.129292 0.525248 -0.014956
v -0.076155 0.524866 -0.021888
v -0.076155 0.524866 -0.021888
v -0.049374 0.531681 0.182998
v -0.050406 0.540009 0.174633
v -0.074187 0.575848 -0.009614
v -0.129077 0.533841 -0.013782
v -0.103431 0.536148 0.182655
v -0.129040 0.534949 -0.013555
v -0.103552 0.537532 0.181653
v -0.128988 0.536368 -0.013236
v -0.103591 0.539022 0.181270
v -0.128929 0.537881 -0.012872
v -0.075737 0.538877 -0.019451
v -0.050454 0.538639 0.174337
v -0.075793 0.537498 -0.019805
v -0.075851 0.535985 -0.020169
v -0.050415 0.537150 0.174720
v -0.075903 0.534567 -0.020488
v -0.050294 0.535766 0.175722
v -0.075940 0.533458 -0.020715
v -0.103431 0.536148 0.182655
v -0.050294 0.535766 0.175722
v -0.103552 0.537532 0.181653
v -0.050415 0.537150 0.174720
v -0.103591 0.539022 0.181270
v -0.050454 0.538639 0.174337
v -0.103543 0.540392 0.181566
v -0.128929 0.537881 -0.012872
v -0.075793 0.537498 -0.019805
v -0.128988 0.536368 -0.013236
v -0.075851 0.535985 -0.020169
v -0.129040 0.534949 -0.013555
v -0.075903 0.534567 -0.020488
v -0.050406 0.540009 0.174633
v -0.047743 0.576262 0.193040
v -0.128514 0.444435 -0.004532
v -0.075377 0.444053 -0.011465
v -0.075377 0.444053 -0.011465
v -0.102094 0.450546 0.197628
v -0.049535 0.474563 0.184918
v -0.128681 0.406534 -0.003722
v -0.128757 0.402560 -0.004084
v -0.104819 0.406742 0.179153
v -0.128352 0.410531 -0.001425
v -0.104578 0.410769 0.180779
v -0.074580 0.412918 -0.003645
v -0.051441 0.410387 0.173846
v -0.075215 0.410149 -0.008358
v -0.051682 0.406361 0.172220
v -0.075544 0.406151 -0.010654
v -0.075620 0.402178 -0.011017
v -0.075544 0.406151 -0.010654
v -0.075620 0.402178 -0.011017
v -0.128681 0.406534 -0.003722
v -0.075215 0.410149 -0.008358
v -0.128352 0.410531 -0.001425
v -0.104819 0.406742 0.179153
v -0.051682 0.406361 0.172220
v -0.104578 0.410769 0.180779
v -0.051441 0.410387 0.173846
v -0.104384 0.413656 0.182106
v -0.103745 0.422199 0.186532
v -0.065718 0.745566 0.045941
v -0.067571 0.709689 0.033715
v -0.072916 0.616576 -0.002118
v -0.076964 0.473442 -0.025252
v -0.073068 0.288955 0.014784
v -0.111668 0.263921 0.134530
v -0.066010 0.648548 0.049048
v -0.112349 0.799012 0.099814
v -0.075940 0.533458 -0.020715
v -0.071099 0.420897 0.022598
v -0.051233 0.679367 0.160611
v -0.048956 0.450164 0.190695
v -0.051247 0.413274 0.175174
vn -0.0000 0.8288 0.5596
vn -0.0000 0.4626 0.8866
vn -0.0000 0.9996 -0.0276
vn -0.0000 0.9959 0.0905
vn -0.0000 -0.3127 0.9498
vn -0.0000 -0.4789 0.8779
vn -0.0000 0.9915 -0.1304
vn -0.0000 -0.6505 0.7595
vn -0.0000 0.9794 -0.2021
vn -0.0000 -0.8027 0.5963
vn -0.0000 0.6687 -0.7435
vn -0.0000 0.9245 -0.3811
vn -0.0000 -0.9584 0.2856
vn -0.0000 -1.0000 -0.0033
vn -0.0000 -1.0000 -0.0034
vn -0.0000 -0.9898 -0.1426
vn -0.0000 0.3579 0.9337
vn -0.0000 -0.9524 -0.3049
vn -0.0000 0.9988 -0.0498
vn -0.0000 0.9860 -0.1670
vn -0.0000 -0.9726 -0.2323
vn -0.0000 0.9776 -0.2106
vn -0.0000 -0.9906 -0.1367
vn -0.0000 0.9616 -0.2745
vn -0.0000 -0.9400 -0.3411
vn -0.0000 0.9542 -0.2993
vn -0.0000 -0.8217 -0.5700
vn -0.0000 -0.6051 -0.7961
vn -0.0000 0.9799 -0.1996
vn -0.0000 -0.3203 -0.9473
vn -0.0000 0.2671 -0.9637
vn -0.0000 0.6926 -0.7213
vn -0.0000 -0.0914 -0.9958
vn -0.0000 0.9527 -0.3038
vn -0.0000 -0.1019 -0.9948
vn -0.0000 0.0550 -0.9985
vn -0.0000 0.9853 -0.1708
vn -0.0000 0.3212 -0.9470
vn -0.0000 0.9647 0.2634
vn -0.0000 0.7531 0.6579
vn -0.0000 0.9886 -0.1508
vn -0.0000 0.6554 -0.7553
vn -0.0000 0.4278 0.9039
vn -0.0000 1.0000 0.0097
vn -0.0000 0.8534 -0.5213
vn -0.0000 0.2140 0.9768
vn -0.0000 -0.0954 -0.9954
vn -0.0000 0.9602 -0.2793
vn -0.0000 0.1079 0.9942
vn -0.0000 0.2805 -0.9598
vn -0.0000 0.3351 -0.9422
vn -0.0000 0.0369 0.9993
vn -0.0000 0.1611 -0.9869
vn -0.0000 -0.0140 0.9999
vn -0.0000 -0.0667 0.9978
vn -0.0000 0.9979 -0.0646
vn -0.0000 -0.1107 0.9939
vn -0.0000 0.9845 -0.1754
vn -0.0000 -0.1729 0.9849
vn -0.0000 0.9656 -0.2600
vn -0.0000 -0.2362 0.9717
vn -0.0000 0.9895 0.1444
vn -1.0000 -0.0000 -0.0000
vn -0.0000 0.5030 -0.8643
vn -0.0000 0.8439 -0.5365
vn -0.0000 0.9993 -0.0377
vn -0.0000 0.9437 0.3307
vn -0.0000 0.9438 0.3307
vn -0.0000 0.6749 0.7380
vn -0.0000 0.9693 -0.2460
vn -0.0000 0.5665 -0.8240
vn -0.0000 0.2809 -0.9597
vn -0.0000 0.8439 -0.5364
vn 1.0000 -0.0000 -0.0000
vn 0.9922 0.1028 0.0699
vn 0.9923 0.1027 0.0698
vn 0.9923 0.1027 0.0699
vn 0.9922 0.1030 0.0700
vn 0.9922 0.1029 0.0700
vn 0.9922 0.1027 0.0699
vn -0.9923 -0.1027 -0.0699
vn -0.9922 -0.1028 -0.0699
vn -0.9923 -0.1026 -0.0699
vn -0.9922 -0.1030 -0.0699
vn -0.9922 -0.1029 -0.0699
vn -0.9923 -0.1026 -0.0698
vn -0.9923 -0.1025 -0.0698
vn -0.9922 -0.1030 -0.0700
vn -0.0216 -0.4114 0.9112
vn 0.0174 -0.6717 0.7406
vn -0.1035 0.3724 0.9223
vn -0.0826 0.1256 0.9886
vn -0.0827 0.1258 0.9886
vn -0.0730 0.9368 -0.3420
vn -0.0964 0.9913 -0.0895
vn -0.0964 0.9913 -0.0894
vn 0.0635 0.0638 -0.9959
vn 0.0305 0.3434 -0.9387
vn 0.0143 -0.6532 0.7570
vn 0.0275 -0.7300 0.6829
vn 0.0473 0.2078 -0.9770
vn 0.0479 0.2028 -0.9780
vn 0.0479 0.2029 -0.9780
vn -0.0609 -0.0877 0.9943
vn -0.0952 0.2666 0.9591
vn 0.0761 -0.0578 -0.9954
vn 0.0635 0.0639 -0.9959
vn 0.0260 0.3783 -0.9253
vn 0.0351 0.3080 -0.9508
vn 0.0351 0.3079 -0.9508
vn 0.0825 -0.1244 -0.9888
vn 0.0587 0.1083 -0.9924
vn -0.0582 -0.1127 0.9919
vn -0.0607 -0.0900 0.9941
vn -0.0607 -0.0901 0.9941
vn -0.1109 0.9859 0.1250
vn -0.1243 0.8219 0.5559
vn 0.0030 0.5423 -0.8402
vn -0.0257 0.7198 -0.6937
vn -0.0434 -0.2399 0.9698
vn -0.1231 0.7331 0.6689
vn -0.1187 0.6168 0.7781
vn 0.0110 0.4875 -0.8731
vn 0.0195 0.4265 -0.9043
vn 0.0195 0.4263 -0.9044
vn -0.0434 -0.2400 0.9698
vn -0.0122 -0.4789 0.8778
vn -0.0208 -0.4171 0.9086
vn -0.0568 -0.1252 0.9905
vn -0.0568 -0.1254 0.9905
vn -0.0491 -0.1922 0.9801
vn 0.0008 -0.5673 0.8235
vn -0.0959 0.9908 -0.0956
vn -0.0959 0.9908 -0.0958
vn 0.0092 -0.6216 0.7833
vn 0.0229 -0.7037 0.7102
vn 0.0622 -0.8974 0.4368
vn 0.0876 -0.9773 0.1929
vn 0.0877 -0.9773 0.1928
vn -0.1055 0.3993 0.9107
vn -0.0743 0.9411 -0.3299
vn -0.0508 0.8483 -0.5270
vn -0.0508 0.8484 -0.5270
vn -0.0272 0.7282 -0.6849
vn 0.0226 0.4035 -0.9147
vn 0.0363 0.2979 -0.9539
vn 0.0320 0.3324 -0.9426
vn 0.0320 0.3323 -0.9426
vn 0.0400 0.2687 -0.9624
vn 0.0230 0.4006 -0.9160
vn 0.0438 0.2371 -0.9705
vn 0.0438 0.2370 -0.9705
vn -0.0057 0.5996 -0.8003
vn -0.0056 0.5989 -0.8008
vn -0.0484 0.8373 -0.5446
vn -0.0889 0.9798 -0.1789
vn -0.0889 0.9799 -0.1787
vn 0.0085 0.5050 -0.8631
vn -0.0312 0.7500 -0.6607
vn 0.0175 -0.6724 0.7400
vn -0.0208 -0.4170 0.9087
vn -0.0492 -0.1919 0.9802
vn -0.0578 -0.1159 0.9916
vn -0.0578 -0.1161 0.9915
vn -0.0658 -0.0426 0.9969
vn -0.0607 -0.0902 0.9941
vn -0.0003 0.5640 -0.8258
vn -0.0483 0.8371 -0.5448
vn -0.0890 0.1954 0.9767
vn -0.0555 -0.1367 0.9891
vn -0.0555 -0.1365 0.9891
vn -0.1089 0.9899 0.0904
vn -0.1219 0.9137 0.3876
vn -0.1219 0.9138 0.3875
vn -0.0202 0.6882 -0.7252
vn -0.0729 0.9368 -0.3422
vn -0.0272 0.7280 -0.6850
vn -0.1239 0.7728 0.6224
vn -0.1239 0.7729 0.6223
vn -0.0407 0.8001 -0.5985
vn -0.0379 0.7857 -0.6174
vn 0.0473 0.2077 -0.9770
vn -0.0057 0.5991 -0.8007
vn -0.0055 0.5981 -0.8014
vn -0.0411 -0.2592 0.9649
vn -0.0492 -0.1917 0.9802
vn -0.0528 -0.1606 0.9856
vn -0.0528 -0.1608 0.9856
vn -0.1089 0.9899 0.0905
vn -0.0436 -0.2388 0.9701
vn -0.1093 0.4541 0.8842
vn -0.0890 0.1952 0.9767
vn -0.1226 0.7153 0.6880
vn -0.1027 0.3616 0.9266
vn -0.0787 0.0839 0.9934
vn 0.0260 0.3782 -0.9254
vn -0.0551 0.8677 -0.4941
vn -0.0551 0.8676 -0.4942
vn -0.0729 0.9368 -0.3421
vn 0.0497 0.1869 -0.9811
vn -0.0435 -0.2399 0.9698
vn 0.0959 -0.2757 -0.9564
vn -0.0058 0.5998 -0.8002
vn -0.0058 0.5997 -0.8002
vn -0.0926 0.2364 0.9672
vn -0.1055 0.3994 0.9107
vn -0.0157 -0.4544 0.8906
vn -0.0582 -0.1125 0.9919
vn -0.1109 0.4784 0.8711
vn -0.1093 0.4542 0.8842
vn -0.0658 -0.0428 0.9969
vn -0.0055 0.5980 -0.8015
vn -0.0299 0.7434 -0.6682
vn -0.0756 0.9453 -0.3175
vn -0.0755 0.9452 -0.3176
vn 0.0327 0.3269 -0.9445
vn 0.0761 -0.0579 -0.9954
vn 0.0494 0.1901 -0.9805
vn 0.0494 0.1899 -0.9806
vn -0.0725 0.0218 0.9971
vn -0.0926 0.2362 0.9673
vn -0.0157 -0.4543 0.8907
vn -0.0732 0.9377 -0.3396
vn -0.0719 0.0157 0.9973
vn -0.0216 -0.4112 0.9113
vn -0.0725 0.0216 0.9971
vn -0.1169 0.5806 0.8058
vn 0.0214 0.4123 -0.9108
vn 0.0511 0.1756 -0.9831
vn 0.0511 0.1755 -0.9832
vn 0.0336 0.3193 -0.9470
vn 0.0336 0.3195 -0.9470
vn -0.0933 0.2445 0.9652
vn -0.0933 0.2444 0.9652
vn -0.1135 0.5199 0.8467
vn -0.1027 0.3617 0.9266
vn -0.0263 -0.3757 0.9264
vn 0.0092 -0.6215 0.7833
vn -0.1038 0.3761 0.9208
vn -0.0719 0.0159 0.9973
vn -0.0730 0.9368 -0.3421
vn -0.0491 -0.1923 0.9801
vn 0.0110 0.4874 -0.8731
vn -0.0263 -0.3756 0.9264
vn 0.0400 0.2686 -0.9624
vn 0.0030 0.5422 -0.8402
vn 0.9922 0.1027 0.0700
vn 0.9923 0.1029 0.0697
vn 0.9923 0.1026 0.0699
vn 0.9922 0.1031 0.0700
vn 0.9922 0.1029 0.0699
vn 0.9923 0.1026 0.0698
vn -0.9922 -0.1029 -0.0698
vn -0.9923 -0.1026 -0.0700
vn -0.9922 -0.1027 -0.0699
vn -0.9923 -0.1027 -0.0698
vn -0.9922 -0.1031 -0.0700
vn -0.9922 -0.1029 -0.0700
vn -0.9923 -0.1025 -0.0697
vn -0.0057 0.5997 -0.8002
vn -0.0056 0.5992 -0.8006
vn -0.0000 0.9903 -0.1387
vn -0.0000 0.9399 -0.3415
vn -0.0000 -0.5859 -0.8104
vn -0.0000 -0.9115 -0.4112
vn -0.0000 -0.0674 -0.9977
vn -0.0000 -0.2776 -0.9607
vn -0.0000 0.9498 0.3128
vn -0.0000 0.9974 0.0721
vn -0.0000 -0.9983 -0.0579
vn -0.0000 -0.9936 0.1127
vn -0.0000 -0.6462 0.7632
vn -0.0000 -0.3521 0.9360
vn -0.0000 0.6916 0.7222
vn -0.0000 0.9995 -0.0319
vn -0.0000 -0.9212 0.3891
vn -0.0000 0.2543 0.9671
vn -0.0000 0.7411 -0.6714
vn -0.0000 -0.1281 0.9918
vn -0.0000 0.3146 -0.9492
vn -0.0000 0.9996 0.0274
vn -0.0000 0.9597 0.2812
vn -0.0000 0.9971 0.0755
vn -0.0000 -0.8836 0.4683
vn -0.0000 -0.5332 0.8460
vn -0.0000 -0.2159 0.9764
vn -0.0000 -0.0039 1.0000
vn -0.0000 0.9908 -0.1353
vn -0.0000 0.9280 -0.3725
vn -0.0000 -0.9988 -0.0493
vn -0.0000 -0.9926 0.1212
vn -0.0000 -0.4108 -0.9117
vn -0.0000 -0.6933 -0.7206
vn -0.0000 0.6444 -0.7647
vn -0.0000 0.9995 -0.0317
vn -0.0000 -0.9440 -0.3298
vn -0.0000 0.1923 -0.9813
vn -0.0000 0.7822 0.6230
vn -0.0000 -0.1908 -0.9816
vn -0.0000 0.3743 0.9273
vn -0.0000 0.9959 -0.0909
vn 0.0002 -0.8341 0.5516
vn 0.0001 -0.9675 0.2529
vn 0.0001 -0.9676 0.2526
vn 0.8791 -0.4336 0.1979
vn 0.8907 -0.4502 0.0629
vn 0.8837 -0.4604 0.0849
vn -0.0000 -0.9251 0.3797
vn 0.8057 -0.4977 -0.3211
vn 0.8005 -0.4700 -0.3719
vn 0.8026 -0.4082 -0.4351
vn 0.8874 -0.4608 0.0087
vn 0.8694 -0.4543 -0.1942
vn 0.8497 -0.5271 0.0118
vn -0.0001 -0.8964 0.4433
vn -0.0001 -0.9756 0.2195
vn -0.0000 -0.9757 0.2192
vn 0.7580 0.4978 0.4214
vn 0.7038 0.3842 0.5975
vn 0.7575 0.4858 0.4360
vn 0.7558 0.6457 -0.1087
vn 0.7566 0.6480 -0.0869
vn 0.7558 0.6455 -0.1099
vn 0.7719 -0.6014 -0.2062
vn 0.8001 -0.5650 -0.2016
vn 0.7894 -0.3329 -0.5158
vn 0.7775 -0.3089 -0.5478
vn 0.0001 -0.9375 -0.3480
vn 0.0002 -0.8436 -0.5369
vn -0.0000 -0.9374 -0.3481
vn 0.8155 0.4666 -0.3423
vn 0.7750 0.3818 -0.5037
vn 0.8156 0.4657 -0.3434
vn -0.0000 -0.9998 0.0207
vn -0.0000 -0.9775 -0.2108
vn -0.0000 -0.9998 0.0208
vn 0.7658 -0.5359 0.3554
vn 0.7421 -0.6482 0.1706
vn 0.7323 -0.6653 0.1454
vn 0.7347 0.6437 -0.2143
vn 0.7545 0.6427 -0.1327
vn 0.8495 -0.4229 0.3153
vn 0.8418 -0.5380 0.0439
vn 0.0001 -0.6083 0.7937
vn 0.7590 0.6507 -0.0197
vn 0.7445 0.6626 0.0814
vn 0.7590 0.6507 0.0223
vn 0.0002 -0.6844 -0.7291
vn 0.0002 -0.6842 -0.7293
vn 0.8161 0.4775 -0.3257
vn 0.7770 0.5923 -0.2132
vn 0.7578 0.6497 -0.0597
vn 0.7577 0.6497 -0.0612
vn -0.0001 -0.9775 -0.2111
vn -0.0000 -0.9076 -0.4197
vn 0.0001 -0.5208 -0.8537
vn 0.0001 -0.5206 -0.8538
vn 0.8918 -0.4506 0.0404
vn 0.8881 -0.4511 -0.0880
vn -0.0000 -0.8780 -0.4786
vn 0.7373 -0.3631 0.5697
vn 0.7289 -0.3908 0.5621
vn -0.0000 -0.7796 0.6263
vn -0.0001 -0.8962 0.4436
vn 0.6188 0.1402 -0.7730
vn 0.6230 0.0477 -0.7808
vn 0.6644 0.0399 -0.7463
vn -0.0001 0.0834 -0.9965
vn -0.0000 -0.1451 -0.9894
vn -0.0001 -0.1456 -0.9893
vn -0.0000 -0.3471 0.9378
vn -0.0000 -0.1182 0.9930
vn 0.7696 0.2641 -0.5814
vn 0.7477 -0.0585 -0.6615
vn 0.7549 0.2942 -0.5861
vn -0.0000 0.4060 0.9139
vn -0.0000 0.5870 0.8096
vn -0.0001 -0.0043 -1.0000
vn -0.0001 0.2409 -0.9706
vn -0.0001 0.2407 -0.9706
vn -0.0000 0.6795 -0.7336
vn -0.0000 0.5234 -0.8521
vn 0.7444 -0.4700 0.4744
vn -0.0000 0.7336 0.6795
vn -0.0000 0.8521 0.5234
vn -0.0000 -0.8972 0.4417
vn -0.0000 -0.6670 0.7451
vn -0.0000 -0.4177 -0.9086
vn -0.0000 -0.6336 -0.7737
vn -0.0000 0.9378 0.3470
vn -0.0000 0.9875 0.1574
vn 0.7059 0.1953 0.6808
vn 0.7067 0.1658 0.6878
vn 0.6778 0.3433 0.6502
vn 0.7145 0.6358 0.2921
vn 0.7169 0.6133 0.3316
vn 0.6535 0.6976 0.2937
vn -0.0000 0.9086 -0.4177
vn -0.0000 0.8096 -0.5870
vn 0.0002 0.4111 -0.9116
vn 0.0002 0.0446 -0.9990
vn -0.0000 0.4118 -0.9113
vn -0.0000 -0.5234 0.8521
vn 0.7617 0.1628 0.6272
vn 0.8139 -0.0153 0.5808
vn 0.8125 0.0177 0.5826
vn -0.0000 0.9993 -0.0383
vn -0.0000 0.9726 -0.2325
vn -0.0000 -0.2174 -0.9761
vn 0.8300 -0.5341 -0.1606
vn -0.0000 -0.7068 0.7075
vn 0.6217 -0.1785 -0.7627
vn 0.6239 -0.1954 -0.7567
vn 0.6214 -0.2050 -0.7562
vn 0.7887 -0.0027 -0.6147
vn 0.7793 -0.0427 -0.6252
vn 0.7964 -0.0832 -0.5991
vn -0.0000 -0.9246 -0.3810
vn -0.0000 -0.9391 -0.3435
vn -0.0000 0.2953 0.9554
vn -0.0000 0.4744 0.8803
vn -0.0000 0.4745 0.8803
vn 0.7223 -0.1421 0.6768
vn 0.7171 -0.1238 0.6859
vn 0.7159 -0.1259 0.6867
vn -0.0001 -0.9076 -0.4199
vn -0.0000 -0.6586 -0.7525
vn 0.6228 0.0837 -0.7779
vn 0.6269 0.0967 -0.7731
vn 0.7583 0.5115 0.4043
vn 0.7582 0.5231 0.3893
vn -0.0000 -0.8679 0.4967
vn 0.8028 -0.5546 -0.2187
vn 0.8076 -0.5444 -0.2266
vn -0.0001 -0.0299 0.9996
vn -0.0001 0.2058 0.9786
vn -0.0002 -0.0304 0.9995
vn -0.0000 0.3120 -0.9501
vn 0.7723 0.1190 -0.6241
vn 0.7520 -0.0772 -0.6547
vn 0.7750 0.0598 -0.6291
vn 0.7506 0.2645 0.6055
vn 0.7382 0.4221 0.5261
vn 0.7483 0.4062 0.5245
vn 0.7580 0.4981 0.4211
vn 0.7250 0.1112 0.6797
vn 0.7316 0.0548 0.6796
vn 0.7120 0.0928 0.6960
vn 0.7691 0.4669 0.4364
vn 0.7308 0.5668 0.3803
vn 0.8044 0.4348 0.4047
vn -0.0000 0.9993 -0.0382
vn -0.0001 -0.0042 -1.0000
vn -0.0000 0.3124 0.9500
vn -0.0000 -0.1385 0.9904
vn 0.7499 -0.0067 0.6615
vn 0.7579 0.1698 0.6299
vn 0.7592 0.1308 0.6375
vn 0.8169 -0.3281 -0.4743
vn 0.8006 -0.5224 -0.2935
vn 0.8378 -0.3177 -0.4441
vn 0.6888 -0.1128 0.7162
vn 0.7121 -0.0096 0.7020
vn 0.7107 -0.1556 0.6861
vn 0.7458 -0.4696 -0.4725
vn 0.6984 -0.6280 -0.3433
vn 0.6671 -0.6596 -0.3462
vn 0.7325 -0.1884 0.6542
vn 0.7267 -0.1947 0.6587
vn 0.6903 -0.6774 -0.2543
vn 0.7163 0.5097 -0.4765
vn 0.7366 0.4016 -0.5442
vn 0.6932 0.5134 -0.5059
vn 0.6152 -0.3007 -0.7288
vn 0.6367 -0.4336 -0.6376
vn 0.6650 -0.4019 -0.6295
vn 0.7373 0.2437 -0.6300
vn 0.6639 0.1416 -0.7343
vn 0.6309 0.1166 -0.7670
vn 0.7519 -0.4667 0.4656
vn 0.7813 -0.5744 0.2441
vn 0.7043 0.4580 0.5425
vn 0.6597 0.4075 0.6314
vn 0.7251 0.4596 0.5128
vn 0.7427 -0.4443 -0.5009
vn 0.7601 0.2687 -0.5917
vn 0.7085 0.6554 -0.2616
vn 0.7182 0.6406 -0.2715
vn 0.7254 0.6397 -0.2543
vn 0.7594 -0.0920 0.6441
vn 0.7395 -0.0477 0.6715
vn 0.7243 0.0655 0.6864
vn 0.7886 -0.4176 -0.4514
vn 0.7243 -0.0947 -0.6829
vn 0.6843 -0.2505 -0.6848
vn 0.7025 -0.2263 -0.6748
vn 0.7298 0.6579 -0.1858
vn 0.8170 -0.3846 0.4297
vn 0.8540 -0.2660 0.4471
vn 0.8676 -0.2660 0.4202
vn 0.7592 -0.5236 0.3865
vn 0.7607 -0.4406 0.4767
vn 0.7557 -0.5305 0.3840
vn 0.7598 0.0739 0.6460
vn 0.7103 0.1935 0.6768
vn 0.7272 0.6484 0.2252
vn 0.7608 0.6311 -0.1514
vn 0.7634 0.5878 -0.2679
vn 0.7635 0.5859 -0.2715
vn 0.7567 -0.5938 0.2735
vn 0.7567 -0.5941 0.2727
vn 0.8563 -0.2470 0.4537
vn 0.8349 -0.2220 0.5037
vn 0.7885 -0.4120 -0.4567
vn 0.7068 -0.3788 0.5974
vn 0.7109 -0.3858 0.5880
vn 0.7123 -0.6650 -0.2247
vn 0.7468 -0.6617 -0.0659
vn 0.6926 -0.2080 -0.6906
vn 0.6681 -0.1734 -0.7235
vn 0.6301 -0.2432 -0.7374
vn 0.7649 0.5722 -0.2958
vn 0.7910 0.1755 -0.5861
vn 0.7926 0.1948 -0.5777
vn -0.0001 0.4652 -0.8852
vn 0.6776 0.1249 -0.7248
vn 0.7250 -0.0770 -0.6844
vn 0.6827 0.1360 0.7180
vn 0.7536 0.3087 0.5803
vn 0.6689 0.1285 0.7322
vn 0.7662 0.3300 0.5513
vn 0.7566 0.6481 -0.0863
vn 0.7157 0.4202 -0.5578
vn -0.0000 0.1008 0.9949
vn -0.0000 0.1009 0.9949
vn 0.7518 -0.1172 0.6489
vn 0.7118 -0.4397 0.5478
vn 0.7038 -0.3058 0.6412
vn 0.8182 -0.5065 0.2720
vn 0.7968 -0.5428 0.2654
vn 0.8435 -0.1708 -0.5092
vn 0.8708 -0.2310 -0.4340
vn 0.8192 -0.1372 -0.5569
vn 0.7260 -0.0333 -0.6868
vn 0.7501 -0.4534 0.4814
vn 0.7687 0.5199 -0.3726
vn 0.7690 0.5157 -0.3777
vn -0.0000 -0.3499 -0.9368
vn 0.0003 -0.3055 -0.9522
vn -0.0000 -0.3502 -0.9367
vn 0.7160 0.6489 0.2574
vn 0.7118 0.6574 0.2474
vn 0.7573 -0.6501 0.0621
vn 0.7575 -0.6351 0.1515
vn 0.7564 -0.6514 0.0592
vn -0.0001 -0.7795 0.6264
vn 0.7919 -0.1456 0.5930
vn 0.6098 -0.3173 -0.7262
vn 0.7601 -0.6486 -0.0391
vn 0.7575 -0.6349 0.1521
vn 0.7768 0.4250 -0.4648
vn 0.7882 0.3239 -0.5234
vn 0.7862 0.3194 -0.5291
vn 0.6903 0.2605 0.6750
vn 0.6939 0.2394 0.6791
vn 0.7575 0.2456 0.6049
vn 0.7712 0.4755 -0.4232
vn 0.8696 -0.2403 -0.4313
vn 0.7548 -0.5930 0.2805
vn 0.7614 -0.5866 0.2761
vn 0.7185 0.6879 0.1024
vn 0.7484 0.6618 -0.0431
vn 0.6995 0.7060 0.1109
vn 0.7762 0.4319 -0.4594
vn 0.6961 0.4736 0.5396
vn 0.7601 0.6471 -0.0594
vn 0.7860 -0.3811 0.4868
vn -0.0001 -0.2522 0.9677
vn 0.6832 -0.0464 0.7287
vn 0.7410 0.6434 0.1922
vn 0.7223 0.6736 0.1564
vn 0.8910 -0.4437 0.0960
vn 0.7289 0.6574 -0.1913
vn 0.7356 0.6688 0.1074
vn 0.7694 0.2905 -0.5689
vn 0.0005 0.0432 -0.9991
vn 0.0001 -0.3046 -0.9525
vn 0.8004 -0.2065 0.5627
vn 0.8028 -0.0594 0.5933
vn -0.0001 -0.2519 0.9678
vn -0.0000 0.2951 0.9555
vn 0.7319 0.0537 0.6793
vn 0.7147 -0.0296 0.6988
vn 0.7670 0.1862 -0.6140
vn 0.7444 0.1411 0.6526
vn 0.7582 0.1079 -0.6430
vn 0.7510 0.0059 -0.6603
vn 0.6811 -0.2730 -0.6794
vn 0.6212 -0.1652 -0.7661
vn 0.8898 -0.4539 -0.0473
vn 0.8906 -0.4431 -0.1025
vn 0.8895 -0.4497 -0.0810
vn 0.8006 -0.4050 -0.4417
vn 0.7719 -0.5072 -0.3833
vn 0.8001 -0.4740 -0.3677
vn 0.7592 -0.0744 0.6465
vn 0.7575 0.0448 0.6513
vn 0.7506 0.0626 0.6578
vn -0.0000 -0.0406 -0.9992
vn 0.0003 0.0063 -1.0000
vn -0.0001 -0.0409 -0.9992
vn 0.7323 -0.6775 -0.0691
vn 0.7548 -0.6509 0.0817
vn 0.7614 -0.6434 0.0795
vn 0.0001 -0.2286 -0.9735
vn -0.0000 -0.3913 -0.9203
vn -0.0000 -0.4218 0.9067
vn -0.0000 -0.2143 0.9768
vn -0.0000 -0.2142 0.9768
vn -0.0000 -0.4402 0.8979
vn -0.0001 -0.5412 0.8409
vn -0.0001 0.1766 0.9843
vn -0.0000 0.0008 1.0000
vn -0.0000 0.5925 -0.8056
vn -0.0001 0.3899 -0.9208
vn -0.0001 -0.9359 0.3522
vn -0.0000 -0.9795 0.2015
vn 0.7963 0.1076 -0.5952
vn 0.8192 0.0432 -0.5719
vn 0.7887 0.1890 -0.5850
vn -0.0000 0.6753 -0.7376
vn -0.0000 0.7180 -0.6961
vn 0.0002 0.6748 -0.7380
vn 0.0001 -0.8253 0.5646
vn -0.0000 -0.8660 0.5001
vn 0.7510 -0.3133 0.5813
vn 0.7232 -0.5500 0.4177
vn 0.7038 -0.4903 0.5140
vn 0.6776 0.3445 -0.6497
vn 0.6644 0.2704 -0.6967
vn 0.7260 0.1823 -0.6630
vn 0.7433 0.6070 0.2811
vn 0.7348 0.6033 0.3099
vn 0.7569 0.6137 0.2247
vn 0.7770 0.6292 -0.0180
vn 0.7649 0.6359 -0.1027
vn 0.8161 0.5552 -0.1607
vn 0.6961 0.2818 0.6603
vn 0.7038 0.1790 0.6874
vn 0.6598 0.1904 0.7270
vn 0.6309 0.3498 -0.6925
vn 0.6269 0.3328 -0.7045
vn 0.6228 0.3220 -0.7131
vn 0.7325 -0.3829 0.5629
vn 0.7223 -0.3458 0.5989
vn 0.7267 -0.3903 0.5652
vn 0.8169 -0.1639 -0.5530
vn 0.8378 -0.1635 -0.5210
vn 0.6152 -0.0586 -0.7862
vn 0.6367 -0.2133 -0.7410
vn 0.6650 -0.1857 -0.7234
vn 0.7253 0.1501 -0.6719
vn 0.6801 -0.0188 -0.7329
vn 0.7025 -0.0048 -0.7117
vn 0.7886 -0.2561 -0.5590
vn 0.8028 -0.4589 -0.3807
vn 0.8076 -0.4467 -0.3850
vn 0.8134 -0.4290 0.3928
vn 0.8402 -0.3762 0.3905
vn 0.8349 -0.3679 0.4094
vn 0.6984 -0.4897 -0.5220
vn 0.6902 -0.5644 -0.4528
vn 0.6671 -0.5189 -0.5345
vn 0.7977 -0.5368 0.2749
vn 0.8006 -0.4352 0.4118
vn 0.7068 -0.5461 0.4497
vn 0.7109 -0.5499 0.4385
vn 0.6823 0.6378 -0.3572
vn 0.6764 0.6001 -0.4270
vn 0.6395 0.6296 -0.4412
vn 0.7427 -0.2661 -0.6144
vn 0.7458 -0.2990 -0.5953
vn 0.7608 0.6469 0.0528
vn 0.7634 0.6420 -0.0714
vn 0.7635 0.6414 -0.0754
vn 0.7149 0.4599 -0.5267
vn 0.7567 -0.6495 0.0749
vn 0.7557 -0.6238 0.1996
vn 0.7567 -0.6496 0.0740
vn 0.7091 0.7040 -0.0394
vn 0.7182 0.6934 -0.0584
vn 0.7254 0.6871 -0.0423
vn 0.7775 -0.1228 -0.6168
vn 0.7885 -0.2492 -0.5623
vn 0.7594 -0.2881 0.5834
vn 0.7395 -0.2546 0.6232
vn 0.7243 -0.1517 0.6726
vn 0.7592 -0.6180 0.2041
vn 0.7607 -0.5672 0.3157
vn 0.7043 0.2661 0.6581
vn 0.7252 0.2769 0.6304
vn 0.7338 0.6793 0.0019
vn 0.7290 0.6838 0.0295
vn 0.6887 -0.3304 0.6453
vn 0.7121 -0.2279 0.6641
vn 0.7107 -0.3617 0.6034
vn 0.6639 0.3634 -0.6536
vn 0.7519 -0.5886 0.2970
vn 0.7813 -0.6219 0.0529
vn 0.7444 -0.5944 0.3043
vn 0.7716 -0.1117 0.6262
vn 0.7598 -0.1311 0.6368
vn 0.7103 -0.0272 0.7034
vn 0.7169 0.4794 0.5062
vn 0.7272 0.5460 0.4160
vn 0.6535 0.5714 0.4964
vn 0.7483 0.2225 0.6250
vn 0.7691 0.3077 0.5602
vn 0.8044 0.2871 0.5201
vn 0.6214 0.0409 -0.7824
vn 0.6098 -0.0752 -0.7890
vn 0.7157 0.5731 -0.3991
vn 0.7084 0.6341 -0.3100
vn 0.7768 0.5487 -0.3092
vn 0.7882 0.4708 -0.3964
vn 0.7862 0.4683 -0.4032
vn 0.7185 0.6218 0.3117
vn 0.7484 0.6423 0.1653
vn 0.6995 0.6362 0.3254
vn 0.7308 0.4200 0.5380
vn 0.7160 0.5364 0.4468
vn 0.7118 0.5476 0.4400
vn 0.7750 0.5197 -0.3596
vn 0.7712 0.5837 -0.2539
vn 0.8435 -0.0036 -0.5371
vn 0.8708 -0.0842 -0.4844
vn 0.6778 0.1236 0.7248
vn 0.6903 0.0372 0.7225
vn 0.6939 0.0158 0.7199
vn 0.6927 0.0176 -0.7210
vn 0.6682 0.0608 -0.7415
vn 0.6301 -0.0012 -0.7765
vn 0.7866 -0.5416 0.2965
vn 0.6832 -0.2712 0.6780
vn 0.7123 -0.5618 -0.4207
vn 0.7468 -0.6082 -0.2689
vn 0.7910 0.3494 -0.5022
vn 0.7750 0.2530 -0.5792
vn 0.7926 0.3651 -0.4883
vn 0.7120 -0.1287 0.6903
vn 0.6689 -0.1061 0.7358
vn 0.7250 -0.1061 0.6805
vn 0.7545 0.6452 0.1204
vn 0.7556 0.6388 0.1449
vn 0.7545 0.6453 0.1199
vn 0.7289 0.6842 0.0231
vn 0.8412 -0.5272 -0.1204
vn 0.8172 -0.5673 0.1021
vn 0.8480 -0.5025 0.1686
vn 0.7601 0.6334 0.1452
vn 0.7608 0.6469 0.0527
vn 0.7575 -0.6507 -0.0533
vn 0.7575 -0.6506 -0.0539
vn 0.6827 -0.0945 0.7246
vn 0.7536 0.1125 0.6476
vn 0.7251 0.1401 -0.6743
vn 0.7687 0.6102 -0.1920
vn 0.7690 0.6078 -0.1982
vn 0.7602 -0.6041 -0.2392
vn 0.7564 -0.6374 -0.1467
vn 0.7968 -0.5985 0.0830
vn 0.7591 0.4105 -0.5052
vn 0.7694 0.4533 -0.4500
vn 0.7648 0.4313 -0.4785
vn 0.7501 -0.5808 0.3161
vn 0.7410 0.5515 0.3832
vn 0.7226 0.5931 0.3551
vn 0.7919 -0.3232 0.5181
vn 0.7762 0.5535 -0.3020
vn 0.7573 -0.6371 -0.1435
vn 0.7662 0.1418 0.6267
vn 0.8696 -0.0939 -0.4848
vn 0.8292 -0.4578 -0.3207
vn 0.8491 -0.5044 -0.1570
vn 0.8680 -0.3730 -0.3277
vn 0.7145 0.5131 0.4756
vn 0.7382 0.2372 0.6315
vn 0.7289 -0.5465 0.4123
vn 0.7373 -0.5225 0.4282
vn -0.0000 0.7628 -0.6466
vn -0.0000 -0.8920 0.4520
vn -0.0000 -0.7628 0.6466
vn -0.0000 -0.7315 -0.6818
vn -0.0000 -0.7853 -0.6191
vn -0.0000 -0.7316 -0.6817
vn -0.0000 0.8743 -0.4853
vn -0.0000 -0.9901 0.1401
vn -0.0000 0.9522 -0.3054
vn -0.0000 0.9935 -0.1138
vn -0.0000 0.9614 0.2750
vn -0.0000 0.9966 0.0822
vn -0.0000 -0.7598 -0.6502
vn -0.0000 0.8893 0.4573
vn -0.0000 0.7830 0.6220
vn -0.0000 0.6466 0.7628
vn -0.0000 -0.3609 -0.9326
vn -0.0000 -0.6852 -0.7284
vn -0.0000 0.4853 0.8743
vn -0.0000 -0.1138 -0.9935
vn -0.0000 0.3054 0.9522
vn -0.0000 0.0976 -0.9952
vn -0.0000 0.1010 0.9949
vn -0.0000 -0.9974 0.0724
vn -0.0000 -0.6220 0.7830
vn 0.7583 0.3601 0.5435
vn 0.7582 0.3758 0.5329
vn 0.7580 0.3421 0.5553
vn 0.7580 0.3417 0.5556
vn 0.7576 0.3257 0.5657
vn 0.8057 -0.3728 -0.4603
vn 0.8005 -0.3307 -0.4999
vn 0.8026 -0.2522 -0.5406
vn 0.7894 -0.1556 -0.5939
vn 0.0001 -0.7823 -0.6229
vn 0.0002 -0.6342 -0.7732
vn 0.0002 -0.4230 -0.9061
vn 0.0003 -0.4227 -0.9063
vn 0.0001 -0.2288 -0.9735
vn 0.8824 -0.4663 -0.0631
vn 0.8778 -0.4761 0.0532
vn 0.7536 0.6501 0.0971
vn 0.7523 0.6546 0.0744
vn 0.7537 0.6499 0.0983
vn 0.8869 -0.4033 -0.2254
vn 0.8862 -0.4429 -0.1359
vn 0.7556 0.6384 0.1463
vn 0.7569 0.6269 0.1847
vn -0.0000 -0.9360 0.3520
vn -0.0001 -0.9898 0.1421
vn -0.0000 -0.9899 0.1417
vn -0.0001 -0.9954 -0.0955
vn -0.0000 -0.9954 -0.0958
vn -0.0000 -0.9565 -0.2918
vn -0.0000 -0.8632 -0.5049
vn 0.0001 -0.9565 -0.2917
vn -0.0001 -0.8631 -0.5051
vn 0.7658 -0.6200 0.1707
vn 0.7421 -0.6691 -0.0399
vn 0.8156 0.5495 -0.1812
vn 0.8155 0.5500 -0.1799
vn 0.0003 -0.9645 0.2642
vn 0.0001 -0.9981 -0.0611
vn 0.0002 -0.9981 -0.0614
vn 0.6188 0.3741 -0.6908
vn 0.6230 0.2886 -0.7270
vn 0.6212 0.0818 -0.7794
vn 0.6217 0.0681 -0.7803
vn 0.6239 0.0501 -0.7799
vn 0.7445 -0.0694 0.6641
vn 0.7499 -0.2126 0.6265
vn 0.7579 -0.0350 0.6515
vn 0.7147 -0.2459 0.6548
vn 0.7059 -0.0266 0.7078
vn 0.7067 -0.0568 0.7052
vn -0.0000 -0.0174 0.9998
vn -0.0001 -0.0171 0.9999
vn -0.0000 0.1764 0.9843
vn -0.0001 -0.5409 0.8411
vn -0.0002 -0.3404 0.9403
vn -0.0001 -0.3400 0.9404
vn -0.0001 -0.1093 0.9940
vn 0.8093 -0.2031 0.5512
vn 0.8126 -0.1648 0.5591
vn 0.7930 -0.3842 0.4728
vn 0.7966 -0.2401 0.5548
vn 0.7171 -0.3314 0.6131
vn 0.7160 -0.3335 0.6133
vn 0.7265 0.0927 -0.6809
vn 0.7388 0.2163 -0.6383
vn 0.6824 -0.0048 -0.7309
vn 0.7723 0.3075 -0.5559
vn 0.7520 0.1307 -0.6461
vn 0.7582 0.3029 -0.5774
vn 0.7793 0.1543 -0.6074
vn 0.7670 0.3684 -0.5254
vn 0.7316 -0.1597 0.6628
vn 0.7319 -0.1608 0.6622
vn -0.0000 0.1706 -0.9853
vn -0.0002 0.1700 -0.9855
vn -0.0000 0.3075 -0.9515
vn -0.0001 0.5314 -0.8471
vn -0.0001 0.5312 -0.8472
vn -0.0000 0.7179 -0.6962
vn 0.0002 0.3539 -0.9353
vn 0.0005 0.3523 -0.9359
vn 0.0002 0.0074 -1.0000
vn -0.0000 0.3076 -0.9515
vn 0.0002 -0.8340 0.5518
vn 0.7998 -0.4581 -0.3879
vn 0.0002 -0.8437 -0.5367
vn 0.8157 0.4527 -0.3602
vn 0.7551 -0.5271 0.3898
vn 0.7591 0.6507 -0.0190
vn 0.8935 -0.4489 0.0093
vn 0.6226 0.0381 -0.7816
vn -0.0000 0.0837 -0.9965
vn 0.7992 -0.6011 -0.0023
vn 0.7855 0.1444 -0.6017
vn 0.7165 -0.1614 0.6787
vn 0.7582 0.5115 0.4042
vn -0.0000 0.2060 0.9785
vn 0.7102 0.5723 0.4099
vn 0.7764 -0.5783 -0.2505
vn 0.7431 0.3830 -0.5486
vn 0.7608 0.6314 -0.1502
vn 0.7962 -0.6022 0.0588
vn 0.7601 0.6471 -0.0593
vn 0.8923 -0.4317 -0.1317
vn 0.7764 -0.4714 -0.4183
vn -0.0000 0.3902 -0.9207
vn 0.7165 -0.3648 0.5946
vn 0.7608 0.6468 0.0540
vn 0.7640 0.4316 -0.4795
vn 0.7102 0.4161 0.5679
vn 0.8157 0.5424 -0.2011
vn 0.7963 -0.5914 -0.1269
vn 0.7993 -0.5690 -0.1931
vn 0.7582 0.3600 0.5435
vn 0.7998 -0.3144 -0.5113
vn 0.0002 -0.6343 -0.7731
vn 0.7569 0.6267 0.1854
vn 0.7551 -0.6224 0.2061
vn 0.0003 -0.9644 0.2645
vn 0.6226 0.2799 -0.7308
vn -0.0001 -0.1092 0.9940
vn 0.7855 0.3247 -0.5268
vn 0.4276 -0.1274 -0.8950
vn 0.4871 -0.4382 -0.7554
vn 0.4422 -0.4484 -0.7768
vn 0.4871 0.2099 -0.8477
vn 0.4975 -0.1222 -0.8588
vn 0.4422 0.2139 -0.8710
vn 0.4704 0.5298 -0.7057
vn 0.6071 0.4771 -0.6355
vn 0.6988 0.2033 -0.6858
vn 0.7314 -0.0961 -0.6752
vn 0.6988 -0.3866 -0.6018
vn 0.6071 -0.6355 -0.4771
vn 0.4704 -0.7057 -0.5298
vn 0.4629 -0.7089 -0.5322
vn 0.8870 -0.3693 -0.2773
vn 0.9378 -0.3436 0.0489
vn 0.8870 0.2773 -0.3693
vn 0.9378 -0.0489 -0.3436
vn 0.8870 -0.2773 0.3693
vn 0.8870 0.3693 0.2773
vn 0.9378 0.0489 0.3436
vn 0.6988 -0.6858 -0.2033
vn 0.6988 0.6018 -0.3866
vn 0.9378 0.3436 -0.0489
vn 0.6988 0.6858 0.2033
vn 0.6071 0.6355 0.4771
vn 0.6988 0.3866 0.6018
vn 0.7314 0.0961 0.6752
vn 0.6988 -0.2033 0.6858
vn 0.6071 -0.4771 0.6355
vn 0.6988 -0.6018 0.3866
vn 0.7314 -0.6752 0.0961
vn 0.4871 -0.2099 0.8477
vn 0.4276 0.1274 0.8950
vn 0.4422 -0.2139 0.8710
vn 0.4871 0.4382 0.7554
vn 0.4976 0.1223 0.8588
vn 0.4704 -0.5298 0.7057
vn 0.4975 0.1222 0.8588
vn 0.4704 0.7057 0.5298
vn 0.4422 0.4484 0.7768
vn 0.4629 -0.5322 0.7089
vn 0.4871 -0.8477 -0.2099
vn 0.4276 -0.8950 0.1274
vn 0.4422 -0.8710 -0.2139
vn 0.4871 -0.7554 0.4382
vn 0.4422 -0.7768 0.4484
vn 0.4975 -0.8588 0.1222
vn 0.4975 -0.8588 0.1223
vn 0.4871 0.7554 -0.4382
vn 0.4276 0.8950 -0.1274
vn 0.4975 0.8588 -0.1222
vn 0.4871 0.8477 0.2099
vn 0.4422 0.7768 -0.4484
vn 0.4422 0.8710 0.2139
vn 0.7314 0.6752 -0.0961
vn 0.4270 -0.2081 -0.8800
vn 0.4866 -0.5050 -0.7129
vn 0.4417 -0.5172 -0.7331
vn 0.4866 0.1323 -0.8636
vn 0.4970 -0.1997 -0.8445
vn 0.4417 0.1340 -0.8871
vn 0.4698 0.4638 -0.7511
vn 0.6065 0.4177 -0.6765
vn 0.6983 0.1404 -0.7019
vn 0.7309 -0.1571 -0.6641
vn 0.6983 -0.4399 -0.5647
vn 0.6065 -0.6765 -0.4177
vn 0.4698 -0.7511 -0.4638
vn 0.4623 -0.7545 -0.4659
vn 0.8867 -0.3934 -0.2429
vn 0.9377 -0.3382 0.0800
vn 0.8867 0.2429 -0.3934
vn 0.9377 -0.0800 -0.3382
vn 0.8867 -0.2429 0.3934
vn 0.8867 0.3934 0.2429
vn 0.9377 0.0800 0.3382
vn 0.6983 -0.7019 -0.1404
vn 0.6983 0.5647 -0.4399
vn 0.9377 0.3382 -0.0800
vn 0.6983 0.7019 0.1404
vn 0.6065 0.6765 0.4177
vn 0.6983 0.4399 0.5647
vn 0.7309 0.1571 0.6641
vn 0.6983 -0.1404 0.7019
vn 0.6065 -0.4177 0.6765
vn 0.6983 -0.5647 0.4399
vn 0.7309 -0.6642 0.1571
vn 0.4866 -0.1323 0.8636
vn 0.4270 0.2081 0.8800
vn 0.4417 -0.1340 0.8871
vn 0.4866 0.5051 0.7129
vn 0.4970 0.1997 0.8445
vn 0.4698 -0.4638 0.7511
vn 0.4698 0.7511 0.4638
vn 0.4417 0.5172 0.7331
vn 0.4623 -0.4659 0.7545
vn 0.4866 -0.8636 -0.1322
vn 0.4270 -0.8800 0.2081
vn 0.4417 -0.8871 -0.1340
vn 0.4866 -0.7129 0.5051
vn 0.4417 -0.7331 0.5172
vn 0.4970 -0.8445 0.1997
vn 0.4866 0.7129 -0.5051
vn 0.4270 0.8800 -0.2081
vn 0.4970 0.8445 -0.1997
vn 0.4866 0.8636 0.1323
vn 0.4417 0.7331 -0.5172
vn 0.4416 0.8871 0.1340
vn 0.7309 0.6641 -0.1571
vn 0.4629 0.5322 -0.7089
vn 0.4629 0.7089 0.5322
vn 0.4623 0.4659 -0.7545
vn 0.4623 0.7545 0.4659
vn 0.9959 -0.0839 0.0338
vn 0.9987 -0.0442 0.0247
vn 0.9920 -0.1217 0.0335
vn 0.9989 0.0431 0.0177
vn 0.9777 0.2041 0.0489
vn 0.9906 0.1355 0.0166
vn 0.9580 0.2840 0.0405
vn 0.9474 0.3184 0.0327
vn 0.9760 0.2168 0.0209
vn 0.9931 0.1059 0.0498
vn 0.9264 0.3758 0.0252
vn 0.9300 0.3669 0.0209
vn -0.1400 -0.9894 -0.0384
vn -0.1187 -0.9170 -0.3809
vn -0.1168 -0.9157 -0.3846
vn -0.9987 0.0460 -0.0238
vn -0.9959 0.0838 -0.0337
vn -0.9916 0.1252 -0.0327
vn -0.9990 -0.0417 -0.0171
vn -0.9773 -0.2058 -0.0494
vn -0.9930 -0.1073 -0.0501
vn -0.9481 -0.3162 -0.0327
vn -0.9574 -0.2857 -0.0413
vn -0.9764 -0.2152 -0.0206
vn -0.9988 -0.0086 -0.0478
vn -0.9909 -0.1340 -0.0162
vn -0.9294 -0.3684 -0.0238
vn -0.9253 -0.3782 -0.0259
vn 0.9890 -0.1436 0.0354
vn 0.9905 -0.1323 0.0378
vn 0.9892 -0.1431 0.0303
vn -0.0655 -0.6871 -0.7236
vn -0.0365 -0.6043 -0.7959
vn -0.0216 -0.5982 -0.8011
vn -0.0287 -0.7469 0.6643
vn 0.0053 -0.5239 0.8518
vn -0.0481 -0.7585 0.6499
vn -0.4063 0.9136 -0.0144
vn -0.3878 0.8394 0.3808
vn -0.3758 0.8420 0.3871
vn -0.0030 -0.1760 0.9844
vn -0.1119 0.2851 0.9519
vn -0.0053 -0.1913 0.9815
vn -0.0127 0.2665 -0.9638
vn 0.0377 -0.1003 -0.9942
vn -0.0236 0.2818 -0.9592
vn -0.2914 0.8579 -0.4232
vn -0.1498 0.6339 -0.7588
vn -0.2895 0.8647 -0.4105
vn 0.0169 -0.5126 0.8584
vn -0.3952 0.9185 -0.0107
vn -0.2633 0.6407 0.7212
vn -0.2450 0.6404 0.7279
vn 0.0120 -0.4711 -0.8820
vn 0.0247 -0.4663 -0.8843
vn -0.1086 0.2906 0.9507
vn -0.1316 0.6254 -0.7691
vn -0.0236 0.2819 -0.9592
vn 0.0411 -0.1034 -0.9938
vn -0.0875 -0.8907 0.4461
vn -0.1064 -0.8947 0.4338
vn -0.9891 0.1442 -0.0300
vn -0.9904 0.1329 -0.0376
vn -0.1337 -0.9599 0.2463
vn -0.1378 -0.9896 -0.0410
vn -0.0723 -0.6904 -0.7198
vn -0.1381 -0.9613 0.2385
vn -0.9889 0.1446 -0.0351
vn -0.9908 0.1282 -0.0432
vn 0.9768 -0.1096 0.1842
vn 0.9909 -0.0176 0.1337
vn 0.9832 -0.0717 0.1676
vn 0.9942 0.0832 0.0678
vn 0.9939 0.0890 0.0644
vn 0.9939 0.0325 0.1055
vn 0.9886 0.1497 0.0138
vn 0.9510 0.3027 -0.0638
vn 0.9742 0.2172 -0.0610
vn 0.9902 0.1364 0.0290
vn 0.9634 0.2567 -0.0771
vn -0.2221 -0.8442 0.4878
vn -0.1712 -0.9712 0.1655
vn -0.1689 -0.9723 0.1613
vn -0.9763 0.1126 -0.1849
vn -0.9910 0.0163 -0.1327
vn -0.9805 0.0704 -0.1836
vn -0.9941 -0.0868 -0.0652
vn -0.9941 -0.0857 -0.0667
vn -0.9939 -0.0315 -0.1058
vn -0.9891 -0.1462 -0.0153
vn -0.9485 -0.3099 0.0657
vn -0.9754 -0.2198 0.0192
vn -0.9828 0.0753 -0.1688
vn -0.9901 -0.1378 -0.0285
vn -0.9638 -0.2554 0.0766
vn -0.9744 -0.2165 0.0607
vn 0.9683 -0.1358 0.2097
vn 0.9715 -0.1204 0.2042
vn 0.9701 -0.1345 0.2023
vn -0.0669 -0.9585 -0.2772
vn 0.0180 -0.8274 -0.5613
vn 0.0306 -0.8223 -0.5683
vn -0.1367 -0.1687 0.9761
vn -0.1034 0.1219 0.9871
vn -0.1608 -0.1929 0.9679
vn -0.2854 0.7728 -0.5668
vn -0.3000 0.9428 -0.1456
vn -0.2950 0.9449 -0.1419
vn -0.0932 0.4547 0.8858
vn -0.1431 0.7299 0.6685
vn -0.0973 0.4396 0.8929
vn 0.0811 -0.3488 -0.9337
vn 0.1005 -0.6507 -0.7527
vn 0.0725 -0.3387 -0.9381
vn -0.1753 0.4625 -0.8691
vn -0.0396 0.0980 -0.9944
vn -0.1843 0.4793 -0.8581
vn -0.0883 0.1384 0.9864
vn -0.2771 0.7773 -0.5649
vn -0.2447 0.9214 0.3020
vn -0.2316 0.9228 0.3080
vn 0.0663 -0.7560 -0.6512
vn 0.0692 -0.7500 -0.6578
vn -0.1375 0.7328 0.6665
vn -0.0143 0.0787 -0.9968
vn -0.0396 0.0979 -0.9944
vn 0.0958 -0.6523 -0.7519
vn -0.1930 -0.4696 0.8615
vn -0.2149 -0.4862 0.8470
vn -0.9699 0.1356 -0.2024
vn -0.9714 0.1207 -0.2043
vn -0.2309 -0.6772 0.6987
vn -0.2192 -0.8471 0.4841
vn -0.0740 -0.9593 -0.2726
vn -0.2358 -0.6856 0.6888
vn 0.9804 -0.0712 0.1839
vn -0.9681 0.1368 -0.2100
vn -0.9709 0.1187 -0.2082
vn 0.9950 -0.0557 -0.0827
vn 0.9998 0.0214 0.0004
vn 0.9976 -0.0110 -0.0691
vn 0.9973 0.0723 0.0105
vn 0.9866 0.1342 0.0926
vn 0.9916 0.1198 0.0493
vn 0.9822 0.1665 0.0870
vn 0.9686 0.2047 0.1414
vn 0.9744 0.1969 0.1081
vn 0.9952 0.0851 0.0475
vn 0.9739 0.1801 0.1381
vn -0.0586 -0.4470 0.8926
vn -0.1682 -0.1870 0.9679
vn -0.0503 -0.4560 0.8885
vn -0.1587 -0.7309 -0.6638
vn -0.1632 -0.4151 -0.8950
vn -0.1615 -0.4115 -0.8970
vn -0.9948 0.0566 0.0843
vn -0.9997 -0.0234 -0.0026
vn -0.9999 0.0167 -0.0040
vn -0.9973 -0.0728 -0.0108
vn -0.9865 -0.1346 -0.0933
vn -0.9950 -0.0864 -0.0492
vn -0.9826 -0.1652 -0.0850
vn -0.9685 -0.2046 -0.1417
vn -0.9741 -0.1795 -0.1376
vn -0.9973 0.0128 0.0717
vn -0.9917 -0.1191 -0.0480
vn 0.9908 -0.0811 -0.1082
vn 0.9932 -0.0849 -0.0793
vn 0.9973 -0.0454 -0.0581
vn -0.1415 -0.1738 -0.9746
vn -0.1042 0.0400 -0.9937
vn -0.1052 0.0437 -0.9935
vn 0.0148 -0.9999 0.0007
vn 0.0544 -0.9811 0.1855
vn -0.0094 -0.9999 -0.0136
vn 0.9887 0.1453 0.0370
vn 0.9884 0.1442 0.0484
vn 0.9876 0.1475 0.0535
vn 0.0701 -0.8128 0.5783
vn 0.0126 -0.5950 0.8036
vn 0.0647 -0.8232 0.5641
vn -0.0871 0.8624 -0.4986
vn -0.0387 0.6418 -0.7659
vn -0.0840 0.8669 -0.4913
vn -0.2532 0.9670 -0.0297
vn -0.1655 0.9567 -0.2396
vn -0.2527 0.9669 -0.0361
vn 0.0755 -0.9763 0.2028
vn -0.9891 -0.1411 -0.0432
vn -0.9893 -0.1421 -0.0317
vn -0.9883 -0.1444 -0.0483
vn -0.3414 0.8984 0.2761
vn -0.3524 0.8839 0.3074
vn -0.0579 0.3619 -0.9304
vn -0.0465 0.3644 -0.9301
vn 0.0091 -0.5924 0.8056
vn -0.1634 0.9555 -0.2455
vn -0.0407 0.6381 -0.7689
vn -0.0567 -0.9971 -0.0499
vn -0.0615 -0.9964 -0.0590
vn -0.9933 0.0847 0.0786
vn -0.9975 0.0438 0.0558
vn -0.1213 -0.9479 -0.2944
vn -0.1564 -0.7312 -0.6640
vn -0.1499 -0.1807 -0.9721
vn -0.1117 -0.9519 -0.2853
vn 0.9998 -0.0207 -0.0004
vn -0.9908 0.0812 0.1084
vn -0.9888 0.0863 0.1218
vn 0.9719 -0.2260 0.0661
vn 0.9914 -0.1008 0.0840
vn 0.9834 -0.1752 0.0479
vn 0.9980 -0.0231 0.0584
vn 0.9988 -0.0008 0.0499
vn 0.9962 -0.0728 0.0485
vn 0.9828 0.1802 0.0399
vn 0.9676 0.2483 0.0457
vn 0.9940 0.0988 0.0479
vn 0.9969 0.0659 0.0433
vn 0.9826 0.1844 0.0224
vn 0.9946 0.1030 -0.0109
vn -0.2422 -0.9700 0.0218
vn -0.2038 -0.9250 -0.3207
vn -0.2010 -0.9229 -0.3283
vn -0.9712 0.2290 -0.0654
vn -0.9915 0.0990 -0.0841
vn -0.9838 0.1496 -0.0983
vn -0.9969 0.0661 -0.0417
vn -0.9969 -0.0633 -0.0475
vn -0.9977 0.0179 -0.0647
vn -0.9666 -0.2519 -0.0464
vn -0.9827 -0.1810 -0.0402
vn -0.9942 -0.0965 -0.0477
vn -0.9829 0.1779 -0.0471
vn -0.9991 0.0056 -0.0432
vn -0.9833 -0.1808 -0.0219
vn -0.9496 -0.3101 -0.0462
vn 0.9623 -0.2568 0.0897
vn 0.9713 -0.2178 0.0962
vn 0.9673 -0.2407 0.0805
vn -0.1208 -0.7355 -0.6666
vn -0.0516 -0.5831 -0.8108
vn -0.0548 -0.5745 -0.8166
vn -0.1370 -0.7202 0.6801
vn -0.0868 -0.4999 0.8617
vn -0.1562 -0.7301 0.6652
vn -0.2272 0.9713 -0.0708
vn -0.2209 0.8871 0.4054
vn -0.2265 0.8852 0.4064
vn -0.0564 -0.0787 0.9953
vn -0.0955 0.3605 0.9278
vn -0.0612 -0.0955 0.9935
vn 0.0527 0.1519 -0.9870
vn 0.0557 -0.1699 -0.9839
vn 0.0464 0.1644 -0.9853
vn -0.1399 0.8642 -0.4833
vn -0.0352 0.5969 -0.8015
vn -0.1433 0.8729 -0.4663
vn -0.0727 -0.4868 0.8705
vn -0.2186 0.9730 -0.0740
vn -0.1609 0.6605 0.7334
vn -0.1628 0.6693 0.7249
vn 0.0003 -0.4207 -0.9072
vn 0.0105 -0.4271 -0.9041
vn -0.0898 0.3553 0.9304
vn -0.0168 0.5769 -0.8167
vn 0.0533 -0.1720 -0.9836
vn -0.1994 -0.8473 0.4922
vn -0.2164 -0.8503 0.4797
vn -0.9672 0.2411 -0.0802
vn -0.9714 0.2170 -0.0963
vn -0.2417 -0.9262 0.2895
vn -0.2398 -0.9706 0.0203
vn -0.1273 -0.7384 -0.6622
vn -0.2453 -0.9276 0.2817
vn 0.9833 -0.1534 0.0975
vn -0.9620 0.2578 -0.0895
vn -0.9657 0.2412 -0.0966
vn 0.9798 -0.1831 -0.0800
vn 0.9811 -0.1708 -0.0906
vn 0.9660 -0.2414 -0.0924
vn 0.9957 -0.0748 -0.0554
vn 0.9998 0.0210 0.0062
vn 0.9996 -0.0057 -0.0288
vn 0.9981 0.0612 -0.0051
vn 0.9777 0.1883 0.0928
vn 0.9890 0.1463 0.0203
vn 0.9987 -0.0444 -0.0236
vn 0.9941 0.0966 0.0502
vn 0.9853 0.1670 0.0365
vn -0.2896 -0.8726 -0.3934
vn -0.2756 -0.6457 -0.7121
vn -0.2737 -0.6432 -0.7151
vn -0.9804 0.1738 0.0930
vn -0.9807 0.1791 0.0784
vn -0.9654 0.2434 0.0937
vn -0.9956 0.0753 0.0560
vn -0.9998 -0.0212 -0.0064
vn -0.9988 0.0433 0.0229
vn -0.9982 -0.0592 0.0067
vn -0.9770 -0.1907 -0.0957
vn -0.9941 -0.0960 -0.0500
vn -0.9921 0.1142 0.0517
vn -0.9995 0.0070 0.0300
vn -0.9858 -0.1642 -0.0343
vn -0.9892 -0.1452 -0.0195
vn 0.9644 -0.2395 -0.1123
vn 0.9603 -0.2515 -0.1209
vn 0.9696 -0.2280 -0.0886
vn -0.2170 -0.3630 -0.9061
vn -0.1777 -0.3233 -0.9294
vn -0.1833 -0.3040 -0.9349
vn -0.0848 -0.8989 0.4298
vn -0.0273 -0.7778 0.6279
vn -0.1066 -0.9032 0.4159
vn -0.2415 0.8953 0.3742
vn -0.1984 0.5917 0.7814
vn -0.2064 0.5906 0.7801
vn 0.0199 -0.5562 0.8308
vn -0.0057 -0.2482 0.9687
vn 0.0139 -0.5685 0.8226
vn -0.0259 0.6818 -0.7311
vn -0.0289 0.3007 -0.9533
vn -0.0220 0.6864 -0.7269
vn -0.1726 0.9836 -0.0528
vn -0.0833 0.8996 -0.4287
vn -0.1714 0.9845 -0.0377
vn -0.0096 -0.7698 0.6382
vn -0.2310 0.8981 0.3742
vn -0.0960 0.1581 0.9827
vn -0.0919 0.1602 0.9828
vn -0.1276 -0.1802 -0.9753
vn -0.1088 -0.1947 -0.9748
vn -0.0033 -0.2419 0.9703
vn -0.0795 0.8937 -0.4417
vn -0.0329 0.2966 -0.9545
vn -0.1978 -0.9725 0.1232
vn -0.2006 -0.9724 0.1192
vn -0.9701 0.2265 0.0875
vn -0.9601 0.2521 0.1214
vn -0.2665 -0.9572 -0.1129
vn -0.2874 -0.8732 -0.3936
vn -0.2260 -0.3689 -0.9016
vn -0.2579 -0.9592 -0.1161
vn -0.9643 0.2396 0.1125
vn -0.9608 0.2484 0.1235
vn 0.9792 -0.0599 0.1940
vn 0.9899 0.0199 0.1407
vn 0.9752 -0.1367 0.1742
vn 0.9957 0.0471 0.0799
vn 0.9972 0.0102 0.0735
vn 0.9932 -0.0484 0.1056
vn 0.9980 0.0075 0.0622
vn 0.9895 0.1439 0.0096
vn 0.9982 0.0606 0.0032
vn 0.9978 0.0337 0.0580
vn 0.9975 0.0709 -0.0004
vn -0.2362 -0.8528 0.4657
vn -0.1755 -0.9793 0.1003
vn -0.1732 -0.9801 0.0966
vn -0.9794 0.0594 -0.1928
vn -0.9908 -0.0378 -0.1296
vn -0.9814 0.0441 -0.1870
vn -0.9950 0.0254 -0.0964
vn -0.9956 -0.0520 -0.0781
vn -0.9909 0.0544 -0.1228
vn -0.9980 -0.0049 -0.0632
vn -0.9890 -0.1477 -0.0093
vn -0.9970 -0.0620 -0.0466
vn -0.9843 0.0813 -0.1565
vn -0.9978 -0.0296 -0.0596
vn -0.9978 -0.0660 -0.0011
vn -0.9982 -0.0593 -0.0036
vn 0.9690 -0.1198 0.2160
vn 0.9857 -0.0069 0.1681
vn 0.9819 -0.0275 0.1873
vn -0.1829 -0.9486 -0.2584
vn -0.1490 -0.9817 -0.1185
vn -0.1902 -0.9417 -0.2774
vn -0.1047 0.1750 0.9790
vn -0.1817 -0.1013 0.9781
vn -0.2038 -0.1019 0.9737
vn -0.1511 0.8425 -0.5171
vn -0.1542 0.9871 -0.0433
vn -0.1621 0.9857 -0.0451
vn -0.0613 0.4659 0.8827
vn -0.0605 0.6745 0.7358
vn -0.0582 0.4694 0.8811
vn 0.0659 -0.2685 -0.9610
vn 0.0254 -0.6282 -0.7777
vn 0.0735 -0.2438 -0.9670
vn -0.0605 0.5515 -0.8320
vn 0.0309 0.1842 -0.9824
vn -0.0598 0.5637 -0.8238
vn -0.0923 0.1742 0.9804
vn -0.1405 0.8431 -0.5191
vn -0.1066 0.8907 0.4419
vn -0.1023 0.8909 0.4426
vn -0.1011 -0.8651 -0.4914
vn -0.0798 -0.8589 -0.5059
vn -0.0593 0.6756 0.7349
vn 0.0344 0.1701 -0.9848
vn 0.0137 -0.6563 -0.7544
vn -0.2693 -0.2721 0.9238
vn -0.2716 -0.2841 0.9195
vn -0.9833 0.0295 -0.1795
vn -0.9804 0.0423 -0.1922
vn -0.2565 -0.5719 0.7792
vn -0.2339 -0.8531 0.4664
vn -0.1275 -0.9867 -0.1012
vn -0.2626 -0.5520 0.7914
vn 0.9807 -0.0491 0.1894
vn -0.9690 0.1200 -0.2160
vn -0.9670 0.1343 -0.2166
vn -0.3007 0.2517 0.9199
vn -0.1878 -0.1410 0.9720
vn -0.3071 0.2757 0.9109
vn -0.3650 0.6418 0.6745
vn -0.3664 0.6405 0.6750
vn -0.9748 -0.1958 -0.1064
vn 0.9988 0.0077 0.0477
vn 0.9262 0.3762 0.0255
vn -0.9338 -0.3573 -0.0188
vn 0.9909 -0.1278 0.0434
vn 0.9754 0.2194 -0.0190
vn 0.9638 0.2556 -0.0763
vn -0.9641 -0.2543 0.0758
vn 0.9709 -0.1184 0.2081
vn -0.0142 0.0787 -0.9968
vn 0.9889 -0.0861 -0.1215
vn 0.9913 0.1285 0.0301
vn -0.9918 -0.1252 -0.0247
vn 0.9518 0.3035 0.0450
vn -0.9955 -0.0943 0.0124
vn 0.9657 -0.2409 0.0966
vn 0.0532 -0.1720 -0.9837
vn 0.9918 -0.1165 -0.0528
vn 0.9868 0.1587 0.0335
vn -0.9874 -0.1552 -0.0308
vn 0.9609 -0.2480 -0.1232
vn 0.9970 0.0623 0.0465
vn 0.9966 0.0818 -0.0080
vn -0.9969 -0.0779 0.0067
vn 0.9670 -0.1341 0.2165
vn 0.5481 0.2204 -0.8069
vn 0.6646 0.3509 -0.6597
vn 0.6403 0.1846 -0.7456
vn 0.5647 -0.8100 0.1580
vn 0.5433 -0.7907 0.2821
vn 0.5345 -0.8333 0.1411
vn 0.5776 -0.7631 -0.2899
vn 0.5575 -0.6924 -0.4580
vn 0.5561 -0.7846 -0.2742
vn 0.5202 0.7562 0.3969
vn 0.6914 0.6731 0.2626
vn 0.6079 0.7266 0.3202
vn 0.6571 -0.1807 0.7318
vn 0.6631 -0.3461 0.6637
vn 0.6271 -0.2174 0.7480
vn 0.3762 -0.1942 0.9059
vn 0.5245 -0.3292 0.7852
vn 0.5890 -0.0969 0.8023
vn 0.6763 0.7266 -0.1207
vn 0.7139 0.6404 -0.2832
vn 0.6865 0.6643 -0.2959
vn 0.5800 0.8117 -0.0692
vn 0.5461 0.8222 -0.1603
vn 0.6240 0.7397 -0.2517
vn 0.6696 -0.0472 -0.7412
vn 0.6981 -0.2755 -0.6609
vn 0.7214 -0.3095 -0.6195
vn 0.5816 0.7793 0.2331
vn 0.5424 0.7402 0.3974
vn 0.5013 0.8389 0.2121
vn 0.6384 -0.7647 0.0877
vn 0.5727 -0.7679 0.2870
vn 0.5151 -0.7942 0.3223
vn 0.4825 0.8653 0.1359
vn 0.4816 0.8712 0.0958
vn 0.4392 0.8879 0.1373
vn 0.7067 -0.6000 -0.3750
vn 0.6835 -0.6441 -0.3434
vn 0.5982 -0.7720 0.2150
vn 0.5880 -0.7920 0.1644
vn 0.6567 -0.7431 -0.1288
vn 0.6376 -0.7556 -0.1498
vn 0.6319 -0.7723 -0.0662
vn 0.5371 0.8268 -0.1672
vn 0.6925 0.6989 -0.1786
vn 0.7188 0.6806 -0.1415
vn 0.5845 -0.8032 -0.1150
vn 0.5383 -0.7622 -0.3596
vn 0.5693 -0.7356 -0.3672
vn 0.6568 -0.7511 -0.0664
vn 0.6319 -0.7742 -0.0371
vn 0.5558 -0.8227 -0.1192
vn 0.5561 0.8225 0.1196
vn 0.5963 -0.7296 -0.3347
vn 0.6345 -0.7185 -0.2849
vn 0.6845 -0.6804 0.2617
vn 0.6809 -0.6173 0.3940
vn 0.7042 -0.5365 0.4651
vn 0.6063 0.6704 0.4277
vn 0.6241 0.4720 0.6227
vn 0.6609 -0.7445 0.0952
vn 0.6213 -0.7804 0.0703
vn 0.6546 0.4109 0.6345
vn 0.6291 0.0547 0.7754
vn 0.4384 -0.1473 -0.8866
vn 0.5925 -0.4378 -0.6762
vn 0.4820 -0.4641 -0.7431
vn 0.6243 -0.1308 0.7701
vn 0.6521 0.0601 0.7558
vn 0.6241 0.6699 -0.4021
vn 0.6733 0.5448 -0.4999
vn 0.4610 -0.6346 0.6203
vn 0.6804 0.0591 -0.7305
vn 0.6542 0.2589 -0.7106
vn 0.6398 0.0680 -0.7655
vn 0.5146 -0.8408 -0.1679
vn 0.6440 -0.7540 -0.1294
vn 0.6609 -0.7391 -0.1304
vn 0.5843 0.7597 0.2854
vn 0.6374 0.7111 0.2966
vn 0.6758 0.7152 0.1780
vn 0.4926 -0.7093 -0.5043
vn 0.5258 0.1640 0.8346
vn 0.6098 0.0238 0.7922
vn 0.6531 0.2930 0.6983
vn 0.6569 0.7527 0.0448
vn 0.6852 0.7276 0.0324
vn 0.5981 -0.1512 0.7870
vn 0.6691 0.5487 -0.5013
vn 0.7057 0.5232 -0.4778
vn 0.6888 -0.3296 0.6457
vn 0.6985 0.7057 -0.1186
vn 0.4928 0.8625 0.1151
vn 0.5481 0.8289 0.1117
vn 0.4474 0.0768 -0.8910
vn 0.6558 0.1010 -0.7482
vn 0.5431 0.8337 0.1003
vn 0.5254 0.8493 -0.0523
vn 0.4974 -0.0280 0.8671
vn 0.5698 0.7950 -0.2082
vn 0.7000 0.7130 -0.0402
vn 0.6643 -0.7174 -0.2100
vn 0.7027 0.6318 0.3271
vn 0.6441 -0.0068 -0.7649
vn 0.6504 -0.7587 -0.0373
vn 0.5369 -0.8388 0.0905
vn 0.6062 0.7874 0.1114
vn 0.6987 0.7109 0.0805
vn 0.6608 -0.7391 -0.1304
vn 0.5769 -0.8129 -0.0799
vn 0.5664 0.6564 0.4984
vn 0.6491 0.5984 0.4697
vn 0.6148 -0.7802 -0.1155
vn 0.6013 -0.0979 -0.7930
vn 0.6411 -0.7658 -0.0504
vn 0.6072 -0.7931 -0.0485
vn 0.6376 -0.7685 0.0534
vn 0.6918 0.2509 -0.6771
vn 0.5601 0.4350 0.7050
vn 0.6154 0.3867 -0.6868
vn 0.5606 -0.5918 0.5793
vn 0.3903 -0.3968 0.8308
vn 0.8065 -0.5506 -0.2152
vn 0.8058 -0.5914 -0.0324
vn 0.9786 -0.1926 -0.0722
vn 0.9760 -0.2175 -0.0093
vn 0.9731 0.2134 0.0865
vn 0.9764 0.2155 0.0112
vn 0.8144 0.5404 0.2113
vn 0.8178 -0.5699 0.0802
vn 0.9778 -0.2069 0.0326
vn 0.9781 0.2060 -0.0310
vn 0.8182 0.5744 0.0253
vn 0.8281 0.5530 -0.0915
vn 0.8112 -0.0948 0.5771
vn 0.7993 -0.1449 0.5832
vn 0.9849 -0.0331 0.1698
vn 0.9719 -0.0643 0.2262
vn 0.9817 0.0184 -0.1895
vn 0.9755 0.0430 -0.2155
vn 0.8409 0.0697 -0.5367
vn 0.7961 0.1403 -0.5887
vn 0.8402 0.0409 -0.5407
vn 0.8199 -0.0420 -0.5709
vn 0.9876 0.0064 -0.1566
vn 0.9588 0.0112 0.2840
vn 0.9558 -0.0334 0.2921
vn 0.7591 0.0293 0.6504
vn 0.7567 -0.0672 0.6503
vn 0.7880 0.6098 0.0848
vn 0.7908 0.6096 -0.0559
vn 0.9848 0.1720 0.0249
vn 0.9814 0.1902 -0.0244
vn 0.9756 -0.2175 -0.0285
vn 0.9580 -0.2862 0.0203
vn 0.7761 -0.6258 -0.0780
vn 0.7210 -0.6899 0.0648
vn 0.6666 0.7361 0.1172
vn 0.9357 0.3481 0.0577
vn 0.9826 -0.1836 -0.0263
vn 0.7989 -0.5940 -0.0948
vn 0.6440 -0.7540 -0.1293
vn 0.7673 0.6365 0.0777
vn 0.7997 0.5739 0.1762
vn 0.9730 0.2295 0.0239
vn 0.9805 0.1854 0.0653
vn 0.9757 -0.2163 -0.0352
vn 0.9612 -0.2657 -0.0748
vn 0.7956 -0.5993 -0.0885
vn 0.7435 -0.6368 -0.2042
vn 0.8048 -0.5685 -0.1708
vn 0.8398 -0.4588 -0.2903
vn 0.9752 -0.2118 -0.0647
vn 0.9843 -0.1458 -0.0994
vn 0.9695 0.2309 0.0824
vn 0.9661 0.2156 0.1422
vn 0.7761 0.5911 0.2197
vn 0.7847 0.5019 0.3638
vn 0.8586 -0.2314 -0.4575
vn 0.9893 -0.0717 -0.1273
vn 0.9622 0.1070 0.2503
vn 0.7846 0.2530 0.5661
vn 0.8008 -0.5894 -0.1067
vn 0.9698 -0.2399 -0.0438
vn 0.9808 0.1901 0.0433
vn 0.8174 0.5615 0.1283
vn 0.9834 -0.0188 -0.1807
vn 0.7703 -0.6154 0.1668
vn 0.7931 -0.6080 0.0358
vn 0.9660 -0.2507 0.0628
vn 0.9691 -0.2464 0.0064
vn 0.9807 0.1880 -0.0545
vn 0.9827 0.1842 -0.0193
vn 0.8236 0.5485 -0.1444
vn 0.8329 0.5524 -0.0344
vn 0.8008 -0.5962 -0.0572
vn 0.9675 -0.2513 -0.0271
vn 0.9857 0.1679 0.0153
vn 0.8394 0.5405 0.0581
vn 0.7456 -0.6596 -0.0948
vn 0.7301 -0.6694 0.1370
vn 0.9502 -0.3081 -0.0468
vn 0.9466 -0.3151 0.0687
vn 0.9921 0.1248 0.0132
vn 0.9910 0.1320 -0.0246
vn 0.8640 0.4989 0.0681
vn 0.8525 0.5118 -0.1064
vn 0.7331 0.6733 0.0957
vn 0.7333 -0.6043 -0.3115
vn 0.9491 -0.2764 -0.1514
vn 0.9887 0.1369 0.0609
vn 0.8403 0.4829 0.2463
vn 0.8283 -0.2549 0.4990
vn 0.8425 -0.4056 0.3546
vn 0.9808 -0.0943 0.1710
vn 0.9821 -0.1449 0.1207
vn 0.9714 0.0994 -0.2155
vn 0.9778 0.1493 -0.1467
vn 0.8001 0.2707 -0.5354
vn 0.8317 0.4072 -0.3776
vn 0.8305 -0.5173 0.2065
vn 0.9791 -0.1889 0.0758
vn 0.9805 0.1794 -0.0804
vn 0.8392 0.4972 -0.2202
vn 0.8220 0.3051 0.4808
vn 0.8561 0.0401 0.5152
vn 0.9953 0.0261 0.0929
vn 0.9830 0.1058 0.1502
vn 0.9582 0.0078 -0.2859
vn 0.9599 -0.1418 -0.2417
vn 0.7719 -0.0403 -0.6344
vn 0.7496 -0.3543 -0.5590
vn 0.8024 0.4975 0.3295
vn 0.9832 0.1381 0.1194
vn 0.9562 -0.2604 -0.1333
vn 0.7315 -0.5763 -0.3644
vn 0.8361 0.5157 -0.1872
vn 0.8508 0.3865 -0.3559
vn 0.9892 0.1332 -0.0618
vn 0.9911 0.1067 -0.0793
vn 0.9624 -0.2588 0.0820
vn 0.9527 -0.2033 0.2260
vn 0.7517 -0.6179 0.2305
vn 0.7346 -0.4780 0.4815
vn 0.9966 0.0442 -0.0702
vn 0.9398 -0.0925 0.3291
vn 0.7047 -0.2375 0.6685
vn 0.8780 0.1691 -0.4478
vn 0.9827 -0.1836 -0.0263
vn 0.6102 -0.7811 -0.1328
vn 0.3177 -0.4175 0.8513
vn 0.4032 -0.6635 0.6302
vn 0.3483 0.9265 0.1427
vn 0.3422 0.9207 -0.1879
vn 0.6539 0.7560 0.0290
vn 0.2242 -0.2296 0.9471
vn 0.3181 0.0780 -0.9448
vn 0.5064 0.2454 -0.8266
vn 0.7157 -0.6926 0.0892
vn 0.3274 0.8298 0.4519
vn 0.4138 -0.0389 0.9095
vn 0.4800 -0.8555 -0.1945
vn 0.4776 0.8538 -0.2072
vn 0.7402 -0.6720 -0.0238
vn 0.6061 0.4032 -0.6857
vn 0.6635 0.5575 -0.4990
vn 0.7161 -0.6875 -0.1207
vn 0.6811 0.6647 -0.3070
vn 0.6351 -0.7239 -0.2695
vn 0.6741 0.7263 -0.1342
vn 0.4973 0.6797 0.5392
vn 0.4894 0.4520 0.7458
vn 0.4539 0.1800 0.8727
vn 0.3419 -0.1726 -0.9237
vn 0.5266 0.7882 0.3185
vn 0.4146 -0.4969 -0.7623
vn 0.5962 0.8011 -0.0525
vn 0.5216 0.8525 -0.0352
vn 0.4439 -0.7240 -0.5279
vn 0.5447 0.8276 0.1355
vn 0.4453 -0.8152 0.3704
vn 0.5856 0.7657 0.2659
vn 0.9727 0.1574 -0.1707
vn 0.9813 -0.0341 0.1896
vn 0.9813 0.0193 -0.1917
vn 0.8472 0.2040 -0.4906
vn 0.9008 0.4177 -0.1186
vn 0.6719 0.2887 0.6820
vn 0.5988 0.3230 0.7328
vn 0.6533 0.3946 0.6461
vn 0.6713 -0.0259 0.7407
vn 0.7317 0.0576 0.6792
vn 0.6719 0.4650 -0.5764
vn 0.6365 0.5693 -0.5203
vn 0.6628 0.4794 -0.5753
vn 0.7882 0.4394 -0.4309
vn 0.7636 0.5396 -0.3546
vn 0.6457 0.1955 -0.7381
vn 0.7317 0.2421 -0.6372
vn 0.8472 0.0612 0.5278
vn 0.9008 0.3690 0.2289
vn 0.7882 0.3041 0.5351
vn 0.5507 0.5728 -0.6072
vn 0.5800 0.3829 0.7190
vn 0.6473 0.1061 -0.7548
vn 0.6265 -0.1079 0.7719
vn 0.7266 0.4425 0.5255
vn 0.8562 -0.0740 0.5114
vn 0.9727 0.1044 0.2073
vn 0.8562 0.0695 -0.5120
vn 0.7963 0.6005 -0.0730
vn 0.7403 0.0966 -0.6653
vn 0.7403 -0.0900 0.6662
vn -0.1951 -0.9713 -0.1363
vn -0.1694 -0.9760 -0.1368
vn -0.1796 -0.9742 -0.1368
vn 0.7852 0.5655 0.2523
vn 0.7316 0.3553 0.5819
vn 0.4065 0.4849 0.7743
vn 0.7349 0.6376 0.2311
vn 0.5913 0.3798 0.7114
vn 0.5275 -0.1299 0.8396
vn 0.6976 0.5214 -0.4914
vn 0.5222 0.2733 -0.8078
vn 0.3469 0.7050 -0.6186
vn 0.6870 0.4967 -0.5304
vn 0.7009 0.5060 0.5026
vn 0.5516 0.1158 -0.8261
vn 0.7512 0.5745 -0.3249
vn 0.7479 0.6616 -0.0542
vn 0.5906 0.0161 0.8068
vn -0.1880 -0.9727 -0.1363
vn -0.2360 -0.9623 -0.1349
vn -0.2132 -0.9676 -0.1356
vn -0.1056 -0.9848 -0.1380
vn -0.1058 -0.9848 -0.1381
vn -0.0064 0.9896 0.1439
vn 0.0262 0.9753 -0.2195
vn -0.0494 0.7918 0.6088
vn -0.0215 0.9517 0.3064
vn -0.0178 0.9628 0.2695
vn 0.9960 -0.0066 0.0894
vn -0.9960 0.0066 -0.0895
vn -0.9960 0.0066 -0.0894
vn -0.0531 0.7606 0.6471
vn -0.0429 0.8408 0.5396
vn -0.0429 0.8408 0.5397
vn -0.9960 0.0065 -0.0894
vn -0.0024 0.9950 0.1000
vn -0.0020 0.9954 0.0953
vn -0.0020 0.9955 0.0953
vn -0.9960 0.0067 -0.0895
vn -0.0043 0.9926 0.1211
vn -0.0067 0.9890 0.1475
vn -0.0067 0.9891 0.1472
vn -0.0575 0.7181 0.6935
vn -0.0653 0.6307 0.7733
vn -0.0575 0.7182 0.6935
vn -0.0858 0.2213 0.9714
vn -0.0759 0.4697 0.8796
vn -0.0733 0.5147 0.8543
vn -0.0401 0.8590 0.5103
vn -0.0401 0.8591 0.5103
vn -0.0858 0.2207 0.9716
vn -0.0708 0.5550 0.8288
vn -0.0707 0.5550 0.8288
vn -0.0037 -0.9995 -0.0321
vn 0.0045 -0.9924 -0.1231
vn 0.0045 -0.9924 -0.1232
vn -0.9960 0.0065 -0.0893
vn -0.9960 0.0063 -0.0891
vn -0.9958 0.0080 -0.0907
vn 0.0675 0.7113 -0.6997
vn 0.0768 0.5778 -0.8126
vn 0.0768 0.5778 -0.8125
vn 0.0017 0.9985 0.0543
vn 0.0234 0.9819 -0.1881
vn 0.0853 -0.2376 -0.9676
vn 0.0854 -0.2330 -0.9687
vn 0.0854 -0.2329 -0.9687
vn 0.0874 -0.1513 -0.9846
vn 0.0883 0.2473 -0.9649
vn 0.0662 -0.6190 -0.7826
vn 0.0421 -0.8462 -0.5312
vn -0.0812 0.3574 0.9304
vn -0.0667 0.6122 0.7878
vn -0.0667 0.6123 0.7878
vn -0.0668 0.6101 0.7895
vn -0.0536 0.7553 0.6531
vn -0.0536 0.7553 0.6532
vn 0.0134 0.9971 -0.0754
vn 0.0358 0.9436 -0.3292
vn 0.0358 0.9436 -0.3293
vn -0.0896 -0.0978 0.9912
vn 0.0783 -0.4222 -0.9031
vn -0.0651 0.6330 0.7714
vn -0.0325 0.9029 0.4286
vn -0.0325 0.9029 0.4287
vn -0.0654 0.6288 0.7748
vn 0.0058 -0.9905 -0.1373
vn 0.0155 -0.9697 -0.2438
vn 0.0143 -0.9729 -0.2306
vn 0.0869 -0.1760 -0.9805
vn 0.0783 -0.4223 -0.9031
vn 0.0884 -0.0954 -0.9915
vn 0.0891 0.1872 -0.9783
vn 0.0157 -0.9692 -0.2460
vn -0.0316 0.9077 0.4184
vn 0.0575 -0.7180 -0.6936
vn 0.0582 -0.7113 -0.7005
vn 0.0894 -0.0099 -0.9959
vn 0.0616 -0.6743 -0.7359
vn 0.0550 -0.7429 -0.6671
vn 0.0550 -0.7428 -0.6672
vn -0.0838 0.2868 0.9543
vn -0.0751 0.4828 0.8725
vn 0.0386 0.9118 -0.4089
vn 0.0474 0.8621 -0.5045
vn 0.0445 0.8507 -0.5238
vn 0.0462 -0.8168 -0.5751
vn 0.0644 -0.6418 -0.7642
vn -0.0051 0.9915 0.1299
vn 0.0032 0.9993 0.0385
vn 0.0032 0.9993 0.0384
vn 0.0224 -0.9472 -0.3198
vn 0.0797 0.5217 -0.8494
vn 0.0896 0.0386 -0.9952
vn 0.0896 0.0385 -0.9952
vn -0.0117 -0.9983 0.0574
vn -0.0309 -0.9613 0.2737
vn 0.0771 -0.4467 -0.8913
vn 0.0500 -0.7869 -0.6151
vn 0.0863 0.3412 -0.9360
vn 0.0498 0.8697 -0.4910
vn 0.0535 -0.7563 -0.6520
vn 0.0328 -0.9016 -0.4314
vn 0.0839 0.4194 -0.9039
vn 0.0857 0.3640 -0.9274
vn -0.0393 0.8644 0.5014
vn -0.0393 0.8644 0.5013
vn 0.0017 0.9985 0.0542
vn 0.0771 -0.4466 -0.8914
vn 0.0781 0.5531 -0.8294
vn -0.0819 0.3375 0.9377
vn -0.0827 0.3179 0.9445
vn 0.0584 -0.7091 -0.7026
vn 0.0741 -0.5014 -0.8620
vn 0.0741 -0.5013 -0.8621
vn 0.0297 0.9652 -0.2598
vn -0.0894 -0.1440 0.9855
vn -0.0887 0.0730 0.9934
vn 0.0472 -0.8091 -0.5858
vn 0.0893 0.1585 -0.9833
vn 0.0896 0.1142 -0.9894
vn 0.0351 -0.8892 -0.4562
vn 0.0462 -0.8167 -0.5752
vn 0.0865 0.3320 -0.9393
vn 0.0884 0.2417 -0.9663
vn 0.0633 -0.6544 -0.7535
vn -0.0881 0.1162 0.9893
vn 0.0872 -0.1601 -0.9832
vn 0.0877 -0.1377 -0.9866
vn -0.0331 0.8998 0.4351
vn -0.0159 0.9686 0.2481
vn -0.0159 0.9686 0.2482
vn 0.0887 0.2167 -0.9722
vn -0.9960 0.0067 -0.0894
vn 0.0290 -0.9202 -0.3905
vn 0.0161 -0.9680 -0.2505
vn 0.0161 -0.9680 -0.2503
vn 0.0799 0.5172 -0.8521
vn -0.0413 0.8514 0.5229
vn -0.0413 0.8513 0.5230
vn -0.0392 0.8653 0.4997
vn -0.0369 0.8790 0.4753
vn 0.0897 0.0892 -0.9920
vn 0.0829 -0.3120 -0.9465
vn 0.0829 -0.3119 -0.9465
vn -0.0331 0.8997 0.4352
vn -0.0441 0.8322 0.5527
vn -0.9960 0.0064 -0.0893
vn 0.0733 -0.5140 -0.8547
vn 0.0872 -0.1600 -0.9833
vn -0.0841 0.2791 0.9566
vn -0.0840 0.2792 0.9565
vn -0.0852 0.2416 0.9666
vn -0.9960 0.0068 -0.0896
vn -0.0819 0.3376 0.9377
vn -0.0818 0.3407 0.9366
vn -0.0819 0.3405 0.9367
vn -0.0817 0.3440 0.9354
vn 0.0541 -0.7509 -0.6582
vn 0.0290 -0.9202 -0.3904
vn 0.0777 -0.4352 -0.8970
vn 0.9960 -0.0065 0.0894
vn 0.9960 -0.0066 0.0895
vn -0.0727 0.5239 0.8487
vn -0.0688 0.5830 0.8096
vn -0.0688 0.5828 0.8097
vn -0.0653 0.6308 0.7732
vn -0.0207 0.9535 0.3008
vn -0.0043 0.9926 0.1214
vn -0.0207 0.9534 0.3008
vn -0.0410 0.8535 0.5195
vn -0.0410 0.8535 0.5196
vn 0.0711 -0.5501 -0.8321
vn 0.0711 -0.5500 -0.8322
vn 0.0423 -0.8446 -0.5337
vn 0.0423 -0.8445 -0.5338
vn 0.0691 -0.5790 -0.8124
vn 0.0853 -0.2373 -0.9677
vn 0.0691 -0.5792 -0.8122
vn 0.0352 -0.8888 -0.4569
vn 0.0352 -0.8888 -0.4570
vn -0.0764 0.4600 0.8846
vn -0.0817 0.3439 0.9354
vn 0.0762 -0.4643 -0.8824
vn 0.0535 -0.7564 -0.6520
vn 0.0884 -0.0976 -0.9913
vn 0.0884 -0.0977 -0.9913
vn 0.0891 0.1850 -0.9787
vn -0.0206 0.9539 0.2993
vn -0.0206 0.9539 0.2994
vn -0.0541 0.7516 0.6574
vn -0.0789 0.4098 0.9088
vn -0.0789 0.4097 0.9088
vn -0.0893 0.0178 0.9958
vn 0.0642 0.7485 -0.6601
vn 0.0642 0.7484 -0.6601
vn 0.0455 0.8965 -0.4406
vn 0.0152 0.9950 -0.0984
vn -0.0168 0.9751 0.2211
vn -0.0056 0.9982 0.0602
vn 0.0896 0.1141 -0.9894
vn 0.0896 0.1143 -0.9894
vn 0.0896 0.1145 -0.9894
vn -0.0001 0.9984 0.0573
vn 0.0305 0.9533 -0.3004
vn 0.0138 0.9962 -0.0854
vn 0.0894 -0.0099 -0.9960
vn 0.0142 0.9963 -0.0843
vn 0.0432 0.9094 -0.4137
vn 0.0675 0.7112 -0.6997
vn 0.0432 0.9094 -0.4138
vn -0.9959 0.0069 -0.0897
vn -0.9960 0.0063 -0.0892
vn 0.0097 -0.9836 -0.1803
vn 0.0096 -0.9836 -0.1801
vn 0.0024 -0.9950 -0.1000
vn 0.0024 -0.9950 -0.1001
vn -0.0301 0.9147 0.4030
vn -0.0302 0.9146 0.4033
vn -0.0581 0.7121 0.6997
vn -0.0581 0.7122 0.6996
vn 0.0154 -0.9699 -0.2428
vn 0.0154 -0.9699 -0.2429
vn -0.0118 -0.9983 0.0575
vn -0.0370 0.8785 0.4764
vn -0.0370 0.8784 0.4765
vn 0.0351 -0.8892 -0.4561
vn -0.0179 0.9627 0.2699
vn -0.0179 0.9627 0.2698
vn -0.0037 -0.9995 -0.0320
vn 0.0874 -0.1514 -0.9846
vn -0.0669 0.6101 0.7895
vn 0.0157 -0.9692 -0.2459
vn 0.0575 -0.7180 -0.6937
vn -0.0752 0.4828 0.8725
vn 0.0781 0.5533 -0.8293
vn -0.0820 0.3375 0.9377
vn 0.0633 -0.6543 -0.7536
vn 0.9960 -0.0064 0.0893
vn 0.0224 -0.9472 -0.3197
vn -0.0368 0.8791 0.4751
vn -0.0852 0.2417 0.9666
vn -0.0819 0.3407 0.9366
vn -0.0818 0.3406 0.9366
vn -0.0764 0.4602 0.8845
vn 0.9960 -0.0067 0.0895
vn -0.0893 0.0175 0.9959
vn 0.0455 0.8966 -0.4406
vn -0.0063 0.9897 0.1427
vn -0.9959 0.0072 -0.0899
vn 0.0142 0.9963 -0.0844
vn 0.0701 0.6600 0.7480
vn 0.0484 0.8632 0.5025
vn -0.9959 0.0032 0.0905
vn 0.0559 0.8075 0.5872
vn 0.0671 0.6965 0.7144
vn 0.0671 0.6966 0.7144
vn -0.9959 0.0033 0.0905
vn 0.0444 0.8885 0.4568
vn 0.0415 0.9043 0.4249
vn 0.0824 0.4466 0.8909
vn 0.0778 0.5419 0.8368
vn 0.0897 0.1710 0.9812
vn 0.0895 0.1823 0.9792
vn -0.9959 0.0031 0.0905
vn 0.0901 0.1258 0.9879
vn 0.0854 0.3646 0.9272
vn 0.0854 0.3647 0.9272
vn 0.9959 -0.0032 -0.0905
vn -0.0891 0.1425 -0.9858
vn -0.0892 0.1384 -0.9864
vn -0.0891 0.1384 -0.9864
vn 0.0905 0.0680 0.9936
vn 0.0902 -0.0488 0.9947
vn 0.0905 0.0580 0.9942
vn 0.0905 0.0356 0.9953
vn -0.0812 -0.4737 -0.8769
vn -0.0805 -0.4886 -0.8688
vn 0.0905 0.0596 0.9941
vn -0.0904 0.0070 -0.9959
vn -0.0904 0.0069 -0.9959
vn 0.0902 -0.0521 0.9946
vn 0.0903 -0.0379 0.9952
vn -0.0866 0.2575 -0.9624
vn -0.0873 0.2322 -0.9687
vn -0.0873 0.2322 -0.9688
vn 0.0848 0.3833 0.9197
vn -0.0776 -0.5450 -0.8349
vn -0.0854 -0.3640 -0.9275
vn -0.0874 0.2258 -0.9702
vn -0.0900 0.0713 -0.9934
vn 0.0836 -0.3506 0.9328
vn 0.0887 -0.1635 0.9825
vn 0.0891 0.2126 0.9731
vn 0.0858 0.3504 0.9327
vn 0.0859 0.3503 0.9327
vn -0.0883 -0.2525 -0.9635
vn -0.0802 -0.4938 -0.8659
vn -0.0903 -0.1115 -0.9897
vn -0.0900 -0.1401 -0.9860
vn -0.0900 -0.1402 -0.9860
vn -0.0900 -0.1382 -0.9863
vn 0.0806 -0.4234 0.9023
vn -0.0899 0.0857 -0.9923
vn 0.0890 -0.1506 0.9846
vn -0.0817 -0.4624 -0.8829
vn -0.0880 -0.2666 -0.9598
vn -0.0837 -0.4129 -0.9069
vn 0.0620 0.7522 0.6560
vn 0.0896 0.1768 0.9802
vn 0.0848 0.3832 0.9198
vn 0.0816 -0.4020 0.9120
vn 0.0806 -0.4235 0.9023
vn -0.0818 -0.4588 -0.8848
vn -0.0623 -0.7497 -0.6588
vn -0.0784 0.4691 -0.8797
vn -0.0874 0.2247 -0.9705
vn -0.0841 -0.4033 -0.9112
vn -0.0805 -0.4883 -0.8689
vn -0.0805 -0.4884 -0.8689
vn -0.0836 0.3517 -0.9324
vn 0.0795 0.5096 0.8568
vn 0.0657 0.7128 0.6983
vn 0.0657 0.7127 0.6983
vn -0.0643 0.6781 -0.7321
vn -0.0877 0.2125 -0.9732
vn -0.0866 0.2576 -0.9624
vn -0.0422 0.8678 -0.4952
vn -0.0531 0.7889 -0.6122
vn 0.0826 0.4417 0.8934
vn 0.0815 0.4669 0.8806
vn -0.0853 0.3021 -0.9494
vn -0.0839 -0.4083 -0.9090
vn -0.0740 0.5475 -0.8335
vn -0.0730 -0.6198 -0.7814
vn -0.0905 -0.0647 -0.9938
vn -0.0853 0.3022 -0.9494
vn -0.0437 -0.8923 -0.4493
vn -0.0428 -0.8973 -0.4393
vn -0.0897 -0.1684 -0.9816
vn -0.0905 -0.0646 -0.9938
vn 0.0903 -0.0350 0.9953
vn -0.0760 -0.5717 -0.8169
vn 0.0811 0.4746 0.8765
vn 0.0795 0.5095 0.8568
vn -0.0891 0.1426 -0.9858
vn -0.0884 0.1804 -0.9796
vn -0.0884 0.1805 -0.9796
vn -0.0319 0.9230 -0.3835
vn 0.0083 0.9984 0.0561
vn 0.0083 0.9984 0.0560
vn 0.0844 0.3954 0.9146
vn -0.9959 0.0034 0.0904
vn 0.0638 0.7335 0.6767
vn 0.0830 0.4307 0.8987
vn -0.0905 -0.0465 -0.9948
vn -0.0905 -0.0466 -0.9948
vn -0.0840 -0.4034 -0.9112
vn -0.0840 -0.4054 -0.9103
vn -0.0840 -0.4052 -0.9103
vn 0.0648 0.7234 0.6874
vn 0.0384 0.9197 0.3907
vn 0.0385 0.9197 0.3908
vn 0.0277 0.9621 0.2713
vn -0.0899 -0.1477 -0.9849
vn -0.0819 -0.4587 -0.8848
vn -0.0899 -0.1476 -0.9849
vn 0.0742 0.6021 0.7950
vn 0.0703 0.6570 0.7506
vn -0.9959 0.0033 0.0904
vn 0.0880 0.2682 0.9593
vn -0.0740 0.5476 -0.8335
vn -0.0897 -0.1685 -0.9816
vn 0.0843 0.3954 0.9146
vn -0.9959 0.0030 0.0905
vn -0.0841 -0.4034 -0.9112
vn -0.0840 -0.4053 -0.9103
vn -0.0000 -0.0502 0.9987
vn -0.0000 0.9836 0.1801
vn -0.0000 -0.2766 0.9610
vn -0.0000 0.8720 0.4894
vn -0.0000 0.0006 -1.0000
vn -0.0000 -0.9997 0.0262
vn -0.0000 0.9835 0.1810
vn -0.0000 -0.9880 -0.1546
vn -0.0000 0.9855 -0.1697
vn -0.0000 1.0000 -0.0021
vn -0.0000 -0.9981 -0.0617
vn -0.0000 -0.9511 -0.3088
vn -0.0000 -0.6959 0.7181
vn -0.0000 -0.9434 -0.3316
vn -0.0000 0.0046 -1.0000
vn -0.0000 -0.9819 0.1893
vn -0.0000 -0.0026 1.0000
vn -0.0000 -0.9992 0.0393
vn -0.0000 -0.0740 0.9973
vn -0.0000 0.9431 -0.3325
vn -0.0000 0.9534 0.3017
vn -0.0000 0.0194 -0.9998
vn -0.0000 -0.0037 1.0000
vn -0.0000 0.1594 0.9872
vn -0.0000 -0.9057 -0.4238
vn -0.0000 -0.0503 0.9987
vn -0.0000 0.8872 -0.4614
vn -0.0000 -0.5881 0.8088
vn -0.0000 0.5839 0.8119
vn -0.0000 0.1718 -0.9851
vn -0.0000 -0.9965 -0.0839
vn -0.0000 -0.9548 -0.2973
vn -0.0000 0.9946 0.1042
vn -0.0000 -0.1004 0.9949
vn -0.0000 0.0021 -1.0000
vn -0.0000 -0.0172 0.9999
vn -0.0000 -0.0582 -0.9983
vn -0.0000 0.7991 -0.6012
vn -0.0000 0.7410 0.6715
vn -0.0000 -0.9991 -0.0415
vn -0.0000 -0.9872 0.1597
vn -0.0000 0.0708 -0.9975
vn -0.0000 0.9819 0.1893
vn -0.0000 -0.8424 -0.5389
vn -0.0000 0.9995 0.0303
vn -0.0000 -0.9991 -0.0416
vn -0.0000 -0.9705 -0.2411
vn -0.0000 0.9765 0.2154
vn -0.0000 -0.1668 0.9860
vn -0.0000 0.7527 -0.6584
vn -0.0000 0.0748 -0.9972
vn -0.0000 0.0544 -0.9985
vn -0.0000 0.0030 1.0000
vn -0.0000 0.9837 0.1801
vn -0.0000 0.8720 0.4895
vn -0.0000 0.5839 0.8118
vn -0.0000 0.9766 0.2151
vn -0.0000 0.7527 -0.6583
vn 0.1124 0.5438 0.8316
vn 0.0842 0.7943 0.6017
vn -0.9916 0.0071 0.1294
vn -0.9916 0.0072 0.1294
vn 0.1185 0.4528 0.8837
vn 0.1167 0.4829 0.8678
vn 0.1167 0.4830 0.8678
vn -0.1289 0.0497 -0.9904
vn -0.1287 0.0624 -0.9897
vn 0.1234 -0.2519 0.9599
vn 0.1129 -0.4424 0.8897
vn 0.1180 -0.3621 0.9246
vn 0.1195 -0.3363 0.9342
vn 0.1195 -0.3363 0.9341
vn -0.1224 0.2768 -0.9531
vn -0.1233 0.2555 -0.9589
vn 0.9916 -0.0071 -0.1294
vn -0.1292 -0.1280 -0.9833
vn -0.1292 -0.1248 -0.9837
vn 0.1099 0.5746 0.8110
vn 0.1113 0.5575 0.8227
vn 0.1278 0.2164 0.9679
vn 0.1292 0.1251 0.9837
vn -0.1270 0.1430 -0.9815
vn -0.1198 0.3291 -0.9367
vn 0.1133 -0.4373 0.8921
vn 0.1176 -0.3704 0.9214
vn -0.1267 0.1550 -0.9798
vn -0.1293 -0.1207 -0.9842
vn 0.1203 0.4216 0.8988
vn 0.0894 0.7601 0.6436
vn 0.0737 0.8524 0.5177
vn 0.0737 0.8525 0.5175
vn -0.1118 0.4570 -0.8824
vn 0.1251 -0.2062 0.9705
vn -0.1284 -0.1887 -0.9736
vn 0.1193 0.4408 0.8897
vn -0.1272 0.1377 -0.9823
vn 0.1246 -0.2227 0.9669
vn 0.1224 -0.2754 0.9535
vn -0.1292 -0.1275 -0.9834
vn -0.1223 -0.3810 -0.9164
vn -0.1142 -0.5203 -0.8463
vn 0.1261 0.2832 0.9507
vn 0.1295 0.0267 0.9912
vn 0.1293 -0.0114 0.9915
vn -0.1179 -0.4634 -0.8783
vn -0.1064 -0.6142 -0.7820
vn -0.0900 -0.7565 -0.6478
vn -0.0782 -0.8290 -0.5537
vn -0.0971 0.6207 -0.7780
vn -0.1013 0.5801 -0.8082
vn -0.0714 0.8032 -0.5914
vn -0.0970 0.6207 -0.7780
vn -0.1273 -0.2408 -0.9622
vn -0.1273 -0.2409 -0.9622
vn -0.1138 -0.5251 -0.8434
vn -0.0990 -0.6859 -0.7209
vn -0.0990 -0.6860 -0.7209
vn 0.1289 -0.0450 0.9906
vn -0.1238 0.2430 -0.9621
vn -0.1289 -0.1532 -0.9797
vn -0.1271 -0.2491 -0.9601
vn 0.1237 0.3490 0.9289
vn 0.1223 0.3811 0.9164
vn 0.9916 -0.0072 -0.1294
vn -0.0219 0.9749 -0.2216
vn -0.0506 0.8980 -0.4370
vn -0.9916 0.0071 0.1293
vn -0.1255 0.1948 -0.9728
vn -0.1272 0.1364 -0.9824
vn -0.1272 0.1364 -0.9825
vn 0.1197 0.4323 0.8938
vn 0.1247 -0.2188 0.9678
vn 0.1174 0.4713 0.8741
vn 0.1223 0.3810 0.9164
vn -0.1158 0.3986 -0.9098
vn -0.0306 0.9574 -0.2870
vn -0.0451 0.9171 -0.3961
vn -0.0961 0.6295 -0.7710
vn 0.1221 0.3847 0.9149
vn 0.1197 0.4322 0.8938
vn 0.1174 0.4712 0.8741
vn 0.0344 0.9772 0.2095
vn -0.0209 0.9766 -0.2140
vn -0.0209 0.9766 -0.2139
vn 0.1281 0.2045 0.9705
vn 0.0962 0.7093 0.6983
vn 0.0962 0.7091 0.6985
vn 0.1200 0.4271 0.8962
vn 0.1200 0.4272 0.8962
vn 0.1295 0.0187 0.9914
vn 0.1194 -0.3378 0.9336
vn -0.1237 0.2438 -0.9619
vn -0.1243 0.2295 -0.9653
vn -0.1243 0.2296 -0.9653
vn -0.1249 0.2127 -0.9691
vn -0.1249 0.2126 -0.9691
vn 0.1295 0.0792 0.9884
vn -0.9916 0.0068 0.1294
vn -0.1211 0.3043 -0.9449
vn -0.1211 0.3043 -0.9448
vn -0.0866 0.7065 -0.7024
vn -0.0866 0.7066 -0.7023
vn 0.1181 -0.3618 0.9247
vn 0.1158 -0.3997 0.9093
vn 0.1158 -0.3998 0.9093
vn 0.1129 -0.4426 0.8896
vn -0.1292 -0.1279 -0.9833
vn -0.0219 0.9749 -0.2215
vn -0.9916 0.0068 0.1293
vn -0.1255 0.1947 -0.9728
vn -0.9916 0.0070 0.1294
vt 0.473097 0.529229
vt 0.527500 0.478979
vt 0.475174 0.531306
vt 0.446335 0.502467
vt 0.502642 0.454121
vt 0.450315 0.506447
vt 0.839004 0.895134
vt 0.916272 0.867750
vt 0.863946 0.920076
vt 0.506099 0.457579
vt 0.453773 0.509905
vt 0.921824 0.873301
vt 0.869498 0.925628
vt 0.509508 0.460988
vt 0.457182 0.513314
vt 0.925725 0.877203
vt 0.873399 0.929529
vt 0.426104 0.482236
vt 0.480343 0.431823
vt 0.428017 0.484149
vt 0.929736 0.881213
vt 0.877410 0.933540
vt 0.933716 0.885193
vt 0.881390 0.937520
vt 0.939258 0.890735
vt 0.886931 0.943061
vt 0.530206 0.481685
vt 0.477879 0.534011
vt 0.946460 0.897936
vt 0.894134 0.950263
vt 0.487519 0.543651
vt 0.550126 0.501606
vt 0.497800 0.553932
vt 0.951499 0.902976
vt 0.899173 0.955302
vt 0.553873 0.505353
vt 0.501546 0.557678
vt 0.957040 0.908517
vt 0.904714 0.960843
vt 0.569134 0.520614
vt 0.516808 0.572940
vt 0.035879 0.092008
vt 0.202551 0.154028
vt 0.150224 0.206354
vt 0.571534 0.523014
vt 0.519208 0.575340
vt 0.207948 0.159425
vt 0.155622 0.211752
vt 0.213010 0.164488
vt 0.160684 0.216814
vt 0.582527 0.534007
vt 0.530201 0.586333
vt 0.218254 0.169732
vt 0.165927 0.222058
vt 0.539225 0.595357
vt 0.594506 0.545986
vt 0.542180 0.598313
vt 0.223242 0.174720
vt 0.170916 0.227046
vt 0.597517 0.548997
vt 0.545191 0.601323
vt 0.348250 0.404381
vt 0.420978 0.372457
vt 0.368651 0.424783
vt 0.612861 0.564341
vt 0.560535 0.616667
vt 0.424891 0.376370
vt 0.372565 0.428696
vt 0.581370 0.637502
vt 0.637007 0.588487
vt 0.584681 0.640813
vt 0.620558 0.572038
vt 0.568232 0.624364
vt 0.429564 0.381043
vt 0.377237 0.433369
vt 0.641025 0.592505
vt 0.588699 0.644831
vt 0.629010 0.580490
vt 0.576684 0.632816
vt 0.434047 0.385526
vt 0.381721 0.437852
vt 0.653803 0.605282
vt 0.601476 0.657609
vt 0.391902 0.343381
vt 0.339576 0.395707
vt 0.441838 0.393317
vt 0.389511 0.445643
vt 0.663241 0.614720
vt 0.610915 0.667047
vt 0.400576 0.352055
vt 0.422552 0.478684
vt 0.476031 0.427510
vt 0.423704 0.479836
vt 0.681799 0.633278
vt 0.629473 0.685605
vt 0.633696 0.585176
vt 0.534629 0.590762
vt 0.591551 0.543031
vt 0.723532 0.675011
vt 0.671206 0.727337
vt 0.752447 0.703926
vt 0.700121 0.756252
vt 0.484216 0.435696
vt 0.431890 0.488022
vt 0.776407 0.727886
vt 0.724081 0.780212
vt 0.490024 0.441504
vt 0.437698 0.493830
vt 0.801911 0.753389
vt 0.749585 0.805716
vt 0.494394 0.445874
vt 0.442068 0.498200
vt 0.843519 0.794997
vt 0.791193 0.847324
vt 0.498661 0.450141
vt 0.891330 0.842808
vt 0.524006 0.475485
vt 0.525423 0.476902
vt 0.471680 0.527812
vt 0.478431 0.429910
vt 0.891724 0.024423
vt 0.896582 0.023913
vt 0.913904 0.026416
vt 0.585492 0.536972
vt 0.586955 0.538436
vt 0.533166 0.589298
vt 0.583991 0.535471
vt 0.531664 0.587797
vt 0.481482 0.537614
vt 0.539845 0.491325
vt 0.532614 0.484094
vt 0.533808 0.485288
vt 0.480288 0.536420
vt 0.531400 0.482879
vt 0.479073 0.535205
vt 0.471909 0.423389
vt 0.419583 0.475714
vt 0.473909 0.425388
vt 0.474879 0.426358
vt 0.421583 0.477714
vt 0.472879 0.424358
vt 0.420552 0.476684
vt 0.156880 0.977686
vt 0.153138 0.974828
vt 0.152286 0.971164
vt 0.088205 0.039682
vt 0.724443 0.010864
vt 0.728538 0.008602
vt 0.721255 0.015562
vt 0.735142 0.008130
vt 0.747084 0.008238
vt 0.716881 0.033078
vt 0.757619 0.010935
vt 0.779273 0.012012
vt 0.785424 0.024234
vt 0.782955 0.014143
vt 0.785056 0.017752
vt 0.714196 0.072486
vt 0.714972 0.046276
vt 0.787557 0.027701
vt 0.717074 0.172201
vt 0.714126 0.131452
vt 0.834476 0.032793
vt 0.789529 0.028324
vt 0.726362 0.241444
vt 0.720601 0.205872
vt 0.993535 0.101317
vt 0.857387 0.032745
vt 0.807996 0.030805
vt 0.759080 0.363420
vt 0.739764 0.298686
vt 0.823809 0.402363
vt 0.996404 0.339608
vt 0.777216 0.402258
vt 0.772452 0.396026
vt 0.799637 0.408110
vt 0.815996 0.402859
vt 0.791859 0.409009
vt 0.786247 0.408642
vt 0.781197 0.406071
vt 0.809580 0.405947
vt 0.980191 0.361765
vt 0.992068 0.353225
vt 0.986937 0.358208
vt 0.995336 0.346576
vt 0.996404 0.060443
vt 0.995750 0.089263
vt 0.977406 0.040709
vt 0.935287 0.035106
vt 0.786054 0.026204
vt 0.995674 0.054962
vt 0.992386 0.049237
vt 0.933323 0.035236
vt 0.987393 0.045339
vt 0.805040 0.029144
vt 0.829561 0.030828
vt 0.848946 0.031517
vt 0.859853 0.031035
vt 0.932265 0.034236
vt 0.929728 0.028444
vt 0.931429 0.031378
vt 0.927514 0.026895
vt 0.931717 0.032980
vt 0.922104 0.026073
vt 0.861275 0.030075
vt 0.902179 0.023368
vt 0.908156 0.024160
vt 0.862060 0.028582
vt 0.862923 0.024858
vt 0.866725 0.021951
vt 0.864845 0.022639
vt 0.887192 0.022790
vt 0.022932 0.992893
vt 0.016320 0.992422
vt 0.009026 0.985456
vt 0.012220 0.990158
vt 0.004642 0.967920
vt 0.002727 0.954706
vt 0.045435 0.990078
vt 0.001943 0.928466
vt 0.075405 0.973284
vt 0.095867 0.970170
vt 0.001856 0.869429
vt 0.122378 0.968172
vt 0.077379 0.972659
vt 0.004796 0.828630
vt 0.145317 0.968213
vt 0.008318 0.794919
vt 0.014075 0.759303
vt 0.281607 0.899520
vt 0.027476 0.701988
vt 0.284412 0.660943
vt 0.046797 0.637171
vt 0.111592 0.598163
vt 0.060176 0.604522
vt 0.103770 0.597668
vt 0.064944 0.598281
vt 0.087389 0.592415
vt 0.097345 0.594579
vt 0.068928 0.594463
vt 0.079602 0.591518
vt 0.073984 0.591887
vt 0.268173 0.638765
vt 0.274928 0.642324
vt 0.280066 0.647312
vt 0.283340 0.653968
vt 0.283755 0.911143
vt 0.225493 0.963428
vt 0.284412 0.938937
vt 0.266108 0.957986
vt 0.034888 0.992781
vt 0.070801 0.986859
vt 0.067115 0.988994
vt 0.072903 0.983245
vt 0.073269 0.976755
vt 0.283713 0.944223
vt 0.280547 0.949748
vt 0.275735 0.953512
vt 0.073900 0.974783
vt 0.222401 0.964575
vt 0.092908 0.971834
vt 0.150113 0.968751
vt 0.221360 0.965559
vt 0.203299 0.973265
vt 0.117457 0.970141
vt 0.136866 0.969445
vt 0.220822 0.966796
vt 0.211367 0.973598
vt 0.220539 0.968372
vt 0.216690 0.972786
vt 0.218867 0.971260
vt 0.197645 0.975488
vt 0.191764 0.976270
vt 0.181476 0.975239
vt 0.186256 0.975738
vt 0.177017 0.976848
vt 0.151513 0.969695
vt 0.155029 0.977009
vt 0.312210 0.833495
vt 0.384944 0.830344
vt 0.391256 0.832145
vt 0.320167 0.783282
vt 0.375600 0.777638
vt 0.381692 0.781272
vt 0.327343 0.758990
vt 0.356308 0.752266
vt 0.365018 0.757685
vt 0.330896 0.749161
vt 0.354216 0.743728
vt 0.356468 0.748062
vt 0.323525 0.825470
vt 0.397703 0.816242
vt 0.394955 0.822709
vt 0.312651 0.808006
vt 0.390812 0.803360
vt 0.394884 0.806350
vt 0.326154 0.881671
vt 0.387187 0.869788
vt 0.388273 0.871822
vt 0.327630 0.765486
vt 0.369874 0.763960
vt 0.317775 0.862858
vt 0.392822 0.853621
vt 0.392760 0.857318
vt 0.316546 0.856007
vt 0.390841 0.849559
vt 0.314359 0.841277
vt 0.394732 0.836244
vt 0.394402 0.838331
vt 0.313130 0.822661
vt 0.313732 0.822510
vt 0.314347 0.822590
vt 0.385344 0.883239
vt 0.326245 0.883882
vt 0.388450 0.874019
vt 0.334498 0.741371
vt 0.343513 0.737967
vt 0.348870 0.739872
vt 0.328966 0.771608
vt 0.372249 0.769020
vt 0.390714 0.846961
vt 0.387197 0.867642
vt 0.312871 0.835682
vt 0.393187 0.833468
vt 0.328887 0.772373
vt 0.372834 0.770516
vt 0.328403 0.773171
vt 0.373036 0.771285
vt 0.327657 0.773997
vt 0.332525 0.744581
vt 0.321028 0.778518
vt 0.374441 0.776719
vt 0.322440 0.776655
vt 0.321493 0.777578
vt 0.373866 0.775818
vt 0.317458 0.797862
vt 0.385290 0.792658
vt 0.316692 0.799126
vt 0.317880 0.796643
vt 0.384920 0.791500
vt 0.316124 0.817447
vt 0.396880 0.809214
vt 0.313632 0.803682
vt 0.389392 0.802030
vt 0.314484 0.801049
vt 0.313928 0.802359
vt 0.388530 0.800718
vt 0.313083 0.810889
vt 0.396230 0.807770
vt 0.312673 0.809442
vt 0.319953 0.785466
vt 0.382871 0.782319
vt 0.383435 0.783404
vt 0.320060 0.784363
vt 0.384657 0.790345
vt 0.313641 0.838474
vt 0.394409 0.834840
vt 0.313266 0.837071
vt 0.316309 0.849993
vt 0.390557 0.848263
vt 0.316176 0.848697
vt 0.326592 0.876564
vt 0.386970 0.868743
vt 0.326005 0.874484
vt 0.326463 0.875509
vt 0.326148 0.882785
vt 0.388545 0.872892
vt 0.435378 0.866893
vt 0.503913 0.842243
vt 0.430216 0.870953
vt 0.421486 0.815257
vt 0.475687 0.799194
vt 0.417170 0.821014
vt 0.429243 0.784451
vt 0.458715 0.779635
vt 0.423223 0.792811
vt 0.427926 0.775722
vt 0.451661 0.771862
vt 0.427490 0.780608
vt 0.418219 0.858672
vt 0.490395 0.839102
vt 0.423215 0.863618
vt 0.502942 0.839110
vt 0.418938 0.844403
vt 0.493686 0.818857
vt 0.416281 0.848752
vt 0.449074 0.903622
vt 0.509554 0.891604
vt 0.448842 0.905897
vt 0.460929 0.785778
vt 0.421110 0.800494
vt 0.455233 0.774211
vt 0.437791 0.890909
vt 0.510149 0.871199
vt 0.439237 0.894279
vt 0.438084 0.886436
vt 0.508704 0.864449
vt 0.429414 0.875708
vt 0.505114 0.850128
vt 0.430502 0.877501
vt 0.498956 0.832560
vt 0.500653 0.833327
vt 0.497801 0.832956
vt 0.455846 0.915267
vt 0.510318 0.893663
vt 0.512078 0.901121
vt 0.435668 0.766283
vt 0.445340 0.766002
vt 0.431419 0.770099
vt 0.462027 0.791975
vt 0.420836 0.806101
vt 0.437131 0.884040
vt 0.505974 0.856336
vt 0.448221 0.901667
vt 0.506962 0.884962
vt 0.504130 0.844519
vt 0.429226 0.872791
vt 0.462406 0.792651
vt 0.420903 0.807699
vt 0.420847 0.806904
vt 0.463213 0.793190
vt 0.421057 0.808474
vt 0.448399 0.768230
vt 0.473043 0.795055
vt 0.421964 0.814048
vt 0.472099 0.794401
vt 0.470528 0.794026
vt 0.422023 0.813040
vt 0.464617 0.793544
vt 0.418870 0.832742
vt 0.484073 0.811659
vt 0.485587 0.812455
vt 0.418705 0.831542
vt 0.483096 0.810720
vt 0.416317 0.851853
vt 0.494207 0.828868
vt 0.491117 0.815195
vt 0.419048 0.842905
vt 0.489986 0.814192
vt 0.488392 0.813407
vt 0.418931 0.841534
vt 0.494537 0.821643
vt 0.416134 0.850362
vt 0.494226 0.820202
vt 0.476894 0.801100
vt 0.416910 0.822279
vt 0.476285 0.800140
vt 0.418482 0.830376
vt 0.504719 0.847285
vt 0.429089 0.874333
vt 0.504424 0.845898
vt 0.506663 0.858839
vt 0.437808 0.885161
vt 0.506277 0.857607
vt 0.507233 0.887082
vt 0.448876 0.902583
vt 0.506956 0.886065
vt 0.449533 0.907973
vt 0.509991 0.892622
vt 0.449001 0.906980
vt 0.760913 0.552893
vt 0.777667 0.538172
vt 0.762470 0.554355
vt 0.266791 0.331301
vt 0.250336 0.346242
vt 0.266034 0.330544
vt 0.569869 0.410976
vt 0.553068 0.425541
vt 0.569005 0.410086
vt 0.356678 0.421188
vt 0.336003 0.431908
vt 0.351701 0.416211
vt 0.776974 0.567975
vt 0.800816 0.559910
vt 0.785620 0.576094
vt 0.341404 0.405914
vt 0.323638 0.419544
vt 0.339336 0.403846
vt 0.292690 0.357200
vt 0.276391 0.372296
vt 0.292089 0.356599
vt 0.366863 0.431373
vt 0.340980 0.436886
vt 0.347396 0.411906
vt 0.330965 0.426870
vt 0.346663 0.411173
vt 0.597764 0.439741
vt 0.576697 0.449906
vt 0.592634 0.434451
vt 0.787117 0.577500
vt 0.804014 0.562913
vt 0.788818 0.579097
vt 0.534841 0.374857
vt 0.515618 0.386924
vt 0.531555 0.371469
vt 0.591460 0.433240
vt 0.572350 0.445423
vt 0.588287 0.429968
vt 0.296162 0.360672
vt 0.276993 0.372898
vt 0.753171 0.545623
vt 0.773246 0.534021
vt 0.758049 0.550204
vt 0.371974 0.436483
vt 0.352609 0.448514
vt 0.368307 0.432817
vt 0.518799 0.358316
vt 0.499736 0.370547
vt 0.515673 0.355092
vt 0.770148 0.561565
vt 0.786113 0.546103
vt 0.770917 0.562287
vt 0.265377 0.329887
vt 0.244578 0.340484
vt 0.260276 0.324786
vt 0.548726 0.421063
vt 0.564662 0.405608
vt 0.790340 0.580527
vt 0.812711 0.571080
vt 0.797515 0.587264
vt 0.255211 0.319721
vt 0.230437 0.326343
vt 0.246135 0.310645
vt 0.270464 0.334974
vt 0.251093 0.346999
vt 0.585061 0.426642
vt 0.568229 0.441174
vt 0.584166 0.425719
vt 0.563315 0.404219
vt 0.546860 0.419140
vt 0.562797 0.403684
vt 0.378966 0.443476
vt 0.357740 0.453646
vt 0.373438 0.437948
vt 0.336453 0.400963
vt 0.318391 0.414297
vt 0.334089 0.398599
vt 0.330222 0.426128
vt 0.345920 0.410430
vt 0.575093 0.416363
vt 0.558644 0.431291
vt 0.574581 0.415835
vt 0.329182 0.393692
vt 0.313059 0.408964
vt 0.328757 0.393267
vt 0.553307 0.393898
vt 0.532600 0.404435
vt 0.548536 0.388979
vt 0.769386 0.560850
vt 0.785345 0.545382
vt 0.278741 0.343250
vt 0.262380 0.358285
vt 0.278078 0.342588
vt 0.297679 0.362189
vt 0.281428 0.377334
vt 0.297126 0.361636
vt 0.329608 0.394118
vt 0.313485 0.409390
vt 0.285258 0.349768
vt 0.268970 0.364876
vt 0.284668 0.349178
vt 0.328190 0.392700
vt 0.312045 0.407951
vt 0.327743 0.392253
vt 0.784583 0.544667
vt 0.567436 0.440356
vt 0.583373 0.424901
vt 0.563963 0.404886
vt 0.547379 0.419674
vt 0.311597 0.407503
vt 0.327295 0.391805
vt 0.545372 0.385716
vt 0.525823 0.397447
vt 0.541759 0.381991
vt 0.325706 0.421612
vt 0.558132 0.430763
vt 0.574069 0.415308
vt 0.279454 0.343964
vt 0.263043 0.358948
vt 0.280874 0.376779
vt 0.296571 0.361081
vt 0.312492 0.408398
vt 0.789445 0.549232
vt 0.774248 0.565415
vt 0.285947 0.350456
vt 0.269560 0.365466
vt 0.304663 0.400569
vt 0.320361 0.384871
vt 0.307890 0.372400
vt 0.286202 0.382107
vt 0.301899 0.366409
vt 0.331699 0.427604
vt 0.571854 0.444912
vt 0.587790 0.429456
vt 0.548026 0.420342
vt 0.313910 0.409816
vt 0.351895 0.447800
vt 0.367592 0.432102
vt 0.263756 0.359662
vt 0.280464 0.376370
vt 0.605511 0.447729
vt 0.581827 0.455196
vt 0.559156 0.431818
vt 0.271112 0.335622
vt 0.254766 0.350672
vt 0.786379 0.576806
vt 0.802314 0.561316
vt 0.291249 0.355758
vt 0.270249 0.366154
vt 0.281982 0.377887
vt 0.239513 0.335419
vt 0.554570 0.427090
vt 0.570507 0.411634
vt 0.571254 0.444293
vt 0.587191 0.428838
vt 0.542203 0.414337
vt 0.558140 0.398882
vt 0.351166 0.447071
vt 0.322995 0.418901
vt 0.338693 0.403203
vt 0.271660 0.336170
vt 0.255414 0.351320
vt 0.801575 0.560623
vt 0.538958 0.379103
vt 0.518904 0.390313
vt 0.792171 0.551792
vt 0.760257 0.552278
vt 0.776109 0.536709
vt 0.255962 0.351868
vt 0.511392 0.382567
vt 0.527329 0.367112
vt 0.357014 0.452920
vt 0.372712 0.437222
vt 0.569125 0.442098
vt 0.523022 0.394558
vt 0.537370 0.409354
vt 0.322402 0.418308
vt 0.338100 0.402610
vt 0.576080 0.449270
vt 0.592017 0.433814
vt 0.506493 0.377514
vt 0.522429 0.362059
vt 0.315634 0.380144
vt 0.292192 0.388098
vt 0.789569 0.579803
vt 0.805537 0.564343
vt 0.759493 0.551559
vt 0.775454 0.536094
vt 0.553932 0.426432
vt 0.249679 0.345585
vt 0.502862 0.373771
vt 0.356276 0.452181
vt 0.774689 0.535376
vt 0.275551 0.371456
vt 0.529435 0.401172
vt 0.804766 0.563619
vt 0.320755 0.416661
vt 0.575523 0.448696
vt 0.311922 0.830229
vt 0.328496 0.752677
vt 0.311850 0.824013
vt 0.312018 0.823447
vt 0.312435 0.823028
vt 0.327451 0.891515
vt 0.339104 0.738292
vt 0.315925 0.847396
vt 0.372566 0.769762
vt 0.498341 0.832649
vt 0.499738 0.832638
vt 0.500283 0.832867
vt 0.439887 0.764902
vt 0.416968 0.823442
vt 0.768368 0.529440
vt 0.363268 0.459173
vt 0.589575 0.463185
vt 0.299936 0.395842
vt 0.848193 0.639806
vt 0.758667 0.630877
vt 0.742419 0.543398
vt 0.229305 0.314543
vt 0.171746 0.316844
vt 0.226941 0.302940
vt 0.625037 0.740264
vt 0.651139 0.714040
vt 0.662394 0.725243
vt 0.673503 0.788505
vt 0.699605 0.762281
vt 0.701427 0.764094
vt 0.640631 0.755786
vt 0.666733 0.729562
vt 0.697930 0.760613
vt 0.671828 0.786837
vt 0.815663 0.930003
vt 0.841765 0.903779
vt 0.874367 0.936228
vt 0.677242 0.792226
vt 0.703344 0.766002
vt 0.804780 0.866965
vt 0.784921 0.899404
vt 0.811023 0.873180
vt 0.813800 0.875943
vt 0.813967 0.928315
vt 0.840070 0.902091
vt 0.608449 0.723753
vt 0.634551 0.697529
vt 0.781732 0.896230
vt 0.807834 0.870005
vt 0.812273 0.926628
vt 0.838375 0.900404
vt 0.636292 0.751467
vt 0.663838 0.726680
vt 0.778678 0.893190
vt 0.810588 0.924951
vt 0.836690 0.898727
vt 0.637736 0.752904
vt 0.665289 0.728124
vt 0.578865 0.694307
vt 0.604967 0.668083
vt 0.548738 0.664320
vt 0.574840 0.638096
vt 0.639187 0.754349
vt 0.675325 0.790318
vt 0.787698 0.902167
vt 0.773348 0.899920
vt 0.715881 0.903899
vt 0.770647 0.888390
vt 0.116569 0.488426
vt 0.192771 0.440595
vt 0.259238 0.499744
vt 0.365310 0.258116
vt 0.376398 0.269485
vt 0.349911 0.295320
vt 0.326857 0.218691
vt 0.328652 0.220531
vt 0.302164 0.246366
vt 0.330302 0.222223
vt 0.361035 0.253733
vt 0.334548 0.279568
vt 0.303814 0.248058
vt 0.156486 0.044014
vt 0.188603 0.076942
vt 0.162115 0.102777
vt 0.225039 0.114300
vt 0.324968 0.216755
vt 0.298481 0.242589
vt 0.216153 0.105189
vt 0.218888 0.107993
vt 0.192401 0.133828
vt 0.190274 0.078655
vt 0.163786 0.104490
vt 0.392740 0.286239
vt 0.366252 0.312074
vt 0.222031 0.111215
vt 0.195543 0.137049
vt 0.191943 0.080367
vt 0.165456 0.106202
vt 0.363888 0.256658
vt 0.338822 0.283951
vt 0.198552 0.140134
vt 0.193603 0.082069
vt 0.167115 0.107903
vt 0.362458 0.255192
vt 0.337400 0.282492
vt 0.421884 0.316121
vt 0.395397 0.341955
vt 0.451564 0.346551
vt 0.425076 0.372385
vt 0.335970 0.281027
vt 0.300369 0.244526
vt 0.189666 0.131024
vt 0.734447 0.540189
vt 0.738886 0.540931
vt 0.730738 0.541449
vt 0.700929 0.563810
vt 0.702709 0.557495
vt 0.701037 0.559184
vt 0.700377 0.561482
vt 0.730487 0.599053
vt 0.788241 0.660334
vt 0.805721 0.675896
vt 0.824577 0.683306
vt 0.819100 0.684451
vt 0.823046 0.684651
vt 0.821042 0.685070
vt 0.849051 0.646722
vt 0.849764 0.642009
vt 0.850020 0.644566
vt 0.214266 0.343126
vt 0.208018 0.345130
vt 0.229532 0.306383
vt 0.230432 0.310792
vt 0.138940 0.289814
vt 0.126831 0.200662
vt 0.119889 0.200051
vt 0.124574 0.199171
vt 0.108449 0.261307
vt 0.122009 0.199006
vt 0.092274 0.244392
vt 0.084198 0.225812
vt 0.083249 0.231325
vt 0.082909 0.227389
vt 0.082562 0.229407
vt 0.212638 0.344857
vt 0.210365 0.345599
vt 0.848265 0.962452
vt 0.759150 0.928929
vt 0.752963 0.931114
vt 0.773338 0.891756
vt 0.774365 0.896137
vt 0.682300 0.877839
vt 0.667594 0.789078
vt 0.660637 0.788670
vt 0.665294 0.787654
vt 0.650990 0.850234
vt 0.662726 0.787563
vt 0.634329 0.833798
vt 0.625713 0.815462
vt 0.624925 0.821001
vt 0.624471 0.817076
vt 0.624182 0.819104
vt 0.757574 0.930707
vt 0.755323 0.931515
vt 0.267504 0.497392
vt 0.263542 0.499528
vt 0.269661 0.494124
vt 0.279503 0.458182
vt 0.281968 0.464263
vt 0.282254 0.461904
vt 0.281366 0.459683
vt 0.234544 0.448461
vt 0.151348 0.435454
vt 0.127997 0.433875
vt 0.108558 0.439581
vt 0.112182 0.435319
vt 0.108943 0.437580
vt 0.110270 0.436021
vt 0.111651 0.483488
vt 0.113978 0.487649
vt 0.112207 0.485786
vt 0.129999 0.069848
vt 0.770838 0.713308
vt 0.767104 0.715628
vt 0.770128 0.712598
vt 0.585199 0.292099
vt 0.573714 0.290560
vt 0.573896 0.289456
vt 0.764805 0.713328
vt 0.767833 0.710301
vt 0.559180 0.328468
vt 0.554825 0.322441
vt 0.559915 0.327829
vt 0.573185 0.293036
vt 0.583756 0.297207
vt 0.572853 0.294098
vt 0.789897 0.738424
vt 0.793721 0.736194
vt 0.790694 0.739221
vt 0.672510 0.498732
vt 0.666100 0.501094
vt 0.672132 0.497932
vt 0.692830 0.529979
vt 0.695885 0.522431
vt 0.696883 0.522936
vt 0.553378 0.323683
vt 0.558657 0.329155
vt 0.555474 0.321837
vt 0.560677 0.327395
vt 0.823157 0.771684
vt 0.825573 0.768047
vt 0.826186 0.768659
vt 0.718354 0.529457
vt 0.718450 0.537161
vt 0.717412 0.537062
vt 0.795155 0.737628
vt 0.792913 0.741440
vt 0.792127 0.740655
vt 0.580391 0.261895
vt 0.573558 0.262321
vt 0.580361 0.260895
vt 0.693837 0.530449
vt 0.697890 0.523407
vt 0.584924 0.290923
vt 0.574035 0.288354
vt 0.768511 0.717036
vt 0.771541 0.714011
vt 0.694097 0.521428
vt 0.688691 0.527630
vt 0.693168 0.520813
vt 0.821857 0.770385
vt 0.824883 0.767356
vt 0.717320 0.529353
vt 0.716373 0.536994
vt 0.690586 0.528810
vt 0.695064 0.521993
vt 0.795941 0.738413
vt 0.793731 0.742259
vt 0.821237 0.769765
vt 0.824260 0.766734
vt 0.573447 0.291947
vt 0.584413 0.296255
vt 0.825796 0.774323
vt 0.828823 0.771295
vt 0.574017 0.264353
vt 0.580717 0.262831
vt 0.789043 0.737570
vt 0.792924 0.735397
vt 0.764561 0.525430
vt 0.759458 0.519760
vt 0.760393 0.519123
vt 0.872898 0.815358
vt 0.869232 0.817746
vt 0.872257 0.814717
vt 0.742339 0.690852
vt 0.737081 0.679535
vt 0.745367 0.687825
vt 0.505381 0.349106
vt 0.505906 0.342175
vt 0.506825 0.342208
vt 0.708795 0.657290
vt 0.703537 0.645973
vt 0.711823 0.654264
vt 0.862035 0.810553
vt 0.865689 0.808152
vt 0.862662 0.811180
vt 0.893548 0.842042
vt 0.888282 0.830729
vt 0.896574 0.839013
vt 0.573793 0.267328
vt 0.692223 0.640708
vt 0.686965 0.629391
vt 0.695251 0.637682
vt 0.778957 0.721428
vt 0.770947 0.719472
vt 0.773974 0.716445
vt 0.846484 0.788952
vt 0.835168 0.783692
vt 0.838195 0.780665
vt 0.675651 0.624126
vt 0.670393 0.612809
vt 0.678679 0.621100
vt 0.551928 0.215647
vt 0.547282 0.222640
vt 0.550875 0.215293
vt 0.667358 0.503587
vt 0.674548 0.502489
vt 0.667982 0.506815
vt 0.913158 0.855584
vt 0.901840 0.850327
vt 0.904866 0.847298
vt 0.868906 0.811368
vt 0.866481 0.814997
vt 0.865880 0.814397
vt 0.750626 0.699142
vt 0.753654 0.696116
vt 0.700509 0.648999
vt 0.660396 0.452270
vt 0.667756 0.454358
vt 0.667541 0.455258
vt 0.929742 0.872153
vt 0.918424 0.866897
vt 0.921450 0.863868
vt 0.851747 0.800267
vt 0.854774 0.797240
vt 0.580541 0.300662
vt 0.758912 0.707432
vt 0.761940 0.704406
vt 0.773544 0.517623
vt 0.767982 0.512489
vt 0.774312 0.516791
vt 0.510457 0.350911
vt 0.510353 0.341290
vt 0.511267 0.341177
vt 0.810319 0.758846
vt 0.800095 0.742568
vt 0.813346 0.755819
vt 0.730636 0.673087
vt 0.726823 0.675329
vt 0.729850 0.672301
vt 0.661519 0.446760
vt 0.668922 0.450978
vt 0.661150 0.447587
vt 0.796760 0.739233
vt 0.797068 0.745595
vt 0.819206 0.767734
vt 0.822233 0.764707
vt 0.683937 0.632417
vt 0.762665 0.526676
vt 0.758488 0.520352
vt 0.672971 0.499644
vt 0.673389 0.500424
vt 0.786359 0.734886
vt 0.789387 0.731859
vt 0.564313 0.311369
vt 0.572281 0.317483
vt 0.718190 0.666691
vt 0.720432 0.662878
vt 0.721219 0.663666
vt 0.885256 0.833757
vt 0.879991 0.822444
vt 0.501404 0.340737
vt 0.500805 0.349977
vt 0.499901 0.350010
vt 0.528771 0.203535
vt 0.515810 0.209735
vt 0.517297 0.201139
vt 0.666479 0.501894
vt 0.658516 0.456329
vt 0.667028 0.457974
vt 0.666894 0.458882
vt 0.505386 0.207837
vt 0.493928 0.201429
vt 0.505601 0.200360
vt 0.667365 0.615836
vt 0.662107 0.604518
vt 0.865062 0.807525
vt 0.728100 0.670550
vt 0.721801 0.670304
vt 0.724829 0.667278
vt 0.541075 0.208533
vt 0.536170 0.216217
vt 0.540111 0.207976
vt 0.542180 0.331668
vt 0.556818 0.332403
vt 0.546704 0.340966
vt 0.544562 0.212257
vt 0.538225 0.217174
vt 0.541940 0.209306
vt 0.791228 0.489998
vt 0.787289 0.478883
vt 0.795057 0.480603
vt 0.672313 0.444189
vt 0.664587 0.440018
vt 0.796530 0.470674
vt 0.727386 0.529875
vt 0.737838 0.535543
vt 0.728011 0.538068
vt 0.780906 0.509335
vt 0.780147 0.496954
vt 0.787407 0.499880
vt 0.747676 0.533014
vt 0.753254 0.523305
vt 0.757388 0.529769
vt 0.582474 0.265793
vt 0.574381 0.273346
vt 0.668244 0.487306
vt 0.664111 0.499216
vt 0.659861 0.488922
vt 0.784109 0.488892
vt 0.744947 0.526672
vt 0.695824 0.531780
vt 0.709847 0.528069
vt 0.707625 0.536283
vt 0.559500 0.220710
vt 0.549085 0.224017
vt 0.552895 0.216158
vt 0.563338 0.326315
vt 0.503205 0.340938
vt 0.503655 0.349091
vt 0.501741 0.349758
vt 0.699594 0.524157
vt 0.579061 0.249553
vt 0.566474 0.243689
vt 0.574177 0.238897
vt 0.691568 0.422820
vt 0.678712 0.421641
vt 0.686513 0.415325
vt 0.667177 0.457071
vt 0.658793 0.454522
vt 0.673771 0.515542
vt 0.443827 0.314908
vt 0.457430 0.318036
vt 0.450770 0.324351
vt 0.699081 0.418396
vt 0.695162 0.410231
vt 0.561190 0.235013
vt 0.567556 0.229224
vt 0.557153 0.319011
vt 0.677496 0.435209
vt 0.671941 0.429050
vt 0.788290 0.470213
vt 0.796928 0.459728
vt 0.769234 0.520287
vt 0.766405 0.514123
vt 0.772750 0.518435
vt 0.714939 0.529052
vt 0.494058 0.339783
vt 0.489941 0.348862
vt 0.866331 0.808794
vt 0.766090 0.522880
vt 0.764726 0.515682
vt 0.665509 0.469375
vt 0.659010 0.478812
vt 0.657718 0.468748
vt 0.725072 0.673577
vt 0.666162 0.478575
vt 0.691833 0.529475
vt 0.721178 0.538382
vt 0.728382 0.676888
vt 0.731409 0.673861
vt 0.668579 0.451815
vt 0.660805 0.450415
vt 0.660790 0.448419
vt 0.583573 0.287376
vt 0.584157 0.272637
vt 0.523509 0.338941
vt 0.536169 0.346106
vt 0.524930 0.349434
vt 0.762048 0.517844
vt 0.684187 0.429099
vt 0.464516 0.325145
vt 0.459045 0.332653
vt 0.868552 0.817067
vt 0.870151 0.812612
vt 0.871575 0.814035
vt 0.485631 0.211954
vt 0.482499 0.204028
vt 0.715646 0.413099
vt 0.704469 0.406473
vt 0.714230 0.404135
vt 0.792068 0.734540
vt 0.553698 0.228033
vt 0.775397 0.504266
vt 0.787823 0.460272
vt 0.794578 0.448955
vt 0.707166 0.415130
vt 0.468474 0.339616
vt 0.481475 0.335777
vt 0.478851 0.345069
vt 0.545553 0.220222
vt 0.548457 0.214754
vt 0.526962 0.212436
vt 0.721191 0.529595
vt 0.533426 0.336797
vt 0.572087 0.259719
vt 0.580886 0.257686
vt 0.475299 0.215591
vt 0.461265 0.213832
vt 0.471545 0.208200
vt 0.472590 0.331108
vt 0.876965 0.825472
vt 0.671385 0.496277
vt 0.446807 0.301069
vt 0.438365 0.304536
vt 0.569943 0.253224
vt 0.722043 0.664490
vt 0.542100 0.218056
vt 0.680675 0.509931
vt 0.685861 0.526093
vt 0.585191 0.293226
vt 0.713489 0.537759
vt 0.691060 0.519291
vt 0.508704 0.350603
vt 0.869509 0.811971
vt 0.867119 0.815634
vt 0.660670 0.451392
vt 0.668018 0.453468
vt 0.719011 0.667512
vt 0.863303 0.811820
vt 0.727609 0.676114
vt 0.658622 0.455415
vt 0.548199 0.223304
vt 0.509445 0.341326
vt 0.537205 0.216675
vt 0.502303 0.340845
vt 0.504545 0.348951
vt 0.504965 0.341879
vt 0.767206 0.513316
vt 0.439023 0.187055
vt 0.450693 0.188994
vt 0.450349 0.190364
vt 0.469551 0.149533
vt 0.472494 0.158432
vt 0.467532 0.152672
vt 0.479077 0.274946
vt 0.492488 0.271349
vt 0.490105 0.280113
vt 0.884628 0.817568
vt 0.886226 0.813113
vt 0.887650 0.814536
vt 0.442049 0.219605
vt 0.450245 0.221238
vt 0.441348 0.222781
vt 0.840335 0.767236
vt 0.835281 0.768236
vt 0.838308 0.765209
vt 0.753153 0.680039
vt 0.744454 0.677392
vt 0.747482 0.674365
vt 0.737873 0.670809
vt 0.738115 0.664994
vt 0.740901 0.667782
vt 0.745922 0.672806
vt 0.741144 0.674081
vt 0.744172 0.671055
vt 0.893040 0.825973
vt 0.888974 0.815859
vt 0.896066 0.822945
vt 0.808141 0.735043
vt 0.802433 0.735389
vt 0.805460 0.732362
vt 0.515524 0.143337
vt 0.502347 0.134323
vt 0.516880 0.133664
vt 0.881956 0.814898
vt 0.882406 0.809295
vt 0.884982 0.811869
vt 0.787615 0.714515
vt 0.787020 0.719975
vt 0.784585 0.717539
vt 0.610661 0.309408
vt 0.607393 0.302079
vt 0.609092 0.301057
vt 0.605794 0.430371
vt 0.605838 0.423548
vt 0.607812 0.424238
vt 0.558999 0.368449
vt 0.567263 0.365758
vt 0.567178 0.368357
vt 0.566684 0.396641
vt 0.572478 0.391024
vt 0.573556 0.393168
vt 0.575356 0.336582
vt 0.568408 0.334890
vt 0.568854 0.332191
vt 0.595275 0.426832
vt 0.603769 0.422620
vt 0.600745 0.429569
vt 0.619067 0.308210
vt 0.610874 0.300727
vt 0.618175 0.299476
vt 0.484125 0.151090
vt 0.480131 0.141553
vt 0.625228 0.435407
vt 0.635193 0.428021
vt 0.636697 0.435702
vt 0.523517 0.144028
vt 0.523570 0.135863
vt 0.525522 0.135315
vt 0.462698 0.155244
vt 0.460883 0.170111
vt 0.453272 0.163558
vt 0.447090 0.241879
vt 0.459797 0.246598
vt 0.453069 0.251961
vt 0.654235 0.424155
vt 0.666155 0.427427
vt 0.657029 0.431605
vt 0.442720 0.231003
vt 0.455769 0.237155
vt 0.629408 0.307450
vt 0.631380 0.299393
vt 0.572279 0.406902
vt 0.584501 0.408933
vt 0.579015 0.414344
vt 0.644111 0.426946
vt 0.647065 0.433518
vt 0.581176 0.173671
vt 0.567792 0.169709
vt 0.574828 0.163817
vt 0.587260 0.420459
vt 0.655446 0.315854
vt 0.650922 0.303733
vt 0.659996 0.308024
vt 0.559558 0.376674
vt 0.570456 0.386248
vt 0.562398 0.388982
vt 0.465416 0.154315
vt 0.468462 0.162884
vt 0.460556 0.260980
vt 0.471163 0.258356
vt 0.466852 0.265952
vt 0.647563 0.312126
vt 0.641314 0.300830
vt 0.581041 0.328964
vt 0.575017 0.322915
vt 0.559532 0.374292
vt 0.567989 0.375556
vt 0.474914 0.270385
vt 0.481556 0.265890
vt 0.477338 0.273500
vt 0.598440 0.419843
vt 0.440210 0.214598
vt 0.448708 0.207504
vt 0.448963 0.213546
vt 0.605712 0.302879
vt 0.605519 0.311186
vt 0.602949 0.302808
vt 0.571971 0.342675
vt 0.560713 0.349325
vt 0.564715 0.339648
vt 0.501400 0.283249
vt 0.513720 0.277339
vt 0.513020 0.284786
vt 0.615381 0.433944
vt 0.626473 0.428025
vt 0.568210 0.401404
vt 0.578734 0.401816
vt 0.558099 0.147489
vt 0.544886 0.150520
vt 0.548079 0.141408
vt 0.544246 0.271554
vt 0.558137 0.274220
vt 0.547513 0.279173
vt 0.524737 0.284477
vt 0.533700 0.274512
vt 0.536312 0.282625
vt 0.567703 0.398458
vt 0.575513 0.396517
vt 0.503175 0.144880
vt 0.490938 0.137013
vt 0.468811 0.266946
vt 0.474442 0.262373
vt 0.471189 0.267641
vt 0.609682 0.431594
vt 0.613307 0.425860
vt 0.613152 0.433531
vt 0.452027 0.227842
vt 0.477747 0.264758
vt 0.662050 0.420268
vt 0.675548 0.421793
vt 0.532574 0.145745
vt 0.527374 0.135176
vt 0.537243 0.136937
vt 0.603859 0.311962
vt 0.590550 0.309866
vt 0.601295 0.303588
vt 0.559222 0.372085
vt 0.567257 0.370588
vt 0.567352 0.371514
vt 0.564442 0.394673
vt 0.449905 0.192547
vt 0.440307 0.192988
vt 0.439160 0.189370
vt 0.553862 0.266157
vt 0.567926 0.267772
vt 0.662691 0.320706
vt 0.668335 0.313609
vt 0.594383 0.316677
vt 0.582926 0.316560
vt 0.611085 0.425304
vt 0.561158 0.162177
vt 0.567081 0.155021
vt 0.670129 0.414456
vt 0.683299 0.413950
vt 0.438909 0.207672
vt 0.520016 0.142557
vt 0.518614 0.134070
vt 0.521847 0.135751
vt 0.638222 0.309550
vt 0.569223 0.351916
vt 0.558717 0.365247
vt 0.466820 0.254049
vt 0.553467 0.155728
vt 0.676892 0.407521
vt 0.689831 0.406329
vt 0.587118 0.322359
vt 0.493153 0.146462
vt 0.444079 0.179888
vt 0.451407 0.186879
vt 0.440678 0.183160
vt 0.567043 0.337327
vt 0.503441 0.274768
vt 0.441800 0.217653
vt 0.448575 0.216504
vt 0.904358 0.831229
vt 0.778013 0.704910
vt 0.766698 0.699646
vt 0.769727 0.696620
vt 0.812834 0.739736
vt 0.813142 0.746098
vt 0.809805 0.742762
vt 0.909624 0.842543
vt 0.912650 0.839514
vt 0.795030 0.721931
vt 0.917917 0.850827
vt 0.920943 0.847799
vt 0.926209 0.859112
vt 0.929235 0.856084
vt 0.675150 0.608051
vt 0.669892 0.596734
vt 0.678178 0.605024
vt 0.934501 0.867397
vt 0.937527 0.864368
vt 0.826393 0.759349
vt 0.816169 0.743071
vt 0.829420 0.756322
vt 0.683436 0.616341
vt 0.686464 0.613315
vt 0.694750 0.621606
vt 0.700008 0.632923
vt 0.703036 0.629896
vt 0.854270 0.781167
vt 0.841871 0.774825
vt 0.844897 0.771797
vt 0.708294 0.641213
vt 0.711322 0.638187
vt 0.859532 0.792482
vt 0.862559 0.789454
vt 0.716580 0.649504
vt 0.719609 0.646478
vt 0.867822 0.800769
vt 0.870849 0.797741
vt 0.724867 0.657795
vt 0.727895 0.654768
vt 0.783906 0.710805
vt 0.774985 0.707936
vt 0.758412 0.691356
vt 0.761440 0.688329
vt 0.790048 0.716948
vt 0.573450 0.339778
vt 0.573037 0.340561
vt 0.567956 0.335651
vt 0.573949 0.338886
vt 0.574401 0.338126
vt 0.466971 0.153328
vt 0.470980 0.159591
vt 0.466202 0.153925
vt 0.470298 0.160157
vt 0.839231 0.772187
vt 0.841648 0.768549
vt 0.842260 0.769161
vt 0.837932 0.770887
vt 0.840957 0.767858
vt 0.837312 0.770267
vt 0.450105 0.191455
vt 0.438952 0.188180
vt 0.567490 0.372624
vt 0.567661 0.373722
vt 0.559360 0.373194
vt 0.439969 0.184075
vt 0.451015 0.187921
vt 0.559078 0.370680
vt 0.567186 0.369470
vt 0.805117 0.738073
vt 0.808997 0.735899
vt 0.805971 0.738927
vt 0.809795 0.736697
vt 0.806768 0.739724
vt 0.811229 0.738131
vt 0.808987 0.741943
vt 0.808201 0.741158
vt 0.812014 0.738916
vt 0.442075 0.218606
vt 0.448920 0.218558
vt 0.567206 0.397542
vt 0.574046 0.394085
vt 0.786911 0.713812
vt 0.783177 0.716132
vt 0.786201 0.713102
vt 0.780878 0.713832
vt 0.602824 0.430480
vt 0.604794 0.423110
vt 0.614421 0.426093
vt 0.614265 0.433754
vt 0.615537 0.426293
vt 0.482542 0.266454
vt 0.478152 0.274328
vt 0.483545 0.266978
vt 0.472001 0.259125
vt 0.467784 0.266524
vt 0.472874 0.259848
vt 0.743681 0.676619
vt 0.746708 0.673592
vt 0.742896 0.675833
vt 0.735083 0.668017
vt 0.737291 0.664171
vt 0.734262 0.667196
vt 0.736504 0.663382
vt 0.608093 0.310150
vt 0.607226 0.310475
vt 0.606575 0.302519
vt 0.608978 0.309871
vt 0.611546 0.309221
vt 0.609982 0.300887
vt 0.520931 0.142751
vt 0.522673 0.135951
vt 0.521829 0.142985
vt 0.525301 0.144340
vt 0.526469 0.135154
vt 0.524411 0.144176
vt 0.516442 0.143275
vt 0.517351 0.143291
vt 0.604688 0.311566
vt 0.602113 0.303165
vt 0.885308 0.818247
vt 0.888333 0.815218
vt 0.878111 0.811054
vt 0.881765 0.808653
vt 0.878738 0.811681
vt 0.879378 0.812321
vt 0.882557 0.815498
vt 0.885584 0.812472
vt 0.883194 0.816136
vt 0.881137 0.808026
vt 0.767811 0.716335
vt 0.554058 0.323116
vt 0.822546 0.771074
vt 0.719395 0.529524
vt 0.573774 0.263341
vt 0.689619 0.528245
vt 0.584809 0.295217
vt 0.763628 0.526072
vt 0.869872 0.818386
vt 0.734053 0.682561
vt 0.775930 0.724455
vt 0.843457 0.791980
vt 0.910132 0.858612
vt 0.926716 0.875182
vt 0.571386 0.296965
vt 0.509572 0.350859
vt 0.669303 0.450157
vt 0.666939 0.502806
vt 0.717404 0.665904
vt 0.495418 0.209728
vt 0.659079 0.607545
vt 0.550812 0.324632
vt 0.736509 0.529040
vt 0.451484 0.309950
vt 0.573882 0.285968
vt 0.785697 0.450821
vt 0.466054 0.221601
vt 0.439517 0.185089
vt 0.475110 0.157629
vt 0.750125 0.683066
vt 0.885948 0.818887
vt 0.612439 0.309075
vt 0.573227 0.178147
vt 0.591089 0.414714
vt 0.523789 0.276098
vt 0.574570 0.394987
vt 0.449906 0.194930
vt 0.562244 0.260635
vt 0.682567 0.400901
vt 0.453011 0.184094
vt 0.901332 0.834258
vt 0.792003 0.724958
vt 0.666864 0.599760
vt 0.691722 0.624632
vt 0.851243 0.784194
vt 0.567457 0.336543
vt 0.471784 0.158960
vt 0.838620 0.771576
vt 0.559007 0.369562
vt 0.448761 0.217528
vt 0.783884 0.716839
vt 0.601777 0.430047
vt 0.733476 0.666409
vt 0.517761 0.133765
vt 0.840174 0.665175
vt 0.836648 0.688183
vt 0.828869 0.684615
vt 0.852626 0.655753
vt 0.875726 0.658612
vt 0.855890 0.665119
vt 0.874407 0.650157
vt 0.894581 0.657274
vt 0.892801 0.670125
vt 0.880492 0.675269
vt 0.864087 0.683838
vt 0.848300 0.670862
vt 0.851382 0.697297
vt 0.843086 0.707744
vt 0.830235 0.705964
vt 0.823118 0.704979
vt 0.861961 0.710358
vt 0.886753 0.713792
vt 0.871954 0.724991
vt 0.890187 0.689000
vt 0.875554 0.698993
vt 0.883319 0.738584
vt 0.911545 0.717226
vt 0.897952 0.728591
vt 0.848230 0.720053
vt 0.903249 0.678420
vt 0.901552 0.702594
vt 0.925276 0.707531
vt 0.930420 0.719840
vt 0.922125 0.730287
vt 0.909419 0.743746
vt 0.893014 0.752315
vt 0.880705 0.757459
vt 0.870258 0.749164
vt 0.856799 0.736458
vt 0.897781 0.768972
vt 0.920881 0.771832
vt 0.899100 0.777427
vt 0.936859 0.739402
vt 0.933332 0.762409
vt 0.925206 0.756722
vt 0.878925 0.770310
vt 0.917616 0.762465
vt 0.943271 0.721620
vt 0.944637 0.742969
vt 0.877940 0.777427
vt 0.831573 0.724819
vt 0.828714 0.747919
vt 0.823118 0.726138
vt 0.838136 0.760371
vt 0.861144 0.763898
vt 0.857576 0.771676
vt 0.838080 0.744655
vt 0.843823 0.752245
vt 0.912363 0.663686
vt 0.935370 0.667213
vt 0.929683 0.675339
vt 0.944793 0.679664
vt 0.941933 0.702765
vt 0.935426 0.682930
vt 0.915930 0.655908
vt 0.950388 0.701446
vt 0.916707 0.691125
vt 0.618611 0.825723
vt 0.615740 0.802654
vt 0.624193 0.803972
vt 0.609177 0.838187
vt 0.586196 0.841688
vt 0.603494 0.830059
vt 0.589759 0.849467
vt 0.568439 0.848089
vt 0.566661 0.835242
vt 0.577093 0.826957
vt 0.590532 0.814273
vt 0.609245 0.822461
vt 0.599090 0.797894
vt 0.604231 0.785605
vt 0.617078 0.783827
vt 0.624193 0.782842
vt 0.585375 0.788214
vt 0.560628 0.791638
vt 0.571807 0.776868
vt 0.564052 0.816386
vt 0.575398 0.802818
vt 0.557203 0.766891
vt 0.535880 0.795063
vt 0.545857 0.780459
vt 0.595946 0.775173
vt 0.554372 0.830101
vt 0.549448 0.806409
vt 0.525309 0.808104
vt 0.517024 0.797672
vt 0.522165 0.785383
vt 0.530723 0.769004
vt 0.544162 0.756320
vt 0.554594 0.748035
vt 0.566883 0.753176
vt 0.583262 0.761734
vt 0.535060 0.741589
vt 0.512078 0.745090
vt 0.531496 0.733811
vt 0.505515 0.780623
vt 0.502644 0.757554
vt 0.512010 0.760816
vt 0.552816 0.735188
vt 0.517761 0.753218
vt 0.504177 0.799450
vt 0.497062 0.779305
vt 0.551831 0.728073
vt 0.610677 0.766071
vt 0.607176 0.743089
vt 0.618456 0.762507
vt 0.594712 0.733655
vt 0.571644 0.736526
vt 0.572961 0.728073
vt 0.599048 0.748772
vt 0.591450 0.743021
vt 0.549612 0.846751
vt 0.526543 0.849622
vt 0.529805 0.840256
vt 0.514079 0.840188
vt 0.510578 0.817207
vt 0.522207 0.834505
vt 0.548294 0.855204
vt 0.502800 0.820770
vt 0.537993 0.821543
vt 0.895566 0.650157
vt 0.950388 0.722606
vt 0.569424 0.855204
vt 0.497062 0.800435
vt 0.306509 0.571524
vt 0.273356 0.587194
vt 0.280236 0.577159
vt 0.268685 0.607126
vt 0.336931 0.608472
vt 0.268708 0.624040
vt 0.335601 0.622830
vt 0.292084 0.648544
vt 0.275454 0.637334
vt 0.330778 0.592952
vt 0.314947 0.648862
vt 0.304086 0.651343
vt 0.288289 0.504627
vt 0.285398 0.512128
vt 0.286129 0.504403
vt 0.716199 0.524528
vt 0.748232 0.506687
vt 0.728072 0.524456
vt 0.697766 0.517059
vt 0.737671 0.462051
vt 0.746123 0.475607
vt 0.679418 0.475364
vt 0.725679 0.455167
vt 0.678210 0.494848
vt 0.751118 0.494769
vt 0.684553 0.507613
vt 0.693096 0.457333
vt 0.707130 0.452228
vt 0.292246 0.565914
vt 0.298628 0.566163
vt 0.288340 0.568241
vt 0.281808 0.503985
vt 0.271856 0.510865
vt 0.272316 0.503119
vt 0.316924 0.507343
vt 0.335498 0.517476
vt 0.315763 0.515016
vt 0.406633 0.538046
vt 0.393173 0.539290
vt 0.396938 0.532559
vt 0.353745 0.513584
vt 0.364895 0.525440
vt 0.351361 0.520968
vt 0.222692 0.506584
vt 0.239816 0.511275
vt 0.224113 0.514213
vt 0.419671 0.545604
vt 0.432248 0.561308
vt 0.415764 0.552309
vt 0.337234 0.509913
vt 0.402867 0.544779
vt 0.382618 0.533623
vt 0.386101 0.526689
vt 0.259600 0.510454
vt 0.259592 0.502694
vt 0.367893 0.518283
vt 0.436486 0.554807
vt 0.443966 0.568649
vt 0.239109 0.503547
vt 0.304819 0.506118
vt 0.303949 0.513829
vt 0.739876 0.522996
vt 0.747703 0.515917
vt 0.292815 0.505066
vt 0.287558 0.512352
vt 0.281063 0.511709
vt 0.292101 0.512791
vt 0.744068 0.521190
vt 0.745740 0.519805
vt 0.801013 0.478332
vt 0.835661 0.471437
vt 0.798478 0.490732
vt 0.850181 0.481487
vt 0.806717 0.521252
vt 0.801527 0.509290
vt 0.819760 0.533801
vt 0.862677 0.526683
vt 0.836166 0.541516
vt 0.860720 0.493353
vt 0.848181 0.540796
vt 0.423338 0.565640
vt 0.416778 0.574480
vt 0.421380 0.564701
vt 0.688263 0.389526
vt 0.695678 0.355407
vt 0.700154 0.363036
vt 0.647462 0.385813
vt 0.686417 0.341621
vt 0.658740 0.390346
vt 0.635533 0.373386
vt 0.643324 0.331110
vt 0.659242 0.327922
vt 0.676480 0.392639
vt 0.675198 0.331723
vt 0.629472 0.345970
vt 0.628575 0.357670
vt 0.809899 0.463486
vt 0.816071 0.461844
vt 0.806852 0.466861
vt 0.417453 0.562850
vt 0.402092 0.567691
vt 0.406325 0.557747
vt 0.450575 0.578393
vt 0.461332 0.596031
vt 0.445406 0.587885
vt 0.519151 0.634379
vt 0.504912 0.634295
vt 0.513115 0.627263
vt 0.477931 0.594550
vt 0.485244 0.613103
vt 0.471256 0.603049
vt 0.364532 0.547517
vt 0.377781 0.560262
vt 0.362961 0.558210
vt 0.526487 0.643339
vt 0.529662 0.661947
vt 0.518280 0.650371
vt 0.467289 0.587013
vt 0.510948 0.641411
vt 0.497192 0.625457
vt 0.505197 0.618197
vt 0.393832 0.564529
vt 0.397307 0.554295
vt 0.492585 0.605172
vt 0.347412 0.545745
vt 0.346646 0.556525
vt 0.380246 0.549740
vt 0.439138 0.572973
vt 0.434387 0.582681
vt 0.699361 0.383401
vt 0.704365 0.374109
vt 0.427450 0.567581
vt 0.418736 0.575419
vt 0.412860 0.572632
vt 0.422877 0.577372
vt 0.827454 0.466348
vt 0.702701 0.380272
vt 0.703813 0.378407
vt 0.574777 0.356310
vt 0.605622 0.342606
vt 0.574027 0.369168
vt 0.574330 0.379897
vt 0.624655 0.360337
vt 0.578143 0.390845
vt 0.589350 0.401273
vt 0.631780 0.393928
vt 0.604403 0.411273
vt 0.615242 0.348952
vt 0.629737 0.376834
vt 0.127626 0.381187
vt 0.143665 0.384287
vt 0.128476 0.388538
vt 0.260871 0.392164
vt 0.256069 0.398174
vt 0.258868 0.391324
vt 0.669160 0.290485
vt 0.673746 0.257258
vt 0.679564 0.267394
vt 0.647859 0.298421
vt 0.652430 0.244895
vt 0.665466 0.250241
vt 0.624193 0.290940
vt 0.619320 0.248495
vt 0.635745 0.245171
vt 0.657585 0.295238
vt 0.636895 0.298312
vt 0.577876 0.342630
vt 0.583917 0.340559
vt 0.575517 0.346250
vt 0.254853 0.389673
vt 0.243099 0.392700
vt 0.245717 0.385778
vt 0.285597 0.403680
vt 0.291477 0.414768
vt 0.282275 0.410292
vt 0.629823 0.411660
vt 0.622672 0.417436
vt 0.619274 0.417602
vt 0.304981 0.414678
vt 0.312934 0.428822
vt 0.300692 0.420709
vt 0.208074 0.378212
vt 0.221277 0.387087
vt 0.207269 0.385568
vt 0.173657 0.377674
vt 0.190626 0.384350
vt 0.173884 0.385070
vt 0.295239 0.408396
vt 0.599875 0.264296
vt 0.603291 0.255737
vt 0.600700 0.267605
vt 0.156421 0.382968
vt 0.155941 0.375580
vt 0.233985 0.382433
vt 0.231854 0.389519
vt 0.109823 0.384292
vt 0.111256 0.391552
vt 0.190858 0.376954
vt 0.222757 0.379837
vt 0.273812 0.398483
vt 0.270822 0.405252
vt 0.681267 0.276964
vt 0.678284 0.286722
vt 0.264830 0.393894
vt 0.258071 0.399014
vt 0.252039 0.396516
vt 0.262040 0.400746
vt 0.593801 0.339591
vt 0.681021 0.283366
vt 0.681692 0.281300
vt 0.175695 0.568432
vt 0.153653 0.599102
vt 0.170562 0.555769
vt 0.135333 0.599503
vt 0.146038 0.531350
vt 0.157663 0.538966
vt 0.104662 0.586745
vt 0.113195 0.534859
vt 0.127834 0.529939
vt 0.118233 0.596550
vt 0.095880 0.558294
vt 0.102855 0.542582
vt 0.241101 0.436191
vt 0.236911 0.444038
vt 0.239004 0.435625
vt 0.262528 0.596711
vt 0.251826 0.560768
vt 0.258637 0.566484
vt 0.237471 0.619230
vt 0.218818 0.552289
vt 0.235275 0.554742
vt 0.195979 0.609473
vt 0.203534 0.557438
vt 0.207687 0.618647
vt 0.254260 0.607216
vt 0.224764 0.622926
vt 0.187270 0.581872
vt 0.191863 0.569458
vt 0.178095 0.585567
vt 0.174323 0.590720
vt 0.178347 0.581027
vt 0.234810 0.434502
vt 0.220445 0.439973
vt 0.222277 0.431495
vt 0.271320 0.443455
vt 0.288877 0.456651
vt 0.268819 0.451765
vt 0.358775 0.487083
vt 0.340024 0.483979
vt 0.344929 0.476894
vt 0.304809 0.453639
vt 0.317390 0.468393
vt 0.301186 0.461513
vt 0.397661 0.513591
vt 0.404376 0.531082
vt 0.391903 0.520070
vt 0.369501 0.494935
vt 0.379157 0.510187
vt 0.364540 0.502001
vt 0.291891 0.448515
vt 0.353870 0.494168
vt 0.334023 0.469992
vt 0.329343 0.477246
vt 0.212980 0.429923
vt 0.211676 0.438503
vt 0.321592 0.460828
vt 0.384433 0.503328
vt 0.194748 0.428090
vt 0.194150 0.436746
vt 0.258008 0.440376
vt 0.255792 0.448763
vt 0.268689 0.585572
vt 0.267892 0.575049
vt 0.245504 0.437327
vt 0.239007 0.444604
vt 0.232708 0.442911
vt 0.243426 0.445743
vt 0.162526 0.595912
vt 0.269824 0.581152
vt 0.269755 0.578982
vt 0.943669 0.834146
vt 0.950880 0.798622
vt 0.955849 0.811882
vt 0.944375 0.790727
vt 0.905869 0.830186
vt 0.935877 0.783350
vt 0.921390 0.778404
vt 0.888925 0.801258
vt 0.903937 0.778033
vt 0.920796 0.838112
vt 0.894496 0.817200
vt 0.893960 0.783120
vt 0.468668 0.613475
vt 0.462460 0.618017
vt 0.466956 0.612140
vt 0.384597 0.668957
vt 0.350122 0.658042
vt 0.375495 0.658591
vt 0.388302 0.677840
vt 0.334993 0.690823
vt 0.335472 0.674609
vt 0.387708 0.702598
vt 0.351786 0.718729
vt 0.340666 0.706516
vt 0.343464 0.661770
vt 0.390561 0.688192
vt 0.370095 0.722998
vt 0.379407 0.717308
vt 0.955793 0.827246
vt 0.951122 0.831600
vt 0.956472 0.822979
vt 0.463513 0.609495
vt 0.452970 0.610702
vt 0.457277 0.604685
vt 0.491435 0.632379
vt 0.493913 0.644134
vt 0.486549 0.637937
vt 0.377741 0.573246
vt 0.368080 0.578436
vt 0.369892 0.571261
vt 0.326433 0.565675
vt 0.340764 0.573286
vt 0.326079 0.573066
vt 0.421394 0.585749
vt 0.433500 0.598945
vt 0.418575 0.592591
vt 0.388633 0.576508
vt 0.402927 0.586793
vt 0.386712 0.583654
vt 0.499237 0.638995
vt 0.501015 0.651998
vt 0.375929 0.580421
vt 0.358943 0.568904
vt 0.357411 0.576144
vt 0.450587 0.600262
vt 0.446602 0.606497
vt 0.341739 0.565951
vt 0.405207 0.579753
vt 0.436936 0.592390
vt 0.480459 0.623433
vt 0.475853 0.629225
vt 0.366177 0.652810
vt 0.355980 0.653160
vt 0.472036 0.616181
vt 0.464172 0.619353
vt 0.459005 0.615362
vt 0.467549 0.622064
vt 0.362114 0.651312
vt 0.359943 0.651349
vt 0.447640 0.734242
vt 0.431567 0.764447
vt 0.439989 0.722353
vt 0.414694 0.766215
vt 0.422252 0.711035
vt 0.431744 0.715339
vt 0.411071 0.709721
vt 0.381324 0.736015
vt 0.393982 0.711058
vt 0.401362 0.762890
vt 0.384319 0.717479
vt 0.269825 0.415436
vt 0.265185 0.421573
vt 0.267800 0.414650
vt 0.389798 0.644470
vt 0.404639 0.613800
vt 0.405937 0.623053
vt 0.357639 0.639604
vt 0.396350 0.599712
vt 0.366132 0.644163
vt 0.350305 0.631893
vt 0.353648 0.592658
vt 0.369724 0.588868
vt 0.376134 0.645898
vt 0.386195 0.591541
vt 0.341057 0.606554
vt 0.341485 0.617862
vt 0.452155 0.748188
vt 0.448025 0.753060
vt 0.452330 0.743871
vt 0.253773 0.410130
vt 0.261113 0.420023
vt 0.251069 0.417017
vt 0.306528 0.431105
vt 0.293979 0.434908
vt 0.296204 0.427850
vt 0.354720 0.463169
vt 0.344189 0.464117
vt 0.348833 0.458356
vt 0.315275 0.436771
vt 0.321413 0.448026
vt 0.311860 0.443336
vt 0.213772 0.405316
vt 0.225812 0.413093
vt 0.212785 0.412650
vt 0.363510 0.470925
vt 0.372218 0.486231
vt 0.358786 0.476621
vt 0.303355 0.438800
vt 0.350075 0.468930
vt 0.339477 0.451497
vt 0.335058 0.457432
vt 0.244391 0.407333
vt 0.242108 0.414373
vt 0.325364 0.441769
vt 0.196178 0.411022
vt 0.196592 0.403634
vt 0.227507 0.405671
vt 0.281505 0.429153
vt 0.283340 0.421984
vt 0.405889 0.633537
vt 0.401147 0.642571
vt 0.273829 0.417060
vt 0.267209 0.422359
vt 0.263742 0.413107
vt 0.271223 0.423985
vt 0.440307 0.760037
vt 0.404460 0.639782
vt 0.405502 0.637876
vt 0.147003 0.383587
vt 0.143208 0.376894
vt 0.146538 0.376201
vt 0.153045 0.382919
vt 0.152580 0.375534
vt 0.610758 0.279755
vt 0.318062 0.576872
vt 0.327167 0.640043
vt 0.684635 0.464580
vt 0.294355 0.565394
vt 0.448687 0.562491
vt 0.865168 0.509979
vt 0.856430 0.536434
vt 0.633810 0.337708
vt 0.811761 0.462369
vt 0.538280 0.655427
vt 0.579655 0.341385
vt 0.627977 0.414469
vt 0.317715 0.423175
vt 0.601158 0.258354
vt 0.096735 0.571560
vt 0.188957 0.598980
vt 0.177348 0.587606
vt 0.410655 0.525093
vt 0.936552 0.837844
vt 0.889542 0.789904
vt 0.362010 0.723438
vt 0.954677 0.829108
vt 0.506774 0.647352
vt 0.388619 0.751246
vt 0.380955 0.724298
vt 0.344439 0.599744
vt 0.451265 0.750169
vt 0.377224 0.480781
vt 0.361078 0.083582
vt 0.387865 0.088854
vt 0.379701 0.102615
vt 0.500830 0.106186
vt 0.550609 0.113188
vt 0.500769 0.129714
vt 0.350127 0.187907
vt 0.360040 0.152322
vt 0.375227 0.185430
vt 0.493080 0.067092
vt 0.437558 0.079174
vt 0.440192 0.052416
vt 0.385929 0.108355
vt 0.411070 0.117321
vt 0.406884 0.123346
vt 0.643081 0.105872
vt 0.632748 0.135439
vt 0.619968 0.112062
vt 0.387489 0.057407
vt 0.394208 0.084134
vt 0.381455 0.059584
vt 0.618613 0.167115
vt 0.599484 0.151191
vt 0.625568 0.146146
vt 0.599207 0.094232
vt 0.580182 0.112600
vt 0.593733 0.087605
vt 0.383160 0.185896
vt 0.393901 0.155204
vt 0.407866 0.182906
vt 0.650462 0.167450
vt 0.633414 0.145491
vt 0.656001 0.148304
vt 0.420702 0.236594
vt 0.421072 0.201016
vt 0.437544 0.221918
vt 0.589227 0.085608
vt 0.576504 0.110952
vt 0.554385 0.086132
vt 0.553859 0.112024
vt 0.571718 0.084667
vt 0.571729 0.110735
vt 0.563250 0.111056
vt 0.499215 0.066996
vt 0.554852 0.077547
vt 0.500789 0.097897
vt 0.498630 0.106515
vt 0.497144 0.129784
vt 0.496421 0.106240
vt 0.561746 0.084934
vt 0.556783 0.111759
vt 0.498961 0.129955
vt 0.496153 0.067374
vt 0.437282 0.113297
vt 0.437195 0.087476
vt 0.399312 0.091804
vt 0.413300 0.115181
vt 0.395792 0.093659
vt 0.368111 0.153073
vt 0.393123 0.152006
vt 0.404345 0.090186
vt 0.416270 0.114214
vt 0.367280 0.148930
vt 0.393530 0.148764
vt 0.336837 0.143269
vt 0.359240 0.148239
vt 0.336202 0.148309
vt 0.375700 0.129366
vt 0.367782 0.144744
vt 0.600626 0.146995
vt 0.626092 0.141038
vt 0.656199 0.141999
vt 0.612971 0.115165
vt 0.599874 0.142993
vt 0.592248 0.130048
vt 0.373366 0.229429
vt 0.415145 0.241750
vt 0.394965 0.260258
vt 0.585810 0.051123
vt 0.589695 0.077469
vt 0.575432 0.076526
vt 0.336986 0.153358
vt 0.615016 0.062511
vt 0.605411 0.088951
vt 0.598790 0.080487
vt 0.412029 0.053233
vt 0.413421 0.080203
vt 0.397809 0.139585
vt 0.377272 0.062008
vt 0.390687 0.086039
vt 0.392946 0.096440
vt 0.399283 0.082451
vt 0.582307 0.228577
vt 0.581700 0.190945
vt 0.603016 0.200307
vt 0.346169 0.114532
vt 0.368851 0.125882
vt 0.399970 0.211255
vt 0.594715 0.164896
vt 0.627762 0.079153
vt 0.550780 0.050660
vt 0.558611 0.076732
vt 0.584248 0.085049
vt 0.495656 0.097880
vt 0.583998 0.117276
vt 0.633164 0.210254
vt 0.626344 0.166745
vt 0.559675 0.049402
vt 0.562440 0.076548
vt 0.613946 0.242419
vt 0.609893 0.202410
vt 0.605291 0.056043
vt 0.594504 0.078324
vt 0.393744 0.214685
vt 0.359896 0.144137
vt 0.416223 0.088349
vt 0.420702 0.113636
vt 0.558051 0.085231
vt 0.625136 0.135995
vt 0.610584 0.058624
vt 0.373875 0.065451
vt 0.633859 0.140382
vt 0.654860 0.135868
vt 0.437231 0.085682
vt 0.415363 0.086640
vt 0.437246 0.084094
vt 0.414615 0.085106
vt 0.437281 0.082584
vt 0.414027 0.083617
vt 0.437377 0.080982
vt 0.403216 0.088517
vt 0.402099 0.087036
vt 0.401052 0.085624
vt 0.413626 0.082016
vt 0.400109 0.084131
vt 0.374065 0.128568
vt 0.384423 0.107259
vt 0.372779 0.127923
vt 0.383190 0.106166
vt 0.371528 0.127280
vt 0.382110 0.105055
vt 0.370266 0.126620
vt 0.380996 0.103880
vt 0.614354 0.114244
vt 0.600357 0.092735
vt 0.615633 0.113556
vt 0.602501 0.090579
vt 0.616919 0.113027
vt 0.603802 0.089744
vt 0.618338 0.112557
vt 0.604494 0.200895
vt 0.620211 0.167179
vt 0.605706 0.201233
vt 0.621608 0.167031
vt 0.606924 0.201518
vt 0.622973 0.166810
vt 0.608196 0.201827
vt 0.624456 0.166654
vt 0.583772 0.229358
vt 0.585017 0.229880
vt 0.586210 0.230290
vt 0.587569 0.230785
vt 0.589214 0.231498
vt 0.398548 0.211937
vt 0.381432 0.186020
vt 0.397366 0.212485
vt 0.379876 0.185882
vt 0.396253 0.213054
vt 0.378543 0.185475
vt 0.395099 0.213745
vt 0.377013 0.185307
vt 0.585202 0.083268
vt 0.590205 0.083835
vt 0.586313 0.081771
vt 0.591256 0.082354
vt 0.587484 0.080433
vt 0.592332 0.081059
vt 0.588631 0.079051
vt 0.593409 0.079767
vt 0.594759 0.085888
vt 0.595703 0.084392
vt 0.596623 0.083072
vt 0.597620 0.081806
vt 0.572370 0.082838
vt 0.573143 0.081228
vt 0.573957 0.079741
vt 0.574741 0.078217
vt 0.601410 0.091539
vt 0.554591 0.084222
vt 0.558319 0.083328
vt 0.554852 0.082524
vt 0.558576 0.081632
vt 0.555049 0.080943
vt 0.558746 0.080060
vt 0.555072 0.079322
vt 0.558769 0.078465
vt 0.562076 0.083077
vt 0.562345 0.081413
vt 0.562511 0.079856
vt 0.562546 0.078273
vt 0.498597 0.104849
vt 0.500752 0.104457
vt 0.498543 0.103351
vt 0.500771 0.102929
vt 0.498462 0.101853
vt 0.500839 0.101436
vt 0.498355 0.100181
vt 0.500868 0.099790
vt 0.498229 0.098263
vt 0.496427 0.104511
vt 0.496294 0.102987
vt 0.496061 0.101489
vt 0.495818 0.099819
vt 0.391653 0.094927
vt 0.394545 0.092074
vt 0.390631 0.093435
vt 0.393466 0.090571
vt 0.389770 0.091955
vt 0.392519 0.089118
vt 0.388894 0.090444
vt 0.391617 0.087632
vt 0.398121 0.090167
vt 0.397017 0.088683
vt 0.396013 0.087258
vt 0.395087 0.085773
vt 0.365379 0.148707
vt 0.365888 0.144447
vt 0.364381 0.144355
vt 0.363800 0.148503
vt 0.362941 0.144316
vt 0.362393 0.148350
vt 0.361508 0.144270
vt 0.360928 0.148260
vt 0.366195 0.152996
vt 0.364606 0.152755
vt 0.363297 0.152316
vt 0.361827 0.152185
vt 0.627316 0.145822
vt 0.627852 0.140679
vt 0.628782 0.145497
vt 0.629330 0.140441
vt 0.630183 0.145289
vt 0.630700 0.140331
vt 0.631625 0.145265
vt 0.632131 0.140322
vt 0.628245 0.135473
vt 0.629625 0.135477
vt 0.631048 0.135510
vt 0.626812 0.135606
vt 0.419439 0.237704
vt 0.418436 0.238642
vt 0.417521 0.239532
vt 0.416464 0.240541
vt 0.429766 0.113016
vt 0.660228 0.135527
vt 0.661658 0.142357
vt 0.495886 0.061997
vt 0.498761 0.061658
vt 0.409780 0.046909
vt 0.647809 0.103907
vt 0.341471 0.112034
vt 0.356909 0.079338
vt 0.657850 0.168979
vt 0.492995 0.061717
vt 0.632437 0.076191
vt 0.368384 0.232221
vt 0.551143 0.044805
vt 0.640242 0.212849
vt 0.370525 0.059857
vt 0.374124 0.056162
vt 0.620419 0.245569
vt 0.378457 0.053580
vt 0.343975 0.190537
vt 0.384660 0.051252
vt 0.607812 0.050943
vt 0.613502 0.053871
vt 0.618456 0.058134
vt 0.331382 0.143298
vt 0.587460 0.045520
vt 0.330740 0.149061
vt 0.555182 0.049705
vt 0.555770 0.043848
vt 0.331533 0.154621
vt 0.560469 0.043552
vt 0.661507 0.149127
vt 0.438714 0.046160
vt 0.563141 0.217861
vt 0.389420 0.264985
vt 0.140788 0.311328
vt 0.143754 0.300569
vt 0.147593 0.303926
vt 0.143543 0.314923
vt 0.138150 0.314427
vt 0.124971 0.307957
vt 0.081043 0.360728
vt 0.082504 0.316358
vt 0.076112 0.288519
vt 0.128144 0.304064
vt 0.143340 0.323480
vt 0.142042 0.366506
vt 0.098355 0.375517
vt 0.140805 0.318084
vt 0.092618 0.375540
vt 0.170209 0.367916
vt 0.146637 0.319739
vt 0.133430 0.306359
vt 0.134793 0.311615
vt 0.130741 0.309584
vt 0.167251 0.369015
vt 0.075499 0.291672
vt 0.176319 0.364331
vt 0.078739 0.281849
vt 0.081928 0.366395
vt 0.139420 0.297591
vt 0.137429 0.308523
vt 0.151177 0.307694
vt 0.087546 0.374283
vt 0.154706 0.313257
vt 0.133297 0.294961
vt 0.467313 0.188218
vt 0.567622 0.201408
vt 0.465617 0.190292
vt 0.083975 0.371212
vt 0.079175 0.316877
vt 0.073046 0.291696
vt 0.081871 0.373889
vt 0.078490 0.363460
vt 0.076140 0.281243
vt 0.141938 0.369700
vt 0.171010 0.370566
vt 0.167380 0.371358
vt 0.096449 0.378758
vt 0.079501 0.369342
vt 0.177341 0.366887
vt 0.090546 0.378745
vt 0.085616 0.377067
vt 0.073181 0.288042
vt 0.566595 0.199042
vt 0.509980 0.154010
vt 0.514870 0.150561
vt 0.528269 0.152022
vt 0.519445 0.149218
vt 0.524091 0.149725
vt 0.532301 0.156444
vt 0.858475 0.576704
vt 0.839483 0.589119
vt 0.855042 0.573322
vt 0.690084 0.593003
vt 0.678355 0.573792
vt 0.693707 0.589451
vt 0.843792 0.411130
vt 0.839272 0.439766
vt 0.839319 0.413017
vt 0.057974 0.295607
vt 0.022691 0.290260
vt 0.063455 0.293644
vt 0.026845 0.298182
vt 0.024158 0.292733
vt 0.324628 0.175331
vt 0.306018 0.187619
vt 0.323297 0.173680
vt 0.065237 0.289747
vt 0.018399 0.283836
vt 0.066008 0.287921
vt 0.329500 0.181369
vt 0.310312 0.192942
vt 0.327591 0.179003
vt 0.067324 0.283837
vt 0.016767 0.278100
vt 0.069895 0.282626
vt 0.074340 0.274793
vt 0.011026 0.274768
vt 0.007324 0.269057
vt 0.071571 0.280318
vt 0.074710 0.269058
vt 0.005708 0.261766
vt 0.077765 0.268111
vt 0.005787 0.263143
vt 0.080085 0.254511
vt 0.017813 0.247645
vt 0.083097 0.253227
vt 0.079542 0.266358
vt 0.009075 0.256013
vt 0.080761 0.262007
vt 0.085101 0.248636
vt 0.019001 0.246085
vt 0.015758 0.244732
vt 0.581791 0.493615
vt 0.599861 0.480290
vt 0.584163 0.495988
vt 0.914382 0.475666
vt 0.917755 0.397780
vt 0.919644 0.398559
vt 0.580181 0.492005
vt 0.592790 0.473219
vt 0.595879 0.476308
vt 0.572812 0.484636
vt 0.591256 0.471685
vt 0.575558 0.487383
vt 0.559009 0.470834
vt 0.577682 0.458111
vt 0.561984 0.473809
vt 0.954858 0.464140
vt 0.955405 0.397654
vt 0.959388 0.397475
vt 0.083142 0.188854
vt 0.020340 0.181121
vt 0.082467 0.186649
vt 0.079283 0.195545
vt 0.010536 0.187707
vt 0.081717 0.194037
vt 0.084998 0.215049
vt 0.008682 0.212445
vt 0.006406 0.208102
vt 0.079100 0.173444
vt 0.024831 0.165567
vt 0.077918 0.169001
vt 0.252111 0.085749
vt 0.270407 0.072308
vt 0.255658 0.088901
vt 0.075917 0.177920
vt 0.020794 0.179016
vt 0.021874 0.173498
vt 0.457949 0.267644
vt 0.440416 0.281717
vt 0.455312 0.265257
vt 0.016625 0.249205
vt 0.081789 0.184443
vt 0.000977 0.245149
vt 0.001801 0.238269
vt 0.005122 0.248313
vt 0.001561 0.246647
vt 0.084836 0.245589
vt 0.050471 0.305821
vt 0.029976 0.301863
vt 0.054612 0.305676
vt 0.317300 0.166246
vt 0.298737 0.178594
vt 0.316016 0.164655
vt 0.084443 0.251557
vt 0.006026 0.260252
vt 0.084549 0.207263
vt 0.014237 0.197378
vt 0.081853 0.203363
vt 0.070030 0.153550
vt 0.025571 0.158774
vt 0.833955 0.433189
vt 0.832242 0.423252
vt 0.834911 0.419696
vt 0.848888 0.447882
vt 0.849084 0.411491
vt 0.851928 0.406280
vt 0.841565 0.442444
vt 0.854685 0.452818
vt 0.856141 0.404953
vt 0.858093 0.404468
vt 0.860176 0.455358
vt 0.862393 0.403792
vt 0.864012 0.401406
vt 0.872562 0.398187
vt 0.862610 0.461636
vt 0.866588 0.400091
vt 0.874801 0.469013
vt 0.878367 0.398719
vt 0.879835 0.395363
vt 0.867750 0.466245
vt 0.890957 0.459050
vt 0.893913 0.395181
vt 0.895686 0.392349
vt 0.881135 0.466532
vt 0.881884 0.393850
vt 0.886463 0.393311
vt 0.900631 0.391057
vt 0.892718 0.458100
vt 0.897582 0.391257
vt 0.913626 0.396904
vt 0.905425 0.474462
vt 0.910823 0.395703
vt 0.936167 0.468749
vt 0.938127 0.394097
vt 0.941602 0.395105
vt 0.957281 0.459326
vt 0.961415 0.398464
vt 0.949402 0.468103
vt 0.952313 0.400518
vt 0.954140 0.398398
vt 0.934054 0.393648
vt 0.924829 0.469016
vt 0.929962 0.393494
vt 0.972992 0.457359
vt 0.973659 0.403730
vt 0.977771 0.405549
vt 0.968848 0.406122
vt 0.959383 0.459208
vt 0.963443 0.399454
vt 0.889196 0.460000
vt 0.893638 0.460730
vt 0.890904 0.475385
vt 0.889503 0.474568
vt 0.888403 0.470760
vt 0.903624 0.391799
vt 0.838361 0.439397
vt 0.837481 0.418058
vt 0.838394 0.413929
vt 0.850025 0.407092
vt 0.876378 0.468933
vt 0.940471 0.465209
vt 0.944993 0.398333
vt 0.991495 0.415526
vt 0.057519 0.300788
vt 0.029091 0.300811
vt 0.602779 0.514604
vt 0.620954 0.501382
vt 0.605256 0.517080
vt 0.453699 0.263797
vt 0.434946 0.276767
vt 0.449843 0.260307
vt 0.821705 0.540496
vt 0.804100 0.554277
vt 0.819658 0.538480
vt 0.908096 0.394341
vt 0.897885 0.475644
vt 0.049746 0.306371
vt 0.035306 0.307077
vt 0.032644 0.304845
vt 0.803721 0.522784
vt 0.786986 0.537422
vt 0.802544 0.521625
vt 0.596606 0.508431
vt 0.614590 0.495018
vt 0.598892 0.510716
vt 0.339428 0.193676
vt 0.318289 0.202830
vt 0.335567 0.188891
vt 0.836973 0.418738
vt 0.489682 0.301591
vt 0.503959 0.318920
vt 0.487438 0.304092
vt 0.569259 0.481083
vt 0.588510 0.468939
vt 0.804771 0.523818
vt 0.788163 0.538582
vt 0.494695 0.296006
vt 0.507987 0.314432
vt 0.491466 0.299604
vt 0.082326 0.192847
vt 0.015092 0.182800
vt 0.686124 0.596885
vt 0.674731 0.577345
vt 0.444765 0.255711
vt 0.425433 0.268157
vt 0.440329 0.251697
vt 0.798568 0.517709
vt 0.775270 0.525884
vt 0.790828 0.510087
vt 0.809423 0.528400
vt 0.789213 0.539616
vt 0.833046 0.551665
vt 0.815280 0.565288
vt 0.830839 0.549491
vt 0.448143 0.258769
vt 0.429868 0.272171
vt 0.078916 0.200327
vt 0.011985 0.196000
vt 0.314137 0.197683
vt 0.331416 0.183744
vt 0.314892 0.061035
vt 0.300610 0.078176
vt 0.313051 0.059789
vt 0.947504 0.401663
vt 0.837711 0.556259
vt 0.817488 0.567463
vt 0.308244 0.056536
vt 0.292386 0.072611
vt 0.304827 0.054225
vt 0.557326 0.469150
vt 0.574707 0.455136
vt 0.500073 0.290014
vt 0.511216 0.310835
vt 0.694250 0.588911
vt 0.682134 0.570080
vt 0.697489 0.585737
vt 0.300793 0.051495
vt 0.282511 0.065930
vt 0.294952 0.047543
vt 0.562625 0.474449
vt 0.580413 0.460841
vt 0.564715 0.476539
vt 0.773778 0.524414
vt 0.789336 0.508617
vt 0.480201 0.287782
vt 0.463682 0.302774
vt 0.478579 0.286314
vt 0.498808 0.325213
vt 0.484751 0.307113
vt 0.502294 0.320719
vt 0.064285 0.292105
vt 0.019389 0.288259
vt 0.477319 0.285173
vt 0.456992 0.296719
vt 0.471889 0.280259
vt 0.783010 0.533507
vt 0.812316 0.562368
vt 0.827874 0.546571
vt 0.481762 0.289195
vt 0.465304 0.304242
vt 0.492558 0.333271
vt 0.477276 0.316751
vt 0.494819 0.330356
vt 0.506204 0.316420
vt 0.489534 0.337170
vt 0.473707 0.321353
vt 0.491249 0.334958
vt 0.853610 0.405687
vt 0.616855 0.497283
vt 0.601157 0.512981
vt 0.618477 0.498906
vt 0.462422 0.301633
vt 0.085012 0.210898
vt 0.010019 0.201128
vt 0.751044 0.642843
vt 0.764333 0.660845
vt 0.749016 0.644776
vt 0.588272 0.500097
vt 0.606230 0.486659
vt 0.590533 0.502357
vt 0.018660 0.281443
vt 0.066429 0.285046
vt 0.083035 0.240816
vt 0.004281 0.233874
vt 0.824466 0.543214
vt 0.807075 0.557207
vt 0.822633 0.541409
vt 0.490557 0.297154
vt 0.466865 0.305655
vt 0.549235 0.461060
vt 0.571339 0.451768
vt 0.555641 0.467466
vt 0.453037 0.293140
vt 0.467934 0.276680
vt 0.843127 0.561588
vt 0.825362 0.575212
vt 0.840921 0.559415
vt 0.303817 0.053541
vt 0.288353 0.069882
vt 0.857124 0.452935
vt 0.861041 0.404498
vt 0.846817 0.565221
vt 0.828520 0.578322
vt 0.844078 0.562524
vt 0.920853 0.469771
vt 0.923672 0.397457
vt 0.925908 0.395268
vt 0.825929 0.544656
vt 0.808908 0.559012
vt 0.238727 0.073852
vt 0.266860 0.069155
vt 0.022312 0.169526
vt 0.078806 0.174549
vt 0.465662 0.274624
vt 0.447938 0.288525
vt 0.462834 0.272065
vt 0.061493 0.296074
vt 0.059746 0.296278
vt 0.062379 0.295364
vt 0.968783 0.459189
vt 0.972546 0.403845
vt 0.312221 0.195308
vt 0.831546 0.427974
vt 0.831491 0.425019
vt 0.320652 0.170402
vt 0.301999 0.182637
vt 0.319278 0.168698
vt 0.080345 0.230739
vt 0.003617 0.222046
vt 0.079874 0.228771
vt 0.814605 0.533503
vt 0.793865 0.544197
vt 0.042831 0.310712
vt 0.039981 0.310205
vt 0.044655 0.310256
vt 0.848688 0.409600
vt 0.849170 0.407872
vt 0.295803 0.074923
vt 0.461444 0.270806
vt 0.444696 0.285591
vt 0.459593 0.269131
vt 0.851252 0.569590
vt 0.831258 0.581019
vt 0.772285 0.522944
vt 0.787843 0.507147
vt 0.573023 0.453452
vt 0.799046 0.549300
vt 0.017859 0.285681
vt 0.064920 0.290549
vt 0.017892 0.286513
vt 0.018369 0.287372
vt 0.064578 0.291337
vt 0.850383 0.451525
vt 0.854439 0.405424
vt 0.851134 0.452360
vt 0.855286 0.405179
vt 0.851923 0.452920
vt 0.852751 0.453069
vt 0.322787 0.173048
vt 0.305509 0.186988
vt 0.322253 0.172386
vt 0.304974 0.186325
vt 0.321837 0.171870
vt 0.827152 0.545860
vt 0.811594 0.561657
vt 0.826477 0.545196
vt 0.810919 0.560993
vt 0.303374 0.184341
vt 0.018368 0.280259
vt 0.858264 0.453413
vt 0.326581 0.177751
vt 0.309302 0.191690
vt 0.307350 0.189270
vt 0.082122 0.237933
vt 0.004552 0.232489
vt 0.004124 0.231064
vt 0.082538 0.239362
vt 0.902652 0.473864
vt 0.909466 0.395065
vt 0.904073 0.473812
vt 0.451932 0.292139
vt 0.450765 0.291084
vt 0.466829 0.275680
vt 0.591645 0.503469
vt 0.607343 0.487772
vt 0.592793 0.504618
vt 0.612304 0.492733
vt 0.002109 0.223847
vt 0.080679 0.232158
vt 0.001770 0.225201
vt 0.001688 0.226581
vt 0.081029 0.233581
vt 0.002191 0.228017
vt 0.908157 0.476865
vt 0.915005 0.397203
vt 0.909532 0.477213
vt 0.916384 0.397503
vt 0.910923 0.477336
vt 0.912350 0.476887
vt 0.603525 0.483954
vt 0.603970 0.484399
vt 0.587827 0.499652
vt 0.603080 0.483509
vt 0.587382 0.499207
vt 0.602635 0.483064
vt 0.446997 0.287674
vt 0.446547 0.287266
vt 0.461894 0.271214
vt 0.447480 0.288111
vt 0.462377 0.271651
vt 0.081379 0.235001
vt 0.084511 0.219139
vt 0.008980 0.213802
vt 0.083792 0.221720
vt 0.008729 0.215097
vt 0.083203 0.222980
vt 0.008187 0.216362
vt 0.006806 0.203984
vt 0.085101 0.212287
vt 0.006304 0.205319
vt 0.085092 0.213675
vt 0.006082 0.206688
vt 0.922212 0.468876
vt 0.927277 0.394262
vt 0.923529 0.468721
vt 0.928744 0.471922
vt 0.935419 0.393762
vt 0.930095 0.472233
vt 0.931475 0.472156
vt 0.936782 0.393913
vt 0.932888 0.471446
vt 0.576040 0.487864
vt 0.591737 0.472166
vt 0.576600 0.488424
vt 0.592298 0.472727
vt 0.577092 0.488916
vt 0.596944 0.477373
vt 0.597489 0.477917
vt 0.581246 0.493071
vt 0.596366 0.476795
vt 0.580668 0.492493
vt 0.449304 0.259819
vt 0.434407 0.276279
vt 0.448717 0.259288
vt 0.433821 0.275748
vt 0.439323 0.280728
vt 0.438802 0.280256
vt 0.454220 0.264268
vt 0.439870 0.281223
vt 0.454767 0.264763
vt 0.585416 0.497241
vt 0.586937 0.498762
vt 0.009089 0.190974
vt 0.078778 0.196735
vt 0.008978 0.192190
vt 0.078494 0.197937
vt 0.009395 0.193443
vt 0.010355 0.194710
vt 0.078445 0.199127
vt 0.941470 0.467616
vt 0.948637 0.401940
vt 0.942573 0.468210
vt 0.949792 0.402064
vt 0.943696 0.468682
vt 0.944846 0.468961
vt 0.951011 0.401652
vt 0.946027 0.469002
vt 0.474761 0.319993
vt 0.475016 0.319665
vt 0.492304 0.333599
vt 0.474452 0.320392
vt 0.491994 0.333998
vt 0.474091 0.320857
vt 0.491634 0.334463
vt 0.565134 0.476959
vt 0.580832 0.461261
vt 0.565488 0.477313
vt 0.581186 0.461615
vt 0.565801 0.477625
vt 0.581499 0.461927
vt 0.566093 0.477918
vt 0.584956 0.465385
vt 0.837148 0.586819
vt 0.852706 0.571022
vt 0.853559 0.571862
vt 0.048505 0.308219
vt 0.031785 0.303999
vt 0.836497 0.437231
vt 0.835780 0.436230
vt 0.827569 0.577386
vt 0.845329 0.594876
vt 0.860231 0.578433
vt 0.860949 0.579138
vt 0.842917 0.592501
vt 0.055010 0.304834
vt 0.029544 0.301341
vt 0.838809 0.439575
vt 0.840367 0.558874
vt 0.825085 0.574942
vt 0.824808 0.574672
vt 0.840644 0.559144
vt 0.678626 0.573522
vt 0.678898 0.573252
vt 0.693978 0.589181
vt 0.822153 0.572057
vt 0.318509 0.167745
vt 0.300786 0.181134
vt 0.300021 0.180185
vt 0.318065 0.167194
vt 0.005413 0.218229
vt 0.080205 0.226142
vt 0.004792 0.219492
vt 0.079905 0.227439
vt 0.004147 0.220759
vt 0.915793 0.474695
vt 0.920969 0.398678
vt 0.917195 0.473549
vt 0.922307 0.398353
vt 0.918596 0.472201
vt 0.459079 0.268666
vt 0.444183 0.285126
vt 0.458479 0.268123
vt 0.443582 0.284583
vt 0.584591 0.496415
vt 0.600288 0.480717
vt 0.585030 0.496855
vt 0.600728 0.481157
vt 0.080673 0.224865
vt 0.011111 0.186514
vt 0.950663 0.467419
vt 0.495363 0.329654
vt 0.477821 0.316048
vt 0.578323 0.458751
vt 0.481266 0.311607
vt 0.022759 0.168433
vt 0.969908 0.458924
vt 0.256540 0.089685
vt 0.271289 0.073092
vt 0.291376 0.071928
vt 0.274714 0.076137
vt 0.259966 0.092730
vt 0.443053 0.284104
vt 0.003162 0.247960
vt 0.846630 0.446013
vt 0.873434 0.468717
vt 0.964879 0.459006
vt 0.888447 0.472768
vt 0.979667 0.457680
vt 0.806147 0.556293
vt 0.322149 0.207615
vt 0.670772 0.581226
vt 0.433247 0.275229
vt 0.302451 0.079421
vt 0.516594 0.304843
vt 0.471992 0.323564
vt 0.766361 0.658913
vt 0.475660 0.313614
vt 0.564933 0.445362
vt 0.810371 0.560453
vt 0.253475 0.057258
vt 0.060875 0.296292
vt 0.831302 0.426108
vt 0.041749 0.310728
vt 0.848853 0.408460
vt 0.835694 0.585387
vt 0.304558 0.185809
vt 0.608491 0.488920
vt 0.084265 0.220444
vt 0.928625 0.393683
vt 0.601114 0.481543
vt 0.581791 0.462220
vt 0.838001 0.587659
vt 0.844673 0.594230
vt 0.054841 0.305262
vt 0.838851 0.413344
vt 0.301230 0.181684
vt 0.470488 0.535650
vt 0.448871 0.545415
vt 0.464588 0.529737
vt 0.313290 0.960852
vt 0.308701 0.936038
vt 0.313828 0.933706
vt 0.487656 0.552861
vt 0.468579 0.565171
vt 0.484296 0.549493
vt 0.318673 0.961820
vt 0.322701 0.933650
vt 0.322077 0.965144
vt 0.300298 0.956820
vt 0.308208 0.960901
vt 0.331076 0.971421
vt 0.325976 0.932931
vt 0.332004 0.927667
vt 0.325379 0.968452
vt 0.336802 0.973000
vt 0.346487 0.922181
vt 0.345409 0.976640
vt 0.355745 0.976597
vt 0.356912 0.917633
vt 0.520180 0.585464
vt 0.501890 0.598564
vt 0.517607 0.582886
vt 0.360706 0.978736
vt 0.363742 0.916819
vt 0.362453 0.981932
vt 0.367070 0.916747
vt 0.365713 0.985272
vt 0.372580 0.989360
vt 0.378384 0.917005
vt 0.376916 0.991100
vt 0.532430 0.597745
vt 0.513413 0.610115
vt 0.529130 0.594436
vt 0.397245 0.995455
vt 0.396231 0.912358
vt 0.398694 0.910843
vt 0.383050 0.992501
vt 0.388495 0.930868
vt 0.387236 0.994406
vt 0.384386 0.925076
vt 0.547251 0.612602
vt 0.529657 0.626399
vt 0.545374 0.610721
vt 0.404997 0.994598
vt 0.402581 0.910068
vt 0.406326 0.907256
vt 0.417134 0.987052
vt 0.410864 0.906596
vt 0.418674 0.909318
vt 0.426790 0.980813
vt 0.428132 0.913070
vt 0.433576 0.991223
vt 0.444688 0.917413
vt 0.443224 0.991312
vt 0.848824 0.633785
vt 0.870894 0.623843
vt 0.855964 0.640274
vt 0.448138 0.919068
vt 0.446712 0.991044
vt 0.457214 0.987644
vt 0.463764 0.927476
vt 0.462565 0.987990
vt 0.458442 0.925665
vt 0.472447 0.930540
vt 0.471357 0.985573
vt 0.479734 0.984499
vt 0.486014 0.936364
vt 0.485029 0.982881
vt 0.480741 0.933679
vt 0.490288 0.981106
vt 0.508054 0.940719
vt 0.507285 0.979540
vt 0.337774 0.923899
vt 0.400886 0.995572
vt 0.409134 0.992772
vt 0.491179 0.936128
vt 0.057527 0.367584
vt 0.032440 0.364854
vt 0.057198 0.362513
vt 0.031100 0.378993
vt 0.058892 0.372880
vt 0.062460 0.376028
vt 0.052539 0.354929
vt 0.069390 0.384534
vt 0.030627 0.382313
vt 0.066005 0.379074
vt 0.021434 0.403566
vt 0.071390 0.390127
vt 0.075661 0.398438
vt 0.076387 0.408749
vt 0.017370 0.421173
vt 0.078889 0.413537
vt 0.082207 0.415042
vt 0.017547 0.424496
vt 0.085781 0.418044
vt 0.018645 0.435760
vt 0.090368 0.424589
vt 0.092426 0.428784
vt 0.098281 0.448733
vt 0.015339 0.453904
vt 0.098106 0.446081
vt 0.033222 0.444812
vt 0.094279 0.434797
vt 0.096491 0.438830
vt 0.027141 0.441146
vt 0.098004 0.456526
vt 0.013528 0.460406
vt 0.098669 0.452354
vt 0.091382 0.469191
vt 0.010681 0.468924
vt 0.096491 0.460788
vt 0.085878 0.479285
vt 0.013977 0.476510
vt 0.023985 0.501850
vt 0.096764 0.485277
vt 0.097571 0.494892
vt 0.025893 0.505166
vt 0.097563 0.498390
vt 0.035439 0.520124
vt 0.094954 0.509115
vt 0.095697 0.514426
vt 0.033238 0.514951
vt 0.039141 0.528555
vt 0.093941 0.523373
vt 0.045958 0.541651
vt 0.093493 0.531808
vt 0.092273 0.537208
vt 0.042889 0.536593
vt 0.051941 0.563306
vt 0.090894 0.542584
vt 0.090597 0.559651
vt 0.025826 0.388715
vt 0.014012 0.456472
vt 0.011002 0.464350
vt 0.393052 0.995392
vt 0.394696 0.914405
vt 0.417429 0.482461
vt 0.393678 0.490087
vt 0.409396 0.474408
vt 0.800260 0.589656
vt 0.827823 0.584705
vt 0.812893 0.601135
vt 0.834097 0.620403
vt 0.852995 0.607579
vt 0.838066 0.624009
vt 0.097907 0.444556
vt 0.495042 0.375413
vt 0.472833 0.384600
vt 0.488531 0.368902
vt 0.358447 0.976903
vt 0.359631 0.917120
vt 0.047032 0.348648
vt 0.041993 0.348074
vt 0.044895 0.347799
vt 0.549824 0.615181
vt 0.531534 0.628281
vt 0.391725 0.488129
vt 0.407442 0.472450
vt 0.293626 0.951795
vt 0.292677 0.946814
vt 0.293699 0.944701
vt 0.821098 0.608591
vt 0.842279 0.597841
vt 0.827349 0.614271
vt 0.542074 0.422445
vt 0.523065 0.434831
vt 0.538763 0.419134
vt 0.476774 0.541952
vt 0.454771 0.551329
vt 0.482260 0.362631
vt 0.462378 0.374145
vt 0.478076 0.358447
vt 0.076893 0.411421
vt 0.017673 0.414301
vt 0.446834 0.511939
vt 0.427139 0.523630
vt 0.442856 0.507951
vt 0.556001 0.621373
vt 0.537090 0.633850
vt 0.552807 0.618172
vt 0.513588 0.578857
vt 0.490571 0.587218
vt 0.506289 0.571539
vt 0.466562 0.378329
vt 0.535520 0.415891
vt 0.513974 0.425740
vt 0.529672 0.410043
vt 0.317010 0.961021
vt 0.317553 0.933573
vt 0.849027 0.603973
vt 0.405784 0.470788
vt 0.388809 0.485206
vt 0.404526 0.469527
vt 0.424507 0.520991
vt 0.440224 0.505312
vt 0.547229 0.644015
vt 0.540284 0.637052
vt 0.386458 0.482849
vt 0.402175 0.467170
vt 0.817001 0.604868
vt 0.831930 0.588437
vt 0.506779 0.418545
vt 0.522477 0.402847
vt 0.057972 0.371281
vt 0.030496 0.370141
vt 0.474420 0.354791
vt 0.446356 0.358123
vt 0.462054 0.342425
vt 0.523476 0.588769
vt 0.504463 0.601143
vt 0.480363 0.545550
vt 0.461057 0.557631
vt 0.571066 0.636475
vt 0.562947 0.628336
vt 0.396894 0.461876
vt 0.377789 0.474159
vt 0.393507 0.458480
vt 0.428568 0.493628
vt 0.407983 0.504427
vt 0.423700 0.488748
vt 0.517205 0.397576
vt 0.494676 0.406443
vt 0.510374 0.390745
vt 0.452883 0.518002
vt 0.431117 0.527618
vt 0.495494 0.560718
vt 0.475240 0.571849
vt 0.490957 0.556170
vt 0.370541 0.914984
vt 0.369106 0.987521
vt 0.459249 0.524385
vt 0.437165 0.533681
vt 0.432191 0.914167
vt 0.430507 0.988786
vt 0.016047 0.428089
vt 0.088276 0.421261
vt 0.544877 0.425248
vt 0.526377 0.438143
vt 0.019818 0.489629
vt 0.094106 0.482398
vt 0.471939 0.568540
vt 0.561170 0.441541
vt 0.533033 0.444800
vt 0.548731 0.429102
vt 0.540122 0.605456
vt 0.521157 0.617878
vt 0.536874 0.602199
vt 0.434219 0.499293
vt 0.412850 0.509306
vt 0.503806 0.415573
vt 0.519504 0.399875
vt 0.546921 0.427292
vt 0.529179 0.440946
vt 0.519822 0.431589
vt 0.491971 0.403737
vt 0.507668 0.388039
vt 0.436587 0.501667
vt 0.418502 0.514972
vt 0.534106 0.630859
vt 0.386403 0.451360
vt 0.365671 0.462011
vt 0.381388 0.446332
vt 0.439033 0.504118
vt 0.420870 0.517346
vt 0.861165 0.615003
vt 0.846235 0.631433
vt 0.516713 0.613423
vt 0.458722 0.370489
vt 0.499017 0.379388
vt 0.479344 0.391111
vt 0.499689 0.564923
vt 0.479777 0.576397
vt 0.836028 0.592161
vt 0.370686 0.467038
vt 0.401711 0.498140
vt 0.483319 0.395086
vt 0.383709 0.480093
vt 0.399426 0.464414
vt 0.863754 0.617355
vt 0.483972 0.580602
vt 0.445189 0.541724
vt 0.460906 0.526045
vt 0.447248 0.543788
vt 0.462965 0.528109
vt 0.039963 0.349249
vt 0.300652 0.938963
vt 0.319240 0.933561
vt 0.030755 0.375548
vt 0.030640 0.373865
vt 0.482993 0.548186
vt 0.464646 0.561229
vt 0.361961 0.916849
vt 0.359663 0.977502
vt 0.360871 0.916936
vt 0.017273 0.418301
vt 0.017365 0.417050
vt 0.077582 0.412589
vt 0.017268 0.419394
vt 0.516467 0.581742
vt 0.500749 0.597421
vt 0.515509 0.580782
vt 0.406556 0.471562
vt 0.390839 0.487241
vt 0.497871 0.594536
vt 0.435335 0.914995
vt 0.431910 0.990484
vt 0.433763 0.914581
vt 0.020348 0.491166
vt 0.095904 0.483670
vt 0.020878 0.492702
vt 0.502657 0.414423
vt 0.501507 0.413274
vt 0.518354 0.398725
vt 0.857314 0.641499
vt 0.873873 0.626550
vt 0.858943 0.642981
vt 0.865454 0.648896
vt 0.880384 0.632466
vt 0.374053 0.914944
vt 0.370827 0.988526
vt 0.372290 0.914606
vt 0.015800 0.429861
vt 0.089406 0.422902
vt 0.016268 0.431594
vt 0.382445 0.478826
vt 0.381177 0.477555
vt 0.398162 0.463147
vt 0.527758 0.593062
vt 0.512041 0.608741
vt 0.526351 0.591651
vt 0.507759 0.604448
vt 0.394588 0.995477
vt 0.017267 0.452220
vt 0.544288 0.609632
vt 0.524405 0.621134
vt 0.034758 0.356610
vt 0.022498 0.394750
vt 0.018423 0.485663
vt 0.046107 0.546819
vt 0.815190 0.573226
vt 0.292620 0.949728
vt 0.390067 0.486467
vt 0.555349 0.652154
vt 0.443532 0.540063
vt 0.545472 0.457239
vt 0.531223 0.442990
vt 0.423316 0.519797
vt 0.467276 0.563865
vt 0.499792 0.596461
vt 0.872244 0.625069
vt 0.510634 0.607330
vt 0.528571 0.625310
vt 0.319450 0.151935
vt 0.298777 0.169248
vt 0.278468 0.152818
vt 0.495937 0.230483
vt 0.525669 0.258185
vt 0.496921 0.259551
vt 0.446965 0.553372
vt 0.468962 0.572745
vt 0.467968 0.573768
vt 0.551626 0.280026
vt 0.522072 0.299961
vt 0.522076 0.297851
vt 0.759422 0.659234
vt 0.759038 0.661571
vt 0.758054 0.660538
vt 0.319341 0.061136
vt 0.322652 0.060247
vt 0.351295 0.084084
vt 0.241222 0.122105
vt 0.216046 0.099479
vt 0.216057 0.096885
vt 0.289702 0.124861
vt 0.264285 0.105718
vt 0.266244 0.105598
vt 0.550043 0.655847
vt 0.552021 0.655779
vt 0.551027 0.656802
vt 0.768873 0.681805
vt 0.768329 0.684258
vt 0.767358 0.683213
vt 0.718868 0.616649
vt 0.696598 0.595979
vt 0.697617 0.594980
vt 0.251131 0.310688
vt 0.231429 0.292555
vt 0.232450 0.291558
vt 0.749583 0.653855
vt 0.746821 0.652973
vt 0.747868 0.652003
vt 0.415435 0.522755
vt 0.443163 0.547692
vt 0.442169 0.548715
vt 0.556199 0.617890
vt 0.575092 0.634934
vt 0.574078 0.635938
vt 0.724114 0.620847
vt 0.745737 0.641366
vt 0.744706 0.642353
vt 0.283525 0.072397
vt 0.288804 0.074750
vt 0.307235 0.094629
vt 0.308771 0.100223
vt 0.314734 0.102059
vt 0.335414 0.123481
vt 0.691408 0.327794
vt 0.689118 0.326526
vt 0.725308 0.325057
vt 0.677160 0.594029
vt 0.673728 0.592609
vt 0.674738 0.591602
vt 0.225733 0.072727
vt 0.211411 0.096375
vt 0.181614 0.066098
vt 0.759355 0.664973
vt 0.759026 0.667222
vt 0.758057 0.666176
vt 0.773812 0.693350
vt 0.753920 0.674047
vt 0.754965 0.673076
vt 0.770023 0.685952
vt 0.775336 0.689519
vt 0.774297 0.690497
vt 0.695397 0.612312
vt 0.676150 0.595037
vt 0.765405 0.664555
vt 0.763762 0.665982
vt 0.763762 0.664555
vt 0.536095 0.595280
vt 0.515806 0.576899
vt 0.516818 0.575893
vt 0.261567 0.320717
vt 0.257997 0.319334
vt 0.258971 0.318292
vt 0.383635 0.489886
vt 0.410639 0.518097
vt 0.382641 0.490909
vt 0.753239 0.642147
vt 0.771615 0.658847
vt 0.770597 0.659846
vt 0.704120 0.592063
vt 0.703409 0.589300
vt 0.705139 0.591064
vt 0.418832 0.670295
vt 0.393497 0.669057
vt 0.393553 0.667778
vt 0.426259 0.642278
vt 0.422284 0.669459
vt 0.425211 0.641932
vt 0.425087 0.671786
vt 0.453549 0.674656
vt 0.459006 0.678145
vt 0.423680 0.673359
vt 0.417621 0.702199
vt 0.422249 0.672719
vt 0.423459 0.670673
vt 0.420161 0.671063
vt 0.456226 0.704922
vt 0.460507 0.679992
vt 0.457827 0.705675
vt 0.458136 0.648911
vt 0.456246 0.673678
vt 0.455151 0.673520
vt 0.463130 0.677784
vt 0.490674 0.682842
vt 0.499173 0.687242
vt 0.529784 0.692966
vt 0.539226 0.666589
vt 0.531881 0.693243
vt 0.501376 0.689612
vt 0.496083 0.717434
vt 0.457540 0.675927
vt 0.495091 0.682562
vt 0.493561 0.681097
vt 0.507146 0.689271
vt 0.567852 0.711188
vt 0.540095 0.700448
vt 0.532026 0.695709
vt 0.527528 0.727248
vt 0.533881 0.701002
vt 0.529111 0.727923
vt 0.532658 0.698434
vt 0.527727 0.693784
vt 0.500137 0.657916
vt 0.497714 0.657211
vt 0.754125 0.658760
vt 0.753514 0.661270
vt 0.752545 0.660223
vt 0.545586 0.647152
vt 0.526999 0.631091
vt 0.527993 0.630068
vt 0.494823 0.599846
vt 0.497405 0.600364
vt 0.496411 0.601388
vt 0.470476 0.574215
vt 0.469482 0.575238
vt 0.546453 0.649983
vt 0.544592 0.648175
vt 0.474278 0.579896
vt 0.495816 0.598822
vt 0.726604 0.645617
vt 0.751985 0.669042
vt 0.750975 0.670050
vt 0.763626 0.679153
vt 0.763915 0.676936
vt 0.764886 0.677980
vt 0.287405 0.346363
vt 0.262520 0.323375
vt 0.263531 0.322368
vt 0.512959 0.572455
vt 0.494035 0.555819
vt 0.495037 0.554802
vt 0.759369 0.671089
vt 0.739500 0.652867
vt 0.740519 0.651868
vt 0.728160 0.616575
vt 0.749576 0.636375
vt 0.748558 0.637374
vt 0.766912 0.680381
vt 0.764996 0.680415
vt 0.766041 0.679443
vt 0.776368 0.686280
vt 0.779710 0.687779
vt 0.778665 0.688751
vt 0.514824 0.574292
vt 0.511958 0.573472
vt 0.255704 0.317063
vt 0.252491 0.312051
vt 0.256685 0.316027
vt 0.759861 0.668524
vt 0.777413 0.685309
vt 0.722892 0.639876
vt 0.699108 0.618053
vt 0.700119 0.617045
vt 0.747447 0.647827
vt 0.750332 0.648731
vt 0.749314 0.649730
vt 0.691825 0.600660
vt 0.712060 0.623330
vt 0.690807 0.601659
vt 0.556306 0.615829
vt 0.536449 0.597319
vt 0.537475 0.596328
vt 0.760392 0.675461
vt 0.762188 0.675298
vt 0.761143 0.676269
vt 0.723479 0.611802
vt 0.724497 0.610803
vt 0.772990 0.660249
vt 0.771972 0.661248
vt 0.523197 0.625410
vt 0.501207 0.606045
vt 0.502201 0.605022
vt 0.741431 0.645063
vt 0.719762 0.624497
vt 0.720793 0.623511
vt 0.716741 0.628103
vt 0.737738 0.647475
vt 0.736719 0.648474
vt 0.295338 0.132074
vt 0.297890 0.131305
vt 0.525669 0.230503
vt 0.522325 0.259381
vt 0.447959 0.552349
vt 0.567371 0.301864
vt 0.538033 0.324505
vt 0.760406 0.660267
vt 0.335705 0.110124
vt 0.306032 0.083266
vt 0.231438 0.077785
vt 0.244595 0.122046
vt 0.260186 0.103480
vt 0.272339 0.147502
vt 0.248762 0.125047
vt 0.551037 0.654823
vt 0.769844 0.682850
vt 0.717849 0.617648
vt 0.250110 0.311685
vt 0.748536 0.654824
vt 0.416429 0.521731
vt 0.557213 0.616886
vt 0.725144 0.619861
vt 0.289418 0.117847
vt 0.267151 0.096492
vt 0.318712 0.142761
vt 0.294176 0.123342
vt 0.685857 0.301582
vt 0.723650 0.296470
vt 0.723629 0.326501
vt 0.196007 0.045669
vt 0.226265 0.070314
vt 0.760325 0.666020
vt 0.772768 0.694321
vt 0.771062 0.684974
vt 0.694387 0.613320
vt 0.765405 0.665982
vt 0.535083 0.596286
vt 0.260593 0.321760
vt 0.411633 0.517074
vt 0.754257 0.641148
vt 0.702390 0.590299
vt 0.419260 0.702301
vt 0.459950 0.649437
vt 0.537533 0.665399
vt 0.497931 0.718539
vt 0.496843 0.684506
vt 0.567341 0.712461
vt 0.755094 0.659807
vt 0.547447 0.648959
vt 0.475272 0.578872
vt 0.727614 0.644609
vt 0.762654 0.678108
vt 0.286394 0.347369
vt 0.758351 0.672088
vt 0.729178 0.615576
vt 0.765868 0.681352
vt 0.513823 0.575308
vt 0.251509 0.313087
vt 0.760906 0.667552
vt 0.721882 0.640884
vt 0.748466 0.646828
vt 0.713078 0.622331
vt 0.555279 0.616820
vt 0.761437 0.674490
vt 0.522203 0.626434
vt 0.740400 0.646050
vt 0.717759 0.627104
vt 0.594048 0.543417
vt 0.614950 0.533013
vt 0.599119 0.548576
vt 0.872661 0.505313
vt 0.894132 0.486405
vt 0.903014 0.491373
vt 0.906857 0.496534
vt 0.870097 0.513600
vt 0.908384 0.499154
vt 0.869944 0.517142
vt 0.870242 0.522688
vt 0.913814 0.502460
vt 0.919139 0.507567
vt 0.869585 0.530337
vt 0.872151 0.539357
vt 0.920676 0.521831
vt 0.871036 0.544745
vt 0.553625 0.502301
vt 0.573374 0.490722
vt 0.557543 0.506286
vt 0.918762 0.527696
vt 0.871735 0.549529
vt 0.871626 0.551901
vt 0.930280 0.525168
vt 0.871235 0.559077
vt 0.939361 0.527449
vt 0.872507 0.564706
vt 0.943370 0.530514
vt 0.877784 0.579606
vt 0.946358 0.536640
vt 0.953256 0.544220
vt 0.644671 0.489659
vt 0.621997 0.498237
vt 0.637855 0.482701
vt 0.900294 0.619070
vt 0.973126 0.572345
vt 0.979202 0.582162
vt 0.903449 0.630934
vt 0.970553 0.610165
vt 0.911593 0.637705
vt 0.486499 0.434022
vt 0.494847 0.410845
vt 0.502331 0.418458
vt 0.918452 0.643463
vt 0.987341 0.625268
vt 0.927813 0.653020
vt 0.463336 0.410459
vt 0.488593 0.404485
vt 0.472762 0.420048
vt 0.934326 0.658742
vt 0.989992 0.632790
vt 0.942244 0.664531
vt 0.992465 0.641118
vt 0.944287 0.666939
vt 0.993499 0.643996
vt 0.948175 0.672674
vt 0.995520 0.650601
vt 0.954131 0.677946
vt 0.995406 0.673626
vt 0.959169 0.687457
vt 0.997063 0.657931
vt 0.872677 0.496365
vt 0.886890 0.482326
vt 0.873779 0.570335
vt 0.892510 0.595221
vt 0.967985 0.562157
vt 0.890934 0.597526
vt 0.659904 0.505208
vt 0.632946 0.509413
vt 0.648804 0.493877
vt 0.708907 0.989558
vt 0.727455 0.968219
vt 0.717750 0.989485
vt 0.717364 0.955709
vt 0.700735 0.992146
vt 0.714764 0.954216
vt 0.697236 0.992319
vt 0.691752 0.992061
vt 0.706381 0.943642
vt 0.684197 0.992759
vt 0.692275 0.942215
vt 0.675268 0.990282
vt 0.669950 0.991418
vt 0.686491 0.944144
vt 0.665218 0.990757
vt 0.662875 0.990881
vt 0.655785 0.991314
vt 0.688916 0.932746
vt 0.650214 0.990093
vt 0.686603 0.923786
vt 0.635457 0.984974
vt 0.677476 0.916931
vt 0.644644 0.988872
vt 0.641458 0.891286
vt 0.614379 0.974913
vt 0.604353 0.972035
vt 0.594669 0.965164
vt 0.603253 0.894109
vt 0.582661 0.962045
vt 0.575770 0.953855
vt 0.587832 0.877481
vt 0.569898 0.947006
vt 0.560213 0.937628
vt 0.554410 0.931098
vt 0.548529 0.923153
vt 0.580236 0.874853
vt 0.546092 0.921109
vt 0.571830 0.872410
vt 0.540290 0.917224
vt 0.568924 0.871384
vt 0.539055 0.869635
vt 0.534943 0.911253
vt 0.525329 0.906232
vt 0.562256 0.869386
vt 0.731533 0.975350
vt 0.725041 0.989355
vt 0.651783 0.896421
vt 0.618945 0.972602
vt 0.616495 0.974495
vt 0.635562 0.548160
vt 0.657434 0.538637
vt 0.641736 0.554335
vt 0.576245 0.525309
vt 0.598252 0.516028
vt 0.582421 0.531591
vt 0.539265 0.487693
vt 0.550986 0.467950
vt 0.555096 0.472130
vt 0.626834 0.576767
vt 0.644825 0.563401
vt 0.628994 0.578964
vt 0.457227 0.404246
vt 0.466147 0.381652
vt 0.473058 0.388682
vt 0.667189 0.512644
vt 0.644045 0.520743
vt 0.659607 0.540810
vt 0.643909 0.556508
vt 0.573720 0.522741
vt 0.592076 0.509745
vt 0.512336 0.460303
vt 0.530080 0.446684
vt 0.514249 0.462248
vt 0.649351 0.568004
vt 0.633521 0.583568
vt 0.448091 0.394953
vt 0.450316 0.397216
vt 0.890532 0.599623
vt 0.893438 0.609527
vt 0.664517 0.545719
vt 0.648819 0.561417
vt 0.569765 0.518718
vt 0.589551 0.507177
vt 0.890949 0.589748
vt 0.963358 0.556129
vt 0.654606 0.573349
vt 0.638775 0.588912
vt 0.437604 0.384285
vt 0.459040 0.374423
vt 0.443209 0.389987
vt 0.613853 0.489924
vt 0.629712 0.474388
vt 0.654142 0.566741
vt 0.681056 0.562259
vt 0.665359 0.577957
vt 0.564298 0.513157
vt 0.585596 0.503154
vt 0.495232 0.442904
vt 0.519365 0.435785
vt 0.503534 0.451349
vt 0.645508 0.595762
vt 0.665052 0.583975
vt 0.649221 0.599539
vt 0.669840 0.551043
vt 0.620184 0.464663
vt 0.592321 0.467944
vt 0.608179 0.452409
vt 0.463922 0.379389
vt 0.921180 0.513143
vt 0.871884 0.535896
vt 0.980018 0.592917
vt 0.902435 0.629153
vt 0.700858 0.941661
vt 0.678690 0.990523
vt 0.609087 0.558715
vt 0.630837 0.549172
vt 0.615006 0.564735
vt 0.620628 0.884443
vt 0.584466 0.963059
vt 0.603914 0.553453
vt 0.624918 0.543152
vt 0.658833 0.577649
vt 0.643002 0.593213
vt 0.606245 0.482158
vt 0.622104 0.466622
vt 0.669446 0.588444
vt 0.653615 0.604007
vt 0.445851 0.361008
vt 0.453435 0.368722
vt 0.672033 0.517589
vt 0.651330 0.528179
vt 0.619872 0.532470
vt 0.645591 0.526794
vt 0.629893 0.542492
vt 0.559205 0.476310
vt 0.543374 0.491873
vt 0.550182 0.498799
vt 0.569456 0.486737
vt 0.731836 0.987517
vt 0.734409 0.984601
vt 0.733863 0.985797
vt 0.914757 0.640090
vt 0.981789 0.608466
vt 0.690657 0.536599
vt 0.666417 0.543580
vt 0.682275 0.528044
vt 0.874576 0.482099
vt 0.877510 0.479476
vt 0.880222 0.479440
vt 0.647190 0.492229
vt 0.630049 0.506456
vt 0.645907 0.490920
vt 0.573341 0.950671
vt 0.588793 0.538073
vt 0.609878 0.527854
vt 0.527964 0.476199
vt 0.535155 0.483513
vt 0.548492 0.497079
vt 0.566014 0.483235
vt 0.638084 0.556543
vt 0.622252 0.572107
vt 0.607638 0.520236
vt 0.631435 0.512638
vt 0.615737 0.528336
vt 0.659762 0.536786
vt 0.675620 0.521251
vt 0.526659 0.443205
vt 0.510828 0.458768
vt 0.651260 0.532462
vt 0.604624 0.522509
vt 0.564323 0.481515
vt 0.642666 0.561204
vt 0.479167 0.394896
vt 0.656175 0.533125
vt 0.601035 0.550525
vt 0.616866 0.534961
vt 0.601983 0.551489
vt 0.619745 0.537889
vt 0.617814 0.535925
vt 0.734427 0.981920
vt 0.872761 0.488987
vt 0.921333 0.516658
vt 0.697383 0.941532
vt 0.661339 0.580198
vt 0.560015 0.508800
vt 0.580129 0.497593
vt 0.968869 0.563670
vt 0.650249 0.895537
vt 0.628813 0.505194
vt 0.528168 0.444739
vt 0.625350 0.972028
vt 0.669941 0.910163
vt 0.966916 0.560686
vt 0.892471 0.593672
vt 0.966056 0.559515
vt 0.892260 0.592217
vt 0.965175 0.558367
vt 0.891819 0.590878
vt 0.964280 0.557235
vt 0.658107 0.900256
vt 0.624155 0.971336
vt 0.656922 0.899542
vt 0.655726 0.898840
vt 0.622752 0.971078
vt 0.654515 0.898150
vt 0.621061 0.971413
vt 0.653270 0.897488
vt 0.514779 0.462787
vt 0.530610 0.447224
vt 0.515277 0.463293
vt 0.531108 0.447730
vt 0.515723 0.463748
vt 0.531555 0.448184
vt 0.516131 0.464162
vt 0.648391 0.493456
vt 0.632533 0.508991
vt 0.647940 0.492995
vt 0.632081 0.508530
vt 0.647518 0.492564
vt 0.631659 0.508100
vt 0.531962 0.448598
vt 0.543796 0.460635
vt 0.979224 0.595520
vt 0.618002 0.885260
vt 0.604326 0.480199
vt 0.487947 0.435494
vt 0.511063 0.427340
vt 0.985914 0.609765
vt 0.986752 0.611180
vt 0.917170 0.642206
vt 0.984345 0.608684
vt 0.915847 0.640996
vt 0.604903 0.882744
vt 0.572400 0.949615
vt 0.604560 0.880403
vt 0.571173 0.948290
vt 0.603462 0.878828
vt 0.602032 0.877992
vt 0.634401 0.515604
vt 0.635570 0.516773
vt 0.618703 0.531302
vt 0.633047 0.514250
vt 0.617349 0.529948
vt 0.474027 0.421335
vt 0.489858 0.405771
vt 0.475290 0.422620
vt 0.491121 0.407056
vt 0.476215 0.423560
vt 0.479015 0.426409
vt 0.722488 0.959474
vt 0.711463 0.948873
vt 0.683549 0.919844
vt 0.631501 0.885204
vt 0.554861 0.867875
vt 0.430020 0.376571
vt 0.674798 0.552135
vt 0.876303 0.480036
vt 0.631331 0.507765
vt 0.623336 0.504538
vt 0.575846 0.493237
vt 0.503778 0.419931
vt 0.492046 0.407997
s 1
usemtl UV_Layout
f 1/1/1 2/2/2 3/3/2
f 4/4/3 5/5/4 6/6/4
f 7/7/5 8/8/6 9/9/6
f 6/6/4 10/10/7 11/11/7
f 9/9/6 12/12/8 13/13/8
f 11/11/7 14/14/9 15/15/9
f 13/13/8 16/16/10 17/17/10
f 18/18/11 19/19/12 20/20/12
f 17/17/10 21/21/13 22/22/13
f 22/22/13 23/23/14 24/24/15
f 24/24/15 25/25/16 26/26/16
f 3/3/2 27/27/17 28/28/17
f 26/26/16 29/29/18 30/30/18
f 31/31/19 32/32/20 33/33/20
f 30/30/18 34/34/21 35/35/21
f 33/33/20 36/36/22 37/37/22
f 35/35/21 38/38/23 39/39/23
f 37/37/22 40/40/24 41/41/24
f 42/42/23 43/43/25 44/44/25
f 41/41/24 45/45/26 46/46/26
f 44/44/25 47/47/27 48/48/27
f 48/48/27 49/49/28 50/50/28
f 46/46/26 51/51/29 52/52/29
f 50/50/28 53/53/30 54/54/30
f 55/55/31 56/56/32 57/57/32
f 54/54/30 58/58/33 59/59/33
f 57/57/32 60/60/34 61/61/34
f 62/62/35 63/63/36 64/64/36
f 61/61/34 65/65/37 66/66/37
f 64/64/36 67/67/38 68/68/38
f 69/69/39 70/70/40 71/71/40
f 66/66/37 72/72/41 73/73/41
f 68/68/38 74/74/42 75/75/42
f 71/71/40 76/76/43 77/77/43
f 73/73/41 78/78/44 79/79/44
f 75/75/42 80/80/45 81/81/45
f 77/77/43 82/82/46 83/83/46
s 0
f 59/59/33 84/84/47 85/85/47
s 1
f 81/81/45 86/86/48 87/87/48
f 83/83/46 88/88/49 89/89/49
f 85/85/47 90/90/35 62/62/35
f 91/91/50 92/92/51 93/93/51
f 89/89/49 94/94/52 95/95/52
f 79/79/44 96/96/39 69/69/39
f 97/97/53 98/98/31 55/55/31
f 95/95/52 99/99/54 100/100/54
f 100/100/54 101/101/55 102/102/55
f 20/20/12 103/103/56 104/104/56
f 102/102/55 105/105/57 106/106/57
f 104/104/56 107/107/58 108/108/58
f 106/106/57 109/109/59 110/110/59
f 108/108/58 111/111/60 112/112/60
f 110/110/59 113/113/61 114/114/61
f 112/112/60 115/115/3 4/4/3
f 114/114/61 116/116/5 7/7/5
f 1/1/1 117/117/62 118/118/1
f 15/15/9 117/117/62 119/119/62
f 18/18/11 92/92/51 120/120/11
s 0
f 121/121/63 122/122/63 123/123/63
s 1
f 97/97/53 124/124/64 125/125/53
f 126/126/64 127/127/65 124/124/64
f 128/128/65 51/51/29 127/127/65
f 129/129/66 130/130/19 31/31/19
f 129/129/66 131/131/67 132/132/66
f 133/133/68 134/134/69 131/131/67
f 135/135/69 27/27/17 134/134/69
f 87/87/48 136/136/70 137/137/70
f 91/91/50 138/138/71 139/139/72
f 140/140/71 141/141/73 138/138/71
f 142/142/65 136/136/70 141/141/73
s 0
f 143/143/74 144/144/74 145/145/74
s 1
f 1/1/1 118/118/1 2/2/2
f 4/4/3 115/115/3 5/5/4
f 7/7/5 116/116/5 8/8/6
f 6/6/4 5/5/4 10/10/7
f 9/9/6 8/8/6 12/12/8
f 11/11/7 10/10/7 14/14/9
f 13/13/8 12/12/8 16/16/10
f 18/18/11 120/120/11 19/19/12
f 17/17/10 16/16/10 21/21/13
f 22/22/13 21/21/13 23/23/14
f 24/24/15 23/23/14 25/25/16
f 3/3/2 2/2/2 27/27/17
f 26/26/16 25/25/16 29/29/18
f 31/31/19 130/130/19 32/32/20
f 30/30/18 29/29/18 34/34/21
f 33/33/20 32/32/20 36/36/22
f 35/35/21 34/34/21 38/38/23
f 37/37/22 36/36/22 40/40/24
f 42/42/23 146/146/23 43/43/25
f 41/41/24 40/40/24 45/45/26
f 44/44/25 43/43/25 47/47/27
f 48/48/27 47/47/27 49/49/28
f 46/46/26 45/45/26 51/51/29
f 50/50/28 49/49/28 53/53/30
f 55/55/31 98/98/31 56/56/32
f 54/54/30 53/53/30 58/58/33
f 57/57/32 56/56/32 60/60/34
f 62/62/35 90/90/35 63/63/36
f 61/61/34 60/60/34 65/65/37
f 64/64/36 63/63/36 67/67/38
f 69/69/39 96/96/39 70/70/40
f 66/66/37 65/65/37 72/72/41
f 68/68/38 67/67/38 74/74/42
f 71/71/40 70/70/40 76/76/43
f 73/73/41 72/72/41 78/78/44
f 75/75/42 74/74/42 80/80/45
f 77/77/43 76/76/43 82/82/46
s 0
f 59/59/33 58/58/33 84/84/47
s 1
f 81/81/45 80/80/45 86/86/48
f 83/83/46 82/82/46 88/88/49
f 85/85/47 84/84/47 90/90/35
f 91/91/50 139/139/72 92/92/51
f 89/89/49 88/88/49 94/94/52
f 79/79/44 78/78/44 96/96/39
f 97/97/53 125/125/53 98/98/31
f 95/95/52 94/94/52 99/99/54
f 100/100/54 99/99/54 101/101/55
f 20/20/12 19/19/12 103/103/56
f 102/102/55 101/101/55 105/105/57
f 104/104/56 103/103/56 107/107/58
f 106/106/57 105/105/57 109/109/59
f 108/108/58 107/107/58 111/111/60
f 110/110/59 109/109/59 113/113/61
f 112/112/60 111/111/60 115/115/3
f 114/114/61 113/113/61 116/116/5
f 1/1/1 119/119/62 117/117/62
f 15/15/9 14/14/9 117/117/62
f 18/18/11 93/93/51 92/92/51
s 0
f 147/147/63 148/148/63 149/149/63
f 148/148/63 150/150/63 149/149/63
f 150/150/63 151/151/63 152/152/63
f 151/151/63 153/153/63 152/152/63
f 153/153/63 154/154/63 155/155/63
f 154/154/63 156/156/63 157/157/63
f 155/155/63 154/154/63 157/157/63
f 152/152/63 149/149/63 150/150/63
f 158/158/63 159/159/63 160/160/63
f 159/159/63 152/152/63 153/153/63
f 161/161/63 162/162/63 163/163/63
f 162/162/63 158/158/63 164/164/63
f 164/164/63 158/158/63 160/160/63
f 165/165/63 166/166/63 167/167/63
f 166/166/63 161/161/63 168/168/63
f 169/169/63 162/162/63 164/164/63
f 170/170/63 171/171/63 172/172/63
f 171/171/63 165/165/63 173/173/63
f 174/174/63 175/175/63 176/176/63
f 175/175/63 170/170/63 177/177/63
f 174/174/63 176/176/63 178/178/63
f 179/179/63 180/180/63 178/178/63
f 180/180/63 174/174/63 178/178/63
f 177/177/63 181/181/63 175/175/63
f 181/181/63 176/176/63 175/175/63
f 182/182/63 172/172/63 171/171/63
f 172/172/63 177/177/63 170/170/63
f 182/182/63 171/171/63 173/173/63
f 183/183/63 184/184/63 185/185/63
f 184/184/63 182/182/63 173/173/63
f 173/173/63 185/185/63 184/184/63
f 186/186/63 187/187/63 188/188/63
f 187/187/63 167/167/63 189/189/63
f 167/167/63 173/173/63 165/165/63
f 161/161/63 163/163/63 168/168/63
f 162/162/63 169/169/63 163/163/63
f 159/159/63 153/153/63 190/190/63
f 160/160/63 159/159/63 190/190/63
f 153/153/63 155/155/63 190/190/63
f 191/191/63 186/186/63 192/192/63
f 187/187/63 189/189/63 188/188/63
f 189/189/63 167/167/63 193/193/63
f 194/194/63 192/192/63 186/186/63
f 188/188/63 194/194/63 186/186/63
f 164/164/63 195/195/63 169/169/63
f 169/169/63 196/196/63 163/163/63
f 163/163/63 197/197/63 168/168/63
f 166/166/63 168/168/63 167/167/63
f 193/193/63 167/167/63 198/198/63
f 167/167/63 168/168/63 198/198/63
f 199/199/63 193/193/63 123/123/63
f 200/200/63 201/201/63 202/202/63
f 201/201/63 203/203/63 202/202/63
f 203/203/63 199/199/63 204/204/63
f 193/193/63 198/198/63 121/121/63
f 121/121/63 198/198/63 205/205/63
f 193/193/63 121/121/63 123/123/63
f 204/204/63 202/202/63 203/203/63
f 206/206/63 207/207/63 123/123/63
f 123/123/63 204/204/63 199/199/63
f 208/208/63 209/209/63 210/210/63
f 209/209/63 211/211/63 210/210/63
f 205/205/63 208/208/63 212/212/63
f 122/122/63 206/206/63 123/123/63
f 121/121/63 205/205/63 212/212/63
f 210/210/63 212/212/63 208/208/63
s 1
f 97/97/53 126/126/64 124/124/64
f 126/126/64 128/128/65 127/127/65
f 128/128/65 52/52/29 51/51/29
f 129/129/66 132/132/66 130/130/19
f 129/129/66 133/133/68 131/131/67
f 133/133/68 135/135/69 134/134/69
f 135/135/69 28/28/17 27/27/17
f 87/87/48 86/86/48 136/136/70
f 91/91/50 140/140/71 138/138/71
f 140/140/71 142/142/65 141/141/73
f 142/142/65 137/137/70 136/136/70
s 0
f 213/213/74 214/214/74 215/215/74
f 214/214/74 216/216/74 215/215/74
f 215/215/74 217/217/74 213/213/74
f 217/217/74 218/218/74 219/219/74
f 218/218/74 220/220/74 221/221/74
f 222/222/74 223/223/74 224/224/74
f 220/220/74 223/223/74 225/225/74
f 223/223/74 226/226/74 224/224/74
f 224/224/74 226/226/74 227/227/74
f 226/226/74 228/228/74 227/227/74
f 228/228/74 229/229/74 230/230/74
f 229/229/74 231/231/74 232/232/74
f 231/231/74 233/233/74 234/234/74
f 229/229/74 232/232/74 230/230/74
f 233/233/74 235/235/74 236/236/74
f 235/235/74 237/237/74 238/238/74
f 236/236/74 235/235/74 239/239/74
f 237/237/74 240/240/74 241/241/74
f 240/240/74 242/242/74 241/241/74
f 241/241/74 238/238/74 237/237/74
f 238/238/74 239/239/74 235/235/74
f 236/236/74 234/234/74 233/233/74
f 234/234/74 243/243/74 231/231/74
f 243/243/74 244/244/74 232/232/74
f 244/244/74 245/245/74 246/246/74
f 232/232/74 244/244/74 246/246/74
f 230/230/74 247/247/74 248/248/74
f 247/247/74 249/249/74 250/250/74
f 248/248/74 247/247/74 250/250/74
f 231/231/74 243/243/74 232/232/74
f 228/228/74 230/230/74 227/227/74
f 223/223/74 222/222/74 225/225/74
f 219/219/74 251/251/74 217/217/74
f 251/251/74 213/213/74 217/217/74
f 252/252/74 253/253/74 254/254/74
f 253/253/74 219/219/74 255/255/74
f 255/255/74 254/254/74 253/253/74
f 249/249/74 256/256/74 257/257/74
f 257/257/74 258/258/74 249/249/74
f 258/258/74 250/250/74 249/249/74
f 255/255/74 219/219/74 259/259/74
f 259/259/74 219/219/74 218/218/74
f 230/230/74 248/248/74 260/260/74
f 221/221/74 259/259/74 218/218/74
f 222/222/74 261/261/74 225/225/74
f 225/225/74 221/221/74 220/220/74
f 230/230/74 260/260/74 262/262/74
f 260/260/74 263/263/74 264/264/74
f 224/224/74 265/265/74 222/222/74
f 227/227/74 266/266/74 224/224/74
f 227/227/74 230/230/74 262/262/74
f 263/263/74 267/267/74 268/268/74
f 267/267/74 269/269/74 270/270/74
f 269/269/74 271/271/74 270/270/74
f 270/270/74 268/268/74 267/267/74
f 264/264/74 272/272/74 273/273/74
f 268/268/74 264/264/74 263/263/74
f 260/260/74 264/264/74 274/274/74
f 264/264/74 273/273/74 275/275/74
f 274/274/74 276/276/74 277/277/74
f 276/276/74 143/143/74 145/145/74
f 264/264/74 275/275/74 274/274/74
f 262/262/74 260/260/74 274/274/74
f 276/276/74 145/145/74 277/277/74
f 143/143/74 278/278/74 144/144/74
f 277/277/74 262/262/74 274/274/74
f 279/279/75 280/280/75 281/281/75
f 282/282/75 283/283/75 284/284/75
f 285/285/75 286/286/75 287/287/75
f 288/288/75 289/289/75 290/290/75
f 291/291/75 292/292/75 293/293/75
f 280/280/75 291/291/75 293/293/75
f 294/294/75 295/295/75 296/296/75
f 297/297/75 298/298/75 299/299/75
f 300/300/75 287/287/75 301/301/75
f 286/286/75 288/288/75 290/290/75
f 302/302/75 303/303/75 304/304/75
f 305/305/75 306/306/75 303/303/75
f 307/307/75 308/308/75 309/309/75
f 310/310/76 311/311/76 312/312/76
f 313/313/75 314/314/75 315/315/75
f 316/316/77 317/317/77 318/318/77
f 319/319/75 301/301/75 320/320/75
f 321/321/75 307/307/75 309/309/75
f 322/322/75 302/302/75 304/304/75
f 323/323/75 281/281/75 324/324/75
f 320/320/78 325/325/78 319/319/78
f 325/325/78 326/326/78 327/327/78
f 327/327/76 328/328/75 329/329/75
f 318/318/75 330/330/75 316/316/75
f 331/331/76 332/332/76 283/283/76
f 333/333/75 332/332/75 334/334/75
f 335/335/75 329/329/75 328/328/75
f 336/336/75 337/337/75 338/338/75
f 339/339/75 340/340/75 336/336/75
f 341/341/75 342/342/75 292/292/75
f 343/343/75 344/344/75 295/295/75
f 345/345/75 344/344/75 346/346/75
f 347/347/75 338/338/75 337/337/75
f 348/348/75 349/349/75 342/342/75
f 350/350/75 296/296/75 349/349/75
f 351/351/79 352/352/79 353/353/79
f 354/354/79 284/284/79 352/352/79
f 355/355/75 351/351/75 353/353/75
f 356/356/75 357/357/75 308/308/75
f 358/358/77 324/324/77 357/357/77
f 359/359/75 360/360/75 306/306/75
f 361/361/75 321/321/75 360/360/75
f 362/362/75 363/363/75 298/298/75
f 364/364/75 363/363/75 365/365/75
f 366/366/75 315/315/75 314/314/75
f 297/297/80 367/367/80 366/366/80
f 368/368/81 369/369/81 370/370/81
f 371/371/82 372/372/82 373/373/82
f 374/374/82 375/375/82 376/376/82
f 377/377/81 378/378/81 379/379/81
f 380/380/82 381/381/82 382/382/82
f 368/368/82 381/381/82 383/383/82
f 384/384/82 385/385/82 386/386/82
f 387/387/83 388/388/83 389/389/83
f 376/376/82 390/390/82 391/391/82
f 374/374/82 378/378/82 392/392/82
f 393/393/82 394/394/82 395/395/82
f 396/396/82 397/397/82 393/393/82
f 398/398/82 399/399/82 400/400/82
f 401/401/84 402/402/84 403/403/84
f 404/404/82 405/405/82 406/406/82
f 407/407/82 408/408/82 409/409/82
f 391/391/82 410/410/82 411/411/82
f 412/412/82 399/399/82 413/413/82
f 414/414/82 394/394/82 415/415/82
f 370/370/85 416/416/86 417/417/85
f 418/418/82 411/411/82 410/410/82
f 418/418/82 419/419/82 420/420/82
f 421/421/86 422/422/85 419/419/85
f 423/423/82 409/409/82 408/408/82
f 424/424/85 425/425/85 426/426/85
f 425/425/85 427/427/85 426/426/85
f 428/428/82 429/429/82 427/427/82
f 430/430/87 431/431/82 432/432/82
f 433/433/88 434/434/88 431/431/88
f 435/435/82 436/436/82 380/380/82
f 437/437/86 438/438/86 439/439/86
f 438/438/82 440/440/82 439/439/82
f 441/441/82 432/432/82 440/440/82
f 442/442/82 443/443/82 444/444/82
f 444/444/86 386/386/86 385/385/86
f 445/445/85 446/446/85 447/447/85
f 447/447/82 373/373/82 372/372/82
f 448/448/82 445/445/82 434/434/82
f 449/449/86 450/450/86 451/451/86
f 451/451/82 417/417/82 416/416/82
f 452/452/81 453/453/81 454/454/81
f 454/454/82 412/412/82 413/413/82
f 455/455/81 456/456/81 457/457/81
f 456/456/85 415/415/85 457/457/85
f 458/458/82 459/459/82 405/405/82
f 460/460/81 388/388/81 459/459/81
s 1
f 461/461/89 462/462/90 463/463/90
f 464/464/91 465/465/92 466/466/93
f 467/467/94 468/468/95 469/469/96
f 470/470/97 471/471/98 472/472/98
f 473/473/99 474/474/100 475/475/100
f 476/476/101 477/477/102 478/478/103
f 479/479/104 480/480/105 481/481/105
f 482/482/106 483/483/107 470/470/97
f 484/484/108 485/485/109 486/486/110
f 487/487/111 488/488/112 489/489/112
f 490/490/113 491/491/114 492/492/115
f 493/493/116 494/494/117 495/495/117
f 496/496/118 497/497/119 498/498/119
f 499/499/120 500/500/104 479/479/104
f 501/501/121 502/502/122 503/503/122
f 504/504/123 505/505/124 506/506/125
f 507/507/126 508/508/127 509/509/127
f 510/510/128 511/511/129 512/512/130
f 513/513/131 514/514/132 515/515/132
f 469/469/96 516/516/133 517/517/134
f 518/518/135 519/519/136 520/520/136
f 521/521/137 522/522/138 523/523/139
f 524/524/140 525/525/91 464/464/91
f 526/526/141 527/527/142 528/528/143
f 529/529/144 530/530/145 531/531/145
f 532/532/146 533/533/147 534/534/148
f 535/535/149 536/536/150 537/537/150
f 486/486/110 538/538/151 539/539/152
s 0
f 540/540/153 541/541/154 542/542/154
s 1
f 543/543/155 544/544/156 545/545/157
f 546/546/158 547/547/159 548/548/159
f 549/549/160 550/550/161 510/510/128
f 551/551/162 552/552/163 553/553/164
f 554/554/165 555/555/166 556/556/166
f 557/557/167 558/558/168 543/543/155
f 559/559/169 560/560/170 561/561/171
f 562/562/172 563/563/173 564/564/174
s 0
f 463/463/90 565/565/160 549/549/160
s 1
f 528/528/143 566/566/175 567/567/175
f 568/568/176 569/569/177 529/529/144
f 564/564/174 570/570/178 571/571/179
f 572/572/180 573/573/181 574/574/181
f 539/539/152 575/575/182 476/476/101
s 0
f 542/542/183 576/576/184 577/577/184
s 1
f 578/578/185 579/579/186 551/551/162
f 556/556/166 580/580/187 581/581/188
f 545/545/157 582/582/189 562/562/172
f 512/512/130 583/583/190 584/584/190
f 585/585/191 586/586/192 559/559/169
f 571/571/179 587/587/193 588/588/193
f 589/589/194 590/590/195 591/591/195
f 472/472/98 592/592/196 484/484/108
f 498/498/119 593/593/197 594/594/198
f 517/517/134 595/595/199 568/568/176
f 537/537/150 596/596/167 557/557/167
f 506/506/125 597/597/200 598/598/200
f 561/561/171 599/599/185 578/578/185
f 581/581/188 600/600/201 499/499/120
f 601/601/202 602/602/111 487/487/111
f 567/567/175 603/603/203 540/540/204
f 604/604/205 605/605/206 524/524/140
f 606/606/207 607/607/208 490/490/113
f 608/608/209 609/609/210 585/585/191
f 591/591/195 610/610/211 554/554/165
f 515/515/132 611/611/137 521/521/137
f 577/577/212 612/612/213 613/613/213
f 594/594/198 614/614/214 615/615/215
f 531/531/145 616/616/216 617/617/216
f 598/598/200 618/618/217 482/482/106
f 478/478/103 619/619/218 620/620/219
f 621/621/220 622/622/221 604/604/205
f 475/475/100 623/623/222 606/606/207
f 624/624/223 625/625/116 493/493/116
f 584/584/190 626/626/99 473/473/99
f 627/627/224 628/628/225 461/461/89
f 553/553/164 629/629/226 621/621/220
f 495/495/117 630/630/227 631/631/227
f 534/534/148 632/632/228 633/633/228
f 615/615/215 634/634/141 526/526/141
f 574/574/181 635/635/223 624/624/223
f 617/617/216 636/636/158 546/546/158
f 620/620/219 637/637/229 638/638/230
f 489/489/112 639/639/231 640/640/232
f 631/631/227 641/641/233 642/642/234
f 643/643/235 644/644/236 589/589/194
f 645/645/237 646/646/238 518/518/135
f 647/647/239 648/648/240 627/627/224
f 613/613/213 649/649/241 467/467/94
f 466/466/93 650/650/242 513/513/131
f 642/642/234 651/651/126 507/507/126
f 633/633/228 652/652/243 504/504/123
f 503/503/122 653/653/239 647/647/239
f 481/481/105 654/654/209 608/608/209
f 548/548/159 655/655/180 572/572/180
f 492/492/115 656/656/244 645/645/237
f 638/638/230 657/657/245 535/535/149
f 640/640/232 658/658/246 496/496/118
s 0
f 279/279/75 659/659/75 280/280/75
f 282/282/75 331/331/75 283/283/75
f 285/285/75 660/660/75 286/286/75
f 288/288/75 330/330/75 289/289/75
f 291/291/75 341/341/75 292/292/75
f 280/280/75 659/659/75 291/291/75
f 294/294/75 343/343/75 295/295/75
f 297/297/75 362/362/75 298/298/75
f 300/300/75 285/285/75 287/287/75
f 286/286/75 660/660/75 288/288/75
f 302/302/75 305/305/75 303/303/75
f 305/305/75 359/359/75 306/306/75
f 307/307/75 356/356/75 308/308/75
f 312/312/75 291/291/75 659/659/75
f 659/659/75 661/661/75 312/312/75
f 661/661/247 662/662/247 663/663/248
f 312/312/75 661/661/75 310/310/75
f 663/663/75 310/310/75 661/661/75
f 313/313/75 664/664/75 314/314/75
f 316/316/249 665/665/249 317/317/249
f 319/319/80 300/300/80 301/301/80
f 321/321/75 666/666/75 307/307/75
f 322/322/75 364/364/75 302/302/75
f 323/323/75 279/279/75 281/281/75
f 320/320/75 667/667/75 325/325/75
f 325/325/250 667/667/250 326/326/250
f 327/327/251 326/326/75 328/328/75
f 318/318/75 289/289/75 330/330/75
f 331/331/75 334/334/75 332/332/75
f 333/333/252 335/335/251 332/332/251
f 335/335/75 333/333/75 329/329/75
f 336/336/75 340/340/75 337/337/75
f 339/339/77 355/355/77 340/340/77
f 341/341/75 348/348/75 342/342/75
f 343/343/75 346/346/75 344/344/75
f 345/345/75 347/347/75 344/344/75
f 347/347/75 345/345/75 338/338/75
f 348/348/75 350/350/75 349/349/75
f 350/350/75 294/294/75 296/296/75
f 351/351/80 354/354/80 352/352/80
f 354/354/75 282/282/75 284/284/75
f 355/355/75 339/339/75 351/351/75
f 356/356/75 358/358/75 357/357/75
f 358/358/75 323/323/75 324/324/75
f 359/359/75 361/361/75 360/360/75
f 361/361/75 666/666/75 321/321/75
f 362/362/75 365/365/75 363/363/75
f 364/364/75 322/322/75 363/363/75
f 366/366/75 367/367/75 315/315/75
f 297/297/75 299/299/75 367/367/75
f 368/368/82 383/383/82 369/369/82
f 371/371/82 424/424/82 372/372/82
f 374/374/82 392/392/82 375/375/82
f 377/377/82 423/423/82 378/378/82
f 380/380/82 436/436/82 381/381/82
f 368/368/82 382/382/82 381/381/82
f 384/384/82 437/437/82 385/385/82
f 387/387/82 455/455/82 388/388/82
f 376/376/82 375/375/82 390/390/82
f 374/374/82 379/379/82 378/378/82
f 393/393/82 397/397/82 394/394/82
f 396/396/82 452/452/82 397/397/82
f 398/398/82 449/449/82 399/399/82
f 383/383/82 381/381/82 403/403/82
f 403/403/81 668/668/86 401/401/81
f 401/401/253 669/669/254 402/402/253
f 669/669/253 670/670/82 402/402/82
f 402/402/255 383/383/255 403/403/255
f 404/404/82 458/458/82 405/405/82
f 407/407/82 671/671/82 408/408/82
f 391/391/82 390/390/82 410/410/82
f 412/412/82 400/400/82 399/399/82
f 414/414/82 395/395/82 394/394/82
f 370/370/82 369/369/82 416/416/82
f 418/418/81 420/420/81 411/411/81
f 418/418/88 421/421/256 419/419/88
f 421/421/257 429/429/258 422/422/85
f 423/423/82 377/377/82 409/409/82
f 424/424/256 371/371/256 425/425/256
f 425/425/85 428/428/86 427/427/86
f 428/428/82 422/422/82 429/429/82
f 430/430/81 433/433/81 431/431/81
f 433/433/82 448/448/82 434/434/82
f 435/435/82 442/442/82 436/436/82
f 437/437/81 384/384/81 438/438/81
f 438/438/86 441/441/86 440/440/86
f 441/441/82 430/430/82 432/432/82
f 442/442/82 435/435/82 443/443/82
f 444/444/81 443/443/81 386/386/81
f 445/445/85 672/672/85 446/446/85
f 447/447/257 446/446/257 373/373/257
f 448/448/82 672/672/82 445/445/82
f 449/449/257 398/398/257 450/450/257
f 451/451/259 450/450/259 417/417/259
f 452/452/82 396/396/82 453/453/82
f 454/454/81 453/453/81 412/412/81
f 455/455/82 387/387/82 456/456/82
f 456/456/81 414/414/81 415/415/81
f 458/458/86 460/460/86 459/459/86
f 460/460/81 389/389/81 388/388/88
s 1
f 461/461/89 628/628/225 462/462/90
f 464/464/91 525/525/91 465/465/92
f 467/467/94 649/649/241 468/468/95
f 470/470/97 483/483/107 471/471/98
f 473/473/99 626/626/99 474/474/100
f 476/476/101 575/575/182 477/477/102
f 479/479/104 500/500/104 480/480/105
f 482/482/106 618/618/217 483/483/107
f 484/484/108 592/592/196 485/485/109
f 487/487/111 602/602/111 488/488/112
f 490/490/113 607/607/208 491/491/114
f 493/493/116 625/625/116 494/494/117
f 496/496/118 658/658/246 497/497/119
f 499/499/120 600/600/201 500/500/104
f 501/501/121 673/673/121 502/502/122
f 504/504/123 652/652/243 505/505/124
f 507/507/126 651/651/126 508/508/127
f 510/510/128 550/550/161 511/511/129
f 513/513/131 650/650/242 514/514/132
f 469/469/96 468/468/95 516/516/133
f 518/518/135 646/646/238 519/519/136
f 521/521/137 611/611/137 522/522/138
f 524/524/140 605/605/206 525/525/91
f 526/526/141 634/634/141 527/527/142
f 529/529/144 569/569/177 530/530/145
f 532/532/146 674/674/146 533/533/147
f 535/535/149 657/657/245 536/536/150
f 486/486/110 485/485/109 538/538/151
s 0
f 540/540/260 603/603/260 541/541/261
s 1
f 543/543/155 558/558/168 544/544/156
f 546/546/158 636/636/158 547/547/159
f 549/549/160 565/565/160 550/550/161
f 551/551/162 579/579/186 552/552/163
f 554/554/165 610/610/211 555/555/166
f 557/557/167 596/596/167 558/558/168
f 559/559/169 586/586/192 560/560/170
f 562/562/172 582/582/189 563/563/173
s 0
f 463/463/90 462/462/90 565/565/160
s 1
f 528/528/143 527/527/142 566/566/175
f 568/568/176 595/595/199 569/569/177
f 564/564/174 563/563/173 570/570/178
f 572/572/180 655/655/180 573/573/181
f 539/539/152 538/538/151 575/575/182
s 0
f 542/542/183 541/541/183 576/576/212
s 1
f 578/578/185 599/599/185 579/579/186
f 556/556/166 555/555/166 580/580/187
f 545/545/157 544/544/156 582/582/189
f 512/512/130 511/511/129 583/583/190
f 585/585/191 609/609/210 586/586/192
f 571/571/179 570/570/178 587/587/193
f 589/589/194 644/644/236 590/590/195
f 472/472/98 471/471/98 592/592/196
f 498/498/119 497/497/119 593/593/197
f 517/517/134 516/516/133 595/595/199
f 537/537/150 536/536/150 596/596/167
f 506/506/125 505/505/124 597/597/200
f 561/561/171 560/560/170 599/599/185
f 581/581/188 580/580/187 600/600/201
f 601/601/202 675/675/202 602/602/111
f 567/567/175 566/566/175 603/603/203
f 604/604/205 622/622/221 605/605/206
f 606/606/207 623/623/222 607/607/208
f 608/608/209 654/654/209 609/609/210
f 591/591/195 590/590/195 610/610/211
f 515/515/132 514/514/132 611/611/137
f 577/577/212 576/576/184 612/612/213
f 594/594/198 593/593/197 614/614/214
f 531/531/145 530/530/145 616/616/216
f 598/598/200 597/597/200 618/618/217
f 478/478/103 477/477/102 619/619/218
f 621/621/220 629/629/226 622/622/221
f 475/475/100 474/474/100 623/623/222
f 624/624/223 635/635/223 625/625/116
f 584/584/190 583/583/190 626/626/99
f 627/627/224 648/648/240 628/628/225
f 553/553/164 552/552/163 629/629/226
f 495/495/117 494/494/117 630/630/227
f 534/534/148 533/533/147 632/632/228
f 615/615/215 614/614/214 634/634/141
f 574/574/181 573/573/181 635/635/223
f 617/617/216 616/616/216 636/636/158
f 620/620/219 619/619/218 637/637/229
f 489/489/112 488/488/112 639/639/231
f 631/631/227 630/630/227 641/641/233
f 643/643/235 676/676/235 644/644/236
f 645/645/237 656/656/244 646/646/238
f 647/647/239 653/653/239 648/648/240
f 613/613/213 612/612/213 649/649/241
f 466/466/93 465/465/92 650/650/242
f 642/642/234 641/641/233 651/651/126
f 633/633/228 632/632/228 652/652/243
f 503/503/122 502/502/122 653/653/239
f 481/481/105 480/480/105 654/654/209
f 548/548/159 547/547/159 655/655/180
f 492/492/115 491/491/114 656/656/244
f 638/638/230 637/637/229 657/657/245
f 640/640/232 639/639/231 658/658/246
s 0
f 677/677/74 678/678/74 679/679/74
f 680/680/63 681/681/63 682/682/63
s 1
f 683/683/262 684/684/262 685/685/263
f 686/686/264 687/687/264 688/688/265
f 689/689/266 690/690/266 691/691/267
f 692/692/267 691/691/267 687/687/264
f 693/693/268 694/694/268 695/695/269
f 696/696/270 697/697/270 698/698/271
f 699/699/272 700/700/272 701/701/273
f 702/702/274 703/703/274 694/694/268
f 704/704/275 705/705/275 684/684/262
f 706/706/276 707/707/276 700/700/272
f 708/708/277 709/709/277 703/703/274
f 710/710/263 685/685/263 711/711/278
f 712/712/271 698/698/271 707/707/276
f 713/713/279 714/714/279 709/709/277
f 715/715/278 711/711/278 716/716/280
f 717/717/281 718/718/281 705/705/275
f 719/719/269 720/720/269 718/718/281
f 721/721/280 716/716/280 690/690/266
f 722/722/265 688/688/265 697/697/270
f 723/723/273 701/701/273 714/714/279
s 0
f 724/724/74 725/725/74 726/726/74
f 727/727/63 728/728/63 729/729/63
s 1
f 730/730/282 731/731/283 732/732/283
f 733/733/284 734/734/285 735/735/285
f 736/736/286 737/737/287 738/738/287
f 734/734/285 736/736/286 739/739/286
f 740/740/288 741/741/289 742/742/289
f 743/743/290 744/744/291 745/745/291
f 746/746/292 747/747/293 748/748/293
f 741/741/289 749/749/294 750/750/294
f 731/731/283 751/751/295 752/752/295
f 747/747/293 753/753/296 754/754/296
f 749/749/294 755/755/297 756/756/297
f 757/757/298 730/730/282 758/758/282
f 753/753/296 743/743/290 759/759/290
f 755/755/297 760/760/299 761/761/299
f 762/762/300 757/757/298 763/763/298
f 751/751/295 764/764/301 765/765/301
f 764/764/301 766/766/288 767/767/288
f 737/737/287 762/762/300 768/768/300
f 744/744/291 733/733/284 769/769/284
f 760/760/299 746/746/292 770/770/292
s 0
f 771/771/74 772/772/74 773/773/74
f 773/773/74 774/774/74 775/775/74
f 775/775/74 774/774/74 776/776/74
f 776/776/74 774/774/74 777/777/74
f 774/774/74 773/773/74 778/778/74
f 773/773/74 772/772/74 679/679/74
f 778/778/74 679/679/74 678/678/74
f 678/678/74 677/677/74 779/779/74
f 778/778/74 773/773/74 679/679/74
f 779/779/74 677/677/74 780/780/74
f 780/780/74 781/781/74 782/782/74
f 782/782/74 783/783/74 784/784/74
f 783/783/74 782/782/74 781/781/74
f 781/781/74 780/780/74 785/785/74
f 780/780/74 677/677/74 785/785/74
f 785/785/74 786/786/74 787/787/74
f 786/786/74 785/785/74 677/677/74
f 788/788/63 789/789/63 680/680/63
f 680/680/63 790/790/63 791/791/63
f 682/682/63 790/790/63 680/680/63
f 682/682/63 792/792/63 793/793/63
f 793/793/63 794/794/63 795/795/63
f 792/792/63 796/796/63 793/793/63
f 795/795/63 794/794/63 797/797/63
f 794/794/63 798/798/63 799/799/63
f 799/799/63 800/800/63 801/801/63
f 801/801/63 800/800/63 802/802/63
f 800/800/63 799/799/63 798/798/63
f 798/798/63 793/793/63 796/796/63
f 794/794/63 793/793/63 798/798/63
f 792/792/63 682/682/63 681/681/63
f 681/681/63 680/680/63 789/789/63
f 789/789/63 803/803/63 804/804/63
f 788/788/63 803/803/63 789/789/63
s 1
f 683/683/262 685/685/263 710/710/263
f 686/686/264 688/688/265 722/722/265
f 689/689/266 691/691/267 692/692/267
f 692/692/267 687/687/264 686/686/264
f 693/693/268 695/695/269 805/805/269
f 696/696/270 698/698/271 712/712/271
f 699/699/272 701/701/273 723/723/273
f 702/702/274 694/694/268 693/693/268
f 704/704/275 684/684/262 683/683/262
f 706/706/276 700/700/272 699/699/272
f 708/708/277 703/703/274 702/702/274
f 710/710/263 711/711/278 715/715/278
f 712/712/271 707/707/276 706/706/276
f 713/713/279 709/709/277 708/708/277
f 715/715/278 716/716/280 721/721/280
f 717/717/281 705/705/275 704/704/275
f 719/719/269 718/718/281 717/717/281
f 721/721/280 690/690/266 689/689/266
f 722/722/265 697/697/270 696/696/270
f 723/723/273 714/714/279 713/713/279
s 0
f 806/806/74 807/807/74 724/724/74
f 724/724/74 808/808/74 809/809/74
f 726/726/74 808/808/74 724/724/74
f 726/726/74 810/810/74 811/811/74
f 811/811/74 812/812/74 813/813/74
f 810/810/74 814/814/74 811/811/74
f 813/813/74 812/812/74 815/815/74
f 812/812/74 816/816/74 817/817/74
f 817/817/74 818/818/74 819/819/74
f 819/819/74 818/818/74 820/820/74
f 818/818/74 817/817/74 816/816/74
f 816/816/74 811/811/74 814/814/74
f 812/812/74 811/811/74 816/816/74
f 810/810/74 726/726/74 725/725/74
f 725/725/74 724/724/74 807/807/74
f 807/807/74 821/821/74 822/822/74
f 806/806/74 821/821/74 807/807/74
f 823/823/63 824/824/63 825/825/63
f 825/825/63 826/826/63 827/827/63
f 827/827/63 826/826/63 828/828/63
f 828/828/63 826/826/63 829/829/63
f 826/826/63 825/825/63 830/830/63
f 825/825/63 824/824/63 729/729/63
f 830/830/63 729/729/63 728/728/63
f 728/728/63 727/727/63 831/831/63
f 830/830/63 825/825/63 729/729/63
f 831/831/63 727/727/63 832/832/63
f 832/832/63 833/833/63 834/834/63
f 834/834/63 835/835/63 836/836/63
f 835/835/63 834/834/63 833/833/63
f 833/833/63 832/832/63 837/837/63
f 832/832/63 727/727/63 837/837/63
f 837/837/63 838/838/63 839/839/63
f 838/838/63 837/837/63 727/727/63
s 1
f 730/730/282 732/732/283 758/758/282
f 733/733/284 735/735/285 769/769/284
f 736/736/286 738/738/287 739/739/286
f 734/734/285 739/739/286 735/735/285
f 740/740/288 742/742/289 840/840/288
f 743/743/290 745/745/291 759/759/290
f 746/746/292 748/748/293 770/770/292
f 741/741/289 750/750/294 742/742/289
f 731/731/283 752/752/295 732/732/283
f 747/747/293 754/754/296 748/748/293
f 749/749/294 756/756/297 750/750/294
f 757/757/298 758/758/282 763/763/298
f 753/753/296 759/759/290 754/754/296
f 755/755/297 761/761/299 756/756/297
f 762/762/300 763/763/298 768/768/300
f 751/751/295 765/765/301 752/752/295
f 764/764/301 767/767/288 765/765/301
f 737/737/287 768/768/300 738/738/287
f 744/744/291 769/769/284 745/745/291
f 760/760/299 770/770/292 761/761/299
f 841/841/302 842/842/303 843/843/304
f 844/844/305 845/845/306 846/846/307
f 843/843/304 847/847/308 848/848/308
f 849/849/309 850/850/310 851/851/311
f 852/852/312 853/853/313 854/854/314
f 855/855/315 856/856/316 857/857/317
f 858/858/318 859/859/319 860/860/320
f 861/861/321 862/862/322 863/863/323
f 864/864/324 849/849/309 865/865/325
f 851/851/311 866/866/326 867/867/327
f 868/868/328 869/869/329 870/870/330
f 871/871/331 872/872/332 873/873/333
f 874/874/334 875/875/335 876/876/336
f 874/874/334 857/857/317 856/856/316
f 877/877/337 878/878/338 879/879/339
f 880/880/340 863/863/323 881/881/341
f 882/882/342 846/846/307 883/883/343
f 884/884/344 841/841/302 885/885/344
f 886/886/345 887/887/346 888/888/347
f 869/869/329 889/889/348 890/890/349
f 891/891/350 873/873/333 892/892/351
f 893/893/352 886/886/345 894/894/353
f 895/895/354 896/896/355 875/875/335
f 890/890/349 897/897/356 898/898/357
f 899/899/358 900/900/359 852/852/312
f 901/901/360 870/870/330 902/902/360
f 903/903/361 877/877/337 904/904/362
f 905/905/363 906/906/364 855/855/315
f 907/907/365 908/908/366 909/909/367
f 910/910/368 911/911/369 912/912/370
f 913/913/371 914/914/372 915/915/371
f 916/916/373 917/917/374 918/918/375
f 919/919/376 920/920/377 921/921/376
f 922/922/378 923/923/379 924/924/380
f 925/925/381 926/926/382 927/927/381
f 904/904/362 928/928/383 903/903/361
f 929/929/384 930/930/385 931/931/384
f 932/932/386 933/933/387 934/934/387
f 935/935/388 936/936/389 937/937/389
f 938/938/390 939/939/391 940/940/390
f 941/941/392 942/942/393 943/943/394
f 944/944/395 945/945/396 946/946/397
f 947/947/398 948/948/399 949/949/399
f 950/950/400 951/951/401 952/952/402
f 953/953/403 915/915/371 954/954/403
f 955/955/377 931/931/384 920/920/377
f 956/956/404 957/957/405 958/958/406
f 959/959/407 960/960/408 961/961/408
f 962/962/409 935/935/388 963/963/409
f 964/964/410 854/854/314 853/853/313
f 936/936/389 902/902/360 937/937/389
f 965/965/411 954/954/403 966/966/411
f 967/967/412 968/968/413 969/969/414
f 970/970/415 971/971/416 972/972/417
f 847/847/308 966/966/411 848/848/308
f 973/973/418 974/974/419 975/975/418
f 976/976/420 977/977/421 978/978/422
f 979/979/423 980/980/424 981/981/425
f 982/982/426 983/983/419 896/896/355
f 984/984/427 975/975/418 985/985/427
f 986/986/385 940/940/390 930/930/385
f 908/908/366 987/987/428 988/988/429
f 944/944/395 989/989/430 990/990/431
f 991/991/432 932/932/386 992/992/432
f 993/993/433 964/964/410 994/994/434
f 995/995/435 996/996/436 997/997/437
f 998/998/382 999/999/438 926/926/382
f 1000/1000/439 1001/1001/440 1002/1002/441
f 1003/1003/442 1004/1004/443 1005/1005/444
f 960/960/408 947/947/398 961/961/408
f 989/989/430 1006/1006/445 858/858/318
f 948/948/399 927/927/381 949/949/399
f 1007/1007/446 1008/1008/447 1009/1009/448
f 1010/1010/449 1011/1011/450 1012/1012/451
f 1013/1013/391 1014/1014/452 939/939/391
f 1015/1015/453 962/962/409 963/963/409
f 1016/1016/454 1017/1017/455 1018/1018/455
f 1019/1019/456 1020/1020/457 1021/1021/458
f 1022/1022/459 1023/1023/460 1024/1024/461
f 1025/1025/462 1026/1026/463 1027/1027/464
f 1028/1028/465 1029/1029/466 1030/1030/467
f 1031/1031/468 979/979/423 1032/1032/469
f 1029/1029/466 1033/1033/470 1030/1030/467
f 1034/1034/471 1035/1035/472 1036/1036/473
f 1037/1037/474 1038/1038/475 1039/1039/476
f 1040/1040/477 1041/1041/478 1042/1042/479
f 1043/1043/480 1044/1044/481 928/928/383
f 1045/1045/482 1046/1046/483 1047/1047/484
f 1039/1039/476 1048/1048/485 1028/1028/465
f 1035/1035/472 1049/1049/486 1040/1040/477
f 1050/1050/487 1051/1051/488 1052/1052/489
f 1053/1053/490 1054/1054/491 1055/1055/492
f 1056/1056/493 993/993/433 994/994/434
f 1057/1057/494 1058/1058/495 1059/1059/496
f 880/880/340 1060/1060/497 1050/1050/487
f 1061/1061/498 1062/1062/499 1063/1063/500
f 1064/1064/501 1065/1065/502 1066/1066/503
f 956/956/404 1067/1067/504 1068/1068/505
f 945/945/396 1069/1069/506 946/946/397
f 1070/1070/507 1071/1071/508 1072/1072/509
f 1073/1073/510 1066/1066/503 1074/1074/511
f 1042/1042/479 988/988/429 987/987/428
f 1063/1063/500 1075/1075/512 1076/1076/513
f 867/867/327 1077/1077/514 1056/1056/493
f 1078/1078/515 1032/1032/469 1079/1079/516
f 1080/1080/517 1081/1081/518 1033/1033/470
f 1082/1082/519 1083/1083/520 1084/1084/521
f 892/892/351 1085/1085/522 891/891/350
f 1086/1086/523 1002/1002/441 1087/1087/524
f 952/952/402 1088/1088/525 950/950/400
f 1089/1089/526 1090/1090/527 1082/1082/519
f 1023/1023/460 864/864/324 865/865/325
f 1091/1091/528 1092/1092/529 1093/1093/530
f 978/978/422 1094/1094/454 1016/1016/454
f 1095/1095/531 1047/1047/484 1092/1092/529
f 898/898/357 984/984/427 985/985/427
f 1096/1096/532 894/894/353 862/862/322
f 1097/1097/533 1034/1034/471 1036/1036/473
f 914/914/372 1098/1098/534 1099/1099/535
f 1100/1100/536 1101/1101/537 1102/1102/538
f 1103/1103/539 1044/1044/481 1104/1104/540
f 883/883/343 1103/1103/539 882/882/342
f 1105/1105/541 1106/1106/542 1107/1107/543
f 1089/1089/526 909/909/367 1108/1108/544
f 1109/1109/545 1079/1079/516 1065/1065/502
f 1072/1072/509 1110/1110/546 1111/1111/547
f 1112/1112/548 1113/1113/549 1114/1114/550
f 1011/1011/450 1115/1115/551 1116/1116/552
f 1117/1117/553 1118/1118/554 1119/1119/555
f 1120/1120/556 991/991/432 992/992/432
f 1076/1076/513 1121/1121/557 1053/1053/490
f 969/969/414 1122/1122/558 1037/1037/474
f 1123/1123/559 1124/1124/555 1081/1081/518
f 1125/1125/560 1074/1074/511 1118/1118/554
f 1126/1126/561 1127/1127/562 1128/1128/563
f 943/943/394 1129/1129/564 1130/1130/565
f 1021/1021/458 1131/1131/566 1003/1003/442
f 972/972/417 1107/1107/543 970/970/415
f 872/872/332 1132/1132/567 1097/1097/533
f 1005/1005/444 1010/1010/449 1012/1012/451
f 1133/1133/568 1024/1024/461 1106/1106/542
f 885/885/344 933/933/387 884/884/344
f 879/879/339 1134/1134/569 1135/1135/570
f 1136/1136/571 1137/1137/572 1138/1138/573
f 1111/1111/547 1139/1139/574 1126/1126/561
f 1140/1140/438 910/910/368 999/999/438
f 1141/1141/575 859/859/319 1046/1046/483
f 1142/1142/576 1070/1070/507 1143/1143/572
f 1135/1135/570 1144/1144/577 1061/1061/498
f 1017/1017/455 1145/1145/578 1018/1018/455
f 1116/1116/552 1136/1136/571 1138/1138/573
f 1130/1130/565 1146/1146/579 1025/1025/462
f 1147/1147/580 1148/1148/581 1069/1069/506
f 1149/1149/582 899/899/358 845/845/306
f 1052/1052/489 1085/1085/522 1150/1150/583
f 1009/1009/448 1093/1093/530 1007/1007/446
f 887/887/346 1151/1151/584 888/888/347
f 1127/1127/562 1087/1087/524 1128/1128/563
f 918/918/375 1152/1152/585 916/916/373
f 1153/1153/586 1154/1154/587 951/951/401
f 1155/1155/588 1156/1156/589 957/957/405
f 996/996/436 919/919/376 921/921/376
f 1157/1157/590 997/997/437 1145/1145/578
f 923/923/379 1158/1158/525 924/924/380
f 1099/1099/535 1159/1159/591 976/976/420
f 912/912/370 1112/1112/548 1114/1114/550
f 1160/1160/592 1067/1067/504 1008/1008/447
f 1055/1055/492 1161/1161/593 941/941/392
f 971/971/416 1152/1152/585 1162/1162/594
f 1027/1027/464 1163/1163/595 1019/1019/456
f 1164/1164/596 1059/1059/496 1001/1001/440
f 1165/1165/597 1166/1166/598 917/917/374
f 980/980/424 1102/1102/538 981/981/425
f 1084/1084/521 1167/1167/599 967/967/412
f 1168/1168/600 1169/1169/601 1170/1170/602
f 1171/1171/603 1172/1172/604 1173/1173/605
f 1174/1174/606 1175/1175/607 1176/1176/608
f 1177/1177/609 1178/1178/610 1179/1179/611
f 1180/1180/612 1181/1181/613 1182/1182/614
f 1183/1183/615 1184/1184/616 1185/1185/616
f 1186/1186/617 1187/1187/618 1188/1188/619
f 1189/1189/620 1190/1190/621 1191/1191/620
f 1192/1192/622 1193/1193/623 1194/1194/623
f 1195/1195/624 1196/1196/625 1197/1197/624
f 1198/1198/626 1199/1199/627 1200/1200/627
f 1201/1201/628 1202/1202/629 1203/1203/630
f 1204/1204/631 1205/1205/632 1206/1206/633
f 1207/1207/634 1208/1208/635 1209/1209/634
f 1210/1210/636 1211/1211/637 1212/1212/638
f 1213/1213/639 1214/1214/640 1215/1215/641
f 1216/1216/642 1217/1217/643 1218/1218/644
f 1219/1219/645 1220/1220/646 1221/1221/647
f 1222/1222/648 1223/1223/649 1224/1224/650
f 1225/1225/651 1226/1226/652 1227/1227/653
f 1228/1228/654 1229/1229/655 1230/1230/656
f 1231/1231/657 1171/1171/603 1232/1232/658
f 1233/1233/659 1234/1234/660 1235/1235/661
f 1236/1236/662 1237/1237/663 1238/1238/664
f 1239/1239/665 1240/1240/666 1241/1241/667
f 1242/1242/668 1243/1243/669 1244/1244/670
f 1245/1245/671 1246/1246/672 1247/1247/673
f 1248/1248/674 1249/1249/675 1242/1242/668
f 1250/1250/676 1230/1230/656 1251/1251/677
f 1252/1252/678 1253/1253/679 1254/1254/680
f 1235/1235/661 1255/1255/681 1256/1256/682
f 1257/1257/683 1258/1258/684 1259/1259/685
f 1253/1253/679 1260/1260/686 1254/1254/680
f 1261/1261/687 1262/1262/688 1263/1263/689
f 1264/1264/690 1265/1265/691 1266/1266/692
f 1267/1267/693 1268/1268/694 1239/1239/665
f 1269/1269/695 1270/1270/696 1271/1271/697
f 1272/1272/698 1273/1273/699 1262/1262/688
f 1274/1274/700 1224/1224/650 1275/1275/701
f 1276/1276/702 1277/1277/703 1264/1264/690
f 1278/1278/704 1279/1279/705 1280/1280/706
f 1256/1256/682 1245/1245/671 1247/1247/673
f 1260/1260/686 1281/1281/707 1225/1225/651
f 1282/1282/708 1283/1283/709 1284/1284/710
f 1285/1285/711 1286/1286/712 1287/1287/713
f 1288/1288/714 1289/1289/715 1290/1290/716
f 1291/1291/717 1292/1292/718 1293/1293/719
f 1294/1294/720 1295/1295/721 1233/1233/659
f 1296/1296/722 1297/1297/723 1252/1252/678
f 1298/1298/724 1299/1299/725 1300/1300/726
f 1301/1301/727 1302/1302/728 1303/1303/729
f 1304/1304/730 1305/1305/731 1306/1306/732
f 1307/1307/733 1308/1308/734 1296/1296/722
f 1309/1309/735 1310/1310/736 1202/1202/629
f 1311/1311/737 1312/1312/738 1313/1313/739
f 1314/1314/740 1315/1315/741 1316/1316/742
f 1182/1182/614 1317/1317/743 1248/1248/674
f 1313/1313/739 1318/1318/744 1278/1278/704
f 1319/1319/745 1320/1320/746 1246/1246/672
f 1321/1321/747 1322/1322/748 1323/1323/749
f 1324/1324/750 1325/1325/751 1326/1326/752
f 1299/1299/725 1323/1323/749 1300/1300/726
f 1327/1327/753 1328/1328/754 1329/1329/755
f 1266/1266/692 1220/1220/646 1330/1330/756
f 1331/1331/757 1332/1332/758 1333/1333/759
f 1334/1334/760 1335/1335/761 1302/1302/728
f 1336/1336/762 1263/1263/689 1337/1337/763
f 1338/1338/764 1339/1339/765 1325/1325/751
f 1213/1213/639 1340/1340/766 1314/1314/740
f 1259/1259/685 1341/1341/767 1342/1342/768
f 1306/1306/732 1301/1301/727 1303/1303/729
f 1343/1343/769 1344/1344/770 1320/1320/746
f 1332/1332/758 1283/1283/709 1345/1345/771
f 1346/1346/772 1347/1347/773 1348/1348/774
f 1349/1349/775 1251/1251/677 1273/1273/699
f 1350/1350/776 1351/1351/777 1289/1289/715
f 1244/1244/670 1352/1352/778 1269/1269/695
f 1342/1342/768 1353/1353/779 1298/1298/724
f 1354/1354/780 1355/1355/763 1344/1344/770
f 1356/1356/781 1275/1275/701 1339/1339/765
f 1357/1357/782 1232/1232/658 1310/1310/736
f 1292/1292/718 1304/1304/730 1293/1293/719
f 1358/1358/783 1359/1359/784 1360/1360/785
f 1240/1240/666 1358/1358/783 1241/1241/667
f 1361/1361/786 1288/1288/714 1290/1290/716
f 1176/1176/608 1362/1362/787 1291/1291/717
f 1363/1363/788 1284/1284/710 1364/1364/789
f 1365/1365/790 1195/1195/624 1197/1197/624
f 1366/1366/791 1367/1367/792 1368/1368/792
f 1369/1369/793 1370/1370/794 1371/1371/795
f 1372/1372/796 1365/1365/790 1373/1373/796
f 1199/1199/627 1374/1374/797 1200/1200/627
f 1375/1375/798 1373/1373/796 1376/1376/798
f 1377/1377/799 1376/1376/798 1378/1378/799
f 1379/1379/800 1380/1380/801 1381/1381/800
f 1382/1382/801 1378/1378/799 1383/1383/801
f 1384/1384/802 1385/1385/794 1386/1386/802
f 1387/1387/803 1381/1381/800 1388/1388/803
f 1194/1194/623 1189/1189/620 1191/1191/620
f 1184/1184/616 1386/1386/802 1185/1185/616
f 1389/1389/804 1387/1387/803 1388/1388/803
f 1390/1390/805 1389/1389/804 1391/1391/805
f 1392/1392/806 1393/1393/807 1394/1394/807
f 1395/1395/808 1391/1391/805 1396/1396/808
f 1397/1397/809 1392/1392/806 1398/1398/809
f 1399/1399/810 1396/1396/808 1400/1400/810
f 1401/1401/811 1398/1398/809 1402/1402/811
f 1403/1403/812 1400/1400/810 1404/1404/812
f 1405/1405/813 1406/1406/791 1366/1366/791
f 1407/1407/814 1186/1186/617 1408/1408/814
f 1374/1374/797 1208/1208/635 1409/1409/635
f 1367/1367/792 1408/1408/814 1368/1368/792
f 1361/1361/786 1410/1410/815 1411/1411/816
f 1410/1410/815 1412/1412/817 1413/1413/818
f 1413/1413/818 1223/1223/649 1414/1414/819
f 1172/1172/604 1415/1415/820 1173/1173/605
f 1415/1415/820 1416/1416/821 1417/1417/822
f 1417/1417/822 1418/1418/823 1267/1267/693
f 1419/1419/824 1420/1420/825 1421/1421/824
f 1420/1420/825 1422/1422/826 1423/1423/827
f 1423/1423/827 1424/1424/828 1183/1183/615
f 1393/1393/807 1421/1421/824 1394/1394/807
f 1333/1333/759 1425/1425/829 1331/1331/757
f 1426/1426/830 1170/1170/602 1425/1425/829
f 1276/1276/702 1427/1427/831 1428/1428/832
f 1429/1429/833 1329/1329/755 1427/1427/831
f 1169/1169/601 1430/1430/834 1431/1431/835
f 1431/1431/835 1360/1360/785 1359/1359/784
f 1432/1432/836 1433/1433/837 1328/1328/754
f 1433/1433/837 1216/1216/642 1218/1218/644
f 1434/1434/838 1435/1435/839 1436/1436/840
f 1436/1436/840 1437/1437/841 1438/1438/842
f 1439/1439/843 1440/1440/844 1441/1441/845
f 1442/1442/846 1371/1371/795 1440/1440/844
f 1439/1439/843 1438/1438/842 1437/1437/841
f 1364/1364/789 1443/1443/847 1363/1363/788
f 1443/1443/847 1444/1444/848 1180/1180/612
f 1221/1221/647 1445/1445/849 1219/1219/645
f 1446/1446/850 1307/1307/733 1445/1445/849
f 1209/1209/634 1447/1447/851 1207/1207/634
f 1447/1447/851 1448/1448/852 1449/1449/853
f 1449/1449/853 1450/1450/813 1405/1405/813
f 1451/1451/854 1452/1452/855 1214/1214/640
f 1452/1452/855 1227/1227/653 1226/1226/652
f 1316/1316/742 1453/1453/856 1454/1454/857
f 1454/1454/857 1455/1455/858 1294/1294/720
f 1280/1280/706 1456/1456/859 1457/1457/860
f 1457/1457/860 1458/1458/861 1174/1174/606
f 1271/1271/697 1459/1459/862 1460/1460/863
f 1460/1460/863 1461/1461/864 1311/1311/737
f 1188/1188/619 1462/1462/865 1463/1463/866
f 1463/1463/866 1464/1464/867 1192/1192/622
f 1465/1465/868 1466/1466/869 1190/1190/621
f 1467/1467/870 1468/1468/871 1466/1466/869
f 1468/1468/871 1403/1403/812 1404/1404/812
f 1285/1285/711 1469/1469/872 1470/1470/873
f 1471/1471/874 1472/1472/875 1469/1469/872
f 1229/1229/655 1473/1473/876 1474/1474/877
f 1473/1473/876 1212/1212/638 1474/1474/877
f 1348/1348/774 1475/1475/878 1346/1346/772
f 1476/1476/879 1477/1477/880 1475/1475/878
f 1478/1478/881 1479/1479/882 1322/1322/748
f 1480/1480/883 1238/1238/664 1479/1479/882
f 1203/1203/630 1481/1481/884 1201/1201/628
f 1481/1481/884 1347/1347/773 1482/1482/885
f 1326/1326/752 1483/1483/886 1324/1324/750
f 1484/1484/887 1286/1286/712 1483/1483/886
f 1196/1196/625 1485/1485/888 1486/1486/889
f 1486/1486/889 1177/1177/609 1179/1179/611
f 1487/1487/890 1488/1488/891 1489/1489/892
f 1488/1488/891 1490/1490/893 1489/1489/892
f 1206/1206/633 1491/1491/894 1204/1204/631
f 1492/1492/895 1493/1493/896 1491/1491/894
f 1494/1494/897 1401/1401/811 1402/1402/811
f 841/841/302 1495/1495/898 842/842/303
f 844/844/305 1149/1149/582 845/845/306
f 843/843/304 842/842/303 847/847/308
f 849/849/309 1496/1496/899 850/850/310
f 852/852/312 900/900/359 853/853/313
f 855/855/315 906/906/364 856/856/316
f 858/858/318 1006/1006/445 859/859/319
f 861/861/321 1096/1096/532 862/862/322
f 864/864/324 1496/1496/899 849/849/309
f 851/851/311 850/850/310 866/866/326
f 868/868/328 1497/1497/900 869/869/329
f 871/871/331 1498/1498/901 872/872/332
f 874/874/334 895/895/354 875/875/335
f 874/874/334 876/876/336 857/857/317
f 877/877/337 1499/1499/902 878/878/338
f 880/880/340 861/861/321 863/863/323
f 882/882/342 844/844/305 846/846/307
f 884/884/344 1495/1495/898 841/841/302
f 886/886/345 1500/1500/903 887/887/346
f 869/869/329 1497/1497/900 889/889/348
f 891/891/350 871/871/331 873/873/333
f 893/893/352 1500/1500/903 886/886/345
f 895/895/354 982/982/426 896/896/355
f 890/890/349 889/889/348 897/897/356
f 899/899/358 1501/1501/904 900/900/359
f 901/901/360 868/868/328 870/870/330
f 903/903/361 1499/1499/902 877/877/337
f 905/905/363 1120/1120/556 906/906/364
f 907/907/365 1502/1502/905 908/908/366
f 910/910/368 1503/1503/906 911/911/369
f 913/913/371 1504/1504/372 914/914/372
f 916/916/373 1165/1165/597 917/917/374
f 919/919/376 955/955/377 920/920/377
f 922/922/378 1015/1015/453 923/923/379
f 925/925/381 998/998/382 926/926/382
f 904/904/362 1043/1043/480 928/928/383
f 929/929/384 986/986/385 930/930/385
f 932/932/386 1505/1505/386 933/933/387
f 935/935/388 1506/1506/388 936/936/389
f 938/938/390 1013/1013/391 939/939/391
f 941/941/392 1161/1161/593 942/942/393
f 944/944/395 990/990/431 945/945/396
f 947/947/398 1507/1507/398 948/948/399
f 950/950/400 1153/1153/586 951/951/401
f 953/953/403 913/913/371 915/915/371
f 955/955/377 929/929/384 931/931/384
f 956/956/404 1155/1155/588 957/957/405
f 959/959/407 1508/1508/407 960/960/408
f 962/962/409 1506/1506/388 935/935/388
f 964/964/410 1509/1509/907 854/854/314
f 936/936/389 901/901/360 902/902/360
f 965/965/411 953/953/403 954/954/403
f 967/967/412 1167/1167/599 968/968/413
f 970/970/415 1510/1510/908 971/971/416
f 847/847/308 965/965/411 966/966/411
f 973/973/418 983/983/419 974/974/419
f 976/976/420 1159/1159/591 977/977/421
f 979/979/423 1511/1511/909 980/980/424
f 982/982/426 974/974/419 983/983/419
f 984/984/427 973/973/418 975/975/418
f 986/986/385 938/938/390 940/940/390
f 908/908/366 1502/1502/905 987/987/428
f 944/944/395 1512/1512/910 989/989/430
f 991/991/432 1505/1505/386 932/932/386
f 993/993/433 1509/1509/907 964/964/410
f 995/995/435 1513/1513/911 996/996/436
f 998/998/382 1140/1140/438 999/999/438
f 1000/1000/439 1164/1164/596 1001/1001/440
f 1003/1003/442 1131/1131/566 1004/1004/443
f 960/960/408 1507/1507/398 947/947/398
f 989/989/430 1512/1512/910 1006/1006/445
f 948/948/399 925/925/381 927/927/381
f 1007/1007/446 1160/1160/592 1008/1008/447
f 1010/1010/449 1514/1514/912 1011/1011/450
f 1013/1013/391 1515/1515/452 1014/1014/452
f 1015/1015/453 922/922/378 962/962/409
f 1016/1016/454 1094/1094/454 1017/1017/455
f 1019/1019/456 1163/1163/595 1020/1020/457
f 1022/1022/459 1516/1516/913 1023/1023/460
f 1025/1025/462 1146/1146/579 1026/1026/463
f 1028/1028/465 1048/1048/485 1029/1029/466
f 1031/1031/468 1511/1511/909 979/979/423
f 1029/1029/466 1080/1080/517 1033/1033/470
f 1034/1034/471 1517/1517/914 1035/1035/472
f 1037/1037/474 1122/1122/558 1038/1038/475
f 1040/1040/477 1049/1049/486 1041/1041/478
f 1043/1043/480 1104/1104/540 1044/1044/481
f 1045/1045/482 1141/1141/575 1046/1046/483
f 1039/1039/476 1038/1038/475 1048/1048/485
f 1035/1035/472 1517/1517/914 1049/1049/486
f 1050/1050/487 1060/1060/497 1051/1051/488
f 1053/1053/490 1121/1121/557 1054/1054/491
f 1056/1056/493 1077/1077/514 993/993/433
f 1057/1057/494 1166/1166/598 1058/1058/495
f 880/880/340 881/881/341 1060/1060/497
f 1061/1061/498 1144/1144/577 1062/1062/499
f 1064/1064/501 1109/1109/545 1065/1065/502
f 956/956/404 958/958/406 1067/1067/504
f 945/945/396 1147/1147/580 1069/1069/506
f 1070/1070/507 1518/1518/915 1071/1071/508
f 1073/1073/510 1064/1064/501 1066/1066/503
f 1042/1042/479 1041/1041/478 988/988/429
f 1063/1063/500 1062/1062/499 1075/1075/512
f 867/867/327 866/866/326 1077/1077/514
f 1078/1078/515 1031/1031/468 1032/1032/469
f 1080/1080/517 1123/1123/559 1081/1081/518
f 1082/1082/519 1090/1090/527 1083/1083/520
f 892/892/351 1150/1150/583 1085/1085/522
f 1086/1086/523 1000/1000/439 1002/1002/441
f 952/952/402 1158/1158/525 1088/1088/525
f 1089/1089/526 1108/1108/544 1090/1090/527
f 1023/1023/460 1516/1516/913 864/864/324
f 1091/1091/528 1095/1095/531 1092/1092/529
f 978/978/422 977/977/421 1094/1094/454
f 1095/1095/531 1045/1045/482 1047/1047/484
f 898/898/357 897/897/356 984/984/427
f 1096/1096/532 893/893/352 894/894/353
f 1097/1097/533 1132/1132/567 1034/1034/471
f 914/914/372 1504/1504/372 1098/1098/534
f 1100/1100/536 1156/1156/589 1101/1101/537
f 1103/1103/539 1519/1519/916 1044/1044/481
f 883/883/343 1519/1519/916 1103/1103/539
f 1105/1105/541 1133/1133/568 1106/1106/542
f 1089/1089/526 907/907/365 909/909/367
f 1109/1109/545 1078/1078/515 1079/1079/516
f 1072/1072/509 1071/1071/508 1110/1110/546
f 1112/1112/548 1154/1154/587 1113/1113/549
f 1011/1011/450 1514/1514/912 1115/1115/551
f 1117/1117/553 1125/1125/560 1118/1118/554
f 1120/1120/556 905/905/363 991/991/432
f 1076/1076/513 1075/1075/512 1121/1121/557
f 969/969/414 968/968/413 1122/1122/558
f 1123/1123/559 1520/1520/553 1124/1124/555
f 1125/1125/560 1073/1073/510 1074/1074/511
f 1126/1126/561 1139/1139/574 1127/1127/562
f 943/943/394 942/942/393 1129/1129/564
f 1021/1021/458 1020/1020/457 1131/1131/566
f 972/972/417 1105/1105/541 1107/1107/543
f 872/872/332 1498/1498/901 1132/1132/567
f 1005/1005/444 1004/1004/443 1010/1010/449
f 1133/1133/568 1022/1022/459 1024/1024/461
f 885/885/344 934/934/387 933/933/387
f 879/879/339 878/878/338 1134/1134/569
f 1136/1136/571 1521/1521/917 1137/1137/572
f 1111/1111/547 1110/1110/546 1139/1139/574
f 1140/1140/438 1503/1503/906 910/910/368
f 1141/1141/575 860/860/320 859/859/319
f 1142/1142/576 1518/1518/915 1070/1070/507
f 1135/1135/570 1134/1134/569 1144/1144/577
f 1017/1017/455 1157/1157/590 1145/1145/578
f 1116/1116/552 1115/1115/551 1136/1136/571
f 1130/1130/565 1129/1129/564 1146/1146/579
f 1147/1147/580 1151/1151/584 1148/1148/581
f 1149/1149/582 1501/1501/904 899/899/358
f 1052/1052/489 1051/1051/488 1085/1085/522
f 1009/1009/448 1091/1091/528 1093/1093/530
f 887/887/346 1148/1148/581 1151/1151/584
f 1127/1127/562 1086/1086/523 1087/1087/524
f 918/918/375 1162/1162/594 1152/1152/585
f 1153/1153/586 1113/1113/549 1154/1154/587
f 1155/1155/588 1101/1101/537 1156/1156/589
f 996/996/436 1513/1513/911 919/919/376
f 1157/1157/590 995/995/435 997/997/437
f 923/923/379 1088/1088/525 1158/1158/525
f 1099/1099/535 1098/1098/534 1159/1159/591
f 912/912/370 911/911/369 1112/1112/548
f 1160/1160/592 1068/1068/505 1067/1067/504
f 1055/1055/492 1054/1054/491 1161/1161/593
f 971/971/416 1510/1510/908 1152/1152/585
f 1027/1027/464 1026/1026/463 1163/1163/595
f 1164/1164/596 1057/1057/494 1059/1059/496
f 1165/1165/597 1058/1058/495 1166/1166/598
f 980/980/424 1100/1100/536 1102/1102/538
f 1084/1084/521 1083/1083/520 1167/1167/599
f 1168/1168/600 1522/1522/918 1169/1169/601
f 1171/1171/603 1523/1523/919 1172/1172/604
f 1174/1174/606 1458/1458/861 1175/1175/607
f 1177/1177/609 1493/1493/896 1178/1178/610
f 1180/1180/612 1444/1444/848 1181/1181/613
f 1183/1183/615 1424/1424/828 1184/1184/616
f 1186/1186/617 1524/1524/617 1187/1187/618
f 1189/1189/620 1465/1465/868 1190/1190/621
f 1192/1192/622 1464/1464/867 1193/1193/623
f 1195/1195/624 1525/1525/920 1196/1196/625
f 1198/1198/626 1434/1434/838 1199/1199/627
f 1201/1201/628 1309/1309/735 1202/1202/629
f 1204/1204/631 1490/1490/893 1205/1205/632
f 1207/1207/634 1409/1409/635 1208/1208/635
f 1210/1210/636 1472/1472/875 1211/1211/637
f 1213/1213/639 1451/1451/854 1214/1214/640
f 1216/1216/642 1351/1351/777 1217/1217/643
f 1219/1219/645 1330/1330/756 1220/1220/646
f 1222/1222/648 1414/1414/819 1223/1223/649
f 1225/1225/651 1281/1281/707 1226/1226/652
f 1228/1228/654 1526/1526/921 1229/1229/655
f 1231/1231/657 1523/1523/919 1171/1171/603
f 1233/1233/659 1295/1295/721 1234/1234/660
f 1236/1236/662 1477/1477/880 1237/1237/663
f 1239/1239/665 1268/1268/694 1240/1240/666
f 1242/1242/668 1249/1249/675 1243/1243/669
f 1245/1245/671 1319/1319/745 1246/1246/672
f 1248/1248/674 1317/1317/743 1249/1249/675
f 1250/1250/676 1228/1228/654 1230/1230/656
f 1252/1252/678 1297/1297/723 1253/1253/679
f 1235/1235/661 1234/1234/660 1255/1255/681
f 1257/1257/683 1527/1527/922 1258/1258/684
f 1253/1253/679 1528/1528/923 1260/1260/686
f 1261/1261/687 1272/1272/698 1262/1262/688
f 1264/1264/690 1277/1277/703 1265/1265/691
f 1267/1267/693 1418/1418/823 1268/1268/694
f 1269/1269/695 1352/1352/778 1270/1270/696
f 1272/1272/698 1349/1349/775 1273/1273/699
f 1274/1274/700 1222/1222/648 1224/1224/650
f 1276/1276/702 1428/1428/832 1277/1277/703
f 1278/1278/704 1318/1318/744 1279/1279/705
f 1256/1256/682 1255/1255/681 1245/1245/671
f 1260/1260/686 1528/1528/923 1281/1281/707
f 1282/1282/708 1345/1345/771 1283/1283/709
f 1285/1285/711 1470/1470/873 1286/1286/712
f 1288/1288/714 1350/1350/776 1289/1289/715
f 1291/1291/717 1362/1362/787 1292/1292/718
f 1294/1294/720 1455/1455/858 1295/1295/721
f 1296/1296/722 1308/1308/734 1297/1297/723
f 1298/1298/724 1353/1353/779 1299/1299/725
f 1301/1301/727 1334/1334/760 1302/1302/728
f 1304/1304/730 1529/1529/924 1305/1305/731
f 1307/1307/733 1530/1530/925 1308/1308/734
f 1309/1309/735 1357/1357/782 1310/1310/736
f 1311/1311/737 1461/1461/864 1312/1312/738
f 1314/1314/740 1340/1340/766 1315/1315/741
f 1182/1182/614 1181/1181/613 1317/1317/743
f 1313/1313/739 1312/1312/738 1318/1318/744
f 1319/1319/745 1343/1343/769 1320/1320/746
f 1321/1321/747 1478/1478/881 1322/1322/748
f 1324/1324/750 1338/1338/764 1325/1325/751
f 1299/1299/725 1321/1321/747 1323/1323/749
f 1327/1327/753 1432/1432/836 1328/1328/754
f 1266/1266/692 1265/1265/691 1220/1220/646
f 1331/1331/757 1531/1531/926 1332/1332/758
f 1334/1334/760 1532/1532/922 1335/1335/761
f 1336/1336/762 1261/1261/687 1263/1263/689
f 1338/1338/764 1356/1356/781 1339/1339/765
f 1213/1213/639 1215/1215/641 1340/1340/766
f 1259/1259/685 1258/1258/684 1341/1341/767
f 1306/1306/732 1305/1305/731 1301/1301/727
f 1343/1343/769 1354/1354/780 1344/1344/770
f 1332/1332/758 1531/1531/926 1283/1283/709
f 1346/1346/772 1482/1482/885 1347/1347/773
f 1349/1349/775 1250/1250/676 1251/1251/677
f 1350/1350/776 1217/1217/643 1351/1351/777
f 1244/1244/670 1243/1243/669 1352/1352/778
f 1342/1342/768 1341/1341/767 1353/1353/779
f 1354/1354/780 1533/1533/762 1355/1355/763
f 1356/1356/781 1274/1274/700 1275/1275/701
f 1357/1357/782 1231/1231/657 1232/1232/658
f 1292/1292/718 1529/1529/924 1304/1304/730
f 1358/1358/783 1534/1534/927 1359/1359/784
f 1240/1240/666 1534/1534/927 1358/1358/783
f 1361/1361/786 1411/1411/816 1288/1288/714
f 1176/1176/608 1175/1175/607 1362/1362/787
f 1363/1363/788 1282/1282/708 1284/1284/710
f 1365/1365/790 1535/1535/790 1195/1195/624
f 1366/1366/791 1406/1406/791 1367/1367/792
f 1369/1369/793 1385/1385/794 1370/1370/794
f 1372/1372/796 1535/1535/790 1365/1365/790
f 1199/1199/627 1536/1536/797 1374/1374/797
f 1375/1375/798 1372/1372/796 1373/1373/796
f 1377/1377/799 1375/1375/798 1376/1376/798
f 1379/1379/800 1537/1537/801 1380/1380/801
f 1382/1382/801 1377/1377/799 1378/1378/799
f 1384/1384/802 1370/1370/794 1385/1385/794
f 1387/1387/803 1379/1379/800 1381/1381/800
f 1194/1194/623 1193/1193/623 1189/1189/620
f 1184/1184/616 1384/1384/802 1386/1386/802
f 1389/1389/804 1538/1538/804 1387/1387/803
f 1390/1390/805 1538/1538/804 1389/1389/804
f 1392/1392/806 1539/1539/806 1393/1393/807
f 1395/1395/808 1390/1390/805 1391/1391/805
f 1397/1397/809 1539/1539/806 1392/1392/806
f 1399/1399/810 1395/1395/808 1396/1396/808
f 1401/1401/811 1397/1397/809 1398/1398/809
f 1403/1403/812 1399/1399/810 1400/1400/810
f 1405/1405/813 1450/1450/813 1406/1406/791
f 1407/1407/814 1524/1524/617 1186/1186/617
f 1374/1374/797 1536/1536/797 1208/1208/635
f 1367/1367/792 1407/1407/814 1408/1408/814
f 1361/1361/786 1540/1540/928 1410/1410/815
f 1410/1410/815 1540/1540/928 1412/1412/817
f 1413/1413/818 1412/1412/817 1223/1223/649
f 1172/1172/604 1541/1541/929 1415/1415/820
f 1415/1415/820 1541/1541/929 1416/1416/821
f 1417/1417/822 1416/1416/821 1418/1418/823
f 1419/1419/824 1542/1542/930 1420/1420/825
f 1420/1420/825 1542/1542/930 1422/1422/826
f 1423/1423/827 1422/1422/826 1424/1424/828
f 1393/1393/807 1419/1419/824 1421/1421/824
f 1333/1333/759 1426/1426/830 1425/1425/829
f 1426/1426/830 1168/1168/600 1170/1170/602
f 1276/1276/702 1429/1429/833 1427/1427/831
f 1429/1429/833 1327/1327/753 1329/1329/755
f 1169/1169/601 1522/1522/918 1430/1430/834
f 1431/1431/835 1430/1430/834 1360/1360/785
f 1432/1432/836 1543/1543/931 1433/1433/837
f 1433/1433/837 1543/1543/931 1216/1216/642
f 1434/1434/838 1198/1198/626 1435/1435/839
f 1436/1436/840 1435/1435/839 1437/1437/841
f 1439/1439/843 1442/1442/846 1440/1440/844
f 1442/1442/846 1369/1369/793 1371/1371/795
f 1439/1439/843 1441/1441/845 1438/1438/842
f 1364/1364/789 1544/1544/932 1443/1443/847
f 1443/1443/847 1544/1544/932 1444/1444/848
f 1221/1221/647 1446/1446/850 1445/1445/849
f 1446/1446/850 1530/1530/925 1307/1307/733
f 1209/1209/634 1545/1545/933 1447/1447/851
f 1447/1447/851 1545/1545/933 1448/1448/852
f 1449/1449/853 1448/1448/852 1450/1450/813
f 1451/1451/854 1546/1546/934 1452/1452/855
f 1452/1452/855 1546/1546/934 1227/1227/653
f 1316/1316/742 1315/1315/741 1453/1453/856
f 1454/1454/857 1453/1453/856 1455/1455/858
f 1280/1280/706 1279/1279/705 1456/1456/859
f 1457/1457/860 1456/1456/859 1458/1458/861
f 1271/1271/697 1270/1270/696 1459/1459/862
f 1460/1460/863 1459/1459/862 1461/1461/864
f 1188/1188/619 1187/1187/618 1462/1462/865
f 1463/1463/866 1462/1462/865 1464/1464/867
f 1465/1465/868 1467/1467/870 1466/1466/869
f 1467/1467/870 1547/1547/935 1468/1468/871
f 1468/1468/871 1547/1547/935 1403/1403/812
f 1285/1285/711 1471/1471/874 1469/1469/872
f 1471/1471/874 1211/1211/637 1472/1472/875
f 1229/1229/655 1526/1526/921 1473/1473/876
f 1473/1473/876 1210/1210/636 1212/1212/638
f 1348/1348/774 1476/1476/879 1475/1475/878
f 1476/1476/879 1237/1237/663 1477/1477/880
f 1478/1478/881 1480/1480/883 1479/1479/882
f 1480/1480/883 1236/1236/662 1238/1238/664
f 1203/1203/630 1548/1548/936 1481/1481/884
f 1481/1481/884 1548/1548/936 1347/1347/773
f 1326/1326/752 1484/1484/887 1483/1483/886
f 1484/1484/887 1287/1287/713 1286/1286/712
f 1196/1196/625 1525/1525/920 1485/1485/888
f 1486/1486/889 1485/1485/888 1177/1177/609
f 1487/1487/890 1494/1494/897 1488/1488/891
f 1488/1488/891 1205/1205/632 1490/1490/893
f 1206/1206/633 1492/1492/895 1491/1491/894
f 1492/1492/895 1178/1178/610 1493/1493/896
f 1494/1494/897 1487/1487/890 1401/1401/811
f 1549/1549/937 1550/1550/938 1551/1551/939
f 1552/1552/937 1553/1553/940 1554/1554/941
f 1555/1555/942 1556/1556/943 1553/1553/940
f 1553/1553/940 1557/1557/944 1558/1558/945
f 1554/1554/941 1558/1558/945 1559/1559/946
f 1560/1560/941 1561/1561/947 1550/1550/938
f 1550/1550/938 1562/1562/948 1563/1563/949
f 1551/1551/939 1563/1563/949 1564/1564/950
f 1565/1565/951 1566/1566/74 1567/1567/952
f 1568/1568/953 1566/1566/74 1569/1569/954
f 1566/1566/74 1570/1570/955 1567/1567/952
f 1566/1566/74 1571/1571/956 1572/1572/957
f 1562/1562/948 1565/1565/951 1573/1573/958
f 1561/1561/947 1569/1569/954 1565/1565/951
f 1558/1558/945 1569/1569/954 1559/1559/946
f 1557/1557/944 1568/1568/953 1558/1558/945
f 1574/1574/959 1575/1575/960 1568/1568/953
f 1575/1575/960 1576/1576/961 1571/1571/956
f 1571/1571/956 1577/1577/962 1578/1578/963
f 1572/1572/957 1578/1578/963 1579/1579/964
f 1572/1572/957 1580/1580/965 1570/1570/955
f 1570/1570/955 1581/1581/966 1582/1582/967
f 1567/1567/952 1582/1582/967 1583/1583/968
f 1573/1573/958 1567/1567/952 1583/1583/968
f 1584/1584/969 1585/1585/970 1586/1586/971
f 1587/1587/972 1588/1588/970 1589/1589/973
f 1581/1581/966 1584/1584/969 1590/1590/974
f 1580/1580/965 1591/1591/975 1584/1584/969
f 1578/1578/963 1589/1589/973 1579/1579/964
f 1577/1577/962 1587/1587/972 1578/1578/963
f 1592/1592/976 1593/1593/977 1587/1587/972
f 1590/1590/974 1586/1586/971 1594/1594/978
f 1595/1595/979 1596/1596/980 1597/1597/981
f 1598/1598/980 1599/1599/982 1600/1600/983
f 1563/1563/949 1597/1597/981 1564/1564/950
f 1562/1562/948 1595/1595/979 1563/1563/949
f 1573/1573/958 1601/1601/984 1595/1595/979
f 1602/1602/985 1582/1582/967 1599/1599/982
f 1599/1599/982 1581/1581/966 1590/1590/974
f 1600/1600/983 1590/1590/974 1594/1594/978
f 1603/1603/986 1604/1604/987 1605/1605/988
f 1606/1606/987 1607/1607/989 1608/1608/988
f 1557/1557/944 1603/1603/986 1574/1574/959
f 1556/1556/943 1609/1609/990 1603/1603/986
f 1610/1610/991 1592/1592/976 1607/1607/989
f 1607/1607/989 1577/1577/962 1576/1576/961
f 1608/1608/988 1576/1576/961 1611/1611/992
f 1574/1574/959 1605/1605/988 1611/1611/992
f 1612/1612/993 1613/1613/994 1614/1614/995
f 1615/1615/993 1616/1616/996 1617/1617/997
f 1618/1618/998 1619/1619/999 1616/1616/996
f 1616/1616/996 1620/1620/1000 1621/1621/1001
f 1617/1617/997 1621/1621/1001 1622/1622/1002
f 1623/1623/997 1624/1624/1003 1613/1613/994
f 1613/1613/994 1625/1625/1004 1626/1626/1005
f 1614/1614/995 1626/1626/1005 1627/1627/1006
f 1628/1628/1007 1629/1629/74 1630/1630/1008
f 1631/1631/1009 1629/1629/74 1632/1632/1010
f 1629/1629/74 1633/1633/1011 1630/1630/1008
f 1629/1629/74 1634/1634/1012 1635/1635/1013
f 1625/1625/1004 1628/1628/1007 1636/1636/1014
f 1624/1624/1003 1632/1632/1010 1628/1628/1007
f 1621/1621/1001 1632/1632/1010 1622/1622/1002
f 1620/1620/1000 1631/1631/1009 1621/1621/1001
f 1637/1637/1015 1638/1638/1016 1631/1631/1009
f 1638/1638/1016 1639/1639/1017 1634/1634/1012
f 1634/1634/1012 1640/1640/1018 1641/1641/1019
f 1635/1635/1013 1641/1641/1019 1642/1642/1020
f 1635/1635/1013 1643/1643/1021 1633/1633/1011
f 1633/1633/1011 1644/1644/1022 1645/1645/1023
f 1630/1630/1008 1645/1645/1023 1646/1646/1024
f 1636/1636/1014 1630/1630/1008 1646/1646/1024
f 1647/1647/1025 1648/1648/1026 1649/1649/1027
f 1650/1650/1028 1651/1651/1026 1652/1652/1029
f 1644/1644/1022 1647/1647/1025 1653/1653/1030
f 1643/1643/1021 1654/1654/1029 1647/1647/1025
f 1641/1641/1019 1652/1652/1029 1642/1642/1020
f 1640/1640/1018 1650/1650/1028 1641/1641/1019
f 1655/1655/1031 1656/1656/1032 1650/1650/1028
f 1653/1653/1030 1649/1649/1027 1657/1657/1033
f 1658/1658/1034 1659/1659/1035 1660/1660/1036
f 1661/1661/1035 1662/1662/1037 1663/1663/1038
f 1626/1626/1005 1660/1660/1036 1627/1627/1006
f 1625/1625/1004 1658/1658/1034 1626/1626/1005
f 1636/1636/1014 1664/1664/1039 1658/1658/1034
f 1665/1665/1039 1645/1645/1023 1662/1662/1037
f 1662/1662/1037 1644/1644/1022 1653/1653/1030
f 1663/1663/1038 1653/1653/1030 1657/1657/1033
f 1666/1666/1040 1667/1667/1041 1668/1668/1042
f 1669/1669/1041 1670/1670/1043 1671/1671/1042
f 1620/1620/1000 1666/1666/1040 1637/1637/1015
f 1619/1619/999 1672/1672/1044 1666/1666/1040
f 1673/1673/1045 1655/1655/1031 1670/1670/1043
f 1670/1670/1043 1640/1640/1018 1639/1639/1017
f 1671/1671/1042 1639/1639/1017 1674/1674/1046
f 1637/1637/1015 1668/1668/1042 1674/1674/1046
f 1549/1549/937 1560/1560/941 1550/1550/938
f 1552/1552/937 1555/1555/942 1553/1553/940
f 1555/1555/942 1675/1675/1047 1556/1556/943
f 1553/1553/940 1556/1556/943 1557/1557/944
f 1554/1554/941 1553/1553/940 1558/1558/945
f 1560/1560/941 1559/1559/946 1561/1561/947
f 1550/1550/938 1561/1561/947 1562/1562/948
f 1551/1551/939 1550/1550/938 1563/1563/949
f 1565/1565/951 1569/1569/954 1566/1566/74
f 1568/1568/953 1575/1575/960 1566/1566/74
f 1566/1566/74 1572/1572/957 1570/1570/955
f 1566/1566/74 1575/1575/960 1571/1571/956
f 1562/1562/948 1561/1561/947 1565/1565/951
f 1561/1561/947 1559/1559/946 1569/1569/954
f 1558/1558/945 1568/1568/953 1569/1569/954
f 1557/1557/944 1574/1574/959 1568/1568/953
f 1574/1574/959 1611/1611/992 1575/1575/960
f 1575/1575/960 1611/1611/992 1576/1576/961
f 1571/1571/956 1576/1576/961 1577/1577/962
f 1572/1572/957 1571/1571/956 1578/1578/963
f 1572/1572/957 1579/1579/964 1580/1580/965
f 1570/1570/955 1580/1580/965 1581/1581/966
f 1567/1567/952 1570/1570/955 1582/1582/967
f 1573/1573/958 1565/1565/951 1567/1567/952
f 1584/1584/969 1591/1591/975 1585/1585/970
f 1587/1587/972 1593/1593/977 1588/1588/970
f 1581/1581/966 1580/1580/965 1584/1584/969
f 1580/1580/965 1579/1579/964 1591/1591/975
f 1578/1578/963 1587/1587/972 1589/1589/973
f 1577/1577/962 1592/1592/976 1587/1587/972
f 1592/1592/976 1676/1676/1048 1593/1593/977
f 1590/1590/974 1584/1584/969 1586/1586/971
f 1595/1595/979 1601/1601/984 1596/1596/980
f 1598/1598/980 1602/1602/985 1599/1599/982
f 1563/1563/949 1595/1595/979 1597/1597/981
f 1562/1562/948 1573/1573/958 1595/1595/979
f 1573/1573/958 1583/1583/968 1601/1601/984
f 1602/1602/985 1583/1583/968 1582/1582/967
f 1599/1599/982 1582/1582/967 1581/1581/966
f 1600/1600/983 1599/1599/982 1590/1590/974
f 1603/1603/986 1609/1609/990 1604/1604/987
f 1606/1606/987 1610/1610/991 1607/1607/989
f 1557/1557/944 1556/1556/943 1603/1603/986
f 1556/1556/943 1675/1675/1047 1609/1609/990
f 1610/1610/991 1676/1676/1048 1592/1592/976
f 1607/1607/989 1592/1592/976 1577/1577/962
f 1608/1608/988 1607/1607/989 1576/1576/961
f 1574/1574/959 1603/1603/986 1605/1605/988
f 1612/1612/993 1623/1623/997 1613/1613/994
f 1615/1615/993 1618/1618/998 1616/1616/996
f 1618/1618/998 1677/1677/1049 1619/1619/999
f 1616/1616/996 1619/1619/999 1620/1620/1000
f 1617/1617/997 1616/1616/996 1621/1621/1001
f 1623/1623/997 1622/1622/1002 1624/1624/1003
f 1613/1613/994 1624/1624/1003 1625/1625/1004
f 1614/1614/995 1613/1613/994 1626/1626/1005
f 1628/1628/1007 1632/1632/1010 1629/1629/74
f 1631/1631/1009 1638/1638/1016 1629/1629/74
f 1629/1629/74 1635/1635/1013 1633/1633/1011
f 1629/1629/74 1638/1638/1016 1634/1634/1012
f 1625/1625/1004 1624/1624/1003 1628/1628/1007
f 1624/1624/1003 1622/1622/1002 1632/1632/1010
f 1621/1621/1001 1631/1631/1009 1632/1632/1010
f 1620/1620/1000 1637/1637/1015 1631/1631/1009
f 1637/1637/1015 1674/1674/1046 1638/1638/1016
f 1638/1638/1016 1674/1674/1046 1639/1639/1017
f 1634/1634/1012 1639/1639/1017 1640/1640/1018
f 1635/1635/1013 1634/1634/1012 1641/1641/1019
f 1635/1635/1013 1642/1642/1020 1643/1643/1021
f 1633/1633/1011 1643/1643/1021 1644/1644/1022
f 1630/1630/1008 1633/1633/1011 1645/1645/1023
f 1636/1636/1014 1628/1628/1007 1630/1630/1008
f 1647/1647/1025 1654/1654/1029 1648/1648/1026
f 1650/1650/1028 1656/1656/1032 1651/1651/1026
f 1644/1644/1022 1643/1643/1021 1647/1647/1025
f 1643/1643/1021 1642/1642/1020 1654/1654/1029
f 1641/1641/1019 1650/1650/1028 1652/1652/1029
f 1640/1640/1018 1655/1655/1031 1650/1650/1028
f 1655/1655/1031 1678/1678/1050 1656/1656/1032
f 1653/1653/1030 1647/1647/1025 1649/1649/1027
f 1658/1658/1034 1664/1664/1039 1659/1659/1035
f 1661/1661/1035 1665/1665/1039 1662/1662/1037
f 1626/1626/1005 1658/1658/1034 1660/1660/1036
f 1625/1625/1004 1636/1636/1014 1658/1658/1034
f 1636/1636/1014 1646/1646/1024 1664/1664/1039
f 1665/1665/1039 1646/1646/1024 1645/1645/1023
f 1662/1662/1037 1645/1645/1023 1644/1644/1022
f 1663/1663/1038 1662/1662/1037 1653/1653/1030
f 1666/1666/1040 1672/1672/1044 1667/1667/1041
f 1669/1669/1041 1673/1673/1045 1670/1670/1043
f 1620/1620/1000 1619/1619/999 1666/1666/1040
f 1619/1619/999 1677/1677/1049 1672/1672/1044
f 1673/1673/1045 1678/1678/1050 1655/1655/1031
f 1670/1670/1043 1655/1655/1031 1640/1640/1018
f 1671/1671/1042 1670/1670/1043 1639/1639/1017
f 1637/1637/1015 1666/1666/1040 1668/1668/1042
f 1679/1679/1051 1680/1680/1052 1681/1681/1053
f 1682/1682/1054 1683/1683/1055 1684/1684/1056
f 1685/1685/1057 1686/1686/1058 1687/1687/1059
f 1680/1680/1052 1688/1688/1060 1682/1682/1054
f 1684/1684/1056 1685/1685/1057 1687/1687/1059
f 1686/1686/1058 1689/1689/1061 1690/1690/1062
f 1691/1691/1063 1692/1692/1064 1693/1693/1065
f 1694/1694/1066 1695/1695/1067 1696/1696/1068
f 1697/1697/1069 1698/1698/1070 1699/1699/1071
f 1700/1700/1072 1701/1701/1073 1702/1702/1074
f 1694/1694/1066 1699/1699/1071 1703/1703/1075
f 1704/1704/1076 1701/1701/1073 1698/1698/1070
f 1700/1700/1072 1705/1705/1077 1706/1706/1078
f 1707/1707/1079 1708/1708/1080 1709/1709/1081
f 1710/1710/1082 1711/1711/1083 1712/1712/1084
f 1713/1713/1085 1714/1714/1086 1715/1715/1087
f 1716/1716/1088 1717/1717/1089 1718/1718/1090
f 1719/1719/1091 1720/1720/1092 1721/1721/1093
f 1722/1722/1094 1723/1723/1095 1724/1724/1096
f 1725/1725/1097 1726/1726/1098 1727/1727/1099
f 1728/1728/1100 1721/1721/1093 1714/1714/1086
f 1725/1725/1097 1729/1729/1101 1716/1716/1088
f 1718/1718/1090 1730/1730/1102 1731/1731/1103
f 1712/1712/1084 1732/1732/1104 1733/1733/1105
f 1731/1731/1103 1720/1720/1092 1734/1734/1106
f 1735/1735/1107 1736/1736/1108 1726/1726/1098
f 1733/1733/1105 1723/1723/1095 1737/1737/1109
f 1738/1738/1110 1715/1715/1087 1739/1739/1111
f 1740/1740/1112 1695/1695/1067 1741/1741/1113
f 1742/1742/1114 1743/1743/1115 1691/1691/1063
f 1693/1693/1065 1744/1744/1116 1710/1710/1082
f 1742/1742/1114 1739/1739/1111 1745/1745/1117
f 1709/1709/1081 1679/1679/1051 1681/1681/1053
f 1746/1746/1118 1741/1741/1113 1747/1747/1119
f 1748/1748/1120 1749/1749/1121 1750/1750/1122
f 1751/1751/1123 1752/1752/1124 1753/1753/1125
f 1754/1754/1126 1755/1755/1127 1756/1756/1128
f 1749/1749/1121 1753/1753/1125 1750/1750/1122
f 1757/1757/1129 1754/1754/1126 1752/1752/1124
f 1755/1755/1127 1758/1758/1130 1756/1756/1128
f 1759/1759/1131 1760/1760/1132 1761/1761/1133
f 1762/1762/1134 1763/1763/1135 1764/1764/1136
f 1765/1765/1137 1766/1766/1138 1767/1767/1139
f 1768/1768/1140 1769/1769/1141 1770/1770/1142
f 1767/1767/1139 1763/1763/1135 1771/1771/1143
f 1768/1768/1140 1772/1772/1144 1765/1765/1137
f 1773/1773/1145 1769/1769/1141 1774/1774/1146
f 1775/1775/1147 1776/1776/1148 1777/1777/1149
f 1778/1778/1150 1779/1779/1151 1780/1780/1152
f 1781/1781/1153 1782/1782/1154 1783/1783/1155
f 1784/1784/1156 1785/1785/1157 1786/1786/1158
f 1787/1787/1159 1788/1788/1160 1789/1789/1161
f 1790/1790/1162 1791/1791/1163 1792/1792/1164
f 1793/1793/1165 1794/1794/1166 1795/1795/1167
f 1796/1796/1168 1789/1789/1161 1782/1782/1154
f 1793/1793/1165 1797/1797/1169 1784/1784/1156
f 1786/1786/1158 1798/1798/1170 1799/1799/1171
f 1780/1780/1152 1800/1800/1172 1801/1801/1173
f 1799/1799/1171 1788/1788/1160 1802/1802/1174
f 1803/1803/1175 1792/1792/1164 1804/1804/1176
f 1805/1805/1177 1800/1800/1172 1791/1791/1163
f 1806/1806/1178 1783/1783/1155 1807/1807/1179
f 1808/1808/1180 1764/1764/1136 1809/1809/1181
f 1810/1810/1182 1811/1811/1183 1759/1759/1131
f 1761/1761/1133 1812/1812/1184 1778/1778/1150
f 1810/1810/1182 1807/1807/1179 1813/1813/1185
f 1777/1777/1149 1814/1814/1186 1748/1748/1120
f 1815/1815/1187 1809/1809/1181 1816/1816/1188
f 1817/1817/1189 1818/1818/1190 1819/1819/1191
f 1820/1820/1192 1821/1821/1193 1822/1822/1194
f 1823/1823/1195 1824/1824/1196 1825/1825/1197
f 1819/1819/1191 1826/1826/1198 1820/1820/1192
f 1822/1822/1194 1827/1827/1199 1823/1823/1195
f 1828/1828/1200 1829/1829/1201 1830/1830/1202
f 1831/1831/1203 1832/1832/1204 1833/1833/1205
f 1834/1834/1206 1835/1835/1207 1836/1836/1208
f 1837/1837/1209 1838/1838/1210 1839/1839/1211
f 1840/1840/1212 1841/1841/1213 1842/1842/1214
f 1843/1843/1215 1839/1839/1211 1835/1835/1207
f 1844/1844/1216 1842/1842/1214 1838/1838/1210
f 1845/1845/1217 1846/1846/1218 1847/1847/1219
f 1848/1848/1220 1849/1849/1221 1850/1850/1222
f 1851/1851/1223 1852/1852/1224 1853/1853/1225
f 1854/1854/1226 1855/1855/1227 1856/1856/1228
f 1857/1857/1229 1858/1858/1230 1859/1859/1231
f 1860/1860/1232 1861/1861/1233 1862/1862/1234
f 1863/1863/1235 1864/1864/1236 1865/1865/1237
f 1866/1866/1238 1859/1859/1231 1852/1852/1224
f 1867/1867/1239 1868/1868/1240 1869/1869/1241
f 1863/1863/1235 1870/1870/1242 1871/1871/1243
f 1872/1872/1244 1849/1849/1221 1873/1873/1245
f 1874/1874/1246 1830/1830/1202 1875/1875/1230
f 1860/1860/1232 1864/1864/1236 1876/1876/1247
f 1877/1877/1248 1873/1873/1245 1861/1861/1233
f 1878/1878/1249 1853/1853/1225 1879/1879/1250
f 1834/1834/1206 1880/1880/1251 1881/1881/1252
f 1882/1882/1253 1883/1883/1254 1831/1831/1203
f 1833/1833/1205 1884/1884/1255 1848/1848/1220
f 1878/1878/1249 1885/1885/1256 1882/1882/1253
f 1817/1817/1189 1846/1846/1218 1886/1886/1257
f 1887/1887/1258 1880/1880/1251 1888/1888/1259
f 1889/1889/1260 1890/1890/1261 1891/1891/1262
f 1892/1892/1263 1893/1893/1264 1894/1894/1265
f 1895/1895/1266 1896/1896/1267 1897/1897/1268
f 1891/1891/1262 1892/1892/1263 1894/1894/1265
f 1898/1898/1269 1897/1897/1268 1893/1893/1264
f 1896/1896/1267 1899/1899/1270 1900/1900/1271
f 1901/1901/1272 1902/1902/1273 1903/1903/1274
f 1904/1904/1275 1905/1905/1276 1906/1906/1277
f 1907/1907/1278 1908/1908/1279 1909/1909/1280
f 1910/1910/1281 1911/1911/1282 1912/1912/1283
f 1913/1913/1284 1909/1909/1280 1905/1905/1276
f 1912/1912/1283 1908/1908/1279 1914/1914/1285
f 1910/1910/1281 1915/1915/1286 1916/1916/1287
f 1917/1917/1288 1918/1918/1289 1919/1919/1290
f 1920/1920/1291 1921/1921/1292 1922/1922/1293
f 1923/1923/1294 1924/1924/1295 1925/1925/1296
f 1926/1926/1297 1927/1927/1298 1928/1928/1299
f 1929/1929/1300 1930/1930/1301 1931/1931/1302
f 1932/1932/1303 1933/1933/1304 1934/1934/1305
f 1935/1935/1306 1936/1936/1307 1937/1937/1308
f 1938/1938/1309 1931/1931/1302 1924/1924/1295
f 1935/1935/1306 1939/1939/1310 1926/1926/1297
f 1940/1940/1311 1927/1927/1298 1941/1941/1312
f 1942/1942/1313 1921/1921/1292 1943/1943/1314
f 1940/1940/1311 1930/1930/1301 1944/1944/1315
f 1945/1945/1316 1934/1934/1305 1936/1936/1307
f 1946/1946/1317 1943/1943/1314 1947/1947/1304
f 1948/1948/1318 1925/1925/1296 1949/1949/1319
f 1950/1950/1320 1906/1906/1277 1951/1951/1321
f 1952/1952/1322 1953/1953/1323 1901/1901/1272
f 1903/1903/1274 1954/1954/1324 1920/1920/1291
f 1952/1952/1322 1949/1949/1319 1955/1955/1325
f 1919/1919/1290 1956/1956/1326 1889/1889/1260
f 1957/1957/1327 1951/1951/1321 1958/1958/1328
f 1959/1959/1329 1960/1960/1330 1961/1961/1331
f 1962/1962/1332 1963/1963/1333 1964/1964/1334
f 1965/1965/1335 1966/1966/1336 1967/1967/1337
f 1960/1960/1330 1968/1968/1338 1962/1962/1332
f 1964/1964/1334 1969/1969/1339 1965/1965/1335
f 1966/1966/1336 1970/1970/1340 1967/1967/1337
f 1971/1971/1341 1972/1972/1342 1973/1973/1343
f 1974/1974/1344 1975/1975/1345 1976/1976/1346
f 1977/1977/1347 1978/1978/1348 1979/1979/1349
f 1980/1980/1350 1981/1981/1351 1982/1982/1352
f 1974/1974/1344 1979/1979/1349 1983/1983/1353
f 1984/1984/1354 1982/1982/1352 1978/1978/1348
f 1985/1985/1355 1981/1981/1351 1986/1986/1356
f 1987/1987/1357 1988/1988/1358 1989/1989/1359
f 1990/1990/1360 1991/1991/1361 1992/1992/1362
f 1993/1993/1363 1994/1994/1364 1995/1995/1365
f 1996/1996/1366 1997/1997/1367 1998/1998/1368
f 1999/1999/1369 2000/2000/1370 2001/2001/1371
f 2002/2002/1372 2003/2003/1373 2004/2004/1374
f 2005/2005/1375 2006/2006/1376 2007/2007/1377
f 2008/2008/1378 2009/2009/1371 1994/1994/1364
f 2005/2005/1375 2010/2010/1379 1996/1996/1366
f 2011/2011/1380 1997/1997/1367 2012/2012/1381
f 2013/2013/1382 1991/1991/1361 2014/2014/1383
f 2011/2011/1380 2000/2000/1370 2015/2015/1384
f 2002/2002/1372 2006/2006/1376 2016/2016/1385
f 2017/2017/1386 2014/2014/1383 2003/2003/1373
f 2018/2018/1387 1995/1995/1365 2019/2019/1388
f 2020/2020/1389 1975/1975/1345 2021/2021/1390
f 2022/2022/1391 2023/2023/1392 1971/1971/1341
f 1973/1973/1343 2024/2024/1393 1990/1990/1360
f 2018/2018/1387 2025/2025/1394 2022/2022/1391
f 1989/1989/1359 1959/1959/1329 1961/1961/1331
f 2026/2026/1395 2021/2021/1390 2027/2027/1396
f 2028/2028/1397 2029/2029/1398 2030/2030/1399
f 2031/2031/1400 2032/2032/1401 2033/2033/1402
f 2034/2034/1403 2035/2035/1404 2036/2036/1405
f 2030/2030/1399 2031/2031/1400 2033/2033/1402
f 2037/2037/1406 2034/2034/1403 2032/2032/1401
f 2035/2035/1404 2038/2038/1407 2036/2036/1405
f 2039/2039/1408 2040/2040/1409 2041/2041/1410
f 2042/2042/1411 2043/2043/1412 2044/2044/1413
f 2045/2045/1414 2046/2046/1415 2047/2047/1416
f 2048/2048/1417 2049/2049/1418 2050/2050/1419
f 2051/2051/1420 2046/2046/1415 2043/2043/1412
f 2048/2048/1417 2052/2052/1421 2045/2045/1414
f 2053/2053/1422 2049/2049/1418 2054/2054/1423
f 2055/2055/1424 2056/2056/1425 2057/2057/1426
f 2058/2058/1427 2059/2059/1428 2060/2060/1429
f 2061/2061/1430 2062/2062/1431 2063/2063/1432
f 2064/2064/1433 2065/2065/1434 2066/2066/1435
f 2067/2067/1436 2068/2068/1437 2069/2069/1438
f 2070/2070/1439 2071/2071/1440 2072/2072/1441
f 2073/2073/1442 2074/2074/1443 2075/2075/1444
f 2067/2067/1436 2076/2076/1445 2061/2061/1430
f 2073/2073/1442 2077/2077/1446 2064/2064/1433
f 2078/2078/1447 2065/2065/1434 2079/2079/1448
f 2080/2080/1449 2060/2060/1429 2081/2081/1450
f 2078/2078/1447 2068/2068/1437 2082/2082/1451
f 2070/2070/1439 2083/2083/1443 2084/2084/1452
f 2085/2085/1453 2081/2081/1450 2071/2071/1440
f 2063/2063/1432 2086/2086/1454 2087/2087/1455
f 2042/2042/1411 2088/2088/1456 2089/2089/1457
f 2090/2090/1458 2091/2091/1459 2039/2039/1408
f 2041/2041/1410 2059/2059/1428 2092/2092/1460
f 2087/2087/1455 2093/2093/1461 2090/2090/1458
f 2028/2028/1397 2056/2056/1425 2094/2094/1462
f 2095/2095/1463 2088/2088/1456 2096/2096/1464
f 2097/2097/1465 2098/2098/1466 2099/2099/1467
f 1871/1871/1243 2100/2100/1468 2101/2101/1469
f 2099/2099/1467 2100/2100/1468 2097/2097/1465
f 2102/2102/1470 1868/1868/1240 1841/1841/1213
f 1825/1825/1197 1854/1854/1226 1856/1856/1228
f 1679/1679/1051 2103/2103/1471 1680/1680/1052
f 1682/1682/1054 1688/1688/1060 1683/1683/1055
f 1685/1685/1057 2104/2104/1472 1686/1686/1058
f 1680/1680/1052 2103/2103/1471 1688/1688/1060
f 1684/1684/1056 1683/1683/1055 1685/1685/1057
f 1686/1686/1058 2104/2104/1472 1689/1689/1061
f 1691/1691/1063 1743/1743/1115 1692/1692/1064
f 1694/1694/1066 1703/1703/1075 1695/1695/1067
f 1697/1697/1069 1704/1704/1076 1698/1698/1070
f 1700/1700/1072 1706/1706/1078 1701/1701/1073
f 1694/1694/1066 1697/1697/1069 1699/1699/1071
f 1704/1704/1076 1702/1702/1074 1701/1701/1073
f 1700/1700/1072 2105/2105/1473 1705/1705/1077
f 1707/1707/1079 2106/2106/1474 1708/1708/1080
f 1710/1710/1082 1744/1744/1116 1711/1711/1083
f 1713/1713/1085 1728/1728/1100 1714/1714/1086
f 1716/1716/1088 1729/1729/1101 1717/1717/1089
f 1719/1719/1091 1734/1734/1106 1720/1720/1092
f 1722/1722/1094 1737/1737/1109 1723/1723/1095
f 1725/1725/1097 1735/1735/1107 1726/1726/1098
f 1728/1728/1100 1719/1719/1091 1721/1721/1093
f 1725/1725/1097 1727/1727/1099 1729/1729/1101
f 1718/1718/1090 1717/1717/1089 1730/1730/1102
f 1712/1712/1084 1711/1711/1083 1732/1732/1104
f 1731/1731/1103 1730/1730/1102 1720/1720/1092
f 1735/1735/1107 2107/2107/1094 1736/1736/1108
f 1733/1733/1105 1732/1732/1104 1723/1723/1095
f 1738/1738/1110 1713/1713/1085 1715/1715/1087
f 1740/1740/1112 1696/1696/1068 1695/1695/1067
f 1742/1742/1114 1745/1745/1117 1743/1743/1115
f 1693/1693/1065 1692/1692/1064 1744/1744/1116
f 1742/1742/1114 1738/1738/1110 1739/1739/1111
f 1709/1709/1081 1708/1708/1080 1679/1679/1051
f 1746/1746/1118 1740/1740/1112 1741/1741/1113
f 1748/1748/1120 1814/1814/1186 1749/1749/1121
f 1751/1751/1123 1757/1757/1129 1752/1752/1124
f 1754/1754/1126 2108/2108/1475 1755/1755/1127
f 1749/1749/1121 1751/1751/1123 1753/1753/1125
f 1757/1757/1129 2108/2108/1475 1754/1754/1126
f 1755/1755/1127 2109/2109/1476 1758/1758/1130
f 1759/1759/1131 1811/1811/1183 1760/1760/1132
f 1762/1762/1134 1771/1771/1143 1763/1763/1135
f 1765/1765/1137 1772/1772/1144 1766/1766/1138
f 1768/1768/1140 1774/1774/1146 1769/1769/1141
f 1767/1767/1139 1766/1766/1138 1763/1763/1135
f 1768/1768/1140 1770/1770/1142 1772/1772/1144
f 1773/1773/1145 2110/2110/1477 1769/1769/1141
f 1775/1775/1147 2111/2111/1478 1776/1776/1148
f 1778/1778/1150 1812/1812/1184 1779/1779/1151
f 1781/1781/1153 1796/1796/1168 1782/1782/1154
f 1784/1784/1156 1797/1797/1169 1785/1785/1157
f 1787/1787/1159 1802/1802/1174 1788/1788/1160
f 1790/1790/1162 1805/1805/1177 1791/1791/1163
f 1793/1793/1165 2112/2112/1479 1794/1794/1166
f 1796/1796/1168 1787/1787/1159 1789/1789/1161
f 1793/1793/1165 1795/1795/1167 1797/1797/1169
f 1786/1786/1158 1785/1785/1157 1798/1798/1170
f 1780/1780/1152 1779/1779/1151 1800/1800/1172
f 1799/1799/1171 1798/1798/1170 1788/1788/1160
f 1803/1803/1175 1790/1790/1162 1792/1792/1164
f 1805/1805/1177 1801/1801/1173 1800/1800/1172
f 1806/1806/1178 1781/1781/1153 1783/1783/1155
f 1808/1808/1180 1762/1762/1134 1764/1764/1136
f 1810/1810/1182 1813/1813/1185 1811/1811/1183
f 1761/1761/1133 1760/1760/1132 1812/1812/1184
f 1810/1810/1182 1806/1806/1178 1807/1807/1179
f 1777/1777/1149 1776/1776/1148 1814/1814/1186
f 1815/1815/1187 1808/1808/1180 1809/1809/1181
f 1817/1817/1189 1886/1886/1257 1818/1818/1190
f 1820/1820/1192 1826/1826/1198 1821/1821/1193
f 1823/1823/1195 1827/1827/1199 1824/1824/1196
f 1819/1819/1191 1818/1818/1190 1826/1826/1198
f 1822/1822/1194 1821/1821/1193 1827/1827/1199
f 1828/1828/1200 2098/2098/1466 1829/1829/1201
f 1831/1831/1203 1883/1883/1254 1832/1832/1204
f 1834/1834/1206 1843/1843/1215 1835/1835/1207
f 1837/1837/1209 1844/1844/1216 1838/1838/1210
f 1840/1840/1212 2102/2102/1470 1841/1841/1213
f 1843/1843/1215 1837/1837/1209 1839/1839/1211
f 1844/1844/1216 1840/1840/1212 1842/1842/1214
f 1845/1845/1217 2113/2113/1480 1846/1846/1218
f 1848/1848/1220 1884/1884/1255 1849/1849/1221
f 1851/1851/1223 1866/1866/1238 1852/1852/1224
f 1854/1854/1226 2114/2114/1481 1855/1855/1227
f 1857/1857/1229 2115/2115/1246 1858/1858/1230
f 1860/1860/1232 1877/1877/1248 1861/1861/1233
f 1863/1863/1235 1876/1876/1247 1864/1864/1236
f 1866/1866/1238 1857/1857/1229 1859/1859/1231
f 1867/1867/1239 2116/2116/1482 1868/1868/1240
f 1863/1863/1235 1865/1865/1237 1870/1870/1242
f 1872/1872/1244 1850/1850/1222 1849/1849/1221
f 1874/1874/1246 1828/1828/1200 1830/1830/1202
f 1860/1860/1232 1862/1862/1234 1864/1864/1236
f 1877/1877/1248 1872/1872/1244 1873/1873/1245
f 1878/1878/1249 1851/1851/1223 1853/1853/1225
f 1834/1834/1206 1836/1836/1208 1880/1880/1251
f 1882/1882/1253 1885/1885/1256 1883/1883/1254
f 1833/1833/1205 1832/1832/1204 1884/1884/1255
f 1878/1878/1249 1879/1879/1250 1885/1885/1256
f 1817/1817/1189 1847/1847/1219 1846/1846/1218
f 1887/1887/1258 1881/1881/1252 1880/1880/1251
f 1889/1889/1260 1956/1956/1326 1890/1890/1261
f 1892/1892/1263 1898/1898/1269 1893/1893/1264
f 1895/1895/1266 2117/2117/1483 1896/1896/1267
f 1891/1891/1262 1890/1890/1261 1892/1892/1263
f 1898/1898/1269 1895/1895/1266 1897/1897/1268
f 1896/1896/1267 2117/2117/1483 1899/1899/1270
f 1901/1901/1272 1953/1953/1323 1902/1902/1273
f 1904/1904/1275 1913/1913/1284 1905/1905/1276
f 1907/1907/1278 1914/1914/1285 1908/1908/1279
f 1910/1910/1281 1916/1916/1287 1911/1911/1282
f 1913/1913/1284 1907/1907/1278 1909/1909/1280
f 1912/1912/1283 1911/1911/1282 1908/1908/1279
f 1910/1910/1281 2118/2118/1484 1915/1915/1286
f 1917/1917/1288 2119/2119/1485 1918/1918/1289
f 1920/1920/1291 1954/1954/1324 1921/1921/1292
f 1923/1923/1294 1938/1938/1309 1924/1924/1295
f 1926/1926/1297 1939/1939/1310 1927/1927/1298
f 1929/1929/1300 1944/1944/1315 1930/1930/1301
f 1932/1932/1303 2120/2120/1486 1933/1933/1304
f 1935/1935/1306 1945/1945/1316 1936/1936/1307
f 1938/1938/1309 1929/1929/1300 1931/1931/1302
f 1935/1935/1306 1937/1937/1308 1939/1939/1310
f 1940/1940/1311 1928/1928/1299 1927/1927/1298
f 1942/1942/1313 1922/1922/1293 1921/1921/1292
f 1940/1940/1311 1941/1941/1312 1930/1930/1301
f 1945/1945/1316 1932/1932/1303 1934/1934/1305
f 1946/1946/1317 1942/1942/1313 1943/1943/1314
f 1948/1948/1318 1923/1923/1294 1925/1925/1296
f 1950/1950/1320 1904/1904/1275 1906/1906/1277
f 1952/1952/1322 1955/1955/1325 1953/1953/1323
f 1903/1903/1274 1902/1902/1273 1954/1954/1324
f 1952/1952/1322 1948/1948/1318 1949/1949/1319
f 1919/1919/1290 1918/1918/1289 1956/1956/1326
f 1957/1957/1327 1950/1950/1320 1951/1951/1321
f 1959/1959/1329 2121/2121/1487 1960/1960/1330
f 1962/1962/1332 1968/1968/1338 1963/1963/1333
f 1965/1965/1335 1969/1969/1339 1966/1966/1336
f 1960/1960/1330 2121/2121/1487 1968/1968/1338
f 1964/1964/1334 1963/1963/1333 1969/1969/1339
f 1966/1966/1336 2122/2122/1488 1970/1970/1340
f 1971/1971/1341 2023/2023/1392 1972/1972/1342
f 1974/1974/1344 1983/1983/1353 1975/1975/1345
f 1977/1977/1347 1984/1984/1354 1978/1978/1348
f 1980/1980/1350 1986/1986/1356 1981/1981/1351
f 1974/1974/1344 1977/1977/1347 1979/1979/1349
f 1984/1984/1354 1980/1980/1350 1982/1982/1352
f 1985/1985/1355 2123/2123/1489 1981/1981/1351
f 1987/1987/1357 2124/2124/1490 1988/1988/1358
f 1990/1990/1360 2024/2024/1393 1991/1991/1361
f 1993/1993/1363 2008/2008/1378 1994/1994/1364
f 1996/1996/1366 2010/2010/1379 1997/1997/1367
f 1999/1999/1369 2015/2015/1384 2000/2000/1370
f 2002/2002/1372 2017/2017/1386 2003/2003/1373
f 2005/2005/1375 2016/2016/1385 2006/2006/1376
f 2008/2008/1378 2125/2125/1369 2009/2009/1371
f 2005/2005/1375 2007/2007/1377 2010/2010/1379
f 2011/2011/1380 1998/1998/1368 1997/1997/1367
f 2013/2013/1382 1992/1992/1362 1991/1991/1361
f 2011/2011/1380 2012/2012/1381 2000/2000/1370
f 2002/2002/1372 2004/2004/1374 2006/2006/1376
f 2017/2017/1386 2013/2013/1382 2014/2014/1383
f 2018/2018/1387 1993/1993/1363 1995/1995/1365
f 2020/2020/1389 1976/1976/1346 1975/1975/1345
f 2022/2022/1391 2025/2025/1394 2023/2023/1392
f 1973/1973/1343 1972/1972/1342 2024/2024/1393
f 2018/2018/1387 2019/2019/1388 2025/2025/1394
f 1989/1989/1359 1988/1988/1358 1959/1959/1329
f 2026/2026/1395 2020/2020/1389 2021/2021/1390
f 2028/2028/1397 2094/2094/1462 2029/2029/1398
f 2031/2031/1400 2037/2037/1406 2032/2032/1401
f 2034/2034/1403 2126/2126/1491 2035/2035/1404
f 2030/2030/1399 2029/2029/1398 2031/2031/1400
f 2037/2037/1406 2126/2126/1491 2034/2034/1403
f 2035/2035/1404 2127/2127/1492 2038/2038/1407
f 2039/2039/1408 2091/2091/1459 2040/2040/1409
f 2042/2042/1411 2051/2051/1420 2043/2043/1412
f 2045/2045/1414 2052/2052/1421 2046/2046/1415
f 2048/2048/1417 2054/2054/1423 2049/2049/1418
f 2051/2051/1420 2047/2047/1416 2046/2046/1415
f 2048/2048/1417 2050/2050/1419 2052/2052/1421
f 2053/2053/1422 2128/2128/1493 2049/2049/1418
f 2055/2055/1424 2129/2129/1494 2056/2056/1425
f 2058/2058/1427 2092/2092/1460 2059/2059/1428
f 2061/2061/1430 2076/2076/1445 2062/2062/1431
f 2064/2064/1433 2077/2077/1446 2065/2065/1434
f 2067/2067/1436 2082/2082/1451 2068/2068/1437
f 2070/2070/1439 2085/2085/1453 2071/2071/1440
f 2073/2073/1442 2130/2130/1452 2074/2074/1443
f 2067/2067/1436 2069/2069/1438 2076/2076/1445
f 2073/2073/1442 2075/2075/1444 2077/2077/1446
f 2078/2078/1447 2066/2066/1435 2065/2065/1434
f 2080/2080/1449 2058/2058/1427 2060/2060/1429
f 2078/2078/1447 2079/2079/1448 2068/2068/1437
f 2070/2070/1439 2072/2072/1441 2083/2083/1443
f 2085/2085/1453 2080/2080/1449 2081/2081/1450
f 2063/2063/1432 2062/2062/1431 2086/2086/1454
f 2042/2042/1411 2044/2044/1413 2088/2088/1456
f 2090/2090/1458 2093/2093/1461 2091/2091/1459
f 2041/2041/1410 2040/2040/1409 2059/2059/1428
f 2087/2087/1455 2086/2086/1454 2093/2093/1461
f 2028/2028/1397 2057/2057/1426 2056/2056/1425
f 2095/2095/1463 2089/2089/1457 2088/2088/1456
f 2097/2097/1465 1829/1829/1201 2098/2098/1466
f 1871/1871/1243 1870/1870/1242 2100/2100/1468
f 2099/2099/1467 2101/2101/1469 2100/2100/1468
f 2102/2102/1470 1869/1869/1241 1868/1868/1240
f 1825/1825/1197 1824/1824/1196 1854/1854/1226
f 2131/2131/1495 2132/2132/1496 2133/2133/1497
f 2134/2134/1498 2135/2135/1499 2136/2136/1500
f 2137/2137/1501 2138/2138/1502 2139/2139/1503
f 2140/2140/1504 2141/2141/1505 2142/2142/1506
f 2143/2143/1507 2144/2144/1508 2145/2145/1509
f 2146/2146/1510 2147/2147/1511 2148/2148/1512
f 2149/2149/1513 2150/2150/1514 2151/2151/1515
f 2152/2152/1516 2153/2153/1517 2154/2154/1518
f 2155/2155/1519 2156/2156/1520 2157/2157/1521
f 2158/2158/1522 2159/2159/1523 2160/2160/1524
f 2161/2161/1525 2162/2162/1526 2163/2163/1527
f 2164/2164/1528 2165/2165/1529 2166/2166/1530
f 2167/2167/1531 2156/2156/1520 2168/2168/1532
f 2169/2169/1533 2170/2170/1534 2135/2135/1499
f 2171/2171/1535 2172/2172/1536 2173/2173/1537
f 2174/2174/1538 2175/2175/1539 2176/2176/1540
f 2177/2177/1541 2178/2178/1542 2179/2179/1543
f 2180/2180/1544 2173/2173/1537 2181/2181/1545
f 2177/2177/1541 2136/2136/1500 2182/2182/1546
f 2176/2176/1540 2183/2183/1547 2174/2174/1538
f 2179/2179/1543 2184/2184/1548 2185/2185/1549
f 2186/2186/1550 2187/2187/1551 2188/2188/1552
f 2189/2189/1553 2190/2190/1554 2159/2159/1523
f 2191/2191/1555 2192/2192/1556 2186/2186/1550
f 2193/2193/1557 2194/2194/1558 2190/2190/1554
f 2195/2195/1559 2196/2196/1560 2197/2197/1561
f 2198/2198/1562 2194/2194/1558 2199/2199/1563
f 2154/2154/1518 2200/2200/1564 2201/2201/1565
f 2162/2162/1526 2202/2202/1566 2163/2163/1527
f 2203/2203/1567 2204/2204/1568 2205/2205/1569
f 2206/2206/1570 2207/2207/1571 2208/2208/1572
f 2209/2209/1573 2210/2210/1574 2211/2211/1575
f 2196/2196/1560 2212/2212/1576 2197/2197/1561
f 2213/2213/1577 2214/2214/1578 2215/2215/1579
f 2216/2216/1580 2141/2141/1505 2217/2217/1581
f 2198/2198/1562 2145/2145/1509 2218/2218/1582
f 2219/2219/1583 2150/2150/1514 2220/2220/1584
f 2221/2221/1585 2187/2187/1551 2144/2144/1508
f 2216/2216/1580 2222/2222/1586 2149/2149/1513
f 2223/2223/1528 2224/2224/1587 2225/2225/1588
f 2226/2226/1589 2133/2133/1497 2227/2227/1590
f 2228/2228/1591 2160/2160/1524 2165/2165/1529
f 2225/2225/1588 2229/2229/1592 2152/2152/1516
f 2230/2230/1593 2148/2148/1512 2214/2214/1578
f 2231/2231/1594 2232/2232/1595 2175/2175/1539
f 2233/2233/1596 2168/2168/1532 2172/2172/1536
f 2183/2183/1547 2234/2234/1597 2140/2140/1504
f 2203/2203/1567 2235/2235/1598 2155/2155/1519
f 2236/2236/1599 2237/2237/1600 2161/2161/1525
f 2238/2238/1601 2211/2211/1575 2239/2239/1602
f 2240/2240/1603 2241/2241/1604 2236/2236/1599
f 2242/2242/1605 2243/2243/1606 2210/2210/1574
f 2206/2206/1570 2139/2139/1503 2244/2244/1607
f 2226/2226/1589 2245/2245/1608 2195/2195/1559
f 2246/2246/1609 2247/2247/1610 2191/2191/1555
f 2232/2232/1595 2238/2238/1601 2239/2239/1602
f 2248/2248/1611 2181/2181/1545 2170/2170/1534
f 2201/2201/1565 2204/2204/1568 2249/2249/1612
f 2250/2250/1613 2215/2215/1579 2243/2243/1606
f 2251/2251/1614 2220/2220/1584 2132/2132/1496
f 2252/2252/1615 2253/2253/1616 2202/2202/1566
f 2246/2246/1609 2254/2254/1617 2185/2185/1549
f 2255/2255/1618 2256/2256/1619 2254/2254/1617
f 2257/2257/1620 2258/2258/1621 2256/2256/1619
f 2259/2259/1622 2260/2260/1623 2258/2258/1621
f 2260/2260/1623 2217/2217/1581 2141/2141/1505
f 2191/2191/1555 2255/2255/1618 2246/2246/1609
f 2261/2261/1624 2257/2257/1620 2255/2255/1618
f 2262/2262/1625 2259/2259/1622 2257/2257/1620
f 2263/2263/1626 2264/2264/1627 2259/2259/1622
f 2265/2265/1628 2217/2217/1581 2264/2264/1627
f 2143/2143/1507 2266/2266/1629 2267/2267/1630
f 2267/2267/1630 2268/2268/1631 2269/2269/1632
f 2269/2269/1632 2270/2270/1633 2271/2271/1634
f 2271/2271/1634 2272/2272/1635 2273/2273/1636
f 2273/2273/1636 2227/2227/1590 2133/2133/1497
f 2155/2155/1519 2274/2274/1637 2203/2203/1567
f 2275/2275/1638 2276/2276/1639 2274/2274/1637
f 2276/2276/1639 2277/2277/1640 2278/2278/1641
f 2278/2278/1641 2279/2279/1642 2280/2280/1643
f 2280/2280/1643 2214/2214/1578 2148/2148/1512
f 2152/2152/1516 2281/2281/1644 2225/2225/1588
f 2282/2282/1645 2283/2283/1646 2281/2281/1644
f 2284/2284/1647 2285/2285/1648 2283/2283/1646
f 2286/2286/1649 2287/2287/1650 2285/2285/1648
f 2288/2288/1651 2241/2241/1604 2287/2287/1650
f 2225/2225/1588 2289/2289/1652 2223/2223/1528
f 2281/2281/1644 2290/2290/1653 2289/2289/1652
f 2283/2283/1646 2291/2291/1654 2290/2290/1653
f 2285/2285/1648 2292/2292/1655 2291/2291/1654
f 2287/2287/1650 2293/2293/1656 2292/2292/1655
f 2158/2158/1522 2294/2294/1657 2295/2295/1658
f 2295/2295/1658 2296/2296/1659 2297/2297/1660
f 2297/2297/1660 2298/2298/1661 2299/2299/1662
f 2299/2299/1662 2300/2300/1663 2301/2301/1664
f 2301/2301/1664 2244/2244/1607 2139/2139/1503
f 2167/2167/1531 2302/2302/1665 2303/2303/1666
f 2303/2303/1666 2304/2304/1667 2305/2305/1668
f 2305/2305/1668 2306/2306/1669 2307/2307/1670
f 2307/2307/1670 2308/2308/1671 2309/2309/1672
f 2309/2309/1672 2210/2210/1574 2243/2243/1606
f 2157/2157/1521 2303/2303/1666 2310/2310/1673
f 2310/2310/1673 2305/2305/1668 2311/2311/1674
f 2311/2311/1674 2307/2307/1670 2312/2312/1675
f 2312/2312/1675 2309/2309/1672 2313/2313/1676
f 2313/2313/1676 2243/2243/1606 2215/2215/1579
f 2233/2233/1596 2314/2314/1677 2302/2302/1665
f 2302/2302/1665 2315/2315/1678 2304/2304/1667
f 2304/2304/1667 2316/2316/1679 2306/2306/1669
f 2306/2306/1669 2317/2317/1680 2308/2308/1671
f 2308/2308/1671 2211/2211/1575 2210/2210/1574
f 2157/2157/1521 2275/2275/1638 2155/2155/1519
f 2310/2310/1673 2318/2318/1681 2275/2275/1638
f 2311/2311/1674 2277/2277/1640 2318/2318/1681
f 2312/2312/1675 2279/2279/1642 2277/2277/1640
f 2279/2279/1642 2215/2215/1579 2214/2214/1578
f 2248/2248/1611 2319/2319/1682 2320/2320/1683
f 2320/2320/1683 2321/2321/1684 2322/2322/1685
f 2322/2322/1685 2323/2323/1686 2324/2324/1687
f 2324/2324/1687 2325/2325/1688 2326/2326/1689
f 2326/2326/1689 2175/2175/1539 2232/2232/1595
f 2180/2180/1544 2320/2320/1683 2327/2327/1690
f 2327/2327/1690 2322/2322/1685 2328/2328/1691
f 2328/2328/1691 2324/2324/1687 2329/2329/1692
f 2329/2329/1692 2326/2326/1689 2330/2330/1693
f 2326/2326/1689 2239/2239/1602 2330/2330/1693
f 2171/2171/1535 2327/2327/1690 2314/2314/1677
f 2314/2314/1677 2328/2328/1691 2315/2315/1678
f 2315/2315/1678 2329/2329/1692 2316/2316/1679
f 2316/2316/1679 2330/2330/1693 2317/2317/1680
f 2317/2317/1680 2239/2239/1602 2211/2211/1575
f 2134/2134/1498 2331/2331/1694 2332/2332/1695
f 2332/2332/1695 2333/2333/1696 2334/2334/1697
f 2334/2334/1697 2335/2335/1698 2336/2336/1699
f 2336/2336/1699 2337/2337/1700 2338/2338/1701
f 2338/2338/1701 2339/2339/1702 2176/2176/1540
f 2179/2179/1543 2331/2331/1694 2177/2177/1541
f 2340/2340/1703 2333/2333/1696 2331/2331/1694
f 2341/2341/1704 2335/2335/1698 2333/2333/1696
f 2342/2342/1705 2337/2337/1700 2335/2335/1698
f 2343/2343/1706 2339/2339/1702 2337/2337/1700
f 2185/2185/1549 2340/2340/1703 2179/2179/1543
f 2254/2254/1617 2341/2341/1704 2340/2340/1703
f 2256/2256/1619 2342/2342/1705 2341/2341/1704
f 2258/2258/1621 2343/2343/1706 2342/2342/1705
f 2260/2260/1623 2234/2234/1597 2343/2343/1706
f 2169/2169/1533 2332/2332/1695 2319/2319/1682
f 2319/2319/1682 2334/2334/1697 2321/2321/1684
f 2321/2321/1684 2336/2336/1699 2323/2323/1686
f 2323/2323/1686 2338/2338/1701 2325/2325/1688
f 2325/2325/1688 2176/2176/1540 2175/2175/1539
f 2188/2188/1552 2344/2344/1707 2345/2345/1708
f 2345/2345/1708 2346/2346/1709 2347/2347/1710
f 2347/2347/1710 2348/2348/1711 2349/2349/1712
f 2349/2349/1712 2350/2350/1713 2351/2351/1714
f 2351/2351/1714 2132/2132/1496 2220/2220/1584
f 2188/2188/1552 2352/2352/1715 2186/2186/1550
f 2345/2345/1708 2353/2353/1716 2352/2352/1715
f 2347/2347/1710 2354/2354/1717 2353/2353/1716
f 2349/2349/1712 2355/2355/1718 2354/2354/1717
f 2351/2351/1714 2150/2150/1514 2355/2355/1718
f 2186/2186/1550 2261/2261/1624 2191/2191/1555
f 2352/2352/1715 2262/2262/1625 2261/2261/1624
f 2353/2353/1716 2263/2263/1626 2262/2262/1625
f 2354/2354/1717 2265/2265/1628 2263/2263/1626
f 2355/2355/1718 2222/2222/1586 2265/2265/1628
f 2221/2221/1585 2267/2267/1630 2344/2344/1707
f 2344/2344/1707 2269/2269/1632 2346/2346/1709
f 2346/2346/1709 2271/2271/1634 2348/2348/1711
f 2348/2348/1711 2273/2273/1636 2350/2350/1713
f 2350/2350/1713 2133/2133/1497 2132/2132/1496
f 2199/2199/1563 2356/2356/1719 2357/2357/1720
f 2356/2356/1719 2358/2358/1721 2357/2357/1720
f 2359/2359/1722 2360/2360/1723 2358/2358/1721
f 2361/2361/1724 2362/2362/1725 2360/2360/1723
f 2363/2363/1726 2245/2245/1608 2362/2362/1725
f 2193/2193/1557 2364/2364/1727 2356/2356/1719
f 2356/2356/1719 2365/2365/1728 2359/2359/1722
f 2359/2359/1722 2366/2366/1729 2361/2361/1724
f 2361/2361/1724 2367/2367/1730 2363/2363/1726
f 2363/2363/1726 2138/2138/1502 2196/2196/1560
f 2199/2199/1563 2266/2266/1629 2198/2198/1562
f 2357/2357/1720 2268/2268/1631 2266/2266/1629
f 2358/2358/1721 2270/2270/1633 2268/2268/1631
f 2360/2360/1723 2272/2272/1635 2270/2270/1633
f 2362/2362/1725 2227/2227/1590 2272/2272/1635
f 2189/2189/1553 2295/2295/1658 2364/2364/1727
f 2364/2364/1727 2297/2297/1660 2365/2365/1728
f 2365/2365/1728 2299/2299/1662 2366/2366/1729
f 2366/2366/1729 2301/2301/1664 2367/2367/1730
f 2367/2367/1730 2139/2139/1503 2138/2138/1502
f 2201/2201/1565 2368/2368/1731 2154/2154/1518
f 2369/2369/1732 2370/2370/1733 2368/2368/1731
f 2371/2371/1734 2372/2372/1735 2370/2370/1733
f 2373/2373/1736 2374/2374/1737 2372/2372/1735
f 2375/2375/1738 2162/2162/1526 2374/2374/1737
f 2249/2249/1612 2369/2369/1732 2201/2201/1565
f 2369/2369/1732 2376/2376/1739 2371/2371/1734
f 2371/2371/1734 2377/2377/1740 2373/2373/1736
f 2373/2373/1736 2378/2378/1741 2375/2375/1738
f 2375/2375/1738 2147/2147/1511 2252/2252/1615
f 2249/2249/1612 2274/2274/1637 2379/2379/1742
f 2379/2379/1742 2276/2276/1639 2376/2376/1739
f 2376/2376/1739 2278/2278/1641 2377/2377/1740
f 2377/2377/1740 2280/2280/1643 2378/2378/1741
f 2378/2378/1741 2148/2148/1512 2147/2147/1511
f 2154/2154/1518 2282/2282/1645 2152/2152/1516
f 2368/2368/1731 2284/2284/1647 2282/2282/1645
f 2370/2370/1733 2286/2286/1649 2284/2284/1647
f 2372/2372/1735 2288/2288/1651 2286/2286/1649
f 2374/2374/1737 2237/2237/1600 2288/2288/1651
f 2228/2228/1591 2380/2380/1652 2294/2294/1657
f 2294/2294/1657 2381/2381/1653 2296/2296/1659
f 2296/2296/1659 2382/2382/1743 2298/2298/1661
f 2298/2298/1661 2383/2383/1655 2300/2300/1663
f 2383/2383/1655 2244/2244/1607 2300/2300/1663
f 2185/2185/1549 2384/2384/1744 2246/2246/1609
f 2202/2202/1566 2385/2385/1745 2386/2386/1746
f 2174/2174/1538 2387/2387/1747 2388/2388/1748
f 2149/2149/1513 2389/2389/1749 2216/2216/1580
f 2253/2253/1616 2390/2390/1750 2385/2385/1745
f 2140/2140/1504 2387/2387/1747 2183/2183/1547
f 2131/2131/1495 2391/2391/1751 2392/2392/1752
f 2163/2163/1527 2393/2393/1753 2161/2161/1525
f 2142/2142/1506 2394/2394/1754 2140/2140/1504
f 2146/2146/1510 2395/2395/1755 2390/2390/1750
f 2208/2208/1572 2396/2396/1756 2206/2206/1570
f 2231/2231/1594 2388/2388/1748 2397/2397/1757
f 2161/2161/1525 2398/2398/1758 2236/2236/1599
f 2219/2219/1583 2399/2399/1759 2400/2400/1760
f 2236/2236/1599 2401/2401/1761 2240/2240/1603
f 2151/2151/1515 2400/2400/1760 2402/2402/1762
f 2137/2137/1501 2396/2396/1756 2403/2403/1763
f 2151/2151/1515 2404/2404/1764 2149/2149/1513
f 2250/2250/1613 2405/2405/1765 2406/2406/1766
f 2251/2251/1614 2392/2392/1752 2399/2399/1759
f 2250/2250/1613 2407/2407/1767 2213/2213/1577
f 2197/2197/1561 2408/2408/1768 2195/2195/1559
f 2242/2242/1605 2409/2409/1769 2405/2405/1765
f 2212/2212/1576 2410/2410/1770 2197/2197/1561
f 2213/2213/1577 2395/2395/1755 2230/2230/1593
f 2195/2195/1559 2391/2391/1751 2226/2226/1589
f 2411/2411/1771 2397/2397/1757 2412/2412/1772
f 2212/2212/1576 2403/2403/1763 2413/2413/1773
f 2238/2238/1601 2412/2412/1772 2414/2414/1774
f 2163/2163/1527 2386/2386/1746 2415/2415/1775
f 2209/2209/1573 2414/2414/1774 2409/2409/1769
f 2216/2216/1580 2416/2416/1776 2142/2142/1506
f 2131/2131/1495 2251/2251/1614 2132/2132/1496
f 2134/2134/1498 2169/2169/1533 2135/2135/1499
f 2137/2137/1501 2212/2212/1576 2138/2138/1502
f 2140/2140/1504 2234/2234/1597 2141/2141/1505
f 2143/2143/1507 2221/2221/1585 2144/2144/1508
f 2146/2146/1510 2253/2253/1616 2147/2147/1511
f 2149/2149/1513 2222/2222/1586 2150/2150/1514
f 2152/2152/1516 2229/2229/1592 2153/2153/1517
f 2155/2155/1519 2235/2235/1598 2156/2156/1520
f 2158/2158/1522 2189/2189/1553 2159/2159/1523
f 2161/2161/1525 2237/2237/1600 2162/2162/1526
f 2164/2164/1528 2228/2228/1591 2165/2165/1529
f 2167/2167/1531 2157/2157/1521 2156/2156/1520
f 2169/2169/1533 2248/2248/1611 2170/2170/1534
f 2171/2171/1535 2233/2233/1596 2172/2172/1536
f 2174/2174/1538 2231/2231/1594 2175/2175/1539
f 2177/2177/1541 2182/2182/1546 2178/2178/1542
f 2180/2180/1544 2171/2171/1535 2173/2173/1537
f 2177/2177/1541 2134/2134/1498 2136/2136/1500
f 2176/2176/1540 2339/2339/1702 2183/2183/1547
f 2179/2179/1543 2178/2178/1542 2184/2184/1548
f 2186/2186/1550 2192/2192/1556 2187/2187/1551
f 2189/2189/1553 2193/2193/1557 2190/2190/1554
f 2191/2191/1555 2247/2247/1610 2192/2192/1556
f 2193/2193/1557 2199/2199/1563 2194/2194/1558
f 2195/2195/1559 2245/2245/1608 2196/2196/1560
f 2198/2198/1562 2218/2218/1582 2194/2194/1558
f 2154/2154/1518 2153/2153/1517 2200/2200/1564
f 2162/2162/1526 2252/2252/1615 2202/2202/1566
f 2203/2203/1567 2249/2249/1612 2204/2204/1568
f 2206/2206/1570 2244/2244/1607 2207/2207/1571
f 2209/2209/1573 2242/2242/1605 2210/2210/1574
f 2196/2196/1560 2138/2138/1502 2212/2212/1576
f 2213/2213/1577 2230/2230/1593 2214/2214/1578
f 2216/2216/1580 2142/2142/1506 2141/2141/1505
f 2198/2198/1562 2143/2143/1507 2145/2145/1509
f 2219/2219/1583 2151/2151/1515 2150/2150/1514
f 2221/2221/1585 2188/2188/1552 2187/2187/1551
f 2216/2216/1580 2217/2217/1581 2222/2222/1586
f 2223/2223/1528 2417/2417/1530 2224/2224/1587
f 2226/2226/1589 2131/2131/1495 2133/2133/1497
f 2228/2228/1591 2158/2158/1522 2160/2160/1524
f 2225/2225/1588 2224/2224/1587 2229/2229/1592
f 2230/2230/1593 2146/2146/1510 2148/2148/1512
f 2231/2231/1594 2411/2411/1771 2232/2232/1595
f 2233/2233/1596 2167/2167/1531 2168/2168/1532
f 2183/2183/1547 2339/2339/1702 2234/2234/1597
f 2203/2203/1567 2205/2205/1569 2235/2235/1598
f 2236/2236/1599 2241/2241/1604 2237/2237/1600
f 2238/2238/1601 2209/2209/1573 2211/2211/1575
f 2240/2240/1603 2293/2293/1656 2241/2241/1604
f 2242/2242/1605 2250/2250/1613 2243/2243/1606
f 2206/2206/1570 2137/2137/1501 2139/2139/1503
f 2226/2226/1589 2227/2227/1590 2245/2245/1608
f 2246/2246/1609 2384/2384/1744 2247/2247/1610
f 2232/2232/1595 2411/2411/1771 2238/2238/1601
f 2248/2248/1611 2180/2180/1544 2181/2181/1545
f 2201/2201/1565 2200/2200/1564 2204/2204/1568
f 2250/2250/1613 2213/2213/1577 2215/2215/1579
f 2251/2251/1614 2219/2219/1583 2220/2220/1584
f 2252/2252/1615 2147/2147/1511 2253/2253/1616
f 2246/2246/1609 2255/2255/1618 2254/2254/1617
f 2255/2255/1618 2257/2257/1620 2256/2256/1619
f 2257/2257/1620 2259/2259/1622 2258/2258/1621
f 2259/2259/1622 2264/2264/1627 2260/2260/1623
f 2260/2260/1623 2264/2264/1627 2217/2217/1581
f 2191/2191/1555 2261/2261/1624 2255/2255/1618
f 2261/2261/1624 2262/2262/1625 2257/2257/1620
f 2262/2262/1625 2263/2263/1626 2259/2259/1622
f 2263/2263/1626 2265/2265/1628 2264/2264/1627
f 2265/2265/1628 2222/2222/1586 2217/2217/1581
f 2143/2143/1507 2198/2198/1562 2266/2266/1629
f 2267/2267/1630 2266/2266/1629 2268/2268/1631
f 2269/2269/1632 2268/2268/1631 2270/2270/1633
f 2271/2271/1634 2270/2270/1633 2272/2272/1635
f 2273/2273/1636 2272/2272/1635 2227/2227/1590
f 2155/2155/1519 2275/2275/1638 2274/2274/1637
f 2275/2275/1638 2318/2318/1681 2276/2276/1639
f 2276/2276/1639 2318/2318/1681 2277/2277/1640
f 2278/2278/1641 2277/2277/1640 2279/2279/1642
f 2280/2280/1643 2279/2279/1642 2214/2214/1578
f 2152/2152/1516 2282/2282/1645 2281/2281/1644
f 2282/2282/1645 2284/2284/1647 2283/2283/1646
f 2284/2284/1647 2286/2286/1649 2285/2285/1648
f 2286/2286/1649 2288/2288/1651 2287/2287/1650
f 2288/2288/1651 2237/2237/1600 2241/2241/1604
f 2225/2225/1588 2281/2281/1644 2289/2289/1652
f 2281/2281/1644 2283/2283/1646 2290/2290/1653
f 2283/2283/1646 2285/2285/1648 2291/2291/1654
f 2285/2285/1648 2287/2287/1650 2292/2292/1655
f 2287/2287/1650 2241/2241/1604 2293/2293/1656
f 2158/2158/1522 2228/2228/1591 2294/2294/1657
f 2295/2295/1658 2294/2294/1657 2296/2296/1659
f 2297/2297/1660 2296/2296/1659 2298/2298/1661
f 2299/2299/1662 2298/2298/1661 2300/2300/1663
f 2301/2301/1664 2300/2300/1663 2244/2244/1607
f 2167/2167/1531 2233/2233/1596 2302/2302/1665
f 2303/2303/1666 2302/2302/1665 2304/2304/1667
f 2305/2305/1668 2304/2304/1667 2306/2306/1669
f 2307/2307/1670 2306/2306/1669 2308/2308/1671
f 2309/2309/1672 2308/2308/1671 2210/2210/1574
f 2157/2157/1521 2167/2167/1531 2303/2303/1666
f 2310/2310/1673 2303/2303/1666 2305/2305/1668
f 2311/2311/1674 2305/2305/1668 2307/2307/1670
f 2312/2312/1675 2307/2307/1670 2309/2309/1672
f 2313/2313/1676 2309/2309/1672 2243/2243/1606
f 2233/2233/1596 2171/2171/1535 2314/2314/1677
f 2302/2302/1665 2314/2314/1677 2315/2315/1678
f 2304/2304/1667 2315/2315/1678 2316/2316/1679
f 2306/2306/1669 2316/2316/1679 2317/2317/1680
f 2308/2308/1671 2317/2317/1680 2211/2211/1575
f 2157/2157/1521 2310/2310/1673 2275/2275/1638
f 2310/2310/1673 2311/2311/1674 2318/2318/1681
f 2311/2311/1674 2312/2312/1675 2277/2277/1640
f 2312/2312/1675 2313/2313/1676 2279/2279/1642
f 2279/2279/1642 2313/2313/1676 2215/2215/1579
f 2248/2248/1611 2169/2169/1533 2319/2319/1682
f 2320/2320/1683 2319/2319/1682 2321/2321/1684
f 2322/2322/1685 2321/2321/1684 2323/2323/1686
f 2324/2324/1687 2323/2323/1686 2325/2325/1688
f 2326/2326/1689 2325/2325/1688 2175/2175/1539
f 2180/2180/1544 2248/2248/1611 2320/2320/1683
f 2327/2327/1690 2320/2320/1683 2322/2322/1685
f 2328/2328/1691 2322/2322/1685 2324/2324/1687
f 2329/2329/1692 2324/2324/1687 2326/2326/1689
f 2326/2326/1689 2232/2232/1595 2239/2239/1602
f 2171/2171/1535 2180/2180/1544 2327/2327/1690
f 2314/2314/1677 2327/2327/1690 2328/2328/1691
f 2315/2315/1678 2328/2328/1691 2329/2329/1692
f 2316/2316/1679 2329/2329/1692 2330/2330/1693
f 2317/2317/1680 2330/2330/1693 2239/2239/1602
f 2134/2134/1498 2177/2177/1541 2331/2331/1694
f 2332/2332/1695 2331/2331/1694 2333/2333/1696
f 2334/2334/1697 2333/2333/1696 2335/2335/1698
f 2336/2336/1699 2335/2335/1698 2337/2337/1700
f 2338/2338/1701 2337/2337/1700 2339/2339/1702
f 2179/2179/1543 2340/2340/1703 2331/2331/1694
f 2340/2340/1703 2341/2341/1704 2333/2333/1696
f 2341/2341/1704 2342/2342/1705 2335/2335/1698
f 2342/2342/1705 2343/2343/1706 2337/2337/1700
f 2343/2343/1706 2234/2234/1597 2339/2339/1702
f 2185/2185/1549 2254/2254/1617 2340/2340/1703
f 2254/2254/1617 2256/2256/1619 2341/2341/1704
f 2256/2256/1619 2258/2258/1621 2342/2342/1705
f 2258/2258/1621 2260/2260/1623 2343/2343/1706
f 2260/2260/1623 2141/2141/1505 2234/2234/1597
f 2169/2169/1533 2134/2134/1498 2332/2332/1695
f 2319/2319/1682 2332/2332/1695 2334/2334/1697
f 2321/2321/1684 2334/2334/1697 2336/2336/1699
f 2323/2323/1686 2336/2336/1699 2338/2338/1701
f 2325/2325/1688 2338/2338/1701 2176/2176/1540
f 2188/2188/1552 2221/2221/1585 2344/2344/1707
f 2345/2345/1708 2344/2344/1707 2346/2346/1709
f 2347/2347/1710 2346/2346/1709 2348/2348/1711
f 2349/2349/1712 2348/2348/1711 2350/2350/1713
f 2351/2351/1714 2350/2350/1713 2132/2132/1496
f 2188/2188/1552 2345/2345/1708 2352/2352/1715
f 2345/2345/1708 2347/2347/1710 2353/2353/1716
f 2347/2347/1710 2349/2349/1712 2354/2354/1717
f 2349/2349/1712 2351/2351/1714 2355/2355/1718
f 2351/2351/1714 2220/2220/1584 2150/2150/1514
f 2186/2186/1550 2352/2352/1715 2261/2261/1624
f 2352/2352/1715 2353/2353/1716 2262/2262/1625
f 2353/2353/1716 2354/2354/1717 2263/2263/1626
f 2354/2354/1717 2355/2355/1718 2265/2265/1628
f 2355/2355/1718 2150/2150/1514 2222/2222/1586
f 2221/2221/1585 2143/2143/1507 2267/2267/1630
f 2344/2344/1707 2267/2267/1630 2269/2269/1632
f 2346/2346/1709 2269/2269/1632 2271/2271/1634
f 2348/2348/1711 2271/2271/1634 2273/2273/1636
f 2350/2350/1713 2273/2273/1636 2133/2133/1497
f 2199/2199/1563 2193/2193/1557 2356/2356/1719
f 2356/2356/1719 2359/2359/1722 2358/2358/1721
f 2359/2359/1722 2361/2361/1724 2360/2360/1723
f 2361/2361/1724 2363/2363/1726 2362/2362/1725
f 2363/2363/1726 2196/2196/1560 2245/2245/1608
f 2193/2193/1557 2189/2189/1553 2364/2364/1727
f 2356/2356/1719 2364/2364/1727 2365/2365/1728
f 2359/2359/1722 2365/2365/1728 2366/2366/1729
f 2361/2361/1724 2366/2366/1729 2367/2367/1730
f 2363/2363/1726 2367/2367/1730 2138/2138/1502
f 2199/2199/1563 2357/2357/1720 2266/2266/1629
f 2357/2357/1720 2358/2358/1721 2268/2268/1631
f 2358/2358/1721 2360/2360/1723 2270/2270/1633
f 2360/2360/1723 2362/2362/1725 2272/2272/1635
f 2362/2362/1725 2245/2245/1608 2227/2227/1590
f 2189/2189/1553 2158/2158/1522 2295/2295/1658
f 2364/2364/1727 2295/2295/1658 2297/2297/1660
f 2365/2365/1728 2297/2297/1660 2299/2299/1662
f 2366/2366/1729 2299/2299/1662 2301/2301/1664
f 2367/2367/1730 2301/2301/1664 2139/2139/1503
f 2201/2201/1565 2369/2369/1732 2368/2368/1731
f 2369/2369/1732 2371/2371/1734 2370/2370/1733
f 2371/2371/1734 2373/2373/1736 2372/2372/1735
f 2373/2373/1736 2375/2375/1738 2374/2374/1737
f 2375/2375/1738 2252/2252/1615 2162/2162/1526
f 2249/2249/1612 2379/2379/1742 2369/2369/1732
f 2369/2369/1732 2379/2379/1742 2376/2376/1739
f 2371/2371/1734 2376/2376/1739 2377/2377/1740
f 2373/2373/1736 2377/2377/1740 2378/2378/1741
f 2375/2375/1738 2378/2378/1741 2147/2147/1511
f 2249/2249/1612 2203/2203/1567 2274/2274/1637
f 2379/2379/1742 2274/2274/1637 2276/2276/1639
f 2376/2376/1739 2276/2276/1639 2278/2278/1641
f 2377/2377/1740 2278/2278/1641 2280/2280/1643
f 2378/2378/1741 2280/2280/1643 2148/2148/1512
f 2154/2154/1518 2368/2368/1731 2282/2282/1645
f 2368/2368/1731 2370/2370/1733 2284/2284/1647
f 2370/2370/1733 2372/2372/1735 2286/2286/1649
f 2372/2372/1735 2374/2374/1737 2288/2288/1651
f 2374/2374/1737 2162/2162/1526 2237/2237/1600
f 2228/2228/1591 2164/2164/1528 2380/2380/1652
f 2294/2294/1657 2380/2380/1652 2381/2381/1653
f 2296/2296/1659 2381/2381/1653 2382/2382/1743
f 2298/2298/1661 2382/2382/1743 2383/2383/1655
f 2383/2383/1655 2207/2207/1571 2244/2244/1607
f 2185/2185/1549 2184/2184/1548 2384/2384/1744
f 2202/2202/1566 2253/2253/1616 2385/2385/1745
f 2174/2174/1538 2183/2183/1547 2387/2387/1747
f 2149/2149/1513 2404/2404/1764 2389/2389/1749
f 2253/2253/1616 2146/2146/1510 2390/2390/1750
f 2140/2140/1504 2394/2394/1754 2387/2387/1747
f 2131/2131/1495 2226/2226/1589 2391/2391/1751
f 2163/2163/1527 2415/2415/1775 2393/2393/1753
f 2142/2142/1506 2416/2416/1776 2394/2394/1754
f 2146/2146/1510 2230/2230/1593 2395/2395/1755
f 2208/2208/1572 2418/2418/1761 2396/2396/1756
f 2231/2231/1594 2174/2174/1538 2388/2388/1748
f 2161/2161/1525 2393/2393/1753 2398/2398/1758
f 2219/2219/1583 2251/2251/1614 2399/2399/1759
f 2236/2236/1599 2398/2398/1758 2401/2401/1761
f 2151/2151/1515 2219/2219/1583 2400/2400/1760
f 2137/2137/1501 2206/2206/1570 2396/2396/1756
f 2151/2151/1515 2402/2402/1762 2404/2404/1764
f 2250/2250/1613 2242/2242/1605 2405/2405/1765
f 2251/2251/1614 2131/2131/1495 2392/2392/1752
f 2250/2250/1613 2406/2406/1766 2407/2407/1767
f 2197/2197/1561 2410/2410/1770 2408/2408/1768
f 2242/2242/1605 2209/2209/1573 2409/2409/1769
f 2212/2212/1576 2413/2413/1773 2410/2410/1770
f 2213/2213/1577 2407/2407/1767 2395/2395/1755
f 2195/2195/1559 2408/2408/1768 2391/2391/1751
f 2411/2411/1771 2231/2231/1594 2397/2397/1757
f 2212/2212/1576 2137/2137/1501 2403/2403/1763
f 2238/2238/1601 2411/2411/1771 2412/2412/1772
f 2163/2163/1527 2202/2202/1566 2386/2386/1746
f 2209/2209/1573 2238/2238/1601 2414/2414/1774
f 2216/2216/1580 2389/2389/1749 2416/2416/1776
f 2419/2419/1777 2420/2420/1778 2421/2421/1779
f 2422/2422/1780 2423/2423/1781 2419/2419/1777
f 2424/2424/1782 2425/2425/1783 2426/2426/1784
f 2424/2424/1782 2427/2427/1785 2428/2428/1786
f 2429/2429/1787 2430/2430/1788 2431/2431/1789
f 2432/2432/1790 2431/2431/1789 2433/2433/1791
f 2433/2433/1791 2423/2423/1781 2432/2432/1790
f 2434/2434/1792 2429/2429/1787 2435/2435/1793
f 2436/2436/1794 2437/2437/1795 2438/2438/1796
f 2429/2429/1787 2439/2439/1797 2430/2430/1788
f 2424/2424/1782 2426/2426/1784 2440/2440/1798
f 2435/2435/1793 2432/2432/1790 2422/2422/1780
f 2428/2428/1786 2438/2438/1796 2424/2424/1782
f 2435/2435/1793 2441/2441/1799 2434/2434/1792
f 2442/2442/1800 2428/2428/1786 2427/2427/1785
f 2425/2425/1783 2438/2438/1796 2443/2443/1801
f 2444/2444/1802 2445/2445/1803 2436/2436/1794
f 2423/2423/1781 2445/2445/1803 2419/2419/1777
f 2419/2419/1777 2446/2446/1804 2422/2422/1780
f 2447/2447/1805 2437/2437/1795 2423/2423/1781
f 2422/2422/1780 2448/2448/1806 2435/2435/1793
f 2449/2449/1807 2436/2436/1794 2428/2428/1786
f 2450/2450/1808 2451/2451/1809 2452/2452/1810
f 2443/2443/1801 2437/2437/1795 2453/2453/1811
f 2440/2440/1798 2454/2454/1812 2455/2455/1813
f 2447/2447/1805 2456/2456/1814 2453/2453/1811
f 2443/2443/1801 2457/2457/1815 2425/2425/1783
f 2427/2427/1785 2458/2458/1816 2442/2442/1800
f 2439/2439/1797 2459/2459/1817 2430/2430/1788
f 2425/2425/1783 2454/2454/1812 2426/2426/1784
f 2439/2439/1797 2460/2460/1818 2461/2461/1819
f 2431/2431/1789 2459/2459/1817 2462/2462/1820
f 2453/2453/1811 2463/2463/1821 2443/2443/1801
f 2434/2434/1792 2464/2464/1822 2460/2460/1818
f 2447/2447/1805 2465/2465/1823 2466/2466/1824
f 2440/2440/1798 2467/2467/1825 2427/2427/1785
f 2433/2433/1791 2462/2462/1820 2465/2465/1823
f 2468/2468/1826 2450/2450/1808 2469/2469/1827
f 2419/2419/1777 2445/2445/1803 2420/2420/1778
f 2422/2422/1780 2432/2432/1790 2423/2423/1781
f 2424/2424/1782 2440/2440/1798 2427/2427/1785
f 2432/2432/1790 2429/2429/1787 2431/2431/1789
f 2433/2433/1791 2447/2447/1805 2423/2423/1781
f 2434/2434/1792 2439/2439/1797 2429/2429/1787
f 2436/2436/1794 2445/2445/1803 2437/2437/1795
f 2435/2435/1793 2429/2429/1787 2432/2432/1790
f 2428/2428/1786 2436/2436/1794 2438/2438/1796
f 2435/2435/1793 2448/2448/1806 2441/2441/1799
f 2442/2442/1800 2449/2449/1807 2428/2428/1786
f 2425/2425/1783 2424/2424/1782 2438/2438/1796
f 2444/2444/1802 2420/2420/1778 2445/2445/1803
f 2423/2423/1781 2437/2437/1795 2445/2445/1803
f 2419/2419/1777 2421/2421/1779 2446/2446/1804
f 2447/2447/1805 2453/2453/1811 2437/2437/1795
f 2422/2422/1780 2446/2446/1804 2448/2448/1806
f 2449/2449/1807 2444/2444/1802 2436/2436/1794
f 2450/2450/1808 2468/2468/1826 2451/2451/1809
f 2443/2443/1801 2438/2438/1796 2437/2437/1795
f 2440/2440/1798 2426/2426/1784 2454/2454/1812
f 2447/2447/1805 2466/2466/1824 2456/2456/1814
f 2443/2443/1801 2463/2463/1821 2457/2457/1815
f 2427/2427/1785 2467/2467/1825 2458/2458/1816
f 2439/2439/1797 2461/2461/1819 2459/2459/1817
f 2425/2425/1783 2457/2457/1815 2454/2454/1812
f 2439/2439/1797 2434/2434/1792 2460/2460/1818
f 2431/2431/1789 2430/2430/1788 2459/2459/1817
f 2453/2453/1811 2456/2456/1814 2463/2463/1821
f 2434/2434/1792 2441/2441/1799 2464/2464/1822
f 2447/2447/1805 2433/2433/1791 2465/2465/1823
f 2440/2440/1798 2455/2455/1813 2467/2467/1825
f 2433/2433/1791 2431/2431/1789 2462/2462/1820
f 2469/2469/1827 2470/2470/1828 2471/2471/1828
f 2470/2470/1828 2472/2472/1829 2471/2471/1828
f 2472/2472/1829 2473/2473/1830 2471/2471/1828
f 2471/2471/1828 2474/2474/1827 2469/2469/1827
f 2474/2474/1827 2468/2468/1826 2469/2469/1827
f 2475/2475/1831 2476/2476/1832 2477/2477/1832
f 2478/2478/1833 2479/2479/1834 2480/2480/1835
s 0
f 2481/2481/1836 2482/2482/1836 2483/2483/1836
f 2484/2484/1837 2485/2485/1837 2486/2486/1837
f 2484/2484/1838 2487/2487/1838 2488/2488/1838
s 1
f 2489/2489/1839 2490/2490/1840 2491/2491/1841
s 0
f 2492/2492/1842 2493/2493/1842 2494/2494/1842
s 1
f 2495/2495/1843 2496/2496/1844 2497/2497/1845
s 0
f 2498/2498/1838 2499/2499/1838 2500/2500/1838
f 2501/2501/1838 2502/2502/1838 2503/2503/1838
f 2504/2504/1838 2499/2499/1838 2502/2502/1838
f 2505/2505/1837 2506/2506/1837 2507/2507/1837
f 2505/2505/1838 2503/2503/1838 2508/2508/1838
f 2509/2509/1838 2510/2510/1838 2511/2511/1838
f 2512/2512/1838 2513/2513/1838 2514/2514/1838
f 2515/2515/1846 2516/2516/1846 2517/2517/1846
s 1
f 2518/2518/1847 2519/2519/1848 2520/2520/1849
s 0
f 2521/2521/1836 2522/2522/1836 2523/2523/1836
s 1
f 2524/2524/1850 2525/2525/1851 2526/2526/1852
f 2527/2527/1853 2528/2528/1854 2529/2529/1854
f 2530/2530/1855 2531/2531/1856 2532/2532/1857
s 0
f 2533/2533/1836 2534/2534/1836 2535/2535/1836
f 2536/2536/1838 2537/2537/1838 2538/2538/1838
f 2539/2539/1838 2540/2540/1838 2541/2541/1838
f 2542/2542/1837 2543/2543/1837 2544/2544/1837
f 2545/2545/1838 2546/2546/1838 2547/2547/1838
s 1
f 2548/2548/1858 2549/2549/1859 2550/2550/1860
s 0
f 2551/2551/1837 2552/2552/1837 2553/2553/1837
s 1
f 2554/2554/1861 2555/2555/1862 2556/2556/1863
s 0
f 2514/2514/1838 2557/2557/1838 2509/2509/1838
f 2558/2558/1864 2537/2537/1864 2552/2552/1864
f 2517/2517/1838 2559/2559/1838 2560/2560/1838
f 2561/2561/1838 2562/2562/1838 2517/2517/1838
f 2563/2563/1838 2517/2517/1838 2560/2560/1838
f 2564/2564/1842 2565/2565/1865 2566/2566/1866
s 1
f 2567/2567/1867 2568/2568/1868 2569/2569/1869
s 0
f 2511/2511/1838 2516/2516/1838 2570/2570/1838
f 2507/2507/1838 2571/2571/1838 2512/2512/1838
f 2572/2572/1838 2573/2573/1838 2574/2574/1838
f 2575/2575/1838 2546/2546/1838 2576/2576/1838
f 2577/2577/1836 2578/2578/1836 2579/2579/1836
f 2580/2580/1836 2581/2581/1836 2582/2582/1836
f 2581/2581/1836 2583/2583/1836 2481/2481/1836
f 2584/2584/1836 2585/2585/1836 2586/2586/1836
f 2587/2587/1836 2588/2588/1836 2589/2589/1836
f 2590/2590/1836 2591/2591/1836 2592/2592/1836
f 2592/2592/1836 2587/2587/1836 2589/2589/1836
f 2593/2593/1836 2594/2594/1836 2595/2595/1836
f 2594/2594/1836 2596/2596/1836 2590/2590/1836
f 2597/2597/1836 2598/2598/1836 2599/2599/1836
f 2600/2600/1836 2601/2601/1836 2602/2602/1836
f 2603/2603/1836 2604/2604/1836 2605/2605/1836
f 2606/2606/1836 2607/2607/1836 2608/2608/1836
f 2609/2609/1836 2610/2610/1836 2611/2611/1836
f 2612/2612/1836 2535/2535/1836 2613/2613/1836
f 2614/2614/1836 2615/2615/1836 2616/2616/1836
f 2617/2617/1836 2618/2618/1836 2619/2619/1836
f 2620/2620/1836 2621/2621/1836 2622/2622/1836
f 2623/2623/1836 2624/2624/1836 2625/2625/1836
f 2626/2626/1836 2602/2602/1836 2598/2598/1836
f 2625/2625/1836 2612/2612/1836 2613/2613/1836
f 2627/2627/1836 2628/2628/1836 2629/2629/1836
f 2629/2629/1836 2630/2630/1836 2627/2627/1836
f 2631/2631/1836 2627/2627/1836 2603/2603/1836
f 2632/2632/1836 2633/2633/1836 2634/2634/1836
f 2581/2581/1836 2635/2635/1836 2582/2582/1836
f 2604/2604/1836 2599/2599/1836 2605/2605/1836
f 2636/2636/1836 2595/2595/1836 2601/2601/1836
f 2637/2637/1836 2611/2611/1836 2638/2638/1836
f 2639/2639/1836 2620/2620/1836 2622/2622/1836
f 2640/2640/1838 2641/2641/1838 2487/2487/1838
s 1
f 2642/2642/1870 2643/2643/1871 2644/2644/1871
f 2645/2645/1872 2646/2646/1873 2647/2647/1874
f 2648/2648/1875 2649/2649/1876 2650/2650/1876
s 0
f 2651/2651/1836 2652/2652/1836 2631/2631/1836
f 2653/2653/1842 2654/2654/1842 2655/2655/1842
s 1
f 2656/2656/1877 2657/2657/1878 2658/2658/1878
f 2659/2659/1879 2660/2660/1880 2661/2661/1881
f 2662/2662/1882 2663/2663/1883 2664/2664/1884
s 0
f 2665/2665/1836 2577/2577/1836 2579/2579/1836
s 1
f 2666/2666/1885 2667/2667/1886 2668/2668/1887
f 2669/2669/1888 2670/2670/1853 2527/2527/1853
f 2671/2671/1889 2672/2672/1877 2656/2656/1877
f 2673/2673/1890 2674/2674/1891 2675/2675/1892
s 0
f 2676/2676/1838 2677/2677/1838 2536/2536/1838
s 1
f 2678/2678/1893 2679/2679/1833 2478/2478/1833
s 0
f 2680/2680/1894 2681/2681/1894 2682/2682/1894
s 1
f 2683/2683/1895 2684/2684/1896 2685/2685/1896
f 2686/2686/1897 2687/2687/1898 2671/2671/1889
f 2688/2688/1899 2689/2689/1900 2690/2690/1900
f 2691/2691/1901 2692/2692/1894 2680/2680/1894
s 0
f 2693/2693/1842 2573/2573/1842 2694/2694/1842
s 1
f 2664/2664/1884 2695/2695/1902 2696/2696/1902
f 2697/2697/1903 2698/2698/1904 2699/2699/1904
s 0
f 2700/2700/1836 2637/2637/1836 2638/2638/1836
s 1
f 2701/2701/1905 2702/2702/1899 2688/2688/1899
f 2703/2703/1906 2704/2704/1907 2705/2705/1908
f 2706/2706/1909 2707/2707/1855 2530/2530/1855
f 2708/2708/1910 2709/2709/1890 2673/2673/1890
f 2710/2710/1911 2711/2711/1912 2712/2712/1913
f 2713/2713/1914 2714/2714/1915 2715/2715/1915
f 2716/2716/1916 2717/2717/1917 2718/2718/1918
f 2685/2685/1896 2719/2719/1919 2720/2720/1919
f 2721/2721/1920 2722/2722/1921 2723/2723/1922
f 2724/2724/1923 2725/2725/1924 2726/2726/1924
s 0
f 2727/2727/1842 2485/2485/1842 2728/2728/1842
s 1
f 2729/2729/1925 2730/2730/1926 2731/2731/1926
f 2658/2658/1878 2732/2732/1895 2683/2683/1895
f 2690/2690/1900 2733/2733/1927 2734/2734/1927
f 2735/2735/1928 2736/2736/1920 2721/2721/1920
f 2737/2737/1929 2738/2738/1930 2739/2739/1930
f 2675/2675/1892 2740/2740/1885 2666/2666/1885
f 2741/2741/1931 2742/2742/1932 2743/2743/1932
s 0
f 2744/2744/1836 2580/2580/1836 2582/2582/1836
s 1
f 2661/2661/1881 2745/2745/1933 2746/2746/1934
f 2746/2746/1934 2747/2747/1935 2642/2642/1870
f 2723/2723/1922 2748/2748/1936 2729/2729/1925
s 0
f 2749/2749/1838 2750/2750/1838 2572/2572/1838
f 2751/2751/1937 2752/2752/1937 2753/2753/1937
s 1
f 2754/2754/1938 2755/2755/1939 2756/2756/1939
s 0
f 2494/2494/1838 2757/2757/1838 2758/2758/1838
f 2759/2759/1838 2560/2560/1838 2760/2760/1838
s 1
f 2761/2761/1940 2762/2762/1941 2763/2763/1942
f 2764/2764/1943 2765/2765/1928 2735/2735/1928
f 2766/2766/1944 2767/2767/1945 2768/2768/1945
f 2731/2731/1926 2769/2769/1946 2770/2770/1946
f 2771/2771/1947 2772/2772/1948 2773/2773/1948
f 2774/2774/1949 2775/2775/1950 2713/2713/1914
s 0
f 2776/2776/1836 2586/2586/1836 2777/2777/1836
s 1
f 2778/2778/1951 2779/2779/1952 2780/2780/1952
s 0
f 2781/2781/1836 2782/2782/1836 2783/2783/1836
s 1
f 2784/2784/1953 2785/2785/1940 2761/2761/1940
f 2786/2786/1954 2787/2787/1858 2548/2548/1858
s 0
f 2551/2551/1842 2788/2788/1842 2789/2789/1842
s 1
f 2790/2790/1955 2791/2791/1956 2792/2792/1956
s 0
f 2793/2793/1837 2794/2794/1837 2795/2795/1837
f 2796/2796/1836 2623/2623/1836 2797/2797/1836
s 1
f 2696/2696/1902 2798/2798/1843 2495/2495/1843
s 0
f 2799/2799/1836 2800/2800/1836 2578/2578/1836
s 1
f 2801/2801/1957 2802/2802/1958 2803/2803/1959
s 0
f 2804/2804/1842 2805/2805/1842 2806/2806/1842
s 1
f 2807/2807/1960 2808/2808/1897 2686/2686/1897
s 0
f 2809/2809/1961 2810/2810/1961 2811/2811/1961
f 2812/2812/1836 2813/2813/1836 2635/2635/1836
s 1
f 2699/2699/1904 2814/2814/1906 2703/2703/1906
f 2815/2815/1962 2816/2816/1963 2817/2817/1964
f 2818/2818/1965 2819/2819/1951 2778/2778/1951
s 0
f 2720/2720/1919 2820/2820/1919 2821/2821/1919
s 1
f 2768/2768/1945 2822/2822/1909 2706/2706/1909
f 2650/2650/1876 2823/2823/1960 2807/2807/1960
s 0
f 2824/2824/1846 2825/2825/1846 2826/2826/1846
f 2825/2825/1864 2827/2827/1864 2826/2826/1864
f 2828/2828/1842 2728/2728/1846 2827/2827/1842
f 2829/2829/1836 2830/2830/1836 2831/2831/1836
f 2831/2831/1836 2832/2832/1836 2833/2833/1836
f 2832/2832/1836 2834/2834/1836 2833/2833/1836
s 1
f 2490/2490/1840 2835/2835/1966 2491/2491/1841
f 2836/2836/1967 2837/2837/1968 2835/2835/1966
f 2838/2838/1968 2839/2839/1969 2837/2837/1968
f 2733/2733/1927 2840/2840/1970 2734/2734/1927
f 2841/2841/1970 2842/2842/1971 2840/2840/1970
f 2843/2843/1972 2784/2784/1953 2842/2842/1971
f 2839/2839/1969 2844/2844/1973 2801/2801/1957
s 0
f 2845/2845/1842 2758/2758/1842 2757/2757/1842
f 2777/2777/1836 2846/2846/1836 2776/2776/1836
s 1
f 2847/2847/1974 2496/2496/1844 2848/2848/1974
f 2762/2762/1941 2648/2648/1875 2763/2763/1942
f 2847/2847/1974 2849/2849/1839 2489/2489/1839
s 0
f 2850/2850/1846 2851/2851/1846 2852/2852/1975
f 2853/2853/1838 2760/2760/1838 2851/2851/1838
f 2854/2854/1836 2855/2855/1836 2856/2856/1836
f 2856/2856/1836 2608/2608/1836 2607/2607/1836
s 1
f 2790/2790/1955 2857/2857/1976 2858/2858/1977
f 2859/2859/1976 2769/2769/1946 2857/2857/1976
f 2755/2755/1939 2860/2860/1978 2756/2756/1939
f 2861/2861/1979 2862/2862/1980 2860/2860/1978
f 2862/2862/1980 2863/2863/1879 2659/2659/1879
s 0
f 2864/2864/1981 2865/2865/1842 2866/2866/1981
f 2865/2865/1981 2867/2867/1981 2866/2866/1981
f 2868/2868/1975 2869/2869/1975 2867/2867/1975
f 2870/2870/1836 2871/2871/1836 2872/2872/1836
f 2872/2872/1836 2873/2873/1836 2874/2874/1836
f 2873/2873/1836 2875/2875/1836 2874/2874/1836
f 2754/2754/1982 2876/2876/1983 2877/2877/1938
f 2878/2878/1984 2879/2879/1984 2876/2876/1984
f 2880/2880/1983 2881/2881/1985 2879/2879/1983
s 1
f 2815/2815/1962 2882/2882/1986 2883/2883/1987
f 2884/2884/1986 2885/2885/1988 2882/2882/1986
f 2886/2886/1988 2791/2791/1956 2885/2885/1988
s 0
f 2887/2887/1838 2852/2852/1838 2869/2869/1838
f 2888/2888/1842 2889/2889/1842 2543/2543/1842
f 2889/2889/1837 2890/2890/1837 2891/2891/1837
f 2891/2891/1975 2892/2892/1975 2893/2893/1975
f 2894/2894/1842 2895/2895/1842 2896/2896/1842
f 2896/2896/1975 2897/2897/1975 2898/2898/1975
f 2897/2897/1975 2544/2544/1846 2898/2898/1975
f 2783/2783/1989 2899/2899/1989 2781/2781/1989
f 2900/2900/1836 2901/2901/1836 2899/2899/1836
f 2901/2901/1990 2619/2619/1990 2618/2618/1990
f 2902/2902/1836 2903/2903/1836 2904/2904/1836
f 2903/2903/1836 2905/2905/1836 2904/2904/1836
f 2906/2906/1836 2907/2907/1836 2905/2905/1836
s 1
f 2528/2528/1854 2908/2908/1991 2529/2529/1854
f 2909/2909/1991 2910/2910/1992 2908/2908/1991
f 2911/2911/1993 2912/2912/1994 2910/2910/1992
f 2518/2518/1847 2913/2913/1995 2914/2914/1996
f 2915/2915/1997 2916/2916/1998 2913/2913/1995
f 2917/2917/1999 2526/2526/1852 2916/2916/1998
f 2646/2646/1873 2918/2918/2000 2647/2647/1874
f 2919/2919/2001 2920/2920/2002 2918/2918/2000
f 2921/2921/2003 2691/2691/1901 2920/2920/2002
f 2645/2645/1872 2922/2922/2004 2923/2923/2005
f 2924/2924/2006 2925/2925/2007 2922/2922/2004
f 2926/2926/2008 2555/2555/1862 2925/2925/2007
f 2927/2927/2009 2881/2881/2010 2928/2928/2010
s 0
f 2929/2929/1838 2930/2930/1838 2931/2931/1838
f 2931/2931/1842 2932/2932/1842 2933/2933/1842
f 2932/2932/1842 2934/2934/1842 2933/2933/1842
f 2935/2935/1981 2694/2694/1981 2934/2934/1842
f 2936/2936/1990 2937/2937/1990 2938/2938/1990
f 2938/2938/1836 2939/2939/1836 2940/2940/1836
f 2939/2939/1836 2941/2941/1836 2940/2940/1836
f 2942/2942/1836 2943/2943/1836 2941/2941/1836
s 1
f 2737/2737/1929 2944/2944/2011 2945/2945/2012
f 2946/2946/2011 2947/2947/2013 2944/2944/2011
f 2948/2948/2014 2949/2949/2015 2947/2947/2013
f 2950/2950/2015 2742/2742/1932 2949/2949/2015
f 2717/2717/1917 2951/2951/2016 2718/2718/1918
f 2952/2952/2017 2953/2953/2018 2951/2951/2016
f 2954/2954/2018 2955/2955/2019 2953/2953/2018
f 2956/2956/2020 2957/2957/2021 2955/2955/2019
f 2957/2957/2021 2958/2958/1888 2669/2669/1888
f 2959/2959/2022 2818/2818/1965 2960/2960/2023
f 2476/2476/1832 2961/2961/2024 2477/2477/1832
f 2961/2961/2024 2959/2959/2022 2960/2960/2023
s 0
f 2811/2811/1837 2654/2654/1837 2962/2962/1837
f 2564/2564/1837 2655/2655/1837 2963/2963/1837
f 2665/2665/1836 2964/2964/1836 2965/2965/1836
s 1
f 2771/2771/1947 2779/2779/1952 2966/2966/1947
f 2967/2967/2025 2968/2968/2026 2969/2969/2027
f 2968/2968/2026 2970/2970/1831 2475/2475/1831
s 0
f 2971/2971/1838 2972/2972/1838 2641/2641/1838
f 2972/2972/1864 2566/2566/1866 2565/2565/1864
f 2634/2634/1990 2973/2973/1990 2632/2632/1990
f 2973/2973/1990 2483/2483/1990 2482/2482/1990
f 2974/2974/2028 2975/2975/1948 2976/2976/2029
f 2977/2977/2030 2772/2772/2030 2975/2975/2030
s 1
f 2710/2710/1911 2978/2978/2031 2979/2979/2032
f 2980/2980/2033 2479/2479/1834 2978/2978/2031
f 2974/2974/2029 2981/2981/2034 2701/2701/1905
f 2802/2802/1958 2982/2982/2035 2803/2803/1959
f 2567/2567/1867 2983/2983/2036 2984/2984/2037
f 2982/2982/2035 2983/2983/2036 2985/2985/2038
s 0
f 2795/2795/1842 2484/2484/1842 2486/2486/1842
f 2986/2986/2039 2987/2987/2039 2988/2988/2039
f 2988/2988/1837 2989/2989/1837 2990/2990/1837
f 2990/2990/2040 2806/2806/2040 2805/2805/2040
f 2523/2523/1836 2991/2991/1836 2521/2521/1836
f 2992/2992/1836 2993/2993/1836 2991/2991/1836
f 2994/2994/1836 2995/2995/1836 2993/2993/1836
s 1
f 2816/2816/1963 2996/2996/2041 2817/2817/1964
f 2997/2997/2042 2998/2998/2043 2996/2996/2041
f 2999/2999/2044 2554/2554/1861 2998/2998/2043
f 2519/2519/1848 3000/3000/2045 2520/2520/1849
f 3001/3001/2046 3002/3002/2047 3000/3000/2045
f 3003/3003/2048 2927/2927/2009 3002/3002/2047
s 0
f 3004/3004/1842 2893/2893/1842 2892/2892/1842
f 3005/3005/1838 2541/2541/1838 2540/2540/1838
f 2616/2616/1836 3006/3006/1836 2614/2614/1836
s 1
f 3007/3007/2049 2738/2738/1930 3008/3008/2050
f 2716/2716/1916 2531/2531/1856 3009/3009/1916
f 3007/3007/2049 3010/3010/2051 2724/2724/1923
s 0
f 3011/3011/1864 2789/2789/1864 2788/2788/1864
f 2797/2797/1836 3012/3012/1836 2796/2796/1836
s 1
f 3013/3013/2052 2549/2549/1859 3014/3014/2053
f 2774/2774/1949 2704/2704/1907 3015/3015/2054
f 3013/3013/2052 3016/3016/2055 3017/3017/2056
f 2475/2475/1831 2970/2970/1831 2476/2476/1832
f 2478/2478/1833 2679/2679/1833 2479/2479/1834
s 0
f 2481/2481/1836 2583/2583/1836 2482/2482/1836
f 2484/2484/1838 2488/2488/1838 2485/2485/1838
f 2484/2484/1838 2640/2640/1838 2487/2487/1838
s 1
f 2489/2489/1839 2849/2849/1839 2490/2490/1840
s 0
f 2492/2492/1838 2824/2824/1838 2493/2493/1838
s 1
f 2495/2495/1843 2798/2798/1843 2496/2496/1844
s 0
f 2498/2498/1838 2845/2845/1838 2499/2499/1838
f 2501/2501/1838 2504/2504/1838 2502/2502/1838
f 2504/2504/1842 2500/2500/1842 2499/2499/1842
f 2505/2505/1838 2508/2508/1838 2506/2506/1838
f 2505/2505/1838 2501/2501/1838 2503/2503/1838
f 2509/2509/1838 2557/2557/1838 2510/2510/1838
f 2512/2512/1838 2571/2571/1838 2513/2513/1838
f 2515/2515/1837 2570/2570/1837 2516/2516/1837
s 1
f 2518/2518/1847 2914/2914/1996 2519/2519/1848
s 0
f 2521/2521/1836 2875/2875/1836 2522/2522/1836
s 1
f 2524/2524/1850 2912/2912/1994 2525/2525/1851
f 2527/2527/1853 2670/2670/1853 2528/2528/1854
f 2530/2530/1855 2707/2707/1855 2531/2531/1856
s 0
f 2533/2533/1836 3006/3006/1836 2534/2534/1836
f 2536/2536/1846 2677/2677/1846 2537/2537/1846
f 2539/2539/1837 2929/2929/1837 2540/2540/1837
f 2542/2542/1838 2888/2888/1838 2543/2543/1838
f 2545/2545/1837 3011/3011/1837 2546/2546/1837
s 1
f 2548/2548/1858 2787/2787/1858 2549/2549/1859
s 0
f 2551/2551/1837 2558/2558/1837 2552/2552/1837
s 1
f 2554/2554/1861 3018/3018/2057 2555/2555/1862
s 0
f 2514/2514/1838 2513/2513/1838 2557/2557/1838
f 2558/2558/1842 2538/2538/1842 2537/2537/1842
f 2517/2517/1838 2562/2562/1838 2559/2559/1838
f 2561/2561/1838 3019/3019/1838 2562/2562/1838
f 2563/2563/1842 2515/2515/1842 2517/2517/1842
f 2564/2564/1846 2963/2963/1846 2565/2565/1846
s 1
f 2567/2567/1867 2984/2984/2037 2568/2568/1868
s 0
f 2511/2511/1838 2510/2510/1838 2516/2516/1838
f 2507/2507/1837 2506/2506/1837 2571/2571/1837
f 2572/2572/1838 2750/2750/1838 2573/2573/1838
f 2575/2575/1838 2547/2547/1838 2546/2546/1838
f 2577/2577/1836 2799/2799/1836 2578/2578/1836
f 2580/2580/1836 3020/3020/1836 2581/2581/1836
f 2581/2581/1836 3020/3020/1836 2583/2583/1836
f 2584/2584/1836 2834/2834/1836 2585/2585/1836
f 2587/2587/1836 2846/2846/1836 2588/2588/1836
f 2590/2590/1836 2596/2596/1836 2591/2591/1836
f 2592/2592/1836 2591/2591/1836 2587/2587/1836
f 2593/2593/1836 3021/3021/1836 2594/2594/1836
f 2594/2594/1836 3021/3021/1836 2596/2596/1836
f 2597/2597/1836 2626/2626/1836 2598/2598/1836
f 2600/2600/1836 2636/2636/1836 2601/2601/1836
f 2603/2603/1990 2627/2627/1990 2604/2604/1990
f 2606/2606/1836 2870/2870/1836 2607/2607/1836
f 2609/2609/1836 2907/2907/1836 2610/2610/1836
f 2612/2612/1836 2533/2533/1836 2535/2535/1836
f 2614/2614/1836 2943/2943/1836 2615/2615/1836
f 2617/2617/1836 2902/2902/1836 2618/2618/1836
f 2620/2620/1836 3012/3012/1836 2621/2621/1836
f 2623/2623/1836 3022/3022/1836 2624/2624/1836
f 2626/2626/1836 2600/2600/1836 2602/2602/1836
f 2625/2625/1836 2624/2624/1836 2612/2612/1836
f 2627/2627/1836 2652/2652/1836 2628/2628/1836
f 2629/2629/1990 3023/3023/1990 2630/2630/1990
f 2631/2631/1836 2652/2652/1836 2627/2627/1836
f 2632/2632/1836 2964/2964/1836 2633/2633/1836
f 2581/2581/1836 2812/2812/1836 2635/2635/1836
f 2604/2604/1836 2597/2597/1836 2599/2599/1836
f 2636/2636/1836 2593/2593/1836 2595/2595/1836
f 2637/2637/1836 2609/2609/1836 2611/2611/1836
f 2639/2639/1836 3024/3024/1836 2620/2620/1836
f 2640/2640/1838 2971/2971/1838 2641/2641/1838
s 1
f 2642/2642/1870 2747/2747/1935 2643/2643/1871
f 2645/2645/1872 2923/2923/2005 2646/2646/1873
f 2648/2648/1875 3025/3025/2058 2649/2649/1876
s 0
f 2651/2651/1836 2854/2854/1836 2652/2652/1836
f 2653/2653/1838 2962/2962/1838 2654/2654/1838
s 1
f 2656/2656/1877 2672/2672/1877 2657/2657/1878
f 2659/2659/1879 2863/2863/1879 2660/2660/1880
f 2662/2662/1882 3026/3026/2059 2663/2663/1883
s 0
f 2665/2665/1836 2965/2965/1836 2577/2577/1836
s 1
f 2666/2666/1885 2740/2740/1885 2667/2667/1886
f 2669/2669/1888 2958/2958/1888 2670/2670/1853
f 2671/2671/1889 2687/2687/1898 2672/2672/1877
f 2673/2673/1890 2709/2709/1890 2674/2674/1891
s 0
f 2676/2676/1838 3005/3005/1838 2677/2677/1838
s 1
f 2678/2678/1893 3027/3027/1893 2679/2679/1833
s 0
f 2680/2680/1894 2692/2692/1894 2681/2681/1894
s 1
f 2683/2683/1895 2732/2732/1895 2684/2684/1896
f 2686/2686/1897 2808/2808/1897 2687/2687/1898
f 2688/2688/1899 2702/2702/1899 2689/2689/1900
f 2691/2691/1901 3028/3028/2060 2692/2692/1894
s 0
f 2693/2693/1838 2574/2574/1838 2573/2573/1838
s 1
f 2664/2664/1884 2663/2663/1883 2695/2695/1902
f 2697/2697/1903 3029/3029/2061 2698/2698/1904
s 0
f 2700/2700/1836 2936/2936/1836 2637/2637/1836
s 1
f 2701/2701/1905 2981/2981/2034 2702/2702/1899
f 2703/2703/1906 2814/2814/1906 2704/2704/1907
f 2706/2706/1909 2822/2822/1909 2707/2707/1855
f 2708/2708/1910 3030/3030/2062 2709/2709/1890
f 2710/2710/1911 2979/2979/2032 2711/2711/1912
f 2713/2713/1914 2775/2775/1950 2714/2714/1915
f 2716/2716/1916 3009/3009/1916 2717/2717/1917
f 2685/2685/1896 2684/2684/1896 2719/2719/1919
f 2721/2721/1920 2736/2736/1920 2722/2722/1921
f 2724/2724/1923 3010/3010/2051 2725/2725/1924
s 0
f 2727/2727/1842 2486/2486/1842 2485/2485/1842
s 1
f 2729/2729/1925 2748/2748/1936 2730/2730/1926
f 2658/2658/1878 2657/2657/1878 2732/2732/1895
f 2690/2690/1900 2689/2689/1900 2733/2733/1927
f 2735/2735/1928 2765/2765/1928 2736/2736/1920
f 2737/2737/1929 2945/2945/2012 2738/2738/1930
f 2675/2675/1892 2674/2674/1891 2740/2740/1885
f 2741/2741/1931 3031/3031/1931 2742/2742/1932
s 0
f 2744/2744/1836 2829/2829/1836 2580/2580/1836
s 1
f 2661/2661/1881 2660/2660/1880 2745/2745/1933
f 2746/2746/1934 2745/2745/1933 2747/2747/1935
f 2723/2723/1922 2722/2722/1921 2748/2748/1936
s 0
f 2749/2749/1838 2894/2894/1838 2750/2750/1838
f 2751/2751/2063 3032/3032/2063 2752/2752/2063
s 1
f 2754/2754/1938 2877/2877/2064 2755/2755/1939
s 0
f 2494/2494/1838 2493/2493/1838 2757/2757/1838
f 2759/2759/1837 2563/2563/1837 2560/2560/1837
s 1
f 2761/2761/1940 2785/2785/1940 2762/2762/1941
f 2764/2764/1943 3033/3033/1943 2765/2765/1928
f 2766/2766/1944 3034/3034/1944 2767/2767/1945
f 2731/2731/1926 2730/2730/1926 2769/2769/1946
f 2771/2771/1947 2966/2966/1947 2772/2772/1948
f 2774/2774/1949 3015/3015/2054 2775/2775/1950
s 0
f 2776/2776/1836 2584/2584/1836 2586/2586/1836
s 1
f 2778/2778/1951 2819/2819/1951 2779/2779/1952
s 0
f 2781/2781/1836 2995/2995/1836 2782/2782/1836
s 1
f 2784/2784/1953 3035/3035/2065 2785/2785/1940
f 2786/2786/1954 3036/3036/1954 2787/2787/1858
s 0
f 2551/2551/1838 2553/2553/1838 2788/2788/1838
s 1
f 2790/2790/1955 2858/2858/1977 2791/2791/1956
s 0
f 2793/2793/1838 3037/3037/1838 2794/2794/1838
f 2796/2796/1836 3022/3022/1836 2623/2623/1836
s 1
f 2696/2696/1902 2695/2695/1902 2798/2798/1843
s 0
f 2799/2799/1989 3038/3038/1989 2800/2800/1989
s 1
f 2801/2801/1957 2844/2844/1973 2802/2802/1958
s 0
f 2804/2804/1838 2864/2864/1838 2805/2805/1838
s 1
f 2807/2807/1960 2823/2823/1960 2808/2808/1897
s 0
f 2809/2809/1838 3039/3039/1838 2810/2810/1838
f 2812/2812/2066 3040/3040/2066 2813/2813/2066
s 1
f 2699/2699/1904 2698/2698/1904 2814/2814/1906
f 2815/2815/1962 2883/2883/1987 2816/2816/1963
f 2818/2818/1965 3041/3041/1965 2819/2819/1951
s 0
f 2720/2720/2067 2719/2719/2067 2820/2820/2067
s 1
f 2768/2768/1945 2767/2767/1945 2822/2822/1909
f 2650/2650/1876 2649/2649/1876 2823/2823/1960
s 0
f 2824/2824/1837 2492/2492/1837 2825/2825/1837
f 2825/2825/1837 2828/2828/1837 2827/2827/1837
f 2828/2828/1975 2727/2727/1975 2728/2728/1846
f 2829/2829/1836 2744/2744/1836 2830/2830/1836
f 2831/2831/1836 2830/2830/1836 2832/2832/1836
f 2832/2832/1836 2585/2585/1836 2834/2834/1836
s 1
f 2490/2490/1840 2836/2836/1967 2835/2835/1966
f 2836/2836/1967 2838/2838/1968 2837/2837/1968
f 2838/2838/1968 3042/3042/2068 2839/2839/1969
f 2733/2733/1927 2841/2841/1970 2840/2840/1970
f 2841/2841/1970 2843/2843/1972 2842/2842/1971
f 2843/2843/1972 3035/3035/2065 2784/2784/1953
f 2839/2839/1969 3042/3042/2068 2844/2844/1973
s 0
f 2845/2845/1842 2498/2498/1846 2758/2758/1846
f 2777/2777/1836 2588/2588/1836 2846/2846/1836
s 1
f 2847/2847/1974 2497/2497/1845 2496/2496/1844
f 2762/2762/1941 3025/3025/2058 2648/2648/1875
f 2847/2847/1974 2848/2848/1974 2849/2849/1839
s 0
f 2850/2850/1837 2853/2853/1837 2851/2851/1837
f 2853/2853/1864 2759/2759/1864 2760/2760/1864
f 2854/2854/1836 2651/2651/1836 2855/2855/1836
f 2856/2856/1836 2855/2855/1836 2608/2608/1836
s 1
f 2790/2790/1955 2859/2859/1976 2857/2857/1976
f 2859/2859/1976 2770/2770/1946 2769/2769/1946
f 2755/2755/1939 2861/2861/1979 2860/2860/1978
f 2861/2861/1979 3043/3043/2069 2862/2862/1980
f 2862/2862/1980 3043/3043/2069 2863/2863/1879
s 0
f 2864/2864/1981 2804/2804/1981 2865/2865/1981
f 2865/2865/1846 2868/2868/1975 2867/2867/1846
f 2868/2868/2040 2887/2887/2040 2869/2869/2040
f 2870/2870/1836 2606/2606/1836 2871/2871/1836
f 2872/2872/1836 2871/2871/1836 2873/2873/1836
f 2873/2873/1836 2522/2522/1836 2875/2875/1836
f 2754/2754/2064 2878/2878/2070 2876/2876/2070
f 2878/2878/2071 2880/2880/2071 2879/2879/2071
f 2880/2880/1983 2928/2928/2010 2881/2881/2010
s 1
f 2815/2815/1962 2884/2884/1986 2882/2882/1986
f 2884/2884/1986 2886/2886/1988 2885/2885/1988
f 2886/2886/1988 2792/2792/1956 2791/2791/1956
s 0
f 2887/2887/1837 2850/2850/1837 2852/2852/1837
f 2888/2888/1837 3044/3044/1837 2889/2889/1837
f 2889/2889/1838 3044/3044/1981 2890/2890/1838
f 2891/2891/1838 2890/2890/1838 2892/2892/1838
f 2894/2894/1846 2749/2749/1975 2895/2895/1975
f 2896/2896/1846 2895/2895/1846 2897/2897/1846
f 2897/2897/2040 2542/2542/2040 2544/2544/2040
f 2783/2783/1836 2900/2900/1836 2899/2899/1836
f 2900/2900/1836 3045/3045/1836 2901/2901/1836
f 2901/2901/1836 3045/3045/1836 2619/2619/1836
f 2902/2902/1836 2617/2617/1836 2903/2903/1836
f 2903/2903/1836 2906/2906/1836 2905/2905/1836
f 2906/2906/1989 2610/2610/1989 2907/2907/1989
s 1
f 2528/2528/1854 2909/2909/1991 2908/2908/1991
f 2909/2909/1991 2911/2911/1993 2910/2910/1992
f 2911/2911/1993 2525/2525/1851 2912/2912/1994
f 2518/2518/1847 2915/2915/1997 2913/2913/1995
f 2915/2915/1997 2917/2917/1999 2916/2916/1998
f 2917/2917/1999 2524/2524/1850 2526/2526/1852
f 2646/2646/1873 2919/2919/2001 2918/2918/2000
f 2919/2919/2001 2921/2921/2003 2920/2920/2002
f 2921/2921/2003 3028/3028/2060 2691/2691/1901
f 2645/2645/1872 2924/2924/2006 2922/2922/2004
f 2924/2924/2006 2926/2926/2008 2925/2925/2007
f 2926/2926/2008 2556/2556/1863 2555/2555/1862
f 2927/2927/2009 3046/3046/2072 2881/2881/2010
s 0
f 2929/2929/1846 2539/2539/1838 2930/2930/1846
f 2931/2931/1837 2930/2930/1837 2932/2932/1837
f 2932/2932/2040 2935/2935/2040 2934/2934/2040
f 2935/2935/1842 2693/2693/1842 2694/2694/1842
f 2936/2936/2073 2700/2700/2073 2937/2937/2073
f 2938/2938/1836 2937/2937/1836 2939/2939/1836
f 2939/2939/1989 2942/2942/1989 2941/2941/1989
f 2942/2942/2073 2615/2615/2073 2943/2943/2073
s 1
f 2737/2737/1929 2946/2946/2011 2944/2944/2011
f 2946/2946/2011 2948/2948/2014 2947/2947/2013
f 2948/2948/2014 2950/2950/2015 2949/2949/2015
f 2950/2950/2015 2743/2743/1932 2742/2742/1932
f 2717/2717/1917 2952/2952/2017 2951/2951/2016
f 2952/2952/2017 2954/2954/2018 2953/2953/2018
f 2954/2954/2018 2956/2956/2020 2955/2955/2019
f 2956/2956/2020 3047/3047/2074 2957/2957/2021
f 2957/2957/2021 3047/3047/2074 2958/2958/1888
f 2959/2959/2022 3041/3041/1965 2818/2818/1965
f 2476/2476/1832 3048/3048/2075 2961/2961/2024
f 2961/2961/2024 3048/3048/2075 2959/2959/2022
s 0
f 2811/2811/1838 2810/2810/1838 2654/2654/1838
f 2564/2564/1838 2653/2653/1838 2655/2655/1838
f 2665/2665/1836 2633/2633/1836 2964/2964/1836
s 1
f 2771/2771/1947 2780/2780/1952 2779/2779/1952
f 2967/2967/2025 3049/3049/2076 2968/2968/2026
f 2968/2968/2026 3049/3049/2076 2970/2970/1831
s 0
f 2971/2971/1846 3050/3050/2077 2972/2972/1838
f 2972/2972/1838 3050/3050/2077 2566/2566/1866
f 2634/2634/1836 3051/3051/1836 2973/2973/1836
f 2973/2973/2073 3051/3051/2073 2483/2483/2073
f 2974/2974/2028 2977/2977/2028 2975/2975/1948
f 2977/2977/1948 2773/2773/2029 2772/2772/1948
s 1
f 2710/2710/1911 2980/2980/2033 2978/2978/2031
f 2980/2980/2033 2480/2480/1835 2479/2479/1834
f 2974/2974/2029 2976/2976/1948 2981/2981/2034
f 2802/2802/1958 3052/3052/2078 2982/2982/2035
f 2567/2567/1867 2985/2985/2038 2983/2983/2036
f 2982/2982/2035 3052/3052/2078 2983/2983/2036
s 0
f 2795/2795/1846 2794/2794/1846 2484/2484/1846
f 2986/2986/1837 3004/3004/1837 2987/2987/1837
f 2988/2988/2040 2987/2987/2040 2989/2989/2040
f 2990/2990/1838 2989/2989/1838 2806/2806/1981
f 2523/2523/1836 2992/2992/1836 2991/2991/1836
f 2992/2992/1989 2994/2994/1989 2993/2993/1989
f 2994/2994/1990 2782/2782/1990 2995/2995/1990
s 1
f 2816/2816/1963 2997/2997/2042 2996/2996/2041
f 2997/2997/2042 2999/2999/2044 2998/2998/2043
f 2999/2999/2044 3018/3018/2057 2554/2554/1861
f 2519/2519/1848 3001/3001/2046 3000/3000/2045
f 3001/3001/2046 3003/3003/2048 3002/3002/2047
f 3003/3003/2048 3046/3046/2072 2927/2927/2009
s 0
f 3004/3004/1838 2986/2986/1838 2893/2893/1838
f 3005/3005/1842 2676/2676/1981 2541/2541/1981
f 2616/2616/1836 2534/2534/1836 3006/3006/1836
s 1
f 3007/3007/2049 2739/2739/1930 2738/2738/1930
f 2716/2716/1916 2532/2532/1857 2531/2531/1856
f 3007/3007/2049 3008/3008/2050 3010/3010/2051
s 0
f 3011/3011/1837 2545/2545/1837 2789/2789/1837
f 2797/2797/1836 2621/2621/1836 3012/3012/1836
s 1
f 3013/3013/2052 2550/2550/1860 2549/2549/1859
f 2774/2774/1949 2705/2705/1908 2704/2704/1907
f 3013/3013/2052 3014/3014/2053 3016/3016/2055
f 3053/3053/2079 3054/3054/2080 3055/3055/2080
s 0
f 3056/3056/2081 3057/3057/2081 3058/3058/2081
s 1
f 3059/3059/2082 3060/3060/2083 3061/3061/2084
s 0
f 3062/3062/2085 3063/3063/2085 3064/3064/2085
f 3065/3065/2081 3057/3057/2081 3066/3066/2081
f 3067/3067/2081 3068/3068/2081 3069/3069/2081
f 3064/3064/2081 3068/3068/2081 3070/3070/2081
f 3071/3071/2081 3072/3072/2081 3073/3073/2081
f 3074/3074/2081 3072/3072/2081 3075/3075/2081
s 1
f 3076/3076/2086 3077/3077/2087 3078/3078/2087
s 0
f 3079/3079/2081 3080/3080/2081 3081/3081/2081
f 3081/3081/2081 3082/3082/2081 3083/3083/2081
f 3084/3084/2081 3085/3085/2081 3086/3086/2081
s 1
f 3087/3087/2088 3088/3088/2089 3089/3089/2089
s 0
f 3090/3090/2081 3091/3091/2081 3092/3092/2081
f 3093/3093/2081 3094/3094/2081 3095/3095/2081
f 3086/3086/2081 3096/3096/2081 3093/3093/2081
s 1
f 3097/3097/2090 3098/3098/2091 3099/3099/2091
s 0
f 3100/3100/2092 3101/3101/2092 3102/3102/2092
f 3103/3103/2081 3104/3104/2081 3105/3105/2081
f 3106/3106/2081 3105/3105/2081 3107/3107/2081
f 3108/3108/2081 3109/3109/2081 3110/3110/2081
s 1
f 3111/3111/2093 3112/3112/2094 3113/3113/2095
s 0
f 3110/3110/2081 3114/3114/2081 3115/3115/2081
f 3116/3116/2081 3117/3117/2081 3118/3118/2081
f 3115/3115/2081 3119/3119/2081 3116/3116/2081
f 3118/3118/2081 3120/3120/2081 3121/3121/2081
f 3122/3122/2081 3123/3123/2081 3124/3124/2081
f 3121/3121/2081 3125/3125/2081 3122/3122/2081
f 3126/3126/2081 3127/3127/2081 3128/3128/2081
f 3071/3071/2081 3069/3069/2081 3129/3129/2081
f 3130/3130/2081 3092/3092/2081 3101/3101/2081
f 3131/3131/2081 3102/3102/2081 3104/3104/2081
f 3126/3126/2081 3123/3123/2081 3132/3132/2081
f 3133/3133/2096 3134/3134/2096 3135/3135/2096
f 3136/3136/2096 3137/3137/2096 3138/3138/2096
f 3134/3134/2096 3139/3139/2096 3135/3135/2096
f 3140/3140/2096 3141/3141/2096 3142/3142/2096
f 3141/3141/2096 3138/3138/2096 3142/3142/2096
f 3143/3143/2096 3144/3144/2096 3145/3145/2096
f 3146/3146/2096 3143/3143/2096 3145/3145/2096
f 3147/3147/2096 3148/3148/2096 3149/3149/2096
f 3150/3150/2096 3149/3149/2096 3151/3151/2096
f 3152/3152/2096 3153/3153/2096 3154/3154/2096
f 3155/3155/2096 3156/3156/2096 3157/3157/2096
f 3158/3158/2096 3159/3159/2096 3160/3160/2096
f 3161/3161/2096 3154/3154/2096 3159/3159/2096
f 3162/3162/2096 3163/3163/2096 3164/3164/2096
f 3165/3165/2096 3166/3166/2096 3167/3167/2096
f 3168/3168/2096 3169/3169/2096 3165/3165/2096
f 3170/3170/2096 3171/3171/2096 3172/3172/2096
f 3173/3173/2096 3172/3172/2096 3174/3174/2096
f 3175/3175/2096 3176/3176/2096 3177/3177/2096
f 3178/3178/2096 3174/3174/2096 3176/3176/2096
f 3179/3179/2096 3177/3177/2096 3180/3180/2096
f 3181/3181/2096 3182/3182/2096 3183/3183/2096
f 3184/3184/2096 3180/3180/2096 3182/3182/2096
f 3185/3185/2096 3186/3186/2096 3187/3187/2096
f 3144/3144/2096 3188/3188/2096 3140/3140/2096
f 3164/3164/2096 3189/3189/2096 3155/3155/2096
f 3167/3167/2096 3190/3190/2096 3162/3162/2096
f 3186/3186/2096 3181/3181/2096 3183/3183/2096
f 3191/3191/2081 3094/3094/2081 3192/3192/2081
f 3193/3193/2097 3194/3194/2098 3195/3195/2099
s 1
f 3196/3196/2100 3197/3197/2101 3198/3198/2101
f 3199/3199/2102 3200/3200/2103 3201/3201/2103
s 0
f 3202/3202/2096 3158/3158/2096 3160/3160/2096
s 1
f 3203/3203/2104 3204/3204/2105 3205/3205/2105
s 0
f 3206/3206/2092 3075/3075/2092 3207/3207/2092
f 3208/3208/2096 3209/3209/2096 3210/3210/2096
s 1
f 3211/3211/2106 3212/3212/2090 3097/3097/2090
f 3195/3195/2099 3213/3213/2107 3214/3214/2108
s 0
f 3215/3215/2092 3216/3216/2092 3217/3217/2092
s 1
f 3218/3218/2109 3219/3219/2110 3220/3220/2110
f 3221/3221/2111 3222/3222/2112 3223/3223/2113
f 3224/3224/2114 3225/3225/2079 3053/3053/2079
f 3226/3226/2115 3227/3227/2116 3228/3228/2116
s 0
f 3229/3229/2096 3230/3230/2096 3146/3146/2096
s 1
f 3231/3231/2117 3232/3232/2118 3233/3233/2118
f 3234/3234/2119 3235/3235/2120 3236/3236/2120
f 3237/3237/2121 3238/3238/2122 3239/3239/2123
f 3205/3205/2105 3240/3240/2115 3226/3226/2115
f 3241/3241/2124 3242/3242/2125 3243/3243/2125
s 0
f 3244/3244/2085 3058/3058/2085 3245/3245/2085
s 1
f 3220/3220/2110 3246/3246/2102 3199/3199/2102
f 3247/3247/2126 3248/3248/2127 3249/3249/2128
f 3233/3233/2118 3250/3250/2129 3251/3251/2129
f 3234/3234/2119 3252/3252/2130 3253/3253/2119
f 3249/3249/2128 3254/3254/2131 3255/3255/2131
f 3256/3256/2132 3197/3197/2101 3257/3257/2132
f 3243/3243/2125 3258/3258/2133 3259/3259/2133
s 0
f 3260/3260/2096 3261/3261/2096 3133/3133/2096
s 1
f 3262/3262/2134 3263/3263/2135 3264/3264/2135
f 3265/3265/2136 3266/3266/2086 3076/3076/2086
f 3267/3267/2137 3268/3268/2138 3224/3224/2114
f 3269/3269/2139 3252/3252/2130 3270/3270/2140
f 3271/3271/2141 3272/3272/2142 3273/3273/2142
f 3274/3274/2143 3275/3275/2144 3276/3276/2144
f 3277/3277/2145 3278/3278/2146 3279/3279/2147
f 3280/3280/2148 3281/3281/2117 3231/3231/2117
f 3282/3282/2149 3283/3283/2150 3284/3284/2151
s 0
f 3083/3083/2081 3285/3285/2081 3286/3286/2081
s 1
f 3287/3287/2152 3288/3288/2148 3280/3280/2148
s 0
f 3106/3106/2081 3289/3289/2081 3290/3290/2081
f 3291/3291/2096 3151/3151/2096 3292/3292/2096
s 1
f 3293/3293/2153 3294/3294/2154 3221/3221/2111
s 0
f 3295/3295/2096 3168/3168/2096 3296/3296/2096
s 1
f 3284/3284/2151 3297/3297/2082 3059/3059/2082
f 3298/3298/2155 3299/3299/2156 3300/3300/2156
f 3301/3301/2157 3302/3302/2158 3303/3303/2158
f 3304/3304/2159 3305/3305/2143 3274/3274/2143
f 3259/3259/2133 3306/3306/2160 3307/3307/2160
f 3308/3308/2161 3309/3309/2153 3293/3293/2153
f 3223/3223/2113 3310/3310/2124 3241/3241/2124
f 3279/3279/2147 3311/3311/2162 3312/3312/2162
f 3313/3313/2163 3314/3314/2164 3304/3304/2159
f 3236/3236/2120 3315/3315/2106 3211/3211/2106
f 3316/3316/2165 3317/3317/2166 3318/3318/2166
f 3319/3319/2167 3320/3320/2168 3313/3313/2163
f 3201/3201/2103 3321/3321/2169 3322/3322/2169
f 3303/3303/2158 3323/3323/2088 3087/3087/2088
f 3228/3228/2116 3324/3324/2134 3262/3262/2134
f 3325/3325/2170 3326/3326/2104 3203/3203/2104
f 3327/3327/2171 3328/3328/2172 3282/3282/2149
f 3256/3256/2132 3329/3329/2109 3218/3218/2109
f 3273/3273/2142 3330/3330/2165 3316/3316/2165
f 3276/3276/2144 3331/3331/2173 3193/3193/2097
f 3312/3312/2162 3332/3332/2170 3325/3325/2170
f 3255/3255/2131 3333/3333/2174 3334/3334/2175
f 3111/3111/2093 3321/3321/2169 3335/3335/2093
f 3239/3239/2123 3336/3336/2171 3327/3327/2171
f 3337/3337/2176 3287/3287/2152 3338/3338/2176
f 3055/3055/2080 3339/3339/2177 3340/3340/2178
f 3340/3340/2178 3337/3337/2176 3338/3338/2176
s 0
f 3139/3139/2096 3341/3341/2096 3208/3208/2096
f 3065/3065/2081 3217/3217/2081 3342/3342/2081
f 3343/3343/2092 3244/3244/2092 3245/3245/2092
f 3260/3260/2096 3344/3344/2096 3345/3345/2096
s 1
f 3060/3060/2083 3346/3346/2179 3061/3061/2084
f 3250/3250/2129 3319/3319/2167 3251/3251/2129
f 3346/3346/2179 3347/3347/2137 3267/3267/2137
s 0
f 3348/3348/2180 3349/3349/2180 3350/3350/2180
f 3350/3350/2081 3206/3206/2081 3207/3207/2081
f 3229/3229/2096 3351/3351/2096 3352/3352/2096
f 3353/3353/2096 3354/3354/2096 3351/3351/2096
s 1
f 3077/3077/2087 3355/3355/2181 3078/3078/2087
f 3356/3356/2181 3357/3357/2182 3355/3355/2181
f 3213/3213/2107 3358/3358/2183 3214/3214/2108
f 3359/3359/2184 3247/3247/2126 3358/3358/2183
f 3357/3357/2182 3360/3360/2121 3237/3237/2121
s 0
f 3361/3361/2081 3362/3362/2081 3363/3363/2081
f 3363/3363/2180 3290/3290/2180 3289/3289/2180
f 3296/3296/2096 3364/3364/2096 3295/3295/2096
f 3365/3365/2096 3366/3366/2096 3364/3364/2096
f 3277/3277/2185 3367/3367/2186 3368/3368/2185
f 3369/3369/2187 3306/3306/2160 3367/3367/2187
s 1
f 3112/3112/2094 3370/3370/2188 3113/3113/2095
f 3370/3370/2188 3371/3371/2189 3372/3372/2190
f 3373/3373/2191 3371/3371/2189 3374/3374/2191
s 0
f 3375/3375/2092 3376/3376/2092 3377/3377/2092
f 3377/3377/2081 3286/3286/2081 3285/3285/2081
f 3292/3292/2096 3378/3378/2096 3291/3291/2096
f 3379/3379/2096 3380/3380/2096 3378/3378/2096
s 1
f 3271/3271/2141 3381/3381/2192 3382/3382/2193
f 3383/3383/2194 3333/3333/2174 3381/3381/2192
f 3088/3088/2089 3384/3384/2195 3089/3089/2089
f 3385/3385/2195 3386/3386/2196 3384/3384/2195
f 3386/3386/2196 3387/3387/2136 3265/3265/2136
s 0
f 3388/3388/2197 3192/3192/2197 3091/3091/2197
f 3389/3389/2096 3157/3157/2096 3156/3156/2096
s 1
f 3098/3098/2091 3390/3390/2198 3099/3099/2091
f 3299/3299/2156 3308/3308/2161 3300/3300/2156
f 3390/3390/2198 3391/3391/2157 3301/3301/2157
f 3053/3053/2079 3225/3225/2079 3054/3054/2080
s 0
f 3056/3056/2081 3066/3066/2081 3057/3057/2081
s 1
f 3059/3059/2082 3297/3297/2082 3060/3060/2083
s 0
f 3062/3062/2085 3343/3343/2085 3063/3063/2085
f 3065/3065/2081 3342/3342/2081 3057/3057/2081
f 3067/3067/2081 3070/3070/2081 3068/3068/2081
f 3064/3064/2081 3063/3063/2081 3068/3068/2081
f 3071/3071/2081 3129/3129/2081 3072/3072/2081
f 3074/3074/2081 3073/3073/2081 3072/3072/2081
s 1
f 3076/3076/2086 3266/3266/2086 3077/3077/2087
s 0
f 3079/3079/2092 3348/3348/2092 3080/3080/2092
f 3081/3081/2085 3080/3080/2085 3082/3082/2085
f 3084/3084/2081 3375/3375/2081 3085/3085/2081
s 1
f 3087/3087/2088 3323/3323/2088 3088/3088/2089
s 0
f 3090/3090/2081 3388/3388/2081 3091/3091/2081
f 3093/3093/2081 3096/3096/2081 3094/3094/2081
f 3086/3086/2081 3085/3085/2081 3096/3096/2081
s 1
f 3097/3097/2090 3212/3212/2090 3098/3098/2091
s 0
f 3100/3100/2081 3130/3130/2081 3101/3101/2081
f 3103/3103/2081 3131/3131/2081 3104/3104/2081
f 3106/3106/2081 3103/3103/2081 3105/3105/2081
f 3108/3108/2081 3361/3361/2081 3109/3109/2081
s 1
f 3111/3111/2093 3335/3335/2093 3112/3112/2094
s 0
f 3110/3110/2085 3109/3109/2085 3114/3114/2085
f 3116/3116/2081 3119/3119/2081 3117/3117/2081
f 3115/3115/2081 3114/3114/2081 3119/3119/2081
f 3118/3118/2081 3117/3117/2081 3120/3120/2081
f 3122/3122/2081 3125/3125/2081 3123/3123/2081
f 3121/3121/2081 3120/3120/2081 3125/3125/2081
f 3126/3126/2081 3132/3132/2081 3127/3127/2081
f 3071/3071/2081 3067/3067/2081 3069/3069/2081
f 3130/3130/2081 3090/3090/2081 3092/3092/2081
f 3131/3131/2081 3100/3100/2081 3102/3102/2081
f 3126/3126/2081 3124/3124/2081 3123/3123/2081
f 3133/3133/2096 3261/3261/2096 3134/3134/2096
f 3136/3136/2096 3344/3344/2096 3137/3137/2096
f 3134/3134/2096 3392/3392/2096 3139/3139/2096
f 3140/3140/2096 3188/3188/2096 3141/3141/2096
f 3141/3141/2096 3136/3136/2096 3138/3138/2096
f 3143/3143/2096 3393/3393/2096 3144/3144/2096
f 3146/3146/2096 3230/3230/2096 3143/3143/2096
f 3147/3147/2096 3354/3354/2096 3148/3148/2096
f 3150/3150/2096 3147/3147/2096 3149/3149/2096
f 3152/3152/2096 3380/3380/2096 3153/3153/2096
f 3155/3155/2096 3189/3189/2096 3156/3156/2096
f 3158/3158/2096 3161/3161/2096 3159/3159/2096
f 3161/3161/2096 3152/3152/2096 3154/3154/2096
f 3162/3162/2096 3190/3190/2096 3163/3163/2096
f 3165/3165/2096 3169/3169/2096 3166/3166/2096
f 3168/3168/2096 3394/3394/2096 3169/3169/2096
f 3170/3170/2096 3366/3366/2096 3171/3171/2096
f 3173/3173/2096 3170/3170/2096 3172/3172/2096
f 3175/3175/2096 3178/3178/2096 3176/3176/2096
f 3178/3178/2096 3173/3173/2096 3174/3174/2096
f 3179/3179/2096 3175/3175/2096 3177/3177/2096
f 3181/3181/2096 3184/3184/2096 3182/3182/2096
f 3184/3184/2096 3179/3179/2096 3180/3180/2096
f 3185/3185/2096 3395/3395/2096 3186/3186/2096
f 3144/3144/2096 3393/3393/2096 3188/3188/2096
f 3164/3164/2096 3163/3163/2096 3189/3189/2096
f 3167/3167/2096 3166/3166/2096 3190/3190/2096
f 3186/3186/2096 3395/3395/2096 3181/3181/2096
f 3191/3191/2081 3095/3095/2081 3094/3094/2081
f 3193/3193/2173 3331/3331/2173 3194/3194/2099
s 1
f 3196/3196/2100 3396/3396/2100 3197/3197/2101
f 3199/3199/2102 3246/3246/2102 3200/3200/2103
s 0
f 3202/3202/2096 3389/3389/2096 3158/3158/2096
s 1
f 3203/3203/2104 3326/3326/2104 3204/3204/2105
s 0
f 3206/3206/2081 3074/3074/2081 3075/3075/2081
f 3208/3208/2096 3341/3341/2096 3209/3209/2096
s 1
f 3211/3211/2106 3315/3315/2106 3212/3212/2090
f 3195/3195/2099 3194/3194/2098 3213/3213/2107
s 0
f 3215/3215/2085 3397/3397/2085 3216/3216/2085
s 1
f 3218/3218/2109 3329/3329/2109 3219/3219/2110
f 3221/3221/2111 3294/3294/2154 3222/3222/2112
f 3224/3224/2114 3268/3268/2138 3225/3225/2079
f 3226/3226/2115 3240/3240/2115 3227/3227/2116
s 0
f 3229/3229/2096 3352/3352/2096 3230/3230/2096
s 1
f 3231/3231/2117 3281/3281/2117 3232/3232/2118
f 3234/3234/2119 3253/3253/2119 3235/3235/2120
f 3237/3237/2121 3360/3360/2121 3238/3238/2122
f 3205/3205/2105 3204/3204/2105 3240/3240/2115
f 3241/3241/2124 3310/3310/2124 3242/3242/2125
s 0
f 3244/3244/2081 3056/3056/2081 3058/3058/2081
s 1
f 3220/3220/2110 3219/3219/2110 3246/3246/2102
f 3247/3247/2126 3398/3398/2126 3248/3248/2127
f 3233/3233/2118 3232/3232/2118 3250/3250/2129
f 3234/3234/2119 3270/3270/2140 3252/3252/2130
f 3249/3249/2128 3248/3248/2127 3254/3254/2131
f 3256/3256/2132 3198/3198/2101 3197/3197/2101
f 3243/3243/2125 3242/3242/2125 3258/3258/2133
s 0
f 3260/3260/2096 3345/3345/2096 3261/3261/2096
s 1
f 3262/3262/2134 3324/3324/2134 3263/3263/2135
f 3265/3265/2136 3387/3387/2136 3266/3266/2086
f 3267/3267/2137 3347/3347/2137 3268/3268/2138
f 3269/3269/2139 3399/3399/2139 3252/3252/2130
f 3271/3271/2141 3382/3382/2193 3272/3272/2142
f 3274/3274/2143 3305/3305/2143 3275/3275/2144
f 3277/3277/2145 3368/3368/2145 3278/3278/2146
f 3280/3280/2148 3288/3288/2148 3281/3281/2117
f 3282/3282/2149 3328/3328/2172 3283/3283/2150
s 0
f 3083/3083/2081 3082/3082/2081 3285/3285/2081
s 1
f 3287/3287/2152 3400/3400/2152 3288/3288/2148
s 0
f 3106/3106/2081 3107/3107/2081 3289/3289/2081
f 3291/3291/2096 3150/3150/2096 3151/3151/2096
s 1
f 3293/3293/2153 3309/3309/2153 3294/3294/2154
s 0
f 3295/3295/2096 3394/3394/2096 3168/3168/2096
s 1
f 3284/3284/2151 3283/3283/2150 3297/3297/2082
f 3298/3298/2155 3401/3401/2155 3299/3299/2156
f 3301/3301/2157 3391/3391/2157 3302/3302/2158
f 3304/3304/2159 3314/3314/2164 3305/3305/2143
f 3259/3259/2133 3258/3258/2133 3306/3306/2160
f 3308/3308/2161 3402/3402/2199 3309/3309/2153
f 3223/3223/2113 3222/3222/2112 3310/3310/2124
f 3279/3279/2147 3278/3278/2146 3311/3311/2162
f 3313/3313/2163 3320/3320/2168 3314/3314/2164
f 3236/3236/2120 3235/3235/2120 3315/3315/2106
f 3316/3316/2165 3330/3330/2165 3317/3317/2166
f 3319/3319/2167 3403/3403/2200 3320/3320/2168
f 3201/3201/2103 3200/3200/2103 3321/3321/2169
f 3303/3303/2158 3302/3302/2158 3323/3323/2088
f 3228/3228/2116 3227/3227/2116 3324/3324/2134
f 3325/3325/2170 3332/3332/2170 3326/3326/2104
f 3327/3327/2171 3336/3336/2171 3328/3328/2172
f 3256/3256/2132 3257/3257/2132 3329/3329/2109
f 3273/3273/2142 3272/3272/2142 3330/3330/2165
f 3276/3276/2144 3275/3275/2144 3331/3331/2173
f 3312/3312/2162 3311/3311/2162 3332/3332/2170
f 3255/3255/2131 3254/3254/2131 3333/3333/2174
f 3111/3111/2093 3322/3322/2169 3321/3321/2169
f 3239/3239/2123 3238/3238/2122 3336/3336/2171
f 3337/3337/2176 3400/3400/2152 3287/3287/2152
f 3055/3055/2080 3054/3054/2080 3339/3339/2177
f 3340/3340/2178 3339/3339/2177 3337/3337/2176
s 0
f 3139/3139/2096 3392/3392/2096 3341/3341/2096
f 3065/3065/2081 3215/3215/2081 3217/3217/2081
f 3343/3343/2092 3062/3062/2092 3244/3244/2092
f 3260/3260/2096 3137/3137/2096 3344/3344/2096
s 1
f 3060/3060/2083 3404/3404/2201 3346/3346/2179
f 3250/3250/2129 3403/3403/2200 3319/3319/2167
f 3346/3346/2179 3404/3404/2201 3347/3347/2137
s 0
f 3348/3348/2081 3079/3079/2081 3349/3349/2081
f 3350/3350/2081 3349/3349/2081 3206/3206/2081
f 3229/3229/2096 3353/3353/2096 3351/3351/2096
f 3353/3353/2096 3148/3148/2096 3354/3354/2096
s 1
f 3077/3077/2087 3356/3356/2181 3355/3355/2181
f 3356/3356/2181 3405/3405/2182 3357/3357/2182
f 3213/3213/2107 3359/3359/2184 3358/3358/2183
f 3359/3359/2184 3398/3398/2126 3247/3247/2126
f 3357/3357/2182 3405/3405/2182 3360/3360/2121
s 0
f 3361/3361/2202 3108/3108/2202 3362/3362/2202
f 3363/3363/2197 3362/3362/2197 3290/3290/2197
f 3296/3296/2096 3365/3365/2096 3364/3364/2096
f 3365/3365/2096 3171/3171/2096 3366/3366/2096
f 3277/3277/2203 3369/3369/2204 3367/3367/2204
f 3369/3369/2186 3307/3307/2160 3306/3306/2160
s 1
f 3112/3112/2094 3406/3406/2188 3370/3370/2188
f 3370/3370/2188 3406/3406/2188 3371/3371/2189
f 3373/3373/2191 3372/3372/2190 3371/3371/2189
s 0
f 3375/3375/2081 3084/3084/2081 3376/3376/2081
f 3377/3377/2081 3376/3376/2081 3286/3286/2081
f 3292/3292/2096 3379/3379/2096 3378/3378/2096
f 3379/3379/2096 3153/3153/2096 3380/3380/2096
s 1
f 3271/3271/2141 3383/3383/2194 3381/3381/2192
f 3383/3383/2194 3334/3334/2175 3333/3333/2174
f 3088/3088/2089 3385/3385/2195 3384/3384/2195
f 3385/3385/2195 3407/3407/2196 3386/3386/2196
f 3386/3386/2196 3407/3407/2196 3387/3387/2136
s 0
f 3388/3388/2180 3191/3191/2180 3192/3192/2180
f 3389/3389/2096 3202/3202/2096 3157/3157/2096
s 1
f 3098/3098/2091 3408/3408/2198 3390/3390/2198
f 3299/3299/2156 3402/3402/2199 3308/3308/2161
f 3390/3390/2198 3408/3408/2198 3391/3391/2157
s 0
f 3409/3409/74 3410/3410/74 3411/3411/74
f 3412/3412/74 3413/3413/74 3414/3414/74
f 3415/3415/2205 3416/3416/2205 3417/3417/2205
f 3418/3418/74 3419/3419/74 3420/3420/74
f 3421/3421/2206 3422/3422/2206 3423/3423/2206
f 3424/3424/74 3425/3425/74 3426/3426/74
f 3427/3427/74 3428/3428/74 3429/3429/74
f 3430/3430/74 3431/3431/74 3432/3432/74
f 3433/3433/2207 3434/3434/2207 3435/3435/2207
f 3436/3436/2208 3437/3437/2208 3438/3438/2208
f 3439/3439/2209 3440/3440/2209 3441/3441/2209
f 3442/3442/2210 3443/3443/2210 3444/3444/2210
f 3445/3445/2211 3446/3446/2211 3447/3447/2211
f 3448/3448/2212 3449/3449/2212 3450/3450/2212
s 1
f 3451/3451/2213 3452/3452/2214 3453/3453/2214
f 3454/3454/2215 3455/3455/2216 3456/3456/2216
s 0
f 3457/3457/74 3458/3458/74 3459/3459/74
f 3460/3460/74 3461/3461/74 3462/3462/74
f 3463/3463/74 3464/3464/74 3465/3465/74
f 3466/3466/2217 3467/3467/2217 3468/3468/2217
f 3469/3469/74 3470/3470/74 3471/3471/74
f 3472/3472/2218 3473/3473/2218 3474/3474/2218
f 3475/3475/2219 3476/3476/2219 3477/3477/2219
s 1
f 3478/3478/2220 3479/3479/2215 3480/3480/2215
s 0
f 3481/3481/2221 3482/3482/2221 3483/3466/2221
f 3484/3483/2222 3485/3484/2222 3486/3485/2222
f 3487/3486/2223 3488/3487/2223 3489/3488/2223
s 1
f 3490/3489/2224 3491/3490/2213 3492/3491/2213
s 0
f 3493/3492/2225 3494/3493/2225 3495/3494/2225
f 3496/3495/2226 3497/3496/2226 3498/3497/2226
s 1
f 3499/3498/2227 3500/3499/2228 3501/3500/2227
s 0
f 3502/3501/74 3503/3502/74 3504/3503/74
f 3505/3504/74 3506/3505/74 3507/3506/74
f 3508/3507/74 3509/3508/74 3510/3509/74
f 3511/3510/74 3512/3511/74 3513/3512/74
f 3502/3501/74 3514/3513/74 3515/3514/74
f 3516/3515/74 3517/3516/74 3518/3517/74
f 3519/3518/74 3520/3519/74 3521/3520/74
f 3522/3521/74 3517/3516/74 3510/3509/74
f 3522/3521/74 3523/3522/74 3524/3523/74
f 3525/3524/74 3526/3525/74 3527/3526/74
f 3528/3527/74 3529/3528/74 3524/3523/74
f 3515/3514/74 3514/3513/74 3508/3507/74
f 3521/3520/74 3530/3529/74 3509/3508/74
f 3531/3530/74 3523/3522/74 3532/3531/74
f 3533/3532/74 3528/3527/74 3524/3523/74
f 3534/3533/74 3535/3534/74 3536/3535/74
f 3537/3536/74 3538/3537/74 3539/3538/74
f 3540/3539/74 3541/3540/74 3536/3535/74
f 3533/3532/74 3541/3540/74 3540/3539/74
f 3542/3541/74 3532/3531/74 3543/3542/74
f 3525/3524/74 3536/3535/74 3541/3540/74
f 3544/3543/2229 3545/3544/2229 3546/3545/2229
f 3547/3546/2230 3548/3547/2230 3549/3548/2230
f 3550/3549/2231 3551/3550/2231 3552/3551/2231
f 3553/3417/2232 3554/3552/2232 3555/3553/2232
f 3556/3546/2233 3557/3554/2233 3558/3555/2233
f 3559/3556/2234 3560/3557/2234 3561/3549/2234
f 3562/3558/2235 3563/3559/2235 3564/3560/2235
f 3565/3561/2236 3566/3562/2236 3567/3563/2236
f 3568/3564/2237 3569/3565/2237 3570/3566/2237
f 3571/3567/2238 3572/3568/2238 3573/3569/2238
f 3574/3570/2239 3575/3571/2239 3576/3572/2239
f 3577/3573/2240 3578/3574/2240 3579/3575/2240
f 3580/3576/2241 3581/3577/2241 3582/3578/2241
f 3583/3579/2242 3584/3580/2242 3585/3581/2242
f 3586/3582/2243 3587/3583/2243 3588/3567/2243
s 1
f 3589/3584/2244 3590/3585/2245 3591/3586/2244
s 0
f 3592/3587/2246 3593/3588/2246 3594/3579/2246
f 3595/3589/2247 3596/3590/2247 3597/3591/2247
f 3598/3592/2248 3599/3593/2248 3600/3594/2248
f 3601/3595/2249 3602/3596/2249 3603/3597/2249
s 1
f 3604/3598/2250 3605/3599/2251 3606/3600/2251
s 0
f 3607/3601/2252 3608/3602/2252 3609/3603/2252
s 1
f 3610/3604/2253 3501/3500/2227 3611/3605/2253
s 0
f 3612/3497/2254 3613/3606/2254 3614/3607/2254
f 3615/3608/2255 3616/3609/2255 3617/3610/2255
f 3618/3611/2256 3619/3612/2256 3620/3613/2256
f 3621/3614/2257 3622/3615/2257 3623/3616/2257
f 3624/3617/74 3625/3618/74 3411/3411/74
f 3625/3618/74 3409/3409/74 3411/3411/74
f 3626/3619/74 3413/3413/74 3412/3412/74
f 3413/3413/74 3627/3620/74 3414/3414/74
f 3415/3415/2205 3628/3621/2205 3416/3416/2205
f 3418/3418/74 3629/3622/74 3419/3419/74
f 3629/3622/74 3630/3623/74 3419/3419/74
f 3421/3421/2258 3631/3624/2258 3422/3422/2258
f 3426/3426/74 3632/3625/74 3633/3626/74
f 3633/3626/74 3424/3424/74 3426/3426/74
f 3429/3429/74 3634/3627/74 3635/3628/74
f 3634/3627/74 3636/3629/74 3635/3628/74
f 3635/3628/74 3427/3427/74 3429/3429/74
f 3430/3430/74 3637/3630/74 3431/3431/74
f 3637/3630/74 3638/3631/74 3431/3431/74
f 3433/3433/2207 3639/3632/2207 3434/3434/2207
f 3436/3436/2259 3640/3633/2259 3437/3437/2259
f 3439/3439/2209 3641/3634/2209 3440/3440/2209
f 3442/3442/2210 3642/3635/2210 3443/3443/2210
f 3445/3445/2211 3643/3636/2211 3446/3446/2211
f 3448/3448/2212 3644/3637/2212 3449/3449/2212
s 1
f 3451/3451/2213 3645/3638/2213 3452/3452/2214
f 3454/3454/2215 3646/3639/2215 3455/3455/2216
s 0
f 3647/3640/74 3648/3641/74 3459/3459/74
f 3648/3641/74 3457/3457/74 3459/3459/74
f 3649/3642/74 3650/3643/74 3462/3462/74
f 3650/3643/74 3460/3460/74 3462/3462/74
f 3651/3644/74 3652/3645/74 3464/3464/74
f 3652/3645/74 3465/3465/74 3464/3464/74
f 3465/3465/74 3653/3646/74 3463/3463/74
f 3466/3466/2217 3654/3482/2217 3467/3467/2217
f 3471/3471/74 3655/3647/74 3469/3469/74
f 3655/3647/74 3656/3648/74 3469/3469/74
f 3472/3472/2218 3657/3649/2218 3473/3473/2218
f 3475/3475/2219 3658/3650/2219 3476/3476/2219
s 1
f 3478/3478/2220 3659/3651/2220 3479/3479/2215
s 0
f 3481/3481/2221 3660/3652/2221 3482/3482/2221
f 3484/3483/2222 3661/3653/2222 3485/3484/2222
f 3487/3486/2223 3662/3654/2223 3488/3487/2223
s 1
f 3490/3489/2224 3663/3655/2224 3491/3490/2213
s 0
f 3493/3492/2225 3664/3656/2225 3494/3493/2225
f 3496/3495/2226 3665/3657/2226 3497/3496/2226
s 1
f 3499/3498/2227 3666/3658/2228 3500/3499/2228
s 0
f 3502/3501/74 3515/3514/74 3503/3502/74
f 3505/3504/74 3514/3513/74 3506/3505/74
f 3508/3507/74 3514/3513/74 3509/3508/74
f 3511/3510/74 3667/3659/74 3512/3511/74
f 3502/3501/74 3506/3505/74 3514/3513/74
f 3516/3515/74 3510/3509/74 3517/3516/74
f 3519/3518/74 3668/3660/74 3520/3519/74
f 3510/3509/74 3509/3508/74 3530/3529/74
f 3530/3529/74 3522/3521/74 3510/3509/74
f 3522/3521/74 3530/3529/74 3523/3522/74
f 3525/3524/74 3669/3661/74 3526/3525/74
f 3528/3527/74 3670/3662/74 3529/3528/74
f 3511/3510/74 3513/3512/74 3508/3507/74
f 3513/3512/74 3515/3514/74 3508/3507/74
f 3521/3520/74 3520/3519/74 3530/3529/74
f 3531/3530/74 3671/3663/74 3523/3522/74
f 3524/3523/74 3523/3522/74 3671/3663/74
f 3671/3663/74 3533/3532/74 3524/3523/74
f 3534/3533/74 3672/3664/74 3535/3534/74
f 3537/3536/74 3540/3539/74 3538/3537/74
f 3536/3535/74 3535/3534/74 3540/3539/74
f 3535/3534/74 3538/3537/74 3540/3539/74
f 3533/3532/74 3671/3663/74 3541/3540/74
f 3542/3541/74 3531/3530/74 3532/3531/74
f 3525/3524/74 3527/3526/74 3536/3535/74
f 3544/3543/2229 3673/3665/2229 3545/3544/2229
f 3547/3546/2230 3674/3555/2230 3548/3547/2230
f 3550/3549/2231 3675/3557/2231 3551/3550/2231
f 3553/3417/2232 3676/3416/2232 3554/3552/2232
f 3556/3546/2260 3677/3666/2260 3557/3554/2260
f 3559/3556/2234 3678/3667/2234 3560/3557/2234
f 3562/3558/2235 3679/3668/2235 3563/3559/2235
f 3565/3561/2236 3680/3669/2236 3566/3562/2236
f 3568/3564/2237 3681/3670/2237 3569/3565/2237
f 3571/3567/2238 3682/3583/2238 3572/3568/2238
f 3574/3570/2239 3683/3671/2239 3575/3571/2239
f 3577/3573/2240 3684/3672/2240 3578/3574/2240
f 3580/3576/2241 3685/3673/2241 3581/3577/2241
f 3583/3579/2242 3686/3588/2242 3584/3580/2242
f 3586/3582/2243 3687/3674/2243 3587/3583/2243
s 1
f 3589/3584/2244 3688/3675/2245 3590/3585/2245
s 0
f 3592/3587/2246 3689/3676/2246 3593/3588/2246
f 3595/3589/2247 3690/3677/2247 3596/3590/2247
f 3598/3592/2248 3691/3678/2248 3599/3593/2248
f 3601/3595/2249 3692/3679/2249 3602/3596/2249
s 1
f 3604/3598/2250 3693/3680/2250 3605/3599/2251
s 0
f 3607/3601/2261 3694/3681/2261 3608/3602/2261
s 1
f 3610/3604/2253 3499/3498/2227 3501/3500/2227
s 0
f 3612/3497/2262 3695/3496/2262 3613/3606/2262
f 3615/3608/2255 3696/3682/2255 3616/3609/2255
f 3618/3611/2256 3697/3683/2256 3619/3612/2256
f 3621/3614/2257 3698/3684/2257 3622/3615/2257
s 1
f 3699/3685/2263 3700/3686/2264 3701/3687/2264
s 0
f 3702/3688/2265 3703/3689/2265 3704/3690/2265
f 3702/3688/2265 3705/3691/2265 3706/3692/2265
f 3706/3692/2265 3707/3693/2265 3708/3694/2265
f 3709/3695/2266 3707/3693/2266 3710/3696/2266
f 3709/3695/2265 3711/3697/2265 3712/3698/2265
f 3713/3699/2265 3714/3700/2265 3715/3701/2265
s 1
f 3716/3702/2267 3717/3703/2268 3718/3704/2269
s 0
f 3715/3701/2266 3719/3705/2266 3720/3706/2266
f 3721/3707/2266 3719/3705/2266 3722/3708/2266
f 3723/3709/2265 3722/3708/2265 3724/3710/2265
f 3725/3711/2265 3724/3710/2265 3726/3712/2265
f 3727/3713/2265 3728/3714/2265 3729/3715/2265
s 1
f 3730/3716/2270 3731/3717/2271 3732/3718/2271
s 0
f 3733/3719/2265 3734/3720/2265 3735/3721/2265
f 3736/3722/2265 3737/3723/2265 3738/3724/2265
s 1
f 3739/3725/2272 3740/3726/2273 3741/3727/2272
s 0
f 3742/3728/2265 3743/3729/2265 3744/3730/2265
s 1
f 3745/3731/2274 3746/3732/2275 3747/3733/2276
s 0
f 3748/3734/2265 3743/3729/2265 3749/3735/2265
f 3750/3736/2265 3749/3735/2265 3751/3737/2265
f 3752/3738/2265 3751/3737/2265 3753/3739/2265
f 3754/3740/2266 3753/3739/2266 3755/3741/2266
f 3756/3742/2265 3757/3743/2265 3758/3744/2265
f 3756/3742/2265 3755/3741/2265 3759/3745/2265
f 3760/3746/2265 3761/3747/2265 3703/3689/2265
f 3725/3711/2265 3728/3714/2265 3762/3748/2265
f 3763/3749/2265 3764/3750/2265 3765/3751/2265
s 1
f 3766/3752/2277 3767/3753/2278 3768/3754/2278
s 0
f 3769/3755/2279 3770/3756/2279 3771/3757/2279
f 3772/3758/2279 3769/3755/2279 3773/3759/2279
f 3774/3760/2279 3773/3759/2279 3775/3761/2279
f 3776/3762/2279 3774/3760/2279 3775/3761/2279
f 3777/3763/2279 3776/3762/2279 3778/3764/2279
f 3779/3765/2279 3780/3766/2279 3781/3767/2279
f 3782/3768/2279 3781/3767/2279 3783/3769/2279
f 3784/3770/2279 3782/3768/2279 3783/3769/2279
f 3785/3771/2279 3786/3772/2279 3784/3770/2279
f 3787/3773/2279 3788/3774/2279 3785/3771/2279
f 3789/3775/2279 3790/3776/2279 3791/3777/2279
f 3792/3778/2279 3793/3779/2279 3794/3780/2279
f 3795/3781/2279 3792/3778/2279 3794/3780/2279
f 3796/3782/2279 3797/3783/2279 3798/3784/2279
f 3799/3785/2279 3800/3786/2279 3801/3787/2279
f 3802/3788/2279 3799/3785/2279 3801/3787/2279
f 3803/3789/2279 3804/3790/2279 3802/3788/2279
f 3805/3791/2279 3806/3792/2279 3803/3789/2279
f 3807/3793/2279 3808/3794/2279 3805/3791/2279
f 3809/3795/2279 3810/3796/2279 3811/3797/2279
f 3810/3796/2279 3812/3798/2279 3807/3793/2279
f 3771/3757/2279 3813/3799/2279 3814/3800/2279
f 3790/3776/2279 3787/3773/2279 3791/3777/2279
f 3815/3801/2279 3816/3802/2279 3817/3803/2279
f 3818/3804/2280 3819/3805/2281 3820/3806/2281
s 1
f 3821/3807/2282 3822/3808/2283 3823/3809/2283
f 3824/3810/2284 3825/3811/2285 3826/3812/2284
f 3827/3813/2286 3828/3814/2287 3829/3815/2287
f 3830/3816/2288 3831/3817/2289 3832/3818/2288
f 3833/3819/2290 3834/3820/2277 3766/3752/2277
s 0
f 3820/3806/2281 3835/3821/2291 3836/3822/2291
s 1
f 3837/3823/2292 3838/3824/2282 3821/3807/2282
f 3839/3825/2293 3840/3826/2294 3841/3827/2295
f 3829/3815/2287 3842/3828/2296 3843/3829/2296
f 3844/3830/2297 3831/3817/2289 3845/3831/2289
s 0
f 3846/3832/2265 3734/3720/2265 3847/3833/2265
s 1
f 3836/3822/2291 3848/3834/2298 3849/3835/2298
f 3850/3836/2299 3851/3837/2292 3837/3823/2292
s 0
f 3852/3838/2265 3729/3715/2265 3853/3839/2265
s 1
f 3843/3829/2296 3854/3840/2300 3855/3841/2300
f 3856/3842/2301 3857/3843/2302 3858/3844/2302
f 3732/3718/2271 3859/3845/2303 3860/3846/2303
f 3861/3847/2304 3862/3848/2305 3863/3849/2305
f 3864/3850/2306 3865/3851/2299 3850/3836/2299
f 3866/3852/2307 3867/3853/2308 3868/3854/2308
f 3869/3855/2309 3870/3856/2310 3871/3857/2310
f 3849/3835/2298 3872/3858/2304 3861/3847/2304
f 3873/3859/2311 3874/3860/2312 3875/3861/2312
f 3858/3844/2302 3876/3862/2297 3844/3830/2297
s 0
f 3712/3698/2266 3877/3863/2266 3878/3864/2266
f 3733/3719/2266 3879/3865/2266 3880/3866/2266
f 3881/3867/2279 3778/3764/2279 3882/3868/2279
s 1
f 3883/3869/2313 3884/3870/2314 3885/3871/2314
s 0
f 3886/3872/2279 3795/3781/2279 3887/3873/2279
s 1
f 3888/3874/2315 3889/3875/2316 3883/3869/2313
f 3855/3841/2300 3890/3876/2317 3891/3877/2318
f 3860/3846/2303 3892/3878/2319 3893/3879/2319
f 3871/3857/2310 3894/3880/2320 3895/3881/2321
f 3856/3842/2301 3896/3882/2322 3897/3883/2301
f 3898/3884/2323 3899/3885/2290 3833/3819/2290
f 3900/3886/2324 3901/3887/2325 3902/3888/2325
f 3824/3810/2284 3903/3889/2326 3904/3890/2326
f 3905/3891/2327 3906/3892/2267 3716/3702/2267
s 0
f 3907/3893/2328 3908/3894/2328 3909/3895/2328
f 3910/3896/2265 3737/3723/2265 3911/3897/2265
s 1
f 3912/3898/2329 3913/3899/2330 3914/3900/2330
s 0
f 3915/3901/2331 3916/3902/2331 3917/3903/2331
s 1
f 3918/3904/2332 3919/3905/2333 3920/3906/2334
s 0
f 3921/3907/2279 3796/3782/2279 3798/3784/2279
s 1
f 3922/3908/2335 3923/3909/2263 3699/3685/2263
f 3924/3910/2336 3825/3811/2285 3925/3911/2285
f 3926/3912/2337 3927/3913/2338 3905/3891/2327
f 3885/3871/2314 3928/3914/2339 3929/3915/2339
f 3930/3916/2340 3931/3917/2341 3932/3918/2341
f 3914/3900/2330 3933/3919/2342 3934/3920/2342
f 3868/3854/2308 3935/3921/2343 3936/3922/2343
f 3902/3888/2325 3937/3923/2280 3818/3804/2280
f 3823/3809/2283 3938/3924/2344 3922/3908/2335
f 3904/3890/2326 3939/3925/2345 3926/3912/2337
f 3929/3915/2339 3940/3926/2286 3827/3813/2286
f 3830/3816/2288 3941/3927/2274 3745/3731/2274
f 3934/3920/2342 3942/3928/2323 3898/3884/2323
f 3943/3929/2346 3700/3686/2264 3944/3930/2346
f 3945/3931/2347 3946/3932/2315 3888/3874/2315
f 3943/3929/2346 3947/3933/2348 3945/3931/2347
s 0
f 3814/3800/2279 3948/3934/2279 3907/3893/2279
f 3949/3935/2266 3917/3903/2266 3761/3747/2266
f 3950/3936/2265 3878/3864/2265 3877/3863/2265
f 3882/3868/2279 3951/3937/2279 3881/3867/2279
s 1
f 3869/3855/2309 3890/3876/2317 3952/3938/2309
f 3717/3703/2268 3953/3939/2349 3718/3704/2269
f 3953/3939/2349 3954/3940/2306 3864/3850/2306
s 0
f 3955/3941/2266 3765/3751/2266 3764/3750/2266
f 3817/3803/2279 3956/3942/2279 3815/3801/2279
s 1
f 3730/3716/2270 3919/3905/2333 3957/3943/2270
f 3839/3825/2293 3935/3921/2343 3958/3944/2293
s 0
f 3959/3945/2279 3960/3946/2279 3789/3775/2279
f 3961/3947/2266 3962/3948/2266 3963/3949/2266
f 3963/3949/2266 3964/3950/2266 3965/3951/2266
f 3965/3951/2265 3966/3952/2265 3967/3953/2265
f 3966/3952/2265 3853/3839/2265 3967/3953/2265
f 3968/3954/2279 3969/3955/2279 3970/3956/2279
f 3969/3955/2279 3971/3957/2279 3970/3956/2279
f 3972/3958/2328 3973/3959/2328 3971/3957/2328
f 3974/3960/2279 3975/3961/2279 3973/3959/2279
s 1
f 3840/3826/2294 3976/3962/2350 3841/3827/2295
f 3977/3963/2351 3978/3964/2352 3976/3962/2350
f 3979/3965/2353 3980/3966/2354 3978/3964/2352
f 3981/3967/2354 3982/3968/2355 3980/3966/2354
f 3767/3753/2278 3983/3969/2356 3768/3754/2278
f 3984/3970/2356 3985/3971/2357 3983/3969/2356
f 3986/3972/2358 3987/3973/2359 3985/3971/2357
f 3988/3974/2360 3918/3904/2332 3987/3973/2359
f 3924/3910/2336 3989/3975/2355 3990/3976/2336
s 0
f 3991/3977/2266 3880/3866/2266 3879/3865/2266
f 3887/3873/2279 3992/3978/2279 3886/3872/2279
s 1
f 3873/3859/2311 3892/3878/2319 3993/3979/2311
f 3741/3727/2272 3994/3980/2361 3739/3725/2272
f 3994/3980/2361 3995/3981/2307 3866/3852/2307
s 0
f 3742/3728/2265 3996/3982/2265 3997/3983/2265
f 3998/3984/2265 3999/3985/2265 3996/3982/2265
f 4000/3986/2362 3911/3897/2362 3999/3985/2362
f 4001/3987/2279 4002/3988/2279 4003/3989/2279
f 4003/3989/2279 4004/3990/2279 4005/3991/2279
f 4005/3991/2279 3800/3786/2279 4006/3992/2279
s 1
f 3900/3886/2324 4007/3993/2363 4008/3994/2324
f 4009/3995/2364 4010/3996/2365 4007/3993/2363
f 4011/3997/2366 3931/3917/2341 4010/3996/2365
f 3746/3732/2275 4012/3998/2367 3747/3733/2276
f 4013/3999/2367 4014/4000/2368 4012/3998/2367
f 4015/4001/2369 4016/4002/2370 4014/4000/2368
s 0
f 4016/4002/2370 3740/3726/2273 4017/4003/2273
s 1
f 3699/3685/2263 3923/3909/2263 3700/3686/2264
s 0
f 3702/3688/2265 3760/3746/2265 3703/3689/2265
f 3702/3688/2266 3704/3690/2266 3705/3691/2266
f 3706/3692/2265 3705/3691/2265 3707/3693/2265
f 3709/3695/2266 3708/3694/2266 3707/3693/2266
f 3709/3695/2265 3710/3696/2265 3711/3697/2265
f 3713/3699/2265 3950/3936/2265 3714/3700/2265
s 1
f 3716/3702/2267 3906/3892/2267 3717/3703/2268
s 0
f 3715/3701/2265 3714/3700/2265 3719/3705/2265
f 3721/3707/2266 3720/3706/2266 3719/3705/2266
f 3723/3709/2265 3721/3707/2265 3722/3708/2265
f 3725/3711/2265 3723/3709/2265 3724/3710/2265
f 3727/3713/2265 3762/3748/2265 3728/3714/2265
s 1
f 3730/3716/2270 3957/3943/2270 3731/3717/2271
s 0
f 3733/3719/2265 3847/3833/2265 3734/3720/2265
f 3736/3722/2265 3991/3977/2265 3737/3723/2265
s 1
f 3739/3725/2272 4017/4003/2273 3740/3726/2273
s 0
f 3742/3728/2265 3997/3983/2265 3743/3729/2265
s 1
f 3745/3731/2274 3941/3927/2274 3746/3732/2275
s 0
f 3748/3734/2265 3744/3730/2265 3743/3729/2265
f 3750/3736/2266 3748/3734/2266 3749/3735/2266
f 3752/3738/2265 3750/3736/2265 3751/3737/2265
f 3754/3740/2265 3752/3738/2265 3753/3739/2265
f 3756/3742/2265 3759/3745/2265 3757/3743/2265
f 3756/3742/2265 3754/3740/2265 3755/3741/2265
f 3760/3746/2265 3949/3935/2265 3761/3747/2265
f 3725/3711/2265 3726/3712/2265 3728/3714/2265
f 3763/3749/2265 3961/3947/2265 3764/3750/2265
s 1
f 3766/3752/2277 3834/3820/2277 3767/3753/2278
s 0
f 3769/3755/2279 4018/4004/2279 3770/3756/2279
f 3772/3758/2279 4018/4004/2279 3769/3755/2279
f 3774/3760/2279 3772/3758/2279 3773/3759/2279
f 3776/3762/2279 4019/4005/2279 3774/3760/2279
f 3777/3763/2279 4019/4005/2279 3776/3762/2279
f 3779/3765/2279 3951/3937/2279 3780/3766/2279
f 3782/3768/2279 3779/3765/2279 3781/3767/2279
f 3784/3770/2279 3786/3772/2279 3782/3768/2279
f 3785/3771/2279 3788/3774/2279 3786/3772/2279
f 3787/3773/2279 4020/4006/2279 3788/3774/2279
f 3789/3775/2279 3960/3946/2279 3790/3776/2279
f 3792/3778/2279 3956/3942/2279 3793/3779/2279
f 3795/3781/2279 4021/4007/2279 3792/3778/2279
f 3796/3782/2279 3992/3978/2279 3797/3783/2279
f 3799/3785/2279 4006/3992/2279 3800/3786/2279
f 3802/3788/2279 3804/3790/2279 3799/3785/2279
f 3803/3789/2279 3806/3792/2279 3804/3790/2279
f 3805/3791/2279 3808/3794/2279 3806/3792/2279
f 3807/3793/2279 3812/3798/2279 3808/3794/2279
f 3809/3795/2279 4022/4008/2279 3810/3796/2279
f 3810/3796/2279 4022/4008/2279 3812/3798/2279
f 3771/3757/2279 3770/3756/2279 3813/3799/2279
f 3790/3776/2279 4020/4006/2279 3787/3773/2279
f 3815/3801/2279 3975/3961/2279 3816/3802/2279
f 3818/3804/2371 3937/3923/2371 3819/3805/2281
s 1
f 3821/3807/2282 3838/3824/2282 3822/3808/2283
f 3824/3810/2284 3925/3911/2285 3825/3811/2285
f 3827/3813/2286 3940/3926/2286 3828/3814/2287
f 3830/3816/2288 3845/3831/2289 3831/3817/2289
f 3833/3819/2290 3899/3885/2290 3834/3820/2277
s 0
f 3820/3806/2281 3819/3805/2281 3835/3821/2291
s 1
f 3837/3823/2292 3851/3837/2292 3838/3824/2282
f 3839/3825/2293 3958/3944/2293 3840/3826/2294
f 3829/3815/2287 3828/3814/2287 3842/3828/2296
f 3844/3830/2297 3876/3862/2297 3831/3817/2289
s 0
f 3846/3832/2266 3955/3941/2266 3734/3720/2266
s 1
f 3836/3822/2291 3835/3821/2291 3848/3834/2298
f 3850/3836/2299 3865/3851/2299 3851/3837/2292
s 0
f 3852/3838/2265 3727/3713/2265 3729/3715/2265
s 1
f 3843/3829/2296 3842/3828/2296 3854/3840/2300
f 3856/3842/2301 3897/3883/2301 3857/3843/2302
f 3732/3718/2271 3731/3717/2271 3859/3845/2303
f 3861/3847/2304 3872/3858/2304 3862/3848/2305
f 3864/3850/2306 3954/3940/2306 3865/3851/2299
f 3866/3852/2307 3995/3981/2307 3867/3853/2308
f 3869/3855/2309 3952/3938/2309 3870/3856/2310
f 3849/3835/2298 3848/3834/2298 3872/3858/2304
f 3873/3859/2311 3993/3979/2311 3874/3860/2312
f 3858/3844/2302 3857/3843/2302 3876/3862/2297
s 0
f 3712/3698/2266 3711/3697/2266 3877/3863/2266
f 3733/3719/2265 3735/3721/2265 3879/3865/2265
f 3881/3867/2279 3777/3763/2279 3778/3764/2279
s 1
f 3883/3869/2313 3889/3875/2316 3884/3870/2314
s 0
f 3886/3872/2279 4021/4007/2279 3795/3781/2279
s 1
f 3888/3874/2315 3946/3932/2315 3889/3875/2316
f 3855/3841/2300 3854/3840/2300 3890/3876/2317
f 3860/3846/2303 3859/3845/2303 3892/3878/2319
f 3871/3857/2310 3870/3856/2310 3894/3880/2320
f 3856/3842/2301 4023/4009/2322 3896/3882/2322
f 3898/3884/2323 3942/3928/2323 3899/3885/2290
f 3900/3886/2324 4008/3994/2324 3901/3887/2325
f 3824/3810/2284 3826/3812/2284 3903/3889/2326
f 3905/3891/2327 3927/3913/2338 3906/3892/2267
s 0
f 3907/3893/2279 3948/3934/2279 3908/3894/2279
f 3910/3896/2265 3738/3724/2265 3737/3723/2265
s 1
f 3912/3898/2329 4024/4010/2372 3913/3899/2330
s 0
f 3915/3901/2373 4025/4011/2373 3916/3902/2373
s 1
f 3918/3904/2332 4026/4012/2374 3919/3905/2333
s 0
f 3921/3907/2279 4001/3987/2279 3796/3782/2279
s 1
f 3922/3908/2335 3938/3924/2344 3923/3909/2263
f 3924/3910/2336 3990/3976/2336 3825/3811/2285
f 3926/3912/2337 3939/3925/2345 3927/3913/2338
f 3885/3871/2314 3884/3870/2314 3928/3914/2339
f 3930/3916/2340 4027/4013/2340 3931/3917/2341
f 3914/3900/2330 3913/3899/2330 3933/3919/2342
f 3868/3854/2308 3867/3853/2308 3935/3921/2343
f 3902/3888/2325 3901/3887/2325 3937/3923/2280
f 3823/3809/2283 3822/3808/2283 3938/3924/2344
f 3904/3890/2326 3903/3889/2326 3939/3925/2345
f 3929/3915/2339 3928/3914/2339 3940/3926/2286
f 3830/3816/2288 3832/3818/2288 3941/3927/2274
f 3934/3920/2342 3933/3919/2342 3942/3928/2323
f 3943/3929/2346 3701/3687/2264 3700/3686/2264
f 3945/3931/2347 3947/3933/2348 3946/3932/2315
f 3943/3929/2346 3944/3930/2346 3947/3933/2348
s 0
f 3814/3800/2279 3813/3799/2279 3948/3934/2279
f 3949/3935/2331 3915/3901/2331 3917/3903/2331
f 3950/3936/2265 3713/3699/2265 3878/3864/2265
f 3882/3868/2279 3780/3766/2279 3951/3937/2279
s 1
f 3869/3855/2309 3891/3877/2318 3890/3876/2317
f 3717/3703/2268 4028/4014/2349 3953/3939/2349
f 3953/3939/2349 4028/4014/2349 3954/3940/2306
s 0
f 3955/3941/2265 3846/3832/2265 3765/3751/2265
f 3817/3803/2328 3793/3779/2328 3956/3942/2328
s 1
f 3730/3716/2270 3920/3906/2334 3919/3905/2333
f 3839/3825/2293 3936/3922/2343 3935/3921/2343
s 0
f 3959/3945/2279 3968/3954/2279 3960/3946/2279
f 3961/3947/2375 3763/3749/2375 3962/3948/2375
f 3963/3949/2266 3962/3948/2266 3964/3950/2266
f 3965/3951/2266 3964/3950/2266 3966/3952/2266
f 3966/3952/2362 3852/3838/2362 3853/3839/2362
f 3968/3954/2279 3959/3945/2279 3969/3955/2279
f 3969/3955/2279 3972/3958/2279 3971/3957/2279
f 3972/3958/2279 3974/3960/2279 3973/3959/2279
f 3974/3960/2279 3816/3802/2279 3975/3961/2279
s 1
f 3840/3826/2294 3977/3963/2351 3976/3962/2350
f 3977/3963/2351 3979/3965/2353 3978/3964/2352
f 3979/3965/2353 3981/3967/2354 3980/3966/2354
f 3981/3967/2354 3989/3975/2355 3982/3968/2355
f 3767/3753/2278 3984/3970/2356 3983/3969/2356
f 3984/3970/2356 3986/3972/2358 3985/3971/2357
f 3986/3972/2358 3988/3974/2360 3987/3973/2359
f 3988/3974/2360 4026/4012/2374 3918/3904/2332
f 3924/3910/2336 3982/3968/2355 3989/3975/2355
s 0
f 3991/3977/2265 3736/3722/2265 3880/3866/2265
f 3887/3873/2279 3797/3783/2279 3992/3978/2279
s 1
f 3873/3859/2311 3893/3879/2319 3892/3878/2319
f 3741/3727/2272 4029/4015/2361 3994/3980/2361
f 3994/3980/2361 4029/4015/2361 3995/3981/2307
s 0
f 3742/3728/2265 3998/3984/2265 3996/3982/2265
f 3998/3984/2266 4000/3986/2266 3999/3985/2266
f 4000/3986/2266 3910/3896/2266 3911/3897/2266
f 4001/3987/2279 3921/3907/2279 4002/3988/2279
f 4003/3989/2279 4002/3988/2279 4004/3990/2279
f 4005/3991/2279 4004/3990/2279 3800/3786/2279
s 1
f 3900/3886/2324 4009/3995/2364 4007/3993/2363
f 4009/3995/2364 4011/3997/2366 4010/3996/2365
f 4011/3997/2366 3932/3918/2341 3931/3917/2341
f 3746/3732/2275 4013/3999/2367 4012/3998/2367
f 4013/3999/2367 4015/4001/2369 4014/4000/2368
f 4015/4001/2369 4030/4016/2370 4016/4002/2370
s 0
f 4016/4002/2370 4030/4016/2370 3740/3726/2273
