# Blender 3.6.22
# www.blender.org
mtllib brazos_cuerpo_pokemon.mtl
o pm0887_00_00_BodyASkin
v 0.155978 -0.116267 -0.002258
v 0.164093 -0.136020 -0.007608
v 0.168680 -0.119402 0.014539
v 0.174598 -0.136501 0.010179
v 0.144646 -0.111083 0.013891
v 0.156004 -0.112582 0.026348
v 0.164170 -0.156735 0.002128
v 0.171576 -0.154062 0.016896
v 0.182547 -0.121012 0.031406
v 0.187536 -0.137345 0.026496
v 0.170568 -0.114669 0.042460
v 0.133064 -0.118322 0.027157
v 0.143437 -0.119983 0.037923
v 0.153655 -0.162605 0.020684
v 0.159730 -0.160749 0.029376
v 0.182564 -0.153643 0.030655
v 0.194806 -0.122542 0.046467
v 0.199820 -0.138225 0.042031
v 0.183449 -0.116657 0.056756
v 0.158593 -0.121554 0.053190
v 0.129797 -0.136702 0.035374
v 0.139264 -0.137327 0.043702
v 0.172279 -0.123052 0.066948
v 0.170618 -0.159802 0.041394
v 0.195228 -0.153285 0.046275
v 0.153640 -0.138113 0.057321
v 0.138138 -0.155477 0.033002
v 0.146376 -0.154660 0.040455
v 0.158653 -0.154184 0.052400
v 0.167779 -0.138950 0.071162
v 0.184100 -0.159021 0.056423
v 0.172809 -0.153792 0.066657
v 0.184535 -0.124509 0.078672
v 0.194540 -0.118426 0.068911
v 0.205351 -0.124038 0.059748
v 0.210968 -0.138449 0.056254
v 0.207220 -0.152596 0.061195
v 0.198738 -0.118925 0.073517
v 0.210790 -0.124727 0.066584
v 0.219878 -0.138064 0.067361
v 0.190841 -0.125178 0.084722
v 0.219418 -0.150876 0.076361
v 0.203945 -0.119649 0.079227
v 0.215429 -0.124437 0.071874
v 0.224286 -0.137080 0.072552
v 0.195659 -0.124885 0.089848
v 0.197224 -0.157938 0.070881
v 0.211482 -0.155571 0.086622
v 0.223784 -0.149601 0.081452
v 0.218974 -0.116844 0.075617
v 0.207233 -0.112245 0.083027
v 0.227894 -0.130557 0.076406
v 0.198860 -0.117299 0.093903
v 0.191084 -0.138716 0.093539
v 0.180883 -0.139130 0.083605
v 0.186506 -0.153065 0.080027
v 0.200402 -0.151307 0.093649
v 0.233079 -0.117850 0.083681
v 0.222230 -0.109306 0.080261
v 0.210233 -0.106347 0.086475
v 0.195809 -0.137725 0.098441
v 0.205024 -0.150026 0.098508
v 0.215960 -0.154248 0.091581
v 0.202988 -0.109742 0.097755
v 0.205575 -0.118473 0.108686
v 0.199142 -0.131208 0.102546
v 0.216456 -0.126688 0.111497
v 0.207951 -0.143811 0.102596
v 0.238267 -0.100645 0.093279
v 0.228528 -0.094272 0.089847
v 0.217635 -0.091995 0.094973
v 0.219510 -0.148550 0.095628
v 0.228119 -0.129665 0.105567
v 0.224171 -0.107682 0.118518
v 0.214211 -0.101190 0.115150
v 0.211559 -0.094657 0.105274
v 0.234920 -0.109991 0.113538
v 0.242726 -0.084345 0.102315
v 0.245337 -0.089744 0.111113
v 0.240837 -0.107305 0.103366
v 0.235050 -0.126267 0.094591
v 0.227421 -0.143370 0.084894
v 0.240429 -0.092036 0.120046
v 0.244982 -0.074905 0.125480
v 0.248741 -0.072714 0.118306
v 0.246701 -0.068100 0.111617
v 0.234398 -0.079358 0.099276
v 0.224992 -0.077445 0.103427
v 0.220018 -0.079684 0.112351
v 0.222377 -0.084806 0.120816
v 0.231034 -0.089993 0.123852
v 0.240161 -0.063942 0.109262
v 0.232762 -0.062469 0.112347
v 0.237434 -0.072970 0.128586
v 0.230855 -0.068458 0.126023
v 0.229029 -0.064194 0.119383
v 0.236779 -0.054307 0.116968
v 0.243432 -0.055591 0.114264
v 0.249464 -0.059497 0.116800
v 0.250899 -0.064416 0.122073
v 0.247318 -0.066747 0.128252
v 0.240773 -0.064646 0.131278
v 0.235539 -0.059813 0.129460
v 0.233489 -0.055816 0.123304
v 0.165718 -0.136247 -0.020618
v 0.153957 -0.099476 -0.015131
v 0.168755 -0.171121 -0.010109
v 0.140242 -0.091122 0.010936
v 0.166528 -0.135548 -0.040725
v 0.154712 -0.080824 -0.035090
v 0.157841 -0.182508 0.021169
v 0.177375 -0.182461 -0.036481
v 0.121463 -0.100690 0.029679
v 0.135498 -0.071591 0.008392
v 0.161031 -0.199395 0.021210
v 0.099403 -0.081889 0.038873
v 0.118129 -0.137088 0.042475
v 0.131947 -0.174272 0.042587
v 0.116762 -0.184637 0.056424
v 0.145404 -0.029310 -0.034208
v 0.127867 -0.029639 0.004864
v 0.104265 -0.137308 0.051486
v 0.092767 -0.030900 0.032557
v 0.053086 -0.082573 0.058686
v 0.047927 -0.031327 0.050519
v 0.058790 -0.137145 0.068038
v 0.063352 -0.185158 0.076807
v 0.000000 -0.082731 0.065995
v 0.000000 -0.031470 0.056469
v 0.000000 -0.137290 0.076523
v 0.000000 -0.185324 0.085787
v 0.155140 -0.133232 -0.086823
v 0.143044 -0.079045 -0.082069
v 0.166856 -0.181030 -0.091119
v 0.133340 -0.028130 -0.077802
v 0.124100 -0.180082 -0.132070
v 0.113871 -0.132294 -0.124789
v 0.103946 -0.078189 -0.116483
v 0.096421 -0.027354 -0.108939
v 0.063648 -0.179628 -0.153060
v 0.057862 -0.131807 -0.144233
v 0.052437 -0.077727 -0.135032
v 0.048682 -0.026928 -0.126121
v 0.000000 -0.179054 -0.159721
v 0.000000 -0.131635 -0.150307
v 0.000000 -0.077591 -0.140399
v 0.000000 -0.026799 -0.131227
v 0.167422 -0.232660 0.023293
v 0.188510 -0.229404 -0.035671
v 0.125008 -0.231625 0.063240
v 0.067062 -0.232326 0.086008
v 0.000000 -0.232442 0.095438
v 0.178476 -0.228340 -0.095523
v 0.134337 -0.227451 -0.139011
v 0.070762 -0.227479 -0.162300
v 0.000000 -0.226024 -0.169500
v 0.255704 -0.066109 0.123331
v 0.249937 -0.069562 0.131060
v 0.254508 -0.057864 0.116010
v 0.244574 -0.052137 0.114083
v 0.237044 -0.050684 0.117351
v 0.241612 -0.066427 0.136142
v 0.234244 -0.058335 0.134462
v 0.233116 -0.052396 0.124500
v 0.264578 -0.064043 0.120731
v 0.262274 -0.068571 0.124480
v 0.262391 -0.074751 0.132063
v 0.255786 -0.075380 0.137350
v 0.256643 -0.053463 0.116480
v 0.246260 -0.048299 0.115366
v 0.238263 -0.046631 0.118792
v 0.238154 -0.064667 0.144816
v 0.242200 -0.069034 0.142750
v 0.234371 -0.053964 0.136724
v 0.234138 -0.048574 0.126387
v 0.268183 -0.073328 0.128287
v 0.272788 -0.070448 0.125796
v 0.275262 -0.065704 0.125321
v 0.266778 -0.059688 0.120334
v 0.242526 -0.071073 0.153214
v 0.241764 -0.066495 0.155852
v 0.237425 -0.060376 0.147075
v 0.245557 -0.073863 0.148907
v 0.249889 -0.075046 0.143457
v 0.262570 -0.081703 0.144675
v 0.268897 -0.080970 0.139057
v 0.256383 -0.081272 0.150475
v 0.275135 -0.079130 0.134172
v 0.250910 -0.079720 0.156291
v 0.279627 -0.076692 0.131430
v 0.279621 -0.068922 0.128467
v 0.282072 -0.085339 0.141478
v 0.275655 -0.086909 0.146274
v 0.269271 -0.087599 0.151913
v 0.257613 -0.085860 0.163639
v 0.263044 -0.087192 0.157734
v 0.285859 -0.083890 0.139676
v 0.255065 -0.084366 0.167230
v 0.247686 -0.077457 0.160564
v 0.244563 -0.069742 0.160402
v 0.282817 -0.071329 0.130816
v 0.282821 -0.076231 0.131699
v 0.288360 -0.082718 0.139001
v 0.288650 -0.091251 0.149878
v 0.293704 -0.089735 0.148506
v 0.246621 -0.072162 0.163757
v 0.247656 -0.077048 0.163720
v 0.254295 -0.083350 0.169538
v 0.293042 -0.085779 0.144484
v 0.291853 -0.094426 0.155453
v 0.297745 -0.094333 0.155732
v 0.282338 -0.092468 0.153580
v 0.275909 -0.093115 0.159067
v 0.269824 -0.092735 0.164917
v 0.265446 -0.091688 0.170772
v 0.263257 -0.090279 0.175855
v 0.288963 -0.097062 0.161356
v 0.283701 -0.098420 0.167484
v 0.259653 -0.086584 0.174920
v 0.270810 -0.094850 0.174462
v 0.270519 -0.094884 0.180335
v 0.277066 -0.097324 0.172155
v 0.262712 -0.085602 0.178789
v 0.265365 -0.087248 0.180872
v 0.293949 -0.099033 0.165110
v 0.289963 -0.101166 0.174297
v 0.270720 -0.090687 0.183891
v 0.280388 -0.099340 0.177439
v 0.299578 -0.095880 0.159981
v 0.296741 -0.099420 0.166758
v 0.274655 -0.096426 0.182599
v 0.281771 -0.099758 0.180366
v 0.302217 -0.091880 0.159396
v 0.301242 -0.090167 0.156526
v 0.298504 -0.086658 0.151107
v 0.296575 -0.084541 0.148164
v 0.294665 -0.100593 0.174671
v 0.289866 -0.100695 0.179017
v 0.292427 -0.100767 0.176988
v 0.295756 -0.098090 0.178559
v 0.294791 -0.098229 0.179628
v 0.293575 -0.098135 0.180532
v 0.273718 -0.092499 0.185245
v 0.258258 -0.051132 0.119734
v 0.267669 -0.056379 0.123315
v 0.248763 -0.047161 0.118720
v 0.241381 -0.045208 0.122258
v 0.237211 -0.047423 0.129224
v 0.237420 -0.051603 0.138679
v 0.240238 -0.057017 0.148296
v 0.275586 -0.061315 0.128385
v 0.244656 -0.062032 0.156544
v 0.283545 -0.066882 0.135053
v 0.247236 -0.046669 0.128661
v 0.250672 -0.067631 0.164951
v 0.243084 -0.048536 0.135073
v 0.242006 -0.051385 0.140455
v 0.244672 -0.054538 0.147277
v 0.249297 -0.058749 0.155223
v 0.285902 -0.069751 0.134841
v 0.273852 -0.058202 0.132915
v 0.266200 -0.054051 0.127704
v 0.259585 -0.050987 0.124472
v 0.254057 -0.048288 0.125096
v 0.255309 -0.051013 0.137432
v 0.261871 -0.052026 0.132088
v 0.249395 -0.052309 0.143431
v 0.269173 -0.056343 0.138920
v 0.255610 -0.056650 0.151250
v 0.262616 -0.055576 0.145356
v 0.262565 -0.062137 0.159551
v 0.255535 -0.064169 0.163659
v 0.259042 -0.072824 0.173091
v 0.262733 -0.070183 0.171768
v 0.250304 -0.070560 0.167212
v 0.257396 -0.075401 0.173829
v 0.270034 -0.061259 0.153374
v 0.276910 -0.061812 0.146508
v 0.281715 -0.063576 0.139858
v 0.290984 -0.072085 0.144014
v 0.292033 -0.074717 0.142532
v 0.289252 -0.069583 0.147657
v 0.284110 -0.067491 0.153980
v 0.296027 -0.079877 0.147671
v 0.297237 -0.079621 0.152064
v 0.295469 -0.075954 0.155694
v 0.277145 -0.066965 0.161053
v 0.269459 -0.067822 0.167299
v 0.290390 -0.073786 0.161505
v 0.270301 -0.076524 0.178576
v 0.266369 -0.080300 0.180083
v 0.262169 -0.080552 0.178109
v 0.276510 -0.074100 0.174122
v 0.283568 -0.072974 0.167967
v 0.276303 -0.081606 0.181651
v 0.274276 -0.086024 0.184914
v 0.282792 -0.082072 0.180128
v 0.277550 -0.089632 0.186098
v 0.285027 -0.087888 0.183743
v 0.290652 -0.082227 0.175530
v 0.295968 -0.081774 0.168148
v 0.298107 -0.081131 0.161869
v 0.301667 -0.085426 0.160063
v 0.302606 -0.089073 0.163338
v 0.299499 -0.087561 0.170585
v 0.301398 -0.090528 0.171114
v 0.285446 -0.090889 0.185617
v 0.294361 -0.089566 0.179426
v 0.297781 -0.093965 0.178079
v 0.295443 -0.094508 0.180468
v 0.292806 -0.094078 0.182601
v 0.290627 -0.074533 0.131154
v 0.292738 -0.072703 0.135290
v 0.300571 -0.078755 0.131907
v 0.301827 -0.076513 0.135784
v 0.296286 -0.076421 0.142839
v 0.298384 -0.080916 0.147964
v 0.310857 -0.083462 0.133399
v 0.311751 -0.081114 0.136827
v 0.303043 -0.079020 0.143119
v 0.298282 -0.085351 0.148438
v 0.303229 -0.082788 0.148085
v 0.302451 -0.087040 0.148487
v 0.319715 -0.087649 0.134947
v 0.320489 -0.085499 0.137921
v 0.311402 -0.082381 0.143124
v 0.310176 -0.085614 0.148006
v 0.308683 -0.089512 0.148509
v 0.320014 -0.086376 0.143192
v 0.318747 -0.089198 0.147514
v 0.317338 -0.092670 0.147979
v 0.327912 -0.091625 0.136602
v 0.328539 -0.089785 0.139028
v 0.334191 -0.094743 0.138030
v 0.334653 -0.093245 0.139924
v 0.328161 -0.090439 0.143255
v 0.325937 -0.095610 0.147022
v 0.327081 -0.092728 0.146721
v 0.339620 -0.097617 0.139652
v 0.340136 -0.096775 0.141062
v 0.334394 -0.093745 0.143208
v 0.332659 -0.097819 0.146078
v 0.333518 -0.095523 0.145885
v 0.341719 -0.099085 0.141061
v 0.341524 -0.098162 0.141680
v 0.340147 -0.097127 0.143027
v 0.338626 -0.099612 0.144873
v 0.339462 -0.098130 0.144608
v 0.341964 -0.098633 0.142803
v 0.342238 -0.099890 0.142376
v 0.341229 -0.100069 0.143635
v 0.341132 -0.098950 0.143740
v 0.289855 -0.079168 0.132198
v 0.292700 -0.084586 0.139113
v 0.299144 -0.083038 0.132717
v 0.299528 -0.087471 0.139173
v 0.309255 -0.087354 0.133961
v 0.308042 -0.090770 0.139252
v 0.318297 -0.091120 0.135418
v 0.317036 -0.093965 0.139784
v 0.326700 -0.094479 0.136899
v 0.325670 -0.096788 0.140369
v 0.333186 -0.096980 0.138218
v 0.332410 -0.098798 0.140900
v 0.339163 -0.099253 0.139931
v 0.338857 -0.100412 0.141527
v 0.340874 -0.099818 0.140923
v 0.341190 -0.100604 0.141902
v 0.340482 -0.100606 0.142983
v 0.338488 -0.100608 0.143477
v 0.332051 -0.099258 0.144180
v 0.325237 -0.097420 0.144594
v 0.316533 -0.094808 0.145008
v 0.307664 -0.091818 0.145121
v 0.300595 -0.089099 0.144993
v 0.295626 -0.086987 0.144857
v 0.246345 -0.075613 0.171595
v 0.250182 -0.073720 0.174129
v 0.257373 -0.077346 0.178351
v 0.246238 -0.079886 0.181089
v 0.249903 -0.077604 0.182835
v 0.262351 -0.081784 0.180812
v 0.257157 -0.079988 0.184701
v 0.246840 -0.084878 0.191527
v 0.250107 -0.082477 0.192804
v 0.262976 -0.086281 0.180317
v 0.262195 -0.083660 0.185289
v 0.262756 -0.087888 0.184463
v 0.256446 -0.083599 0.193039
v 0.247692 -0.089248 0.200356
v 0.250480 -0.087027 0.201444
v 0.261505 -0.086693 0.192212
v 0.262243 -0.090543 0.190684
v 0.255802 -0.087784 0.201465
v 0.260288 -0.090477 0.200559
v 0.260967 -0.093900 0.199128
v 0.248569 -0.093164 0.208174
v 0.250897 -0.091256 0.209078
v 0.255224 -0.091816 0.209088
v 0.249474 -0.096498 0.214694
v 0.251305 -0.094950 0.215380
v 0.259386 -0.096916 0.207089
v 0.258894 -0.094033 0.208283
v 0.254661 -0.095376 0.215422
v 0.250693 -0.099630 0.220501
v 0.252028 -0.098770 0.221168
v 0.257833 -0.099397 0.213853
v 0.257496 -0.097097 0.214758
v 0.253990 -0.099078 0.221358
v 0.251934 -0.101118 0.222691
v 0.252544 -0.100177 0.222577
v 0.256034 -0.101482 0.219964
v 0.255654 -0.100028 0.220803
v 0.253632 -0.100633 0.223110
v 0.253213 -0.101906 0.223314
v 0.254567 -0.102031 0.222426
v 0.254652 -0.100908 0.222365
v 0.247564 -0.080204 0.170810
v 0.254156 -0.085501 0.174189
v 0.247268 -0.084152 0.179722
v 0.253763 -0.088447 0.180631
v 0.247645 -0.088724 0.189913
v 0.253115 -0.091992 0.189135
v 0.248331 -0.092644 0.198897
v 0.252877 -0.095365 0.198005
v 0.249048 -0.096012 0.206914
v 0.252717 -0.098249 0.206153
v 0.249818 -0.098737 0.213649
v 0.252648 -0.100500 0.213081
v 0.251055 -0.101249 0.220036
v 0.252700 -0.102363 0.219857
v 0.251894 -0.101833 0.221820
v 0.252858 -0.102605 0.222210
v 0.254001 -0.102564 0.221608
v 0.254681 -0.102506 0.219671
v 0.256008 -0.100884 0.213027
v 0.257046 -0.098786 0.206111
v 0.258139 -0.096080 0.197991
v 0.259023 -0.092900 0.189295
v 0.259520 -0.089990 0.182226
v 0.259758 -0.087916 0.177694
v 0.309752 -0.097085 0.164280
v 0.306843 -0.101133 0.164679
v 0.302220 -0.103565 0.170103
v 0.316543 -0.102106 0.169427
v 0.313821 -0.106017 0.169785
v 0.309527 -0.108285 0.174710
v 0.323736 -0.107614 0.175294
v 0.321189 -0.111162 0.175526
v 0.317189 -0.113104 0.179770
v 0.329958 -0.112446 0.180523
v 0.327692 -0.115637 0.180675
v 0.324151 -0.117381 0.184431
v 0.335357 -0.116730 0.185258
v 0.333401 -0.119502 0.185328
v 0.330423 -0.121009 0.188469
v 0.339823 -0.120364 0.189370
v 0.338177 -0.122678 0.189371
v 0.335761 -0.123945 0.191932
v 0.343237 -0.123284 0.192828
v 0.341919 -0.125082 0.192782
v 0.340073 -0.126088 0.194769
v 0.345936 -0.125684 0.195761
v 0.345089 -0.127144 0.195988
v 0.343997 -0.127897 0.197373
v 0.346180 -0.127776 0.197661
v 0.347049 -0.127175 0.198068
v 0.345955 -0.128395 0.198739
v 0.346883 -0.127778 0.199529
v 0.345466 -0.127530 0.200205
v 0.344913 -0.128060 0.199371
v 0.342727 -0.126404 0.200096
v 0.342910 -0.127633 0.198931
v 0.338611 -0.125824 0.197251
v 0.338773 -0.124285 0.198856
v 0.333891 -0.123640 0.195160
v 0.334029 -0.121663 0.197196
v 0.328140 -0.120682 0.192432
v 0.328237 -0.118327 0.194872
v 0.321426 -0.117042 0.189136
v 0.321475 -0.114349 0.191979
v 0.314076 -0.112773 0.185163
v 0.314094 -0.109804 0.188376
v 0.305913 -0.107918 0.180745
v 0.305880 -0.104714 0.184302
v 0.298766 -0.100163 0.180468
v 0.298602 -0.103389 0.176709
v 0.278097 -0.097792 0.193040
v 0.278799 -0.101775 0.190195
v 0.284670 -0.103942 0.186013
v 0.282640 -0.102892 0.200291
v 0.283310 -0.106666 0.197434
v 0.288686 -0.108647 0.193419
v 0.287916 -0.108425 0.207860
v 0.288491 -0.111917 0.205285
v 0.293269 -0.113717 0.201679
v 0.292650 -0.113291 0.214442
v 0.293095 -0.116420 0.212129
v 0.297211 -0.117991 0.208924
v 0.296958 -0.117600 0.220169
v 0.297281 -0.120320 0.218167
v 0.300728 -0.121682 0.215469
v 0.300718 -0.121249 0.224924
v 0.300933 -0.123521 0.223234
v 0.303741 -0.124670 0.221045
v 0.303908 -0.124174 0.228585
v 0.304032 -0.125940 0.227229
v 0.306209 -0.126855 0.225558
v 0.306631 -0.126574 0.231496
v 0.306973 -0.128007 0.230642
v 0.308473 -0.128701 0.229670
v 0.308551 -0.128628 0.231872
v 0.308858 -0.128039 0.232789
v 0.309660 -0.129217 0.231737
v 0.310343 -0.128605 0.232751
v 0.311144 -0.128307 0.231410
v 0.310380 -0.128842 0.230768
v 0.310120 -0.128375 0.228743
v 0.308810 -0.126498 0.224345
v 0.307122 -0.124246 0.219498
v 0.304878 -0.121209 0.213582
v 0.302144 -0.117478 0.206668
v 0.298886 -0.113151 0.199051
v 0.295016 -0.108125 0.190564
v 0.291566 -0.103515 0.183029
v 0.295220 -0.100205 0.183605
v 0.298521 -0.104863 0.190955
v 0.302007 -0.110110 0.199436
v 0.304902 -0.114724 0.207047
v 0.307240 -0.118803 0.213964
v 0.309086 -0.122228 0.219874
v 0.310354 -0.124928 0.224694
v 0.311266 -0.127116 0.228699
v 0.309745 -0.093797 0.168051
v 0.316528 -0.098910 0.172987
v 0.306138 -0.093632 0.174672
v 0.323749 -0.104642 0.178504
v 0.313054 -0.098613 0.179052
v 0.301501 -0.096060 0.180098
v 0.308598 -0.100816 0.183975
v 0.316590 -0.106272 0.188227
v 0.330003 -0.109751 0.183363
v 0.320623 -0.104303 0.183893
v 0.323738 -0.111156 0.191825
v 0.335423 -0.114354 0.187679
v 0.327281 -0.109414 0.188071
v 0.330162 -0.115534 0.194784
v 0.339883 -0.118334 0.191357
v 0.333160 -0.114041 0.191654
v 0.335597 -0.119295 0.197145
v 0.343266 -0.121654 0.194348
v 0.338070 -0.118066 0.194619
v 0.339957 -0.122395 0.198817
v 0.346063 -0.124666 0.197120
v 0.341894 -0.121451 0.196888
v 0.343884 -0.125154 0.200063
v 0.346830 -0.126120 0.198417
v 0.345287 -0.124613 0.198873
v 0.346729 -0.126424 0.199640
v 0.345564 -0.126404 0.200128
v 0.281704 -0.094445 0.193576
v 0.288617 -0.094029 0.190602
v 0.286096 -0.099608 0.200674
v 0.294514 -0.096219 0.186449
v 0.292443 -0.099079 0.197790
v 0.291036 -0.105383 0.208246
v 0.297819 -0.101060 0.193775
v 0.301429 -0.106615 0.202010
v 0.296686 -0.104845 0.205655
v 0.295407 -0.110535 0.214817
v 0.304455 -0.111593 0.209356
v 0.300341 -0.110024 0.212564
v 0.299303 -0.115172 0.220519
v 0.306900 -0.116061 0.215934
v 0.303464 -0.114713 0.218653
v 0.302639 -0.119177 0.225219
v 0.308829 -0.119901 0.221483
v 0.306050 -0.118791 0.223731
v 0.305378 -0.122511 0.228795
v 0.310157 -0.123070 0.225911
v 0.308030 -0.122218 0.227676
v 0.307946 -0.125529 0.231775
v 0.311094 -0.125897 0.229875
v 0.309763 -0.125417 0.231171
v 0.309201 -0.126972 0.232629
v 0.310434 -0.127246 0.232637
v 0.311030 -0.127186 0.231525
v -0.174598 -0.136501 0.010179
v -0.164093 -0.136020 -0.007608
v -0.168680 -0.119402 0.014539
v -0.155978 -0.116267 -0.002258
v -0.144646 -0.111083 0.013891
v -0.156004 -0.112582 0.026348
v -0.164170 -0.156735 0.002128
v -0.171576 -0.154062 0.016896
v -0.182547 -0.121012 0.031406
v -0.187536 -0.137345 0.026496
v -0.170568 -0.114669 0.042460
v -0.133064 -0.118322 0.027157
v -0.143437 -0.119983 0.037923
v -0.153655 -0.162605 0.020684
v -0.159730 -0.160749 0.029376
v -0.182563 -0.153643 0.030655
v -0.194806 -0.122542 0.046467
v -0.199820 -0.138225 0.042031
v -0.183449 -0.116657 0.056756
v -0.158593 -0.121554 0.053190
v -0.129797 -0.136702 0.035374
v -0.139264 -0.137327 0.043702
v -0.172279 -0.123052 0.066948
v -0.170618 -0.159802 0.041394
v -0.195228 -0.153285 0.046275
v -0.153640 -0.138113 0.057321
v -0.138138 -0.155477 0.033002
v -0.146376 -0.154660 0.040455
v -0.158653 -0.154184 0.052400
v -0.167778 -0.138950 0.071162
v -0.184100 -0.159021 0.056423
v -0.172809 -0.153792 0.066657
v -0.184535 -0.124509 0.078672
v -0.194540 -0.118426 0.068911
v -0.205350 -0.124038 0.059748
v -0.210968 -0.138449 0.056254
v -0.207220 -0.152596 0.061195
v -0.198738 -0.118925 0.073517
v -0.210790 -0.124727 0.066584
v -0.219878 -0.138064 0.067361
v -0.190841 -0.125178 0.084722
v -0.219418 -0.150876 0.076361
v -0.203945 -0.119649 0.079227
v -0.215428 -0.124437 0.071874
v -0.224286 -0.137080 0.072552
v -0.195659 -0.124885 0.089848
v -0.197224 -0.157938 0.070881
v -0.211481 -0.155571 0.086622
v -0.223784 -0.149601 0.081452
v -0.218974 -0.116844 0.075617
v -0.207233 -0.112245 0.083027
v -0.227894 -0.130557 0.076406
v -0.198860 -0.117299 0.093903
v -0.191084 -0.138716 0.093539
v -0.180883 -0.139130 0.083605
v -0.186506 -0.153065 0.080027
v -0.200402 -0.151307 0.093649
v -0.215960 -0.154248 0.091581
v -0.195809 -0.137725 0.098441
v -0.199141 -0.131208 0.102546
v -0.205024 -0.150026 0.098508
v -0.219510 -0.148550 0.095628
v -0.227421 -0.143370 0.084894
v -0.235050 -0.126267 0.094591
v -0.233079 -0.117850 0.083679
v -0.222229 -0.109306 0.080261
v -0.210233 -0.106347 0.086475
v -0.205575 -0.118473 0.108686
v -0.202988 -0.109742 0.097755
v -0.228119 -0.129665 0.105567
v -0.240836 -0.107305 0.103366
v -0.238267 -0.100645 0.093279
v -0.228528 -0.094272 0.089847
v -0.217635 -0.091995 0.094973
v -0.234920 -0.109991 0.113538
v -0.214211 -0.101190 0.115150
v -0.224171 -0.107682 0.118518
v -0.216456 -0.126688 0.111497
v -0.207951 -0.143811 0.102596
v -0.240429 -0.092036 0.120046
v -0.245337 -0.089744 0.111113
v -0.242726 -0.084345 0.102315
v -0.234398 -0.079358 0.099276
v -0.224992 -0.077445 0.103427
v -0.220018 -0.079684 0.112351
v -0.211559 -0.094657 0.105274
v -0.222377 -0.084806 0.120816
v -0.231034 -0.089993 0.123852
v -0.246701 -0.068100 0.111617
v -0.248741 -0.072714 0.118306
v -0.244982 -0.074905 0.125480
v -0.237434 -0.072970 0.128586
v -0.230855 -0.068458 0.126023
v -0.229029 -0.064194 0.119383
v -0.232761 -0.062469 0.112347
v -0.240161 -0.063942 0.109262
v -0.247318 -0.066747 0.128252
v -0.250899 -0.064416 0.122073
v -0.249464 -0.059497 0.116800
v -0.243432 -0.055591 0.114264
v -0.236779 -0.054307 0.116968
v -0.240773 -0.064646 0.131278
v -0.235539 -0.059813 0.129460
v -0.233489 -0.055816 0.123304
v -0.153957 -0.099476 -0.015131
v -0.165718 -0.136247 -0.020618
v -0.168755 -0.171121 -0.010109
v -0.140242 -0.091122 0.010936
v -0.166527 -0.135548 -0.040725
v -0.154712 -0.080824 -0.035090
v -0.157841 -0.182508 0.021169
v -0.177375 -0.182461 -0.036481
v -0.121463 -0.100690 0.029679
v -0.135498 -0.071591 0.008392
v -0.161031 -0.199395 0.021210
v -0.099403 -0.081889 0.038873
v -0.118129 -0.137088 0.042475
v -0.131947 -0.174272 0.042587
v -0.116762 -0.184637 0.056424
v -0.145404 -0.029310 -0.034208
v -0.127867 -0.029639 0.004864
v -0.104265 -0.137308 0.051486
v -0.092766 -0.030900 0.032557
v -0.053086 -0.082573 0.058686
v -0.047927 -0.031327 0.050519
v -0.058789 -0.137145 0.068038
v -0.063352 -0.185158 0.076807
v -0.143044 -0.079045 -0.082069
v -0.155139 -0.133232 -0.086823
v -0.166856 -0.181030 -0.091119
v -0.133340 -0.028130 -0.077802
v -0.124100 -0.180082 -0.132070
v -0.113871 -0.132294 -0.124789
v -0.103946 -0.078189 -0.116483
v -0.096420 -0.027354 -0.108939
v -0.063648 -0.179628 -0.153060
v -0.057862 -0.131807 -0.144233
v -0.052437 -0.077727 -0.135032
v -0.048682 -0.026928 -0.126121
v -0.167421 -0.232660 0.023293
v -0.125008 -0.231625 0.063240
v -0.188510 -0.229404 -0.035671
v -0.067062 -0.232326 0.086008
v -0.178476 -0.228340 -0.095523
v -0.134337 -0.227451 -0.139011
v -0.070762 -0.227479 -0.162300
v -0.249937 -0.069562 0.131060
v -0.255704 -0.066109 0.123331
v -0.254508 -0.057864 0.116010
v -0.244574 -0.052137 0.114083
v -0.237044 -0.050684 0.117351
v -0.241612 -0.066427 0.136142
v -0.234244 -0.058335 0.134462
v -0.233116 -0.052396 0.124500
v -0.264578 -0.064043 0.120731
v -0.262274 -0.068571 0.124480
v -0.256643 -0.053463 0.116480
v -0.246260 -0.048299 0.115366
v -0.238263 -0.046631 0.118792
v -0.238154 -0.064667 0.144816
v -0.242200 -0.069034 0.142750
v -0.234371 -0.053964 0.136724
v -0.234138 -0.048574 0.126387
v -0.237425 -0.060376 0.147075
v -0.249889 -0.075046 0.143457
v -0.245557 -0.073863 0.148907
v -0.272788 -0.070448 0.125796
v -0.275262 -0.065704 0.125321
v -0.266778 -0.059688 0.120334
v -0.268183 -0.073328 0.128287
v -0.262391 -0.074751 0.132063
v -0.255786 -0.075380 0.137350
v -0.268897 -0.080970 0.139057
v -0.262569 -0.081703 0.144675
v -0.256383 -0.081272 0.150475
v -0.275135 -0.079130 0.134172
v -0.250910 -0.079720 0.156291
v -0.282072 -0.085339 0.141478
v -0.275655 -0.086909 0.146274
v -0.269271 -0.087599 0.151913
v -0.247686 -0.077457 0.160564
v -0.242526 -0.071073 0.153214
v -0.241764 -0.066495 0.155852
v -0.244563 -0.069742 0.160402
v -0.257613 -0.085860 0.163639
v -0.263043 -0.087192 0.157734
v -0.255064 -0.084366 0.167230
v -0.282337 -0.092468 0.153580
v -0.275909 -0.093114 0.159067
v -0.246621 -0.072162 0.163757
v -0.247655 -0.077048 0.163720
v -0.254295 -0.083350 0.169538
v -0.265446 -0.091688 0.170770
v -0.263257 -0.090279 0.175855
v -0.269824 -0.092735 0.164917
v -0.288963 -0.097062 0.161356
v -0.291853 -0.094426 0.155453
v -0.288650 -0.091251 0.149878
v -0.285859 -0.083890 0.139676
v -0.279627 -0.076692 0.131430
v -0.279621 -0.068922 0.128467
v -0.282817 -0.071329 0.130816
v -0.282821 -0.076231 0.131699
v -0.288360 -0.082718 0.139001
v -0.293704 -0.089735 0.148506
v -0.293042 -0.085779 0.144484
v -0.297745 -0.094333 0.155732
v -0.296575 -0.084541 0.148164
v -0.298503 -0.086658 0.151107
v -0.301242 -0.090167 0.156526
v -0.302217 -0.091880 0.159396
v -0.299578 -0.095879 0.159981
v -0.293949 -0.099033 0.165110
v -0.283700 -0.098420 0.167484
v -0.277066 -0.097324 0.172155
v -0.270809 -0.094850 0.174462
v -0.270519 -0.094884 0.180335
v -0.289963 -0.101166 0.174297
v -0.265365 -0.087248 0.180872
v -0.262712 -0.085602 0.178789
v -0.259653 -0.086584 0.174920
v -0.270720 -0.090687 0.183891
v -0.280388 -0.099340 0.177439
v -0.274655 -0.096426 0.182598
v -0.281770 -0.099758 0.180366
v -0.273718 -0.092499 0.185245
v -0.289866 -0.100695 0.179017
v -0.292427 -0.100767 0.176988
v -0.294665 -0.100593 0.174671
v -0.296741 -0.099420 0.166758
v -0.295755 -0.098090 0.178559
v -0.294791 -0.098229 0.179628
v -0.293575 -0.098135 0.180532
v -0.267669 -0.056379 0.123315
v -0.258258 -0.051132 0.119734
v -0.248763 -0.047161 0.118720
v -0.241381 -0.045208 0.122258
v -0.237211 -0.047423 0.129222
v -0.237420 -0.051603 0.138679
v -0.240238 -0.057017 0.148296
v -0.275586 -0.061315 0.128385
v -0.244656 -0.062032 0.156544
v -0.283545 -0.066882 0.135053
v -0.247236 -0.046669 0.128661
v -0.250672 -0.067631 0.164951
v -0.243084 -0.048536 0.135073
v -0.242006 -0.051385 0.140455
v -0.244671 -0.054538 0.147277
v -0.249297 -0.058749 0.155223
v -0.285902 -0.069751 0.134841
v -0.273852 -0.058202 0.132915
v -0.266200 -0.054051 0.127704
v -0.259585 -0.050987 0.124472
v -0.254057 -0.048288 0.125096
v -0.255309 -0.051013 0.137432
v -0.261871 -0.052026 0.132088
v -0.249395 -0.052309 0.143431
v -0.269173 -0.056343 0.138920
v -0.276910 -0.061812 0.146508
v -0.281715 -0.063576 0.139857
v -0.290984 -0.072084 0.144014
v -0.292033 -0.074717 0.142532
v -0.289252 -0.069583 0.147657
v -0.262616 -0.055576 0.145356
v -0.255610 -0.056650 0.151250
v -0.262565 -0.062137 0.159551
v -0.255535 -0.064169 0.163659
v -0.259042 -0.072824 0.173091
v -0.262732 -0.070183 0.171768
v -0.250304 -0.070560 0.167212
v -0.257396 -0.075401 0.173829
v -0.269459 -0.067822 0.167299
v -0.270034 -0.061259 0.153374
v -0.284110 -0.067491 0.153980
v -0.277145 -0.066965 0.161053
v -0.270301 -0.076524 0.178576
v -0.266369 -0.080300 0.180083
v -0.262169 -0.080552 0.178109
v -0.295469 -0.075954 0.155694
v -0.297237 -0.079621 0.152064
v -0.296027 -0.079877 0.147671
v -0.290389 -0.073786 0.161505
v -0.298107 -0.081131 0.161869
v -0.301667 -0.085426 0.160063
v -0.283568 -0.072974 0.167967
v -0.276510 -0.074100 0.174122
v -0.295968 -0.081774 0.168148
v -0.302606 -0.089073 0.163338
v -0.276303 -0.081606 0.181651
v -0.274276 -0.086023 0.184914
v -0.282792 -0.082072 0.180128
v -0.277550 -0.089632 0.186098
v -0.290652 -0.082227 0.175528
v -0.285027 -0.087888 0.183743
v -0.285446 -0.090889 0.185617
v -0.299499 -0.087561 0.170585
v -0.301398 -0.090528 0.171114
v -0.294361 -0.089566 0.179426
v -0.297780 -0.093965 0.178079
v -0.292806 -0.094078 0.182601
v -0.295443 -0.094508 0.180468
v -0.292738 -0.072703 0.135290
v -0.290627 -0.074533 0.131154
v -0.300571 -0.078755 0.131907
v -0.301827 -0.076513 0.135784
v -0.296285 -0.076421 0.142839
v -0.298384 -0.080916 0.147964
v -0.310857 -0.083462 0.133399
v -0.311751 -0.081114 0.136827
v -0.303043 -0.079020 0.143119
v -0.298282 -0.085351 0.148438
v -0.303229 -0.082788 0.148085
v -0.302451 -0.087040 0.148487
v -0.319714 -0.087649 0.134947
v -0.320489 -0.085499 0.137921
v -0.311402 -0.082381 0.143124
v -0.310176 -0.085614 0.148006
v -0.308683 -0.089512 0.148509
v -0.320014 -0.086376 0.143192
v -0.318746 -0.089198 0.147514
v -0.317338 -0.092670 0.147979
v -0.327912 -0.091625 0.136602
v -0.328539 -0.089785 0.139028
v -0.334191 -0.094743 0.138030
v -0.334653 -0.093245 0.139924
v -0.328161 -0.090439 0.143255
v -0.325937 -0.095610 0.147022
v -0.327081 -0.092728 0.146721
v -0.339620 -0.097616 0.139652
v -0.340136 -0.096775 0.141062
v -0.334394 -0.093745 0.143208
v -0.332658 -0.097819 0.146078
v -0.333518 -0.095523 0.145885
v -0.341719 -0.099085 0.141061
v -0.341524 -0.098162 0.141680
v -0.340147 -0.097127 0.143027
v -0.338626 -0.099612 0.144873
v -0.339461 -0.098130 0.144608
v -0.341964 -0.098633 0.142803
v -0.342238 -0.099890 0.142376
v -0.341229 -0.100069 0.143635
v -0.341132 -0.098950 0.143740
v -0.289855 -0.079168 0.132198
v -0.292700 -0.084586 0.139113
v -0.299144 -0.083038 0.132717
v -0.299528 -0.087471 0.139173
v -0.309255 -0.087354 0.133961
v -0.308042 -0.090770 0.139252
v -0.318297 -0.091120 0.135418
v -0.317036 -0.093965 0.139784
v -0.326700 -0.094479 0.136899
v -0.325670 -0.096788 0.140369
v -0.333186 -0.096980 0.138218
v -0.332410 -0.098798 0.140900
v -0.339163 -0.099253 0.139931
v -0.338857 -0.100412 0.141526
v -0.340874 -0.099818 0.140923
v -0.341190 -0.100604 0.141902
v -0.340482 -0.100606 0.142983
v -0.338488 -0.100608 0.143476
v -0.332051 -0.099258 0.144180
v -0.325237 -0.097420 0.144594
v -0.316533 -0.094808 0.145008
v -0.307664 -0.091818 0.145121
v -0.300595 -0.089099 0.144993
v -0.295626 -0.086987 0.144857
v -0.250182 -0.073720 0.174129
v -0.246345 -0.075613 0.171595
v -0.257373 -0.077346 0.178351
v -0.246238 -0.079886 0.181089
v -0.249903 -0.077604 0.182835
v -0.262351 -0.081784 0.180812
v -0.257157 -0.079988 0.184701
v -0.246840 -0.084878 0.191527
v -0.250106 -0.082477 0.192804
v -0.262976 -0.086281 0.180317
v -0.262195 -0.083659 0.185289
v -0.262756 -0.087888 0.184463
v -0.256446 -0.083599 0.193039
v -0.247692 -0.089247 0.200356
v -0.250480 -0.087027 0.201444
v -0.261505 -0.086693 0.192212
v -0.262243 -0.090543 0.190684
v -0.255802 -0.087784 0.201465
v -0.260288 -0.090477 0.200559
v -0.260967 -0.093900 0.199128
v -0.248569 -0.093164 0.208174
v -0.250897 -0.091256 0.209078
v -0.255224 -0.091816 0.209088
v -0.249474 -0.096498 0.214694
v -0.251305 -0.094950 0.215380
v -0.259386 -0.096916 0.207089
v -0.258893 -0.094032 0.208283
v -0.254661 -0.095376 0.215422
v -0.250693 -0.099630 0.220501
v -0.252028 -0.098770 0.221168
v -0.257833 -0.099397 0.213853
v -0.257496 -0.097097 0.214758
v -0.253990 -0.099078 0.221358
v -0.251934 -0.101118 0.222691
v -0.252544 -0.100177 0.222577
v -0.256034 -0.101482 0.219964
v -0.255654 -0.100028 0.220803
v -0.253632 -0.100633 0.223110
v -0.253213 -0.101906 0.223314
v -0.254567 -0.102031 0.222426
v -0.254652 -0.100908 0.222365
v -0.247564 -0.080204 0.170810
v -0.254156 -0.085500 0.174189
v -0.247268 -0.084152 0.179722
v -0.253763 -0.088447 0.180631
v -0.247645 -0.088724 0.189913
v -0.253115 -0.091992 0.189135
v -0.248331 -0.092644 0.198897
v -0.252877 -0.095365 0.198005
v -0.249048 -0.096012 0.206914
v -0.252717 -0.098249 0.206153
v -0.249818 -0.098737 0.213649
v -0.252648 -0.100500 0.213081
v -0.251055 -0.101249 0.220036
v -0.252700 -0.102363 0.219857
v -0.251894 -0.101833 0.221820
v -0.252858 -0.102605 0.222210
v -0.254001 -0.102564 0.221608
v -0.254680 -0.102506 0.219671
v -0.256008 -0.100884 0.213027
v -0.257045 -0.098786 0.206111
v -0.258139 -0.096080 0.197991
v -0.259023 -0.092900 0.189295
v -0.259520 -0.089990 0.182226
v -0.259758 -0.087916 0.177694
v -0.306843 -0.101133 0.164679
v -0.309752 -0.097085 0.164280
v -0.302220 -0.103565 0.170103
v -0.316543 -0.102106 0.169427
v -0.313821 -0.106017 0.169785
v -0.309527 -0.108285 0.174710
v -0.323736 -0.107614 0.175294
v -0.321188 -0.111162 0.175526
v -0.317189 -0.113104 0.179770
v -0.329958 -0.112446 0.180523
v -0.327691 -0.115637 0.180675
v -0.324151 -0.117381 0.184431
v -0.335357 -0.116730 0.185258
v -0.333401 -0.119502 0.185328
v -0.330423 -0.121009 0.188469
v -0.339823 -0.120364 0.189370
v -0.338177 -0.122678 0.189371
v -0.335761 -0.123945 0.191932
v -0.343237 -0.123284 0.192828
v -0.341919 -0.125082 0.192782
v -0.340073 -0.126088 0.194769
v -0.345936 -0.125684 0.195761
v -0.345089 -0.127144 0.195988
v -0.343997 -0.127897 0.197373
v -0.346180 -0.127776 0.197661
v -0.347049 -0.127175 0.198068
v -0.345954 -0.128395 0.198739
v -0.346883 -0.127778 0.199529
v -0.345466 -0.127530 0.200205
v -0.344913 -0.128060 0.199371
v -0.342727 -0.126404 0.200096
v -0.342910 -0.127633 0.198931
v -0.338611 -0.125824 0.197251
v -0.338773 -0.124285 0.198856
v -0.333891 -0.123640 0.195160
v -0.334029 -0.121663 0.197196
v -0.328140 -0.120682 0.192432
v -0.328237 -0.118327 0.194872
v -0.321426 -0.117042 0.189136
v -0.321475 -0.114349 0.191979
v -0.314076 -0.112773 0.185163
v -0.314094 -0.109804 0.188376
v -0.305912 -0.107918 0.180745
v -0.305880 -0.104714 0.184302
v -0.298765 -0.100163 0.180468
v -0.298602 -0.103389 0.176709
v -0.278799 -0.101775 0.190195
v -0.278097 -0.097792 0.193040
v -0.284670 -0.103942 0.186013
v -0.282640 -0.102892 0.200291
v -0.283310 -0.106666 0.197434
v -0.288685 -0.108647 0.193419
v -0.287916 -0.108425 0.207860
v -0.288491 -0.111917 0.205285
v -0.293269 -0.113717 0.201679
v -0.292650 -0.113291 0.214442
v -0.293095 -0.116420 0.212129
v -0.297211 -0.117991 0.208924
v -0.296958 -0.117600 0.220169
v -0.297281 -0.120320 0.218167
v -0.300728 -0.121681 0.215469
v -0.300718 -0.121249 0.224924
v -0.300933 -0.123521 0.223234
v -0.303741 -0.124670 0.221045
v -0.303908 -0.124174 0.228584
v -0.304032 -0.125940 0.227229
v -0.306209 -0.126855 0.225558
v -0.306631 -0.126574 0.231496
v -0.306973 -0.128007 0.230642
v -0.308473 -0.128701 0.229670
v -0.308550 -0.128628 0.231872
v -0.308858 -0.128039 0.232789
v -0.309660 -0.129217 0.231737
v -0.310343 -0.128605 0.232750
v -0.311144 -0.128307 0.231410
v -0.310380 -0.128842 0.230768
v -0.310120 -0.128375 0.228743
v -0.308810 -0.126498 0.224344
v -0.307122 -0.124246 0.219498
v -0.304878 -0.121209 0.213582
v -0.302144 -0.117478 0.206668
v -0.298886 -0.113151 0.199051
v -0.295016 -0.108125 0.190564
v -0.291566 -0.103515 0.183029
v -0.295220 -0.100205 0.183605
v -0.298521 -0.104863 0.190955
v -0.302007 -0.110110 0.199436
v -0.304902 -0.114724 0.207047
v -0.307240 -0.118802 0.213964
v -0.309086 -0.122228 0.219874
v -0.310354 -0.124928 0.224694
v -0.311266 -0.127116 0.228699
v -0.309745 -0.093797 0.168051
v -0.316528 -0.098910 0.172987
v -0.306138 -0.093632 0.174672
v -0.323749 -0.104642 0.178504
v -0.313054 -0.098613 0.179052
v -0.301501 -0.096060 0.180098
v -0.308598 -0.100816 0.183975
v -0.316590 -0.106272 0.188227
v -0.330003 -0.109751 0.183363
v -0.320623 -0.104303 0.183893
v -0.323738 -0.111156 0.191825
v -0.335423 -0.114354 0.187679
v -0.327280 -0.109414 0.188071
v -0.330162 -0.115534 0.194784
v -0.339883 -0.118334 0.191357
v -0.333160 -0.114041 0.191654
v -0.335597 -0.119295 0.197145
v -0.343266 -0.121654 0.194348
v -0.338070 -0.118066 0.194619
v -0.339957 -0.122395 0.198817
v -0.346063 -0.124666 0.197120
v -0.341894 -0.121451 0.196888
v -0.343884 -0.125154 0.200063
v -0.346830 -0.126120 0.198417
v -0.345287 -0.124613 0.198873
v -0.346729 -0.126424 0.199640
v -0.345563 -0.126404 0.200128
v -0.281704 -0.094445 0.193576
v -0.288617 -0.094029 0.190602
v -0.286096 -0.099608 0.200674
v -0.294514 -0.096219 0.186449
v -0.292443 -0.099079 0.197790
v -0.291036 -0.105383 0.208246
v -0.297819 -0.101060 0.193775
v -0.301429 -0.106615 0.202010
v -0.296686 -0.104845 0.205655
v -0.295407 -0.110535 0.214817
v -0.304455 -0.111593 0.209356
v -0.300340 -0.110024 0.212564
v -0.299303 -0.115172 0.220519
v -0.306900 -0.116061 0.215934
v -0.303464 -0.114713 0.218653
v -0.302639 -0.119177 0.225219
v -0.308828 -0.119901 0.221483
v -0.306050 -0.118791 0.223731
v -0.305378 -0.122511 0.228795
v -0.310157 -0.123070 0.225911
v -0.308030 -0.122218 0.227676
v -0.307946 -0.125529 0.231774
v -0.311093 -0.125897 0.229875
v -0.309763 -0.125417 0.231171
v -0.309201 -0.126972 0.232629
v -0.310434 -0.127246 0.232637
v -0.311030 -0.127186 0.231525
v 0.007962 -0.023192 0.054298
v 0.047283 -0.023192 0.049434
v 0.000000 -0.023192 0.055207
v 0.054849 -0.023192 0.046520
v 0.091801 -0.023192 0.031771
v 0.097432 -0.023192 0.027535
v 0.129217 -0.023192 -0.000598
v 0.126866 -0.023192 0.004500
v 0.144350 -0.023192 -0.034206
v 0.133803 -0.023192 -0.072972
v 0.132474 -0.023192 -0.077396
v 0.099092 -0.023192 -0.105711
v 0.095937 -0.023192 -0.108347
v 0.052181 -0.023192 -0.124167
v 0.048463 -0.023192 -0.125509
v 0.003639 -0.023192 -0.130231
v 0.000000 -0.023192 -0.130605
v -0.007962 -0.023192 0.054298
v -0.047283 -0.023192 0.049434
v -0.054849 -0.023192 0.046520
v -0.091800 -0.023192 0.031771
v -0.097432 -0.023192 0.027535
v -0.129217 -0.023192 -0.000598
v -0.126866 -0.023192 0.004500
v -0.144350 -0.023192 -0.034206
v -0.133803 -0.023192 -0.072972
v -0.132474 -0.023192 -0.077396
v -0.099091 -0.023192 -0.105712
v -0.095936 -0.023192 -0.108347
v -0.052181 -0.023192 -0.124167
v -0.048463 -0.023192 -0.125509
v -0.003639 -0.023192 -0.130231
v 0.178125 -0.267821 0.016134
v 0.174340 -0.267821 0.026356
v 0.197997 -0.267821 -0.036382
v 0.137949 -0.267821 0.061829
v 0.129589 -0.267821 0.069764
v 0.080849 -0.267821 0.088998
v 0.069043 -0.267821 0.093603
v 0.055139 -0.267821 0.095553
v 0.000000 -0.267821 0.103331
v 0.189317 -0.267821 -0.092200
v 0.188157 -0.267821 -0.099319
v 0.147552 -0.267821 -0.140217
v 0.143312 -0.267821 -0.144425
v 0.084925 -0.267821 -0.167218
v 0.078835 -0.267821 -0.169448
v 0.005166 -0.267821 -0.178915
v 0.000000 -0.267821 -0.179466
v -0.137948 -0.267821 0.061830
v -0.174340 -0.267821 0.026356
v -0.129588 -0.267821 0.069765
v -0.178125 -0.267821 0.016134
v -0.197997 -0.267821 -0.036382
v -0.080849 -0.267821 0.088998
v -0.069043 -0.267821 0.093603
v -0.055139 -0.267821 0.095553
v -0.189316 -0.267821 -0.092200
v -0.188156 -0.267821 -0.099319
v -0.147552 -0.267821 -0.140217
v -0.143312 -0.267821 -0.144425
v -0.084925 -0.267821 -0.167218
v -0.078835 -0.267821 -0.169448
v -0.005166 -0.267821 -0.178915
vn 0.5945 0.7153 -0.3673
vn 0.9945 0.1043 -0.0128
vn 0.9245 0.3791 0.0407
vn 0.8335 0.0544 -0.5498
vn 0.5731 0.7992 0.1814
vn 0.0553 0.9954 0.0780
vn 0.9741 -0.0118 0.2256
vn 0.6467 -0.6751 -0.3550
vn 0.5760 0.7135 -0.3990
vn 0.7859 0.0197 -0.6181
vn 0.0519 0.9950 0.0858
vn 0.1260 0.8051 0.5796
vn -0.4610 0.7000 0.5454
vn 0.6286 -0.2337 0.7418
vn -0.0312 -0.9969 -0.0724
vn 0.5562 -0.7111 -0.4300
vn 0.5872 0.7044 -0.3989
vn 0.7888 0.0035 -0.6147
vn 0.0566 0.9945 0.0882
vn -0.4726 0.6911 0.5468
vn -0.2905 0.3006 0.9084
vn -0.6775 0.0061 0.7355
vn -0.4741 0.6799 0.5594
vn -0.0854 -0.9892 -0.1195
vn 0.5492 -0.7225 -0.4199
vn -0.6927 -0.0162 0.7210
vn 0.0104 -0.1115 0.9937
vn -0.4546 -0.7162 0.5295
vn -0.4652 -0.7351 0.4931
vn -0.6912 -0.0300 0.7220
vn -0.0858 -0.9891 -0.1197
vn -0.4616 -0.7398 0.4895
vn -0.4734 0.6745 0.5665
vn 0.0570 0.9945 0.0875
vn 0.5919 0.6986 -0.4020
vn 0.7865 -0.0068 -0.6175
vn 0.5559 -0.7322 -0.3935
vn 0.0487 0.9957 0.0784
vn 0.5673 0.6939 -0.4435
vn 0.7780 -0.0668 -0.6247
vn -0.5123 0.6694 0.5380
vn 0.5637 -0.7464 -0.3538
vn -0.3399 0.8720 -0.3522
vn 0.3306 0.5474 -0.7688
vn 0.7777 -0.0793 -0.6236
vn -0.8100 0.5216 0.2681
vn 0.2106 -0.9742 -0.0816
vn -0.0192 -0.9988 -0.0460
vn 0.7438 -0.6477 -0.1651
vn 0.1540 0.4309 -0.8892
vn -0.5507 0.5894 -0.5911
vn 0.8012 -0.0284 -0.5977
vn -0.9102 0.4068 0.0783
vn -0.6937 -0.1001 0.7133
vn -0.6888 -0.0402 0.7238
vn -0.4404 -0.7446 0.5016
vn -0.4084 -0.7484 0.5226
vn 0.7975 0.0570 -0.6006
vn 0.1487 0.4802 -0.8644
vn -0.5359 0.6191 -0.5740
vn -0.6922 -0.1126 0.7129
vn -0.1972 -0.6797 0.7065
vn 0.2590 -0.8729 0.4135
vn -0.8863 0.4568 0.0765
vn -0.6746 0.0237 0.7378
vn -0.6700 -0.0617 0.7398
vn -0.0373 -0.3875 0.9211
vn -0.0493 -0.4681 0.8823
vn 0.7829 0.1127 -0.6119
vn 0.1281 0.4921 -0.8611
vn -0.5373 0.6165 -0.5756
vn 0.3463 -0.6844 0.6417
vn 0.4329 -0.6557 0.6186
vn -0.0447 -0.2967 0.9539
vn -0.6840 0.0807 0.7250
vn -0.8813 0.4692 0.0566
vn 0.5180 -0.5463 0.6582
vn 0.7771 0.1428 -0.6130
vn 0.9728 -0.2309 0.0173
vn 0.9574 -0.2871 0.0323
vn 0.9324 -0.3593 0.0381
vn 0.9055 -0.4241 -0.0165
vn 0.5703 -0.5277 0.6296
vn 0.5481 -0.5912 0.5917
vn 0.9784 -0.2066 -0.0073
vn 0.7645 0.1576 -0.6250
vn 0.1271 0.4981 -0.8577
vn -0.5372 0.6167 -0.5755
vn -0.8780 0.4754 0.0561
vn -0.6828 0.1031 0.7233
vn -0.0640 -0.2555 0.9647
vn 0.1394 0.4913 -0.8598
vn -0.5390 0.6130 -0.5776
vn -0.0669 -0.2499 0.9660
vn -0.6983 0.1245 0.7049
vn -0.8810 0.4683 0.0679
vn -0.6808 0.3211 -0.6584
vn -0.0001 0.2174 -0.9761
vn 0.4152 -0.1046 -0.9037
vn 0.6392 -0.5471 -0.5405
vn 0.1250 -0.9898 -0.0685
vn -0.3900 -0.8256 0.4079
vn -0.8070 -0.4056 0.4293
vn -0.9871 0.1543 0.0428
vn 0.9758 0.1977 0.0935
vn 0.9241 0.2721 0.2683
vn 0.9598 0.1181 0.2546
vn 0.7669 0.2722 0.5811
vn 0.9410 0.3380 0.0193
vn 0.9786 0.0995 0.1802
vn 0.7956 0.1464 0.5878
vn 0.9377 0.3444 0.0453
vn 0.5645 0.2655 0.7815
vn 0.7773 0.2073 0.5940
vn 0.8206 0.1941 0.5375
vn 0.4631 0.1993 0.8636
vn 0.5265 0.2151 0.8225
vn 0.6138 0.1625 0.7725
vn 0.4641 0.2018 0.8625
vn 0.9806 0.0941 0.1720
vn 0.7756 0.1735 0.6069
vn 0.3836 0.2177 0.8975
vn 0.4940 0.1647 0.8537
vn 0.2535 0.1819 0.9501
vn 0.2461 0.1631 0.9554
vn 0.2345 0.1975 0.9518
vn 0.2340 0.1985 0.9518
vn 0.0684 0.1845 0.9804
vn -0.0000 0.1443 0.9895
vn 0.0727 0.1895 0.9792
vn 0.0727 0.1974 0.9776
vn 0.1192 0.1431 0.9825
vn 0.2369 0.1469 0.9603
vn -0.0000 0.1507 0.9886
vn 0.3640 0.1428 0.9204
vn 0.4804 0.1484 0.8644
vn 0.6059 0.1432 0.7826
vn 0.8995 0.1571 0.4077
vn 0.7699 0.1544 0.6192
vn 0.9823 0.1692 0.0806
vn 0.8410 0.2274 -0.4910
vn 0.8351 0.2078 -0.5093
vn 0.8542 0.2367 -0.4630
vn 0.8294 0.1907 -0.5252
vn 0.4995 0.2319 -0.8347
vn 0.4912 0.2232 -0.8420
vn 0.4877 0.2054 -0.8485
vn 0.4908 0.1838 -0.8517
vn 0.2104 0.2089 -0.9550
vn 0.2143 0.1949 -0.9571
vn 0.2184 0.1849 -0.9582
vn 0.2196 0.1769 -0.9594
vn 0.0410 0.2331 -0.9716
vn 0.0532 0.1876 -0.9808
vn 0.0525 0.1802 -0.9822
vn 0.0177 0.1736 -0.9847
vn 0.9491 0.1704 -0.2651
vn 0.8190 0.1882 -0.5420
vn 0.6354 0.1753 -0.7520
vn 0.4873 0.1781 -0.8549
vn 0.3348 0.1708 -0.9267
vn 0.2189 0.1702 -0.9608
vn 0.1026 0.1673 -0.9806
vn -0.0000 0.1701 -0.9854
vn 0.9569 0.2319 0.1747
vn 0.8201 0.2008 0.5359
vn 0.8225 0.2079 0.5294
vn 0.9160 0.2118 0.3407
vn 0.9669 0.2370 0.0943
vn 0.6751 0.2094 0.7074
vn 0.5271 0.2144 0.8223
vn 0.5260 0.2149 0.8229
vn 0.3557 0.2135 0.9099
vn 0.2478 0.2123 0.9452
vn 0.2469 0.2159 0.9447
vn 0.0306 0.1905 0.9812
vn 0.1358 0.2148 0.9672
vn -0.0000 0.2178 0.9760
vn 0.8608 0.2493 -0.4437
vn 0.9565 0.2474 -0.1545
vn 0.8636 0.2536 -0.4356
vn 0.6845 0.2423 -0.6876
vn 0.5230 0.2258 -0.8219
vn 0.5420 0.2289 -0.8086
vn 0.3391 0.2234 -0.9138
vn 0.2211 0.2130 -0.9517
vn 0.2413 0.2159 -0.9461
vn 0.1070 0.2249 -0.9685
vn -0.0000 0.2319 -0.9727
vn 0.0359 0.2180 -0.9753
vn -0.1591 -0.7407 -0.6528
vn -0.3890 -0.8069 -0.4445
vn 0.1366 -0.3441 -0.9290
vn -0.0844 0.1514 -0.9849
vn -0.6536 0.2804 -0.7029
vn -0.6234 -0.7498 -0.2220
vn -0.9344 -0.3533 0.0448
vn -0.9834 0.1086 -0.1454
vn 0.1286 -0.4787 -0.8685
vn -0.1117 -0.6953 -0.7100
vn -0.2501 -0.8076 -0.5341
vn -0.3607 -0.8355 -0.4145
vn 0.3221 0.1783 -0.9298
vn 0.2307 0.5880 -0.7753
vn -0.2961 0.6358 -0.7128
vn -0.8643 -0.5017 0.0348
vn -0.6787 -0.7082 -0.1944
vn -0.9359 0.3259 0.1339
vn -0.8621 0.5048 -0.0438
vn -0.1003 -0.7419 -0.6629
vn 0.1864 -0.5071 -0.8415
vn 0.4861 -0.1897 -0.8530
vn 0.6261 0.0301 -0.7792
vn -0.8489 -0.5205 0.0921
vn -0.9653 0.0610 0.2540
vn -0.9314 -0.0735 0.3565
vn -0.6324 -0.7512 -0.1889
vn -0.4849 -0.8146 -0.3183
vn -0.3447 -0.8503 -0.3978
vn -0.2409 -0.8358 -0.4933
vn -0.4478 -0.8395 -0.3078
vn -0.1120 -0.7840 -0.6105
vn -0.5704 -0.7993 -0.1891
vn 0.0939 -0.6379 -0.7643
vn 0.6516 -0.2051 -0.7303
vn -0.1017 -0.8262 -0.5541
vn -0.2276 -0.8551 -0.4658
vn -0.3268 -0.8649 -0.3809
vn -0.5135 -0.8400 -0.1756
vn -0.4208 -0.8609 -0.2860
vn 0.0696 -0.7628 -0.6429
vn -0.6258 -0.7798 -0.0160
vn -0.7564 -0.6538 0.0185
vn -0.9468 -0.0371 0.3198
vn 0.3724 -0.0050 -0.9280
vn 0.0250 -0.3772 -0.9258
vn -0.1528 -0.7559 -0.6366
vn -0.0286 -0.8485 -0.5284
vn 0.3181 -0.7037 -0.6353
vn -0.9521 0.2330 0.1981
vn -0.8790 -0.4588 -0.1297
vn -0.5174 -0.8134 -0.2658
vn 0.1455 -0.8588 -0.4913
vn -0.0176 -0.8840 -0.4671
vn 0.3196 -0.7647 -0.5595
vn -0.1901 -0.8823 -0.4306
vn -0.2936 -0.8915 -0.3449
vn -0.3915 -0.8855 -0.2501
vn -0.4995 -0.8594 -0.1091
vn -0.6363 -0.7385 0.2231
vn -0.1248 -0.9113 -0.3923
vn -0.2317 -0.9322 -0.2779
vn -0.2933 -0.9473 -0.1288
vn -0.4403 -0.8942 -0.0815
vn -0.5607 -0.7901 0.2478
vn -0.3570 -0.9164 -0.1812
vn 0.2244 -0.7161 0.6609
vn -0.7660 -0.0540 0.6405
vn -0.0296 -0.9409 -0.3373
vn -0.1097 -0.9834 -0.1446
vn -0.6929 -0.1006 0.7140
vn -0.3104 -0.9470 -0.0823
vn 0.1665 -0.6878 -0.7066
vn -0.1174 -0.8813 -0.4578
vn -0.5907 -0.8042 0.0652
vn -0.3836 -0.8751 -0.2950
vn 0.7566 -0.2627 -0.5988
vn 0.9175 -0.2690 -0.2929
vn 0.9024 -0.2299 -0.3644
vn 0.7055 -0.5549 0.4409
vn -0.0288 -0.9914 -0.1273
vn 0.1526 -0.9022 -0.4034
vn 0.2649 -0.9255 0.2708
vn -0.0672 -0.6413 0.7644
vn 0.4840 -0.7074 0.5152
vn 0.7251 -0.6792 0.1135
vn -0.7617 -0.1898 0.6195
vn 0.4886 0.7499 -0.4461
vn 0.6046 0.6368 -0.4786
vn 0.2546 0.9127 -0.3197
vn -0.1050 0.9925 -0.0628
vn -0.3898 0.8760 0.2841
vn -0.5074 0.7327 0.4536
vn -0.5487 0.6104 0.5712
vn 0.6859 0.5760 -0.4446
vn -0.5189 0.5308 0.6701
vn 0.6886 0.6334 -0.3530
vn 0.1551 0.9685 0.1947
vn -0.4642 0.5508 0.6936
vn -0.0225 0.9357 0.3522
vn -0.1658 0.8635 0.4763
vn -0.1533 0.8473 0.5085
vn -0.1201 0.8137 0.5688
vn 0.5147 0.7492 -0.4168
vn 0.5588 0.8279 -0.0485
vn 0.4978 0.8631 -0.0846
vn 0.4682 0.8779 -0.1001
vn 0.3294 0.9436 0.0322
vn 0.2312 0.9325 0.2776
vn 0.3661 0.9199 0.1405
vn 0.0824 0.9135 0.3984
vn 0.4074 0.8942 0.1853
vn 0.1232 0.8876 0.4439
vn 0.2771 0.9034 0.3273
vn 0.1568 0.8686 0.4700
vn -0.0851 0.7880 0.6097
vn -0.2675 0.5856 0.7652
vn -0.0130 0.7641 0.6449
vn -0.4101 0.7336 0.5419
vn -0.1478 0.8102 0.5672
vn 0.3029 0.8844 0.3552
vn 0.4314 0.8747 0.2207
vn 0.5960 0.8029 -0.0091
vn 0.7736 0.6073 -0.1810
vn 0.5277 0.8416 0.1151
vn 0.6237 0.7788 0.0664
vn 0.4676 0.8464 0.2550
vn 0.6835 0.6707 0.2881
vn 0.8906 0.4014 -0.2138
vn 0.7272 0.6781 0.1066
vn 0.3322 0.8603 0.3868
vn 0.1885 0.8401 0.5087
vn 0.5274 0.7810 0.3345
vn 0.0263 0.6680 0.7437
vn -0.2888 0.3858 0.8762
vn 0.2134 0.6602 0.7201
vn 0.2636 0.7750 0.5744
vn 0.4000 0.7929 0.4597
vn 0.1332 0.6192 0.7739
vn -0.1364 0.3332 0.9330
vn 0.3154 0.6672 0.6748
vn -0.2237 0.4790 0.8488
vn 0.3316 0.5530 0.7643
vn 0.4835 0.6820 0.5488
vn 0.6248 0.6743 0.3937
vn 0.7422 0.6343 0.2163
vn 0.9072 0.4187 -0.0404
vn 0.8122 0.5705 -0.1223
vn 0.7153 0.5617 0.4158
vn 0.4577 0.8210 0.3412
vn 0.2015 0.7580 0.6203
vn 0.5695 0.5168 0.6393
vn 0.3455 0.5969 0.7241
vn 0.6864 0.0018 0.7272
vn 0.7697 0.5310 0.3544
vn 0.0937 0.3826 -0.9191
vn 0.3678 0.9203 -0.1334
vn -0.0828 0.4427 -0.8928
vn 0.4084 0.9087 -0.0869
vn 0.3142 0.8368 0.4485
vn 0.1151 0.3978 0.9102
vn -0.0087 0.4187 -0.9081
vn 0.4375 0.8913 -0.1192
vn 0.3415 0.8593 0.3809
vn -0.2334 -0.0520 0.9710
vn 0.2202 0.5601 0.7986
vn -0.1097 -0.0846 0.9904
vn 0.0291 0.4010 -0.9156
vn 0.4671 0.8730 -0.1401
vn 0.3694 0.8469 0.3824
vn 0.2462 0.5288 0.8123
vn -0.0331 -0.1614 0.9863
vn 0.3975 0.8299 0.3914
vn 0.2772 0.5119 0.8131
vn -0.3134 -0.1481 0.9380
vn 0.0667 0.3906 -0.9181
vn 0.4891 0.8585 -0.1541
vn 0.1183 0.3737 -0.9200
vn 0.5245 0.8359 -0.1615
vn 0.4196 0.8183 0.3928
vn -0.2386 -0.2224 0.9453
vn 0.2980 0.4894 0.8196
vn 0.2569 0.3162 -0.9132
vn 0.5929 0.7905 -0.1535
vn 0.4549 0.7995 0.3923
vn -0.1842 -0.2456 0.9517
vn 0.3345 0.4617 0.8216
vn 0.5928 0.1303 -0.7947
vn 0.7589 0.6356 -0.1418
vn 0.5120 0.7653 0.3901
vn -0.0489 -0.3060 0.9508
vn 0.4078 0.4238 0.8087
vn 0.8265 0.4552 0.3313
vn 0.9341 -0.2512 -0.2537
vn 0.3822 -0.3424 0.8583
vn 0.5870 0.2945 0.7541
vn -0.1729 -0.5427 -0.8219
vn -0.3979 -0.8490 -0.3478
vn -0.1131 -0.5249 -0.8436
vn -0.4150 -0.8326 -0.3669
vn -0.0641 -0.5111 -0.8571
vn -0.4024 -0.8294 -0.3874
vn -0.0307 -0.5113 -0.8589
vn -0.3663 -0.8437 -0.3924
vn -0.0005 -0.5033 -0.8641
vn -0.3618 -0.8457 -0.3923
vn 0.0444 -0.5067 -0.8610
vn -0.3284 -0.8597 -0.3913
vn 0.1923 -0.5526 -0.8110
vn -0.2338 -0.8924 -0.3858
vn 0.3714 -0.5768 -0.7276
vn 0.2738 -0.9146 -0.2976
vn 0.1420 -0.9608 0.2379
vn -0.0507 -0.9651 0.2569
vn -0.1984 -0.9437 0.2648
vn -0.2426 -0.9355 0.2568
vn -0.2829 -0.9227 0.2619
vn -0.3224 -0.9168 0.2356
vn -0.3551 -0.9050 0.2343
vn -0.4014 -0.8777 0.2616
vn -0.8700 0.4929 -0.0109
vn -0.2005 0.8764 0.4378
vn 0.3515 0.8648 0.3586
vn -0.8461 0.5267 -0.0812
vn -0.1527 0.8951 0.4188
vn 0.8165 0.5537 0.1634
vn 0.3255 0.8588 0.3957
vn -0.8782 0.4775 -0.0269
vn -0.1826 0.8768 0.4448
vn 0.9040 -0.2424 -0.3521
vn 0.7644 0.5699 0.3016
vn 0.9128 -0.2264 -0.3400
vn 0.3245 0.8457 0.4236
vn -0.8888 0.4581 0.0129
vn -0.2066 0.8580 0.4702
vn 0.7719 0.5402 0.3351
vn 0.9329 -0.2520 -0.2572
vn 0.3314 0.8287 0.4511
vn 0.7702 0.5236 0.3642
vn 0.9278 -0.2213 -0.3004
vn -0.8944 0.4453 0.0416
vn -0.2217 0.8430 0.4900
vn 0.3309 0.8171 0.4721
vn -0.9002 0.4260 0.0902
vn -0.2310 0.8200 0.5237
vn 0.9398 -0.2700 -0.2097
vn 0.7752 0.5011 0.3846
vn 0.3277 0.7977 0.5062
vn -0.9063 0.3598 0.2216
vn -0.2268 0.7748 0.5901
vn 0.9416 -0.2975 -0.1576
vn 0.7749 0.4728 0.4195
vn 0.3210 0.7628 0.5613
vn -0.7581 0.2155 0.6155
vn -0.2287 0.6133 0.7560
vn 0.9335 -0.3580 -0.0185
vn 0.7557 0.4352 0.4895
vn 0.2402 0.4419 0.8643
vn 0.0601 -0.1154 0.9915
vn 0.8075 -0.4761 0.3482
vn 0.6876 0.2968 0.6626
vn -0.7802 -0.5557 -0.2873
vn -0.3280 -0.8427 -0.4270
vn -0.7785 -0.5521 -0.2987
vn -0.3822 -0.8293 -0.4076
vn -0.8029 -0.5388 -0.2549
vn -0.4304 -0.8302 -0.3543
vn -0.8146 -0.5369 -0.2195
vn -0.4305 -0.8448 -0.3177
vn -0.8237 -0.5337 -0.1917
vn -0.4504 -0.8443 -0.2904
vn -0.8287 -0.5397 -0.1483
vn -0.4539 -0.8545 -0.2527
vn -0.8248 -0.5649 -0.0266
vn -0.4736 -0.8702 -0.1359
vn -0.7708 -0.6112 0.1798
vn -0.3632 -0.8865 0.2867
vn 0.2472 -0.9585 0.1421
vn 0.2670 -0.9623 -0.0515
vn 0.2918 -0.9362 -0.1961
vn 0.2876 -0.9271 -0.2402
vn 0.2703 -0.9256 -0.2651
vn 0.2752 -0.9077 -0.3168
vn 0.2707 -0.8978 -0.3474
vn 0.2834 -0.8759 -0.3906
vn 0.4439 0.1386 -0.8853
vn 0.1144 -0.6562 -0.7459
vn -0.3879 -0.8182 -0.4243
vn 0.3951 0.1193 -0.9109
vn 0.0602 -0.6909 -0.7204
vn -0.3922 -0.8135 -0.4294
vn 0.4216 0.1195 -0.8989
vn 0.0812 -0.6933 -0.7161
vn -0.3846 -0.8194 -0.4251
vn 0.4424 0.1066 -0.8905
vn 0.0974 -0.6949 -0.7125
vn -0.3780 -0.8260 -0.4182
vn 0.4673 0.0939 -0.8791
vn 0.1203 -0.6945 -0.7093
vn -0.3682 -0.8339 -0.4112
vn 0.5002 0.0742 -0.8627
vn 0.1503 -0.6990 -0.6991
vn -0.3500 -0.8471 -0.3999
vn 0.5334 0.0502 -0.8444
vn 0.1797 -0.7124 -0.6783
vn -0.3270 -0.8629 -0.3853
vn 0.6221 -0.0154 -0.7828
vn 0.2340 -0.7402 -0.6304
vn -0.2608 -0.9024 -0.3430
vn 0.4245 -0.7392 -0.5229
vn 0.7873 -0.4552 -0.4159
vn 0.0077 -0.9874 -0.1583
vn 0.6278 -0.6955 0.3495
vn 0.1110 -0.5186 0.8478
vn -0.1951 -0.8881 0.4162
vn -0.1034 -0.4699 0.8767
vn -0.3837 -0.8523 0.3555
vn -0.5160 -0.8060 0.2900
vn -0.4801 -0.4532 0.7511
vn -0.5447 -0.7947 0.2680
vn -0.5094 -0.4426 0.7380
vn -0.5681 -0.7857 0.2450
vn -0.5353 -0.4370 0.7228
vn -0.5880 -0.7770 0.2248
vn -0.5626 -0.4313 0.7053
vn -0.6020 -0.7725 0.2022
vn -0.5897 -0.4262 0.6860
vn -0.6201 -0.7654 0.1721
vn -0.6026 -0.4278 0.6737
vn -0.4487 -0.3048 0.8401
vn -0.6264 -0.7579 0.1820
vn -0.8756 0.1317 0.4647
vn -0.7806 -0.6239 -0.0366
vn -0.4035 -0.8391 -0.3648
vn -0.9183 0.2066 0.3377
vn -0.7023 -0.7113 -0.0274
vn -0.4044 -0.8590 -0.3139
vn -0.9113 0.1911 0.3646
vn -0.6999 -0.7142 -0.0084
vn -0.4134 -0.8625 -0.2920
vn -0.9052 0.1796 0.3851
vn -0.7009 -0.7131 0.0127
vn -0.4097 -0.8694 -0.2762
vn -0.8969 0.1647 0.4104
vn -0.7001 -0.7131 0.0366
vn -0.4060 -0.8765 -0.2587
vn -0.8844 0.1443 0.4439
vn -0.6927 -0.7181 0.0673
vn -0.3969 -0.8878 -0.2329
vn -0.8694 0.1228 0.4786
vn -0.6744 -0.7318 0.0982
vn -0.3841 -0.9005 -0.2039
vn -0.8165 0.0580 0.5744
vn -0.6312 -0.7597 0.1562
vn -0.3556 -0.9279 -0.1117
vn -0.5422 -0.7611 0.3561
vn -0.5863 -0.1348 0.7988
vn -0.2533 -0.9353 0.2470
vn 0.1776 -0.4656 0.8670
vn 0.8194 -0.4710 0.3267
vn 0.4175 -0.8908 -0.1795
vn 0.3315 -0.8786 -0.3439
vn 0.3048 -0.8398 -0.4493
vn 0.2877 -0.8277 -0.4819
vn 0.2667 -0.8211 -0.5046
vn 0.2476 -0.8169 -0.5210
vn 0.2278 -0.8125 -0.5366
vn 0.1897 -0.8121 -0.5519
vn 0.2246 -0.7816 -0.5819
vn 0.7731 -0.2803 -0.5690
vn 0.7330 -0.3964 -0.5528
vn 0.7209 -0.0956 -0.6864
vn 0.7420 -0.1173 -0.6600
vn 0.7627 -0.1347 -0.6326
vn 0.7827 -0.1557 -0.6026
vn 0.8013 -0.1806 -0.5704
vn 0.8467 -0.2456 -0.4720
vn 0.6187 0.7708 -0.1519
vn 0.6190 0.7760 -0.1214
vn 0.3253 0.8620 0.3889
vn 0.6348 0.7630 -0.1223
vn 0.3626 0.8390 0.4057
vn -0.0931 0.6143 0.7836
vn -0.0552 0.5686 0.8207
vn -0.0340 0.5321 0.8460
vn 0.6500 0.7496 -0.1251
vn 0.3715 0.8313 0.4135
vn -0.0176 0.5199 0.8540
vn 0.6683 0.7329 -0.1277
vn 0.3818 0.8232 0.4202
vn -0.0069 0.5006 0.8657
vn 0.6934 0.7098 -0.1239
vn 0.3947 0.8133 0.4274
vn 0.0093 0.4765 0.8791
vn 0.7187 0.6864 -0.1113
vn 0.4139 0.7975 0.4389
vn 0.0336 0.4488 0.8930
vn 0.7799 0.6241 -0.0471
vn 0.4387 0.7757 0.4536
vn 0.1704 0.3729 0.9121
vn 0.9017 0.4318 0.0215
vn 0.4814 0.7345 0.4784
vn 0.7366 0.3447 0.5818
vn 0.2546 0.2485 0.9346
vn -0.2396 0.7329 0.6368
vn 0.3299 0.8614 0.3862
vn -0.2143 0.6891 0.6922
vn 0.7572 0.6530 0.0162
vn 0.3486 0.8387 0.4184
vn -0.2146 0.6742 0.7067
vn 0.7666 0.6408 0.0415
vn 0.7701 0.6368 0.0390
vn 0.3557 0.8309 0.4278
vn -0.2171 0.6614 0.7179
vn 0.7864 0.6158 0.0485
vn 0.3618 0.8225 0.4388
vn -0.2194 0.6451 0.7319
vn 0.8017 0.5947 0.0599
vn 0.3679 0.8125 0.4521
vn -0.2145 0.6218 0.7533
vn 0.8185 0.5694 0.0758
vn 0.3779 0.7967 0.4716
vn -0.2028 0.5939 0.7786
vn 0.8323 0.5453 0.0999
vn 0.3907 0.7747 0.4972
vn -0.1008 0.5034 0.8581
vn 0.8523 0.4875 0.1894
vn 0.4123 0.7329 0.5412
vn -0.0565 0.3746 0.9254
vn 0.5143 0.3447 0.7853
vn 0.8997 0.2955 0.3214
vn -0.5945 0.7153 -0.3673
vn -0.9248 0.3450 -0.1605
vn -0.8335 0.0544 -0.5499
vn -0.9011 0.4049 0.1553
vn -0.6323 0.4823 0.6062
vn -0.0553 0.9954 0.0780
vn -0.9854 -0.0679 -0.1563
vn -0.6467 -0.6751 -0.3550
vn -0.5759 0.7135 -0.3990
vn -0.7859 0.0197 -0.6181
vn -0.0519 0.9950 0.0858
vn -0.3982 0.3203 0.8596
vn 0.4610 0.7000 0.5455
vn -0.8726 -0.3014 0.3844
vn -0.2084 -0.9767 -0.0502
vn -0.5563 -0.7111 -0.4300
vn -0.5872 0.7044 -0.3989
vn -0.7887 0.0033 -0.6147
vn -0.0566 0.9945 0.0882
vn 0.4726 0.6911 0.5468
vn -0.3044 0.0173 0.9524
vn 0.6775 0.0061 0.7355
vn 0.4741 0.6799 0.5594
vn -0.1904 -0.9763 -0.1031
vn -0.5492 -0.7225 -0.4199
vn 0.6927 -0.0164 0.7210
vn -0.4937 0.0019 0.8696
vn 0.4569 -0.7190 0.5237
vn 0.4650 -0.7345 0.4942
vn 0.6912 -0.0300 0.7220
vn -0.1885 -0.9766 -0.1036
vn 0.4586 -0.7382 0.4948
vn 0.4734 0.6745 0.5665
vn -0.0570 0.9945 0.0875
vn -0.5919 0.6986 -0.4020
vn -0.7865 -0.0068 -0.6175
vn -0.5559 -0.7322 -0.3935
vn -0.0489 0.9957 0.0786
vn -0.5673 0.6939 -0.4435
vn -0.7780 -0.0668 -0.6247
vn 0.5123 0.6694 0.5380
vn -0.5637 -0.7464 -0.3538
vn 0.3399 0.8720 -0.3522
vn -0.3306 0.5474 -0.7688
vn -0.7777 -0.0794 -0.6236
vn 0.8100 0.5216 0.2681
vn -0.2547 -0.9621 0.0971
vn -0.2474 -0.9676 -0.0504
vn -0.7546 -0.6384 -0.1516
vn -0.1540 0.4309 -0.8892
vn 0.5507 0.5894 -0.5911
vn -0.8012 -0.0284 -0.5977
vn 0.9102 0.4068 0.0783
vn 0.6937 -0.1001 0.7133
vn 0.6888 -0.0402 0.7238
vn 0.4340 -0.7400 0.5139
vn 0.3922 -0.7388 0.5481
vn -0.4784 -0.8537 0.2057
vn 0.6922 -0.1126 0.7129
vn 0.6700 -0.0617 0.7398
vn 0.2165 -0.6730 0.7072
vn -0.6228 -0.6781 0.3902
vn -0.8943 -0.4468 0.0244
vn -0.9298 -0.3656 0.0418
vn -0.7975 0.0570 -0.6006
vn -0.1487 0.4802 -0.8644
vn 0.5359 0.6191 -0.5740
vn 0.6746 0.0237 0.7378
vn 0.8863 0.4568 0.0765
vn -0.5910 -0.6521 0.4750
vn -0.9593 -0.2810 0.0295
vn -0.7826 0.1126 -0.6123
vn -0.1281 0.4921 -0.8611
vn 0.5373 0.6165 -0.5756
vn -0.7460 -0.4239 0.5136
vn 0.6842 0.0808 0.7248
vn 0.0505 -0.3018 0.9520
vn 0.0444 -0.3809 0.9235
vn 0.0916 -0.4466 0.8900
vn -0.6334 -0.5589 0.5352
vn -0.9728 -0.2309 0.0173
vn -0.7771 0.1428 -0.6130
vn -0.1271 0.4981 -0.8577
vn 0.5372 0.6167 -0.5755
vn 0.8780 0.4754 0.0561
vn 0.8813 0.4692 0.0566
vn 0.6828 0.1031 0.7233
vn 0.0644 -0.2589 0.9637
vn -0.7645 0.1576 -0.6250
vn -0.9784 -0.2065 -0.0073
vn -0.7821 -0.3523 0.5140
vn 0.0826 -0.2612 0.9617
vn 0.6983 0.1245 0.7049
vn 0.8810 0.4683 0.0679
vn 0.5390 0.6131 -0.5776
vn -0.1393 0.4914 -0.8597
vn -0.1250 -0.9898 -0.0685
vn -0.5215 -0.8089 -0.2713
vn -0.5135 -0.3759 -0.7713
vn -0.1322 0.1795 -0.9748
vn 0.5800 0.3982 -0.7106
vn 0.5094 -0.7990 0.3197
vn 0.9197 -0.3534 0.1713
vn 0.9922 0.1134 -0.0519
vn -0.9744 0.2051 0.0917
vn -0.9248 0.2801 0.2573
vn -0.9592 0.1183 0.2569
vn -0.7620 0.2748 0.5864
vn -0.9722 0.2191 0.0830
vn -0.9984 0.0451 0.0326
vn -0.7963 0.1455 0.5872
vn -0.9465 0.2685 0.1792
vn -0.5686 0.2508 0.7835
vn -0.7773 0.2073 0.5940
vn -0.8206 0.1941 0.5375
vn -0.4631 0.1993 0.8636
vn -0.5292 0.2182 0.8199
vn -0.6122 0.1566 0.7750
vn -0.4641 0.2018 0.8625
vn -0.9957 0.0541 0.0752
vn -0.7752 0.1703 0.6083
vn -0.3836 0.2177 0.8975
vn -0.4917 0.1557 0.8567
vn -0.2587 0.1777 0.9495
vn -0.2454 0.1616 0.9559
vn -0.2438 0.1918 0.9507
vn -0.2461 0.1957 0.9493
vn -0.2369 0.1469 0.9603
vn -0.1192 0.1431 0.9825
vn -0.3640 0.1428 0.9204
vn -0.4805 0.1484 0.8644
vn -0.6059 0.1431 0.7826
vn -0.7699 0.1544 0.6192
vn -0.8995 0.1571 0.4077
vn -0.9823 0.1692 0.0806
vn -0.8310 0.2524 -0.4957
vn -0.8344 0.2261 -0.5026
vn -0.8484 0.2547 -0.4641
vn -0.8293 0.2001 -0.5218
vn -0.4995 0.2319 -0.8347
vn -0.4912 0.2232 -0.8420
vn -0.4877 0.2054 -0.8485
vn -0.4927 0.1903 -0.8491
vn -0.2131 0.2103 -0.9541
vn -0.2156 0.1957 -0.9567
vn -0.2184 0.1849 -0.9582
vn -0.2196 0.1769 -0.9594
vn -0.9491 0.1704 -0.2651
vn -0.8190 0.1882 -0.5420
vn -0.6354 0.1753 -0.7520
vn -0.4873 0.1781 -0.8549
vn -0.3349 0.1708 -0.9267
vn -0.2189 0.1702 -0.9608
vn -0.1026 0.1673 -0.9806
vn -0.6751 0.2094 0.7074
vn -0.8183 0.2022 0.5381
vn -0.8225 0.2080 0.5294
vn -0.5260 0.2149 0.8229
vn -0.5242 0.2029 0.8271
vn -0.9687 0.1882 0.1620
vn -0.9160 0.2118 0.3407
vn -0.9669 0.2370 0.0943
vn -0.3557 0.2135 0.9099
vn -0.2469 0.2159 0.9447
vn -0.2479 0.2068 0.9465
vn -0.1358 0.2148 0.9672
vn -0.8603 0.2505 -0.4439
vn -0.8637 0.2536 -0.4356
vn -0.9565 0.2474 -0.1545
vn -0.6845 0.2423 -0.6876
vn -0.5243 0.2348 -0.8185
vn -0.5420 0.2289 -0.8086
vn -0.3391 0.2234 -0.9138
vn -0.2226 0.2161 -0.9507
vn -0.2413 0.2159 -0.9461
vn -0.1070 0.2249 -0.9685
vn 0.1485 -0.7350 -0.6616
vn 0.3895 -0.8039 -0.4494
vn -0.1344 -0.3270 -0.9354
vn 0.0488 0.1314 -0.9901
vn 0.6403 0.2941 -0.7096
vn 0.6154 -0.7525 -0.2345
vn 0.9285 -0.3690 0.0408
vn 0.9770 0.1178 -0.1776
vn -0.1286 -0.4787 -0.8685
vn 0.1117 -0.6953 -0.7100
vn -0.2159 0.3519 -0.9108
vn -0.0263 0.5246 -0.8510
vn 0.2961 0.6358 -0.7128
vn 0.8643 -0.5017 0.0348
vn 0.6787 -0.7082 -0.1944
vn 0.9607 0.1465 0.2357
vn 0.8078 0.5649 0.1683
vn 0.9599 0.1182 0.2542
vn 0.4849 -0.8146 -0.3183
vn 0.6324 -0.7512 -0.1890
vn -0.1863 -0.5072 -0.8415
vn -0.3430 0.0919 -0.9348
vn -0.4446 -0.0401 -0.8948
vn 0.1003 -0.7419 -0.6629
vn 0.2501 -0.8076 -0.5341
vn 0.3607 -0.8355 -0.4146
vn 0.2409 -0.8358 -0.4933
vn 0.3447 -0.8503 -0.3978
vn 0.4478 -0.8395 -0.3078
vn 0.1120 -0.7840 -0.6105
vn 0.5704 -0.7993 -0.1891
vn 0.1017 -0.8262 -0.5541
vn 0.2277 -0.8551 -0.4657
vn 0.3268 -0.8650 -0.3809
vn 0.7564 -0.6538 0.0185
vn 0.8489 -0.5205 0.0921
vn 0.8930 -0.2212 0.3920
vn 0.7850 -0.2335 0.5738
vn 0.5135 -0.8399 -0.1756
vn 0.4208 -0.8609 -0.2860
vn 0.6258 -0.7798 -0.0160
vn 0.1901 -0.8823 -0.4306
vn 0.2936 -0.8915 -0.3449
vn 0.9583 -0.0352 0.2835
vn 0.9174 -0.3929 -0.0633
vn 0.6197 -0.7535 -0.2197
vn 0.4995 -0.8595 -0.1090
vn 0.6363 -0.7385 0.2231
vn 0.3915 -0.8855 -0.2501
vn 0.1248 -0.9113 -0.3923
vn 0.0176 -0.8840 -0.4671
vn 0.0286 -0.8485 -0.5284
vn -0.0696 -0.7628 -0.6429
vn -0.0939 -0.6379 -0.7643
vn -0.4089 -0.0124 -0.9125
vn -0.2820 0.2600 -0.9235
vn 0.0392 -0.4462 -0.8941
vn 0.2008 -0.8120 -0.5479
vn -0.3181 -0.7037 -0.6353
vn 0.0778 -0.9494 -0.3044
vn -0.3196 -0.7648 -0.5594
vn -0.7252 -0.6254 0.2880
vn -0.7056 0.0041 -0.7086
vn -0.7751 -0.0596 -0.6291
vn -0.7096 0.0148 -0.7044
vn -0.1769 -0.6796 -0.7120
vn 0.0296 -0.9409 -0.3373
vn 0.2317 -0.9322 -0.2780
vn 0.3570 -0.9164 -0.1812
vn 0.4403 -0.8942 -0.0815
vn 0.5607 -0.7901 0.2478
vn 0.1094 -0.9834 -0.1448
vn 0.4984 -0.3584 0.7894
vn -0.3742 -0.6184 0.6910
vn 0.2901 -0.9488 -0.1250
vn 0.5817 -0.3841 0.7170
vn 0.3104 -0.9470 -0.0823
vn 0.7026 -0.7064 0.0861
vn 0.4229 -0.8880 -0.1803
vn 0.6625 -0.2902 0.6905
vn -0.1797 -0.9819 0.0599
vn -0.2649 -0.9255 0.2708
vn 0.1852 -0.9308 0.3151
vn 0.2524 -0.9201 -0.2995
vn -0.0609 -0.6961 0.7153
vn -0.6752 -0.5644 0.4749
vn -0.9149 -0.4020 -0.0362
vn -0.4775 0.7573 -0.4455
vn -0.6050 0.6351 -0.4802
vn -0.3111 0.9034 -0.2950
vn 0.0556 0.9963 -0.0650
vn 0.3593 0.8981 0.2536
vn 0.4976 0.7371 0.4572
vn 0.5470 0.6111 0.5722
vn -0.6937 0.5617 -0.4508
vn 0.5205 0.5505 0.6527
vn -0.7349 0.5784 -0.3541
vn -0.1551 0.9685 0.1947
vn 0.4531 0.5977 0.6614
vn 0.0225 0.9357 0.3522
vn 0.1658 0.8635 0.4763
vn 0.1533 0.8473 0.5085
vn 0.1201 0.8137 0.5688
vn -0.5413 0.6792 -0.4956
vn -0.5588 0.8279 -0.0485
vn -0.4978 0.8631 -0.0846
vn -0.4682 0.8779 -0.1001
vn -0.3294 0.9436 0.0322
vn -0.2311 0.9325 0.2775
vn -0.3661 0.9199 0.1405
vn -0.0824 0.9135 0.3984
vn -0.4074 0.8942 0.1853
vn -0.4314 0.8747 0.2207
vn -0.5959 0.8030 -0.0092
vn -0.7736 0.6073 -0.1810
vn -0.5673 0.8193 -0.0825
vn -0.6237 0.7788 0.0664
vn -0.2770 0.9034 0.3272
vn -0.1232 0.8876 0.4439
vn -0.1568 0.8686 0.4700
vn 0.0850 0.7880 0.6098
vn 0.2675 0.5857 0.7651
vn 0.0130 0.7641 0.6449
vn 0.4069 0.7302 0.5488
vn -0.0459 0.8324 0.5523
vn -0.1885 0.8401 0.5087
vn -0.3029 0.8844 0.3552
vn -0.4676 0.8464 0.2550
vn -0.3322 0.8602 0.3868
vn -0.0263 0.6680 0.7437
vn 0.3068 0.3841 0.8708
vn -0.2954 0.6464 0.7035
vn -0.7272 0.6781 0.1066
vn -0.8950 0.4021 -0.1933
vn -0.6839 0.6583 0.3146
vn -0.5274 0.7810 0.3345
vn -0.7422 0.6343 0.2163
vn -0.9109 0.4118 -0.0275
vn -0.4000 0.7929 0.4597
vn -0.2636 0.7750 0.5744
vn -0.6248 0.6743 0.3937
vn -0.8945 0.4271 -0.1322
vn -0.1332 0.6192 0.7739
vn 0.1335 0.3833 0.9139
vn -0.3154 0.6671 0.6749
vn 0.2143 0.5454 0.8103
vn -0.4835 0.6820 0.5488
vn -0.3316 0.5530 0.7643
vn -0.2758 0.8170 0.5064
vn -0.7153 0.5617 0.4158
vn -0.5794 0.7665 0.2770
vn -0.5695 0.5168 0.6392
vn -0.5048 0.5531 0.6627
vn -0.7667 0.5652 0.3045
vn -0.6727 -0.0011 0.7399
vn -0.2808 0.4155 -0.8652
vn -0.4153 0.8961 -0.1567
vn 0.0156 0.5433 -0.8394
vn -0.4084 0.9087 -0.0869
vn -0.3009 0.8615 0.4089
vn -0.1106 0.5740 0.8114
vn -0.0424 0.5001 -0.8650
vn -0.4375 0.8913 -0.1192
vn -0.3415 0.8593 0.3809
vn 0.3992 -0.2630 0.8783
vn -0.2202 0.5601 0.7986
vn 0.4232 -0.2458 0.8720
vn -0.0819 0.4828 -0.8719
vn -0.4671 0.8730 -0.1402
vn -0.3694 0.8469 0.3824
vn -0.2462 0.5288 0.8122
vn 0.3388 -0.2803 0.8981
vn -0.3976 0.8298 0.3915
vn -0.2772 0.5119 0.8131
vn 0.3134 -0.1480 0.9380
vn -0.1139 0.4653 -0.8778
vn -0.4891 0.8585 -0.1541
vn -0.1683 0.4506 -0.8767
vn -0.5245 0.8359 -0.1616
vn -0.4196 0.8183 0.3928
vn 0.2873 -0.2998 0.9097
vn -0.2980 0.4893 0.8196
vn -0.3015 0.3887 -0.8706
vn -0.5929 0.7905 -0.1535
vn -0.4548 0.7996 0.3922
vn 0.2357 -0.3254 0.9157
vn -0.3345 0.4617 0.8216
vn -0.6789 0.2482 -0.6910
vn -0.7588 0.6357 -0.1418
vn -0.5120 0.7654 0.3898
vn 0.0958 -0.3824 0.9190
vn -0.4078 0.4239 0.8087
vn -0.8265 0.4552 0.3313
vn -0.9839 -0.0947 0.1517
vn -0.2818 -0.4881 0.8260
vn -0.5871 0.2945 0.7541
vn 0.1862 -0.5512 -0.8133
vn 0.3816 -0.8347 -0.3970
vn 0.1964 -0.5213 -0.8305
vn 0.3491 -0.8284 -0.4381
vn 0.1474 -0.5055 -0.8502
vn 0.2920 -0.8269 -0.4807
vn 0.1095 -0.5069 -0.8550
vn 0.2538 -0.8408 -0.4781
vn 0.0798 -0.4992 -0.8628
vn 0.2234 -0.8396 -0.4951
vn 0.0347 -0.5032 -0.8634
vn 0.1852 -0.8490 -0.4949
vn -0.0966 -0.5325 -0.8409
vn 0.0680 -0.8612 -0.5037
vn -0.3080 -0.5610 -0.7684
vn -0.3418 -0.8704 -0.3544
vn -0.1641 -0.9574 0.2375
vn 0.0496 -0.9686 0.2436
vn 0.1960 -0.9472 0.2538
vn 0.2399 -0.9390 0.2465
vn 0.2859 -0.9285 0.2369
vn 0.3245 -0.9156 0.2375
vn 0.3557 -0.9046 0.2349
vn 0.4187 -0.8749 0.2435
vn 0.9127 0.4045 0.0570
vn 0.1744 0.9121 0.3709
vn -0.3893 0.8317 0.3958
vn 0.8917 0.4239 -0.1589
vn 0.1527 0.8951 0.4188
vn -0.8669 0.4225 0.2645
vn -0.3255 0.8588 0.3957
vn 0.9140 0.3971 -0.0832
vn 0.1826 0.8768 0.4448
vn -0.9778 -0.1297 -0.1645
vn -0.7644 0.5699 0.3016
vn -0.9979 -0.0628 -0.0171
vn -0.3245 0.8457 0.4236
vn 0.9247 0.3781 -0.0447
vn 0.2066 0.8580 0.4702
vn -0.7719 0.5402 0.3351
vn -0.9886 -0.1387 0.0583
vn -0.3312 0.8288 0.4510
vn -0.7702 0.5236 0.3642
vn -0.9834 -0.0560 0.1728
vn 0.9296 0.3683 -0.0137
vn 0.2217 0.8430 0.4901
vn -0.3309 0.8170 0.4722
vn 0.9358 0.3507 0.0359
vn 0.2310 0.8200 0.5237
vn -0.9701 -0.1891 -0.1523
vn -0.7752 0.5011 0.3846
vn -0.3277 0.7976 0.5064
vn 0.9411 0.2901 0.1738
vn 0.2268 0.7748 0.5901
vn -0.9702 -0.2194 -0.1023
vn -0.7749 0.4729 0.4195
vn -0.3212 0.7628 0.5613
vn 0.8502 0.0976 0.5173
vn 0.2287 0.6133 0.7560
vn -0.9581 -0.2848 0.0305
vn -0.7557 0.4352 0.4895
vn -0.2403 0.4418 0.8643
vn 0.3348 -0.2796 0.8999
vn -0.8266 -0.3323 0.4543
vn -0.6876 0.2968 0.6626
vn 0.7807 -0.5615 -0.2743
vn 0.2922 -0.8448 -0.4483
vn 0.7980 -0.5718 -0.1906
vn 0.3062 -0.8299 -0.4664
vn 0.8142 -0.5631 -0.1411
vn 0.3272 -0.8280 -0.4553
vn 0.8222 -0.5591 -0.1073
vn 0.3347 -0.8430 -0.4210
vn 0.8281 -0.5544 -0.0828
vn 0.3351 -0.8444 -0.4180
vn 0.8280 -0.5594 -0.0391
vn 0.3370 -0.8591 -0.3853
vn 0.7769 -0.6221 0.0971
vn 0.3398 -0.8945 -0.2907
vn 0.7064 -0.6558 0.2662
vn 0.3117 -0.9396 0.1415
vn -0.2506 -0.9542 0.1637
vn -0.2680 -0.9621 -0.0507
vn -0.2905 -0.9364 -0.1970
vn -0.2855 -0.9275 -0.2414
vn -0.2855 -0.9155 -0.2834
vn -0.2833 -0.9055 -0.3158
vn -0.2796 -0.8956 -0.3460
vn -0.2903 -0.8638 -0.4117
vn -0.5344 0.1259 -0.8358
vn -0.0270 -0.6231 -0.7817
vn 0.2928 -0.8328 -0.4697
vn -0.4186 0.2379 -0.8764
vn -0.0602 -0.6909 -0.7204
vn 0.2433 -0.8498 -0.4676
vn -0.4442 0.2223 -0.8679
vn -0.0812 -0.6933 -0.7161
vn 0.2266 -0.8583 -0.4604
vn -0.4647 0.2105 -0.8601
vn -0.0974 -0.6950 -0.7124
vn 0.2149 -0.8650 -0.4535
vn -0.4893 0.1961 -0.8498
vn -0.1203 -0.6945 -0.7093
vn 0.1973 -0.8718 -0.4485
vn -0.5220 0.1762 -0.8345
vn -0.1503 -0.6990 -0.6991
vn 0.1724 -0.8828 -0.4371
vn -0.5556 0.1550 -0.8169
vn -0.1797 -0.7124 -0.6783
vn 0.1442 -0.8950 -0.4220
vn -0.6474 0.0913 -0.7567
vn -0.2341 -0.7401 -0.6304
vn 0.0545 -0.9211 -0.3854
vn -0.4246 -0.7392 -0.5229
vn -0.8539 -0.1023 -0.5104
vn -0.2928 -0.9232 -0.2490
vn -0.8570 -0.4510 0.2491
vn -0.1680 -0.4638 0.8699
vn 0.1886 -0.8991 0.3951
vn 0.0561 -0.3965 0.9163
vn 0.3422 -0.8765 0.3387
vn 0.4546 -0.8506 0.2644
vn 0.1911 -0.3449 0.9190
vn 0.4858 -0.8392 0.2445
vn 0.2192 -0.3329 0.9171
vn 0.5072 -0.8326 0.2224
vn 0.2383 -0.3246 0.9153
vn 0.5251 -0.8267 0.2022
vn 0.2574 -0.3175 0.9127
vn 0.5368 -0.8241 0.1810
vn 0.2807 -0.3142 0.9069
vn 0.5387 -0.8278 0.1568
vn 0.2769 -0.3110 0.9092
vn 0.3220 -0.2887 0.9017
vn 0.6012 -0.7800 0.1735
vn 0.8638 -0.0078 0.5038
vn 0.7658 -0.6422 0.0340
vn 0.3704 -0.8112 -0.4525
vn 0.9471 0.0884 0.3085
vn 0.7023 -0.7113 -0.0274
vn 0.3627 -0.8230 -0.4372
vn 0.9373 0.0892 0.3369
vn 0.6999 -0.7142 -0.0084
vn 0.3640 -0.8197 -0.4423
vn 0.9308 0.0752 0.3576
vn 0.7009 -0.7131 0.0127
vn 0.3591 -0.8260 -0.4344
vn 0.9214 0.0625 0.3835
vn 0.7001 -0.7131 0.0366
vn 0.3536 -0.8337 -0.4243
vn 0.9078 0.0422 0.4173
vn 0.6927 -0.7181 0.0673
vn 0.3440 -0.8469 -0.4055
vn 0.8921 0.0179 0.4515
vn 0.6744 -0.7318 0.0982
vn 0.3311 -0.8630 -0.3816
vn 0.8374 -0.0484 0.5444
vn 0.6312 -0.7597 0.1563
vn 0.2942 -0.9032 -0.3126
vn 0.5422 -0.7611 0.3561
vn 0.4769 -0.4836 0.7339
vn 0.1340 -0.9905 -0.0297
vn -0.1908 -0.8550 0.4823
vn -0.7892 -0.5781 0.2073
vn -0.4646 -0.8649 -0.1900
vn -0.4184 -0.8211 -0.3882
vn -0.3480 -0.7797 -0.5205
vn -0.3295 -0.7677 -0.5496
vn -0.3081 -0.7581 -0.5747
vn -0.2896 -0.7511 -0.5933
vn -0.2704 -0.7428 -0.6124
vn -0.2499 -0.7429 -0.6210
vn -0.2386 -0.7667 -0.5960
vn -0.7683 -0.0119 -0.6400
vn -0.7290 0.0231 -0.6841
vn -0.7209 -0.0956 -0.6864
vn -0.7420 -0.1173 -0.6600
vn -0.7628 -0.1347 -0.6325
vn -0.8129 -0.0542 -0.5799
vn -0.8327 -0.0766 -0.5484
vn -0.8818 -0.1406 -0.4502
vn -0.6266 0.7660 -0.1437
vn -0.7004 0.7077 -0.0922
vn -0.3298 0.8622 0.3845
vn -0.7147 0.6934 -0.0912
vn -0.3626 0.8390 0.4057
vn 0.0639 0.6485 0.7585
vn 0.0536 0.6053 0.7942
vn 0.0723 0.5928 0.8021
vn -0.7261 0.6811 -0.0942
vn -0.3715 0.8313 0.4135
vn 0.0538 0.5761 0.8156
vn -0.7403 0.6654 -0.0966
vn -0.3821 0.8230 0.4204
vn 0.0427 0.5553 0.8306
vn -0.7608 0.6426 -0.0911
vn -0.3948 0.8134 0.4273
vn 0.0267 0.5299 0.8476
vn -0.7852 0.6144 -0.0767
vn -0.4138 0.7976 0.4389
vn 0.0038 0.5048 0.8632
vn -0.8207 0.5703 0.0350
vn -0.4387 0.7757 0.4536
vn -0.0813 0.4405 0.8940
vn -0.9126 0.4035 0.0658
vn -0.4814 0.7345 0.4783
vn -0.7202 0.3599 0.5932
vn -0.2337 0.2730 0.9332
vn 0.2302 0.7423 0.6293
vn -0.3373 0.8605 0.3817
vn 0.2208 0.7420 0.6331
vn -0.7996 0.6005 -0.0035
vn -0.3486 0.8387 0.4184
vn 0.2224 0.7280 0.6485
vn -0.8155 0.5756 0.0598
vn -0.8199 0.5625 0.1064
vn -0.3557 0.8309 0.4278
vn 0.2253 0.7142 0.6627
vn -0.8316 0.5436 0.1142
vn -0.3617 0.8225 0.4388
vn 0.2283 0.6971 0.6797
vn -0.8424 0.5244 0.1239
vn -0.3679 0.8126 0.4520
vn 0.2251 0.6732 0.7043
vn -0.8544 0.5005 0.1396
vn -0.3779 0.7967 0.4717
vn 0.2150 0.6483 0.7304
vn -0.8659 0.4721 0.1655
vn -0.3908 0.7745 0.4973
vn 0.1618 0.5794 0.7988
vn -0.8488 0.4445 0.2862
vn -0.4123 0.7329 0.5411
vn 0.0702 0.4015 0.9132
vn -0.4969 0.3511 0.7936
vn -0.8877 0.2745 0.3697
vn -0.0000 1.0000 -0.0000
vn -0.0000 -1.0000 -0.0000
vt 0.644536 0.375533
vt 0.651072 0.381346
vt 0.644664 0.382387
vt 0.650278 0.375000
vt 0.638672 0.380859
vt 0.638672 0.375471
vt 0.657737 0.378788
vt 0.656092 0.373755
vt 0.644146 0.368436
vt 0.649725 0.368432
vt 0.638672 0.368378
vt 0.632742 0.380088
vt 0.633060 0.375313
vt 0.662633 0.375734
vt 0.661512 0.372504
vt 0.655229 0.368244
vt 0.643896 0.361956
vt 0.649325 0.362122
vt 0.638672 0.361841
vt 0.633293 0.368358
vt 0.627202 0.378636
vt 0.627345 0.374652
vt 0.633475 0.361911
vt 0.660572 0.367582
vt 0.654509 0.362125
vt 0.627720 0.368373
vt 0.621170 0.377030
vt 0.621533 0.373540
vt 0.615784 0.372504
vt 0.614663 0.375734
vt 0.622165 0.368214
vt 0.616724 0.367582
vt 0.628045 0.362079
vt 0.659582 0.361695
vt 0.622837 0.362105
vt 0.617715 0.361695
vt 0.633472 0.356079
vt 0.638672 0.355933
vt 0.643879 0.356108
vt 0.649186 0.356400
vt 0.654248 0.356508
vt 0.638672 0.353596
vt 0.644099 0.353000
vt 0.649604 0.352050
vt 0.633241 0.352973
vt 0.654664 0.351101
vt 0.638672 0.350610
vt 0.644431 0.350483
vt 0.649952 0.349990
vt 0.632896 0.350464
vt 0.659047 0.356312
vt 0.659074 0.350480
vt 0.654854 0.349276
vt 0.643587 0.347367
vt 0.638672 0.347149
vt 0.648885 0.347726
vt 0.633731 0.347356
vt 0.627715 0.352023
vt 0.628155 0.356370
vt 0.623074 0.356496
vt 0.618249 0.356312
vt 0.622639 0.351088
vt 0.618223 0.350480
vt 0.647425 0.343268
vt 0.643021 0.344129
vt 0.638672 0.344384
vt 0.627361 0.349970
vt 0.622448 0.349266
vt 0.618283 0.348504
vt 0.634288 0.344122
vt 0.629880 0.343260
vt 0.628426 0.347712
vt 0.625622 0.342004
vt 0.623508 0.347414
vt 0.645996 0.337117
vt 0.642343 0.337782
vt 0.638672 0.337985
vt 0.619027 0.346349
vt 0.621584 0.340501
vt 0.627584 0.336030
vt 0.631298 0.337110
vt 0.634951 0.337776
vt 0.624002 0.334665
vt 0.644843 0.331196
vt 0.648019 0.330312
vt 0.649711 0.336031
vt 0.651678 0.342008
vt 0.653794 0.347423
vt 0.658269 0.346349
vt 0.659013 0.348504
vt 0.655712 0.340501
vt 0.653295 0.334665
vt 0.651096 0.329148
vt 0.648795 0.323865
vt 0.646268 0.324722
vt 0.643680 0.325249
vt 0.641789 0.331696
vt 0.638672 0.331846
vt 0.635487 0.331690
vt 0.632426 0.331184
vt 0.629265 0.330306
vt 0.626201 0.329148
vt 0.641173 0.325531
vt 0.638672 0.325663
vt 0.628501 0.323865
vt 0.631030 0.324712
vt 0.633619 0.325239
vt 0.636130 0.325523
vt 0.638672 0.322411
vt 0.640860 0.322266
vt 0.643160 0.321988
vt 0.645426 0.321889
vt 0.647717 0.321269
vt 0.629580 0.321269
vt 0.631876 0.321879
vt 0.634150 0.321977
vt 0.636463 0.322260
vt 0.767609 0.317728
vt 0.761851 0.323842
vt 0.763472 0.317736
vt 0.765810 0.329595
vt 0.759894 0.311670
vt 0.763607 0.307192
vt 0.756622 0.332855
vt 0.755859 0.326172
vt 0.773958 0.318036
vt 0.772409 0.335490
vt 0.752519 0.304447
vt 0.752852 0.310547
vt 0.772140 0.303377
vt 0.747656 0.331326
vt 0.749929 0.324768
vt 0.757231 0.339376
vt 0.752222 0.299280
vt 0.741569 0.338943
vt 0.741727 0.320625
vt 0.746051 0.319728
vt 0.742393 0.308538
vt 0.747138 0.313668
vt 0.735226 0.306422
vt 0.772241 0.352076
vt 0.758481 0.353040
vt 0.736495 0.321657
vt 0.744290 0.355137
vt 0.725783 0.342483
vt 0.729236 0.358519
vt 0.721523 0.325430
vt 0.717530 0.310293
vt 0.709498 0.347244
vt 0.714499 0.362633
vt 0.703659 0.330709
vt 0.698299 0.315932
vt 0.717665 0.364468
vt 0.729745 0.361057
vt 0.715215 0.365122
vt 0.732255 0.360485
vt 0.744630 0.357590
vt 0.746841 0.357205
vt 0.760433 0.354967
vt 0.758648 0.355118
vt 0.772267 0.354047
vt 0.789313 0.319298
vt 0.788064 0.336691
vt 0.790245 0.304070
vt 0.786806 0.353064
vt 0.809075 0.306834
vt 0.807137 0.322196
vt 0.804613 0.339530
vt 0.802079 0.355734
vt 0.828870 0.311356
vt 0.825493 0.326620
vt 0.821578 0.343648
vt 0.817792 0.359508
vt 0.848198 0.317210
vt 0.843105 0.331924
vt 0.837561 0.348403
vt 0.832685 0.363780
vt 0.785215 0.354587
vt 0.786691 0.354652
vt 0.800568 0.356849
vt 0.801863 0.357053
vt 0.816300 0.360392
vt 0.817523 0.360670
vt 0.831246 0.364567
vt 0.832363 0.364874
vt 0.771517 0.288865
vt 0.751185 0.289112
vt 0.750000 0.278310
vt 0.753523 0.278092
vt 0.771496 0.277109
vt 0.733889 0.279932
vt 0.732721 0.291682
vt 0.730224 0.280377
vt 0.713972 0.283238
vt 0.713402 0.295347
vt 0.710052 0.284029
vt 0.692917 0.301091
vt 0.705808 0.285228
vt 0.688989 0.289582
vt 0.791212 0.289210
vt 0.789686 0.276976
vt 0.792027 0.276978
vt 0.810285 0.278596
vt 0.810896 0.291674
vt 0.812187 0.278807
vt 0.831575 0.282019
vt 0.831862 0.295814
vt 0.833583 0.282416
vt 0.856094 0.288256
vt 0.857669 0.288696
vt 0.853272 0.302312
vt 0.632517 0.268112
vt 0.638509 0.268563
vt 0.634371 0.270473
vt 0.638509 0.265888
vt 0.630209 0.274294
vt 0.633262 0.274388
vt 0.634523 0.279424
vt 0.635598 0.277924
vt 0.638479 0.279273
vt 0.638475 0.281095
vt 0.644488 0.268092
vt 0.642620 0.270437
vt 0.646780 0.274337
vt 0.643681 0.274442
vt 0.642453 0.279535
vt 0.641383 0.278042
vt 0.626629 0.267514
vt 0.629743 0.264953
vt 0.633088 0.259980
vt 0.638507 0.259973
vt 0.627822 0.276167
vt 0.633028 0.281583
vt 0.638459 0.283542
vt 0.650390 0.267502
vt 0.647282 0.264943
vt 0.649185 0.276255
vt 0.643949 0.281679
vt 0.628598 0.260079
vt 0.624817 0.260712
vt 0.621689 0.262232
vt 0.623977 0.269160
vt 0.652167 0.260787
vt 0.655307 0.262216
vt 0.653045 0.269147
vt 0.648436 0.260061
vt 0.643942 0.259966
vt 0.638527 0.253052
vt 0.633066 0.253240
vt 0.643975 0.253229
vt 0.627867 0.253639
vt 0.649172 0.253604
vt 0.624175 0.254057
vt 0.620902 0.258409
vt 0.627897 0.246422
vt 0.633093 0.246323
vt 0.638544 0.246196
vt 0.649167 0.246488
vt 0.643991 0.246336
vt 0.625101 0.246229
vt 0.652117 0.246506
vt 0.652882 0.254034
vt 0.656101 0.258410
vt 0.620345 0.255637
vt 0.622471 0.252991
vt 0.623349 0.245952
vt 0.628418 0.239005
vt 0.625026 0.238132
vt 0.656676 0.255653
vt 0.654566 0.253006
vt 0.653735 0.246209
vt 0.623175 0.241128
vt 0.629375 0.234733
vt 0.626556 0.232462
vt 0.633134 0.239463
vt 0.638545 0.239453
vt 0.643939 0.239504
vt 0.648660 0.239144
vt 0.652258 0.238373
vt 0.633393 0.232651
vt 0.638538 0.231807
vt 0.653969 0.241116
vt 0.647688 0.234829
vt 0.650491 0.232578
vt 0.643677 0.232677
vt 0.656150 0.238410
vt 0.655325 0.236103
vt 0.632643 0.228680
vt 0.638538 0.225959
vt 0.653829 0.231858
vt 0.644429 0.228698
vt 0.627374 0.229522
vt 0.632007 0.226761
vt 0.649681 0.229577
vt 0.645071 0.226781
vt 0.624314 0.229547
vt 0.623270 0.231600
vt 0.621756 0.235863
vt 0.621053 0.238449
vt 0.636465 0.223871
vt 0.640613 0.223880
vt 0.638525 0.223792
vt 0.637619 0.221241
vt 0.638512 0.221205
vt 0.639450 0.221244
vt 0.652728 0.229609
vt 0.647699 0.192142
vt 0.653367 0.187129
vt 0.649522 0.194136
vt 0.650783 0.185946
vt 0.643632 0.196937
vt 0.644316 0.199552
vt 0.638866 0.198511
vt 0.638885 0.201510
vt 0.633395 0.199647
vt 0.634080 0.196997
vt 0.628159 0.194223
vt 0.629983 0.192208
vt 0.624299 0.187115
vt 0.626896 0.185946
vt 0.652383 0.179699
vt 0.655655 0.180200
vt 0.625307 0.179701
vt 0.622037 0.180184
vt 0.656442 0.176378
vt 0.653333 0.172651
vt 0.638847 0.193361
vt 0.621243 0.176378
vt 0.624341 0.172662
vt 0.634424 0.191989
vt 0.631581 0.189668
vt 0.629954 0.185172
vt 0.628792 0.179277
vt 0.657000 0.173605
vt 0.654961 0.171061
vt 0.648949 0.179250
vt 0.647738 0.185151
vt 0.646108 0.189627
vt 0.643265 0.191951
vt 0.638849 0.185934
vt 0.643866 0.185433
vt 0.633827 0.185451
vt 0.644281 0.179049
vt 0.633410 0.179059
vt 0.638846 0.179082
vt 0.633069 0.171924
vt 0.628057 0.172318
vt 0.625075 0.164818
vt 0.627962 0.164874
vt 0.622704 0.171071
vt 0.620668 0.173621
vt 0.623199 0.164276
vt 0.638841 0.171893
vt 0.644610 0.171924
vt 0.649622 0.172309
vt 0.652611 0.164866
vt 0.654478 0.164192
vt 0.649719 0.164886
vt 0.644693 0.164969
vt 0.654491 0.158957
vt 0.652339 0.157053
vt 0.649078 0.157776
vt 0.638839 0.164906
vt 0.632985 0.164961
vt 0.644354 0.158144
vt 0.656291 0.156418
vt 0.655587 0.153831
vt 0.628624 0.157777
vt 0.625258 0.157099
vt 0.623157 0.159100
vt 0.633334 0.158142
vt 0.621194 0.156379
vt 0.622019 0.154072
vt 0.638839 0.158412
vt 0.629865 0.152927
vt 0.627143 0.150696
vt 0.623516 0.149827
vt 0.633492 0.151194
vt 0.624616 0.147577
vt 0.627767 0.147648
vt 0.632748 0.146833
vt 0.638829 0.150205
vt 0.644172 0.151193
vt 0.647816 0.152892
vt 0.650528 0.150636
vt 0.654074 0.149568
vt 0.653030 0.147516
vt 0.649899 0.147607
vt 0.644899 0.146823
vt 0.645648 0.144685
vt 0.631990 0.144702
vt 0.638816 0.144716
vt 0.640957 0.141892
vt 0.638821 0.141573
vt 0.639725 0.139209
vt 0.638832 0.139174
vt 0.637894 0.139212
vt 0.636665 0.141897
vt 0.657574 0.052062
vt 0.660460 0.047993
vt 0.660799 0.053435
vt 0.657298 0.047219
vt 0.659993 0.041143
vt 0.657014 0.040992
vt 0.652344 0.046875
vt 0.652344 0.044046
vt 0.648331 0.043439
vt 0.648163 0.041775
vt 0.659299 0.033983
vt 0.656565 0.034140
vt 0.652344 0.039607
vt 0.645373 0.041868
vt 0.645447 0.040637
vt 0.648312 0.038464
vt 0.645606 0.037744
vt 0.658402 0.027774
vt 0.655984 0.028027
vt 0.652344 0.034116
vt 0.648609 0.033755
vt 0.645943 0.033499
vt 0.652344 0.028323
vt 0.649078 0.027975
vt 0.646659 0.027736
vt 0.657240 0.022040
vt 0.655247 0.022383
vt 0.656053 0.017737
vt 0.654533 0.018149
vt 0.652344 0.022764
vt 0.647651 0.022086
vt 0.649655 0.022399
vt 0.654510 0.014144
vt 0.653521 0.014388
vt 0.652344 0.018466
vt 0.648744 0.017785
vt 0.650271 0.018174
vt 0.653398 0.012678
vt 0.653033 0.013287
vt 0.652344 0.014425
vt 0.650220 0.014174
vt 0.651203 0.014406
vt 0.652344 0.013045
vt 0.652344 0.012029
vt 0.651353 0.012712
vt 0.651765 0.013322
vt 0.663753 0.051991
vt 0.663455 0.047020
vt 0.667454 0.046505
vt 0.667143 0.043426
vt 0.662880 0.040542
vt 0.666604 0.038531
vt 0.661994 0.033473
vt 0.665593 0.032461
vt 0.660776 0.027167
vt 0.663904 0.026161
vt 0.659165 0.021416
vt 0.661609 0.020328
vt 0.657496 0.017107
vt 0.659200 0.015931
vt 0.655186 0.013357
vt 0.655823 0.012328
vt 0.654090 0.012453
vt 0.653688 0.011668
vt 0.651000 0.011668
vt 0.650641 0.012494
vt 0.649540 0.013400
vt 0.647287 0.017185
vt 0.645709 0.021522
vt 0.644278 0.027250
vt 0.643260 0.033225
vt 0.642768 0.038109
vt 0.642520 0.041591
vt 0.642159 0.043419
vt 0.637545 0.043426
vt 0.637233 0.046505
vt 0.638084 0.038531
vt 0.639095 0.032461
vt 0.640784 0.026161
vt 0.643078 0.020328
vt 0.645488 0.015931
vt 0.648864 0.012328
vt 0.597445 0.047905
vt 0.600365 0.052048
vt 0.597154 0.053439
vt 0.600594 0.047107
vt 0.605469 0.046875
vt 0.605469 0.043875
vt 0.597844 0.041311
vt 0.600827 0.041096
vt 0.609423 0.043512
vt 0.609634 0.041609
vt 0.605469 0.039702
vt 0.598520 0.034039
vt 0.601258 0.034179
vt 0.612628 0.041750
vt 0.612498 0.040668
vt 0.609537 0.038525
vt 0.612240 0.037812
vt 0.605469 0.034204
vt 0.599408 0.027846
vt 0.601819 0.028108
vt 0.609229 0.033772
vt 0.611901 0.033522
vt 0.605469 0.028506
vt 0.608755 0.028036
vt 0.611181 0.027794
vt 0.600492 0.022403
vt 0.602513 0.022745
vt 0.605469 0.023280
vt 0.601689 0.017962
vt 0.603239 0.018367
vt 0.610248 0.022446
vt 0.608209 0.022756
vt 0.605469 0.018883
vt 0.603281 0.014173
vt 0.604275 0.014395
vt 0.609140 0.018006
vt 0.607581 0.018388
vt 0.605469 0.014666
vt 0.604375 0.012774
vt 0.604755 0.013325
vt 0.607616 0.014202
vt 0.606619 0.014409
vt 0.605469 0.013300
vt 0.605469 0.012352
vt 0.606550 0.012790
vt 0.606159 0.013335
vt 0.594174 0.052019
vt 0.594431 0.046959
vt 0.590368 0.046714
vt 0.590694 0.043366
vt 0.594954 0.040676
vt 0.591191 0.038665
vt 0.595825 0.033525
vt 0.592195 0.032508
vt 0.597036 0.027267
vt 0.593879 0.026248
vt 0.598534 0.021789
vt 0.596032 0.020692
vt 0.600214 0.017334
vt 0.598466 0.016151
vt 0.602602 0.013393
vt 0.601957 0.012362
vt 0.603706 0.012534
vt 0.604154 0.011785
vt 0.606784 0.011785
vt 0.607221 0.012561
vt 0.608980 0.012362
vt 0.608310 0.013435
vt 0.612471 0.016151
vt 0.610628 0.017408
vt 0.614906 0.020692
vt 0.612224 0.021883
vt 0.617059 0.026248
vt 0.613571 0.027314
vt 0.614590 0.033253
vt 0.618742 0.032508
vt 0.615071 0.038200
vt 0.619747 0.038665
vt 0.615288 0.041428
vt 0.620243 0.043366
vt 0.615638 0.043395
vt 0.620569 0.046714
vt 0.675674 0.109441
vt 0.679068 0.115491
vt 0.675937 0.115883
vt 0.678787 0.109135
vt 0.683967 0.113341
vt 0.683426 0.108389
vt 0.675330 0.103278
vt 0.678298 0.102866
vt 0.682578 0.102063
vt 0.674754 0.096517
vt 0.677528 0.096118
vt 0.681415 0.095417
vt 0.674023 0.090568
vt 0.676506 0.090079
vt 0.679887 0.089162
vt 0.673145 0.085326
vt 0.675278 0.084761
vt 0.678067 0.083704
vt 0.672134 0.080980
vt 0.673840 0.080374
vt 0.675912 0.079179
vt 0.671060 0.077618
vt 0.672306 0.077081
vt 0.673672 0.076000
vt 0.670019 0.074915
vt 0.670714 0.074230
vt 0.671437 0.073335
vt 0.669747 0.073113
vt 0.669029 0.073282
vt 0.669528 0.072207
vt 0.668052 0.072579
vt 0.666410 0.072207
vt 0.666909 0.073282
vt 0.666190 0.073113
vt 0.665919 0.074915
vt 0.665223 0.074230
vt 0.663633 0.077080
vt 0.664880 0.077617
vt 0.662100 0.080369
vt 0.663809 0.080973
vt 0.660664 0.084744
vt 0.662802 0.085304
vt 0.659452 0.090032
vt 0.661931 0.090510
vt 0.658458 0.096030
vt 0.661226 0.096392
vt 0.657685 0.102671
vt 0.660648 0.102970
vt 0.660214 0.108752
vt 0.657177 0.108680
vt 0.660069 0.111350
vt 0.657108 0.111997
vt 0.652511 0.108389
vt 0.651971 0.113341
vt 0.653359 0.102063
vt 0.654522 0.095417
vt 0.656051 0.089162
vt 0.657871 0.083704
vt 0.660025 0.079179
vt 0.662266 0.076000
vt 0.664501 0.073335
vt 0.606041 0.115374
vt 0.609413 0.109377
vt 0.609068 0.115827
vt 0.606362 0.109004
vt 0.601359 0.113218
vt 0.601716 0.108321
vt 0.609823 0.103197
vt 0.606855 0.102818
vt 0.602529 0.102030
vt 0.610504 0.096511
vt 0.607787 0.096032
vt 0.603970 0.095096
vt 0.611297 0.090631
vt 0.608884 0.090121
vt 0.605596 0.089156
vt 0.612174 0.085449
vt 0.610106 0.084918
vt 0.607401 0.083923
vt 0.613092 0.081101
vt 0.611396 0.080566
vt 0.609282 0.079546
vt 0.614038 0.077670
vt 0.612742 0.077153
vt 0.611249 0.076126
vt 0.615096 0.074967
vt 0.614402 0.074248
vt 0.613732 0.073265
vt 0.615456 0.073237
vt 0.616159 0.073408
vt 0.615800 0.072430
vt 0.617188 0.072759
vt 0.618216 0.073408
vt 0.618575 0.072430
vt 0.618919 0.073237
vt 0.620643 0.073265
vt 0.619973 0.074248
vt 0.623126 0.076126
vt 0.621633 0.077152
vt 0.625093 0.079546
vt 0.622978 0.080563
vt 0.626974 0.083923
vt 0.624268 0.084908
vt 0.628779 0.089156
vt 0.625485 0.090094
vt 0.630405 0.095096
vt 0.626572 0.095953
vt 0.631846 0.102030
vt 0.627488 0.102636
vt 0.627984 0.108619
vt 0.632659 0.108321
vt 0.628015 0.111876
vt 0.633016 0.113218
vt 0.625055 0.111311
vt 0.624908 0.108767
vt 0.624494 0.102971
vt 0.623851 0.096390
vt 0.623074 0.090595
vt 0.622198 0.085435
vt 0.621281 0.081097
vt 0.620336 0.077669
vt 0.619279 0.074967
vt 0.672776 0.115532
vt 0.672552 0.109447
vt 0.672337 0.103338
vt 0.667969 0.113281
vt 0.667929 0.109081
vt 0.671958 0.096647
vt 0.667952 0.103171
vt 0.662923 0.111902
vt 0.663235 0.108971
vt 0.663599 0.103139
vt 0.663983 0.096556
vt 0.671496 0.090774
vt 0.667955 0.096601
vt 0.664447 0.090734
vt 0.670956 0.085619
vt 0.667961 0.090793
vt 0.664992 0.085603
vt 0.670357 0.081339
vt 0.667970 0.085681
vt 0.665588 0.081334
vt 0.669744 0.077987
vt 0.667970 0.081407
vt 0.666197 0.077986
vt 0.669056 0.075079
vt 0.667970 0.078038
vt 0.666882 0.075079
vt 0.668649 0.073876
vt 0.667969 0.075005
vt 0.667968 0.073601
vt 0.667289 0.073876
vt 0.612139 0.115498
vt 0.612482 0.109401
vt 0.617191 0.113435
vt 0.617191 0.109254
vt 0.612802 0.103323
vt 0.622137 0.111959
vt 0.621843 0.109013
vt 0.617191 0.103282
vt 0.613256 0.096681
vt 0.621517 0.103168
vt 0.621105 0.096609
vt 0.617191 0.096687
vt 0.613757 0.090848
vt 0.620621 0.090821
vt 0.617191 0.090885
vt 0.614295 0.085716
vt 0.620076 0.085706
vt 0.617191 0.085768
vt 0.614841 0.081420
vt 0.619530 0.081417
vt 0.617191 0.081473
vt 0.615384 0.078038
vt 0.618990 0.078037
vt 0.617191 0.078095
vt 0.616080 0.075143
vt 0.618295 0.075143
vt 0.617191 0.075075
vt 0.616525 0.073963
vt 0.617187 0.073616
vt 0.617850 0.073963
vt 0.355464 0.375533
vt 0.348929 0.381346
vt 0.349722 0.375000
vt 0.355336 0.382387
vt 0.361328 0.380859
vt 0.361328 0.375471
vt 0.342263 0.378788
vt 0.343908 0.373755
vt 0.355854 0.368436
vt 0.350275 0.368432
vt 0.361328 0.368378
vt 0.367259 0.380088
vt 0.366940 0.375313
vt 0.337367 0.375734
vt 0.338488 0.372504
vt 0.344771 0.368244
vt 0.356104 0.361956
vt 0.350675 0.362122
vt 0.361328 0.361841
vt 0.366707 0.368358
vt 0.372798 0.378636
vt 0.372655 0.374652
vt 0.366525 0.361911
vt 0.339428 0.367582
vt 0.345491 0.362125
vt 0.372280 0.368373
vt 0.378830 0.377030
vt 0.378467 0.373540
vt 0.384216 0.372504
vt 0.385337 0.375734
vt 0.377835 0.368214
vt 0.383276 0.367582
vt 0.371955 0.362079
vt 0.340418 0.361695
vt 0.377163 0.362105
vt 0.382285 0.361695
vt 0.366528 0.356079
vt 0.361328 0.355933
vt 0.356121 0.356108
vt 0.350814 0.356400
vt 0.345752 0.356508
vt 0.361328 0.353596
vt 0.355902 0.353000
vt 0.350396 0.352050
vt 0.366759 0.352973
vt 0.345336 0.351101
vt 0.361328 0.350610
vt 0.355569 0.350483
vt 0.350048 0.349990
vt 0.367104 0.350464
vt 0.340953 0.356312
vt 0.340926 0.350480
vt 0.345146 0.349276
vt 0.356413 0.347367
vt 0.361328 0.347149
vt 0.351115 0.347726
vt 0.366269 0.347356
vt 0.372285 0.352023
vt 0.371845 0.356370
vt 0.376926 0.356496
vt 0.381751 0.356312
vt 0.377361 0.351088
vt 0.381777 0.350480
vt 0.340987 0.348504
vt 0.372639 0.349970
vt 0.371574 0.347712
vt 0.377552 0.349266
vt 0.381717 0.348504
vt 0.341731 0.346349
vt 0.346206 0.347423
vt 0.348322 0.342008
vt 0.352575 0.343268
vt 0.356979 0.344129
vt 0.361328 0.344384
vt 0.370120 0.343260
vt 0.365711 0.344122
vt 0.344288 0.340501
vt 0.350289 0.336031
vt 0.354004 0.337117
vt 0.357657 0.337782
vt 0.361328 0.337985
vt 0.346705 0.334665
vt 0.368702 0.337110
vt 0.372416 0.336030
vt 0.374378 0.342004
vt 0.376492 0.347414
vt 0.380973 0.346349
vt 0.378416 0.340501
vt 0.375998 0.334665
vt 0.348904 0.329148
vt 0.351981 0.330312
vt 0.355157 0.331196
vt 0.358211 0.331696
vt 0.361328 0.331846
vt 0.364513 0.331690
vt 0.365049 0.337776
vt 0.367574 0.331184
vt 0.370735 0.330306
vt 0.373799 0.329148
vt 0.356320 0.325249
vt 0.353732 0.324722
vt 0.351205 0.323865
vt 0.371499 0.323865
vt 0.368970 0.324712
vt 0.366381 0.325239
vt 0.363870 0.325523
vt 0.361328 0.325663
vt 0.358827 0.325531
vt 0.352283 0.321269
vt 0.354574 0.321889
vt 0.356840 0.321988
vt 0.359140 0.322266
vt 0.361328 0.322411
vt 0.370420 0.321269
vt 0.368124 0.321879
vt 0.365850 0.321977
vt 0.363537 0.322260
vt 0.232391 0.317728
vt 0.238149 0.323842
vt 0.234190 0.329595
vt 0.236528 0.317736
vt 0.240106 0.311670
vt 0.236393 0.307192
vt 0.243378 0.332855
vt 0.244141 0.326172
vt 0.226042 0.318036
vt 0.227591 0.335490
vt 0.247481 0.304447
vt 0.247148 0.310547
vt 0.227860 0.303377
vt 0.252344 0.331326
vt 0.250071 0.324768
vt 0.242769 0.339376
vt 0.247778 0.299280
vt 0.258431 0.338943
vt 0.258274 0.320625
vt 0.253949 0.319728
vt 0.257607 0.308538
vt 0.252862 0.313668
vt 0.264774 0.306422
vt 0.227759 0.352076
vt 0.241519 0.353040
vt 0.263505 0.321657
vt 0.255710 0.355137
vt 0.274217 0.342483
vt 0.270764 0.358519
vt 0.278477 0.325430
vt 0.282470 0.310293
vt 0.290502 0.347244
vt 0.285501 0.362633
vt 0.296341 0.330709
vt 0.301701 0.315932
vt 0.270255 0.361057
vt 0.282335 0.364468
vt 0.284785 0.365122
vt 0.267745 0.360485
vt 0.255370 0.357590
vt 0.253159 0.357205
vt 0.241352 0.355118
vt 0.239567 0.354967
vt 0.227733 0.354047
vt 0.210687 0.319298
vt 0.211936 0.336691
vt 0.209755 0.304070
vt 0.213194 0.353064
vt 0.190925 0.306834
vt 0.192863 0.322196
vt 0.195387 0.339530
vt 0.197921 0.355734
vt 0.171130 0.311356
vt 0.174507 0.326620
vt 0.178422 0.343648
vt 0.182208 0.359508
vt 0.151802 0.317210
vt 0.156895 0.331924
vt 0.162438 0.348403
vt 0.167315 0.363780
vt 0.214785 0.354587
vt 0.213309 0.354652
vt 0.199432 0.356849
vt 0.198137 0.357053
vt 0.183700 0.360392
vt 0.182477 0.360670
vt 0.168754 0.364567
vt 0.167637 0.364874
vt 0.266112 0.279932
vt 0.248815 0.289112
vt 0.250000 0.278310
vt 0.269777 0.280377
vt 0.267279 0.291682
vt 0.228483 0.288865
vt 0.246477 0.278092
vt 0.228504 0.277109
vt 0.286028 0.283238
vt 0.289948 0.284029
vt 0.286598 0.295347
vt 0.294192 0.285228
vt 0.307083 0.301091
vt 0.311011 0.289582
vt 0.208788 0.289210
vt 0.207973 0.276978
vt 0.210314 0.276976
vt 0.189715 0.278596
vt 0.189104 0.291674
vt 0.187813 0.278807
vt 0.168425 0.282019
vt 0.168138 0.295814
vt 0.166416 0.282416
vt 0.143906 0.288256
vt 0.146728 0.302312
vt 0.142331 0.288696
vt 0.367483 0.268112
vt 0.361491 0.268563
vt 0.361491 0.265888
vt 0.365629 0.270473
vt 0.369791 0.274294
vt 0.366738 0.274388
vt 0.365477 0.279424
vt 0.364402 0.277924
vt 0.361521 0.279273
vt 0.361525 0.281095
vt 0.355512 0.268092
vt 0.357380 0.270437
vt 0.353220 0.274337
vt 0.356319 0.274442
vt 0.357547 0.279535
vt 0.358617 0.278042
vt 0.373371 0.267514
vt 0.370257 0.264953
vt 0.372178 0.276167
vt 0.366972 0.281583
vt 0.361541 0.283542
vt 0.349610 0.267502
vt 0.352718 0.264943
vt 0.350815 0.276255
vt 0.356051 0.281679
vt 0.346955 0.269147
vt 0.356059 0.259966
vt 0.351564 0.260061
vt 0.375183 0.260712
vt 0.378311 0.262232
vt 0.376023 0.269160
vt 0.371402 0.260079
vt 0.366912 0.259980
vt 0.361493 0.259973
vt 0.366934 0.253240
vt 0.361473 0.253052
vt 0.356025 0.253229
vt 0.372133 0.253639
vt 0.350828 0.253604
vt 0.372103 0.246422
vt 0.366907 0.246323
vt 0.361456 0.246196
vt 0.347118 0.254034
vt 0.347833 0.260787
vt 0.344693 0.262216
vt 0.343899 0.258410
vt 0.350833 0.246488
vt 0.356009 0.246336
vt 0.347883 0.246506
vt 0.366866 0.239463
vt 0.361455 0.239453
vt 0.343324 0.255653
vt 0.345434 0.253006
vt 0.346265 0.246209
vt 0.351340 0.239144
vt 0.347742 0.238373
vt 0.356061 0.239504
vt 0.366607 0.232651
vt 0.370625 0.234733
vt 0.371582 0.239005
vt 0.374899 0.246229
vt 0.375825 0.254057
vt 0.379098 0.258409
vt 0.379655 0.255637
vt 0.377529 0.252991
vt 0.376651 0.245952
vt 0.374974 0.238132
vt 0.376825 0.241128
vt 0.373444 0.232462
vt 0.378947 0.238449
vt 0.378244 0.235863
vt 0.376730 0.231600
vt 0.375686 0.229547
vt 0.372626 0.229522
vt 0.367357 0.228680
vt 0.361462 0.231807
vt 0.356322 0.232677
vt 0.352312 0.234829
vt 0.349509 0.232578
vt 0.361462 0.225959
vt 0.344675 0.236103
vt 0.343850 0.238410
vt 0.346031 0.241116
vt 0.346171 0.231858
vt 0.355571 0.228698
vt 0.350319 0.229577
vt 0.354930 0.226781
vt 0.347272 0.229609
vt 0.359387 0.223880
vt 0.361475 0.223792
vt 0.363535 0.223871
vt 0.367994 0.226761
vt 0.362381 0.221241
vt 0.361488 0.221205
vt 0.360550 0.221244
vt 0.352301 0.192142
vt 0.346633 0.187129
vt 0.349217 0.185946
vt 0.350478 0.194136
vt 0.356368 0.196937
vt 0.355684 0.199552
vt 0.361134 0.198511
vt 0.361115 0.201510
vt 0.366605 0.199647
vt 0.365920 0.196997
vt 0.371841 0.194223
vt 0.370017 0.192208
vt 0.375701 0.187115
vt 0.373104 0.185946
vt 0.347617 0.179699
vt 0.344346 0.180200
vt 0.374693 0.179701
vt 0.377963 0.180184
vt 0.343558 0.176378
vt 0.346667 0.172651
vt 0.361154 0.193361
vt 0.378757 0.176378
vt 0.375659 0.172662
vt 0.365576 0.191989
vt 0.368419 0.189668
vt 0.370046 0.185172
vt 0.371209 0.179277
vt 0.343001 0.173605
vt 0.345039 0.171061
vt 0.351051 0.179250
vt 0.352262 0.185151
vt 0.353893 0.189627
vt 0.356735 0.191951
vt 0.361151 0.185934
vt 0.356134 0.185433
vt 0.366173 0.185451
vt 0.355719 0.179049
vt 0.355390 0.171924
vt 0.350378 0.172309
vt 0.347389 0.164866
vt 0.345522 0.164192
vt 0.350281 0.164886
vt 0.361154 0.179082
vt 0.366590 0.179059
vt 0.366931 0.171924
vt 0.371943 0.172318
vt 0.374925 0.164818
vt 0.372038 0.164874
vt 0.377296 0.171071
vt 0.379332 0.173621
vt 0.376801 0.164276
vt 0.367016 0.164961
vt 0.361159 0.171893
vt 0.355307 0.164969
vt 0.361161 0.164906
vt 0.371376 0.157777
vt 0.374742 0.157099
vt 0.376844 0.159100
vt 0.350922 0.157776
vt 0.347661 0.157053
vt 0.345509 0.158957
vt 0.355646 0.158144
vt 0.343709 0.156418
vt 0.344413 0.153831
vt 0.378806 0.156379
vt 0.377981 0.154072
vt 0.352183 0.152892
vt 0.349472 0.150636
vt 0.361161 0.158412
vt 0.345926 0.149568
vt 0.366666 0.158142
vt 0.355828 0.151193
vt 0.346970 0.147516
vt 0.350101 0.147607
vt 0.370135 0.152927
vt 0.372857 0.150696
vt 0.376484 0.149827
vt 0.366508 0.151194
vt 0.375384 0.147577
vt 0.372233 0.147648
vt 0.361171 0.150205
vt 0.367252 0.146833
vt 0.368010 0.144702
vt 0.355101 0.146823
vt 0.354352 0.144685
vt 0.361184 0.144716
vt 0.359043 0.141892
vt 0.363335 0.141897
vt 0.361179 0.141573
vt 0.360275 0.139209
vt 0.361168 0.139174
vt 0.362106 0.139212
vt 0.342426 0.052062
vt 0.339540 0.047993
vt 0.342702 0.047219
vt 0.339202 0.053435
vt 0.340007 0.041143
vt 0.342986 0.040992
vt 0.347656 0.046875
vt 0.347656 0.044046
vt 0.351669 0.043439
vt 0.351837 0.041775
vt 0.340701 0.033983
vt 0.343435 0.034140
vt 0.347656 0.039607
vt 0.354627 0.041868
vt 0.354553 0.040637
vt 0.351688 0.038464
vt 0.354394 0.037744
vt 0.341598 0.027774
vt 0.344016 0.028027
vt 0.347656 0.034116
vt 0.351391 0.033755
vt 0.354057 0.033499
vt 0.347656 0.028323
vt 0.350922 0.027975
vt 0.353341 0.027736
vt 0.342760 0.022040
vt 0.344753 0.022383
vt 0.343947 0.017737
vt 0.345467 0.018149
vt 0.347656 0.022764
vt 0.352349 0.022086
vt 0.350345 0.022399
vt 0.345490 0.014144
vt 0.346479 0.014388
vt 0.347656 0.018466
vt 0.351256 0.017785
vt 0.349728 0.018174
vt 0.346602 0.012678
vt 0.346967 0.013287
vt 0.347656 0.014425
vt 0.349780 0.014174
vt 0.348797 0.014406
vt 0.347656 0.013045
vt 0.347656 0.012029
vt 0.348646 0.012712
vt 0.348235 0.013322
vt 0.336248 0.051991
vt 0.336545 0.047020
vt 0.332546 0.046505
vt 0.332857 0.043426
vt 0.337120 0.040542
vt 0.333396 0.038531
vt 0.338006 0.033473
vt 0.334408 0.032461
vt 0.339224 0.027167
vt 0.336096 0.026161
vt 0.340835 0.021416
vt 0.338391 0.020328
vt 0.342504 0.017107
vt 0.340800 0.015931
vt 0.344814 0.013357
vt 0.344177 0.012328
vt 0.345910 0.012453
vt 0.346312 0.011668
vt 0.349000 0.011668
vt 0.349359 0.012494
vt 0.350460 0.013400
vt 0.352713 0.017185
vt 0.354291 0.021522
vt 0.355722 0.027250
vt 0.356741 0.033225
vt 0.357232 0.038109
vt 0.357480 0.041591
vt 0.357841 0.043419
vt 0.362455 0.043426
vt 0.362767 0.046505
vt 0.361916 0.038531
vt 0.360905 0.032461
vt 0.359216 0.026161
vt 0.356922 0.020328
vt 0.354512 0.015931
vt 0.351136 0.012328
vt 0.402555 0.047905
vt 0.399635 0.052048
vt 0.399406 0.047107
vt 0.402846 0.053439
vt 0.394531 0.046875
vt 0.394531 0.043875
vt 0.402156 0.041311
vt 0.399173 0.041096
vt 0.390577 0.043512
vt 0.390366 0.041609
vt 0.394531 0.039702
vt 0.401480 0.034039
vt 0.398742 0.034179
vt 0.387372 0.041750
vt 0.387502 0.040668
vt 0.390463 0.038525
vt 0.387760 0.037812
vt 0.394531 0.034204
vt 0.400592 0.027846
vt 0.398181 0.028108
vt 0.390771 0.033772
vt 0.388099 0.033522
vt 0.394531 0.028506
vt 0.391245 0.028036
vt 0.388819 0.027794
vt 0.399509 0.022403
vt 0.397487 0.022745
vt 0.394531 0.023280
vt 0.398311 0.017962
vt 0.396761 0.018367
vt 0.389752 0.022446
vt 0.391791 0.022756
vt 0.394531 0.018883
vt 0.396719 0.014173
vt 0.395726 0.014395
vt 0.390860 0.018006
vt 0.392419 0.018388
vt 0.394531 0.014666
vt 0.395625 0.012774
vt 0.395245 0.013325
vt 0.392384 0.014202
vt 0.393381 0.014409
vt 0.394531 0.013300
vt 0.394531 0.012352
vt 0.393450 0.012790
vt 0.393840 0.013335
vt 0.405826 0.052019
vt 0.405570 0.046959
vt 0.409632 0.046714
vt 0.409306 0.043366
vt 0.405046 0.040676
vt 0.408809 0.038665
vt 0.404175 0.033525
vt 0.407805 0.032508
vt 0.402964 0.027267
vt 0.406121 0.026248
vt 0.401466 0.021789
vt 0.403969 0.020692
vt 0.399786 0.017334
vt 0.401534 0.016151
vt 0.397398 0.013393
vt 0.398043 0.012362
vt 0.396293 0.012534
vt 0.395846 0.011785
vt 0.393216 0.011785
vt 0.392779 0.012561
vt 0.391020 0.012362
vt 0.391690 0.013435
vt 0.387529 0.016151
vt 0.389372 0.017408
vt 0.385094 0.020692
vt 0.387776 0.021883
vt 0.382941 0.026248
vt 0.386429 0.027314
vt 0.385411 0.033253
vt 0.381258 0.032508
vt 0.384929 0.038200
vt 0.380253 0.038665
vt 0.384713 0.041428
vt 0.379757 0.043366
vt 0.384362 0.043395
vt 0.379431 0.046714
vt 0.324326 0.109441
vt 0.320932 0.115491
vt 0.321213 0.109135
vt 0.324064 0.115883
vt 0.316033 0.113341
vt 0.316574 0.108389
vt 0.324670 0.103278
vt 0.321703 0.102866
vt 0.317422 0.102063
vt 0.325246 0.096517
vt 0.322472 0.096118
vt 0.318585 0.095417
vt 0.325977 0.090568
vt 0.323494 0.090079
vt 0.320113 0.089162
vt 0.326855 0.085326
vt 0.324722 0.084761
vt 0.321933 0.083704
vt 0.327866 0.080980
vt 0.326160 0.080374
vt 0.324088 0.079179
vt 0.328940 0.077618
vt 0.327695 0.077081
vt 0.326328 0.076000
vt 0.329981 0.074915
vt 0.329286 0.074230
vt 0.328563 0.073335
vt 0.330253 0.073113
vt 0.330971 0.073282
vt 0.330472 0.072207
vt 0.331948 0.072579
vt 0.333590 0.072207
vt 0.333091 0.073282
vt 0.333810 0.073113
vt 0.334081 0.074915
vt 0.334777 0.074230
vt 0.336367 0.077080
vt 0.335120 0.077617
vt 0.337900 0.080369
vt 0.336191 0.080973
vt 0.339336 0.084744
vt 0.337198 0.085304
vt 0.340548 0.090032
vt 0.338069 0.090510
vt 0.341542 0.096030
vt 0.338774 0.096392
vt 0.342315 0.102671
vt 0.339352 0.102970
vt 0.339786 0.108752
vt 0.342823 0.108680
vt 0.339931 0.111350
vt 0.342892 0.111997
vt 0.347489 0.108389
vt 0.348030 0.113341
vt 0.346641 0.102063
vt 0.345478 0.095417
vt 0.343949 0.089162
vt 0.342129 0.083704
vt 0.339975 0.079179
vt 0.337734 0.076000
vt 0.335499 0.073335
vt 0.393959 0.115374
vt 0.390587 0.109377
vt 0.393638 0.109004
vt 0.390932 0.115827
vt 0.398641 0.113218
vt 0.398284 0.108321
vt 0.390177 0.103197
vt 0.393145 0.102818
vt 0.397471 0.102030
vt 0.389496 0.096511
vt 0.392213 0.096032
vt 0.396030 0.095096
vt 0.388703 0.090631
vt 0.391116 0.090121
vt 0.394404 0.089156
vt 0.387826 0.085449
vt 0.389894 0.084918
vt 0.392599 0.083923
vt 0.386908 0.081101
vt 0.388604 0.080566
vt 0.390718 0.079546
vt 0.385962 0.077670
vt 0.387258 0.077153
vt 0.388751 0.076126
vt 0.384904 0.074967
vt 0.385598 0.074248
vt 0.386268 0.073265
vt 0.384544 0.073237
vt 0.383841 0.073408
vt 0.384200 0.072430
vt 0.382812 0.072759
vt 0.381784 0.073408
vt 0.381425 0.072430
vt 0.381081 0.073237
vt 0.379357 0.073265
vt 0.380027 0.074248
vt 0.376874 0.076126
vt 0.378367 0.077152
vt 0.374907 0.079546
vt 0.377022 0.080563
vt 0.373026 0.083923
vt 0.375732 0.084908
vt 0.371221 0.089156
vt 0.374515 0.090094
vt 0.369595 0.095096
vt 0.373428 0.095953
vt 0.368154 0.102030
vt 0.372512 0.102636
vt 0.372016 0.108619
vt 0.367341 0.108321
vt 0.371985 0.111876
vt 0.366984 0.113218
vt 0.374945 0.111311
vt 0.375092 0.108767
vt 0.375506 0.102971
vt 0.376149 0.096390
vt 0.376926 0.090595
vt 0.377802 0.085435
vt 0.378719 0.081097
vt 0.379664 0.077669
vt 0.380721 0.074967
vt 0.327224 0.115532
vt 0.327449 0.109447
vt 0.327663 0.103338
vt 0.332031 0.113281
vt 0.332071 0.109081
vt 0.328043 0.096647
vt 0.332048 0.103171
vt 0.337077 0.111902
vt 0.336765 0.108971
vt 0.336401 0.103139
vt 0.336017 0.096556
vt 0.328504 0.090774
vt 0.332045 0.096601
vt 0.335553 0.090734
vt 0.329044 0.085619
vt 0.332039 0.090793
vt 0.335008 0.085603
vt 0.329643 0.081339
vt 0.332030 0.085681
vt 0.334412 0.081334
vt 0.330256 0.077987
vt 0.332029 0.081407
vt 0.333803 0.077986
vt 0.330943 0.075079
vt 0.332030 0.078038
vt 0.333118 0.075079
vt 0.331351 0.073876
vt 0.332031 0.075005
vt 0.332032 0.073601
vt 0.332711 0.073876
vt 0.387861 0.115498
vt 0.387518 0.109401
vt 0.382809 0.113435
vt 0.382809 0.109254
vt 0.387198 0.103323
vt 0.377863 0.111959
vt 0.378157 0.109013
vt 0.382809 0.103282
vt 0.386744 0.096681
vt 0.378484 0.103168
vt 0.378895 0.096609
vt 0.382809 0.096687
vt 0.386243 0.090848
vt 0.379379 0.090821
vt 0.382809 0.090885
vt 0.385705 0.085716
vt 0.379924 0.085706
vt 0.382809 0.085768
vt 0.385159 0.081420
vt 0.380470 0.081417
vt 0.382809 0.081473
vt 0.384616 0.078038
vt 0.381010 0.078037
vt 0.382809 0.078095
vt 0.383920 0.075143
vt 0.381705 0.075143
vt 0.382809 0.075075
vt 0.383475 0.073963
vt 0.382813 0.073616
vt 0.382150 0.073963
vt 0.504901 0.000000
vt 0.524562 0.000000
vt 0.528345 0.000000
vt 0.546821 0.000000
vt 0.549636 0.000000
vt 0.564353 0.000000
vt 0.565529 0.000000
vt 0.573095 0.000000
vt 0.567822 0.000000
vt 0.567157 0.000000
vt 0.550466 0.000000
vt 0.548889 0.000000
vt 0.527011 0.000000
vt 0.525151 0.000000
vt 0.502740 0.000000
vt 0.500920 0.000000
vt 0.499101 0.000000
vt 0.476689 0.000000
vt 0.474829 0.000000
vt 0.452952 0.000000
vt 0.451375 0.000000
vt 0.434683 0.000000
vt 0.434019 0.000000
vt 0.428745 0.000000
vt 0.436312 0.000000
vt 0.437487 0.000000
vt 0.452204 0.000000
vt 0.455020 0.000000
vt 0.473495 0.000000
vt 0.477279 0.000000
vt 0.496939 0.000000
vt 0.398875 0.000000
vt 0.401459 0.000000
vt 0.404042 0.000000
vt 0.440876 0.000000
vt 0.443921 0.000000
vt 0.473114 0.000000
vt 0.475234 0.000000
vt 0.495537 0.000000
vt 0.496117 0.000000
vt 0.500457 0.000000
vt 0.490521 0.000000
vt 0.488628 0.000000
vt 0.470433 0.000000
vt 0.466253 0.000000
vt 0.441883 0.000000
vt 0.435980 0.000000
vt 0.429028 0.000000
vt 0.373889 0.000000
vt 0.366937 0.000000
vt 0.361034 0.000000
vt 0.336664 0.000000
vt 0.332484 0.000000
vt 0.314289 0.000000
vt 0.312396 0.000000
vt 0.302460 0.000000
vt 0.306800 0.000000
vt 0.307381 0.000000
vt 0.327683 0.000000
vt 0.329803 0.000000
vt 0.358996 0.000000
vt 0.362041 0.000000
s 0
usemtl pm0887_00_00-BodyA00
f 1165/1489/1229 1166/1490/1229 1168/1491/1229 1169/1492/1229 1170/1493/1229 1172/1494/1229 1171/1495/1229 1173/1496/1229 1174/1497/1229 1175/1498/1229 1176/1499/1229 1177/1500/1229 1178/1501/1229 1179/1502/1229 1180/1503/1229 1181/1504/1229 1196/1505/1229 1195/1506/1229 1194/1507/1229 1193/1508/1229 1192/1509/1229 1191/1510/1229 1190/1511/1229 1189/1512/1229 1187/1513/1229 1188/1514/1229 1186/1515/1229 1185/1516/1229 1184/1517/1229 1183/1518/1229 1182/1519/1229 1167/1504/1229
f 1228/1520/1230 1213/1521/1230 1212/1522/1230 1211/1523/1230 1210/1524/1230 1209/1525/1230 1208/1526/1230 1207/1527/1230 1206/1528/1230 1199/1529/1230 1197/1530/1230 1198/1531/1230 1200/1532/1230 1201/1533/1230 1202/1534/1230 1203/1535/1230 1204/1536/1230 1205/1521/1230 1221/1537/1230 1220/1538/1230 1219/1539/1230 1216/1540/1230 1214/1541/1230 1215/1542/1230 1217/1543/1230 1218/1544/1230 1222/1545/1230 1223/1546/1230 1224/1547/1230 1225/1548/1230 1226/1549/1230 1227/1550/1230
s 1
f 3/1/1 2/2/2 1/3/3
f 3/1/1 4/4/4 2/2/2
f 5/5/5 3/1/1 1/3/3
f 5/5/5 6/6/6 3/1/1
f 4/4/4 7/7/7 2/2/2
f 4/4/4 8/8/8 7/7/7
f 9/9/9 4/4/4 3/1/1
f 6/6/6 9/9/9 3/1/1
f 9/9/9 10/10/10 4/4/4
f 10/10/10 8/8/8 4/4/4
f 6/6/6 11/11/11 9/9/9
f 12/12/12 6/6/6 5/5/5
f 12/12/12 13/13/13 6/6/6
f 13/13/13 11/11/11 6/6/6
f 8/8/8 14/14/14 7/7/7
f 8/8/8 15/15/15 14/14/14
f 10/10/10 16/16/16 8/8/8
f 16/16/16 15/15/15 8/8/8
f 17/17/17 10/10/10 9/9/9
f 17/17/17 18/18/18 10/10/10
f 18/18/18 16/16/16 10/10/10
f 19/19/19 9/9/9 11/11/11
f 19/19/19 17/17/17 9/9/9
f 13/13/13 20/20/20 11/11/11
f 20/20/20 19/19/19 11/11/11
f 21/21/21 13/13/13 12/12/12
f 21/21/21 22/22/22 13/13/13
f 22/22/22 20/20/20 13/13/13
f 20/20/20 23/23/23 19/19/19
f 16/16/16 24/24/24 15/15/15
f 18/18/18 25/25/25 16/16/16
f 25/25/25 24/24/24 16/16/16
f 22/22/22 26/26/26 20/20/20
f 26/26/26 23/23/23 20/20/20
f 27/27/27 22/22/22 21/21/21
f 27/27/27 28/28/28 22/22/22
f 26/26/26 22/22/22 28/28/28
f 15/29/15 28/28/28 27/27/27
f 15/29/15 27/27/27 14/30/14
f 15/29/15 29/31/29 28/28/28
f 26/26/26 28/28/28 29/31/29
f 15/29/15 24/32/24 29/31/29
f 26/26/26 30/33/30 23/23/23
f 29/31/29 30/33/30 26/26/26
f 25/25/25 31/34/31 24/24/24
f 29/31/29 32/35/32 30/33/30
f 24/32/24 32/35/32 29/31/29
f 24/32/24 31/36/31 32/35/32
f 30/33/30 33/37/33 23/23/23
f 23/23/23 33/37/33 34/38/34
f 23/23/23 34/38/34 19/19/19
f 34/38/34 17/17/17 19/19/19
f 34/38/34 35/39/35 17/17/17
f 35/39/35 18/18/18 17/17/17
f 35/39/35 36/40/36 18/18/18
f 36/40/36 25/25/25 18/18/18
f 36/40/36 37/41/37 25/25/25
f 37/41/37 31/34/31 25/25/25
f 38/42/38 35/39/35 34/38/34
f 33/37/33 38/42/38 34/38/34
f 38/42/38 39/43/39 35/39/35
f 39/43/39 36/40/36 35/39/35
f 39/43/39 40/44/40 36/40/36
f 40/44/40 37/41/37 36/40/36
f 33/37/33 41/45/41 38/42/38
f 40/44/40 42/46/42 37/41/37
f 43/47/43 39/43/39 38/42/38
f 41/45/41 43/47/43 38/42/38
f 43/47/43 44/48/44 39/43/39
f 44/48/44 40/44/40 39/43/39
f 44/48/44 45/49/45 40/44/40
f 45/49/45 42/46/42 40/44/40
f 41/45/41 46/50/46 43/47/43
f 42/46/42 47/51/47 37/41/37
f 37/41/37 47/51/47 31/34/31
f 42/46/42 48/52/48 47/51/47
f 45/49/45 49/53/49 42/46/42
f 49/53/49 48/52/48 42/46/42
f 43/47/43 50/54/50 44/48/44
f 43/47/43 51/55/51 50/54/50
f 44/48/44 52/56/52 45/49/45
f 44/48/44 50/54/50 52/56/52
f 53/57/53 43/47/43 46/50/46
f 53/57/53 51/55/51 43/47/43
f 54/58/54 46/50/46 41/45/41
f 55/59/55 54/58/54 41/45/41
f 55/59/55 41/45/41 33/37/33
f 30/33/30 55/59/55 33/37/33
f 32/35/32 55/59/55 30/33/30
f 32/35/32 56/60/56 55/59/55
f 56/60/56 54/58/54 55/59/55
f 31/36/31 56/60/56 32/35/32
f 31/36/31 47/61/47 56/60/56
f 56/60/56 57/62/57 54/58/54
f 47/61/47 57/62/57 56/60/56
f 47/61/47 48/63/48 57/62/57
f 50/54/50 58/64/58 52/56/52
f 50/54/50 59/65/59 58/64/58
f 51/55/51 59/65/59 50/54/50
f 51/55/51 60/66/60 59/65/59
f 57/62/57 61/67/61 54/58/54
f 57/62/57 62/68/62 61/67/61
f 48/63/48 62/68/62 57/62/57
f 48/63/48 63/69/63 62/68/62
f 64/70/64 60/66/60 51/55/51
f 64/70/64 51/55/51 53/57/53
f 65/71/65 64/70/64 53/57/53
f 65/71/65 53/57/53 66/72/66
f 46/50/46 66/72/66 53/57/53
f 46/50/46 61/67/61 66/72/66
f 54/58/54 61/67/61 46/50/46
f 66/72/66 67/73/67 65/71/65
f 66/72/66 68/74/68 67/73/67
f 61/67/61 68/74/68 66/72/66
f 61/67/61 62/68/62 68/74/68
f 59/65/59 69/75/69 58/64/58
f 59/65/59 70/76/70 69/75/69
f 60/66/60 70/76/70 59/65/59
f 60/66/60 71/77/71 70/76/70
f 72/78/72 62/68/62 63/69/63
f 72/78/72 68/74/68 62/68/62
f 73/79/73 68/74/68 72/78/72
f 73/79/73 67/73/67 68/74/68
f 74/80/74 65/71/65 67/73/67
f 74/80/74 75/81/75 65/71/65
f 75/81/75 64/70/64 65/71/65
f 75/81/75 76/82/76 64/70/64
f 76/82/76 71/77/71 60/66/60
f 76/82/76 60/66/60 64/70/64
f 77/83/77 67/73/67 73/79/73
f 77/83/77 74/80/74 67/73/67
f 70/76/70 78/84/78 69/75/69
f 69/75/69 78/84/78 79/85/79
f 69/75/69 79/85/79 80/86/80
f 58/64/58 69/75/69 80/86/80
f 58/64/58 80/86/80 81/87/81
f 52/56/52 58/64/58 81/87/81
f 52/56/52 81/87/81 82/88/82
f 82/88/82 45/49/45 52/56/52
f 82/88/82 49/53/49 45/49/45
f 72/89/72 49/53/49 82/88/82
f 72/89/72 63/90/63 49/53/49
f 49/53/49 63/90/63 48/52/48
f 73/91/73 82/88/82 81/87/81
f 73/91/73 72/89/72 82/88/82
f 81/87/81 77/92/77 73/91/73
f 81/87/81 80/86/80 77/92/77
f 80/86/80 83/93/83 77/92/77
f 80/86/80 79/85/79 83/93/83
f 79/85/79 84/94/84 83/93/83
f 79/85/79 85/95/85 84/94/84
f 78/84/78 85/95/85 79/85/79
f 78/84/78 86/96/86 85/95/85
f 87/97/87 86/96/86 78/84/78
f 70/76/70 87/97/87 78/84/78
f 71/77/71 87/97/87 70/76/70
f 71/77/71 88/98/88 87/97/87
f 89/99/89 88/98/88 71/77/71
f 89/99/89 71/77/71 76/82/76
f 90/100/90 89/99/89 76/82/76
f 90/100/90 76/82/76 75/81/75
f 91/101/91 90/100/90 75/81/75
f 91/101/91 75/81/75 74/80/74
f 83/102/83 91/101/91 74/80/74
f 83/102/83 74/80/74 77/83/77
f 87/97/87 92/103/92 86/96/86
f 88/98/88 92/103/92 87/97/87
f 88/98/88 93/104/93 92/103/92
f 84/105/84 91/101/91 83/102/83
f 84/105/84 94/106/94 91/101/91
f 94/106/94 90/100/90 91/101/91
f 94/106/94 95/107/95 90/100/90
f 95/107/95 89/99/89 90/100/90
f 95/107/95 96/108/96 89/99/89
f 96/108/96 88/98/88 89/99/89
f 96/108/96 93/104/93 88/98/88
f 97/109/97 92/103/92 93/104/93
f 96/108/96 97/109/97 93/104/93
f 97/109/97 98/110/98 92/103/92
f 92/103/92 98/110/98 99/111/99
f 92/103/92 99/111/99 86/96/86
f 86/96/86 99/111/99 100/112/100
f 86/96/86 100/112/100 85/95/85
f 85/95/85 100/112/100 101/113/101
f 85/95/85 101/113/101 84/94/84
f 101/114/101 94/106/94 84/105/84
f 101/114/101 102/115/102 94/106/94
f 102/115/102 95/107/95 94/106/94
f 102/115/102 103/116/103 95/107/95
f 103/116/103 96/108/96 95/107/95
f 103/116/103 104/117/104 96/108/96
f 96/108/96 104/117/104 97/109/97
f 105/118/105 1/119/3 2/120/2
f 105/118/105 106/121/106 1/119/3
f 7/122/7 105/118/105 2/120/2
f 7/122/7 107/123/107 105/118/105
f 1/119/3 106/121/106 108/124/108
f 1/119/3 108/124/108 5/125/5
f 109/126/109 106/121/106 105/118/105
f 107/123/107 109/126/109 105/118/105
f 109/126/109 110/127/110 106/121/106
f 7/122/7 111/128/111 107/123/107
f 7/122/7 14/129/14 111/128/111
f 107/123/107 112/130/112 109/126/109
f 113/131/113 5/125/5 108/124/108
f 113/131/113 12/132/12 5/125/5
f 106/121/106 114/133/114 108/124/108
f 106/121/106 110/127/110 114/133/114
f 114/133/114 113/131/113 108/124/108
f 115/134/115 107/123/107 111/128/111
f 115/134/115 112/130/112 107/123/107
f 114/133/114 116/135/116 113/131/113
f 117/136/117 12/132/12 113/131/113
f 117/136/117 21/137/21 12/132/12
f 14/129/14 118/138/118 111/128/111
f 118/138/118 115/134/115 111/128/111
f 14/129/14 27/139/27 118/138/118
f 117/136/117 27/139/27 21/137/21
f 117/136/117 118/138/118 27/139/27
f 118/138/118 119/140/119 115/134/115
f 120/141/120 114/133/114 110/127/110
f 120/141/120 121/142/121 114/133/114
f 113/131/113 122/143/122 117/136/117
f 113/131/113 116/135/116 122/143/122
f 122/143/122 118/138/118 117/136/117
f 122/143/122 119/140/119 118/138/118
f 114/133/114 123/144/123 116/135/116
f 114/133/114 121/142/121 123/144/123
f 123/144/123 124/145/124 116/135/116
f 123/144/123 125/146/125 124/145/124
f 116/135/116 126/147/126 122/143/122
f 116/135/116 124/145/124 126/147/126
f 122/143/122 127/148/127 119/140/119
f 122/143/122 126/147/126 127/148/127
f 125/146/125 128/149/128 124/145/124
f 125/146/125 129/150/129 128/149/128
f 124/145/124 130/151/130 126/147/126
f 124/145/124 128/149/128 130/151/130
f 126/147/126 131/152/131 127/148/127
f 126/147/126 130/151/130 131/152/131
f 1165/153/132 129/150/129 125/146/125 1166/154/133
f 1167/155/134 129/150/129 1165/153/132
f 1168/156/135 125/146/125 123/144/123 1169/157/136
f 125/146/125 1168/156/135 1166/154/133
f 123/144/123 1170/158/137 1169/157/136
f 121/142/121 1171/159/138 1172/160/139
f 1170/158/137 123/144/123 121/142/121 1172/160/139
f 121/142/121 120/141/120 1173/161/140 1171/159/138
f 132/162/141 110/127/110 109/126/109
f 132/162/141 133/163/142 110/127/110
f 134/164/143 132/162/141 109/126/109
f 134/164/143 109/126/109 112/130/112
f 133/163/142 120/141/120 110/127/110
f 133/163/142 135/165/144 120/141/120
f 136/166/145 132/162/141 134/164/143
f 136/166/145 137/167/146 132/162/141
f 137/167/146 133/163/142 132/162/141
f 137/167/146 138/168/147 133/163/142
f 138/168/147 135/165/144 133/163/142
f 138/168/147 139/169/148 135/165/144
f 140/170/149 137/167/146 136/166/145
f 140/170/149 141/171/150 137/167/146
f 141/171/150 138/168/147 137/167/146
f 141/171/150 142/172/151 138/168/147
f 142/172/151 139/169/148 138/168/147
f 142/172/151 143/173/152 139/169/148
f 144/174/153 141/171/150 140/170/149
f 144/174/153 145/175/154 141/171/150
f 145/175/154 142/172/151 141/171/150
f 145/175/154 146/176/155 142/172/151
f 146/176/155 143/173/152 142/172/151
f 146/176/155 147/177/156 143/173/152
f 120/141/120 135/165/144 1174/178/157 1173/161/140
f 135/165/144 1175/179/158 1174/178/157
f 135/165/144 139/169/148 1176/180/159 1175/179/158
f 139/169/148 1177/181/160 1176/180/159
f 139/169/148 143/173/152 1178/182/161 1177/181/160
f 143/173/152 1179/183/162 1178/182/161
f 143/173/152 147/177/156 1180/184/163 1179/183/162
f 1181/185/164 1180/184/163 147/177/156
f 149/186/165 148/187/166 1198/188/167 1197/189/168
f 149/186/165 1197/189/168 1199/190/169
f 1198/188/167 148/187/166 1200/191/170
f 1200/191/170 148/187/166 150/192/171 1201/193/172
f 1201/193/172 150/192/171 1202/194/173
f 1202/194/173 150/192/171 151/195/174 1203/196/175
f 1203/196/175 151/195/174 152/197/176 1204/198/177
f 1204/198/177 152/197/176 1205/199/178
f 115/134/115 148/187/166 149/186/165
f 150/192/171 148/187/166 115/134/115
f 115/134/115 149/186/165 112/130/112
f 150/192/171 115/134/115 119/140/119
f 119/140/119 151/195/174 150/192/171
f 119/140/119 127/148/127 151/195/174
f 127/148/127 152/197/176 151/195/174
f 127/148/127 131/152/131 152/197/176
f 153/200/179 149/186/165 1206/201/180 1207/202/181
f 1199/190/169 1206/201/180 149/186/165
f 1207/202/181 1208/203/182 153/200/179
f 154/204/183 153/200/179 1208/203/182 1209/205/184
f 1209/205/184 1210/206/185 154/204/183
f 155/207/186 154/204/183 1210/206/185 1211/208/187
f 1211/208/187 1212/209/188 155/207/186
f 1212/209/188 1213/210/189 156/211/190 155/207/186
f 155/207/186 136/166/145 154/204/183
f 155/207/186 140/170/149 136/166/145
f 156/211/190 140/170/149 155/207/186
f 154/204/183 134/164/143 153/200/179
f 154/204/183 136/166/145 134/164/143
f 153/200/179 112/130/112 149/186/165
f 153/200/179 134/164/143 112/130/112
f 156/211/190 144/174/153 140/170/149
f 157/212/191 101/213/101 100/214/100
f 157/212/191 158/215/192 101/213/101
f 159/216/193 157/212/191 100/214/100
f 159/216/193 100/214/100 99/217/99
f 160/218/194 159/216/193 99/217/99
f 160/218/194 99/217/99 98/219/98
f 97/220/97 160/218/194 98/219/98
f 97/220/97 161/221/195 160/218/194
f 101/213/101 158/215/192 162/222/196
f 101/213/101 162/222/196 102/223/102
f 102/223/102 162/222/196 163/224/197
f 102/223/102 163/224/197 103/225/103
f 103/225/103 163/224/197 164/226/198
f 97/220/97 164/226/198 161/221/195
f 103/225/103 164/226/198 104/227/104
f 97/220/97 104/227/104 164/226/198
f 165/228/199 157/212/191 159/216/193
f 165/228/199 166/229/200 157/212/191
f 167/230/201 158/215/192 157/212/191
f 167/230/201 168/231/202 158/215/192
f 160/218/194 169/232/203 159/216/193
f 160/218/194 170/233/204 169/232/203
f 171/234/205 160/218/194 161/221/195
f 164/226/198 171/234/205 161/221/195
f 171/234/205 170/233/204 160/218/194
f 162/222/196 172/235/206 163/224/197
f 162/222/196 173/236/207 172/235/206
f 174/237/208 164/226/198 163/224/197
f 174/237/208 175/238/209 164/226/198
f 164/226/198 175/238/209 171/234/205
f 166/229/200 167/230/201 157/212/191
f 166/229/200 176/239/210 167/230/201
f 177/240/211 166/229/200 165/228/199
f 177/240/211 176/239/210 166/229/200
f 178/241/212 177/240/211 165/228/199
f 178/241/212 165/228/199 179/242/213
f 159/216/193 179/242/213 165/228/199
f 159/216/193 169/232/203 179/242/213
f 173/236/207 180/243/214 172/235/206
f 172/235/206 180/243/214 181/244/215
f 172/235/206 181/244/215 182/245/216
f 182/245/216 163/224/197 172/235/206
f 182/245/216 174/237/208 163/224/197
f 173/236/207 183/246/217 180/243/214
f 184/247/218 183/246/217 173/236/207
f 184/247/218 173/236/207 162/222/196
f 158/215/192 184/247/218 162/222/196
f 158/215/192 168/231/202 184/247/218
f 184/247/218 168/231/202 185/248/219
f 186/249/220 185/248/219 168/231/202
f 186/249/220 168/231/202 167/230/201
f 184/247/218 185/248/219 187/250/221
f 183/246/217 184/247/218 187/250/221
f 176/239/210 186/249/220 167/230/201
f 176/239/210 188/251/222 186/249/220
f 183/246/217 187/250/221 189/252/223
f 177/240/211 188/251/222 176/239/210
f 177/240/211 190/253/224 188/251/222
f 191/254/225 190/253/224 177/240/211
f 191/254/225 177/240/211 178/241/212
f 192/255/226 186/249/220 188/251/222
f 192/255/226 193/256/227 186/249/220
f 193/256/227 185/248/219 186/249/220
f 193/256/227 194/257/228 185/248/219
f 187/250/221 195/258/229 189/252/223
f 187/250/221 196/259/230 195/258/229
f 185/248/219 196/259/230 187/250/221
f 185/248/219 194/257/228 196/259/230
f 197/260/231 188/251/222 190/253/224
f 197/260/231 192/255/226 188/251/222
f 189/252/223 195/258/229 198/261/232
f 189/252/223 198/261/232 199/262/233
f 183/246/217 189/252/223 199/262/233
f 183/246/217 199/262/233 180/243/214
f 180/243/214 199/262/233 200/263/234
f 180/243/214 200/263/234 181/244/215
f 201/264/235 190/253/224 191/254/225
f 201/264/235 202/265/236 190/253/224
f 202/265/236 197/260/231 190/253/224
f 202/265/236 203/266/237 197/260/231
f 197/260/231 204/267/238 192/255/226
f 197/260/231 205/268/239 204/267/238
f 199/262/233 206/269/240 200/263/234
f 199/262/233 207/270/241 206/269/240
f 198/261/232 207/270/241 199/262/233
f 198/261/232 208/271/242 207/270/241
f 209/272/243 197/260/231 203/266/237
f 209/272/243 205/268/239 197/260/231
f 205/268/239 210/273/244 204/267/238
f 205/268/239 211/274/245 210/273/244
f 210/273/244 212/275/246 204/267/238
f 192/255/226 204/267/238 212/275/246
f 192/255/226 212/275/246 193/256/227
f 194/257/228 193/256/227 212/275/246
f 194/257/228 212/275/246 213/276/247
f 194/257/228 213/276/247 214/277/248
f 194/257/228 214/277/248 196/259/230
f 196/259/230 214/277/248 215/278/249
f 196/259/230 215/278/249 195/258/229
f 215/278/249 198/261/232 195/258/229
f 215/278/249 216/279/250 198/261/232
f 210/273/244 217/280/251 212/275/246
f 217/280/251 213/276/247 212/275/246
f 211/274/245 217/280/251 210/273/244
f 217/280/251 218/281/252 213/276/247
f 198/261/232 216/279/250 219/282/253
f 198/261/232 219/282/253 208/271/242
f 220/283/254 216/279/250 215/278/249
f 214/277/248 220/283/254 215/278/249
f 220/283/254 221/284/255 216/279/250
f 214/277/248 222/285/256 220/283/254
f 213/276/247 222/285/256 214/277/248
f 213/276/247 218/281/252 222/285/256
f 221/284/255 220/283/254 222/285/256
f 216/279/250 223/286/257 219/282/253
f 216/279/250 224/287/258 223/286/257
f 221/284/255 224/287/258 216/279/250
f 225/288/259 218/281/252 217/280/251
f 211/274/245 225/288/259 217/280/251
f 225/288/259 226/289/260 218/281/252
f 221/284/255 227/290/261 224/287/258
f 221/284/255 222/285/256 228/291/262
f 218/281/252 228/291/262 222/285/256
f 218/281/252 226/289/260 228/291/262
f 229/292/263 225/288/259 211/274/245
f 229/292/263 230/293/264 225/288/259
f 228/291/262 231/294/265 221/284/255
f 228/291/262 232/295/266 231/294/265
f 211/274/245 233/296/267 229/292/263
f 211/274/245 234/297/268 233/296/267
f 235/298/269 234/297/268 211/274/245
f 235/298/269 211/274/245 205/268/239
f 236/299/270 235/298/269 205/268/239
f 236/299/270 205/268/239 209/272/243
f 225/288/259 237/300/271 226/289/260
f 225/288/259 230/293/264 237/300/271
f 238/301/272 228/291/262 226/289/260
f 238/301/272 232/295/266 228/291/262
f 239/302/273 226/289/260 237/300/271
f 238/301/272 226/289/260 239/302/273
f 240/303/274 239/302/273 237/300/271
f 240/303/274 241/304/275 239/302/273
f 239/302/273 242/305/276 238/301/272
f 239/302/273 241/304/275 242/305/276
f 221/284/255 231/294/265 243/306/277
f 221/284/255 243/306/277 227/290/261
f 244/307/278 179/308/213 169/309/203
f 244/307/278 245/310/279 179/308/213
f 246/311/280 244/307/278 169/309/203
f 246/311/280 169/309/203 170/312/204
f 247/313/281 246/311/280 170/312/204
f 247/313/281 170/312/204 171/314/205
f 175/315/209 247/313/281 171/314/205
f 175/315/209 248/316/282 247/313/281
f 174/317/208 248/316/282 175/315/209
f 174/317/208 249/318/283 248/316/282
f 182/319/216 249/318/283 174/317/208
f 182/319/216 250/320/284 249/318/283
f 179/308/213 245/310/279 251/321/285
f 179/308/213 251/321/285 178/322/212
f 252/323/286 250/320/284 182/319/216
f 252/323/286 182/319/216 181/324/215
f 251/321/285 191/325/225 178/322/212
f 251/321/285 253/326/287 191/325/225
f 254/327/288 246/311/280 247/313/281
f 248/316/282 254/327/288 247/313/281
f 200/328/234 252/323/286 181/324/215
f 200/328/234 255/329/289 252/323/286
f 249/318/283 256/330/290 248/316/282
f 248/316/282 256/330/290 254/327/288
f 249/318/283 257/331/291 256/330/290
f 250/320/284 257/331/291 249/318/283
f 250/320/284 258/332/292 257/331/291
f 259/333/293 250/320/284 252/323/286
f 259/333/293 258/332/292 250/320/284
f 253/326/287 201/334/235 191/325/225
f 253/326/287 260/335/294 201/334/235
f 261/336/295 253/326/287 251/321/285
f 245/310/279 261/336/295 251/321/285
f 245/310/279 262/337/296 261/336/295
f 263/338/297 262/337/296 245/310/279
f 263/338/297 245/310/279 244/307/278
f 264/339/298 263/338/297 244/307/278
f 264/339/298 244/307/278 246/311/280
f 254/327/288 264/339/298 246/311/280
f 265/340/299 264/339/298 254/327/288
f 265/340/299 266/341/300 264/339/298
f 266/341/300 263/338/297 264/339/298
f 266/341/300 262/337/296 263/338/297
f 256/330/290 265/340/299 254/327/288
f 256/330/290 267/342/301 265/340/299
f 257/331/291 267/342/301 256/330/290
f 257/331/291 258/332/292 267/342/301
f 262/337/296 268/343/302 261/336/295
f 262/337/296 266/341/300 268/343/302
f 269/344/303 267/342/301 258/332/292
f 269/344/303 258/332/292 259/333/293
f 270/345/304 266/341/300 265/340/299
f 270/345/304 268/343/302 266/341/300
f 267/342/301 270/345/304 265/340/299
f 267/342/301 269/344/303 270/345/304
f 271/346/305 269/344/303 259/333/293
f 271/346/305 259/333/293 272/347/306
f 252/323/286 272/347/306 259/333/293
f 252/323/286 255/329/289 272/347/306
f 273/348/307 272/347/306 255/329/289
f 273/348/307 274/349/308 272/347/306
f 274/349/308 271/346/305 272/347/306
f 275/350/309 273/348/307 255/329/289
f 206/351/240 275/350/309 255/329/289
f 206/351/240 255/329/289 200/328/234
f 275/350/309 276/352/310 273/348/307
f 268/343/302 270/345/304 277/353/311
f 277/353/311 269/344/303 271/346/305
f 277/353/311 270/345/304 269/344/303
f 268/343/302 277/353/311 278/354/312
f 261/336/295 268/343/302 278/354/312
f 261/336/295 278/354/312 279/355/313
f 261/336/295 279/355/313 253/326/287
f 279/355/313 280/356/314 253/326/287
f 280/356/314 260/335/294 253/326/287
f 280/356/314 281/357/315 260/335/294
f 279/355/313 282/358/316 280/356/314
f 278/354/312 282/358/316 279/355/313
f 278/354/312 283/359/317 282/358/316
f 277/353/311 283/359/317 278/354/312
f 280/356/314 284/360/318 281/357/315
f 280/356/314 285/361/319 284/360/318
f 286/362/320 280/356/314 282/358/316
f 286/362/320 285/361/319 280/356/314
f 283/359/317 286/362/320 282/358/316
f 277/353/311 287/363/321 283/359/317
f 288/364/322 287/363/321 277/353/311
f 288/364/322 277/353/311 271/346/305
f 274/349/308 288/364/322 271/346/305
f 283/359/317 289/365/323 286/362/320
f 287/363/321 289/365/323 283/359/317
f 236/366/270 284/360/318 285/361/319
f 236/366/270 285/361/319 235/367/269
f 290/368/324 288/364/322 274/349/308
f 273/348/307 290/368/324 274/349/308
f 273/348/307 291/369/325 290/368/324
f 292/370/326 291/369/325 273/348/307
f 292/370/326 273/348/307 276/352/310
f 290/368/324 293/371/327 288/364/322
f 293/371/327 287/363/321 288/364/322
f 291/369/325 292/370/326 223/372/257
f 291/369/325 223/372/257 224/373/258
f 287/363/321 294/374/328 289/365/323
f 293/371/327 294/374/328 287/363/321
f 291/369/325 295/375/329 290/368/324
f 295/375/329 293/371/327 290/368/324
f 291/369/325 296/376/330 295/375/329
f 224/373/258 296/376/330 291/369/325
f 224/373/258 227/377/261 296/376/330
f 295/375/329 297/378/331 293/371/327
f 296/376/330 297/378/331 295/375/329
f 297/378/331 294/374/328 293/371/327
f 243/379/277 296/376/330 227/377/261
f 243/379/277 298/380/332 296/376/330
f 296/376/330 299/381/333 297/378/331
f 298/380/332 299/381/333 296/376/330
f 297/378/331 300/382/334 294/374/328
f 299/381/333 300/382/334 297/378/331
f 294/374/328 300/382/334 301/383/335
f 294/374/328 301/383/335 289/365/323
f 289/365/323 301/383/335 302/384/336
f 289/365/323 302/384/336 286/362/320
f 302/384/336 285/361/319 286/362/320
f 302/384/336 303/385/337 285/361/319
f 301/383/335 303/385/337 302/384/336
f 235/367/269 285/361/319 303/385/337
f 235/367/269 303/385/337 234/386/268
f 303/385/337 233/387/267 234/386/268
f 303/385/337 304/388/338 233/387/267
f 301/383/335 305/389/339 303/385/337
f 305/389/339 304/388/338 303/385/337
f 300/382/334 305/389/339 301/383/335
f 305/389/339 306/390/340 304/388/338
f 298/380/332 307/391/341 299/381/333
f 300/382/334 308/392/342 305/389/339
f 299/381/333 308/392/342 300/382/334
f 305/389/339 309/393/343 306/390/340
f 305/389/339 308/392/342 309/393/343
f 308/392/342 310/394/344 309/393/343
f 240/395/274 309/393/343 310/394/344
f 240/395/274 310/394/344 241/396/275
f 310/394/344 242/397/276 241/396/275
f 310/394/344 311/398/345 242/397/276
f 310/394/344 308/392/342 311/398/345
f 311/398/345 299/381/333 307/391/341
f 311/398/345 308/392/342 299/381/333
f 260/399/294 312/400/346 201/401/235
f 260/399/294 313/402/347 312/400/346
f 313/402/347 314/403/348 312/400/346
f 313/402/347 315/404/349 314/403/348
f 281/405/315 313/402/347 260/399/294
f 281/405/315 316/406/350 313/402/347
f 316/406/350 315/404/349 313/402/347
f 284/407/318 316/406/350 281/405/315
f 284/407/318 317/408/351 316/406/350
f 315/404/349 318/409/352 314/403/348
f 315/404/349 319/410/353 318/409/352
f 316/406/350 320/411/354 315/404/349
f 317/408/351 320/411/354 316/406/350
f 320/411/354 319/410/353 315/404/349
f 317/408/351 284/407/318 236/412/270
f 317/408/351 236/412/270 321/413/355
f 317/408/351 322/414/356 320/411/354
f 321/413/355 322/414/356 317/408/351
f 321/413/355 323/415/357 322/414/356
f 319/410/353 324/416/358 318/409/352
f 319/410/353 325/417/359 324/416/358
f 320/411/354 326/418/360 319/410/353
f 322/414/356 326/418/360 320/411/354
f 326/418/360 325/417/359 319/410/353
f 322/414/356 327/419/361 326/418/360
f 323/415/357 327/419/361 322/414/356
f 323/415/357 328/420/362 327/419/361
f 326/418/360 329/421/363 325/417/359
f 330/422/364 326/418/360 327/419/361
f 330/422/364 329/421/363 326/418/360
f 331/423/365 327/419/361 328/420/362
f 331/423/365 330/422/364 327/419/361
f 325/417/359 332/424/366 324/416/358
f 325/417/359 333/425/367 332/424/366
f 329/421/363 333/425/367 325/417/359
f 333/425/367 334/426/368 332/424/366
f 333/425/367 335/427/369 334/426/368
f 329/421/363 336/428/370 333/425/367
f 336/428/370 335/427/369 333/425/367
f 337/429/371 330/422/364 331/423/365
f 337/429/371 338/430/372 330/422/364
f 338/430/372 329/421/363 330/422/364
f 338/430/372 336/428/370 329/421/363
f 335/427/369 339/431/373 334/426/368
f 335/427/369 340/432/374 339/431/373
f 336/428/370 341/433/375 335/427/369
f 341/433/375 340/432/374 335/427/369
f 342/434/376 338/430/372 337/429/371
f 342/434/376 343/435/377 338/430/372
f 343/435/377 336/428/370 338/430/372
f 343/435/377 341/433/375 336/428/370
f 340/432/374 344/436/378 339/431/373
f 340/432/374 345/437/379 344/436/378
f 341/433/375 346/438/380 340/432/374
f 346/438/380 345/437/379 340/432/374
f 347/439/381 343/435/377 342/434/376
f 347/439/381 348/440/382 343/435/377
f 348/440/382 341/433/375 343/435/377
f 348/440/382 346/438/380 341/433/375
f 349/441/383 344/436/378 345/437/379
f 346/438/380 349/441/383 345/437/379
f 349/441/383 350/442/384 344/436/378
f 351/443/385 348/440/382 347/439/381
f 349/441/383 351/443/385 350/442/384
f 351/443/385 352/444/386 348/440/382
f 352/444/386 346/438/380 348/440/382
f 352/444/386 349/441/383 346/438/380
f 349/441/383 352/444/386 351/443/385
f 312/400/346 202/445/236 201/401/235
f 312/400/346 353/446/387 202/445/236
f 353/446/387 203/447/237 202/445/236
f 353/446/387 354/448/388 203/447/237
f 314/403/348 353/446/387 312/400/346
f 314/403/348 355/449/389 353/446/387
f 355/449/389 354/448/388 353/446/387
f 355/449/389 356/450/390 354/448/388
f 318/409/352 355/449/389 314/403/348
f 318/409/352 357/451/391 355/449/389
f 357/451/391 356/450/390 355/449/389
f 357/451/391 358/452/392 356/450/390
f 324/416/358 357/451/391 318/409/352
f 324/416/358 359/453/393 357/451/391
f 359/453/393 358/452/392 357/451/391
f 359/453/393 360/454/394 358/452/392
f 332/424/366 359/453/393 324/416/358
f 332/424/366 361/455/395 359/453/393
f 361/455/395 360/454/394 359/453/393
f 361/455/395 362/456/396 360/454/394
f 334/426/368 361/455/395 332/424/366
f 334/426/368 363/457/397 361/455/395
f 363/457/397 362/456/396 361/455/395
f 363/457/397 364/458/398 362/456/396
f 339/431/373 363/457/397 334/426/368
f 339/431/373 365/459/399 363/457/397
f 365/459/399 364/458/398 363/457/397
f 365/459/399 366/460/400 364/458/398
f 344/436/378 365/459/399 339/431/373
f 344/436/378 367/461/401 365/459/399
f 367/461/401 366/460/400 365/459/399
f 367/461/401 368/462/402 366/460/400
f 344/436/378 368/462/402 367/461/401
f 344/436/378 350/442/384 368/462/402
f 368/463/402 350/442/384 351/443/385
f 368/463/402 351/443/385 369/464/403
f 370/465/404 369/464/403 351/443/385
f 370/465/404 351/443/385 347/439/381
f 371/466/405 370/465/404 347/439/381
f 371/466/405 347/439/381 342/434/376
f 372/467/406 371/466/405 342/434/376
f 372/467/406 342/434/376 337/429/371
f 373/468/407 372/467/406 337/429/371
f 373/468/407 337/429/371 331/423/365
f 373/468/407 331/423/365 328/420/362
f 373/468/407 328/420/362 374/469/408
f 374/469/408 328/420/362 323/415/357
f 374/469/408 323/415/357 375/470/409
f 375/470/409 323/415/357 321/413/355
f 375/470/409 321/413/355 376/471/410
f 376/471/410 321/413/355 236/412/270
f 376/471/410 236/412/270 209/472/243
f 354/473/388 376/471/410 209/472/243
f 354/473/388 209/472/243 203/474/237
f 356/475/390 376/471/410 354/473/388
f 356/475/390 375/470/409 376/471/410
f 358/476/392 375/470/409 356/475/390
f 358/476/392 374/469/408 375/470/409
f 374/469/408 360/477/394 373/468/407
f 374/469/408 358/476/392 360/477/394
f 360/477/394 372/467/406 373/468/407
f 360/477/394 362/478/396 372/467/406
f 362/478/396 371/466/405 372/467/406
f 362/478/396 364/479/398 371/466/405
f 364/479/398 370/465/404 371/466/405
f 364/479/398 366/480/400 370/465/404
f 366/480/400 369/464/403 370/465/404
f 366/480/400 368/463/402 369/464/403
f 377/481/411 275/482/309 206/483/240
f 377/481/411 378/484/412 275/482/309
f 378/484/412 276/485/310 275/482/309
f 378/484/412 379/486/413 276/485/310
f 380/487/414 378/484/412 377/481/411
f 380/487/414 381/488/415 378/484/412
f 381/488/415 379/486/413 378/484/412
f 379/486/413 292/489/326 276/485/310
f 379/486/413 382/490/416 292/489/326
f 381/488/415 383/491/417 379/486/413
f 383/491/417 382/490/416 379/486/413
f 384/492/418 381/488/415 380/487/414
f 384/492/418 385/493/419 381/488/415
f 385/493/419 383/491/417 381/488/415
f 223/494/257 292/489/326 382/490/416
f 223/494/257 382/490/416 386/495/420
f 383/491/417 387/496/421 382/490/416
f 387/496/421 386/495/420 382/490/416
f 387/496/421 388/497/422 386/495/420
f 385/493/419 389/498/423 383/491/417
f 389/498/423 387/496/421 383/491/417
f 390/499/424 385/493/419 384/492/418
f 390/499/424 391/500/425 385/493/419
f 391/500/425 389/498/423 385/493/419
f 389/498/423 392/501/426 387/496/421
f 392/501/426 388/497/422 387/496/421
f 392/501/426 393/502/427 388/497/422
f 391/500/425 394/503/428 389/498/423
f 389/498/423 395/504/429 392/501/426
f 389/498/423 394/503/428 395/504/429
f 392/501/426 396/505/430 393/502/427
f 392/501/426 395/504/429 396/505/430
f 397/506/431 391/500/425 390/499/424
f 397/506/431 398/507/432 391/500/425
f 398/507/432 394/503/428 391/500/425
f 398/507/432 399/508/433 394/503/428
f 400/509/434 398/507/432 397/506/431
f 400/509/434 401/510/435 398/507/432
f 401/510/435 399/508/433 398/507/432
f 395/504/429 402/511/436 396/505/430
f 395/504/429 403/512/437 402/511/436
f 394/503/428 403/512/437 395/504/429
f 394/503/428 399/508/433 403/512/437
f 401/510/435 404/513/438 399/508/433
f 405/514/439 401/510/435 400/509/434
f 405/514/439 406/515/440 401/510/435
f 406/515/440 404/513/438 401/510/435
f 403/512/437 407/516/441 402/511/436
f 403/512/437 408/517/442 407/516/441
f 399/508/433 408/517/442 403/512/437
f 399/508/433 404/513/438 408/517/442
f 406/515/440 409/518/443 404/513/438
f 410/519/444 406/515/440 405/514/439
f 410/519/444 411/520/445 406/515/440
f 411/520/445 409/518/443 406/515/440
f 408/517/442 412/521/446 407/516/441
f 408/517/442 413/522/447 412/521/446
f 404/513/438 413/522/447 408/517/442
f 404/513/438 409/518/443 413/522/447
f 411/520/445 414/523/448 409/518/443
f 410/519/444 414/523/448 411/520/445
f 410/519/444 415/524/449 414/523/448
f 413/522/447 416/525/450 412/521/446
f 416/525/450 414/523/448 415/524/449
f 413/522/447 417/526/451 416/525/450
f 409/518/443 417/526/451 413/522/447
f 409/518/443 414/523/448 417/526/451
f 416/525/450 417/526/451 414/523/448
f 207/527/241 377/481/411 206/483/240
f 207/527/241 418/528/452 377/481/411
f 208/529/242 418/528/452 207/527/241
f 208/529/242 419/530/453 418/528/452
f 418/528/452 380/487/414 377/481/411
f 418/528/452 420/531/454 380/487/414
f 419/530/453 420/531/454 418/528/452
f 419/530/453 421/532/455 420/531/454
f 420/531/454 384/492/418 380/487/414
f 420/531/454 422/533/456 384/492/418
f 421/532/455 422/533/456 420/531/454
f 421/532/455 423/534/457 422/533/456
f 422/533/456 390/499/424 384/492/418
f 422/533/456 424/535/458 390/499/424
f 423/534/457 424/535/458 422/533/456
f 423/534/457 425/536/459 424/535/458
f 424/535/458 397/506/431 390/499/424
f 424/535/458 426/537/460 397/506/431
f 425/536/459 426/537/460 424/535/458
f 425/536/459 427/538/461 426/537/460
f 426/537/460 400/509/434 397/506/431
f 426/537/460 428/539/462 400/509/434
f 427/538/461 428/539/462 426/537/460
f 427/538/461 429/540/463 428/539/462
f 428/539/462 405/514/439 400/509/434
f 428/539/462 430/541/464 405/514/439
f 429/540/463 430/541/464 428/539/462
f 429/540/463 431/542/465 430/541/464
f 430/541/464 410/519/444 405/514/439
f 430/541/464 432/543/466 410/519/444
f 431/542/465 432/543/466 430/541/464
f 431/542/465 433/544/467 432/543/466
f 433/544/467 410/519/444 432/543/466
f 433/544/467 415/524/449 410/519/444
f 416/525/450 415/524/449 433/545/467
f 416/525/450 433/545/467 434/546/468
f 434/546/468 433/545/467 431/547/465
f 434/546/468 431/547/465 435/548/469
f 416/525/450 434/546/468 435/548/469
f 435/548/469 431/547/465 429/549/463
f 435/548/469 429/549/463 436/550/470
f 436/550/470 429/549/463 427/551/461
f 436/550/470 427/551/461 437/552/471
f 437/552/471 427/551/461 425/553/459
f 437/552/471 425/553/459 438/554/472
f 439/555/473 438/554/472 425/553/459
f 439/555/473 425/553/459 423/556/457
f 440/557/474 439/555/473 423/556/457
f 440/557/474 423/556/457 421/558/455
f 441/559/475 440/557/474 421/558/455
f 441/559/475 421/558/455 419/560/453
f 219/561/253 441/559/475 419/560/453
f 219/561/253 419/560/453 208/562/242
f 223/494/257 441/559/475 219/561/253
f 223/494/257 386/495/420 441/559/475
f 386/495/420 440/557/474 441/559/475
f 386/495/420 388/497/422 440/557/474
f 388/497/422 439/555/473 440/557/474
f 388/497/422 393/502/427 439/555/473
f 438/554/472 439/555/473 393/502/427
f 438/554/472 393/502/427 396/505/430
f 402/511/436 438/554/472 396/505/430
f 402/511/436 437/552/471 438/554/472
f 407/516/441 437/552/471 402/511/436
f 407/516/441 436/550/470 437/552/471
f 412/521/446 436/550/470 407/516/441
f 412/521/446 435/548/469 436/550/470
f 416/525/450 435/548/469 412/521/446
f 442/563/476 229/564/263 233/565/267
f 442/563/476 443/566/477 229/564/263
f 443/566/477 230/567/264 229/564/263
f 443/566/477 444/568/478 230/567/264
f 445/569/479 443/566/477 442/563/476
f 445/569/479 446/570/480 443/566/477
f 446/570/480 444/568/478 443/566/477
f 446/570/480 447/571/481 444/568/478
f 448/572/482 446/570/480 445/569/479
f 448/572/482 449/573/483 446/570/480
f 449/573/483 447/571/481 446/570/480
f 449/573/483 450/574/484 447/571/481
f 451/575/485 449/573/483 448/572/482
f 451/575/485 452/576/486 449/573/483
f 452/576/486 450/574/484 449/573/483
f 452/576/486 453/577/487 450/574/484
f 454/578/488 452/576/486 451/575/485
f 454/578/488 455/579/489 452/576/486
f 455/579/489 453/577/487 452/576/486
f 455/579/489 456/580/490 453/577/487
f 457/581/491 455/579/489 454/578/488
f 457/581/491 458/582/492 455/579/489
f 458/582/492 456/580/490 455/579/489
f 458/582/492 459/583/493 456/580/490
f 460/584/494 458/582/492 457/581/491
f 460/584/494 461/585/495 458/582/492
f 461/585/495 459/583/493 458/582/492
f 461/585/495 462/586/496 459/583/493
f 463/587/497 461/585/495 460/584/494
f 463/587/497 464/588/498 461/585/495
f 464/588/498 462/586/496 461/585/495
f 464/588/498 465/589/499 462/586/496
f 463/587/497 466/590/500 464/588/498
f 466/590/500 465/589/499 464/588/498
f 463/587/497 467/591/501 466/590/500
f 466/590/500 468/592/502 465/589/499
f 467/591/501 468/592/502 466/590/500
f 467/591/501 469/593/503 468/592/502
f 468/594/502 469/593/503 470/595/504
f 468/594/502 470/595/504 471/596/505
f 471/596/505 470/595/504 472/597/506
f 471/596/505 472/597/506 473/598/507
f 474/599/508 473/598/507 472/597/506
f 474/599/508 472/597/506 475/600/509
f 476/601/510 474/599/508 475/600/509
f 476/601/510 475/600/509 477/602/511
f 478/603/512 476/601/510 477/602/511
f 478/603/512 477/602/511 479/604/513
f 480/605/514 478/603/512 479/604/513
f 480/605/514 479/604/513 481/606/515
f 482/607/516 480/605/514 481/606/515
f 482/607/516 481/606/515 483/608/517
f 484/609/518 482/607/516 483/608/517
f 484/609/518 483/608/517 485/610/519
f 484/609/518 485/610/519 486/611/520
f 484/609/518 486/611/520 487/612/521
f 487/612/521 486/611/520 240/613/274
f 487/612/521 240/613/274 237/614/271
f 444/615/478 487/612/521 237/614/271
f 444/615/478 484/609/518 487/612/521
f 444/615/478 237/614/271 230/616/264
f 444/615/478 447/617/481 484/609/518
f 447/617/481 482/607/516 484/609/518
f 447/617/481 450/618/484 482/607/516
f 450/618/484 480/605/514 482/607/516
f 450/618/484 453/619/487 480/605/514
f 453/619/487 478/603/512 480/605/514
f 453/619/487 456/620/490 478/603/512
f 456/620/490 476/601/510 478/603/512
f 456/620/490 459/621/493 476/601/510
f 459/621/493 474/599/508 476/601/510
f 459/621/493 462/622/496 474/599/508
f 462/622/496 473/598/507 474/599/508
f 462/622/496 465/623/499 473/598/507
f 465/623/499 471/596/505 473/598/507
f 465/623/499 468/594/502 471/596/505
f 231/624/265 488/625/522 243/626/277
f 231/624/265 489/627/523 488/625/522
f 232/628/266 489/627/523 231/624/265
f 232/628/266 490/629/524 489/627/523
f 489/627/523 491/630/525 488/625/522
f 489/627/523 492/631/526 491/630/525
f 490/629/524 492/631/526 489/627/523
f 490/629/524 493/632/527 492/631/526
f 492/631/526 494/633/528 491/630/525
f 492/631/526 495/634/529 494/633/528
f 493/632/527 495/634/529 492/631/526
f 493/632/527 496/635/530 495/634/529
f 495/634/529 497/636/531 494/633/528
f 495/634/529 498/637/532 497/636/531
f 496/635/530 498/637/532 495/634/529
f 496/635/530 499/638/533 498/637/532
f 498/637/532 500/639/534 497/636/531
f 498/637/532 501/640/535 500/639/534
f 499/638/533 501/640/535 498/637/532
f 499/638/533 502/641/536 501/640/535
f 501/640/535 503/642/537 500/639/534
f 501/640/535 504/643/538 503/642/537
f 502/641/536 504/643/538 501/640/535
f 502/641/536 505/644/539 504/643/538
f 504/643/538 506/645/540 503/642/537
f 504/643/538 507/646/541 506/645/540
f 505/644/539 507/646/541 504/643/538
f 505/644/539 508/647/542 507/646/541
f 507/646/541 509/648/543 506/645/540
f 507/646/541 510/649/544 509/648/543
f 508/647/542 510/649/544 507/646/541
f 508/647/542 511/650/545 510/649/544
f 512/651/546 509/648/543 510/649/544
f 511/650/545 512/651/546 510/649/544
f 512/651/546 513/652/547 509/648/543
f 511/650/545 514/653/548 512/651/546
f 514/653/548 513/652/547 512/651/546
f 514/653/548 515/654/549 513/652/547
f 516/655/550 515/654/549 514/656/548
f 516/655/550 514/656/548 517/657/551
f 517/657/551 514/656/548 511/658/545
f 517/657/551 511/658/545 518/659/552
f 518/659/552 511/658/545 508/660/542
f 518/659/552 508/660/542 519/661/553
f 519/661/553 508/660/542 505/662/539
f 519/661/553 505/662/539 520/663/554
f 520/663/554 505/662/539 502/664/536
f 520/663/554 502/664/536 521/665/555
f 521/665/555 502/664/536 499/666/533
f 521/665/555 499/666/533 522/667/556
f 522/667/556 499/666/533 496/668/530
f 522/667/556 496/668/530 523/669/557
f 523/669/557 496/668/530 493/670/527
f 523/669/557 493/670/527 524/671/558
f 525/672/559 524/671/558 493/670/527
f 525/672/559 493/670/527 490/673/524
f 238/674/272 525/672/559 490/673/524
f 238/674/272 490/673/524 232/675/266
f 242/676/276 525/672/559 238/674/272
f 242/676/276 526/677/560 525/672/559
f 524/671/558 525/672/559 526/677/560
f 524/671/558 526/677/560 527/678/561
f 528/679/562 524/671/558 527/678/561
f 528/679/562 523/669/557 524/671/558
f 529/680/563 523/669/557 528/679/562
f 529/680/563 522/667/556 523/669/557
f 530/681/564 522/667/556 529/680/563
f 530/681/564 521/665/555 522/667/556
f 531/682/565 521/665/555 530/681/564
f 531/682/565 520/663/554 521/665/555
f 532/683/566 520/663/554 531/682/565
f 532/683/566 519/661/553 520/663/554
f 533/684/567 519/661/553 532/683/566
f 533/684/567 518/659/552 519/661/553
f 533/684/567 517/657/551 518/659/552
f 533/684/567 516/655/550 517/657/551
f 304/685/338 442/563/476 233/565/267
f 304/685/338 534/686/568 442/563/476
f 534/686/568 445/569/479 442/563/476
f 534/686/568 535/687/569 445/569/479
f 306/688/340 534/686/568 304/685/338
f 306/688/340 536/689/570 534/686/568
f 536/689/570 535/687/569 534/686/568
f 535/687/569 448/572/482 445/569/479
f 535/687/569 537/690/571 448/572/482
f 536/689/570 538/691/572 535/687/569
f 538/691/572 537/690/571 535/687/569
f 309/692/343 536/689/570 306/688/340
f 309/692/343 539/693/573 536/689/570
f 538/691/572 536/689/570 539/693/573
f 539/693/573 309/692/343 240/613/274
f 539/693/573 240/613/274 486/611/520
f 486/611/520 540/694/574 539/693/573
f 538/691/572 539/693/573 540/694/574
f 486/611/520 485/610/519 540/694/574
f 483/608/517 540/694/574 485/610/519
f 483/608/517 541/695/575 540/694/574
f 541/695/575 538/691/572 540/694/574
f 537/690/571 451/575/485 448/572/482
f 537/690/571 542/696/576 451/575/485
f 538/691/572 543/697/577 537/690/571
f 541/695/575 543/697/577 538/691/572
f 543/697/577 542/696/576 537/690/571
f 481/606/515 541/695/575 483/608/517
f 481/606/515 544/698/578 541/695/575
f 544/698/578 543/697/577 541/695/575
f 542/696/576 454/578/488 451/575/485
f 542/696/576 545/699/579 454/578/488
f 543/697/577 546/700/580 542/696/576
f 544/698/578 546/700/580 543/697/577
f 546/700/580 545/699/579 542/696/576
f 479/604/513 544/698/578 481/606/515
f 479/604/513 547/701/581 544/698/578
f 547/701/581 546/700/580 544/698/578
f 545/699/579 457/581/491 454/578/488
f 545/699/579 548/702/582 457/581/491
f 546/700/580 549/703/583 545/699/579
f 547/701/581 549/703/583 546/700/580
f 549/703/583 548/702/582 545/699/579
f 477/602/511 547/701/581 479/604/513
f 477/602/511 550/704/584 547/701/581
f 550/704/584 549/703/583 547/701/581
f 548/702/582 460/584/494 457/581/491
f 548/702/582 551/705/585 460/584/494
f 549/703/583 552/706/586 548/702/582
f 550/704/584 552/706/586 549/703/583
f 552/706/586 551/705/585 548/702/582
f 475/600/509 550/704/584 477/602/511
f 475/600/509 553/707/587 550/704/584
f 553/707/587 552/706/586 550/704/584
f 551/705/585 463/587/497 460/584/494
f 551/705/585 554/708/588 463/587/497
f 552/706/586 555/709/589 551/705/585
f 553/707/587 555/709/589 552/706/586
f 555/709/589 554/708/588 551/705/585
f 472/597/506 553/707/587 475/600/509
f 472/597/506 556/710/590 553/707/587
f 556/710/590 555/709/589 553/707/587
f 557/711/591 463/587/497 554/708/588
f 557/711/591 467/591/501 463/587/497
f 555/709/589 558/712/592 554/708/588
f 558/712/592 557/711/591 554/708/588
f 556/710/590 558/712/592 555/709/589
f 558/712/592 559/713/593 557/711/591
f 559/713/593 467/591/501 557/711/591
f 472/597/506 560/714/594 556/710/590
f 560/714/594 558/712/592 556/710/590
f 560/714/594 559/713/593 558/712/592
f 472/597/506 470/595/504 560/714/594
f 470/595/504 559/713/593 560/714/594
f 559/713/593 469/593/503 467/591/501
f 470/595/504 469/593/503 559/713/593
f 488/625/522 298/715/332 243/626/277
f 488/625/522 561/716/595 298/715/332
f 561/716/595 307/717/341 298/715/332
f 561/716/595 562/718/596 307/717/341
f 491/630/525 561/716/595 488/625/522
f 491/630/525 563/719/597 561/716/595
f 563/719/597 562/718/596 561/716/595
f 562/718/596 311/720/345 307/717/341
f 562/718/596 564/721/598 311/720/345
f 242/676/276 311/720/345 564/721/598
f 242/676/276 564/721/598 526/677/560
f 563/719/597 565/722/599 562/718/596
f 564/721/598 562/718/596 565/722/599
f 494/633/528 563/719/597 491/630/525
f 494/633/528 566/723/600 563/719/597
f 566/723/600 565/722/599 563/719/597
f 526/677/560 564/721/598 567/724/601
f 564/721/598 565/722/599 567/724/601
f 526/677/560 567/724/601 527/678/561
f 567/724/601 528/679/562 527/678/561
f 567/724/601 568/725/602 528/679/562
f 565/722/599 568/725/602 567/724/601
f 566/723/600 569/726/603 565/722/599
f 565/722/599 569/726/603 568/725/602
f 497/636/531 566/723/600 494/633/528
f 497/636/531 570/727/604 566/723/600
f 570/727/604 569/726/603 566/723/600
f 568/725/602 529/680/563 528/679/562
f 568/725/602 571/728/605 529/680/563
f 569/726/603 571/728/605 568/725/602
f 570/727/604 572/729/606 569/726/603
f 569/726/603 572/729/606 571/728/605
f 500/639/534 570/727/604 497/636/531
f 500/639/534 573/730/607 570/727/604
f 573/730/607 572/729/606 570/727/604
f 571/728/605 530/681/564 529/680/563
f 571/728/605 574/731/608 530/681/564
f 572/729/606 574/731/608 571/728/605
f 573/730/607 575/732/609 572/729/606
f 572/729/606 575/732/609 574/731/608
f 503/642/537 573/730/607 500/639/534
f 503/642/537 576/733/610 573/730/607
f 576/733/610 575/732/609 573/730/607
f 574/731/608 531/682/565 530/681/564
f 574/731/608 577/734/611 531/682/565
f 575/732/609 577/734/611 574/731/608
f 576/733/610 578/735/612 575/732/609
f 575/732/609 578/735/612 577/734/611
f 506/645/540 576/733/610 503/642/537
f 506/645/540 579/736/613 576/733/610
f 579/736/613 578/735/612 576/733/610
f 577/734/611 532/683/566 531/682/565
f 577/734/611 580/737/614 532/683/566
f 578/735/612 580/737/614 577/734/611
f 579/736/613 581/738/615 578/735/612
f 578/735/612 581/738/615 580/737/614
f 509/648/543 579/736/613 506/645/540
f 509/648/543 582/739/616 579/736/613
f 582/739/616 581/738/615 579/736/613
f 580/737/614 533/684/567 532/683/566
f 580/737/614 583/740/617 533/684/567
f 581/738/615 583/740/617 580/737/614
f 582/739/616 584/741/618 581/738/615
f 581/738/615 584/741/618 583/740/617
f 509/648/543 585/742/619 582/739/616
f 585/742/619 584/741/618 582/739/616
f 509/648/543 513/652/547 585/742/619
f 585/742/619 586/743/620 584/741/618
f 513/652/547 586/743/620 585/742/619
f 587/744/621 533/684/567 583/740/617
f 584/741/618 587/744/621 583/740/617
f 584/741/618 586/743/620 587/744/621
f 587/744/621 516/655/550 533/684/567
f 586/743/620 516/655/550 587/744/621
f 513/652/547 515/654/549 586/743/620
f 586/743/620 515/654/549 516/655/550
f 590/745/622 589/746/623 588/747/624
f 590/745/622 591/748/625 589/746/623
f 592/749/626 591/748/625 590/745/622
f 592/749/626 590/745/622 593/750/627
f 588/747/624 589/746/623 594/751/628
f 588/747/624 594/751/628 595/752/629
f 596/753/630 590/745/622 588/747/624
f 593/750/627 590/745/622 596/753/630
f 596/753/630 588/747/624 597/754/631
f 597/754/631 588/747/624 595/752/629
f 593/750/627 596/753/630 598/755/632
f 599/756/633 592/749/626 593/750/627
f 599/756/633 593/750/627 600/757/634
f 600/757/634 593/750/627 598/755/632
f 595/752/629 594/751/628 601/758/635
f 595/752/629 601/758/635 602/759/636
f 597/754/631 595/752/629 603/760/637
f 603/760/637 595/752/629 602/759/636
f 604/761/638 596/753/630 597/754/631
f 604/761/638 597/754/631 605/762/639
f 605/762/639 597/754/631 603/760/637
f 606/763/640 596/753/630 604/761/638
f 606/763/640 598/755/632 596/753/630
f 600/757/634 598/755/632 607/764/641
f 607/764/641 598/755/632 606/763/640
f 608/765/642 599/756/633 600/757/634
f 608/765/642 600/757/634 609/766/643
f 609/766/643 600/757/634 607/764/641
f 607/764/641 606/763/640 610/767/644
f 603/760/637 602/759/636 611/768/645
f 605/762/639 603/760/637 612/769/646
f 612/769/646 603/760/637 611/768/645
f 609/766/643 607/764/641 613/770/647
f 613/770/647 607/764/641 610/767/644
f 614/771/648 608/765/642 609/766/643
f 614/771/648 609/766/643 615/772/649
f 613/770/647 615/772/649 609/766/643
f 614/771/648 615/772/649 602/773/636
f 614/771/648 602/773/636 601/774/635
f 602/773/636 615/772/649 616/775/650
f 613/770/647 616/775/650 615/772/649
f 602/773/636 616/775/650 611/776/645
f 613/770/647 610/767/644 617/777/651
f 616/775/650 613/770/647 617/777/651
f 612/769/646 611/768/645 618/778/652
f 616/775/650 617/777/651 619/779/653
f 611/776/645 616/775/650 619/779/653
f 611/776/645 619/779/653 618/780/652
f 617/777/651 610/767/644 620/781/654
f 610/767/644 621/782/655 620/781/654
f 610/767/644 606/763/640 621/782/655
f 621/782/655 606/763/640 604/761/638
f 621/782/655 604/761/638 622/783/656
f 622/783/656 604/761/638 605/762/639
f 622/783/656 605/762/639 623/784/657
f 623/784/657 605/762/639 612/769/646
f 623/784/657 612/769/646 624/785/658
f 624/785/658 612/769/646 618/778/652
f 625/786/659 621/782/655 622/783/656
f 620/781/654 621/782/655 625/786/659
f 625/786/659 622/783/656 626/787/660
f 626/787/660 622/783/656 623/784/657
f 626/787/660 623/784/657 627/788/661
f 627/788/661 623/784/657 624/785/658
f 620/781/654 625/786/659 628/789/662
f 627/788/661 624/785/658 629/790/663
f 630/791/664 625/786/659 626/787/660
f 628/789/662 625/786/659 630/791/664
f 630/791/664 626/787/660 631/792/665
f 631/792/665 626/787/660 627/788/661
f 631/792/665 627/788/661 632/793/666
f 632/793/666 627/788/661 629/790/663
f 628/789/662 630/791/664 633/794/667
f 629/790/663 624/785/658 634/795/668
f 624/785/658 618/778/652 634/795/668
f 629/790/663 634/795/668 635/796/669
f 632/793/666 629/790/663 636/797/670
f 636/797/670 629/790/663 635/796/669
f 630/791/664 631/792/665 637/798/671
f 630/791/664 637/798/671 638/799/672
f 631/792/665 639/800/673 637/798/671
f 631/792/665 632/793/666 639/800/673
f 640/801/674 630/791/664 638/799/672
f 640/801/674 633/794/667 630/791/664
f 641/802/675 628/789/662 633/794/667
f 642/803/676 628/789/662 641/802/675
f 642/803/676 620/781/654 628/789/662
f 617/777/651 620/781/654 642/803/676
f 619/779/653 617/777/651 642/803/676
f 619/779/653 642/803/676 643/804/677
f 643/804/677 642/803/676 641/802/675
f 618/780/652 619/779/653 643/804/677
f 618/780/652 643/804/677 634/805/668
f 643/804/677 641/802/675 644/806/678
f 634/805/668 643/804/677 644/806/678
f 634/805/668 644/806/678 635/807/669
f 636/797/670 635/796/669 645/808/679
f 644/806/678 641/802/675 646/809/680
f 641/802/675 633/794/667 646/809/680
f 633/794/667 647/810/681 646/809/680
f 633/794/667 640/801/674 647/810/681
f 644/806/678 646/809/680 648/811/682
f 635/807/669 644/806/678 648/811/682
f 635/807/669 648/811/682 645/812/679
f 649/813/683 636/797/670 645/808/679
f 649/813/683 650/814/684 636/797/670
f 650/814/684 632/793/666 636/797/670
f 650/814/684 639/800/673 632/793/666
f 639/800/673 650/814/684 651/815/685
f 639/800/673 651/815/685 652/816/686
f 637/798/671 639/800/673 652/816/686
f 637/798/671 652/816/686 653/817/687
f 638/799/672 637/798/671 653/817/687
f 638/799/672 653/817/687 654/818/688
f 655/819/689 647/810/681 640/801/674
f 655/819/689 640/801/674 656/820/690
f 656/820/690 638/799/672 654/818/688
f 656/820/690 640/801/674 638/799/672
f 657/821/691 650/814/684 649/813/683
f 657/821/691 651/815/685 650/814/684
f 652/816/686 651/815/685 658/822/692
f 652/816/686 658/822/692 659/823/693
f 653/817/687 652/816/686 659/823/693
f 653/817/687 659/823/693 660/824/694
f 654/818/688 653/817/687 660/824/694
f 654/818/688 660/824/694 661/825/695
f 651/815/685 662/826/696 658/822/692
f 651/815/685 657/821/691 662/826/696
f 663/827/697 655/819/689 656/820/690
f 664/828/698 655/819/689 663/827/697
f 664/828/698 665/829/699 655/819/689
f 647/810/681 655/819/689 665/829/699
f 647/810/681 665/829/699 666/830/700
f 646/809/680 647/810/681 666/830/700
f 646/809/680 666/830/700 648/811/682
f 649/831/683 648/811/682 666/830/700
f 649/831/683 645/812/679 648/811/682
f 657/832/691 666/830/700 665/829/699
f 657/832/691 649/831/683 666/830/700
f 662/833/696 665/829/699 664/828/698
f 662/833/696 657/832/691 665/829/699
f 658/822/692 662/826/696 667/834/701
f 658/822/692 667/834/701 668/835/702
f 659/823/693 658/822/692 668/835/702
f 659/823/693 668/835/702 669/836/703
f 660/824/694 659/823/693 669/836/703
f 660/824/694 669/836/703 670/837/704
f 661/825/695 660/824/694 670/837/704
f 661/825/695 670/837/704 671/838/705
f 672/839/706 661/825/695 671/838/705
f 672/839/706 673/840/707 661/825/695
f 673/840/707 654/818/688 661/825/695
f 673/840/707 656/820/690 654/818/688
f 663/827/697 656/820/690 673/840/707
f 674/841/708 673/840/707 672/839/706
f 674/841/708 663/827/697 673/840/707
f 675/842/709 663/827/697 674/841/708
f 675/842/709 664/828/698 663/827/697
f 667/843/701 664/828/698 675/842/709
f 667/843/701 662/833/696 664/828/698
f 670/837/704 669/836/703 676/844/710
f 669/836/703 677/845/711 676/844/710
f 669/836/703 668/835/702 677/845/711
f 668/835/702 678/846/712 677/845/711
f 668/835/702 667/834/701 678/846/712
f 678/847/712 667/843/701 675/842/709
f 678/847/712 675/842/709 679/848/713
f 679/848/713 675/842/709 674/841/708
f 679/848/713 674/841/708 680/849/714
f 680/849/714 674/841/708 672/839/706
f 680/849/714 672/839/706 681/850/715
f 681/850/715 672/839/706 671/838/705
f 681/850/715 671/838/705 682/851/716
f 671/838/705 683/852/717 682/851/716
f 670/837/704 676/844/710 683/852/717
f 671/838/705 670/837/704 683/852/717
f 677/845/711 678/846/712 684/853/718
f 677/845/711 684/853/718 685/854/719
f 676/844/710 677/845/711 685/854/719
f 676/844/710 685/854/719 686/855/720
f 683/852/717 676/844/710 686/855/720
f 683/852/717 686/855/720 687/856/721
f 688/857/722 683/852/717 687/856/721
f 688/857/722 682/851/716 683/852/717
f 681/850/715 682/851/716 688/857/722
f 684/858/718 678/847/712 679/848/713
f 684/858/718 679/848/713 689/859/723
f 689/859/723 679/848/713 680/849/714
f 689/859/723 680/849/714 690/860/724
f 690/860/724 680/849/714 681/850/715
f 690/860/724 681/850/715 691/861/725
f 681/850/715 688/857/722 691/861/725
f 693/862/726 591/863/625 692/864/727
f 693/862/726 589/865/623 591/863/625
f 594/866/628 589/865/623 693/862/726
f 594/866/628 693/862/726 694/867/728
f 695/868/729 692/864/727 591/863/625
f 695/868/729 591/863/625 592/869/626
f 696/870/730 693/862/726 692/864/727
f 694/867/728 693/862/726 696/870/730
f 696/870/730 692/864/727 697/871/731
f 594/866/628 694/867/728 698/872/732
f 594/866/628 698/872/732 601/873/635
f 694/867/728 696/870/730 699/874/733
f 700/875/734 695/868/729 592/869/626
f 700/875/734 592/869/626 599/876/633
f 692/864/727 701/877/735 697/871/731
f 692/864/727 695/868/729 701/877/735
f 701/877/735 695/868/729 700/875/734
f 702/878/736 694/867/728 699/874/733
f 702/878/736 698/872/732 694/867/728
f 701/877/735 700/875/734 703/879/737
f 704/880/738 700/875/734 599/876/633
f 704/880/738 599/876/633 608/881/642
f 601/873/635 698/872/732 705/882/739
f 705/882/739 698/872/732 702/878/736
f 601/873/635 705/882/739 614/883/648
f 704/880/738 614/883/648 705/882/739
f 704/880/738 608/881/642 614/883/648
f 705/882/739 702/878/736 706/884/740
f 707/885/741 697/871/731 701/877/735
f 707/885/741 701/877/735 708/886/742
f 700/875/734 709/887/743 703/879/737
f 700/875/734 704/880/738 709/887/743
f 709/887/743 705/882/739 706/884/740
f 709/887/743 704/880/738 705/882/739
f 701/877/735 710/888/744 708/886/742
f 701/877/735 703/879/737 710/888/744
f 710/888/744 703/879/737 711/889/745
f 710/888/744 711/889/745 712/890/746
f 713/891/747 703/879/737 709/887/743
f 713/891/747 711/889/745 703/879/737
f 709/887/743 714/892/748 713/891/747
f 709/887/743 706/884/740 714/892/748
f 712/890/746 711/889/745 128/893/128
f 712/890/746 128/893/128 129/894/129
f 711/889/745 130/895/130 128/893/128
f 711/889/745 713/891/747 130/895/130
f 713/891/747 131/896/131 130/895/130
f 713/891/747 714/892/748 131/896/131
f 1183/897/749 712/890/746 129/894/129 1182/898/750
f 1182/898/750 129/894/129 1167/899/134
f 712/890/746 1183/897/749 1184/900/751
f 1185/901/752 710/888/744 712/890/746 1184/900/751
f 710/888/744 1185/901/752 1186/902/753
f 708/886/742 1188/903/754 1187/904/755
f 1188/903/754 708/886/742 710/888/744 1186/902/753
f 707/885/741 708/886/742 1187/904/755 1189/905/756
f 716/906/757 697/871/731 715/907/758
f 716/906/757 696/870/730 697/871/731
f 717/908/759 696/870/730 716/906/757
f 717/908/759 699/874/733 696/870/730
f 715/907/758 697/871/731 707/885/741
f 715/907/758 707/885/741 718/909/760
f 719/910/761 717/908/759 716/906/757
f 719/910/761 716/906/757 720/911/762
f 720/911/762 716/906/757 715/907/758
f 720/911/762 715/907/758 721/912/763
f 721/912/763 715/907/758 718/909/760
f 721/912/763 718/909/760 722/913/764
f 723/914/765 719/910/761 720/911/762
f 723/914/765 720/911/762 724/915/766
f 724/915/766 720/911/762 721/912/763
f 724/915/766 721/912/763 725/916/767
f 725/916/767 721/912/763 722/913/764
f 725/916/767 722/913/764 726/917/768
f 144/918/153 723/914/765 724/915/766
f 144/918/153 724/915/766 145/919/154
f 145/919/154 724/915/766 725/916/767
f 145/919/154 725/916/767 146/920/155
f 146/920/155 725/916/767 726/917/768
f 146/920/155 726/917/768 147/921/156
f 707/885/741 1189/905/756 1190/922/769 718/909/760
f 718/909/760 1190/922/769 1191/923/770
f 722/913/764 718/909/760 1191/923/770 1192/924/771
f 722/913/764 1192/924/771 1193/925/772
f 726/917/768 722/913/764 1193/925/772 1194/926/773
f 726/917/768 1194/926/773 1195/927/774
f 147/921/156 726/917/768 1195/927/774 1196/928/775
f 147/921/156 1196/928/775 1181/929/164
f 1214/930/776 727/931/777 1215/932/778
f 1216/933/779 728/934/780 727/931/777 1214/930/776
f 727/931/777 729/935/781 1217/936/782 1215/932/778
f 1217/936/782 729/935/781 1218/937/783
f 1219/938/784 728/934/780 1216/933/779
f 1220/939/785 730/940/786 728/934/780 1219/938/784
f 730/940/786 1220/939/785 1221/941/787 152/942/176
f 1205/943/178 152/942/176 1221/941/787
f 152/942/176 714/892/748 730/940/786
f 152/942/176 131/896/131 714/892/748
f 730/940/786 706/884/740 728/934/780
f 730/940/786 714/892/748 706/884/740
f 728/934/780 702/878/736 727/931/777
f 728/934/780 706/884/740 702/878/736
f 729/935/781 727/931/777 702/878/736
f 729/935/781 702/878/736 699/874/733
f 729/935/781 731/944/788 1223/945/789 1222/946/790
f 1218/937/783 729/935/781 1222/946/790
f 1223/945/789 731/944/788 1224/947/791
f 731/944/788 732/948/792 1225/949/793 1224/947/791
f 1226/950/794 1225/949/793 732/948/792
f 732/948/792 733/951/795 1227/952/796 1226/950/794
f 1228/953/797 1227/952/796 733/951/795
f 733/951/795 156/954/190 1213/955/189 1228/953/797
f 699/874/733 731/944/788 729/935/781
f 699/874/733 717/908/759 731/944/788
f 732/948/792 731/944/788 717/908/759
f 732/948/792 717/908/759 719/910/761
f 733/951/795 732/948/792 719/910/761
f 733/951/795 719/910/761 723/914/765
f 156/954/190 733/951/795 723/914/765
f 156/954/190 723/914/765 144/918/153
f 735/956/798 684/957/718 734/958/799
f 735/956/798 685/959/719 684/957/718
f 736/960/800 685/959/719 735/956/798
f 736/960/800 686/961/720 685/959/719
f 737/962/801 686/961/720 736/960/800
f 737/962/801 687/963/721 686/961/720
f 737/962/801 688/964/722 687/963/721
f 737/962/801 738/965/802 688/964/722
f 684/957/718 739/966/803 734/958/799
f 684/957/718 689/967/723 739/966/803
f 689/967/723 740/968/804 739/966/803
f 689/967/723 690/969/724 740/968/804
f 690/969/724 741/970/805 740/968/804
f 741/970/805 688/964/722 738/965/802
f 690/969/724 691/971/725 741/970/805
f 741/970/805 691/971/725 688/964/722
f 742/972/806 736/960/800 735/956/798
f 742/972/806 735/956/798 743/973/807
f 737/962/801 736/960/800 744/974/808
f 737/962/801 744/974/808 745/975/809
f 746/976/810 737/962/801 745/975/809
f 746/976/810 738/965/802 737/962/801
f 741/970/805 738/965/802 746/976/810
f 739/966/803 740/968/804 747/977/811
f 739/966/803 747/977/811 748/978/812
f 749/979/813 740/968/804 741/970/805
f 749/979/813 741/970/805 750/980/814
f 741/970/805 746/976/810 750/980/814
f 751/981/815 740/968/804 749/979/813
f 751/981/815 747/977/811 740/968/804
f 752/982/816 739/966/803 748/978/812
f 752/982/816 748/978/812 753/983/817
f 754/984/818 742/972/806 743/973/807
f 755/985/819 742/972/806 754/984/818
f 755/985/819 756/986/820 742/972/806
f 736/960/800 756/986/820 744/974/808
f 736/960/800 742/972/806 756/986/820
f 754/984/818 743/973/807 757/987/821
f 743/973/807 758/988/822 757/987/821
f 743/973/807 735/956/798 758/988/822
f 758/988/822 735/956/798 734/958/799
f 758/988/822 734/958/799 759/989/823
f 734/958/799 752/982/816 759/989/823
f 734/958/799 739/966/803 752/982/816
f 760/990/824 758/988/822 759/989/823
f 760/990/824 757/987/821 758/988/822
f 760/990/824 759/989/823 761/991/825
f 761/991/825 759/989/823 752/982/816
f 761/991/825 752/982/816 762/992/826
f 762/992/826 752/982/816 753/983/817
f 760/990/824 763/993/827 757/987/821
f 763/993/827 754/984/818 757/987/821
f 762/992/826 753/983/817 764/994/828
f 765/995/829 763/993/827 760/990/824
f 765/995/829 760/990/824 766/996/830
f 766/996/830 760/990/824 761/991/825
f 766/996/830 761/991/825 767/997/831
f 753/983/817 768/998/832 764/994/828
f 753/983/817 769/999/833 768/998/832
f 748/978/812 769/999/833 753/983/817
f 748/978/812 747/977/811 769/999/833
f 747/977/811 770/1000/834 769/999/833
f 747/977/811 751/981/815 770/1000/834
f 769/999/833 771/1001/835 768/998/832
f 769/999/833 770/1000/834 771/1001/835
f 762/992/826 764/994/828 772/1002/836
f 762/992/826 772/1002/836 773/1003/837
f 761/991/825 773/1003/837 767/997/831
f 761/991/825 762/992/826 773/1003/837
f 764/994/828 774/1004/838 772/1002/836
f 764/994/828 768/998/832 774/1004/838
f 775/1005/839 765/995/829 766/996/830
f 775/1005/839 766/996/830 767/997/831
f 775/1005/839 767/997/831 776/1006/840
f 768/998/832 771/1001/835 777/1007/841
f 768/998/832 777/1007/841 778/1008/842
f 774/1004/838 768/998/832 778/1008/842
f 774/1004/838 778/1008/842 779/1009/843
f 780/1010/844 772/1002/836 774/1004/838
f 773/1003/837 772/1002/836 780/1010/844
f 780/1010/844 774/1004/838 781/1011/845
f 773/1003/837 780/1010/844 782/1012/846
f 782/1012/846 767/997/831 773/1003/837
f 782/1012/846 776/1006/840 767/997/831
f 783/1013/847 775/1005/839 776/1006/840
f 784/1014/848 775/1005/839 783/1013/847
f 784/1014/848 785/1015/849 775/1005/839
f 775/1005/839 785/1015/849 765/995/829
f 786/1016/850 765/995/829 785/1015/849
f 786/1016/850 763/993/827 765/995/829
f 786/1016/850 787/1017/851 763/993/827
f 763/993/827 787/1017/851 754/984/818
f 788/1018/852 754/984/818 787/1017/851
f 788/1018/852 755/985/819 754/984/818
f 789/1019/853 788/1018/852 787/1017/851
f 789/1019/853 787/1017/851 790/1020/854
f 790/1020/854 787/1017/851 786/1016/850
f 790/1020/854 786/1016/850 791/1021/855
f 786/1016/850 785/1015/849 792/1022/856
f 792/1022/856 785/1015/849 784/1014/848
f 793/1023/857 786/1016/850 792/1022/856
f 793/1023/857 791/1021/855 786/1016/850
f 792/1022/856 784/1014/848 794/1024/858
f 783/1013/847 794/1024/858 784/1014/848
f 795/1025/859 793/1023/857 792/1022/856
f 795/1025/859 792/1022/856 796/1026/860
f 796/1026/860 792/1022/856 794/1024/858
f 796/1026/860 794/1024/858 797/1027/861
f 794/1024/858 798/1028/862 797/1027/861
f 794/1024/858 799/1029/863 798/1028/862
f 799/1029/863 794/1024/858 800/1030/864
f 783/1013/847 800/1030/864 794/1024/858
f 800/1030/864 783/1013/847 801/1031/865
f 783/1013/847 776/1006/840 801/1031/865
f 776/1006/840 802/1032/866 801/1031/865
f 776/1006/840 782/1012/846 802/1032/866
f 782/1012/846 803/1033/867 802/1032/866
f 782/1012/846 780/1010/844 803/1033/867
f 803/1033/867 780/1010/844 781/1011/845
f 803/1033/867 781/1011/845 804/1034/868
f 802/1032/866 803/1033/867 804/1034/868
f 800/1030/864 801/1031/865 805/1035/869
f 804/1034/868 781/1011/845 806/1036/870
f 781/1011/845 807/1037/871 806/1036/870
f 781/1011/845 808/1038/872 807/1037/871
f 774/1004/838 808/1038/872 781/1011/845
f 774/1004/838 779/1009/843 808/1038/872
f 804/1034/868 806/1036/870 809/1039/873
f 802/1032/866 804/1034/868 810/1040/874
f 801/1031/865 810/1040/874 805/1035/869
f 801/1031/865 802/1032/866 810/1040/874
f 810/1040/874 804/1034/868 811/1041/875
f 810/1040/874 811/1041/875 812/1042/876
f 804/1034/868 813/1043/877 811/1041/875
f 804/1034/868 809/1039/873 813/1043/877
f 814/1044/878 810/1040/874 812/1042/876
f 814/1044/878 805/1035/869 810/1040/874
f 805/1035/869 814/1044/878 815/1045/879
f 805/1035/869 815/1045/879 816/1046/880
f 800/1030/864 805/1035/869 816/1046/880
f 800/1030/864 816/1046/880 817/1047/881
f 799/1029/863 800/1030/864 817/1047/881
f 818/1048/882 816/1046/880 815/1045/879
f 818/1048/882 815/1045/879 819/1049/883
f 815/1045/879 820/1050/884 819/1049/883
f 815/1045/879 814/1044/878 820/1050/884
f 822/1051/885 756/1052/820 821/1053/886
f 822/1051/885 744/1054/808 756/1052/820
f 823/1055/887 744/1054/808 822/1051/885
f 823/1055/887 745/1056/809 744/1054/808
f 824/1057/888 745/1056/809 823/1055/887
f 824/1057/888 746/1058/810 745/1056/809
f 750/1059/814 746/1058/810 824/1057/888
f 750/1059/814 824/1057/888 825/1060/889
f 749/1061/813 750/1059/814 825/1060/889
f 749/1061/813 825/1060/889 826/1062/890
f 751/1063/815 749/1061/813 826/1062/890
f 751/1063/815 826/1062/890 827/1064/891
f 756/1052/820 828/1065/892 821/1053/886
f 756/1052/820 755/1066/819 828/1065/892
f 829/1067/893 751/1063/815 827/1064/891
f 829/1067/893 770/1068/834 751/1063/815
f 828/1065/892 755/1066/819 788/1069/852
f 828/1065/892 788/1069/852 830/1070/894
f 831/1071/895 824/1057/888 823/1055/887
f 825/1060/889 824/1057/888 831/1071/895
f 771/1072/835 770/1068/834 829/1067/893
f 771/1072/835 829/1067/893 832/1073/896
f 826/1062/890 825/1060/889 833/1074/897
f 825/1060/889 831/1071/895 833/1074/897
f 826/1062/890 833/1074/897 834/1075/898
f 827/1064/891 826/1062/890 834/1075/898
f 827/1064/891 834/1075/898 835/1076/899
f 836/1077/900 827/1064/891 835/1076/899
f 836/1077/900 829/1067/893 827/1064/891
f 830/1070/894 788/1069/852 789/1078/853
f 830/1070/894 789/1078/853 837/1079/901
f 838/1080/902 828/1065/892 830/1070/894
f 821/1053/886 828/1065/892 838/1080/902
f 821/1053/886 838/1080/902 839/1081/903
f 840/1082/904 821/1053/886 839/1081/903
f 840/1082/904 822/1051/885 821/1053/886
f 841/1083/905 822/1051/885 840/1082/904
f 841/1083/905 823/1055/887 822/1051/885
f 831/1071/895 823/1055/887 841/1083/905
f 842/1084/906 831/1071/895 841/1083/905
f 842/1084/906 841/1083/905 843/1085/907
f 843/1085/907 840/1082/904 839/1081/903
f 843/1085/907 841/1083/905 840/1082/904
f 833/1074/897 842/1084/906 844/1086/908
f 834/1075/898 844/1086/908 835/1076/899
f 834/1075/898 833/1074/897 844/1086/908
f 833/1074/897 831/1071/895 842/1084/906
f 839/1081/903 845/1087/909 843/1085/907
f 839/1081/903 838/1080/902 845/1087/909
f 838/1080/902 846/1088/910 845/1087/909
f 838/1080/902 847/1089/911 846/1088/910
f 838/1080/902 830/1070/894 847/1089/911
f 847/1089/911 830/1070/894 848/1090/912
f 848/1090/912 830/1070/894 837/1079/901
f 848/1090/912 837/1079/901 849/1091/913
f 847/1089/911 848/1090/912 850/1092/914
f 846/1088/910 847/1089/911 850/1092/914
f 851/1093/915 843/1085/907 845/1087/909
f 851/1093/915 842/1084/906 843/1085/907
f 844/1086/908 842/1084/906 851/1093/915
f 844/1086/908 851/1093/915 852/1094/916
f 852/1094/916 835/1076/899 844/1086/908
f 852/1094/916 836/1077/900 835/1076/899
f 853/1095/917 836/1077/900 852/1094/916
f 853/1095/917 854/1096/918 836/1077/900
f 854/1096/918 829/1067/893 836/1077/900
f 854/1096/918 832/1073/896 829/1067/893
f 855/1097/919 832/1073/896 854/1096/918
f 855/1097/919 854/1096/918 856/1098/920
f 856/1098/920 854/1096/918 853/1095/917
f 857/1099/921 832/1073/896 855/1097/919
f 777/1100/841 832/1073/896 857/1099/921
f 777/1100/841 771/1072/835 832/1073/896
f 857/1099/921 855/1097/919 858/1101/922
f 856/1098/920 853/1095/917 859/1102/923
f 860/1103/924 852/1094/916 851/1093/915
f 860/1103/924 853/1095/917 852/1094/916
f 859/1102/923 853/1095/917 860/1103/924
f 845/1087/909 860/1103/924 851/1093/915
f 845/1087/909 846/1088/910 860/1103/924
f 860/1103/924 846/1088/910 861/1104/925
f 846/1088/910 850/1092/914 861/1104/925
f 860/1103/924 861/1104/925 862/1105/926
f 859/1102/923 860/1103/924 862/1105/926
f 855/1097/919 856/1098/920 863/1106/927
f 863/1106/927 856/1098/920 859/1102/923
f 855/1097/919 863/1106/927 864/1107/928
f 865/1108/929 855/1097/919 864/1107/928
f 865/1108/929 858/1101/922 855/1097/919
f 861/1104/925 850/1092/914 866/1109/930
f 866/1109/930 850/1092/914 848/1090/912
f 866/1109/930 848/1090/912 867/1110/931
f 848/1090/912 868/1111/932 867/1110/931
f 848/1090/912 849/1091/913 868/1111/932
f 861/1104/925 866/1109/930 869/1112/933
f 862/1105/926 861/1104/925 869/1112/933
f 795/1113/859 867/1110/931 868/1111/932
f 795/1113/859 796/1114/860 867/1110/931
f 864/1107/928 807/1115/871 865/1108/929
f 864/1107/928 806/1116/870 807/1115/871
f 870/1117/934 866/1109/930 867/1110/931
f 869/1112/933 866/1109/930 870/1117/934
f 870/1117/934 867/1110/931 871/1118/935
f 796/1114/860 871/1118/935 867/1110/931
f 862/1105/926 869/1112/933 872/1119/936
f 796/1114/860 797/1120/861 871/1118/935
f 873/1121/937 862/1105/926 872/1119/936
f 873/1121/937 859/1102/923 862/1105/926
f 863/1106/927 859/1102/923 873/1121/937
f 869/1112/933 870/1117/934 874/1122/938
f 874/1122/938 870/1117/934 871/1118/935
f 872/1119/936 869/1112/933 874/1122/938
f 871/1118/935 797/1120/861 798/1123/862
f 871/1118/935 798/1123/862 875/1124/939
f 876/1125/940 863/1106/927 873/1121/937
f 864/1107/928 863/1106/927 876/1125/940
f 864/1107/928 876/1125/940 877/1126/941
f 806/1116/870 864/1107/928 877/1126/941
f 806/1116/870 877/1126/941 809/1127/873
f 876/1125/940 873/1121/937 878/1128/942
f 877/1126/941 876/1125/940 878/1128/942
f 878/1128/942 873/1121/937 872/1119/936
f 813/1129/877 809/1127/873 877/1126/941
f 813/1129/877 877/1126/941 879/1130/943
f 872/1119/936 874/1122/938 880/1131/944
f 878/1128/942 872/1119/936 880/1131/944
f 877/1126/941 878/1128/942 881/1132/945
f 879/1130/943 877/1126/941 881/1132/945
f 881/1132/945 878/1128/942 880/1131/944
f 879/1130/943 881/1132/945 882/1133/946
f 880/1131/944 874/1122/938 883/1134/947
f 874/1122/938 871/1118/935 883/1134/947
f 883/1134/947 871/1118/935 875/1124/939
f 883/1134/947 875/1124/939 884/1135/948
f 880/1131/944 883/1134/947 885/1136/949
f 881/1132/945 880/1131/944 885/1136/949
f 883/1134/947 886/1137/950 885/1136/949
f 883/1134/947 884/1135/948 886/1137/950
f 887/1138/951 881/1132/945 885/1136/949
f 887/1138/951 882/1133/946 881/1132/945
f 888/1139/952 885/1136/949 886/1137/950
f 885/1136/949 888/1139/952 887/1138/951
f 818/1140/882 888/1139/952 886/1137/950
f 818/1140/882 819/1141/883 888/1139/952
f 888/1139/952 820/1142/884 887/1138/951
f 888/1139/952 819/1141/883 820/1142/884
f 837/1143/901 890/1144/953 889/1145/954
f 837/1143/901 789/1146/853 890/1144/953
f 889/1145/954 890/1144/953 891/1147/955
f 889/1145/954 891/1147/955 892/1148/956
f 849/1149/913 837/1143/901 889/1145/954
f 849/1149/913 889/1145/954 893/1150/957
f 893/1150/957 889/1145/954 892/1148/956
f 868/1151/932 849/1149/913 893/1150/957
f 868/1151/932 893/1150/957 894/1152/958
f 892/1148/956 891/1147/955 895/1153/959
f 892/1148/956 895/1153/959 896/1154/960
f 893/1150/957 892/1148/956 897/1155/961
f 894/1152/958 893/1150/957 897/1155/961
f 897/1155/961 892/1148/956 896/1154/960
f 894/1152/958 795/1156/859 868/1151/932
f 894/1152/958 898/1157/962 795/1156/859
f 894/1152/958 897/1155/961 899/1158/963
f 898/1157/962 894/1152/958 899/1158/963
f 898/1157/962 899/1158/963 900/1159/964
f 896/1154/960 895/1153/959 901/1160/965
f 896/1154/960 901/1160/965 902/1161/966
f 897/1155/961 896/1154/960 903/1162/967
f 899/1158/963 897/1155/961 903/1162/967
f 903/1162/967 896/1154/960 902/1161/966
f 899/1158/963 903/1162/967 904/1163/968
f 900/1159/964 899/1158/963 904/1163/968
f 900/1159/964 904/1163/968 905/1164/969
f 903/1162/967 902/1161/966 906/1165/970
f 907/1166/971 903/1162/967 906/1165/970
f 907/1166/971 904/1163/968 903/1162/967
f 908/1167/972 904/1163/968 907/1166/971
f 908/1167/972 905/1164/969 904/1163/968
f 902/1161/966 901/1160/965 909/1168/973
f 902/1161/966 909/1168/973 910/1169/974
f 906/1165/970 902/1161/966 910/1169/974
f 910/1169/974 909/1168/973 911/1170/975
f 910/1169/974 911/1170/975 912/1171/976
f 906/1165/970 910/1169/974 913/1172/977
f 913/1172/977 910/1169/974 912/1171/976
f 914/1173/978 908/1167/972 907/1166/971
f 914/1173/978 907/1166/971 915/1174/979
f 915/1174/979 906/1165/970 913/1172/977
f 915/1174/979 907/1166/971 906/1165/970
f 912/1171/976 911/1170/975 916/1175/980
f 912/1171/976 916/1175/980 917/1176/981
f 913/1172/977 912/1171/976 918/1177/982
f 918/1177/982 912/1171/976 917/1176/981
f 919/1178/983 914/1173/978 915/1174/979
f 919/1178/983 915/1174/979 920/1179/984
f 920/1179/984 913/1172/977 918/1177/982
f 920/1179/984 915/1174/979 913/1172/977
f 917/1176/981 916/1175/980 921/1180/985
f 917/1176/981 921/1180/985 922/1181/986
f 918/1177/982 917/1176/981 923/1182/987
f 923/1182/987 917/1176/981 922/1181/986
f 924/1183/988 919/1178/983 920/1179/984
f 924/1183/988 920/1179/984 925/1184/989
f 925/1184/989 918/1177/982 923/1182/987
f 925/1184/989 920/1179/984 918/1177/982
f 926/1185/990 922/1181/986 921/1180/985
f 923/1182/987 922/1181/986 926/1185/990
f 926/1185/990 921/1180/985 927/1186/991
f 928/1187/992 924/1183/988 925/1184/989
f 926/1185/990 927/1186/991 928/1187/992
f 928/1187/992 925/1184/989 929/1188/993
f 929/1188/993 923/1182/987 926/1185/990
f 929/1188/993 925/1184/989 923/1182/987
f 926/1185/990 928/1187/992 929/1188/993
f 890/1144/953 790/1189/854 930/1190/994
f 890/1144/953 789/1146/853 790/1189/854
f 930/1190/994 790/1189/854 791/1191/855
f 930/1190/994 791/1191/855 931/1192/995
f 891/1147/955 890/1144/953 930/1190/994
f 891/1147/955 930/1190/994 932/1193/996
f 932/1193/996 930/1190/994 931/1192/995
f 932/1193/996 931/1192/995 933/1194/997
f 895/1153/959 891/1147/955 932/1193/996
f 895/1153/959 932/1193/996 934/1195/998
f 934/1195/998 932/1193/996 933/1194/997
f 934/1195/998 933/1194/997 935/1196/999
f 901/1160/965 895/1153/959 934/1195/998
f 901/1160/965 934/1195/998 936/1197/1000
f 936/1197/1000 934/1195/998 935/1196/999
f 936/1197/1000 935/1196/999 937/1198/1001
f 909/1168/973 901/1160/965 936/1197/1000
f 909/1168/973 936/1197/1000 938/1199/1002
f 938/1199/1002 936/1197/1000 937/1198/1001
f 938/1199/1002 937/1198/1001 939/1200/1003
f 911/1170/975 909/1168/973 938/1199/1002
f 911/1170/975 938/1199/1002 940/1201/1004
f 940/1201/1004 938/1199/1002 939/1200/1003
f 940/1201/1004 939/1200/1003 941/1202/1005
f 916/1175/980 911/1170/975 940/1201/1004
f 916/1175/980 940/1201/1004 942/1203/1006
f 942/1203/1006 940/1201/1004 941/1202/1005
f 942/1203/1006 941/1202/1005 943/1204/1007
f 921/1180/985 916/1175/980 942/1203/1006
f 921/1180/985 942/1203/1006 944/1205/1008
f 944/1205/1008 942/1203/1006 943/1204/1007
f 944/1205/1008 943/1204/1007 945/1206/1009
f 921/1180/985 944/1205/1008 945/1206/1009
f 921/1180/985 945/1206/1009 927/1186/991
f 945/1207/1009 928/1187/992 927/1186/991
f 945/1207/1009 946/1208/1010 928/1187/992
f 947/1209/1011 928/1187/992 946/1208/1010
f 947/1209/1011 924/1183/988 928/1187/992
f 948/1210/1012 924/1183/988 947/1209/1011
f 948/1210/1012 919/1178/983 924/1183/988
f 949/1211/1013 919/1178/983 948/1210/1012
f 949/1211/1013 914/1173/978 919/1178/983
f 950/1212/1014 914/1173/978 949/1211/1013
f 950/1212/1014 908/1167/972 914/1173/978
f 905/1164/969 908/1167/972 950/1212/1014
f 905/1164/969 950/1212/1014 951/1213/1015
f 951/1213/1015 900/1159/964 905/1164/969
f 951/1213/1015 952/1214/1016 900/1159/964
f 952/1214/1016 898/1157/962 900/1159/964
f 952/1214/1016 953/1215/1017 898/1157/962
f 953/1215/1017 795/1156/859 898/1157/962
f 953/1215/1017 793/1216/857 795/1156/859
f 931/1217/995 793/1216/857 953/1215/1017
f 931/1217/995 791/1218/855 793/1216/857
f 933/1219/997 953/1215/1017 952/1214/1016
f 933/1219/997 931/1217/995 953/1215/1017
f 935/1220/999 952/1214/1016 951/1213/1015
f 935/1220/999 933/1219/997 952/1214/1016
f 937/1221/1001 951/1213/1015 950/1212/1014
f 937/1221/1001 935/1220/999 951/1213/1015
f 937/1221/1001 950/1212/1014 949/1211/1013
f 937/1221/1001 949/1211/1013 939/1222/1003
f 939/1222/1003 949/1211/1013 948/1210/1012
f 939/1222/1003 948/1210/1012 941/1223/1005
f 941/1223/1005 948/1210/1012 947/1209/1011
f 941/1223/1005 947/1209/1011 943/1224/1007
f 943/1224/1007 947/1209/1011 946/1208/1010
f 943/1224/1007 946/1208/1010 945/1207/1009
f 955/1225/1018 857/1226/921 954/1227/1019
f 955/1225/1018 777/1228/841 857/1226/921
f 954/1227/1019 857/1226/921 858/1229/922
f 954/1227/1019 858/1229/922 956/1230/1020
f 957/1231/1021 955/1225/1018 954/1227/1019
f 957/1231/1021 954/1227/1019 958/1232/1022
f 958/1232/1022 954/1227/1019 956/1230/1020
f 956/1230/1020 858/1229/922 865/1233/929
f 956/1230/1020 865/1233/929 959/1234/1023
f 958/1232/1022 956/1230/1020 960/1235/1024
f 960/1235/1024 956/1230/1020 959/1234/1023
f 961/1236/1025 957/1231/1021 958/1232/1022
f 961/1236/1025 958/1232/1022 962/1237/1026
f 962/1237/1026 958/1232/1022 960/1235/1024
f 807/1238/871 959/1234/1023 865/1233/929
f 807/1238/871 963/1239/1027 959/1234/1023
f 960/1235/1024 959/1234/1023 964/1240/1028
f 964/1240/1028 959/1234/1023 963/1239/1027
f 964/1240/1028 963/1239/1027 965/1241/1029
f 962/1237/1026 960/1235/1024 966/1242/1030
f 966/1242/1030 960/1235/1024 964/1240/1028
f 967/1243/1031 961/1236/1025 962/1237/1026
f 967/1243/1031 962/1237/1026 968/1244/1032
f 968/1244/1032 962/1237/1026 966/1242/1030
f 966/1242/1030 964/1240/1028 969/1245/1033
f 969/1245/1033 964/1240/1028 965/1241/1029
f 969/1245/1033 965/1241/1029 970/1246/1034
f 968/1244/1032 966/1242/1030 971/1247/1035
f 966/1242/1030 972/1248/1036 971/1247/1035
f 966/1242/1030 969/1245/1033 972/1248/1036
f 969/1245/1033 973/1249/1037 972/1248/1036
f 969/1245/1033 970/1246/1034 973/1249/1037
f 974/1250/1038 967/1243/1031 968/1244/1032
f 974/1250/1038 968/1244/1032 975/1251/1039
f 975/1251/1039 968/1244/1032 971/1247/1035
f 975/1251/1039 971/1247/1035 976/1252/1040
f 977/1253/1041 974/1250/1038 975/1251/1039
f 977/1253/1041 975/1251/1039 978/1254/1042
f 978/1254/1042 975/1251/1039 976/1252/1040
f 972/1248/1036 973/1249/1037 979/1255/1043
f 972/1248/1036 979/1255/1043 980/1256/1044
f 971/1247/1035 980/1256/1044 976/1252/1040
f 971/1247/1035 972/1248/1036 980/1256/1044
f 978/1254/1042 976/1252/1040 981/1257/1045
f 982/1258/1046 977/1253/1041 978/1254/1042
f 982/1258/1046 978/1254/1042 983/1259/1047
f 983/1259/1047 978/1254/1042 981/1257/1045
f 980/1256/1044 979/1255/1043 984/1260/1048
f 980/1256/1044 984/1260/1048 985/1261/1049
f 976/1252/1040 985/1261/1049 981/1257/1045
f 976/1252/1040 980/1256/1044 985/1261/1049
f 983/1259/1047 981/1257/1045 986/1262/1050
f 987/1263/1051 982/1258/1046 983/1259/1047
f 987/1263/1051 983/1259/1047 988/1264/1052
f 988/1264/1052 983/1259/1047 986/1262/1050
f 985/1261/1049 984/1260/1048 989/1265/1053
f 985/1261/1049 989/1265/1053 990/1266/1054
f 981/1257/1045 990/1266/1054 986/1262/1050
f 981/1257/1045 985/1261/1049 990/1266/1054
f 988/1264/1052 986/1262/1050 991/1267/1055
f 987/1263/1051 988/1264/1052 991/1267/1055
f 987/1263/1051 991/1267/1055 992/1268/1056
f 990/1266/1054 989/1265/1053 993/1269/1057
f 993/1269/1057 992/1268/1056 991/1267/1055
f 990/1266/1054 993/1269/1057 994/1270/1058
f 986/1262/1050 994/1270/1058 991/1267/1055
f 986/1262/1050 990/1266/1054 994/1270/1058
f 993/1269/1057 991/1267/1055 994/1270/1058
f 778/1271/842 955/1225/1018 995/1272/1059
f 778/1271/842 777/1228/841 955/1225/1018
f 779/1273/843 778/1271/842 995/1272/1059
f 779/1273/843 995/1272/1059 996/1274/1060
f 995/1272/1059 955/1225/1018 957/1231/1021
f 995/1272/1059 957/1231/1021 997/1275/1061
f 996/1274/1060 995/1272/1059 997/1275/1061
f 996/1274/1060 997/1275/1061 998/1276/1062
f 997/1275/1061 957/1231/1021 961/1236/1025
f 997/1275/1061 961/1236/1025 999/1277/1063
f 998/1276/1062 997/1275/1061 999/1277/1063
f 998/1276/1062 999/1277/1063 1000/1278/1064
f 999/1277/1063 961/1236/1025 967/1243/1031
f 999/1277/1063 967/1243/1031 1001/1279/1065
f 1000/1278/1064 999/1277/1063 1001/1279/1065
f 1000/1278/1064 1001/1279/1065 1002/1280/1066
f 1001/1279/1065 967/1243/1031 974/1250/1038
f 1001/1279/1065 974/1250/1038 1003/1281/1067
f 1002/1280/1066 1001/1279/1065 1003/1281/1067
f 1002/1280/1066 1003/1281/1067 1004/1282/1068
f 1003/1281/1067 974/1250/1038 977/1253/1041
f 1003/1281/1067 977/1253/1041 1005/1283/1069
f 1004/1282/1068 1003/1281/1067 1005/1283/1069
f 1004/1282/1068 1005/1283/1069 1006/1284/1070
f 1005/1283/1069 977/1253/1041 982/1258/1046
f 1005/1283/1069 982/1258/1046 1007/1285/1071
f 1006/1284/1070 1005/1283/1069 1007/1285/1071
f 1006/1284/1070 1007/1285/1071 1008/1286/1072
f 1007/1285/1071 982/1258/1046 987/1263/1051
f 1007/1285/1071 987/1263/1051 1009/1287/1073
f 1008/1286/1072 1007/1285/1071 1009/1287/1073
f 1008/1286/1072 1009/1287/1073 1010/1288/1074
f 1010/1288/1074 1009/1287/1073 987/1263/1051
f 1010/1288/1074 987/1263/1051 992/1268/1056
f 993/1269/1057 1010/1289/1074 992/1268/1056
f 993/1269/1057 1011/1290/1075 1010/1289/1074
f 1011/1290/1075 1008/1291/1072 1010/1289/1074
f 1011/1290/1075 1012/1292/1076 1008/1291/1072
f 993/1269/1057 1012/1292/1076 1011/1290/1075
f 1012/1292/1076 1006/1293/1070 1008/1291/1072
f 1012/1292/1076 1013/1294/1077 1006/1293/1070
f 1013/1294/1077 1004/1295/1068 1006/1293/1070
f 1013/1294/1077 1014/1296/1078 1004/1295/1068
f 1014/1296/1078 1002/1297/1066 1004/1295/1068
f 1014/1296/1078 1015/1298/1079 1002/1297/1066
f 1002/1297/1066 1015/1298/1079 1016/1299/1080
f 1002/1297/1066 1016/1299/1080 1000/1300/1064
f 1017/1301/1081 1000/1300/1064 1016/1299/1080
f 1017/1301/1081 998/1302/1062 1000/1300/1064
f 1018/1303/1082 998/1302/1062 1017/1301/1081
f 1018/1303/1082 996/1304/1060 998/1302/1062
f 808/1305/872 996/1304/1060 1018/1303/1082
f 808/1305/872 779/1306/843 996/1304/1060
f 807/1238/871 808/1305/872 1018/1303/1082
f 807/1238/871 1018/1303/1082 963/1239/1027
f 963/1239/1027 1018/1303/1082 1017/1301/1081
f 963/1239/1027 1017/1301/1081 965/1241/1029
f 965/1241/1029 1017/1301/1081 1016/1299/1080
f 965/1241/1029 1016/1299/1080 970/1246/1034
f 970/1246/1034 1016/1299/1080 1015/1298/1079
f 970/1246/1034 1015/1298/1079 973/1249/1037
f 979/1255/1043 1015/1298/1079 1014/1296/1078
f 979/1255/1043 973/1249/1037 1015/1298/1079
f 984/1260/1048 979/1255/1043 1014/1296/1078
f 984/1260/1048 1014/1296/1078 1013/1294/1077
f 989/1265/1053 984/1260/1048 1013/1294/1077
f 989/1265/1053 1013/1294/1077 1012/1292/1076
f 993/1269/1057 989/1265/1053 1012/1292/1076
f 1020/1307/1083 799/1308/863 1019/1309/1084
f 1020/1307/1083 798/1310/862 799/1308/863
f 1019/1309/1084 799/1308/863 817/1311/881
f 1019/1309/1084 817/1311/881 1021/1312/1085
f 1022/1313/1086 1020/1307/1083 1019/1309/1084
f 1022/1313/1086 1019/1309/1084 1023/1314/1087
f 1023/1314/1087 1019/1309/1084 1021/1312/1085
f 1023/1314/1087 1021/1312/1085 1024/1315/1088
f 1025/1316/1089 1022/1313/1086 1023/1314/1087
f 1025/1316/1089 1023/1314/1087 1026/1317/1090
f 1026/1317/1090 1023/1314/1087 1024/1315/1088
f 1026/1317/1090 1024/1315/1088 1027/1318/1091
f 1028/1319/1092 1025/1316/1089 1026/1317/1090
f 1028/1319/1092 1026/1317/1090 1029/1320/1093
f 1029/1320/1093 1026/1317/1090 1027/1318/1091
f 1029/1320/1093 1027/1318/1091 1030/1321/1094
f 1031/1322/1095 1028/1319/1092 1029/1320/1093
f 1031/1322/1095 1029/1320/1093 1032/1323/1096
f 1032/1323/1096 1029/1320/1093 1030/1321/1094
f 1032/1323/1096 1030/1321/1094 1033/1324/1097
f 1034/1325/1098 1031/1322/1095 1032/1323/1096
f 1034/1325/1098 1032/1323/1096 1035/1326/1099
f 1035/1326/1099 1032/1323/1096 1033/1324/1097
f 1035/1326/1099 1033/1324/1097 1036/1327/1100
f 1037/1328/1101 1034/1325/1098 1035/1326/1099
f 1037/1328/1101 1035/1326/1099 1038/1329/1102
f 1038/1329/1102 1035/1326/1099 1036/1327/1100
f 1038/1329/1102 1036/1327/1100 1039/1330/1103
f 1040/1331/1104 1037/1328/1101 1038/1329/1102
f 1040/1331/1104 1038/1329/1102 1041/1332/1105
f 1041/1332/1105 1038/1329/1102 1039/1330/1103
f 1041/1332/1105 1039/1330/1103 1042/1333/1106
f 1040/1331/1104 1041/1332/1105 1043/1334/1107
f 1043/1334/1107 1041/1332/1105 1042/1333/1106
f 1040/1331/1104 1043/1334/1107 1044/1335/1108
f 1043/1334/1107 1042/1333/1106 1045/1336/1109
f 1044/1335/1108 1043/1334/1107 1045/1336/1109
f 1044/1335/1108 1045/1336/1109 1046/1337/1110
f 1045/1338/1109 1047/1339/1111 1046/1337/1110
f 1045/1338/1109 1048/1340/1112 1047/1339/1111
f 1048/1340/1112 1049/1341/1113 1047/1339/1111
f 1048/1340/1112 1050/1342/1114 1049/1341/1113
f 1051/1343/1115 1049/1341/1113 1050/1342/1114
f 1051/1343/1115 1052/1344/1116 1049/1341/1113
f 1053/1345/1117 1052/1344/1116 1051/1343/1115
f 1053/1345/1117 1054/1346/1118 1052/1344/1116
f 1055/1347/1119 1054/1346/1118 1053/1345/1117
f 1055/1347/1119 1056/1348/1120 1054/1346/1118
f 1057/1349/1121 1056/1348/1120 1055/1347/1119
f 1057/1349/1121 1058/1350/1122 1056/1348/1120
f 1059/1351/1123 1058/1350/1122 1057/1349/1121
f 1059/1351/1123 1060/1352/1124 1058/1350/1122
f 1061/1353/1125 1060/1352/1124 1059/1351/1123
f 1061/1353/1125 1062/1354/1126 1060/1352/1124
f 1063/1355/1127 1062/1354/1126 1061/1353/1125
f 1063/1355/1127 1061/1353/1125 1064/1356/1128
f 1064/1356/1128 818/1357/882 1063/1355/1127
f 1064/1356/1128 816/1358/880 818/1357/882
f 1021/1359/1085 816/1358/880 1064/1356/1128
f 1021/1359/1085 1064/1356/1128 1061/1353/1125
f 1021/1359/1085 817/1360/881 816/1358/880
f 1021/1359/1085 1061/1353/1125 1024/1361/1088
f 1024/1361/1088 1061/1353/1125 1059/1351/1123
f 1024/1361/1088 1059/1351/1123 1027/1362/1091
f 1027/1362/1091 1059/1351/1123 1057/1349/1121
f 1027/1362/1091 1057/1349/1121 1030/1363/1094
f 1030/1363/1094 1057/1349/1121 1055/1347/1119
f 1030/1363/1094 1055/1347/1119 1033/1364/1097
f 1033/1364/1097 1055/1347/1119 1053/1345/1117
f 1033/1364/1097 1053/1345/1117 1036/1365/1100
f 1036/1365/1100 1053/1345/1117 1051/1343/1115
f 1036/1365/1100 1051/1343/1115 1039/1366/1103
f 1039/1366/1103 1051/1343/1115 1050/1342/1114
f 1039/1366/1103 1050/1342/1114 1042/1367/1106
f 1042/1367/1106 1050/1342/1114 1048/1340/1112
f 1042/1367/1106 1048/1340/1112 1045/1338/1109
f 811/1368/875 1066/1369/1129 1065/1370/1130
f 811/1368/875 813/1371/877 1066/1369/1129
f 812/1372/876 811/1368/875 1065/1370/1130
f 812/1372/876 1065/1370/1130 1067/1373/1131
f 1065/1370/1130 1066/1369/1129 1068/1374/1132
f 1065/1370/1130 1068/1374/1132 1069/1375/1133
f 1067/1373/1131 1065/1370/1130 1069/1375/1133
f 1067/1373/1131 1069/1375/1133 1070/1376/1134
f 1069/1375/1133 1068/1374/1132 1071/1377/1135
f 1069/1375/1133 1071/1377/1135 1072/1378/1136
f 1070/1376/1134 1069/1375/1133 1072/1378/1136
f 1070/1376/1134 1072/1378/1136 1073/1379/1137
f 1072/1378/1136 1071/1377/1135 1074/1380/1138
f 1072/1378/1136 1074/1380/1138 1075/1381/1139
f 1073/1379/1137 1072/1378/1136 1075/1381/1139
f 1073/1379/1137 1075/1381/1139 1076/1382/1140
f 1075/1381/1139 1074/1380/1138 1077/1383/1141
f 1075/1381/1139 1077/1383/1141 1078/1384/1142
f 1076/1382/1140 1075/1381/1139 1078/1384/1142
f 1076/1382/1140 1078/1384/1142 1079/1385/1143
f 1078/1384/1142 1077/1383/1141 1080/1386/1144
f 1078/1384/1142 1080/1386/1144 1081/1387/1145
f 1079/1385/1143 1078/1384/1142 1081/1387/1145
f 1079/1385/1143 1081/1387/1145 1082/1388/1146
f 1081/1387/1145 1080/1386/1144 1083/1389/1147
f 1081/1387/1145 1083/1389/1147 1084/1390/1148
f 1082/1388/1146 1081/1387/1145 1084/1390/1148
f 1082/1388/1146 1084/1390/1148 1085/1391/1149
f 1084/1390/1148 1083/1389/1147 1086/1392/1150
f 1084/1390/1148 1086/1392/1150 1087/1393/1151
f 1085/1391/1149 1084/1390/1148 1087/1393/1151
f 1085/1391/1149 1087/1393/1151 1088/1394/1152
f 1089/1395/1153 1087/1393/1151 1086/1392/1150
f 1088/1394/1152 1087/1393/1151 1089/1395/1153
f 1089/1395/1153 1086/1392/1150 1090/1396/1154
f 1088/1394/1152 1089/1395/1153 1091/1397/1155
f 1091/1397/1155 1089/1395/1153 1090/1396/1154
f 1091/1397/1155 1090/1396/1154 1092/1398/1156
f 1093/1399/1157 1091/1400/1155 1092/1398/1156
f 1093/1399/1157 1094/1401/1158 1091/1400/1155
f 1094/1401/1158 1088/1402/1152 1091/1400/1155
f 1094/1401/1158 1095/1403/1159 1088/1402/1152
f 1095/1403/1159 1085/1404/1149 1088/1402/1152
f 1095/1403/1159 1096/1405/1160 1085/1404/1149
f 1096/1405/1160 1082/1406/1146 1085/1404/1149
f 1096/1405/1160 1097/1407/1161 1082/1406/1146
f 1097/1407/1161 1079/1408/1143 1082/1406/1146
f 1097/1407/1161 1098/1409/1162 1079/1408/1143
f 1098/1409/1162 1076/1410/1140 1079/1408/1143
f 1098/1409/1162 1099/1411/1163 1076/1410/1140
f 1099/1411/1163 1073/1412/1137 1076/1410/1140
f 1099/1411/1163 1100/1413/1164 1073/1412/1137
f 1100/1413/1164 1070/1414/1134 1073/1412/1137
f 1100/1413/1164 1101/1415/1165 1070/1414/1134
f 1070/1414/1134 1101/1415/1165 1102/1416/1166
f 1070/1414/1134 1102/1416/1166 1067/1417/1131
f 814/1418/878 1067/1417/1131 1102/1416/1166
f 814/1418/878 812/1419/876 1067/1417/1131
f 820/1420/884 814/1418/878 1102/1416/1166
f 820/1420/884 1102/1416/1166 1103/1421/1167
f 1103/1421/1167 1102/1416/1166 1101/1415/1165
f 1103/1421/1167 1101/1415/1165 1104/1422/1168
f 1105/1423/1169 1101/1415/1165 1100/1413/1164
f 1105/1423/1169 1104/1422/1168 1101/1415/1165
f 1106/1424/1170 1100/1413/1164 1099/1411/1163
f 1106/1424/1170 1105/1423/1169 1100/1413/1164
f 1107/1425/1171 1099/1411/1163 1098/1409/1162
f 1107/1425/1171 1106/1424/1170 1099/1411/1163
f 1108/1426/1172 1107/1425/1171 1098/1409/1162
f 1108/1426/1172 1098/1409/1162 1097/1407/1161
f 1109/1427/1173 1108/1426/1172 1097/1407/1161
f 1109/1427/1173 1097/1407/1161 1096/1405/1160
f 1110/1428/1174 1109/1427/1173 1096/1405/1160
f 1110/1428/1174 1096/1405/1160 1095/1403/1159
f 1110/1428/1174 1095/1403/1159 1094/1401/1158
f 1110/1428/1174 1094/1401/1158 1093/1399/1157
f 875/1429/939 1020/1307/1083 1111/1430/1175
f 875/1429/939 798/1310/862 1020/1307/1083
f 1111/1430/1175 1020/1307/1083 1022/1313/1086
f 1111/1430/1175 1022/1313/1086 1112/1431/1176
f 884/1432/948 875/1429/939 1111/1430/1175
f 884/1432/948 1111/1430/1175 1113/1433/1177
f 1113/1433/1177 1111/1430/1175 1112/1431/1176
f 1112/1431/1176 1022/1313/1086 1025/1316/1089
f 1112/1431/1176 1025/1316/1089 1114/1434/1178
f 1113/1433/1177 1112/1431/1176 1115/1435/1179
f 1115/1435/1179 1112/1431/1176 1114/1434/1178
f 886/1436/950 884/1432/948 1113/1433/1177
f 886/1436/950 1113/1433/1177 1116/1437/1180
f 1116/1437/1180 1113/1433/1177 1115/1435/1179
f 1116/1437/1180 818/1357/882 886/1436/950
f 1116/1437/1180 1063/1355/1127 818/1357/882
f 1117/1438/1181 1063/1355/1127 1116/1437/1180
f 1116/1437/1180 1115/1435/1179 1117/1438/1181
f 1117/1438/1181 1062/1354/1126 1063/1355/1127
f 1060/1352/1124 1062/1354/1126 1117/1438/1181
f 1060/1352/1124 1117/1438/1181 1118/1439/1182
f 1118/1439/1182 1117/1438/1181 1115/1435/1179
f 1114/1434/1178 1025/1316/1089 1028/1319/1092
f 1114/1434/1178 1028/1319/1092 1119/1440/1183
f 1115/1435/1179 1114/1434/1178 1120/1441/1184
f 1118/1439/1182 1115/1435/1179 1120/1441/1184
f 1120/1441/1184 1114/1434/1178 1119/1440/1183
f 1058/1350/1122 1060/1352/1124 1118/1439/1182
f 1058/1350/1122 1118/1439/1182 1121/1442/1185
f 1121/1442/1185 1118/1439/1182 1120/1441/1184
f 1119/1440/1183 1028/1319/1092 1031/1322/1095
f 1119/1440/1183 1031/1322/1095 1122/1443/1186
f 1120/1441/1184 1119/1440/1183 1123/1444/1187
f 1121/1442/1185 1120/1441/1184 1123/1444/1187
f 1123/1444/1187 1119/1440/1183 1122/1443/1186
f 1056/1348/1120 1058/1350/1122 1121/1442/1185
f 1056/1348/1120 1121/1442/1185 1124/1445/1188
f 1124/1445/1188 1121/1442/1185 1123/1444/1187
f 1122/1443/1186 1031/1322/1095 1034/1325/1098
f 1122/1443/1186 1034/1325/1098 1125/1446/1189
f 1123/1444/1187 1122/1443/1186 1126/1447/1190
f 1124/1445/1188 1123/1444/1187 1126/1447/1190
f 1126/1447/1190 1122/1443/1186 1125/1446/1189
f 1054/1346/1118 1056/1348/1120 1124/1445/1188
f 1054/1346/1118 1124/1445/1188 1127/1448/1191
f 1127/1448/1191 1124/1445/1188 1126/1447/1190
f 1125/1446/1189 1034/1325/1098 1037/1328/1101
f 1125/1446/1189 1037/1328/1101 1128/1449/1192
f 1126/1447/1190 1125/1446/1189 1129/1450/1193
f 1127/1448/1191 1126/1447/1190 1129/1450/1193
f 1129/1450/1193 1125/1446/1189 1128/1449/1192
f 1052/1344/1116 1054/1346/1118 1127/1448/1191
f 1052/1344/1116 1127/1448/1191 1130/1451/1194
f 1130/1451/1194 1127/1448/1191 1129/1450/1193
f 1128/1449/1192 1037/1328/1101 1040/1331/1104
f 1128/1449/1192 1040/1331/1104 1131/1452/1195
f 1129/1450/1193 1128/1449/1192 1132/1453/1196
f 1130/1451/1194 1129/1450/1193 1132/1453/1196
f 1132/1453/1196 1128/1449/1192 1131/1452/1195
f 1049/1341/1113 1052/1344/1116 1130/1451/1194
f 1049/1341/1113 1130/1451/1194 1133/1454/1197
f 1133/1454/1197 1130/1451/1194 1132/1453/1196
f 1134/1455/1198 1131/1452/1195 1040/1331/1104
f 1134/1455/1198 1040/1331/1104 1044/1335/1108
f 1132/1453/1196 1131/1452/1195 1135/1456/1199
f 1135/1456/1199 1131/1452/1195 1134/1455/1198
f 1133/1454/1197 1132/1453/1196 1135/1456/1199
f 1135/1456/1199 1134/1455/1198 1136/1457/1200
f 1136/1457/1200 1134/1455/1198 1044/1335/1108
f 1049/1341/1113 1133/1454/1197 1137/1458/1201
f 1137/1458/1201 1135/1456/1199 1136/1457/1200
f 1137/1458/1201 1133/1454/1197 1135/1456/1199
f 1049/1341/1113 1137/1458/1201 1047/1339/1111
f 1047/1339/1111 1137/1458/1201 1136/1457/1200
f 1136/1457/1200 1044/1335/1108 1046/1337/1110
f 1047/1339/1111 1136/1457/1200 1046/1337/1110
f 1066/1369/1129 879/1459/943 1138/1460/1202
f 1066/1369/1129 813/1371/877 879/1459/943
f 1138/1460/1202 879/1459/943 882/1461/946
f 1138/1460/1202 882/1461/946 1139/1462/1203
f 1068/1374/1132 1066/1369/1129 1138/1460/1202
f 1068/1374/1132 1138/1460/1202 1140/1463/1204
f 1140/1463/1204 1138/1460/1202 1139/1462/1203
f 1139/1462/1203 882/1461/946 887/1464/951
f 1139/1462/1203 887/1464/951 1141/1465/1205
f 820/1420/884 1141/1465/1205 887/1464/951
f 820/1420/884 1103/1421/1167 1141/1465/1205
f 1140/1463/1204 1139/1462/1203 1142/1466/1206
f 1142/1466/1206 1139/1462/1203 1141/1465/1205
f 1071/1377/1135 1068/1374/1132 1140/1463/1204
f 1071/1377/1135 1140/1463/1204 1143/1467/1207
f 1143/1467/1207 1140/1463/1204 1142/1466/1206
f 1144/1468/1208 1141/1465/1205 1103/1421/1167
f 1142/1466/1206 1141/1465/1205 1144/1468/1208
f 1144/1468/1208 1103/1421/1167 1104/1422/1168
f 1144/1468/1208 1104/1422/1168 1105/1423/1169
f 1144/1468/1208 1105/1423/1169 1145/1469/1209
f 1142/1466/1206 1144/1468/1208 1145/1469/1209
f 1143/1467/1207 1142/1466/1206 1146/1470/1210
f 1142/1466/1206 1145/1469/1209 1146/1470/1210
f 1074/1380/1138 1071/1377/1135 1143/1467/1207
f 1074/1380/1138 1143/1467/1207 1147/1471/1211
f 1147/1471/1211 1143/1467/1207 1146/1470/1210
f 1145/1469/1209 1105/1423/1169 1106/1424/1170
f 1145/1469/1209 1106/1424/1170 1148/1472/1212
f 1146/1470/1210 1145/1469/1209 1148/1472/1212
f 1147/1471/1211 1146/1470/1210 1149/1473/1213
f 1146/1470/1210 1148/1472/1212 1149/1473/1213
f 1077/1383/1141 1074/1380/1138 1147/1471/1211
f 1077/1383/1141 1147/1471/1211 1150/1474/1214
f 1150/1474/1214 1147/1471/1211 1149/1473/1213
f 1148/1472/1212 1106/1424/1170 1107/1425/1171
f 1148/1472/1212 1107/1425/1171 1151/1475/1215
f 1149/1473/1213 1148/1472/1212 1151/1475/1215
f 1150/1474/1214 1149/1473/1213 1152/1476/1216
f 1149/1473/1213 1151/1475/1215 1152/1476/1216
f 1080/1386/1144 1077/1383/1141 1150/1474/1214
f 1080/1386/1144 1150/1474/1214 1153/1477/1217
f 1153/1477/1217 1150/1474/1214 1152/1476/1216
f 1151/1475/1215 1107/1425/1171 1108/1426/1172
f 1151/1475/1215 1108/1426/1172 1154/1478/1218
f 1152/1476/1216 1151/1475/1215 1154/1478/1218
f 1153/1477/1217 1152/1476/1216 1155/1479/1219
f 1152/1476/1216 1154/1478/1218 1155/1479/1219
f 1083/1389/1147 1080/1386/1144 1153/1477/1217
f 1083/1389/1147 1153/1477/1217 1156/1480/1220
f 1156/1480/1220 1153/1477/1217 1155/1479/1219
f 1154/1478/1218 1108/1426/1172 1109/1427/1173
f 1154/1478/1218 1109/1427/1173 1157/1481/1221
f 1155/1479/1219 1154/1478/1218 1157/1481/1221
f 1156/1480/1220 1155/1479/1219 1158/1482/1222
f 1155/1479/1219 1157/1481/1221 1158/1482/1222
f 1086/1392/1150 1083/1389/1147 1156/1480/1220
f 1086/1392/1150 1156/1480/1220 1159/1483/1223
f 1159/1483/1223 1156/1480/1220 1158/1482/1222
f 1157/1481/1221 1109/1427/1173 1110/1428/1174
f 1157/1481/1221 1110/1428/1174 1160/1484/1224
f 1158/1482/1222 1157/1481/1221 1160/1484/1224
f 1159/1483/1223 1158/1482/1222 1161/1485/1225
f 1158/1482/1222 1160/1484/1224 1161/1485/1225
f 1086/1392/1150 1159/1483/1223 1162/1486/1226
f 1162/1486/1226 1159/1483/1223 1161/1485/1225
f 1086/1392/1150 1162/1486/1226 1090/1396/1154
f 1162/1486/1226 1161/1485/1225 1163/1487/1227
f 1090/1396/1154 1162/1486/1226 1163/1487/1227
f 1164/1488/1228 1160/1484/1224 1110/1428/1174
f 1161/1485/1225 1164/1488/1228 1163/1487/1227
f 1161/1485/1225 1160/1484/1224 1164/1488/1228
f 1164/1488/1228 1110/1428/1174 1093/1399/1157
f 1163/1487/1227 1164/1488/1228 1093/1399/1157
f 1090/1396/1154 1163/1487/1227 1092/1398/1156
f 1163/1487/1227 1093/1399/1157 1092/1398/1156
