# Blender 3.6.22
# www.blender.org
mtllib entrada.mtl
o Cube.203
v -44.694748 0.000003 1.689077
v -44.694748 0.000003 1.372533
v -44.694748 24.163868 1.689075
v -16.331251 0.000003 1.689077
v -16.331251 0.000003 1.372533
v -16.331251 24.163868 1.689075
v -16.331251 24.163868 1.372531
v -44.694748 24.163868 1.372531
v 16.619087 0.000003 1.689077
v 16.619087 24.163868 1.689075
v 16.619087 0.000003 1.372533
v 16.619087 24.163868 1.372531
v 44.982586 0.000003 1.689077
v 44.982586 24.163868 1.689075
v 44.982586 0.000003 1.372533
v 44.982586 24.163868 1.372531
v -50.463394 27.052570 1.975021
v -50.523499 31.249544 1.886685
v -50.552780 26.496677 1.838149
v -50.555260 31.361942 1.827834
v -50.556908 26.277491 1.719252
v -50.556641 31.678431 1.693467
v -50.556854 30.396576 -1.722841
v -50.556824 25.719809 1.612312
v -50.452484 25.955914 1.944275
v -50.457352 25.848316 1.851662
v -50.468193 25.557959 1.857770
v -50.556923 25.421696 1.745138
v -50.550690 25.491667 1.842968
v -50.510681 20.936621 1.959832
v -50.556793 10.578448 1.830338
v -50.338051 9.994614 1.963246
v -50.556854 10.073519 1.673241
v -50.552635 9.902755 1.846704
v -50.471169 9.867417 1.956127
v -50.471321 0.280572 1.937214
v -50.413712 0.327225 1.962649
v -50.557999 0.072327 1.698029
v -50.427177 -0.010135 -1.674327
v -50.434853 -0.001961 1.763505
v -50.556862 0.322093 -1.855949
v -50.412758 0.305811 -1.950184
v -50.556793 0.597810 -1.817697
v -50.563271 1.448909 -1.975852
v -50.556763 4.742577 -1.759915
v -50.419838 4.861468 -1.949585
v -50.571915 5.932430 -1.942708
v -50.556473 6.631965 -1.741735
v -50.556725 7.298318 -1.735712
v -50.556610 7.849052 -1.809507
v -50.554100 9.060236 -1.833455
v -50.553169 8.937017 -1.944383
v -50.549721 7.880395 -1.946677
v -50.556854 9.488611 -1.826170
v -50.556595 30.549250 -1.923327
v -50.555038 9.574842 -1.927315
v -50.478104 30.747477 -1.925143
v -50.556816 31.257647 -1.792967
v -50.447815 31.198751 -1.881937
v -50.561356 31.533686 -1.873664
v -50.530357 31.718220 -1.951702
v -50.245796 0.000001 -1.948027
v -44.433014 24.867592 1.834560
v -44.506279 23.371393 1.972970
v -44.440598 4.783141 1.848840
v -44.647346 25.228065 1.962960
v -44.642548 4.344074 1.963286
v -44.671295 31.721464 1.963187
v -44.592415 29.090450 1.963649
v -44.526817 25.460781 1.960695
v -44.514694 28.812067 1.954469
v -44.434486 28.990868 1.831370
v -44.437744 30.014008 1.839787
v -44.510078 30.335520 1.951527
v -44.535759 31.286201 1.960036
v -44.428085 31.700367 1.592737
v -44.558197 31.818312 1.832922
v -45.729187 9.174886 1.963067
v -45.610527 30.554235 1.963259
v -50.327057 31.716167 1.963075
v -50.556641 31.678431 1.693467
v -50.555260 31.361942 1.827834
v -50.523499 31.249544 1.886685
v -50.463394 27.052570 1.975021
v -50.384613 26.382158 1.962648
v -50.277237 25.874277 1.963144
v -49.249901 9.174340 1.962958
v -49.246010 30.425354 1.962718
v -45.747169 30.420973 1.958946
v -45.892227 30.255011 1.866440
v -49.095085 30.254858 1.866711
v -49.095444 9.345105 1.865072
v -45.897057 9.348769 1.864206
v -48.995461 30.151655 1.854980
v -48.993195 9.451174 1.854337
v -46.004486 9.468406 1.848889
v -48.753281 29.596411 1.756379
v -48.756340 9.758252 1.753822
v -48.851715 11.486904 1.793448
v -48.757271 11.335712 1.752292
v -48.735954 11.458183 1.695725
v -48.695122 9.810924 1.603993
v -48.699913 29.783949 1.608410
v -48.691322 29.851999 1.756405
v -46.309242 29.775362 1.582336
v -48.631775 9.885110 1.544020
v -48.649544 29.734945 1.559012
v -48.545296 29.618668 1.489085
v -46.541344 29.577070 1.473382
v -48.374008 10.047877 1.472799
v -46.438156 9.987719 1.490310
v -46.295807 9.816071 1.594979
v -46.221718 9.756627 1.756530
v -46.254036 29.815336 1.691148
v -46.211227 29.862736 1.760417
v -45.998138 30.147387 1.853615
v -45.755135 28.993702 1.954460
v -45.680748 29.680019 1.963556
v -50.338051 9.994614 1.963246
v -45.746002 7.014266 1.963508
v -49.249321 7.017771 1.962908
v -49.097771 6.859328 1.867213
v -49.250626 0.750332 1.962555
v -49.085693 0.925717 1.864134
v -45.889603 0.908707 1.868277
v -45.738998 0.754938 1.962355
v -48.002678 0.227554 1.962906
v -44.674667 0.688936 1.962954
v -49.939781 0.246468 1.963421
v -50.413712 0.327225 1.962649
v -48.919189 0.053777 1.976410
v -49.887299 -0.009994 1.824983
v -50.139168 0.135435 1.913689
v -49.985458 -0.009994 1.657494
v -50.209732 -0.009970 1.635906
v -50.396706 0.135435 1.810227
v -50.434853 -0.001961 1.763505
v -50.557999 0.072327 1.698029
v -50.471321 0.280572 1.937214
v -47.925629 -0.010188 1.816891
v -47.817337 0.053987 1.955482
v -44.540321 0.048411 1.949595
v -44.603920 0.205375 1.965258
v -44.430824 0.326955 1.678166
v -44.452675 0.089881 1.687052
v -44.430717 0.736049 1.710049
v -44.434837 0.890508 1.852405
v -44.529533 4.033324 1.954394
v -44.541931 0.794483 1.957750
v -50.471169 9.867417 1.956127
v -45.550621 3.916039 1.963182
v -45.731499 3.655092 1.962616
v -45.801819 3.878608 1.923576
v -45.886925 6.861936 1.869336
v -47.376099 6.773431 1.854869
v -47.140556 6.538164 1.772238
v -45.996521 6.756889 1.852324
v -46.228226 6.486897 1.753178
v -45.997116 1.010962 1.852653
v -46.224922 1.280194 1.754163
v -48.992165 1.008460 1.853678
v -48.754997 1.280698 1.753396
v -46.297760 1.402075 1.590750
v -46.724327 1.343513 1.566694
v -48.651901 1.379895 1.557822
v -46.460487 1.504255 1.480337
v -46.457092 6.262458 1.478263
v -48.510872 1.519711 1.477829
v -48.528252 6.266136 1.478446
v -48.684166 6.432355 1.587937
v -46.299919 6.435695 1.591630
v -47.332222 6.465506 1.678118
v -47.502159 6.501617 1.757830
v -48.755898 6.489516 1.753538
v -48.994385 6.764647 1.854336
v -48.710564 1.815753 1.628792
v -50.510681 20.936621 1.959832
v -50.468193 25.557959 1.857770
v -50.457352 25.848316 1.851662
v -50.452484 25.955914 1.944275
v -50.556908 26.277491 1.719252
v -50.552780 26.496677 1.838149
v -44.430313 0.172794 1.097423
v -44.430824 0.326955 1.678166
v -44.452675 0.089881 1.687052
v -44.430656 0.297073 -1.936439
v -44.448570 0.099701 0.869440
v -44.459442 0.089370 -1.587366
v -44.558044 -0.010000 -1.639718
v -44.569153 0.002699 -1.828324
v -44.430717 0.736049 1.710049
v -44.430725 25.161484 1.726196
v -44.430725 21.812922 -1.838887
v -44.447823 21.637917 -1.948030
v -44.617973 21.750874 -1.922610
v -44.525406 22.024979 -1.889331
v -44.432129 22.256918 -1.790434
v -44.596672 22.126612 -1.950619
v -44.452354 22.368855 -1.948384
v -44.430733 22.506561 -1.906495
v -44.457970 30.515041 -1.950289
v -44.430801 30.785563 -1.919844
v -44.430763 25.525826 1.723035
v -44.428085 31.700367 1.592737
v -44.431313 31.188747 -1.774621
v -44.468803 31.729853 -1.758951
v -44.434486 28.990868 1.831370
v -44.435966 25.600124 1.835979
v -44.437744 30.014008 1.839787
v -44.510078 30.335520 1.951527
v -44.535759 31.286201 1.960036
v -44.647346 25.228065 1.962960
v -44.526817 25.460781 1.960695
v -44.514694 28.812067 1.954469
v -44.433014 24.867592 1.834560
v -44.430923 4.212974 1.795171
v -44.440598 4.783141 1.848840
v -44.642548 4.344074 1.963286
v -44.529533 4.033324 1.954394
v -44.434837 0.890508 1.852405
v -44.428085 31.700367 1.592737
v -44.468803 31.729853 -1.758951
v -44.558197 31.818312 1.832922
v -44.559288 31.818718 -1.935840
v -50.422440 31.818338 -1.948747
v -50.359528 31.818470 1.834531
v -44.671295 31.721464 1.963187
v -50.327057 31.716167 1.963075
v -50.438774 31.807625 1.708744
v -50.556641 31.678431 1.693467
v -50.530357 31.718220 -1.951702
v -50.427177 -0.010135 -1.674327
v -50.209732 -0.009970 1.635906
v -50.434853 -0.001961 1.763505
v -49.985458 -0.009994 1.657494
v -49.887299 -0.009994 1.824983
v -50.245796 0.000001 -1.948027
v -49.353477 -0.009654 -1.908063
v -47.925629 -0.010188 1.816891
v -49.071022 -0.009985 -1.827333
v -47.715965 -0.011029 -1.976416
v -46.232597 -0.010022 -1.743569
v -46.235268 0.039064 -1.856660
v -45.881966 0.002459 -1.849045
v -45.334061 0.003720 -1.720742
v -45.719345 0.004614 -1.937032
v -45.218781 0.081751 -1.906755
v -44.922829 0.042281 -1.913043
v -44.569153 0.002699 -1.828324
v -44.558044 -0.010000 -1.639718
v -44.555504 -0.004591 1.171382
v -44.448570 0.099701 0.869440
v -44.430313 0.172794 1.097423
v -44.452675 0.089881 1.687052
v -44.540321 0.048411 1.949595
v -44.557716 -0.010015 1.832387
v -47.817337 0.053987 1.955482
v -48.919189 0.053777 1.976410
v -44.922829 0.042281 -1.913043
v -44.462318 0.062079 -1.950650
v -44.569153 0.002699 -1.828324
v -44.717789 0.274186 -1.950635
v -45.771660 0.113218 -1.950661
v -45.218781 0.081751 -1.906755
v -45.719345 0.004614 -1.937032
v -45.881966 0.002459 -1.849045
v -46.099327 0.230697 -1.950490
v -46.235268 0.039064 -1.856660
v -47.715965 -0.011029 -1.976416
v -49.181679 0.136924 -1.950603
v -49.071022 -0.009985 -1.827333
v -49.353477 -0.009654 -1.908063
v -50.245796 0.000001 -1.948027
v -50.412758 0.305811 -1.950184
v -50.563271 1.448909 -1.975852
v -50.419838 4.861468 -1.949585
v -50.401711 6.277759 -1.950630
v -50.571915 5.932430 -1.942708
v -50.556473 6.631965 -1.741735
v -50.393501 6.742548 -1.948346
v -50.490387 7.306369 -1.939710
v -50.556725 7.298318 -1.735712
v -50.432678 7.492083 -1.945330
v -50.556610 7.849052 -1.809507
v -50.433006 7.792180 -1.950646
v -50.549721 7.880395 -1.946677
v -50.416710 9.002151 -1.949701
v -50.553169 8.937017 -1.944383
v -50.554100 9.060236 -1.833455
v -50.556854 9.488611 -1.826170
v -50.391754 9.551477 -1.950651
v -50.555038 9.574842 -1.927315
v -50.529541 9.603142 -1.950743
v -50.531921 30.544104 -1.950338
v -50.556595 30.549250 -1.923327
v -50.478104 30.747477 -1.925143
v -50.447815 31.198751 -1.881937
v -50.224350 30.907446 -1.950637
v -44.805748 21.832052 -1.950637
v -44.596672 22.126612 -1.950619
v -50.324722 31.693171 -1.950640
v -44.616203 21.361439 -1.950640
v -44.447823 21.637917 -1.948030
v -44.617973 21.750874 -1.922610
v -44.525406 22.024979 -1.889331
v -44.430656 0.297073 -1.936439
v -50.561356 31.533686 -1.873664
v -50.530357 31.718220 -1.951702
v -50.422440 31.818338 -1.948747
v -44.607437 31.047716 -1.950625
v -44.615730 31.796349 -1.950839
v -44.663635 30.490416 -1.950623
v -44.457970 30.515041 -1.950289
v -44.492813 30.866833 -1.893390
v -44.431313 31.188747 -1.774621
v -44.430801 30.785563 -1.919844
v -44.468803 31.729853 -1.758951
v -44.559288 31.818718 -1.935840
v -44.452354 22.368855 -1.948384
v -16.727827 25.859842 2.316888
v -16.785265 29.870281 2.232478
v -16.813238 25.328655 2.186099
v -16.815607 29.977686 2.176242
v -16.817186 25.119211 2.072486
v -16.816935 30.280107 2.047846
v -16.817137 29.055225 -1.216625
v -16.817095 24.586313 1.970299
v -16.717405 24.811924 2.287508
v -16.722044 24.709108 2.199011
v -16.732409 24.431656 2.204847
v -16.817202 24.301449 2.097222
v -16.811243 24.368313 2.190704
v -16.773005 20.015711 2.302375
v -16.817072 10.117900 2.178635
v -16.608057 9.560015 2.305636
v -16.817137 9.635413 2.028521
v -16.813105 9.472238 2.194274
v -16.735254 9.438471 2.298833
v -16.680353 0.322288 2.305065
v -16.735411 0.277707 2.280761
v -16.818220 0.078718 2.052206
v -16.700548 0.007731 2.114772
v -16.817144 0.317384 -1.343817
v -16.693213 -0.000079 -1.170267
v -16.679441 0.301826 -1.433864
v -16.817072 0.580847 -1.307265
v -16.823267 1.394118 -1.458392
v -16.817045 4.541403 -1.252051
v -16.686205 4.655010 -1.433291
v -16.831526 5.678374 -1.426720
v -16.816763 6.346817 -1.234679
v -16.817003 6.983555 -1.228922
v -16.816900 7.509812 -1.299439
v -16.814501 8.667166 -1.322323
v -16.813616 8.549423 -1.428321
v -16.810308 7.539762 -1.430513
v -16.817129 9.076502 -1.315362
v -16.816885 29.201113 -1.408201
v -16.815397 9.158900 -1.412012
v -16.741888 29.390530 -1.409935
v -16.712942 29.821747 -1.368651
v -16.817087 29.878023 -1.283635
v -16.821436 30.141794 -1.360745
v -16.791815 30.318129 -1.435314
v -16.519907 0.009607 -1.431803
v -15.359461 30.131817 1.751705
v -14.583845 30.552807 1.752380
v -15.425344 30.097540 -1.441422
v -14.390966 30.657499 1.575756
v -13.970182 30.886063 -1.425790
v -13.995535 30.872030 1.737262
v -13.553244 31.084496 1.675306
v -12.481688 31.596146 -1.442769
v -12.521990 31.577570 1.624324
v -10.943438 32.233067 -1.442599
v -10.947481 32.231453 1.620942
v -9.397295 32.780403 -1.430442
v -9.396009 32.780781 1.752753
v -7.813856 33.249554 -1.442121
v -7.801508 33.253006 1.753464
v -6.203508 33.636242 -1.441674
v -6.634600 33.532757 1.558779
v -6.322584 33.607578 1.577588
v -6.289942 33.620068 1.751178
v -4.581343 33.936859 -1.439695
v -4.578932 33.937309 1.753302
v -2.944098 34.152550 -1.442795
v -3.339560 34.100506 1.506670
v -2.912760 34.155151 1.609431
v -2.469191 34.189545 1.579989
v -1.294554 34.282505 -1.436029
v -1.670023 34.253017 1.553963
v -1.293554 34.282505 1.525150
v 0.356215 34.325718 -1.442788
v -2.060083 34.222237 1.587416
v -1.910852 34.220577 1.712830
v -1.578672 34.147491 1.735567
v -0.857588 34.293907 1.600698
v -0.821085 34.294914 1.750977
v 0.357203 34.325748 1.753390
v 2.008526 34.282455 -1.442791
v 2.013144 34.282269 1.634190
v 3.656868 34.152786 -1.438605
v 3.655333 34.152752 1.741270
v 5.294212 33.937180 -1.441087
v 5.294184 33.937195 1.749701
v 6.919626 33.635849 -1.442781
v 6.922918 33.635292 1.753255
v 8.525625 33.250286 -1.439141
v 8.425518 33.274689 1.556424
v 8.818798 33.162895 1.604440
v 9.172939 33.058556 1.597098
v 10.110622 32.780762 -1.438246
v 10.105433 32.781555 1.688470
v 10.809803 32.532616 1.742429
v 11.666292 32.229855 -1.442882
v 11.663326 32.230999 1.749459
v 13.195621 31.596283 -1.442802
v 13.193052 31.597425 1.753250
v 14.683764 30.886456 -1.436574
v 14.693474 30.881559 1.753940
v 16.136385 30.097879 -1.442809
v 16.132000 30.100138 1.747698
v 8.361395 33.257072 1.743598
v 1.920668 34.271027 1.752545
v -2.807673 34.128529 1.678614
v -6.344088 33.421120 1.753201
v -6.761229 33.469524 1.752735
v -10.837282 32.251270 1.752972
v -11.713190 31.826399 1.753056
v -11.856718 31.837639 1.744264
v -11.735266 31.892313 1.640035
v -12.511000 31.465738 1.752467
v -12.855089 31.414698 1.731229
v 15.309786 28.668234 1.714987
v 15.083672 28.272364 1.499975
v 15.553800 29.094297 1.720390
v 14.958631 28.057848 1.418537
v 15.673532 29.296721 1.654941
v 16.108194 30.048845 1.637203
v 15.828280 29.567871 1.744605
v 16.025919 30.026011 1.749433
v 16.132000 30.100138 1.747698
v 16.136385 30.097879 -1.442809
v 14.699051 27.608372 1.264278
v 12.997803 24.661510 1.288403
v 11.881075 22.727421 -1.442173
v 11.906673 22.771156 1.746340
v 11.859695 22.710363 1.498690
v 12.448711 23.713373 1.728882
v 12.701658 24.166527 1.688645
v 12.771912 24.272289 1.564082
v 12.861464 24.424494 1.470232
v 13.055830 24.775553 1.435969
v 14.084120 26.548710 1.437964
v 14.399887 27.281185 1.435124
v 14.743128 27.886261 1.438323
v 14.933619 28.014479 1.436893
v 11.248539 25.859842 2.316888
v 11.191101 29.870281 2.232478
v 11.163116 25.328655 2.186099
v 11.160751 29.977686 2.176242
v 11.159178 25.119211 2.072486
v 11.159431 30.280107 2.047846
v 11.159224 29.055225 -1.216625
v 11.159264 24.586313 1.970299
v 11.258959 24.811924 2.287508
v 11.254309 24.709108 2.199011
v 11.243950 24.431656 2.204847
v 11.159163 24.301449 2.097222
v 11.165117 24.368313 2.190704
v 11.203354 20.015711 2.302375
v 11.368303 9.560015 2.305636
v 11.159296 10.117900 2.178635
v 11.159224 9.635413 2.028521
v 11.159227 9.076502 -1.315362
v 11.159475 29.201113 -1.408201
v 11.160967 9.158900 -1.412012
v 11.159454 7.509812 -1.299439
v 11.161861 8.667166 -1.322323
v 11.162743 8.549423 -1.428321
v 11.166052 7.539762 -1.430513
v 11.159357 6.983555 -1.228922
v 11.159597 6.346817 -1.234679
v 11.159317 4.541402 -1.252051
v 11.144831 5.678373 -1.426720
v 11.290157 4.655009 -1.433291
v 11.153093 1.394118 -1.458392
v 11.296921 0.301826 -1.433864
v 11.159296 0.580847 -1.307265
v 11.159220 0.317384 -1.343817
v 11.158142 0.078718 2.052206
v 11.283150 -0.000079 -1.170267
v 11.275810 0.007731 2.114772
v 11.456451 0.009607 -1.431803
v 11.163256 9.472238 2.194274
v 11.240950 0.277707 2.280761
v 11.296011 0.322288 2.305065
v 11.241104 9.438471 2.298833
v 11.234476 29.390530 -1.409935
v 11.159271 29.878023 -1.283635
v 11.263418 29.821747 -1.368651
v 11.154926 30.141794 -1.360745
v 11.184549 30.318129 -1.435314
v -10.965460 23.771971 2.182670
v -11.035467 22.342272 2.314928
v -10.972715 4.580164 2.196315
v -11.170259 24.116426 2.305363
v -11.165686 4.160610 2.305674
v -11.193148 30.321228 2.305579
v -11.117777 27.807148 2.306021
v -11.055098 24.338797 2.303198
v -11.043512 27.541138 2.297249
v -10.966871 27.711992 2.179621
v -10.969988 28.689657 2.187663
v -11.039099 28.996881 2.294438
v -11.063639 29.905312 2.302569
v -10.960756 30.301069 1.951594
v -11.085089 30.413773 2.181104
v -12.204027 8.776718 2.305465
v -12.090643 29.205877 2.305648
v -16.597544 30.316170 2.305473
v -16.816935 30.280107 2.047846
v -16.815607 29.977686 2.176242
v -16.785265 29.870281 2.232478
v -16.727827 25.859842 2.316888
v -16.652544 25.219225 2.305065
v -16.549952 24.733915 2.305538
v -15.568262 8.776197 2.305361
v -15.564547 29.082724 2.305132
v -12.221205 29.078537 2.301527
v -15.420332 28.919806 2.213391
v -15.420671 8.939372 2.211826
v -15.325136 28.821188 2.202182
v -15.322969 9.040728 2.201567
v -12.364435 8.942873 2.210997
v -12.359827 28.919952 2.213132
v -12.228827 27.714701 2.297240
v -12.461031 28.817110 2.200877
v -12.467093 9.057194 2.196361
v -12.674662 9.332605 2.108108
v -15.096640 9.334159 2.105520
v -12.664640 28.545111 2.111822
v -12.705549 28.499817 2.045631
v -12.745462 9.389407 1.953736
v -15.038141 9.384489 1.962349
v -12.758303 28.461620 1.941656
v -12.881491 9.553426 1.853719
v -14.977610 9.455379 1.905042
v -12.980089 28.272141 1.837544
v -14.731302 9.610910 1.836987
v -14.894976 28.311890 1.852548
v -14.994589 28.423000 1.919368
v -15.042723 28.469824 1.966570
v -15.034510 28.534851 2.107988
v -15.077154 10.958537 2.050005
v -15.093714 28.290623 2.107963
v -15.187773 10.985982 2.143385
v -15.097532 10.841510 2.104057
v -12.157740 28.370516 2.305932
v -16.608057 9.560015 2.305636
v -15.567713 6.715475 2.305313
v -15.568953 0.726589 2.304976
v -15.422895 6.564075 2.213871
v -12.220091 6.712126 2.305887
v -12.033400 3.751598 2.305575
v -12.354757 6.566566 2.215899
v -12.273432 3.715832 2.267730
v -12.357306 0.877926 2.214888
v -12.206236 3.502251 2.305034
v -12.213408 0.730991 2.304785
v -11.196371 0.667923 2.305357
v -11.069536 0.768779 2.300384
v -10.967203 0.860536 2.199721
v -10.963263 0.712941 2.063693
v -11.128775 0.205853 2.307559
v -14.376471 0.227047 2.305311
v -14.199373 0.061193 2.298217
v -14.302847 -0.000130 2.165786
v -15.252249 0.060992 2.318215
v -16.227488 0.245119 2.305804
v -16.177332 0.000056 2.173517
v -16.418013 0.139022 2.258281
v -16.680353 0.322288 2.305065
v -16.735254 9.438471 2.298833
v -16.664103 0.139022 2.159418
v -16.818220 0.078718 2.052206
v -16.735411 0.277707 2.280761
v -16.700548 0.007731 2.114772
v -16.485441 0.000079 1.992845
v -16.271132 0.000056 2.013473
v -11.067995 0.055865 2.292592
v -10.984251 0.095491 2.041718
v -10.963369 0.322029 2.033226
v -11.057692 3.863672 2.297178
v -15.411356 0.894180 2.210929
v -15.321978 0.973246 2.200937
v -12.459471 6.466188 2.199645
v -12.460051 0.975636 2.199958
v -12.677732 1.232903 2.105845
v -12.680883 6.208197 2.104903
v -15.095354 1.233384 2.105112
v -12.747328 1.349366 1.949695
v -13.154947 1.293406 1.926708
v -14.996851 1.328173 1.918231
v -12.902830 1.447005 1.844189
v -12.899572 5.993732 1.842208
v -14.862085 1.461775 1.841793
v -14.878691 5.997247 1.842383
v -15.027674 6.156079 1.947006
v -15.052900 1.744658 1.986047
v -13.735823 6.187757 2.033180
v -12.749388 6.159270 1.950536
v -15.096216 6.210700 2.105247
v -15.324102 6.473601 2.201566
v -13.898199 6.222262 2.109349
v -13.777746 6.481996 2.202075
v -13.552675 6.257185 2.123116
v -16.773005 20.015711 2.302375
v -16.732409 24.431656 2.204847
v -16.722044 24.709108 2.199011
v -16.717405 24.811924 2.287508
v -16.817186 25.119211 2.072486
v -16.813238 25.328655 2.186099
v -11.123564 22.724337 -1.441792
v -11.289000 22.998980 -1.442830
v -10.096395 23.282049 -1.442486
v -9.007452 23.801525 -1.441674
v -7.895468 24.262201 -1.442788
v -15.425344 30.097540 -1.441422
v -5.459745 25.222208 -1.442793
v -6.760386 24.664228 -1.441883
v -5.600286 25.007933 -1.441884
v -4.430353 25.288719 -1.440623
v -3.249231 25.507877 -1.442805
v -2.944098 34.152550 -1.442795
v -1.562162 25.748249 -1.442811
v 0.853724 25.793886 -1.442766
v 0.356215 34.325718 -1.442788
v 2.763527 25.665894 -1.442792
v 4.109632 25.600437 -1.442794
v 3.959108 25.508507 -1.441469
v 5.144951 25.288671 -1.439526
v 6.481201 24.993462 -1.442800
v 6.313755 25.008070 -1.438136
v 2.008526 34.282455 -1.442791
v 8.945276 24.177259 -1.442815
v 16.136385 30.097879 -1.442809
v 10.811434 23.281775 -1.442644
v 11.881075 22.727421 -1.442173
v 6.919626 33.635849 -1.442781
v 13.195621 31.596283 -1.442802
v 14.683764 30.886456 -1.436574
v 11.666292 32.229855 -1.442882
v 8.525625 33.250286 -1.439141
v 10.110622 32.780762 -1.438246
v 5.294212 33.937180 -1.441087
v 3.656868 34.152786 -1.438605
v -1.294554 34.282505 -1.436029
v -10.943438 32.233067 -1.442599
v -7.813856 33.249554 -1.442121
v -6.203508 33.636242 -1.441674
v -4.581343 33.936859 -1.439695
v -12.481688 31.596146 -1.442769
v -13.970182 30.886063 -1.425790
v -9.397295 32.780403 -1.430442
v 17.010908 23.771971 2.182670
v 16.940895 22.342272 2.314928
v 17.003649 4.580163 2.196315
v 16.806099 24.116426 2.305363
v 16.810684 4.160610 2.305674
v 16.783213 30.321228 2.305579
v 16.858582 27.807148 2.306021
v 16.921272 24.338797 2.303198
v 16.932850 27.541138 2.297249
v 17.009493 27.711992 2.179621
v 17.006371 28.689657 2.187663
v 16.937269 28.996881 2.294438
v 16.912724 29.905312 2.302569
v 17.015610 30.301069 1.951594
v 16.891273 30.413773 2.181104
v 15.772334 8.776718 2.305465
v 15.885722 29.205877 2.305648
v 11.378815 30.316170 2.305473
v 11.159431 30.280107 2.047846
v 11.160751 29.977686 2.176242
v 11.191101 29.870281 2.232478
v 11.248539 25.859842 2.316888
v 11.323822 25.219225 2.305065
v 11.426413 24.733915 2.305538
v 12.408100 8.776197 2.305361
v 12.411819 29.082724 2.305132
v 15.755157 29.078537 2.301527
v 12.556025 28.919806 2.213391
v 12.555691 8.939372 2.211826
v 15.611933 8.942873 2.210997
v 12.651228 28.821188 2.202182
v 12.653391 9.040728 2.201567
v 15.509266 9.057194 2.196361
v 12.882650 28.290623 2.107963
v 12.879728 9.334159 2.105520
v 12.788584 10.985982 2.143385
v 12.878826 10.841509 2.104057
v 12.899212 10.958537 2.050005
v 12.938219 9.384489 1.962349
v 12.933641 28.469824 1.966570
v 12.941849 28.534851 2.107988
v 15.218060 28.461620 1.941656
v 12.998745 9.455379 1.905042
v 12.981770 28.423000 1.919368
v 13.081387 28.311890 1.852548
v 14.996271 28.272141 1.837544
v 13.245060 9.610910 1.836987
v 15.094865 9.553426 1.853719
v 15.230892 9.389407 1.953736
v 15.301694 9.332605 2.108108
v 15.311725 28.545111 2.111822
v 15.270812 28.499817 2.045631
v 15.515343 28.817110 2.200877
v 15.616542 28.919952 2.213132
v 15.818624 28.370516 2.305932
v 15.747533 27.714701 2.297240
v 11.368303 9.560015 2.305636
v 12.408649 6.715474 2.305313
v 12.407410 0.726589 2.304976
v 12.553467 6.564074 2.213871
v 15.756268 6.712125 2.305887
v 15.942969 3.751598 2.305575
v 15.621602 6.566566 2.215899
v 15.702927 3.715832 2.267730
v 15.619054 0.877926 2.214888
v 15.770126 3.502250 2.305034
v 15.762958 0.730991 2.304785
v 16.779989 0.667923 2.305357
v 16.906830 0.768779 2.300384
v 17.009155 0.860536 2.199721
v 17.013094 0.712941 2.063693
v 16.847588 0.205853 2.307559
v 13.599894 0.227047 2.305311
v 13.776987 0.061193 2.298217
v 13.673515 -0.000130 2.165786
v 12.724112 0.060992 2.318215
v 11.748877 0.245119 2.305804
v 11.799026 0.000056 2.173517
v 11.558350 0.139022 2.258281
v 11.296011 0.322288 2.305065
v 11.241104 9.438471 2.298833
v 11.312260 0.139022 2.159418
v 11.158142 0.078718 2.052206
v 11.240950 0.277707 2.280761
v 11.275810 0.007731 2.114772
v 11.490923 0.000079 1.992845
v 11.705229 0.000056 2.013473
v 16.908367 0.055865 2.292592
v 16.992115 0.095491 2.041718
v 17.012997 0.322029 2.033226
v 16.918671 3.863671 2.297178
v 12.654383 0.973246 2.200937
v 15.516883 6.466187 2.199645
v 15.516318 0.975636 2.199958
v 12.565006 0.894180 2.210929
v 12.652256 6.473601 2.201566
v 14.198618 6.481995 2.202075
v 12.880142 6.210699 2.105247
v 12.923470 1.744658 1.986047
v 12.948692 6.156078 1.947006
v 14.240538 6.187756 2.033180
v 12.881008 1.233384 2.105112
v 14.078167 6.222261 2.109349
v 15.298637 1.232903 2.105845
v 14.821417 1.293406 1.926708
v 12.979509 1.328173 1.918231
v 15.073535 1.447005 1.844189
v 13.097677 5.997246 1.842383
v 13.114285 1.461775 1.841793
v 15.076791 5.993731 1.842208
v 15.229038 1.349366 1.949695
v 15.226970 6.159269 1.950536
v 15.295475 6.208196 2.104903
v 14.423683 6.257185 2.123116
v 11.203354 20.015711 2.302375
v 11.243950 24.431656 2.204847
v 11.254309 24.709108 2.199011
v 11.258959 24.811924 2.287508
v 11.159178 25.119211 2.072486
v 11.163116 25.328655 2.186099
v -10.962889 0.174721 1.478294
v -10.963369 0.322029 2.033226
v -10.984251 0.095491 2.041718
v -10.963209 0.293475 -1.420730
v -10.980326 0.104876 1.260444
v -10.990713 0.095003 -1.087171
v -11.084929 0.000050 -1.137197
v -11.095552 0.012184 -1.317420
v -10.963263 0.712941 2.063693
v -10.963278 24.052803 2.079121
v -10.963278 20.853065 -1.327513
v -10.979616 20.685837 -1.431805
v -11.142206 20.793776 -1.407515
v -11.053747 21.055696 -1.375715
v -10.964617 21.277328 -1.281214
v -11.121847 21.152815 -1.434280
v -10.983942 21.384291 -1.432144
v -10.963282 21.515877 -1.392116
v -10.989309 29.168425 -1.433965
v -10.963354 29.426922 -1.404873
v -10.963308 24.400951 2.076100
v -10.960756 30.301069 1.951594
v -10.963842 29.812189 -1.266104
v -10.999659 30.329243 -1.251131
v -10.968283 24.471949 2.184025
v -10.969988 28.689657 2.187663
v -11.039099 28.996881 2.294438
v -11.063639 29.905312 2.302569
v -10.966871 27.711992 2.179621
v -11.043512 27.541138 2.297249
v -11.055098 24.338797 2.303198
v -11.170259 24.116426 2.305363
v -10.965460 23.771971 2.182670
v -10.963465 4.035337 2.145031
v -10.972715 4.580164 2.196315
v -11.165686 4.160610 2.305674
v -11.057692 3.863672 2.297178
v -10.967203 0.860536 2.199721
v -11.167784 22.729385 1.590589
v -11.123255 22.724497 1.528502
v -10.892218 22.850412 1.752799
v -10.096395 23.282049 -1.442486
v -10.090380 23.285036 1.753903
v -9.076338 23.771269 1.594215
v -9.338034 23.805340 1.752518
v -8.957846 23.908625 1.750319
v -8.800024 23.886559 1.651577
v -8.257689 24.112566 1.641833
v -8.250845 24.235632 1.753046
v -8.181635 24.143650 1.753176
v -7.895468 24.262201 -1.442788
v -7.862230 24.274546 1.761698
v -6.739752 24.671000 1.655464
v -6.792044 24.733398 1.752704
v -5.600573 25.007776 1.732482
v -5.600286 25.007933 -1.441884
v -4.443724 25.285999 1.754599
v -4.430353 25.288719 -1.440623
v -3.245325 25.508373 1.751513
v -3.249231 25.507877 -1.442805
v -2.048983 25.665867 1.750644
v -2.049685 25.665836 -1.435345
v -0.848089 25.760376 1.752014
v -0.848068 25.760397 -1.436322
v 0.356787 25.791948 1.750718
v 0.853724 25.793886 -1.442766
v 1.562407 25.760382 1.751343
v 2.765421 25.665651 1.749812
v 2.763527 25.665894 -1.442792
v 3.959299 25.508429 1.753237
v 3.959108 25.508507 -1.441469
v 4.797482 25.353451 1.747486
v 5.144951 25.288671 -1.439526
v 5.141073 25.289749 1.595525
v 6.315405 25.007650 1.733149
v 6.124672 25.055595 1.716002
v 5.586168 25.185162 1.699936
v 6.294693 25.175310 1.753054
v 6.266150 25.023712 1.753226
v 7.563410 24.636225 1.753615
v 7.469290 24.665958 -1.441030
v 8.167702 24.418457 1.665307
v 8.570955 24.276493 1.740530
v 8.608522 24.262682 -1.436971
v 8.918798 24.134537 1.718175
v 9.214693 24.011658 1.510440
v 9.195847 24.079823 1.746807
v 9.638224 23.838419 1.603623
v 10.259054 23.545582 1.610119
v 9.721998 23.801409 -1.439395
v 8.945276 24.177259 -1.442815
v 10.811434 23.281775 -1.442644
v 10.802719 23.286280 1.752940
v 11.881075 22.727421 -1.442173
v 11.859695 22.710363 1.498690
v 6.481201 24.993462 -1.442800
v 6.313755 25.008070 -1.438136
v -1.562162 25.748249 -1.442811
v -6.760386 24.664228 -1.441883
v -9.007452 23.801525 -1.441674
v -11.123564 22.724337 -1.441792
v 17.013481 0.174721 1.478294
v 17.012997 0.322029 2.033226
v 16.992115 0.095491 2.041718
v 17.013151 0.293475 -1.420730
v 16.996037 0.104876 1.260444
v 16.985653 0.095003 -1.087171
v 16.891434 0.000050 -1.137197
v 16.880810 0.012184 -1.317420
v 17.013094 0.712941 2.063693
v 17.013090 24.052803 2.079121
v 17.013086 20.853065 -1.327513
v 16.996746 20.685837 -1.431805
v 16.834152 20.793776 -1.407515
v 16.922613 21.055696 -1.375715
v 17.011745 21.277328 -1.281214
v 16.854515 21.152815 -1.434280
v 16.992428 21.384291 -1.432144
v 17.013086 21.515877 -1.392117
v 16.987053 29.168425 -1.433965
v 17.013008 29.426922 -1.404873
v 17.013054 24.400951 2.076100
v 17.015610 30.301069 1.951594
v 17.012526 29.812189 -1.266104
v 16.976702 30.329243 -1.251131
v 17.009493 27.711992 2.179621
v 17.008076 24.471949 2.184025
v 17.006371 28.689657 2.187663
v 16.937269 28.996881 2.294438
v 16.912724 29.905312 2.302569
v 16.806099 24.116426 2.305363
v 16.921272 24.338797 2.303198
v 16.932850 27.541138 2.297249
v 17.010908 23.771971 2.182670
v 17.012890 4.035336 2.145031
v 17.003649 4.580163 2.196315
v 16.810684 4.160610 2.305674
v 16.918671 3.863671 2.297178
v 17.009155 0.860536 2.199721
v -10.960756 30.301069 1.951594
v -10.999659 30.329243 -1.251131
v -11.085089 30.413773 2.181104
v -11.086123 30.414160 -1.420158
v -16.628580 30.413923 2.182642
v -11.193148 30.321228 2.305579
v -16.597544 30.316170 2.305473
v -16.704302 30.403561 2.062446
v -16.816935 30.280107 2.047846
v -16.791815 30.318129 -1.435314
v -16.688684 30.413797 -1.432491
v -14.313635 28.192175 1.553169
v -14.381884 28.295486 1.511083
v -14.271997 28.105051 1.535158
v -14.232290 28.036936 1.438208
v -15.425344 30.097540 -1.441422
v -12.588018 25.189541 1.438209
v -12.410681 24.881683 1.268071
v -12.410650 25.051701 1.438239
v -12.345732 24.771927 1.438260
v -11.167200 22.727888 -1.434212
v -12.257124 24.619270 1.557267
v -12.290068 24.701138 1.548042
v -12.208101 24.530382 1.500268
v -11.954210 24.092808 1.641802
v -11.837809 23.889692 1.617698
v -11.167784 22.729385 1.590589
v -11.422491 23.142857 1.764422
v -11.123564 22.724337 -1.441792
v -11.123255 22.724497 1.528502
v -11.289000 22.998980 -1.442830
v -14.548605 28.584906 1.603340
v -14.674410 28.802736 1.583230
v -14.836321 29.082943 1.753154
v -15.359461 30.131817 1.751705
v -14.471708 28.789240 1.736275
v 17.015610 30.301069 1.951594
v 16.976702 30.329243 -1.251131
v 16.891273 30.413773 2.181104
v 16.890240 30.414160 -1.420158
v 11.347782 30.413923 2.182642
v 16.783213 30.321228 2.305579
v 11.378815 30.316170 2.305473
v 11.272062 30.403561 2.062446
v 11.159431 30.280107 2.047846
v 11.184549 30.318129 -1.435314
v 11.287674 30.413797 -1.432491
v -16.693213 -0.000079 -1.170267
v -16.485441 0.000079 1.992845
v -16.700548 0.007731 2.114772
v -16.271132 0.000056 2.013473
v -16.177332 0.000056 2.173517
v -16.519907 0.009607 -1.431803
v -15.667238 0.000381 -1.393615
v -14.302847 -0.000130 2.165786
v -15.397341 0.000064 -1.316473
v -14.102507 -0.000933 -1.458929
v -12.685061 0.000029 -1.236432
v -12.687616 0.046934 -1.344497
v -12.350019 0.011954 -1.337220
v -11.826452 0.013161 -1.214620
v -12.194620 0.014015 -1.421296
v -11.716314 0.087723 -1.392366
v -11.433512 0.050008 -1.398374
v -11.095552 0.012184 -1.317420
v -11.084929 0.000050 -1.137197
v -10.980326 0.104876 1.260444
v -11.082506 0.005219 1.548966
v -11.084627 0.000035 2.180593
v -10.984251 0.095491 2.041718
v -10.962889 0.174721 1.478294
v -11.067995 0.055865 2.292592
v -14.199373 0.061193 2.298217
v -15.252249 0.060992 2.318215
v 11.283150 -0.000079 -1.170267
v 11.490923 0.000079 1.992845
v 11.275810 0.007731 2.114772
v 11.705229 0.000056 2.013473
v 11.799026 0.000056 2.173517
v 11.456451 0.009607 -1.431803
v 12.309124 0.000381 -1.393615
v 13.673515 -0.000130 2.165786
v 12.579023 0.000064 -1.316473
v 13.873857 -0.000933 -1.458929
v 15.291309 0.000029 -1.236432
v 15.288749 0.046934 -1.344497
v 15.626345 0.011954 -1.337220
v 16.149906 0.013161 -1.214620
v 15.781743 0.014015 -1.421296
v 16.260048 0.087723 -1.392366
v 16.542862 0.050008 -1.398374
v 16.880810 0.012184 -1.317420
v 16.891434 0.000050 -1.137197
v 16.893848 0.005219 1.548966
v 16.996037 0.104876 1.260444
v 17.013481 0.174721 1.478294
v 16.992115 0.095491 2.041718
v 16.908367 0.055865 2.292592
v 16.891739 0.000035 2.180593
v 13.776987 0.061193 2.298217
v 12.724112 0.060992 2.318215
v -11.433512 0.050008 -1.398374
v -10.993467 0.068926 -1.434309
v -11.095552 0.012184 -1.317420
v -11.237585 0.271605 -1.434295
v -12.244612 0.117792 -1.434320
v -11.716314 0.087723 -1.392366
v -12.194620 0.014015 -1.421296
v -12.350019 0.011954 -1.337220
v -12.687616 0.046934 -1.344497
v -12.557714 0.230049 -1.434156
v -14.102507 -0.000933 -1.458929
v -15.503069 0.140444 -1.434264
v -15.397341 0.000064 -1.316473
v -15.667238 0.000381 -1.393615
v -16.519907 0.009607 -1.431803
v -16.679441 0.301826 -1.433864
v -16.823267 1.394118 -1.458392
v -16.686205 4.655010 -1.433291
v -16.668875 6.008354 -1.434291
v -16.831526 5.678374 -1.426720
v -16.816763 6.346817 -1.234679
v -16.661036 6.452487 -1.432107
v -16.817003 6.983555 -1.228922
v -16.753618 6.991249 -1.423854
v -16.698477 7.168709 -1.429226
v -16.816900 7.509812 -1.299439
v -16.698790 7.455468 -1.434305
v -16.810308 7.539762 -1.430513
v -16.813616 8.549423 -1.428321
v -16.683210 8.611663 -1.433403
v -16.814501 8.667166 -1.322323
v -16.817129 9.076502 -1.315362
v -16.659372 9.136574 -1.434310
v -16.815397 9.158900 -1.412012
v -16.791033 9.185942 -1.434398
v -16.816885 29.201113 -1.408201
v -16.793314 29.196196 -1.434011
v -16.741888 29.390530 -1.409935
v -16.712942 29.821747 -1.368651
v -16.499407 29.543388 -1.434297
v -11.321630 20.871346 -1.434297
v -11.121847 21.152815 -1.434280
v -16.595320 30.294195 -1.434299
v -11.140512 20.421650 -1.434299
v -10.979616 20.685837 -1.431805
v -11.142206 20.793776 -1.407515
v -11.053747 21.055696 -1.375715
v -10.963209 0.293475 -1.420730
v -16.821436 30.141794 -1.360745
v -16.791815 30.318129 -1.435314
v -16.688684 30.413797 -1.432491
v -11.132128 29.677425 -1.434285
v -11.140066 30.392786 -1.434490
v -11.185835 29.144892 -1.434284
v -10.989309 29.168425 -1.433965
v -11.022596 29.504580 -1.379594
v -10.963842 29.812189 -1.266104
v -10.963354 29.426922 -1.404873
v -10.999659 30.329243 -1.251131
v -11.086123 30.414160 -1.420158
v -10.983942 21.384291 -1.432144
v -7.801508 33.253006 1.753464
v -9.396009 32.780781 1.752753
v -6.761229 33.469524 1.752735
v -10.837282 32.251270 1.752972
v -10.072557 30.887182 1.753201
v -9.294920 31.163036 1.753260
v -7.332407 31.807619 1.753043
v -6.344088 33.421120 1.753201
v -6.206751 32.024204 1.753107
v -4.770906 32.316067 1.753281
v -4.578932 33.937309 1.753302
v -6.289942 33.620068 1.751178
v -3.809111 33.826927 1.753168
v -3.031088 33.877216 1.753252
v -3.345869 34.052074 1.667750
v -2.912760 34.155151 1.609431
v -2.815184 33.971416 1.752368
v -1.995344 34.077541 1.753133
v -2.464285 34.013012 1.749150
v -2.060083 34.222237 1.587416
v -1.910852 34.220577 1.712830
v -1.578672 34.147491 1.735567
v -1.146786 34.178036 1.748198
v 0.357203 34.325748 1.753390
v 1.920668 34.271027 1.752545
v -2.342585 32.629200 1.753273
v -1.795485 32.747440 1.753340
v -3.134714 32.554256 1.752805
v -2.339701 32.108753 1.501927
v -2.302107 32.395634 1.680750
v -2.302843 31.993750 1.558906
v -4.228186 31.871136 1.505536
v -5.453077 31.537708 1.558903
v -5.418543 31.641314 1.500892
v -5.463884 32.072651 1.705034
v -5.983595 32.023468 1.705232
v -5.468904 26.746531 1.705205
v -5.458460 27.362047 1.566165
v -5.463976 27.506233 1.486747
v -5.464289 31.434849 1.540260
v -5.430197 31.357126 1.438710
v -3.986933 31.619184 1.443583
v -4.382845 31.638662 1.542191
v -2.317118 31.911156 1.537661
v -2.298716 30.225321 1.474901
v -2.327887 31.805010 1.438304
v -3.247564 27.925434 1.438026
v -2.326517 28.029848 1.439818
v -2.302240 27.923073 1.563944
v -3.454851 27.718351 1.560149
v -2.322760 27.750296 1.502853
v -2.300890 27.503052 1.681976
v -4.330133 27.649246 1.543527
v -5.412401 27.523975 1.438349
v -2.307146 27.231745 1.745860
v -2.280443 27.282639 1.705175
v -2.282297 32.579651 1.705394
v -1.580435 32.682404 1.751086
v -1.799002 31.824936 1.704694
v -1.629190 32.536823 1.707332
v -1.618536 32.160866 1.502659
v -1.621725 32.041607 1.562858
v -1.644373 31.832214 1.625405
v -1.643560 31.585316 1.701956
v -1.641413 31.918451 1.488777
v 0.321911 31.935429 1.439712
v -1.598852 31.865742 1.438320
v -1.600660 28.101614 1.438313
v -1.642550 27.961823 1.558118
v -1.642794 27.353806 1.705183
v -1.623041 27.800613 1.506899
v -0.968481 27.855671 1.503391
v 0.301666 27.899494 1.499856
v 1.621223 27.999588 1.557791
v -0.345503 28.086880 1.543107
v 1.635851 28.095802 1.509224
v 0.044519 28.176228 1.438346
v 1.605436 28.146608 1.439110
v 1.607628 31.919838 1.438283
v 1.634079 31.945536 1.487454
v 1.631115 32.022892 1.557795
v 1.637379 30.270914 1.695568
v 1.634018 29.936106 1.606082
v 1.641706 28.687183 1.668032
v 1.639435 29.541763 1.684119
v 1.783400 28.633459 1.704176
v 1.634600 27.419170 1.705119
v 0.356665 27.366964 1.751652
v 1.619707 27.841692 1.510422
v 2.286589 32.599545 1.705106
v 2.292099 27.384686 1.704871
v 2.604496 27.267088 1.753206
v 4.177923 27.064827 1.753217
v 1.854630 25.799292 1.753309
v -1.386686 27.300692 1.753026
v 2.316778 27.818745 1.505528
v 3.750048 27.785164 1.557416
v 2.296333 27.974266 1.566089
v 4.016970 27.623413 1.501265
v 5.434071 27.373825 1.501764
v 5.458897 26.901533 1.705053
v 5.457426 27.531061 1.555112
v 5.389704 26.847366 1.749995
v 6.561483 26.568598 1.753284
v 7.027052 26.988930 1.502298
v 6.119429 26.781406 1.706845
v 5.260948 25.404913 1.753302
v 7.960936 26.158670 1.753299
v 3.959299 25.508429 1.753237
v 4.797482 25.353451 1.747486
v 2.765421 25.665651 1.749812
v 1.562407 25.760382 1.751343
v 0.356787 25.791948 1.750718
v -0.652462 25.823978 1.753331
v -0.848089 25.760376 1.752014
v -2.048983 25.665867 1.750644
v -3.201681 25.576735 1.753337
v -3.245325 25.508373 1.751513
v -4.443724 25.285999 1.754599
v -5.915621 25.061090 1.753221
v -5.600573 25.007776 1.732482
v -6.792044 24.733398 1.752704
v -8.250845 24.235632 1.753046
v -7.454187 26.092581 1.752980
v -8.181635 24.143650 1.753176
v -7.862230 24.274546 1.761698
v -8.211473 25.644451 1.753283
v -7.457605 26.651188 1.499851
v -6.176573 26.470675 1.753244
v -6.172407 27.024630 1.505589
v -3.662695 27.030922 1.753276
v -5.210836 26.744894 1.743960
v -6.121771 26.568666 1.705440
v -6.122282 27.555548 1.696951
v -6.143656 27.212236 1.563661
v -7.508734 26.739697 1.555896
v -7.370512 26.874161 1.549356
v -6.183012 27.319542 1.438511
v -6.125601 27.346430 1.484197
v -6.124247 31.191555 1.486469
v -6.182085 31.184652 1.438199
v -6.125326 31.271893 1.640260
v -6.205282 31.299879 1.553475
v -6.130194 31.413605 1.558330
v -6.121477 31.852051 1.705720
v -6.193682 31.475538 1.501017
v -6.003164 27.608252 1.704937
v -7.998301 31.010395 1.500608
v -7.430964 31.563848 1.679047
v -9.344484 30.476995 1.555637
v -9.371378 30.559044 1.502093
v -9.391115 30.997211 1.704721
v -9.390951 30.342133 1.527523
v -9.379122 25.727318 1.627044
v -9.388491 26.100271 1.568196
v -9.387827 26.271578 1.484175
v -9.349066 30.258137 1.438297
v -8.609919 30.541271 1.447436
v -7.638769 30.913546 1.535186
v -9.348261 26.235806 1.438639
v -8.775423 26.491398 1.438316
v -7.113073 27.057487 1.438279
v -9.274893 25.984524 1.498053
v -9.342829 25.349377 1.753218
v -8.486422 25.811369 1.712083
v -9.338034 23.805340 1.752518
v -9.399782 25.428541 1.705251
v -10.038164 25.153530 1.704914
v -10.780249 24.702772 1.751305
v -11.802313 24.137566 1.753280
v -11.954210 24.092808 1.641802
v -11.837809 23.889692 1.617698
v -11.422491 23.142857 1.764422
v -10.892218 22.850412 1.752799
v -12.208101 24.530382 1.500268
v -10.071390 25.817093 1.567613
v -12.257124 24.619270 1.557267
v -11.003614 25.181118 1.501101
v -10.062300 25.624300 1.502981
v -10.048437 25.829378 1.679873
v -10.047941 25.901638 1.481754
v -10.044275 30.807690 1.704871
v -10.049509 30.116131 1.541828
v -12.036032 29.369011 1.560729
v -10.052637 30.205595 1.558078
v -11.891718 29.352695 1.551627
v -10.951307 29.661486 1.438237
v -10.081461 30.015932 1.438293
v -10.048639 29.992727 1.482487
v -10.078127 25.958357 1.438285
v -11.209322 25.391272 1.438327
v -12.410650 25.051701 1.438239
v -12.345732 24.771927 1.438260
v -12.290068 24.701138 1.548042
v -12.588018 25.189541 1.438209
v -14.232290 28.036936 1.438208
v -14.271997 28.105051 1.535158
v -12.933413 28.755669 1.451836
v -14.313635 28.192175 1.553169
v -14.381884 28.295486 1.511083
v -13.043402 28.998209 1.501265
v -13.327879 29.449711 1.753314
v -11.604967 29.683512 1.500523
v -10.079863 30.312244 1.500348
v -11.867643 30.149656 1.753217
v -11.713190 31.826399 1.753056
v -11.856718 31.837639 1.744264
v -12.511000 31.465738 1.752467
v -13.643412 30.868446 1.753073
v -12.855089 31.414698 1.731229
v -13.553244 31.084496 1.675306
v -13.995535 30.872030 1.737262
v -14.345041 30.541208 1.752946
v -14.390966 30.657499 1.575756
v -14.583845 30.552807 1.752380
v -15.359461 30.131817 1.751705
v -14.836321 29.082943 1.753154
v -14.471708 28.789240 1.736275
v -11.167784 22.729385 1.590589
v -10.090380 23.285036 1.753903
v -8.852629 24.042444 1.753198
v -8.957846 23.908625 1.750319
v -8.800024 23.886559 1.651577
v -5.440161 27.236721 1.500356
v -3.564566 27.585236 1.502095
v 5.141073 25.289749 1.595525
v 5.586168 25.185162 1.699936
v 6.294693 25.175310 1.753054
v 6.266150 25.023712 1.753226
v 7.563410 24.636225 1.753615
v 8.167702 24.418457 1.665307
v 7.765364 24.712519 1.753111
v 8.246231 24.576469 1.752593
v 8.999454 24.292801 1.752749
v 8.570955 24.276493 1.740530
v 8.918798 24.134537 1.718175
v 9.195847 24.079823 1.746807
v 9.638224 23.838419 1.603623
v 9.596384 23.977634 1.745511
v 9.928417 23.763248 1.730803
v 10.334953 23.632343 1.752493
v 10.386831 25.223721 1.753284
v 10.802719 23.286280 1.752940
v 10.259054 23.545582 1.610119
v 11.531403 24.678333 1.753232
v 11.860664 22.984713 1.752907
v 11.859695 22.710363 1.498690
v 11.906673 22.771156 1.746340
v 12.473883 24.168383 1.752691
v 12.448711 23.713373 1.728882
v 12.701658 24.166527 1.688645
v 12.771912 24.272289 1.564082
v 12.861464 24.424494 1.470232
v 12.683653 24.467056 1.579429
v 11.817646 25.128956 1.501520
v 12.843571 24.576817 1.501788
v 12.796286 24.756500 1.563228
v 13.055830 24.775553 1.435969
v 11.603010 25.567196 1.438994
v 11.818275 25.341131 1.543225
v 14.084120 26.548710 1.437964
v 13.665432 28.730068 1.438591
v 14.399887 27.281185 1.435124
v 10.083298 26.238756 1.438274
v 12.237888 29.408211 1.438335
v 10.088070 30.274273 1.438500
v 10.082623 26.108337 1.565136
v 10.041029 26.269588 1.485606
v 10.039415 27.077974 1.625150
v 10.031294 26.089262 1.675656
v 10.040871 30.234785 1.484893
v 10.035692 30.576254 1.703735
v 10.039837 27.385031 1.704041
v 10.069199 30.413588 1.563353
v 10.067654 30.570250 1.504658
v 10.918652 30.263315 1.501895
v 11.456335 29.947128 1.555750
v 12.184364 29.538544 1.544004
v 13.615837 28.846403 1.539580
v 14.316282 28.584488 1.558885
v 13.726889 29.019201 1.503509
v 15.083672 28.272364 1.499975
v 14.824725 28.218693 1.552581
v 12.328362 29.679995 1.501572
v 12.553585 30.162231 1.753224
v 11.103008 30.763088 1.753248
v 13.984474 29.479774 1.753239
v 13.193052 31.597425 1.753250
v 10.628950 32.428749 1.753217
v 11.663326 32.230999 1.749459
v 14.693474 30.881559 1.753940
v 16.132000 30.100138 1.747698
v 16.025919 30.026011 1.749433
v 15.590574 29.449690 1.753133
v 15.152953 28.849333 1.753260
v 15.553800 29.094297 1.720390
v 15.673532 29.296721 1.654941
v 15.828280 29.567871 1.744605
v 15.309786 28.668234 1.714987
v 10.809803 32.532616 1.742429
v 10.105433 32.781555 1.688470
v 9.172939 33.058556 1.597098
v 9.839117 32.833141 1.728431
v 9.122549 32.902813 1.753278
v 8.305408 31.680984 1.753239
v 8.684469 33.008369 1.752879
v 8.960186 33.106339 1.715775
v 8.818798 33.162895 1.604440
v 8.361395 33.257072 1.743598
v 6.922918 33.635292 1.753255
v 5.294184 33.937195 1.749701
v 3.494179 32.589714 1.753253
v 1.607420 32.766487 1.753304
v 5.299946 32.350151 1.753213
v 2.330479 32.632702 1.729529
v 3.456015 32.061832 1.502894
v 2.314873 32.150700 1.503912
v 2.327700 32.041183 1.558230
v 4.572111 31.809498 1.557355
v 5.429890 31.791199 1.501553
v 5.461060 32.209492 1.704793
v 5.453003 31.614260 1.560309
v 3.415220 31.874743 1.544275
v 3.526808 31.764072 1.438442
v 5.457039 31.448654 1.484633
v 5.418146 31.501022 1.438323
v 5.420834 27.656822 1.438393
v 3.851406 27.948393 1.438357
v 4.412580 27.755089 1.546723
v 3.024559 27.950621 1.539701
v 2.334665 28.099617 1.438325
v 2.294432 28.120977 1.485177
v 2.335905 31.860361 1.438303
v 2.295525 31.873278 1.483373
v 2.296005 31.961540 1.547324
v 2.295071 32.382977 1.680776
v 6.116177 32.066719 1.704883
v 5.965052 27.912323 1.704242
v 6.114962 27.868153 1.612158
v 6.018795 28.298374 1.705432
v 6.117294 28.308493 1.613484
v 6.113775 28.393801 1.700120
v 6.117182 31.457687 1.544019
v 6.121494 31.539778 1.559154
v 8.418476 30.995768 1.555282
v 7.792515 31.076355 1.547410
v 6.139978 31.366270 1.438427
v 6.117840 27.529007 1.483951
v 6.153326 27.492983 1.438491
v 6.136572 27.406702 1.552806
v 6.127579 27.299017 1.542995
v 8.026287 26.890301 1.549205
v 6.924978 27.319603 1.438338
v 7.801233 26.878265 1.554907
v 8.226572 26.631475 1.501374
v 9.365705 26.226515 1.500922
v 9.378923 26.389162 1.566583
v 9.373598 30.496519 1.438498
v 9.379642 30.672626 1.631373
v 8.338717 26.895962 1.438399
v 9.366079 26.521122 1.438524
v 9.384850 25.731028 1.704673
v 9.519747 30.905491 1.705044
v 9.915703 27.132433 1.704675
v 9.889288 26.023310 1.704723
v 10.050920 25.474499 1.704268
v 9.346558 25.663080 1.753034
v 9.398830 30.717844 1.698124
v 9.378298 30.957645 1.634844
v 9.348375 31.378693 1.753042
v 9.468742 31.220190 1.704443
v 9.365044 30.814749 1.502410
v 7.684166 31.296988 1.502360
v 9.329166 30.639437 1.556282
v 8.214800 30.869392 1.443450
v 6.476461 32.125160 1.753128
v 6.141632 31.647228 1.501408
v 10.054945 31.009562 1.701017
v 10.059164 25.952089 1.504707
v 6.142750 27.188742 1.511109
v 1.637705 32.625164 1.706033
v 0.352352 32.750755 1.751735
v 1.730335 30.010006 1.704700
v 1.617565 32.186970 1.501506
v 1.562899 32.107407 1.556556
v 0.324036 32.221172 1.500987
v 0.348467 32.033092 1.545998
v -1.208536 32.708992 1.751254
v 3.655333 34.152752 1.741270
v 14.958631 28.057848 1.418537
v 14.933619 28.014479 1.436893
v 14.743128 27.886261 1.438323
v -0.821085 34.294914 1.750977
v -0.857588 34.293907 1.600698
v -1.293554 34.282505 1.525150
v -2.469191 34.189545 1.579989
v -2.807673 34.128529 1.678614
v -3.339560 34.100506 1.506670
v -3.767206 34.043125 1.750605
v -3.686430 33.992882 1.698160
v 16.542862 0.050008 -1.398374
v 16.982887 0.068926 -1.434309
v 16.880810 0.012184 -1.317420
v 16.738777 0.271605 -1.434295
v 15.731750 0.117792 -1.434320
v 16.260048 0.087723 -1.392366
v 15.781743 0.014015 -1.421296
v 15.626345 0.011954 -1.337220
v 15.288749 0.046934 -1.344497
v 15.418651 0.230049 -1.434156
v 13.873857 -0.000933 -1.458929
v 12.473293 0.140444 -1.434264
v 12.579023 0.000064 -1.316473
v 12.309124 0.000381 -1.393615
v 11.456451 0.009607 -1.431803
v 11.296921 0.301826 -1.433864
v 11.153093 1.394118 -1.458392
v 11.290157 4.655009 -1.433291
v 11.307484 6.008353 -1.434291
v 11.144831 5.678373 -1.426720
v 11.159597 6.346817 -1.234679
v 11.315329 6.452486 -1.432107
v 11.159357 6.983555 -1.228922
v 11.222742 6.991248 -1.423854
v 11.277887 7.168708 -1.429226
v 11.159454 7.509812 -1.299439
v 11.277571 7.455468 -1.434305
v 11.166052 7.539762 -1.430513
v 11.162743 8.549423 -1.428321
v 11.293148 8.611663 -1.433403
v 11.161861 8.667166 -1.322323
v 11.159227 9.076502 -1.315362
v 11.316996 9.136574 -1.434310
v 11.160967 9.158900 -1.412012
v 11.185320 9.185942 -1.434398
v 11.159475 29.201113 -1.408201
v 11.183048 29.196196 -1.434011
v 11.234476 29.390530 -1.409935
v 11.476961 29.543388 -1.434297
v 11.263418 29.821747 -1.368651
v 11.381041 30.294195 -1.434299
v 11.154926 30.141794 -1.360745
v 11.184549 30.318129 -1.435314
v 11.287674 30.413797 -1.432491
v 16.836292 30.392786 -1.434490
v 16.890240 30.414160 -1.420158
v 16.976702 30.329243 -1.251131
v 17.012526 29.812189 -1.266104
v 16.953762 29.504580 -1.379594
v 17.013008 29.426922 -1.404873
v 16.844234 29.677425 -1.434285
v 16.790524 29.144892 -1.434284
v 16.854515 21.152815 -1.434280
v 16.987053 29.168425 -1.433965
v 16.992428 21.384291 -1.432144
v 16.922613 21.055696 -1.375715
v 16.654732 20.871346 -1.434297
v 16.835854 20.421650 -1.434299
v 16.834152 20.793776 -1.407515
v 16.996746 20.685837 -1.431805
v 17.013151 0.293475 -1.420730
v 44.536613 27.052570 1.975021
v 44.476501 31.249544 1.886685
v 44.447227 26.496677 1.838149
v 44.444740 31.361942 1.827834
v 44.443089 26.277491 1.719252
v 44.443359 31.678431 1.693467
v 44.443146 30.396576 -1.722841
v 44.443180 25.719809 1.612312
v 44.547520 25.955914 1.944275
v 44.542652 25.848316 1.851662
v 44.531807 25.557959 1.857770
v 44.443081 25.421696 1.745138
v 44.449310 25.491667 1.842968
v 44.489326 20.936621 1.959832
v 44.443211 10.578448 1.830338
v 44.661949 9.994614 1.963246
v 44.443146 10.073519 1.673241
v 44.447365 9.902755 1.846704
v 44.528831 9.867417 1.956127
v 44.528679 0.280572 1.937214
v 44.586288 0.327225 1.962649
v 44.442009 0.072327 1.698029
v 44.572834 -0.010135 -1.674327
v 44.565151 -0.001961 1.763505
v 44.443138 0.322093 -1.855949
v 44.587246 0.305811 -1.950184
v 44.443211 0.597810 -1.817697
v 44.436733 1.448909 -1.975852
v 44.443237 4.742577 -1.759915
v 44.443527 6.631965 -1.741735
v 44.580166 4.861468 -1.949585
v 44.428085 5.932430 -1.942708
v 44.443275 7.298318 -1.735712
v 44.443390 7.849052 -1.809507
v 44.443146 9.488611 -1.826170
v 44.445904 9.060236 -1.833455
v 44.446831 8.937017 -1.944383
v 44.450291 7.880395 -1.946677
v 44.443413 30.549250 -1.923327
v 44.444962 9.574842 -1.927315
v 44.521896 30.747477 -1.925143
v 44.443188 31.257647 -1.792967
v 44.552185 31.198751 -1.881937
v 44.438644 31.533686 -1.873664
v 44.469646 31.718220 -1.951702
v 44.754211 0.000001 -1.948027
v 50.566986 24.867592 1.834560
v 50.493729 23.371393 1.972970
v 50.559402 4.783141 1.848840
v 50.352661 25.228065 1.962960
v 50.357460 4.344074 1.963286
v 50.328716 31.721464 1.963187
v 50.407600 29.090450 1.963649
v 50.473190 25.460781 1.960695
v 50.485317 28.812067 1.954469
v 50.565514 28.990868 1.831370
v 50.562263 30.014008 1.839787
v 50.489925 30.335520 1.951527
v 50.464241 31.286201 1.960036
v 50.571907 31.700367 1.592737
v 50.441811 31.818312 1.832922
v 49.270821 9.174886 1.963067
v 49.389469 30.554235 1.963259
v 44.672955 31.716167 1.963075
v 44.443359 31.678431 1.693467
v 44.444740 31.361942 1.827834
v 44.476501 31.249544 1.886685
v 44.536613 27.052570 1.975021
v 44.615387 26.382158 1.962648
v 44.722771 25.874277 1.963144
v 45.750099 9.174340 1.962958
v 45.753986 30.425354 1.962718
v 49.252831 30.420973 1.958946
v 49.107773 30.255011 1.866440
v 45.904922 30.254858 1.866711
v 45.904564 9.345105 1.865072
v 49.102943 9.348769 1.864206
v 46.004539 30.151655 1.854980
v 46.006805 9.451174 1.854337
v 48.995522 9.468406 1.848889
v 46.246719 29.596411 1.756379
v 46.243671 9.758252 1.753822
v 46.148289 11.486904 1.793448
v 46.242722 11.335712 1.752292
v 46.264057 11.458183 1.695725
v 46.304882 9.810924 1.603993
v 46.300095 29.783949 1.608410
v 46.308685 29.851999 1.756405
v 48.690765 29.775362 1.582336
v 46.368229 9.885110 1.544020
v 46.350460 29.734945 1.559012
v 46.454704 29.618668 1.489085
v 48.458664 29.577070 1.473382
v 46.625992 10.047877 1.472799
v 48.561852 9.987719 1.490310
v 48.704185 9.816071 1.594979
v 48.745964 29.815336 1.691148
v 48.778282 9.756627 1.756530
v 48.788784 29.862736 1.760417
v 49.001862 30.147387 1.853615
v 49.244873 28.993702 1.954460
v 49.319244 29.680019 1.963556
v 44.661949 9.994614 1.963246
v 49.254013 7.014266 1.963508
v 45.750679 7.017771 1.962908
v 45.749367 0.750332 1.962555
v 45.902237 6.859328 1.867213
v 45.914310 0.925717 1.864134
v 49.113083 6.861936 1.869336
v 46.005619 6.764647 1.854336
v 47.623905 6.773431 1.854869
v 47.497845 6.501617 1.757830
v 47.859451 6.538164 1.772238
v 47.667786 6.465506 1.678118
v 46.244110 6.489516 1.753538
v 48.771778 6.486897 1.753178
v 46.315838 6.432355 1.587937
v 48.700081 6.435695 1.591630
v 48.702248 1.402075 1.590750
v 46.471748 6.266136 1.478446
v 48.542915 6.262458 1.478263
v 46.489128 1.519711 1.477829
v 48.539513 1.504255 1.480337
v 48.275681 1.343513 1.566694
v 46.348103 1.379895 1.557822
v 46.289436 1.815753 1.628792
v 46.245010 1.280698 1.753396
v 46.007839 1.008460 1.853678
v 48.775070 1.280194 1.754163
v 49.003479 6.756889 1.852324
v 49.002888 1.010962 1.852653
v 49.110397 0.908707 1.868277
v 49.198181 3.878608 1.923576
v 49.268513 3.655092 1.962616
v 49.261002 0.754938 1.962355
v 50.325333 0.688936 1.962954
v 50.458069 0.794483 1.957750
v 50.565166 0.890508 1.852405
v 50.569298 0.736049 1.710049
v 50.569183 0.326955 1.678166
v 49.449379 3.916039 1.963182
v 50.396080 0.205375 1.965258
v 46.997330 0.227554 1.962906
v 47.182667 0.053987 1.955482
v 47.074368 -0.010188 1.816891
v 46.080811 0.053777 1.976410
v 45.060219 0.246468 1.963421
v 45.112717 -0.009994 1.824983
v 44.860844 0.135435 1.913689
v 44.586288 0.327225 1.962649
v 44.528831 9.867417 1.956127
v 44.603291 0.135435 1.810227
v 44.442009 0.072327 1.698029
v 44.528679 0.280572 1.937214
v 44.565151 -0.001961 1.763505
v 44.790260 -0.009970 1.635906
v 45.014542 -0.009994 1.657494
v 50.459686 0.048411 1.949595
v 50.547325 0.089881 1.687052
v 50.470459 4.033324 1.954394
v 44.489326 20.936621 1.959832
v 44.531807 25.557959 1.857770
v 44.542652 25.848316 1.851662
v 44.547520 25.955914 1.944275
v 44.443089 26.277491 1.719252
v 44.447227 26.496677 1.838149
v 50.569687 0.172794 1.097423
v 50.569183 0.326955 1.678166
v 50.547325 0.089881 1.687052
v 50.569336 0.297073 -1.936439
v 50.551430 0.099701 0.869440
v 50.540565 0.089370 -1.587366
v 50.441967 -0.010000 -1.639718
v 50.430847 0.002699 -1.828324
v 50.569298 0.736049 1.710049
v 50.569271 25.161484 1.726196
v 50.569271 21.812922 -1.838887
v 50.552177 21.637917 -1.948030
v 50.382027 21.750874 -1.922610
v 50.474594 22.024979 -1.889331
v 50.567863 22.256918 -1.790434
v 50.403336 22.126612 -1.950619
v 50.547649 22.368855 -1.948384
v 50.569271 22.506561 -1.906495
v 50.542023 30.515041 -1.950289
v 50.569199 30.785563 -1.919844
v 50.569237 25.525826 1.723035
v 50.571907 31.700367 1.592737
v 50.568680 31.188747 -1.774621
v 50.531197 31.729853 -1.758951
v 50.564045 25.600124 1.835979
v 50.562263 30.014008 1.839787
v 50.489925 30.335520 1.951527
v 50.464241 31.286201 1.960036
v 50.565514 28.990868 1.831370
v 50.485317 28.812067 1.954469
v 50.473190 25.460781 1.960695
v 50.352661 25.228065 1.962960
v 50.566986 24.867592 1.834560
v 50.569077 4.212974 1.795171
v 50.559402 4.783141 1.848840
v 50.357460 4.344074 1.963286
v 50.470459 4.033324 1.954394
v 50.565166 0.890508 1.852405
v 50.571907 31.700367 1.592737
v 50.531197 31.729853 -1.758951
v 50.441811 31.818312 1.832922
v 50.440704 31.818718 -1.935840
v 44.577564 31.818338 -1.948747
v 44.640472 31.818470 1.834531
v 50.328716 31.721464 1.963187
v 44.672955 31.716167 1.963075
v 44.561226 31.807625 1.708744
v 44.443359 31.678431 1.693467
v 44.469646 31.718220 -1.951702
v 44.572834 -0.010135 -1.674327
v 44.790260 -0.009970 1.635906
v 44.565151 -0.001961 1.763505
v 45.014542 -0.009994 1.657494
v 45.112717 -0.009994 1.824983
v 44.754211 0.000001 -1.948027
v 45.646515 -0.009654 -1.908063
v 47.074368 -0.010188 1.816891
v 45.928974 -0.009985 -1.827333
v 47.284035 -0.011029 -1.976416
v 48.767403 -0.010022 -1.743569
v 48.764732 0.039064 -1.856660
v 49.118034 0.002459 -1.849045
v 49.665955 0.003720 -1.720742
v 49.280663 0.004614 -1.937032
v 49.781227 0.081751 -1.906755
v 50.077171 0.042281 -1.913043
v 50.430847 0.002699 -1.828324
v 50.441967 -0.010000 -1.639718
v 50.444489 -0.004591 1.171382
v 50.551430 0.099701 0.869440
v 50.569687 0.172794 1.097423
v 50.547325 0.089881 1.687052
v 50.442284 -0.010015 1.832387
v 50.459686 0.048411 1.949595
v 47.182667 0.053987 1.955482
v 46.080811 0.053777 1.976410
v 50.077171 0.042281 -1.913043
v 50.537674 0.062079 -1.950650
v 50.430847 0.002699 -1.828324
v 50.282211 0.274186 -1.950635
v 49.228348 0.113218 -1.950661
v 49.781227 0.081751 -1.906755
v 49.280663 0.004614 -1.937032
v 49.118034 0.002459 -1.849045
v 48.900677 0.230697 -1.950490
v 48.764732 0.039064 -1.856660
v 47.284035 -0.011029 -1.976416
v 45.818325 0.136924 -1.950603
v 45.928974 -0.009985 -1.827333
v 45.646515 -0.009654 -1.908063
v 44.754211 0.000001 -1.948027
v 44.587246 0.305811 -1.950184
v 44.436733 1.448909 -1.975852
v 44.580166 4.861468 -1.949585
v 44.598293 6.277759 -1.950630
v 44.428085 5.932430 -1.942708
v 44.443527 6.631965 -1.741735
v 44.606503 6.742548 -1.948346
v 44.509617 7.306369 -1.939710
v 44.443275 7.298318 -1.735712
v 44.567322 7.492083 -1.945330
v 44.443390 7.849052 -1.809507
v 44.566998 7.792180 -1.950646
v 44.450291 7.880395 -1.946677
v 44.583305 9.002151 -1.949701
v 44.446831 8.937017 -1.944383
v 44.445904 9.060236 -1.833455
v 44.443146 9.488611 -1.826170
v 44.608250 9.551477 -1.950651
v 44.444962 9.574842 -1.927315
v 44.470459 9.603142 -1.950743
v 44.468079 30.544104 -1.950338
v 44.443413 30.549250 -1.923327
v 44.521896 30.747477 -1.925143
v 44.775654 30.907446 -1.950637
v 44.552185 31.198751 -1.881937
v 44.675282 31.693171 -1.950640
v 44.438644 31.533686 -1.873664
v 44.469646 31.718220 -1.951702
v 44.577564 31.818338 -1.948747
v 50.384262 31.796349 -1.950839
v 50.440704 31.818718 -1.935840
v 50.531197 31.729853 -1.758951
v 50.568680 31.188747 -1.774621
v 50.507202 30.866833 -1.893390
v 50.569199 30.785563 -1.919844
v 50.392570 31.047716 -1.950625
v 50.336365 30.490416 -1.950623
v 50.403336 22.126612 -1.950619
v 50.542023 30.515041 -1.950289
v 50.547649 22.368855 -1.948384
v 50.194252 21.832052 -1.950637
v 50.474594 22.024979 -1.889331
v 50.382027 21.750874 -1.922610
v 50.552177 21.637917 -1.948030
v 50.383797 21.361439 -1.950640
v 50.569336 0.297073 -1.936439
v 20.768711 23.866608 1.613603
v 17.038067 23.806501 1.544898
v 21.262836 23.777224 1.507147
v 16.938160 23.774740 1.499125
v 21.457666 23.773092 1.414671
v 16.656837 23.773355 1.394617
v 17.796261 23.773148 -1.262512
v 21.953392 23.773180 1.331496
v 21.743515 23.877518 1.589690
v 21.839157 23.872650 1.517657
v 22.097256 23.861807 1.522408
v 22.218382 23.773081 1.434805
v 22.156181 23.779310 1.510895
v 26.205118 23.819319 1.601789
v 35.931339 23.991947 1.604442
v 35.412373 23.773211 1.501070
v 36.381123 23.773144 -1.342882
v 35.861198 23.773144 1.378883
v 37.838505 23.773386 -1.329922
v 38.328045 23.773275 -1.272525
v 38.920357 23.773529 -1.277211
v 36.012993 23.777363 1.513799
v 44.751152 23.772001 1.398160
v 44.529140 23.773132 -1.366045
v 44.284058 23.773211 -1.336293
v 40.599819 23.773232 -1.291351
v 43.527519 23.766727 -1.459303
v 40.494137 23.910166 -1.438872
v 39.542168 23.758081 -1.433523
v 44.543610 23.917240 -1.439339
v 44.815437 24.084200 -1.437662
v 44.824451 23.902826 -1.224783
v 44.817184 23.895147 1.449086
v 44.566048 23.858673 1.584194
v 36.044403 23.858826 1.598905
v 44.524574 23.916285 1.603976
v 36.761898 23.775902 -1.348548
v 36.871426 23.776825 -1.434825
v 37.810650 23.780285 -1.436610
v 36.304466 23.774958 -1.421550
v 17.660553 23.773411 -1.418446
v 17.484356 23.851896 -1.419858
v 17.030869 23.773191 -1.317055
v 17.083221 23.882187 -1.386254
v 16.785496 23.768642 -1.379819
v 16.621466 23.799646 -1.440515
v 22.710922 29.896992 1.504355
v 24.040871 29.823725 1.612008
v 40.563759 29.889397 1.515459
v 22.390493 29.682659 1.604222
v 40.954048 29.687452 1.604472
v 16.618587 29.658709 1.604399
v 18.957262 29.737591 1.604758
v 22.183632 29.803185 1.602461
v 19.204716 29.815308 1.597618
v 19.045780 29.895514 1.501875
v 18.136330 29.892256 1.508421
v 17.850533 29.819929 1.595330
v 17.005482 29.794243 1.601949
v 16.637337 29.901915 1.316271
v 16.532501 29.771803 1.503082
v 36.659988 28.600811 1.604303
v 17.656120 28.719477 1.604455
v 16.623291 24.002949 1.604312
v 16.656837 23.773355 1.394617
v 16.938160 23.774740 1.499125
v 17.038067 23.806501 1.544898
v 20.768711 23.866608 1.613603
v 21.364641 23.945391 1.603980
v 21.816090 24.052759 1.604365
v 36.660477 25.080099 1.604219
v 17.770679 25.083992 1.604035
v 17.774574 28.582834 1.601101
v 17.922100 28.437771 1.529151
v 17.922237 25.234911 1.529362
v 36.508678 25.234556 1.528085
v 36.505417 28.432945 1.527411
v 18.013969 25.334539 1.520238
v 36.414402 25.336805 1.519735
v 36.399078 28.325516 1.515498
v 18.507523 25.576723 1.443548
v 36.141438 25.573660 1.441557
v 34.604862 25.478289 1.472378
v 34.739254 25.572727 1.440367
v 34.630394 25.594051 1.396371
v 36.094624 25.634876 1.325023
v 18.340820 25.630089 1.328461
v 18.280331 25.638680 1.443569
v 18.348450 28.020758 1.308182
v 36.028675 25.698223 1.278378
v 18.384375 25.680462 1.290040
v 18.487736 25.784704 1.235653
v 18.524714 27.788660 1.223440
v 35.883999 25.955990 1.222984
v 35.937469 27.891842 1.236603
v 36.090046 28.034191 1.318012
v 36.142883 28.108284 1.443664
v 18.312923 28.075964 1.392813
v 18.270786 28.118778 1.446689
v 18.017761 28.331863 1.519176
v 19.043266 28.574863 1.597611
v 18.433201 28.649252 1.604686
v 38.580544 28.584002 1.604646
v 38.577419 25.080677 1.604179
v 35.931339 23.991947 1.604442
v 26.205118 23.819319 1.601789
v 36.044403 23.858826 1.598905
v 44.524574 23.916285 1.603976
v 44.596359 24.390213 1.604577
v 44.148479 25.079374 1.603904
v 38.718258 25.232227 1.529750
v 43.992584 25.244307 1.527354
v 44.007698 28.440399 1.530576
v 44.144382 28.590996 1.603748
v 44.203056 29.655334 1.604214
v 44.613167 26.327322 1.604176
v 44.632889 29.726074 1.606006
v 44.767460 26.512661 1.598402
v 44.824501 26.404369 1.490609
v 44.767632 25.410810 1.614679
v 44.824322 24.442705 1.496902
v 44.695057 24.190834 1.565896
v 44.824322 24.344543 1.366633
v 44.824306 24.120268 1.349843
v 44.695057 23.933292 1.485426
v 44.817184 23.895147 1.449086
v 44.751152 23.772001 1.398160
v 44.566048 23.858673 1.584194
v 44.772411 29.789680 1.593823
v 44.735546 29.877323 1.389623
v 44.524818 29.899176 1.382712
v 44.161175 29.899284 1.407510
v 44.023872 29.895164 1.518231
v 41.230263 29.800463 1.597556
v 44.109234 29.788071 1.600166
v 41.334515 28.779377 1.604391
v 41.566467 28.598503 1.603951
v 41.367786 28.528181 1.573587
v 38.715942 28.443069 1.531400
v 38.794613 26.953899 1.520148
v 39.003742 27.189442 1.455879
v 38.809319 28.333481 1.518169
v 39.049313 28.101780 1.441055
v 43.916809 28.332882 1.518424
v 43.677490 28.105076 1.441820
v 43.919037 25.337839 1.519221
v 43.677040 25.575001 1.441224
v 43.569149 28.032242 1.314721
v 43.621204 27.605669 1.296011
v 43.588867 25.678097 1.289111
v 43.478325 27.869513 1.228845
v 39.248810 27.872911 1.227232
v 43.464588 25.819128 1.226894
v 39.245541 25.801748 1.227374
v 39.097794 25.645836 1.312534
v 39.094826 28.030083 1.315407
v 39.068325 26.997774 1.382675
v 39.046978 25.574100 1.441335
v 39.036224 26.827843 1.444673
v 38.802425 25.335619 1.519733
v 43.201443 25.619434 1.344310
v 22.097256 23.861807 1.522408
v 21.839157 23.872650 1.517657
v 21.743515 23.877518 1.589690
v 21.457666 23.773092 1.414671
v 21.262836 23.777224 1.507147
v 44.661842 29.899681 0.931023
v 44.524818 29.899176 1.382712
v 44.735546 29.877323 1.389623
v 44.551373 29.899340 -1.428648
v 44.726818 29.881428 0.753703
v 44.736000 29.870562 -1.157147
v 44.824337 29.771959 -1.197865
v 44.813038 29.760847 -1.344559
v 44.161175 29.899284 1.407510
v 22.449678 29.899277 1.420072
v 25.426178 29.899277 -1.352771
v 25.581738 29.882177 -1.437660
v 25.481331 29.712027 -1.417888
v 25.237686 29.804596 -1.392005
v 25.031517 29.897871 -1.315085
v 25.147335 29.733328 -1.439673
v 24.932013 29.877651 -1.437936
v 24.809608 29.899271 -1.405355
v 17.690960 29.872030 -1.439416
v 17.450497 29.899195 -1.415737
v 22.125820 29.899239 1.417613
v 16.637337 29.901915 1.316271
v 17.092110 29.898684 -1.302786
v 16.611126 29.861198 -1.290598
v 22.059772 29.894037 1.505459
v 18.136330 29.892256 1.508421
v 17.850533 29.819929 1.595330
v 17.005482 29.794243 1.601949
v 19.045780 29.895514 1.501875
v 19.204716 29.815308 1.597618
v 22.183632 29.803185 1.602461
v 22.390493 29.682659 1.604222
v 22.710922 29.896992 1.504355
v 41.070572 29.899076 1.473716
v 40.563759 29.889397 1.515459
v 40.954048 29.687452 1.604472
v 41.230263 29.800463 1.597556
v 44.023872 29.895164 1.518231
v 16.637337 29.901915 1.316271
v 16.611126 29.861198 -1.290598
v 16.532501 29.771803 1.503082
v 16.532135 29.770716 -1.428178
v 16.532476 23.907564 -1.438217
v 16.532354 23.970472 1.504333
v 16.618587 29.658709 1.604399
v 16.623291 24.002949 1.604312
v 16.541996 23.891228 1.406499
v 16.656837 23.773355 1.394617
v 16.621466 23.799646 -1.440515
v 44.824451 23.902826 -1.224783
v 44.824306 24.120268 1.349843
v 44.817184 23.895147 1.449086
v 44.824322 24.344543 1.366633
v 44.824322 24.442705 1.496902
v 44.815437 24.084200 -1.437662
v 44.824028 24.976521 -1.406578
v 44.824501 26.404369 1.490609
v 44.824314 25.258980 -1.343788
v 44.825249 26.614033 -1.459741
v 44.824345 28.097406 -1.278638
v 44.780720 28.094732 -1.366598
v 44.813259 28.448030 -1.360675
v 44.812126 28.995945 -1.260884
v 44.811340 28.610655 -1.429110
v 44.742775 29.111214 -1.405561
v 44.777866 29.407169 -1.410451
v 44.813038 29.760847 -1.344559
v 44.824337 29.771959 -1.197865
v 44.819527 29.774492 0.988546
v 44.726818 29.881428 0.753703
v 44.661842 29.899681 0.931023
v 44.735546 29.877323 1.389623
v 44.824345 29.772278 1.502661
v 44.772411 29.789680 1.593823
v 44.767460 26.512661 1.598402
v 44.767632 25.410810 1.614679
v 44.777866 29.407169 -1.410451
v 44.760258 29.867678 -1.439701
v 44.813038 29.760847 -1.344559
v 44.571720 29.612207 -1.439689
v 44.714802 28.558338 -1.439710
v 44.742775 29.111214 -1.405561
v 44.811340 28.610655 -1.429110
v 44.813259 28.448030 -1.360675
v 44.610374 28.230677 -1.439577
v 44.780720 28.094732 -1.366598
v 44.825249 26.614033 -1.459741
v 44.693733 25.148325 -1.439664
v 44.824314 25.258980 -1.343788
v 44.824028 24.976521 -1.406578
v 44.815437 24.084200 -1.437662
v 44.543610 23.917240 -1.439339
v 43.527519 23.766727 -1.459303
v 40.494137 23.910166 -1.438872
v 39.235207 23.928293 -1.439685
v 39.542168 23.758081 -1.433523
v 38.920357 23.773529 -1.277211
v 38.822063 23.936501 -1.437908
v 38.320892 23.839611 -1.431191
v 38.328045 23.773275 -1.272525
v 38.155811 23.897322 -1.435562
v 37.838505 23.773386 -1.329922
v 37.889057 23.896994 -1.439696
v 37.810650 23.780285 -1.436610
v 36.813530 23.913298 -1.438962
v 36.871426 23.776825 -1.434825
v 36.761898 23.775902 -1.348548
v 36.381123 23.773144 -1.342882
v 36.325245 23.938246 -1.439700
v 36.304466 23.774958 -1.421550
v 36.279308 23.800457 -1.439772
v 17.665127 23.798075 -1.439455
v 17.660553 23.773411 -1.418446
v 17.484356 23.851896 -1.419858
v 17.342159 24.105654 -1.439687
v 17.083221 23.882187 -1.386254
v 16.643734 24.005278 -1.439689
v 16.785496 23.768642 -1.379819
v 16.621466 23.799646 -1.440515
v 16.532476 23.907564 -1.438217
v 16.552021 29.714268 -1.439844
v 16.532135 29.770716 -1.428178
v 16.611126 29.861198 -1.290598
v 17.092110 29.898684 -1.302786
v 17.217476 29.722567 -1.439677
v 17.378260 29.837193 -1.395161
v 17.450497 29.899195 -1.415737
v 17.690960 29.872030 -1.439416
v 24.932013 29.877651 -1.437936
v 17.712849 29.666367 -1.439676
v 25.147335 29.733328 -1.439673
v 25.409172 29.524254 -1.439687
v 25.237686 29.804596 -1.392005
v 25.481331 29.712027 -1.417888
v 25.581738 29.882177 -1.437660
v 25.827496 29.713795 -1.439690
v 44.551373 29.899340 -1.428648
v -40.581291 23.866608 1.613603
v -44.311928 23.806501 1.544898
v -40.087158 23.777224 1.507147
v -44.411842 23.774740 1.499125
v -39.892326 23.773092 1.414671
v -39.606476 23.877518 1.589690
v -44.693161 23.773355 1.394617
v -43.553734 23.773148 -1.262512
v -39.396606 23.773180 1.331496
v -39.510834 23.872650 1.517657
v -39.252739 23.861807 1.522408
v -39.131622 23.773081 1.434805
v -25.937616 23.773211 1.501070
v -39.193810 23.779310 1.510895
v -35.144882 23.819319 1.601789
v -25.418657 23.991947 1.604442
v -25.488794 23.773144 1.378883
v -25.337004 23.777363 1.513799
v -25.305590 23.858826 1.598905
v -16.783953 23.858673 1.584194
v -16.825422 23.916285 1.603976
v -16.598845 23.772001 1.398160
v -16.525549 23.902826 -1.224783
v -16.532816 23.895147 1.449086
v -16.820860 23.773132 -1.366045
v -16.806391 23.917240 -1.439339
v -17.065943 23.773211 -1.336293
v -17.822470 23.766727 -1.459303
v -20.750181 23.773232 -1.291351
v -22.429636 23.773529 -1.277211
v -20.855864 23.910166 -1.438872
v -21.807825 23.758081 -1.433523
v -23.021952 23.773275 -1.272525
v -23.511492 23.773386 -1.329922
v -24.588099 23.775902 -1.348548
v -24.478567 23.776825 -1.434825
v -23.539351 23.780285 -1.436610
v -24.968878 23.773144 -1.342882
v -43.689445 23.773411 -1.418446
v -25.045527 23.774958 -1.421550
v -43.865639 23.851896 -1.419858
v -44.319130 23.773191 -1.317055
v -44.266785 23.882187 -1.386254
v -44.564499 23.768642 -1.379819
v -44.728531 23.799646 -1.440515
v -16.534555 24.084200 -1.437662
v -38.639084 29.896992 1.504355
v -37.309128 29.823725 1.612008
v -20.786238 29.889397 1.515459
v -38.959503 29.682659 1.604222
v -20.395952 29.687452 1.604472
v -44.731415 29.658709 1.604399
v -42.392731 29.737591 1.604758
v -39.166359 29.803185 1.602461
v -42.145287 29.815308 1.597618
v -42.304214 29.895514 1.501875
v -43.213676 29.892256 1.508421
v -43.499466 29.819929 1.595330
v -44.344513 29.794243 1.601949
v -44.712662 29.901915 1.316271
v -44.817497 29.771803 1.503082
v -24.690008 28.600811 1.604303
v -43.693871 28.719477 1.604455
v -44.726707 24.002949 1.604312
v -44.693161 23.773355 1.394617
v -44.411842 23.774740 1.499125
v -44.311928 23.806501 1.544898
v -40.581291 23.866608 1.613603
v -39.985359 23.945391 1.603980
v -39.533913 24.052759 1.604365
v -24.689524 25.080099 1.604219
v -43.579315 25.083992 1.604035
v -24.841314 25.234556 1.528085
v -43.575417 28.582834 1.601101
v -43.427902 28.437771 1.529151
v -43.427757 25.234911 1.529362
v -43.336029 25.334539 1.520238
v -24.935598 25.336805 1.519735
v -43.332230 28.331863 1.519176
v -42.842484 25.576723 1.443548
v -43.069664 25.638680 1.443569
v -43.079208 28.118778 1.446689
v -43.037079 28.075964 1.392813
v -43.009178 25.630089 1.328461
v -43.001541 28.020758 1.308182
v -25.259951 28.034191 1.318012
v -25.412527 27.891842 1.236603
v -42.965614 25.680462 1.290040
v -42.825287 27.788660 1.223440
v -42.862259 25.784704 1.235653
v -25.466002 25.955990 1.222984
v -25.321318 25.698223 1.278378
v -25.255377 25.634876 1.325023
v -25.208555 25.573660 1.441557
v -25.207109 28.108284 1.443664
v -26.610746 25.572727 1.440367
v -26.719606 25.594051 1.396371
v -26.745138 25.478289 1.472378
v -24.950914 28.325516 1.515498
v -24.844572 28.432945 1.527411
v -42.306740 28.574863 1.597611
v -42.916794 28.649252 1.604686
v -25.418657 23.991947 1.604442
v -22.769461 28.584002 1.604646
v -22.772573 25.080677 1.604179
v -22.631735 25.232227 1.529750
v -17.201517 25.079374 1.603904
v -16.753637 24.390213 1.604577
v -17.357416 25.244307 1.527354
v -17.205610 28.590996 1.603748
v -17.342295 28.440399 1.530576
v -16.736822 26.327322 1.604176
v -17.146944 29.655334 1.604214
v -17.240759 29.788071 1.600166
v -17.326120 29.895164 1.518231
v -19.783522 28.598503 1.603951
v -17.188822 29.899284 1.407510
v -16.825182 29.899176 1.382712
v -20.015478 28.779377 1.604391
v -16.717112 29.726074 1.606006
v -16.614447 29.877323 1.389623
v -16.577589 29.789680 1.593823
v -16.582544 26.512661 1.598402
v -16.525499 26.404369 1.490609
v -16.582357 25.410810 1.614679
v -16.525671 24.442705 1.496902
v -16.654943 24.190834 1.565896
v -16.525671 24.344543 1.366633
v -16.525694 24.120268 1.349843
v -16.654943 23.933292 1.485426
v -16.532816 23.895147 1.449086
v -16.598845 23.772001 1.398160
v -16.783953 23.858673 1.584194
v -16.825422 23.916285 1.603976
v -25.305590 23.858826 1.598905
v -19.982206 28.528181 1.573587
v -22.634054 28.443069 1.531400
v -22.346258 27.189442 1.455879
v -22.540678 28.333481 1.518169
v -22.555384 26.953899 1.520148
v -22.547575 25.335619 1.519733
v -22.313768 26.827843 1.444673
v -22.281668 26.997774 1.382675
v -22.300684 28.101780 1.441055
v -22.255175 28.030083 1.315407
v -22.252203 25.645836 1.312534
v -22.303015 25.574100 1.441335
v -17.430964 25.337839 1.519221
v -18.148558 25.619434 1.344310
v -17.672949 25.575001 1.441224
v -17.672503 28.105076 1.441820
v -17.761129 25.678097 1.289111
v -17.728788 27.605669 1.296011
v -17.780844 28.032242 1.314721
v -17.871672 27.869513 1.228845
v -22.101183 27.872911 1.227232
v -17.885408 25.819128 1.226894
v -22.104452 25.801748 1.227374
v -17.433184 28.332882 1.518424
v -20.119730 29.800463 1.597556
v -35.144882 23.819319 1.601789
v -39.252739 23.861807 1.522408
v -39.510834 23.872650 1.517657
v -39.606476 23.877518 1.589690
v -39.892326 23.773092 1.414671
v -40.087158 23.777224 1.507147
v -16.688150 29.899681 0.931023
v -16.825182 29.899176 1.382712
v -16.614447 29.877323 1.389623
v -16.798624 29.899340 -1.428648
v -16.623178 29.881428 0.753703
v -16.525667 29.771959 -1.197865
v -16.613997 29.870562 -1.157147
v -16.536955 29.760847 -1.344559
v -17.188822 29.899284 1.407510
v -38.900322 29.899277 1.420072
v -35.923820 29.899277 -1.352771
v -35.768257 29.882177 -1.437660
v -35.868668 29.712027 -1.417888
v -36.112312 29.804596 -1.392005
v -36.318481 29.897871 -1.315085
v -36.202660 29.733328 -1.439673
v -36.417984 29.877651 -1.437936
v -36.540390 29.899271 -1.405355
v -43.659042 29.872030 -1.439416
v -43.899498 29.899195 -1.415737
v -39.224182 29.899239 1.417613
v -44.712662 29.901915 1.316271
v -44.257889 29.898684 -1.302786
v -44.738869 29.861198 -1.290598
v -43.213676 29.892256 1.508421
v -43.499466 29.819929 1.595330
v -44.344513 29.794243 1.601949
v -42.304214 29.895514 1.501875
v -39.290222 29.894037 1.505459
v -38.959503 29.682659 1.604222
v -39.166359 29.803185 1.602461
v -42.145287 29.815308 1.597618
v -38.639084 29.896992 1.504355
v -20.279417 29.899076 1.473716
v -20.786238 29.889397 1.515459
v -20.395952 29.687452 1.604472
v -20.119730 29.800463 1.597556
v -17.326120 29.895164 1.518231
v -44.712662 29.901915 1.316271
v -44.738869 29.861198 -1.290598
v -44.817497 29.771803 1.503082
v -44.817863 29.770716 -1.428178
v -44.817520 23.907564 -1.438217
v -44.817642 23.970472 1.504333
v -44.731415 29.658709 1.604399
v -44.726707 24.002949 1.604312
v -44.808006 23.891228 1.406499
v -44.693161 23.773355 1.394617
v -44.728531 23.799646 -1.440515
v -16.525549 23.902826 -1.224783
v -16.525694 24.120268 1.349843
v -16.532816 23.895147 1.449086
v -16.525671 24.344543 1.366633
v -16.525671 24.442705 1.496902
v -16.534555 24.084200 -1.437662
v -16.525972 24.976521 -1.406578
v -16.525499 26.404369 1.490609
v -16.525679 25.258980 -1.343788
v -16.524752 26.614033 -1.459741
v -16.525644 28.097406 -1.278638
v -16.569281 28.094732 -1.366598
v -16.536741 28.448030 -1.360675
v -16.537863 28.995945 -1.260884
v -16.538660 28.610655 -1.429110
v -16.607225 29.111214 -1.405561
v -16.572138 29.407169 -1.410451
v -16.536955 29.760847 -1.344559
v -16.525667 29.771959 -1.197865
v -16.530474 29.774492 0.988546
v -16.623178 29.881428 0.753703
v -16.688150 29.899681 0.931023
v -16.614447 29.877323 1.389623
v -16.525656 29.772278 1.502661
v -16.577589 29.789680 1.593823
v -16.582544 26.512661 1.598402
v -16.582357 25.410810 1.614679
v -16.572138 29.407169 -1.410451
v -16.589743 29.867678 -1.439701
v -16.536955 29.760847 -1.344559
v -16.778273 29.612207 -1.439689
v -16.635199 28.558338 -1.439710
v -16.607225 29.111214 -1.405561
v -16.538660 28.610655 -1.429110
v -16.536741 28.448030 -1.360675
v -16.739618 28.230677 -1.439577
v -16.569281 28.094732 -1.366598
v -16.524752 26.614033 -1.459741
v -16.656267 25.148325 -1.439664
v -16.525679 25.258980 -1.343788
v -16.525972 24.976521 -1.406578
v -16.534555 24.084200 -1.437662
v -16.806391 23.917240 -1.439339
v -17.822470 23.766727 -1.459303
v -20.855864 23.910166 -1.438872
v -22.114782 23.928293 -1.439685
v -21.807825 23.758081 -1.433523
v -22.429636 23.773529 -1.277211
v -22.527929 23.936501 -1.437908
v -23.029108 23.839611 -1.431191
v -23.021952 23.773275 -1.272525
v -23.194189 23.897322 -1.435562
v -23.511492 23.773386 -1.329922
v -23.539351 23.780285 -1.436610
v -23.460939 23.896994 -1.439696
v -24.536467 23.913298 -1.438962
v -25.024755 23.938246 -1.439700
v -24.968878 23.773144 -1.342882
v -44.007835 24.105654 -1.439687
v -25.045527 23.774958 -1.421550
v -25.070684 23.800457 -1.439772
v -43.684875 23.798075 -1.439455
v -43.689445 23.773411 -1.418446
v -43.865639 23.851896 -1.419858
v -44.266785 23.882187 -1.386254
v -44.706261 24.005278 -1.439689
v -44.564499 23.768642 -1.379819
v -44.728531 23.799646 -1.440515
v -44.817520 23.907564 -1.438217
v -44.797981 29.714268 -1.439844
v -44.817863 29.770716 -1.428178
v -44.738869 29.861198 -1.290598
v -44.257889 29.898684 -1.302786
v -44.132523 29.722567 -1.439677
v -43.971741 29.837193 -1.395161
v -43.899498 29.899195 -1.415737
v -43.659042 29.872030 -1.439416
v -36.417984 29.877651 -1.437936
v -43.637154 29.666367 -1.439676
v -36.202660 29.733328 -1.439673
v -35.940819 29.524254 -1.439687
v -36.112312 29.804596 -1.392005
v -35.868668 29.712027 -1.417888
v -35.768257 29.882177 -1.437660
v -35.522507 29.713795 -1.439690
v -16.798624 29.899340 -1.428648
v -24.588099 23.775902 -1.348548
v -24.478567 23.776825 -1.434825
v -45.800430 36.218361 -0.710363
v -45.829842 36.054237 -0.616872
v -45.818626 36.073624 -0.749898
v -45.574623 37.414330 -0.642710
v -45.547897 37.565323 -0.704106
v -45.574783 37.572811 -0.748518
v -45.922142 37.619820 -0.749843
v -45.899307 37.560181 -0.683208
v -45.884232 37.426407 -0.612207
v -45.628860 37.428825 -0.613077
v -45.878563 36.090286 -0.612036
v -48.337654 34.939903 1.799400
v -48.334999 34.937973 1.407876
v -48.489410 35.081818 1.830855
v -48.597572 35.047386 1.831586
v -48.015816 33.809738 1.579741
v -48.309456 33.681862 1.569885
v -48.009064 33.804031 1.409974
v -47.980370 33.849792 1.379637
v -48.318871 33.705124 1.410810
v -48.644859 34.860725 1.786511
v -48.653473 34.847214 1.399103
v -48.607590 35.043316 1.414826
v -48.519524 35.098057 1.382329
v -48.432526 35.044872 1.408288
v -44.999413 34.110302 0.624940
v -45.373238 34.127464 0.635067
v -44.965981 34.185364 0.749908
v -45.104362 33.610046 0.317897
v -45.117760 33.413403 0.497598
v -45.365280 33.568665 0.285818
v -45.010750 33.982323 0.847856
v -45.372437 33.416988 0.506934
v -45.373871 34.004536 0.865364
v -45.361572 34.202755 0.831485
v -45.047142 34.125282 0.865228
v -45.594719 37.018093 -0.122093
v -45.901642 37.039448 -0.120592
v -45.572380 37.111702 -0.022571
v -45.789520 36.025261 -0.406616
v -45.592010 36.978809 0.068882
v -45.787704 35.972187 -0.175164
v -45.619835 37.079506 0.080200
v -45.642387 36.948509 0.107270
v -45.908165 36.984268 0.119868
v -45.906677 37.137711 0.028460
v -45.894333 37.084175 0.082691
v -45.886078 35.981926 -0.168088
v -45.903679 36.028969 -0.411657
v -49.629135 36.073700 -0.748056
v -49.628372 35.715164 -0.749379
v -49.630920 35.673725 -0.663478
v -49.629356 35.934109 -0.178599
v -49.629372 35.511623 -0.520038
v -49.628555 33.851315 -0.535332
v -49.626953 34.930794 0.030053
v -49.629608 35.098373 0.266312
v -49.625076 34.928150 0.450633
v -49.620354 34.510662 1.298332
v -49.624786 34.951431 0.996174
v -49.628006 35.651749 0.333171
v -49.607697 35.381393 0.663381
v -49.571747 34.865036 1.119711
v -49.571236 34.577423 1.321013
v -49.549339 34.439419 1.374211
v -49.623856 32.722404 1.375597
v -49.638466 32.536495 1.400573
v -49.623199 33.078526 0.959168
v -49.621346 34.035763 0.910944
v -49.625870 34.195671 0.830920
v -49.651512 33.414143 0.500552
v -49.622551 33.431664 0.560790
v -49.623695 34.181221 0.726194
v -49.625679 34.104519 0.616957
v -49.625565 33.566261 0.284353
v -49.631035 33.681252 0.068599
v -49.653976 35.042091 0.353052
v -49.628403 33.808952 -0.264174
v -49.571747 34.865036 1.119711
v -49.571236 34.577423 1.321013
v -49.368195 34.864880 1.126482
v -49.607697 35.381393 0.663381
v -49.103409 35.166893 0.859987
v -49.109154 35.442131 0.602353
v -49.628006 35.651749 0.333171
v -49.266411 35.806499 0.141235
v -49.584152 35.807472 0.116423
v -49.629356 35.934109 -0.178599
v -49.573257 36.004105 -0.313795
v -49.629135 36.073700 -0.748056
v -49.198952 36.048996 -0.589568
v -49.174118 36.074989 -0.749966
v -49.212425 36.032185 -0.402297
v -49.091026 36.059906 -0.585358
v -49.099991 36.035423 -0.410543
v -49.213272 35.973816 -0.178276
v -49.307472 35.899185 -0.066210
v -49.269157 35.928444 -0.011043
v -49.114555 35.890602 -0.038608
v -49.087364 35.935822 -0.138359
v -49.111473 35.807533 0.146802
v -48.109756 37.077980 0.841546
v -48.126213 37.017395 0.884909
v -47.838913 36.025555 0.874352
v -48.293274 37.195351 0.841889
v -48.259506 37.136368 0.860112
v -48.248161 37.128170 1.181268
v -48.330551 37.075729 0.894206
v -48.331192 37.077972 1.178029
v -48.359413 36.954456 0.876939
v -48.400574 36.973621 0.842112
v -48.086418 35.953697 0.859037
v -48.075836 35.947876 0.993870
v -48.188316 36.335690 1.024918
v -48.128250 37.018066 1.155738
v -47.842346 36.022259 0.959460
v -47.938950 35.999493 0.998845
v -48.511993 33.613987 1.374568
v -48.924789 34.220364 1.376786
v -48.877693 34.115704 1.401167
v -48.534180 33.565079 1.416702
v -48.539116 33.566856 1.638731
v -48.884003 34.122578 1.758962
v -48.750153 33.414429 1.634601
v -49.047890 34.025600 1.759370
v -49.106506 33.992294 1.727824
v -48.757141 33.418579 1.381925
v -49.107254 33.993134 1.411283
v -49.151955 33.978565 1.374429
v -49.112701 34.133888 1.406083
v -49.102028 34.222496 1.375377
v -49.079109 34.182159 1.485298
v -49.032234 34.190163 1.784563
v -48.988693 34.184685 1.413126
v -49.108376 34.138123 1.739245
v -46.256454 36.299370 0.841856
v -46.280472 36.340919 0.881948
v -46.603249 35.812695 0.870509
v -46.314972 36.465187 0.841837
v -46.328011 36.456757 1.130407
v -46.451447 36.424927 0.875471
v -46.458145 36.485790 0.840841
v -46.803513 35.932594 0.840353
v -46.788857 35.887787 0.884001
v -46.786659 35.884846 1.014747
v -46.466927 36.400803 1.122964
v -46.610474 35.811409 1.016993
v -46.290352 36.328518 1.082259
v -46.339447 36.316139 1.122150
v -49.628555 33.851315 -0.535332
v -49.629372 35.511623 -0.520038
v -49.650383 35.498116 -0.564565
v -49.764328 33.859596 -0.567333
v -50.037964 35.460358 -0.565826
v -49.785629 33.933773 -0.745169
v -49.812386 33.880772 -0.739481
v -50.088799 35.532551 -0.613031
v -50.066101 35.634697 -0.638030
v -50.102577 35.614773 -0.718973
v -50.084412 35.715481 -0.748729
v -49.628372 35.715164 -0.749379
v -49.630920 35.673725 -0.663478
v -45.912453 35.912254 -0.109462
v -45.911270 36.448044 0.278024
v -45.883545 36.403889 0.282902
v -45.891434 35.900711 -0.031544
v -45.733528 35.918495 -0.016231
v -45.622345 36.417465 0.294718
v -45.733849 35.808582 0.140530
v -45.623009 36.378845 0.471782
v -45.888931 35.809647 0.145009
v -45.911888 35.840183 0.200067
v -45.900856 36.303329 0.453550
v -45.904213 36.468925 0.440579
v -45.949982 36.746296 0.796936
v -45.939423 36.961357 0.643088
v -46.083504 36.942345 0.660502
v -46.435074 37.344944 0.307765
v -45.918541 37.349453 0.296273
v -46.744759 37.596371 -0.003076
v -46.734070 37.760666 -0.302638
v -46.767891 37.846130 -0.338414
v -45.909599 37.635315 -0.053114
v -45.928978 37.775093 -0.344106
v -45.934441 37.831154 -0.555739
v -46.750168 37.820343 -0.491517
v -46.961609 37.850342 -0.651214
v -45.910072 37.859772 -0.748193
v -46.979858 37.841110 -0.749950
v -46.923714 37.809856 -0.383724
v -46.786530 37.829475 -0.381357
v -45.147133 31.786936 1.813053
v -45.754318 31.801020 1.921842
v -49.843697 31.787704 1.895076
v -49.851173 31.787514 1.806958
v -45.008194 31.750036 1.744152
v -49.876656 31.761772 1.765378
v -49.993881 31.749937 1.742081
v -45.011307 31.750010 -0.735445
v -44.953590 31.788290 -0.750001
v -44.961502 31.787199 1.600855
v -44.832520 31.788628 1.599574
v -44.829941 31.795647 -0.745400
v -49.986275 31.750000 -0.736391
v -50.041481 31.784950 1.602212
v -50.046860 31.788620 -0.750001
v -50.170151 31.816624 -0.749824
v -50.167465 31.788366 1.591771
v -47.434364 44.272179 -0.752351
v -47.534904 44.549458 -0.748595
v -47.444290 44.545288 -0.708643
v -47.651352 41.773937 -0.749314
v -47.333656 41.772110 -0.739871
v -46.803894 41.771660 -0.749250
v -46.766716 41.288982 -0.749659
v -46.984650 41.301960 -0.750016
v -47.993759 41.234711 -0.750011
v -46.979858 37.841110 -0.749950
v -48.004478 37.849297 -0.749859
v -45.922142 37.619820 -0.749843
v -45.910072 37.859772 -0.748193
v -49.089043 37.861294 -0.749795
v -45.871216 36.173889 -0.748579
v -45.574783 37.572811 -0.748518
v -45.800430 36.218361 -0.710363
v -45.818626 36.073624 -0.749898
v -45.920509 31.780500 -0.749943
v -45.370331 36.073875 -0.748780
v -45.364769 35.720715 -0.748721
v -45.224083 33.887337 -0.749629
v -44.893600 35.691589 -0.749470
v -44.988480 33.867996 -0.743013
v -44.975914 33.724777 -0.749783
v -44.953590 31.788290 -0.750001
v -44.827515 33.716034 -0.747607
v -44.829941 31.795647 -0.745400
v -45.011307 31.750010 -0.735445
v -49.986275 31.750000 -0.736391
v -49.089798 31.776550 -0.749807
v -50.046860 31.788620 -0.750001
v -50.025169 33.725075 -0.749947
v -50.170151 31.816624 -0.749824
v -50.173912 33.717308 -0.720187
v -49.752777 33.867271 -0.749836
v -50.018166 33.876625 -0.746313
v -49.812386 33.880772 -0.739481
v -49.785629 33.933773 -0.745169
v -50.084412 35.715481 -0.748729
v -50.102577 35.614773 -0.718973
v -49.628372 35.715164 -0.749379
v -49.629135 36.073700 -0.748056
v -49.174118 36.074989 -0.749966
v -49.455063 37.581345 -0.748415
v -49.126381 36.336624 -0.746863
v -49.128838 37.481857 -0.653443
v -49.070152 36.421078 -0.749946
v -49.095238 37.579643 -0.713459
v -48.030060 41.227188 -0.735887
v -48.214966 41.238060 -0.747146
v -48.219986 41.772621 -0.748722
v -47.359001 36.057415 0.861487
v -47.160912 36.022896 0.878570
v -47.252899 36.033096 0.838460
v -47.393417 36.061417 0.971248
v -47.154732 36.019909 0.959573
v -47.351448 36.051712 1.379830
v -47.622108 36.055344 0.973923
v -47.589020 36.057861 1.374270
v -47.957481 35.997635 1.352408
v -47.639435 36.053677 0.865932
v -47.676720 36.085625 0.839898
v -47.809341 36.086044 0.840620
v -47.838913 36.025555 0.874352
v -47.842346 36.022259 0.959460
v -47.938950 35.999493 0.998845
v -48.075836 35.947876 0.993870
v -48.086418 35.953697 0.859037
v -48.212303 35.885059 1.015613
v -48.150337 35.913208 0.839034
v -48.221214 35.904396 0.877376
v -48.224930 35.877800 1.380437
v -48.418076 35.775879 1.050842
v -48.408379 35.839661 1.020422
v -48.394669 35.807777 0.872721
v -48.464516 35.749264 1.322204
v -48.882645 35.408730 0.874765
v -49.103409 35.166893 0.859987
v -48.914299 35.381691 1.377452
v -49.361969 34.871582 1.342972
v -49.374573 34.774143 1.379508
v -49.571236 34.577423 1.321013
v -49.549339 34.439419 1.374211
v -47.724350 35.545609 1.379497
v -48.661423 34.743557 1.380971
v -48.653740 35.086540 1.380002
v -48.653473 34.847214 1.399103
v -48.607590 35.043316 1.414826
v -48.519524 35.098057 1.382329
v -48.304726 34.965103 1.379437
v -48.432526 35.044872 1.408288
v -48.334999 34.937973 1.407876
v -47.980370 33.849792 1.379637
v -47.716705 33.874336 1.378631
v -48.318871 33.705124 1.410810
v -48.349983 33.661926 1.375672
v -48.534180 33.565079 1.416702
v -48.511993 33.613987 1.374568
v -48.924789 34.220364 1.376786
v -49.102028 34.222496 1.375377
v -49.151955 33.978565 1.374429
v -49.623856 32.722404 1.375597
v -49.138657 33.139912 1.375576
v -48.757141 33.418579 1.381925
v -49.638466 32.536495 1.400573
v -47.591156 35.741890 1.379913
v -47.468704 35.716881 1.385653
v -47.286125 35.540665 1.379623
v -47.025551 33.861229 1.378168
v -47.290321 33.857735 1.380118
v -46.699562 34.973110 1.379037
v -46.617691 35.764038 1.379974
v -46.512321 35.083847 1.404587
v -46.432503 35.135994 1.379945
v -46.432266 35.078121 1.437958
v -46.375725 35.000748 1.405423
v -46.295670 34.909279 1.379336
v -45.995987 35.194576 1.379793
v -45.659210 34.898457 1.380007
v -46.108932 35.405632 1.363738
v -45.915070 35.190628 1.331550
v -45.604485 34.841042 1.138245
v -46.098495 35.400696 0.872933
v -45.909698 35.201942 0.836513
v -46.603249 35.812695 0.870509
v -46.610474 35.811409 1.016993
v -46.565651 35.774841 1.340352
v -46.786659 35.884846 1.014747
v -46.999962 35.983662 1.363474
v -46.929077 35.959282 0.960704
v -46.788857 35.887787 0.884001
v -46.912102 35.957413 0.852717
v -46.803513 35.932594 0.840353
v -45.433586 34.567741 1.372236
v -45.420837 32.698021 1.376691
v -45.383415 33.729733 1.369452
v -46.179863 33.434608 1.377552
v -45.861809 33.981796 1.379020
v -45.839455 33.082169 1.397395
v -45.371407 32.560036 1.387177
v -45.884224 34.140347 1.379550
v -45.965111 34.207466 1.382098
v -46.142654 34.159748 1.378280
v -46.667717 33.674320 1.380015
v -46.480576 33.613346 1.379557
v -46.351227 34.852180 1.408921
v -49.368195 34.864880 1.126482
v -48.221214 35.904396 0.877376
v -48.537331 36.468712 0.841303
v -48.532692 36.403622 0.882608
v -48.212303 35.885059 1.015613
v -48.535492 36.404366 1.123592
v -48.408379 35.839661 1.020422
v -48.684570 36.450157 1.146652
v -48.696320 36.301403 1.116934
v -48.394669 35.807777 0.872721
v -48.723160 36.341709 0.852093
v -48.454964 35.814636 0.837388
v -48.663033 36.476852 0.848330
v -44.893600 35.691589 -0.749470
v -45.364769 35.720715 -0.748721
v -44.878983 35.696453 -0.703209
v -45.224083 33.887337 -0.749629
v -45.229851 33.867683 -0.566144
v -44.935455 35.497494 -0.567781
v -45.342331 33.887405 -0.558754
v -45.325279 35.492722 -0.565832
v -45.369766 35.562904 -0.521269
v -45.326408 35.653900 -0.649915
v -46.375725 35.000748 1.405423
v -46.351227 34.852180 1.408921
v -46.393646 35.034019 1.781374
v -46.432266 35.078121 1.437958
v -46.469055 35.081844 1.835647
v -46.512321 35.083847 1.404587
v -46.543144 35.059589 1.828592
v -46.660622 34.951294 1.407692
v -46.699562 34.973110 1.379037
v -47.025551 33.861229 1.378168
v -46.990959 33.803696 1.405676
v -46.987152 33.806374 1.577448
v -46.662148 34.939102 1.798372
v -46.393158 34.863747 1.799625
v -46.691711 33.679741 1.566579
v -46.667717 33.674320 1.380015
v -46.350182 34.859604 1.748942
v -48.009064 33.804031 1.409974
v -47.980370 33.849792 1.379637
v -48.015816 33.809738 1.579741
v -47.716705 33.874336 1.378631
v -47.686401 33.854424 1.412830
v -48.055359 33.792732 1.769104
v -47.706879 33.850460 1.541527
v -47.682404 33.909668 1.526222
v -47.502678 33.881985 1.571434
v -47.316017 33.908783 1.530568
v -47.296135 33.850563 1.547930
v -47.314331 33.896404 1.419171
v -47.290321 33.857735 1.380118
v -47.025551 33.861229 1.378168
v -46.990959 33.803696 1.405676
v -47.497116 33.880676 1.768111
v -46.987152 33.806374 1.577448
v -46.939415 33.790833 1.768991
v -46.691711 33.679741 1.566579
v -46.465378 33.564972 1.413756
v -46.667717 33.674320 1.380015
v -46.480576 33.613346 1.379557
v -46.461533 33.566422 1.638350
v -46.392944 33.524353 1.764814
v -46.250931 33.415024 1.633499
v -45.843979 33.082413 1.767444
v -46.246826 33.416481 1.410259
v -45.839455 33.082169 1.397395
v -46.179863 33.434608 1.377552
v -45.270439 32.437462 1.471318
v -45.371407 32.560036 1.387177
v -45.301155 32.465065 1.768389
v -45.025360 32.062767 1.753557
v -45.096756 31.965452 1.757737
v -45.008194 31.750036 1.744152
v -45.147133 31.786936 1.813053
v -45.754318 31.801020 1.921842
v -45.142525 31.959040 1.791526
v -45.146477 31.959974 1.907969
v -45.444328 32.386105 1.921901
v -46.302658 33.281723 1.922503
v -45.420311 32.364998 1.799507
v -45.944786 32.965786 1.792171
v -46.479797 33.394501 1.804526
v -45.855362 32.922867 1.769289
v -46.440292 33.414959 1.770779
v -45.403526 32.406300 1.770175
v -46.993919 33.648029 1.776181
v -46.992485 33.635235 1.923524
v -47.496391 33.729919 1.778257
v -47.527206 33.721054 1.919624
v -47.974625 33.689545 1.769308
v -48.010788 33.642876 1.805562
v -48.524017 33.412613 1.774354
v -48.521996 33.388058 1.866611
v -48.183418 33.545773 1.923798
v -48.751900 33.160378 1.923903
v -49.041115 32.973618 1.894429
v -49.413406 32.526840 1.924673
v -49.767860 32.010990 1.917655
v -49.580505 32.361450 1.869172
v -49.560158 32.390018 1.801491
v -49.044525 32.980427 1.776525
v -49.515694 32.522945 1.769331
v -49.866943 31.974857 1.770557
v -49.876656 31.761772 1.765378
v -49.851173 31.787514 1.806958
v -49.866722 32.206131 1.766636
v -49.945892 31.928398 1.764237
v -49.991554 32.047394 1.737451
v -49.993881 31.749937 1.742081
v -49.715469 32.443924 1.474007
v -49.698769 32.466770 1.731753
v -49.466682 32.709503 1.769531
v -49.157028 33.078468 1.712731
v -48.618217 33.509327 1.763903
v -48.750153 33.414429 1.634601
v -49.165550 33.068756 1.418530
v -48.757141 33.418579 1.381925
v -49.138657 33.139912 1.375576
v -49.638466 32.536495 1.400573
v -48.539116 33.566856 1.638731
v -48.309456 33.681862 1.569885
v -48.534180 33.565079 1.416702
v -48.349983 33.661926 1.375672
v -48.318871 33.705124 1.410810
v -49.843697 31.787704 1.895076
v -49.625076 34.928150 0.450633
v -49.650368 34.869873 0.403266
v -49.631035 33.681252 0.068599
v -49.653976 35.042091 0.353052
v -50.042656 35.020264 0.362069
v -49.629608 35.098373 0.266312
v -49.645142 34.955833 0.091393
v -49.626953 34.930794 0.030053
v -50.075500 35.080372 0.299976
v -50.026642 35.056282 0.203659
v -50.014992 34.949921 0.090843
v -50.046867 34.905083 0.135615
v -49.829819 33.819214 -0.232799
v -49.661285 33.836525 -0.230584
v -49.628403 33.808952 -0.264174
v -49.823967 33.711761 0.017624
v -49.798347 33.675934 0.060703
v -50.018944 34.856972 0.399058
v -50.035606 34.791367 0.350463
v -49.083961 36.746731 0.785525
v -48.902100 36.981827 0.630642
v -49.087006 36.949509 0.652252
v -49.089111 37.372650 0.277299
v -48.581787 37.359650 0.292070
v -48.238731 37.614861 -0.016178
v -49.049095 37.574654 0.022274
v -49.057785 37.714432 -0.203600
v -48.267776 37.775127 -0.335554
v -49.046928 37.814079 -0.449606
v -49.089043 37.861294 -0.749795
v -48.379929 37.827152 -0.531874
v -48.044739 37.808918 -0.391852
v -48.029648 37.860512 -0.731615
v -48.218346 37.811768 -0.380781
v -48.216591 37.676655 -0.026438
v -48.004478 37.849297 -0.749859
v -46.642387 36.947746 0.875842
v -46.912102 35.957413 0.852717
v -46.602112 36.986000 0.842767
v -46.638023 36.973675 1.158537
v -46.664597 37.076580 0.906504
v -46.749886 37.129112 0.882644
v -46.672020 37.162323 0.841100
v -46.721260 37.123913 1.182871
v -46.863419 37.041248 1.159605
v -47.154732 36.019909 0.959573
v -46.874786 37.014347 0.881838
v -47.160912 36.022896 0.878570
v -46.915131 36.989319 0.841063
v -47.252899 36.033096 0.838460
v -46.820908 37.156097 0.840966
v -46.929077 35.959282 0.960704
v -45.949982 36.746296 0.796936
v -46.083504 36.942345 0.660502
v -46.103889 36.959782 0.815159
v -46.428490 37.326885 0.839509
v -46.435074 37.344944 0.307765
v -46.789085 37.627113 0.805748
v -47.054443 37.761528 0.471241
v -47.123810 37.793850 0.841127
v -47.351158 37.841366 0.772464
v -47.554527 37.850586 0.838497
v -47.501228 37.860420 -0.192648
v -47.829781 37.808449 0.841020
v -47.827316 37.809456 0.005246
v -48.007484 37.729664 0.114606
v -48.187660 37.641823 0.839315
v -48.551353 37.344872 0.836491
v -48.564552 37.331642 0.358521
v -48.972908 36.864777 0.772771
v -48.858345 36.976616 0.840984
v -48.902100 36.981827 0.630642
v -49.083961 36.746731 0.785525
v -48.581787 37.359650 0.292070
v -48.238731 37.614861 -0.016178
v -48.216591 37.676655 -0.026438
v -48.297157 37.555832 0.295087
v -47.862312 37.813957 -0.185211
v -47.813087 37.856445 -0.214425
v -47.162712 37.882675 -0.214169
v -47.130211 37.807884 -0.190266
v -47.126434 37.842751 -0.024709
v -47.160851 37.806206 0.011004
v -46.827225 37.649441 0.010873
v -46.744759 37.596371 -0.003076
v -46.768448 37.672134 -0.025516
v -45.370773 33.810143 -0.241265
v -45.371277 34.989693 0.062792
v -45.350471 34.954453 0.091017
v -45.166656 33.844440 -0.224219
v -44.951225 34.936642 0.086277
v -45.173492 33.725597 0.039886
v -44.949226 34.869431 0.363620
v -45.212837 33.713772 0.070697
v -44.979301 34.859810 0.399226
v -45.370522 33.671074 0.065203
v -45.350227 34.853416 0.398363
v -45.360107 35.007202 0.372534
v -45.364273 35.080780 0.309518
v -44.967354 35.001823 0.367303
v -44.914207 35.077179 0.230206
v -44.996689 35.079536 0.313974
v -45.364014 35.087242 0.246854
v -46.179863 33.434608 1.377552
v -45.861809 33.981796 1.379020
v -46.246826 33.416481 1.410259
v -45.896461 33.986965 1.418454
v -46.250931 33.415024 1.633499
v -45.890671 34.001419 1.746088
v -45.965767 34.191509 1.785054
v -46.116547 34.120148 1.758871
v -46.461533 33.566422 1.638350
v -46.465378 33.564972 1.413756
v -46.120544 34.117409 1.404411
v -46.480576 33.613346 1.379557
v -46.142654 34.159748 1.378280
v -45.965111 34.207466 1.382098
v -45.884224 34.140347 1.379550
v -45.902367 34.165031 1.727573
v -47.314705 35.491875 1.416948
v -47.290321 33.857735 1.380118
v -47.286125 35.540665 1.379623
v -47.314331 33.896404 1.419171
v -47.315521 35.492569 1.817599
v -47.387352 35.636028 1.408373
v -47.434654 35.690010 1.871929
v -47.468704 35.716881 1.385653
v -47.591156 35.741890 1.379913
v -47.582237 35.678467 1.419292
v -47.684372 35.491760 1.409324
v -47.564568 35.688652 1.866350
v -47.654549 35.481964 1.829692
v -47.682968 35.500904 1.791405
v -47.682404 33.909668 1.526222
v -47.316017 33.908783 1.530568
v -47.686401 33.854424 1.412830
v -47.716705 33.874336 1.378631
v -47.724350 35.545609 1.379497
v -48.177246 41.664055 -0.433157
v -48.207756 41.745426 -0.595155
v -48.217552 41.492393 -0.242355
v -48.219986 41.772621 -0.748722
v -48.218704 41.298756 -0.102211
v -48.165398 41.300407 -0.075767
v -48.147003 41.207451 -0.024435
v -47.959587 41.537918 -0.026087
v -47.696617 41.732639 -0.026660
v -47.323692 41.738846 -0.023073
v -47.460793 41.764977 -0.061894
v -47.305183 41.188770 -0.024590
v -47.470802 41.263824 -0.023490
v -47.106995 41.615711 -0.066263
v -46.849129 41.316910 -0.025796
v -47.126434 37.842751 -0.024709
v -47.077728 40.962158 -0.025422
v -46.768402 41.215260 -0.092664
v -46.768448 37.672134 -0.025516
v -46.808228 39.488026 -0.028476
v -46.795891 40.979996 -0.026587
v -46.813789 41.292713 -0.073655
v -46.767891 41.582470 -0.333242
v -46.767258 41.761272 -0.669350
v -46.800926 41.707893 -0.514112
v -46.768372 41.233437 -0.569731
v -46.766716 41.288982 -0.749659
v -46.768257 40.960163 -0.345881
v -46.805290 40.986179 -0.383443
v -46.929100 41.238354 -0.601030
v -46.915771 40.992737 -0.384096
v -46.957237 40.987343 -0.415876
v -46.957108 41.275146 -0.739193
v -46.961609 37.850342 -0.651214
v -46.984650 41.301960 -0.750016
v -46.979858 37.841110 -0.749950
v -46.923714 37.809856 -0.383724
v -46.786530 37.829475 -0.381357
v -46.806404 39.078735 -0.383466
v -46.767967 39.175488 -0.330578
v -46.776176 39.570641 -0.378198
v -46.767891 37.846130 -0.338414
v -46.744759 37.596371 -0.003076
v -46.768295 39.396290 -0.067455
v -46.772430 39.963703 -0.030617
v -46.803894 41.771660 -0.749250
v -47.130081 40.970005 -0.045423
v -47.132004 40.994774 -0.188297
v -47.158173 40.949799 -0.213528
v -47.130211 37.807884 -0.190266
v -47.432739 41.249290 -0.213116
v -47.820824 40.961765 -0.214179
v -47.162712 37.882675 -0.214169
v -47.639465 41.226162 -0.194510
v -47.634003 41.226646 -0.024532
v -47.862534 40.972610 -0.184287
v -47.862312 37.813957 -0.185211
v -47.864746 40.972618 -0.025149
v -47.864815 37.843491 -0.024922
v -47.827316 37.809456 0.005246
v -48.216591 37.676655 -0.026438
v -48.178505 39.885399 -0.024701
v -48.217316 39.828114 -0.059473
v -48.206673 40.667782 -0.025768
v -48.218346 37.811768 -0.380781
v -48.217781 40.957611 -0.378479
v -48.220230 41.197792 -0.617016
v -48.075966 40.997059 -0.421613
v -48.068672 40.589237 -0.379323
v -48.025551 40.056221 -0.365449
v -48.044739 37.808918 -0.391852
v -48.029648 37.860512 -0.731615
v -48.030060 41.227188 -0.735887
v -48.004478 37.849297 -0.749859
v -48.214966 41.238060 -0.747146
v -48.048958 41.190758 -0.601835
v -47.813087 37.856445 -0.214425
v -49.086395 35.821217 0.207293
v -49.098755 36.306095 0.452776
v -49.111473 35.807533 0.146802
v -49.266411 35.806499 0.141235
v -49.387840 36.375359 0.473239
v -49.269157 35.928444 -0.011043
v -49.371094 36.389801 0.276761
v -49.114555 35.890602 -0.038608
v -49.089409 36.413612 0.286870
v -49.087364 35.935822 -0.138359
v -49.087166 36.462532 0.437557
v -49.381416 36.449348 0.366296
v -47.360947 37.430706 0.870547
v -47.359001 36.057415 0.861487
v -47.335732 37.490429 0.840938
v -47.366035 37.430988 1.177804
v -47.442299 37.568466 0.876141
v -47.427528 37.547810 1.201129
v -47.505714 37.602577 0.842852
v -47.515411 37.592995 1.204094
v -47.660545 37.471821 0.841745
v -47.583534 37.538956 0.862424
v -47.637512 37.430435 0.875339
v -47.613106 37.483124 1.187862
v -47.626465 36.102814 0.926277
v -47.637238 37.411377 1.140198
v -47.639435 36.053677 0.865932
v -47.622108 36.055344 0.973923
v -47.393417 36.061417 0.971248
v -47.373909 36.100960 0.926847
v -47.660545 37.471821 0.841745
v -47.676720 36.085625 0.839898
v -47.639435 36.053677 0.865932
v -47.809341 36.086044 0.840620
v -47.829781 37.808449 0.841020
v -47.505714 37.602577 0.842852
v -47.442299 37.568466 0.876141
v -47.335732 37.490429 0.840938
v -47.123810 37.793850 0.841127
v -47.554527 37.850586 0.838497
v -47.252899 36.033096 0.838460
v -46.915131 36.989319 0.841063
v -46.820908 37.156097 0.840966
v -46.428490 37.326885 0.839509
v -46.789085 37.627113 0.805748
v -46.672020 37.162323 0.841100
v -46.602112 36.986000 0.842767
v -46.803513 35.932594 0.840353
v -46.458145 36.485790 0.840841
v -46.314972 36.465187 0.841837
v -45.964745 36.677498 0.838197
v -46.103889 36.959782 0.815159
v -45.949982 36.746296 0.796936
v -46.256454 36.299370 0.841856
v -45.913445 36.054615 0.783891
v -45.909698 35.201942 0.836513
v -46.087433 35.443134 0.840663
v -46.098495 35.400696 0.872933
v -46.539825 35.830063 0.840158
v -46.603249 35.812695 0.870509
v -46.912102 35.957413 0.852717
v -47.359001 36.057415 0.861487
v -48.109756 37.077980 0.841546
v -48.293274 37.195351 0.841889
v -48.858345 36.976616 0.840984
v -48.551353 37.344872 0.836491
v -48.400574 36.973621 0.842112
v -49.009781 36.683327 0.837311
v -48.972908 36.864777 0.772771
v -49.083961 36.746731 0.785525
v -49.078865 36.359505 0.833937
v -49.034073 35.354572 0.837037
v -49.084068 35.348694 0.792601
v -49.103409 35.166893 0.859987
v -48.882645 35.408730 0.874765
v -48.454964 35.814636 0.837388
v -48.394669 35.807777 0.872721
v -48.723160 36.341709 0.852093
v -48.663033 36.476852 0.848330
v -48.537331 36.468712 0.841303
v -48.221214 35.904396 0.877376
v -48.150337 35.913208 0.839034
v -48.086418 35.953697 0.859037
v -47.838913 36.025555 0.874352
v -46.803894 41.771660 -0.749250
v -47.333656 41.772110 -0.739871
v -46.767258 41.761272 -0.669350
v -46.800926 41.707893 -0.514112
v -47.310715 41.736290 -0.567934
v -47.165489 41.661255 -0.425491
v -46.767891 41.582470 -0.333242
v -47.000069 41.516861 -0.258506
v -46.813789 41.292713 -0.073655
v -46.849129 41.316910 -0.025796
v -47.106995 41.615711 -0.066263
v -47.323692 41.738846 -0.023073
v -47.460793 41.764977 -0.061894
v -47.696617 41.732639 -0.026660
v -47.447395 41.761475 -0.549239
v -47.361099 41.793701 -0.593979
v -47.646667 41.806625 -0.612978
v -47.613289 41.759418 -0.553602
v -47.692825 41.745518 -0.589417
v -47.811646 41.665459 -0.430466
v -48.177246 41.664055 -0.433157
v -47.983742 41.518692 -0.258791
v -48.217552 41.492393 -0.242355
v -48.165398 41.300407 -0.075767
v -47.959587 41.537918 -0.026087
v -48.207756 41.745426 -0.595155
v -48.219986 41.772621 -0.748722
v -47.651352 41.773937 -0.749314
v -47.335045 41.812790 -0.635327
v -49.982773 34.195244 0.790789
v -49.985535 34.151901 0.852254
v -49.625870 34.195671 0.830920
v -50.022881 34.086823 0.829010
v -50.004395 34.120018 0.634478
v -49.623695 34.181221 0.726194
v -49.625679 34.104519 0.616957
v -49.625565 33.566261 0.284353
v -49.888901 33.570343 0.295655
v -49.885567 33.417809 0.499604
v -49.975609 33.995781 0.859217
v -49.651512 33.414143 0.500552
v -49.656929 33.989910 0.855553
v -49.621346 34.035763 0.910944
v -49.644791 34.115322 0.863614
v -45.229851 33.867683 -0.566144
v -45.342331 33.887405 -0.558754
v -45.371368 33.844398 -0.499866
v -45.124527 33.805977 -0.251577
v -45.224083 33.887337 -0.749629
v -45.031609 33.794003 -0.197232
v -44.988480 33.867996 -0.743013
v -44.980667 33.780453 -0.269812
v -44.975914 33.724777 -0.749783
v -44.974823 33.648968 -0.249666
v -44.827515 33.716034 -0.747607
v -44.869179 33.640671 -0.241945
v -44.829941 31.795647 -0.745400
v -44.826157 33.571289 -0.131892
v -44.825981 33.187668 0.498753
v -44.858337 33.388893 0.269248
v -44.866684 32.969330 0.795197
v -44.974922 33.392147 0.282888
v -44.979324 32.787102 1.160547
v -44.980408 33.519287 0.329751
v -44.975830 32.976715 0.793012
v -44.972404 32.379105 1.321448
v -44.828926 32.434811 1.263751
v -44.980255 31.961042 1.605427
v -45.008194 31.750036 1.744152
v -44.961502 31.787199 1.600855
v -44.848709 31.964087 1.596232
v -44.990211 32.079220 1.707235
v -45.041130 32.445717 1.464968
v -45.025360 32.062767 1.753557
v -45.270439 32.437462 1.471318
v -45.371407 32.560036 1.387177
v -45.366562 33.077103 0.910941
v -45.372437 33.416988 0.506934
v -45.020981 33.088615 0.900639
v -45.048134 33.564281 0.295115
v -45.117760 33.413403 0.497598
v -45.104362 33.610046 0.317897
v -45.365280 33.568665 0.285818
v -45.370522 33.671074 0.065203
v -45.145233 33.664909 0.073569
v -45.212837 33.713772 0.070697
v -45.173492 33.725597 0.039886
v -45.166656 33.844440 -0.224219
v -45.370773 33.810143 -0.241265
v -44.832520 31.788628 1.599574
v -49.625565 33.566261 0.284353
v -49.631035 33.681252 0.068599
v -49.798347 33.675934 0.060703
v -50.019730 33.693115 0.009063
v -49.888901 33.570343 0.295655
v -49.885567 33.417809 0.499604
v -50.011986 33.479767 0.411671
v -50.021309 32.648571 1.276549
v -49.991928 33.079800 0.909470
v -49.988632 32.454330 1.458246
v -49.650002 33.081024 0.910442
v -49.715469 32.443924 1.474007
v -49.651512 33.414143 0.500552
v -49.638466 32.536495 1.400573
v -49.623199 33.078526 0.959168
v -49.991554 32.047394 1.737451
v -49.945892 31.928398 1.764237
v -50.019127 31.957607 1.619193
v -50.027893 32.373180 1.324739
v -50.162621 31.964317 1.591549
v -50.041481 31.784950 1.602212
v -50.167465 31.788366 1.591771
v -49.993881 31.749937 1.742081
v -50.170151 31.816624 -0.749824
v -50.173912 33.717308 -0.720187
v -50.174026 33.493988 0.081486
v -50.172455 32.803280 0.961420
v -50.143639 33.391014 0.272949
v -50.028931 32.958801 0.811234
v -50.025574 33.392921 0.280968
v -50.017853 33.805786 -0.276965
v -50.025169 33.642677 -0.236186
v -50.025169 33.725075 -0.749947
v -50.143417 33.639462 -0.240034
v -50.018166 33.876625 -0.746313
v -49.812386 33.880772 -0.739481
v -49.764328 33.859596 -0.567333
v -49.628555 33.851315 -0.535332
v -49.628403 33.808952 -0.264174
v -49.829819 33.819214 -0.232799
v -49.823967 33.711761 0.017624
v -49.091087 37.442268 -0.579666
v -49.119888 37.433300 -0.611542
v -49.091026 36.059906 -0.585358
v -49.095238 37.579643 -0.713459
v -49.454163 37.564934 -0.690882
v -49.455063 37.581345 -0.748415
v -49.174118 36.074989 -0.749966
v -49.198952 36.048996 -0.589568
v -49.190331 36.180626 -0.608872
v -49.404388 37.427742 -0.611704
v -49.123367 36.102020 -0.611322
v -49.087723 36.968193 0.147981
v -49.112953 36.957466 0.110025
v -49.087364 35.935822 -0.138359
v -49.102089 37.081963 0.081143
v -49.417534 37.063477 0.084950
v -49.097977 37.129402 0.020562
v -49.111382 37.103836 -0.052207
v -49.432129 37.125984 0.025262
v -49.404671 36.955841 0.108018
v -49.406715 37.023743 -0.119650
v -49.212425 36.032185 -0.402297
v -49.113838 37.004623 -0.129519
v -49.099991 36.035423 -0.410543
v -49.213272 35.973816 -0.178276
v -49.126564 35.976562 -0.171096
v -49.087723 36.968193 0.147981
v -49.087364 35.935822 -0.138359
v -49.089409 36.413612 0.286870
v -49.087166 36.462532 0.437557
v -49.087196 37.048061 0.226644
v -49.102089 37.081963 0.081143
v -49.097977 37.129402 0.020562
v -49.111382 37.103836 -0.052207
v -49.088455 37.257786 0.012532
v -49.090385 37.714966 -0.293742
v -49.089035 36.997276 -0.183440
v -49.091026 36.059906 -0.585358
v -49.113838 37.004623 -0.129519
v -49.099991 36.035423 -0.410543
v -49.091087 37.442268 -0.579666
v -49.095238 37.579643 -0.713459
v -49.089043 37.861294 -0.749795
v -49.046928 37.814079 -0.449606
v -49.057785 37.714432 -0.203600
v -49.049095 37.574654 0.022274
v -49.089111 37.372650 0.277299
v -49.087006 36.949509 0.652252
v -49.083961 36.746731 0.785525
v -49.098755 36.306095 0.452776
v -49.086395 35.821217 0.207293
v -49.084068 35.348694 0.792601
v -49.078865 36.359505 0.833937
v -49.109154 35.442131 0.602353
v -49.103409 35.166893 0.859987
v -49.111473 35.807533 0.146802
v -45.888931 35.809647 0.145009
v -45.911888 35.840183 0.200067
v -45.885017 35.399040 0.647185
v -45.909698 35.201942 0.836513
v -45.913445 36.054615 0.783891
v -45.964745 36.677498 0.838197
v -45.912979 36.634804 0.803777
v -45.904213 36.468925 0.440579
v -45.949982 36.746296 0.796936
v -45.939423 36.961357 0.643088
v -45.918541 37.349453 0.296273
v -45.911270 36.448044 0.278024
v -45.909599 37.635315 -0.053114
v -45.900856 36.303329 0.453550
v -45.908165 36.984268 0.119868
v -45.912453 35.912254 -0.109462
v -45.886078 35.981926 -0.168088
v -45.906677 37.137711 0.028460
v -45.901642 37.039448 -0.120592
v -45.903679 36.028969 -0.411657
v -45.908577 36.059525 -0.583281
v -45.878563 36.090286 -0.612036
v -45.908760 37.443207 -0.573690
v -45.899307 37.560181 -0.683208
v -45.910072 37.859772 -0.748193
v -45.884232 37.426407 -0.612207
v -45.922142 37.619820 -0.749843
v -45.928978 37.775093 -0.344106
v -45.934441 37.831154 -0.555739
v -47.434364 44.272179 -0.752351
v -47.444290 44.545288 -0.708643
v -47.333656 41.772110 -0.739871
v -47.335045 41.812790 -0.635327
v -47.361099 41.793701 -0.593979
v -47.497116 44.196362 -0.683615
v -47.598694 41.894981 -0.594893
v -47.646667 41.806625 -0.612978
v -47.651352 41.773937 -0.749314
v -47.565498 43.949329 -0.676175
v -47.558159 44.193005 -0.725861
v -47.537514 44.475548 -0.700383
v -47.534904 44.549458 -0.748595
v -45.908577 36.059525 -0.583281
v -45.829842 36.054237 -0.616872
v -45.878563 36.090286 -0.612036
v -45.903679 36.028969 -0.411657
v -45.789520 36.025261 -0.406616
v -45.400490 35.999329 -0.281911
v -45.752159 36.000679 -0.285278
v -45.787704 35.972187 -0.175164
v -45.886078 35.981926 -0.168088
v -45.912453 35.912254 -0.109462
v -45.687943 35.894073 -0.063589
v -45.891434 35.900711 -0.031544
v -45.733528 35.918495 -0.016231
v -45.733849 35.808582 0.140530
v -45.397903 35.775238 0.182744
v -45.369987 35.940407 -0.226814
v -45.398987 35.398438 0.650093
v -45.369347 35.662621 0.308825
v -45.375519 34.938522 1.053963
v -45.375183 34.619370 1.195141
v -45.426308 34.674644 1.244357
v -45.376999 34.567207 1.312923
v -45.375450 34.424263 1.323789
v -45.433586 34.567741 1.372236
v -45.373238 34.127464 0.635067
v -45.361572 34.202755 0.831485
v -45.383415 33.729733 1.369452
v -45.372742 35.012894 0.497964
v -45.372742 34.774651 0.422550
v -45.373871 34.004536 0.865364
v -45.374344 32.851627 1.320210
v -45.372437 33.416988 0.506934
v -45.420837 32.698021 1.376691
v -45.366562 33.077103 0.910941
v -45.371407 32.560036 1.387177
v -45.360107 35.007202 0.372534
v -45.350227 34.853416 0.398363
v -45.370522 33.671074 0.065203
v -45.365280 33.568665 0.285818
v -45.364273 35.080780 0.309518
v -45.371994 35.216999 0.284383
v -45.364014 35.087242 0.246854
v -45.371277 34.989693 0.062792
v -45.370773 33.810143 -0.241265
v -45.371368 33.844398 -0.499866
v -45.342331 33.887405 -0.558754
v -45.369766 35.562904 -0.521269
v -45.364769 35.720715 -0.748721
v -45.370331 36.073875 -0.748780
v -45.818626 36.073624 -0.749898
v -45.604485 34.841042 1.138245
v -45.885017 35.399040 0.647185
v -45.909698 35.201942 0.836513
v -45.888931 35.809647 0.145009
v 15.699571 34.818363 -0.710363
v 15.670157 34.654236 -0.616871
v 15.681371 34.673622 -0.749898
v 15.925376 36.014332 -0.642710
v 15.952096 36.165321 -0.704106
v 15.925216 36.172813 -0.748518
v 15.577857 36.219826 -0.749843
v 15.600695 36.160183 -0.683208
v 15.615774 36.026409 -0.612207
v 15.871134 36.028824 -0.613077
v 15.621436 34.690289 -0.612036
v 13.162342 33.539906 1.799400
v 13.165003 33.537975 1.407876
v 13.010588 33.681816 1.830855
v 13.484184 32.409737 1.579741
v 12.902424 33.647385 1.831586
v 12.855143 33.460724 1.786512
v 13.190540 32.281868 1.569886
v 12.892410 33.643318 1.414827
v 12.980480 33.698059 1.382331
v 12.846523 33.447212 1.399104
v 13.181128 32.305130 1.410811
v 13.067474 33.644875 1.408288
v 13.490931 32.404034 1.409974
v 13.519629 32.449791 1.379637
v 16.500591 32.710304 0.624941
v 16.126762 32.727463 0.635068
v 16.534019 32.785366 0.749909
v 16.395636 32.210049 0.317898
v 16.382240 32.013405 0.497599
v 16.134718 32.168667 0.285819
v 16.489254 32.582321 0.847857
v 16.127569 32.016991 0.506934
v 16.126125 32.604538 0.865366
v 16.138432 32.802757 0.831486
v 16.452860 32.725285 0.865229
v 15.905279 35.618095 -0.122093
v 15.598357 35.639450 -0.120592
v 15.927618 35.711708 -0.022570
v 15.907989 35.578812 0.068882
v 15.710484 34.625263 -0.406615
v 15.712294 34.572189 -0.175164
v 15.596321 34.628971 -0.411657
v 15.613922 34.581924 -0.168088
v 15.857613 35.548512 0.107270
v 15.880164 35.679504 0.080200
v 15.591832 35.584267 0.119868
v 15.593319 35.737709 0.028460
v 15.605667 35.684177 0.082691
v 11.870869 34.673698 -0.748056
v 11.871628 34.315170 -0.749379
v 11.869072 34.273727 -0.663478
v 11.870646 34.534111 -0.178599
v 11.870628 34.111626 -0.520038
v 11.871443 32.451317 -0.535331
v 11.873049 33.530792 0.030053
v 11.870398 33.698380 0.266313
v 11.874922 33.528152 0.450633
v 11.879646 33.110664 1.298334
v 11.875217 33.551437 0.996175
v 11.872000 34.251751 0.333171
v 11.892303 33.981396 0.663381
v 11.928259 33.465034 1.119712
v 11.928766 33.177422 1.321013
v 11.950661 33.039421 1.374213
v 11.876144 31.322405 1.375598
v 11.876801 31.678526 0.959170
v 11.861534 31.136497 1.400574
v 11.878651 32.635765 0.910945
v 11.874125 32.795670 0.830921
v 11.877453 32.031662 0.560791
v 11.848492 32.014145 0.500553
v 11.876308 32.781219 0.726196
v 11.874323 32.704521 0.616958
v 11.874435 32.166264 0.284354
v 11.868967 32.281254 0.068600
v 11.846022 33.642094 0.353052
v 11.871597 32.408955 -0.264173
v 11.928259 33.465034 1.119712
v 11.928766 33.177422 1.321013
v 12.131805 33.464882 1.126482
v 11.892303 33.981396 0.663381
v 12.396585 33.766895 0.859987
v 12.390846 34.042130 0.602353
v 11.872000 34.251751 0.333171
v 12.233589 34.406502 0.141235
v 11.915850 34.407475 0.116423
v 11.870646 34.534111 -0.178599
v 11.926743 34.604111 -0.313795
v 11.870869 34.673698 -0.748056
v 12.301044 34.648994 -0.589568
v 12.325886 34.674988 -0.749966
v 12.287569 34.632187 -0.402297
v 12.408978 34.659908 -0.585358
v 12.400007 34.635422 -0.410543
v 12.286726 34.573814 -0.178276
v 12.192530 34.499191 -0.066210
v 12.230841 34.528446 -0.011043
v 12.385441 34.490601 -0.038608
v 12.412630 34.535820 -0.138359
v 12.388527 34.407539 0.146802
v 13.390238 35.677979 0.841546
v 13.373787 35.617393 0.884909
v 13.661083 34.625557 0.874352
v 13.206722 35.795349 0.841889
v 13.240496 35.736370 0.860112
v 13.251839 35.728172 1.181269
v 13.169451 35.675728 0.894206
v 13.168804 35.677975 1.178030
v 13.140593 35.554459 0.876939
v 13.099422 35.573624 0.842112
v 13.413578 34.553699 0.859038
v 13.424164 34.547874 0.993870
v 13.311686 34.935692 1.024919
v 13.371752 35.618069 1.155738
v 13.657652 34.622261 0.959461
v 13.561054 34.599495 0.998845
v 12.988007 32.213989 1.374568
v 12.575211 32.820366 1.376786
v 12.622309 32.715706 1.401168
v 12.965820 32.165077 1.416702
v 12.960886 32.166855 1.638732
v 12.616001 32.722580 1.758963
v 12.749851 32.014427 1.634602
v 12.452108 32.625603 1.759370
v 12.393490 32.592293 1.727826
v 12.742857 32.018578 1.381926
v 12.392746 32.593140 1.411283
v 12.348045 32.578568 1.374429
v 12.387295 32.733887 1.406085
v 12.397968 32.822495 1.375378
v 12.420891 32.782162 1.485299
v 12.511309 32.784683 1.413126
v 12.467764 32.790169 1.784564
v 12.391623 32.738125 1.739246
v 15.243544 34.899372 0.841856
v 15.219527 34.940918 0.881948
v 14.896749 34.412697 0.870510
v 15.185031 35.065189 0.841837
v 15.171993 35.056759 1.130407
v 15.048551 35.024929 0.875471
v 15.041856 35.085793 0.840841
v 14.696489 34.532600 0.840353
v 14.711145 34.487789 0.884001
v 14.713335 34.484848 1.014747
v 15.033074 35.000801 1.122964
v 14.889527 34.411411 1.016993
v 15.209646 34.928520 1.082259
v 15.160553 34.916142 1.122150
v 11.871443 32.451317 -0.535331
v 11.870628 34.111626 -0.520038
v 11.849617 34.098114 -0.564565
v 11.735668 32.459599 -0.567332
v 11.462034 34.060364 -0.565826
v 11.714373 32.533775 -0.745167
v 11.687614 32.480774 -0.739480
v 11.411198 34.132553 -0.613031
v 11.397421 34.214775 -0.718972
v 11.433895 34.234699 -0.638030
v 11.415588 34.315483 -0.748729
v 11.869072 34.273727 -0.663478
v 11.871628 34.315170 -0.749379
v 15.587547 34.512253 -0.109461
v 15.588726 35.048042 0.278024
v 15.616456 35.003891 0.282902
v 15.608576 34.500710 -0.031544
v 15.766471 34.518501 -0.016231
v 15.877652 35.017471 0.294718
v 15.766156 34.408585 0.140530
v 15.876993 34.978844 0.471782
v 15.611073 34.409653 0.145009
v 15.588111 34.440186 0.200067
v 15.599141 34.903332 0.453550
v 15.595787 35.068932 0.440580
v 15.550017 35.346298 0.796936
v 15.560579 35.561356 0.643088
v 15.416497 35.542347 0.660502
v 15.064928 35.944946 0.307765
v 15.581461 35.949455 0.296273
v 14.755245 36.196373 -0.003075
v 14.765938 36.360668 -0.302638
v 14.732115 36.446136 -0.338414
v 15.590404 36.235313 -0.053114
v 15.571016 36.375099 -0.344106
v 15.565553 36.431152 -0.555738
v 14.749825 36.420345 -0.491517
v 14.538389 36.450348 -0.651214
v 15.589928 36.459770 -0.748193
v 14.520145 36.441116 -0.749950
v 14.576286 36.409859 -0.383723
v 14.713469 36.429482 -0.381357
v 16.352861 30.386936 1.813054
v 15.745685 30.401020 1.921842
v 11.656298 30.387705 1.895077
v 11.648832 30.387514 1.806958
v 16.491802 30.350037 1.744152
v 16.538502 30.387199 1.600855
v 11.623348 30.361774 1.765378
v 11.506119 30.349937 1.742081
v 16.488697 30.350012 -0.735445
v 16.546412 30.388292 -0.750000
v 16.670059 30.395649 -0.745400
v 16.667480 30.388628 1.599574
v 11.513731 30.350000 -0.736391
v 11.458519 30.384953 1.602212
v 11.453140 30.388622 -0.750001
v 11.329845 30.416626 -0.749824
v 11.332535 30.388369 1.591771
v 14.065641 42.872181 -0.752351
v 13.965094 43.149460 -0.748595
v 14.055710 43.145290 -0.708643
v 13.848646 40.373940 -0.749314
v 14.166348 40.372108 -0.739871
v 14.696102 40.371658 -0.749249
v 14.733286 39.888985 -0.749659
v 14.515356 39.901962 -0.750016
v 13.506235 39.834709 -0.750011
v 14.520145 36.441116 -0.749950
v 13.495523 36.449299 -0.749859
v 15.577857 36.219826 -0.749843
v 15.589928 36.459770 -0.748193
v 12.410961 36.461296 -0.749795
v 15.628790 34.773891 -0.748578
v 15.925216 36.172813 -0.748518
v 15.699571 34.818363 -0.710363
v 15.681371 34.673622 -0.749898
v 15.579497 30.380503 -0.749942
v 16.135231 34.320717 -0.748721
v 16.129671 34.673878 -0.748780
v 16.275913 32.487339 -0.749628
v 16.606398 34.291592 -0.749470
v 16.511520 32.467995 -0.743012
v 16.524086 32.324776 -0.749782
v 16.546412 30.388292 -0.750000
v 16.672491 32.316036 -0.747606
v 16.670059 30.395649 -0.745400
v 16.488697 30.350012 -0.735445
v 11.513731 30.350000 -0.736391
v 12.410206 30.376551 -0.749807
v 11.453140 30.388622 -0.750001
v 11.474833 32.325081 -0.749946
v 11.329845 30.416626 -0.749824
v 11.326086 32.317310 -0.720185
v 11.747223 32.467274 -0.749835
v 11.481829 32.476627 -0.746311
v 11.687614 32.480774 -0.739480
v 11.714373 32.533775 -0.745167
v 11.415588 34.315483 -0.748729
v 11.397421 34.214775 -0.718972
v 11.871628 34.315170 -0.749379
v 11.870869 34.673698 -0.748056
v 12.325886 34.674988 -0.749966
v 12.044933 36.181343 -0.748415
v 12.373613 34.936623 -0.746863
v 12.371157 36.081863 -0.653443
v 12.429850 35.021080 -0.749945
v 12.404764 36.179642 -0.713459
v 13.469946 39.827194 -0.735887
v 13.285032 39.838058 -0.747146
v 13.280016 40.372623 -0.748722
v 14.140993 34.657417 0.861487
v 14.339090 34.622894 0.878571
v 14.247105 34.633095 0.838460
v 14.106583 34.661419 0.971248
v 14.345264 34.619911 0.959573
v 14.148550 34.651711 1.379830
v 13.877892 34.655342 0.973923
v 13.910982 34.657860 1.374270
v 13.542517 34.597637 1.352409
v 13.860563 34.653679 0.865932
v 13.823278 34.685627 0.839898
v 13.690655 34.686047 0.840620
v 13.661083 34.625557 0.874352
v 13.657652 34.622261 0.959461
v 13.561054 34.599495 0.998845
v 13.424164 34.547874 0.993870
v 13.287699 34.485062 1.015613
v 13.413578 34.553699 0.859038
v 13.349665 34.513210 0.839034
v 13.278786 34.504402 0.877376
v 13.275076 34.477802 1.380437
v 13.081921 34.375881 1.050842
v 13.091621 34.439667 1.020422
v 13.105330 34.407776 0.872721
v 13.035482 34.349266 1.322205
v 12.617359 34.008728 0.874765
v 12.585707 33.981689 1.377452
v 12.396585 33.766895 0.859987
v 12.131805 33.464882 1.126482
v 12.138023 33.471581 1.342973
v 11.928766 33.177422 1.321013
v 12.125425 33.374146 1.379508
v 11.950661 33.039421 1.374213
v 12.397968 32.822495 1.375378
v 12.348045 32.578568 1.374429
v 11.876144 31.322405 1.375598
v 11.861534 31.136497 1.400574
v 12.361340 31.739914 1.375577
v 12.742857 32.018578 1.381926
v 12.575211 32.820366 1.376786
v 12.838575 33.343559 1.380973
v 13.181128 32.305130 1.410811
v 12.846523 33.447212 1.399104
v 12.846264 33.686539 1.380002
v 13.150019 32.261929 1.375673
v 12.965820 32.165077 1.416702
v 12.988007 32.213989 1.374568
v 13.775650 34.145607 1.379497
v 12.980480 33.698059 1.382331
v 12.892410 33.643318 1.414827
v 13.195274 33.565102 1.379437
v 13.067474 33.644875 1.408288
v 13.165003 33.537975 1.407876
v 13.519629 32.449791 1.379637
v 13.783297 32.474335 1.378631
v 13.908840 34.341896 1.379913
v 14.031290 34.316879 1.385653
v 14.213875 34.140663 1.379623
v 14.474449 32.461227 1.378168
v 14.800436 33.573112 1.379038
v 14.209679 32.457741 1.380118
v 14.882313 34.364044 1.379974
v 15.067506 33.736000 1.379946
v 14.987679 33.683849 1.404588
v 15.067733 33.678123 1.437958
v 15.124276 33.600746 1.405424
v 15.204336 33.509277 1.379338
v 15.148775 33.452179 1.408921
v 14.832288 32.274323 1.380017
v 15.019430 32.213348 1.379557
v 15.357347 32.759750 1.378281
v 15.534893 32.807472 1.382099
v 15.840796 33.498459 1.380008
v 15.615782 32.740349 1.379552
v 16.079157 31.298021 1.376691
v 15.638195 32.581795 1.379020
v 15.320133 32.034611 1.377552
v 15.660548 31.682171 1.397395
v 16.128593 31.160038 1.387178
v 16.066412 33.167744 1.372236
v 16.116583 32.329735 1.369454
v 15.895516 33.441040 1.138245
v 15.584933 33.790627 1.331550
v 15.401505 34.000694 0.872933
v 15.590301 33.801941 0.836513
v 15.391068 34.005634 1.363738
v 14.896749 34.412697 0.870510
v 14.889527 34.411411 1.016993
v 14.934351 34.374840 1.340352
v 14.713335 34.484848 1.014747
v 14.500040 34.583664 1.363474
v 14.570923 34.559284 0.960704
v 14.711145 34.487789 0.884001
v 14.587893 34.557415 0.852717
v 14.696489 34.532600 0.840353
v 15.504015 33.794579 1.379794
v 13.278786 34.504402 0.877376
v 12.962667 35.068710 0.841303
v 12.967312 35.003624 0.882608
v 13.287699 34.485062 1.015613
v 12.964502 35.004364 1.123592
v 13.091621 34.439667 1.020422
v 12.815434 35.050159 1.146652
v 12.803677 34.901405 1.116934
v 13.105330 34.407776 0.872721
v 12.776842 34.941711 0.852093
v 13.045034 34.414639 0.837388
v 12.836967 35.076851 0.848330
v 16.606398 34.291592 -0.749470
v 16.621017 34.296455 -0.703209
v 16.275913 32.487339 -0.749628
v 16.135231 34.320717 -0.748721
v 16.130234 34.162903 -0.521269
v 16.173595 34.253906 -0.649915
v 16.174723 34.092724 -0.565832
v 16.564547 34.097496 -0.567781
v 16.157665 32.487404 -0.558752
v 16.270142 32.467686 -0.566143
v 15.124276 33.600746 1.405424
v 15.148775 33.452179 1.408921
v 15.106353 33.634018 1.781374
v 15.067733 33.678123 1.437958
v 15.030943 33.681847 1.835647
v 14.987679 33.683849 1.404588
v 14.956852 33.659592 1.828593
v 14.839372 33.551296 1.407693
v 14.800436 33.573112 1.379038
v 14.474449 32.461227 1.378168
v 14.509033 32.403694 1.405676
v 14.512850 32.406380 1.577448
v 14.837854 33.539104 1.798373
v 15.106844 33.463749 1.799626
v 14.808287 32.279739 1.566580
v 14.832288 32.274323 1.380017
v 15.149822 33.459610 1.748942
v 13.490931 32.404034 1.409974
v 13.783297 32.474335 1.378631
v 13.519629 32.449791 1.379637
v 13.484184 32.409737 1.579741
v 13.813593 32.454422 1.412830
v 13.444637 32.392731 1.769104
v 12.960886 32.166855 1.638732
v 13.190540 32.281868 1.569886
v 13.150019 32.261929 1.375673
v 13.181128 32.305130 1.410811
v 12.965820 32.165077 1.416702
v 12.881784 32.109329 1.763904
v 12.749851 32.014427 1.634602
v 12.342966 31.678467 1.712732
v 12.742857 32.018578 1.381926
v 12.334448 31.668758 1.418530
v 12.361340 31.739914 1.375577
v 11.861534 31.136497 1.400574
v 11.784527 31.043922 1.474009
v 11.801226 31.066771 1.731753
v 11.508444 30.647392 1.737451
v 11.633282 30.806131 1.766636
v 11.554104 30.528400 1.764237
v 11.623348 30.361774 1.765378
v 11.506119 30.349937 1.742081
v 11.633059 30.574858 1.770557
v 11.984303 31.122948 1.769332
v 11.732143 30.610991 1.917656
v 11.648832 30.387514 1.806958
v 11.939838 30.990021 1.801492
v 12.455471 31.580429 1.776526
v 11.919491 30.961452 1.869173
v 12.458883 31.573618 1.894430
v 12.086599 31.126839 1.924674
v 15.745685 30.401020 1.921842
v 12.748098 31.760382 1.923904
v 12.978008 31.988058 1.866611
v 13.316576 32.145775 1.923800
v 13.489210 32.242878 1.805562
v 13.972792 32.321053 1.919626
v 14.507524 32.235237 1.923525
v 14.506083 32.248032 1.776183
v 15.197334 31.881725 1.922503
v 16.055668 30.986105 1.921902
v 15.020198 31.994503 1.804527
v 15.555211 31.565788 1.792172
v 15.059698 32.014961 1.770779
v 15.644640 31.522867 1.769289
v 16.096478 31.006302 1.770176
v 16.079691 30.964996 1.799507
v 16.357477 30.559040 1.791526
v 16.403252 30.565453 1.757737
v 16.352861 30.386936 1.813054
v 16.353521 30.559975 1.907969
v 16.491802 30.350037 1.744152
v 16.474642 30.662766 1.753557
v 16.198849 31.065063 1.768389
v 16.229559 31.037462 1.471320
v 15.660548 31.682171 1.397395
v 16.128593 31.160038 1.387178
v 15.656028 31.682415 1.767444
v 15.253167 32.016479 1.410259
v 15.320133 32.034611 1.377552
v 15.249059 32.015022 1.633499
v 15.038473 32.166420 1.638351
v 15.107057 32.124355 1.764815
v 14.560581 32.390831 1.768991
v 14.002886 32.480679 1.768111
v 14.808287 32.279739 1.566580
v 15.034619 32.164974 1.413757
v 14.512850 32.406380 1.577448
v 14.509033 32.403694 1.405676
v 14.203863 32.450565 1.547930
v 14.209679 32.457741 1.380118
v 14.474449 32.461227 1.378168
v 14.185671 32.496407 1.419171
v 14.183985 32.508785 1.530568
v 13.817598 32.509666 1.526222
v 13.997320 32.481987 1.571434
v 13.793121 32.450462 1.541527
v 14.832288 32.274323 1.380017
v 15.019430 32.213348 1.379557
v 14.003603 32.329926 1.778258
v 13.525373 32.289543 1.769309
v 12.975981 32.012619 1.774355
v 11.656298 30.387705 1.895077
v 12.033319 31.309502 1.769531
v 11.874922 33.528152 0.450633
v 11.849632 33.469875 0.403266
v 11.868967 32.281254 0.068600
v 11.846022 33.642094 0.353052
v 11.457346 33.620262 0.362069
v 11.870398 33.698380 0.266313
v 11.854858 33.555836 0.091393
v 11.424501 33.680374 0.299976
v 11.873049 33.530792 0.030053
v 11.473364 33.656281 0.203660
v 11.485010 33.549923 0.090843
v 11.453127 33.505081 0.135616
v 11.670181 32.419216 -0.232798
v 11.838720 32.436523 -0.230583
v 11.871597 32.408955 -0.264173
v 11.676035 32.311764 0.017625
v 11.701647 32.275936 0.060704
v 11.481056 33.456970 0.399058
v 11.464394 33.391365 0.350463
v 12.416037 35.346733 0.785526
v 12.597898 35.581829 0.630643
v 12.412991 35.549511 0.652252
v 12.410889 35.972649 0.277299
v 12.918209 35.959652 0.292070
v 13.261269 36.214859 -0.016177
v 12.450907 36.174656 0.022274
v 12.442213 36.314434 -0.203600
v 13.232224 36.375130 -0.335554
v 12.453075 36.414078 -0.449605
v 13.120070 36.427155 -0.531874
v 12.410961 36.461296 -0.749795
v 13.470348 36.460510 -0.731615
v 13.495523 36.449299 -0.749859
v 13.455261 36.408920 -0.391852
v 13.281656 36.411770 -0.380781
v 13.283411 36.276657 -0.026438
v 14.857615 35.547745 0.875842
v 14.587893 34.557415 0.852717
v 14.897884 35.585999 0.842768
v 14.861974 35.573677 1.158537
v 14.835402 35.676582 0.906504
v 14.750118 35.729115 0.882645
v 14.827975 35.762321 0.841100
v 14.778742 35.723915 1.182871
v 14.636578 35.641251 1.159605
v 14.345264 34.619911 0.959573
v 14.625217 35.614349 0.881838
v 14.339090 34.622894 0.878571
v 14.584869 35.589321 0.841063
v 14.247105 34.633095 0.838460
v 14.679096 35.756096 0.840966
v 14.570923 34.559284 0.960704
v 15.550017 35.346298 0.796936
v 15.416497 35.542347 0.660502
v 15.396114 35.559784 0.815159
v 15.071505 35.926888 0.839509
v 15.064928 35.944946 0.307765
v 14.710918 36.227112 0.805748
v 14.445562 36.361526 0.471241
v 14.376188 36.393852 0.841127
v 14.148844 36.441368 0.772464
v 13.945473 36.450584 0.838497
v 13.998770 36.460419 -0.192648
v 13.670219 36.408451 0.841020
v 13.672682 36.409458 0.005246
v 13.492516 36.329666 0.114606
v 13.312342 36.241821 0.839315
v 12.948647 35.944870 0.836491
v 12.935440 35.931641 0.358521
v 12.527098 35.464783 0.772771
v 12.641653 35.576618 0.840984
v 12.597898 35.581829 0.630643
v 12.416037 35.346733 0.785526
v 12.918209 35.959652 0.292070
v 13.261269 36.214859 -0.016177
v 13.283411 36.276657 -0.026438
v 13.202839 36.155830 0.295087
v 13.637690 36.413960 -0.185211
v 13.686913 36.456448 -0.214425
v 14.337288 36.482674 -0.214169
v 14.369785 36.407883 -0.190265
v 14.373566 36.442757 -0.024709
v 14.339149 36.406204 0.011004
v 14.672773 36.249443 0.010873
v 14.755245 36.196373 -0.003075
v 14.731552 36.272133 -0.025516
v 16.129225 32.410145 -0.241264
v 16.128727 33.589699 0.062792
v 16.149534 33.554455 0.091018
v 16.333351 32.444443 -0.224218
v 16.548779 33.536644 0.086277
v 16.326509 32.325600 0.039887
v 16.550777 33.469433 0.363620
v 16.287157 32.313774 0.070698
v 16.520697 33.459812 0.399227
v 16.129480 32.271072 0.065205
v 16.149776 33.453419 0.398363
v 16.139889 33.607204 0.372534
v 16.135729 33.680786 0.309519
v 16.532642 33.601826 0.367303
v 16.585793 33.677181 0.230206
v 16.503309 33.679535 0.313974
v 16.135984 33.687244 0.246854
v 15.320133 32.034611 1.377552
v 15.638195 32.581795 1.379020
v 15.253167 32.016479 1.410259
v 15.603536 32.586967 1.418455
v 15.249059 32.015022 1.633499
v 15.609329 32.601421 1.746089
v 15.383451 32.720146 1.758872
v 15.038473 32.166420 1.638351
v 15.534235 32.791512 1.785054
v 15.597633 32.765034 1.727574
v 15.534893 32.807472 1.382099
v 15.379458 32.717411 1.404412
v 15.357347 32.759750 1.378281
v 15.615782 32.740349 1.379552
v 15.019430 32.213348 1.379557
v 15.034619 32.164974 1.413757
v 14.185297 34.091873 1.416948
v 14.112648 34.236031 1.408373
v 14.209679 32.457741 1.380118
v 14.213875 34.140663 1.379623
v 14.185671 32.496407 1.419171
v 14.184483 34.092567 1.817599
v 14.183985 32.508785 1.530568
v 14.065348 34.290012 1.871929
v 13.845453 34.081963 1.829692
v 13.935427 34.288654 1.866351
v 14.031290 34.316879 1.385653
v 13.908840 34.341896 1.379913
v 13.917765 34.278469 1.419292
v 13.815628 34.091766 1.409325
v 13.775650 34.145607 1.379497
v 13.813593 32.454422 1.412830
v 13.783297 32.474335 1.378631
v 13.817034 34.100906 1.791405
v 13.817598 32.509666 1.526222
v 13.322760 40.264053 -0.433157
v 13.292240 40.345428 -0.595155
v 13.282448 40.092392 -0.242355
v 13.334599 39.900406 -0.075767
v 13.280016 40.372623 -0.748722
v 13.281298 39.898758 -0.102211
v 13.283411 36.276657 -0.026438
v 13.282682 38.428116 -0.059472
v 13.293331 39.267784 -0.025767
v 13.282221 39.557613 -0.378479
v 13.352993 39.807453 -0.024434
v 13.321499 38.485397 -0.024701
v 13.635248 39.572620 -0.025149
v 14.029196 39.863823 -0.023490
v 13.540415 40.137917 -0.026087
v 13.803391 40.332642 -0.026660
v 13.635189 36.443497 -0.024922
v 14.176310 40.338848 -0.023073
v 13.865993 39.826645 -0.024531
v 13.860529 39.826164 -0.194510
v 13.679176 39.561768 -0.214179
v 14.067259 39.849293 -0.213115
v 13.637466 39.572613 -0.184286
v 13.637690 36.413960 -0.185211
v 13.672682 36.409458 0.005246
v 13.686913 36.456448 -0.214425
v 14.337288 36.482674 -0.214169
v 14.341822 39.549801 -0.213528
v 14.369785 36.407883 -0.190265
v 14.373566 36.442757 -0.024709
v 14.367992 39.594776 -0.188296
v 14.369925 39.570007 -0.045423
v 14.422272 39.562160 -0.025422
v 14.194818 39.788773 -0.024590
v 14.650867 39.916908 -0.025796
v 14.393011 40.215714 -0.066262
v 14.731588 39.815262 -0.092664
v 14.731552 36.272133 -0.025516
v 14.691772 38.088028 -0.028476
v 14.704107 39.580002 -0.026587
v 14.686214 39.892715 -0.073655
v 14.732109 40.182472 -0.333242
v 14.731625 39.833435 -0.569731
v 14.732746 40.361275 -0.669350
v 14.699068 40.307896 -0.514112
v 14.696102 40.371658 -0.749249
v 14.733286 39.888985 -0.749659
v 14.542887 39.875145 -0.739193
v 14.515356 39.901962 -0.750016
v 14.538389 36.450348 -0.651214
v 14.520145 36.441116 -0.749950
v 14.542763 39.587341 -0.415876
v 14.576286 36.409859 -0.383723
v 14.713469 36.429482 -0.381357
v 14.693598 37.678738 -0.383466
v 14.694710 39.586182 -0.383443
v 14.584225 39.592735 -0.384096
v 14.570894 39.838356 -0.601029
v 14.731741 39.560165 -0.345881
v 14.723824 38.170639 -0.378198
v 14.732035 37.775490 -0.330577
v 14.732115 36.446136 -0.338414
v 14.755245 36.196373 -0.003075
v 14.731697 37.996292 -0.067454
v 14.727573 38.563705 -0.030617
v 14.039215 40.364979 -0.061894
v 13.279774 39.797791 -0.617016
v 13.431326 39.189240 -0.379323
v 13.281656 36.411770 -0.380781
v 13.424030 39.597061 -0.421612
v 13.451042 39.790756 -0.601835
v 13.474447 38.656219 -0.365449
v 13.469946 39.827194 -0.735887
v 13.470348 36.460510 -0.731615
v 13.455261 36.408920 -0.391852
v 13.495523 36.449299 -0.749859
v 13.285032 39.838058 -0.747146
v 12.413603 34.421219 0.207294
v 12.401247 34.906097 0.452777
v 12.388527 34.407539 0.146802
v 12.233589 34.406502 0.141235
v 12.230841 34.528446 -0.011043
v 12.112162 34.975357 0.473239
v 12.412840 35.062531 0.437557
v 12.128904 34.989799 0.276761
v 12.118586 35.049351 0.366296
v 12.410593 35.013618 0.286870
v 12.385441 34.490601 -0.038608
v 12.412630 34.535820 -0.138359
v 14.139059 36.030708 0.870547
v 14.057701 36.168465 0.876141
v 14.140993 34.657417 0.861487
v 14.164276 36.090431 0.840938
v 14.133968 36.030991 1.177805
v 13.886892 36.083130 1.187863
v 14.072468 36.147812 1.201129
v 14.126095 34.700958 0.926847
v 14.106583 34.661419 0.971248
v 13.873541 34.702816 0.926278
v 13.877892 34.655342 0.973923
v 13.860563 34.653679 0.865932
v 13.862761 36.011379 1.140199
v 13.862488 36.030437 0.875339
v 13.839455 36.071823 0.841746
v 13.916464 36.138954 0.862424
v 13.994287 36.202576 0.842852
v 13.984583 36.192993 1.204094
v 13.839455 36.071823 0.841746
v 13.860563 34.653679 0.865932
v 13.690655 34.686047 0.840620
v 13.670219 36.408451 0.841020
v 13.994287 36.202576 0.842852
v 13.823278 34.685627 0.839898
v 14.057701 36.168465 0.876141
v 14.164276 36.090431 0.840938
v 14.376188 36.393852 0.841127
v 14.247105 34.633095 0.838460
v 13.945473 36.450584 0.838497
v 14.584869 35.589321 0.841063
v 14.679096 35.756096 0.840966
v 15.071505 35.926888 0.839509
v 14.710918 36.227112 0.805748
v 14.827975 35.762321 0.841100
v 14.897884 35.585999 0.842768
v 15.185031 35.065189 0.841837
v 15.041856 35.085793 0.840841
v 14.696489 34.532600 0.840353
v 15.535260 35.277500 0.838197
v 15.396114 35.559784 0.815159
v 15.550017 35.346298 0.796936
v 15.243544 34.899372 0.841856
v 15.586558 34.654617 0.783891
v 15.590301 33.801941 0.836513
v 15.412571 34.043137 0.840663
v 14.960176 34.430065 0.840159
v 15.401505 34.000694 0.872933
v 14.896749 34.412697 0.870510
v 14.587893 34.557415 0.852717
v 14.140993 34.657417 0.861487
v 13.390238 35.677979 0.841546
v 13.206722 35.795349 0.841889
v 12.641653 35.576618 0.840984
v 12.948647 35.944870 0.836491
v 12.490225 35.283333 0.837311
v 13.099422 35.573624 0.842112
v 12.527098 35.464783 0.772771
v 12.416037 35.346733 0.785526
v 12.421135 34.959511 0.833937
v 12.465929 33.954575 0.837037
v 12.415937 33.948692 0.792601
v 12.396585 33.766895 0.859987
v 12.617359 34.008728 0.874765
v 13.045034 34.414639 0.837388
v 13.105330 34.407776 0.872721
v 12.776842 34.941711 0.852093
v 12.836967 35.076851 0.848330
v 12.962667 35.068710 0.841303
v 13.278786 34.504402 0.877376
v 13.349665 34.513210 0.839034
v 13.413578 34.553699 0.859038
v 13.661083 34.625557 0.874352
v 14.696102 40.371658 -0.749249
v 14.732746 40.361275 -0.669350
v 14.166348 40.372108 -0.739871
v 14.164957 40.412792 -0.635327
v 14.189280 40.336288 -0.567934
v 14.699068 40.307896 -0.514112
v 14.138897 40.393700 -0.593978
v 14.334513 40.261253 -0.425491
v 14.052610 40.361473 -0.549238
v 14.176310 40.338848 -0.023073
v 14.393011 40.215714 -0.066262
v 14.039215 40.364979 -0.061894
v 13.803391 40.332642 -0.026660
v 13.688354 40.265457 -0.430466
v 13.540415 40.137917 -0.026087
v 13.886713 40.359421 -0.553601
v 13.853327 40.406624 -0.612978
v 13.807177 40.345520 -0.589417
v 13.848646 40.373940 -0.749314
v 13.292240 40.345428 -0.595155
v 13.280016 40.372623 -0.748722
v 13.322760 40.264053 -0.433157
v 13.516258 40.118698 -0.258791
v 13.282448 40.092392 -0.242355
v 13.334599 39.900406 -0.075767
v 14.499929 40.116859 -0.258506
v 14.650867 39.916908 -0.025796
v 14.686214 39.892715 -0.073655
v 14.732109 40.182472 -0.333242
v 11.517223 32.795246 0.790789
v 11.514469 32.751907 0.852255
v 11.495600 32.720016 0.634479
v 11.876308 32.781219 0.726196
v 11.874125 32.795670 0.830921
v 11.477116 32.686821 0.829012
v 11.524397 32.595779 0.859219
v 11.614433 32.017807 0.499605
v 11.848492 32.014145 0.500553
v 11.611097 32.170341 0.295656
v 11.874435 32.166264 0.284354
v 11.874323 32.704521 0.616958
v 11.843077 32.589912 0.855554
v 11.878651 32.635765 0.910945
v 11.855209 32.715324 0.863616
v 16.270142 32.467686 -0.566143
v 16.128639 32.444401 -0.499865
v 16.375465 32.405979 -0.251576
v 16.275913 32.487339 -0.749628
v 16.157665 32.487404 -0.558752
v 16.468388 32.394005 -0.197231
v 16.511520 32.467995 -0.743012
v 16.519327 32.380455 -0.269811
v 16.524086 32.324776 -0.749782
v 16.672491 32.316036 -0.747606
v 16.525179 32.248970 -0.249665
v 16.630817 32.240669 -0.241944
v 16.525078 31.992149 0.282889
v 16.520674 31.387102 1.160549
v 16.641670 31.988897 0.269249
v 16.519592 32.119286 0.329752
v 16.524170 31.576715 0.793013
v 16.527596 30.979107 1.321449
v 16.633314 31.569328 0.795198
v 16.671070 31.034811 1.263752
v 16.674015 31.787672 0.498755
v 16.670059 30.395649 -0.745400
v 16.673840 32.171291 -0.131891
v 16.667480 30.388628 1.599574
v 16.538502 30.387199 1.600855
v 16.651287 30.564087 1.596232
v 16.519745 30.561045 1.605427
v 16.491802 30.350037 1.744152
v 16.509790 30.679220 1.707236
v 16.458874 31.045721 1.464969
v 16.474642 30.662766 1.753557
v 16.229559 31.037462 1.471320
v 16.128593 31.160038 1.387178
v 16.133434 31.677101 0.910942
v 16.127569 32.016991 0.506934
v 16.479031 31.688618 0.900639
v 16.451862 32.164284 0.295116
v 16.382240 32.013405 0.497599
v 16.395636 32.210049 0.317898
v 16.134718 32.168667 0.285819
v 16.129480 32.271072 0.065205
v 16.354767 32.264908 0.073570
v 16.287157 32.313774 0.070698
v 16.326509 32.325600 0.039887
v 16.333351 32.444443 -0.224218
v 16.129225 32.410145 -0.241264
v 11.874435 32.166264 0.284354
v 11.480274 32.293121 0.009064
v 11.611097 32.170341 0.295656
v 11.868967 32.281254 0.068600
v 11.701647 32.275936 0.060704
v 11.676035 32.311764 0.017625
v 11.670181 32.419216 -0.232798
v 11.871597 32.408955 -0.264173
v 11.482147 32.405788 -0.276964
v 11.474426 31.992922 0.280970
v 11.735668 32.459599 -0.567332
v 11.687614 32.480774 -0.739480
v 11.481829 32.476627 -0.746311
v 11.474833 32.242683 -0.236185
v 11.474833 32.325081 -0.749946
v 11.356583 32.239464 -0.240033
v 11.326086 32.317310 -0.720185
v 11.356359 31.991013 0.272950
v 11.325974 32.093994 0.081487
v 11.329845 30.416626 -0.749824
v 11.327545 31.403282 0.961421
v 11.472109 30.973183 1.324741
v 11.337383 30.564318 1.591549
v 11.471071 31.558804 0.811235
v 11.478693 31.248573 1.276550
v 11.480873 30.557610 1.619193
v 11.508444 30.647392 1.737451
v 11.511370 31.054331 1.458247
v 11.508068 31.679800 0.909471
v 11.488014 32.079769 0.411673
v 11.614433 32.017807 0.499605
v 11.848492 32.014145 0.500553
v 11.849998 31.681023 0.910443
v 11.876801 31.678526 0.959170
v 11.861534 31.136497 1.400574
v 11.784527 31.043922 1.474009
v 11.554104 30.528400 1.764237
v 11.506119 30.349937 1.742081
v 11.458519 30.384953 1.602212
v 11.332535 30.388369 1.591771
v 11.871443 32.451317 -0.535331
v 12.408909 36.042267 -0.579666
v 12.404764 36.179642 -0.713459
v 12.380112 36.033302 -0.611541
v 12.408978 34.659908 -0.585358
v 12.301044 34.648994 -0.589568
v 12.376633 34.702023 -0.611322
v 12.309666 34.780628 -0.608872
v 12.045841 36.164936 -0.690882
v 12.095610 36.027740 -0.611703
v 12.325886 34.674988 -0.749966
v 12.044933 36.181343 -0.748415
v 12.412279 35.568195 0.147981
v 12.387047 35.557468 0.110026
v 12.412630 34.535820 -0.138359
v 12.397909 35.681961 0.081143
v 12.082470 35.663479 0.084950
v 12.402023 35.729404 0.020562
v 12.388622 35.703835 -0.052207
v 12.067863 35.725983 0.025262
v 12.095329 35.555843 0.108018
v 12.093287 35.623745 -0.119650
v 12.386156 35.604622 -0.129519
v 12.287569 34.632187 -0.402297
v 12.286726 34.573814 -0.178276
v 12.400007 34.635422 -0.410543
v 12.373440 34.576565 -0.171096
v 12.412279 35.568195 0.147981
v 12.410593 35.013618 0.286870
v 12.412840 35.062531 0.437557
v 12.397909 35.681961 0.081143
v 12.412630 34.535820 -0.138359
v 12.412804 35.648064 0.226645
v 12.416037 35.346733 0.785526
v 12.402023 35.729404 0.020562
v 12.411543 35.857788 0.012533
v 12.409620 36.314968 -0.293742
v 12.408978 34.659908 -0.585358
v 12.412991 35.549511 0.652252
v 12.450907 36.174656 0.022274
v 12.442213 36.314434 -0.203600
v 12.453075 36.414078 -0.449605
v 12.410961 36.461296 -0.749795
v 12.404764 36.179642 -0.713459
v 12.408909 36.042267 -0.579666
v 12.410967 35.597279 -0.183439
v 12.410889 35.972649 0.277299
v 12.388622 35.703835 -0.052207
v 12.386156 35.604622 -0.129519
v 12.400007 34.635422 -0.410543
v 12.415937 33.948692 0.792601
v 12.421135 34.959511 0.833937
v 12.401247 34.906097 0.452777
v 12.413603 34.421219 0.207294
v 12.388527 34.407539 0.146802
v 12.390846 34.042130 0.602353
v 12.396585 33.766895 0.859987
v 15.611073 34.409653 0.145009
v 15.588111 34.440186 0.200067
v 15.614984 33.999039 0.647185
v 15.590301 33.801941 0.836513
v 15.586558 34.654617 0.783891
v 15.587020 35.234802 0.803778
v 15.535260 35.277500 0.838197
v 15.550017 35.346298 0.796936
v 15.560579 35.561356 0.643088
v 15.581461 35.949455 0.296273
v 15.590404 36.235313 -0.053114
v 15.591832 35.584267 0.119868
v 15.593319 35.737709 0.028460
v 15.598357 35.639450 -0.120592
v 15.596321 34.628971 -0.411657
v 15.591239 36.043213 -0.573690
v 15.589928 36.459770 -0.748193
v 15.571016 36.375099 -0.344106
v 15.565553 36.431152 -0.555738
v 15.600695 36.160183 -0.683208
v 15.577857 36.219826 -0.749843
v 15.615774 36.026409 -0.612207
v 15.621436 34.690289 -0.612036
v 15.591422 34.659527 -0.583281
v 15.588726 35.048042 0.278024
v 15.587547 34.512253 -0.109461
v 15.613922 34.581924 -0.168088
v 15.595787 35.068932 0.440580
v 15.599141 34.903332 0.453550
v 14.065641 42.872181 -0.752351
v 14.166348 40.372108 -0.739871
v 14.055710 43.145290 -0.708643
v 14.164957 40.412792 -0.635327
v 14.138897 40.393700 -0.593978
v 14.002880 42.796360 -0.683614
v 13.962479 43.075546 -0.700383
v 13.965094 43.149460 -0.748595
v 13.941847 42.793007 -0.725861
v 13.848646 40.373940 -0.749314
v 13.934500 42.549332 -0.676175
v 13.853327 40.406624 -0.612978
v 13.901308 40.494980 -0.594893
v 15.591422 34.659527 -0.583281
v 15.670157 34.654236 -0.616871
v 15.621436 34.690289 -0.612036
v 15.596321 34.628971 -0.411657
v 15.710484 34.625263 -0.406615
v 15.747838 34.600681 -0.285278
v 16.099503 34.599327 -0.281911
v 15.712294 34.572189 -0.175164
v 15.587547 34.512253 -0.109461
v 15.812056 34.494076 -0.063589
v 15.613922 34.581924 -0.168088
v 15.766471 34.518501 -0.016231
v 15.608576 34.500710 -0.031544
v 15.766156 34.408585 0.140530
v 16.102097 34.375237 0.182744
v 16.130016 34.540409 -0.226814
v 16.101013 33.998440 0.650093
v 16.130661 34.262619 0.308825
v 16.124823 33.219368 1.195142
v 16.124477 33.538521 1.053964
v 16.073692 33.274643 1.244357
v 15.895516 33.441040 1.138245
v 15.614984 33.999039 0.647185
v 15.590301 33.801941 0.836513
v 16.122999 33.167210 1.312924
v 16.066412 33.167744 1.372236
v 16.124552 33.024261 1.323789
v 16.116583 32.329735 1.369454
v 16.125650 31.451630 1.320211
v 16.079157 31.298021 1.376691
v 16.128593 31.160038 1.387178
v 16.133434 31.677101 0.910942
v 16.127569 32.016991 0.506934
v 16.126125 32.604538 0.865366
v 16.138432 32.802757 0.831486
v 16.126762 32.727463 0.635068
v 16.134718 32.168667 0.285819
v 16.127254 33.374649 0.422550
v 16.129480 32.271072 0.065205
v 16.149776 33.453419 0.398363
v 16.139889 33.607204 0.372534
v 16.135729 33.680786 0.309519
v 16.127254 33.612892 0.497964
v 16.128010 33.817001 0.284383
v 16.135984 33.687244 0.246854
v 16.128727 33.589699 0.062792
v 16.129225 32.410145 -0.241264
v 16.128639 32.444401 -0.499865
v 16.157665 32.487404 -0.558752
v 16.130234 34.162903 -0.521269
v 16.135231 34.320717 -0.748721
v 16.129671 34.673878 -0.748780
v 15.681371 34.673622 -0.749898
v 15.611073 34.409653 0.145009
v -12.300425 34.818363 -0.710363
v -12.074614 36.014332 -0.642710
v -12.074778 36.172813 -0.748518
v -12.318624 34.673622 -0.749898
v -12.047895 36.165321 -0.704106
v -12.329836 34.654236 -0.616871
v -12.128862 36.028824 -0.613077
v -12.378561 34.690289 -0.612036
v -12.384222 36.026409 -0.612207
v -12.399302 36.160183 -0.683208
v -12.422140 36.219826 -0.749843
v -14.837656 33.539906 1.799400
v -14.989408 33.681816 1.830855
v -14.834993 33.537975 1.407876
v -15.097574 33.647385 1.831586
v -14.515814 32.409737 1.579741
v -14.809458 32.281868 1.569886
v -14.509066 32.404034 1.409974
v -14.480368 32.449791 1.379637
v -14.818872 32.305130 1.410811
v -15.144854 33.460724 1.786512
v -15.153471 33.447212 1.399104
v -15.107584 33.643318 1.414827
v -15.019514 33.698059 1.382331
v -14.932524 33.644875 1.408288
v -11.499403 32.710304 0.624941
v -11.604361 32.210049 0.317898
v -11.873232 32.727463 0.635068
v -11.465979 32.785366 0.749909
v -11.861563 32.802757 0.831486
v -11.547136 32.725285 0.865229
v -11.510748 32.582321 0.847857
v -11.873873 32.604538 0.865366
v -11.617758 32.013405 0.497599
v -11.872431 32.016991 0.506934
v -11.865278 32.168667 0.285819
v -12.094717 35.618095 -0.122093
v -12.072374 35.711708 -0.022570
v -12.092009 35.578812 0.068882
v -12.401640 35.639450 -0.120592
v -12.289515 34.625263 -0.406615
v -12.287703 34.572189 -0.175164
v -12.403677 34.628971 -0.411657
v -12.386072 34.581924 -0.168088
v -12.142385 35.548512 0.107270
v -12.119833 35.679504 0.080200
v -12.408163 35.584267 0.119868
v -12.406679 35.737709 0.028460
v -12.394327 35.684177 0.082691
v -16.129129 34.673698 -0.748056
v -16.128370 34.315170 -0.749379
v -16.130922 34.273727 -0.663478
v -16.129351 34.534111 -0.178599
v -16.129370 34.111626 -0.520038
v -16.128557 32.451317 -0.535331
v -16.129599 33.698380 0.266313
v -16.125074 33.528152 0.450633
v -16.124777 33.551437 0.996175
v -16.127993 34.251751 0.333171
v -16.126951 33.530792 0.030053
v -16.120348 33.110664 1.298334
v -16.123690 32.781219 0.726196
v -16.071741 33.465034 1.119712
v -16.121344 32.635765 0.910945
v -16.123850 31.322405 1.375598
v -16.125872 32.795670 0.830921
v -16.071230 33.177422 1.321013
v -16.049334 33.039421 1.374213
v -16.138464 31.136497 1.400574
v -16.123194 31.678526 0.959170
v -16.122545 32.031662 0.560791
v -16.151506 32.014145 0.500553
v -16.107695 33.981396 0.663381
v -16.125673 32.704521 0.616958
v -16.125559 32.166264 0.284354
v -16.131025 32.281254 0.068600
v -16.128401 32.408955 -0.264173
v -16.153975 33.642094 0.353052
v -16.071741 33.465034 1.119712
v -15.868189 33.464882 1.126482
v -16.107695 33.981396 0.663381
v -16.071230 33.177422 1.321013
v -15.609152 34.042130 0.602353
v -15.603411 33.766895 0.859987
v -16.127993 34.251751 0.333171
v -16.084146 34.407475 0.116423
v -15.766405 34.406502 0.141235
v -16.129351 34.534111 -0.178599
v -16.073256 34.604111 -0.313795
v -16.129129 34.673698 -0.748056
v -15.698950 34.648994 -0.589568
v -15.674112 34.674988 -0.749966
v -15.712427 34.632187 -0.402297
v -15.591017 34.659908 -0.585358
v -15.599989 34.635422 -0.410543
v -15.713266 34.573814 -0.178276
v -15.807470 34.499191 -0.066210
v -15.769159 34.528446 -0.011043
v -15.614553 34.490601 -0.038608
v -15.587366 34.535820 -0.138359
v -15.611471 34.407539 0.146802
v -14.609758 35.677979 0.841546
v -14.338915 34.625557 0.874352
v -14.626211 35.617393 0.884909
v -14.793272 35.795349 0.841889
v -14.759501 35.736370 0.860112
v -14.748159 35.728172 1.181269
v -14.830549 35.675728 0.894206
v -14.831194 35.677975 1.178030
v -14.859404 35.554459 0.876939
v -14.900572 35.573624 0.842112
v -14.586420 34.553699 0.859038
v -14.575834 34.547874 0.993870
v -14.688311 34.935692 1.024919
v -14.628244 35.618069 1.155738
v -14.342344 34.622261 0.959461
v -14.438944 34.599495 0.998845
v -15.011992 32.213989 1.374568
v -15.424788 32.820366 1.376786
v -15.377687 32.715706 1.401168
v -15.034178 32.165077 1.416702
v -15.039110 32.166855 1.638732
v -15.383997 32.722580 1.758963
v -15.250143 32.014427 1.634602
v -15.547888 32.625603 1.759370
v -15.606508 32.592293 1.727826
v -15.257139 32.018578 1.381926
v -15.607252 32.593140 1.411283
v -15.651949 32.578568 1.374429
v -15.612703 32.733887 1.406085
v -15.602030 32.822495 1.375378
v -15.579107 32.782162 1.485299
v -15.488688 32.784683 1.413126
v -15.532232 32.790169 1.784564
v -15.608370 32.738125 1.739246
v -12.756453 34.899372 0.841856
v -12.780470 34.940918 0.881948
v -13.103247 34.412697 0.870510
v -12.814974 35.065189 0.841837
v -12.828009 35.056759 1.130407
v -12.951445 35.024929 0.875471
v -12.958143 35.085793 0.840841
v -13.303507 34.532600 0.840353
v -13.288851 34.487789 0.884001
v -13.286661 34.484848 1.014747
v -12.966925 35.000801 1.122964
v -13.110468 34.411411 1.016993
v -12.790350 34.928520 1.082259
v -12.839445 34.916142 1.122150
v -16.128557 32.451317 -0.535331
v -16.150381 34.098114 -0.564565
v -16.264330 32.459599 -0.567332
v -16.129370 34.111626 -0.520038
v -16.130922 34.273727 -0.663478
v -16.566103 34.234699 -0.638030
v -16.128370 34.315170 -0.749379
v -16.584410 34.315483 -0.748729
v -16.602575 34.214775 -0.718972
v -16.588800 34.132553 -0.613031
v -16.285624 32.533775 -0.745167
v -16.312384 32.480774 -0.739480
v -16.537962 34.060364 -0.565826
v -12.412451 34.512253 -0.109461
v -12.411268 35.048042 0.278024
v -12.383547 35.003891 0.282902
v -12.391428 34.500710 -0.031544
v -12.233526 34.518501 -0.016231
v -12.122343 35.017471 0.294718
v -12.233843 34.408585 0.140530
v -12.123003 34.978844 0.471782
v -12.388922 34.409653 0.145009
v -12.411886 34.440186 0.200067
v -12.400850 34.903332 0.453550
v -12.404207 35.068932 0.440580
v -12.449980 35.346298 0.796936
v -12.439417 35.561356 0.643088
v -12.583498 35.542347 0.660502
v -12.935076 35.944946 0.307765
v -12.418535 35.949455 0.296273
v -13.244757 36.196373 -0.003075
v -13.234060 36.360668 -0.302638
v -13.267885 36.446136 -0.338414
v -12.409594 36.235313 -0.053114
v -12.428976 36.375099 -0.344106
v -12.434439 36.431152 -0.555738
v -13.250170 36.420345 -0.491517
v -12.410070 36.459770 -0.748193
v -13.461603 36.450348 -0.651214
v -13.479849 36.441116 -0.749950
v -13.423712 36.409859 -0.383723
v -13.286531 36.429482 -0.381357
v -11.647135 30.386936 1.813054
v -12.254305 30.401020 1.921842
v -16.351168 30.387514 1.806958
v -11.508188 30.350037 1.744152
v -16.343699 30.387705 1.895077
v -11.461493 30.387199 1.600855
v -16.376650 30.361774 1.765378
v -16.493879 30.349937 1.742081
v -11.511301 30.350012 -0.735445
v -11.453588 30.388292 -0.750000
v -11.329939 30.395649 -0.745400
v -11.332514 30.388628 1.599574
v -16.486261 30.350000 -0.736391
v -16.546858 30.388622 -0.750001
v -16.541475 30.384953 1.602212
v -16.667459 30.388369 1.591771
v -16.670153 30.416626 -0.749824
v -13.934362 42.872181 -0.752351
v -14.034903 43.149460 -0.748595
v -13.944288 43.145290 -0.708643
v -14.151350 40.373940 -0.749314
v -13.833647 40.372108 -0.739871
v -13.303896 40.371658 -0.749249
v -13.266710 39.888985 -0.749659
v -13.484640 39.901962 -0.750016
v -13.479849 36.441116 -0.749950
v -14.493761 39.834709 -0.750011
v -14.714964 39.838058 -0.747146
v -14.530046 39.827194 -0.735887
v -14.504473 36.449299 -0.749859
v -12.422140 36.219826 -0.749843
v -15.589037 36.461296 -0.749795
v -15.570150 35.021080 -0.749945
v -15.595236 36.179642 -0.713459
v -15.955061 36.181343 -0.748415
v -15.628839 36.081863 -0.653443
v -15.626383 34.936623 -0.746863
v -15.589792 30.376551 -0.749807
v -15.674112 34.674988 -0.749966
v -16.128370 34.315170 -0.749379
v -16.129129 34.673698 -0.748056
v -16.252775 32.467274 -0.749835
v -16.584410 34.315483 -0.748729
v -16.285624 32.533775 -0.745167
v -16.602575 34.214775 -0.718972
v -16.312384 32.480774 -0.739480
v -16.518167 32.476627 -0.746311
v -16.525164 32.325081 -0.749946
v -16.546858 30.388622 -0.750001
v -16.673910 32.317310 -0.720185
v -16.670153 30.416626 -0.749824
v -16.486261 30.350000 -0.736391
v -11.511301 30.350012 -0.735445
v -12.420504 30.380503 -0.749942
v -12.318624 34.673622 -0.749898
v -11.864767 34.320717 -0.748721
v -11.724081 32.487339 -0.749628
v -11.453588 30.388292 -0.750000
v -12.371210 34.773891 -0.748578
v -12.300425 34.818363 -0.710363
v -12.074778 36.172813 -0.748518
v -11.475912 32.324776 -0.749782
v -11.329939 30.395649 -0.745400
v -11.327505 32.316036 -0.747606
v -11.488478 32.467995 -0.743012
v -11.393599 34.291592 -0.749470
v -11.870329 34.673878 -0.748780
v -12.410070 36.459770 -0.748193
v -14.719980 40.372623 -0.748722
v -13.858999 34.657417 0.861487
v -13.893412 34.661419 0.971248
v -13.660906 34.622894 0.878571
v -13.752890 34.633095 0.838460
v -13.654730 34.619911 0.959573
v -13.499956 34.583664 1.363474
v -13.429071 34.559284 0.960704
v -13.286661 34.484848 1.014747
v -13.412104 34.557415 0.852717
v -13.288851 34.487789 0.884001
v -13.303507 34.532600 0.840353
v -13.110468 34.411411 1.016993
v -12.598494 34.000694 0.872933
v -13.065649 34.374840 1.340352
v -13.103247 34.412697 0.870510
v -12.608927 34.005634 1.363738
v -13.117685 34.364044 1.379974
v -13.199560 33.573112 1.379038
v -12.932493 33.736000 1.379946
v -12.495981 33.794579 1.379794
v -13.851442 34.651711 1.379830
v -14.089014 34.657860 1.374270
v -13.968706 34.316879 1.385653
v -14.091158 34.341896 1.379913
v -14.724924 34.477802 1.380437
v -13.786123 34.140663 1.379623
v -13.790319 32.457741 1.380118
v -13.525549 32.461227 1.378168
v -14.457483 34.597637 1.352409
v -14.712297 34.485062 1.015613
v -14.964514 34.349266 1.322205
v -15.414293 33.981689 1.377452
v -15.874571 33.374146 1.379508
v -14.224348 34.145607 1.379497
v -15.153730 33.686539 1.380002
v -15.019514 33.698059 1.382331
v -14.804724 33.565102 1.379437
v -14.216700 32.474335 1.378631
v -14.480368 32.449791 1.379637
v -14.834993 33.537975 1.407876
v -14.932524 33.644875 1.408288
v -15.107584 33.643318 1.414827
v -15.153471 33.447212 1.399104
v -15.161417 33.343559 1.380973
v -14.818872 32.305130 1.410811
v -14.849981 32.261929 1.375673
v -15.034178 32.165077 1.416702
v -15.424788 32.820366 1.376786
v -15.011992 32.213989 1.374568
v -15.602030 32.822495 1.375378
v -16.049334 33.039421 1.374213
v -15.651949 32.578568 1.374429
v -16.123850 31.322405 1.375598
v -15.638659 31.739914 1.375577
v -15.257139 32.018578 1.381926
v -16.138464 31.136497 1.400574
v -16.071230 33.177422 1.321013
v -15.868189 33.464882 1.126482
v -15.861971 33.471581 1.342973
v -15.603411 33.766895 0.859987
v -15.382635 34.008728 0.874765
v -14.894667 34.407776 0.872721
v -14.908377 34.439667 1.020422
v -14.918074 34.375881 1.050842
v -14.575834 34.547874 0.993870
v -14.650331 34.513210 0.839034
v -14.721212 34.504402 0.877376
v -14.586420 34.553699 0.859038
v -14.438944 34.599495 0.998845
v -14.342344 34.622261 0.959461
v -14.139437 34.653679 0.865932
v -14.338915 34.625557 0.874352
v -14.309343 34.686047 0.840620
v -14.176718 34.685627 0.839898
v -14.122103 34.655342 0.973923
v -12.415064 33.790627 1.331550
v -12.159204 33.498459 1.380008
v -12.795660 33.509277 1.379338
v -12.875719 33.600746 1.405424
v -12.642649 32.759750 1.378281
v -12.851221 33.452179 1.408921
v -13.167707 32.274323 1.380017
v -12.980574 32.213348 1.379557
v -12.465105 32.807472 1.382099
v -12.384211 32.740349 1.379552
v -12.361807 32.581795 1.379020
v -11.920839 31.298021 1.376691
v -12.679865 32.034611 1.377552
v -12.339445 31.682171 1.397395
v -11.871401 31.160038 1.387178
v -11.883413 32.329735 1.369454
v -11.933584 33.167744 1.372236
v -12.104479 33.441040 1.138245
v -12.409697 33.801941 0.836513
v -12.932264 33.678123 1.437958
v -13.012320 33.683849 1.404588
v -14.721212 34.504402 0.877376
v -15.037329 35.068710 0.841303
v -15.032686 35.003624 0.882608
v -14.712297 34.485062 1.015613
v -15.035494 35.004364 1.123592
v -14.908377 34.439667 1.020422
v -14.894667 34.407776 0.872721
v -15.184565 35.050159 1.146652
v -15.196318 34.901405 1.116934
v -15.223154 34.941711 0.852093
v -15.163031 35.076851 0.848330
v -14.954962 34.414639 0.837388
v -11.393599 34.291592 -0.749470
v -11.864767 34.320717 -0.748721
v -11.378981 34.296455 -0.703209
v -11.724081 32.487339 -0.749628
v -11.729849 32.467686 -0.566143
v -11.435450 34.097496 -0.567781
v -11.842333 32.487404 -0.558752
v -11.825277 34.092724 -0.565832
v -11.869761 34.162903 -0.521269
v -11.826406 34.253906 -0.649915
v -12.875719 33.600746 1.405424
v -12.851221 33.452179 1.408921
v -12.893644 33.634018 1.781374
v -12.932264 33.678123 1.437958
v -13.012320 33.683849 1.404588
v -12.969053 33.681847 1.835647
v -13.043146 33.659592 1.828593
v -13.162142 33.539104 1.798373
v -13.487146 32.406380 1.577448
v -12.893156 33.463749 1.799626
v -12.850176 33.459610 1.748942
v -13.191710 32.279739 1.566580
v -13.167707 32.274323 1.380017
v -13.490961 32.403694 1.405676
v -13.160624 33.551296 1.407693
v -13.525549 32.461227 1.378168
v -13.199560 33.573112 1.379038
v -14.509066 32.404034 1.409974
v -14.216700 32.474335 1.378631
v -14.480368 32.449791 1.379637
v -14.515814 32.409737 1.579741
v -14.186403 32.454422 1.412830
v -14.555361 32.392731 1.769104
v -15.039110 32.166855 1.638732
v -14.809458 32.281868 1.569886
v -14.849981 32.261929 1.375673
v -14.818872 32.305130 1.410811
v -15.034178 32.165077 1.416702
v -15.118212 32.109329 1.763904
v -15.250143 32.014427 1.634602
v -15.657030 31.678467 1.712732
v -15.257139 32.018578 1.381926
v -15.665548 31.668758 1.418530
v -15.638659 31.739914 1.375577
v -16.138464 31.136497 1.400574
v -16.215467 31.043922 1.474009
v -16.198771 31.066771 1.731753
v -16.491552 30.647392 1.737451
v -16.366713 30.806131 1.766636
v -16.445894 30.528400 1.764237
v -16.376650 30.361774 1.765378
v -16.493879 30.349937 1.742081
v -16.366941 30.574858 1.770557
v -16.015696 31.122948 1.769332
v -16.351168 30.387514 1.806958
v -16.060160 30.990021 1.801492
v -16.267851 30.610991 1.917656
v -16.080507 30.961452 1.869173
v -15.913393 31.126839 1.924674
v -12.254305 30.401020 1.921842
v -16.343699 30.387705 1.895077
v -15.251898 31.760382 1.923904
v -14.683420 32.145775 1.923800
v -13.492476 32.235237 1.923525
v -12.802656 31.881725 1.922503
v -11.944330 30.986105 1.921902
v -11.647135 30.386936 1.813054
v -11.646475 30.559975 1.907969
v -11.642519 30.559040 1.791526
v -11.596750 30.565453 1.757737
v -11.920305 30.964996 1.799507
v -11.903517 31.006302 1.770176
v -12.444788 31.565788 1.792172
v -12.979799 31.994503 1.804527
v -12.940294 32.014961 1.770779
v -12.355356 31.522867 1.769289
v -12.343966 31.682415 1.767444
v -11.801149 31.065063 1.768389
v -11.525354 30.662766 1.753557
v -11.770437 31.037462 1.471320
v -12.339445 31.682171 1.397395
v -11.871401 31.160038 1.387178
v -12.746828 32.016479 1.410259
v -12.679865 32.034611 1.377552
v -12.750933 32.015022 1.633499
v -12.961527 32.166420 1.638351
v -12.892939 32.124355 1.764815
v -13.439409 32.390831 1.768991
v -13.493914 32.248032 1.776183
v -13.997107 32.480679 1.768111
v -13.191710 32.279739 1.566580
v -12.965380 32.164974 1.413757
v -13.487146 32.406380 1.577448
v -13.490961 32.403694 1.405676
v -13.796133 32.450565 1.547930
v -13.790319 32.457741 1.380118
v -13.525549 32.461227 1.378168
v -13.814325 32.496407 1.419171
v -13.816015 32.508785 1.530568
v -14.182394 32.509666 1.526222
v -14.002672 32.481987 1.571434
v -14.206877 32.450462 1.541527
v -12.980574 32.213348 1.379557
v -13.167707 32.274323 1.380017
v -13.996389 32.329926 1.778258
v -14.027205 32.321053 1.919626
v -14.474627 32.289543 1.769309
v -14.510786 32.242878 1.805562
v -15.024015 32.012619 1.774355
v -15.021990 31.988058 1.866611
v -15.541113 31.573618 1.894430
v -15.544527 31.580429 1.776526
v -15.966681 31.309502 1.769531
v -11.508188 30.350037 1.744152
v -16.125074 33.528152 0.450633
v -16.153975 33.642094 0.353052
v -16.150366 33.469875 0.403266
v -16.131025 32.281254 0.068600
v -16.298349 32.275936 0.060704
v -16.518938 33.456970 0.399058
v -16.323961 32.311764 0.017625
v -16.535604 33.391365 0.350463
v -16.329817 32.419216 -0.232798
v -16.546869 33.505081 0.135616
v -16.514986 33.549923 0.090843
v -16.161276 32.436523 -0.230583
v -16.128401 32.408955 -0.264173
v -16.145140 33.555836 0.091393
v -16.126951 33.530792 0.030053
v -16.129599 33.698380 0.266313
v -16.575495 33.680374 0.299976
v -16.526628 33.656281 0.203660
v -16.542650 33.620262 0.362069
v -15.583960 35.346733 0.785526
v -15.402094 35.581829 0.630643
v -15.587008 35.549511 0.652252
v -15.589109 35.972649 0.277299
v -15.081789 35.959652 0.292070
v -14.738729 36.214859 -0.016177
v -15.549089 36.174656 0.022274
v -15.557783 36.314434 -0.203600
v -14.767775 36.375130 -0.335554
v -15.546923 36.414078 -0.449605
v -14.879927 36.427155 -0.531874
v -15.589037 36.461296 -0.749795
v -14.504473 36.449299 -0.749859
v -14.529650 36.460510 -0.731615
v -14.544737 36.408920 -0.391852
v -14.718344 36.411770 -0.380781
v -14.716585 36.276657 -0.026438
v -13.142382 35.547745 0.875842
v -13.412104 34.557415 0.852717
v -13.102114 35.585999 0.842768
v -13.138021 35.573677 1.158537
v -13.164595 35.676582 0.906504
v -13.249884 35.729115 0.882645
v -13.172022 35.762321 0.841100
v -13.221258 35.723915 1.182871
v -13.363420 35.641251 1.159605
v -13.654730 34.619911 0.959573
v -13.374777 35.614349 0.881838
v -13.660906 34.622894 0.878571
v -13.415129 35.589321 0.841063
v -13.320898 35.756096 0.840966
v -13.752890 34.633095 0.838460
v -13.429071 34.559284 0.960704
v -12.449980 35.346298 0.796936
v -12.583498 35.542347 0.660502
v -12.603884 35.559784 0.815159
v -12.928492 35.926888 0.839509
v -12.935076 35.944946 0.307765
v -13.289080 36.227112 0.805748
v -13.554434 36.361526 0.471241
v -13.623808 36.393852 0.841127
v -13.851152 36.441368 0.772464
v -14.054525 36.450584 0.838497
v -14.001226 36.460419 -0.192648
v -14.329779 36.408451 0.841020
v -14.507483 36.329666 0.114606
v -14.687654 36.241821 0.839315
v -15.051352 35.944870 0.836491
v -14.327314 36.409458 0.005246
v -14.362307 36.413960 -0.185211
v -14.716585 36.276657 -0.026438
v -14.738729 36.214859 -0.016177
v -14.797159 36.155830 0.295087
v -15.064554 35.931641 0.358521
v -15.081789 35.959652 0.292070
v -15.402094 35.581829 0.630643
v -15.583960 35.346733 0.785526
v -15.472898 35.464783 0.772771
v -15.358347 35.576618 0.840984
v -14.313082 36.456448 -0.214425
v -13.662706 36.482674 -0.214169
v -13.630209 36.407883 -0.190265
v -13.626436 36.442757 -0.024709
v -13.660849 36.406204 0.011004
v -13.327223 36.249443 0.010873
v -13.244757 36.196373 -0.003075
v -13.268446 36.272133 -0.025516
v -11.870775 32.410145 -0.241264
v -11.850462 33.554455 0.091018
v -11.871275 33.589699 0.062792
v -11.666643 32.444443 -0.224218
v -11.451220 33.536644 0.086277
v -11.673491 32.325600 0.039887
v -11.712839 32.313774 0.070698
v -11.449221 33.469433 0.363620
v -11.467352 33.601826 0.367303
v -11.479300 33.459812 0.399227
v -11.850222 33.453419 0.398363
v -11.870516 32.271072 0.065205
v -11.860106 33.607204 0.372534
v -11.864264 33.680786 0.309519
v -11.496687 33.679535 0.313974
v -11.864012 33.687244 0.246854
v -11.414206 33.677181 0.230206
v -12.679865 32.034611 1.377552
v -12.361807 32.581795 1.379020
v -12.746828 32.016479 1.410259
v -12.750933 32.015022 1.633499
v -12.396460 32.586967 1.418455
v -12.390665 32.601421 1.746089
v -12.384211 32.740349 1.379552
v -12.465105 32.807472 1.382099
v -12.402365 32.765034 1.727574
v -12.465761 32.791512 1.785054
v -12.616545 32.720146 1.758872
v -12.620531 32.717411 1.404412
v -12.961527 32.166420 1.638351
v -12.965380 32.164974 1.413757
v -12.980574 32.213348 1.379557
v -12.642649 32.759750 1.378281
v -13.814699 34.091873 1.416948
v -13.887354 34.236031 1.408373
v -13.790319 32.457741 1.380118
v -13.786123 34.140663 1.379623
v -13.814325 32.496407 1.419171
v -13.815512 34.092567 1.817599
v -13.816015 32.508785 1.530568
v -13.934656 34.290012 1.871929
v -14.154547 34.081963 1.829692
v -14.064569 34.288654 1.866351
v -13.968706 34.316879 1.385653
v -14.091158 34.341896 1.379913
v -14.082232 34.278469 1.419292
v -14.184366 34.091766 1.409325
v -14.216700 32.474335 1.378631
v -14.224348 34.145607 1.379497
v -14.186403 32.454422 1.412830
v -14.182966 34.100906 1.791405
v -14.182394 32.509666 1.526222
v -14.677237 40.264053 -0.433157
v -14.707758 40.345428 -0.595155
v -14.717550 40.092392 -0.242355
v -14.665400 39.900406 -0.075767
v -14.719980 40.372623 -0.748722
v -14.718699 39.898758 -0.102211
v -14.717779 39.557613 -0.378479
v -14.716585 36.276657 -0.026438
v -14.717314 38.428116 -0.059472
v -14.706667 39.267784 -0.025767
v -14.647005 39.807453 -0.024434
v -14.678495 38.485397 -0.024701
v -13.823690 40.338848 -0.023073
v -14.196604 40.332642 -0.026660
v -14.364805 36.443497 -0.024922
v -14.364748 39.572620 -0.025149
v -14.459581 40.137917 -0.026087
v -14.134005 39.826645 -0.024531
v -13.970804 39.863823 -0.023490
v -13.932737 39.849293 -0.213115
v -13.805182 39.788773 -0.024590
v -13.630068 39.570007 -0.045423
v -13.577723 39.562160 -0.025422
v -13.349131 39.916908 -0.025796
v -13.626436 36.442757 -0.024709
v -13.308222 38.088028 -0.028476
v -13.295889 39.580002 -0.026587
v -13.268404 39.815262 -0.092664
v -13.606985 40.215714 -0.066262
v -13.313784 39.892715 -0.073655
v -13.268446 36.272133 -0.025516
v -13.244757 36.196373 -0.003075
v -13.268297 37.996292 -0.067454
v -13.267885 36.446136 -0.338414
v -13.267962 37.775490 -0.330577
v -13.286531 36.429482 -0.381357
v -13.306398 37.678738 -0.383466
v -13.423712 36.409859 -0.383723
v -13.305285 39.586182 -0.383443
v -13.415770 39.592735 -0.384096
v -13.457235 39.587341 -0.415876
v -13.461603 36.450348 -0.651214
v -13.457106 39.875145 -0.739193
v -13.484640 39.901962 -0.750016
v -13.479849 36.441116 -0.749950
v -13.266710 39.888985 -0.749659
v -13.268370 39.833435 -0.569731
v -13.303896 40.371658 -0.749249
v -13.267248 40.361275 -0.669350
v -13.267889 40.182472 -0.333242
v -13.300928 40.307896 -0.514112
v -13.268259 39.560165 -0.345881
v -13.429102 39.838356 -0.601029
v -13.276175 38.170639 -0.378198
v -13.272425 38.563705 -0.030617
v -13.630209 36.407883 -0.190265
v -13.658171 39.549801 -0.213528
v -13.632006 39.594776 -0.188296
v -13.662706 36.482674 -0.214169
v -14.313082 36.456448 -0.214425
v -14.320822 39.561768 -0.214179
v -14.362307 36.413960 -0.185211
v -14.327314 36.409458 0.005246
v -14.362528 39.572613 -0.184286
v -14.139467 39.826164 -0.194510
v -13.960783 40.364979 -0.061894
v -14.718344 36.411770 -0.380781
v -14.568670 39.189240 -0.379323
v -14.544737 36.408920 -0.391852
v -14.529650 36.460510 -0.731615
v -14.525549 38.656219 -0.365449
v -14.548956 39.790756 -0.601835
v -14.530046 39.827194 -0.735887
v -14.575968 39.597061 -0.421612
v -14.714964 39.838058 -0.747146
v -14.504473 36.449299 -0.749859
v -14.720224 39.797791 -0.617016
v -15.586390 34.421219 0.207294
v -15.598745 34.906097 0.452777
v -15.611471 34.407539 0.146802
v -15.766405 34.406502 0.141235
v -15.887835 34.975357 0.473239
v -15.769159 34.528446 -0.011043
v -15.871092 34.989799 0.276761
v -15.614553 34.490601 -0.038608
v -15.587366 34.535820 -0.138359
v -15.589403 35.013618 0.286870
v -15.587160 35.062531 0.437557
v -15.881411 35.049351 0.366296
v -13.860937 36.030708 0.870547
v -13.835718 36.090431 0.840938
v -13.866026 36.030991 1.177805
v -13.858999 34.657417 0.861487
v -13.942297 36.168465 0.876141
v -13.927526 36.147812 1.201129
v -14.005713 36.202576 0.842852
v -14.015413 36.192993 1.204094
v -14.160540 36.071823 0.841746
v -14.083532 36.138954 0.862424
v -14.137510 36.030437 0.875339
v -14.113108 36.083130 1.187863
v -14.126451 34.702816 0.926278
v -14.137236 36.011379 1.140199
v -14.139437 34.653679 0.865932
v -14.122103 34.655342 0.973923
v -13.893412 34.661419 0.971248
v -13.873899 34.700958 0.926847
v -14.160540 36.071823 0.841746
v -14.176718 34.685627 0.839898
v -14.139437 34.653679 0.865932
v -14.309343 34.686047 0.840620
v -14.329779 36.408451 0.841020
v -14.005713 36.202576 0.842852
v -13.942297 36.168465 0.876141
v -13.835718 36.090431 0.840938
v -13.623808 36.393852 0.841127
v -13.415129 35.589321 0.841063
v -13.320898 35.756096 0.840966
v -12.928492 35.926888 0.839509
v -13.289080 36.227112 0.805748
v -14.054525 36.450584 0.838497
v -13.752890 34.633095 0.838460
v -13.858999 34.657417 0.861487
v -13.172022 35.762321 0.841100
v -13.102114 35.585999 0.842768
v -12.958143 35.085793 0.840841
v -13.303507 34.532600 0.840353
v -12.603884 35.559784 0.815159
v -12.814974 35.065189 0.841837
v -12.464739 35.277500 0.838197
v -12.756453 34.899372 0.841856
v -12.413439 34.654617 0.783891
v -12.587423 34.043137 0.840663
v -12.449980 35.346298 0.796936
v -12.409697 33.801941 0.836513
v -12.598494 34.000694 0.872933
v -13.103247 34.412697 0.870510
v -13.039816 34.430065 0.840159
v -13.412104 34.557415 0.852717
v -14.609758 35.677979 0.841546
v -15.051352 35.944870 0.836491
v -14.793272 35.795349 0.841889
v -15.358347 35.576618 0.840984
v -14.900572 35.573624 0.842112
v -15.509768 35.283333 0.837311
v -15.472898 35.464783 0.772771
v -15.583960 35.346733 0.785526
v -15.578863 34.959511 0.833937
v -15.534071 33.954575 0.837037
v -15.584059 33.948692 0.792601
v -15.603411 33.766895 0.859987
v -15.382635 34.008728 0.874765
v -14.954962 34.414639 0.837388
v -14.894667 34.407776 0.872721
v -15.223154 34.941711 0.852093
v -15.163031 35.076851 0.848330
v -15.037329 35.068710 0.841303
v -14.721212 34.504402 0.877376
v -14.650331 34.513210 0.839034
v -14.586420 34.553699 0.859038
v -14.338915 34.625557 0.874352
v -13.303896 40.371658 -0.749249
v -13.267248 40.361275 -0.669350
v -13.833647 40.372108 -0.739871
v -13.810717 40.336288 -0.567934
v -13.835039 40.412792 -0.635327
v -13.861097 40.393700 -0.593978
v -14.146669 40.406624 -0.612978
v -13.947386 40.361473 -0.549238
v -13.960783 40.364979 -0.061894
v -14.113283 40.359421 -0.553601
v -14.196604 40.332642 -0.026660
v -14.192820 40.345520 -0.589417
v -14.311644 40.265457 -0.430466
v -14.677237 40.264053 -0.433157
v -14.483736 40.118698 -0.258791
v -14.717550 40.092392 -0.242355
v -14.665400 39.900406 -0.075767
v -14.459581 40.137917 -0.026087
v -14.707758 40.345428 -0.595155
v -14.719980 40.372623 -0.748722
v -14.151350 40.373940 -0.749314
v -13.823690 40.338848 -0.023073
v -13.606985 40.215714 -0.066262
v -13.665487 40.261253 -0.425491
v -13.300928 40.307896 -0.514112
v -13.500067 40.116859 -0.258506
v -13.313784 39.892715 -0.073655
v -13.267889 40.182472 -0.333242
v -13.349131 39.916908 -0.025796
v -16.482775 32.795246 0.790789
v -16.522882 32.686821 0.829012
v -16.485525 32.751907 0.852255
v -16.125872 32.795670 0.830921
v -16.123690 32.781219 0.726196
v -16.504396 32.720016 0.634479
v -16.388899 32.170341 0.295656
v -16.125673 32.704521 0.616958
v -16.125559 32.166264 0.284354
v -16.385565 32.017807 0.499605
v -16.475603 32.595779 0.859219
v -16.151506 32.014145 0.500553
v -16.156919 32.589912 0.855554
v -16.121344 32.635765 0.910945
v -16.144789 32.715324 0.863616
v -11.729849 32.467686 -0.566143
v -11.842333 32.487404 -0.558752
v -11.871359 32.444401 -0.499865
v -11.624529 32.405979 -0.251576
v -11.724081 32.487339 -0.749628
v -11.531610 32.394005 -0.197231
v -11.488478 32.467995 -0.743012
v -11.480665 32.380455 -0.269811
v -11.475912 32.324776 -0.749782
v -11.474817 32.248970 -0.249665
v -11.327505 32.316036 -0.747606
v -11.369181 32.240669 -0.241944
v -11.329939 30.395649 -0.745400
v -11.326155 32.171291 -0.131891
v -11.325979 31.787672 0.498755
v -11.358328 31.988897 0.269249
v -11.366686 31.569328 0.795198
v -11.474920 31.992149 0.282889
v -11.479315 31.387102 1.160549
v -11.480402 32.119286 0.329752
v -11.475828 31.576715 0.793013
v -11.472399 30.979107 1.321449
v -11.328924 31.034811 1.263752
v -11.480249 30.561045 1.605427
v -11.508188 30.350037 1.744152
v -11.461493 30.387199 1.600855
v -11.348711 30.564087 1.596232
v -11.490206 30.679220 1.707236
v -11.541128 31.045721 1.464969
v -11.525354 30.662766 1.753557
v -11.770437 31.037462 1.471320
v -11.871401 31.160038 1.387178
v -11.866560 31.677101 0.910942
v -11.872431 32.016991 0.506934
v -11.520971 31.688618 0.900639
v -11.548136 32.164284 0.295116
v -11.617758 32.013405 0.497599
v -11.604361 32.210049 0.317898
v -11.865278 32.168667 0.285819
v -11.870516 32.271072 0.065205
v -11.645227 32.264908 0.073570
v -11.712839 32.313774 0.070698
v -11.673491 32.325600 0.039887
v -11.666643 32.444443 -0.224218
v -11.870775 32.410145 -0.241264
v -11.332514 30.388628 1.599574
v -16.125559 32.166264 0.284354
v -16.519724 32.293121 0.009064
v -16.298349 32.275936 0.060704
v -16.388899 32.170341 0.295656
v -16.131025 32.281254 0.068600
v -16.385565 32.017807 0.499605
v -16.511980 32.079769 0.411673
v -16.491926 31.679800 0.909471
v -16.521307 31.248573 1.276550
v -16.528921 31.558804 0.811235
v -16.527891 30.973183 1.324741
v -16.519121 30.557610 1.619193
v -16.491552 30.647392 1.737451
v -16.488626 31.054331 1.458247
v -16.525568 31.992922 0.280970
v -16.517851 32.405788 -0.276964
v -16.643637 31.991013 0.272950
v -16.525164 32.242683 -0.236185
v -16.643415 32.239464 -0.240033
v -16.525164 32.325081 -0.749946
v -16.673910 32.317310 -0.720185
v -16.518167 32.476627 -0.746311
v -16.312384 32.480774 -0.739480
v -16.264330 32.459599 -0.567332
v -16.128557 32.451317 -0.535331
v -16.128401 32.408955 -0.264173
v -16.329817 32.419216 -0.232798
v -16.323961 32.311764 0.017625
v -16.670153 30.416626 -0.749824
v -16.674025 32.093994 0.081487
v -16.672449 31.403282 0.961421
v -16.662611 30.564318 1.591549
v -16.667459 30.388369 1.591771
v -16.541475 30.384953 1.602212
v -16.493879 30.349937 1.742081
v -16.445894 30.528400 1.764237
v -16.215467 31.043922 1.474009
v -16.150000 31.681023 0.910443
v -16.138464 31.136497 1.400574
v -16.123194 31.678526 0.959170
v -16.151506 32.014145 0.500553
v -15.591089 36.042267 -0.579666
v -15.595236 36.179642 -0.713459
v -15.591017 34.659908 -0.585358
v -15.619886 36.033302 -0.611541
v -15.623365 34.702023 -0.611322
v -15.904387 36.027740 -0.611703
v -15.954157 36.164936 -0.690882
v -15.690329 34.780628 -0.608872
v -15.698950 34.648994 -0.589568
v -15.674112 34.674988 -0.749966
v -15.955061 36.181343 -0.748415
v -15.587721 35.568195 0.147981
v -15.602087 35.681961 0.081143
v -15.587366 34.535820 -0.138359
v -15.612951 35.557468 0.110026
v -15.626558 34.576565 -0.171096
v -15.904665 35.555843 0.108018
v -15.713266 34.573814 -0.178276
v -15.906710 35.623745 -0.119650
v -15.932131 35.725983 0.025262
v -15.917528 35.663479 0.084950
v -15.611376 35.703835 -0.052207
v -15.597975 35.729404 0.020562
v -15.613840 35.604622 -0.129519
v -15.599989 34.635422 -0.410543
v -15.712427 34.632187 -0.402297
v -15.587721 35.568195 0.147981
v -15.587160 35.062531 0.437557
v -15.587366 34.535820 -0.138359
v -15.587194 35.648064 0.226645
v -15.589403 35.013618 0.286870
v -15.602087 35.681961 0.081143
v -15.597975 35.729404 0.020562
v -15.588453 35.857788 0.012533
v -15.611376 35.703835 -0.052207
v -15.589029 35.597279 -0.183439
v -15.613840 35.604622 -0.129519
v -15.599989 34.635422 -0.410543
v -15.591017 34.659908 -0.585358
v -15.591089 36.042267 -0.579666
v -15.590376 36.314968 -0.293742
v -15.589037 36.461296 -0.749795
v -15.557783 36.314434 -0.203600
v -15.595236 36.179642 -0.713459
v -15.587008 35.549511 0.652252
v -15.589109 35.972649 0.277299
v -15.549089 36.174656 0.022274
v -15.546923 36.414078 -0.449605
v -15.583960 35.346733 0.785526
v -15.586390 34.421219 0.207294
v -15.598745 34.906097 0.452777
v -15.584059 33.948692 0.792601
v -15.578863 34.959511 0.833937
v -15.609152 34.042130 0.602353
v -15.603411 33.766895 0.859987
v -15.611471 34.407539 0.146802
v -12.388922 34.409653 0.145009
v -12.385012 33.999039 0.647185
v -12.411886 34.440186 0.200067
v -12.409697 33.801941 0.836513
v -12.413439 34.654617 0.783891
v -12.412977 35.234802 0.803778
v -12.400850 34.903332 0.453550
v -12.404207 35.068932 0.440580
v -12.411268 35.048042 0.278024
v -12.408163 35.584267 0.119868
v -12.412451 34.512253 -0.109461
v -12.386072 34.581924 -0.168088
v -12.409594 36.235313 -0.053114
v -12.406679 35.737709 0.028460
v -12.401640 35.639450 -0.120592
v -12.403677 34.628971 -0.411657
v -12.408575 34.659527 -0.583281
v -12.378561 34.690289 -0.612036
v -12.408758 36.043213 -0.573690
v -12.399302 36.160183 -0.683208
v -12.410070 36.459770 -0.748193
v -12.384222 36.026409 -0.612207
v -12.422140 36.219826 -0.749843
v -12.428976 36.375099 -0.344106
v -12.434439 36.431152 -0.555738
v -12.418535 35.949455 0.296273
v -12.439417 35.561356 0.643088
v -12.449980 35.346298 0.796936
v -12.464739 35.277500 0.838197
v -13.934362 42.872181 -0.752351
v -13.944288 43.145290 -0.708643
v -13.833647 40.372108 -0.739871
v -13.835039 40.412792 -0.635327
v -13.861097 40.393700 -0.593978
v -13.997118 42.796360 -0.683614
v -14.098688 40.494980 -0.594893
v -14.146669 40.406624 -0.612978
v -14.065496 42.549332 -0.676175
v -14.151350 40.373940 -0.749314
v -14.058153 42.793007 -0.725861
v -14.034903 43.149460 -0.748595
v -14.037516 43.075546 -0.700383
v -12.408575 34.659527 -0.583281
v -12.329836 34.654236 -0.616871
v -12.378561 34.690289 -0.612036
v -12.403677 34.628971 -0.411657
v -12.289515 34.625263 -0.406615
v -11.900488 34.599327 -0.281911
v -12.252161 34.600681 -0.285278
v -12.287703 34.572189 -0.175164
v -12.386072 34.581924 -0.168088
v -12.412451 34.512253 -0.109461
v -12.187944 34.494076 -0.063589
v -12.233526 34.518501 -0.016231
v -12.391428 34.500710 -0.031544
v -11.897902 34.375237 0.182744
v -12.233843 34.408585 0.140530
v -12.388922 34.409653 0.145009
v -12.385012 33.999039 0.647185
v -11.898985 33.998440 0.650093
v -12.104479 33.441040 1.138245
v -12.409697 33.801941 0.836513
v -11.875517 33.538521 1.053964
v -11.926306 33.274643 1.244357
v -11.876997 33.167210 1.312924
v -11.933584 33.167744 1.372236
v -11.883413 32.329735 1.369454
v -11.875444 33.024261 1.323789
v -11.875174 33.219368 1.195142
v -11.869982 34.540409 -0.226814
v -11.861563 32.802757 0.831486
v -11.873873 32.604538 0.865366
v -11.874342 31.451630 1.320211
v -11.872740 33.612892 0.497964
v -11.872740 33.374649 0.422550
v -11.873232 32.727463 0.635068
v -11.865278 32.168667 0.285819
v -11.870516 32.271072 0.065205
v -11.850222 33.453419 0.398363
v -11.860106 33.607204 0.372534
v -11.864264 33.680786 0.309519
v -11.871988 33.817001 0.284383
v -11.864012 33.687244 0.246854
v -11.871275 33.589699 0.062792
v -11.870775 32.410145 -0.241264
v -11.871359 32.444401 -0.499865
v -11.842333 32.487404 -0.558752
v -11.869761 34.162903 -0.521269
v -11.864767 34.320717 -0.748721
v -11.870329 34.673878 -0.748780
v -12.318624 34.673622 -0.749898
v -11.866560 31.677101 0.910942
v -11.871401 31.160038 1.387178
v -11.872431 32.016991 0.506934
v -11.920839 31.298021 1.376691
v -11.869341 34.262619 0.308825
v 49.199577 36.218361 -0.710363
v 49.170166 36.054237 -0.616872
v 49.181377 36.073624 -0.749898
v 49.425385 37.414330 -0.642710
v 49.452103 37.565323 -0.704106
v 49.425224 37.572811 -0.748518
v 49.077866 37.619820 -0.749843
v 49.100704 37.560181 -0.683208
v 49.115784 37.426407 -0.612207
v 49.371143 37.428825 -0.613077
v 49.121445 36.090286 -0.612036
v 46.662354 34.939903 1.799400
v 46.510593 35.081818 1.830855
v 46.402431 35.047386 1.831586
v 46.984192 33.809738 1.579741
v 46.665012 34.937973 1.407876
v 46.990940 33.804031 1.409974
v 47.019634 33.849792 1.379637
v 46.567482 35.044872 1.408288
v 46.480492 35.098057 1.382329
v 46.392418 35.043316 1.414826
v 46.346535 34.847214 1.399103
v 46.355148 34.860725 1.786511
v 46.681129 33.705124 1.410810
v 46.690552 33.681862 1.569885
v 50.000603 34.110302 0.624940
v 50.034027 34.185364 0.749908
v 49.895645 33.610046 0.317897
v 49.626774 34.127464 0.635067
v 49.638439 34.202755 0.831485
v 49.634727 33.568665 0.285818
v 49.952866 34.125282 0.865228
v 49.626137 34.004536 0.865364
v 49.989265 33.982323 0.847856
v 49.627579 33.416988 0.506934
v 49.882248 33.413403 0.497598
v 49.405289 37.018093 -0.122093
v 49.210495 36.025261 -0.406616
v 49.427628 37.111702 -0.022571
v 49.098366 37.039448 -0.120593
v 49.407997 36.978809 0.068882
v 49.212303 35.972187 -0.175164
v 49.380173 37.079506 0.080200
v 49.357620 36.948509 0.107270
v 49.091839 36.984268 0.119868
v 49.093327 37.137711 0.028460
v 49.105675 37.084175 0.082691
v 49.113930 35.981926 -0.168088
v 49.096329 36.028969 -0.411657
v 45.370872 36.073700 -0.748056
v 45.369087 35.673725 -0.663478
v 45.370655 35.934109 -0.178599
v 45.371635 35.715164 -0.749379
v 45.371452 33.851315 -0.535332
v 45.370640 35.511623 -0.520038
v 45.373055 34.930794 0.030053
v 45.370407 35.098373 0.266312
v 45.374931 34.928150 0.450633
v 45.379658 34.510662 1.298332
v 45.375221 34.951431 0.996174
v 45.372009 35.651749 0.333170
v 45.392315 35.381393 0.663381
v 45.428268 34.865036 1.119711
v 45.428780 34.577423 1.321013
v 45.450668 34.439419 1.374211
v 45.376152 32.722404 1.375597
v 45.361542 32.536495 1.400573
v 45.376808 33.078526 0.959168
v 45.378658 34.035763 0.910944
v 45.374134 34.195671 0.830920
v 45.377464 33.431664 0.560790
v 45.348499 33.414143 0.500552
v 45.376316 34.181221 0.726194
v 45.374329 34.104519 0.616957
v 45.374447 33.566261 0.284353
v 45.368977 33.681252 0.068599
v 45.346027 35.042091 0.353052
v 45.371605 33.808952 -0.264174
v 45.428268 34.865036 1.119711
v 45.428780 34.577423 1.321013
v 45.631813 34.864880 1.126482
v 45.392315 35.381393 0.663381
v 45.890854 35.442131 0.602352
v 45.372009 35.651749 0.333170
v 45.896591 35.166893 0.859987
v 45.733597 35.806499 0.141235
v 45.415859 35.807472 0.116423
v 45.370655 35.934109 -0.178599
v 45.426750 36.004105 -0.313795
v 45.370872 36.073700 -0.748056
v 45.801052 36.048996 -0.589568
v 45.825897 36.074989 -0.749966
v 45.787579 36.032185 -0.402297
v 45.908981 36.059906 -0.585358
v 45.900021 36.035423 -0.410543
v 45.786736 35.973816 -0.178276
v 45.692539 35.899185 -0.066210
v 45.730846 35.928444 -0.011043
v 45.885452 35.890602 -0.038608
v 45.912636 35.935822 -0.138359
v 45.888535 35.807533 0.146802
v 46.890244 37.077980 0.841546
v 46.873795 37.017395 0.884909
v 47.161087 36.025555 0.874352
v 46.706730 37.195351 0.841889
v 46.740505 37.136368 0.860112
v 46.751846 37.128170 1.181268
v 46.669456 37.075729 0.894206
v 46.668812 37.077972 1.178029
v 46.640602 36.954456 0.876939
v 46.599430 36.973621 0.842112
v 46.913589 35.953697 0.859037
v 46.924171 35.947876 0.993870
v 46.811691 36.335690 1.024918
v 46.871758 37.018066 1.155738
v 47.157661 36.022259 0.959460
v 47.061062 35.999493 0.998845
v 46.488014 33.613987 1.374568
v 46.465828 33.565079 1.416702
v 46.122314 34.115704 1.401167
v 46.075218 34.220364 1.376786
v 45.897976 34.222496 1.375377
v 45.920898 34.182159 1.485298
v 46.011314 34.184685 1.413126
v 45.967766 34.190163 1.784563
v 45.952118 34.025600 1.759370
v 45.891632 34.138123 1.739245
v 46.116013 34.122578 1.758962
v 46.460896 33.566856 1.638731
v 46.249859 33.414429 1.634601
v 46.242867 33.418579 1.381925
v 45.893501 33.992294 1.727824
v 45.892754 33.993134 1.411283
v 45.848053 33.978565 1.374429
v 45.887302 34.133888 1.406083
v 48.743553 36.299370 0.841856
v 48.719536 36.340919 0.881948
v 48.396759 35.812695 0.870509
v 48.685036 36.465187 0.841837
v 48.671997 36.456757 1.130407
v 48.548561 36.424927 0.875470
v 48.541866 36.485790 0.840841
v 48.196499 35.932594 0.840353
v 48.211155 35.887787 0.884001
v 48.213348 35.884846 1.014747
v 48.533081 36.400803 1.122964
v 48.389538 35.811409 1.016993
v 48.709656 36.328518 1.082259
v 48.660561 36.316139 1.122150
v 45.371452 33.851315 -0.535332
v 45.370640 35.511623 -0.520038
v 45.235676 33.859596 -0.567333
v 45.349625 35.498116 -0.564565
v 44.962040 35.460358 -0.565826
v 45.369087 35.673725 -0.663478
v 44.933903 35.634697 -0.638030
v 45.371635 35.715164 -0.749379
v 44.915604 35.715481 -0.748729
v 44.897430 35.614773 -0.718973
v 44.911205 35.532551 -0.613031
v 45.214382 33.933773 -0.745169
v 45.187622 33.880772 -0.739481
v 49.087555 35.912254 -0.109462
v 49.088734 36.448044 0.278024
v 49.116463 36.403889 0.282901
v 49.108582 35.900711 -0.031544
v 49.266479 35.918495 -0.016231
v 49.377659 36.417465 0.294718
v 49.266167 35.808582 0.140530
v 49.111080 35.809647 0.145009
v 49.376999 36.378845 0.471782
v 49.095795 36.468925 0.440579
v 49.099152 36.303329 0.453549
v 49.088120 35.840183 0.200067
v 49.050026 36.746296 0.796936
v 49.060589 36.961357 0.643088
v 48.916504 36.942345 0.660502
v 48.564934 37.344944 0.307765
v 49.081470 37.349453 0.296272
v 48.255253 37.596371 -0.003076
v 48.232124 37.846130 -0.338414
v 48.265945 37.760666 -0.302638
v 49.090412 37.635315 -0.053114
v 49.071026 37.775093 -0.344106
v 49.065563 37.831154 -0.555739
v 48.249836 37.820343 -0.491517
v 48.038399 37.850342 -0.651214
v 49.089935 37.859772 -0.748193
v 48.020153 37.841110 -0.749951
v 48.076294 37.809856 -0.383724
v 48.213478 37.829475 -0.381358
v 49.852871 31.786936 1.813053
v 49.245693 31.801020 1.921842
v 45.156303 31.787704 1.895076
v 45.148842 31.787514 1.806958
v 49.991814 31.750036 1.744152
v 45.123360 31.761772 1.765378
v 49.988708 31.750010 -0.735445
v 50.046421 31.788290 -0.750001
v 45.006126 31.749937 1.742081
v 50.038509 31.787199 1.600855
v 50.167492 31.788628 1.599574
v 50.170067 31.795647 -0.745400
v 45.013744 31.750000 -0.736391
v 44.958530 31.784950 1.602212
v 44.953144 31.788620 -0.750001
v 44.832546 31.788366 1.591771
v 44.829857 31.816624 -0.749824
v 47.565651 44.272179 -0.752351
v 47.555717 44.545288 -0.708643
v 47.348656 41.773937 -0.749314
v 47.465103 44.549458 -0.748595
v 47.666355 41.772110 -0.739871
v 48.196114 41.771660 -0.749250
v 48.233292 41.288982 -0.749660
v 48.015366 41.301960 -0.750016
v 47.006241 41.234711 -0.750011
v 48.020153 37.841110 -0.749951
v 49.077866 37.619820 -0.749843
v 49.089935 37.859772 -0.748193
v 46.995533 37.849297 -0.749859
v 45.910973 37.861294 -0.749795
v 46.969955 41.227188 -0.735887
v 46.785042 41.238060 -0.747146
v 46.780022 41.772621 -0.748722
v 45.904774 37.579643 -0.713459
v 45.929859 36.421078 -0.749946
v 49.128796 36.173889 -0.748579
v 45.871162 37.481857 -0.653443
v 45.873623 36.336624 -0.746863
v 45.910213 31.776550 -0.749807
v 45.013744 31.750000 -0.736391
v 44.953144 31.788620 -0.750001
v 45.247227 33.867271 -0.749836
v 45.371635 35.715164 -0.749379
v 45.825897 36.074989 -0.749966
v 49.079506 31.780500 -0.749943
v 49.181377 36.073624 -0.749898
v 49.635239 35.720715 -0.748721
v 49.775925 33.887337 -0.749629
v 50.046421 31.788290 -0.750001
v 49.988708 31.750010 -0.735445
v 50.024094 33.724777 -0.749784
v 50.170067 31.795647 -0.745400
v 50.172501 33.716034 -0.747607
v 50.011528 33.867996 -0.743013
v 50.106403 35.691589 -0.749470
v 49.629681 36.073875 -0.748780
v 49.199577 36.218361 -0.710363
v 49.425224 37.572811 -0.748518
v 45.544941 37.581345 -0.748415
v 45.370872 36.073700 -0.748056
v 44.915604 35.715481 -0.748729
v 45.214382 33.933773 -0.745169
v 44.897430 35.614773 -0.718973
v 45.187622 33.880772 -0.739481
v 44.981838 33.876625 -0.746313
v 44.974838 33.725075 -0.749947
v 44.826099 33.717308 -0.720187
v 44.829857 31.816624 -0.749824
v 47.641003 36.057415 0.861487
v 47.839100 36.022896 0.878570
v 47.606594 36.061417 0.971248
v 47.747116 36.033096 0.838460
v 47.845276 36.019909 0.959573
v 47.648560 36.051712 1.379830
v 47.377899 36.055344 0.973923
v 47.410988 36.057861 1.374270
v 47.042526 35.997635 1.352408
v 47.360573 36.053677 0.865932
v 47.157661 36.022259 0.959460
v 47.323288 36.085625 0.839898
v 47.190666 36.086044 0.840620
v 47.161087 36.025555 0.874352
v 47.061062 35.999493 0.998845
v 46.924171 35.947876 0.993870
v 46.787708 35.885059 1.015613
v 46.913589 35.953697 0.859037
v 46.849678 35.913208 0.839034
v 46.778793 35.904396 0.877376
v 46.581932 35.775879 1.050842
v 46.591629 35.839661 1.020422
v 46.775089 35.877800 1.380437
v 46.535492 35.749264 1.322204
v 46.085720 35.381691 1.377452
v 45.625435 34.774143 1.379508
v 47.275654 35.545609 1.379497
v 47.408852 35.741890 1.379913
v 47.531300 35.716881 1.385653
v 47.713882 35.540665 1.379623
v 47.974457 33.861229 1.378168
v 47.709686 33.857735 1.380118
v 48.300446 34.973110 1.379037
v 48.567513 35.135994 1.379945
v 48.487686 35.083847 1.404587
v 48.382324 35.764038 1.379974
v 48.000053 35.983662 1.363474
v 49.004025 35.194576 1.379793
v 48.891075 35.405632 1.363738
v 48.434357 35.774841 1.340352
v 48.389538 35.811409 1.016993
v 48.901512 35.400696 0.872933
v 48.396759 35.812695 0.870509
v 48.213348 35.884846 1.014747
v 48.070934 35.959282 0.960704
v 48.211155 35.887787 0.884001
v 48.196499 35.932594 0.840353
v 48.087902 35.957413 0.852717
v 49.395527 34.841042 1.138245
v 49.084942 35.190628 1.331550
v 49.090309 35.201942 0.836513
v 49.340805 34.898457 1.380007
v 49.579163 32.698021 1.376691
v 49.566422 34.567741 1.372236
v 49.034901 34.207466 1.382098
v 49.115791 34.140347 1.379550
v 48.704346 34.909279 1.379336
v 48.624283 35.000748 1.405423
v 48.332298 33.674320 1.380015
v 48.857357 34.159748 1.378280
v 48.648785 34.852180 1.408921
v 48.519440 33.613346 1.379557
v 48.567741 35.078121 1.437958
v 49.138199 33.981796 1.379020
v 48.820145 33.434608 1.377552
v 49.160553 33.082169 1.397395
v 49.628601 32.560036 1.387177
v 49.616592 33.729733 1.369452
v 46.480492 35.098057 1.382329
v 46.346272 35.086540 1.380002
v 46.695282 34.965103 1.379437
v 47.283302 33.874336 1.378631
v 47.019634 33.849792 1.379637
v 46.665012 34.937973 1.407876
v 46.567482 35.044872 1.408288
v 46.338585 34.743557 1.380971
v 46.346535 34.847214 1.399103
v 46.392418 35.043316 1.414826
v 46.681129 33.705124 1.410810
v 46.650028 33.661926 1.375672
v 46.465828 33.565079 1.416702
v 46.075218 34.220364 1.376786
v 46.488014 33.613987 1.374568
v 45.897976 34.222496 1.375377
v 45.450668 34.439419 1.374211
v 45.848053 33.978565 1.374429
v 46.242867 33.418579 1.381925
v 45.376152 32.722404 1.375597
v 45.861347 33.139912 1.375576
v 45.361542 32.536495 1.400573
v 45.428780 34.577423 1.321013
v 45.631813 34.864880 1.126482
v 45.638031 34.871582 1.342972
v 45.896591 35.166893 0.859987
v 46.117371 35.408730 0.874765
v 46.605343 35.807777 0.872721
v 46.778793 35.904396 0.877376
v 46.787708 35.885059 1.015613
v 46.467323 36.403622 0.882608
v 46.462677 36.468712 0.841303
v 46.336975 36.476852 0.848330
v 46.315441 36.450157 1.146652
v 46.276852 36.341709 0.852093
v 46.303688 36.301403 1.116934
v 46.605343 35.807777 0.872721
v 46.545048 35.814636 0.837388
v 46.591629 35.839661 1.020422
v 46.464512 36.404366 1.123592
v 50.106403 35.691589 -0.749470
v 50.121025 35.696453 -0.703209
v 49.775925 33.887337 -0.749629
v 49.635239 35.720715 -0.748721
v 49.630245 35.562904 -0.521269
v 49.673603 35.653900 -0.649915
v 49.674728 35.492722 -0.565832
v 50.064560 35.497494 -0.567781
v 49.657669 33.887405 -0.558754
v 49.770149 33.867683 -0.566144
v 48.624283 35.000748 1.405423
v 48.567741 35.078121 1.437958
v 48.648785 34.852180 1.408921
v 48.606361 35.034019 1.781374
v 48.649834 34.859604 1.748942
v 48.530952 35.081844 1.835647
v 48.606850 34.863747 1.799625
v 48.012856 33.806374 1.577448
v 48.308296 33.679741 1.566579
v 48.332298 33.674320 1.380015
v 48.337860 34.939102 1.798372
v 48.009041 33.803696 1.405676
v 48.339378 34.951294 1.407692
v 47.974457 33.861229 1.378168
v 48.300446 34.973110 1.379037
v 48.487686 35.083847 1.404587
v 48.456860 35.059589 1.828592
v 46.990940 33.804031 1.409974
v 47.283302 33.874336 1.378631
v 46.984192 33.809738 1.579741
v 47.019634 33.849792 1.379637
v 47.313599 33.854424 1.412830
v 46.460896 33.566856 1.638731
v 46.690552 33.681862 1.569885
v 46.944641 33.792732 1.769104
v 47.293129 33.850460 1.541527
v 47.497330 33.881985 1.571434
v 47.502895 33.880676 1.768111
v 47.025383 33.689545 1.769308
v 46.381794 33.509327 1.763903
v 46.249859 33.414429 1.634601
v 46.475990 33.412613 1.774354
v 45.533325 32.709503 1.769531
v 45.842979 33.078468 1.712731
v 45.955479 32.980427 1.776525
v 45.484310 32.522945 1.769331
v 45.439846 32.390018 1.801491
v 45.958889 32.973618 1.894429
v 45.419502 32.361450 1.869172
v 46.248112 33.160378 1.923903
v 46.478020 33.388058 1.866611
v 45.586609 32.526840 1.924673
v 45.232155 32.010990 1.917655
v 49.245693 31.801020 1.921842
v 49.852871 31.786936 1.813053
v 46.816586 33.545773 1.923798
v 48.007534 33.635235 1.923524
v 48.697346 33.281723 1.922503
v 49.555676 32.386105 1.921901
v 49.853531 31.959974 1.907969
v 45.156303 31.787704 1.895076
v 45.148842 31.787514 1.806958
v 45.123360 31.761772 1.765378
v 45.133072 31.974857 1.770557
v 45.133289 32.206131 1.766636
v 45.054115 31.928398 1.764237
v 45.008457 32.047394 1.737451
v 45.006126 31.749937 1.742081
v 45.284534 32.443924 1.474007
v 45.301235 32.466770 1.731753
v 45.361542 32.536495 1.400573
v 45.834454 33.068756 1.418530
v 46.242867 33.418579 1.381925
v 45.861347 33.139912 1.375576
v 49.857483 31.959040 1.791526
v 49.903259 31.965452 1.757737
v 49.579700 32.364998 1.799507
v 49.596485 32.406300 1.770175
v 49.055222 32.965786 1.792171
v 48.520206 33.394501 1.804526
v 49.144646 32.922867 1.769289
v 48.559708 33.414959 1.770779
v 48.006088 33.648029 1.776181
v 48.060589 33.790833 1.768991
v 49.156036 33.082413 1.767444
v 48.749069 33.415024 1.633499
v 49.160553 33.082169 1.397395
v 49.698856 32.465065 1.768389
v 48.607067 33.524353 1.764814
v 48.538483 33.566422 1.638350
v 48.534630 33.564972 1.413756
v 48.332298 33.674320 1.380015
v 48.519440 33.613346 1.379557
v 48.308296 33.679741 1.566579
v 48.012856 33.806374 1.577448
v 48.009041 33.803696 1.405676
v 47.703873 33.850563 1.547930
v 47.709686 33.857735 1.380118
v 47.974457 33.861229 1.378168
v 47.685677 33.896404 1.419171
v 47.683998 33.908783 1.530568
v 47.317608 33.909668 1.526222
v 49.974648 32.062767 1.753557
v 49.729568 32.437462 1.471318
v 49.628601 32.560036 1.387177
v 49.991814 31.750036 1.744152
v 48.753178 33.416481 1.410259
v 48.820145 33.434608 1.377552
v 47.503616 33.729919 1.778257
v 47.472801 33.721054 1.919624
v 46.989216 33.642876 1.805562
v 46.650028 33.661926 1.375672
v 46.681129 33.705124 1.410810
v 46.465828 33.565079 1.416702
v 45.374931 34.928150 0.450633
v 45.349640 34.869873 0.403266
v 45.368977 33.681252 0.068599
v 45.346027 35.042091 0.353052
v 44.957355 35.020264 0.362069
v 45.370407 35.098373 0.266312
v 45.354866 34.955833 0.091393
v 44.924507 35.080372 0.299975
v 45.373055 34.930794 0.030053
v 44.973373 35.056282 0.203659
v 44.985023 34.949921 0.090843
v 44.953136 34.905083 0.135615
v 45.170189 33.819214 -0.232799
v 45.338730 33.836525 -0.230584
v 45.371605 33.808952 -0.264174
v 45.176044 33.711761 0.017624
v 45.201653 33.675934 0.060703
v 44.981064 34.856972 0.399058
v 44.964401 34.791367 0.350463
v 45.916042 36.746731 0.785525
v 46.097904 36.981827 0.630642
v 45.912998 36.949509 0.652252
v 45.910896 37.372650 0.277299
v 46.418221 37.359650 0.292070
v 46.761272 37.614861 -0.016178
v 45.950916 37.574654 0.022274
v 45.942223 37.714432 -0.203600
v 46.732231 37.775127 -0.335554
v 45.953083 37.814079 -0.449606
v 46.620075 37.827152 -0.531874
v 45.910973 37.861294 -0.749795
v 46.970360 37.860512 -0.731615
v 46.995533 37.849297 -0.749859
v 46.955269 37.808918 -0.391852
v 46.781666 37.811768 -0.380781
v 46.783424 37.676655 -0.026438
v 48.357624 36.947746 0.875841
v 48.087902 35.957413 0.852717
v 48.335411 37.076580 0.906504
v 48.397896 36.986000 0.842767
v 48.361980 36.973675 1.158537
v 48.070934 35.959282 0.960704
v 48.136585 37.041248 1.159605
v 48.278748 37.123913 1.182871
v 48.250130 37.129112 0.882644
v 48.125225 37.014347 0.881837
v 48.327980 37.162323 0.841100
v 48.179104 37.156097 0.840966
v 48.084877 36.989319 0.841063
v 47.747116 36.033096 0.838460
v 47.839100 36.022896 0.878570
v 47.845276 36.019909 0.959573
v 49.050026 36.746296 0.796936
v 48.916504 36.942345 0.660502
v 48.896122 36.959782 0.815158
v 48.571510 37.326885 0.839509
v 48.210930 37.627113 0.805748
v 48.564934 37.344944 0.307765
v 48.255253 37.596371 -0.003076
v 48.172783 37.649441 0.010873
v 47.945572 37.761528 0.471241
v 48.231560 37.672134 -0.025516
v 47.873573 37.842751 -0.024709
v 47.869797 37.807884 -0.190266
v 47.839157 37.806206 0.011004
v 47.648849 37.841366 0.772464
v 47.498779 37.860420 -0.192648
v 47.445480 37.850586 0.838497
v 47.186920 37.856445 -0.214425
v 47.172691 37.809456 0.005246
v 47.837296 37.882675 -0.214169
v 47.137695 37.813957 -0.185211
v 47.170227 37.808449 0.841020
v 46.761272 37.614861 -0.016178
v 46.783424 37.676655 -0.026438
v 46.992531 37.729664 0.114606
v 46.702847 37.555832 0.295087
v 46.435448 37.331642 0.358521
v 46.812355 37.641823 0.839315
v 46.448654 37.344872 0.836491
v 46.027111 36.864777 0.772771
v 46.141663 36.976616 0.840983
v 46.097904 36.981827 0.630642
v 45.916042 36.746731 0.785525
v 46.418221 37.359650 0.292070
v 47.876198 37.793850 0.841127
v 49.629234 33.810143 -0.241265
v 49.649544 34.954453 0.091017
v 49.628738 34.989693 0.062792
v 49.833359 33.844440 -0.224219
v 50.048790 34.936642 0.086277
v 49.826519 33.725597 0.039886
v 50.050789 34.869431 0.363620
v 49.787167 33.713772 0.070697
v 49.629486 33.671074 0.065203
v 50.020706 34.859810 0.399226
v 49.649788 34.853416 0.398363
v 50.032654 35.001823 0.367303
v 50.085800 35.077179 0.230206
v 50.003319 35.079536 0.313974
v 49.639900 35.007202 0.372534
v 49.635735 35.080780 0.309518
v 49.635994 35.087242 0.246854
v 48.820145 33.434608 1.377552
v 48.753178 33.416481 1.410259
v 49.138199 33.981796 1.379020
v 49.103546 33.986965 1.418454
v 49.115791 34.140347 1.379550
v 49.034901 34.207466 1.382098
v 49.097641 34.165031 1.727573
v 49.109337 34.001419 1.746088
v 49.034241 34.191509 1.785054
v 48.749069 33.415024 1.633499
v 48.883457 34.120148 1.758871
v 48.879467 34.117409 1.404411
v 48.538483 33.566422 1.638350
v 48.534630 33.564972 1.413756
v 48.519440 33.613346 1.379557
v 48.857357 34.159748 1.378280
v 47.685303 35.491875 1.416948
v 47.713882 35.540665 1.379623
v 47.685677 33.896404 1.419171
v 47.684494 35.492569 1.817599
v 47.709686 33.857735 1.380118
v 47.612656 35.636028 1.408373
v 47.565353 35.690010 1.871929
v 47.531300 35.716881 1.385653
v 47.408852 35.741890 1.379913
v 47.417774 35.678467 1.419292
v 47.315636 35.491760 1.409324
v 47.435440 35.688652 1.866350
v 47.345459 35.481964 1.829692
v 47.317039 35.500904 1.791405
v 47.317608 33.909668 1.526222
v 47.683998 33.908783 1.530568
v 47.313599 33.854424 1.412830
v 47.283302 33.874336 1.378631
v 47.275654 35.545609 1.379497
v 46.822769 41.664055 -0.433157
v 46.782455 41.492393 -0.242355
v 46.792248 41.745426 -0.595155
v 46.780022 41.772621 -0.748722
v 46.779781 41.197792 -0.617016
v 46.782230 40.957611 -0.378479
v 46.785042 41.238060 -0.747146
v 46.781307 41.298756 -0.102211
v 46.782688 39.828114 -0.059473
v 46.853004 41.207451 -0.024435
v 46.783424 37.676655 -0.026438
v 46.793343 40.667782 -0.025768
v 46.834602 41.300407 -0.075767
v 47.040424 41.537918 -0.026087
v 47.303398 41.732639 -0.026660
v 47.676315 41.738846 -0.023073
v 47.539223 41.764977 -0.061894
v 47.529205 41.263824 -0.023490
v 47.694828 41.188770 -0.024590
v 48.150875 41.316910 -0.025796
v 47.893021 41.615711 -0.066263
v 47.873573 37.842751 -0.024709
v 47.922279 40.962158 -0.025422
v 48.231594 41.215260 -0.092664
v 48.231560 37.672134 -0.025516
v 48.191780 39.488026 -0.028476
v 48.204117 40.979996 -0.026587
v 48.186226 41.292713 -0.073655
v 48.232117 41.582470 -0.333242
v 48.231632 41.233437 -0.569731
v 48.232754 41.761272 -0.669350
v 48.199074 41.707893 -0.514112
v 48.233292 41.288982 -0.749660
v 48.196114 41.771660 -0.749250
v 48.042892 41.275146 -0.739193
v 48.015366 41.301960 -0.750016
v 48.038399 37.850342 -0.651214
v 48.020153 37.841110 -0.749951
v 48.042770 40.987343 -0.415876
v 48.076294 37.809856 -0.383724
v 48.213478 37.829475 -0.381358
v 48.193604 39.078735 -0.383467
v 48.194717 40.986179 -0.383443
v 48.084232 40.992737 -0.384096
v 48.070908 41.238354 -0.601030
v 48.231750 40.960163 -0.345881
v 48.223831 39.570641 -0.378198
v 48.232040 39.175488 -0.330578
v 48.232124 37.846130 -0.338414
v 48.255253 37.596371 -0.003076
v 48.231705 39.396290 -0.067455
v 48.227585 39.963703 -0.030617
v 47.869934 40.970005 -0.045423
v 47.867996 40.994774 -0.188297
v 47.841831 40.949799 -0.213528
v 47.869797 37.807884 -0.190266
v 47.567268 41.249290 -0.213116
v 47.179184 40.961765 -0.214179
v 47.837296 37.882675 -0.214169
v 47.360542 41.226162 -0.194510
v 47.366005 41.226646 -0.024532
v 47.137478 40.972610 -0.184287
v 47.137695 37.813957 -0.185211
v 47.135254 40.972618 -0.025149
v 47.135197 37.843491 -0.024922
v 47.172691 37.809456 0.005246
v 46.821510 39.885399 -0.024701
v 47.186920 37.856445 -0.214425
v 46.781666 37.811768 -0.380781
v 46.931335 40.589237 -0.379323
v 46.955269 37.808918 -0.391852
v 46.970360 37.860512 -0.731615
v 46.974457 40.056221 -0.365449
v 46.951050 41.190758 -0.601835
v 46.969955 41.227188 -0.735887
v 46.924042 40.997059 -0.421613
v 46.995533 37.849297 -0.749859
v 45.913612 35.821217 0.207293
v 45.901257 36.306095 0.452776
v 45.888535 35.807533 0.146802
v 45.733597 35.806499 0.141235
v 45.612167 36.375359 0.473239
v 45.730846 35.928444 -0.011043
v 45.628914 36.389801 0.276761
v 45.885452 35.890602 -0.038608
v 45.912636 35.935822 -0.138359
v 45.910606 36.413612 0.286870
v 45.912853 36.462532 0.437557
v 45.618595 36.449348 0.366295
v 47.639069 37.430706 0.870547
v 47.664284 37.490429 0.840938
v 47.557709 37.568466 0.876141
v 47.641003 36.057415 0.861487
v 47.633976 37.430988 1.177804
v 47.626102 36.100960 0.926847
v 47.386902 37.483124 1.187862
v 47.572479 37.547810 1.201129
v 47.484592 37.592995 1.204094
v 47.494301 37.602577 0.842852
v 47.339462 37.471821 0.841745
v 47.416470 37.538956 0.862424
v 47.362495 37.430435 0.875339
v 47.362766 37.411377 1.140198
v 47.360573 36.053677 0.865932
v 47.373550 36.102814 0.926277
v 47.377899 36.055344 0.973923
v 47.606594 36.061417 0.971248
v 47.339462 37.471821 0.841745
v 47.190666 36.086044 0.840620
v 47.360573 36.053677 0.865932
v 47.170227 37.808449 0.841020
v 47.494301 37.602577 0.842852
v 47.323288 36.085625 0.839898
v 47.876198 37.793850 0.841127
v 47.557709 37.568466 0.876141
v 47.664284 37.490429 0.840938
v 47.641003 36.057415 0.861487
v 47.747116 36.033096 0.838460
v 48.084877 36.989319 0.841063
v 48.179104 37.156097 0.840966
v 48.571510 37.326885 0.839509
v 48.327980 37.162323 0.841100
v 48.397896 36.986000 0.842767
v 48.087902 35.957413 0.852717
v 48.196499 35.932594 0.840353
v 48.541866 36.485790 0.840841
v 48.685036 36.465187 0.841837
v 49.035267 36.677498 0.838197
v 48.743553 36.299370 0.841856
v 48.912579 35.443134 0.840663
v 48.396759 35.812695 0.870509
v 48.460182 35.830063 0.840158
v 48.901512 35.400696 0.872933
v 49.090309 35.201942 0.836513
v 49.086567 36.054615 0.783891
v 48.896122 36.959782 0.815158
v 49.050026 36.746296 0.796936
v 48.210930 37.627113 0.805748
v 47.445480 37.850586 0.838497
v 46.890244 37.077980 0.841546
v 46.706730 37.195351 0.841889
v 46.141663 36.976616 0.840983
v 46.448654 37.344872 0.836491
v 45.990238 36.683327 0.837311
v 46.027111 36.864777 0.772771
v 46.599430 36.973621 0.842112
v 46.913589 35.953697 0.859037
v 46.849678 35.913208 0.839034
v 46.462677 36.468712 0.841303
v 46.778793 35.904396 0.877376
v 46.336975 36.476852 0.848330
v 46.276852 36.341709 0.852093
v 46.545048 35.814636 0.837388
v 46.117371 35.408730 0.874765
v 45.965939 35.354572 0.837037
v 46.605343 35.807777 0.872721
v 45.896591 35.166893 0.859987
v 45.915939 35.348694 0.792601
v 45.921143 36.359505 0.833937
v 45.916042 36.746731 0.785525
v 47.161087 36.025555 0.874352
v 48.196114 41.771660 -0.749250
v 47.666355 41.772110 -0.739871
v 48.232754 41.761272 -0.669350
v 48.199074 41.707893 -0.514112
v 47.689285 41.736290 -0.567934
v 47.834518 41.661255 -0.425491
v 48.232117 41.582470 -0.333242
v 48.186226 41.292713 -0.073655
v 47.999939 41.516861 -0.258506
v 47.893021 41.615711 -0.066263
v 47.676315 41.738846 -0.023073
v 48.150875 41.316910 -0.025796
v 47.539223 41.764977 -0.061894
v 47.303398 41.732639 -0.026660
v 47.552620 41.761475 -0.549239
v 47.638905 41.793701 -0.593979
v 47.386719 41.759418 -0.553602
v 47.353333 41.806625 -0.612978
v 47.307186 41.745518 -0.589417
v 47.348656 41.773937 -0.749314
v 46.780022 41.772621 -0.748722
v 46.792248 41.745426 -0.595155
v 46.822769 41.664055 -0.433157
v 47.188362 41.665459 -0.430466
v 47.016266 41.518692 -0.258791
v 46.782455 41.492393 -0.242355
v 46.834602 41.300407 -0.075767
v 47.040424 41.537918 -0.026087
v 47.664967 41.812790 -0.635327
v 45.017231 34.195244 0.790789
v 45.014477 34.151901 0.852254
v 44.977123 34.086823 0.829010
v 45.376316 34.181221 0.726194
v 45.374134 34.195671 0.830920
v 44.995609 34.120018 0.634478
v 45.111107 33.570343 0.295655
v 45.374329 34.104519 0.616957
v 45.374447 33.566261 0.284353
v 45.114441 33.417809 0.499604
v 45.024410 33.995781 0.859217
v 45.348499 33.414143 0.500552
v 45.343086 33.989910 0.855553
v 45.378658 34.035763 0.910944
v 45.355213 34.115322 0.863614
v 49.770149 33.867683 -0.566144
v 49.657669 33.887405 -0.558754
v 49.628647 33.844398 -0.499866
v 49.875473 33.805977 -0.251577
v 49.775925 33.887337 -0.749629
v 49.968391 33.794003 -0.197232
v 50.011528 33.867996 -0.743013
v 50.019337 33.780453 -0.269812
v 50.024094 33.724777 -0.749784
v 50.025192 33.648968 -0.249666
v 50.172501 33.716034 -0.747607
v 50.130821 33.640671 -0.241945
v 50.173851 33.571289 -0.131892
v 50.170067 31.795647 -0.745400
v 50.171082 32.434811 1.263751
v 50.174023 33.187668 0.498753
v 50.167492 31.788628 1.599574
v 50.038509 31.787199 1.600855
v 50.151295 31.964087 1.596232
v 50.019753 31.961042 1.605427
v 49.991814 31.750036 1.744152
v 50.020683 32.787102 1.160547
v 50.027603 32.379105 1.321448
v 50.009796 32.079220 1.707235
v 49.958885 32.445717 1.464968
v 49.974648 32.062767 1.753557
v 49.729568 32.437462 1.471318
v 49.628601 32.560036 1.387177
v 49.633446 33.077103 0.910941
v 49.627579 33.416988 0.506934
v 49.979038 33.088615 0.900639
v 49.951874 33.564281 0.295115
v 49.882248 33.413403 0.497598
v 50.019600 33.519287 0.329751
v 50.025085 33.392147 0.282888
v 50.024178 32.976715 0.793012
v 50.141678 33.388893 0.269248
v 50.133324 32.969330 0.795197
v 49.895645 33.610046 0.317897
v 49.634727 33.568665 0.285818
v 49.629486 33.671074 0.065203
v 49.854774 33.664909 0.073569
v 49.787167 33.713772 0.070697
v 49.826519 33.725597 0.039886
v 49.833359 33.844440 -0.224219
v 49.629234 33.810143 -0.241265
v 45.374447 33.566261 0.284353
v 45.368977 33.681252 0.068599
v 44.980282 33.693115 0.009063
v 45.111107 33.570343 0.295655
v 45.201653 33.675934 0.060703
v 45.176044 33.711761 0.017624
v 45.170189 33.819214 -0.232799
v 44.982155 33.805786 -0.276965
v 45.371605 33.808952 -0.264174
v 45.371452 33.851315 -0.535332
v 45.235676 33.859596 -0.567333
v 45.187622 33.880772 -0.739481
v 44.981838 33.876625 -0.746313
v 44.974838 33.725075 -0.749947
v 44.826099 33.717308 -0.720187
v 44.974838 33.642677 -0.236186
v 44.974438 33.392921 0.280968
v 44.856590 33.639462 -0.240034
v 44.825981 33.493988 0.081486
v 44.856369 33.391014 0.272949
v 44.827553 32.803280 0.961420
v 44.971081 32.958801 0.811234
v 44.978706 32.648571 1.276549
v 44.972115 32.373180 1.324739
v 44.980881 31.957607 1.619193
v 44.837391 31.964317 1.591549
v 44.832546 31.788366 1.591771
v 44.829857 31.816624 -0.749824
v 44.958530 31.784950 1.602212
v 45.006126 31.749937 1.742081
v 45.054115 31.928398 1.764237
v 45.008457 32.047394 1.737451
v 45.011379 32.454330 1.458246
v 45.284534 32.443924 1.474007
v 45.350006 33.081024 0.910442
v 45.361542 32.536495 1.400573
v 45.376808 33.078526 0.959168
v 45.348499 33.414143 0.500552
v 45.114441 33.417809 0.499604
v 45.008076 33.079800 0.909470
v 44.988022 33.479767 0.411671
v 45.908920 37.442268 -0.579666
v 45.880119 37.433300 -0.611542
v 45.904774 37.579643 -0.713459
v 45.908981 36.059906 -0.585358
v 45.801052 36.048996 -0.589568
v 45.876640 36.102020 -0.611322
v 45.809673 36.180626 -0.608872
v 45.545849 37.564934 -0.690882
v 45.595619 37.427742 -0.611704
v 45.825897 36.074989 -0.749966
v 45.544941 37.581345 -0.748415
v 45.912289 36.968193 0.147980
v 45.887054 36.957466 0.110025
v 45.912636 35.935822 -0.138359
v 45.897915 37.081963 0.081143
v 45.582478 37.063477 0.084950
v 45.902031 37.129402 0.020562
v 45.888630 37.103836 -0.052207
v 45.567875 37.125984 0.025262
v 45.595337 36.955841 0.108018
v 45.593292 37.023743 -0.119650
v 45.787579 36.032185 -0.402297
v 45.886162 37.004623 -0.129519
v 45.900021 36.035423 -0.410543
v 45.786736 35.973816 -0.178276
v 45.873447 35.976562 -0.171096
v 45.912289 36.968193 0.147980
v 45.910606 36.413612 0.286870
v 45.912807 37.048061 0.226644
v 45.912853 36.462532 0.437557
v 45.912636 35.935822 -0.138359
v 45.897915 37.081963 0.081143
v 45.902031 37.129402 0.020562
v 45.911549 37.257786 0.012532
v 45.888630 37.103836 -0.052207
v 45.910973 36.997276 -0.183440
v 45.886162 37.004623 -0.129519
v 45.900021 36.035423 -0.410543
v 45.908981 36.059906 -0.585358
v 45.909630 37.714966 -0.293742
v 45.908920 37.442268 -0.579666
v 45.904774 37.579643 -0.713459
v 45.910973 37.861294 -0.749795
v 45.953083 37.814079 -0.449606
v 45.942223 37.714432 -0.203600
v 45.950916 37.574654 0.022274
v 45.910896 37.372650 0.277299
v 45.912998 36.949509 0.652252
v 45.916042 36.746731 0.785525
v 45.901257 36.306095 0.452776
v 45.913612 35.821217 0.207293
v 45.915939 35.348694 0.792601
v 45.921143 36.359505 0.833937
v 45.890854 35.442131 0.602352
v 45.896591 35.166893 0.859987
v 45.888535 35.807533 0.146802
v 49.111080 35.809647 0.145009
v 49.114994 35.399040 0.647184
v 49.088120 35.840183 0.200067
v 49.086567 36.054615 0.783891
v 49.090309 35.201942 0.836513
v 49.087029 36.634804 0.803777
v 49.099152 36.303329 0.453549
v 49.095795 36.468925 0.440579
v 49.088734 36.448044 0.278024
v 49.087555 35.912254 -0.109462
v 49.091839 36.984268 0.119868
v 49.090412 37.635315 -0.053114
v 49.113930 35.981926 -0.168088
v 49.093327 37.137711 0.028460
v 49.098366 37.039448 -0.120593
v 49.096329 36.028969 -0.411657
v 49.091431 36.059525 -0.583281
v 49.121445 36.090286 -0.612036
v 49.091248 37.443207 -0.573690
v 49.089935 37.859772 -0.748193
v 49.100704 37.560181 -0.683208
v 49.115784 37.426407 -0.612207
v 49.077866 37.619820 -0.749843
v 49.065563 37.831154 -0.555739
v 49.071026 37.775093 -0.344106
v 49.081470 37.349453 0.296272
v 49.060589 36.961357 0.643088
v 49.050026 36.746296 0.796936
v 49.035267 36.677498 0.838197
v 47.565651 44.272179 -0.752351
v 47.555717 44.545288 -0.708643
v 47.666355 41.772110 -0.739871
v 47.664967 41.812790 -0.635327
v 47.638905 41.793701 -0.593979
v 47.401318 41.894981 -0.594893
v 47.353333 41.806625 -0.612978
v 47.502884 44.196362 -0.683615
v 47.462486 44.475548 -0.700383
v 47.441856 44.193005 -0.725862
v 47.434509 43.949329 -0.676175
v 47.348656 41.773937 -0.749314
v 47.465103 44.549458 -0.748595
v 49.091431 36.059525 -0.583281
v 49.121445 36.090286 -0.612036
v 49.170166 36.054237 -0.616872
v 49.096329 36.028969 -0.411657
v 49.210495 36.025261 -0.406616
v 49.247849 36.000679 -0.285278
v 49.212303 35.972187 -0.175164
v 49.599510 35.999329 -0.281911
v 49.629681 36.073875 -0.748780
v 49.630028 35.940407 -0.226815
v 49.602104 35.775238 0.182744
v 49.312065 35.894073 -0.063589
v 49.266167 35.808582 0.140530
v 49.601021 35.398438 0.650093
v 49.630669 35.662621 0.308825
v 49.624832 34.619370 1.195141
v 49.624485 34.938522 1.053963
v 49.573700 34.674644 1.244357
v 49.395527 34.841042 1.138245
v 49.114994 35.399040 0.647184
v 49.090309 35.201942 0.836513
v 49.623009 34.567207 1.312923
v 49.566422 34.567741 1.372236
v 49.624557 34.424263 1.323789
v 49.616592 33.729733 1.369452
v 49.579163 32.698021 1.376691
v 49.625660 32.851627 1.320210
v 49.626137 34.004536 0.865364
v 49.627579 33.416988 0.506934
v 49.633446 33.077103 0.910941
v 49.628601 32.560036 1.387177
v 49.638439 34.202755 0.831485
v 49.626774 34.127464 0.635067
v 49.634727 33.568665 0.285818
v 49.627262 34.774651 0.422550
v 49.629486 33.671074 0.065203
v 49.649788 34.853416 0.398363
v 49.639900 35.007202 0.372534
v 49.635735 35.080780 0.309518
v 49.627262 35.012894 0.497963
v 49.628017 35.216999 0.284383
v 49.635994 35.087242 0.246854
v 49.628738 34.989693 0.062792
v 49.629234 33.810143 -0.241265
v 49.628647 33.844398 -0.499866
v 49.657669 33.887405 -0.558754
v 49.630245 35.562904 -0.521269
v 49.635239 35.720715 -0.748721
v 49.111080 35.809647 0.145009
v 49.266479 35.918495 -0.016231
v 49.108582 35.900711 -0.031544
v 49.087555 35.912254 -0.109462
v 49.113930 35.981926 -0.168088
v 49.181377 36.073624 -0.749898
v 0.752445 32.791962 2.659077
v 2.016129 32.791962 2.660540
v 0.752447 32.270081 2.638310
v -0.511234 32.791962 2.660540
v 0.752445 33.179756 2.682770
v 1.622885 33.179756 2.683777
v 0.752445 33.418556 2.708478
v -0.117994 33.179756 2.683777
v 0.308699 33.418556 2.708992
v -0.954985 33.179756 2.686762
v -0.117994 33.418556 2.710513
v -1.726355 32.791962 2.664873
v -1.726358 33.179756 2.691608
v -0.511236 33.418556 2.712984
v -2.846216 32.791962 2.671909
v -2.402475 33.179756 2.698130
v -2.957346 33.179756 2.706078
v -0.855917 33.418556 2.716309
v -3.827784 32.791962 2.681378
v -5.077085 32.270081 2.666693
v -4.633337 32.791962 2.692915
v -6.102358 32.270081 2.681378
v -5.231916 32.791962 2.706079
v -3.369658 33.179756 2.715145
v -6.864202 32.270081 2.698131
v -5.600519 32.791962 2.720362
v -3.623552 33.179756 2.724983
v -7.333345 32.270081 2.716310
v -5.724977 32.791962 2.735216
v -3.709284 33.179756 2.735215
v -7.491755 32.270081 2.735216
v -5.600519 32.791962 2.750070
v -3.623556 33.179756 2.745446
v -7.333345 32.270081 2.754121
v -5.231916 32.791962 2.764352
v -3.369658 33.179756 2.755284
v -6.864206 32.270081 2.772300
v -4.633341 32.791962 2.777516
v -2.957350 33.179756 2.764351
v -6.102358 32.270081 2.789054
v -3.827787 32.791962 2.789054
v -2.846220 32.791962 2.798522
v -2.402475 33.179756 2.772299
v -5.077085 32.270081 2.803739
v -6.102358 31.634167 2.815790
v -3.827791 32.270081 2.815790
v -4.633341 31.634167 2.829961
v -2.402475 32.270081 2.824745
v -1.726358 32.791962 2.805558
v -2.957350 31.634167 2.840491
v -0.855919 32.270081 2.830259
v -0.511238 32.791962 2.809891
v -1.138792 31.634167 2.846975
v 0.752445 32.270081 2.832122
v 0.752443 32.791962 2.811354
v 0.752443 31.634167 2.849165
v 2.360809 32.270081 2.830259
v 2.016127 32.791962 2.809891
v 2.643681 31.634167 2.846975
v 3.907364 32.270081 2.824745
v 3.231249 32.791962 2.805558
v 4.462236 31.634167 2.840491
v 5.332680 32.270081 2.815790
v 6.581976 32.270081 2.803739
v 4.351110 32.791962 2.798522
v 6.138229 31.634167 2.829961
v 6.736811 30.908657 2.840491
v 7.607248 31.634167 2.815790
v 8.369097 30.908657 2.824745
v 8.812841 31.634167 2.798522
v 7.607250 32.270081 2.789054
v 9.708679 30.908657 2.805558
v 9.708679 31.634167 2.778822
v 8.369097 32.270081 2.772300
v 10.704081 30.908657 2.783668
v 10.260330 31.634167 2.757446
v 8.838240 32.270081 2.754121
v 11.317043 30.908657 2.759917
v 10.446602 31.634167 2.735216
v 8.996649 32.270081 2.735216
v 11.524017 30.908657 2.735216
v 10.260330 31.634167 2.712985
v 8.838240 32.270081 2.716310
v 11.317043 30.908657 2.710514
v 9.708679 31.634167 2.691609
v 8.369097 32.270081 2.698131
v 8.812843 31.634167 2.671909
v 10.704081 30.908657 2.686763
v 11.317043 30.121435 2.683778
v 9.708679 30.908657 2.664873
v 10.260334 30.121435 2.660540
v 8.369097 30.908657 2.645686
v 7.607250 31.634167 2.654641
v 8.838240 30.121435 2.640172
v 6.736811 30.908657 2.629940
v 6.138231 31.634167 2.640470
v 7.105413 30.121435 2.623456
v 4.874548 30.908657 2.618240
v 4.462238 31.634167 2.629940
v 5.128445 30.121435 2.611035
v 2.853874 30.908657 2.611035
v 2.643681 31.634167 2.623456
v 2.983311 30.121435 2.603386
v 0.752445 30.908657 2.608602
v -1.348982 30.908657 2.611035
v 0.752445 31.634167 2.621266
v 0.752445 30.121435 2.600803
v -1.478415 30.121435 2.603386
v 0.752445 29.302750 2.598170
v 3.027016 29.302750 2.600803
v -1.522116 29.302750 2.600803
v 0.752445 28.484064 2.600803
v -1.478415 28.484064 2.603386
v 0.752445 27.696842 2.608602
v 2.983311 28.484064 2.603386
v 5.128445 28.484064 2.611035
v 2.853874 27.696842 2.611035
v 2.643681 26.971333 2.623456
v 4.874548 27.696842 2.618240
v 4.462238 26.971333 2.629940
v 6.736811 27.696842 2.629940
v 7.105413 28.484064 2.623456
v 6.138231 26.971333 2.640470
v 8.369097 27.696842 2.645686
v 8.838240 28.484064 2.640172
v 7.607250 26.971333 2.654641
v 9.708679 27.696842 2.664873
v 10.260334 28.484064 2.660540
v 8.812843 26.971333 2.671909
v 10.704081 27.696842 2.686763
v 11.317043 28.484064 2.683778
v 11.317043 27.696842 2.710514
v 9.708679 26.971333 2.691609
v 8.369097 26.335419 2.698131
v 10.260330 26.971333 2.712985
v 10.446602 26.971333 2.735216
v 8.838240 26.335419 2.716310
v 8.996649 26.335419 2.735216
v 7.105413 25.813538 2.720362
v 5.128445 25.425745 2.724984
v 7.229874 25.813538 2.735216
v 6.736811 25.813538 2.706079
v 6.138231 25.813538 2.692915
v 4.874548 25.425745 2.715146
v 4.462238 25.425745 2.706079
v 2.853874 25.186943 2.724984
v 2.643681 25.186943 2.720362
v 0.752445 25.106310 2.735216
v 2.983309 25.186943 2.729999
v 3.027016 25.186943 2.735216
v 5.214176 25.425745 2.735216
v 2.983309 25.186943 2.740432
v 5.128445 25.425745 2.745447
v 2.853874 25.186943 2.745447
v 4.874548 25.425745 2.755285
v 2.643681 25.186943 2.750070
v 4.462238 25.425745 2.764352
v 2.360809 25.186943 2.754121
v 3.907364 25.425745 2.772300
v 2.016129 25.186943 2.757446
v 3.231249 25.425745 2.778822
v 1.622885 25.186943 2.759917
v 2.459875 25.425745 2.783668
v 1.196192 25.186943 2.761438
v 0.752445 25.186943 2.761952
v 1.622885 25.425745 2.786653
v 2.016127 25.813538 2.809891
v 0.752445 25.425745 2.787661
v 0.752443 25.813538 2.811354
v -0.117996 25.425745 2.786653
v -0.511238 25.813538 2.809891
v 0.308699 25.186943 2.761438
v -0.954987 25.425745 2.783668
v -1.726358 25.813538 2.805558
v -0.117994 25.186943 2.759917
v -1.726358 25.425745 2.778822
v -2.846220 25.813538 2.798522
v -2.402475 25.425745 2.772300
v -0.511238 25.186943 2.757446
v -0.855919 25.186943 2.754121
v -1.138790 25.186943 2.750070
v -2.957350 25.425745 2.764352
v -1.348982 25.186943 2.745447
v -3.369658 25.425745 2.755285
v -1.478418 25.186943 2.740432
v -3.623556 25.425745 2.745447
v -1.522123 25.186943 2.735216
v -1.478418 25.186943 2.729999
v -3.709284 25.425745 2.735216
v -5.724977 25.813538 2.735216
v -3.623552 25.425745 2.724984
v -5.600519 25.813538 2.720362
v -3.369658 25.425745 2.715146
v -5.231916 25.813538 2.706079
v -1.348982 25.186943 2.724984
v -2.957346 25.425745 2.706079
v -4.633337 25.813538 2.692915
v -1.138790 25.186943 2.720362
v -2.402475 25.425745 2.698131
v -3.827784 25.813538 2.681378
v -0.855917 25.186943 2.716310
v -1.726358 25.425745 2.691609
v -2.846216 25.813538 2.671909
v -0.511236 25.186943 2.712985
v -0.954985 25.425745 2.686763
v -1.726355 25.813538 2.664873
v -0.117994 25.186943 2.710514
v -0.117994 25.425745 2.683778
v 0.308699 25.186943 2.708993
v 0.752445 25.425745 2.682771
v -0.511234 25.813538 2.660540
v -0.855917 26.335419 2.640172
v 0.752447 25.813538 2.659077
v 2.016129 25.813538 2.660540
v 0.752447 26.335419 2.638310
v 2.360809 26.335419 2.640172
v 0.752445 26.971333 2.621266
v -1.138786 26.971333 2.623456
v -1.348982 27.696842 2.611035
v -2.957346 26.971333 2.629940
v -3.369658 27.696842 2.618240
v -2.402475 26.335419 2.645686
v -4.633337 26.971333 2.640470
v -6.102354 26.971333 2.654641
v -5.231916 27.696842 2.629940
v -3.827787 26.335419 2.654641
v -5.077085 26.335419 2.666693
v -6.102358 26.335419 2.681378
v -7.307947 26.971333 2.671909
v -6.864202 26.335419 2.698131
v -8.203783 26.971333 2.691609
v -7.333345 26.335419 2.716310
v -8.755434 26.971333 2.712985
v -7.491755 26.335419 2.735216
v -8.941706 26.971333 2.735216
v -7.333345 26.335419 2.754121
v -8.755442 26.971333 2.757446
v -5.600519 25.813538 2.750070
v -6.864206 26.335419 2.772300
v -6.102358 26.335419 2.789054
v -8.203783 26.971333 2.778822
v -5.231916 25.813538 2.764352
v -4.633341 25.813538 2.777516
v -3.827787 25.813538 2.789054
v -5.077085 26.335419 2.803739
v -3.827791 26.335419 2.815790
v -6.102358 26.971333 2.815790
v -4.633341 26.971333 2.829961
v -6.864202 27.696842 2.824745
v -7.307951 26.971333 2.798522
v -8.203783 27.696842 2.805558
v -8.755442 28.484064 2.809891
v -9.199186 27.696842 2.783668
v -9.812151 28.484064 2.786653
v -9.812151 27.696842 2.759917
v -10.462870 28.484064 2.761438
v -10.019125 27.696842 2.735216
v -10.682589 28.484064 2.735216
v -9.812147 27.696842 2.710514
v -10.462870 28.484064 2.708993
v -9.199186 27.696842 2.686763
v -9.812147 28.484064 2.683778
v -8.203783 27.696842 2.664873
v -6.864202 27.696842 2.645686
v -8.755434 28.484064 2.660540
v -8.941698 29.302750 2.659077
v -7.333342 28.484064 2.640172
v -7.491747 29.302750 2.638310
v -5.600519 28.484064 2.623456
v -5.724974 29.302750 2.621266
v -3.623552 28.484064 2.611035
v -3.709276 29.302750 2.608602
v -3.623552 30.121435 2.611035
v -3.369658 30.908657 2.618240
v -5.600519 30.121435 2.623456
v -5.231916 30.908657 2.629940
v -7.333342 30.121435 2.640172
v -6.864202 30.908657 2.645686
v -8.755434 30.121435 2.660540
v -8.203783 30.908657 2.664873
v -9.812147 30.121435 2.683778
v -9.199186 30.908657 2.686763
v -10.019117 29.302750 2.682770
v -10.462870 30.121435 2.708993
v -10.682589 30.121435 2.735216
v -9.812147 30.908657 2.710514
v -10.682581 29.302750 2.708479
v -10.906610 29.302750 2.735216
v -10.682581 29.302750 2.761952
v -10.462870 30.121435 2.761438
v -10.019121 29.302750 2.787661
v -9.812151 30.121435 2.786653
v -8.941706 29.302750 2.811354
v -8.755442 30.121435 2.809891
v -7.491755 29.302750 2.832121
v -7.333345 30.121435 2.830259
v -7.333345 28.484064 2.830259
v -5.724981 29.302750 2.849165
v -5.600523 30.121435 2.846975
v -5.600523 28.484064 2.846975
v -3.709284 29.302750 2.861829
v -3.623556 30.121435 2.859396
v -3.623556 28.484064 2.859396
v -1.522127 29.302750 2.869628
v 0.752441 29.302750 2.872261
v -1.478422 30.121435 2.867045
v -1.478422 28.484064 2.867045
v -1.348986 27.696842 2.859396
v 0.752443 28.484064 2.869628
v 0.752445 27.696842 2.861829
v 2.983309 28.484064 2.867045
v 3.027012 29.302750 2.869628
v 2.853874 27.696842 2.859396
v 5.128443 28.484064 2.859396
v 5.214172 29.302750 2.861829
v 4.874548 27.696842 2.852191
v 7.105412 28.484064 2.846975
v 7.229870 29.302750 2.849165
v 6.736811 27.696842 2.840491
v 8.838238 28.484064 2.830259
v 8.996643 29.302750 2.832122
v 8.369097 27.696842 2.824745
v 10.260330 28.484064 2.809891
v 10.446598 29.302750 2.811354
v 9.708679 27.696842 2.805558
v 11.317043 28.484064 2.786653
v 11.967762 28.484064 2.761438
v 11.524012 29.302750 2.787661
v 10.704081 27.696842 2.783668
v 9.708679 26.971333 2.778822
v 11.317043 27.696842 2.759917
v 10.260330 26.971333 2.757446
v 11.524017 27.696842 2.735216
v 12.187485 28.484064 2.735216
v 12.411509 29.302750 2.735216
v 11.967764 28.484064 2.708993
v 12.187483 29.302750 2.708479
v 11.967764 30.121435 2.708993
v 11.524017 29.302750 2.682771
v 10.446604 29.302750 2.659077
v 8.996651 29.302750 2.638310
v 7.229876 29.302750 2.621266
v 5.214176 29.302750 2.608602
v 12.187485 30.121435 2.735216
v 11.967762 30.121435 2.761438
v 11.317043 30.121435 2.786653
v 12.187481 29.302750 2.761952
v 10.260330 30.121435 2.809891
v 8.838238 30.121435 2.830259
v 7.105412 30.121435 2.846975
v 5.128443 30.121435 2.859396
v 4.874548 30.908657 2.852191
v 2.983309 30.121435 2.867045
v 0.752443 30.121435 2.869628
v 2.853874 30.908657 2.859396
v 0.752445 30.908657 2.861829
v -1.348986 30.908657 2.859396
v -3.369658 30.908657 2.852191
v -5.231920 30.908657 2.840491
v -6.864202 30.908657 2.824745
v -8.203783 30.908657 2.805558
v -7.307951 31.634167 2.798522
v -9.199186 30.908657 2.783668
v -8.203783 31.634167 2.778822
v -9.812151 30.908657 2.759917
v -10.019125 30.908657 2.735216
v -8.755442 31.634167 2.757446
v -8.941706 31.634167 2.735216
v -8.755434 31.634167 2.712985
v -8.203783 31.634167 2.691609
v -7.307947 31.634167 2.671909
v -6.102354 31.634167 2.654641
v -4.633337 31.634167 2.640470
v -3.827787 32.270081 2.654641
v -2.957346 31.634167 2.629940
v -1.138786 31.634167 2.623456
v -2.402475 32.270081 2.645686
v -0.855917 32.270081 2.640172
v 8.838240 26.335419 2.754121
v 7.105413 25.813538 2.750070
v 8.369097 26.335419 2.772300
v 6.736807 25.813538 2.764352
v 7.607250 26.335419 2.789054
v 8.812841 26.971333 2.798522
v 6.138229 25.813538 2.777516
v 6.581976 26.335419 2.803739
v 5.332678 25.813538 2.789054
v 5.332680 26.335419 2.815790
v 7.607248 26.971333 2.815790
v 6.138229 26.971333 2.829961
v 4.462236 26.971333 2.840491
v 2.643681 26.971333 2.846975
v 3.907364 26.335419 2.824745
v 3.231249 25.813538 2.805558
v 2.360809 26.335419 2.830259
v 0.752445 26.335419 2.832122
v 0.752443 26.971333 2.849165
v -0.855919 26.335419 2.830259
v -1.138792 26.971333 2.846975
v -2.402475 26.335419 2.824745
v -2.957350 26.971333 2.840491
v -3.369658 27.696842 2.852191
v -5.231920 27.696842 2.840491
v 4.351110 25.813538 2.798522
v 3.907368 26.335419 2.645686
v 3.231251 25.813538 2.664873
v 5.332682 26.335419 2.654641
v 6.581980 26.335419 2.666693
v 4.351112 25.813538 2.671909
v 5.332680 25.813538 2.681378
v 3.231251 25.425745 2.691609
v 3.907368 25.425745 2.698131
v 2.016129 25.186943 2.712985
v 2.459877 25.425745 2.686763
v 1.622885 25.186943 2.710514
v 1.622885 25.425745 2.683778
v 1.196192 25.186943 2.708993
v 0.752445 25.186943 2.708479
v 2.360809 25.186943 2.716310
v 7.607252 26.335419 2.681378
v 2.360809 32.270081 2.640172
v 3.907368 32.270081 2.645686
v 3.231251 32.791962 2.664873
v 5.332682 32.270081 2.654641
v 6.581980 32.270081 2.666693
v 4.351112 32.791962 2.671909
v 3.231251 33.179756 2.691608
v 5.332680 32.791962 2.681378
v 3.907368 33.179756 2.698130
v 6.138231 32.791962 2.692915
v 4.462238 33.179756 2.706078
v 6.736811 32.791962 2.706079
v 7.607252 32.270081 2.681378
v 4.874548 33.179756 2.715145
v 7.105413 32.791962 2.720362
v 5.128445 33.179756 2.724983
v 7.229874 32.791962 2.735216
v 5.214176 33.179756 2.735215
v 7.105413 32.791962 2.750070
v 5.128445 33.179756 2.745446
v 6.736807 32.791962 2.764352
v 4.874548 33.179756 2.755284
v 6.138229 32.791962 2.777516
v 5.332678 32.791962 2.789054
v 4.462238 33.179756 2.764351
v 2.643681 33.418556 2.750069
v 3.907364 33.179756 2.772299
v 2.360809 33.418556 2.754120
v 3.231249 33.179756 2.778821
v 2.016129 33.418556 2.757445
v 2.459875 33.179756 2.783667
v 1.622885 33.418556 2.759916
v 1.622885 33.179756 2.786652
v 1.196192 33.418556 2.761437
v 0.752445 33.179756 2.787660
v 0.752445 33.418556 2.761951
v -0.117996 33.179756 2.786652
v 0.308699 33.418556 2.761437
v -0.954987 33.179756 2.783667
v -1.726358 33.179756 2.778821
v -0.117994 33.418556 2.759916
v 0.752445 33.499191 2.735215
v -0.511238 33.418556 2.757445
v -0.855919 33.418556 2.754120
v -1.138790 33.418556 2.750069
v -1.348982 33.418556 2.745446
v -1.478418 33.418556 2.740431
v -1.522123 33.418556 2.735215
v -1.478418 33.418556 2.729998
v -1.348982 33.418556 2.724983
v -1.138790 33.418556 2.720361
v 2.983309 33.418556 2.729998
v 2.853874 33.418556 2.745446
v 2.853874 33.418556 2.724983
v 2.983309 33.418556 2.740431
v 3.027016 33.418556 2.735215
v 2.643681 33.418556 2.720361
v 2.360809 33.418556 2.716309
v 2.016129 33.418556 2.712984
v 1.622885 33.418556 2.710513
v 1.196192 33.418556 2.708992
v 2.459877 33.179756 2.686762
vn -0.0000 -1.0000 -0.0000
vn -1.0000 -0.0000 -0.0000
vn -0.0000 -0.0000 1.0000
vn 1.0000 -0.0000 -0.0000
vn -0.0000 1.0000 -0.0000
vn -0.0000 -0.0000 -1.0000
vn -0.9962 -0.0004 0.0866
vn -0.8364 -0.0004 0.5481
vn -0.8790 0.0005 0.4768
vn -0.9961 0.0002 0.0880
vn -0.9974 -0.0130 0.0710
vn -1.0000 0.0037 0.0021
vn -0.9997 0.0224 -0.0131
vn -0.9864 0.0086 0.1641
vn -0.9156 -0.1302 0.3804
vn -0.8138 -0.2985 0.4986
vn -0.8266 0.2396 0.5092
vn -0.7652 0.5017 0.4035
vn -0.9932 0.0943 0.0686
vn -0.9415 0.0002 0.3370
vn -0.8697 -0.0236 0.4931
vn -0.7048 0.2324 0.6703
vn -0.9743 0.0298 0.2233
vn -0.8691 0.2595 0.4212
vn -0.7180 0.2944 0.6307
vn -0.8349 -0.0041 0.5504
vn -0.4024 -0.0018 0.9155
vn -0.8856 -0.4582 0.0759
vn -0.8328 -0.2079 -0.5130
vn -0.8633 -0.4371 -0.2523
vn -0.5169 -0.8561 0.0009
vn -0.9472 -0.0385 -0.3183
vn -0.6453 -0.3009 -0.7022
vn -0.9566 -0.0044 -0.2913
vn -0.9998 -0.0073 -0.0166
vn -1.0000 -0.0000 0.0061
vn -0.7930 -0.0548 -0.6068
vn -0.9995 -0.0081 0.0300
vn -1.0000 -0.0002 0.0001
vn -0.9999 -0.0008 -0.0151
vn -1.0000 -0.0001 -0.0054
vn -0.9828 -0.0016 -0.1847
vn -0.9999 0.0016 -0.0126
vn -0.9987 -0.0031 -0.0509
vn -0.9465 0.2574 0.1947
vn -0.9998 -0.0001 -0.0180
vn -0.9353 0.0486 -0.3505
vn -0.9279 -0.0558 -0.3686
vn -0.6284 0.0122 -0.7778
vn -0.9946 0.0566 -0.0875
vn -0.9865 0.1635 -0.0053
vn -0.7516 -0.4140 -0.5134
vn 0.5859 0.0462 0.8091
vn 0.0841 0.0060 0.9964
vn 0.4709 0.0013 0.8822
vn 0.5011 -0.0040 0.8654
vn 0.0650 -0.0005 0.9979
vn 0.4733 0.0644 0.8785
vn 0.3210 0.0230 0.9468
vn 0.0205 -0.0004 0.9998
vn 0.2609 0.0410 0.9645
vn 0.6732 0.0933 0.7335
vn 0.7652 -0.0420 0.6424
vn 0.2723 -0.0086 0.9622
vn 0.2226 0.0614 0.9730
vn 0.8332 0.1179 0.5403
vn 0.8108 -0.2145 0.5445
vn -0.0658 0.0718 0.9952
vn -0.0038 -0.0036 1.0000
vn -0.3365 0.0931 0.9371
vn 0.0668 -0.0747 0.9950
vn -0.7096 0.1991 0.6758
vn -0.7536 0.2541 0.6062
vn -0.4688 0.0530 0.8817
vn 0.0611 -0.0102 0.9981
vn -0.3758 -0.0475 0.9255
vn -0.1790 -0.0686 0.9815
vn 0.0674 0.0749 0.9949
vn 0.2301 0.2075 0.9508
vn -0.0804 -0.0912 0.9926
vn -0.2134 -0.2146 0.9531
vn 0.2323 -0.2053 0.9507
vn -0.2190 0.2114 0.9526
vn 0.0818 0.0851 0.9930
vn 0.0849 -0.0869 0.9926
vn 0.7093 -0.0330 0.7042
vn 0.3504 0.3129 0.8828
vn -0.0958 0.0943 0.9909
vn 0.5080 0.0279 0.8609
vn 0.7152 0.0375 0.6980
vn 0.8242 0.0486 0.5643
vn 0.5206 0.5735 0.6325
vn 0.6062 -0.5752 0.5492
vn 0.2715 -0.4424 0.8547
vn -0.4672 -0.5305 0.7073
vn 0.3345 0.2960 0.8947
vn 0.3645 -0.3797 0.8503
vn 0.2294 -0.2028 0.9520
vn -0.1610 -0.1909 0.9683
vn 0.0929 0.1627 0.9823
vn -0.2491 0.2023 0.9471
vn -0.4905 0.5506 0.6755
vn -0.5542 -0.5500 0.6248
vn -0.3465 0.3014 0.8883
vn -0.3052 -0.2676 0.9139
vn -0.0877 -0.0928 0.9918
vn -0.3385 0.0011 0.9410
vn -0.1788 0.0094 0.9838
vn -0.0107 0.0001 0.9999
vn 0.0696 -0.0761 0.9947
vn -0.0714 -0.0792 0.9943
vn 0.2308 -0.2212 0.9475
vn 0.0661 0.0726 0.9952
vn 0.2205 0.2057 0.9534
vn -0.2301 0.2261 0.9465
vn -0.0701 0.0811 0.9942
vn 0.3200 -0.0874 0.9434
vn -0.0201 -0.2246 0.9742
vn -0.0264 -0.1990 0.9796
vn -0.0608 -0.3649 0.9291
vn -0.1361 -0.6299 0.7647
vn 0.0011 -0.0317 0.9995
vn -0.2099 -0.6875 0.6952
vn -0.2010 -0.6051 0.7704
vn 0.0021 -0.8166 0.5772
vn -0.2261 -0.8991 0.3748
vn -0.3930 -0.3862 0.8345
vn -0.0262 -0.3153 0.9486
vn 0.3852 -0.7606 0.5226
vn -0.1826 -0.5568 0.8103
vn -0.2059 -0.2611 0.9431
vn 0.6092 0.1695 0.7747
vn 0.4592 0.0438 0.8873
vn 0.8228 0.0105 0.5682
vn 0.8862 0.0514 0.4605
vn 0.7195 -0.2520 0.6472
vn 0.7308 -0.2576 0.6321
vn 0.0906 0.0007 0.9959
vn 0.5623 -0.4746 0.6772
vn -0.0537 0.0004 0.9986
vn -0.0645 0.0130 0.9978
vn -0.2509 0.0160 0.9679
vn -0.3729 0.0247 0.9275
vn -0.2483 -0.2294 0.9411
vn 0.0054 -0.2752 0.9614
vn -0.1227 -0.0841 0.9889
vn -0.0581 -0.5566 0.8287
vn -0.0994 0.1081 0.9892
vn -0.3522 -0.3253 0.8776
vn -0.3218 0.3033 0.8969
vn -0.5771 0.3934 0.7156
vn 0.0862 0.0988 0.9914
vn 0.3232 0.3104 0.8940
vn -0.0196 0.7603 0.6493
vn 0.4582 0.4976 0.7365
vn -0.2470 0.2539 0.9351
vn 0.1953 0.1950 0.9612
vn -0.2397 -0.2161 0.9465
vn 0.2331 -0.2191 0.9474
vn -0.4965 -0.5675 0.6569
vn 0.4994 -0.5576 0.6631
vn 0.0102 -0.8189 0.5738
vn 0.0855 -0.6548 0.7509
vn 0.3465 -0.3252 0.8799
vn 0.0914 -0.1013 0.9906
vn 0.8699 0.0034 0.4931
vn -0.0227 0.0004 0.9997
vn -0.5160 0.0263 0.8562
vn -0.4900 -0.2214 0.8432
vn -0.3667 -0.2142 0.9054
vn -0.8004 -0.0675 0.5957
vn -0.6661 -0.1959 0.7197
vn 0.9861 -0.1551 -0.0587
vn 0.9992 -0.0375 0.0104
vn 0.9996 -0.0292 0.0019
vn 0.9956 -0.0908 0.0250
vn 0.9745 -0.2242 -0.0087
vn 0.8891 -0.4553 -0.0475
vn 0.7232 -0.6884 -0.0555
vn 0.8242 -0.5361 -0.1825
vn 0.9458 0.0590 0.3192
vn 1.0000 -0.0002 0.0056
vn 0.8607 0.0972 -0.4998
vn 0.8855 0.1805 -0.4281
vn 0.3179 0.2679 -0.9095
vn 0.6012 0.0510 -0.7975
vn 0.9671 -0.0981 -0.2345
vn 0.7458 -0.1416 -0.6509
vn 0.9272 -0.2153 -0.3066
vn 0.9721 -0.0130 -0.2343
vn 0.9994 0.0004 -0.0349
vn 0.7450 0.0004 -0.6671
vn 0.9961 0.0125 0.0876
vn 0.9809 -0.0940 0.1701
vn 0.9996 0.0290 -0.0054
vn 0.9975 0.0694 -0.0115
vn 0.9928 -0.0002 0.1195
vn 0.9935 0.0108 0.1129
vn 0.9376 -0.1196 0.3264
vn 0.9101 0.0534 0.4109
vn 0.9521 0.0230 0.3050
vn 0.8189 -0.0277 0.5732
vn 0.8985 -0.3558 0.2570
vn 0.8371 0.0003 0.5471
vn 0.9841 0.0546 0.1690
vn 0.9268 0.0409 0.3733
vn 0.9584 -0.0106 0.2853
vn 0.6360 0.0383 0.7707
vn 0.8058 0.0780 0.5870
vn 0.9991 -0.0005 0.0419
vn 0.1385 0.9692 0.2038
vn 0.6700 0.7424 -0.0016
vn 0.7002 0.7139 -0.0002
vn 0.2024 0.9793 -0.0000
vn -0.3622 0.9321 -0.0004
vn -0.3944 0.8251 0.4045
vn 0.0002 0.8022 0.5971
vn -0.2571 0.7358 0.6265
vn -0.5164 0.8369 0.1816
vn -0.7362 0.6489 0.1925
vn -0.6820 0.7314 -0.0008
vn -0.0001 -1.0000 0.0001
vn -0.0185 -0.9998 0.0013
vn -0.0033 -0.9999 -0.0129
vn -0.0343 -0.9994 0.0023
vn 0.0001 -0.9995 0.0310
vn -0.0010 -1.0000 -0.0037
vn -0.0089 -0.9990 -0.0429
vn -0.0002 -0.9935 0.1136
vn -0.0011 -1.0000 0.0003
vn 0.0018 -0.9999 -0.0117
vn -0.0076 -0.9174 -0.3980
vn -0.0023 -0.9839 -0.1788
vn 0.0045 -0.9964 -0.0852
vn 0.0378 -0.9447 -0.3256
vn 0.0364 -0.9970 -0.0689
vn -0.0267 -0.9158 -0.4007
vn -0.0555 -0.9494 -0.3092
vn -0.0173 -0.9934 -0.1135
vn 0.0081 -0.9994 -0.0349
vn 0.4396 -0.8982 -0.0040
vn 0.7319 -0.6810 0.0239
vn 0.8245 -0.5643 0.0422
vn 0.7225 -0.6911 0.0173
vn 0.2877 -0.8738 0.3921
vn 0.3803 -0.9017 0.2056
vn -0.0008 -0.9072 0.4207
vn 0.0015 -0.9249 0.3801
vn -0.0031 -0.2766 -0.9610
vn -0.0161 -0.0442 -0.9989
vn 0.7110 -0.5302 -0.4619
vn 0.2721 -0.9374 -0.2174
vn -0.1130 -0.2043 -0.9724
vn -0.0909 -0.8308 0.5490
vn -0.1448 -0.1916 -0.9707
vn -0.2132 -0.4667 -0.8583
vn 0.0477 -0.4663 -0.8833
vn -0.0107 -0.2041 -0.9789
vn -0.0036 0.0705 -0.9975
vn 0.0431 -0.2585 -0.9651
vn 0.0174 -0.6350 -0.7723
vn 0.0929 -0.3764 -0.9218
vn 0.0016 -0.0315 -0.9995
vn 0.0074 -0.0025 -1.0000
vn -0.0029 -0.0006 -1.0000
vn 0.1710 0.0004 -0.9853
vn -0.2785 0.0905 -0.9562
vn -0.1279 0.0403 -0.9910
vn -0.7709 0.0093 -0.6369
vn -0.9233 -0.0711 0.3775
vn -0.6386 0.0826 -0.7651
vn -0.9263 0.0435 -0.3744
vn -0.6204 0.0021 -0.7843
vn -0.7863 -0.3504 -0.5089
vn -0.3199 -0.3839 -0.8662
vn -0.3277 -0.1130 -0.9380
vn -0.1607 0.2588 -0.9525
vn -0.2326 0.1110 -0.9662
vn -0.5767 0.2136 -0.7885
vn -0.5291 -0.2430 -0.8130
vn -0.1509 -0.1020 -0.9833
vn -0.3371 -0.5339 -0.7755
vn -0.3348 -0.1721 -0.9264
vn -0.4185 0.0838 -0.9043
vn -0.7184 0.1364 -0.6821
vn -0.2200 0.1611 -0.9621
vn -0.0800 0.0304 -0.9963
vn -0.2986 -0.0184 -0.9542
vn 0.0082 0.0102 -0.9999
vn 0.0749 0.0024 -0.9972
vn 0.1112 -0.0776 -0.9908
vn -0.0554 -0.0510 -0.9972
vn -0.0733 0.0542 -0.9958
vn 0.1165 0.0683 -0.9908
vn 0.3239 -0.1753 -0.9297
vn 0.5449 -0.0227 -0.8382
vn -0.2056 -0.1609 -0.9653
vn 0.0186 0.0242 -0.9995
vn -0.0244 -0.2412 -0.9702
vn 0.0047 0.0198 -0.9998
vn 0.2543 0.1677 -0.9525
vn 0.3293 0.0375 -0.9435
vn -0.0220 0.0863 -0.9960
vn 0.2256 0.1663 -0.9599
vn 0.6739 0.0720 -0.7353
vn -0.1836 0.1748 -0.9673
vn 0.7918 -0.0126 -0.6106
vn 0.4096 -0.5412 -0.7344
vn 0.0159 -0.0002 -0.9999
vn -0.9962 -0.0004 0.0867
vn -0.8364 -0.0004 0.5480
vn -0.8791 0.0005 0.4767
vn -0.9974 -0.0130 0.0709
vn -0.9864 0.0086 0.1640
vn -0.8138 -0.2986 0.4986
vn -0.8266 0.2396 0.5093
vn -0.9932 0.0942 0.0686
vn -0.8697 -0.0236 0.4930
vn -0.7049 0.2324 0.6702
vn -0.9743 0.0298 0.2234
vn -0.8514 0.2613 0.4548
vn -0.6610 0.2919 0.6913
vn -0.8856 -0.0038 0.4644
vn -0.6960 -0.0014 0.7180
vn -0.9625 -0.2642 0.0610
vn -0.8538 -0.2113 -0.4758
vn -0.8064 -0.5350 -0.2519
vn -0.8436 -0.5366 -0.0196
vn -0.6778 -0.2789 -0.6803
vn -0.6631 -0.4749 -0.5786
vn -0.9998 -0.0073 -0.0165
vn -0.9830 -0.0016 -0.1838
vn -0.9999 0.0016 -0.0125
vn -0.9987 -0.0032 -0.0509
vn -0.9279 -0.0558 -0.3685
vn -0.6284 0.0121 -0.7778
vn -0.9946 0.0565 -0.0875
vn -0.4766 0.8791 0.0002
vn -0.4770 0.8789 0.0004
vn -0.4769 0.8789 0.0004
vn -0.4768 0.8790 0.0002
vn -0.4538 0.8911 0.0001
vn -0.4534 0.8913 0.0003
vn -0.4318 0.9020 0.0015
vn -0.3783 0.8761 0.2990
vn -0.4068 0.9135 0.0001
vn -0.3706 0.9162 0.1523
vn -0.3586 0.9335 0.0002
vn -0.3093 0.9510 0.0038
vn -0.3090 0.9511 -0.0000
vn -0.2571 0.9663 0.0098
vn -0.2588 0.9659 -0.0000
vn -0.1724 0.9614 0.2146
vn -0.2079 0.9782 -0.0000
vn -0.3659 0.9196 0.1430
vn -0.6249 0.7763 0.0827
vn -0.1582 0.9874 -0.0000
vn -0.1565 0.9877 -0.0000
vn -0.1290 0.9916 0.0002
vn -0.1047 0.9945 -0.0000
vn -0.0899 0.9921 0.0878
vn -0.0760 0.9967 0.0298
vn -0.0769 0.9968 0.0205
vn -0.0525 0.9986 -0.0000
vn -0.0486 0.9954 0.0825
vn -0.0154 0.9769 0.2130
vn -0.0265 0.9996 -0.0001
vn 0.0002 0.9797 0.2003
vn 0.0605 0.8760 0.4786
vn -0.0263 0.9997 -0.0001
vn 0.0002 1.0000 0.0028
vn 0.0556 0.9962 0.0670
vn 0.0523 0.9986 -0.0000
vn 0.1043 0.9945 0.0037
vn 0.1045 0.9945 -0.0000
vn 0.1565 0.9877 -0.0000
vn 0.1564 0.9877 -0.0000
vn 0.2079 0.9782 -0.0001
vn 0.2087 0.9779 0.0068
vn 0.2526 0.9641 0.0814
vn 0.2589 0.9659 0.0001
vn 0.2752 0.9611 0.0228
vn 0.2836 0.9589 0.0002
vn 0.3101 0.9507 0.0002
vn 0.3091 0.9510 0.0001
vn 0.3334 0.9428 0.0002
vn 0.3583 0.9336 -0.0000
vn 0.4068 0.9135 -0.0000
vn 0.4541 0.8910 -0.0000
vn 0.4540 0.8910 -0.0000
vn 0.4772 0.8788 -0.0000
vn 0.2507 0.9520 0.1755
vn 0.0445 0.9907 0.1289
vn -0.0429 0.9088 0.4150
vn -0.3879 0.7731 0.5019
vn -0.1509 0.9382 0.3113
vn -0.3561 0.9101 0.2117
vn -0.2982 0.8452 0.4435
vn -0.1898 0.8778 0.4398
vn -0.2762 0.9354 0.2208
vn -0.2540 0.7178 0.6482
vn -0.4006 0.9066 0.1330
vn 0.8643 -0.5025 0.0219
vn 0.8677 -0.4970 0.0025
vn 0.8743 -0.4787 -0.0800
vn 0.8662 -0.4997 -0.0012
vn 0.8656 -0.5006 0.0071
vn 0.8521 -0.5089 0.1221
vn 0.8684 -0.4925 0.0575
vn 0.7373 -0.5166 0.4354
vn 0.6761 -0.7131 0.1853
vn 0.8665 -0.4991 -0.0000
vn 0.8325 -0.4939 0.2511
vn 0.8685 -0.4956 0.0137
vn 0.8649 -0.5019 -0.0000
vn 0.8551 -0.5184 0.0010
vn 0.7870 -0.6169 0.0021
vn 0.8673 -0.4976 0.0117
vn 0.8673 -0.4975 0.0154
vn 0.8732 -0.4799 0.0850
vn 0.8451 -0.5313 -0.0589
vn 0.8675 -0.4956 0.0419
vn 0.8674 -0.4946 0.0542
vn 0.7078 -0.3178 0.6309
vn 0.4604 -0.5225 0.7176
vn 0.8237 -0.5439 0.1603
vn -0.9156 -0.1301 0.3804
vn -0.8139 -0.2985 0.4985
vn -0.9932 0.0941 0.0685
vn -0.9998 -0.0001 -0.0181
vn -0.9999 -0.0008 -0.0152
vn -0.9829 -0.0016 -0.1842
vn -0.9987 -0.0032 -0.0510
vn -0.9472 -0.0385 -0.3184
vn -0.8065 -0.5350 -0.2516
vn -0.6610 0.2918 0.6913
vn -0.6285 0.0119 -0.7777
vn 0.0842 0.0060 0.9964
vn 0.0662 -0.0005 0.9978
vn 0.4698 0.0919 0.8780
vn 0.2608 0.0410 0.9645
vn 0.6732 0.0934 0.7335
vn 0.2249 0.0400 0.9736
vn 0.8290 0.1628 0.5350
vn -0.0658 0.0720 0.9952
vn -0.3364 0.0931 0.9371
vn 0.0668 -0.0744 0.9950
vn -0.7096 0.1990 0.6759
vn -0.1790 -0.0684 0.9815
vn 0.0674 0.0746 0.9949
vn -0.0804 -0.0914 0.9926
vn 0.2322 -0.2046 0.9509
vn -0.2135 -0.2153 0.9529
vn 0.2294 0.2066 0.9512
vn 0.0850 -0.0868 0.9926
vn 0.0817 0.0847 0.9931
vn -0.2190 0.2120 0.9524
vn -0.0878 -0.0928 0.9918
vn -0.3384 0.0011 0.9410
vn -0.0958 0.0948 0.9909
vn -0.3446 0.3028 0.8886
vn 0.3498 0.3111 0.8836
vn -0.4863 0.5581 0.6723
vn 0.5201 0.5560 0.6484
vn -0.5547 -0.5453 0.6284
vn -0.4679 -0.5215 0.7135
vn -0.2478 0.2177 0.9440
vn 0.3300 0.2661 0.9057
vn -0.1630 -0.1907 0.9680
vn 0.0949 0.1625 0.9821
vn 0.2271 -0.2027 0.9525
vn 0.3645 -0.3798 0.8502
vn 0.6076 -0.5823 0.5402
vn 0.2722 -0.4479 0.8516
vn 0.8241 0.0486 0.5643
vn 0.7151 0.0375 0.6980
vn -0.1782 0.0096 0.9839
vn 0.0696 -0.0768 0.9946
vn -0.0714 -0.0786 0.9943
vn 0.2307 -0.2226 0.9472
vn -0.2485 -0.2274 0.9416
vn -0.0630 0.0129 0.9979
vn -0.3728 0.0247 0.9276
vn -0.2509 0.0159 0.9679
vn -0.2302 0.2261 0.9465
vn 0.3188 -0.0830 0.9442
vn 0.5489 -0.4794 0.6848
vn 0.7306 -0.2578 0.6323
vn 0.7635 -0.1998 0.6141
vn 0.4406 0.0011 0.8977
vn 0.8285 0.0589 0.5569
vn -0.2060 -0.2611 0.9431
vn -0.0201 -0.2245 0.9743
vn -0.1327 -0.6309 0.7645
vn -0.1868 -0.6101 0.7700
vn -0.3930 -0.3863 0.8345
vn 0.3851 -0.7606 0.5226
vn -0.0123 -0.8144 0.5802
vn -0.2682 -0.8856 0.3792
vn 0.5880 0.0063 0.8088
vn 0.8899 0.0866 0.4478
vn 0.0909 0.0007 0.9959
vn 0.2209 0.2060 0.9533
vn 0.0862 0.0986 0.9914
vn -0.1226 -0.0841 0.9889
vn -0.0994 0.1083 0.9891
vn -0.3218 0.3037 0.8968
vn 0.3233 0.3099 0.8941
vn -0.3521 -0.3253 0.8776
vn -0.4963 -0.5677 0.6568
vn -0.5773 0.3934 0.7155
vn -0.0197 0.7603 0.6493
vn -0.2469 0.2539 0.9352
vn 0.1954 0.1950 0.9612
vn -0.2398 -0.2169 0.9463
vn 0.2328 -0.2184 0.9477
vn 0.4994 -0.5573 0.6633
vn 0.8700 0.0034 0.4931
vn 0.3467 -0.3237 0.8804
vn 0.0038 -0.8217 0.5699
vn 0.0913 -0.1011 0.9907
vn 0.0078 -0.6627 0.7488
vn 0.0042 -0.2758 0.9612
vn -0.0058 -0.5519 0.8339
vn -0.0222 0.0004 0.9998
vn -0.4900 -0.2215 0.8431
vn -0.8004 -0.0675 0.5956
vn -0.6661 -0.1959 0.7196
vn -0.0001 0.0015 -1.0000
vn 0.0010 -0.0032 -1.0000
vn 0.0004 -0.0013 -1.0000
vn 0.0087 -0.0232 -0.9997
vn 0.0001 -0.0004 -1.0000
vn -0.0029 0.0056 -1.0000
vn -0.0002 0.0019 -1.0000
vn 0.0011 -0.0030 -1.0000
vn 0.0077 -0.0195 -0.9998
vn 0.0018 -0.0054 -1.0000
vn 0.0041 -0.0313 -0.9995
vn 0.0001 -0.0006 -1.0000
vn -0.0001 0.0013 -1.0000
vn -0.0000 -0.0003 -1.0000
vn -0.0005 -0.0065 -1.0000
vn -0.0007 -0.0133 -0.9999
vn -0.0174 -0.0685 -0.9975
vn -0.0020 -0.0084 -1.0000
vn -0.0436 -0.1865 -0.9815
vn 0.0001 0.0008 -1.0000
vn 0.0011 0.0021 -1.0000
vn 0.0002 -0.0002 -1.0000
vn 0.0003 -0.0003 -1.0000
vn 0.0002 0.0010 -1.0000
vn 0.0002 0.0007 -1.0000
vn 0.0008 0.0017 -1.0000
vn 0.0649 0.1274 -0.9897
vn 0.0121 0.0409 -0.9991
vn 0.0187 0.0611 -0.9980
vn 0.0026 0.0199 -0.9998
vn 0.0085 0.0763 -0.9970
vn -0.0081 0.1539 -0.9880
vn -0.0009 0.0030 -1.0000
vn -0.0013 0.0044 -1.0000
vn -0.0010 0.0011 -1.0000
vn -0.0016 0.0080 -1.0000
vn -0.0095 0.0580 -0.9983
vn -0.1628 0.3190 -0.9337
vn -0.0825 0.2544 -0.9636
vn 0.5860 0.0462 0.8090
vn 0.6732 0.0933 0.7336
vn 0.7653 -0.0420 0.6424
vn -0.0035 -0.0038 1.0000
vn -0.7096 0.1991 0.6759
vn 0.0675 0.0745 0.9949
vn 0.2323 -0.2046 0.9509
vn -0.2190 0.2121 0.9524
vn 0.0817 0.0846 0.9931
vn 0.0850 -0.0869 0.9926
vn -0.0957 0.0948 0.9909
vn 0.8242 0.0486 0.5642
vn 0.3301 0.2661 0.9057
vn 0.3646 -0.3798 0.8502
vn 0.2272 -0.2028 0.9525
vn 0.0948 0.1626 0.9821
vn 0.2306 -0.2226 0.9472
vn -0.0631 0.0130 0.9979
vn -0.3729 0.0247 0.9276
vn 0.5489 -0.4794 0.6847
vn 0.7303 -0.2579 0.6325
vn 0.7634 -0.2004 0.6140
vn 0.8284 0.0589 0.5570
vn -0.1827 -0.5568 0.8103
vn -0.0200 -0.2247 0.9742
vn -0.1327 -0.6309 0.7644
vn -0.1867 -0.6101 0.7700
vn 0.3851 -0.7606 0.5227
vn 0.5880 0.0062 0.8088
vn 0.8899 0.0866 0.4479
vn 0.0905 0.0007 0.9959
vn 0.0861 0.0987 0.9914
vn 0.2207 0.2058 0.9534
vn 0.0914 -0.1011 0.9907
vn 0.3467 -0.3236 0.8804
vn 0.3232 0.3099 0.8941
vn 0.2329 -0.2185 0.9477
vn -0.4900 -0.2212 0.8432
vn -0.3667 -0.2142 0.9053
vn -0.8004 -0.0677 0.5957
vn 0.9861 -0.1554 -0.0588
vn 0.9992 -0.0376 0.0104
vn 0.9745 -0.2240 -0.0087
vn 0.7232 -0.6884 -0.0556
vn 0.8242 -0.5360 -0.1825
vn 1.0000 -0.0002 0.0057
vn 0.9560 0.0260 0.2923
vn 0.6399 -0.0380 -0.7675
vn 0.9658 -0.0780 -0.2473
vn 0.7719 -0.2633 -0.5787
vn 0.9219 -0.1462 -0.3586
vn 0.9720 -0.0124 -0.2346
vn 0.9994 0.0004 -0.0343
vn 0.7446 0.0004 -0.6675
vn 0.9774 -0.0483 0.2059
vn 0.9960 0.0126 0.0880
vn 0.9256 -0.0598 0.3739
vn 0.9928 -0.0002 0.1198
vn 0.9101 0.0533 0.4109
vn 0.8985 -0.3557 0.2571
vn 0.8300 -0.0496 0.5555
vn 0.9841 0.0546 0.1689
vn 0.9583 -0.0106 0.2854
vn 0.9269 0.0409 0.3732
vn 0.8060 0.0778 0.5868
vn 0.4606 -0.8873 0.0223
vn 0.2573 -0.9313 0.2578
vn 0.4013 -0.9107 0.0977
vn 0.4545 -0.8908 0.0002
vn 0.4601 -0.8863 0.0522
vn 0.4073 -0.9133 0.0001
vn 0.3611 -0.8875 0.2861
vn 0.3469 -0.6172 0.7062
vn 0.2246 -0.8098 0.5420
vn 0.3562 -0.9175 0.1769
vn 0.2769 -0.9135 0.2980
vn -0.1918 -0.6521 0.7334
vn -0.0321 -0.9567 0.2892
vn 0.3579 -0.9335 0.0219
vn 0.3586 -0.9335 -0.0001
vn 0.3088 -0.9511 0.0001
vn 0.2926 -0.9043 0.3108
vn 0.2597 -0.7432 0.6166
vn 0.2574 -0.9661 0.0202
vn 0.2588 -0.9659 0.0001
vn 0.2080 -0.9781 -0.0000
vn 0.1566 -0.9877 -0.0034
vn 0.1565 -0.9877 -0.0000
vn 0.1005 -0.8566 -0.5062
vn 0.1045 -0.9945 -0.0000
vn 0.0347 -0.9932 -0.1115
vn 0.0504 -0.9987 0.0007
vn -0.0000 -1.0000 -0.0013
vn -0.0238 -0.9997 0.0010
vn -0.0514 -0.9987 -0.0005
vn -0.1010 -0.9949 0.0013
vn -0.1563 -0.9877 -0.0000
vn -0.2079 -0.9782 -0.0000
vn -0.1821 -0.9833 0.0001
vn -0.2068 -0.9784 0.0014
vn -0.2589 -0.9636 -0.0673
vn -0.2711 -0.9617 0.0406
vn -0.2242 -0.6175 0.7539
vn -0.2356 -0.9662 0.1049
vn -0.1683 -0.0654 0.9836
vn -0.3230 -0.7788 0.5378
vn -0.3112 -0.9503 0.0008
vn -0.3110 -0.9483 -0.0639
vn -0.3357 -0.9420 0.0005
vn -0.2710 -0.7225 -0.6360
vn -0.3564 -0.9343 -0.0002
vn -0.3459 -0.9366 0.0567
vn -0.3705 -0.9246 0.0882
vn -0.2940 -0.9244 0.2431
vn -0.4087 -0.9121 0.0333
vn -0.4496 -0.8932 -0.0029
vn -0.4298 -0.9029 -0.0001
vn -0.3907 -0.8504 -0.3524
vn -0.0426 -0.0985 -0.9942
vn -0.4503 -0.8929 -0.0020
vn -0.4697 -0.8828 -0.0041
vn -0.0383 -0.1209 -0.9919
vn 0.0123 -0.1652 -0.9862
vn 0.4772 -0.8788 -0.0000
vn 0.9560 0.0260 0.2922
vn 0.9658 -0.0780 -0.2472
vn 0.7719 -0.2634 -0.5786
vn 0.9218 -0.1465 -0.3590
vn 0.9720 -0.0124 -0.2347
vn 0.9774 -0.0483 0.2058
vn 0.9255 -0.0598 0.3739
vn 0.9975 0.0695 -0.0115
vn 0.9935 0.0109 0.1130
vn 0.8300 -0.0497 0.5555
vn 0.9841 0.0547 0.1690
vn 0.9583 -0.0106 0.2856
vn 0.8059 0.0779 0.5869
vn 0.1387 0.9681 0.2088
vn -0.3824 0.9240 0.0004
vn -0.3940 0.8272 0.4006
vn -0.2568 0.7437 0.6173
vn -0.0003 0.7926 0.6098
vn -0.5088 0.8417 0.1807
vn -0.7197 0.6673 0.1915
vn -0.7126 0.7016 0.0007
vn -0.8674 -0.4969 0.0287
vn -0.8514 -0.4593 0.2534
vn -0.8523 -0.5150 0.0917
vn -0.8659 -0.5003 0.0001
vn -0.8727 -0.4883 0.0034
vn -0.8302 -0.5445 0.1197
vn -0.8784 -0.4667 0.1032
vn -0.6466 -0.5396 0.5392
vn -0.9012 -0.4272 0.0733
vn -0.4687 -0.7023 -0.5359
vn -0.8679 -0.4968 0.0019
vn -0.8837 -0.4639 0.0629
vn -0.9091 -0.3385 0.2427
vn -0.8660 -0.5000 0.0003
vn -0.8671 -0.4982 -0.0055
vn -0.7384 -0.6743 -0.0117
vn -0.8638 -0.4968 -0.0839
vn -0.1090 -0.9940 0.0001
vn -0.1604 -0.8309 -0.5328
vn -0.2290 -0.1336 -0.9642
vn -0.6870 -0.5035 0.5239
vn -0.7827 -0.5407 0.3081
vn -0.8414 -0.5266 0.1216
vn -0.8946 -0.4462 0.0232
vn -0.5078 -0.4561 0.7308
vn -0.3939 0.8272 0.4006
vn -0.0035 -0.9999 -0.0129
vn -0.0342 -0.9994 0.0023
vn 0.0002 -0.9995 0.0309
vn -0.0011 -1.0000 -0.0038
vn -0.0002 -0.9932 0.1162
vn 0.0016 -0.9999 -0.0118
vn -0.0024 -0.9839 -0.1787
vn 0.3801 -0.9028 0.2010
vn 0.0379 -0.9447 -0.3257
vn -0.0266 -0.9158 -0.4007
vn -0.0173 -0.9934 -0.1136
vn 0.7319 -0.6810 0.0240
vn 0.2880 -0.8779 0.3825
vn -0.0014 -0.9015 0.4328
vn 0.0015 -0.9250 0.3801
vn -0.0002 -0.9932 0.1163
vn 0.0016 -0.9999 -0.0117
vn 0.0045 -0.9964 -0.0851
vn 0.0082 -0.9994 -0.0348
vn 0.4395 -0.8982 -0.0040
vn 0.7318 -0.6811 0.0240
vn 0.7226 -0.6910 0.0173
vn -0.0160 -0.0441 -0.9989
vn 0.2720 -0.9374 -0.2175
vn -0.0923 -0.1893 -0.9776
vn -0.0909 -0.8309 0.5490
vn -0.1872 -0.4484 -0.8740
vn 0.0213 -0.4871 -0.8731
vn -0.0165 -0.2085 -0.9779
vn -0.0036 0.0704 -0.9975
vn 0.0431 -0.2585 -0.9650
vn 0.0016 -0.0316 -0.9995
vn -0.7931 0.0206 -0.6088
vn -0.8794 0.0086 -0.4761
vn -0.6145 0.0708 -0.7857
vn -0.9002 -0.0320 0.4343
vn -0.6205 0.0021 -0.7842
vn -0.7865 -0.3507 -0.5084
vn -0.3221 -0.3834 -0.8656
vn -0.3283 -0.1129 -0.9378
vn -0.1584 0.2587 -0.9529
vn -0.2297 0.1119 -0.9668
vn -0.5601 0.2203 -0.7986
vn -0.5350 -0.2459 -0.8083
vn -0.1539 -0.1036 -0.9826
vn -0.3464 -0.5360 -0.7699
vn -0.3498 -0.1735 -0.9206
vn -0.7038 0.1362 -0.6972
vn -0.4081 0.0833 -0.9091
vn -0.2199 0.1611 -0.9621
vn -0.0801 0.0305 -0.9963
vn -0.2987 -0.0184 -0.9542
vn 0.0082 0.0104 -0.9999
vn 0.0833 -0.0106 -0.9965
vn 0.0788 -0.0248 -0.9966
vn -0.0553 -0.0511 -0.9972
vn 0.1497 0.0189 -0.9886
vn 0.2695 -0.0868 -0.9591
vn 0.5448 -0.0227 -0.8383
vn -0.2056 -0.1608 -0.9653
vn 0.2463 0.1622 -0.9555
vn 0.3382 0.0424 -0.9401
vn -0.0218 0.0864 -0.9960
vn 0.2257 0.1663 -0.9599
vn 0.6924 0.0835 -0.7167
vn 0.7363 -0.0473 -0.6750
vn 0.4095 -0.5412 -0.7344
vn -0.0002 -0.0001 1.0000
vn 0.0034 -0.0130 0.9999
vn -0.0003 0.0012 1.0000
vn -0.0000 0.0002 1.0000
vn 0.0957 -0.2197 0.9709
vn 0.0701 -0.1959 0.9781
vn 0.0467 -0.1810 0.9824
vn 0.0412 -0.1811 0.9826
vn -0.0009 0.0025 1.0000
vn 0.0363 -0.2107 0.9769
vn -0.0314 0.2141 0.9763
vn 0.0402 0.0476 0.9981
vn -0.0084 0.0662 0.9978
vn -0.0033 0.0111 0.9999
vn -0.0316 0.7232 0.6899
vn -0.1994 0.5593 0.8046
vn -0.0859 0.3159 0.9449
vn -0.1082 0.2970 0.9487
vn -0.0842 0.9962 0.0235
vn -0.2360 0.6670 0.7067
vn -0.0353 0.6596 0.7508
vn -0.2521 0.3975 0.8823
vn 0.0280 -0.2082 0.9777
vn -0.0626 0.6253 0.7779
vn -0.0989 0.6795 0.7270
vn 0.0002 -0.0039 1.0000
vn 0.0003 0.0024 1.0000
vn 0.0019 -0.0101 0.9999
vn -0.0051 -0.1566 0.9876
vn 0.0519 -0.2378 0.9699
vn -0.4407 -0.0570 0.8958
vn -0.7387 -0.1586 0.6551
vn -0.7715 0.0420 0.6349
vn 0.0088 -0.0601 0.9982
vn 0.3916 -0.0734 0.9172
vn 0.4172 0.0566 0.9070
vn 0.1017 -0.2472 0.9636
vn 0.1050 -0.3781 0.9198
vn -0.0351 0.3219 0.9461
vn 0.8094 0.0316 0.5864
vn 0.9063 0.1717 0.3861
vn 0.7826 -0.2802 0.5560
vn 0.4496 -0.2846 0.8467
vn 0.3378 0.3262 0.8829
vn 0.0682 -0.4911 0.8685
vn 0.0910 -0.5431 0.8347
vn -0.4693 -0.2781 0.8381
vn -0.5424 -0.3170 0.7780
vn -0.9499 -0.0003 0.3124
vn -0.0523 0.3554 0.9333
vn -0.5461 0.3022 0.7813
vn -0.8401 0.1474 0.5220
vn 0.0172 -0.1466 0.9890
vn -0.0993 0.5470 0.8312
vn -0.5293 0.0267 0.8480
vn -0.8883 0.0397 0.4575
vn -0.0035 0.3368 0.9416
vn 0.2958 0.3126 0.9027
vn 0.2099 -0.3284 0.9209
vn 0.1109 0.0404 0.9930
vn 0.0288 -0.2131 0.9766
vn 0.3111 -0.2743 0.9099
vn 0.8173 0.0511 0.5739
vn 0.7638 -0.1196 0.6343
vn 0.5766 0.0165 0.8169
vn 0.7224 -0.4206 0.5488
vn 0.6862 0.0390 0.7263
vn 0.8076 0.0868 0.5833
vn 0.0009 -0.3823 0.9240
vn 0.3408 -0.2776 0.8982
vn 0.0021 -0.4776 0.8786
vn 0.4697 0.2829 0.8363
vn 0.0253 0.3532 0.9352
vn -0.0191 0.5250 0.8509
vn 0.5234 0.0853 0.8478
vn -0.0032 0.0213 0.9998
vn 0.0028 -0.0852 0.9964
vn 0.3462 0.1457 0.9268
vn -0.7305 0.3788 0.5683
vn 0.0045 0.4010 0.9160
vn -0.4291 0.3591 0.8288
vn -0.4196 -0.4227 0.8033
vn -0.7445 -0.4822 0.4617
vn -0.7157 -0.0201 0.6981
vn -0.7878 -0.1978 0.5833
vn -0.9989 -0.0095 0.0451
vn -0.7689 -0.0001 0.6393
vn -0.7369 0.0002 0.6760
vn -0.2278 0.0195 0.9735
vn -0.0534 0.3071 0.9502
vn 0.0216 0.2230 0.9746
vn 0.0004 0.2304 0.9731
vn -0.5908 0.0621 0.8044
vn -0.1452 -0.2742 0.9506
vn 0.0808 0.3256 0.9421
vn 0.0352 0.2221 0.9744
vn -0.0009 -0.0188 0.9998
vn 0.5171 0.0178 0.8557
vn -0.0072 -0.0116 0.9999
vn -0.0192 0.2280 0.9735
vn 0.0008 -0.0130 0.9999
vn -0.0104 -0.0902 0.9959
vn 0.8299 0.1323 0.5421
vn -0.4971 0.0939 0.8626
vn 0.0792 0.2826 0.9560
vn 0.1058 0.3418 0.9338
vn -0.8050 0.0802 0.5878
vn 0.0569 0.2171 0.9745
vn 0.1393 0.2885 0.9473
vn -0.0076 -0.0434 0.9990
vn 0.0684 0.2116 0.9750
vn -0.0210 -0.0464 0.9987
vn 0.5190 0.0443 0.8536
vn -0.0003 -0.0031 1.0000
vn -0.0755 -0.3344 0.9394
vn 0.0099 -0.1997 0.9798
vn -0.0551 -0.3993 0.9152
vn -0.0015 -0.0389 0.9992
vn -0.0011 -0.1147 0.9934
vn 0.0007 -0.0230 0.9997
vn 0.0112 -0.1154 0.9933
vn 0.0027 -0.0146 0.9999
vn 0.0075 -0.0314 0.9995
vn -0.0035 0.0171 0.9998
vn 0.0201 -0.0610 0.9979
vn 0.0321 -0.1922 0.9808
vn 0.0009 -0.0029 1.0000
vn 0.0108 -0.0328 0.9994
vn -0.0685 0.1976 0.9779
vn -0.0470 0.1299 0.9904
vn -0.0058 0.0147 0.9999
vn -0.0513 0.2237 0.9733
vn -0.3497 0.8243 0.4452
vn 0.0057 -0.0144 0.9999
vn -0.1143 0.3154 0.9420
vn -0.4705 -0.0182 0.8822
vn -0.0850 0.3569 0.9303
vn -0.0370 0.2187 0.9751
vn -0.0709 0.2916 0.9539
vn -0.8111 0.1903 0.5531
vn -0.6906 0.0086 0.7232
vn -0.0237 -0.0002 0.9997
vn 0.0606 -0.1731 0.9830
vn -0.1508 0.4449 0.8828
vn -0.3576 0.3174 0.8783
vn -0.8914 0.1535 0.4264
vn -0.8411 -0.3185 0.4372
vn -0.2810 -0.3885 0.8776
vn -0.9731 -0.0593 0.2225
vn -0.2753 -0.3199 0.9066
vn -0.1760 -0.2017 0.9635
vn -0.7601 0.1464 0.6331
vn -0.3131 0.0113 0.9497
vn 0.1042 -0.3749 0.9212
vn 0.0093 -0.0288 0.9995
vn -0.3430 0.1131 0.9325
vn 0.4763 0.0553 0.8775
vn 0.8097 -0.2408 0.5352
vn 0.2023 -0.2926 0.9346
vn 0.7172 0.1854 0.6717
vn 0.8612 0.0967 0.4990
vn 0.9275 0.0604 0.3690
vn 0.4891 -0.2199 0.8441
vn 0.1648 -0.5166 0.8402
vn 0.1339 -0.4827 0.8655
vn 0.2732 0.4105 0.8700
vn -0.1212 0.3219 0.9390
vn -0.1093 0.3757 0.9203
vn 0.2141 0.0561 0.9752
vn -0.0906 0.1940 0.9768
vn 0.0005 -0.0016 1.0000
vn -0.3216 0.0163 0.9467
vn -0.0868 -0.1744 0.9808
vn -0.1693 0.2234 0.9599
vn -0.2019 0.3060 0.9304
vn -0.1081 0.2140 0.9708
vn 0.0244 -0.0337 0.9991
vn -0.0316 -0.0630 0.9975
vn -0.6529 -0.2894 0.7000
vn -0.5392 -0.2048 0.8169
vn -0.0691 -0.0958 0.9930
vn -0.7708 0.3112 0.5559
vn 0.1037 -0.1976 0.9748
vn -0.5659 -0.0560 0.8226
vn -0.9742 0.0156 0.2253
vn -0.7665 0.3755 0.5210
vn -0.6980 -0.2835 0.6576
vn 0.1570 -0.2946 0.9426
vn -0.0910 0.1911 0.9774
vn 0.1814 -0.3908 0.9024
vn -0.5598 0.0148 0.8285
vn 0.1795 -0.4275 0.8860
vn -0.2941 -0.4167 0.8602
vn -0.9435 -0.0641 0.3250
vn -0.4349 0.1475 0.8883
vn -0.1648 0.3211 0.9326
vn -0.0001 -0.0000 1.0000
vn -0.2232 0.4095 0.8846
vn -0.2249 0.4092 0.8843
vn 0.2013 -0.3706 0.9067
vn 0.2786 -0.5413 0.7933
vn 0.2467 -0.4618 0.8520
vn -0.0328 0.0643 0.9974
vn 0.0092 -0.0225 0.9997
vn 0.0135 -0.0120 0.9998
vn 0.0973 -0.1920 0.9766
vn 0.1103 -0.2159 0.9702
vn 0.0063 -0.0014 1.0000
vn 0.0882 -0.1974 0.9763
vn -0.4502 -0.0786 0.8895
vn -0.0077 0.0166 0.9998
vn -0.0519 0.1132 0.9922
vn -0.0107 0.0200 0.9997
vn -0.0440 0.1614 0.9859
vn -0.0977 0.1801 0.9788
vn -0.2153 0.4091 0.8867
vn -0.1206 0.2170 0.9687
vn -0.1170 0.3360 0.9346
vn -0.3328 0.7465 0.5762
vn 0.0092 0.2376 0.9713
vn -0.0008 0.0005 1.0000
vn 0.0033 -0.0153 0.9999
vn -0.2613 -0.5064 0.8217
vn -0.0130 0.0215 0.9997
vn 0.1187 -0.1956 0.9735
vn 0.1608 -0.1474 0.9759
vn 0.2887 -0.4526 0.8437
vn 0.0072 -0.0247 0.9997
vn 0.5084 0.0296 0.8606
vn -0.0705 -0.7795 0.6225
vn -0.1188 -0.3968 0.9102
vn -0.0038 -0.0154 0.9999
vn -0.0006 0.0008 1.0000
vn 0.0184 -0.0452 0.9988
vn 0.0181 -0.0921 0.9956
vn -0.1831 -0.3732 0.9095
vn -0.0887 -0.1769 0.9802
vn -0.0634 -0.1287 0.9897
vn -0.0307 -0.0709 0.9970
vn 0.1101 0.2300 0.9669
vn -0.0701 -0.1787 0.9814
vn -0.0487 -0.1320 0.9901
vn -0.3582 -0.7373 0.5728
vn -0.2113 -0.5166 0.8298
vn -0.2936 -0.6040 0.7409
vn -0.1932 -0.3499 0.9166
vn 0.0918 0.2024 0.9750
vn 0.1011 0.1988 0.9748
vn -0.0630 -0.1253 0.9901
vn -0.3699 -0.7128 0.5958
vn 0.1996 0.1324 0.9709
vn -0.1520 -0.2355 0.9599
vn -0.5245 -0.5777 0.6255
vn -0.8059 -0.1947 0.5590
vn 0.1543 -0.0601 0.9862
vn 0.3768 0.2024 0.9039
vn 0.4629 0.2358 0.8545
vn 0.3357 0.2804 0.8993
vn 0.5055 0.0054 0.8628
vn 0.3361 -0.0538 0.9403
vn -0.0220 -0.0500 0.9985
vn 0.1748 0.0569 0.9830
vn 0.2238 0.0838 0.9710
vn 0.1519 0.3226 0.9342
vn 0.2365 0.4490 0.8617
vn 0.0016 -0.0002 1.0000
vn 0.0038 -0.0004 1.0000
vn -0.1984 -0.3858 0.9010
vn -0.1715 -0.3768 0.9103
vn 0.4481 0.2836 0.8478
vn 0.2921 -0.3981 0.8696
vn 0.9111 -0.0903 0.4021
vn 0.9067 0.1291 0.4016
vn 0.6437 0.2394 0.7268
vn 0.7139 0.0320 0.6995
vn 0.8534 -0.0396 0.5198
vn 0.5461 -0.2069 0.8118
vn 0.6863 -0.0256 0.7269
vn 0.6214 -0.0162 0.7833
vn 0.5402 -0.0831 0.8374
vn -0.0105 -0.0128 0.9999
vn 0.0999 0.2316 0.9677
vn -0.1967 -0.4488 0.8717
vn 0.0945 0.1736 0.9803
vn -0.2405 -0.4927 0.8363
vn -0.0079 -0.0287 0.9996
vn 0.0281 -0.2788 0.9599
vn -0.0233 -0.0338 0.9992
vn -0.0063 -0.2841 0.9588
vn -0.0877 -0.1970 0.9765
vn -0.0767 -0.2012 0.9765
vn -0.0980 -0.1922 0.9765
vn 0.0001 0.0006 1.0000
vn 0.0011 0.0704 0.9975
vn 0.0008 0.0004 1.0000
vn 0.0093 0.0296 0.9995
vn -0.0457 -0.1911 0.9805
vn 0.1493 -0.1348 0.9796
vn 0.0105 0.0040 0.9999
vn 0.0096 0.0097 0.9999
vn 0.0947 -0.1192 0.9883
vn 0.2296 -0.1106 0.9670
vn 0.5268 -0.2381 0.8160
vn -0.0785 -0.2746 0.9583
vn 0.0053 0.0942 0.9955
vn 0.2063 0.5032 0.8392
vn 0.1604 0.6042 0.7806
vn 0.2920 0.7163 0.6338
vn 0.1141 0.2837 0.9521
vn 0.1846 0.7176 0.6716
vn -0.0679 -0.1892 0.9796
vn -0.0571 -0.2072 0.9766
vn 0.0729 0.2356 0.9691
vn 0.1007 0.7739 0.6252
vn 0.0816 0.1428 0.9864
vn 0.0008 0.0024 1.0000
vn 0.0045 0.0365 0.9993
vn -0.0226 -0.2135 0.9767
vn -0.0401 -0.3699 0.9282
vn -0.0359 -0.2111 0.9768
vn -0.0039 -0.0325 0.9995
vn -0.5059 -0.0303 0.8621
vn 0.5213 -0.0408 0.8524
vn -0.3285 0.2005 0.9230
vn 0.0284 0.2272 0.9734
vn -0.1444 -0.3315 0.9323
vn -0.8192 -0.1571 0.5516
vn -0.0547 -0.6420 0.7647
vn -0.9433 -0.0481 0.3283
vn -0.0488 -0.4086 0.9114
vn -0.4226 -0.3185 0.8485
vn 0.3848 0.3120 0.8687
vn 0.0495 0.3628 0.9306
vn -0.4535 0.3291 0.8283
vn 0.0871 0.4870 0.8690
vn 0.0497 0.6951 0.7172
vn 0.9276 0.0870 0.3634
vn 0.3158 -0.3414 0.8853
vn 0.8785 -0.1994 0.4342
vn 0.7645 -0.2577 0.5909
vn 0.9331 -0.0908 0.3479
vn 0.1985 -0.0069 0.9801
vn 0.0244 -0.2814 0.9593
vn 0.8125 -0.0019 0.5829
vn 0.2577 -0.1016 0.9609
vn 0.9657 -0.1261 0.2272
vn 0.6874 -0.1380 0.7131
vn 0.7329 -0.2891 0.6158
vn 0.5722 0.0051 0.8201
vn 0.0660 0.2380 0.9690
vn -0.1047 -0.4244 0.8994
vn 0.4726 -0.3846 0.7929
vn 0.9568 0.1114 0.2687
vn 0.4485 0.3497 0.8225
vn 0.3540 0.1705 0.9196
vn 0.6633 -0.1028 0.7413
vn -0.0514 -0.1705 0.9840
vn 0.0952 0.3487 0.9324
vn 0.1318 0.4394 0.8886
vn -0.5302 0.0876 0.8433
vn -0.8123 0.0425 0.5817
vn -0.6365 -0.2280 0.7368
vn -0.5001 0.3740 0.7810
vn -0.9563 -0.0016 0.2924
vn 0.1779 0.2919 0.9398
vn 0.1256 0.3613 0.9240
vn -0.1687 0.0353 0.9850
vn -0.6299 0.0278 0.7762
vn 0.1899 -0.0527 0.9804
vn 0.1163 0.0172 0.9931
vn 0.1784 0.3081 0.9345
vn -0.7919 -0.0610 0.6076
vn -0.5583 0.0148 0.8295
vn -0.0777 -0.2568 0.9633
vn -0.0069 -0.0183 0.9998
vn -0.4284 -0.3498 0.8331
vn -0.1298 -0.4566 0.8802
vn -0.0404 -0.2084 0.9772
vn 0.4978 -0.0483 0.8660
vn -0.0307 -0.2801 0.9595
vn 0.5490 -0.0688 0.8330
vn -0.0759 -0.2743 0.9586
vn 0.0011 -0.3013 0.9535
vn -0.5186 0.0232 0.8547
vn -0.0023 -0.0263 0.9997
vn -0.3145 -0.0423 0.9483
vn 0.1252 0.3008 0.9454
vn 0.0094 -0.2361 0.9717
vn 0.0187 0.1807 0.9834
vn 0.5307 -0.2365 0.8139
vn 0.2114 -0.1850 0.9597
vn 0.0009 0.0008 1.0000
vn -0.0748 0.3389 0.9378
vn -0.1904 0.9180 0.3479
vn -0.1227 0.9001 0.4181
vn -0.2096 0.5089 0.8349
vn -0.1004 0.9630 0.2501
vn 0.1033 0.6395 0.7618
vn 0.2147 -0.1347 0.9673
vn -0.0165 -0.2086 -0.9779
vn 0.0173 -0.6350 -0.7723
vn -0.2784 0.0905 -0.9562
vn -0.7930 0.0207 -0.6088
vn -0.9002 -0.0320 0.4344
vn -0.7863 -0.3504 -0.5088
vn -0.3282 -0.1129 -0.9378
vn -0.7038 0.1364 -0.6972
vn -0.2201 0.1611 -0.9621
vn 0.4095 -0.5413 -0.7344
vn 0.3383 0.0424 -0.9401
vn 0.6925 0.0834 -0.7166
vn -0.1837 0.1748 -0.9673
vn 0.0787 -0.0248 -0.9966
vn 0.1496 0.0187 -0.9886
vn 0.0082 0.0099 -0.9999
vn -0.9865 0.0086 0.1637
vn -0.9155 -0.1304 0.3805
vn -0.9932 0.0939 0.0683
vn -0.7179 0.2946 0.6307
vn -0.8349 -0.0041 0.5503
vn -0.4027 -0.0018 0.9153
vn -0.5169 -0.8560 0.0009
vn -0.9472 -0.0386 -0.3183
vn -0.7929 -0.0550 -0.6069
vn -0.9464 0.2575 0.1948
vn -0.7517 -0.4140 -0.5134
vn 0.0651 -0.0005 0.9979
vn 0.4733 0.0644 0.8786
vn 0.3209 0.0230 0.9468
vn 0.7649 -0.0419 0.6428
vn 0.0669 -0.0746 0.9950
vn -0.7095 0.1990 0.6760
vn 0.2297 0.2072 0.9509
vn 0.2320 -0.2052 0.9508
vn -0.2194 0.2117 0.9524
vn 0.0818 0.0852 0.9930
vn 0.0851 -0.0867 0.9926
vn 0.7092 -0.0330 0.7042
vn 0.8242 0.0485 0.5643
vn 0.5206 0.5736 0.6324
vn 0.3646 -0.3797 0.8502
vn 0.2292 -0.2028 0.9520
vn -0.1610 -0.1910 0.9683
vn -0.2492 0.2023 0.9471
vn -0.4905 0.5506 0.6754
vn -0.0879 -0.0928 0.9918
vn -0.1784 0.0095 0.9839
vn 0.0695 -0.0762 0.9947
vn 0.2307 -0.2211 0.9476
vn -0.2485 -0.2293 0.9411
vn 0.0102 -0.8189 0.5739
vn -0.5772 0.3934 0.7156
vn 0.2332 -0.2192 0.9474
vn -0.2471 0.2539 0.9351
vn -0.3217 0.3033 0.8969
vn -0.0993 0.1081 0.9892
vn -0.2508 0.0159 0.9679
vn -0.0643 0.0129 0.9978
vn 0.7303 -0.2579 0.6326
vn 0.8228 0.0104 0.5683
vn -0.0264 -0.1991 0.9796
vn 0.0011 -0.0316 0.9995
vn -0.0200 -0.2246 0.9742
vn 0.3852 -0.7606 0.5227
vn -0.2261 -0.8991 0.3747
vn 0.8862 0.0513 0.4605
vn -0.4900 -0.2213 0.8432
vn -0.6662 -0.1958 0.7196
vn 0.9862 -0.1551 -0.0587
vn 0.7233 -0.6882 -0.0559
vn 0.8242 -0.5362 -0.1824
vn 0.9459 0.0590 0.3191
vn 0.8856 0.1805 -0.4280
vn 0.3179 0.2680 -0.9095
vn 0.9671 -0.0981 -0.2346
vn 0.7459 -0.1416 -0.6509
vn 0.9272 -0.2153 -0.3065
vn 0.9994 0.0004 -0.0350
vn 0.7444 0.0004 -0.6677
vn 0.9961 0.0125 0.0875
vn 0.9936 0.0108 0.1128
vn 0.8985 -0.3561 0.2567
vn 0.8190 -0.0277 0.5732
vn 0.9841 0.0547 0.1691
vn 0.9582 -0.0106 0.2858
vn 0.9268 0.0409 0.3732
vn 0.6360 0.0384 0.7707
vn 0.8059 0.0778 0.5869
vn 0.9991 -0.0005 0.0420
vn 0.1386 0.9692 0.2038
vn 0.6700 0.7423 -0.0016
vn -0.2570 0.7358 0.6265
vn 0.0001 -0.9995 0.0309
vn 0.0018 -0.9999 -0.0118
vn -0.0023 -0.9839 -0.1789
vn 0.0378 -0.9448 -0.3256
vn -0.0268 -0.9158 -0.4007
vn 0.7227 -0.6909 0.0173
vn -0.1131 -0.2043 -0.9724
vn -0.0909 -0.8308 0.5491
vn -0.2132 -0.4668 -0.8583
vn 0.0069 -0.0026 -1.0000
vn -0.9232 -0.0711 0.3776
vn -0.2325 0.1111 -0.9662
vn -0.5768 0.2137 -0.7885
vn -0.5291 -0.2429 -0.8130
vn -0.3371 -0.5338 -0.7755
vn -0.3347 -0.1721 -0.9265
vn -0.4186 0.0837 -0.9043
vn -0.7185 0.1364 -0.6820
vn -0.0801 0.0306 -0.9963
vn 0.2542 0.1676 -0.9525
vn 0.4096 -0.5411 -0.7344
vn 0.7918 -0.0128 -0.6107
vn 0.6738 0.0722 -0.7353
vn 0.2258 0.1663 -0.9599
vn 0.0185 0.0242 -0.9995
vn 0.0748 0.0023 -0.9972
vn 0.0005 -0.9943 0.1065
vn 0.0005 -0.7648 0.6443
vn -0.0006 -0.8203 0.5720
vn -0.0002 -0.9943 0.1065
vn 0.0138 -0.9962 0.0864
vn -0.0044 -1.0000 0.0025
vn -0.0249 -0.9996 -0.0146
vn -0.0096 -0.9785 0.2061
vn 0.1408 -0.8729 0.4672
vn 0.2983 -0.7536 0.5857
vn -0.2298 -0.7646 0.6021
vn -0.0998 -0.9917 0.0806
vn -0.5235 -0.7570 0.3911
vn -0.0002 -0.9089 0.4170
vn 0.0248 -0.8483 0.5290
vn -0.1954 -0.6210 0.7591
vn -0.0342 -0.9624 0.2694
vn 0.0001 -1.0000 -0.0064
vn 0.0009 -0.9998 -0.0192
vn -0.2420 -0.8471 0.4732
vn 0.0003 -1.0000 0.0002
vn -0.0000 -1.0000 0.0073
vn 0.0050 -0.9386 -0.3450
vn 0.4459 -0.8895 0.1000
vn 0.2065 -0.8148 -0.5417
vn 0.0385 -0.9275 -0.3720
vn 0.0085 -0.9990 0.0432
vn 0.0077 -0.9998 -0.0164
vn 0.0534 -0.7125 -0.6996
vn 0.3043 -0.5623 -0.7689
vn 0.4715 -0.8247 -0.3124
vn 0.4221 -0.6812 -0.5982
vn 0.8811 -0.4729 0.0010
vn 0.0043 -0.7780 0.6283
vn -0.2954 -0.6326 0.7159
vn 0.0016 -0.3237 0.9461
vn 0.0018 -0.9718 -0.2357
vn -0.0019 -0.9999 -0.0157
vn 0.0036 -0.9978 -0.0655
vn 0.0001 -0.9997 -0.0231
vn -0.2820 -0.9279 0.2439
vn -0.0495 -0.8978 -0.4376
vn 0.0557 -0.9074 -0.4166
vn -0.0092 -0.5328 -0.8462
vn -0.0644 -0.9924 -0.1048
vn -0.1833 -0.9830 -0.0068
vn -0.0432 0.4929 0.8690
vn -0.0061 0.0736 0.9973
vn -0.0013 0.4431 0.8965
vn 0.0037 0.4107 0.9117
vn 0.0005 0.0598 0.9982
vn -0.0627 0.4080 0.9108
vn -0.0217 0.2673 0.9634
vn 0.0004 0.0160 0.9999
vn -0.0443 0.2304 0.9721
vn -0.0873 0.5777 0.8116
vn 0.0417 0.6781 0.7338
vn 0.0088 0.2295 0.9733
vn -0.0679 0.2140 0.9745
vn -0.1252 0.7621 0.6352
vn 0.2197 0.7384 0.6376
vn -0.0546 -0.0605 0.9967
vn 0.0028 -0.0031 1.0000
vn -0.0860 -0.2816 0.9557
vn 0.0574 0.0619 0.9964
vn -0.1976 -0.6219 0.7577
vn -0.2549 -0.6722 0.6951
vn -0.0552 -0.3939 0.9175
vn 0.0108 0.0316 0.9994
vn 0.0415 -0.3223 0.9457
vn 0.0499 -0.1406 0.9888
vn -0.0574 0.0623 0.9964
vn -0.1870 0.1828 0.9652
vn 0.0733 -0.0727 0.9947
vn 0.1927 -0.1678 0.9668
vn 0.1849 0.1852 0.9651
vn -0.1904 -0.1742 0.9661
vn -0.0711 0.0684 0.9951
vn 0.0731 0.0699 0.9949
vn -0.0798 -0.0787 0.9937
vn 0.0350 0.6544 0.7553
vn -0.2706 0.3106 0.9112
vn -0.0249 0.4175 0.9083
vn -0.0462 0.7593 0.6491
vn -0.0391 0.6568 0.7531
vn 0.5212 0.6198 0.5867
vn -0.5196 0.5036 0.6902
vn 0.4221 0.2518 0.8709
vn 0.4846 -0.4375 0.7575
vn -0.2611 0.2798 0.9239
vn 0.3359 0.3124 0.8886
vn 0.1849 0.1821 0.9657
vn -0.1498 0.0696 0.9863
vn 0.1758 -0.1238 0.9766
vn -0.1840 -0.2003 0.9623
vn -0.5006 -0.4677 0.7285
vn -0.2587 -0.3049 0.9166
vn 0.4875 -0.5202 0.7012
vn 0.2279 -0.2619 0.9378
vn 0.0782 -0.0729 0.9943
vn -0.0011 -0.2762 0.9611
vn -0.0081 -0.1418 0.9899
vn 0.0607 -0.0661 0.9960
vn 0.0581 0.0641 0.9963
vn -0.0001 -0.0088 1.0000
vn -0.0004 -0.0189 0.9998
vn 0.3519 -0.0562 0.9343
vn -0.0003 -0.0418 0.9991
vn 0.2033 -0.0143 0.9790
vn -0.0554 0.0608 0.9966
vn 0.1898 -0.0236 0.9815
vn 0.1992 0.1837 0.9626
vn -0.1854 0.1749 0.9670
vn -0.2038 -0.1837 0.9616
vn -0.0623 -0.0645 0.9960
vn 0.0706 0.2644 0.9618
vn -0.0487 0.4171 0.9075
vn 0.2199 -0.1526 0.9635
vn 0.5166 -0.1844 0.8361
vn 0.0092 0.0009 1.0000
vn 0.6266 -0.1625 0.7622
vn 0.5934 -0.1111 0.7972
vn 0.8879 -0.2315 0.3975
vn 0.7852 -0.0168 0.6190
vn 0.5426 -0.1505 0.8264
vn 0.2683 -0.0570 0.9616
vn 0.3845 -0.3007 0.8728
vn 0.7414 0.3338 0.5822
vn -0.2043 0.5967 0.7760
vn -0.0563 0.8307 0.5539
vn -0.0085 0.7474 0.6643
vn 0.2575 0.6329 0.7301
vn 0.2551 0.6444 0.7209
vn -0.0006 0.0727 0.9974
vn 0.5083 0.5298 0.6789
vn -0.0103 -0.0480 0.9988
vn -0.0168 -0.2033 0.9790
vn -0.0199 -0.3062 0.9518
vn 0.2055 -0.1989 0.9582
vn 0.2485 0.0065 0.9686
vn 0.0712 -0.1002 0.9924
vn 0.5118 -0.0408 0.8581
vn -0.2620 -0.2781 0.9241
vn 0.2809 -0.3113 0.9078
vn -0.0914 -0.0819 0.9924
vn -0.3447 -0.5340 0.7720
vn -0.0828 0.0719 0.9940
vn -0.2680 0.2820 0.9212
vn -0.7229 -0.0127 0.6909
vn -0.2382 -0.2013 0.9501
vn -0.4504 0.4226 0.7865
vn -0.1789 0.1523 0.9720
vn 0.1975 -0.1920 0.9613
vn 0.2004 0.1861 0.9619
vn 0.5071 0.4785 0.7168
vn 0.5180 -0.4756 0.7110
vn 0.7726 0.0072 0.6349
vn 0.2814 0.3066 0.9093
vn 0.6183 0.0627 0.7834
vn 0.0853 0.0757 0.9935
vn -0.0034 0.8137 0.5813
vn -0.0244 -0.4244 0.9051
vn 0.2159 -0.4010 0.8903
vn 0.1993 -0.3278 0.9235
vn 0.0731 -0.7194 0.6907
vn 0.1939 -0.5750 0.7948
vn 0.1686 0.9831 -0.0716
vn 0.0414 0.9991 0.0131
vn 0.0351 0.9994 0.0026
vn 0.1021 0.9943 0.0321
vn 0.2516 0.9678 -0.0110
vn 0.4808 0.8746 -0.0627
vn 0.7295 0.6808 -0.0660
vn 0.5836 0.7822 -0.2180
vn 0.0002 1.0000 0.0067
vn -0.0605 0.9268 0.3707
vn -0.0954 0.8482 -0.5211
vn -0.1678 0.8606 -0.4809
vn -0.2149 0.2637 -0.9404
vn -0.0454 0.5039 -0.8626
vn 0.1042 0.9549 -0.2781
vn 0.1434 0.6596 -0.7378
vn 0.2280 0.8987 -0.3746
vn -0.0004 0.9991 -0.0416
vn 0.0135 0.9584 -0.2853
vn -0.0004 0.6553 -0.7554
vn 0.1033 0.9730 0.2065
vn -0.0142 0.9940 0.1082
vn -0.0325 0.9994 -0.0069
vn -0.0781 0.9968 -0.0148
vn 0.1260 0.9128 0.3885
vn 0.0002 0.9894 0.1453
vn -0.0570 0.8633 0.5015
vn -0.0116 0.9901 0.1401
vn -0.0251 0.9243 0.3807
vn -0.0003 0.7656 0.6433
vn 0.3909 0.8660 0.3120
vn 0.0336 0.7455 0.6656
vn -0.0554 0.9786 0.1984
vn -0.0376 0.9059 0.4218
vn 0.0108 0.9371 0.3488
vn -0.0416 0.5416 0.8396
vn -0.0807 0.7264 0.6825
vn 0.0005 0.9986 0.0525
vn -0.9679 0.1589 0.1946
vn -0.7800 0.6257 -0.0019
vn -0.7539 0.6570 -0.0002
vn -0.9757 0.2190 -0.0000
vn -0.9391 -0.3438 -0.0005
vn -0.8106 -0.3723 0.4520
vn -0.7617 0.0002 0.6479
vn -0.6917 -0.2429 0.6802
vn -0.8354 -0.4983 0.2318
vn -0.6901 -0.6933 0.2074
vn -0.7696 -0.6385 -0.0009
vn 1.0000 -0.0001 0.0001
vn 0.9999 -0.0160 0.0014
vn 0.9999 -0.0031 -0.0140
vn 0.9995 -0.0305 0.0026
vn 0.9997 0.0001 0.0249
vn 1.0000 -0.0007 -0.0033
vn 0.9988 -0.0079 -0.0490
vn 1.0000 -0.0009 0.0003
vn 0.9937 -0.0002 0.1119
vn 1.0000 0.0012 -0.0095
vn 0.9779 -0.0030 -0.2092
vn 0.8959 -0.0069 -0.4441
vn 0.9958 0.0065 -0.0910
vn 0.9268 0.0400 -0.3733
vn 0.9978 0.0250 -0.0618
vn 0.8904 -0.0341 -0.4540
vn 0.9393 -0.0454 -0.3400
vn 0.9931 -0.0139 -0.1165
vn 0.9992 0.0112 -0.0383
vn 0.9050 0.4253 -0.0037
vn 0.7169 0.6963 0.0341
vn 0.6099 0.7909 0.0493
vn 0.7271 0.6862 0.0217
vn 0.9029 0.3630 0.2302
vn 0.8491 0.3167 0.4227
vn 0.8836 -0.0007 0.4683
vn 0.9051 0.0013 0.4251
vn 0.2252 0.0010 -0.9743
vn 0.0393 -0.0145 -0.9991
vn 0.5113 0.7679 -0.3858
vn 0.9376 0.2339 -0.2574
vn 0.1745 -0.0999 -0.9796
vn 0.7845 -0.0777 0.6152
vn 0.1627 -0.1013 -0.9815
vn 0.4333 -0.1746 -0.8842
vn 0.1856 -0.0087 -0.9826
vn 0.4215 0.0419 -0.9059
vn -0.0735 -0.0029 -0.9973
vn 0.5886 0.0059 -0.8084
vn 0.2357 0.0423 -0.9709
vn 0.3274 0.0668 -0.9425
vn 0.0224 0.0007 -0.9997
vn 0.0021 0.0073 -1.0000
vn 0.0005 -0.0022 -1.0000
vn -0.0003 0.1338 -0.9910
vn -0.0442 -0.1156 -0.9923
vn -0.0789 -0.2304 -0.9699
vn -0.0106 -0.6848 -0.7287
vn 0.0808 -0.9503 0.3005
vn -0.0935 -0.6189 -0.7799
vn -0.0473 -0.8874 -0.4586
vn -0.0038 -0.5389 -0.8424
vn 0.3786 -0.7163 -0.5862
vn 0.4047 -0.2951 -0.8655
vn 0.0936 -0.2750 -0.9569
vn -0.0848 -0.1895 -0.9782
vn -0.2510 -0.1355 -0.9585
vn -0.2163 -0.4787 -0.8509
vn 0.2477 -0.4326 -0.8669
vn 0.0737 -0.1245 -0.9895
vn 0.4793 -0.2979 -0.8255
vn 0.1642 -0.2798 -0.9459
vn -0.0852 -0.3707 -0.9249
vn -0.1272 -0.6294 -0.7666
vn -0.1426 -0.1758 -0.9740
vn 0.0133 -0.2305 -0.9730
vn -0.0229 -0.0616 -0.9978
vn 0.0382 -0.0487 -0.9981
vn 0.1541 -0.1546 -0.9759
vn 0.2311 -0.0211 -0.9727
vn -0.0174 0.0039 -0.9998
vn -0.1611 0.2143 -0.9634
vn 0.5592 0.3521 -0.7505
vn 0.0123 0.7101 -0.7040
vn -0.0741 0.5760 -0.8141
vn -0.1461 0.1809 -0.9726
vn -0.0318 0.2770 -0.9603
vn -0.1621 -0.1356 -0.9774
vn -0.0749 -0.0192 -0.9970
vn 0.0002 0.0123 -0.9999
vn 0.0785 0.1001 -0.9919
vn -0.0193 0.0183 -0.9996
vn -0.0007 0.0541 -0.9985
vn 0.1481 0.2532 -0.9560
vn -0.0597 0.0881 -0.9943
vn -0.0435 -0.0513 -0.9977
vn -0.0103 0.0066 -0.9999
vn 0.0252 0.4737 -0.8803
vn 0.0005 -0.9943 0.1064
vn -0.0096 -0.9785 0.2060
vn -0.0249 -0.9996 -0.0147
vn -0.2298 -0.7646 0.6022
vn -0.0998 -0.9917 0.0807
vn 0.0249 -0.8483 0.5290
vn -0.0002 -0.9087 0.4175
vn -0.2955 -0.6326 0.7159
vn 0.0016 -0.3237 0.9462
vn 0.0385 -0.9274 -0.3720
vn 0.0050 -0.9386 -0.3451
vn -0.0000 -1.0000 0.0070
vn 0.0535 -0.7125 -0.6997
vn 0.0018 -0.9718 -0.2358
vn 0.0001 -0.9997 -0.0232
vn -0.0094 -0.5327 -0.8462
vn -0.0432 0.4930 0.8689
vn 0.0037 0.4108 0.9117
vn 0.0005 0.0599 0.9982
vn -0.0217 0.2674 0.9633
vn 0.0417 0.6782 0.7337
vn -0.1251 0.7622 0.6352
vn 0.0108 0.0315 0.9994
vn -0.0573 0.0624 0.9964
vn 0.1849 0.1851 0.9652
vn 0.0733 -0.0726 0.9947
vn 0.1927 -0.1677 0.9668
vn -0.0711 0.0683 0.9951
vn 0.0783 -0.0729 0.9943
vn 0.4845 -0.4375 0.7575
vn 0.3358 0.3124 0.8886
vn -0.1840 -0.2001 0.9623
vn 0.1849 0.1820 0.9658
vn -0.2612 0.2798 0.9239
vn -0.1496 0.0698 0.9863
vn -0.5196 0.5036 0.6903
vn -0.0249 0.4176 0.9083
vn 0.1992 0.1836 0.9626
vn 0.2032 -0.0143 0.9790
vn 0.1897 -0.0235 0.9816
vn -0.1855 0.1745 0.9670
vn 0.2550 0.6444 0.7209
vn 0.2576 0.6329 0.7301
vn -0.0169 -0.2033 0.9790
vn 0.0093 0.0009 1.0000
vn 0.7853 -0.0168 0.6189
vn 0.3519 -0.0561 0.9344
vn 0.7414 0.3337 0.5822
vn -0.0199 -0.3064 0.9517
vn 0.2057 -0.1993 0.9581
vn 0.2487 0.0067 0.9685
vn 0.0712 -0.1003 0.9924
vn 0.2809 -0.3113 0.9079
vn -0.7229 -0.0127 0.6908
vn -0.3448 -0.5340 0.7720
vn -0.2381 -0.2013 0.9501
vn -0.1788 0.1524 0.9720
vn 0.2004 0.1860 0.9619
vn -0.0004 -0.0187 0.9998
vn 0.2158 -0.4009 0.8903
vn 0.1993 -0.3277 0.9235
vn 0.1940 -0.5750 0.7948
vn 0.0350 0.9994 0.0026
vn 0.2515 0.9678 -0.0110
vn 0.7296 0.6807 -0.0657
vn -0.0455 0.5039 -0.8626
vn -0.0004 0.9991 -0.0417
vn 0.0139 0.9584 -0.2852
vn 0.0002 0.9894 0.1454
vn -0.0415 0.5416 0.8396
vn -0.9679 0.1590 0.1947
vn -0.7538 0.6571 -0.0002
vn -0.9757 0.2189 -0.0000
vn -0.8106 -0.3723 0.4519
vn -0.7618 0.0002 0.6479
vn -0.6917 -0.2430 0.6801
vn -0.6902 -0.6933 0.2073
vn -0.7696 -0.6386 -0.0009
vn 0.9999 -0.0031 -0.0139
vn 0.9936 -0.0001 0.1126
vn 1.0000 -0.0010 0.0003
vn 0.8959 -0.0069 -0.4442
vn 0.9958 0.0065 -0.0911
vn 0.9269 0.0400 -0.3732
vn 0.9978 0.0250 -0.0619
vn 0.8903 -0.0341 -0.4540
vn 0.9393 -0.0454 -0.3401
vn 0.9931 -0.0139 -0.1164
vn 0.7168 0.6964 0.0341
vn 0.6100 0.7909 0.0492
vn 0.7271 0.6861 0.0217
vn 0.9029 0.3630 0.2301
vn 0.8492 0.3167 0.4227
vn 0.9375 0.2339 -0.2576
vn 0.7844 -0.0777 0.6154
vn 0.4334 -0.1746 -0.8841
vn 0.4216 0.0420 -0.9058
vn 0.5885 0.0059 -0.8085
vn 0.2356 0.0424 -0.9709
vn 0.3275 0.0668 -0.9425
vn 0.0021 0.0071 -1.0000
vn -0.0790 -0.2304 -0.9699
vn 0.3785 -0.7162 -0.5863
vn -0.0230 -0.0617 -0.9978
vn 0.4794 -0.2978 -0.8255
vn 0.1642 -0.2796 -0.9460
vn -0.0852 -0.3707 -0.9248
vn -0.1427 -0.1760 -0.9740
vn -0.1612 0.2143 -0.9634
vn 0.0122 0.7102 -0.7039
vn -0.0740 0.5760 -0.8141
vn -0.1464 0.1813 -0.9725
vn -0.0319 0.2770 -0.9603
vn -0.0597 0.0880 -0.9943
vn -0.0435 -0.0512 -0.9977
vn -0.0110 0.0067 -0.9999
vn -0.2509 -0.1355 -0.9585
vn 0.9846 -0.1750 -0.0034
vn 0.8368 -0.0398 0.5460
vn 0.7590 -0.1203 0.6399
vn 0.9880 -0.1413 0.0627
vn 0.7678 0.5209 0.3730
vn 0.6282 0.7657 0.1382
vn 0.0658 0.8667 0.4944
vn 0.0482 0.7247 0.6873
vn 0.0224 0.2694 0.9628
vn 0.2333 0.2125 0.9489
vn 0.0185 -0.0027 0.9998
vn 0.9014 0.2581 0.3476
vn 0.8619 0.5063 0.0270
vn 0.6700 0.2829 0.6863
vn 0.7002 0.0626 0.7111
vn 0.1598 0.7059 0.6901
vn 0.6199 0.7846 0.0070
vn -0.5809 0.4322 0.6898
vn -0.6639 -0.3209 0.6754
vn 0.5776 0.1675 0.7990
vn -0.7651 -0.1214 0.6324
vn -0.9991 -0.0353 0.0230
vn -0.9598 -0.2794 0.0267
vn -0.7433 0.6684 0.0280
vn 0.0517 0.9985 0.0161
vn -0.0004 0.7514 -0.6598
vn 0.0105 0.8632 0.5048
vn 0.6966 0.7168 0.0303
vn 0.5923 0.5243 -0.6118
vn 0.6740 0.2817 -0.6829
vn 0.0093 0.5261 -0.8504
vn 0.5684 -0.5128 0.6434
vn 0.6392 -0.2543 0.7258
vn -0.0014 -0.2413 0.9705
vn 0.0152 -0.5234 0.8519
vn 0.3275 0.3926 0.8594
vn 0.0244 0.2738 -0.9615
vn 0.0168 0.5728 -0.8195
vn 0.6661 0.3775 -0.6432
vn 0.6378 0.0961 -0.7642
vn -0.0398 0.9991 0.0122
vn 0.6804 0.7295 -0.0698
vn 0.8904 -0.1050 0.4428
vn 0.4966 0.4900 0.7164
vn 0.6800 -0.3212 0.6592
vn 0.3494 -0.0970 0.9319
vn -0.3786 0.5444 0.7485
vn -0.0245 0.0267 0.9993
vn 0.0172 -0.2779 0.9604
vn -1.0000 -0.0006 -0.0055
vn -1.0000 0.0036 -0.0042
vn -0.9995 -0.0020 -0.0306
vn -1.0000 -0.0003 0.0023
vn -1.0000 -0.0020 0.0025
vn -1.0000 0.0005 0.0016
vn -1.0000 -0.0020 0.0009
vn -0.9961 0.0581 0.0668
vn -0.9988 0.0320 0.0367
vn -0.8892 0.1318 0.4382
vn -0.8981 0.2711 0.3464
vn -0.9999 0.0060 0.0112
vn -0.9372 0.2360 0.2567
vn -0.7063 0.4031 0.5820
vn -0.7199 0.3205 0.6157
vn -0.6960 0.0677 0.7149
vn -0.9956 0.0659 0.0669
vn -0.9999 -0.0078 0.0144
vn -0.9997 0.0177 0.0139
vn -0.9934 0.0880 0.0737
vn -0.9995 0.0307 -0.0089
vn -0.9072 0.0777 0.4135
vn -0.9517 0.0195 0.3065
vn -0.9999 0.0085 0.0069
vn -1.0000 0.0016 0.0043
vn -0.9998 -0.0018 0.0173
vn -0.9997 -0.0026 0.0240
vn 0.5554 0.6176 0.5569
vn -1.0000 0.0011 0.0007
vn -0.0180 0.6340 0.7732
vn -0.0199 0.6210 0.7835
vn -0.0268 0.5732 0.8190
vn -0.0055 0.6720 0.7405
vn -0.0079 0.7236 0.6902
vn -0.0046 0.7379 0.6749
vn -0.0763 0.8244 0.5608
vn -0.0540 0.7928 0.6071
vn -0.2916 0.8334 0.4696
vn -0.2146 0.8962 0.3884
vn -0.2442 0.9327 0.2654
vn -0.0600 0.9867 0.1511
vn -0.0275 0.9905 0.1349
vn -0.0460 0.9807 0.1902
vn -0.0021 0.9872 0.1596
vn -0.0617 0.9921 0.1093
vn -0.1340 0.9405 0.3122
vn -0.2497 0.9022 0.3516
vn -0.4977 0.8603 -0.1106
vn 0.0417 0.9423 0.3322
vn 0.0203 0.8651 0.5011
vn -0.0277 0.7797 0.6255
vn 0.4418 0.4313 0.7866
vn 0.2128 0.6657 0.7152
vn 0.7981 0.4611 0.3878
vn 0.9608 0.2752 0.0348
vn -0.0642 0.4565 0.8874
vn 0.0705 0.7319 0.6778
vn 0.6584 0.2969 0.6916
vn -0.8126 0.5178 0.2675
vn -0.6687 0.2582 0.6972
vn -0.8678 -0.0929 0.4882
vn -0.7130 0.0094 0.7011
vn -0.9581 -0.2779 0.0700
vn -0.6615 -0.2485 0.7076
vn -0.6450 -0.2868 0.7083
vn 0.7739 0.2125 0.5966
vn 0.1992 0.0720 0.9773
vn 0.6815 0.6036 0.4139
vn 0.5694 0.3763 0.7309
vn 0.3357 0.5044 0.7955
vn 0.7968 0.5049 0.3320
vn 0.5669 0.4771 0.6716
vn 0.6636 0.2618 0.7008
vn -0.1922 -0.1759 0.9655
vn -0.5797 -0.4926 0.6491
vn -0.7965 -0.2998 0.5251
vn -0.8474 -0.2529 0.4668
vn -0.8503 -0.5240 0.0489
vn -0.6220 -0.1823 0.7615
vn -0.9638 0.1753 0.2010
vn -0.5447 0.7470 0.3812
vn -0.4970 0.8579 0.1307
vn -0.0867 0.6811 0.7270
vn 0.6126 0.4225 0.6680
vn -0.8274 0.3132 0.4661
vn 0.7352 -0.1998 0.6478
vn 0.4602 0.8417 0.2824
vn 0.9695 -0.0049 0.2451
vn 0.8490 -0.5245 0.0637
vn 0.9117 -0.1862 0.3663
vn 0.3519 0.6910 0.6314
vn -0.5248 0.6891 0.4997
vn -0.5071 0.5161 0.6903
vn -0.1772 0.4719 0.8637
vn -0.6416 0.4127 0.6465
vn -0.8128 0.5122 0.2776
vn -0.6944 0.2942 0.6567
vn 0.5276 -0.4706 0.7072
vn 0.3434 -0.2480 0.9058
vn -0.5733 0.2250 0.7878
vn -0.0799 0.0026 0.9968
vn -0.9112 0.1367 0.3885
vn -0.4011 0.0976 0.9108
vn -0.6013 -0.0278 0.7986
vn -0.8319 0.0857 0.5483
vn -0.9534 0.1517 0.2610
vn -0.9899 0.0589 0.1289
vn -0.8411 0.4560 0.2909
vn -0.4592 0.5684 0.6827
vn -0.3480 0.7649 0.5421
vn -0.0833 0.6884 0.7206
vn -0.0214 0.8483 0.5291
vn 0.5175 0.6951 -0.4990
vn 0.9540 0.1506 -0.2594
vn 0.8278 0.4895 -0.2741
vn 0.6871 0.3763 -0.6215
vn 0.6320 0.3116 -0.7095
vn 0.6424 0.6327 -0.4324
vn 0.6708 0.3086 0.6744
vn 0.6453 -0.4841 0.5910
vn 0.0181 -0.2866 0.9579
vn 0.2761 -0.4971 0.8226
vn 0.8131 -0.2942 0.5022
vn 0.1738 0.8268 0.5349
vn 0.0141 0.6323 0.7746
vn 0.0217 0.5810 0.8136
vn 0.0145 0.6295 0.7769
vn 0.0055 0.7424 0.6699
vn 0.0063 0.7248 0.6889
vn 0.0504 0.8461 0.5306
vn -0.0000 0.8392 0.5438
vn -0.0001 0.9295 0.3687
vn 0.4844 0.8155 0.3168
vn 0.9278 0.2520 -0.2752
vn 0.0001 0.9853 0.1707
vn 0.0491 0.9845 0.1685
vn 0.0059 0.9943 0.1068
vn -0.0028 0.9978 0.0664
vn -0.0293 0.9983 0.0500
vn 0.4980 0.8633 -0.0819
vn -0.0001 -1.0000 0.0042
vn -0.0005 -0.8934 0.4494
vn 0.0023 -0.9900 0.1410
vn 0.0001 -0.9489 0.3157
vn 0.0978 -0.9893 0.1082
vn -0.0001 -0.8807 0.4738
vn -0.1065 -0.9931 0.0500
vn -0.2937 -0.9559 -0.0001
vn 0.3040 -0.9527 -0.0004
vn 0.2861 -0.9582 -0.0012
vn 0.4297 -0.9030 0.0005
vn 0.0348 -0.9994 -0.0016
vn -0.4370 -0.8995 -0.0036
vn -0.3232 -0.9463 -0.0036
vn -0.1248 -0.9922 -0.0065
vn 0.0083 0.0059 -0.9999
vn 0.3097 0.1251 -0.9426
vn 0.0142 0.0176 -0.9997
vn 0.4044 0.1588 -0.9007
vn 0.0162 0.9305 -0.3658
vn 0.0001 0.0123 -0.9999
vn 0.0006 0.0019 -1.0000
vn 0.0010 0.0024 -1.0000
vn -0.0009 -0.0005 -1.0000
vn -0.0820 -0.0596 -0.9949
vn 0.0290 -0.0041 -0.9996
vn 0.0015 0.0068 -1.0000
vn -0.0759 -0.0014 -0.9971
vn 0.1129 0.0514 -0.9923
vn -0.0886 0.0316 -0.9956
vn 0.1690 0.0407 -0.9848
vn 0.0940 -0.0199 -0.9954
vn 0.0341 0.0262 -0.9991
vn 0.0011 0.0001 -1.0000
vn 0.0001 -0.2177 -0.9760
vn 0.0025 -0.0001 -1.0000
vn 0.0027 0.0055 -1.0000
vn -0.0016 0.0004 -1.0000
vn 0.0321 0.0500 -0.9982
vn 0.0145 0.0099 -0.9998
vn 0.0107 -0.0622 -0.9980
vn 0.0249 -0.0004 -0.9997
vn 0.0028 -0.3602 -0.9329
vn -0.0040 -0.3396 -0.9406
vn -0.0424 -0.0559 -0.9975
vn 0.0003 -0.2397 -0.9709
vn -0.0383 0.0083 -0.9992
vn -0.0347 0.0245 -0.9991
vn -0.1088 0.0082 -0.9940
vn -0.0114 0.0539 -0.9985
vn -0.0514 0.4552 -0.8889
vn -0.2092 -0.0338 -0.9773
vn -0.1542 -0.0258 -0.9877
vn -0.6408 -0.1090 -0.7600
vn -0.0018 0.0008 -1.0000
vn 0.0367 0.0016 -0.9993
vn -0.0042 0.0037 -1.0000
vn 0.2441 -0.0792 -0.9665
vn -0.0117 0.0136 -0.9998
vn -0.3094 -0.1436 -0.9400
vn -0.8048 -0.1988 -0.5593
vn -0.1814 -0.5950 -0.7830
vn -0.0053 -0.0471 -0.9989
vn -0.0044 0.0006 -1.0000
vn 0.1735 0.9848 -0.0094
vn 0.1110 0.9937 0.0129
vn 0.1989 0.9800 0.0080
vn 0.1738 0.9847 -0.0122
vn 0.1837 0.9673 -0.1750
vn 0.0722 0.7194 0.6908
vn 0.2580 0.7665 0.5881
vn -0.1072 0.9942 0.0093
vn -0.0675 0.7587 0.6480
vn -0.2485 0.8521 0.4606
vn -0.1070 0.9295 0.3530
vn -0.1612 0.9868 0.0175
vn 0.0062 0.6361 0.7716
vn -0.0287 0.5179 0.8550
vn -0.1112 0.9091 0.4015
vn -0.2852 0.9584 -0.0099
vn -0.4133 0.9106 0.0067
vn -0.3383 0.9392 0.0596
vn -0.4053 0.9109 0.0780
vn -0.4580 0.8887 0.0214
vn -0.3158 0.6340 0.7060
vn -0.0465 0.9889 0.1414
vn 0.1951 0.9177 0.3460
vn -0.5483 0.7988 0.2474
vn -0.7074 0.3890 0.5901
vn -0.7290 0.6843 -0.0180
vn -0.6853 0.7282 -0.0038
vn -0.5011 0.5191 0.6924
vn -0.7462 0.6657 -0.0036
vn -0.7740 0.6332 0.0025
vn -0.7104 0.5471 0.4427
vn -0.3027 0.1858 0.9348
vn -0.1047 0.0458 0.9934
vn -0.6057 0.3427 0.7181
vn -0.0049 -0.0059 1.0000
vn -0.2305 -0.0560 0.9714
vn -0.1049 0.1141 0.9879
vn 0.0007 -0.0014 1.0000
vn -0.9075 0.0098 0.4200
vn 0.0128 0.1568 0.9875
vn -0.3641 0.3170 0.8758
vn 0.1268 0.1084 0.9860
vn 0.5404 0.8379 0.0769
vn 0.2483 0.1910 0.9497
vn 0.0948 0.0278 0.9951
vn 0.0686 0.0199 0.9974
vn -0.6125 -0.1799 0.7697
vn -0.2517 0.0060 0.9678
vn -0.1238 0.3973 0.9093
vn -0.2092 0.6910 0.6919
vn -0.0060 -0.0051 1.0000
vn -0.0035 -0.0000 1.0000
vn -0.0918 0.1068 0.9900
vn -0.0118 0.0084 0.9999
vn -0.0174 0.0011 0.9998
vn -0.1218 0.1416 0.9824
vn -0.0100 0.0073 0.9999
vn 0.0024 0.0166 0.9999
vn 0.0068 0.0004 1.0000
vn -0.0162 0.0248 0.9996
vn 0.0060 -0.0000 1.0000
vn 0.0074 0.0003 1.0000
vn 0.0520 0.2064 0.9771
vn 0.2137 0.3610 0.9078
vn -0.4640 0.8413 0.2774
vn 0.2345 0.1889 0.9536
vn 0.4641 0.6280 0.6247
vn 0.6565 0.3599 0.6629
vn 0.1876 0.0228 0.9820
vn 0.5381 0.5641 0.6263
vn 0.6754 0.6245 0.3923
vn 0.5431 0.4343 0.7186
vn 0.6899 0.7237 0.0178
vn 0.7806 0.6242 0.0319
vn 0.5549 0.8317 0.0200
vn 0.5088 0.7813 0.3617
vn 0.7298 0.6796 0.0746
vn 0.6318 0.7742 0.0380
vn 0.4426 0.8963 0.0257
vn 0.4021 0.9155 0.0169
vn 0.4182 0.8763 0.2394
vn 0.4322 0.8816 0.1897
vn 0.2384 0.7165 0.6556
vn 0.2261 0.1307 0.9653
vn 0.1415 0.1110 0.9837
vn 0.1069 0.0031 0.9943
vn 0.5405 0.5549 0.6325
vn 0.0141 0.0134 0.9998
vn -0.0061 -0.0039 1.0000
vn 0.0086 -0.0034 1.0000
vn 0.1732 0.1362 0.9754
vn 0.0081 -0.0029 1.0000
vn 0.0001 0.0002 1.0000
vn 0.0163 -0.0037 0.9999
vn 0.0027 0.0007 1.0000
vn 0.5520 -0.1088 0.8267
vn 0.6277 0.6722 0.3927
vn 0.8488 0.5273 0.0382
vn 0.2591 0.5306 0.8070
vn 0.5428 0.5071 0.6695
vn 0.6978 0.3005 0.6502
vn -0.5471 -0.4808 0.6852
vn -0.3415 0.6522 0.6768
vn -0.7048 -0.2385 0.6681
vn -0.9912 -0.1188 0.0586
vn -0.7851 -0.4708 0.4025
vn -0.5087 -0.2816 0.8136
vn -0.3588 0.8884 0.2864
vn 0.7031 0.6054 0.3730
vn 0.7364 0.6632 -0.1337
vn -0.0117 0.8490 0.5282
vn 0.6711 -0.1235 0.7310
vn 0.9813 -0.1859 -0.0498
vn 0.5878 0.1242 0.7994
vn 0.4505 0.1824 0.8740
vn 0.0325 0.0008 0.9995
vn 0.7728 0.2502 0.5833
vn 0.0602 0.7386 0.6715
vn 0.8985 0.4387 0.0133
vn 0.8403 0.4029 0.3627
vn 0.9354 -0.0767 0.3452
vn 0.9988 -0.0382 0.0311
vn 0.2723 0.6517 0.7079
vn 0.3218 0.9467 0.0167
vn -0.3497 0.5795 0.7362
vn -0.4540 0.8869 0.0848
vn -0.7133 0.4544 0.5336
vn -0.6711 0.2880 0.6831
vn -0.4440 0.2769 0.8522
vn -0.4982 0.1436 0.8551
vn -0.8969 0.2574 0.3595
vn -0.6983 0.0600 0.7133
vn 0.6870 -0.3169 0.6539
vn 0.4319 -0.1444 0.8903
vn 0.9609 -0.2725 0.0485
vn -0.0503 0.5735 0.8176
vn -0.1307 0.9244 0.3583
vn -0.1498 0.9767 0.1538
vn -0.2085 0.9764 0.0563
vn -0.3056 0.9517 0.0310
vn -0.2262 0.7070 0.6700
vn -0.3495 0.9241 0.1545
vn -0.6069 0.4940 0.6226
vn -0.0071 0.9439 0.3301
vn 0.6514 0.4702 0.5955
vn 0.3475 0.9167 0.1971
vn 0.8887 0.4569 0.0371
vn 0.4408 0.8862 0.1423
vn 0.1149 0.9229 0.3676
vn 0.0009 0.4318 0.9020
vn -0.0005 0.7525 0.6586
vn 0.2187 0.9758 -0.0016
vn 0.2306 0.7098 0.6656
vn 0.5461 0.8105 0.2121
vn 0.4002 0.8710 0.2851
vn 0.4521 0.8805 0.1424
vn 0.1996 0.6067 0.7695
vn 0.4651 0.8852 0.0092
vn 0.4049 0.6190 0.6730
vn 0.6235 0.7817 0.0124
vn 0.6928 0.7193 0.0505
vn 0.5854 0.7004 0.4084
vn 0.4960 0.5163 0.6982
vn 0.3270 0.3649 0.8717
vn 0.5581 0.4274 0.7113
vn 0.7782 0.6274 0.0284
vn 0.7432 0.6647 0.0765
vn 0.2250 0.1095 0.9682
vn 0.2507 0.1921 0.9488
vn 0.2885 0.0941 0.9529
vn 0.4048 0.0898 0.9100
vn 0.7843 0.2951 0.5457
vn 0.5079 -0.1525 0.8478
vn 0.7023 0.0570 0.7096
vn 0.0225 -0.0571 0.9981
vn 0.5438 0.4250 0.7236
vn 0.7074 0.5312 0.4662
vn 0.4599 0.6079 0.6472
vn 0.5841 0.6096 0.5358
vn 0.1910 0.2884 0.9383
vn 0.4204 0.7736 0.4742
vn 0.1975 0.1818 0.9633
vn 0.2020 0.6239 0.7549
vn 0.2232 0.6741 0.7041
vn -0.0236 0.7340 0.6788
vn 0.0109 0.6623 0.7492
vn -0.2835 0.8283 0.4833
vn -0.0758 0.3396 0.9375
vn -0.3244 0.5284 0.7846
vn -0.4894 0.7509 0.4435
vn -0.2745 0.6092 0.7440
vn -0.2594 0.3476 0.9010
vn -0.4381 0.3673 0.8205
vn -0.5715 0.5970 0.5630
vn -0.5358 0.2076 0.8184
vn -0.7435 0.5287 0.4095
vn -0.7051 0.5244 0.4772
vn -0.4918 0.1474 0.8582
vn -0.4691 0.4945 0.7317
vn -0.1771 0.1599 0.9711
vn -0.4740 0.3218 0.8196
vn -0.4543 -0.0305 0.8903
vn -0.8874 0.0854 0.4530
vn -0.1367 -0.0040 0.9906
vn -0.6150 0.0463 0.7872
vn -0.4977 0.2231 0.8382
vn -0.1875 -0.0712 0.9797
vn -0.7406 0.5861 0.3287
vn -0.7767 0.6298 0.0063
vn -0.6418 0.6713 0.3707
vn -0.6830 0.6705 0.2897
vn -0.4498 0.3983 0.7994
vn -0.4055 0.6025 0.6875
vn -0.6275 0.7777 0.0391
vn -0.6395 0.7665 0.0602
vn -0.4787 0.5792 0.6598
vn -0.7471 0.6617 0.0633
vn -0.4758 0.8777 0.0563
vn -0.4572 0.8893 -0.0073
vn -0.4503 0.8859 0.1118
vn -0.6067 0.7940 0.0371
vn -0.8506 0.5108 0.1251
vn -0.4882 -0.0737 0.8696
vn -0.8957 0.0279 0.4438
vn -0.1225 0.5553 0.8226
vn -0.0257 -0.2744 0.9613
vn -0.4719 0.3824 0.7944
vn -0.5582 -0.0872 0.8251
vn -0.6696 0.7233 0.1689
vn -0.0334 0.9960 -0.0824
vn -0.4356 0.5782 -0.6899
vn -0.4612 0.4293 -0.7765
vn -0.3627 0.7695 -0.5257
vn -0.9268 0.1597 -0.3400
vn -0.9587 0.0015 -0.2843
vn -0.6542 0.1412 -0.7430
vn -0.2652 0.4528 -0.8512
vn -0.9569 -0.2326 0.1738
vn -0.9087 -0.2519 0.3329
vn -0.3767 0.5140 -0.7707
vn -0.4259 -0.3195 0.8465
vn -0.0114 0.6001 0.7999
vn 0.0017 0.5493 0.8356
vn -0.0142 0.6368 0.7709
vn -0.0080 0.7257 0.6880
vn -0.0007 0.7386 0.6741
vn -0.2889 0.8217 0.4912
vn -0.0069 0.8300 0.5577
vn -0.1413 0.8933 0.4266
vn -0.0023 0.9099 0.4149
vn -0.0160 0.9759 0.2174
vn -0.0002 0.9695 0.2451
vn -0.0004 0.9891 0.1472
vn -0.0000 0.9916 0.1292
vn 0.0035 0.9638 -0.2667
vn -0.1506 0.9564 0.2502
vn -0.9246 0.3544 0.1397
vn 0.0095 0.8576 -0.5142
vn 0.8950 -0.1039 0.4338
vn 0.7244 -0.0510 0.6875
vn 0.6449 -0.3134 0.6971
vn 0.9594 -0.2741 0.0662
vn 0.7519 -0.0174 0.6590
vn 0.7923 0.5336 0.2958
vn 0.1728 0.6864 0.7064
vn -0.1286 0.8494 0.5118
vn 0.3455 0.6526 0.6743
vn -0.6477 0.3639 0.6694
vn -0.7688 0.5944 0.2358
vn -0.7163 0.0717 0.6941
vn -0.8244 0.2440 0.5108
vn -0.5677 0.2868 0.7717
vn -0.5278 0.1665 0.8329
vn -0.3300 0.4295 0.8406
vn 0.7764 0.6296 0.0267
vn 0.8122 0.5820 0.0415
vn 0.7730 0.6339 0.0253
vn 0.6354 0.7722 0.0083
vn 0.6969 0.7170 0.0169
vn 0.5497 0.8353 0.0063
vn 0.5620 0.7849 0.2610
vn 0.4059 0.9139 0.0056
vn 0.3072 0.9516 0.0066
vn 0.1531 0.9836 0.0955
vn -0.0215 0.9993 0.0292
vn 0.1322 0.9768 0.1683
vn -0.0206 0.9706 0.2399
vn -0.2355 0.9714 0.0307
vn -0.3085 0.9503 0.0424
vn -0.4370 0.8995 -0.0037
vn -0.5697 0.8217 0.0161
vn -0.3962 0.6091 0.6871
vn -0.6947 0.7177 0.0480
vn -0.5581 0.7982 0.2266
vn -0.7045 0.6843 0.1882
vn -0.7464 0.6250 0.2288
vn -0.5072 0.7716 0.3838
vn -0.7001 0.6816 0.2126
vn -0.3114 0.8441 0.4366
vn -0.4796 0.8120 0.3327
vn -0.1517 0.2145 0.9649
vn -0.1144 0.9404 0.3203
vn -0.0622 0.6272 0.7764
vn 0.0367 0.3472 0.9371
vn 0.0189 0.8844 0.4664
vn -0.3897 0.8104 0.4375
vn 0.4523 0.7580 0.4700
vn 0.3330 0.4497 0.8288
vn 0.5576 0.4377 -0.7053
vn 0.0327 0.2746 -0.9610
vn 0.9037 0.2633 -0.3375
vn 0.6339 0.0966 -0.7674
vn 0.6562 0.3389 -0.6742
vn 0.9176 -0.1355 0.3736
vn 0.8914 -0.2785 0.3575
vn 0.3887 -0.0943 0.9165
vn 0.3102 -0.3161 0.8966
vn 0.0099 -0.0418 0.9991
vn 0.0140 -0.2747 0.9614
vn 0.5811 0.3069 0.7538
vn 0.0059 0.4203 0.9074
vn 0.0044 0.8776 0.4793
vn 0.2033 0.8598 0.4684
vn 0.7009 0.6926 -0.1705
vn 0.0766 0.9485 -0.3075
vn 0.8036 -0.4895 0.3384
vn 0.4816 -0.2822 0.8297
vn 0.7259 -0.1543 0.6703
vn 0.9025 -0.2419 0.3562
vn 0.7135 -0.2709 0.6462
vn 0.5813 -0.4945 0.6461
vn 0.0795 0.6709 0.7373
vn -0.5666 0.4750 0.6734
vn -0.6630 0.2613 0.7016
vn -0.5798 0.6317 0.5146
vn -0.7948 0.4979 0.3469
vn -0.3047 0.4121 0.8587
vn -0.5072 0.3229 0.7991
vn 0.0927 0.9901 0.1051
vn 0.8143 0.5012 0.2929
vn 0.9055 0.4181 0.0724
vn 0.8506 0.0008 0.5259
vn 0.9024 0.1850 0.3892
vn 0.9424 0.0004 0.3344
vn 0.6370 0.2610 0.7253
vn 0.7553 0.6496 0.0868
vn 0.7740 0.0906 0.6267
vn 0.7400 -0.1267 0.6605
vn 0.3256 0.6181 0.7155
vn 0.3002 0.9322 0.2020
vn -0.5385 0.7037 0.4635
vn -0.4575 0.5984 0.6578
vn -0.2043 0.4693 0.8591
vn -0.9302 0.2055 0.3041
vn -0.8324 0.1817 0.5235
vn -0.4782 -0.0689 0.8755
vn -0.7962 -0.1130 0.5943
vn -0.9292 0.0011 0.3695
vn -0.7457 0.0023 0.6663
vn -0.4261 0.1754 0.8875
vn -0.9905 0.0978 0.0964
vn -0.6335 0.6369 0.4393
vn -0.9617 0.2347 0.1417
vn -0.9986 0.0465 0.0235
vn -0.8117 0.2703 0.5178
vn -0.4697 0.3900 0.7920
vn -0.3684 0.0985 0.9244
vn -0.0495 0.0331 0.9982
vn -0.0102 0.0750 0.9971
vn 0.0375 0.1458 0.9886
vn -0.0191 0.7969 0.6038
vn -0.3789 -0.4829 0.7895
vn 0.2653 0.0917 0.9598
vn -0.0548 -0.5998 0.7983
vn 0.4210 0.4685 0.7767
vn 0.8710 0.2188 0.4399
vn -0.6261 -0.0004 0.7798
vn -0.1415 -0.0443 0.9889
vn 0.9179 0.1160 0.3795
vn 0.8100 0.3613 0.4620
vn 0.5179 0.0168 0.8553
vn 0.8700 -0.0069 0.4930
vn 0.9960 0.0666 0.0598
vn 0.7498 -0.6094 -0.2577
vn 0.9777 0.0991 -0.1850
vn 0.7811 -0.5096 -0.3608
vn 0.6111 0.6983 0.3727
vn 0.9391 -0.0705 -0.3364
vn 0.4882 -0.7287 -0.4802
vn 0.3522 -0.4323 -0.8301
vn 0.2655 -0.3963 -0.8789
vn 0.3133 -0.3213 -0.8937
vn 0.8509 -0.1973 -0.4869
vn 0.9875 0.0050 -0.1578
vn 0.1841 -0.2148 -0.9591
vn 0.9833 0.0014 -0.1819
vn 0.6404 0.0048 -0.7680
vn 0.4369 0.0008 -0.8995
vn 0.4492 0.0003 -0.8934
vn 0.9608 -0.0178 -0.2767
vn 0.6893 -0.0021 -0.7245
vn 0.9830 0.0134 -0.1833
vn 0.9248 0.0039 0.3805
vn 0.9187 0.3445 0.1932
vn 0.6864 -0.0012 0.7272
vn 0.9102 0.0705 -0.4082
vn -0.7211 -0.3375 0.6050
vn -0.1952 -0.7365 0.6477
vn -0.7840 -0.3850 0.4869
vn -0.9686 -0.0004 0.2486
vn -0.3655 -0.0674 0.9284
vn 0.3141 -0.1242 0.9412
vn 0.4033 -0.7128 0.5738
vn -0.3832 0.0004 0.9237
vn 0.3336 0.0002 0.9427
vn 0.2822 -0.5482 0.7873
vn 0.8374 -0.3188 0.4440
vn 0.5467 -0.2119 0.8101
vn 0.9337 0.0868 0.3473
vn 0.5363 0.4613 0.7068
vn 0.2346 0.7767 0.5846
vn -0.6896 0.0403 0.7231
vn -0.3404 -0.0077 0.9403
vn -0.9040 0.0022 0.4275
vn -0.6264 0.0054 0.7795
vn -0.7720 0.0026 -0.6356
vn -0.8233 -0.1957 -0.5327
vn -0.7531 -0.5671 -0.3335
vn -0.5816 -0.6601 -0.4754
vn -0.5764 -0.3843 -0.7212
vn -0.4216 -0.0478 -0.9055
vn -0.6639 0.0085 -0.7478
vn -0.5236 0.0019 -0.8520
vn -0.8639 0.0035 -0.5036
vn -0.6164 -0.7357 -0.2808
vn -0.5872 -0.0011 -0.8094
vn -0.7544 -0.6213 -0.2118
vn -0.3682 -0.4755 0.7989
vn -0.8784 -0.2335 0.4170
vn -0.0129 -0.2680 0.9633
vn -0.6403 0.1098 0.7603
vn -0.6314 -0.4910 0.6003
vn -0.6085 0.3208 -0.7258
vn -0.6620 0.4951 -0.5627
vn -0.0618 0.7629 -0.6435
vn -0.6783 0.4108 -0.6092
vn -0.9680 0.1644 -0.1894
vn -0.6141 0.7889 -0.0219
vn 0.0172 0.8800 0.4746
vn 0.9664 -0.0717 0.2467
vn 0.8886 0.1628 0.4288
vn 0.7153 0.0802 0.6942
vn 0.5382 0.1807 0.8232
vn 0.6691 0.7318 0.1292
vn 0.5322 0.4507 0.7167
vn -0.2477 0.9684 0.0281
vn -0.1314 0.7540 0.6436
vn -0.7375 0.6743 0.0382
vn -0.6440 0.2657 0.7174
vn -0.6513 0.3004 0.6969
vn -0.9191 0.1716 0.3547
vn -0.9597 0.0960 0.2640
vn -0.7346 0.1545 0.6607
vn 0.7310 0.0569 0.6800
vn -0.9824 0.0066 0.1868
vn -0.3975 0.6481 0.6496
vn 0.3089 0.6179 0.7230
vn 0.3311 0.0987 0.9384
vn -0.3412 0.0027 0.9400
vn -0.0096 -0.0005 1.0000
vn -0.5693 0.0055 0.8221
vn -0.0030 0.0067 1.0000
vn 0.0560 0.0878 0.9946
vn 0.0208 0.0309 0.9993
vn 0.5396 0.8210 -0.1867
vn 0.0419 0.0495 0.9979
vn 0.1660 0.0079 0.9861
vn 0.0010 0.0535 0.9986
vn -0.0031 -0.0009 1.0000
vn 0.0015 0.0016 1.0000
vn 0.0312 0.0327 0.9990
vn 0.3268 0.4839 0.8118
vn -0.0008 0.0108 0.9999
vn 0.0309 -0.0056 0.9995
vn 0.0879 -0.0186 0.9960
vn -0.0052 0.0018 1.0000
vn 0.0037 0.0029 1.0000
vn 0.1685 0.0880 0.9818
vn 0.3592 0.2504 0.8991
vn 0.5564 0.3363 0.7598
vn 0.0186 -0.0056 0.9998
vn 0.2189 0.2062 0.9537
vn 0.2244 0.0940 0.9700
vn 0.8854 0.0325 0.4636
vn 0.4865 0.4150 0.7688
vn 0.3164 0.0390 0.9478
vn 0.4354 0.1339 0.8902
vn 0.1079 -0.0229 0.9939
vn 0.2144 0.0105 0.9767
vn 0.0095 0.0021 1.0000
vn -0.0014 0.0023 1.0000
vn -0.1133 0.0549 0.9920
vn -0.0304 0.0375 0.9988
vn -0.0077 -0.0014 1.0000
vn -0.2755 0.1188 0.9539
vn 0.0169 0.0201 0.9997
vn -0.6357 0.3701 0.6774
vn -0.3745 0.2830 0.8830
vn -0.1004 0.0079 0.9949
vn -0.4475 0.1746 0.8771
vn -0.6665 0.1532 0.7295
vn -0.4712 0.2765 0.8375
vn -0.3599 0.4253 0.8304
vn -0.2336 0.2778 0.9318
vn -0.3982 0.4910 0.7748
vn -0.1572 -0.0893 0.9835
vn 0.0348 0.1116 0.9931
vn 0.0732 0.1043 0.9918
vn 0.4264 0.2935 0.8556
vn -0.2607 -0.0643 0.9633
vn 0.5682 0.1713 0.8048
vn 0.0041 0.9780 0.2086
vn 0.0031 0.9918 0.1274
vn 0.3253 0.9260 0.1916
vn 0.2737 0.9165 0.2917
vn 0.0093 0.9000 0.4357
vn 0.2741 0.9181 0.2863
vn 0.4110 0.8156 0.4072
vn 0.0301 0.7503 0.6604
vn 0.5806 0.7415 0.3362
vn 0.6173 0.7858 0.0390
vn 0.7382 0.6679 0.0951
vn 0.3424 0.9395 0.0111
vn 0.0511 0.9405 0.3359
vn 0.0532 0.9986 0.0068
vn -0.2083 0.9088 0.3616
vn -0.3728 0.9278 0.0141
vn 0.2879 0.6601 0.6938
vn -0.5459 0.7423 0.3886
vn -0.2836 0.9082 0.3077
vn -0.2721 0.9216 0.2769
vn -0.3803 0.8313 0.4054
vn -0.6776 0.7350 0.0257
vn -0.0038 0.9531 0.3025
vn -0.0142 0.8316 0.5552
vn -0.0281 0.6975 0.7161
vn -0.4519 0.7632 0.4618
vn -0.2336 0.9660 0.1111
vn -0.0021 0.9847 0.1745
vn 0.8997 0.4124 0.1433
vn -0.4995 0.8550 0.1393
vn -0.9140 0.0349 0.4041
vn -0.4294 0.3813 0.8187
vn -0.2345 0.3533 0.9057
vn -0.0334 0.9064 0.4211
vn -0.0053 0.9391 -0.3437
vn -0.6489 0.5176 -0.5577
vn -0.0220 0.7120 -0.7019
vn -0.0223 0.5234 -0.8518
vn -0.6552 0.2912 -0.6971
vn -0.6186 -0.5037 0.6030
vn -0.4523 -0.3148 0.8344
vn -0.0231 -0.5268 0.8497
vn -0.3516 -0.3258 0.8777
vn -0.7807 -0.0210 0.6245
vn 0.0366 0.9523 0.3030
vn 0.1575 0.9692 0.1895
vn 0.1737 0.7525 0.6352
vn -0.0180 0.9991 0.0379
vn 0.1569 0.9808 0.1160
vn 0.0963 0.9859 0.1372
vn 0.2704 0.9086 0.3184
vn 0.6608 0.7435 0.1024
vn 0.8293 0.5452 0.1226
vn 0.7233 0.6616 0.1976
vn 0.7104 0.6965 0.1009
vn 0.3627 0.8932 0.2659
vn 0.6671 0.7362 0.1140
vn 0.8002 0.5452 0.2498
vn 1.0000 -0.0028 -0.0005
vn 0.8165 0.4495 0.3624
vn 0.4771 0.7463 0.4642
vn 0.4366 0.6455 0.6267
vn 0.7210 0.5824 0.3754
vn 0.7124 0.5094 0.4827
vn 0.6997 0.4721 0.5362
vn 0.7441 0.5524 0.3757
vn 0.6772 0.4318 0.5957
vn 0.6927 0.4538 0.5606
vn 0.5699 0.2634 0.7783
vn 0.7389 0.1764 0.6503
vn 0.5926 0.0564 0.8035
vn 0.9510 0.0403 0.3065
vn 0.7584 0.3051 0.5759
vn 0.6914 0.0169 0.7223
vn 0.2617 0.6001 0.7559
vn 0.0654 0.6413 0.7645
vn 0.5727 0.2907 0.7665
vn 0.0126 0.7173 0.6966
vn 0.2031 0.6623 0.7212
vn 0.4144 0.6653 0.6211
vn 0.0890 0.7735 0.6275
vn 0.0106 0.7725 0.6349
vn 0.3179 0.8616 0.3958
vn 0.4110 0.7575 -0.5072
vn 0.0081 0.9538 0.3003
vn 0.1213 0.8335 0.5391
vn -0.0032 0.8256 0.5643
vn 0.1141 0.2149 0.9699
vn 0.6747 0.5758 0.4618
vn 0.4297 0.7863 -0.4439
vn -0.0552 0.8565 0.5131
vn -0.0114 0.9028 0.4299
vn -0.0502 0.8808 0.4708
vn -0.7025 0.6437 0.3035
vn -0.0808 0.8877 0.4532
vn -0.6599 0.6096 0.4391
vn -0.0284 0.7805 0.6245
vn -0.7653 0.4209 0.4870
vn -0.5125 0.6211 0.5929
vn -0.4154 0.6644 0.6213
vn -0.0280 0.7734 0.6333
vn -0.4022 0.5508 0.7314
vn -0.0285 0.6291 0.7768
vn -0.1092 0.6638 0.7399
vn -0.7822 0.4285 0.4522
vn -0.9098 0.0455 0.4126
vn -0.9104 -0.0229 0.4131
vn -0.7067 0.1564 0.6900
vn -0.7395 0.3970 0.5436
vn -0.6731 0.2323 0.7021
vn -0.5852 0.0536 0.8091
vn -0.7340 -0.0073 0.6791
vn -0.9010 0.1345 0.4124
vn -1.0000 -0.0027 0.0010
vn -0.6123 0.7800 0.1291
vn -0.5653 0.7406 0.3633
vn -0.6561 0.5066 0.5593
vn -0.4139 0.7523 0.5126
vn -0.6811 0.5512 0.4820
vn -0.7003 0.5975 0.3907
vn -0.6694 0.7238 0.1673
vn -0.7133 0.6674 0.2139
vn -0.4687 0.8453 0.2566
vn -0.6563 0.7460 0.1129
vn -0.7525 0.6501 0.1054
vn -0.0353 0.9889 0.1446
vn -0.0303 0.9881 0.1510
vn -0.0039 0.9937 0.1124
vn -0.0046 0.9860 0.1668
vn -0.0528 0.9981 -0.0327
vn -0.1139 0.8281 0.5489
vn -0.4205 0.2950 0.8580
vn -0.1750 0.2065 0.9627
vn -0.7535 0.2279 0.6167
vn -0.0844 0.6081 0.7893
vn -0.6640 0.5397 0.5175
vn -0.5170 0.1343 0.8454
vn -0.7032 0.6715 0.2337
vn -0.9947 -0.0797 -0.0645
vn -0.6598 -0.0225 0.7511
vn -0.7066 0.1477 0.6920
vn 0.1580 0.5097 0.8457
vn -0.3502 0.0950 0.9318
vn -0.6107 0.0920 0.7865
vn -0.8208 0.0239 0.5708
vn -0.4767 -0.0238 0.8788
vn -0.1006 0.5101 0.8542
vn -0.5956 0.3326 0.7312
vn -0.6452 -0.1173 0.7549
vn -0.6545 0.7556 0.0266
vn -0.0177 0.9758 0.2181
vn -0.0324 0.8489 -0.5276
vn -0.6441 0.3350 -0.6877
vn -0.0405 0.5141 -0.8568
vn -0.6470 0.0933 -0.7568
vn -0.6224 -0.2045 0.7555
vn -0.0323 0.2730 -0.9615
vn -1.0000 0.0034 0.0015
vn -0.9992 -0.0236 0.0311
vn -1.0000 0.0014 -0.0064
vn -0.9993 0.0327 -0.0153
vn -0.9999 -0.0002 0.0110
vn -0.9996 0.0003 0.0276
vn -0.9666 0.2094 0.1477
vn -0.9881 0.0964 0.1202
vn -0.9248 0.2588 -0.2789
vn -0.9996 0.0277 0.0074
vn -0.9927 0.0623 -0.1032
vn -0.9124 0.3793 0.1537
vn -0.9044 0.2567 -0.3409
vn -0.9935 0.0343 -0.1081
vn -0.9888 0.0449 -0.1426
vn -1.0000 -0.0059 0.0080
vn -0.9999 0.0061 0.0096
vn -0.9917 0.1234 0.0367
vn -0.7313 0.6492 0.2089
vn -0.8190 0.4897 0.2990
vn -0.7270 0.5873 0.3558
vn -0.9994 0.0299 0.0201
vn -0.9995 -0.0259 -0.0174
vn -0.9796 -0.0992 0.1748
vn -0.9649 0.1987 0.1719
vn -0.9745 0.1481 0.1685
vn -0.9940 0.0006 0.1094
vn -0.8968 0.3388 0.2846
vn -0.9593 0.1821 0.2159
vn -0.8895 0.3543 0.2886
vn -0.1675 0.6967 0.6975
vn 0.9301 0.2879 0.2281
vn 0.9800 0.1514 0.1292
vn 0.9909 0.0965 0.0933
vn 0.9996 0.0003 0.0273
vn 0.8624 0.0601 0.5027
vn 0.6395 0.1713 0.7494
vn 0.9938 -0.0618 0.0928
vn 0.7965 0.2967 0.5268
vn 0.9910 0.1292 -0.0350
vn 1.0000 0.0067 0.0001
vn 0.9180 0.2325 0.3214
vn 0.9940 0.0684 0.0855
vn 0.9996 0.0280 0.0107
vn 0.9999 0.0007 0.0156
vn 0.9703 -0.0543 0.2356
vn 0.9994 0.0112 0.0322
vn 0.9397 -0.0751 0.3335
vn 0.9979 0.0203 -0.0616
vn 0.9999 0.0036 -0.0095
vn 0.9733 0.0018 0.2295
vn 0.9731 0.0708 0.2194
vn 0.8289 0.1437 0.5406
vn 0.7768 -0.0005 0.6297
vn 0.9935 0.0722 0.0884
vn 0.9960 0.0881 -0.0152
vn 0.9322 -0.0444 -0.3592
vn 0.9093 0.3967 0.1256
vn 0.5951 0.7805 0.1914
vn 0.9992 0.0399 -0.0025
vn 0.9989 0.0401 -0.0238
vn -0.0196 0.3068 0.9516
vn 0.9558 0.0460 0.2904
vn 0.4018 0.0149 0.9156
vn -0.1966 -0.0124 0.9804
vn -0.1850 0.0609 0.9809
vn -0.7730 -0.0397 0.6331
vn -0.6837 0.0612 0.7272
vn -0.9990 0.0386 0.0226
vn -0.9577 0.0727 0.2784
vn -0.6065 0.4556 0.6516
vn -0.6340 0.1857 0.7507
vn 0.3817 0.4044 0.8311
vn 0.1751 0.9083 0.3800
vn 0.0773 0.9640 0.2544
vn 0.0183 0.9863 0.1639
vn 0.0676 0.9870 0.1458
vn 0.4165 0.8688 0.2679
vn 0.6453 0.7542 0.1214
vn -0.0065 0.9621 0.2726
vn 0.1609 0.8843 0.4383
vn 0.1226 0.9310 0.3438
vn 0.0190 0.8427 0.5380
vn 0.1169 0.6132 0.7812
vn -0.0229 0.9512 0.3079
vn 0.4318 0.7727 0.4653
vn 0.3947 0.9142 -0.0916
vn 0.0626 0.8302 0.5539
vn 0.9170 0.3645 0.1618
vn 0.0116 0.7233 0.6904
vn 0.4692 0.6344 0.6143
vn 0.7920 0.4777 0.3801
vn 0.9709 0.1675 0.1713
vn 0.6725 0.4624 0.5778
vn 0.3971 0.5300 0.7493
vn 0.9169 0.0254 0.3984
vn 0.8457 0.3295 0.4199
vn 0.9995 0.0063 0.0320
vn 0.6590 0.4053 0.6336
vn 0.9788 0.0009 0.2048
vn 0.9999 0.0166 -0.0039
vn 0.8265 0.5216 -0.2117
vn 0.9760 -0.0498 0.2120
vn 0.9998 -0.0132 0.0156
vn 0.9452 0.0080 0.3263
vn 1.0000 0.0068 0.0071
vn 0.9915 0.1048 0.0766
vn 0.8830 0.1135 0.4554
vn 0.4595 0.1807 0.8696
vn 0.9891 0.0760 0.1263
vn 0.4792 0.1297 0.8681
vn 0.9999 0.0114 0.0031
vn 0.9997 0.0225 -0.0133
vn 0.9958 0.0747 0.0533
vn 0.9998 0.0174 0.0033
vn 0.9959 0.0755 -0.0492
vn 1.0000 0.0064 -0.0036
vn 1.0000 -0.0004 -0.0015
vn 0.9864 0.0015 0.1645
vn 0.8955 0.0047 0.4450
vn 1.0000 0.0013 0.0085
vn 1.0000 0.0047 0.0080
vn -0.0009 0.9896 0.1442
vn 0.0584 0.6328 0.7721
vn 0.0928 0.6837 0.7238
vn 0.0236 0.7740 0.6327
vn 0.8369 -0.0398 0.5460
vn 0.7679 0.5208 0.3730
vn 0.6283 0.7656 0.1382
vn 0.0658 0.8667 0.4945
vn 0.9016 0.2581 0.3470
vn 0.7002 0.0626 0.7112
vn 0.6199 0.7847 0.0070
vn -0.6639 -0.3209 0.6755
vn 0.0518 0.9985 0.0161
vn -0.7650 -0.1214 0.6324
vn -0.0004 0.7513 -0.6599
vn 0.6966 0.7168 0.0302
vn -0.0014 -0.2412 0.9705
vn 0.0244 0.2739 -0.9615
vn 0.0168 0.5730 -0.8194
vn 0.6662 0.3775 -0.6432
vn 0.6803 0.7296 -0.0698
vn 0.8905 -0.1050 0.4427
vn 0.4967 0.4900 0.7164
vn 0.6799 -0.3212 0.6592
vn 0.3496 -0.0971 0.9319
vn -0.3787 0.5444 0.7485
vn -1.0000 0.0036 -0.0043
vn -0.9995 -0.0020 -0.0307
vn -0.9373 0.2359 0.2567
vn -0.7062 0.4031 0.5820
vn -0.6958 0.0678 0.7150
vn -0.9956 0.0659 0.0670
vn -0.9995 0.0308 -0.0089
vn -0.9517 0.0195 0.3066
vn 0.5552 0.6177 0.5569
vn -0.0180 0.6339 0.7732
vn -0.0200 0.6210 0.7835
vn -0.0045 0.7383 0.6745
vn -0.0762 0.8245 0.5608
vn -0.0541 0.7928 0.6071
vn -0.2147 0.8962 0.3883
vn -0.2496 0.9022 0.3517
vn 0.2128 0.6656 0.7153
vn 0.7981 0.4612 0.3878
vn -0.0642 0.4564 0.8874
vn -0.6687 0.2583 0.6972
vn -0.8678 -0.0928 0.4882
vn -0.6614 -0.2485 0.7077
vn -0.6450 -0.2868 0.7084
vn 0.5693 0.3762 0.7310
vn -0.1923 -0.1759 0.9654
vn -0.5796 -0.4926 0.6491
vn -0.8474 -0.2530 0.4668
vn -0.8503 -0.5240 0.0490
vn -0.6221 -0.1823 0.7614
vn 0.7353 -0.1999 0.6476
vn 0.9695 -0.0049 0.2450
vn -0.6417 0.4127 0.6465
vn -0.8128 0.5122 0.2775
vn -0.6944 0.2941 0.6567
vn -0.0798 0.0026 0.9968
vn -0.8318 0.0857 0.5484
vn -0.9534 0.1515 0.2610
vn -0.9899 0.0588 0.1288
vn -0.8412 0.4559 0.2909
vn -0.0834 0.6884 0.7206
vn 0.9539 0.1509 -0.2593
vn 0.8278 0.4896 -0.2740
vn 0.6871 0.3764 -0.6215
vn 0.6321 0.3116 -0.7095
vn 0.8131 -0.2943 0.5023
vn 0.0141 0.6324 0.7745
vn 0.0145 0.6299 0.7766
vn 0.0055 0.7425 0.6699
vn 0.0505 0.8461 0.5306
vn 0.4843 0.8155 0.3168
vn 0.9278 0.2519 -0.2754
vn 0.0490 0.9845 0.1685
vn 0.0061 0.9943 0.1063
vn 0.4980 0.8633 -0.0820
vn -0.0005 -0.8934 0.4492
vn 0.0001 -0.9489 0.3156
vn -0.0001 -0.8805 0.4740
vn 0.0348 -0.9994 -0.0017
vn -0.4370 -0.8994 -0.0036
vn 0.3096 0.1251 -0.9426
vn 0.0143 0.0176 -0.9997
vn 0.0162 0.9304 -0.3662
vn -0.0820 -0.0596 -0.9948
vn 0.0285 -0.0041 -0.9996
vn 0.1128 0.0514 -0.9923
vn -0.0885 0.0316 -0.9956
vn 0.1689 0.0407 -0.9848
vn 0.0029 0.0058 -1.0000
vn 0.0028 -0.3601 -0.9329
vn -0.0424 -0.0560 -0.9975
vn 0.0003 -0.2398 -0.9708
vn -0.0347 0.0244 -0.9991
vn -0.0114 0.0540 -0.9985
vn -0.0514 0.4551 -0.8889
vn -0.2090 -0.0335 -0.9774
vn -0.0118 0.0134 -0.9998
vn -0.3093 -0.1436 -0.9401
vn -0.8047 -0.1988 -0.5594
vn -0.1814 -0.5951 -0.7829
vn 0.1738 0.9847 -0.0123
vn 0.1837 0.9672 -0.1752
vn -0.0675 0.7587 0.6479
vn -0.2485 0.8521 0.4607
vn 0.0062 0.6359 0.7717
vn -0.3383 0.9391 0.0596
vn -0.0464 0.9889 0.1413
vn 0.1952 0.9177 0.3461
vn -0.5484 0.7987 0.2476
vn -0.7290 0.6842 -0.0180
vn -0.7743 0.6328 0.0025
vn -0.7104 0.5471 0.4428
vn -0.6057 0.3428 0.7181
vn -0.3026 0.1858 0.9348
vn -0.2307 -0.0560 0.9714
vn -0.9075 0.0098 0.4198
vn -0.1048 0.1142 0.9879
vn -0.2091 0.6909 0.6921
vn -0.3641 0.3169 0.8758
vn 0.0948 0.0277 0.9951
vn 0.0687 0.0199 0.9974
vn 0.0023 0.0166 0.9999
vn 0.0071 0.0004 1.0000
vn 0.2137 0.3609 0.9078
vn 0.6563 0.3596 0.6633
vn 0.1878 0.0231 0.9819
vn 0.0162 -0.0037 0.9999
vn 0.5431 0.4343 0.7187
vn 0.0143 0.0136 0.9998
vn 0.5405 0.5549 0.6324
vn 0.7805 0.6244 0.0318
vn 0.6903 0.7233 0.0174
vn 0.6754 0.6245 0.3922
vn 0.5551 0.8315 0.0201
vn 0.5088 0.7812 0.3617
vn 0.6318 0.7742 0.0379
vn 0.4022 0.9154 0.0169
vn 0.4181 0.8762 0.2395
vn 0.2384 0.7166 0.6555
vn 0.2343 0.1890 0.9536
vn 0.8488 0.5273 0.0383
vn 0.2592 0.5306 0.8070
vn -0.7048 -0.2386 0.6681
vn -0.9912 -0.1189 0.0586
vn -0.7851 -0.4708 0.4024
vn -0.5088 -0.2816 0.8135
vn 0.7031 0.6054 0.3731
vn -0.0117 0.8490 0.5283
vn 0.0603 0.7386 0.6714
vn 0.5877 0.1242 0.7995
vn 0.0324 0.0008 0.9995
vn 0.8985 0.4388 0.0133
vn 0.8403 0.4028 0.3627
vn -0.3497 0.5794 0.7362
vn -0.4540 0.8869 0.0849
vn -0.7133 0.4544 0.5335
vn -0.0503 0.5736 0.8176
vn -0.4504 0.8858 0.1119
vn -0.8505 0.5108 0.1251
vn -0.6273 0.7778 0.0388
vn -0.6395 0.7665 0.0603
vn -0.6830 0.6705 0.2898
vn -0.7471 0.6617 0.0639
vn -0.7407 0.5860 0.3286
vn -0.4977 0.2232 0.8381
vn -0.4741 0.3218 0.8196
vn -0.7051 0.5244 0.4773
vn -0.1771 0.1597 0.9712
vn -0.6150 0.0463 0.7871
vn -0.4381 0.3673 0.8204
vn 0.0225 -0.0570 0.9981
vn -0.2594 0.3475 0.9011
vn 0.2232 0.6742 0.7040
vn -0.2835 0.8284 0.4832
vn -0.0236 0.7340 0.6787
vn 0.2020 0.6239 0.7550
vn 0.4203 0.7736 0.4742
vn 0.5841 0.6096 0.5359
vn 0.1911 0.2884 0.9382
vn 0.1976 0.1819 0.9633
vn 0.2508 0.1921 0.9488
vn 0.7074 0.5312 0.4663
vn 0.5078 -0.1525 0.8479
vn 0.5581 0.4274 0.7112
vn 0.7781 0.6274 0.0284
vn 0.6928 0.7193 0.0506
vn 0.6235 0.7817 0.0123
vn 0.4652 0.8851 0.0090
vn 0.2307 0.7098 0.6655
vn -0.0005 0.7524 0.6587
vn 0.4002 0.8709 0.2852
vn 0.5461 0.8105 0.2120
vn 0.3475 0.9167 0.1972
vn 0.4409 0.8862 0.1423
vn 0.0010 0.4318 0.9020
vn 0.8887 0.4571 0.0371
vn 0.6514 0.4701 0.5955
vn -0.6068 0.4941 0.6226
vn -0.3496 0.9241 0.1545
vn -0.0758 0.3397 0.9375
vn -0.4498 0.3982 0.7994
vn -0.8956 0.0278 0.4439
vn -0.0258 -0.2744 0.9613
vn -0.4718 0.3823 0.7945
vn -0.6695 0.7234 0.1689
vn -0.4355 0.5783 -0.6899
vn -0.3627 0.7694 -0.5258
vn -0.9267 0.1597 -0.3400
vn -0.6542 0.1411 -0.7430
vn -0.9570 -0.2326 0.1736
vn -0.3766 0.5139 -0.7707
vn -0.4260 -0.3196 0.8464
vn 0.0017 0.5493 0.8357
vn -0.0141 0.6370 0.7707
vn -0.0007 0.7386 0.6742
vn -0.0069 0.8298 0.5580
vn -0.1413 0.8933 0.4267
vn -0.0023 0.9098 0.4150
vn -0.0002 0.9695 0.2450
vn -0.0004 0.9890 0.1477
vn 0.0035 0.9637 -0.2668
vn 0.0095 0.8579 -0.5138
vn -0.0000 0.9916 0.1293
vn -0.9246 0.3545 0.1397
vn 0.8949 -0.1038 0.4340
vn 0.7519 -0.0174 0.6591
vn -0.6477 0.3639 0.6693
vn -0.7688 0.5944 0.2359
vn -0.5676 0.2868 0.7717
vn -0.3301 0.4296 0.8405
vn 0.7764 0.6297 0.0267
vn 0.8122 0.5820 0.0414
vn 0.6354 0.7721 0.0084
vn 0.6966 0.7172 0.0170
vn 0.5620 0.7849 0.2611
vn -0.0216 0.9993 0.0291
vn -0.0206 0.9706 0.2400
vn -0.3085 0.9503 0.0423
vn -0.5698 0.8217 0.0161
vn -0.5581 0.7982 0.2267
vn -0.7044 0.6844 0.1883
vn -0.7463 0.6250 0.2288
vn -0.5073 0.7717 0.3837
vn -0.7001 0.6817 0.2125
vn -0.3113 0.8441 0.4365
vn -0.1517 0.2146 0.9648
vn -0.0622 0.6273 0.7763
vn -0.3896 0.8104 0.4375
vn 0.5577 0.4377 -0.7053
vn 0.9038 0.2633 -0.3375
vn 0.6563 0.3389 -0.6741
vn 0.3102 -0.3162 0.8965
vn 0.0045 0.8777 0.4793
vn 0.7008 0.6927 -0.1705
vn 0.8036 -0.4895 0.3385
vn 0.7259 -0.1544 0.6703
vn 0.9026 -0.2419 0.3561
vn 0.5813 -0.4945 0.6462
vn -0.5665 0.4750 0.6734
vn -0.3047 0.4120 0.8587
vn -0.7948 0.4979 0.3471
vn 0.9024 0.1850 0.3891
vn 0.7553 0.6496 0.0869
vn 0.9425 0.0004 0.3343
vn 0.3002 0.9322 0.2021
vn -0.8324 0.1817 0.5236
vn -0.4261 0.1753 0.8875
vn -0.7458 0.0023 0.6662
vn -0.9293 0.0011 0.3694
vn -0.6334 0.6371 0.4393
vn -0.9617 0.2347 0.1416
vn -0.9986 0.0464 0.0235
vn -0.8233 -0.1957 -0.5328
vn -0.9040 0.0022 0.4276
vn -0.6896 0.0404 0.7231
vn -0.6263 0.0054 0.7796
vn -0.3403 -0.0077 0.9403
vn -0.0495 0.0330 0.9982
vn 0.5364 0.4613 0.7068
vn 0.8374 -0.3188 0.4441
vn -0.1951 -0.7365 0.6477
vn 0.3140 -0.1242 0.9413
vn 0.3335 0.0002 0.9428
vn 0.9337 0.0868 0.3474
vn 0.2346 0.7766 0.5846
vn -0.3832 0.0004 0.9236
vn -0.9686 -0.0004 0.2487
vn -0.7840 -0.3850 0.4870
vn -0.6260 -0.0004 0.7798
vn -0.7212 -0.3375 0.6050
vn -0.1416 -0.0444 0.9889
vn 0.8709 0.2189 0.4399
vn 0.8098 0.3609 0.4626
vn 0.5180 0.0168 0.8552
vn 0.8691 -0.0069 0.4946
vn 0.9777 0.0991 -0.1851
vn 0.6110 0.6984 0.3727
vn 0.9101 0.0705 -0.4083
vn 0.4883 -0.7288 -0.4801
vn 0.3522 -0.4322 -0.8301
vn 0.9833 0.0014 -0.1818
vn 0.4370 0.0008 -0.8995
vn 0.4491 0.0003 -0.8935
vn 0.3133 -0.3213 -0.8936
vn 0.6894 -0.0021 -0.7244
vn 0.9608 -0.0178 -0.2768
vn 0.9830 0.0134 -0.1832
vn 0.9187 0.3445 0.1933
vn 0.6865 -0.0012 0.7272
vn -0.0191 0.7970 0.6037
vn -0.7531 -0.5670 -0.3336
vn -0.4218 -0.0478 -0.9054
vn -0.6163 -0.7357 -0.2808
vn -0.8639 0.0035 -0.5037
vn -0.5871 -0.0011 -0.8095
vn -0.7544 -0.6213 -0.2119
vn -0.3682 -0.4755 0.7990
vn -0.8784 -0.2335 0.4169
vn -0.0129 -0.2681 0.9633
vn -0.6402 0.1098 0.7603
vn -0.6313 -0.4909 0.6003
vn 0.0173 0.8800 0.4746
vn -0.6141 0.7890 -0.0219
vn -0.9681 0.1644 -0.1893
vn 0.5384 0.1808 0.8231
vn 0.6691 0.7319 0.1292
vn 0.8887 0.1628 0.4286
vn 0.7153 0.0803 0.6942
vn 0.9664 -0.0718 0.2467
vn -0.6441 0.2657 0.7174
vn -0.7346 0.1546 0.6607
vn 0.7311 0.0569 0.6799
vn -0.9597 0.0960 0.2641
vn -0.9824 0.0066 0.1869
vn -0.9192 0.1716 0.3544
vn -0.6513 0.3003 0.6968
vn -0.2474 0.9685 0.0284
vn 0.3306 0.0985 0.9386
vn -0.0030 0.0068 1.0000
vn 0.0557 0.0874 0.9946
vn 0.0208 0.0308 0.9993
vn 0.5395 0.8210 -0.1865
vn 0.1661 0.0079 0.9861
vn 0.0311 0.0330 0.9990
vn 0.3268 0.4838 0.8119
vn 0.3592 0.2504 0.8990
vn 0.2190 0.2062 0.9537
vn 0.2242 0.0939 0.9700
vn 0.4865 0.4149 0.7689
vn 0.3165 0.0391 0.9478
vn 0.0098 0.0022 0.9999
vn -0.6355 0.3702 0.6776
vn -0.3744 0.2831 0.8830
vn -0.4475 0.1747 0.8771
vn -0.6665 0.1536 0.7295
vn -0.4713 0.2765 0.8375
vn -0.3982 0.4909 0.7749
vn 0.0349 0.1117 0.9931
vn 0.4263 0.2935 0.8556
vn 0.5680 0.1713 0.8050
vn 0.0031 0.9918 0.1275
vn 0.3253 0.9260 0.1917
vn 0.8998 0.4122 0.1432
vn 0.2879 0.6602 0.6937
vn 0.6173 0.7857 0.0389
vn -0.2086 0.9086 0.3619
vn -0.2722 0.9216 0.2768
vn -0.6772 0.7353 0.0257
vn -0.0038 0.9530 0.3030
vn -0.0281 0.6972 0.7163
vn 0.4111 0.8156 0.4072
vn 0.0301 0.7502 0.6605
vn -0.4995 0.8551 0.1392
vn -0.4295 0.3813 0.8186
vn -0.2345 0.3533 0.9056
vn -0.6489 0.5176 -0.5576
vn -0.0220 0.7121 -0.7017
vn -0.4523 -0.3149 0.8344
vn -0.6552 0.2912 -0.6970
vn -0.3516 -0.3259 0.8776
vn -0.0223 0.5233 -0.8518
vn -0.7808 -0.0210 0.6244
vn 0.0366 0.9523 0.3031
vn 0.1575 0.9692 0.1894
vn 0.1737 0.7526 0.6352
vn 0.0962 0.9859 0.1372
vn 0.2703 0.9086 0.3184
vn 0.7104 0.6965 0.1010
vn 0.3627 0.8931 0.2659
vn 0.7210 0.5825 0.3753
vn 0.7440 0.5525 0.3757
vn 0.6772 0.4318 0.5958
vn 0.8003 0.5451 0.2498
vn 0.7389 0.1764 0.6504
vn 0.0655 0.6414 0.7644
vn 0.0121 0.7172 0.6968
vn 0.4144 0.6652 0.6211
vn 0.4110 0.7575 -0.5073
vn -0.0032 0.8255 0.5643
vn 0.1142 0.2150 0.9699
vn 0.6745 0.5759 0.4619
vn 0.4298 0.7863 -0.4439
vn -0.0807 0.8877 0.4532
vn -0.0551 0.8565 0.5131
vn -0.0502 0.8809 0.4707
vn -0.1140 0.8282 0.5487
vn -0.0528 0.9981 -0.0326
vn -0.0302 0.9881 0.1511
vn -0.0349 0.9888 0.1448
vn -0.6564 0.7459 0.1129
vn -0.4138 0.7523 0.5127
vn -0.5653 0.7406 0.3634
vn -0.6811 0.5513 0.4818
vn -0.7654 0.4209 0.4869
vn -0.7068 0.1564 0.6900
vn -0.9098 0.0455 0.4125
vn -0.5125 0.6211 0.5930
vn -0.6599 0.6096 0.4392
vn -0.4153 0.6644 0.6213
vn -0.7824 0.4281 0.4523
vn -0.1093 0.6637 0.7399
vn -0.0285 0.6290 0.7769
vn -0.4206 0.2951 0.8579
vn -0.7066 0.1478 0.6920
vn 0.1582 0.5100 0.8455
vn -0.5171 0.1343 0.8453
vn -0.6640 0.5398 0.5175
vn -0.6108 0.0920 0.7864
vn -0.8208 0.0239 0.5707
vn -0.4767 -0.0238 0.8787
vn -0.1005 0.5101 0.8542
vn -0.5955 0.3326 0.7312
vn -0.0177 0.9757 0.2182
vn -0.9665 0.2097 0.1478
vn -0.9124 0.3794 0.1537
vn -0.9881 0.0963 0.1202
vn -0.9996 0.0277 0.0075
vn -0.9935 0.0343 -0.1082
vn -1.0000 -0.0058 0.0081
vn -0.8189 0.4899 0.2990
vn -0.7272 0.5871 0.3557
vn -0.9248 0.2588 -0.2787
vn -0.9043 0.2568 -0.3410
vn -0.9888 0.0450 -0.1427
vn -0.9796 -0.0991 0.1748
vn -0.9940 0.0006 0.1097
vn -0.9744 0.1482 0.1689
vn -0.8895 0.3542 0.2886
vn -0.8967 0.3389 0.2846
vn -0.9593 0.1822 0.2160
vn -0.1675 0.6968 0.6975
vn 0.9301 0.2879 0.2282
vn 0.9800 0.1514 0.1291
vn 0.9910 0.0965 0.0933
vn 0.8624 0.0601 0.5026
vn 0.6396 0.1714 0.7493
vn 0.7965 0.2967 0.5269
vn 0.9180 0.2324 0.3214
vn 0.9940 0.0685 0.0855
vn 0.9994 0.0111 0.0322
vn 0.9733 0.0018 0.2297
vn 0.9730 0.0708 0.2196
vn 0.9093 0.3966 0.1257
vn 0.5948 0.7807 0.1914
vn 0.8288 0.1436 0.5408
vn 0.7768 -0.0005 0.6298
vn 0.9704 -0.0542 0.2353
vn 0.9909 0.1296 -0.0352
vn 0.9938 -0.0617 0.0928
vn 0.9989 0.0401 -0.0237
vn 0.9558 0.0460 0.2905
vn -0.1849 0.0609 0.9809
vn -0.6341 0.1857 0.7506
vn -0.1966 -0.0125 0.9804
vn 0.1750 0.9083 0.3800
vn 0.0183 0.9863 0.1638
vn 0.4165 0.8688 0.2678
vn -0.0066 0.9621 0.2726
vn 0.0190 0.8427 0.5381
vn 0.1169 0.6132 0.7813
vn -0.0229 0.9511 0.3079
vn 0.4317 0.7727 0.4653
vn 0.0625 0.8302 0.5539
vn 0.9170 0.3645 0.1617
vn 0.0115 0.7233 0.6904
vn 0.4692 0.6343 0.6144
vn 0.9709 0.1675 0.1712
vn 0.0928 0.6837 0.7239
vn 0.8456 0.3295 0.4199
vn 0.6590 0.4052 0.6337
vn 0.9168 0.0254 0.3984
vn 0.9452 0.0080 0.3264
vn 0.4594 0.1807 0.8696
vn 0.9916 0.1047 0.0766
vn 0.8264 0.5218 -0.2115
vn 0.9760 -0.0498 0.2121
vn 0.4789 0.1297 0.8682
vn 0.9891 0.0759 0.1263
vn 0.9958 0.0746 0.0533
vn 0.9998 0.0175 0.0033
vn 0.9959 0.0754 -0.0492
vn 0.9863 0.0015 0.1650
vn 0.8956 0.0047 0.4449
vn 0.7678 0.5208 0.3730
vn 0.6282 0.7656 0.1382
vn 0.2334 0.2125 0.9489
vn 0.9015 0.2581 0.3475
vn 0.7003 0.0626 0.7111
vn -0.0004 0.7513 -0.6600
vn 0.0104 0.8632 0.5048
vn 0.3276 0.3926 0.8594
vn 0.0168 0.5727 -0.8196
vn 0.3495 -0.0971 0.9319
vn -0.0246 0.0267 0.9993
vn -0.3787 0.5445 0.7484
vn -0.7065 0.4026 0.5820
vn -0.7198 0.3205 0.6158
vn -0.9999 -0.0078 0.0145
vn -0.6961 0.0675 0.7148
vn -0.9073 0.0780 0.4132
vn -0.9517 0.0195 0.3064
vn -0.9373 0.2359 0.2566
vn 0.5552 0.6178 0.5569
vn -0.0180 0.6340 0.7731
vn -0.0058 0.6717 0.7408
vn -0.2916 0.8333 0.4696
vn -0.2145 0.8962 0.3883
vn -0.0459 0.9807 0.1902
vn -0.2497 0.9022 0.3517
vn -0.4977 0.8603 -0.1107
vn 0.0203 0.8652 0.5011
vn -0.0277 0.7797 0.6256
vn 0.7980 0.4612 0.3878
vn -0.0641 0.4564 0.8874
vn -0.8126 0.5178 0.2674
vn -0.7131 0.0094 0.7010
vn -0.6614 -0.2485 0.7076
vn 0.6815 0.6035 0.4139
vn 0.7968 0.5049 0.3318
vn -0.5797 -0.4926 0.6490
vn -0.8475 -0.2530 0.4667
vn 0.6125 0.4225 0.6680
vn 0.8490 -0.5245 0.0635
vn -0.1773 0.4719 0.8637
vn -0.8128 0.5122 0.2774
vn 0.3435 -0.2480 0.9058
vn -0.0800 0.0026 0.9968
vn -0.9533 0.1517 0.2610
vn -0.8411 0.4559 0.2909
vn 0.5176 0.6951 -0.4989
vn 0.9540 0.1508 -0.2593
vn 0.8279 0.4896 -0.2737
vn 0.6872 0.3764 -0.6214
vn 0.2760 -0.4971 0.8226
vn 0.1739 0.8268 0.5349
vn 0.9277 0.2520 -0.2753
vn 0.4979 0.8633 -0.0820
vn -0.0005 -0.8934 0.4493
vn -0.0001 -0.8807 0.4737
vn 0.2862 -0.9582 -0.0012
vn -0.4372 -0.8994 -0.0036
vn -0.3231 -0.9463 -0.0036
vn 0.3096 0.1250 -0.9426
vn 0.0162 0.9304 -0.3663
vn 0.0001 0.0125 -0.9999
vn -0.0053 -0.0472 -0.9989
vn -0.1814 -0.5952 -0.7829
vn -0.3093 -0.1436 -0.9400
vn 0.0003 -0.2397 -0.9708
vn -0.2090 -0.0335 -0.9773
vn 0.0001 -0.2178 -0.9760
vn 0.0107 -0.0623 -0.9980
vn 0.0722 0.7193 0.6909
vn 0.2576 0.7665 0.5884
vn 0.4182 0.8763 0.2393
vn 0.6900 0.7236 0.0177
vn -0.1069 0.9942 0.0093
vn -0.4053 0.9109 0.0779
vn 0.1951 0.9177 0.3461
vn -0.5485 0.7986 0.2477
vn 0.0128 0.1567 0.9876
vn 0.5404 0.8379 0.0770
vn -0.3640 0.3169 0.8758
vn -0.9076 0.0098 0.4198
vn -0.2306 -0.0560 0.9714
vn -0.2092 0.6909 0.6920
vn -0.6058 0.3428 0.7180
vn -0.7291 0.6842 -0.0180
vn -0.2849 0.9585 -0.0099
vn 0.0062 0.6360 0.7717
vn 0.1877 0.0230 0.9820
vn 0.6566 0.3601 0.6628
vn 0.1416 0.1111 0.9837
vn 0.5406 0.5550 0.6323
vn 0.7805 0.6243 0.0318
vn 0.4642 0.6280 0.6247
vn 0.6276 0.6722 0.3928
vn 0.5429 0.5071 0.6694
vn -0.9912 -0.1188 0.0587
vn 0.0326 0.0008 0.9995
vn 0.7728 0.2502 0.5832
vn 0.8403 0.4029 0.3628
vn -0.4440 0.2770 0.8522
vn -0.4756 0.8778 0.0568
vn -0.4504 0.8858 0.1120
vn -0.6068 0.7940 0.0371
vn -0.4055 0.6025 0.6874
vn -0.6418 0.6713 0.3708
vn -0.4786 0.5792 0.6599
vn -0.7764 0.6302 0.0065
vn -0.7406 0.5860 0.3287
vn -0.1367 -0.0039 0.9906
vn -0.4544 -0.0305 0.8903
vn -0.1771 0.1598 0.9711
vn -0.7435 0.5287 0.4094
vn 0.2884 0.0941 0.9529
vn 0.4047 0.0898 0.9100
vn 0.1976 0.1818 0.9633
vn 0.5581 0.4273 0.7113
vn 0.7781 0.6275 0.0284
vn 0.6928 0.7194 0.0506
vn 0.7432 0.6647 0.0766
vn 0.6233 0.7819 0.0121
vn 0.4649 0.8853 0.0095
vn 0.0109 0.6622 0.7492
vn 0.4003 0.8709 0.2850
vn 0.5460 0.8106 0.2119
vn 0.1149 0.9228 0.3676
vn 0.3474 0.9167 0.1972
vn 0.0010 0.4319 0.9019
vn 0.8890 0.4565 0.0369
vn -0.4883 -0.0737 0.8696
vn -0.8956 0.0277 0.4441
vn -0.0259 -0.2744 0.9613
vn -0.4260 -0.3195 0.8464
vn -0.9571 -0.2325 0.1730
vn -0.9087 -0.2519 0.3328
vn -0.4356 0.5783 -0.6898
vn -0.2652 0.4528 -0.8513
vn -0.0114 0.6002 0.7998
vn 0.0017 0.5492 0.8357
vn -0.0007 0.7385 0.6742
vn -0.0023 0.9098 0.4151
vn -0.0160 0.9759 0.2175
vn -0.0002 0.9695 0.2452
vn -0.0004 0.9891 0.1473
vn -0.1506 0.9564 0.2503
vn -0.9245 0.3545 0.1398
vn 0.7244 -0.0509 0.6875
vn 0.9594 -0.2741 0.0661
vn -0.7688 0.5944 0.2360
vn -0.5676 0.2868 0.7718
vn 0.6354 0.7722 0.0084
vn -0.2355 0.9714 0.0309
vn -0.4370 0.8995 -0.0038
vn -0.5696 0.8217 0.0161
vn -0.6947 0.7177 0.0481
vn -0.3112 0.8442 0.4365
vn -0.5078 0.7715 0.3833
vn -0.7045 0.6843 0.1881
vn -0.7001 0.6816 0.2125
vn -0.7464 0.6250 0.2287
vn -0.3897 0.8104 0.4374
vn 0.0328 0.2746 -0.9610
vn 0.9037 0.2633 -0.3376
vn 0.9177 -0.1355 0.3736
vn 0.3102 -0.3162 0.8966
vn 0.0767 0.9485 -0.3075
vn 0.4817 -0.2822 0.8297
vn 0.7260 -0.1543 0.6702
vn 0.7134 -0.2709 0.6463
vn 0.5812 -0.4945 0.6463
vn 0.8142 0.5012 0.2929
vn -0.5666 0.4750 0.6733
vn 0.7552 0.6497 0.0870
vn 0.8506 0.0008 0.5258
vn 0.9425 0.0004 0.3342
vn -0.5385 0.7037 0.4634
vn -0.9302 0.2055 0.3040
vn -0.4260 0.1753 0.8876
vn -0.9293 0.0011 0.3693
vn -0.9905 0.0981 0.0968
vn -0.9617 0.2346 0.1416
vn 0.4210 0.4684 0.7768
vn 0.8701 -0.0069 0.4929
vn 0.8099 0.3611 0.4623
vn 0.9247 0.0039 0.3806
vn 0.2656 -0.3962 -0.8789
vn 0.8509 -0.1973 -0.4870
vn 0.6865 -0.0012 0.7271
vn -0.9686 -0.0004 0.2485
vn -0.3656 -0.0674 0.9283
vn 0.3335 0.0002 0.9427
vn -0.4219 -0.0478 -0.9054
vn -0.5764 -0.3842 -0.7212
vn -0.7531 -0.5670 -0.3337
vn -0.3681 -0.4755 0.7990
vn -0.6313 -0.4910 0.6003
vn -0.0619 0.7629 -0.6435
vn 0.5383 0.1808 0.8231
vn -0.6441 0.2657 0.7173
vn -0.9192 0.1716 0.3543
vn -0.7345 0.1546 0.6608
vn 0.7310 0.0568 0.6800
vn -0.9823 0.0067 0.1870
vn -0.3413 0.0027 0.9399
vn 0.0562 0.0879 0.9945
vn 0.0418 0.0495 0.9979
vn 0.0010 0.0536 0.9986
vn 0.2243 0.0940 0.9700
vn 0.4866 0.4149 0.7688
vn 0.3164 0.0391 0.9478
vn 0.0168 0.0205 0.9996
vn -0.3744 0.2830 0.8830
vn 0.0348 0.1115 0.9932
vn -0.2608 -0.0643 0.9633
vn 0.8997 0.4123 0.1432
vn 0.2738 0.9165 0.2917
vn 0.0092 0.9002 0.4355
vn -0.2087 0.9085 0.3620
vn -0.3729 0.9278 0.0141
vn -0.0335 0.9064 0.4210
vn -0.0220 0.7119 -0.7020
vn -0.0232 -0.5268 0.8497
vn -0.3515 -0.3259 0.8776
vn 0.1576 0.9691 0.1895
vn 0.0961 0.9859 0.1372
vn 0.4366 0.6455 0.6266
vn 0.6927 0.4537 0.5606
vn 0.2616 0.6001 0.7559
vn 0.5726 0.2908 0.7665
vn 0.0889 0.7735 0.6276
vn 0.3178 0.8616 0.3958
vn 0.6746 0.5759 0.4618
vn -0.0114 0.9028 0.4298
vn -0.7025 0.6437 0.3036
vn -0.0554 0.8563 0.5135
vn -0.0502 0.8808 0.4707
vn -0.7003 0.5975 0.3906
vn -0.7068 0.1564 0.6899
vn -0.9098 0.0455 0.4127
vn -0.4022 0.5508 0.7313
vn -0.7525 0.6501 0.1053
vn -0.1093 0.6637 0.7400
vn -0.7824 0.4282 0.4523
vn 0.1581 0.5100 0.8455
vn -0.7067 0.1478 0.6919
vn -0.0177 0.9757 0.2183
vn -0.0324 0.8489 -0.5275
vn -0.9666 0.2096 0.1478
vn -0.9248 0.2588 -0.2788
vn -0.9043 0.2568 -0.3409
vn -0.9887 0.0450 -0.1427
vn -0.9124 0.3794 0.1538
vn -0.7314 0.6492 0.2089
vn -0.9995 -0.0260 -0.0174
vn -0.9745 0.1481 0.1686
vn -0.9940 0.0006 0.1096
vn -0.8967 0.3389 0.2847
vn -0.9592 0.1822 0.2160
vn -0.8895 0.3543 0.2887
vn -0.1674 0.6967 0.6976
vn 0.9300 0.2880 0.2282
vn 0.9800 0.1513 0.1291
vn 0.9938 -0.0618 0.0929
vn 0.9910 0.1292 -0.0351
vn 1.0000 0.0068 0.0001
vn 0.9397 -0.0751 0.3336
vn 0.9979 0.0203 -0.0620
vn 0.9733 0.0018 0.2296
vn 0.9322 -0.0444 -0.3593
vn 0.9094 0.3966 0.1256
vn 0.5949 0.7807 0.1914
vn 0.6396 0.1712 0.7494
vn 0.9989 0.0401 -0.0239
vn -0.9577 0.0727 0.2783
vn 0.3818 0.4045 0.8311
vn 0.1751 0.9082 0.3802
vn 0.0773 0.9640 0.2545
vn 0.0186 0.9863 0.1637
vn 0.0676 0.9870 0.1459
vn -0.0064 0.9621 0.2726
vn 0.1609 0.8844 0.4382
vn 0.3948 0.9142 -0.0915
vn 0.0584 0.6329 0.7721
vn 0.3971 0.5301 0.7492
vn 0.8456 0.3295 0.4200
vn 0.9788 0.0009 0.2049
vn 0.9171 0.3645 0.1617
vn 0.9760 -0.0497 0.2120
vn 0.4788 0.1296 0.8683
vn -0.0009 0.9895 0.1442
vn 0.8831 0.1135 0.4553
vn 0.8369 -0.0398 0.5459
vn 0.0482 0.7247 0.6874
vn 0.0224 0.2693 0.9628
vn 0.6198 0.7847 0.0070
vn 0.9017 0.2581 0.3470
vn 0.6740 0.2817 -0.6830
vn 0.6662 0.3776 -0.6432
vn -0.3787 0.5444 0.7484
vn -0.6959 0.0678 0.7150
vn -0.9516 0.0195 0.3067
vn -0.9071 0.0777 0.4136
vn -0.0057 0.6718 0.7407
vn -0.2146 0.8962 0.3883
vn -0.0601 0.9867 0.1511
vn 0.4418 0.4314 0.7866
vn 0.6585 0.2969 0.6916
vn -0.8678 -0.0928 0.4881
vn 0.7739 0.2126 0.5966
vn 0.7968 0.5049 0.3319
vn -0.6221 -0.1823 0.7615
vn -0.5733 0.2250 0.7879
vn -0.9112 0.1368 0.3886
vn -0.9534 0.1515 0.2609
vn 0.9539 0.1508 -0.2593
vn 0.8277 0.4896 -0.2741
vn 0.6871 0.3764 -0.6214
vn 0.8131 -0.2942 0.5023
vn -0.0000 0.8395 0.5434
vn 0.9278 0.2519 -0.2753
vn -0.4369 -0.8995 -0.0036
vn 0.4044 0.1589 -0.9007
vn 0.0001 0.0122 -0.9999
vn 0.0284 -0.0041 -0.9996
vn -0.1815 -0.5950 -0.7829
vn -0.0883 0.0318 -0.9956
vn -0.8047 -0.1987 -0.5594
vn -0.0118 0.0133 -0.9998
vn -0.6407 -0.1090 -0.7600
vn -0.0675 0.7588 0.6479
vn -0.2485 0.8520 0.4608
vn -0.0287 0.5178 0.8550
vn -0.0465 0.9889 0.1413
vn 0.1953 0.9176 0.3461
vn -0.5484 0.7988 0.2474
vn 0.2384 0.7165 0.6555
vn 0.1877 0.0229 0.9820
vn 0.6565 0.3600 0.6629
vn 0.5519 -0.1087 0.8268
vn 0.0165 -0.0038 0.9999
vn 0.0128 0.1568 0.9876
vn -0.9075 0.0098 0.4199
vn -0.6126 -0.1800 0.7697
vn -0.1218 0.1415 0.9824
vn -0.6058 0.3427 0.7180
vn 0.8488 0.5273 0.0387
vn 0.6276 0.6722 0.3927
vn 0.0602 0.7386 0.6714
vn 0.2724 0.6517 0.7079
vn -0.8970 0.2574 0.3595
vn -0.4757 0.8778 0.0565
vn -0.3244 0.5284 0.7845
vn -0.1770 0.1597 0.9712
vn 0.2232 0.6742 0.7041
vn -0.4918 0.1474 0.8581
vn -0.7471 0.6617 0.0632
vn 0.1977 0.1819 0.9633
vn 0.6928 0.7194 0.0507
vn 0.7783 0.6273 0.0284
vn 0.4001 0.8710 0.2852
vn 0.1995 0.6066 0.7695
vn 0.1149 0.9228 0.3677
vn -0.0236 0.7341 0.6787
vn -0.0256 -0.2744 0.9613
vn -0.4718 0.3824 0.7945
vn -0.6695 0.7233 0.1689
vn -0.9570 -0.2326 0.1733
vn -0.0115 0.6005 0.7996
vn -0.0142 0.6369 0.7708
vn -0.1412 0.8933 0.4266
vn -0.0023 0.9099 0.4147
vn -0.0002 0.9695 0.2449
vn 0.0095 0.8575 -0.5145
vn -0.9244 0.3548 0.1398
vn -0.5676 0.2867 0.7718
vn 0.8121 0.5820 0.0414
vn 0.4523 0.7580 0.4699
vn -0.3896 0.8105 0.4374
vn 0.1531 0.9836 0.0954
vn -0.0207 0.9706 0.2398
vn -0.2355 0.9714 0.0308
vn 0.0368 0.3472 0.9371
vn -0.4370 0.8995 -0.0039
vn -0.5078 0.7715 0.3834
vn -0.7001 0.6816 0.2127
vn 0.5577 0.4377 -0.7052
vn 0.9038 0.2632 -0.3375
vn 0.8915 -0.2785 0.3574
vn 0.0059 0.4200 0.9075
vn 0.2034 0.8598 0.4683
vn 0.7259 -0.1544 0.6702
vn -0.7948 0.4979 0.3470
vn 0.7401 -0.1267 0.6605
vn 0.3001 0.9323 0.2020
vn -0.2043 0.4694 0.8590
vn -0.6333 0.6371 0.4393
vn -0.4697 0.3899 0.7920
vn 0.8709 0.2189 0.4400
vn 0.8100 0.3611 0.4620
vn 0.8693 -0.0069 0.4942
vn 0.6109 0.6985 0.3727
vn 0.4882 -0.7288 -0.4801
vn 0.1841 -0.2149 -0.9591
vn 0.3134 -0.3213 -0.8936
vn 0.6894 -0.0021 -0.7243
vn 0.8373 -0.3188 0.4441
vn 0.5364 0.4612 0.7068
vn -0.8784 -0.2334 0.4170
vn -0.6784 0.4108 -0.6091
vn 0.8887 0.1628 0.4285
vn -0.1313 0.7540 0.6436
vn 0.3305 0.0985 0.9386
vn -0.3413 0.0027 0.9400
vn 0.0561 0.0879 0.9945
vn 0.5396 0.8210 -0.1866
vn 0.5565 0.3363 0.7598
vn 0.3591 0.2504 0.8991
vn -0.1571 -0.0892 0.9835
vn -0.3598 0.4253 0.8304
vn -0.4474 0.1746 0.8771
vn -0.4712 0.2765 0.8376
vn -0.6664 0.1536 0.7296
vn 0.5679 0.1712 0.8051
vn 0.6173 0.7857 0.0390
vn 0.7381 0.6679 0.0951
vn 0.0510 0.9406 0.3358
vn -0.5460 0.7422 0.3886
vn -0.4519 0.7633 0.4618
vn 0.8997 0.4123 0.1433
vn -0.0336 0.9064 0.4210
vn -0.0053 0.9390 -0.3438
vn -0.0220 0.7119 -0.7019
vn -0.6553 0.2912 -0.6970
vn 0.2619 0.6001 0.7559
vn 0.5727 0.2908 0.7665
vn 0.7210 0.5824 0.3753
vn 0.7124 0.5094 0.4828
vn 0.6748 0.5758 0.4616
vn -0.1139 0.8282 0.5488
vn -0.0348 0.9888 0.1448
vn -0.6564 0.7459 0.1130
vn -0.7133 0.6675 0.2139
vn -0.4687 0.8452 0.2566
vn -0.6811 0.5513 0.4819
vn -0.7340 -0.0074 0.6791
vn -0.9104 -0.0232 0.4131
vn -0.4022 0.5507 0.7314
vn -0.1092 0.6637 0.7400
vn -0.7823 0.4282 0.4523
vn -0.6600 0.6096 0.4391
vn -0.4205 0.2951 0.8580
vn -0.0177 0.9758 0.2180
vn -0.0405 0.5140 -0.8568
vn -0.9993 0.0328 -0.0153
vn -0.9928 0.0620 -0.1028
vn -0.9124 0.3793 0.1538
vn -0.9994 0.0298 0.0201
vn -0.9995 -0.0258 -0.0174
vn -0.9796 -0.0991 0.1747
vn -0.9744 0.1483 0.1691
vn -0.8968 0.3389 0.2846
vn 0.9910 0.1294 -0.0351
vn 0.9730 0.0708 0.2195
vn 0.8288 0.1436 0.5409
vn 0.9094 0.3966 0.1257
vn 0.5948 0.7808 0.1914
vn 0.9180 0.2326 0.3214
vn -0.7731 -0.0397 0.6331
vn -0.9990 0.0386 0.0225
vn 0.0114 0.7233 0.6904
vn 0.7921 0.4777 0.3801
vn 0.6590 0.4052 0.6336
vn 0.9915 0.1049 0.0766
vn 0.8266 0.5216 -0.2114
vn 0.9997 0.0226 -0.0133
vn 0.9760 -0.0498 0.2122
vn 0.9891 0.0760 0.1264
vn 0.9959 0.0754 -0.0491
vn 0.8956 0.0047 0.4448
vn 0.0236 0.7741 0.6327
vn 0.0191 0.8427 0.5380
vn -0.0009 0.9896 0.1441
vn 0.0012 0.0398 -0.9992
vn 0.0012 0.0610 -0.9981
vn -0.0012 0.0398 -0.9992
vn -0.0012 0.0610 -0.9981
vn 0.0012 0.1070 -0.9943
vn -0.0012 0.1070 -0.9943
vn -0.0035 0.1113 -0.9938
vn -0.0036 0.0634 -0.9980
vn -0.0062 0.1206 -0.9927
vn -0.0063 0.0688 -0.9976
vn -0.0096 0.1373 -0.9905
vn -0.0096 0.0784 -0.9969
vn -0.0143 0.0954 -0.9953
vn -0.0141 0.1665 -0.9859
vn -0.0096 0.0512 -0.9986
vn -0.0143 0.0623 -0.9980
vn -0.0218 0.1279 -0.9915
vn -0.0219 0.0837 -0.9963
vn -0.0379 0.2049 -0.9781
vn -0.0384 0.1351 -0.9901
vn -0.1009 0.5245 -0.8454
vn -0.1100 0.3723 -0.9216
vn -0.1009 0.5244 0.8454
vn -0.1100 0.3723 0.9216
vn -0.0379 0.2048 0.9781
vn -0.0384 0.1351 0.9901
vn -0.0218 0.1279 0.9915
vn -0.0219 0.0837 0.9963
vn -0.0143 0.0954 0.9953
vn -0.0143 0.0623 0.9980
vn -0.0096 0.0512 0.9986
vn -0.0096 0.0784 0.9969
vn -0.0143 0.0420 0.9990
vn -0.0096 0.0345 0.9994
vn -0.0063 0.0449 0.9990
vn -0.0063 0.0302 0.9995
vn -0.0036 0.0413 0.9991
vn -0.0036 0.0279 0.9996
vn -0.0012 0.0398 0.9992
vn -0.0012 0.0268 0.9996
vn 0.0012 0.0398 0.9992
vn 0.0012 0.0268 0.9996
vn 0.0036 0.0413 0.9991
vn 0.0036 0.0279 0.9996
vn 0.0063 0.0449 0.9990
vn 0.0063 0.0302 0.9995
vn 0.0096 0.0345 0.9994
vn 0.0096 0.0512 0.9986
vn 0.0063 0.0197 0.9998
vn 0.0096 0.0225 0.9997
vn 0.0143 0.0420 0.9990
vn 0.0143 0.0274 0.9995
vn 0.0220 0.0565 0.9982
vn 0.0220 0.0368 0.9991
vn 0.0386 0.0914 0.9951
vn 0.0387 0.0597 0.9975
vn 0.1144 0.2608 0.9586
vn 0.1167 0.1733 0.9779
vn 0.1144 0.2609 -0.9586
vn 0.1167 0.1733 -0.9779
vn 0.0386 0.0914 -0.9951
vn 0.0387 0.0597 -0.9975
vn 0.0219 0.0565 -0.9982
vn 0.0220 0.0368 -0.9991
vn 0.0387 0.0339 -0.9987
vn 0.0220 0.0209 -0.9995
vn 0.0143 0.0155 -0.9998
vn 0.0143 0.0274 -0.9995
vn 0.0096 0.0225 -0.9997
vn 0.0096 0.0128 -0.9999
vn 0.0063 0.0197 -0.9998
vn 0.0063 0.0112 -0.9999
vn 0.0036 0.0181 -0.9998
vn 0.0036 0.0103 -0.9999
vn 0.0012 0.0175 -0.9998
vn 0.0012 0.0099 -1.0000
vn -0.0012 0.0099 -1.0000
vn -0.0012 0.0175 -0.9998
vn -0.0012 0.0032 -1.0000
vn 0.0012 0.0032 -1.0000
vn 0.0012 -0.0032 -1.0000
vn -0.0012 -0.0032 -1.0000
vn -0.0012 -0.0099 -1.0000
vn 0.0012 -0.0099 -1.0000
vn 0.0036 -0.0033 -1.0000
vn 0.0036 -0.0103 -0.9999
vn 0.0036 -0.0182 -0.9998
vn 0.0012 -0.0175 -0.9998
vn 0.0063 -0.0112 -0.9999
vn 0.0063 -0.0197 -0.9998
vn 0.0096 -0.0128 -0.9999
vn 0.0096 -0.0225 -0.9997
vn 0.0143 -0.0155 -0.9998
vn 0.0143 -0.0274 -0.9995
vn 0.0220 -0.0209 -0.9995
vn 0.0220 -0.0368 -0.9991
vn 0.0387 -0.0339 -0.9987
vn 0.0387 -0.0597 -0.9975
vn 0.0386 -0.0914 -0.9951
vn 0.0219 -0.0565 -0.9982
vn 0.1167 -0.1733 -0.9779
vn 0.1144 -0.2609 -0.9586
vn 0.1100 -0.3723 -0.9216
vn 0.0384 -0.1351 -0.9901
vn 0.1009 -0.5245 -0.8454
vn 0.0379 -0.2049 -0.9781
vn 0.0219 -0.0837 -0.9963
vn 0.0218 -0.1279 -0.9915
vn 0.0214 -0.2216 -0.9749
vn 0.0363 -0.3460 -0.9375
vn 0.0180 -0.5734 -0.8191
vn 0.0256 -0.7504 -0.6605
vn 0.0340 -0.9582 -0.2842
vn 0.0803 -0.7355 -0.6727
vn 0.0803 -0.7355 0.6728
vn 0.0340 -0.9581 0.2843
vn 0.0363 -0.3460 0.9375
vn 0.0256 -0.7507 0.6601
vn 0.0256 -0.7507 0.6602
vn 0.0214 -0.2216 0.9749
vn 0.0180 -0.5735 0.8190
vn 0.0141 -0.1665 0.9859
vn 0.0127 -0.4613 0.8871
vn 0.0096 -0.1373 0.9905
vn 0.0089 -0.3926 0.9197
vn 0.0062 -0.1206 0.9927
vn 0.0059 -0.3504 0.9366
vn 0.0035 -0.1113 0.9938
vn 0.0034 -0.3260 0.9454
vn 0.0011 -0.3147 0.9492
vn 0.0012 -0.1070 0.9943
vn 0.0036 -0.0634 0.9980
vn 0.0012 -0.0610 0.9981
vn -0.0012 -0.0610 0.9981
vn -0.0012 -0.1070 0.9943
vn -0.0036 -0.0634 0.9980
vn -0.0035 -0.1113 0.9938
vn -0.0063 -0.0688 0.9976
vn -0.0062 -0.1206 0.9927
vn -0.0096 -0.0784 0.9969
vn -0.0096 -0.1373 0.9905
vn -0.0089 -0.3926 0.9197
vn -0.0059 -0.3504 0.9366
vn -0.0141 -0.1665 0.9859
vn -0.0127 -0.4614 0.8871
vn -0.0214 -0.2216 0.9749
vn -0.0180 -0.5735 0.8190
vn -0.0363 -0.3459 0.9376
vn -0.0256 -0.7505 0.6603
vn -0.0803 -0.7355 0.6728
vn -0.0340 -0.9581 0.2845
vn -0.0340 -0.9581 -0.2845
vn -0.0803 -0.7355 -0.6727
vn -0.1009 -0.5244 0.8454
vn -0.1009 -0.5245 -0.8454
vn -0.0379 -0.2049 -0.9781
vn -0.0363 -0.3460 -0.9375
vn -0.0218 -0.1279 -0.9915
vn -0.0214 -0.2216 -0.9749
vn -0.0143 -0.0954 -0.9953
vn -0.0141 -0.1665 -0.9859
vn -0.0096 -0.0784 -0.9969
vn -0.0096 -0.1373 -0.9905
vn -0.0063 -0.0688 -0.9976
vn -0.0062 -0.1206 -0.9927
vn -0.0036 -0.0634 -0.9980
vn -0.0035 -0.1113 -0.9938
vn -0.0012 -0.1070 -0.9943
vn -0.0012 -0.0610 -0.9981
vn -0.0036 -0.0413 -0.9991
vn -0.0012 -0.0398 -0.9992
vn 0.0012 -0.0610 -0.9981
vn 0.0012 -0.0398 -0.9992
vn 0.0012 -0.0268 -0.9996
vn -0.0012 -0.0268 -0.9996
vn -0.0012 -0.0175 -0.9998
vn -0.0036 -0.0181 -0.9998
vn -0.0036 -0.0279 -0.9996
vn -0.0063 -0.0197 -0.9998
vn -0.0063 -0.0302 -0.9995
vn -0.0096 -0.0345 -0.9994
vn -0.0096 -0.0225 -0.9997
vn -0.0063 -0.0449 -0.9990
vn -0.0096 -0.0512 -0.9986
vn -0.0143 -0.0420 -0.9990
vn -0.0143 -0.0623 -0.9980
vn -0.0219 -0.0565 -0.9982
vn -0.0219 -0.0837 -0.9963
vn -0.0386 -0.0914 -0.9951
vn -0.0384 -0.1351 -0.9901
vn -0.1144 -0.2608 -0.9586
vn -0.1100 -0.3724 -0.9216
vn -0.1144 -0.2608 0.9586
vn -0.1100 -0.3723 0.9216
vn -0.0386 -0.0914 0.9951
vn -0.0384 -0.1351 0.9901
vn -0.0219 -0.0837 0.9963
vn -0.0220 -0.0565 0.9982
vn -0.0379 -0.2049 0.9781
vn -0.0218 -0.1279 0.9915
vn -0.0143 -0.0623 0.9980
vn -0.0143 -0.0954 0.9953
vn -0.0096 -0.0512 0.9986
vn -0.0143 -0.0420 0.9990
vn -0.0096 -0.0345 0.9994
vn -0.0096 -0.0225 0.9997
vn -0.0143 -0.0274 0.9995
vn -0.0220 -0.0368 0.9991
vn -0.0220 -0.0209 0.9995
vn -0.0143 -0.0155 0.9998
vn -0.0387 -0.0339 0.9987
vn -0.0387 -0.0597 0.9975
vn -0.1179 -0.0994 0.9880
vn -0.1167 -0.1733 0.9779
vn -0.1179 -0.0994 -0.9880
vn -0.1167 -0.1733 -0.9779
vn -0.0387 -0.0339 -0.9987
vn -0.0387 -0.0597 -0.9975
vn -0.0220 -0.0209 -0.9995
vn -0.0220 -0.0368 -0.9991
vn -0.0143 -0.0274 -0.9995
vn -0.0143 -0.0155 -0.9998
vn -0.0220 -0.0068 -0.9997
vn -0.0143 -0.0050 -0.9999
vn -0.0096 -0.0041 -0.9999
vn -0.0096 -0.0128 -0.9999
vn -0.0063 -0.0036 -1.0000
vn -0.0063 -0.0112 -0.9999
vn -0.0036 -0.0033 -1.0000
vn -0.0036 -0.0103 -0.9999
vn -0.0036 0.0033 -1.0000
vn -0.0063 0.0036 -1.0000
vn -0.0036 0.0103 -0.9999
vn -0.0063 0.0112 -0.9999
vn -0.0096 0.0128 -0.9999
vn -0.0096 0.0041 -0.9999
vn -0.0143 0.0155 -0.9998
vn -0.0143 0.0050 -0.9999
vn -0.0220 0.0209 -0.9995
vn -0.0220 0.0068 -0.9997
vn -0.0387 0.0339 -0.9987
vn -0.0387 0.0110 -0.9992
vn -0.1184 0.0324 -0.9924
vn -0.1179 0.0994 -0.9880
vn -0.0387 -0.0110 -0.9992
vn -0.1184 -0.0324 -0.9924
vn -0.1184 0.0324 0.9924
vn -0.1184 -0.0324 0.9924
vn -0.0387 0.0110 0.9992
vn -0.0387 -0.0110 0.9992
vn -0.0220 0.0068 0.9997
vn -0.0220 -0.0068 0.9997
vn -0.0143 0.0050 0.9999
vn -0.0143 -0.0050 0.9999
vn -0.0096 0.0041 0.9999
vn -0.0096 -0.0041 0.9999
vn -0.0063 0.0036 1.0000
vn -0.0063 -0.0036 1.0000
vn -0.0036 0.0033 1.0000
vn -0.0036 -0.0033 1.0000
vn -0.0012 -0.0032 1.0000
vn -0.0012 0.0032 1.0000
vn -0.0036 -0.0103 0.9999
vn -0.0012 -0.0099 1.0000
vn 0.0012 -0.0032 1.0000
vn 0.0012 -0.0099 1.0000
vn 0.0036 -0.0033 1.0000
vn 0.0036 -0.0103 0.9999
vn 0.0063 -0.0036 1.0000
vn 0.0063 -0.0112 0.9999
vn 0.0096 -0.0041 0.9999
vn 0.0096 -0.0128 0.9999
vn 0.0143 -0.0050 0.9999
vn 0.0143 -0.0155 0.9998
vn 0.0220 -0.0068 0.9997
vn 0.0220 -0.0209 0.9995
vn 0.0387 -0.0339 0.9987
vn 0.0387 -0.0110 0.9992
vn 0.0220 -0.0368 0.9991
vn 0.0387 -0.0597 0.9975
vn 0.1179 -0.0994 0.9880
vn 0.1167 -0.1733 0.9779
vn 0.1179 -0.0994 -0.9880
vn 0.1184 -0.0324 0.9924
vn 0.1184 -0.0324 -0.9924
vn 0.0387 -0.0110 -0.9992
vn 0.1184 0.0324 -0.9924
vn 0.0387 0.0110 -0.9992
vn 0.0220 0.0068 -0.9997
vn 0.0220 -0.0068 -0.9997
vn 0.0143 0.0050 -0.9999
vn 0.0143 -0.0050 -0.9999
vn 0.0096 0.0041 -0.9999
vn 0.0096 -0.0041 -0.9999
vn 0.0063 0.0036 -1.0000
vn 0.0063 -0.0036 -1.0000
vn 0.0036 0.0033 -1.0000
vn 0.1179 0.0994 -0.9880
vn 0.1179 0.0994 0.9880
vn 0.1184 0.0324 0.9924
vn 0.0387 0.0339 0.9987
vn 0.0387 0.0110 0.9992
vn 0.0220 0.0209 0.9995
vn 0.0220 0.0068 0.9997
vn 0.0143 0.0155 0.9998
vn 0.0143 0.0050 0.9999
vn 0.0096 0.0128 0.9999
vn 0.0096 0.0041 0.9999
vn 0.0063 0.0112 0.9999
vn 0.0063 0.0036 1.0000
vn 0.0036 0.0103 0.9999
vn 0.0036 0.0033 1.0000
vn 0.0012 0.0099 1.0000
vn 0.0012 0.0032 1.0000
vn 0.0036 0.0182 0.9998
vn 0.0012 0.0175 0.9998
vn -0.0012 0.0175 0.9998
vn -0.0012 0.0099 1.0000
vn -0.0036 0.0182 0.9998
vn -0.0036 0.0103 0.9999
vn -0.0063 0.0197 0.9998
vn -0.0063 0.0112 0.9999
vn -0.0096 0.0225 0.9997
vn -0.0096 0.0128 0.9999
vn -0.0143 0.0274 0.9995
vn -0.0143 0.0155 0.9998
vn -0.0220 0.0368 0.9991
vn -0.0220 0.0209 0.9995
vn -0.0386 0.0597 0.9975
vn -0.0387 0.0339 0.9987
vn -0.1179 0.0994 0.9880
vn -0.1167 0.1733 0.9779
vn -0.0386 0.0914 0.9951
vn -0.1144 0.2609 0.9586
vn -0.1144 0.2609 -0.9586
vn -0.1167 0.1733 -0.9779
vn -0.0386 0.0914 -0.9951
vn -0.0387 0.0597 -0.9975
vn -0.0219 0.0565 -0.9982
vn -0.0220 0.0368 -0.9991
vn -0.0143 0.0420 -0.9990
vn -0.0143 0.0274 -0.9995
vn -0.0096 0.0345 -0.9994
vn -0.0096 0.0225 -0.9997
vn -0.0063 0.0302 -0.9995
vn -0.0063 0.0197 -0.9998
vn -0.0036 0.0181 -0.9998
vn -0.0036 0.0279 -0.9996
vn -0.0063 0.0449 -0.9990
vn -0.0036 0.0413 -0.9991
vn -0.0012 0.0268 -0.9996
vn -0.0220 0.0565 0.9982
vn 0.0386 -0.0914 0.9951
vn 0.1144 -0.2608 0.9586
vn 0.0384 -0.1351 0.9901
vn 0.1100 -0.3723 0.9216
vn 0.0220 -0.0565 0.9982
vn 0.0219 -0.0837 0.9963
vn 0.0143 -0.0420 0.9990
vn 0.0143 -0.0623 0.9980
vn 0.0096 -0.0512 0.9986
vn 0.0096 -0.0345 0.9994
vn 0.0143 -0.0274 0.9995
vn 0.0096 -0.0225 0.9997
vn 0.0063 -0.0197 0.9998
vn 0.0063 -0.0302 0.9995
vn 0.0036 -0.0181 0.9998
vn 0.0036 -0.0279 0.9996
vn 0.0036 -0.0413 0.9991
vn 0.0063 -0.0449 0.9990
vn 0.0012 -0.0268 0.9996
vn 0.0012 -0.0398 0.9992
vn -0.0012 -0.0268 0.9996
vn -0.0012 -0.0398 0.9992
vn -0.0036 -0.0279 0.9996
vn -0.0036 -0.0413 0.9991
vn -0.0063 -0.0302 0.9995
vn -0.0063 -0.0449 0.9990
vn -0.0063 -0.0197 0.9998
vn -0.0036 -0.0182 0.9998
vn -0.0063 -0.0112 0.9999
vn -0.0096 -0.0128 0.9999
vn -0.0012 -0.0175 0.9998
vn 0.0012 -0.0175 0.9998
vn 0.0063 -0.0688 0.9976
vn 0.0096 -0.0784 0.9969
vn 0.0143 -0.0954 0.9953
vn 0.0218 -0.1279 0.9915
vn 0.0379 -0.2049 0.9781
vn 0.1009 -0.5244 0.8454
vn 0.0036 -0.0279 -0.9996
vn 0.0036 -0.0413 -0.9991
vn 0.0063 -0.0302 -0.9995
vn 0.0063 -0.0449 -0.9990
vn 0.0096 -0.0512 -0.9986
vn 0.0096 -0.0345 -0.9994
vn 0.0096 -0.0784 -0.9969
vn 0.0063 -0.0688 -0.9976
vn 0.0096 -0.1373 -0.9905
vn 0.0062 -0.1206 -0.9927
vn 0.0036 -0.0634 -0.9980
vn 0.0035 -0.1113 -0.9938
vn 0.0012 -0.1070 -0.9943
vn 0.0011 -0.3147 -0.9492
vn 0.0034 -0.3260 -0.9454
vn -0.0011 -0.3147 -0.9492
vn 0.0059 -0.3505 -0.9366
vn 0.0089 -0.3926 -0.9197
vn 0.0141 -0.1665 -0.9859
vn 0.0127 -0.4614 -0.8871
vn 0.0143 -0.0954 -0.9953
vn 0.0143 -0.0623 -0.9980
vn 0.0143 -0.0420 -0.9990
vn -0.0034 -0.3260 -0.9454
vn -0.0059 -0.3504 -0.9366
vn -0.0089 -0.3927 -0.9196
vn -0.0127 -0.4614 -0.8871
vn -0.0180 -0.5735 -0.8190
vn -0.0256 -0.7505 -0.6603
vn -0.0034 -0.3260 0.9454
vn -0.0011 -0.3147 0.9492
vn 0.0012 0.0268 -0.9996
vn 0.0036 0.0279 -0.9996
vn 0.0036 0.0413 -0.9991
vn 0.0063 0.0449 -0.9990
vn 0.0063 0.0302 -0.9995
vn 0.0096 0.0512 -0.9986
vn 0.0096 0.0345 -0.9994
vn 0.0063 0.0688 -0.9976
vn 0.0096 0.0784 -0.9969
vn 0.0143 0.0954 -0.9953
vn 0.0143 0.0623 -0.9980
vn 0.0218 0.1279 -0.9915
vn 0.0219 0.0837 -0.9963
vn 0.0143 0.0420 -0.9990
vn 0.0379 0.2049 -0.9781
vn 0.0384 0.1351 -0.9901
vn 0.1009 0.5245 -0.8454
vn 0.1100 0.3723 -0.9216
vn 0.1009 0.5245 0.8454
vn 0.1100 0.3723 0.9216
vn 0.0379 0.2049 0.9781
vn 0.0384 0.1351 0.9901
vn 0.0218 0.1279 0.9915
vn 0.0219 0.0837 0.9963
vn 0.0143 0.0623 0.9980
vn 0.0143 0.0954 0.9953
vn 0.0214 0.2216 0.9749
vn 0.0141 0.1665 0.9859
vn 0.0096 0.1373 0.9905
vn 0.0096 0.0784 0.9969
vn 0.0062 0.1206 0.9927
vn 0.0063 0.0688 0.9976
vn 0.0035 0.1113 0.9938
vn 0.0036 0.0634 0.9980
vn 0.0012 0.1070 0.9943
vn 0.0012 0.0610 0.9981
vn -0.0012 0.1070 0.9943
vn -0.0012 0.0610 0.9981
vn -0.0035 0.1113 0.9938
vn -0.0036 0.0634 0.9980
vn -0.0063 0.0688 0.9976
vn -0.0062 0.1206 0.9927
vn -0.0034 0.3260 0.9454
vn -0.0059 0.3504 0.9366
vn -0.0089 0.3926 0.9197
vn -0.0096 0.1373 0.9905
vn -0.0127 0.4615 0.8871
vn -0.0141 0.1665 0.9859
vn -0.0180 0.5735 0.8190
vn -0.0180 0.5734 0.8191
vn -0.0180 0.5734 0.8190
vn -0.0214 0.2216 0.9749
vn -0.0256 0.7505 0.6603
vn -0.0363 0.3461 0.9375
vn -0.0340 0.9580 0.2846
vn -0.0803 0.7354 0.6729
vn -0.0340 0.9581 -0.2846
vn -0.0803 0.7356 -0.6727
vn -0.0363 0.3461 -0.9375
vn -0.0256 0.7505 -0.6603
vn -0.0214 0.2216 -0.9749
vn -0.0180 0.5735 -0.8190
vn -0.0127 0.4610 -0.8873
vn -0.0127 0.4611 -0.8873
vn 0.0340 0.9581 -0.2846
vn 0.0256 0.7505 -0.6603
vn 0.0180 0.5735 0.8190
vn 0.0256 0.7505 0.6603
vn 0.0127 0.4615 0.8871
vn 0.0011 0.3147 0.9492
vn 0.0034 0.3260 0.9454
vn -0.0011 0.3147 0.9492
vn 0.0059 0.3504 0.9366
vn 0.0089 0.3926 0.9197
vn -0.0089 0.3926 -0.9197
vn -0.0011 0.3147 -0.9492
vn 0.0011 0.3147 -0.9492
vn -0.0034 0.3260 -0.9454
vn -0.0059 0.3505 -0.9366
vn 0.0180 0.5733 -0.8192
vn 0.0340 0.9580 0.2846
vn 0.0127 0.4615 -0.8870
vn 0.0089 0.3926 -0.9197
vn 0.0059 0.3504 -0.9366
vn 0.0034 0.3260 -0.9454
vn 0.0035 0.1113 -0.9938
vn 0.0062 0.1206 -0.9927
vn 0.0036 0.0634 -0.9980
vn 0.0096 0.1373 -0.9905
vn 0.0141 0.1665 -0.9859
vn 0.0214 0.2216 -0.9749
vn 0.0803 0.7354 0.6729
vn 0.0803 0.7354 -0.6728
vn 0.0363 0.3460 0.9375
vn 0.0363 0.3460 -0.9375
vt 0.000087 0.500000
vt 0.250043 0.500000
vt 0.250043 0.749957
vt 0.000087 0.749957
vt 0.250043 0.000087
vt 0.500000 0.000087
vt 0.500000 0.250043
vt 0.250043 0.250043
vt 0.824434 0.057067
vt 0.838537 0.714073
vt 0.181531 0.728176
vt 0.167428 0.071170
vt 0.500000 0.500000
vt 0.500000 0.749957
vt 0.749957 0.500000
vt 0.749957 0.749957
vt 0.515487 0.078225
vt 0.541982 0.078225
vt 0.541982 0.104721
vt 0.515487 0.104721
vt 0.460466 0.186632
vt 0.710423 0.186632
vt 0.710423 0.436588
vt 0.460466 0.436588
vt 0.554302 0.062983
vt 0.553512 0.102862
vt 0.517243 0.102604
vt 0.518033 0.062726
vt 1.765625 0.098145
vt 1.762695 0.088379
vt 1.765625 0.012207
vt 1.766602 0.010254
vt 1.768555 0.102539
vt 1.769531 0.004395
vt 1.832031 0.028320
vt 1.769531 0.112305
vt 1.763672 0.107910
vt 1.765625 0.109863
vt 1.764648 0.115234
vt 1.765625 0.116699
vt 1.767578 0.117676
vt 1.762695 0.199219
vt 1.762695 0.387695
vt 1.757812 0.398438
vt 1.764648 0.396973
vt 1.761719 0.400391
vt 1.759766 0.400879
vt 1.762695 0.576172
vt 1.761719 0.575439
vt 1.767578 0.579834
vt 1.832031 0.573730
vt 1.829102 0.580322
vt 1.766602 0.582520
vt 1.831055 0.568848
vt 1.834961 0.574463
vt 1.829102 0.493652
vt 1.833984 0.553223
vt 1.828125 0.459473
vt 1.833008 0.491211
vt 1.832031 0.471680
vt 1.828125 0.447266
vt 1.829102 0.437500
vt 1.829102 0.408203
vt 1.829102 0.415527
vt 1.831055 0.417969
vt 1.831055 0.437012
vt 1.834961 0.025391
vt 1.831055 0.406738
vt 1.834961 0.021484
vt 1.833008 0.012207
vt 1.834961 0.013184
vt 1.833984 0.007324
vt 1.835938 0.003906
vt 1.835938 0.580811
vt 1.546875 0.464355
vt 1.542969 0.471191
vt 1.544922 0.437012
vt 1.546875 0.096680
vt 1.547852 0.464355
vt 1.542969 0.088379
vt 1.541992 0.589844
vt 1.543945 0.541748
vt 1.544922 0.475098
vt 1.544922 0.536621
vt 1.547852 0.540039
vt 1.547852 0.558594
vt 1.544922 0.564453
vt 1.544922 0.582031
vt 1.550781 0.590576
vt 1.544922 0.592041
vt 1.522461 0.176758
vt 1.525391 0.568604
vt 1.433594 0.589600
vt 1.453125 0.566162
vt 1.428711 0.583252
vt 1.426758 0.589355
vt 1.429688 0.581055
vt 1.431641 0.504395
vt 1.432617 0.492188
vt 1.434570 0.482910
vt 1.453125 0.176758
vt 1.457031 0.180176
vt 1.522461 0.566162
vt 1.519531 0.562988
vt 1.457031 0.562988
vt 1.519531 0.180176
vt 1.458984 0.182129
vt 1.458008 0.561035
vt 1.462891 0.550537
vt 1.463867 0.187500
vt 1.517578 0.182617
vt 1.461914 0.219727
vt 1.462891 0.216797
vt 1.463867 0.219238
vt 1.465820 0.189453
vt 1.465820 0.553711
vt 1.464844 0.556152
vt 1.509766 0.553711
vt 1.467773 0.190430
vt 1.466797 0.552734
vt 1.469727 0.550537
vt 1.504883 0.549805
vt 1.472656 0.193848
vt 1.506836 0.192383
vt 1.509766 0.189453
vt 1.511719 0.554688
vt 1.513672 0.187988
vt 1.513672 0.555664
vt 1.517578 0.561035
vt 1.522461 0.539795
vt 1.523438 0.552490
vt 1.433594 0.191895
vt 1.454102 0.137207
vt 1.522461 0.137695
vt 1.457031 0.134277
vt 1.455078 0.020996
vt 1.458984 0.024414
vt 1.519531 0.024414
vt 1.522461 0.021484
vt 1.542969 0.020508
vt 1.443359 0.011719
vt 1.479492 0.011719
vt 1.434570 0.013184
vt 1.439453 0.009766
vt 1.461914 0.008301
vt 1.444336 0.006348
vt 1.434570 0.008789
vt 1.437500 0.004395
vt 1.441406 0.003906
vt 1.430664 0.007324
vt 1.433594 0.005859
vt 1.433594 0.012695
vt 1.480469 0.006348
vt 1.483398 0.008301
vt 1.545898 0.008789
vt 1.543945 0.011230
vt 1.550781 0.013672
vt 1.550781 0.009766
vt 1.549805 0.020996
vt 1.547852 0.023926
vt 1.544922 0.082520
vt 1.545898 0.022461
vt 1.431641 0.189453
vt 1.526367 0.080078
vt 1.523438 0.075195
vt 1.521484 0.079590
vt 1.519531 0.134277
vt 1.491211 0.132812
vt 1.517578 0.132324
vt 1.495117 0.128906
vt 1.517578 0.026367
vt 1.512695 0.127441
vt 1.513672 0.031250
vt 1.510742 0.034180
vt 1.460938 0.025879
vt 1.464844 0.031250
vt 1.502930 0.034180
vt 1.468750 0.034180
vt 1.507812 0.036621
vt 1.471680 0.036621
vt 1.506836 0.122070
vt 1.470703 0.122070
vt 1.509766 0.125488
vt 1.466797 0.125488
vt 1.491211 0.126953
vt 1.488281 0.128418
vt 1.463867 0.126953
vt 1.458984 0.132324
vt 1.466797 0.041504
vt 1.430664 0.392090
vt 1.430664 0.477051
vt 1.430664 0.481934
vt 1.431641 0.484375
vt 1.426758 0.490234
vt 1.428711 0.494141
vt 1.918945 0.010254
vt 1.853516 0.010742
vt 1.864258 0.007812
vt 1.853516 0.006348
vt 1.868164 0.006348
vt 1.913086 0.006348
vt 1.914062 0.003906
vt 1.917969 0.004395
vt 1.852539 0.462402
vt 1.853516 0.018066
vt 1.916992 0.401367
vt 1.918945 0.397949
vt 1.920898 0.400879
vt 1.918945 0.405273
vt 1.916016 0.409668
vt 1.920898 0.407227
vt 1.918945 0.411621
vt 1.917969 0.414062
vt 1.918945 0.564209
vt 1.919922 0.559326
vt 1.855469 0.581299
vt 1.852539 0.468750
vt 1.916016 0.571533
vt 1.916016 0.581299
vt 1.850586 0.531982
vt 1.850586 0.550781
vt 1.850586 0.470215
vt 1.848633 0.556641
vt 1.848633 0.573975
vt 1.846680 0.463379
vt 1.847656 0.467773
vt 1.847656 0.528809
vt 1.850586 0.457031
vt 1.851562 0.081055
vt 1.850586 0.091797
vt 1.846680 0.083496
vt 1.847656 0.078125
vt 1.850586 0.020996
vt 1.801758 0.764526
vt 1.805664 0.761353
vt 1.867188 0.762329
vt 1.870117 0.764648
vt 1.870117 0.871704
vt 1.800781 0.869507
vt 1.798828 0.766602
vt 1.797852 0.869141
vt 1.803711 0.870972
vt 1.803711 0.874146
vt 1.870117 0.874390
vt 1.884766 0.814697
vt 1.885742 0.810669
vt 1.945312 0.807129
vt 1.882812 0.806519
vt 1.881836 0.816528
vt 1.949219 0.826660
vt 1.950195 0.810425
vt 1.881836 0.852173
vt 1.948242 0.831787
vt 1.951172 0.856445
vt 1.949219 0.883484
vt 1.946289 0.883484
vt 1.948242 0.889954
vt 1.945312 0.899963
vt 1.950195 0.893005
vt 1.949219 0.902161
vt 1.949219 0.907593
vt 1.947266 0.914001
vt 1.943359 0.914062
vt 1.892578 0.913330
vt 1.898438 0.916138
vt 1.894531 0.917297
vt 1.883789 0.915710
vt 1.878906 0.913452
vt 1.880859 0.913025
vt 1.878906 0.854126
vt 1.878906 0.834106
vt 1.571289 0.011719
vt 1.567383 0.016113
vt 1.563477 0.012207
vt 1.560547 0.010742
vt 1.560547 0.003906
vt 1.586914 0.012695
vt 1.577148 0.011719
vt 1.585938 0.010742
vt 1.588867 0.010254
vt 1.594727 0.010742
vt 1.592773 0.014648
vt 1.622070 0.010254
vt 1.648438 0.012695
vt 1.646484 0.009277
vt 1.651367 0.009766
vt 1.667969 0.010254
vt 1.670898 0.015625
vt 1.670898 0.099121
vt 1.673828 0.036621
vt 1.670898 0.125488
vt 1.673828 0.118652
vt 1.675781 0.131836
vt 1.670898 0.133789
vt 1.672852 0.144043
vt 1.676758 0.144043
vt 1.671875 0.147949
vt 1.674805 0.153809
vt 1.673828 0.155273
vt 1.671875 0.153320
vt 1.673828 0.174316
vt 1.670898 0.175781
vt 1.674805 0.176758
vt 1.674805 0.184570
vt 1.670898 0.186035
vt 1.673828 0.186523
vt 1.672852 0.187012
vt 1.671875 0.565430
vt 1.672852 0.565430
vt 1.670898 0.569092
vt 1.666016 0.572021
vt 1.670898 0.577393
vt 1.564453 0.399414
vt 1.568359 0.407715
vt 1.564453 0.413086
vt 1.667969 0.586426
vt 1.561523 0.404297
vt 1.564453 0.406250
vt 1.563477 0.411133
vt 1.562500 0.016602
vt 1.672852 0.583496
vt 1.565430 0.565186
vt 1.671875 0.586914
vt 1.669922 0.588623
vt 1.564453 0.588867
vt 1.564453 0.575195
vt 1.561523 0.565430
vt 1.562500 0.572021
vt 1.560547 0.577881
vt 1.561523 0.570312
vt 1.560547 0.587402
vt 1.563477 0.589355
vt 1.561523 0.417480
vt 1.749023 0.632324
vt 1.688477 0.631592
vt 1.688477 0.614746
vt 1.691406 0.610596
vt 1.748047 0.600830
vt 1.688477 0.602051
vt 1.689453 0.592773
vt 1.690430 0.570801
vt 1.748047 0.569580
vt 1.690430 0.538330
vt 1.748047 0.538086
vt 1.687500 0.507080
vt 1.748047 0.506836
vt 1.687500 0.475586
vt 1.748047 0.475586
vt 1.690430 0.452637
vt 1.748047 0.443848
vt 1.689453 0.446777
vt 1.686523 0.445801
vt 1.686523 0.412598
vt 1.747070 0.412598
vt 1.691406 0.388672
vt 1.748047 0.381348
vt 1.689453 0.380371
vt 1.690430 0.372070
vt 1.690430 0.364258
vt 1.748047 0.349609
vt 1.691406 0.349609
vt 1.690430 0.356934
vt 1.689453 0.341309
vt 1.748047 0.318359
vt 1.687500 0.361328
vt 1.686523 0.354980
vt 1.687500 0.340332
vt 1.687500 0.318359
vt 1.689453 0.286621
vt 1.748047 0.287109
vt 1.687500 0.255371
vt 1.748047 0.255371
vt 1.687500 0.223633
vt 1.748047 0.224121
vt 1.748047 0.192383
vt 1.687500 0.192383
vt 1.691406 0.163086
vt 1.748047 0.161133
vt 1.690430 0.155273
vt 1.690430 0.147949
vt 1.689453 0.129395
vt 1.749023 0.129883
vt 1.688477 0.115234
vt 1.688477 0.098145
vt 1.749023 0.098145
vt 1.688477 0.066895
vt 1.749023 0.066895
vt 1.688477 0.035156
vt 1.749023 0.035645
vt 1.688477 0.003906
vt 1.749023 0.003906
vt 1.687500 0.164062
vt 1.687500 0.288574
vt 1.688477 0.378418
vt 1.685547 0.449219
vt 1.686523 0.456055
vt 1.687500 0.536133
vt 1.689453 0.554688
vt 1.687500 0.554688
vt 1.687500 0.557373
vt 1.686523 0.571533
vt 1.688477 0.577881
vt 1.729492 0.662354
vt 1.729492 0.671631
vt 1.724609 0.680420
vt 1.723633 0.685059
vt 1.727539 0.657959
vt 1.727539 0.641357
vt 1.729492 0.652100
vt 1.730469 0.642578
vt 1.729492 0.640381
vt 1.668945 0.640381
vt 1.720703 0.695068
vt 1.720703 0.759888
vt 1.668945 0.802246
vt 1.729492 0.801392
vt 1.724609 0.802856
vt 1.729492 0.780762
vt 1.726562 0.768433
vt 1.728516 0.770874
vt 1.724609 0.765015
vt 1.723633 0.757446
vt 1.723633 0.718506
vt 1.724609 0.703369
vt 1.724609 0.690186
vt 1.723633 0.685791
vt 1.407227 0.502930
vt 1.417969 0.522461
vt 1.413086 0.525635
vt 1.397461 0.482422
vt 1.388672 0.460938
vt 1.277344 0.604248
vt 1.201172 0.366699
vt 1.370117 0.414551
vt 1.380859 0.439453
vt 1.375000 0.417480
vt 1.369141 0.395020
vt 1.365234 0.372559
vt 1.360352 0.340820
vt 1.197266 0.304199
vt 1.359375 0.294434
vt 1.362305 0.258301
vt 1.363281 0.232910
vt 1.365234 0.235352
vt 1.369141 0.212891
vt 1.375000 0.187500
vt 1.375000 0.190918
vt 1.390625 0.140625
vt 1.198242 0.272461
vt 1.278320 0.003906
vt 1.407227 0.105469
vt 1.417969 0.084961
vt 1.210938 0.179199
vt 1.237305 0.088867
vt 1.249023 0.060059
vt 1.262695 0.031738
vt 1.217773 0.148926
vt 1.226562 0.118652
vt 1.205078 0.209961
vt 1.201172 0.241211
vt 1.198242 0.335449
vt 1.237305 0.519043
vt 1.217773 0.459473
vt 1.249023 0.548340
vt 1.210938 0.428711
vt 1.205078 0.397949
vt 1.262695 0.576660
vt 1.226562 0.489746
vt 1.994141 0.458496
vt 1.991211 0.464355
vt 1.990234 0.463379
vt 1.933594 0.440918
vt 1.994141 0.440918
vt 1.934570 0.417969
vt 1.992188 0.419434
vt 1.996094 0.423828
vt 1.995117 0.416504
vt 1.993164 0.414062
vt 1.993164 0.402344
vt 1.996094 0.401855
vt 1.995117 0.400879
vt 1.995117 0.394531
vt 1.934570 0.395020
vt 1.933594 0.372559
vt 1.993164 0.371582
vt 1.995117 0.372070
vt 1.994141 0.348633
vt 1.933594 0.349609
vt 1.933594 0.326660
vt 1.994141 0.326172
vt 1.932617 0.303711
vt 1.993164 0.302734
vt 1.931641 0.280762
vt 1.993164 0.280273
vt 1.931641 0.257812
vt 1.992188 0.257324
vt 1.993164 0.234375
vt 1.932617 0.225098
vt 1.993164 0.211914
vt 1.993164 0.188965
vt 1.932617 0.188477
vt 1.932617 0.165527
vt 1.993164 0.166016
vt 1.932617 0.142578
vt 1.993164 0.149902
vt 1.990234 0.143066
vt 1.932617 0.119629
vt 1.993164 0.120117
vt 1.993164 0.124023
vt 1.992188 0.134277
vt 1.996094 0.121582
vt 1.993164 0.121094
vt 1.994141 0.095703
vt 1.932617 0.096191
vt 1.992188 0.083496
vt 1.933594 0.073242
vt 1.994141 0.075684
vt 1.993164 0.068359
vt 1.990234 0.062500
vt 1.994141 0.063477
vt 1.992188 0.053711
vt 1.935547 0.026855
vt 1.993164 0.041016
vt 1.933594 0.049805
vt 1.932617 0.066406
vt 1.996094 0.029785
vt 1.936523 0.003906
vt 1.992188 0.006836
vt 1.932617 0.116699
vt 1.931641 0.271484
vt 1.933594 0.462891
vt 1.855469 0.709717
vt 1.855469 0.711670
vt 1.854492 0.713867
vt 1.853516 0.708252
vt 1.797852 0.752197
vt 1.853516 0.645264
vt 1.850586 0.638428
vt 1.854492 0.641113
vt 1.853516 0.635742
vt 1.798828 0.592041
vt 1.854492 0.630371
vt 1.856445 0.632324
vt 1.855469 0.634033
vt 1.857422 0.620605
vt 1.856445 0.615967
vt 1.855469 0.590332
vt 1.858398 0.599365
vt 1.853516 0.589355
vt 1.798828 0.591064
vt 1.797852 0.597412
vt 1.856445 0.720459
vt 1.855469 0.725098
vt 1.858398 0.731445
vt 1.857422 0.753906
vt 1.860352 0.722900
vt 1.020508 0.174805
vt 1.023438 0.154785
vt 1.031250 0.123047
vt 1.040039 0.094727
vt 1.067383 0.106934
vt 1.062500 0.122559
vt 1.050781 0.162109
vt 1.047852 0.185059
vt 1.021484 0.183105
vt 1.042969 0.213379
vt 1.013672 0.249023
vt 1.014648 0.233398
vt 1.011719 0.218262
vt 1.017578 0.184570
vt 1.009766 0.242676
vt 1.007812 0.250977
vt 1.011719 0.253418
vt 1.010742 0.269531
vt 1.011719 0.260254
vt 1.005859 0.268066
vt 1.006836 0.260254
vt 1.007812 0.271484
vt 1.039062 0.246094
vt 1.008789 0.277832
vt 1.008789 0.286133
vt 1.005859 0.315918
vt 1.006836 0.346680
vt 1.036133 0.273438
vt 1.035156 0.340820
vt 1.038086 0.262207
vt 1.048828 0.260742
vt 1.042969 0.263184
vt 1.050781 0.260742
vt 1.052734 0.224609
vt 1.058594 0.201660
vt 1.056641 0.202148
vt 1.047852 0.199219
vt 1.048828 0.189453
vt 1.151367 0.197754
vt 1.139648 0.200684
vt 1.136719 0.201660
vt 1.060547 0.201660
vt 1.062500 0.203613
vt 1.135742 0.203125
vt 1.058594 0.229492
vt 1.056641 0.221680
vt 1.052734 0.260742
vt 1.055664 0.258789
vt 1.085938 0.259766
vt 1.128906 0.242676
vt 1.127930 0.258789
vt 1.129883 0.261230
vt 1.133789 0.239258
vt 1.134766 0.222656
vt 1.133789 0.260742
vt 1.138672 0.263184
vt 1.144531 0.262695
vt 1.142578 0.263672
vt 1.039062 0.263672
vt 1.054688 0.272461
vt 1.037109 0.277832
vt 1.040039 0.276855
vt 1.054688 0.275879
vt 1.049805 0.278320
vt 1.047852 0.278809
vt 1.052734 0.278809
vt 1.059570 0.274902
vt 1.129883 0.278320
vt 1.052734 0.314453
vt 1.054688 0.279785
vt 1.049805 0.315430
vt 1.126953 0.280273
vt 1.141602 0.275879
vt 1.126953 0.302734
vt 1.132812 0.279297
vt 1.131836 0.291016
vt 1.130859 0.314941
vt 1.128906 0.339844
vt 1.125977 0.339844
vt 1.125000 0.310059
vt 1.125000 0.338867
vt 1.052734 0.337891
vt 1.052734 0.338867
vt 1.083984 0.342773
vt 1.050781 0.339355
vt 1.090820 0.341309
vt 1.115234 0.342773
vt 1.098633 0.342773
vt 1.116211 0.345215
vt 1.139648 0.342773
vt 1.143555 0.362305
vt 1.141602 0.316895
vt 1.131836 0.339844
vt 1.038086 0.354492
vt 1.140625 0.355469
vt 1.146484 0.394043
vt 1.171875 0.347656
vt 1.131836 0.358398
vt 1.134766 0.390137
vt 1.143555 0.281250
vt 1.171875 0.296387
vt 1.131836 0.385254
vt 1.128906 0.357422
vt 1.138672 0.417480
vt 1.149414 0.418945
vt 1.147461 0.420898
vt 1.135742 0.417969
vt 1.154297 0.443359
vt 1.149414 0.434082
vt 1.144531 0.452637
vt 1.161133 0.471680
vt 1.150391 0.476074
vt 1.141602 0.436523
vt 1.175781 0.391113
vt 1.176758 0.417969
vt 1.178711 0.408203
vt 1.173828 0.366211
vt 1.172852 0.341797
vt 1.171875 0.316895
vt 1.172852 0.291992
vt 1.174805 0.267090
vt 1.175781 0.243652
vt 1.177734 0.242676
vt 1.180664 0.217285
vt 1.183594 0.187012
vt 1.185547 0.193359
vt 1.189453 0.168945
vt 1.197266 0.138184
vt 1.163086 0.157227
vt 1.170898 0.141602
vt 1.199219 0.139648
vt 1.156250 0.183594
vt 1.197266 0.146484
vt 1.152344 0.157227
vt 1.166992 0.136230
vt 1.145508 0.182129
vt 1.154297 0.184570
vt 1.148438 0.235352
vt 1.152344 0.203613
vt 1.141602 0.183105
vt 1.134766 0.186035
vt 1.134766 0.188477
vt 1.150391 0.156250
vt 1.147461 0.159180
vt 1.139648 0.181152
vt 1.138672 0.182129
vt 1.065430 0.183105
vt 1.065430 0.181641
vt 1.063477 0.185547
vt 1.062500 0.182129
vt 1.051758 0.186523
vt 1.060547 0.184082
vt 1.058594 0.182617
vt 1.055664 0.159668
vt 1.066406 0.148926
vt 1.076172 0.123535
vt 1.074219 0.123047
vt 1.078125 0.123047
vt 1.065430 0.120117
vt 1.166992 0.118164
vt 1.159180 0.119141
vt 1.156250 0.121094
vt 1.080078 0.124512
vt 1.076172 0.137695
vt 1.069336 0.155273
vt 1.156250 0.122070
vt 1.152344 0.132324
vt 1.143555 0.164062
vt 1.162109 0.121094
vt 1.173828 0.117676
vt 1.204102 0.116211
vt 1.196289 0.068848
vt 1.220703 0.085449
vt 1.171875 0.116211
vt 1.176758 0.104004
vt 1.185547 0.088867
vt 1.175781 0.083008
vt 1.187500 0.059570
vt 1.201172 0.066895
vt 1.197266 0.064941
vt 1.214844 0.075684
vt 1.164062 0.101074
vt 1.185547 0.058594
vt 1.167969 0.101074
vt 1.164062 0.104004
vt 1.162109 0.100586
vt 1.082031 0.104004
vt 1.068359 0.107422
vt 1.092773 0.065430
vt 1.093750 0.067871
vt 1.080078 0.104492
vt 1.089844 0.085938
vt 1.083984 0.102051
vt 1.084961 0.103027
vt 1.161133 0.099609
vt 1.170898 0.078125
vt 1.176758 0.054688
vt 1.181641 0.056152
vt 1.184570 0.058105
vt 1.173828 0.051270
vt 1.115234 0.022461
vt 1.103516 0.047852
vt 1.113281 0.021484
vt 1.111328 0.020508
vt 1.097656 0.045898
vt 1.109375 0.019531
vt 1.087891 0.041016
vt 1.098633 0.018066
vt 1.086914 0.074219
vt 1.077148 0.070312
vt 1.078125 0.104004
vt 1.045898 0.077148
vt 1.044922 0.074219
vt 1.050781 0.061035
vt 1.059570 0.038086
vt 1.050781 0.054688
vt 1.055664 0.040527
vt 1.058594 0.031738
vt 1.064453 0.023926
vt 1.060547 0.022949
vt 1.063477 0.019531
vt 1.070312 0.003906
vt 1.091797 0.011719
vt 1.224609 0.079590
vt 1.212891 0.101562
vt 1.200195 0.125977
vt 1.202148 0.124023
vt 1.204102 0.126953
vt 1.136719 0.237305
vt 1.141602 0.201172
vt 1.180664 0.415527
vt 1.181641 0.424805
vt 1.180664 0.438965
vt 1.183594 0.438965
vt 1.190430 0.465820
vt 1.188477 0.469727
vt 1.194336 0.478516
vt 1.190430 0.479980
vt 1.195312 0.487305
vt 1.194336 0.495605
vt 1.167969 0.500488
vt 1.197266 0.494141
vt 1.198242 0.499512
vt 1.204102 0.508301
vt 1.200195 0.507568
vt 1.204102 0.514404
vt 1.206055 0.522461
vt 1.175781 0.521973
vt 1.184570 0.544678
vt 1.211914 0.531982
vt 1.208984 0.520508
vt 1.194336 0.563232
vt 1.216797 0.552490
vt 1.224609 0.551270
vt 1.220703 0.553711
vt 1.202148 0.563232
vt 1.193359 0.567627
vt 1.191406 0.569824
vt 1.187500 0.567627
vt 1.187500 0.571533
vt 1.184570 0.570801
vt 1.175781 0.550537
vt 1.181641 0.569580
vt 1.179688 0.574951
vt 1.166016 0.546875
vt 1.170898 0.550781
vt 1.145508 0.593994
vt 1.130859 0.599365
vt 1.103516 0.583984
vt 1.092773 0.556396
vt 1.155273 0.518066
vt 1.079102 0.515869
vt 1.079102 0.514648
vt 1.154297 0.516846
vt 1.158203 0.516846
vt 1.158203 0.513672
vt 1.139648 0.513672
vt 1.075195 0.514404
vt 1.133789 0.512207
vt 1.072266 0.510742
vt 1.072266 0.514160
vt 1.077148 0.530518
vt 1.082031 0.541016
vt 1.088867 0.555420
vt 1.104492 0.596924
vt 1.100586 0.583252
vt 1.085938 0.557861
vt 1.109375 0.612061
vt 1.096680 0.585205
vt 1.110352 0.606934
vt 1.075195 0.561768
vt 1.066406 0.532959
vt 1.086914 0.589844
vt 1.046875 0.571533
vt 1.035156 0.520508
vt 1.058594 0.601074
vt 1.037109 0.540771
vt 1.096680 0.613037
vt 1.084961 0.620361
vt 1.073242 0.627686
vt 1.071289 0.629639
vt 1.082031 0.624756
vt 1.091797 0.620361
vt 1.087891 0.622803
vt 1.100586 0.616211
vt 1.033203 0.523682
vt 1.029297 0.509766
vt 1.028320 0.504639
vt 1.023438 0.491699
vt 1.028320 0.490234
vt 1.024414 0.486816
vt 1.056641 0.496582
vt 1.051758 0.476074
vt 1.026367 0.481934
vt 1.022461 0.484375
vt 1.021484 0.475098
vt 1.015625 0.446289
vt 1.010742 0.413574
vt 1.038086 0.379395
vt 1.038086 0.355469
vt 1.041016 0.415039
vt 1.048828 0.378906
vt 1.052734 0.416016
vt 1.047852 0.357422
vt 1.049805 0.357910
vt 1.052734 0.399902
vt 1.043945 0.418945
vt 1.055664 0.416504
vt 1.052734 0.378418
vt 1.059570 0.415527
vt 1.054688 0.380371
vt 1.058594 0.414551
vt 1.125977 0.359863
vt 1.127930 0.387207
vt 1.132812 0.415527
vt 1.131836 0.397461
vt 1.128906 0.371582
vt 1.125977 0.358887
vt 1.053711 0.359375
vt 1.052734 0.358398
vt 1.050781 0.357422
vt 1.042969 0.354980
vt 1.127930 0.429688
vt 1.046875 0.431152
vt 1.127930 0.433594
vt 1.120117 0.430664
vt 1.119141 0.433594
vt 1.118164 0.432129
vt 1.058594 0.434082
vt 1.057617 0.434082
vt 1.065430 0.478027
vt 1.064453 0.466309
vt 1.061523 0.436035
vt 1.134766 0.436035
vt 1.134766 0.437012
vt 1.137695 0.435547
vt 1.139648 0.436035
vt 1.146484 0.467285
vt 1.137695 0.451172
vt 1.145508 0.471680
vt 1.156250 0.498047
vt 1.153320 0.498535
vt 1.075195 0.494629
vt 1.150391 0.496582
vt 1.071289 0.498047
vt 1.166016 0.501221
vt 1.144531 0.477539
vt 1.066406 0.501221
vt 1.070312 0.499023
vt 1.138672 0.510498
vt 1.160156 0.510986
vt 1.170898 0.515137
vt 1.065430 0.498047
vt 1.068359 0.496094
vt 1.060547 0.499512
vt 1.060547 0.463867
vt 1.071289 0.495605
vt 1.068359 0.473633
vt 1.044922 0.438965
vt 1.054688 0.434570
vt 1.063477 0.511719
vt 1.161133 0.516602
vt 1.038086 0.341797
vt 1.036133 0.315918
vt 1.046875 0.338867
vt 1.046875 0.314941
vt 1.089844 0.344238
vt 1.048828 0.337891
vt 1.036133 0.285156
vt 1.007812 0.381348
vt 1.114258 0.609863
vt 1.115234 0.608887
vt 1.118164 0.605469
vt 1.005859 0.292969
vt 1.003906 0.291016
vt 1.003906 0.283203
vt 1.008789 0.253418
vt 1.005859 0.242676
vt 1.010742 0.234375
vt 1.011719 0.235840
vt 0.691406 0.116699
vt 0.691406 0.145508
vt 0.691406 0.112793
vt 0.691406 0.113281
vt 0.691406 0.148926
vt 0.690430 0.148926
vt 0.682617 0.148438
vt 0.683105 0.147461
vt 0.684082 0.144531
vt 0.689941 0.145508
vt 0.689941 0.113281
vt 0.880859 0.177734
vt 0.892578 0.206543
vt 0.882812 0.210449
vt 0.876953 0.179199
vt 0.875977 0.220215
vt 0.875488 0.225586
vt 0.865234 0.226562
vt 0.864746 0.222656
vt 0.877930 0.216309
vt 0.880859 0.215820
vt 0.868164 0.179688
vt 0.882324 0.177734
vt 0.874512 0.212402
vt 0.864258 0.211914
vt 0.864258 0.180664
vt 0.864746 0.217285
vt 0.875977 0.217285
vt 0.864258 0.220215
vt 0.731445 0.846069
vt 0.731445 0.840454
vt 0.741699 0.841553
vt 0.741211 0.845459
vt 0.756836 0.830322
vt 0.747070 0.833130
vt 0.744629 0.817627
vt 0.750488 0.813965
vt 0.746094 0.836914
vt 0.737793 0.816772
vt 0.740234 0.834473
vt 0.730957 0.835205
vt 0.730957 0.817017
vt 0.739746 0.838257
vt 0.742188 0.838013
vt 0.980469 0.061523
vt 0.990723 0.087402
vt 0.982910 0.089844
vt 0.978027 0.062500
vt 0.969238 0.096680
vt 0.978516 0.097168
vt 0.978027 0.101074
vt 0.970215 0.101562
vt 0.978027 0.091309
vt 0.981445 0.093262
vt 0.978027 0.093750
vt 0.971680 0.063965
vt 0.976074 0.090820
vt 0.969727 0.094727
vt 0.969238 0.091797
vt 0.977051 0.094238
vt 0.969238 0.064453
vt 0.878418 0.352051
vt 0.884277 0.361328
vt 0.877441 0.354004
vt 0.892578 0.348145
vt 0.878418 0.346191
vt 0.848145 0.314453
vt 0.878418 0.325195
vt 0.886230 0.323730
vt 0.886719 0.317383
vt 0.895508 0.293945
vt 0.897461 0.308105
vt 0.897461 0.333496
vt 0.898926 0.322266
vt 0.898926 0.304199
vt 0.897461 0.294922
vt 0.896484 0.291016
vt 0.866211 0.256836
vt 0.879395 0.291504
vt 0.864258 0.270996
vt 0.863770 0.252930
vt 0.880859 0.295898
vt 0.860352 0.286133
vt 0.862305 0.285156
vt 0.878418 0.297852
vt 0.875000 0.298340
vt 0.858887 0.293457
vt 0.856445 0.299805
vt 0.885254 0.321289
vt 0.852539 0.308594
vt 0.559082 0.065430
vt 0.564453 0.065430
vt 0.564941 0.074707
vt 0.551270 0.055664
vt 0.564453 0.046875
vt 0.550781 0.045410
vt 0.554199 0.029785
vt 0.563965 0.035645
vt 0.562500 0.028809
vt 0.563965 0.020508
vt 0.562500 0.016602
vt 0.564941 0.005371
vt 0.553223 0.008301
vt 0.553223 0.013184
vt 0.553223 0.003906
vt 0.550293 0.012695
vt 0.550781 0.007812
vt 0.554688 0.023438
vt 0.552734 0.019531
vt 0.553223 0.024902
vt 0.549316 0.022949
vt 0.549316 0.020020
vt 0.550293 0.030273
vt 0.729004 0.626465
vt 0.730957 0.630615
vt 0.727539 0.626953
vt 0.720703 0.666748
vt 0.710449 0.639893
vt 0.712402 0.640869
vt 0.732422 0.630859
vt 0.722656 0.633301
vt 0.721191 0.629395
vt 0.730957 0.633545
vt 0.723633 0.635254
vt 0.731445 0.637207
vt 0.732910 0.636475
vt 0.732910 0.665283
vt 0.729004 0.665527
vt 0.728027 0.654785
vt 0.719238 0.638672
vt 0.721191 0.634766
vt 0.722656 0.666260
vt 0.725586 0.665771
vt 0.239868 0.715820
vt 0.244507 0.731689
vt 0.238159 0.713135
vt 0.246216 0.731689
vt 0.248779 0.712402
vt 0.251709 0.729492
vt 0.253662 0.711426
vt 0.258545 0.728760
vt 0.255615 0.711182
vt 0.263916 0.710205
vt 0.265381 0.728271
vt 0.265381 0.709961
vt 0.263428 0.706299
vt 0.263916 0.703857
vt 0.260986 0.704834
vt 0.262939 0.700195
vt 0.252930 0.706055
vt 0.261719 0.701904
vt 0.254639 0.707764
vt 0.250488 0.708252
vt 0.253174 0.708008
vt 0.251953 0.701904
vt 0.260498 0.698486
vt 0.989746 0.215820
vt 0.991211 0.220703
vt 0.989258 0.217773
vt 0.979004 0.243164
vt 0.973145 0.228516
vt 0.974609 0.227539
vt 0.983887 0.218750
vt 0.983887 0.222656
vt 0.991699 0.224609
vt 0.985352 0.226074
vt 0.993164 0.223633
vt 0.993164 0.241211
vt 0.991699 0.241699
vt 0.988281 0.242188
vt 0.982910 0.242188
vt 0.981445 0.227051
vt 0.979492 0.226562
vt 0.981934 0.223633
vt 0.018631 0.320312
vt 0.012291 0.276855
vt 0.019974 0.320312
vt 0.008339 0.320801
vt 0.008675 0.277832
vt 0.006695 0.322754
vt 0.003906 0.325195
vt 0.003906 0.279785
vt 0.003906 0.278320
vt 0.006432 0.325195
vt 0.004478 0.328125
vt 0.016769 0.330078
vt 0.015945 0.332520
vt 0.017990 0.324707
vt 0.019348 0.324707
vt 0.833008 0.098633
vt 0.835449 0.114746
vt 0.832031 0.097656
vt 0.837402 0.113770
vt 0.841309 0.111816
vt 0.839355 0.096191
vt 0.843750 0.094238
vt 0.846191 0.111328
vt 0.851074 0.096191
vt 0.850586 0.111816
vt 0.851562 0.110352
vt 0.851562 0.091797
vt 0.850098 0.087402
vt 0.851562 0.087402
vt 0.843262 0.089355
vt 0.245850 0.697754
vt 0.242676 0.704346
vt 0.242065 0.697266
vt 0.254395 0.683105
vt 0.240723 0.683594
vt 0.261719 0.671875
vt 0.239868 0.671631
vt 0.239746 0.663330
vt 0.261475 0.662842
vt 0.263428 0.660889
vt 0.239380 0.657715
vt 0.261230 0.657471
vt 0.266113 0.652344
vt 0.238159 0.652588
vt 0.266357 0.649902
vt 0.266357 0.659180
vt 0.262695 0.659912
vt 0.755859 0.685303
vt 0.757812 0.809570
vt 0.754883 0.793579
vt 0.758301 0.685059
vt 0.760254 0.813232
vt 0.759277 0.684326
vt 0.760254 0.681396
vt 0.825684 0.681641
vt 0.825684 0.813232
vt 0.826172 0.815063
vt 0.763672 0.814819
vt 0.825684 0.818237
vt 0.763672 0.818237
vt 0.763672 0.679688
vt 0.826172 0.679688
vt 0.764160 0.676514
vt 0.826172 0.676270
vt 0.754883 0.269531
vt 0.749023 0.342773
vt 0.746582 0.335449
vt 0.746094 0.342773
vt 0.746582 0.269531
vt 0.732910 0.268066
vt 0.732910 0.255371
vt 0.738770 0.256348
vt 0.742188 0.165039
vt 0.769043 0.166016
vt 0.765625 0.255859
vt 0.714355 0.158691
vt 0.713867 0.165039
vt 0.797363 0.166992
vt 0.713379 0.120605
vt 0.798340 0.128906
vt 0.711426 0.122070
vt 0.705078 0.157715
vt 0.711914 0.118164
vt 0.700195 0.108887
vt 0.715820 0.004883
vt 0.700195 0.118164
vt 0.696777 0.060547
vt 0.687500 0.107910
vt 0.690430 0.060059
vt 0.690430 0.056152
vt 0.690430 0.004883
vt 0.687012 0.005371
vt 0.686523 0.055664
vt 0.691895 0.003906
vt 0.823242 0.004395
vt 0.824707 0.005859
vt 0.799316 0.005371
vt 0.823730 0.057129
vt 0.816895 0.061035
vt 0.828125 0.006348
vt 0.828125 0.056641
vt 0.823730 0.061035
vt 0.818359 0.061035
vt 0.817871 0.062500
vt 0.825195 0.109863
vt 0.826172 0.107422
vt 0.813477 0.109863
vt 0.801270 0.119629
vt 0.813477 0.119629
vt 0.809082 0.160156
vt 0.799805 0.126465
vt 0.800293 0.156738
vt 0.798340 0.159668
vt 0.766602 0.255859
vt 0.771484 0.256836
vt 0.769531 0.270996
vt 0.263672 0.552246
vt 0.266602 0.550781
vt 0.267090 0.557617
vt 0.264893 0.557861
vt 0.263672 0.555420
vt 0.277344 0.551025
vt 0.278320 0.559814
vt 0.266113 0.543945
vt 0.276611 0.544922
vt 0.276855 0.535889
vt 0.263428 0.543213
vt 0.266602 0.537842
vt 0.262451 0.542236
vt 0.262451 0.538574
vt 0.264160 0.537598
vt 0.267822 0.535156
vt 0.268555 0.530762
vt 0.265137 0.527832
vt 0.270020 0.526855
vt 0.265137 0.530029
vt 0.279053 0.528809
vt 0.266357 0.526123
vt 0.272705 0.520264
vt 0.280029 0.521973
vt 0.270996 0.521240
vt 0.268066 0.518799
vt 0.276123 0.503174
vt 0.287842 0.508789
vt 0.281250 0.495117
vt 0.293701 0.490723
vt 0.298096 0.494629
vt 0.301025 0.493652
vt 0.308105 0.486816
vt 0.304199 0.487305
vt 0.316650 0.497070
vt 0.305908 0.511963
vt 0.296875 0.514160
vt 0.290039 0.540283
vt 0.303223 0.513184
vt 0.297119 0.517822
vt 0.298340 0.515381
vt 0.302002 0.522461
vt 0.299561 0.519043
vt 0.302734 0.521240
vt 0.332520 0.525879
vt 0.333008 0.532959
vt 0.335449 0.513428
vt 0.336182 0.511963
vt 0.336182 0.507324
vt 0.337646 0.506348
vt 0.317627 0.501465
vt 0.322510 0.494141
vt 0.351562 0.473633
vt 0.343994 0.488770
vt 0.339600 0.500488
vt 0.356201 0.472168
vt 0.284912 0.544434
vt 0.285889 0.547852
vt 0.290283 0.552979
vt 0.304443 0.569336
vt 0.333984 0.562256
vt 0.334473 0.555176
vt 0.299561 0.576660
vt 0.283447 0.569824
vt 0.301514 0.574707
vt 0.295166 0.587891
vt 0.302002 0.576660
vt 0.302979 0.578857
vt 0.304688 0.582031
vt 0.290283 0.583984
vt 0.294189 0.590332
vt 0.300537 0.598145
vt 0.279541 0.590820
vt 0.296631 0.603516
vt 0.274170 0.573486
vt 0.282471 0.571289
vt 0.282715 0.597656
vt 0.270752 0.575439
vt 0.271729 0.568359
vt 0.269043 0.564453
vt 0.268311 0.569092
vt 0.266357 0.565674
vt 0.266602 0.568848
vt 0.306641 0.606689
vt 0.353271 0.622559
vt 0.327148 0.614990
vt 0.347412 0.608887
vt 0.341309 0.597412
vt 0.324951 0.600586
vt 0.321045 0.598877
vt 0.356201 0.625000
vt 0.320068 0.596191
vt 0.322754 0.592041
vt 0.339600 0.583008
vt 0.339355 0.588379
vt 0.306641 0.580811
vt 0.469971 0.893433
vt 0.485352 0.893188
vt 0.468262 0.894836
vt 0.469727 0.887024
vt 0.485840 0.889526
vt 0.484863 0.884277
vt 0.467041 0.883911
vt 0.470459 0.882080
vt 0.471436 0.875000
vt 0.487061 0.880859
vt 0.486572 0.879028
vt 0.466553 0.881653
vt 0.467773 0.873901
vt 0.462646 0.880249
vt 0.463867 0.874023
vt 0.464844 0.872314
vt 0.397217 0.738037
vt 0.396729 0.739258
vt 0.384521 0.739014
vt 0.399414 0.737549
vt 0.395752 0.688232
vt 0.400635 0.688965
vt 0.400635 0.737305
vt 0.395752 0.731934
vt 0.385498 0.730469
vt 0.392822 0.688232
vt 0.383545 0.731934
vt 0.385254 0.735840
vt 0.864258 0.171875
vt 0.873535 0.168457
vt 0.874023 0.173340
vt 0.865723 0.175781
vt 0.874512 0.166016
vt 0.864258 0.168945
vt 0.874023 0.164062
vt 0.862793 0.166992
vt 0.861328 0.161621
vt 0.871582 0.160156
vt 0.859863 0.162109
vt 0.859863 0.130371
vt 0.861816 0.129395
vt 0.866211 0.129395
vt 0.875977 0.165039
vt 0.874512 0.126953
vt 0.878418 0.159180
vt 0.879395 0.125488
vt 0.888672 0.156250
vt 0.880371 0.159180
vt 0.878418 0.164062
vt 0.642578 0.791138
vt 0.640625 0.791626
vt 0.644043 0.783936
vt 0.636719 0.790649
vt 0.643066 0.782837
vt 0.631836 0.790039
vt 0.639648 0.782104
vt 0.641602 0.781006
vt 0.640137 0.776001
vt 0.641602 0.770630
vt 0.640625 0.769409
vt 0.644531 0.769409
vt 0.645020 0.768066
vt 0.643066 0.760376
vt 0.645020 0.761230
vt 0.635254 0.775513
vt 0.638672 0.760498
vt 0.633301 0.760132
vt 0.635254 0.751343
vt 0.636230 0.743408
vt 0.639648 0.748779
vt 0.637695 0.743652
vt 0.630371 0.745605
vt 0.626465 0.745117
vt 0.626465 0.739258
vt 0.622559 0.723633
vt 0.630859 0.735352
vt 0.614746 0.729980
vt 0.631836 0.733398
vt 0.600098 0.714111
vt 0.604492 0.707764
vt 0.609375 0.709473
vt 0.589844 0.705811
vt 0.598145 0.716797
vt 0.586914 0.707275
vt 0.581543 0.704590
vt 0.586914 0.708740
vt 0.581543 0.708740
vt 0.585449 0.711426
vt 0.577148 0.726562
vt 0.595215 0.720215
vt 0.596680 0.717285
vt 0.616699 0.743896
vt 0.611328 0.732422
vt 0.623535 0.746094
vt 0.622559 0.747314
vt 0.610840 0.729980
vt 0.629395 0.761230
vt 0.625977 0.762085
vt 0.627441 0.775757
vt 0.631348 0.775146
vt 0.627441 0.788696
vt 0.628906 0.787842
vt 0.621582 0.802490
vt 0.619141 0.801392
vt 0.622559 0.792236
vt 0.612793 0.807007
vt 0.596191 0.824707
vt 0.607910 0.814697
vt 0.583008 0.835327
vt 0.592773 0.830078
vt 0.594727 0.830811
vt 0.583984 0.840210
vt 0.610352 0.816650
vt 0.598633 0.829590
vt 0.590332 0.839478
vt 0.578125 0.841797
vt 0.578125 0.840332
vt 0.583008 0.842529
vt 0.577148 0.837891
vt 0.586914 0.843506
vt 0.578613 0.844971
vt 0.597656 0.834839
vt 0.602051 0.840332
vt 0.613281 0.819824
vt 0.619141 0.825195
vt 0.603516 0.827881
vt 0.624023 0.804932
vt 0.624023 0.810303
vt 0.629395 0.814575
vt 0.621582 0.824707
vt 0.605957 0.839233
vt 0.628418 0.804443
vt 0.633789 0.806763
vt 0.632812 0.798828
vt 0.637207 0.802246
vt 0.636719 0.800537
vt 0.890137 0.722656
vt 0.888184 0.721436
vt 0.890137 0.717773
vt 0.914062 0.676514
vt 0.919434 0.710693
vt 0.917969 0.708984
vt 0.900391 0.718262
vt 0.899902 0.722656
vt 0.900879 0.715820
vt 0.889160 0.714844
vt 0.889648 0.708740
vt 0.899414 0.709717
vt 0.899414 0.713379
vt 0.888184 0.707031
vt 0.903809 0.714844
vt 0.900879 0.713379
vt 0.900879 0.708984
vt 0.900879 0.678223
vt 0.895996 0.677979
vt 0.907715 0.677734
vt 0.907227 0.708008
vt 0.895508 0.676758
vt 0.909180 0.677002
vt 0.908203 0.709961
vt 0.905762 0.713867
vt 0.912598 0.052246
vt 0.912109 0.058594
vt 0.907715 0.050781
vt 0.914062 0.037598
vt 0.900391 0.036621
vt 0.892578 0.025391
vt 0.913574 0.028809
vt 0.894043 0.016113
vt 0.914551 0.021973
vt 0.897461 0.010742
vt 0.915039 0.014648
vt 0.916992 0.006836
vt 0.888184 0.013672
vt 0.889160 0.004395
vt 0.893066 0.014160
vt 0.891113 0.024414
vt 0.888184 0.003906
vt 0.041748 0.943176
vt 0.048645 0.940155
vt 0.052765 0.968201
vt 0.050018 0.969055
vt 0.040253 0.942352
vt 0.060028 0.932068
vt 0.058777 0.928650
vt 0.060242 0.928528
vt 0.053497 0.935669
vt 0.052582 0.931702
vt 0.061615 0.934692
vt 0.062622 0.932495
vt 0.051361 0.936462
vt 0.054779 0.939240
vt 0.062012 0.939667
vt 0.058960 0.967407
vt 0.061127 0.967438
vt 0.063293 0.940796
vt 0.063721 0.968018
vt 0.063721 0.935730
vt 0.920898 0.171875
vt 0.921387 0.179199
vt 0.916992 0.173340
vt 0.906250 0.160156
vt 0.920410 0.159180
vt 0.917969 0.146973
vt 0.896973 0.150391
vt 0.908203 0.139648
vt 0.917969 0.137695
vt 0.916016 0.131836
vt 0.917969 0.126465
vt 0.895508 0.137207
vt 0.890137 0.127441
vt 0.895996 0.119141
vt 0.918457 0.119629
vt 0.899414 0.113770
vt 0.904297 0.104980
vt 0.917969 0.109375
vt 0.919922 0.097656
vt 0.907227 0.095703
vt 0.919922 0.080566
vt 0.921387 0.084961
vt 0.916016 0.083496
vt 0.920898 0.076172
vt 0.905273 0.095703
vt 0.895996 0.106445
vt 0.894531 0.107910
vt 0.891602 0.117676
vt 0.890137 0.119141
vt 0.888184 0.136719
vt 0.890137 0.137695
vt 0.894043 0.138184
vt 0.896973 0.147461
vt 0.895508 0.148926
vt 0.683594 0.586670
vt 0.671875 0.557129
vt 0.684570 0.586914
vt 0.667480 0.560059
vt 0.673340 0.590088
vt 0.666016 0.591797
vt 0.659668 0.560547
vt 0.665039 0.592041
vt 0.658203 0.560547
vt 0.654785 0.591797
vt 0.654297 0.559570
vt 0.665039 0.595703
vt 0.654785 0.595947
vt 0.654785 0.598633
vt 0.664062 0.598145
vt 0.671387 0.595459
vt 0.666992 0.594971
vt 0.666504 0.600342
vt 0.654785 0.600342
vt 0.655273 0.605713
vt 0.654297 0.605957
vt 0.666016 0.605713
vt 0.183594 0.969330
vt 0.181763 0.968445
vt 0.177612 0.952271
vt 0.178955 0.952271
vt 0.187256 0.949585
vt 0.189331 0.967804
vt 0.191162 0.945831
vt 0.193726 0.949463
vt 0.196411 0.966309
vt 0.202515 0.948242
vt 0.202515 0.966370
vt 0.203857 0.947662
vt 0.203857 0.965485
vt 0.201660 0.943146
vt 0.192139 0.943726
vt 0.200806 0.940399
vt 0.188721 0.945557
vt 0.198486 0.936829
vt 0.190308 0.939789
vt 0.199829 0.936218
vt 0.162598 0.848267
vt 0.176636 0.889221
vt 0.161865 0.849731
vt 0.178223 0.890076
vt 0.150513 0.911560
vt 0.150269 0.907715
vt 0.152222 0.911621
vt 0.166626 0.892761
vt 0.159180 0.850952
vt 0.161987 0.908020
vt 0.161133 0.902039
vt 0.148804 0.904846
vt 0.148193 0.901611
vt 0.159912 0.898926
vt 0.146851 0.903137
vt 0.156494 0.894409
vt 0.146606 0.895447
vt 0.164429 0.898560
vt 0.161011 0.899048
vt 0.157715 0.893921
vt 0.149414 0.852539
vt 0.146484 0.850952
vt 0.145264 0.851562
vt 0.145264 0.896851
vt 0.243896 0.844971
vt 0.239624 0.850464
vt 0.235352 0.852905
vt 0.231201 0.854126
vt 0.246948 0.839355
vt 0.248901 0.839600
vt 0.250000 0.836914
vt 0.255859 0.846313
vt 0.263672 0.852173
vt 0.274658 0.853149
vt 0.270508 0.854004
vt 0.276855 0.838501
vt 0.290039 0.841675
vt 0.270752 0.840454
vt 0.281494 0.850098
vt 0.298584 0.744873
vt 0.288818 0.748779
vt 0.284668 0.831665
vt 0.293457 0.839111
vt 0.291992 0.841064
vt 0.291992 0.832764
vt 0.294434 0.793091
vt 0.296875 0.849487
vt 0.309814 0.845825
vt 0.303467 0.856934
vt 0.305908 0.842407
vt 0.299805 0.854492
vt 0.300537 0.833130
vt 0.310059 0.840820
vt 0.313965 0.842407
vt 0.302002 0.833862
vt 0.304932 0.833984
vt 0.306396 0.833862
vt 0.318604 0.751099
vt 0.314697 0.843140
vt 0.321289 0.751099
vt 0.311523 0.749512
vt 0.305908 0.782959
vt 0.307861 0.749756
vt 0.303711 0.785400
vt 0.304199 0.796021
vt 0.306641 0.750122
vt 0.296143 0.790771
vt 0.298340 0.742676
vt 0.294434 0.805786
vt 0.305420 0.858154
vt 0.283447 0.831665
vt 0.271973 0.837158
vt 0.279785 0.831421
vt 0.284424 0.747559
vt 0.279053 0.830200
vt 0.262695 0.829712
vt 0.267090 0.836182
vt 0.283203 0.749268
vt 0.265625 0.748047
vt 0.265625 0.838989
vt 0.261475 0.830078
vt 0.257568 0.830688
vt 0.264160 0.746826
vt 0.259766 0.747314
vt 0.260498 0.746094
vt 0.250488 0.742920
vt 0.250244 0.801758
vt 0.248779 0.800171
vt 0.249023 0.822510
vt 0.241089 0.746338
vt 0.239624 0.830200
vt 0.233521 0.838135
vt 0.229980 0.835571
vt 0.235229 0.830444
vt 0.236084 0.819946
vt 0.236450 0.746338
vt 0.235229 0.805908
vt 0.226807 0.747559
vt 0.226074 0.836792
vt 0.226074 0.747070
vt 0.230103 0.840088
vt 0.198975 0.886658
vt 0.197266 0.886292
vt 0.191406 0.872925
vt 0.197266 0.867676
vt 0.202637 0.884827
vt 0.207520 0.882263
vt 0.202148 0.869629
vt 0.208130 0.865723
vt 0.212036 0.882446
vt 0.215088 0.882080
vt 0.200806 0.867920
vt 0.204834 0.861938
vt 0.189087 0.869385
vt 0.716309 0.247559
vt 0.729980 0.281250
vt 0.722168 0.284180
vt 0.731445 0.282227
vt 0.708496 0.297852
vt 0.709473 0.294434
vt 0.709961 0.298340
vt 0.717773 0.292969
vt 0.718262 0.296387
vt 0.708008 0.292480
vt 0.717285 0.290527
vt 0.708008 0.289551
vt 0.716309 0.287109
vt 0.706543 0.287109
vt 0.707520 0.286133
vt 0.714844 0.285156
vt 0.721191 0.287598
vt 0.708496 0.250488
vt 0.714844 0.249512
vt 0.719238 0.289551
vt 0.706543 0.249512
vt 0.708496 0.249023
vt 0.713867 0.248047
vt 0.458496 0.875366
vt 0.458496 0.878845
vt 0.421875 0.879761
vt 0.459229 0.880066
vt 0.412842 0.875427
vt 0.418457 0.883911
vt 0.413574 0.894104
vt 0.420166 0.884949
vt 0.421387 0.888367
vt 0.459961 0.890076
vt 0.411865 0.882690
vt 0.434814 0.899353
vt 0.430420 0.901855
vt 0.426025 0.912292
vt 0.417725 0.903076
vt 0.430420 0.905823
vt 0.435059 0.907593
vt 0.462891 0.901917
vt 0.448242 0.911255
vt 0.448975 0.915039
vt 0.443359 0.924377
vt 0.435791 0.920898
vt 0.441406 0.925110
vt 0.453369 0.916504
vt 0.476074 0.920715
vt 0.482422 0.925354
vt 0.459961 0.926392
vt 0.477539 0.920166
vt 0.465576 0.908936
vt 0.466064 0.907043
vt 0.462158 0.899048
vt 0.459229 0.887207
vt 0.432129 0.867798
vt 0.428955 0.862915
vt 0.434570 0.847900
vt 0.424805 0.856201
vt 0.434814 0.859985
vt 0.442139 0.843750
vt 0.447998 0.856201
vt 0.437012 0.843994
vt 0.440430 0.841431
vt 0.450684 0.841919
vt 0.477539 0.842896
vt 0.477539 0.841187
vt 0.482422 0.841187
vt 0.476318 0.847168
vt 0.465332 0.858276
vt 0.465576 0.860107
vt 0.451172 0.851318
vt 0.447754 0.852905
vt 0.462891 0.866333
vt 0.463135 0.864136
vt 0.461670 0.868042
vt 0.459961 0.874268
vt 0.771484 0.955383
vt 0.773438 0.956360
vt 0.772949 0.970215
vt 0.768066 0.970078
vt 0.767090 0.956116
vt 0.764160 0.965698
vt 0.758789 0.960175
vt 0.761719 0.954620
vt 0.751953 0.953644
vt 0.754395 0.964508
vt 0.750977 0.954926
vt 0.753418 0.970657
vt 0.767578 0.974030
vt 0.754395 0.974136
vt 0.767578 0.978683
vt 0.753418 0.979965
vt 0.769531 0.971954
vt 0.769531 0.979370
vt 0.768555 0.981110
vt 0.763672 0.984489
vt 0.757812 0.989761
vt 0.751953 0.987915
vt 0.768555 0.995071
vt 0.763672 0.994263
vt 0.757812 0.996094
vt 0.750977 0.995930
vt 0.772949 0.980621
vt 0.772461 0.995514
vt 0.770508 0.971680
vt 0.987305 0.170898
vt 0.985352 0.167969
vt 0.987305 0.168457
vt 0.987305 0.157227
vt 0.989258 0.157227
vt 0.989258 0.166504
vt 0.987305 0.166504
vt 0.989258 0.180664
vt 0.986816 0.181152
vt 0.982910 0.172363
vt 0.982910 0.181641
vt 0.964844 0.179688
vt 0.966309 0.172363
vt 0.965820 0.165527
vt 0.983398 0.165527
vt 0.965332 0.159180
vt 0.983398 0.157227
vt 0.985352 0.155762
vt 0.903320 0.415527
vt 0.899414 0.415527
vt 0.901855 0.414062
vt 0.906250 0.420898
vt 0.900391 0.424316
vt 0.896973 0.411133
vt 0.898438 0.426758
vt 0.891602 0.413574
vt 0.896484 0.425781
vt 0.894043 0.428223
vt 0.888184 0.415527
vt 0.891602 0.429199
vt 0.884766 0.417480
vt 0.891113 0.432617
vt 0.843750 0.450684
vt 0.893555 0.451660
vt 0.894531 0.443848
vt 0.895020 0.460938
vt 0.897461 0.443359
vt 0.897949 0.460938
vt 0.900391 0.471680
vt 0.900879 0.442383
vt 0.895508 0.482422
vt 0.892090 0.479492
vt 0.889648 0.494629
vt 0.893066 0.495605
vt 0.889648 0.499512
vt 0.892090 0.502686
vt 0.897461 0.495117
vt 0.886230 0.498047
vt 0.900391 0.483887
vt 0.906738 0.484863
vt 0.898438 0.496582
vt 0.911621 0.462402
vt 0.909668 0.480957
vt 0.902344 0.461426
vt 0.904785 0.447754
vt 0.911621 0.448242
vt 0.902832 0.440918
vt 0.904785 0.440918
vt 0.910645 0.437500
vt 0.903320 0.433594
vt 0.909180 0.432129
vt 0.905273 0.431641
vt 0.904297 0.431641
vt 0.902344 0.424805
vt 0.792480 0.891174
vt 0.798340 0.885498
vt 0.796875 0.891846
vt 0.786621 0.891479
vt 0.791504 0.883911
vt 0.788574 0.879639
vt 0.791992 0.876648
vt 0.785156 0.848022
vt 0.788086 0.862671
vt 0.797363 0.861694
vt 0.797852 0.876099
vt 0.784668 0.840942
vt 0.791504 0.839111
vt 0.793945 0.841919
vt 0.798340 0.860474
vt 0.781250 0.828247
vt 0.779785 0.825195
vt 0.776855 0.828857
vt 0.780273 0.842285
vt 0.773438 0.830566
vt 0.773438 0.825439
vt 0.770020 0.827515
vt 0.775391 0.822266
vt 0.730957 0.877197
vt 0.772949 0.907166
vt 0.779785 0.886353
vt 0.779785 0.857422
vt 0.781250 0.880859
vt 0.783691 0.862549
vt 0.784668 0.880920
vt 0.784668 0.899292
vt 0.781738 0.896118
vt 0.778809 0.895508
vt 0.780273 0.911072
vt 0.776855 0.909241
vt 0.785645 0.912659
vt 0.788574 0.908752
vt 0.794434 0.902100
vt 0.791992 0.909058
vt 0.789551 0.899658
vt 0.791504 0.892578
vt 0.976562 0.141602
vt 0.971191 0.105469
vt 0.977539 0.141602
vt 0.975586 0.146484
vt 0.976562 0.146973
vt 0.973633 0.151367
vt 0.966309 0.145996
vt 0.968750 0.142578
vt 0.964844 0.146973
vt 0.964844 0.106445
vt 0.968750 0.109375
vt 0.968750 0.105469
vt 0.970215 0.106934
vt 0.899902 0.939941
vt 0.900879 0.938599
vt 0.910645 0.965454
vt 0.909180 0.965302
vt 0.891113 0.979294
vt 0.889648 0.979630
vt 0.889648 0.976089
vt 0.898438 0.974472
vt 0.898438 0.977371
vt 0.897949 0.972183
vt 0.889160 0.974121
vt 0.889160 0.972015
vt 0.901855 0.967896
vt 0.900391 0.970795
vt 0.895996 0.968353
vt 0.888184 0.968384
vt 0.891602 0.941315
vt 0.897461 0.940460
vt 0.888184 0.941284
vt 0.074890 0.889038
vt 0.077454 0.874023
vt 0.087097 0.900818
vt 0.070801 0.888000
vt 0.061035 0.881165
vt 0.075195 0.872070
vt 0.079041 0.870972
vt 0.080505 0.869507
vt 0.082458 0.870117
vt 0.080505 0.866089
vt 0.086304 0.872559
vt 0.087646 0.853394
vt 0.084717 0.872559
vt 0.099121 0.896484
vt 0.094604 0.897583
vt 0.095825 0.859863
vt 0.098999 0.855835
vt 0.099121 0.848267
vt 0.091187 0.849976
vt 0.085083 0.853394
vt 0.079285 0.857422
vt 0.073242 0.863647
vt 0.064148 0.875549
vt 0.070679 0.892212
vt 0.078003 0.904602
vt 0.063354 0.918213
vt 0.060455 0.891479
vt 0.068359 0.915527
vt 0.061920 0.923157
vt 0.079773 0.905029
vt 0.781250 0.245117
vt 0.794434 0.256348
vt 0.792480 0.257324
vt 0.775879 0.240234
vt 0.777344 0.263184
vt 0.776855 0.278320
vt 0.775391 0.279297
vt 0.786133 0.269531
vt 0.776367 0.281250
vt 0.786621 0.273926
vt 0.790527 0.273438
vt 0.780273 0.287109
vt 0.789062 0.297363
vt 0.797363 0.305664
vt 0.794434 0.288086
vt 0.801758 0.259766
vt 0.796387 0.292480
vt 0.803223 0.261719
vt 0.800781 0.290039
vt 0.810547 0.264160
vt 0.814941 0.265137
vt 0.811523 0.301758
vt 0.812988 0.301270
vt 0.815918 0.266113
vt 0.814453 0.305176
vt 0.814941 0.313477
vt 0.815918 0.307129
vt 0.804688 0.310059
vt 0.810059 0.312500
vt 0.019424 0.050293
vt 0.019424 0.116699
vt 0.018234 0.124023
vt 0.016647 0.051270
vt 0.015343 0.050781
vt 0.009232 0.054199
vt 0.016190 0.114746
vt 0.007656 0.051758
vt 0.014053 0.108398
vt 0.003906 0.051270
vt 0.013794 0.114746
vt 0.014542 0.124512
vt 0.015533 0.122070
vt 0.846680 0.003906
vt 0.848145 0.003906
vt 0.846191 0.005371
vt 0.851074 0.008789
vt 0.852051 0.006348
vt 0.848633 0.019531
vt 0.837402 0.015137
vt 0.853516 0.011230
vt 0.856934 0.011719
vt 0.858398 0.016113
vt 0.860352 0.010254
vt 0.857910 0.009766
vt 0.861816 0.011719
vt 0.860352 0.026367
vt 0.860352 0.015625
vt 0.864746 0.018555
vt 0.850098 0.021484
vt 0.880859 0.028320
vt 0.871582 0.037109
vt 0.863281 0.029785
vt 0.884277 0.058594
vt 0.880859 0.049805
vt 0.886230 0.056641
vt 0.887207 0.063965
vt 0.887207 0.060547
vt 0.866699 0.046875
vt 0.889160 0.060547
vt 0.887207 0.082520
vt 0.868652 0.070801
vt 0.874023 0.069336
vt 0.864258 0.053223
vt 0.874512 0.074219
vt 0.883789 0.105957
vt 0.863770 0.088867
vt 0.873535 0.099121
vt 0.884766 0.113770
vt 0.885742 0.109863
vt 0.863281 0.046875
vt 0.863281 0.050781
vt 0.853027 0.082031
vt 0.858398 0.084961
vt 0.861816 0.044922
vt 0.861816 0.041016
vt 0.860352 0.044434
vt 0.854980 0.046875
vt 0.844238 0.077148
vt 0.837402 0.075684
vt 0.835938 0.074219
vt 0.841309 0.030273
vt 0.835938 0.024902
vt 0.842773 0.004395
vt 0.887695 0.049316
vt 0.886230 0.033691
vt 0.867676 0.016113
vt 0.750000 0.750000
vt 0.750000 0.812500
vt 0.718750 0.812500
vt 0.718750 0.750000
vt 0.750000 0.875000
vt 0.718750 0.875000
vt 0.781250 0.750000
vt 0.781250 0.812500
vt 0.781250 0.875000
vt 0.750000 0.937500
vt 0.718750 0.937500
vt 0.781250 0.937500
vt 0.812500 0.875000
vt 0.812500 0.937500
vt 0.812500 0.812500
vt 0.843750 0.875000
vt 0.843750 0.937500
vt 0.843750 0.812500
vt 0.875000 0.875000
vt 0.875000 0.937500
vt 0.875000 0.812500
vt 0.906250 0.812500
vt 0.906250 0.875000
vt 0.906250 0.937500
vt 0.875000 0.750000
vt 0.843750 0.750000
vt 0.906250 0.750000
vt 0.937500 0.812500
vt 0.937500 0.875000
vt 0.937500 0.750000
vt 0.968750 0.812500
vt 0.968750 0.875000
vt 0.968750 0.750000
vt 1.000000 0.812500
vt 1.000000 0.875000
vt 1.000000 0.750000
vt 0.031250 0.812500
vt 0.031250 0.875000
vt 0.000000 0.875000
vt 0.000000 0.812500
vt -0.268306 0.757813
vt -0.268306 0.820313
vt -0.375832 0.820313
vt -0.375832 0.757813
vt -0.160780 0.820313
vt -0.160780 0.882812
vt -0.268306 0.882813
vt -0.160780 0.757813
vt -0.053254 0.820313
vt -0.053254 0.882812
vt -0.053254 0.757813
vt 0.054271 0.820313
vt 0.054272 0.882812
vt 0.054272 0.757813
vt 0.161797 0.757813
vt 0.161797 0.820313
vt 0.161797 0.882812
vt 0.054271 0.695313
vt -0.053254 0.695313
vt 0.161797 0.695313
vt 0.269323 0.757813
vt 0.269323 0.820313
vt 0.269323 0.695313
vt 0.376849 0.757813
vt 0.376849 0.820313
vt 0.376849 0.695313
vt 0.484375 0.757813
vt 0.484375 0.820313
vt 0.484375 0.695313
vt 0.591901 0.757813
vt 0.591901 0.820313
vt 0.591901 0.695313
vt 0.699427 0.757813
vt 0.699427 0.820313
vt 0.699427 0.695313
vt 0.806953 0.757813
vt 0.806953 0.820313
vt 0.806953 0.695313
vt 0.914478 0.695313
vt 0.914478 0.757813
vt 0.914478 0.820313
vt 0.806953 0.632813
vt 0.699427 0.632813
vt 0.914478 0.632813
vt 1.022004 0.695313
vt 1.022004 0.757813
vt 1.022004 0.632813
vt 1.129530 0.695313
vt 1.129530 0.757813
vt 1.129530 0.632813
vt 1.237056 0.695313
vt 1.237056 0.757813
vt 1.237056 0.632813
vt 1.344582 0.695313
vt 1.344582 0.757813
vt 1.344582 0.632813
vt 0.531250 0.687500
vt 0.531250 0.750000
vt 0.500000 0.750000
vt 0.500000 0.687500
vt 0.531250 0.625000
vt 0.500000 0.625000
vt 0.562500 0.687500
vt 0.562500 0.750000
vt 0.562500 0.625000
vt 0.593750 0.687500
vt 0.593750 0.750000
vt 0.593750 0.625000
vt 0.562500 0.562500
vt 0.531250 0.562500
vt 0.593750 0.562500
vt 0.625000 0.562500
vt 0.625000 0.625000
vt 0.625000 0.687500
vt 0.656250 0.625000
vt 0.656250 0.687500
vt 0.656250 0.562500
vt 0.687500 0.625000
vt 0.687500 0.687500
vt 0.687500 0.562500
vt 0.718750 0.625000
vt 0.718750 0.687500
vt 0.718750 0.562500
vt 0.750000 0.625000
vt 0.750000 0.687500
vt 0.750000 0.562500
vt 0.781250 0.562500
vt 0.781250 0.625000
vt 0.781250 0.687500
vt 0.781250 0.500000
vt 0.750000 0.500000
vt 0.718750 0.500000
vt 0.750000 0.437500
vt 0.718750 0.437500
vt 0.781250 0.437500
vt 0.781250 0.375000
vt 0.750000 0.375000
vt 0.718750 0.375000
vt 0.687500 0.500000
vt 0.687500 0.437500
vt 0.687500 0.375000
vt 0.718750 0.312500
vt 0.687500 0.312500
vt 0.750000 0.312500
vt 0.656250 0.437500
vt 0.656250 0.375000
vt 0.656250 0.312500
vt 0.625000 0.437500
vt 0.625000 0.375000
vt 0.625000 0.312500
vt 0.593750 0.437500
vt 0.593750 0.375000
vt 0.593750 0.312500
vt 0.562500 0.437500
vt 0.562500 0.375000
vt 0.562500 0.312500
vt 0.531250 0.437500
vt 0.531250 0.375000
vt 0.531250 0.312500
vt 0.562500 0.250000
vt 0.531250 0.250000
vt 0.593750 0.250000
vt 0.500000 0.375000
vt 0.500000 0.312500
vt 0.500000 0.250000
vt 0.531250 0.187500
vt 0.500000 0.187500
vt 0.562500 0.187500
vt 0.531250 0.125000
vt 0.500000 0.125000
vt 0.562500 0.125000
vt 0.593750 0.187500
vt 0.593750 0.125000
vt 0.593750 0.062500
vt 0.562500 0.062500
vt 0.531250 0.062500
vt 0.578125 0.000000
vt 0.546875 0.000000
vt 0.515625 0.000000
vt 0.500000 0.062500
vt 0.468750 0.125000
vt 0.468750 0.062500
vt 0.484375 0.000000
vt 0.437500 0.125000
vt 0.437500 0.062500
vt 0.453125 0.000000
vt 1.129530 0.070312
vt 1.129530 0.132812
vt 1.022004 0.132812
vt 1.022004 0.070312
vt 0.421875 0.000000
vt 0.406250 0.062500
vt 0.914478 0.132812
vt 0.914478 0.070312
vt 0.390625 0.000000
vt 0.375000 0.062500
vt 0.806953 0.132812
vt 0.806953 0.070312
vt 0.359375 0.000000
vt 0.343750 0.062500
vt 0.699427 0.132812
vt 0.699427 0.070312
vt 0.328125 0.000000
vt 0.312500 0.062500
vt 0.591901 0.132812
vt 0.591901 0.070312
vt 0.296875 0.000000
vt 0.281250 0.062500
vt 0.265625 0.000000
vt 0.250000 0.062500
vt 0.484375 0.132812
vt 0.484375 0.070312
vt 0.699427 0.195312
vt 0.591901 0.195312
vt 0.484375 0.195312
vt 0.376849 0.195312
vt 0.376849 0.132812
vt 0.376849 0.070312
vt 0.269323 0.195312
vt 0.269323 0.132812
vt 0.269323 0.070312
vt 0.161797 0.195312
vt 0.161797 0.132812
vt 0.161797 0.070312
vt 0.054271 0.195312
vt 0.054272 0.132812
vt 0.054272 0.070312
vt 0.140625 0.000000
vt 0.156250 0.062500
vt 0.125000 0.062500
vt 0.171875 0.000000
vt 0.187500 0.062500
vt -0.053254 0.132812
vt -0.053254 0.070312
vt 0.109375 0.000000
vt 0.093750 0.062500
vt -0.160780 0.132812
vt -0.160780 0.070312
vt 0.078125 0.000000
vt 0.062500 0.062500
vt -0.268306 0.132812
vt -0.268306 0.070312
vt 0.046875 0.000000
vt 0.031250 0.062500
vt 0.031250 0.125000
vt 0.000000 0.125000
vt 0.000000 0.062500
vt 0.015625 0.000000
vt 0.984375 0.000000
vt 1.000000 0.062500
vt 0.968750 0.062500
vt 1.000000 0.125000
vt 0.968750 0.125000
vt 0.031250 0.187500
vt 0.000000 0.187500
vt 1.000000 0.187500
vt 0.968750 0.187500
vt 0.937500 0.187500
vt 0.937500 0.125000
vt 0.937500 0.062500
vt 0.906250 0.187500
vt 0.906250 0.125000
vt 0.906250 0.062500
vt 0.875000 0.187500
vt 0.875000 0.125000
vt 0.875000 0.062500
vt 0.843750 0.187500
vt 0.843750 0.125000
vt 0.843750 0.062500
vt 0.812500 0.187500
vt 0.812500 0.125000
vt 0.812500 0.062500
vt 0.781250 0.187500
vt 0.781250 0.125000
vt 0.781250 0.062500
vt 0.750000 0.125000
vt 0.750000 0.062500
vt 0.750000 0.187500
vt 0.812500 0.250000
vt 0.781250 0.250000
vt 0.750000 0.250000
vt 0.718750 0.187500
vt 0.718750 0.125000
vt 0.718750 0.250000
vt 0.781250 0.312500
vt 0.812500 0.312500
vt 0.812500 0.375000
vt 0.843750 0.312500
vt 0.843750 0.375000
vt 0.843750 0.250000
vt 0.875000 0.250000
vt 0.875000 0.312500
vt 0.875000 0.375000
vt 0.906250 0.250000
vt 0.906250 0.312500
vt 0.937500 0.250000
vt 0.937500 0.312500
vt 0.968750 0.250000
vt 0.968750 0.312500
vt 1.000000 0.250000
vt 1.000000 0.312500
vt -0.268306 0.257812
vt -0.268306 0.320312
vt -0.375832 0.320312
vt -0.375832 0.257812
vt 0.031250 0.250000
vt 0.000000 0.250000
vt -0.160780 0.257812
vt -0.160780 0.320312
vt -0.160780 0.195312
vt -0.268306 0.195312
vt -0.053254 0.195312
vt -0.053254 0.257812
vt -0.053254 0.320312
vt 0.054272 0.257812
vt 0.161797 0.257812
vt 0.054271 0.320312
vt 0.161797 0.320312
vt 0.161797 0.382812
vt 0.054272 0.382812
vt -0.053254 0.382812
vt -0.160780 0.382812
vt -0.053254 0.445312
vt -0.160780 0.445312
vt 0.054271 0.445312
vt -0.268306 0.445312
vt -0.268306 0.382812
vt -0.375832 0.445312
vt -0.375832 0.382812
vt 1.000000 0.375000
vt 1.000000 0.437500
vt 0.968750 0.437500
vt 0.968750 0.375000
vt 0.937500 0.437500
vt 0.937500 0.375000
vt 0.906250 0.437500
vt 0.906250 0.375000
vt 0.875000 0.437500
vt 0.937500 0.500000
vt 0.906250 0.500000
vt 0.875000 0.500000
vt 0.843750 0.500000
vt 0.843750 0.437500
vt 0.812500 0.500000
vt 0.812500 0.437500
vt 0.812500 0.562500
vt 0.843750 0.562500
vt 0.812500 0.625000
vt 0.843750 0.625000
vt 0.875000 0.562500
vt 0.875000 0.625000
vt 0.906250 0.562500
vt 0.906250 0.625000
vt 0.937500 0.562500
vt 0.937500 0.625000
vt 0.968750 0.562500
vt 0.968750 0.625000
vt 0.968750 0.500000
vt 1.000000 0.500000
vt 1.000000 0.562500
vt 1.000000 0.625000
vt -0.268306 0.507812
vt -0.268306 0.570312
vt -0.375832 0.570312
vt -0.375832 0.507812
vt -0.160780 0.507812
vt -0.160780 0.570312
vt -0.053254 0.507812
vt -0.053254 0.570312
vt 0.054271 0.507812
vt 0.054271 0.570312
vt 0.161797 0.507812
vt 0.161797 0.570312
vt 0.161797 0.445312
vt 0.269323 0.507812
vt 0.269323 0.570312
vt 0.269323 0.445312
vt 0.376849 0.507812
vt 0.376849 0.570312
vt 0.376849 0.445312
vt 0.484375 0.445312
vt 0.484375 0.507812
vt 0.484375 0.570312
vt 0.376849 0.382812
vt 0.269323 0.382812
vt 0.484375 0.382812
vt 0.591901 0.445312
vt 0.591901 0.507812
vt 0.591901 0.382812
vt 0.699427 0.445312
vt 0.699427 0.507812
vt 0.699427 0.382812
vt 0.806953 0.445312
vt 0.806952 0.507812
vt 0.806953 0.382812
vt 0.914478 0.445312
vt 0.914478 0.507812
vt 0.914478 0.382812
vt 1.022004 0.445312
vt 1.022004 0.507812
vt 1.022004 0.382812
vt 1.129530 0.445312
vt 1.129530 0.507812
vt 1.129530 0.382812
vt 1.237056 0.382812
vt 1.237056 0.445312
vt 1.237056 0.507812
vt 1.129530 0.320312
vt 1.022004 0.320312
vt 1.237056 0.320312
vt 1.344582 0.382812
vt 1.344582 0.445312
vt 1.344582 0.320312
vt 0.500000 0.437500
vt 1.344582 0.507812
vt 0.531250 0.500000
vt 0.562500 0.500000
vt 0.500000 0.562500
vt 0.593750 0.500000
vt 0.625000 0.500000
vt 0.656250 0.500000
vt 1.344582 0.570312
vt 1.237056 0.570312
vt 1.129530 0.570312
vt 1.022004 0.570312
vt 0.914478 0.570312
vt 0.806953 0.570312
vt 0.699427 0.570312
vt 0.591901 0.632813
vt 0.591901 0.570312
vt 0.484375 0.632813
vt 0.376849 0.632813
vt 0.269323 0.632813
vt 0.161797 0.632813
vt 0.054272 0.632813
vt -0.053254 0.632813
vt -0.160780 0.695313
vt -0.160780 0.632813
vt -0.268306 0.695313
vt -0.268306 0.632813
vt -0.375832 0.632813
vt -0.375832 0.695313
vt 1.000000 0.687500
vt 0.968750 0.687500
vt 0.937500 0.687500
vt 0.906250 0.687500
vt 0.875000 0.687500
vt 0.843750 0.687500
vt 0.812500 0.750000
vt 0.812500 0.687500
vt 1.237056 0.257812
vt 1.129530 0.257812
vt 0.468750 0.312500
vt 0.468750 0.250000
vt 1.237056 0.195312
vt 1.129530 0.195312
vt 0.468750 0.187500
vt 1.022004 0.257812
vt 1.022004 0.195312
vt 0.914478 0.320312
vt 0.914478 0.257812
vt 0.914478 0.195312
vt 0.806953 0.257812
vt 0.806953 0.195312
vt 0.806953 0.320312
vt 0.699427 0.320312
vt 0.699427 0.257812
vt 0.591901 0.320312
vt 0.591901 0.257812
vt 0.484375 0.320312
vt 0.484375 0.257812
vt 0.376849 0.320312
vt 0.376849 0.257812
vt 0.269323 0.320312
vt 0.269323 0.257812
vt 1.237056 0.132812
vt 0.687500 0.250000
vt 0.687500 0.187500
vt 0.656250 0.250000
vt 0.656250 0.187500
vt 0.625000 0.250000
vt 0.625000 0.187500
vt 0.656250 0.125000
vt 0.625000 0.125000
vt 0.687500 0.125000
vt 0.656250 0.062500
vt 0.625000 0.062500
vt 0.687500 0.062500
vt 0.718750 0.062500
vt 0.734375 0.000000
vt 0.703125 0.000000
vt 0.765625 0.000000
vt 0.671875 0.000000
vt 0.640625 0.000000
vt 0.609375 0.000000
vt 0.796875 0.000000
vt 0.828125 0.000000
vt 0.859375 0.000000
vt 0.890625 0.000000
vt 0.921875 0.000000
vt 0.953125 0.000000
vt 0.203125 0.000000
vt 0.218750 0.062500
vt 0.234375 0.000000
vt 0.687500 0.750000
vt 0.687500 0.812500
vt 0.656250 0.812500
vt 0.656250 0.750000
vt 0.625000 0.812500
vt 0.625000 0.750000
vt 0.687500 0.875000
vt 0.656250 0.875000
vt 0.625000 0.875000
vt 0.593750 0.875000
vt 0.593750 0.812500
vt 0.562500 0.875000
vt 0.562500 0.812500
vt 0.531250 0.875000
vt 0.531250 0.812500
vt 0.500000 0.875000
vt 0.500000 0.812500
vt 0.468750 0.875000
vt 0.468750 0.812500
vt 0.468750 0.750000
vt 1.237056 0.820312
vt 1.237056 0.882812
vt 1.129530 0.882812
vt 1.129530 0.820313
vt 1.022004 0.882812
vt 1.022004 0.820313
vt 0.914478 0.882812
vt 1.129530 0.945313
vt 1.022004 0.945313
vt 0.914478 0.945313
vt 0.806953 0.945313
vt 0.806953 0.882812
vt 0.699427 0.945313
vt 0.699427 0.882812
vt 0.591901 0.945313
vt 0.591901 0.882812
vt 0.484375 0.945313
vt 0.484375 0.882812
vt 0.376849 0.945313
vt 0.376849 0.882812
vt 0.269323 0.945313
vt 0.269323 0.882812
vt 0.161797 0.945313
vt 0.323086 1.007812
vt 0.215560 1.007812
vt 0.108035 1.007812
vt 0.054272 0.945313
vt 0.000509 1.007812
vt -0.053254 0.945313
vt 0.093750 0.937500
vt 0.078125 1.000000
vt 0.062500 0.937500
vt -0.160780 0.945313
vt 0.046875 1.000000
vt 0.031250 0.937500
vt -0.268306 0.945313
vt 0.015625 1.000000
vt 0.000000 0.937500
vt 1.000000 0.937500
vt 0.984375 1.000000
vt 0.968750 0.937500
vt 0.937500 0.937500
vt 0.953125 1.000000
vt 0.921875 1.000000
vt 0.890625 1.000000
vt 0.531250 0.937500
vt 0.515625 1.000000
vt 0.500000 0.937500
vt 0.562500 0.937500
vt 0.546875 1.000000
vt 0.437500 0.937500
vt 0.421875 1.000000
vt 0.406250 0.937500
vt 0.468750 0.937500
vt 0.453125 1.000000
vt 0.390625 1.000000
vt 0.375000 0.937500
vt 0.281250 0.937500
vt 0.265625 1.000000
vt 0.250000 0.937500
vt 0.312500 0.937500
vt 0.296875 1.000000
vt 0.234375 1.000000
vt 0.218750 0.937500
vt 0.343750 0.937500
vt 0.328125 1.000000
vt 0.359375 1.000000
vt 0.859375 1.000000
vt 0.765625 1.000000
vt 0.734375 1.000000
vt 0.796875 1.000000
vt 0.828125 1.000000
vt 0.593750 0.937500
vt 0.578125 1.000000
vt 0.484375 1.000000
vt 0.625000 0.937500
vt 0.609375 1.000000
vt 0.656250 0.937500
vt 0.640625 1.000000
vt 0.687500 0.937500
vt 0.671875 1.000000
vt 0.703125 1.000000
vt 1.237056 0.945313
s 0
usemtl Material.002
f 9/21/2 10/22/2 12/23/2 11/24/2
f 11/25/6 12/26/6 16/27/6 15/28/6
f 15/2/4 16/13/4 14/14/4 13/3/4
f 13/9/3 14/10/3 10/11/3 9/12/3
f 11/1/1 15/2/1 13/3/1 9/4/1
f 16/13/5 12/15/5 10/16/5 14/14/5
s 1
usemtl Material.005
f 19/29/7 17/30/8 18/31/9
f 19/29/7 18/31/9 20/32/10
f 21/33/11 19/29/7 20/32/10
f 21/33/11 20/32/10 22/34/12
f 21/33/11 22/34/12 23/35/13
f 24/36/14 21/33/11 23/35/13
f 24/36/14 25/37/15 21/33/11
f 26/38/16 25/37/15 24/36/14
f 27/39/17 26/38/16 24/36/14
f 29/40/18 27/39/17 28/41/19
f 27/39/17 24/36/14 28/41/19
f 30/42/20 27/39/17 29/40/18
f 30/42/20 31/43/21 32/44/22
f 31/43/21 30/42/20 29/40/18
f 32/44/22 31/43/21 33/45/23
f 34/46/24 32/44/22 33/45/23
f 32/44/22 34/46/24 35/47/25
f 34/46/24 36/48/26 35/47/25
f 37/49/27 35/47/25 36/48/26
f 38/50/28 36/48/26 34/46/24
f 41/51/29 38/50/28 33/45/23
f 38/50/28 34/46/24 33/45/23
f 39/52/30 38/50/28 41/51/29
f 40/53/31 38/50/28 39/52/30
f 43/54/32 41/51/29 33/45/23
f 41/51/29 42/55/33 39/52/30
f 41/51/29 43/54/32 42/55/33
f 43/54/32 33/45/23 45/56/34
f 43/54/32 45/56/34 44/57/35
f 43/54/32 44/57/35 42/55/33
f 45/56/34 33/45/23 48/58/36
f 44/57/35 45/56/34 46/59/37
f 46/59/37 45/56/34 47/60/38
f 47/60/38 45/56/34 48/58/36
f 33/45/23 49/61/39 48/58/36
f 49/61/39 33/45/23 50/62/40
f 50/62/40 33/45/23 54/63/41
f 50/62/40 51/64/42 52/65/43
f 50/62/40 54/63/41 51/64/42
f 53/66/44 50/62/40 52/65/43
f 31/43/21 23/35/13 54/63/41
f 54/63/41 23/35/13 55/67/45
f 56/68/46 54/63/41 55/67/45
f 33/45/23 31/43/21 54/63/41
f 23/35/13 57/69/47 55/67/45
f 23/35/13 58/70/48 57/69/47
f 57/69/47 58/70/48 59/71/49
f 58/70/48 60/72/50 59/71/49
f 58/70/48 22/34/12 60/72/50
f 60/72/50 22/34/12 61/73/51
f 22/34/12 58/70/48 23/35/13
f 62/74/52 39/52/30 42/55/33
f 31/43/21 28/41/19 23/35/13
f 31/43/21 29/40/18 28/41/19
f 28/41/19 24/36/14 23/35/13
f 63/75/53 66/76/54 64/77/55
f 65/78/56 63/79/53 64/77/55
f 67/80/57 66/76/54 68/81/58
f 67/80/57 64/77/55 66/76/54
f 66/76/54 69/82/59 68/81/58
f 70/83/60 69/82/59 66/76/54
f 70/83/60 71/84/61 69/82/59
f 72/85/62 69/82/59 71/84/61
f 69/82/59 72/85/62 73/86/63
f 73/86/63 74/87/64 69/82/59
f 74/87/64 75/88/65 69/82/59
f 69/82/59 75/88/65 68/81/58
f 75/88/65 76/89/66 68/81/58
f 77/90/67 68/81/58 76/89/66
f 78/91/68 67/80/57 68/81/58
f 78/91/68 68/81/58 79/92/69
f 79/92/69 68/81/58 80/93/70
f 88/94/71 79/92/69 80/93/70
f 82/95/72 80/93/70 81/96/73
f 83/97/74 80/93/70 82/95/72
f 84/98/75 80/93/70 83/97/74
f 85/99/76 80/93/70 84/98/75
f 85/99/76 86/100/77 80/93/70
f 87/101/78 80/93/70 86/100/77
f 87/101/78 88/94/71 80/93/70
f 88/94/71 87/101/78 92/102/79
f 89/103/80 79/92/69 88/94/71
f 90/104/81 89/103/80 88/94/71
f 90/104/81 88/94/71 91/105/82
f 91/105/82 88/94/71 92/102/79
f 87/101/78 78/91/68 92/102/79
f 93/106/83 92/102/79 78/91/68
f 93/106/83 95/107/84 92/102/79
f 92/102/79 94/108/85 91/105/82
f 95/107/84 94/108/85 92/102/79
f 97/109/86 94/108/85 95/107/84
f 98/110/87 95/107/84 96/111/88
f 93/106/83 96/111/88 95/107/84
f 97/109/86 95/107/84 99/112/89
f 98/110/87 99/112/89 95/107/84
f 100/113/90 101/114/91 99/112/89
f 98/110/87 100/113/90 99/112/89
f 101/114/91 97/109/86 99/112/89
f 101/114/91 100/113/90 102/115/92
f 101/114/91 103/116/93 97/109/86
f 102/115/92 103/116/93 101/114/91
f 104/117/94 97/109/86 103/116/93
f 103/116/93 105/118/95 104/117/94
f 106/119/96 103/116/93 102/115/92
f 107/120/97 105/118/95 103/116/93
f 107/120/97 103/116/93 106/119/96
f 108/121/98 105/118/95 107/120/97
f 108/121/98 107/120/97 106/119/96
f 109/122/99 105/118/95 108/121/98
f 106/119/96 110/123/100 108/121/98
f 110/123/100 109/122/99 108/121/98
f 110/123/100 106/119/96 111/124/101
f 110/123/100 111/124/101 109/122/99
f 112/125/102 111/124/101 106/119/96
f 111/124/101 112/125/102 105/118/95
f 111/124/101 105/118/95 109/122/99
f 112/125/102 114/126/103 105/118/95
f 106/119/96 102/115/92 112/125/102
f 112/125/102 113/127/104 114/126/103
f 102/115/92 113/127/104 112/125/102
f 113/127/104 115/128/105 114/126/103
f 114/126/103 115/128/105 104/117/94
f 114/126/103 104/117/94 105/118/95
f 115/128/105 113/127/104 116/129/106
f 115/128/105 116/129/106 104/117/94
f 104/117/94 116/129/106 94/108/85
f 116/129/106 90/104/81 94/108/85
f 96/111/88 116/129/106 113/127/104
f 93/106/83 116/129/106 96/111/88
f 93/106/83 90/104/81 116/129/106
f 113/127/104 102/115/92 98/110/87
f 113/127/104 98/110/87 96/111/88
f 97/109/86 104/117/94 94/108/85
f 102/115/92 100/113/90 98/110/87
f 94/108/85 90/104/81 91/105/82
f 90/104/81 93/106/83 117/130/107
f 93/106/83 78/91/68 117/130/107
f 117/130/107 118/131/108 90/104/81
f 78/91/68 118/131/108 117/130/107
f 90/104/81 118/131/108 89/103/80
f 118/131/108 79/92/69 89/103/80
f 78/91/68 79/92/69 118/131/108
f 119/132/109 87/101/78 86/100/77
f 121/133/110 87/101/78 119/132/109
f 120/134/111 78/91/68 87/101/78
f 120/134/111 87/101/78 121/133/110
f 120/134/111 121/133/110 122/135/112
f 122/135/112 121/133/110 123/136/113
f 123/136/113 121/133/110 119/132/109
f 124/137/114 122/135/112 123/136/113
f 123/136/113 125/138/115 124/137/114
f 125/138/115 123/136/113 126/139/116
f 128/140/117 126/139/116 123/136/113
f 129/141/118 127/142/119 123/136/113
f 127/142/119 128/140/117 123/136/113
f 129/141/118 123/136/113 119/132/109
f 129/141/118 119/132/109 130/143/120
f 133/144/121 129/141/118 130/143/120
f 131/145/122 127/142/119 129/141/118
f 131/145/122 129/141/118 132/146/123
f 132/146/123 129/141/118 133/144/121
f 133/144/121 130/143/120 136/147/124
f 133/144/121 135/148/125 134/149/126
f 133/144/121 134/149/126 132/146/123
f 135/148/125 133/144/121 136/147/124
f 136/147/124 130/143/120 138/150/127
f 136/147/124 137/151/128 135/148/125
f 136/147/124 138/150/127 137/151/128
f 130/143/120 139/152/129 138/150/127
f 140/153/130 127/142/119 131/145/122
f 141/154/131 127/142/119 140/153/130
f 142/155/132 143/156/133 141/154/131
f 143/156/133 127/142/119 141/154/131
f 143/156/133 128/140/117 127/142/119
f 144/157/134 128/140/117 143/156/133
f 143/156/133 145/158/135 144/157/134
f 145/158/135 143/156/133 142/155/132
f 146/159/136 128/140/117 144/157/134
f 146/159/136 147/160/137 128/140/117
f 148/161/138 149/162/139 147/160/137
f 147/160/137 149/162/139 128/140/117
f 149/162/139 148/161/138 67/80/57
f 149/162/139 67/80/57 128/140/117
f 130/143/120 119/132/109 150/163/140
f 151/164/141 128/140/117 67/80/57
f 128/140/117 151/164/141 152/165/142
f 126/139/116 128/140/117 152/165/142
f 125/138/115 126/139/116 152/165/142
f 125/138/115 152/165/142 153/166/143
f 152/165/142 151/164/141 153/166/143
f 151/164/141 120/134/111 153/166/143
f 154/167/144 153/166/143 120/134/111
f 125/138/115 153/166/143 154/167/144
f 155/168/145 154/167/144 122/135/112
f 154/167/144 120/134/111 122/135/112
f 125/138/115 154/167/144 157/169/146
f 156/170/147 154/167/144 155/168/145
f 157/169/146 154/167/144 156/170/147
f 159/171/148 125/138/115 157/169/146
f 158/172/149 157/169/146 156/170/147
f 160/173/150 157/169/146 158/172/149
f 160/173/150 159/171/148 157/169/146
f 163/174/151 160/173/150 158/172/149
f 159/171/148 160/173/150 161/175/152
f 161/175/152 160/173/150 162/176/153
f 162/176/153 160/173/150 164/177/154
f 163/174/151 164/177/154 160/173/150
f 162/176/153 164/177/154 165/178/155
f 164/177/154 163/174/151 166/179/156
f 164/177/154 166/179/156 165/178/155
f 168/180/157 166/179/156 167/181/158
f 166/179/156 163/174/151 167/181/158
f 168/180/157 165/178/155 166/179/156
f 168/180/157 167/181/158 169/182/159
f 169/182/159 165/178/155 168/180/157
f 169/182/159 171/183/160 170/184/161
f 169/182/159 170/184/161 165/178/155
f 167/181/158 171/183/160 169/182/159
f 171/183/160 163/174/151 158/172/149
f 158/172/149 172/185/162 171/183/160
f 170/184/161 171/183/160 172/185/162
f 167/181/158 163/174/151 171/183/160
f 172/185/162 156/170/147 155/168/145
f 172/185/162 155/168/145 173/186/163
f 173/186/163 174/187/164 172/185/162
f 156/170/147 172/185/162 158/172/149
f 174/187/164 170/184/161 172/185/162
f 174/187/164 175/188/165 161/175/152
f 173/186/163 175/188/165 174/187/164
f 174/187/164 161/175/152 162/176/153
f 176/189/166 174/187/164 162/176/153
f 170/184/161 174/187/164 176/189/166
f 165/178/155 176/189/166 162/176/153
f 165/178/155 170/184/161 176/189/166
f 161/175/152 175/188/165 124/137/114
f 173/186/163 155/168/145 175/188/165
f 175/188/165 155/168/145 122/135/112
f 124/137/114 175/188/165 122/135/112
f 125/138/115 159/171/148 161/175/152
f 125/138/115 161/175/152 124/137/114
f 151/164/141 67/80/57 120/134/111
f 120/134/111 67/80/57 78/91/68
f 119/132/109 86/100/77 177/190/167
f 177/190/167 86/100/77 178/191/168
f 178/191/168 86/100/77 179/192/169
f 86/100/77 180/193/170 179/192/169
f 180/193/170 86/100/77 85/99/76
f 180/193/170 85/99/76 181/194/171
f 181/194/171 85/99/76 182/195/172
f 85/99/76 84/98/75 182/195/172
f 65/78/56 64/77/55 67/80/57
f 186/196/173 184/197/174 183/198/175
f 185/199/176 183/198/175 184/197/174
f 187/200/177 186/196/173 183/198/175
f 188/201/178 186/196/173 187/200/177
f 188/201/178 187/200/177 189/202/179
f 188/201/178 189/202/179 190/203/180
f 188/201/178 190/203/180 186/196/173
f 186/196/173 192/204/181 191/205/182
f 186/196/173 191/205/182 184/197/174
f 186/196/173 193/206/183 192/204/181
f 194/207/184 193/206/183 186/196/173
f 195/208/185 193/206/183 194/207/184
f 195/208/185 196/209/186 193/206/183
f 193/206/183 196/209/186 197/210/187
f 196/209/186 198/211/188 197/210/187
f 198/211/188 199/212/189 197/210/187
f 197/210/187 199/212/189 200/213/190
f 199/212/189 202/214/191 200/213/190
f 199/212/189 201/215/192 202/214/191
f 202/214/191 204/216/193 203/217/194
f 200/213/190 202/214/191 203/217/194
f 202/214/191 205/218/195 204/216/193
f 206/219/196 204/216/193 205/218/195
f 207/220/197 204/216/193 209/221/198
f 208/222/199 204/216/193 207/220/197
f 208/222/199 203/217/194 204/216/193
f 204/216/193 210/223/200 209/221/198
f 204/216/193 211/224/201 210/223/200
f 203/217/194 208/222/199 212/225/202
f 208/222/199 213/226/203 212/225/202
f 208/222/199 214/227/204 213/226/203
f 208/222/199 207/220/197 214/227/204
f 192/204/181 203/217/194 212/225/202
f 215/228/205 192/204/181 212/225/202
f 191/205/182 215/228/205 216/229/206
f 191/205/182 192/204/181 215/228/205
f 217/230/207 216/229/206 215/228/205
f 216/229/206 217/230/207 218/231/208
f 216/229/206 218/231/208 219/232/209
f 220/233/210 216/229/206 219/232/209
f 220/233/210 191/205/182 216/229/206
f 200/213/190 203/217/194 192/204/181
f 197/210/187 200/213/190 192/204/181
f 192/204/181 193/206/183 197/210/187
f 223/234/211 221/235/212 222/236/213
f 223/234/211 222/236/213 224/237/214
f 223/234/211 224/237/214 225/238/215
f 223/234/211 225/238/215 226/239/216
f 223/234/211 226/239/216 227/240/217
f 226/239/216 228/241/218 227/240/217
f 229/242/219 228/241/218 226/239/216
f 229/242/219 230/243/220 228/241/218
f 229/242/219 231/244/221 230/243/220
f 225/238/215 231/244/221 229/242/219
f 226/239/216 225/238/215 229/242/219
f 235/245/222 233/246/223 232/247/224
f 234/248/225 232/247/224 233/246/223
f 235/245/222 232/247/224 236/249/226
f 232/247/224 238/250/227 236/249/226
f 232/247/224 237/251/228 238/250/227
f 236/249/226 238/250/227 239/252/229
f 238/250/227 240/253/230 239/252/229
f 239/252/229 240/253/230 241/254/231
f 241/254/231 243/255/232 242/256/233
f 239/252/229 241/254/231 242/256/233
f 242/256/233 243/255/232 244/257/234
f 245/258/235 244/257/234 246/259/236
f 244/257/234 245/258/235 242/256/233
f 245/258/235 246/259/236 247/260/237
f 245/258/235 247/260/237 248/261/238
f 249/262/239 245/258/235 248/261/238
f 245/258/235 249/262/239 250/263/240
f 242/256/233 250/263/240 251/264/241
f 252/265/242 251/264/241 250/263/240
f 242/256/233 245/258/235 250/263/240
f 253/266/243 251/264/241 252/265/242
f 251/264/241 253/266/243 254/267/244
f 254/267/244 255/268/245 256/269/246
f 254/267/244 256/269/246 251/264/241
f 256/269/246 255/268/245 239/252/229
f 242/256/233 251/264/241 256/269/246
f 239/252/229 242/256/233 256/269/246
f 257/270/247 239/252/229 255/268/245
f 239/252/229 258/271/248 236/249/226
f 259/272/249 262/273/250 260/274/251
f 261/275/252 259/276/249 260/274/251
f 259/272/249 263/277/253 262/273/250
f 264/278/254 263/277/253 259/272/249
f 264/278/254 265/279/255 263/277/253
f 266/280/256 263/277/253 265/279/255
f 268/281/257 267/282/258 266/280/256
f 263/277/253 266/280/256 267/282/258
f 269/283/259 267/282/258 268/281/257
f 269/283/259 270/284/260 267/282/258
f 271/285/261 270/284/260 269/283/259
f 272/286/262 270/284/260 271/285/261
f 273/287/263 270/284/260 272/286/262
f 273/287/263 274/288/264 270/284/260
f 270/284/260 274/288/264 276/289/265
f 274/288/264 275/290/266 276/289/265
f 270/284/260 276/289/265 277/291/267
f 276/289/265 278/292/268 277/291/267
f 278/292/268 279/293/269 277/291/267
f 280/294/270 279/293/269 281/295/271
f 277/291/267 279/293/269 280/294/270
f 279/293/269 282/296/272 281/295/271
f 281/295/271 282/296/272 283/297/273
f 282/296/272 284/298/274 283/297/273
f 284/298/274 286/299/275 285/300/276
f 283/297/273 284/298/274 285/300/276
f 286/299/275 288/301/277 287/302/278
f 285/300/276 286/299/275 287/302/278
f 288/301/277 289/303/279 287/302/278
f 289/303/279 290/304/280 287/302/278
f 287/302/278 290/304/280 291/305/281
f 290/304/280 292/306/282 291/305/281
f 291/305/281 292/306/282 293/307/283
f 293/307/283 292/306/282 294/308/284
f 292/306/282 295/309/285 294/308/284
f 294/308/284 295/309/285 296/310/286
f 294/308/284 296/310/286 298/311/287
f 296/310/286 297/312/288 298/311/287
f 263/277/253 298/311/287 262/273/250
f 298/311/287 302/313/289 262/273/250
f 299/314/290 298/311/287 300/315/291
f 302/313/289 298/311/287 299/314/290
f 300/315/291 298/311/287 301/316/292
f 263/277/253 291/305/281 298/311/287
f 293/307/283 298/311/287 291/305/281
f 293/307/283 294/308/284 298/311/287
f 298/311/287 297/312/288 301/316/292
f 262/273/250 302/313/289 260/274/251
f 260/274/251 302/313/289 303/317/293
f 303/317/293 302/313/289 304/318/294
f 302/313/289 299/314/290 304/318/294
f 299/314/290 305/319/295 304/318/294
f 299/314/290 300/315/291 305/319/295
f 306/320/296 260/274/251 303/317/293
f 306/320/296 261/275/252 260/274/251
f 297/312/288 307/321/297 301/316/292
f 300/315/291 301/316/292 312/322/298
f 307/321/297 308/323/299 301/316/292
f 308/323/299 309/324/300 301/316/292
f 301/316/292 309/324/300 311/325/301
f 310/326/302 301/316/292 311/325/301
f 301/316/292 310/326/302 312/322/298
f 313/327/303 312/322/298 314/328/304
f 300/315/291 312/322/298 313/327/303
f 314/328/304 312/322/298 310/326/302
f 314/328/304 310/326/302 315/329/305
f 313/327/303 314/328/304 316/330/306
f 314/328/304 315/329/305 316/330/306
f 310/326/302 311/325/301 315/329/305
f 315/329/305 311/325/301 317/331/307
f 317/331/307 311/325/301 318/332/308
f 311/325/301 309/324/300 318/332/308
f 319/333/309 300/315/291 313/327/303
f 285/300/276 287/302/278 291/305/281
f 291/305/281 263/277/253 285/300/276
f 280/294/270 283/297/273 285/300/276
f 277/291/267 280/294/270 285/300/276
f 277/291/267 285/300/276 263/277/253
f 280/294/270 281/295/271 283/297/273
f 267/282/258 270/284/260 277/291/267
f 263/277/253 267/282/258 277/291/267
f 322/29/310 320/30/311 321/31/312
f 322/29/310 321/31/312 323/32/10
f 324/33/313 322/29/310 323/32/10
f 324/33/313 323/32/10 325/34/12
f 324/33/313 325/34/12 326/35/13
f 327/36/314 324/33/313 326/35/13
f 327/36/314 328/37/15 324/33/313
f 329/38/315 328/37/15 327/36/314
f 330/39/316 329/38/315 327/36/314
f 332/40/18 330/39/316 331/41/317
f 330/39/316 327/36/314 331/41/317
f 333/42/20 330/39/316 332/40/18
f 333/42/20 334/43/318 335/44/319
f 334/43/318 333/42/20 332/40/18
f 335/44/319 334/43/318 336/45/320
f 337/46/321 335/44/319 336/45/320
f 335/44/319 337/46/321 338/47/322
f 337/46/321 340/48/323 339/49/324 338/47/322
f 341/50/325 340/48/323 337/46/321
f 341/50/325 343/51/326 344/52/327 342/53/328
f 343/51/326 341/50/325 336/45/320
f 341/50/325 337/46/321 336/45/320
f 343/51/326 345/55/329 365/74/330 344/52/327
f 343/51/326 346/54/32 345/55/329
f 346/54/32 343/51/326 336/45/320
f 346/54/32 348/56/34 347/57/331
f 346/54/32 347/57/331 345/55/329
f 346/54/32 336/45/320 348/56/34
f 347/57/331 348/56/34 349/59/37
f 349/59/37 348/56/34 350/60/38
f 350/60/38 348/56/34 351/58/36
f 348/56/34 336/45/320 351/58/36
f 336/45/320 352/61/39 351/58/36
f 352/61/39 336/45/320 353/62/40
f 353/62/40 354/64/332 355/65/333
f 353/62/40 357/63/41 354/64/332
f 356/66/334 353/62/40 355/65/333
f 353/62/40 336/45/320 357/63/41
f 334/43/318 326/35/13 357/63/41
f 357/63/41 326/35/13 358/67/45
f 359/68/46 357/63/41 358/67/45
f 336/45/320 334/43/318 357/63/41
f 326/35/13 360/69/47 358/67/45
f 360/69/47 362/70/335 361/71/336
f 326/35/13 362/70/335 360/69/47
f 325/34/12 362/70/335 326/35/13
f 362/70/335 325/34/12 363/72/337
f 362/70/335 363/72/337 361/71/336
f 363/72/337 325/34/12 364/73/51
f 334/43/318 331/41/317 326/35/13
f 334/43/318 332/40/18 331/41/317
f 331/41/317 327/36/314 326/35/13
f 368/334/338 366/335/339 367/336/340
f 369/337/341 368/334/338 367/336/340
f 370/338/342 368/334/338 369/337/341
f 371/339/343 370/338/342 369/337/341
f 370/338/342 371/339/343 372/340/344
f 374/341/345 373/342/346 370/338/342 372/340/344
f 376/343/347 375/344/348 373/342/346 374/341/345
f 378/345/349 377/346/350 375/344/348 376/343/347
f 380/347/351 379/348/352 377/346/350 378/345/349
f 382/349/353 381/350/354 379/348/352 380/347/351
f 381/350/354 382/349/353 383/351/355
f 384/352/356 381/350/354 383/351/355
f 384/352/356 386/353/357 385/354/358 381/350/354
f 388/355/359 387/356/360 385/354/358 386/353/357
f 389/357/361 387/356/360 388/355/359
f 390/358/362 387/356/360 389/357/361
f 395/359/363 391/360/364 387/356/360 390/358/362
f 393/361/365 391/360/364 392/362/366
f 392/362/366 391/360/364 395/359/363
f 398/363/367 394/364/5 391/360/364 393/361/365
f 396/365/368 392/362/366 395/359/363
f 396/365/368 397/366/369 392/362/366
f 393/361/365 392/362/366 397/366/369
f 398/363/367 399/367/370 394/364/5
f 400/368/371 394/364/5 399/367/370
f 400/368/371 402/369/372 401/370/373 394/364/5
f 404/371/374 403/372/375 401/370/373 402/369/372
f 404/371/374 406/373/376 405/374/377 403/372/375
f 407/375/378 405/374/377 406/373/376 408/376/379
f 410/377/380 409/378/381 407/375/378 408/376/379
f 411/379/382 409/378/381 410/377/380
f 409/378/381 411/379/382 412/380/383
f 414/381/384 413/382/385 409/378/381 412/380/383
f 414/381/384 415/383/386 413/382/385
f 417/384/387 416/385/387 413/382/385 415/383/386
f 419/386/388 418/387/388 416/385/387 417/384/387
f 421/388/389 420/389/390 418/387/388 419/386/388
f 423/390/391 422/391/391 420/389/390 421/388/389
f 411/379/382 410/377/380 424/392/392
f 424/392/392 410/377/380 408/376/379
f 404/371/374 402/369/372 425/393/393
f 425/393/393 402/369/372 400/368/371
f 426/394/394 390/358/362 389/357/361
f 384/352/356 383/351/355 427/395/395
f 383/351/355 382/349/353 428/396/396 427/395/395
f 428/396/396 382/349/353 380/347/351
f 378/345/349 376/343/347 429/397/397
f 429/397/397 376/343/347 432/398/398 430/399/399
f 430/399/399 432/398/398 431/400/400
f 432/398/398 374/341/345 431/400/400
f 432/398/398 376/343/347 374/341/345
f 433/401/401 431/400/400 374/341/345
f 434/402/402 433/401/401 374/341/345
f 434/402/402 374/341/345 372/340/344
f 437/403/403 435/404/404 436/405/405
f 437/403/403 436/405/405 438/406/406
f 437/403/403 438/406/406 439/407/407
f 440/408/408 439/407/407 438/406/406
f 440/408/408 441/409/409 439/407/407
f 441/409/409 440/408/408 442/410/410
f 442/410/410 440/408/408 443/411/411
f 443/411/411 440/408/408 444/412/412
f 444/412/412 445/413/413 446/414/414
f 438/406/406 445/413/413 444/412/412
f 447/415/415 444/412/412 446/414/414
f 444/412/412 440/408/408 438/406/406
f 446/414/414 448/416/416 447/415/415
f 447/415/415 448/416/416 449/417/417
f 446/414/414 450/418/418 448/416/416
f 452/419/419 451/420/420 450/418/418
f 446/414/414 452/419/419 450/418/418
f 453/421/421 452/419/419 446/414/414
f 454/422/422 453/421/421 446/414/414
f 455/423/423 454/422/422 446/414/414
f 455/423/423 446/414/414 445/413/413
f 445/413/413 456/424/424 455/423/423
f 456/424/424 445/413/413 457/425/425
f 457/425/425 445/413/413 458/426/426
f 445/413/413 438/406/406 458/426/426
f 461/29/7 459/30/8 460/31/9
f 461/29/7 460/31/9 462/32/10
f 463/33/313 461/29/7 462/32/10
f 463/33/313 462/32/10 464/34/12
f 463/33/313 464/34/12 465/35/13
f 466/36/14 463/33/313 465/35/13
f 466/36/14 467/37/427 463/33/313
f 468/38/428 467/37/427 466/36/14
f 469/39/17 468/38/428 466/36/14
f 469/39/17 466/36/14 470/41/429
f 471/40/18 469/39/17 470/41/429
f 472/42/20 469/39/17 471/40/18
f 472/42/20 474/43/318 473/44/319
f 474/43/318 472/42/20 471/40/18
f 474/43/318 471/40/18 470/41/429
f 474/43/318 470/41/429 465/35/13
f 474/43/318 465/35/13 476/63/41
f 473/44/319 474/43/318 475/45/23
f 475/45/23 474/43/318 476/63/41
f 476/63/41 465/35/13 477/67/45
f 478/68/430 476/63/41 477/67/45
f 479/62/431 475/45/23 476/63/41
f 479/62/431 476/63/41 480/64/432
f 479/62/431 480/64/432 481/65/333
f 482/66/433 479/62/431 481/65/333
f 483/61/39 475/45/23 479/62/431
f 475/45/23 483/61/39 484/58/36
f 486/60/38 485/56/34 484/58/36
f 485/56/34 475/45/23 484/58/36
f 487/59/37 485/56/34 486/60/38
f 488/57/331 485/56/34 487/59/37
f 490/54/434 488/57/331 489/55/329
f 490/54/434 485/56/34 488/57/331
f 490/54/434 491/51/326 475/45/23
f 491/51/326 490/54/434 489/55/329
f 490/54/434 475/45/23 485/56/34
f 491/51/326 489/55/329 495/74/330 493/52/435
f 491/51/326 492/50/325 475/45/23
f 492/50/325 491/51/326 493/52/435 494/53/328
f 492/50/325 496/46/321 475/45/23
f 492/50/325 497/48/323 496/46/321
f 496/46/321 497/48/323 498/49/324 499/47/436
f 473/44/319 496/46/321 499/47/436
f 496/46/321 473/44/319 475/45/23
f 465/35/13 500/69/47 477/67/45
f 465/35/13 501/70/335 500/69/47
f 500/69/47 501/70/335 502/71/437
f 501/70/335 503/72/50 502/71/437
f 503/72/50 464/34/12 504/73/51
f 501/70/335 464/34/12 503/72/50
f 464/34/12 501/70/335 465/35/13
f 470/41/429 466/36/14 465/35/13
f 505/75/53 508/76/438 506/77/55
f 507/78/56 505/79/53 506/77/55
f 509/80/439 506/77/55 508/76/438
f 509/80/439 508/76/438 510/81/440
f 508/76/438 511/82/59 510/81/440
f 512/83/60 511/82/59 508/76/438
f 512/83/60 513/84/441 511/82/59
f 514/85/442 511/82/59 513/84/441
f 511/82/59 514/85/442 515/86/63
f 515/86/63 516/87/64 511/82/59
f 516/87/64 517/88/443 511/82/59
f 511/82/59 517/88/443 510/81/440
f 517/88/443 518/89/444 519/90/444 510/81/440
f 520/91/445 509/80/439 510/81/440
f 520/91/445 510/81/440 521/92/69
f 521/92/69 510/81/440 522/93/446
f 530/94/447 521/92/69 522/93/446
f 524/95/448 522/93/446 523/96/73
f 525/97/74 522/93/446 524/95/448
f 526/98/75 522/93/446 525/97/74
f 527/99/76 522/93/446 526/98/75
f 527/99/76 528/100/449 522/93/446
f 529/101/450 522/93/446 528/100/449
f 529/101/450 530/94/447 522/93/446
f 531/103/451 521/92/69 530/94/447
f 530/94/447 532/105/452 537/104/453 531/103/451
f 532/105/452 530/94/447 533/102/454
f 530/94/447 529/101/450 533/102/454
f 533/102/454 534/108/455 532/105/452
f 535/107/456 534/108/455 533/102/454
f 536/106/457 535/107/456 533/102/454
f 536/106/457 533/102/454 529/101/450 520/91/445
f 536/106/457 537/104/453 539/129/458
f 537/104/453 536/106/457 538/130/459
f 536/106/457 520/91/445 538/130/459
f 536/106/457 540/111/460 535/107/456
f 536/106/457 539/129/458 540/111/460
f 541/127/461 542/110/462 535/107/456 540/111/460
f 540/111/460 539/129/458 541/127/461
f 541/127/461 545/125/463 546/115/464 542/110/462
f 541/127/461 543/128/105 544/126/465
f 543/128/105 541/127/461 539/129/458
f 544/126/465 547/118/466 545/125/463 541/127/461
f 545/125/463 548/124/467 549/119/468 546/115/464
f 548/124/467 545/125/463 547/118/466
f 548/124/467 547/118/466 550/122/469
f 551/123/470 549/119/468 548/124/467
f 550/122/469 552/121/471 551/123/470 548/124/467
f 549/119/468 551/123/470 552/121/471
f 550/122/469 547/118/466 552/121/471
f 552/121/471 547/118/466 553/120/472
f 552/121/471 553/120/472 549/119/468
f 553/120/472 554/116/473 549/119/468
f 553/120/472 547/118/466 554/116/473
f 554/116/473 547/118/466 544/126/465 555/117/474
f 555/117/474 557/109/86 554/116/473
f 549/119/468 554/116/473 546/115/464
f 546/115/464 554/116/473 556/114/475
f 556/114/475 554/116/473 557/109/86
f 557/109/86 555/117/474 534/108/455
f 557/109/86 534/108/455 535/107/456
f 557/109/86 535/107/456 558/112/89
f 556/114/475 557/109/86 558/112/89
f 542/110/462 559/113/476 558/112/89
f 542/110/462 558/112/89 535/107/456
f 559/113/476 556/114/475 558/112/89
f 546/115/464 559/113/476 542/110/462
f 556/114/475 559/113/476 546/115/464
f 544/126/465 543/128/105 555/117/474
f 543/128/105 539/129/458 555/117/474
f 555/117/474 539/129/458 534/108/455
f 539/129/458 537/104/453 534/108/455
f 538/130/459 560/131/477 537/104/453
f 520/91/445 560/131/477 538/130/459
f 520/91/445 521/92/69 560/131/477
f 560/131/477 521/92/69 531/103/451
f 537/104/453 560/131/477 531/103/451
f 534/108/455 537/104/453 532/105/452
f 561/132/109 529/101/450 528/100/449
f 562/133/478 529/101/450 561/132/109
f 529/101/450 562/133/478 565/134/479 520/91/445
f 564/135/480 562/133/478 563/136/113
f 563/136/113 562/133/478 561/132/109
f 567/167/481 565/134/479 562/133/478 564/135/480
f 566/164/482 509/80/439 565/134/479
f 565/134/479 509/80/439 520/91/445
f 566/164/482 565/134/479 568/166/483
f 567/167/481 568/166/483 565/134/479
f 570/165/484 566/164/482 568/166/483
f 569/138/485 568/166/483 567/167/481
f 569/138/485 570/165/484 568/166/483
f 569/138/485 571/139/116 570/165/484
f 571/139/116 572/140/486 570/165/484
f 572/140/486 566/164/482 570/165/484
f 566/164/482 572/140/486 573/162/487 509/80/439
f 574/160/488 573/162/487 572/140/486
f 575/159/489 574/160/488 572/140/486
f 572/140/486 576/156/490 594/157/491 575/159/489
f 576/156/490 572/140/486 577/142/119
f 577/142/119 572/140/486 563/136/113
f 572/140/486 571/139/116 563/136/113
f 576/156/490 577/142/119 578/154/492
f 578/154/492 577/142/119 579/153/130
f 579/153/130 577/142/119 580/145/122
f 580/145/122 577/142/119 581/141/493
f 581/141/493 577/142/119 563/136/113
f 582/146/123 581/141/493 583/144/494
f 580/145/122 581/141/493 582/146/123
f 581/141/493 563/136/113 561/132/109
f 583/144/494 581/141/493 584/143/120
f 581/141/493 561/132/109 584/143/120
f 584/143/120 561/132/109 585/163/140
f 583/144/494 584/143/120 586/147/495
f 586/147/495 584/143/120 587/150/496
f 584/143/120 588/152/497 587/150/496
f 586/147/495 587/150/496 589/151/128
f 586/147/495 589/151/128 590/148/498
f 583/144/494 586/147/495 590/148/498 591/149/499
f 583/144/494 591/149/499 582/146/123
f 592/155/500 576/156/490 578/154/492
f 576/156/490 592/155/500 593/158/501 594/157/491
f 595/161/502 573/162/487 574/160/488
f 573/162/487 595/161/502 509/80/439
f 569/138/485 563/136/113 571/139/116
f 563/136/113 569/138/485 596/137/503
f 569/138/485 597/175/504 596/137/503
f 569/138/485 567/167/481 598/169/505
f 569/138/485 599/171/506 597/175/504
f 599/171/506 569/138/485 598/169/505
f 600/173/507 599/171/506 598/169/505
f 600/173/507 602/176/508 597/175/504 599/171/506
f 600/173/507 598/169/505 601/172/509
f 613/183/510 603/174/511 600/173/507 601/172/509
f 602/176/508 600/173/507 604/177/512
f 603/174/511 604/177/512 600/173/507
f 602/176/508 604/177/512 605/178/155
f 604/177/512 603/174/511 606/179/513
f 604/177/512 606/179/513 605/178/155
f 608/180/514 605/178/155 606/179/513
f 608/180/514 606/179/513 607/181/515 609/182/516
f 606/179/513 603/174/511 607/181/515
f 609/182/516 605/178/155 608/180/514
f 609/182/516 610/184/517 605/178/155
f 607/181/515 613/183/510 610/184/517 609/182/516
f 605/178/155 610/184/517 611/189/518
f 610/184/517 614/187/519 611/189/518
f 610/184/517 613/183/510 612/185/520
f 614/187/519 610/184/517 612/185/520
f 615/188/521 614/187/519 616/186/522 617/168/523
f 614/187/519 615/188/521 597/175/504
f 614/187/519 597/175/504 602/176/508
f 616/186/522 614/187/519 612/185/520
f 611/189/518 614/187/519 602/176/508
f 612/185/520 618/170/524 617/168/523 616/186/522
f 615/188/521 617/168/523 564/135/480
f 617/168/523 567/167/481 564/135/480
f 618/170/524 567/167/481 617/168/523
f 598/169/505 567/167/481 618/170/524
f 618/170/524 612/185/520 601/172/509
f 601/172/509 598/169/505 618/170/524
f 597/175/504 615/188/521 596/137/503
f 596/137/503 615/188/521 564/135/480
f 601/172/509 612/185/520 613/183/510
f 607/181/515 603/174/511 613/183/510
f 605/178/155 611/189/518 602/176/508
f 596/137/503 564/135/480 563/136/113
f 561/132/109 528/100/449 619/190/525
f 619/190/525 528/100/449 620/191/168
f 620/191/168 528/100/449 621/192/526
f 528/100/449 622/193/170 621/192/526
f 622/193/170 527/99/76 623/194/527
f 622/193/170 528/100/449 527/99/76
f 623/194/527 527/99/76 624/195/528
f 527/99/76 526/98/75 624/195/528
f 507/78/56 506/77/55 509/80/439
f 627/427/529 625/428/530 626/429/531
f 627/427/529 626/429/531 628/430/532
f 628/430/532 626/429/531 629/431/533
f 626/429/531 630/432/534 629/431/533
f 630/432/534 636/433/535 631/434/536 629/431/533
f 632/435/537 629/431/533 631/434/536
f 632/435/537 631/434/536 633/436/538
f 633/436/538 631/434/536 634/437/539
f 634/437/539 631/434/536 635/438/540
f 631/434/536 636/433/535 635/438/540
f 635/438/540 636/433/535 637/439/6
f 636/433/535 639/440/541 638/441/6 637/439/6
f 638/441/6 639/440/541 640/442/542
f 640/442/542 639/440/541 641/443/543
f 642/444/544 640/442/542 641/443/543
f 643/445/545 642/444/544 641/443/543
f 643/445/545 641/443/543 644/446/546
f 645/447/547 643/445/545 644/446/546
f 644/446/546 641/443/543 639/440/541
f 647/448/6 644/446/546 646/449/548
f 644/446/546 639/440/541 646/449/548
f 648/450/549 647/448/6 646/449/548
f 647/448/6 648/450/549 649/451/550
f 650/452/551 649/451/550 648/450/549
f 648/450/549 651/453/552 654/454/553
f 648/450/549 646/449/548 651/453/552
f 648/450/549 654/454/553 652/455/554
f 648/450/549 652/455/554 653/456/555
f 654/454/553 651/453/552 655/457/556
f 654/454/553 655/457/556 656/458/557
f 657/459/558 651/453/552 646/449/548
f 657/459/558 646/449/548 658/460/559
f 636/433/535 659/461/560 639/440/541
f 660/462/561 661/463/562 636/433/535
f 636/433/535 664/464/563 660/462/561
f 636/433/535 661/463/562 662/465/564
f 662/465/564 663/466/565 636/433/535
f 636/433/535 630/432/534 664/464/563
f 630/432/534 665/467/566 664/464/563
f 660/462/561 666/468/567 661/463/562
f 667/75/568 670/76/438 668/77/55
f 669/78/56 667/79/568 668/77/55
f 671/80/439 668/77/55 670/76/438
f 671/80/439 670/76/438 672/81/440
f 670/76/438 673/82/59 672/81/440
f 674/83/60 673/82/59 670/76/438
f 674/83/60 675/84/441 673/82/59
f 676/85/569 673/82/59 675/84/441
f 673/82/59 676/85/569 677/86/570
f 677/86/570 678/87/64 673/82/59
f 678/87/64 679/88/443 673/82/59
f 679/88/443 680/89/444 681/90/444 672/81/440
f 673/82/59 679/88/443 672/81/440
f 682/91/445 671/80/439 672/81/440
f 682/91/445 672/81/440 683/92/571
f 683/92/571 672/81/440 684/93/446
f 692/94/447 683/92/571 684/93/446
f 686/95/572 684/93/446 685/96/73
f 687/97/74 684/93/446 686/95/572
f 688/98/75 684/93/446 687/97/74
f 689/99/76 684/93/446 688/98/75
f 689/99/76 690/100/77 684/93/446
f 691/101/573 684/93/446 690/100/77
f 691/101/573 692/94/447 684/93/446
f 692/94/447 691/101/573 695/102/454
f 693/103/451 683/92/571 692/94/447
f 692/94/447 694/105/574 720/104/453 693/103/451
f 694/105/574 692/94/447 695/102/454
f 696/106/575 695/102/454 691/101/573 682/91/445
f 696/106/575 698/107/576 695/102/454
f 695/102/454 697/108/577 694/105/574
f 698/107/576 697/108/577 695/102/454
f 696/106/575 699/111/578 698/107/576
f 700/109/86 697/108/577 698/107/576
f 716/127/461 701/110/462 698/107/576 699/111/578
f 700/109/86 698/107/576 702/112/89
f 701/110/462 702/112/89 698/107/576
f 704/114/579 700/109/86 702/112/89
f 701/110/462 703/113/476 702/112/89
f 703/113/476 704/114/579 702/112/89
f 704/114/579 706/116/473 700/109/86
f 705/115/464 706/116/473 704/114/579
f 704/114/579 703/113/476 705/115/464
f 707/117/474 700/109/86 706/116/473
f 706/116/473 708/118/466 718/126/465 707/117/474
f 709/119/580 706/116/473 705/115/464
f 710/120/581 708/118/466 706/116/473
f 710/120/581 706/116/473 709/119/580
f 711/121/582 710/120/581 709/119/580
f 711/121/582 708/118/466 710/120/581
f 712/122/469 708/118/466 711/121/582
f 712/122/469 711/121/582 713/123/583 714/124/467
f 709/119/580 713/123/583 711/121/582
f 713/123/583 709/119/580 714/124/467
f 714/124/467 715/125/463 708/118/466
f 715/125/463 714/124/467 709/119/580 705/115/464
f 714/124/467 708/118/466 712/122/469
f 716/127/461 715/125/463 705/115/464 701/110/462
f 718/126/465 708/118/466 715/125/463 716/127/461
f 699/111/578 719/129/458 716/127/461
f 716/127/461 717/128/105 718/126/465
f 717/128/105 716/127/461 719/129/458
f 696/106/575 719/129/458 699/111/578
f 696/106/575 720/104/453 719/129/458
f 707/117/474 719/129/458 697/108/577
f 719/129/458 720/104/453 697/108/577
f 717/128/105 719/129/458 707/117/474
f 720/104/453 721/131/108 693/103/451
f 722/130/459 721/131/108 720/104/453
f 720/104/453 696/106/575 722/130/459
f 697/108/577 720/104/453 694/105/574
f 696/106/575 682/91/445 722/130/459
f 682/91/445 721/131/108 722/130/459
f 682/91/445 683/92/571 721/131/108
f 721/131/108 683/92/571 693/103/451
f 718/126/465 717/128/105 707/117/474
f 700/109/86 707/117/474 697/108/577
f 705/115/464 703/113/476 701/110/462
f 724/133/478 691/101/573 723/132/109
f 723/132/109 691/101/573 690/100/77
f 691/101/573 724/133/478 727/134/479 682/91/445
f 725/136/113 724/133/478 723/132/109
f 726/135/584 724/133/478 725/136/113
f 729/167/481 727/134/479 724/133/478 726/135/584
f 727/134/479 671/80/439 682/91/445
f 728/164/585 671/80/439 727/134/479
f 728/164/585 727/134/479 730/166/586
f 729/167/481 730/166/586 727/134/479
f 731/138/485 732/165/484 730/166/586
f 731/138/485 730/166/586 729/167/481
f 732/165/484 728/164/585 730/166/586
f 731/138/485 733/139/116 732/165/484
f 733/139/116 734/140/486 732/165/484
f 734/140/486 728/164/585 732/165/484
f 728/164/585 734/140/486 735/162/587 671/80/439
f 736/160/588 735/162/587 734/140/486
f 737/159/589 736/160/588 734/140/486
f 734/140/486 738/156/490 756/157/590 737/159/589
f 738/156/490 734/140/486 739/142/119
f 739/142/119 734/140/486 725/136/113
f 734/140/486 733/139/116 725/136/113
f 738/156/490 739/142/119 740/154/492
f 740/154/492 739/142/119 741/153/591
f 741/153/591 739/142/119 742/145/122
f 742/145/122 739/142/119 743/141/592
f 743/141/592 739/142/119 725/136/113
f 743/141/592 725/136/113 723/132/109
f 743/141/592 723/132/109 746/143/120
f 742/145/122 743/141/592 744/146/123
f 744/146/123 743/141/592 745/144/593
f 745/144/593 743/141/592 746/143/120
f 746/143/120 723/132/109 747/163/140
f 745/144/593 746/143/120 748/147/594
f 748/147/594 746/143/120 749/150/127
f 746/143/120 750/152/595 749/150/127
f 748/147/594 749/150/127 751/151/128
f 748/147/594 751/151/128 752/148/498
f 745/144/593 748/147/594 752/148/498 753/149/499
f 745/144/593 753/149/499 744/146/123
f 754/155/596 738/156/490 740/154/492
f 738/156/490 754/155/596 755/158/597 756/157/590
f 757/161/598 735/162/587 736/160/588
f 735/162/587 757/161/598 671/80/439
f 731/138/485 725/136/113 733/139/116
f 731/138/485 760/171/506 758/175/599
f 731/138/485 758/175/599 761/137/600
f 760/171/506 731/138/485 759/169/505
f 731/138/485 729/167/481 759/169/505
f 725/136/113 731/138/485 761/137/600
f 761/137/600 726/135/584 725/136/113
f 761/137/600 762/188/601 726/135/584
f 758/175/599 762/188/601 761/137/600
f 764/187/602 762/188/601 758/175/599
f 762/188/601 763/168/523 726/135/584
f 762/188/601 764/187/602 769/186/522 763/168/523
f 766/184/517 764/187/602 765/189/518
f 765/189/518 764/187/602 768/176/603
f 764/187/602 766/184/517 767/185/520
f 769/186/522 764/187/602 767/185/520
f 764/187/602 758/175/599 768/176/603
f 767/185/520 780/170/524 763/168/523 769/186/522
f 770/173/507 768/176/603 758/175/599 760/171/506
f 768/176/603 770/173/507 771/177/154
f 768/176/603 771/177/154 772/178/155
f 772/178/155 765/189/518 768/176/603
f 771/177/154 773/179/513 772/178/155
f 772/178/155 766/184/517 765/189/518
f 774/182/604 766/184/517 772/178/155
f 775/180/157 772/178/155 773/179/513
f 774/182/604 772/178/155 775/180/157
f 775/180/157 773/179/513 776/181/515 774/182/604
f 776/181/515 778/183/510 766/184/517 774/182/604
f 773/179/513 777/174/511 776/181/515
f 776/181/515 777/174/511 778/183/510
f 778/183/510 777/174/511 770/173/507 779/172/509
f 779/172/509 767/185/520 778/183/510
f 766/184/517 778/183/510 767/185/520
f 779/172/509 759/169/505 780/170/524
f 780/170/524 767/185/520 779/172/509
f 770/173/507 759/169/505 779/172/509
f 759/169/505 729/167/481 780/170/524
f 780/170/524 729/167/481 763/168/523
f 771/177/154 777/174/511 773/179/513
f 777/174/511 771/177/154 770/173/507
f 770/173/507 760/171/506 759/169/505
f 763/168/523 729/167/481 726/135/584
f 723/132/109 690/100/77 781/190/167
f 781/190/167 690/100/77 782/191/168
f 782/191/168 690/100/77 783/192/605
f 690/100/77 784/193/606 783/192/605
f 784/193/606 690/100/77 689/99/76
f 784/193/606 689/99/76 785/194/607
f 785/194/607 689/99/76 786/195/172
f 689/99/76 688/98/75 786/195/172
f 669/78/56 668/77/55 671/80/439
f 790/196/608 788/197/609 787/198/175
f 789/199/176 787/198/175 788/197/609
f 791/200/610 790/196/608 787/198/175
f 792/201/178 790/196/608 791/200/610
f 792/201/178 791/200/610 793/202/611
f 792/201/178 793/202/611 794/203/612
f 792/201/178 794/203/612 790/196/608
f 790/196/608 795/205/613 788/197/609
f 790/196/608 796/204/614 795/205/613
f 790/196/608 797/206/183 796/204/614
f 798/207/184 797/206/183 790/196/608
f 799/208/185 797/206/183 798/207/184
f 799/208/185 800/209/615 797/206/183
f 797/206/183 800/209/615 801/210/616
f 802/211/617 803/212/618 801/210/616 800/209/615
f 801/210/616 803/212/618 804/213/619
f 803/212/618 806/214/620 804/213/619
f 803/212/618 805/215/621 806/214/620
f 804/213/619 806/214/620 807/217/622
f 806/214/620 808/216/623 811/222/624 807/217/622
f 806/214/620 809/218/195 808/216/623
f 810/219/196 808/216/623 809/218/195
f 811/222/624 808/216/623 815/220/625
f 808/216/623 813/223/626 812/221/198
f 815/220/625 808/216/623 812/221/198
f 808/216/623 814/224/201 813/223/626
f 811/222/624 815/220/625 816/227/204
f 811/222/624 816/227/204 817/226/627
f 811/222/624 817/226/627 818/225/628
f 807/217/622 811/222/624 818/225/628 796/204/614
f 819/228/629 796/204/614 818/225/628
f 821/230/630 820/229/631 819/228/629
f 795/205/613 819/228/629 820/229/631
f 795/205/613 796/204/614 819/228/629
f 820/229/631 821/230/630 822/231/208
f 820/229/631 822/231/208 823/232/632
f 824/233/210 820/229/631 823/232/632
f 824/233/210 795/205/613 820/229/631
f 804/213/619 807/217/622 796/204/614 801/210/616
f 796/204/614 797/206/183 801/210/616
f 827/469/633 825/470/634 826/471/635
f 827/469/633 826/471/635 828/472/636
f 829/473/637 827/469/633 828/472/636
f 886/474/638 830/475/639 829/473/637 828/472/636
f 830/475/639 831/476/640 829/473/637
f 830/475/639 832/477/641 831/476/640
f 830/475/639 833/478/642 832/477/641
f 834/479/643 835/480/644 833/478/642
f 833/478/642 830/475/639 834/479/643
f 836/481/645 835/480/644 834/479/643
f 838/482/646 836/481/645 837/483/647
f 836/481/645 834/479/643 837/483/647
f 837/483/647 885/484/648 839/485/649 838/482/646
f 840/486/650 838/482/646 839/485/649
f 840/486/650 839/485/649 841/487/651
f 842/488/652 841/487/651 839/485/649 885/484/648
f 844/489/653 843/490/653 841/487/651 842/488/652
f 844/489/653 846/491/654 845/492/655 843/490/653
f 848/493/656 847/494/657 845/492/655 846/491/654
f 850/495/658 849/496/659 847/494/657 848/493/656
f 851/497/660 849/496/659 850/495/658 852/498/661
f 851/497/660 852/498/661 853/499/662
f 854/500/663 853/499/662 852/498/661 855/501/663
f 855/501/663 857/502/664 856/503/664 854/500/663
f 859/504/665 858/505/666 856/503/664 857/502/664
f 858/505/666 859/504/665 860/506/667
f 859/504/665 883/507/668 861/508/669 860/506/667
f 862/509/670 860/506/667 861/508/669
f 860/506/667 862/509/670 863/510/671
f 862/509/670 864/511/672 863/510/671
f 865/512/673 864/511/672 862/509/670
f 865/512/673 861/508/669 866/513/674
f 865/512/673 862/509/670 861/508/669
f 867/514/675 866/513/674 861/508/669 883/507/668
f 866/513/674 867/514/675 868/515/676
f 867/514/675 870/516/677 869/517/678 868/515/676
f 870/516/677 871/518/679 869/517/678
f 871/518/679 870/516/677 872/519/680
f 873/520/681 871/518/679 872/519/680
f 874/521/682 873/520/681 872/519/680
f 878/522/683 875/523/684 874/521/682 876/524/685
f 874/521/682 872/519/680 870/516/677 876/524/685
f 876/524/685 877/525/686 878/522/683
f 877/525/686 876/524/685 870/516/677
f 875/523/684 878/522/683 879/526/687
f 878/522/683 880/527/688 881/528/688 879/526/687
f 882/529/689 877/525/686 867/514/675
f 870/516/677 867/514/675 877/525/686
f 883/507/668 882/529/689 867/514/675
f 850/495/658 884/530/690 852/498/661
f 846/491/654 884/530/690 848/493/656
f 848/493/656 884/530/690 850/495/658
f 837/483/647 834/479/643 830/475/639 886/474/638
f 828/472/636 826/471/635 887/531/691
f 891/196/608 889/197/609 888/198/175
f 890/199/176 888/198/175 889/197/609
f 892/200/177 891/196/608 888/198/175
f 893/201/178 891/196/608 892/200/177
f 893/201/178 892/200/177 894/202/611
f 893/201/178 894/202/611 895/203/180
f 893/201/178 895/203/180 891/196/608
f 891/196/608 896/205/613 889/197/609
f 891/196/608 897/204/692 896/205/613
f 891/196/608 898/206/183 897/204/692
f 899/207/184 898/206/183 891/196/608
f 900/208/185 898/206/183 899/207/184
f 900/208/185 901/209/615 898/206/183
f 898/206/183 901/209/615 902/210/693
f 903/211/694 904/212/695 902/210/693 901/209/615
f 902/210/693 904/212/695 905/213/696
f 904/212/695 907/214/620 905/213/696
f 904/212/695 906/215/621 907/214/620
f 905/213/696 907/214/620 908/217/697
f 907/214/620 909/216/623 913/222/698 908/217/697
f 907/214/620 910/218/195 909/216/623
f 911/219/699 909/216/623 910/218/195
f 912/220/197 909/216/623 914/221/700
f 913/222/698 909/216/623 912/220/197
f 909/216/623 915/223/626 914/221/700
f 909/216/623 916/224/201 915/223/626
f 908/217/697 913/222/698 917/225/701 897/204/692
f 913/222/698 918/226/203 917/225/701
f 913/222/698 919/227/204 918/226/203
f 913/222/698 912/220/197 919/227/204
f 920/228/702 897/204/692 917/225/701
f 896/205/613 897/204/692 920/228/702
f 896/205/613 920/228/702 921/229/631
f 922/230/703 921/229/631 920/228/702
f 921/229/631 922/230/703 923/231/208
f 921/229/631 923/231/208 924/232/704
f 925/233/210 921/229/631 924/232/704
f 925/233/210 896/205/613 921/229/631
f 905/213/696 908/217/697 897/204/692 902/210/693
f 897/204/692 898/206/183 902/210/693
f 928/234/705 926/235/212 927/236/213
f 928/234/705 927/236/213 929/237/214
f 936/238/706 930/239/707 928/234/705 929/237/214
f 930/239/707 932/241/708 931/240/709 928/234/705
f 933/242/710 932/241/708 930/239/707
f 933/242/710 934/243/711 932/241/708
f 935/244/712 934/243/711 933/242/710 936/238/706
f 930/239/707 936/238/706 933/242/710
f 939/532/713 937/533/714 938/534/715
f 940/535/716 939/532/713 938/534/715
f 941/536/717 940/535/716 938/534/715
f 940/535/716 941/536/717 942/537/718
f 943/538/719 942/537/718 941/536/717
f 943/538/719 944/539/720 942/537/718
f 945/540/721 944/539/720 943/538/719
f 946/541/722 945/540/721 943/538/719
f 946/541/722 949/542/723 945/540/721
f 947/543/724 945/540/721 949/542/723
f 945/540/721 947/543/724 948/544/725
f 946/541/722 950/545/726 949/542/723
f 946/541/722 951/546/727 950/545/726
f 952/547/728 953/548/729 951/546/727
f 952/547/728 951/546/727 946/541/722
f 955/549/730 952/547/728 954/550/731
f 952/547/728 946/541/722 954/550/731
f 946/541/722 956/551/732 954/550/731
f 946/541/722 941/536/717 956/551/732
f 943/538/719 941/536/717 946/541/722
f 938/534/715 957/552/733 941/536/717
f 941/536/717 957/552/733 958/553/734
f 958/553/734 959/554/735 941/536/717
f 941/536/717 959/554/735 960/555/736
f 961/556/737 959/554/735 958/553/734
f 938/534/715 961/556/737 957/552/733
f 957/552/733 961/556/737 958/553/734
f 964/234/705 962/235/212 963/236/213
f 964/234/705 963/236/213 965/237/214
f 972/238/706 966/239/738 964/234/705 965/237/214
f 966/239/738 968/241/708 967/240/709 964/234/705
f 969/242/710 970/243/711 968/241/708
f 969/242/710 968/241/708 966/239/738
f 971/244/712 970/243/711 969/242/710 972/238/706
f 966/239/738 972/238/706 969/242/710
f 976/245/222 974/246/223 973/247/739
f 975/248/740 973/247/739 974/246/223
f 976/245/222 973/247/739 977/249/741
f 979/250/742 980/252/743 977/249/741 973/247/739
f 973/247/739 978/251/228 979/250/742
f 979/250/742 981/253/230 980/252/743
f 980/252/743 981/253/230 982/254/744
f 983/256/745 994/269/746 980/252/743 982/254/744
f 982/254/744 984/255/232 983/256/745
f 983/256/745 984/255/232 985/257/234
f 985/257/234 986/258/747 983/256/745
f 986/258/747 985/257/234 987/259/236
f 986/258/747 987/259/236 988/260/748
f 986/258/747 988/260/748 989/261/238
f 990/262/749 986/258/747 989/261/238
f 986/258/747 990/262/749 991/263/240
f 992/265/750 993/264/241 991/263/240
f 983/256/745 986/258/747 991/263/240
f 983/256/745 991/263/240 993/264/241
f 983/256/745 993/264/241 994/269/746
f 995/267/244 994/269/746 993/264/241
f 993/264/241 996/266/243 995/267/244
f 996/266/243 993/264/241 992/265/750
f 995/267/244 997/268/751 994/269/746
f 994/269/746 997/268/751 998/270/752 980/252/743
f 980/252/743 999/271/753 977/249/741
f 1003/245/222 1001/246/223 1000/247/739
f 1002/248/740 1000/247/739 1001/246/223
f 1003/245/222 1000/247/739 1004/249/741
f 1006/250/742 1007/252/754 1004/249/741 1000/247/739
f 1000/247/739 1005/251/228 1006/250/742
f 1006/250/742 1008/253/230 1007/252/754
f 1007/252/754 1008/253/230 1009/254/755
f 1010/256/745 1024/269/746 1007/252/754 1009/254/755
f 1009/254/755 1011/255/232 1010/256/745
f 1010/256/745 1011/255/232 1012/257/756
f 1013/258/235 1012/257/756 1014/259/236
f 1012/257/756 1013/258/235 1010/256/745
f 1013/258/235 1014/259/236 1015/260/748
f 1013/258/235 1015/260/748 1016/261/238
f 1017/262/239 1013/258/235 1016/261/238
f 1013/258/235 1017/262/239 1018/263/757
f 1010/256/745 1018/263/757 1019/264/758
f 1020/265/759 1019/264/758 1018/263/757
f 1010/256/745 1013/258/235 1018/263/757
f 1021/266/243 1019/264/758 1020/265/759
f 1019/264/758 1021/266/243 1022/267/760
f 1022/267/760 1023/268/751 1024/269/746
f 1022/267/760 1024/269/746 1019/264/758
f 1024/269/746 1023/268/751 1025/270/752 1007/252/754
f 1010/256/745 1019/264/758 1024/269/746
f 1007/252/754 1026/271/753 1004/249/741
f 1027/272/249 1030/273/761 1028/274/251
f 1029/275/762 1027/276/249 1028/274/251
f 1027/272/249 1031/277/763 1030/273/761
f 1032/278/764 1031/277/763 1027/272/249
f 1032/278/764 1033/279/255 1031/277/763
f 1034/280/765 1031/277/763 1033/279/255
f 1035/281/766 1036/282/767 1031/277/763 1034/280/765
f 1037/283/768 1036/282/767 1035/281/766
f 1037/283/768 1038/284/769 1036/282/767
f 1039/285/261 1038/284/769 1037/283/768
f 1040/286/262 1038/284/769 1039/285/261
f 1041/287/770 1038/284/769 1040/286/262
f 1041/287/770 1042/288/264 1038/284/769
f 1038/284/769 1042/288/264 1044/289/265
f 1042/288/264 1043/290/266 1044/289/265
f 1038/284/769 1044/289/265 1045/291/267
f 1044/289/265 1046/292/268 1045/291/267
f 1046/292/268 1047/293/771 1045/291/267
f 1047/293/771 1049/296/772 1050/295/773 1048/294/774
f 1045/291/267 1047/293/771 1048/294/774
f 1050/295/773 1049/296/772 1051/297/775
f 1049/296/772 1052/298/776 1051/297/775
f 1052/298/776 1054/299/777 1053/300/778
f 1051/297/775 1052/298/776 1053/300/778
f 1054/299/777 1055/301/779 1056/302/780 1053/300/778
f 1055/301/779 1057/303/781 1056/302/780
f 1058/304/782 1059/305/783 1056/302/780 1057/303/781
f 1058/304/782 1060/306/784 1059/305/783
f 1059/305/783 1060/306/784 1061/307/785
f 1060/306/784 1062/309/786 1063/308/787 1061/307/785
f 1063/308/787 1062/309/786 1064/310/788
f 1063/308/787 1064/310/788 1066/311/789
f 1064/310/788 1065/312/790 1066/311/789
f 1031/277/763 1066/311/789 1030/273/761
f 1066/311/789 1070/313/791 1030/273/761
f 1067/314/792 1066/311/789 1068/315/793
f 1070/313/791 1066/311/789 1067/314/792
f 1068/315/793 1066/311/789 1069/316/794
f 1031/277/763 1059/305/783 1066/311/789
f 1061/307/785 1066/311/789 1059/305/783
f 1061/307/785 1063/308/787 1066/311/789
f 1066/311/789 1065/312/790 1069/316/794
f 1030/273/761 1070/313/791 1028/274/251
f 1028/274/251 1070/313/791 1071/317/293
f 1071/317/293 1070/313/791 1072/318/795
f 1070/313/791 1067/314/792 1072/318/795
f 1067/314/792 1068/315/793 1073/319/796 1072/318/795
f 1074/320/797 1028/274/251 1071/317/293
f 1074/320/797 1029/275/762 1028/274/251
f 1065/312/790 1075/321/798 1069/316/794
f 1068/315/793 1069/316/794 1080/322/298
f 1075/321/798 1076/323/299 1069/316/794
f 1076/323/299 1077/324/300 1069/316/794
f 1069/316/794 1077/324/300 1079/325/799
f 1078/326/800 1069/316/794 1079/325/799
f 1069/316/794 1078/326/800 1080/322/298
f 1081/327/801 1080/322/298 1082/328/802
f 1068/315/793 1080/322/298 1081/327/801
f 1082/328/802 1080/322/298 1078/326/800
f 1082/328/802 1078/326/800 1083/329/803
f 1081/327/801 1082/328/802 1084/330/306
f 1082/328/802 1083/329/803 1084/330/306
f 1078/326/800 1079/325/799 1085/331/804 1083/329/803
f 1085/331/804 1079/325/799 1086/332/805
f 1079/325/799 1077/324/300 1086/332/805
f 1087/333/309 1068/315/793 1081/327/801
f 1053/300/778 1056/302/780 1059/305/783
f 1059/305/783 1031/277/763 1053/300/778
f 1048/294/774 1051/297/775 1053/300/778
f 1045/291/267 1048/294/774 1053/300/778
f 1045/291/267 1053/300/778 1031/277/763
f 1048/294/774 1050/295/773 1051/297/775
f 1036/282/767 1038/284/769 1045/291/267
f 1031/277/763 1036/282/767 1045/291/267
f 1090/557/806 1088/558/807 1089/559/808
f 1090/557/806 1089/559/808 1091/560/809
f 1092/561/810 1090/557/806 1091/560/809
f 1092/561/810 1093/562/811 1090/557/806
f 1094/563/812 1090/557/806 1093/562/811
f 1094/563/812 1096/564/813 1095/565/814 1090/557/806
f 1096/564/813 1097/566/815 1095/565/814
f 1097/566/815 1101/567/816 1095/565/814
f 1095/565/814 1100/568/817 1098/569/818
f 1095/565/814 1098/569/818 1099/570/819
f 1095/565/814 1101/567/816 1100/568/817
f 1101/567/816 1102/571/820 1100/568/817
f 1101/567/816 1103/572/821 1102/571/820
f 1101/567/816 1104/573/822 1103/572/821
f 1105/574/823 1104/573/822 1101/567/816
f 1105/574/823 1101/567/816 1097/566/815
f 1105/574/823 1106/575/824 1104/573/822
f 1105/574/823 1107/576/825 1483/577/826 1106/575/824
f 1108/578/827 1107/576/825 1105/574/823
f 1115/579/828 1105/574/823 1097/566/815
f 1109/580/829 1108/578/827 1105/574/823
f 1110/581/830 1109/580/829 1105/574/823
f 1105/574/823 1111/582/831 1110/581/830
f 1105/574/823 1112/583/832 1111/582/831
f 1114/584/833 1400/585/834 1112/583/832 1105/574/823
f 1114/584/833 1105/574/823 1113/586/835
f 1113/586/835 1105/574/823 1115/579/828
f 1116/587/836 1113/586/835 1115/579/828
f 1115/579/828 1097/566/815 1116/587/836
f 1116/587/836 1117/588/837 1113/586/835
f 1118/589/838 1117/588/837 1116/587/836
f 1119/590/839 1118/589/838 1116/587/836
f 1116/587/836 1097/566/815 1119/590/839
f 1120/591/840 1118/589/838 1119/590/839
f 1121/592/841 1120/591/840 1119/590/839
f 1121/592/841 1119/590/839 1097/566/815 1122/593/842
f 1120/591/840 1121/592/841 1122/593/842
f 1122/593/842 1097/566/815 1123/594/843
f 1124/595/844 1122/593/842 1123/594/843
f 1124/595/844 1125/596/845 1122/593/842
f 1126/597/846 1122/593/842 1125/596/845
f 1127/598/847 1120/591/840 1122/593/842
f 1126/597/846 1127/598/847 1122/593/842
f 1128/599/848 1127/598/847 1126/597/846 1141/600/849
f 1129/601/850 1127/598/847 1128/599/848
f 1129/601/850 1130/602/851 1127/598/847
f 1127/598/847 1130/602/851 1120/591/840
f 1129/601/850 1131/603/852 1130/602/851
f 1130/602/851 1131/603/852 1120/591/840
f 1129/601/850 1133/604/853 1131/603/852
f 1131/603/852 1132/605/854 1118/589/838
f 1132/605/854 1131/603/852 1133/604/853
f 1131/603/852 1118/589/838 1120/591/840
f 1134/606/855 1135/607/856 1133/604/853
f 1133/604/853 1128/599/848 1141/600/849 1134/606/855
f 1133/604/853 1129/601/850 1128/599/848
f 1135/607/856 1132/605/854 1133/604/853
f 1134/606/855 1136/608/857 1135/607/856
f 1132/605/854 1135/607/856 1136/608/857
f 1137/609/858 1136/608/857 1140/610/859
f 1138/611/860 1136/608/857 1137/609/858
f 1139/612/861 1136/608/857 1138/611/860
f 1136/608/857 1139/612/861 1117/588/837
f 1134/606/855 1140/610/859 1136/608/857
f 1136/608/857 1118/589/838 1132/605/854
f 1136/608/857 1117/588/837 1118/589/838
f 1125/596/845 1140/610/859 1141/600/849
f 1137/609/858 1140/610/859 1125/596/845
f 1140/610/859 1134/606/855 1141/600/849
f 1126/597/846 1125/596/845 1141/600/849
f 1142/613/862 1143/614/863 1139/612/861
f 1138/611/860 1142/613/862 1139/612/861
f 1139/612/861 1144/615/864 1117/588/837
f 1143/614/863 1144/615/864 1139/612/861
f 1143/614/863 1146/616/865 1144/615/864
f 1117/588/837 1144/615/864 1113/586/835
f 1144/615/864 1145/617/866 1113/586/835
f 1147/618/867 1145/617/866 1144/615/864
f 1150/619/868 1147/618/867 1144/615/864 1146/616/865
f 1149/620/869 1148/621/870 1147/618/867
f 1148/621/870 1145/617/866 1147/618/867
f 1150/619/868 1149/620/869 1147/618/867
f 1152/622/871 1149/620/869 1150/619/868
f 1151/623/872 1150/619/868 1146/616/865
f 1151/623/872 1152/622/871 1150/619/868
f 1156/624/873 1152/622/871 1151/623/872
f 1153/625/874 1152/622/871 1154/626/875
f 1153/625/874 1474/627/876 1149/620/869 1152/622/871
f 1154/626/875 1152/622/871 1155/628/877
f 1155/628/877 1152/622/871 1156/624/873
f 1156/624/873 1151/623/872 1157/629/878
f 1155/628/877 1156/624/873 1162/630/879
f 1157/629/878 1158/631/880 1156/624/873
f 1158/631/880 1159/632/881 1156/624/873
f 1160/633/882 1156/624/873 1159/632/881
f 1160/633/882 1161/634/883 1156/624/873
f 1156/624/873 1161/634/883 1162/630/879
f 1161/634/883 1163/635/884 1162/630/879
f 1155/628/877 1162/630/879 1164/636/885
f 1165/637/886 1162/630/879 1163/635/884
f 1164/636/885 1162/630/879 1165/637/886
f 1165/637/886 1166/638/887 1164/636/885
f 1163/635/884 1167/639/888 1166/638/887 1165/637/886
f 1166/638/887 1153/625/874 1154/626/875
f 1155/628/877 1164/636/885 1166/638/887 1154/626/875
f 1166/638/887 1167/639/888 1153/625/874
f 1169/640/889 1168/641/890 1167/639/888
f 1474/627/876 1153/625/874 1167/639/888 1168/641/890
f 1169/640/889 1167/639/888 1170/642/891
f 1171/643/892 1167/639/888 1163/635/884
f 1170/642/891 1167/639/888 1171/643/892
f 1172/644/893 1170/642/891 1171/643/892
f 1171/643/892 1173/645/894 1172/644/893
f 1174/646/895 1173/645/894 1171/643/892
f 1163/635/884 1174/646/895 1171/643/892
f 1179/647/896 1174/646/895 1175/648/897
f 1175/648/897 1174/646/895 1176/649/898 1160/633/882
f 1161/634/883 1174/646/895 1163/635/884
f 1176/649/898 1174/646/895 1161/634/883
f 1177/650/899 1173/645/894 1174/646/895
f 1174/646/895 1178/651/900 1177/650/899
f 1179/647/896 1178/651/900 1174/646/895
f 1180/652/901 1179/647/896 1181/653/902
f 1183/654/903 1179/647/896 1180/652/901 1186/655/904
f 1179/647/896 1182/656/905 1201/657/906 1181/653/902
f 1179/647/896 1183/654/903 1178/651/900
f 1179/647/896 1175/648/897 1182/656/905
f 1183/654/903 1184/658/907 1185/659/908
f 1186/655/904 1184/658/907 1183/654/903
f 1183/654/903 1185/659/908 1178/651/900
f 1187/660/909 1184/658/907 1186/655/904
f 1186/655/904 1180/652/901 1190/661/910 1187/660/909
f 1187/660/909 1188/662/911 1189/663/912
f 1187/660/909 1190/661/910 1188/662/911
f 1189/663/912 1184/658/907 1187/660/909
f 1191/664/913 1190/661/910 1180/652/901
f 1191/664/913 1188/662/911 1190/661/910
f 1188/662/911 1191/664/913 1193/665/914
f 1192/666/915 1191/664/913 1195/667/916 1442/668/917
f 1467/669/918 1193/665/914 1191/664/913 1192/666/915
f 1181/653/902 1191/664/913 1180/652/901
f 1196/670/919 1191/664/913 1181/653/902
f 1195/667/916 1191/664/913 1194/671/920
f 1194/671/920 1191/664/913 1196/670/919
f 1197/672/921 1194/671/920 1196/670/919
f 1196/670/919 1181/653/902 1198/673/922
f 1198/673/922 1181/653/902 1199/674/923
f 1199/674/923 1181/653/902 1200/675/924
f 1200/675/924 1201/657/906 1202/676/925
f 1200/675/924 1181/653/902 1201/657/906
f 1203/677/926 1202/676/925 1201/657/906
f 1203/677/926 1201/657/906 1204/678/927
f 1203/677/926 1204/678/927 1205/679/928
f 1205/679/928 1204/678/927 1206/680/929
f 1206/680/929 1207/681/930 1208/682/931
f 1206/680/929 1204/678/927 1207/681/930
f 1208/682/931 1207/681/930 1209/683/932
f 1210/684/933 1209/683/932 1211/685/934 1214/686/935
f 1212/687/936 1209/683/932 1210/684/933
f 1207/681/930 1216/688/937 1211/685/934 1209/683/932
f 1213/689/938 1209/683/932 1212/687/936
f 1211/685/934 1215/690/939 1252/691/940 1214/686/935
f 1211/685/934 1216/688/937 1217/692/941 1215/690/939
f 1216/688/937 1220/693/942 1217/692/941
f 1218/694/943 1216/688/937 1207/681/930 1204/678/927
f 1218/694/943 1219/695/944 1216/688/937
f 1216/688/937 1219/695/944 1124/595/844
f 1216/688/937 1124/595/844 1220/693/942
f 1220/693/942 1222/696/945 1217/692/941
f 1220/693/942 1221/697/946 1222/696/945
f 1124/595/844 1234/698/947 1221/697/946 1220/693/942
f 1222/696/945 1223/699/948 1215/690/939 1217/692/941
f 1223/699/948 1222/696/945 1224/700/949
f 1224/700/949 1222/696/945 1225/701/950
f 1225/701/950 1222/696/945 1226/702/951
f 1222/696/945 1221/697/946 1226/702/951
f 1221/697/946 1227/703/952 1226/702/951
f 1226/702/951 1227/703/952 1228/704/953 1225/701/950
f 1227/703/952 1229/705/954 1230/706/955 1228/704/953
f 1221/697/946 1229/705/954 1227/703/952
f 1221/697/946 1232/707/956 1229/705/954
f 1230/706/955 1229/705/954 1231/708/957
f 1229/705/954 1232/707/956 1231/708/957
f 1233/709/958 1232/707/956 1096/564/813
f 1233/709/958 1231/708/957 1232/707/956
f 1232/707/956 1123/594/843 1096/564/813
f 1234/698/947 1123/594/843 1232/707/956
f 1221/697/946 1234/698/947 1232/707/956
f 1124/595/844 1123/594/843 1234/698/947
f 1236/710/959 1233/709/958 1096/564/813 1094/563/812
f 1235/711/960 1231/708/957 1233/709/958
f 1235/711/960 1233/709/958 1236/710/959
f 1235/711/960 1236/710/959 1093/562/811
f 1236/710/959 1094/563/812 1093/562/811
f 1237/712/961 1231/708/957 1235/711/960
f 1237/712/961 1235/711/960 1238/713/962
f 1235/711/960 1093/562/811 1238/713/962
f 1237/712/961 1238/713/962 1240/714/963
f 1238/713/962 1093/562/811 1239/715/964
f 1240/714/963 1238/713/962 1239/715/964
f 1241/716/965 1240/714/963 1239/715/964
f 1242/717/966 1240/714/963 1241/716/965
f 1243/718/967 1240/714/963 1242/717/966
f 1244/719/968 1240/714/963 1243/718/967
f 1244/719/968 1245/720/969 1240/714/963
f 1246/721/970 1240/714/963 1245/720/969
f 1246/721/970 1237/712/961 1240/714/963
f 1230/706/955 1246/721/970 1228/704/953
f 1228/704/953 1246/721/970 1245/720/969
f 1246/721/970 1230/706/955 1231/708/957
f 1246/721/970 1231/708/957 1237/712/961
f 1228/704/953 1245/720/969 1244/719/968
f 1244/719/968 1243/718/967 1247/722/971
f 1247/722/971 1248/723/972 1244/719/968
f 1249/724/973 1244/719/968 1248/723/972
f 1249/724/973 1225/701/950 1228/704/953 1244/719/968
f 1225/701/950 1249/724/973 1224/700/949
f 1249/724/973 1248/723/972 1224/700/949
f 1248/723/972 1242/717/966 1224/700/949
f 1248/723/972 1247/722/971 1242/717/966
f 1247/722/971 1243/718/967 1242/717/966
f 1250/725/974 1242/717/966 1241/716/965
f 1223/699/948 1242/717/966 1250/725/974 1215/690/939
f 1223/699/948 1224/700/949 1242/717/966
f 1251/726/975 1252/691/940 1250/725/974
f 1241/716/965 1251/726/975 1250/725/974
f 1250/725/974 1252/691/940 1215/690/939
f 1214/686/935 1252/691/940 1251/726/975
f 1253/727/976 1251/726/975 1257/728/977 1261/729/978
f 1214/686/935 1251/726/975 1253/727/976
f 1254/730/979 1251/726/975 1241/716/965
f 1255/731/980 1251/726/975 1254/730/979
f 1256/732/981 1251/726/975 1255/731/980
f 1257/728/977 1251/726/975 1256/732/981
f 1256/732/981 1265/733/982 1262/734/983 1257/728/977
f 1259/735/984 1257/728/977 1258/736/985
f 1258/736/985 1257/728/977 1262/734/983
f 1260/737/986 1257/728/977 1259/735/984
f 1260/737/986 1261/729/978 1257/728/977
f 1263/738/987 1262/734/983 1265/733/982
f 1263/738/987 1264/739/988 1262/734/983
f 1263/738/987 1265/733/982 1266/740/989
f 1256/732/981 1255/731/980 1266/740/989 1265/733/982
f 1266/740/989 1267/741/990 1263/738/987
f 1255/731/980 1267/741/990 1266/740/989
f 1267/741/990 1268/742/991 1263/738/987
f 1268/742/991 1267/741/990 1270/743/992
f 1267/741/990 1255/731/980 1269/744/993
f 1267/741/990 1269/744/993 1270/743/992
f 1270/743/992 1271/745/994 1273/746/995
f 1270/743/992 1272/747/996 1271/745/994
f 1270/743/992 1269/744/993 1272/747/996
f 1270/743/992 1273/746/995 1274/748/997
f 1270/743/992 1274/748/997 1275/749/998
f 1275/749/998 1276/750/999 1270/743/992
f 1268/742/991 1270/743/992 1276/750/999
f 1277/751/1000 1276/750/999 1275/749/998
f 1277/751/1000 1268/742/991 1276/750/999
f 1268/742/991 1277/751/1000 1278/752/1001
f 1277/751/1000 1275/749/998 1278/752/1001
f 1278/752/1001 1275/749/998 1279/753/1002
f 1280/754/1003 1278/752/1001 1279/753/1002
f 1278/752/1001 1280/754/1003 1281/755/1004
f 1281/755/1004 1263/738/987 1278/752/1001
f 1268/742/991 1278/752/1001 1263/738/987
f 1264/739/988 1263/738/987 1281/755/1004
f 1279/753/1002 1275/749/998 1282/756/1002
f 1282/756/1002 1275/749/998 1274/748/997
f 1274/748/997 1283/757/1005 1282/756/1002
f 1283/757/1005 1285/758/1006 1284/759/1007
f 1274/748/997 1285/758/1006 1283/757/1005
f 1285/758/1006 1273/746/995 1284/759/1007
f 1285/758/1006 1274/748/997 1273/746/995
f 1284/759/1007 1273/746/995 1271/745/994
f 1284/759/1007 1271/745/994 1286/760/1008
f 1286/760/1008 1288/761/1009 1287/762/1010
f 1286/760/1008 1271/745/994 1288/761/1009
f 1287/762/1010 1288/761/1009 1289/763/1011 1305/764/1012
f 1290/765/1013 1292/766/1014 1289/763/1011 1288/761/1009
f 1271/745/994 1290/765/1013 1288/761/1009
f 1290/765/1013 1291/767/1015 1092/561/810 1292/766/1014
f 1290/765/1013 1271/745/994 1291/767/1015
f 1091/560/809 1293/768/1016 1292/766/1014 1092/561/810
f 1289/763/1011 1292/766/1014 1293/768/1016
f 1293/768/1016 1294/769/1017 1295/770/1018
f 1289/763/1011 1293/768/1016 1295/770/1018
f 1289/763/1011 1295/770/1018 1296/771/1019
f 1296/771/1019 1295/770/1018 1297/772/1020
f 1296/771/1019 1297/772/1020 1298/773/1021
f 1296/771/1019 1298/773/1021 1299/774/1022
f 1300/775/1023 1296/771/1019 1299/774/1022
f 1299/774/1022 1301/776/1024 1300/775/1023
f 1300/775/1023 1301/776/1024 1302/777/1025
f 1303/778/1026 1300/775/1023 1302/777/1025
f 1304/779/1027 1289/763/1011 1300/775/1023 1303/778/1026
f 1305/764/1012 1289/763/1011 1304/779/1027
f 1289/763/1011 1296/771/1019 1300/775/1023
f 1291/767/1015 1271/745/994 1272/747/996
f 1272/747/996 1269/744/993 1291/767/1015
f 1291/767/1015 1269/744/993 1092/561/810
f 1093/562/811 1092/561/810 1269/744/993
f 1254/730/979 1239/715/964 1269/744/993 1255/731/980
f 1093/562/811 1269/744/993 1239/715/964
f 1306/780/1028 1261/729/978 1260/737/986
f 1307/781/1029 1253/727/976 1261/729/978
f 1254/730/979 1241/716/965 1239/715/964
f 1253/727/976 1308/782/1030 1214/686/935
f 1309/783/1031 1308/782/1030 1253/727/976
f 1310/784/1032 1308/782/1030 1309/783/1031
f 1210/684/933 1308/782/1030 1310/784/1032
f 1210/684/933 1214/686/935 1308/782/1030
f 1218/694/943 1312/785/1033 1311/786/1034 1219/695/944
f 1124/595/844 1219/695/944 1311/786/1034
f 1311/786/1034 1125/596/845 1124/595/844
f 1312/785/1033 1137/609/858 1311/786/1034
f 1311/786/1034 1137/609/858 1125/596/845
f 1138/611/860 1137/609/858 1312/785/1033
f 1142/613/862 1138/611/860 1312/785/1033 1218/694/943
f 1182/656/905 1142/613/862 1218/694/943
f 1182/656/905 1218/694/943 1204/678/927 1201/657/906
f 1197/672/921 1313/787/1035 1194/671/920
f 1314/788/1036 1194/671/920 1313/787/1035
f 1314/788/1036 1315/789/1037 1194/671/920
f 1315/789/1037 1195/667/916 1194/671/920
f 1316/790/1038 1195/667/916 1315/789/1037
f 1317/791/1039 1195/667/916 1316/790/1038
f 1319/792/1040 1317/791/1039 1318/793/1041
f 1319/792/1040 1195/667/916 1317/791/1039
f 1320/794/1042 1195/667/916 1319/792/1040
f 1318/793/1041 1320/794/1042 1319/792/1040
f 1320/794/1042 1318/793/1041 1322/795/1043
f 1321/796/1044 1454/797/1045 1195/667/916 1320/794/1042
f 1322/795/1043 1321/796/1044 1320/794/1042
f 1323/798/1046 1321/796/1044 1322/795/1043
f 1323/798/1046 1324/799/1047 1321/796/1044
f 1325/800/1048 1326/801/1049 1324/799/1047
f 1324/799/1047 1326/801/1049 1321/796/1044
f 1327/802/1050 1328/803/1051 1326/801/1049
f 1325/800/1048 1327/802/1050 1326/801/1049
f 1328/803/1051 1321/796/1044 1326/801/1049
f 1329/804/1052 1454/797/1045 1321/796/1044 1328/803/1051
f 1332/805/1053 1329/804/1052 1328/803/1051 1330/806/1054
f 1330/806/1054 1328/803/1051 1331/807/1055
f 1331/807/1055 1328/803/1051 1327/802/1050
f 1327/802/1050 1325/800/1048 1331/807/1055
f 1336/808/1056 1332/805/1053 1330/806/1054 1333/809/1057
f 1334/810/1058 1333/809/1057 1330/806/1054
f 1335/811/1059 1333/809/1057 1334/810/1058
f 1335/811/1059 1336/808/1056 1333/809/1057
f 1335/811/1059 1337/812/1060 1336/808/1056
f 1337/812/1060 1338/813/1061 1336/808/1056
f 1336/808/1056 1338/813/1061 1339/814/1062 1341/815/1063
f 1341/815/1063 1339/814/1062 1340/816/1064 1343/817/1065
f 1341/815/1063 1343/817/1065 1342/818/1066
f 1332/805/1053 1336/808/1056 1341/815/1063 1342/818/1066
f 1344/819/1067 1342/818/1066 1343/817/1065
f 1343/817/1065 1345/820/1068 1344/819/1067
f 1345/820/1068 1343/817/1065 1340/816/1064
f 1346/821/1069 1347/822/1070 1345/820/1068
f 1345/820/1068 1348/823/1071 1346/821/1069
f 1345/820/1068 1347/822/1070 1344/819/1067
f 1348/823/1071 1350/824/1072 1349/825/1073
f 1352/826/1074 1351/827/1075 1348/823/1071 1349/825/1073
f 1346/821/1069 1348/823/1071 1351/827/1075
f 1351/827/1075 1352/826/1074 1353/828/1076
f 1358/829/1077 1355/830/1078 1351/827/1075 1353/828/1076
f 1354/831/1079 1346/821/1069 1351/827/1075
f 1351/827/1075 1355/830/1078 1354/831/1079
f 1354/831/1079 1355/830/1078 1357/832/1080
f 1357/832/1080 1355/830/1078 1356/833/1081
f 1356/833/1081 1355/830/1078 1358/829/1077
f 1353/828/1076 1361/834/1082 1358/829/1077
f 1360/835/1083 1358/829/1077 1359/836/1084
f 1358/829/1077 1361/834/1082 1359/836/1084
f 1356/833/1081 1358/829/1077 1360/835/1083
f 1361/834/1082 1362/837/1085 1359/836/1084
f 1362/837/1085 1361/834/1082 1363/838/1086
f 1361/834/1082 1364/839/1087 1363/838/1086
f 1365/840/1088 1364/839/1087 1361/834/1082
f 1361/834/1082 1353/828/1076 1352/826/1074 1365/840/1088
f 1367/841/1089 1364/839/1087 1365/840/1088
f 1366/842/1090 1367/841/1089 1365/840/1088
f 1366/842/1090 1365/840/1088 1352/826/1074 1349/825/1073
f 1364/839/1087 1367/841/1089 1371/843/1091
f 1367/841/1089 1369/844/1092 1368/845/1093
f 1371/843/1091 1367/841/1089 1368/845/1093
f 1369/844/1092 1367/841/1089 1370/846/1094
f 1370/846/1094 1367/841/1089 1366/842/1090
f 1364/839/1087 1371/843/1091 1363/838/1086
f 1372/847/1095 1373/848/1096 1363/838/1086 1371/843/1091
f 1368/845/1093 1374/849/1097 1372/847/1095 1371/843/1091
f 1372/847/1095 1375/850/1098 1376/851/1099 1373/848/1096
f 1374/849/1097 1378/852/1100 1375/850/1098 1372/847/1095
f 1375/850/1098 1377/853/1101 1376/851/1099
f 1382/854/1102 1381/855/1103 1378/852/1100 1374/849/1097
f 1380/856/1104 1379/857/1105 1378/852/1100
f 1381/855/1103 1380/856/1104 1378/852/1100
f 1381/855/1103 1385/858/1106 1380/856/1104
f 1382/854/1102 1383/859/1107 1381/855/1103
f 1384/860/1108 1381/855/1103 1383/859/1107
f 1384/860/1108 1385/858/1106 1381/855/1103
f 1386/861/1109 1383/859/1107 1382/854/1102
f 1369/844/1092 1386/861/1109 1374/849/1097 1368/845/1093
f 1382/854/1102 1374/849/1097 1386/861/1109
f 1376/851/1099 1377/853/1101 1387/862/1110
f 1376/851/1099 1387/862/1110 1388/863/1111
f 1390/864/1112 1388/863/1111 1389/865/1113
f 1376/851/1099 1388/863/1111 1390/864/1112
f 1391/866/1114 1390/864/1112 1389/865/1113
f 1376/851/1099 1390/864/1112 1391/866/1114
f 1394/867/1115 1391/866/1114 1389/865/1113
f 1457/868/1116 1376/851/1099 1391/866/1114 1392/869/1117
f 1392/869/1117 1391/866/1114 1393/870/1118
f 1391/866/1114 1394/867/1115 1393/870/1118
f 1394/867/1115 1395/871/1119 1393/870/1118
f 1395/871/1119 1394/867/1115 1389/865/1113
f 1396/872/1120 1393/870/1118 1395/871/1119
f 1396/872/1120 1397/873/1121 1393/870/1118
f 1397/873/1121 1398/874/1122 1112/583/832
f 1393/870/1118 1397/873/1121 1399/875/1123
f 1399/875/1123 1397/873/1121 1112/583/832
f 1402/876/1124 1399/875/1123 1400/585/834
f 1399/875/1123 1112/583/832 1400/585/834
f 1401/877/1125 1393/870/1118 1399/875/1123
f 1403/878/1126 1407/879/1127 1401/877/1125 1399/875/1123
f 1402/876/1124 1404/880/1128 1403/878/1126 1399/875/1123
f 1404/880/1128 1405/881/1129 1403/878/1126
f 1406/882/1130 1403/878/1126 1405/881/1129
f 1406/882/1130 1407/879/1127 1403/878/1126
f 1407/879/1127 1408/883/1131 1401/877/1125
f 1409/884/1132 1408/883/1131 1407/879/1127
f 1409/884/1132 1407/879/1127 1406/882/1130
f 1409/884/1132 1406/882/1130 1410/885/1133
f 1189/663/912 1409/884/1132 1412/886/1134
f 1189/663/912 1408/883/1131 1409/884/1132
f 1411/887/1135 1409/884/1132 1410/885/1133
f 1411/887/1135 1413/888/1136 1409/884/1132
f 1413/888/1136 1412/886/1134 1409/884/1132
f 1413/888/1136 1411/887/1135 1418/889/1137 1415/890/1138
f 1414/891/1139 1412/886/1134 1413/888/1136
f 1415/890/1138 1414/891/1139 1413/888/1136
f 1416/892/1140 1415/890/1138 1417/893/1141
f 1415/890/1138 1416/892/1140 1414/891/1139
f 1417/893/1141 1415/890/1138 1185/659/908
f 1185/659/908 1415/890/1138 1418/889/1137
f 1418/889/1137 1419/894/1142 1185/659/908
f 1420/895/1143 1421/896/1144 1419/894/1142 1418/889/1137
f 1418/889/1137 1411/887/1135 1420/895/1143
f 1422/897/1145 1420/895/1143 1411/887/1135 1410/885/1133
f 1420/895/1143 1422/897/1145 1421/896/1144
f 1185/659/908 1422/897/1145 1423/898/1146
f 1422/897/1145 1404/880/1128 1423/898/1146
f 1419/894/1142 1422/897/1145 1185/659/908
f 1405/881/1129 1404/880/1128 1422/897/1145
f 1406/882/1130 1405/881/1129 1422/897/1145
f 1410/885/1133 1406/882/1130 1422/897/1145
f 1419/894/1142 1421/896/1144 1422/897/1145
f 1402/876/1124 1423/898/1146 1404/880/1128
f 1402/876/1124 1177/650/899 1423/898/1146
f 1178/651/900 1185/659/908 1423/898/1146
f 1178/651/900 1423/898/1146 1177/650/899
f 1184/658/907 1416/892/1140 1417/893/1141
f 1184/658/907 1417/893/1141 1185/659/908
f 1189/663/912 1416/892/1140 1184/658/907
f 1414/891/1139 1416/892/1140 1189/663/912
f 1414/891/1139 1189/663/912 1412/886/1134
f 1425/899/1147 1424/900/1148 1408/883/1131
f 1424/900/1148 1401/877/1125 1408/883/1131
f 1425/899/1147 1408/883/1131 1188/662/911
f 1188/662/911 1408/883/1131 1189/663/912
f 1425/899/1147 1188/662/911 1193/665/914 1426/901/1149
f 1427/902/1150 1424/900/1148 1425/899/1147
f 1427/902/1150 1425/899/1147 1426/901/1149 1428/903/1151
f 1427/902/1150 1429/904/1152 1424/900/1148
f 1428/903/1151 1429/904/1152 1427/902/1150
f 1429/904/1152 1430/905/1153 1424/900/1148
f 1429/904/1152 1428/903/1151 1430/905/1153
f 1430/905/1153 1431/906/1154 1424/900/1148
f 1430/905/1153 1432/907/1155 1431/906/1154
f 1433/908/1156 1432/907/1155 1430/905/1153
f 1433/908/1156 1430/905/1153 1434/909/1157
f 1435/910/1158 1434/909/1157 1430/905/1153
f 1426/901/1149 1430/905/1153 1428/903/1151
f 1435/910/1158 1430/905/1153 1426/901/1149
f 1434/909/1157 1435/910/1158 1436/911/1159
f 1436/911/1159 1435/910/1158 1437/912/1160
f 1437/912/1160 1435/910/1158 1426/901/1149
f 1438/913/1161 1437/912/1160 1426/901/1149
f 1441/914/1162 1437/912/1160 1438/913/1161
f 1440/915/1163 1437/912/1160 1439/916/1164
f 1441/914/1162 1439/916/1164 1437/912/1160
f 1436/911/1159 1437/912/1160 1440/915/1163
f 1442/668/917 1441/914/1162 1192/666/915
f 1443/917/1165 1441/914/1162 1442/668/917
f 1444/918/1166 1441/914/1162 1443/917/1165
f 1444/918/1166 1439/916/1164 1441/914/1162
f 1192/666/915 1441/914/1162 1438/913/1161
f 1444/918/1166 1445/919/1167 1448/920/1168
f 1444/918/1166 1446/921/1169 1445/919/1167
f 1444/918/1166 1449/922/1170 1446/921/1169
f 1443/917/1165 1449/922/1170 1444/918/1166
f 1447/923/1171 1444/918/1166 1448/920/1168
f 1447/923/1171 1439/916/1164 1444/918/1166
f 1449/922/1170 1359/836/1084 1450/924/1172
f 1449/922/1170 1450/924/1172 1455/925/1173
f 1451/926/1174 1359/836/1084 1449/922/1170
f 1449/922/1170 1452/927/1175 1451/926/1174
f 1453/928/1176 1452/927/1175 1449/922/1170
f 1329/804/1052 1453/928/1176 1449/922/1170
f 1454/797/1045 1329/804/1052 1449/922/1170
f 1454/797/1045 1449/922/1170 1443/917/1165
f 1449/922/1170 1455/925/1173 1446/921/1169
f 1446/921/1169 1455/925/1173 1456/929/1177 1459/930/1178
f 1455/925/1173 1450/924/1172 1456/929/1177
f 1457/868/1116 1456/929/1177 1458/931/1179
f 1459/930/1178 1456/929/1177 1457/868/1116
f 1450/924/1172 1458/931/1179 1456/929/1177
f 1457/868/1116 1392/869/1117 1460/932/1180 1459/930/1178
f 1460/932/1180 1432/907/1155 1459/930/1178
f 1461/933/1181 1459/930/1178 1432/907/1155
f 1461/933/1181 1446/921/1169 1459/930/1178
f 1461/933/1181 1432/907/1155 1433/908/1156
f 1462/934/1182 1461/933/1181 1433/908/1156
f 1445/919/1167 1461/933/1181 1462/934/1182
f 1461/933/1181 1445/919/1167 1446/921/1169
f 1445/919/1167 1462/934/1182 1434/909/1157
f 1434/909/1157 1462/934/1182 1433/908/1156
f 1460/932/1180 1392/869/1117 1463/935/1183
f 1460/932/1180 1463/935/1183 1464/936/1184
f 1464/936/1184 1431/906/1154 1460/932/1180
f 1431/906/1154 1432/907/1155 1460/932/1180
f 1424/900/1148 1431/906/1154 1464/936/1184
f 1464/936/1184 1463/935/1183 1424/900/1148
f 1392/869/1117 1393/870/1118 1463/935/1183
f 1463/935/1183 1401/877/1125 1424/900/1148
f 1463/935/1183 1393/870/1118 1401/877/1125
f 1465/937/1185 1457/868/1116 1458/931/1179
f 1450/924/1172 1465/937/1185 1458/931/1179
f 1450/924/1172 1359/836/1084 1465/937/1185
f 1359/836/1084 1362/837/1085 1465/937/1185
f 1362/837/1085 1363/838/1086 1373/848/1096 1465/937/1185
f 1373/848/1096 1457/868/1116 1465/937/1185
f 1373/848/1096 1376/851/1099 1457/868/1116
f 1442/668/917 1195/667/916 1454/797/1045 1443/917/1165
f 1453/928/1176 1466/938/1186 1357/832/1080
f 1453/928/1176 1357/832/1080 1452/927/1175
f 1466/938/1186 1453/928/1176 1329/804/1052
f 1342/818/1066 1354/831/1079 1466/938/1186
f 1466/938/1186 1354/831/1079 1357/832/1080
f 1329/804/1052 1342/818/1066 1466/938/1186
f 1451/926/1174 1452/927/1175 1357/832/1080 1356/833/1081
f 1451/926/1174 1356/833/1081 1360/835/1083
f 1451/926/1174 1360/835/1083 1359/836/1084
f 1447/923/1171 1448/920/1168 1434/909/1157
f 1448/920/1168 1445/919/1167 1434/909/1157
f 1440/915/1163 1447/923/1171 1434/909/1157
f 1440/915/1163 1439/916/1164 1447/923/1171
f 1440/915/1163 1434/909/1157 1436/911/1159
f 1467/669/918 1192/666/915 1438/913/1161
f 1467/669/918 1438/913/1161 1193/665/914
f 1438/913/1161 1426/901/1149 1193/665/914
f 1402/876/1124 1400/585/834 1468/939/1187
f 1177/650/899 1402/876/1124 1468/939/1187
f 1468/939/1187 1400/585/834 1469/940/1188
f 1471/941/1189 1468/939/1187 1469/940/1188 1473/942/1190
f 1470/943/1191 1177/650/899 1468/939/1187
f 1169/640/889 1470/943/1191 1468/939/1187
f 1168/641/890 1468/939/1187 1471/941/1189
f 1169/640/889 1468/939/1187 1168/641/890
f 1472/944/1192 1168/641/890 1471/941/1189
f 1473/942/1190 1472/944/1192 1471/941/1189
f 1473/942/1190 1469/940/1188 1475/945/1193 1148/621/870
f 1148/621/870 1149/620/869 1473/942/1190
f 1472/944/1192 1473/942/1190 1149/620/869
f 1168/641/890 1472/944/1192 1474/627/876
f 1474/627/876 1472/944/1192 1149/620/869
f 1470/943/1191 1169/640/889 1170/642/891
f 1172/644/893 1470/943/1191 1170/642/891
f 1172/644/893 1173/645/894 1470/943/1191
f 1173/645/894 1177/650/899 1470/943/1191
f 1469/940/1188 1114/584/833 1475/945/1193
f 1469/940/1188 1400/585/834 1114/584/833
f 1148/621/870 1475/945/1193 1145/617/866
f 1145/617/866 1475/945/1193 1114/584/833
f 1398/874/1122 1476/946/1194 1112/583/832
f 1477/947/1195 1369/844/1092 1370/846/1094
f 1477/947/1195 1370/846/1094 1478/948/1196
f 1370/846/1094 1349/825/1073 1478/948/1196
f 1370/846/1094 1366/842/1090 1349/825/1073
f 1349/825/1073 1479/949/1197 1478/948/1196
f 1349/825/1073 1350/824/1072 1479/949/1197
f 1344/819/1067 1354/831/1079 1342/818/1066
f 1344/819/1067 1347/822/1070 1354/831/1079
f 1354/831/1079 1347/822/1070 1346/821/1069
f 1329/804/1052 1332/805/1053 1342/818/1066
f 1143/614/863 1142/613/862 1182/656/905
f 1143/614/863 1182/656/905 1157/629/878
f 1182/656/905 1159/632/881 1158/631/880 1157/629/878
f 1175/648/897 1160/633/882 1159/632/881 1182/656/905
f 1176/649/898 1161/634/883 1160/633/882
f 1157/629/878 1146/616/865 1143/614/863
f 1157/629/878 1151/623/872 1146/616/865
f 1145/617/866 1114/584/833 1113/586/835
f 1123/594/843 1097/566/815 1096/564/813
f 1110/581/830 1111/582/831 1480/950/1198
f 1110/581/830 1480/950/1198 1481/951/1199 1482/952/1200
f 1110/581/830 1482/952/1200 1109/580/829
f 1106/575/824 1483/577/826 1484/953/1201 1104/573/822
f 1104/573/822 1484/953/1201 1103/572/821
f 1103/572/821 1485/954/1202 1102/571/820
f 1485/954/1202 1098/569/818 1486/955/1203
f 1485/954/1202 1486/955/1203 1102/571/820
f 1100/568/817 1486/955/1203 1098/569/818
f 1100/568/817 1487/956/1204 1486/955/1203
f 1487/956/1204 1102/571/820 1486/955/1203
f 1100/568/817 1102/571/820 1487/956/1204
f 1488/272/249 1491/273/761 1489/274/251
f 1490/275/252 1488/276/249 1489/274/251
f 1488/272/249 1492/277/763 1491/273/761
f 1493/278/764 1492/277/763 1488/272/249
f 1493/278/764 1494/279/255 1492/277/763
f 1495/280/765 1492/277/763 1494/279/255
f 1496/281/766 1497/282/1205 1492/277/763 1495/280/765
f 1498/283/768 1497/282/1205 1496/281/766
f 1498/283/768 1499/284/260 1497/282/1205
f 1500/285/1206 1499/284/260 1498/283/768
f 1501/286/262 1499/284/260 1500/285/1206
f 1502/287/770 1499/284/260 1501/286/262
f 1502/287/770 1503/288/264 1499/284/260
f 1503/288/264 1504/290/266 1505/289/265
f 1499/284/260 1503/288/264 1505/289/265
f 1505/289/265 1507/292/268 1506/291/1207
f 1499/284/260 1505/289/265 1506/291/1207
f 1507/292/268 1508/293/1208 1506/291/1207
f 1506/291/1207 1508/293/1208 1509/294/1209
f 1508/293/1208 1510/296/772 1511/295/773 1509/294/1209
f 1511/295/773 1510/296/772 1512/297/273
f 1510/296/772 1513/298/1210 1512/297/273
f 1513/298/1210 1515/299/777 1514/300/1211
f 1512/297/273 1513/298/1210 1514/300/1211
f 1515/299/777 1516/301/779 1517/302/780 1514/300/1211
f 1516/301/779 1518/303/781 1517/302/780
f 1519/304/782 1520/305/783 1517/302/780 1518/303/781
f 1519/304/782 1521/306/784 1520/305/783
f 1520/305/783 1521/306/784 1522/307/785
f 1521/306/784 1523/309/1212 1524/308/787 1522/307/785
f 1524/308/787 1523/309/1212 1525/310/1213
f 1525/310/1213 1527/312/790 1526/311/287
f 1524/308/787 1525/310/1213 1526/311/287
f 1527/312/790 1529/321/798 1528/316/794
f 1526/311/287 1527/312/790 1528/316/794
f 1529/321/798 1530/323/299 1528/316/794
f 1530/323/299 1531/324/300 1528/316/794
f 1528/316/794 1531/324/300 1532/325/799
f 1532/325/799 1531/324/300 1533/332/1214
f 1534/331/804 1532/325/799 1533/332/1214
f 1538/326/1215 1532/325/799 1534/331/804 1535/329/1216
f 1536/328/802 1535/329/1216 1537/330/1217
f 1536/328/802 1538/326/1215 1535/329/1216
f 1538/326/1215 1528/316/794 1532/325/799
f 1528/316/794 1538/326/1215 1539/322/298
f 1536/328/802 1539/322/298 1538/326/1215
f 1540/315/1218 1528/316/794 1539/322/298
f 1540/315/1218 1539/322/298 1541/327/801
f 1541/327/801 1539/322/298 1536/328/802
f 1542/333/309 1540/315/1218 1541/327/801
f 1541/327/801 1536/328/802 1537/330/1217
f 1544/314/792 1540/315/1218 1543/319/796 1546/318/1219
f 1540/315/1218 1526/311/287 1528/316/794
f 1544/314/792 1526/311/287 1540/315/1218
f 1545/313/1220 1526/311/287 1544/314/792
f 1545/313/1220 1544/314/792 1546/318/1219
f 1547/317/293 1545/313/1220 1546/318/1219
f 1489/274/251 1545/313/1220 1547/317/293
f 1548/320/797 1489/274/251 1547/317/293
f 1548/320/797 1490/275/252 1489/274/251
f 1491/273/761 1545/313/1220 1489/274/251
f 1526/311/287 1545/313/1220 1491/273/761
f 1522/307/785 1524/308/787 1526/311/287
f 1522/307/785 1526/311/287 1520/305/783
f 1492/277/763 1520/305/783 1526/311/287
f 1492/277/763 1526/311/287 1491/273/761
f 1520/305/783 1492/277/763 1514/300/1211
f 1514/300/1211 1517/302/780 1520/305/783
f 1509/294/1209 1512/297/273 1514/300/1211
f 1506/291/1207 1514/300/1211 1492/277/763
f 1506/291/1207 1509/294/1209 1514/300/1211
f 1509/294/1209 1511/295/773 1512/297/273
f 1492/277/763 1497/282/1205 1506/291/1207
f 1497/282/1205 1499/284/260 1506/291/1207
f 1551/29/310 1549/30/8 1550/31/9
f 1551/29/310 1550/31/9 1552/32/10
f 1553/33/11 1551/29/310 1552/32/10
f 1553/33/11 1554/34/12 1555/35/13
f 1553/33/11 1552/32/10 1554/34/12
f 1556/36/1221 1553/33/11 1555/35/13
f 1556/36/1221 1557/37/1222 1553/33/11
f 1558/38/428 1557/37/1222 1556/36/1221
f 1559/39/17 1558/38/428 1556/36/1221
f 1559/39/17 1556/36/1221 1560/41/1223
f 1561/40/18 1559/39/17 1560/41/1223
f 1562/42/20 1559/39/17 1561/40/18
f 1562/42/20 1563/43/21 1564/44/319
f 1563/43/21 1562/42/20 1561/40/18
f 1564/44/319 1563/43/21 1565/45/23
f 1566/46/24 1564/44/319 1565/45/23
f 1564/44/319 1566/46/24 1567/47/1224
f 1566/46/24 1568/48/1225 1567/47/1224
f 1569/49/1226 1567/47/1224 1568/48/1225
f 1570/50/28 1568/48/1225 1566/46/24
f 1570/50/28 1566/46/24 1565/45/23
f 1573/51/29 1570/50/28 1565/45/23
f 1571/52/30 1570/50/28 1573/51/29
f 1572/53/1227 1570/50/28 1571/52/30
f 1573/51/29 1574/55/33 1571/52/30
f 1573/51/29 1575/54/1228 1574/55/33
f 1575/54/1228 1573/51/29 1565/45/23
f 1575/54/1228 1576/57/35 1574/55/33
f 1575/54/1228 1565/45/23 1577/56/34
f 1575/54/1228 1577/56/34 1576/57/35
f 1580/60/38 1577/56/34 1578/58/36
f 1577/56/34 1565/45/23 1578/58/36
f 1576/57/35 1577/56/34 1579/59/1229
f 1579/59/1229 1577/56/34 1580/60/38
f 1565/45/23 1581/61/39 1578/58/36
f 1581/61/39 1565/45/23 1582/62/431
f 1582/62/431 1583/63/41 1584/64/432
f 1582/62/431 1565/45/23 1583/63/41
f 1582/62/431 1584/64/432 1585/65/333
f 1586/66/433 1582/62/431 1585/65/333
f 1583/63/41 1555/35/13 1587/67/1230
f 1588/68/46 1583/63/41 1587/67/1230
f 1565/45/23 1563/43/21 1583/63/41
f 1563/43/21 1555/35/13 1583/63/41
f 1555/35/13 1589/69/47 1587/67/1230
f 1555/35/13 1590/70/335 1589/69/47
f 1589/69/47 1590/70/335 1591/71/336
f 1590/70/335 1592/72/50 1591/71/336
f 1590/70/335 1554/34/12 1592/72/50
f 1592/72/50 1554/34/12 1593/73/51
f 1554/34/12 1590/70/335 1555/35/13
f 1594/74/1231 1571/52/30 1574/55/33
f 1563/43/21 1561/40/18 1560/41/1223
f 1563/43/21 1560/41/1223 1555/35/13
f 1560/41/1223 1556/36/1221 1555/35/13
f 1595/75/53 1598/76/54 1596/77/55
f 1597/78/56 1595/79/53 1596/77/55
f 1599/80/1232 1596/77/55 1598/76/54
f 1599/80/1232 1598/76/54 1600/81/1233
f 1598/76/54 1601/82/1234 1600/81/1233
f 1602/83/60 1601/82/1234 1598/76/54
f 1602/83/60 1603/84/441 1601/82/1234
f 1604/85/62 1601/82/1234 1603/84/441
f 1601/82/1234 1604/85/62 1605/86/1235
f 1605/86/1235 1606/87/64 1601/82/1234
f 1606/87/64 1607/88/65 1601/82/1234
f 1607/88/65 1608/89/66 1600/81/1233
f 1601/82/1234 1607/88/65 1600/81/1233
f 1609/90/67 1600/81/1233 1608/89/66
f 1610/91/68 1599/80/1232 1600/81/1233
f 1610/91/68 1600/81/1233 1611/92/69
f 1611/92/69 1600/81/1233 1612/93/446
f 1620/94/1236 1611/92/69 1612/93/446
f 1614/95/1237 1612/93/446 1613/96/73
f 1615/97/74 1612/93/446 1614/95/1237
f 1616/98/75 1612/93/446 1615/97/74
f 1617/99/76 1612/93/446 1616/98/75
f 1617/99/76 1618/100/77 1612/93/446
f 1619/101/78 1612/93/446 1618/100/77
f 1619/101/78 1620/94/1236 1612/93/446
f 1620/94/1236 1619/101/78 1624/102/1238
f 1621/103/80 1611/92/69 1620/94/1236
f 1622/104/81 1621/103/80 1620/94/1236
f 1622/104/81 1620/94/1236 1623/105/1239
f 1623/105/1239 1620/94/1236 1624/102/1238
f 1625/106/1240 1624/102/1238 1610/91/68
f 1619/101/78 1610/91/68 1624/102/1238
f 1625/106/1240 1627/107/1241 1624/102/1238
f 1624/102/1238 1626/108/1242 1623/105/1239
f 1627/107/1241 1626/108/1242 1624/102/1238
f 1625/106/1240 1628/111/88 1627/107/1241
f 1629/109/1243 1626/108/1242 1627/107/1241
f 1630/110/87 1627/107/1241 1628/111/88
f 1629/109/1243 1627/107/1241 1631/112/89
f 1630/110/87 1631/112/89 1627/107/1241
f 1633/114/1244 1629/109/1243 1631/112/89
f 1630/110/87 1632/113/476 1631/112/89
f 1632/113/476 1633/114/1244 1631/112/89
f 1633/114/1244 1635/116/93 1629/109/1243
f 1634/115/1245 1635/116/93 1633/114/1244
f 1633/114/1244 1632/113/476 1634/115/1245
f 1636/117/94 1629/109/1243 1635/116/93
f 1635/116/93 1637/118/95 1636/117/94
f 1638/119/96 1635/116/93 1634/115/1245
f 1639/120/1246 1637/118/95 1635/116/93
f 1639/120/1246 1635/116/93 1638/119/96
f 1640/121/1247 1639/120/1246 1638/119/96
f 1640/121/1247 1637/118/95 1639/120/1246
f 1642/123/100 1641/122/1248 1640/121/1247
f 1641/122/1248 1637/118/95 1640/121/1247
f 1638/119/96 1642/123/100 1640/121/1247
f 1642/123/100 1643/124/1249 1641/122/1248
f 1642/123/100 1638/119/96 1643/124/1249
f 1644/125/1250 1643/124/1249 1638/119/96
f 1643/124/1249 1644/125/1250 1637/118/95
f 1643/124/1249 1637/118/95 1641/122/1248
f 1644/125/1250 1645/126/103 1637/118/95
f 1644/125/1250 1646/127/104 1645/126/103
f 1638/119/96 1634/115/1245 1644/125/1250
f 1634/115/1245 1646/127/104 1644/125/1250
f 1646/127/104 1630/110/87 1628/111/88
f 1628/111/88 1648/129/1251 1646/127/104
f 1646/127/104 1634/115/1245 1630/110/87
f 1646/127/104 1647/128/105 1645/126/103
f 1647/128/105 1646/127/104 1648/129/1251
f 1625/106/1240 1648/129/1251 1628/111/88
f 1625/106/1240 1622/104/81 1648/129/1251
f 1636/117/94 1648/129/1251 1626/108/1242
f 1648/129/1251 1622/104/81 1626/108/1242
f 1647/128/105 1648/129/1251 1636/117/94
f 1645/126/103 1647/128/105 1636/117/94
f 1645/126/103 1636/117/94 1637/118/95
f 1629/109/1243 1636/117/94 1626/108/1242
f 1634/115/1245 1632/113/476 1630/110/87
f 1626/108/1242 1622/104/81 1623/105/1239
f 1622/104/81 1625/106/1240 1649/130/107
f 1625/106/1240 1610/91/68 1649/130/107
f 1610/91/68 1650/131/1252 1649/130/107
f 1649/130/107 1650/131/1252 1622/104/81
f 1610/91/68 1611/92/69 1650/131/1252
f 1650/131/1252 1611/92/69 1621/103/80
f 1622/104/81 1650/131/1252 1621/103/80
f 1653/133/1253 1619/101/78 1651/132/109
f 1651/132/109 1619/101/78 1618/100/77
f 1652/134/111 1610/91/68 1619/101/78
f 1652/134/111 1619/101/78 1653/133/1253
f 1654/136/113 1653/133/1253 1651/132/109
f 1655/135/1254 1653/133/1253 1654/136/113
f 1652/134/111 1653/133/1253 1655/135/1254
f 1656/137/114 1655/135/1254 1654/136/113
f 1657/167/1255 1652/134/111 1655/135/1254
f 1656/137/114 1658/188/165 1655/135/1254
f 1659/168/145 1657/167/1255 1655/135/1254
f 1658/188/165 1659/168/145 1655/135/1254
f 1660/186/163 1659/168/145 1658/188/165
f 1662/185/1256 1659/168/145 1660/186/163
f 1662/185/1256 1661/170/147 1659/168/145
f 1661/170/147 1657/167/1255 1659/168/145
f 1661/170/147 1662/185/1256 1664/172/149
f 1663/187/164 1665/184/161 1662/185/1256
f 1660/186/163 1663/187/164 1662/185/1256
f 1664/172/149 1662/185/1256 1666/183/160
f 1665/184/161 1666/183/160 1662/185/1256
f 1669/181/158 1667/174/1257 1666/183/160
f 1666/183/160 1667/174/1257 1664/172/149
f 1668/182/1258 1666/183/160 1665/184/161
f 1669/181/158 1666/183/160 1668/182/1258
f 1671/179/1259 1667/174/1257 1669/181/158
f 1670/180/157 1671/179/1259 1669/181/158
f 1670/180/157 1669/181/158 1668/182/1258
f 1672/177/512 1667/174/1257 1671/179/1259
f 1672/177/512 1671/179/1259 1673/178/155
f 1670/180/157 1673/178/155 1671/179/1259
f 1675/176/153 1672/177/512 1673/178/155
f 1673/178/155 1665/184/161 1674/189/166
f 1673/178/155 1674/189/166 1675/176/153
f 1668/182/1258 1665/184/161 1673/178/155
f 1668/182/1258 1673/178/155 1670/180/157
f 1674/189/166 1663/187/164 1675/176/153
f 1663/187/164 1676/175/152 1675/176/153
f 1676/175/152 1677/173/1260 1675/176/153
f 1675/176/153 1677/173/1260 1672/177/512
f 1677/173/1260 1678/169/146 1664/172/149
f 1677/173/1260 1679/171/1261 1678/169/146
f 1667/174/1257 1677/173/1260 1664/172/149
f 1679/171/1261 1677/173/1260 1676/175/152
f 1667/174/1257 1672/177/512 1677/173/1260
f 1680/138/485 1679/171/1261 1676/175/152
f 1679/171/1261 1680/138/485 1678/169/146
f 1680/138/485 1682/165/1262 1681/166/483
f 1680/138/485 1681/166/483 1657/167/1255
f 1680/138/485 1683/139/116 1682/165/1262
f 1680/138/485 1654/136/113 1683/139/116
f 1680/138/485 1676/175/152 1656/137/114
f 1680/138/485 1657/167/1255 1678/169/146
f 1654/136/113 1680/138/485 1656/137/114
f 1683/139/116 1684/140/117 1682/165/1262
f 1684/140/117 1683/139/116 1654/136/113
f 1689/164/1263 1684/140/117 1599/80/1232
f 1685/162/139 1599/80/1232 1684/140/117
f 1686/160/1264 1685/162/139 1684/140/117
f 1687/159/136 1686/160/1264 1684/140/117
f 1687/159/136 1684/140/117 1688/157/1265
f 1688/157/1265 1684/140/117 1690/156/133
f 1684/140/117 1689/164/1263 1682/165/1262
f 1690/156/133 1684/140/117 1691/142/1266
f 1691/142/1266 1684/140/117 1654/136/113
f 1690/156/133 1691/142/1266 1692/154/492
f 1692/154/492 1691/142/1266 1693/153/130
f 1693/153/130 1691/142/1266 1694/145/1267
f 1694/145/1267 1691/142/1266 1695/141/1268
f 1695/141/1268 1691/142/1266 1654/136/113
f 1695/141/1268 1654/136/113 1651/132/109
f 1695/141/1268 1651/132/109 1698/143/120
f 1694/145/1267 1695/141/1268 1696/146/123
f 1696/146/123 1695/141/1268 1697/144/121
f 1697/144/121 1695/141/1268 1698/143/120
f 1698/143/120 1651/132/109 1699/163/140
f 1697/144/121 1698/143/120 1700/147/124
f 1700/147/124 1698/143/120 1701/150/127
f 1698/143/120 1702/152/1269 1701/150/127
f 1700/147/124 1701/150/127 1703/151/128
f 1700/147/124 1703/151/128 1704/148/125
f 1704/148/125 1697/144/121 1700/147/124
f 1697/144/121 1704/148/125 1705/149/1270
f 1697/144/121 1705/149/1270 1696/146/123
f 1706/155/132 1690/156/133 1692/154/492
f 1707/158/1271 1690/156/133 1706/155/132
f 1690/156/133 1707/158/1271 1688/157/1265
f 1682/165/1262 1689/164/1263 1681/166/483
f 1689/164/1263 1652/134/111 1681/166/483
f 1689/164/1263 1599/80/1232 1652/134/111
f 1708/161/502 1685/162/139 1686/160/1264
f 1685/162/139 1708/161/502 1599/80/1232
f 1657/167/1255 1681/166/483 1652/134/111
f 1664/172/149 1678/169/146 1661/170/147
f 1678/169/146 1657/167/1255 1661/170/147
f 1663/187/164 1658/188/165 1676/175/152
f 1676/175/152 1658/188/165 1656/137/114
f 1665/184/161 1663/187/164 1674/189/166
f 1660/186/163 1658/188/165 1663/187/164
f 1652/134/111 1599/80/1232 1610/91/68
f 1651/132/109 1618/100/77 1709/190/167
f 1709/190/167 1618/100/77 1710/191/168
f 1710/191/168 1618/100/77 1711/192/1272
f 1618/100/77 1712/193/170 1711/192/1272
f 1712/193/170 1618/100/77 1617/99/76
f 1712/193/170 1617/99/76 1713/194/607
f 1713/194/607 1617/99/76 1714/195/1273
f 1617/99/76 1616/98/75 1714/195/1273
f 1597/78/56 1596/77/55 1599/80/1232
f 1718/196/1274 1716/197/609 1715/198/175
f 1717/199/176 1715/198/175 1716/197/609
f 1719/200/177 1718/196/1274 1715/198/175
f 1720/201/178 1718/196/1274 1719/200/177
f 1720/201/178 1719/200/177 1721/202/1275
f 1720/201/178 1721/202/1275 1722/203/1276
f 1720/201/178 1722/203/1276 1718/196/1274
f 1718/196/1274 1723/205/613 1716/197/609
f 1718/196/1274 1724/204/1277 1723/205/613
f 1718/196/1274 1725/206/183 1724/204/1277
f 1726/207/1278 1725/206/183 1718/196/1274
f 1727/208/1279 1725/206/183 1726/207/1278
f 1727/208/1279 1728/209/186 1725/206/183
f 1725/206/183 1728/209/186 1729/210/1280
f 1728/209/186 1730/211/1281 1729/210/1280
f 1730/211/1281 1731/212/1282 1729/210/1280
f 1729/210/1280 1731/212/1282 1732/213/190
f 1731/212/1282 1734/214/1283 1732/213/190
f 1731/212/1282 1733/215/1284 1734/214/1283
f 1732/213/190 1734/214/1283 1735/217/194
f 1734/214/1283 1736/216/1285 1735/217/194
f 1734/214/1283 1737/218/195 1736/216/1285
f 1738/219/196 1736/216/1285 1737/218/195
f 1739/222/199 1735/217/194 1736/216/1285
f 1739/222/199 1736/216/1285 1743/220/625
f 1736/216/1285 1741/223/200 1740/221/1286
f 1743/220/625 1736/216/1285 1740/221/1286
f 1736/216/1285 1742/224/201 1741/223/200
f 1739/222/199 1743/220/625 1744/227/204
f 1739/222/199 1744/227/204 1745/226/1287
f 1739/222/199 1745/226/1287 1746/225/1288
f 1747/228/1289 1724/204/1277 1746/225/1288
f 1724/204/1277 1735/217/194 1746/225/1288
f 1735/217/194 1739/222/199 1746/225/1288
f 1749/230/1290 1748/229/1291 1747/228/1289
f 1723/205/613 1747/228/1289 1748/229/1291
f 1723/205/613 1724/204/1277 1747/228/1289
f 1748/229/1291 1749/230/1290 1750/231/1292
f 1748/229/1291 1750/231/1292 1751/232/1293
f 1752/233/1294 1748/229/1291 1751/232/1293
f 1752/233/1294 1723/205/613 1748/229/1291
f 1732/213/190 1735/217/194 1724/204/1277
f 1729/210/1280 1732/213/190 1724/204/1277
f 1724/204/1277 1725/206/183 1729/210/1280
f 1755/234/1295 1753/235/1296 1754/236/213
f 1755/234/1295 1754/236/213 1756/237/214
f 1755/234/1295 1756/237/214 1757/238/215
f 1755/234/1295 1757/238/215 1758/239/216
f 1755/234/1295 1758/239/216 1759/240/217
f 1758/239/216 1760/241/1297 1759/240/217
f 1761/242/219 1760/241/1297 1758/239/216
f 1761/242/219 1762/243/220 1760/241/1297
f 1761/242/219 1763/244/221 1762/243/220
f 1757/238/215 1763/244/221 1761/242/219
f 1758/239/216 1757/238/215 1761/242/219
f 1767/245/222 1765/246/223 1764/247/224
f 1766/248/225 1764/247/224 1765/246/223
f 1767/245/222 1764/247/224 1768/249/1298
f 1764/247/224 1770/250/227 1768/249/1298
f 1764/247/224 1769/251/228 1770/250/227
f 1770/250/227 1772/253/230 1771/252/229
f 1768/249/1298 1770/250/227 1771/252/229
f 1771/252/229 1772/253/230 1773/254/1299
f 1771/252/229 1773/254/1299 1774/256/1300
f 1773/254/1299 1775/255/232 1774/256/1300
f 1774/256/1300 1775/255/232 1776/257/234
f 1776/257/234 1777/258/1301 1774/256/1300
f 1777/258/1301 1776/257/234 1778/259/236
f 1777/258/1301 1778/259/236 1779/260/1302
f 1777/258/1301 1779/260/1302 1780/261/238
f 1781/262/239 1777/258/1301 1780/261/238
f 1777/258/1301 1781/262/239 1782/263/240
f 1774/256/1300 1777/258/1301 1782/263/240
f 1774/256/1300 1782/263/240 1783/264/758
f 1784/265/759 1783/264/758 1782/263/240
f 1785/266/243 1783/264/758 1784/265/759
f 1783/264/758 1785/266/243 1786/267/1303
f 1786/267/1303 1787/269/246 1783/264/758
f 1786/267/1303 1788/268/245 1787/269/246
f 1787/269/246 1788/268/245 1771/252/229
f 1789/270/247 1771/252/229 1788/268/245
f 1774/256/1300 1783/264/758 1787/269/246
f 1771/252/229 1774/256/1300 1787/269/246
f 1771/252/229 1790/271/248 1768/249/1298
f 1791/272/249 1794/273/761 1792/274/251
f 1793/275/252 1791/276/249 1792/274/251
f 1791/272/249 1795/277/1304 1794/273/761
f 1796/278/1305 1795/277/1304 1791/272/249
f 1796/278/1305 1797/279/255 1795/277/1304
f 1798/280/1306 1795/277/1304 1797/279/255
f 1795/277/1304 1798/280/1306 1799/282/258
f 1800/281/257 1799/282/258 1798/280/1306
f 1801/283/768 1799/282/258 1800/281/257
f 1801/283/768 1802/284/260 1799/282/258
f 1803/285/261 1802/284/260 1801/283/768
f 1804/286/262 1802/284/260 1803/285/261
f 1805/287/263 1802/284/260 1804/286/262
f 1805/287/263 1806/288/1307 1802/284/260
f 1806/288/1307 1807/290/266 1808/289/265
f 1802/284/260 1806/288/1307 1808/289/265
f 1808/289/265 1810/292/268 1809/291/267
f 1802/284/260 1808/289/265 1809/291/267
f 1810/292/268 1811/293/269 1809/291/267
f 1809/291/267 1811/293/269 1812/294/1308
f 1812/294/1308 1811/293/269 1813/295/271
f 1811/293/269 1814/296/272 1813/295/271
f 1814/296/272 1816/298/776 1815/297/273
f 1813/295/271 1814/296/272 1815/297/273
f 1816/298/776 1818/299/275 1817/300/276
f 1815/297/273 1816/298/776 1817/300/276
f 1817/300/276 1818/299/275 1819/302/1309
f 1818/299/275 1820/301/277 1819/302/1309
f 1820/301/277 1821/303/1310 1819/302/1309
f 1821/303/1310 1822/304/1311 1819/302/1309
f 1822/304/1311 1824/306/1312 1823/305/281
f 1819/302/1309 1822/304/1311 1823/305/281
f 1823/305/281 1824/306/1312 1825/307/1313
f 1825/307/1313 1824/306/1312 1826/308/1314
f 1824/306/1312 1827/309/1315 1826/308/1314
f 1826/308/1314 1827/309/1315 1828/310/788
f 1828/310/788 1830/312/288 1829/311/1316
f 1826/308/1314 1828/310/788 1829/311/1316
f 1829/311/1316 1830/312/288 1831/316/292
f 1830/312/288 1832/321/798 1831/316/292
f 1832/321/798 1833/323/299 1831/316/292
f 1833/323/299 1834/324/300 1831/316/292
f 1831/316/292 1834/324/300 1835/325/1317
f 1835/325/1317 1834/324/300 1836/332/1318
f 1837/331/1319 1835/325/1317 1836/332/1318
f 1838/329/1320 1835/325/1317 1837/331/1319
f 1839/328/1321 1838/329/1320 1840/330/1217
f 1839/328/1321 1841/326/302 1838/329/1320
f 1841/326/302 1835/325/1317 1838/329/1320
f 1841/326/302 1831/316/292 1835/325/1317
f 1831/316/292 1841/326/302 1842/322/1322
f 1839/328/1321 1842/322/1322 1841/326/302
f 1843/315/291 1831/316/292 1842/322/1322
f 1843/315/291 1842/322/1322 1844/327/303
f 1844/327/303 1842/322/1322 1839/328/1321
f 1845/333/309 1843/315/291 1844/327/303
f 1844/327/303 1839/328/1321 1840/330/1217
f 1843/315/291 1829/311/1316 1831/316/292
f 1846/314/1323 1829/311/1316 1843/315/291
f 1846/314/1323 1843/315/291 1847/319/295
f 1846/314/1323 1847/319/295 1848/318/294
f 1849/317/293 1850/313/289 1848/318/294
f 1850/313/289 1846/314/1323 1848/318/294
f 1792/274/251 1850/313/289 1849/317/293
f 1829/311/1316 1850/313/289 1794/273/761
f 1850/313/289 1829/311/1316 1846/314/1323
f 1794/273/761 1850/313/289 1792/274/251
f 1851/320/296 1792/274/251 1849/317/293
f 1851/320/296 1793/275/252 1792/274/251
f 1795/277/1304 1823/305/281 1829/311/1316
f 1795/277/1304 1829/311/1316 1794/273/761
f 1825/307/1313 1829/311/1316 1823/305/281
f 1825/307/1313 1826/308/1314 1829/311/1316
f 1823/305/281 1795/277/1304 1817/300/276
f 1817/300/276 1819/302/1309 1823/305/281
f 1812/294/1308 1815/297/273 1817/300/276
f 1809/291/267 1817/300/276 1795/277/1304
f 1809/291/267 1812/294/1308 1817/300/276
f 1812/294/1308 1813/295/271 1815/297/273
f 1795/277/1304 1799/282/258 1809/291/267
f 1799/282/258 1802/284/260 1809/291/267
f 1854/29/1324 1852/30/1325 1853/31/1326
f 1854/29/1324 1853/31/1326 1855/32/1327
f 1856/33/1328 1854/29/1324 1855/32/1327
f 1856/33/1328 1855/32/1327 1857/34/1329
f 1856/33/1328 1857/34/1329 1858/35/1330
f 1859/36/1331 1856/33/1328 1858/35/1330
f 1859/36/1331 1860/37/1332 1856/33/1328
f 1861/38/1333 1860/37/1332 1859/36/1331
f 1862/39/1334 1861/38/1333 1859/36/1331
f 1862/39/1334 1859/36/1331 1863/41/1335
f 1864/40/1336 1862/39/1334 1863/41/1335
f 1865/42/1337 1862/39/1334 1864/40/1336
f 1867/43/1338 1865/42/1337 1864/40/1336
f 1865/42/1337 1867/43/1338 1866/44/1339
f 1869/45/1340 1867/43/1338 1868/63/1341
f 1867/43/1338 1858/35/1330 1868/63/1341
f 1867/43/1338 1864/40/1336 1863/41/1335
f 1867/43/1338 1863/41/1335 1858/35/1330
f 1866/44/1339 1867/43/1338 1869/45/1340
f 1870/62/1342 1869/45/1340 1868/63/1341
f 1873/46/1343 1866/44/1339 1869/45/1340
f 1871/61/1344 1869/45/1340 1870/62/1342
f 1869/45/1340 1871/61/1344 1872/58/1345
f 1877/56/1346 1869/45/1340 1872/58/1345
f 1874/50/1347 1873/46/1343 1869/45/1340
f 1875/51/1348 1874/50/1347 1869/45/1340
f 1876/54/1349 1875/51/1348 1869/45/1340
f 1876/54/1349 1869/45/1340 1877/56/1346
f 1880/60/1350 1877/56/1346 1872/58/1345
f 1876/54/1349 1877/56/1346 1878/57/1351
f 1878/57/1351 1877/56/1346 1879/59/1352
f 1879/59/1352 1877/56/1346 1880/60/1350
f 1876/54/1349 1878/57/1351 1881/55/1353
f 1875/51/1348 1876/54/1349 1881/55/1353
f 1875/51/1348 1881/55/1353 1883/52/1354
f 1882/74/1355 1883/52/1354 1881/55/1353
f 1883/52/1354 1874/50/1347 1875/51/1348
f 1884/53/1356 1874/50/1347 1883/52/1354
f 1874/50/1347 1885/48/1357 1873/46/1343
f 1873/46/1343 1885/48/1357 1886/47/1358
f 1887/49/1359 1886/47/1358 1885/48/1357
f 1866/44/1339 1873/46/1343 1886/47/1358
f 1870/62/1342 1868/63/1341 1888/64/1360
f 1870/62/1342 1888/64/1360 1889/65/1361
f 1890/66/1362 1870/62/1342 1889/65/1361
f 1891/68/1363 1868/63/1341 1892/67/1364
f 1868/63/1341 1858/35/1330 1892/67/1364
f 1858/35/1330 1893/69/1365 1892/67/1364
f 1858/35/1330 1894/70/1366 1893/69/1365
f 1893/69/1365 1894/70/1366 1895/71/1367
f 1894/70/1366 1896/72/1368 1895/71/1367
f 1894/70/1366 1857/34/1329 1896/72/1368
f 1896/72/1368 1857/34/1329 1897/73/1369
f 1857/34/1329 1894/70/1366 1858/35/1330
f 1863/41/1335 1859/36/1331 1858/35/1330
f 1898/75/1370 1901/76/1371 1899/77/1372
f 1900/78/1373 1898/79/1370 1899/77/1372
f 1902/80/1374 1899/77/1372 1901/76/1371
f 1902/80/1374 1901/76/1371 1903/81/1375
f 1901/76/1371 1904/82/1376 1903/81/1375
f 1905/83/1377 1904/82/1376 1901/76/1371
f 1905/83/1377 1906/84/1378 1904/82/1376
f 1907/85/1379 1904/82/1376 1906/84/1378
f 1904/82/1376 1907/85/1379 1908/86/1380
f 1908/86/1380 1909/87/1381 1904/82/1376
f 1909/87/1381 1910/88/1382 1904/82/1376
f 1904/82/1376 1910/88/1382 1903/81/1375
f 1910/88/1382 1911/89/1383 1903/81/1375
f 1912/90/1384 1903/81/1375 1911/89/1383
f 1913/91/1385 1902/80/1374 1903/81/1375
f 1913/91/1385 1903/81/1375 1914/92/1386
f 1914/92/1386 1903/81/1375 1915/93/1387
f 1923/94/1388 1914/92/1386 1915/93/1387
f 1917/95/1389 1915/93/1387 1916/96/1390
f 1918/97/1391 1915/93/1387 1917/95/1389
f 1919/98/1392 1915/93/1387 1918/97/1391
f 1920/99/1393 1915/93/1387 1919/98/1392
f 1920/99/1393 1921/100/1394 1915/93/1387
f 1922/101/1395 1915/93/1387 1921/100/1394
f 1922/101/1395 1923/94/1388 1915/93/1387
f 1923/94/1388 1922/101/1395 1927/102/1396
f 1924/103/1397 1914/92/1386 1923/94/1388
f 1925/104/1398 1924/103/1397 1923/94/1388
f 1925/104/1398 1923/94/1388 1926/105/1399
f 1926/105/1399 1923/94/1388 1927/102/1396
f 1928/106/1400 1927/102/1396 1913/91/1385
f 1922/101/1395 1913/91/1385 1927/102/1396
f 1928/106/1400 1930/107/1401 1927/102/1396
f 1927/102/1396 1929/108/1402 1926/105/1399
f 1930/107/1401 1929/108/1402 1927/102/1396
f 1928/106/1400 1931/111/1403 1930/107/1401
f 1932/109/1404 1929/108/1402 1930/107/1401
f 1933/110/1405 1930/107/1401 1931/111/1403
f 1932/109/1404 1930/107/1401 1934/112/1406
f 1933/110/1405 1934/112/1406 1930/107/1401
f 1936/114/1407 1932/109/1404 1934/112/1406
f 1933/110/1405 1935/113/1408 1934/112/1406
f 1935/113/1408 1936/114/1407 1934/112/1406
f 1936/114/1407 1938/116/1409 1932/109/1404
f 1937/115/1410 1938/116/1409 1936/114/1407
f 1936/114/1407 1935/113/1408 1937/115/1410
f 1939/117/1411 1932/109/1404 1938/116/1409
f 1938/116/1409 1940/118/1412 1939/117/1411
f 1941/119/1413 1938/116/1409 1937/115/1410
f 1942/120/1414 1940/118/1412 1938/116/1409
f 1942/120/1414 1938/116/1409 1941/119/1413
f 1943/121/1415 1940/118/1412 1942/120/1414
f 1943/121/1415 1942/120/1414 1941/119/1413
f 1945/123/1416 1944/122/1417 1943/121/1415
f 1944/122/1417 1940/118/1412 1943/121/1415
f 1941/119/1413 1945/123/1416 1943/121/1415
f 1945/123/1416 1946/124/1418 1944/122/1417
f 1945/123/1416 1941/119/1413 1946/124/1418
f 1947/125/1419 1946/124/1418 1941/119/1413
f 1946/124/1418 1947/125/1419 1940/118/1412
f 1946/124/1418 1940/118/1412 1944/122/1417
f 1941/119/1413 1937/115/1410 1947/125/1419
f 1937/115/1410 1948/127/1420 1947/125/1419
f 1947/125/1419 1949/126/1421 1940/118/1412
f 1947/125/1419 1948/127/1420 1949/126/1421
f 1949/126/1421 1939/117/1411 1940/118/1412
f 1949/126/1421 1950/128/1422 1939/117/1411
f 1948/127/1420 1950/128/1422 1949/126/1421
f 1950/128/1422 1951/129/1423 1939/117/1411
f 1950/128/1422 1948/127/1420 1951/129/1423
f 1928/106/1400 1951/129/1423 1931/111/1403
f 1928/106/1400 1925/104/1398 1951/129/1423
f 1939/117/1411 1951/129/1423 1929/108/1402
f 1951/129/1423 1925/104/1398 1929/108/1402
f 1931/111/1403 1951/129/1423 1948/127/1420
f 1948/127/1420 1937/115/1410 1933/110/1405
f 1948/127/1420 1933/110/1405 1931/111/1403
f 1932/109/1404 1939/117/1411 1929/108/1402
f 1937/115/1410 1935/113/1408 1933/110/1405
f 1929/108/1402 1925/104/1398 1926/105/1399
f 1928/106/1400 1913/91/1385 1952/130/1424
f 1925/104/1398 1928/106/1400 1952/130/1424
f 1913/91/1385 1953/131/1425 1952/130/1424
f 1952/130/1424 1953/131/1425 1925/104/1398
f 1913/91/1385 1914/92/1386 1953/131/1425
f 1953/131/1425 1914/92/1386 1924/103/1397
f 1925/104/1398 1953/131/1425 1924/103/1397
f 1954/134/1426 1913/91/1385 1922/101/1395
f 1954/134/1426 1922/101/1395 1955/133/1427
f 1955/133/1427 1922/101/1395 1956/132/1428
f 1956/132/1428 1922/101/1395 1921/100/1394
f 1956/132/1428 1921/100/1394 1957/190/1429
f 1959/143/1430 1956/132/1428 1958/163/1431
f 1960/141/1432 1956/132/1428 1959/143/1430
f 1960/141/1432 1961/136/1433 1956/132/1428
f 1961/136/1433 1955/133/1427 1956/132/1428
f 1960/141/1432 1967/142/1434 1961/136/1433
f 1962/135/1435 1955/133/1427 1961/136/1433
f 1963/137/1436 1962/135/1435 1961/136/1433
f 1961/136/1433 1964/138/1437 1963/137/1436
f 1964/138/1437 1961/136/1433 1965/139/1438
f 1966/140/1439 1965/139/1438 1961/136/1433
f 1967/142/1434 1966/140/1439 1961/136/1433
f 1968/156/1440 1966/140/1439 1967/142/1434
f 1968/156/1440 1967/142/1434 1969/154/1441
f 1969/154/1441 1967/142/1434 1970/153/1442
f 1970/153/1442 1967/142/1434 1971/145/1443
f 1971/145/1443 1967/142/1434 1960/141/1432
f 1971/145/1443 1960/141/1432 1972/146/1444
f 1972/146/1444 1960/141/1432 1973/144/1445
f 1973/144/1445 1974/149/1446 1972/146/1444
f 1973/144/1445 1975/148/1447 1974/149/1446
f 1975/148/1447 1973/144/1445 1976/147/1448
f 1976/147/1448 1977/151/1449 1975/148/1447
f 1976/147/1448 1978/150/1450 1977/151/1449
f 1959/143/1430 1979/152/1451 1978/150/1450
f 1976/147/1448 1959/143/1430 1978/150/1450
f 1973/144/1445 1959/143/1430 1976/147/1448
f 1973/144/1445 1960/141/1432 1959/143/1430
f 1980/155/1452 1968/156/1440 1969/154/1441
f 1981/158/1453 1968/156/1440 1980/155/1452
f 1968/156/1440 1981/158/1453 1982/157/1454
f 1982/157/1454 1966/140/1439 1968/156/1440
f 1983/159/1455 1966/140/1439 1982/157/1454
f 1983/159/1455 1984/160/1456 1966/140/1439
f 1985/161/1457 1986/162/1458 1984/160/1456
f 1984/160/1456 1986/162/1458 1966/140/1439
f 1986/162/1458 1985/161/1457 1902/80/1374
f 1986/162/1458 1902/80/1374 1966/140/1439
f 1987/164/1459 1966/140/1439 1902/80/1374
f 1966/140/1439 1987/164/1459 1988/165/1460
f 1965/139/1438 1966/140/1439 1988/165/1460
f 1964/138/1437 1988/165/1460 1989/166/1461
f 1988/165/1460 1987/164/1459 1989/166/1461
f 1964/138/1437 1965/139/1438 1988/165/1460
f 1987/164/1459 1954/134/1426 1989/166/1461
f 1990/167/1462 1989/166/1461 1954/134/1426
f 1964/138/1437 1989/166/1461 1990/167/1462
f 1990/167/1462 1954/134/1426 1962/135/1435
f 1991/168/1463 1990/167/1462 1962/135/1435
f 1964/138/1437 1990/167/1462 1993/169/1464
f 1992/170/1465 1990/167/1462 1991/168/1463
f 1993/169/1464 1990/167/1462 1992/170/1465
f 1996/173/1466 1993/169/1464 1994/172/1467
f 1994/172/1467 1993/169/1464 1992/170/1465
f 1996/173/1466 1995/171/1468 1993/169/1464
f 1995/171/1468 1964/138/1437 1993/169/1464
f 1999/174/1469 1996/173/1466 1994/172/1467
f 1997/175/1470 1996/173/1466 1998/176/1471
f 1995/171/1468 1996/173/1466 1997/175/1470
f 1998/176/1471 1996/173/1466 2000/177/1472
f 1999/174/1469 2000/177/1472 1996/173/1466
f 2000/177/1472 2002/179/1473 2001/178/1474
f 1998/176/1471 2000/177/1472 2001/178/1474
f 2000/177/1472 1999/174/1469 2002/179/1473
f 2004/180/1475 2001/178/1474 2002/179/1473
f 2004/180/1475 2002/179/1473 2003/181/1476
f 2002/179/1473 1999/174/1469 2003/181/1476
f 2005/182/1477 2001/178/1474 2004/180/1475
f 2004/180/1475 2003/181/1476 2005/182/1477
f 2005/182/1477 2006/184/1478 2001/178/1474
f 2005/182/1477 2007/183/1479 2006/184/1478
f 2003/181/1476 2007/183/1479 2005/182/1477
f 1994/172/1467 2008/185/1480 2007/183/1479
f 2006/184/1478 2007/183/1479 2008/185/1480
f 2007/183/1479 1999/174/1469 1994/172/1467
f 2003/181/1476 1999/174/1469 2007/183/1479
f 2009/187/1481 2006/184/1478 2008/185/1480
f 2010/186/1482 2009/187/1481 2008/185/1480
f 1992/170/1465 2008/185/1480 1994/172/1467
f 2008/185/1480 1992/170/1465 1991/168/1463
f 2008/185/1480 1991/168/1463 2010/186/1482
f 2010/186/1482 2011/188/1483 2009/187/1481
f 2010/186/1482 1991/168/1463 2011/188/1483
f 2009/187/1481 2011/188/1483 1997/175/1470
f 1997/175/1470 2011/188/1483 1963/137/1436
f 2011/188/1483 1991/168/1463 1962/135/1435
f 1963/137/1436 2011/188/1483 1962/135/1435
f 2012/189/1484 2009/187/1481 1998/176/1471
f 2009/187/1481 1997/175/1470 1998/176/1471
f 2006/184/1478 2009/187/1481 2012/189/1484
f 2001/178/1474 2006/184/1478 2012/189/1484
f 2001/178/1474 2012/189/1484 1998/176/1471
f 1964/138/1437 1995/171/1468 1997/175/1470
f 1964/138/1437 1997/175/1470 1963/137/1436
f 1987/164/1459 1902/80/1374 1954/134/1426
f 1954/134/1426 1955/133/1427 1962/135/1435
f 1957/190/1429 1921/100/1394 2013/191/1485
f 2013/191/1485 1921/100/1394 2014/192/1486
f 1921/100/1394 2015/193/1487 2014/192/1486
f 2015/193/1487 1920/99/1393 2016/194/1488
f 2015/193/1487 1921/100/1394 1920/99/1393
f 2016/194/1488 1920/99/1393 2017/195/1489
f 1920/99/1393 1919/98/1392 2017/195/1489
f 1954/134/1426 1902/80/1374 1913/91/1385
f 1900/78/1373 1899/77/1372 1902/80/1374
f 2021/196/1490 2019/197/1491 2018/198/1492
f 2020/199/1493 2018/198/1492 2019/197/1491
f 2022/200/1494 2021/196/1490 2018/198/1492
f 2023/201/1495 2021/196/1490 2022/200/1494
f 2023/201/1495 2022/200/1494 2024/202/1496
f 2023/201/1495 2024/202/1496 2025/203/1497
f 2023/201/1495 2025/203/1497 2021/196/1490
f 2021/196/1490 2026/205/1498 2019/197/1491
f 2021/196/1490 2027/204/1499 2026/205/1498
f 2021/196/1490 2028/206/1500 2027/204/1499
f 2029/207/1501 2028/206/1500 2021/196/1490
f 2030/208/1502 2028/206/1500 2029/207/1501
f 2030/208/1502 2031/209/1503 2028/206/1500
f 2028/206/1500 2031/209/1503 2032/210/1504
f 2031/209/1503 2033/211/1505 2032/210/1504
f 2033/211/1505 2034/212/1506 2032/210/1504
f 2034/212/1506 2037/214/1507 2035/213/1508
f 2032/210/1504 2034/212/1506 2035/213/1508
f 2034/212/1506 2036/215/1509 2037/214/1507
f 2035/213/1508 2037/214/1507 2038/217/1510
f 2037/214/1507 2039/216/1511 2038/217/1510
f 2037/214/1507 2040/218/1512 2039/216/1511
f 2041/219/1513 2039/216/1511 2040/218/1512
f 2042/222/1514 2038/217/1510 2039/216/1511
f 2042/222/1514 2039/216/1511 2046/220/1515
f 2039/216/1511 2044/223/1516 2043/221/1517
f 2046/220/1515 2039/216/1511 2043/221/1517
f 2039/216/1511 2045/224/1518 2044/223/1516
f 2042/222/1514 2046/220/1515 2047/227/1519
f 2042/222/1514 2047/227/1519 2048/226/1520
f 2042/222/1514 2048/226/1520 2049/225/1521
f 2050/228/1522 2027/204/1499 2049/225/1521
f 2027/204/1499 2038/217/1510 2049/225/1521
f 2038/217/1510 2042/222/1514 2049/225/1521
f 2026/205/1498 2027/204/1499 2050/228/1522
f 2026/205/1498 2050/228/1522 2051/229/1523
f 2052/230/1524 2051/229/1523 2050/228/1522
f 2051/229/1523 2052/230/1524 2053/231/1525
f 2051/229/1523 2053/231/1525 2054/232/1526
f 2055/233/1527 2051/229/1523 2054/232/1526
f 2055/233/1527 2026/205/1498 2051/229/1523
f 2035/213/1508 2038/217/1510 2027/204/1499
f 2032/210/1504 2035/213/1508 2027/204/1499
f 2027/204/1499 2028/206/1500 2032/210/1504
f 2058/234/1528 2056/235/1529 2057/236/1530
f 2058/234/1528 2057/236/1530 2059/237/1531
f 2058/234/1528 2059/237/1531 2060/238/1532
f 2058/234/1528 2060/238/1532 2061/239/1533
f 2058/234/1528 2061/239/1533 2062/240/1534
f 2061/239/1533 2063/241/1535 2062/240/1534
f 2064/242/1536 2063/241/1535 2061/239/1533
f 2064/242/1536 2065/243/1537 2063/241/1535
f 2064/242/1536 2066/244/1538 2065/243/1537
f 2060/238/1532 2066/244/1538 2064/242/1536
f 2061/239/1533 2060/238/1532 2064/242/1536
f 2070/245/1539 2068/246/1540 2067/247/1541
f 2069/248/1542 2067/247/1541 2068/246/1540
f 2070/245/1539 2067/247/1541 2071/249/1543
f 2067/247/1541 2073/250/1544 2071/249/1543
f 2067/247/1541 2072/251/1545 2073/250/1544
f 2073/250/1544 2075/253/1546 2074/252/1547
f 2071/249/1543 2073/250/1544 2074/252/1547
f 2074/252/1547 2075/253/1546 2076/254/1548
f 2074/252/1547 2076/254/1548 2077/256/1549
f 2076/254/1548 2078/255/1550 2077/256/1549
f 2077/256/1549 2078/255/1550 2079/257/1551
f 2080/258/1552 2079/257/1551 2081/259/1553
f 2079/257/1551 2080/258/1552 2077/256/1549
f 2080/258/1552 2081/259/1553 2082/260/1554
f 2080/258/1552 2082/260/1554 2083/261/1555
f 2084/262/1556 2080/258/1552 2083/261/1555
f 2080/258/1552 2084/262/1556 2085/263/1557
f 2077/256/1549 2085/263/1557 2086/264/1558
f 2087/265/1559 2086/264/1558 2085/263/1557
f 2077/256/1549 2080/258/1552 2085/263/1557
f 2088/266/1560 2086/264/1558 2087/265/1559
f 2086/264/1558 2088/266/1560 2089/267/1561
f 2089/267/1561 2090/269/1562 2086/264/1558
f 2089/267/1561 2091/268/1563 2090/269/1562
f 2090/269/1562 2091/268/1563 2074/252/1547
f 2092/270/1564 2074/252/1547 2091/268/1563
f 2077/256/1549 2086/264/1558 2090/269/1562
f 2074/252/1547 2077/256/1549 2090/269/1562
f 2074/252/1547 2093/271/1565 2071/249/1543
f 2094/272/1566 2097/273/1567 2095/274/1568
f 2096/275/1569 2094/276/1566 2095/274/1568
f 2094/272/1566 2098/277/1570 2097/273/1567
f 2099/278/1571 2098/277/1570 2094/272/1566
f 2099/278/1571 2100/279/1572 2098/277/1570
f 2101/280/1573 2098/277/1570 2100/279/1572
f 2098/277/1570 2101/280/1573 2102/282/1574
f 2103/281/1575 2102/282/1574 2101/280/1573
f 2104/283/1576 2102/282/1574 2103/281/1575
f 2106/285/1577 2105/284/1578 2104/283/1576
f 2104/283/1576 2105/284/1578 2102/282/1574
f 2107/286/1579 2105/284/1578 2106/285/1577
f 2108/287/1580 2105/284/1578 2107/286/1579
f 2108/287/1580 2109/288/1581 2105/284/1578
f 2105/284/1578 2109/288/1581 2111/289/1582
f 2109/288/1581 2110/290/1583 2111/289/1582
f 2111/289/1582 2113/292/1584 2112/291/1585
f 2105/284/1578 2111/289/1582 2112/291/1585
f 2113/292/1584 2114/293/1586 2112/291/1585
f 2112/291/1585 2114/293/1586 2115/294/1587
f 2115/294/1587 2114/293/1586 2116/295/1588
f 2114/293/1586 2117/296/1589 2116/295/1588
f 2116/295/1588 2117/296/1589 2118/297/1590
f 2117/296/1589 2119/298/1591 2118/297/1590
f 2119/298/1591 2121/299/1592 2120/300/1593
f 2118/297/1590 2119/298/1591 2120/300/1593
f 2120/300/1593 2121/299/1592 2122/302/1594
f 2121/299/1592 2123/301/1595 2122/302/1594
f 2123/301/1595 2124/303/1596 2122/302/1594
f 2124/303/1596 2125/304/1597 2122/302/1594
f 2122/302/1594 2125/304/1597 2126/305/1598
f 2125/304/1597 2127/306/1599 2126/305/1598
f 2126/305/1598 2127/306/1599 2128/307/1600
f 2128/307/1600 2127/306/1599 2129/308/1601
f 2127/306/1599 2130/309/1602 2129/308/1601
f 2129/308/1601 2130/309/1602 2131/310/1603
f 2131/310/1603 2133/312/1604 2132/311/1605
f 2129/308/1601 2131/310/1603 2132/311/1605
f 2132/311/1605 2133/312/1604 2134/316/1606
f 2133/312/1604 2135/321/1607 2134/316/1606
f 2135/321/1607 2136/323/1608 2134/316/1606
f 2136/323/1608 2137/324/1609 2134/316/1606
f 2138/325/1610 2137/324/1609 2139/332/1611
f 2134/316/1606 2137/324/1609 2138/325/1610
f 2140/331/1612 2138/325/1610 2139/332/1611
f 2141/329/1613 2138/325/1610 2140/331/1612
f 2143/328/1614 2142/326/1615 2141/329/1613
f 2142/326/1615 2138/325/1610 2141/329/1613
f 2143/328/1614 2141/329/1613 2144/330/1616
f 2145/327/1617 2143/328/1614 2144/330/1616
f 2146/333/1618 2148/315/1619 2145/327/1617
f 2145/327/1617 2147/322/1620 2143/328/1614
f 2148/315/1619 2147/322/1620 2145/327/1617
f 2149/314/1621 2132/311/1605 2148/315/1619
f 2149/314/1621 2148/315/1619 2150/319/1622
f 2148/315/1619 2134/316/1606 2147/322/1620
f 2148/315/1619 2132/311/1605 2134/316/1606
f 2149/314/1621 2150/319/1622 2151/318/1623
f 2152/317/1624 2153/313/1625 2151/318/1623
f 2153/313/1625 2149/314/1621 2151/318/1623
f 2095/274/1568 2153/313/1625 2152/317/1624
f 2132/311/1605 2153/313/1625 2097/273/1567
f 2097/273/1567 2153/313/1625 2095/274/1568
f 2153/313/1625 2132/311/1605 2149/314/1621
f 2154/320/1626 2095/274/1568 2152/317/1624
f 2154/320/1626 2096/275/1569 2095/274/1568
f 2134/316/1606 2142/326/1615 2147/322/1620
f 2143/328/1614 2147/322/1620 2142/326/1615
f 2142/326/1615 2134/316/1606 2138/325/1610
f 2098/277/1570 2126/305/1598 2132/311/1605
f 2098/277/1570 2132/311/1605 2097/273/1567
f 2128/307/1600 2132/311/1605 2126/305/1598
f 2128/307/1600 2129/308/1601 2132/311/1605
f 2126/305/1598 2098/277/1570 2120/300/1593
f 2120/300/1593 2122/302/1594 2126/305/1598
f 2115/294/1587 2118/297/1590 2120/300/1593
f 2112/291/1585 2120/300/1593 2098/277/1570
f 2112/291/1585 2115/294/1587 2120/300/1593
f 2115/294/1587 2116/295/1588 2118/297/1590
f 2098/277/1570 2102/282/1574 2112/291/1585
f 2102/282/1574 2105/284/1578 2112/291/1585
f 2157/29/1627 2155/30/1325 2156/31/1326
f 2157/29/1627 2156/31/1326 2158/32/1327
f 2159/33/1328 2157/29/1627 2158/32/1327
f 2159/33/1328 2158/32/1327 2161/34/1329
f 2163/36/1628 2160/37/1332 2159/33/1328
f 2159/33/1328 2161/34/1329 2162/35/1629
f 2163/36/1628 2159/33/1328 2162/35/1629
f 2164/38/1333 2160/37/1332 2163/36/1628
f 2165/39/1630 2164/38/1333 2163/36/1628
f 2165/39/1630 2163/36/1628 2166/41/1631
f 2166/41/1631 2163/36/1628 2162/35/1629
f 2168/40/1336 2165/39/1630 2166/41/1631
f 2167/43/1632 2166/41/1631 2162/35/1629
f 2167/43/1632 2168/40/1336 2166/41/1631
f 2169/42/1633 2165/39/1630 2168/40/1336
f 2167/43/1632 2169/42/1633 2168/40/1336
f 2169/42/1633 2167/43/1632 2170/44/1339
f 2172/46/1343 2170/44/1339 2171/45/1340
f 2170/44/1339 2167/43/1632 2171/45/1340
f 2170/44/1339 2172/46/1343 2173/47/1634
f 2172/46/1343 2174/48/1357 2173/47/1634
f 2175/49/1635 2173/47/1634 2174/48/1357
f 2176/50/1347 2174/48/1357 2172/46/1343
f 2176/50/1347 2172/46/1343 2171/45/1340
f 2179/51/1348 2176/50/1347 2171/45/1340
f 2177/52/1354 2176/50/1347 2179/51/1348
f 2178/53/1356 2176/50/1347 2177/52/1354
f 2179/51/1348 2181/54/1636 2180/55/1353
f 2179/51/1348 2180/55/1353 2177/52/1354
f 2181/54/1636 2179/51/1348 2171/45/1340
f 2181/54/1636 2182/57/1351 2180/55/1353
f 2181/54/1636 2171/45/1340 2183/56/1637
f 2181/54/1636 2183/56/1637 2182/57/1351
f 2186/60/1350 2183/56/1637 2184/58/1638
f 2183/56/1637 2171/45/1340 2184/58/1638
f 2182/57/1351 2183/56/1637 2185/59/1639
f 2185/59/1639 2183/56/1637 2186/60/1350
f 2171/45/1340 2187/61/1344 2184/58/1638
f 2187/61/1344 2171/45/1340 2188/62/1342
f 2188/62/1342 2171/45/1340 2192/63/1341
f 2188/62/1342 2189/64/1640 2190/65/1361
f 2188/62/1342 2192/63/1341 2189/64/1640
f 2191/66/1362 2188/62/1342 2190/65/1361
f 2167/43/1632 2162/35/1629 2192/63/1341
f 2192/63/1341 2162/35/1629 2193/67/1364
f 2194/68/1641 2192/63/1341 2193/67/1364
f 2171/45/1340 2167/43/1632 2192/63/1341
f 2162/35/1629 2195/69/1365 2193/67/1364
f 2162/35/1629 2196/70/1366 2195/69/1365
f 2195/69/1365 2196/70/1366 2197/71/1642
f 2196/70/1366 2198/72/1368 2197/71/1642
f 2198/72/1368 2161/34/1329 2199/73/1369
f 2196/70/1366 2161/34/1329 2198/72/1368
f 2161/34/1329 2196/70/1366 2162/35/1629
f 2200/74/1355 2177/52/1354 2180/55/1353
f 2201/75/1643 2204/76/1371 2202/77/1372
f 2203/78/1644 2201/79/1643 2202/77/1372
f 2205/80/1645 2202/77/1372 2204/76/1371
f 2205/80/1645 2204/76/1371 2206/81/1375
f 2204/76/1371 2207/82/1646 2206/81/1375
f 2208/83/1377 2207/82/1646 2204/76/1371
f 2208/83/1377 2209/84/1378 2207/82/1646
f 2210/85/1379 2207/82/1646 2209/84/1378
f 2207/82/1646 2210/85/1379 2211/86/1647
f 2211/86/1647 2212/87/1381 2207/82/1646
f 2212/87/1381 2213/88/1382 2207/82/1646
f 2207/82/1646 2213/88/1382 2206/81/1375
f 2213/88/1382 2214/89/1648 2206/81/1375
f 2215/90/1384 2206/81/1375 2214/89/1648
f 2216/91/1385 2205/80/1645 2206/81/1375
f 2216/91/1385 2206/81/1375 2217/92/1386
f 2217/92/1386 2206/81/1375 2218/93/1387
f 2226/94/1388 2217/92/1386 2218/93/1387
f 2220/95/1389 2218/93/1387 2219/96/1390
f 2221/97/1391 2218/93/1387 2220/95/1389
f 2222/98/1649 2218/93/1387 2221/97/1391
f 2223/99/1393 2218/93/1387 2222/98/1649
f 2223/99/1393 2224/100/1394 2218/93/1387
f 2225/101/1650 2218/93/1387 2224/100/1394
f 2225/101/1650 2226/94/1388 2218/93/1387
f 2226/94/1388 2225/101/1650 2227/102/1396
f 2230/105/1651 2226/94/1388 2227/102/1396
f 2228/103/1652 2217/92/1386 2226/94/1388
f 2229/104/1653 2228/103/1652 2226/94/1388
f 2229/104/1653 2226/94/1388 2230/105/1651
f 2227/102/1396 2231/108/1402 2230/105/1651
f 2231/108/1402 2229/104/1653 2230/105/1651
f 2232/107/1654 2231/108/1402 2227/102/1396
f 2234/109/1404 2231/108/1402 2232/107/1654
f 2235/117/1411 2233/129/1655 2231/108/1402
f 2233/129/1655 2229/104/1653 2231/108/1402
f 2234/109/1404 2235/117/1411 2231/108/1402
f 2237/126/1421 2236/128/1422 2235/117/1411
f 2236/128/1422 2233/129/1655 2235/117/1411
f 2237/126/1421 2235/117/1411 2239/118/1656
f 2238/116/1409 2239/118/1656 2235/117/1411
f 2235/117/1411 2234/109/1404 2238/116/1409
f 2242/120/1657 2239/118/1656 2238/116/1409
f 2241/124/1658 2240/125/1419 2239/118/1656
f 2240/125/1419 2237/126/1421 2239/118/1656
f 2241/124/1658 2239/118/1656 2243/122/1417
f 2244/121/1659 2239/118/1656 2242/120/1657
f 2243/122/1417 2239/118/1656 2244/121/1659
f 2246/119/1660 2245/123/1661 2244/121/1659
f 2245/123/1661 2243/122/1417 2244/121/1659
f 2244/121/1659 2242/120/1657 2246/119/1660
f 2246/119/1660 2238/116/1409 2247/115/1662
f 2246/119/1660 2247/115/1662 2240/125/1419
f 2242/120/1657 2238/116/1409 2246/119/1660
f 2240/125/1419 2241/124/1658 2246/119/1660
f 2245/123/1661 2246/119/1660 2241/124/1658
f 2247/115/1662 2238/116/1409 2251/114/1407
f 2247/115/1662 2249/127/1420 2240/125/1419
f 2249/127/1420 2247/115/1662 2248/110/1405
f 2247/115/1662 2250/113/1408 2248/110/1405
f 2251/114/1407 2250/113/1408 2247/115/1662
f 2251/114/1407 2234/109/1404 2252/112/1663
f 2250/113/1408 2251/114/1407 2252/112/1663
f 2251/114/1407 2238/116/1409 2234/109/1404
f 2248/110/1405 2250/113/1408 2252/112/1663
f 2248/110/1405 2252/112/1663 2232/107/1654
f 2234/109/1404 2232/107/1654 2252/112/1663
f 2249/127/1420 2248/110/1405 2253/111/1403
f 2249/127/1420 2236/128/1422 2237/126/1421
f 2236/128/1422 2249/127/1420 2233/129/1655
f 2240/125/1419 2249/127/1420 2237/126/1421
f 2253/111/1403 2233/129/1655 2249/127/1420
f 2248/110/1405 2232/107/1654 2253/111/1403
f 2254/106/1400 2253/111/1403 2232/107/1654
f 2254/106/1400 2233/129/1655 2253/111/1403
f 2254/106/1400 2229/104/1653 2233/129/1655
f 2229/104/1653 2254/106/1400 2255/130/1424
f 2254/106/1400 2216/91/1385 2255/130/1424
f 2254/106/1400 2227/102/1396 2216/91/1385
f 2254/106/1400 2232/107/1654 2227/102/1396
f 2255/130/1424 2256/131/1425 2229/104/1653
f 2216/91/1385 2256/131/1425 2255/130/1424
f 2216/91/1385 2217/92/1386 2256/131/1425
f 2256/131/1425 2217/92/1386 2228/103/1652
f 2229/104/1653 2256/131/1425 2228/103/1652
f 2245/123/1661 2241/124/1658 2243/122/1417
f 2225/101/1650 2216/91/1385 2227/102/1396
f 2257/132/1428 2225/101/1650 2224/100/1394
f 2259/133/1427 2225/101/1650 2257/132/1428
f 2258/134/1426 2216/91/1385 2225/101/1650
f 2258/134/1426 2225/101/1650 2259/133/1427
f 2258/134/1426 2259/133/1427 2260/135/1664
f 2260/135/1664 2259/133/1427 2261/136/1433
f 2261/136/1433 2259/133/1427 2257/132/1428
f 2262/141/1665 2261/136/1433 2257/132/1428
f 2262/141/1665 2266/142/1666 2261/136/1433
f 2261/136/1433 2265/138/1437 2263/137/1667
f 2263/137/1667 2260/135/1664 2261/136/1433
f 2265/138/1437 2261/136/1433 2264/139/1438
f 2267/140/1439 2264/139/1438 2261/136/1433
f 2266/142/1666 2267/140/1439 2261/136/1433
f 2273/164/1459 2267/140/1439 2205/80/1645
f 2268/162/1458 2205/80/1645 2267/140/1439
f 2269/160/1668 2268/162/1458 2267/140/1439
f 2271/159/1669 2269/160/1668 2267/140/1439
f 2264/139/1438 2267/140/1439 2270/165/1670
f 2267/140/1439 2273/164/1459 2270/165/1670
f 2271/159/1669 2267/140/1439 2272/157/1454
f 2272/157/1454 2267/140/1439 2274/156/1440
f 2274/156/1440 2267/140/1439 2266/142/1666
f 2275/158/1453 2274/156/1440 2276/155/1452
f 2274/156/1440 2275/158/1453 2272/157/1454
f 2276/155/1452 2274/156/1440 2277/154/1441
f 2274/156/1440 2266/142/1666 2277/154/1441
f 2277/154/1441 2266/142/1666 2278/153/1442
f 2278/153/1442 2266/142/1666 2279/145/1671
f 2279/145/1671 2266/142/1666 2262/141/1665
f 2279/145/1671 2262/141/1665 2280/146/1444
f 2280/146/1444 2262/141/1665 2281/144/1445
f 2281/144/1445 2282/149/1446 2280/146/1444
f 2281/144/1445 2283/148/1672 2282/149/1446
f 2283/148/1672 2281/144/1445 2284/147/1448
f 2284/147/1448 2285/151/1449 2283/148/1672
f 2284/147/1448 2286/150/1450 2285/151/1449
f 2288/143/1673 2287/152/1674 2286/150/1450
f 2284/147/1448 2288/143/1673 2286/150/1450
f 2288/143/1673 2257/132/1428 2289/163/1431
f 2262/141/1665 2257/132/1428 2288/143/1673
f 2281/144/1445 2262/141/1665 2288/143/1673
f 2281/144/1445 2288/143/1673 2284/147/1448
f 2270/165/1670 2273/164/1459 2290/166/1675
f 2273/164/1459 2258/134/1426 2290/166/1675
f 2273/164/1459 2205/80/1645 2258/134/1426
f 2291/167/1676 2290/166/1675 2258/134/1426
f 2265/138/1437 2290/166/1675 2291/167/1676
f 2265/138/1437 2270/165/1670 2290/166/1675
f 2294/168/1677 2291/167/1676 2260/135/1664
f 2291/167/1676 2258/134/1426 2260/135/1664
f 2293/169/1678 2291/167/1676 2292/170/1465
f 2292/170/1465 2291/167/1676 2294/168/1677
f 2265/138/1437 2291/167/1676 2293/169/1678
f 2296/186/1482 2294/168/1677 2295/188/1483
f 2295/188/1483 2294/168/1677 2260/135/1664
f 2297/185/1480 2294/168/1677 2296/186/1482
f 2297/185/1480 2292/170/1465 2294/168/1677
f 2298/172/1679 2297/185/1480 2299/183/1479
f 2292/170/1465 2297/185/1480 2298/172/1679
f 2300/184/1478 2299/183/1479 2297/185/1480
f 2301/187/1481 2300/184/1478 2297/185/1480
f 2296/186/1482 2301/187/1481 2297/185/1480
f 2301/187/1481 2295/188/1483 2302/175/1470
f 2296/186/1482 2295/188/1483 2301/187/1481
f 2301/187/1481 2302/175/1470 2304/176/1471
f 2300/184/1478 2301/187/1481 2303/189/1484
f 2303/189/1484 2301/187/1481 2304/176/1471
f 2302/175/1470 2305/173/1466 2304/176/1471
f 2304/176/1471 2305/173/1466 2307/177/1680
f 2306/178/1474 2303/189/1484 2304/176/1471
f 2304/176/1471 2307/177/1680 2306/178/1474
f 2308/174/1681 2307/177/1680 2305/173/1466
f 2307/177/1680 2308/174/1681 2309/179/1682
f 2307/177/1680 2309/179/1682 2306/178/1474
f 2311/180/1683 2306/178/1474 2309/179/1682
f 2311/180/1683 2309/179/1682 2310/181/1476
f 2309/179/1682 2308/174/1681 2310/181/1476
f 2312/182/1684 2306/178/1474 2311/180/1683
f 2311/180/1683 2310/181/1476 2312/182/1684
f 2312/182/1684 2300/184/1478 2306/178/1474
f 2312/182/1684 2299/183/1479 2300/184/1478
f 2310/181/1476 2299/183/1479 2312/182/1684
f 2310/181/1476 2308/174/1681 2299/183/1479
f 2299/183/1479 2308/174/1681 2298/172/1679
f 2308/174/1681 2305/173/1466 2298/172/1679
f 2306/178/1474 2300/184/1478 2303/189/1484
f 2305/173/1466 2293/169/1678 2298/172/1679
f 2305/173/1466 2313/171/1468 2293/169/1678
f 2313/171/1468 2305/173/1466 2302/175/1470
f 2313/171/1468 2265/138/1437 2293/169/1678
f 2265/138/1437 2313/171/1468 2302/175/1470
f 2302/175/1470 2295/188/1483 2263/137/1667
f 2265/138/1437 2302/175/1470 2263/137/1667
f 2298/172/1679 2293/169/1678 2292/170/1465
f 2263/137/1667 2295/188/1483 2260/135/1664
f 2265/138/1437 2264/139/1438 2270/165/1670
f 2314/161/1457 2268/162/1458 2269/160/1668
f 2268/162/1458 2314/161/1457 2205/80/1645
f 2258/134/1426 2205/80/1645 2216/91/1385
f 2257/132/1428 2224/100/1394 2315/190/1685
f 2315/190/1685 2224/100/1394 2316/191/1485
f 2316/191/1485 2224/100/1394 2317/192/1686
f 2224/100/1394 2318/193/1687 2317/192/1686
f 2318/193/1687 2223/99/1393 2319/194/1488
f 2318/193/1687 2224/100/1394 2223/99/1393
f 2319/194/1488 2223/99/1393 2320/195/1688
f 2223/99/1393 2222/98/1649 2320/195/1688
f 2203/78/1644 2202/77/1372 2205/80/1645
f 2324/196/1490 2322/197/1491 2321/198/1689
f 2323/199/1493 2321/198/1689 2322/197/1491
f 2325/200/1690 2324/196/1490 2321/198/1689
f 2327/201/1495 2324/196/1490 2325/200/1690
f 2327/201/1495 2325/200/1690 2326/202/1691
f 2327/201/1495 2328/203/1497 2324/196/1490
f 2327/201/1495 2326/202/1691 2328/203/1497
f 2324/196/1490 2329/205/1498 2322/197/1491
f 2324/196/1490 2330/204/1499 2329/205/1498
f 2324/196/1490 2331/206/1500 2330/204/1499
f 2332/207/1501 2331/206/1500 2324/196/1490
f 2333/208/1502 2331/206/1500 2332/207/1501
f 2333/208/1502 2334/209/1692 2331/206/1500
f 2331/206/1500 2334/209/1692 2335/210/1504
f 2334/209/1692 2336/211/1505 2335/210/1504
f 2336/211/1505 2337/212/1506 2335/210/1504
f 2337/212/1506 2340/214/1693 2338/213/1694
f 2335/210/1504 2337/212/1506 2338/213/1694
f 2337/212/1506 2339/215/1509 2340/214/1693
f 2338/213/1694 2340/214/1693 2341/217/1510
f 2340/214/1693 2342/216/1511 2341/217/1510
f 2340/214/1693 2343/218/1512 2342/216/1511
f 2344/219/1513 2342/216/1511 2343/218/1512
f 2342/216/1511 2346/223/1516 2345/221/1517
f 2348/220/1695 2342/216/1511 2345/221/1517
f 2342/216/1511 2347/224/1518 2346/223/1516
f 2349/222/1514 2342/216/1511 2348/220/1695
f 2349/222/1514 2341/217/1510 2342/216/1511
f 2341/217/1510 2349/222/1514 2350/225/1521
f 2349/222/1514 2351/226/1520 2350/225/1521
f 2349/222/1514 2352/227/1519 2351/226/1520
f 2349/222/1514 2348/220/1695 2352/227/1519
f 2353/228/1522 2330/204/1499 2350/225/1521
f 2330/204/1499 2341/217/1510 2350/225/1521
f 2329/205/1498 2330/204/1499 2353/228/1522
f 2329/205/1498 2353/228/1522 2354/229/1523
f 2355/230/1524 2354/229/1523 2353/228/1522
f 2354/229/1523 2355/230/1524 2356/231/1696
f 2354/229/1523 2356/231/1696 2357/232/1526
f 2358/233/1527 2354/229/1523 2357/232/1526
f 2358/233/1527 2329/205/1498 2354/229/1523
f 2338/213/1694 2341/217/1510 2330/204/1499
f 2335/210/1504 2338/213/1694 2330/204/1499
f 2330/204/1499 2331/206/1500 2335/210/1504
f 2361/234/1697 2359/235/1529 2360/236/1698
f 2361/234/1697 2362/237/1699 2363/238/1532
f 2361/234/1697 2360/236/1698 2362/237/1699
f 2361/234/1697 2363/238/1532 2364/239/1700
f 2361/234/1697 2364/239/1700 2365/240/1701
f 2364/239/1700 2366/241/1702 2365/240/1701
f 2367/242/1536 2366/241/1702 2364/239/1700
f 2367/242/1536 2368/243/1703 2366/241/1702
f 2367/242/1536 2369/244/1704 2368/243/1703
f 2363/238/1532 2369/244/1704 2367/242/1536
f 2364/239/1700 2363/238/1532 2367/242/1536
f 2373/245/1539 2371/246/1540 2370/247/1705
f 2372/248/1542 2370/247/1705 2371/246/1540
f 2373/245/1539 2370/247/1705 2374/249/1543
f 2370/247/1705 2376/250/1544 2374/249/1543
f 2370/247/1705 2375/251/1545 2376/250/1544
f 2374/249/1543 2376/250/1544 2377/252/1706
f 2376/250/1544 2378/253/1707 2377/252/1706
f 2377/252/1706 2378/253/1707 2379/254/1548
f 2377/252/1706 2379/254/1548 2380/256/1549
f 2379/254/1548 2381/255/1708 2380/256/1549
f 2380/256/1549 2381/255/1708 2382/257/1709
f 2383/258/1710 2382/257/1709 2384/259/1711
f 2382/257/1709 2383/258/1710 2380/256/1549
f 2383/258/1710 2384/259/1711 2385/260/1712
f 2383/258/1710 2385/260/1712 2386/261/1713
f 2387/262/1714 2383/258/1710 2386/261/1713
f 2383/258/1710 2387/262/1714 2388/263/1557
f 2380/256/1549 2388/263/1557 2389/264/1558
f 2390/265/1715 2389/264/1558 2388/263/1557
f 2380/256/1549 2383/258/1710 2388/263/1557
f 2391/266/1716 2389/264/1558 2390/265/1715
f 2389/264/1558 2391/266/1716 2392/267/1717
f 2392/267/1717 2393/269/1718 2389/264/1558
f 2392/267/1717 2394/268/1719 2393/269/1718
f 2393/269/1718 2394/268/1719 2377/252/1706
f 2395/270/1564 2377/252/1706 2394/268/1719
f 2380/256/1549 2389/264/1558 2393/269/1718
f 2377/252/1706 2380/256/1549 2393/269/1718
f 2377/252/1706 2396/271/1565 2374/249/1543
f 2397/272/1566 2400/273/1567 2398/274/1568
f 2399/275/1720 2397/276/1566 2398/274/1568
f 2397/272/1566 2401/277/1570 2400/273/1567
f 2402/278/1721 2401/277/1570 2397/272/1566
f 2402/278/1721 2403/279/1572 2401/277/1570
f 2404/280/1722 2401/277/1570 2403/279/1572
f 2401/277/1570 2404/280/1722 2405/282/1574
f 2406/281/1723 2405/282/1574 2404/280/1722
f 2407/283/1576 2405/282/1574 2406/281/1723
f 2409/285/1724 2408/284/1725 2407/283/1576
f 2407/283/1576 2408/284/1725 2405/282/1574
f 2410/286/1726 2408/284/1725 2409/285/1724
f 2411/287/1580 2408/284/1725 2410/286/1726
f 2411/287/1580 2412/288/1727 2408/284/1725
f 2408/284/1725 2412/288/1727 2414/289/1582
f 2412/288/1727 2413/290/1583 2414/289/1582
f 2414/289/1582 2416/292/1584 2415/291/1728
f 2408/284/1725 2414/289/1582 2415/291/1728
f 2416/292/1584 2417/293/1586 2415/291/1728
f 2415/291/1728 2417/293/1586 2418/294/1587
f 2418/294/1587 2417/293/1586 2419/295/1588
f 2417/293/1586 2420/296/1589 2419/295/1588
f 2419/295/1588 2420/296/1589 2421/297/1590
f 2420/296/1589 2422/298/1729 2421/297/1590
f 2421/297/1590 2422/298/1729 2424/300/1593
f 2422/298/1729 2423/299/1592 2424/300/1593
f 2426/305/1598 2401/277/1570 2424/300/1593
f 2415/291/1728 2424/300/1593 2401/277/1570
f 2415/291/1728 2418/294/1587 2424/300/1593
f 2418/294/1587 2421/297/1590 2424/300/1593
f 2424/300/1593 2423/299/1592 2425/302/1594
f 2424/300/1593 2425/302/1594 2426/305/1598
f 2401/277/1570 2426/305/1598 2428/311/1730
f 2425/302/1594 2427/304/1597 2426/305/1598
f 2427/304/1597 2429/306/1731 2426/305/1598
f 2430/307/1732 2428/311/1730 2426/305/1598
f 2426/305/1598 2429/306/1731 2430/307/1732
f 2430/307/1732 2429/306/1731 2431/308/1733
f 2430/307/1732 2431/308/1733 2428/311/1730
f 2429/306/1731 2432/309/1602 2431/308/1733
f 2431/308/1733 2432/309/1602 2433/310/1734
f 2431/308/1733 2433/310/1734 2428/311/1730
f 2433/310/1734 2434/312/1604 2428/311/1730
f 2434/312/1604 2436/321/1607 2435/316/1606
f 2428/311/1730 2434/312/1604 2435/316/1606
f 2436/321/1607 2437/323/1608 2435/316/1606
f 2437/323/1608 2438/324/1609 2435/316/1606
f 2439/325/1735 2438/324/1609 2440/332/1611
f 2435/316/1606 2438/324/1609 2439/325/1735
f 2441/331/1736 2439/325/1735 2440/332/1611
f 2442/329/1737 2439/325/1735 2441/331/1736
f 2444/328/1738 2443/326/1739 2442/329/1737
f 2443/326/1739 2439/325/1735 2442/329/1737
f 2444/328/1738 2442/329/1737 2445/330/1616
f 2446/327/1617 2444/328/1738 2445/330/1616
f 2447/333/1618 2449/315/1619 2446/327/1617
f 2446/327/1617 2448/322/1620 2444/328/1738
f 2449/315/1619 2448/322/1620 2446/327/1617
f 2450/314/1621 2428/311/1730 2449/315/1619
f 2450/314/1621 2449/315/1619 2451/319/1622
f 2449/315/1619 2428/311/1730 2435/316/1606
f 2449/315/1619 2435/316/1606 2448/322/1620
f 2450/314/1621 2451/319/1622 2452/318/1740
f 2453/317/1741 2454/313/1742 2452/318/1740
f 2454/313/1742 2450/314/1621 2452/318/1740
f 2398/274/1568 2454/313/1742 2453/317/1741
f 2428/311/1730 2454/313/1742 2400/273/1567
f 2400/273/1567 2454/313/1742 2398/274/1568
f 2454/313/1742 2428/311/1730 2450/314/1621
f 2455/320/1626 2398/274/1568 2453/317/1741
f 2455/320/1626 2399/275/1720 2398/274/1568
f 2435/316/1606 2443/326/1739 2448/322/1620
f 2444/328/1738 2448/322/1620 2443/326/1739
f 2443/326/1739 2435/316/1606 2439/325/1735
f 2401/277/1570 2428/311/1730 2400/273/1567
f 2456/303/1596 2427/304/1597 2425/302/1594
f 2457/301/1743 2456/303/1596 2425/302/1594
f 2423/299/1592 2457/301/1743 2425/302/1594
f 2418/294/1587 2419/295/1588 2421/297/1590
f 2401/277/1570 2405/282/1574 2415/291/1728
f 2405/282/1574 2408/284/1725 2415/291/1728
usemtl Material.006
f 2458/957/1744 2461/958/1745 2459/959/1746
f 2460/960/1747 2458/957/1744 2459/959/1746
f 2458/957/1744 2462/961/1748 2461/958/1745
f 2463/962/1749 2462/961/1748 2458/957/1744
f 2462/961/1748 2463/962/1749 2464/963/1750 2465/964/1751
f 2465/964/1751 2466/965/1752 2467/966/1753 2462/961/1748
f 2459/959/1746 2467/966/1753 2466/965/1752 2468/967/1754
f 2459/959/1746 2461/958/1745 2467/966/1753
f 2462/961/1748 2467/966/1753 2461/958/1745
f 2475/968/1755 2470/969/1756 2469/970/1757 2473/971/1758
f 2471/972/1759 2469/973/1757 2470/974/1756 2482/975/1760
f 2472/976/1761 2469/970/1757 2471/977/1759
f 2473/971/1758 2469/970/1757 2472/976/1761 2474/978/1762
f 2476/979/1763 2470/969/1756 2475/968/1755
f 2474/978/1762 2478/980/1764 2479/981/1765 2477/982/1766
f 2478/980/1764 2474/978/1762 2472/976/1761
f 2480/983/1767 2479/981/1765 2478/980/1764 2472/984/1761
f 2481/985/1768 2480/983/1767 2472/984/1761 2471/972/1759
f 2481/985/1768 2471/972/1759 2482/975/1760
f 2484/986/1769 2492/987/1770 2485/988/1771 2483/989/1772
f 2484/990/1769 2483/991/1772 2486/992/1773 2488/993/1774
f 2483/991/1772 2485/994/1771 2486/992/1773
f 2487/995/1775 2486/992/1773 2485/994/1771 2489/996/1776
f 2487/995/1775 2489/996/1776 2491/997/1777 2490/998/1778
f 2489/996/1776 2493/999/1779 2492/987/1770 2491/997/1777
f 2493/999/1779 2485/988/1771 2492/987/1770
f 2493/1000/1779 2489/996/1776 2485/994/1771
f 2506/1001/1780 2495/1002/1781 2494/1003/1782 2497/1004/1783
f 2503/1005/1784 2496/1006/1785 2494/1007/1782 2495/1008/1781
f 2498/1009/1786 2494/1003/1782 2496/1010/1785 2500/1011/1787
f 2497/1004/1783 2494/1003/1782 2498/1009/1786 2499/1012/1788
f 2499/1012/1788 2498/1009/1786 2501/1013/1789
f 2500/1011/1787 2501/1013/1789 2498/1009/1786
f 2504/1014/1790 2502/1015/1791 2501/1013/1789 2500/1016/1787
f 2501/1013/1789 2502/1015/1791 2505/1017/1792 2499/1012/1788
f 2504/1014/1790 2503/1005/1784 2502/1015/1791
f 2503/1005/1784 2504/1014/1790 2500/1016/1787 2496/1006/1785
f 2509/1018/1793 2507/1019/1794 2508/1020/1795
f 2509/1018/1793 2510/1021/1796 2507/1019/1794
f 2511/1022/1797 2512/1023/1798 2510/1021/1796
f 2511/1022/1797 2510/1021/1796 2509/1018/1793
f 2512/1023/1798 2513/1024/1799 2510/1021/1796
f 2513/1024/1799 2514/1025/1800 2510/1021/1796
f 2515/1026/1801 2510/1021/1796 2514/1025/1800
f 2516/1027/1802 2510/1021/1796 2515/1026/1801
f 2516/1027/1802 2517/1028/1803 2510/1021/1796
f 2517/1028/1803 2518/1029/1804 2510/1021/1796
f 2519/1030/1805 2518/1029/1804 2517/1028/1803
f 2517/1028/1803 2520/1031/1806 2519/1030/1805
f 2520/1031/1806 2516/1027/1802 2521/1032/1807
f 2516/1027/1802 2520/1031/1806 2517/1028/1803
f 2516/1027/1802 2522/1033/1808 2521/1032/1807
f 2523/1034/1809 2522/1033/1808 2516/1027/1802
f 2526/1035/1810 2523/1034/1809 2516/1027/1802
f 2523/1034/1809 2525/1036/1811 2524/1037/1812
f 2525/1036/1811 2523/1034/1809 2526/1035/1810
f 2526/1035/1810 2516/1027/1802 2527/1038/1813
f 2528/1039/1814 2529/1040/1815 2526/1035/1810
f 2525/1036/1811 2526/1035/1810 2529/1040/1815
f 2528/1039/1814 2525/1036/1811 2529/1040/1815
f 2527/1038/1813 2516/1027/1802 2530/1041/1816
f 2530/1041/1816 2515/1026/1801 2531/1042/1817
f 2530/1041/1816 2516/1027/1802 2515/1026/1801
f 2531/1042/1817 2515/1026/1801 2532/1043/1818
f 2532/1043/1818 2515/1026/1801 2533/1044/1819
f 2514/1025/1800 2534/1045/1820 2515/1026/1801
f 2535/1046/1821 2513/1024/1799 2512/1023/1798
f 2538/1047/1822 2536/1048/1823 2537/1049/1824
f 2538/1047/1822 2540/1050/1825 2539/1051/1826 2536/1048/1823
f 2541/1052/1827 2539/1051/1826 2540/1050/1825
f 2543/1053/1828 2542/1054/1829 2539/1051/1826 2541/1052/1827
f 2542/1054/1829 2543/1053/1828 2544/1055/1830
f 2542/1054/1829 2544/1055/1830 2545/1056/1831
f 2546/1057/1832 2545/1056/1831 2544/1055/1830
f 2545/1056/1831 2546/1057/1832 2547/1058/1833
f 2548/1059/1834 2547/1058/1833 2546/1057/1832 2550/1060/1835
f 2548/1059/1834 2549/1061/1836 2547/1058/1833
f 2552/1062/1837 2551/1063/1837 2548/1059/1834 2550/1060/1835
f 2550/1060/1835 2554/1064/1838 2553/1065/1839
f 2554/1064/1838 2550/1060/1835 2546/1057/1832
f 2554/1064/1838 2543/1053/1828 2555/1066/1840
f 2543/1053/1828 2554/1064/1838 2544/1055/1830
f 2546/1057/1832 2544/1055/1830 2554/1064/1838
f 2555/1066/1840 2556/1067/1841 2554/1064/1838
f 2553/1065/1839 2554/1064/1838 2556/1067/1841 2557/1068/1842
f 2558/1069/1843 2543/1053/1828 2541/1052/1827
f 2559/1070/1844 2563/1071/1845 2560/1072/1846
f 2561/1073/1847 2559/1074/1844 2560/1075/1846
f 2563/1071/1845 2559/1070/1844 2562/1076/1848
f 2564/1077/1849 2572/1078/1850 2560/1072/1846 2563/1071/1845
f 2564/1077/1849 2563/1071/1845 2565/1079/1851 2566/1080/1852
f 2563/1071/1845 2562/1076/1848 2565/1079/1851
f 2566/1080/1852 2565/1079/1851 2567/1081/1853
f 2567/1081/1853 2565/1079/1851 2568/1082/1854
f 2562/1076/1848 2568/1082/1854 2565/1079/1851
f 2568/1082/1854 2569/1083/1855 2567/1081/1853
f 2570/1084/1856 2571/1085/1857 2569/1083/1855
f 2569/1083/1855 2571/1085/1857 2567/1081/1853
f 2571/1085/1857 2572/1086/1850 2564/1087/1849
f 2571/1085/1857 2573/1088/1858 2572/1086/1850
f 2574/1089/1859 2573/1088/1858 2571/1085/1857
f 2571/1085/1857 2570/1084/1856 2574/1089/1859
f 2571/1085/1857 2564/1087/1849 2566/1080/1852
f 2571/1085/1857 2566/1080/1852 2567/1081/1853
f 2572/1086/1850 2573/1088/1858 2561/1073/1847 2560/1075/1846
f 2577/1090/1860 2575/1091/1861 2576/1092/1862
f 2577/1090/1860 2578/1093/1863 2575/1091/1861
f 2580/1094/1864 2579/1095/1865 2578/1093/1863 2577/1090/1860
f 2580/1094/1864 2582/1096/1866 2581/1097/1867 2579/1095/1865
f 2581/1097/1867 2582/1096/1866 2583/1098/1868
f 2583/1098/1868 2585/1099/1869 2584/1100/1870 2581/1097/1867
f 2584/1100/1870 2585/1099/1869 2586/1101/1871
f 2586/1101/1871 2585/1099/1869 2587/1102/1872
f 2586/1101/1871 2587/1102/1872 2588/1103/1873
f 2588/1103/1873 2589/1104/1874 2576/1105/1862
f 2588/1103/1873 2587/1102/1872 2589/1104/1874
f 2590/1106/1875 2591/1107/1876 2589/1104/1874
f 2592/1108/1877 2590/1106/1875 2589/1104/1874
f 2576/1105/1862 2589/1104/1874 2591/1107/1876
f 2589/1104/1874 2587/1102/1872 2592/1108/1877
f 2583/1098/1868 2582/1096/1866 2590/1109/1875 2592/1110/1877
f 2583/1098/1868 2592/1108/1877 2587/1102/1872 2585/1099/1869
f 2580/1111/1864 2577/1112/1860 2591/1107/1876 2590/1106/1875
f 2591/1107/1876 2577/1112/1860 2576/1105/1862
f 2580/1094/1864 2590/1109/1875 2582/1096/1866
f 2593/1113/1878 2596/1114/1879 2594/1115/1880
f 2595/1116/1881 2593/1117/1878 2594/1118/1880
f 2605/1119/1882 2594/1115/1880 2596/1114/1879 2597/1120/1883
f 2597/1120/1883 2596/1114/1879 2598/1121/1884 2603/1122/1885
f 2599/1123/1886 2598/1121/1884 2596/1114/1879
f 2598/1121/1884 2599/1123/1886 2600/1124/1887
f 2601/1125/1888 2598/1121/1884 2600/1124/1887
f 2598/1121/1884 2601/1125/1888 2602/1126/1889 2603/1122/1885
f 2603/1122/1885 2602/1126/1889 2604/1127/1890 2606/1128/1891
f 2605/1129/1882 2604/1127/1890 2595/1116/1881 2594/1118/1880
f 2605/1129/1882 2606/1128/1891 2604/1127/1890
f 2597/1130/1883 2603/1122/1885 2606/1128/1891
f 2597/1130/1883 2606/1128/1891 2605/1129/1882
f 2609/1131/1892 2607/1132/1893 2608/1133/1894
f 2609/1131/1892 2611/1134/1895 2610/1135/1896 2607/1132/1893
f 2610/1135/1896 2611/1134/1895 2614/1136/1897
f 2614/1136/1897 2616/1137/1898 2612/1138/1899 2610/1135/1896
f 2610/1135/1896 2612/1138/1899 2613/1139/1900
f 2616/1137/1898 2614/1136/1897 2615/1140/1901
f 2611/1134/1895 2615/1140/1901 2614/1136/1897
f 2617/1141/1902 2616/1137/1898 2615/1140/1901
f 2619/1142/1903 2618/1143/1904 2617/1141/1902 2615/1140/1901
f 2609/1144/1892 2619/1142/1903 2615/1140/1901 2611/1134/1895
f 2609/1144/1892 2608/1145/1894 2619/1142/1903
f 2622/1146/1905 2620/1147/1906 2621/1148/1907
f 2623/1149/1908 2620/1147/1906 2622/1146/1905
f 2624/1150/1909 2623/1149/1908 2622/1146/1905 2625/1151/1910
f 2625/1151/1910 2627/1152/1911 2626/1153/1912 2624/1150/1909
f 2627/1152/1911 2630/1154/1913 2628/1155/1914 2626/1153/1912
f 2630/1154/1913 2629/1156/1915 2628/1155/1914
f 2627/1152/1911 2631/1157/1916 2630/1154/1913
f 2631/1157/1916 2622/1158/1905 2621/1159/1907
f 2625/1160/1910 2622/1158/1905 2631/1157/1916 2627/1152/1911
f 2634/1161/1917 2632/1162/1918 2633/1163/1919
f 2635/1164/1920 2634/1161/1917 2633/1163/1919 2636/1165/1921
f 2637/1166/1922 2635/1164/1920 2636/1165/1921 2640/1167/1923
f 2640/1167/1923 2641/1168/1924 2638/1169/1925 2637/1166/1922
f 2638/1169/1925 2639/1170/1926 2637/1166/1922
f 2641/1168/1924 2642/1171/1927 2643/1172/1928 2638/1169/1925
f 2642/1171/1927 2644/1173/1929 2643/1172/1928
f 2645/1174/1930 2646/1175/1930 2644/1173/1929 2642/1171/1927
f 2643/1172/1928 2644/1173/1929 2647/1176/1931
f 2648/1177/1932 2643/1172/1928 2647/1176/1931
f 2638/1169/1925 2643/1172/1928 2648/1177/1932
f 2639/1170/1926 2638/1169/1925 2648/1177/1932
f 2651/1178/1933 2649/1179/1934 2650/1180/1935
f 2651/1178/1933 2652/1181/1936 2649/1179/1934
f 2653/1182/1937 2649/1179/1934 2652/1181/1936
f 2653/1182/1937 2652/1181/1936 2654/1183/1938
f 2655/1184/1939 2653/1182/1937 2654/1183/1938
f 2661/1185/1940 2656/1186/1941 2653/1182/1937 2655/1184/1939
f 2657/1187/1942 2653/1182/1937 2656/1186/1941
f 2658/1188/1943 2653/1182/1937 2657/1187/1942
f 2657/1187/1942 2660/1189/1944 2659/1190/1944 2658/1188/1943
f 2655/1184/1939 2662/1191/1945 2661/1185/1940
f 2662/1191/1945 2663/1192/1946 2661/1185/1940
f 2665/1193/1947 2664/1194/1947 2663/1192/1946 2662/1191/1945
f 2669/1195/1948 2667/1196/1949 2666/1197/1950
f 2668/1198/1951 2666/1197/1950 2667/1196/1949
f 2669/1195/1948 2666/1197/1950 2670/1199/1952
f 2669/1195/1948 2670/1199/1952 2671/1200/1953
f 2672/1201/1954 2669/1195/1948 2671/1200/1953
f 2673/1202/1955 2669/1195/1948 2672/1201/1954
f 2675/1203/542 2676/1204/1956 2674/1205/1957 2673/1202/1955
f 2674/1205/1957 2669/1195/1948 2673/1202/1955
f 2676/1204/1956 2675/1203/542 2677/1206/1958
f 2677/1206/1958 2675/1203/542 2678/1207/1959
f 2676/1204/1956 2677/1206/1958 2679/1208/1960
f 2680/1209/1961 2713/1210/1962 2679/1208/1960 2677/1206/1958
f 2682/1211/1963 2680/1209/1961 2677/1206/1958 2681/1212/1964
f 2683/1213/1965 2680/1209/1961 2682/1211/1963
f 2683/1213/1965 2686/1214/1966 2684/1215/1967
f 2684/1215/1967 2680/1209/1961 2683/1213/1965
f 2685/1216/1968 2686/1214/1966 2683/1213/1965
f 2684/1215/1967 2686/1214/1966 2687/1217/1969
f 2688/1218/1970 2687/1217/1969 2686/1214/1966
f 2687/1217/1969 2689/1219/1971 2690/1220/1972
f 2684/1215/1967 2687/1217/1969 2690/1220/1972 2691/1221/1973
f 2693/1222/1974 2691/1221/1973 2690/1220/1972 2692/1223/1974
f 2684/1215/1967 2691/1221/1973 2694/1224/1975
f 2695/1225/1976 2684/1215/1967 2694/1224/1975
f 2695/1225/1976 2697/1226/1977 2696/1227/1978
f 2696/1227/1978 2684/1215/1967 2695/1225/1976
f 2698/1228/1979 2701/1229/1980 2696/1227/1978 2697/1226/1977
f 2699/1230/1981 2700/1231/1981 2698/1228/1979 2697/1226/1977
f 2698/1228/1979 2702/1232/1982 2701/1229/1980
f 2702/1232/1982 2703/1233/1983 2701/1229/1980
f 2703/1233/1983 2704/1234/1984 2701/1229/1980
f 2704/1234/1984 2705/1235/1985 2701/1229/1980
f 2704/1234/1984 2706/1236/1986 2705/1235/1985
f 2701/1229/1980 2705/1235/1985 2707/1237/1987
f 2696/1227/1978 2701/1229/1980 2707/1237/1987
f 2707/1237/1987 2709/1238/1988 2696/1227/1978
f 2709/1238/1988 2707/1237/1987 2708/1239/1989
f 2709/1238/1988 2710/1240/1990 2711/1241/1991
f 2696/1227/1978 2709/1238/1988 2711/1241/1991
f 2711/1241/1991 2712/1242/1992 2713/1210/1962
f 2711/1241/1991 2710/1240/1990 2712/1242/1992
f 2696/1227/1978 2711/1241/1991 2713/1210/1962
f 2713/1210/1962 2714/1243/1993 2679/1208/1960
f 2712/1242/1992 2714/1243/1993 2713/1210/1962
f 2684/1215/1967 2696/1227/1978 2713/1210/1962 2680/1209/1961
f 2712/1242/1992 2710/1240/1990 2714/1243/1993
f 2676/1204/1956 2715/1244/1994 2674/1205/1957
f 2715/1244/1994 2716/1245/1995 2674/1205/1957
f 2674/1205/1957 2716/1245/1995 2717/1246/1996 2669/1195/1948
f 2718/1247/1997 2721/1248/1998 2722/1249/1999 2719/1250/2000
f 2720/1251/2001 2718/1247/1997 2719/1250/2000
f 2723/1252/2002 2795/1253/2003 2722/1249/1999 2721/1248/1998
f 2721/1248/1998 2724/1254/2004 2725/1255/2005 2723/1252/2002
f 2726/1256/2006 2725/1255/2005 2724/1254/2004
f 2726/1256/2006 2724/1254/2004 2727/1257/2007
f 2727/1257/2007 2731/1258/2008 2726/1256/2006
f 2727/1257/2007 2728/1259/2009 2729/1260/2010
f 2727/1257/2007 2729/1260/2010 2730/1261/2011
f 2727/1257/2007 2730/1261/2011 2731/1258/2008
f 2726/1256/2006 2731/1258/2008 2732/1262/2012
f 2732/1262/2012 2733/1263/2013 2726/1256/2006
f 2736/1264/2014 2735/1265/2015 2733/1263/2013 2734/1266/2016
f 2735/1265/2015 2738/1267/2017 2726/1256/2006 2733/1263/2013
f 2735/1265/2015 2736/1264/2014 2737/1268/2018
f 2739/1269/2019 2742/1270/2020 2738/1267/2017 2735/1265/2015
f 2740/1271/2021 2739/1269/2019 2735/1265/2015
f 2739/1269/2019 2740/1271/2021 2741/1272/2022
f 2741/1272/2022 2742/1270/2020 2739/1269/2019
f 2743/1273/2023 2745/1274/2024 2742/1270/2020 2741/1272/2022
f 2744/1275/2025 2745/1274/2024 2743/1273/2023
f 2745/1274/2024 2738/1267/2017 2742/1270/2020
f 2813/1276/2026 2746/1277/2027 2745/1274/2024 2744/1275/2025
f 2745/1274/2024 2746/1277/2027 2747/1278/2028
f 2747/1278/2028 2738/1267/2017 2745/1274/2024
f 2749/1279/2029 2747/1278/2028 2748/1280/2030
f 2747/1278/2028 2746/1277/2027 2748/1280/2030
f 2747/1278/2028 2749/1279/2029 2766/1281/2031 2751/1282/2032
f 2752/1283/2033 2750/1284/2034 2747/1278/2028
f 2750/1284/2034 2738/1267/2017 2747/1278/2028
f 2751/1282/2032 2752/1283/2033 2747/1278/2028
f 2751/1282/2032 2753/1285/2035 2752/1283/2033
f 2755/1286/2036 2750/1284/2034 2752/1283/2033
f 2753/1285/2035 2754/1287/2037 2752/1283/2033
f 2752/1283/2033 2754/1287/2037 2755/1286/2036
f 2756/1288/2038 2750/1284/2034 2755/1286/2036
f 2757/1289/2039 2756/1288/2038 2755/1286/2036
f 2757/1289/2039 2758/1290/2040 2756/1288/2038
f 2756/1288/2038 2758/1290/2040 2759/1291/2041 2760/1292/2042
f 2760/1292/2042 2750/1284/2034 2756/1288/2038
f 2751/1282/2032 2761/1293/2043 2753/1285/2035
f 2751/1282/2032 2762/1294/2044 2761/1293/2043
f 2764/1295/2045 2763/1296/2046 2762/1294/2044
f 2764/1295/2045 2762/1294/2044 2765/1297/2047
f 2765/1297/2047 2762/1294/2044 2751/1282/2032
f 2765/1297/2047 2751/1282/2032 2766/1281/2031
f 2767/1298/2048 2766/1281/2031 2749/1279/2029
f 2768/1299/2049 2769/1300/2050 2767/1298/2048
f 2768/1299/2049 2767/1298/2048 2749/1279/2029
f 2770/1301/2051 2767/1298/2048 2769/1300/2050
f 2771/1302/2052 2769/1300/2050 2768/1299/2049
f 2772/1303/2053 2738/1267/2017 2750/1284/2034
f 2772/1303/2053 2773/1304/2054 2723/1252/2002
f 2772/1303/2053 2723/1252/2002 2738/1267/2017
f 2774/1305/2055 2723/1252/2002 2773/1304/2054
f 2777/1306/2056 2723/1252/2002 2774/1305/2055
f 2777/1306/2056 2774/1305/2055 2775/1307/2057
f 2776/1308/2058 2775/1307/2057 2774/1305/2055
f 2777/1306/2056 2780/1309/2059 2778/1310/2060
f 2778/1310/2060 2723/1252/2002 2777/1306/2056
f 2777/1306/2056 2779/1311/2061 2780/1309/2059
f 2784/1312/2062 2778/1310/2060 2780/1309/2059
f 2780/1309/2059 2779/1311/2061 2781/1313/2063
f 2781/1313/2063 2782/1314/2064 2780/1309/2059
f 2782/1314/2064 2783/1315/2065 2780/1309/2059
f 2783/1315/2065 2784/1312/2062 2780/1309/2059
f 2784/1312/2062 2786/1316/2066 2778/1310/2060
f 2787/1317/2067 2784/1312/2062 2785/1318/2068
f 2785/1318/2068 2784/1312/2062 2783/1315/2065
f 2784/1312/2062 2787/1317/2067 2786/1316/2066
f 2786/1316/2066 2787/1317/2067 2789/1319/2069
f 2789/1319/2069 2787/1317/2067 2788/1320/2070
f 2787/1317/2067 2785/1318/2068 2788/1320/2070
f 2792/1321/2071 2793/1322/2072 2786/1316/2066 2789/1319/2069
f 2790/1323/2073 2789/1319/2069 2788/1320/2070
f 2792/1321/2071 2789/1319/2069 2791/1324/2074
f 2794/1325/2075 2795/1253/2003 2793/1322/2072 2792/1321/2071
f 2794/1325/2075 2796/1326/2076 2795/1253/2003
f 2797/1327/2077 2798/1328/2078 2796/1326/2076 2794/1325/2075
f 2799/1329/2079 2798/1328/2078 2797/1327/2077
f 2795/1253/2003 2796/1326/2076 2722/1249/1999
f 2793/1322/2072 2795/1253/2003 2778/1310/2060
f 2778/1310/2060 2795/1253/2003 2723/1252/2002
f 2778/1310/2060 2786/1316/2066 2793/1322/2072
f 2785/1318/2068 2800/1330/2080 2788/1320/2070
f 2801/1331/2081 2800/1330/2080 2785/1318/2068
f 2802/1332/2082 2800/1330/2080 2801/1331/2081
f 2805/1333/2083 2801/1331/2081 2803/1334/2084
f 2801/1331/2081 2804/1335/2085 2803/1334/2084
f 2804/1335/2085 2801/1331/2081 2807/1336/2086
f 2806/1337/2087 2801/1331/2081 2805/1333/2083
f 2801/1331/2081 2785/1318/2068 2807/1336/2086
f 2807/1336/2086 2785/1318/2068 2808/1338/2088
f 2808/1338/2088 2785/1318/2068 2783/1315/2065 2809/1339/2089
f 2809/1339/2089 2783/1315/2065 2810/1340/2090
f 2810/1340/2090 2811/1341/2091 2809/1339/2089
f 2812/1342/2092 2810/1340/2090 2783/1315/2065
f 2783/1315/2065 2782/1314/2064 2812/1342/2092
f 2748/1280/2030 2746/1277/2027 2813/1276/2026
f 2725/1255/2005 2726/1256/2006 2738/1267/2017
f 2738/1267/2017 2723/1252/2002 2725/1255/2005
f 2816/1343/2093 2814/1344/2094 2815/1345/2095
f 2818/1346/2096 2817/1347/2097 2814/1344/2094 2816/1343/2093
f 2817/1347/2097 2818/1346/2096 2819/1348/2098
f 2820/1349/2099 2821/1350/2100 2819/1348/2098
f 2820/1349/2099 2819/1348/2098 2818/1346/2096
f 2823/1351/2101 2822/1352/2102 2819/1348/2098 2821/1350/2100
f 2822/1352/2102 2823/1351/2101 2824/1353/2103
f 2820/1354/2099 2825/1355/2104 2823/1351/2101 2821/1350/2100
f 2818/1356/2096 2816/1357/2093 2825/1355/2104 2820/1354/2099
f 2815/1358/2095 2825/1355/2104 2816/1357/2093
f 2828/1359/2105 2826/1360/2106 2827/1361/2107
f 2828/1362/2105 2830/1363/2108 2829/1364/2109 2826/1365/2106
f 2830/1363/2108 2828/1362/2105 2831/1366/2110
f 2833/1367/2111 2832/1368/2112 2830/1363/2108 2831/1366/2110
f 2833/1367/2111 2834/1369/2113 2832/1368/2112
f 2835/1370/2114 2834/1369/2113 2833/1367/2111
f 2834/1369/2113 2835/1370/2114 2827/1361/2107
f 2831/1366/2110 2828/1359/2105 2835/1370/2114 2833/1367/2111
f 2827/1361/2107 2835/1370/2114 2828/1359/2105
f 2836/1371/2115 2838/1372/2116 2852/1373/2117 2837/1374/2118
f 2840/1375/2119 2838/1372/2116 2836/1371/2115 2839/1376/2120
f 2842/1377/2121 2840/1375/2119 2839/1376/2120 2841/1378/2122
f 2843/1379/2123 2848/1380/2124 2842/1377/2121 2841/1378/2122
f 2843/1379/2123 2841/1378/2122 2844/1381/2125
f 2844/1381/2125 2845/1382/2126 2846/1383/2127 2843/1379/2123
f 2847/1384/2128 2848/1380/2124 2843/1379/2123 2846/1383/2127
f 2847/1384/2128 2840/1385/2119 2848/1380/2124
f 2850/1386/2129 2849/1387/2130 2847/1384/2128
f 2849/1387/2130 2840/1385/2119 2847/1384/2128
f 2850/1386/2129 2851/1388/2131 2837/1389/2118 2852/1390/2117
f 2850/1386/2129 2852/1390/2117 2849/1387/2130
f 2849/1387/2130 2852/1390/2117 2838/1391/2116
f 2838/1391/2116 2840/1385/2119 2849/1387/2130
f 2848/1380/2124 2840/1385/2119 2842/1377/2121
f 2854/1392/2132 2853/1393/2133 2856/1394/2134
f 2855/1395/2135 2857/1396/2136 2856/1394/2134 2853/1393/2133
f 2857/1396/2136 2855/1395/2135 2858/1397/2137
f 2859/1398/2138 2857/1396/2136 2858/1397/2137
f 2860/1399/2139 2857/1396/2136 2859/1398/2138
f 2861/1400/2140 2860/1399/2139 2859/1398/2138
f 2861/1400/2140 2862/1401/2141 2860/1399/2139
f 2862/1401/2141 2861/1400/2140 2863/1402/2142
f 2862/1401/2141 2863/1402/2142 2864/1403/2143
f 2864/1403/2143 2863/1402/2142 2865/1404/2144
f 2863/1402/2142 2867/1405/2145 2865/1404/2144
f 2867/1405/2145 2866/1406/2146 2865/1404/2144
f 2868/1407/2147 2867/1405/2145 2863/1402/2142
f 2868/1407/2147 2869/1408/2148 2867/1405/2145
f 2870/1409/2149 2869/1408/2148 2868/1407/2147
f 2869/1408/2148 2870/1409/2149 2871/1410/2150
f 2870/1409/2149 2872/1411/2151 2871/1410/2150
f 2871/1410/2150 2872/1411/2151 2873/1412/2152
f 2873/1412/2152 2872/1411/2151 2874/1413/2153
f 2870/1409/2149 2875/1414/2154 2872/1411/2151
f 2876/1415/2155 2877/1416/2156 2875/1414/2154
f 2876/1415/2155 2875/1414/2154 2870/1409/2149
f 2880/1417/2157 2879/1418/2158 2877/1416/2156 2878/1419/2159
f 2878/1419/2159 2877/1416/2156 2876/1415/2155
f 2879/1418/2158 2880/1417/2157 2881/1420/2160
f 2878/1419/2159 2884/1421/2161 2882/1422/2162 2880/1417/2157
f 2880/1417/2157 2882/1422/2162 2883/1423/2163
f 2882/1422/2162 2884/1421/2161 2885/1424/2164
f 2884/1421/2161 2899/1425/2165 2886/1426/2166 2885/1424/2164
f 2887/1427/2167 2885/1424/2164 2886/1426/2166
f 2886/1426/2166 2890/1428/2168 2888/1429/2169 2887/1427/2167
f 2888/1429/2169 2891/1430/2170 2889/1431/2171
f 2888/1429/2169 2890/1428/2168 2891/1430/2170
f 2889/1431/2171 2891/1430/2170 2892/1432/2172
f 2891/1430/2170 2890/1428/2168 2894/1433/2173 2892/1432/2172
f 2892/1432/2172 2893/1434/2174 2889/1431/2171
f 2893/1434/2174 2892/1432/2172 2895/1435/2175
f 2894/1433/2173 2895/1435/2175 2892/1432/2172
f 2898/1436/2176 2896/1437/2177 2895/1435/2175
f 2896/1437/2177 2893/1434/2174 2895/1435/2175
f 2895/1435/2175 2899/1425/2165 2897/1438/2178
f 2898/1436/2176 2895/1435/2175 2897/1438/2178
f 2894/1433/2173 2899/1425/2165 2895/1435/2175
f 2899/1425/2165 2884/1421/2161 2897/1438/2178
f 2894/1433/2173 2890/1428/2168 2886/1426/2166 2899/1425/2165
f 2900/1439/2179 2896/1437/2177 2898/1436/2176
f 2898/1436/2176 2870/1409/2149 2900/1439/2179
f 2878/1419/2159 2870/1409/2149 2898/1436/2176
f 2898/1436/2176 2897/1438/2178 2878/1419/2159
f 2893/1434/2174 2900/1439/2179 2901/1440/2180
f 2903/1441/2181 2901/1440/2180 2900/1439/2179 2902/1442/2182
f 2900/1439/2179 2870/1409/2149 2868/1407/2147 2902/1442/2182
f 2900/1439/2179 2893/1434/2174 2896/1437/2177
f 2903/1441/2181 2902/1442/2182 2905/1443/2183
f 2902/1442/2182 2868/1407/2147 2858/1397/2137 2904/1444/2184
f 2902/1442/2182 2904/1444/2184 2905/1443/2183
f 2904/1444/2184 2906/1445/2185 2905/1443/2183
f 2905/1443/2183 2906/1445/2185 2907/1446/2186
f 2905/1443/2183 2907/1446/2186 2908/1447/2187
f 2908/1447/2187 2903/1441/2181 2905/1443/2183
f 2889/1431/2171 2901/1440/2180 2908/1447/2187
f 2909/1448/2188 2889/1431/2171 2908/1447/2187
f 2908/1447/2187 2907/1446/2186 2909/1448/2188
f 2901/1440/2180 2903/1441/2181 2908/1447/2187
f 2889/1431/2171 2909/1448/2188 2911/1449/2189
f 2909/1448/2188 2907/1446/2186 2910/1450/2190
f 2909/1448/2188 2910/1450/2190 2911/1449/2189
f 2889/1431/2171 2911/1449/2189 2912/1451/2191
f 2912/1451/2191 2911/1449/2189 2913/1452/2192
f 2910/1450/2190 2913/1452/2192 2911/1449/2189
f 2912/1451/2191 2913/1452/2192 2914/1453/2193 2917/1454/2194
f 2915/1455/2195 2914/1453/2193 2913/1452/2192 2910/1450/2190
f 2914/1453/2193 2915/1455/2195 2916/1456/2196
f 2917/1454/2194 2914/1453/2193 2916/1456/2196
f 2917/1454/2194 2916/1456/2196 2920/1457/2197
f 2918/1458/2198 2919/1459/2199 2917/1454/2194
f 2918/1458/2198 2917/1454/2194 2921/1460/2200
f 2939/1461/2201 2912/1451/2191 2917/1454/2194 2919/1459/2199
f 2917/1454/2194 2920/1457/2197 2921/1460/2200
f 2921/1460/2200 2920/1457/2197 2922/1462/2202
f 2923/1463/2203 2918/1458/2198 2921/1460/2200
f 2925/1464/2204 2924/1465/2205 2922/1462/2202
f 2925/1464/2204 2922/1462/2202 2920/1457/2197
f 2924/1465/2205 2925/1464/2204 2927/1466/2206 2930/1467/2207
f 2920/1457/2197 2926/1468/2208 2925/1464/2204
f 2927/1466/2206 2925/1464/2204 2926/1468/2208
f 2928/1469/2209 2927/1466/2206 2926/1468/2208
f 2929/1470/2210 2927/1466/2206 2928/1469/2209
f 2929/1470/2210 2931/1471/2211 2930/1467/2207 2927/1466/2206
f 2930/1467/2207 2931/1471/2211 2932/1472/2212
f 2933/1473/2213 2930/1467/2207 2932/1472/2212
f 2930/1467/2207 2933/1473/2213 2924/1465/2205
f 2934/1474/2214 2929/1470/2210 2928/1469/2209
f 2936/1475/2215 2934/1474/2214 2935/1476/2216 2937/1477/2217
f 2934/1474/2214 2855/1395/2135 2935/1476/2216
f 2928/1469/2209 2858/1397/2137 2934/1474/2214
f 2858/1397/2137 2855/1395/2135 2934/1474/2214
f 2938/1478/2218 2937/1477/2217 2935/1476/2216
f 2904/1444/2184 2858/1397/2137 2928/1469/2209 2906/1445/2185
f 2915/1455/2195 2906/1445/2185 2928/1469/2209
f 2915/1455/2195 2928/1469/2209 2926/1468/2208
f 2916/1456/2196 2926/1468/2208 2920/1457/2197
f 2916/1456/2196 2915/1455/2195 2926/1468/2208
f 2889/1431/2171 2912/1451/2191 2939/1461/2201
f 2906/1445/2185 2915/1455/2195 2910/1450/2190 2907/1446/2186
f 2889/1431/2171 2893/1434/2174 2901/1440/2180
f 2897/1438/2178 2884/1421/2161 2878/1419/2159
f 2878/1419/2159 2876/1415/2155 2870/1409/2149
f 2868/1407/2147 2863/1402/2142 2861/1400/2140
f 2861/1400/2140 2858/1397/2137 2868/1407/2147
f 2861/1400/2140 2859/1398/2138 2858/1397/2137
f 2941/1479/2219 2940/1480/2220 2943/1481/2221
f 2942/1482/2222 2940/1483/2220 2941/1484/2219
f 2944/1485/2223 2957/1486/2224 2941/1479/2219 2943/1481/2221
f 2948/1487/2225 2944/1485/2223 2943/1481/2221 2945/1488/2226
f 2945/1488/2226 2946/1489/2227 2950/1490/2228 2949/1491/2229
f 2946/1489/2227 2945/1488/2226 2947/1492/2230
f 2945/1488/2226 2949/1491/2229 2948/1487/2225
f 2948/1493/2225 2949/1494/2229 2950/1490/2228
f 2951/1495/2231 2948/1493/2225 2950/1490/2228
f 2951/1495/2231 2950/1490/2228 2952/1496/2232
f 2946/1489/2227 2953/1497/2233 2952/1496/2232 2950/1490/2228
f 2951/1495/2231 2952/1496/2232 2955/1498/2234 2958/1499/2235
f 2953/1497/2233 2954/1500/2236 2952/1496/2232
f 2956/1501/2237 2957/1502/2224 2955/1498/2234
f 2957/1502/2224 2958/1499/2235 2955/1498/2234
f 2948/1493/2225 2951/1495/2231 2958/1499/2235 2957/1502/2224
f 2941/1484/2219 2957/1502/2224 2956/1501/2237 2942/1482/2222
f 2957/1502/2224 2944/1503/2223 2948/1493/2225
f 2954/1500/2236 2953/1497/2233 2946/1489/2227
f 2954/1500/2236 2946/1489/2227 2947/1492/2230
f 2961/1504/2238 2959/1505/2239 2960/1506/2240
f 2962/1507/2241 2961/1504/2238 2960/1506/2240
f 2962/1507/2241 2960/1506/2240 2963/1508/2242
f 2963/1508/2242 2964/1509/2243 2962/1507/2241
f 2965/1510/2244 2962/1507/2241 2964/1509/2243
f 2964/1509/2243 2967/1511/2245 2966/1512/2246 2965/1510/2244
f 2970/1513/2247 2968/1514/2248 2966/1512/2246 2967/1511/2245
f 2968/1514/2248 2970/1513/2247 2969/1515/2249
f 2970/1513/2247 2971/1516/2250 2972/1517/2251
f 2973/1518/2252 2971/1516/2250 2970/1513/2247
f 2969/1515/2249 2970/1513/2247 2972/1517/2251
f 2973/1518/2252 2970/1513/2247 2967/1511/2245
f 2964/1509/2243 2973/1518/2252 2967/1511/2245
f 2973/1518/2252 2964/1509/2243 2974/1519/2253
f 2972/1517/2251 2975/1520/2254 2969/1515/2249
f 2976/1521/2255 2979/1522/2256 2991/1523/2257 2977/1524/2258
f 2978/1525/2259 2976/1521/2255 2977/1524/2258
f 2980/1526/2260 2976/1527/2255 2978/1528/2259
f 2976/1527/2255 2980/1526/2260 2983/1529/2261 2979/1530/2256
f 2981/1531/2262 2980/1526/2260 2982/1532/2263
f 2981/1531/2262 2983/1529/2261 2980/1526/2260
f 2980/1526/2260 2978/1528/2259 2982/1532/2263
f 2979/1522/2256 2983/1533/2261 2984/1534/2264
f 2983/1529/2261 2981/1531/2262 2986/1535/2265 2984/1534/2264
f 2979/1522/2256 2984/1534/2264 2985/1536/2266 2991/1523/2257
f 2984/1534/2264 2986/1535/2265 2987/1537/2267 2985/1536/2266
f 2981/1531/2262 2988/1538/2268 2986/1535/2265
f 2987/1537/2267 2986/1535/2265 2988/1538/2268 2989/1539/2269
f 2988/1538/2268 2981/1531/2262 2990/1540/2270
f 2990/1540/2270 2981/1531/2262 2982/1532/2263
f 2994/1541/2271 2992/1542/2272 2993/1543/2273
f 2993/1543/2273 2996/1544/2274 2995/1545/2275 2994/1541/2271
f 2997/1546/2276 2995/1545/2275 2996/1544/2274
f 3024/1547/2277 2998/1548/2278 2997/1546/2276 2996/1544/2274
f 2999/1549/2279 2997/1546/2276 2998/1548/2278
f 2999/1549/2279 2998/1548/2278 3000/1550/2280
f 2999/1549/2279 3000/1550/2280 3001/1551/2281
f 3000/1550/2280 3022/1552/2282 3002/1553/2283 3001/1551/2281
f 3002/1553/2283 3004/1554/2284 3003/1555/2285 3001/1551/2281
f 3004/1554/2284 3005/1556/2286 3003/1555/2285
f 3005/1556/2286 3016/1557/2287 3006/1558/2288 3003/1555/2285
f 3003/1555/2285 3006/1558/2288 3007/1559/2289
f 3016/1557/2287 3008/1560/2290 3007/1559/2289 3006/1558/2288
f 3007/1559/2289 3008/1560/2290 3009/1561/2291
f 3007/1559/2289 3009/1561/2291 3010/1562/2292
f 3009/1561/2291 3008/1560/2290 3011/1563/2293
f 3012/1564/2294 3009/1561/2291 3011/1563/2293
f 3013/1565/2295 3011/1563/2293 3008/1560/2290
f 3014/1566/2296 3013/1565/2295 3008/1560/2290
f 3004/1554/2284 3014/1566/2296 3005/1556/2286
f 3015/1567/2297 3014/1566/2296 3004/1554/2284
f 3005/1556/2286 3014/1566/2296 3016/1557/2287
f 3016/1557/2287 3014/1566/2296 3008/1560/2290
f 3002/1553/2283 3017/1568/2298 3004/1554/2284
f 3018/1569/2299 3017/1568/2298 3002/1553/2283
f 3019/1570/2300 3018/1569/2299 3002/1553/2283
f 3002/1553/2283 3020/1571/2301 3019/1570/2300
f 3021/1572/2302 3020/1571/2301 3022/1552/2282
f 3022/1552/2282 3020/1571/2301 3002/1553/2283
f 3022/1552/2282 3023/1573/2303 3025/1574/2304 3021/1572/2302
f 2998/1548/2278 3022/1552/2282 3000/1550/2280
f 3022/1552/2282 2998/1548/2278 3023/1573/2303
f 3023/1573/2303 3024/1547/2277 3025/1574/2304
f 3024/1547/2277 3023/1573/2303 2998/1548/2278
f 3028/1575/2305 3026/1576/2306 3027/1577/2307
f 3029/1578/2308 3026/1576/2306 3028/1575/2305 3030/1579/2309
f 3030/1579/2309 3032/1580/2310 3031/1581/2311 3029/1578/2308
f 3032/1580/2310 3034/1582/2312 3033/1583/2313 3031/1581/2311
f 3033/1583/2313 3034/1582/2312 3036/1584/2314 3035/1585/2315
f 3034/1582/2312 3039/1586/2316 3037/1587/2317 3036/1584/2314
f 3038/1588/2318 3037/1587/2317 3039/1586/2316 3041/1589/2319
f 3040/1590/2320 3039/1591/2316 3032/1580/2310 3030/1579/2309
f 3032/1580/2310 3039/1591/2316 3034/1582/2312
f 3041/1589/2319 3039/1586/2316 3040/1592/2320
f 3038/1588/2318 3041/1589/2319 3042/1593/2321
f 3041/1589/2319 3040/1592/2320 3042/1593/2321
f 3028/1594/2305 3027/1595/2307 3042/1593/2321
f 3040/1592/2320 3030/1596/2309 3028/1594/2305 3042/1593/2321
f 3045/1597/2322 3043/1598/2323 3044/1599/2324
f 3044/1599/2324 3046/1600/2325 3045/1597/2322
f 3048/1601/2326 3047/1602/2327 3045/1597/2322 3046/1600/2325
f 3048/1601/2326 3049/1603/2328 3047/1602/2327
f 3050/1604/2329 3047/1602/2327 3049/1603/2328
f 3047/1602/2327 3050/1604/2329 3051/1605/2330
f 3053/1606/2331 3052/1607/2332 3051/1605/2330 3050/1604/2329
f 3053/1606/2331 3055/1608/2333 3054/1609/2334 3052/1607/2332
f 3053/1606/2331 3056/1610/2335 3055/1608/2333
f 3058/1611/2336 3057/1612/2337 3056/1610/2335
f 3056/1610/2335 3053/1606/2331 3050/1604/2329 3049/1603/2328
f 3049/1603/2328 3058/1611/2336 3056/1610/2335
f 3048/1601/2326 3058/1613/2336 3049/1603/2328
f 3046/1614/2325 3057/1612/2337 3058/1611/2336 3048/1615/2326
f 3046/1614/2325 3044/1616/2324 3057/1612/2337
f 3060/1617/2338 3059/1618/2339 3062/1619/2340
f 3061/1620/2341 3059/1618/2339 3060/1617/2338
f 3061/1621/2341 3064/1622/2342 3059/1623/2339
f 3059/1618/2339 3063/1624/2343 3074/1625/2344 3062/1619/2340
f 3063/1626/2343 3059/1623/2339 3064/1622/2342 3065/1627/2345
f 3066/1628/2346 3065/1627/2345 3064/1622/2342
f 3061/1621/2341 3066/1628/2346 3064/1622/2342
f 3065/1627/2345 3066/1628/2346 3068/1629/2347 3070/1630/2348
f 3066/1628/2346 3067/1631/2349 3068/1629/2347
f 3072/1632/2350 3070/1630/2348 3068/1629/2347 3069/1633/2351
f 3067/1631/2349 3069/1633/2351 3068/1629/2347
f 3065/1634/2345 3070/1635/2348 3071/1636/2352
f 3070/1630/2348 3072/1632/2350 3071/1636/2352
f 3071/1636/2352 3072/1632/2350 3073/1637/2353
f 3075/1638/2354 3073/1637/2353 3072/1632/2350 3069/1633/2351
f 3073/1637/2353 3074/1625/2344 3071/1636/2352
f 3076/1639/2355 3075/1638/2354 3069/1633/2351
f 3076/1639/2355 3069/1633/2351 3077/1640/2356
f 3077/1640/2356 3069/1633/2351 3067/1631/2349
f 3074/1625/2344 3065/1634/2345 3071/1636/2352
f 3074/1625/2344 3063/1624/2343 3065/1634/2345
f 3080/1641/2357 3078/1642/2358 3079/1643/2359
f 3080/1641/2357 3079/1643/2359 3081/1644/2360
f 3082/1645/2361 3080/1641/2357 3081/1644/2360
f 3082/1645/2361 3083/1646/2362 3080/1641/2357
f 3084/1647/2363 3083/1646/2362 3082/1645/2361
f 3084/1647/2363 3085/1648/2364 3083/1646/2362
f 3084/1647/2363 3086/1649/2365 3085/1648/2364
f 3087/1650/2366 3086/1649/2365 3084/1647/2363
f 3088/1651/2367 3086/1649/2365 3087/1650/2366
f 3089/1652/2368 3092/1653/2369 3087/1650/2366
f 3089/1652/2368 3087/1650/2366 3090/1654/2370
f 3090/1654/2370 3087/1650/2366 3084/1647/2363
f 3092/1653/2369 3091/1655/2371 3087/1650/2366
f 3096/1656/2372 3092/1653/2369 3093/1657/2373
f 3093/1657/2373 3092/1653/2369 3094/1658/2374
f 3094/1658/2374 3092/1653/2369 3089/1652/2368
f 3095/1659/2375 3099/1660/2376 3092/1653/2369
f 3098/1661/2377 3095/1659/2375 3092/1653/2369
f 3097/1662/2378 3092/1653/2369 3096/1656/2372
f 3098/1661/2377 3092/1653/2369 3097/1662/2378
f 3095/1659/2375 3100/1663/2379 3099/1660/2376
f 3104/1664/2380 3101/1665/2381 3100/1663/2379 3103/1666/2382
f 3100/1663/2379 3101/1665/2381 3102/1667/2383
f 3095/1659/2375 3105/1668/2384 3103/1666/2382 3100/1663/2379
f 3107/1669/2385 3110/1670/2386 3104/1664/2380 3103/1666/2382
f 3106/1671/2387 3103/1666/2382 3105/1668/2384
f 3108/1672/2388 3107/1669/2385 3103/1666/2382 3106/1671/2387
f 3108/1672/2388 3109/1673/2389 3107/1669/2385
f 3109/1673/2389 3110/1670/2386 3107/1669/2385
f 3109/1673/2389 3111/1674/2390 3110/1670/2386
f 3111/1674/2390 3112/1675/2391 3110/1670/2386
f 3110/1670/2386 3112/1675/2391 3104/1664/2380
f 3113/1676/2392 3112/1675/2391 3111/1674/2390
f 3114/1677/2393 3111/1674/2390 3109/1673/2389
f 3114/1677/2393 3116/1678/2394 3115/1679/2395
f 3114/1677/2393 3106/1671/2387 3116/1678/2394
f 3114/1677/2393 3109/1673/2389 3108/1672/2388
f 3114/1677/2393 3108/1672/2388 3106/1671/2387
f 3117/1680/2396 3116/1678/2394 3118/1681/2397
f 3115/1679/2395 3116/1678/2394 3117/1680/2396
f 3118/1681/2397 3116/1678/2394 3106/1671/2387
f 3117/1680/2396 3118/1681/2397 3105/1668/2384
f 3118/1681/2397 3106/1671/2387 3105/1668/2384
f 3119/1682/2398 3115/1679/2395 3117/1680/2396
f 3119/1682/2398 3117/1680/2396 3095/1659/2375
f 3117/1680/2396 3105/1668/2384 3095/1659/2375
f 3096/1656/2372 3119/1682/2398 3121/1683/2399
f 3120/1684/2400 3119/1682/2398 3096/1656/2372
f 3121/1683/2399 3119/1682/2398 3095/1659/2375
f 3096/1656/2372 3121/1683/2399 3097/1662/2378
f 3097/1662/2378 3121/1683/2399 3122/1685/2401
f 3121/1683/2399 3095/1659/2375 3122/1685/2401
f 3122/1685/2401 3098/1661/2377 3097/1662/2378
f 3122/1685/2401 3095/1659/2375 3098/1661/2377
f 3104/1664/2380 3123/1686/2402 3101/1665/2381
f 3093/1657/2373 3094/1658/2374 3124/1687/2403
f 3124/1687/2403 3094/1658/2374 3089/1652/2368
f 3124/1687/2403 3089/1652/2368 3128/1688/2404 3125/1689/2405
f 3093/1657/2373 3124/1687/2403 3125/1689/2405 3127/1690/2406
f 3126/1691/2407 3127/1690/2406 3125/1689/2405
f 3125/1689/2405 3128/1688/2404 3126/1691/2407
f 3129/1692/2408 3128/1688/2404 3131/1693/2409
f 3130/1694/2410 3128/1688/2404 3129/1692/2408 3154/1695/2411
f 3130/1694/2410 3126/1691/2407 3128/1688/2404
f 3131/1693/2409 3128/1688/2404 3090/1654/2370 3132/1696/2412
f 3089/1652/2368 3090/1654/2370 3128/1688/2404
f 3131/1693/2409 3133/1697/2413 3129/1692/2408
f 3132/1696/2412 3135/1698/2414 3133/1697/2413 3131/1693/2409
f 3154/1695/2411 3129/1692/2408 3133/1697/2413 3134/1699/2415
f 3133/1697/2413 3135/1698/2414 3136/1700/2416 3134/1699/2415
f 3136/1700/2416 3135/1698/2414 3084/1647/2363
f 3135/1698/2414 3132/1696/2412 3084/1647/2363
f 3136/1700/2416 3137/1701/2417 3134/1699/2415
f 3136/1700/2416 3138/1702/2418 3137/1701/2417
f 3138/1702/2418 3136/1700/2416 3139/1703/2419
f 3136/1700/2416 3084/1647/2363 3139/1703/2419
f 3140/1704/2420 3138/1702/2418 3139/1703/2419
f 3139/1703/2419 3141/1705/2421 3140/1704/2420
f 3141/1705/2421 3139/1703/2419 3084/1647/2363
f 3141/1705/2421 3082/1645/2361 3140/1704/2420
f 3141/1705/2421 3084/1647/2363 3082/1645/2361
f 3140/1704/2420 3082/1645/2361 3138/1702/2418
f 3142/1706/2422 3138/1702/2418 3143/1707/2423
f 3143/1707/2423 3138/1702/2418 3082/1645/2361
f 3143/1707/2423 3081/1644/2360 3144/1708/2424
f 3143/1707/2423 3082/1645/2361 3081/1644/2360
f 3153/1709/2425 3145/1710/2426 3143/1707/2423 3144/1708/2424
f 3146/1711/2427 3143/1707/2423 3145/1710/2426
f 3142/1706/2422 3143/1707/2423 3146/1711/2427
f 3142/1706/2422 3146/1711/2427 3148/1712/2428
f 3146/1711/2427 3145/1710/2426 3147/1713/2429
f 3148/1712/2428 3146/1711/2427 3147/1713/2429
f 3147/1713/2429 3149/1714/2430 3148/1712/2428
f 3150/1715/2431 3149/1714/2430 3147/1713/2429
f 3149/1714/2430 3150/1715/2431 3151/1716/2432
f 3152/1717/2433 3150/1715/2431 3153/1709/2425 3144/1708/2424
f 3153/1709/2425 3150/1715/2431 3147/1713/2429
f 3147/1713/2429 3145/1710/2426 3153/1709/2425
f 3144/1708/2424 3081/1644/2360 3152/1717/2433
f 3090/1654/2370 3084/1647/2363 3132/1696/2412
f 3130/1694/2410 3127/1690/2406 3126/1691/2407
f 3157/1718/2434 3155/1719/2435 3156/1720/2436
f 3156/1720/2436 3159/1721/2437 3158/1722/2438 3157/1718/2434
f 3160/1723/2439 3158/1722/2438 3159/1721/2437 3161/1724/2440
f 3163/1725/2441 3162/1726/2442 3160/1723/2439 3161/1724/2440
f 3162/1726/2442 3163/1725/2441 3164/1727/2443
f 3163/1725/2441 3161/1724/2440 3166/1728/2444 3165/1729/2445
f 3156/1720/2436 3165/1730/2445 3159/1721/2437
f 3159/1721/2437 3165/1729/2445 3166/1728/2444
f 3161/1724/2440 3159/1721/2437 3166/1728/2444
f 3168/1731/2446 3167/1732/2447 3170/1733/2448
f 3169/1734/2449 3167/1732/2447 3168/1731/2446
f 3169/1735/2449 3171/1736/2450 3167/1737/2447
f 3172/1738/2451 3170/1739/2448 3167/1737/2447 3171/1736/2450
f 3172/1738/2451 3171/1736/2450 3173/1740/2452 3174/1741/2453
f 3174/1741/2453 3173/1740/2452 3176/1742/2454 3178/1743/2455
f 3176/1742/2454 3173/1740/2452 3175/1744/2456
f 3176/1742/2454 3177/1745/2457 3180/1746/2458 3178/1743/2455
f 3175/1744/2456 3177/1745/2457 3176/1742/2454
f 3170/1733/2448 3172/1747/2451 3178/1743/2455
f 3170/1733/2448 3178/1743/2455 3179/1748/2459 3184/1749/2460
f 3179/1748/2459 3178/1743/2455 3180/1746/2458
f 3172/1747/2451 3174/1750/2453 3178/1743/2455
f 3181/1751/2461 3180/1746/2458 3177/1745/2457
f 3179/1748/2459 3180/1746/2458 3181/1751/2461
f 3182/1752/2462 3179/1748/2459 3181/1751/2461
f 3181/1751/2461 3177/1745/2457 3175/1744/2456
f 3179/1748/2459 3182/1752/2462 3183/1753/2463 3184/1749/2460
f 3183/1753/2463 3168/1731/2446 3184/1749/2460
f 3184/1749/2460 3168/1731/2446 3170/1733/2448
f 3188/1754/2464 3186/1755/2465 3185/1756/2466
f 3187/1757/2467 3185/1756/2466 3186/1755/2465
f 3188/1754/2464 3185/1756/2466 3189/1758/2468
f 3185/1756/2466 3190/1759/2469 3189/1758/2468
f 3190/1759/2469 3193/1760/2470 3189/1758/2468
f 3190/1759/2469 3191/1761/2471 3192/1762/2472
f 3192/1762/2472 3193/1760/2470 3190/1759/2469
f 3195/1763/2473 3193/1760/2470 3192/1762/2472
f 3189/1758/2468 3193/1760/2470 3194/1764/2474
f 3195/1763/2473 3196/1765/2475 3193/1760/2470
f 3196/1765/2475 3197/1766/2476 3193/1760/2470
f 3198/1767/2477 3193/1760/2470 3197/1766/2476
f 3193/1760/2470 3198/1767/2477 3199/1768/2478
f 3200/1769/2479 3198/1767/2477 3197/1766/2476
f 3201/1770/2480 3198/1767/2477 3200/1769/2479
f 3202/1771/2481 3198/1767/2477 3201/1770/2480
f 3202/1771/2481 3203/1772/2482 3198/1767/2477
f 3204/1773/2483 3198/1767/2477 3203/1772/2482
f 3204/1773/2483 3205/1774/2484 3198/1767/2477
f 3198/1767/2477 3205/1774/2484 3206/1775/2485
f 3205/1774/2484 3207/1776/2486 3206/1775/2485
f 3208/1777/2487 3205/1774/2484 3204/1773/2483
f 3211/1778/2488 3205/1774/2484 3208/1777/2487
f 3210/1779/2489 3209/1780/2490 3205/1774/2484
f 3211/1778/2488 3210/1779/2489 3205/1774/2484
f 3212/1781/2491 3210/1779/2489 3211/1778/2488
f 3211/1778/2488 3213/1782/2492 3214/1783/2493 3212/1781/2491
f 3211/1778/2488 3208/1777/2487 3213/1782/2492
f 3213/1782/2492 3208/1777/2487 3214/1783/2493
f 3202/1771/2481 3201/1770/2480 3215/1784/2494
f 3216/1785/2495 3195/1763/2473 3192/1762/2472
f 3188/1754/2464 3189/1758/2468 3217/1786/2496
f 3217/1786/2496 3189/1758/2468 3218/1787/2497
f 3189/1758/2468 3219/1788/2498 3218/1787/2497
f 3219/1788/2498 3189/1758/2468 3220/1789/2499
f 3221/1790/2500 3218/1787/2497 3219/1788/2498
f 3219/1788/2498 3222/1791/2501 3234/1792/2502 3221/1790/2500
f 3222/1791/2501 3219/1788/2498 3223/1793/2503
f 3223/1793/2503 3224/1794/2504 3222/1791/2501
f 3225/1795/2505 3222/1791/2501 3224/1794/2504
f 3226/1796/2506 3222/1791/2501 3225/1795/2505
f 3226/1796/2506 3225/1795/2505 3227/1797/2507
f 3228/1798/2508 3226/1796/2506 3227/1797/2507
f 3228/1798/2508 3229/1799/2509 3226/1796/2506
f 3230/1800/2510 3229/1799/2509 3231/1801/2511
f 3229/1799/2509 3230/1800/2510 3226/1796/2506
f 3226/1796/2506 3230/1800/2510 3222/1791/2501
f 3230/1800/2510 3232/1802/2512 3222/1791/2501
f 3233/1803/2513 3222/1791/2501 3232/1802/2512
f 3233/1803/2513 3234/1792/2502 3222/1791/2501
f 3236/1804/2514 3234/1792/2502 3235/1805/2515
f 3236/1804/2514 3221/1790/2500 3234/1792/2502
f 3236/1804/2514 3237/1806/2516 3221/1790/2500
f 3188/1754/2464 3217/1786/2496 3238/1807/2517
f 3241/1808/2518 3239/1809/2519 3240/1810/2520
f 3243/1811/2521 3242/1812/2522 3241/1808/2518 3240/1810/2520
f 3243/1811/2521 3244/1813/2523 3242/1812/2522
f 3244/1813/2523 3246/1814/2524 3245/1815/2525 3242/1812/2522
f 3247/1816/2526 3245/1815/2525 3246/1814/2524
f 3249/1817/2527 3248/1818/2528 3247/1816/2526 3246/1814/2524
f 3250/1819/2529 3249/1817/2527 3244/1813/2523
f 3244/1813/2523 3249/1817/2527 3246/1814/2524
f 3253/1820/2530 3251/1821/2531 3250/1819/2529 3243/1811/2521
f 3243/1811/2521 3250/1819/2529 3244/1813/2523
f 3256/1822/2532 3252/1823/2533 3251/1821/2531 3253/1820/2530
f 3243/1811/2521 3254/1824/2534 3253/1820/2530
f 3255/1825/2535 3253/1820/2530 3254/1824/2534
f 3253/1820/2530 3255/1825/2535 3256/1822/2532
f 3257/1826/2536 3256/1822/2532 3255/1825/2535
f 3256/1822/2532 3258/1827/2537 3252/1823/2533
f 3256/1822/2532 3257/1826/2536 3258/1827/2537
f 3258/1827/2537 3260/1828/2538 3263/1829/2539 3252/1823/2533
f 3258/1827/2537 3257/1826/2536 3264/1830/2540 3259/1831/2541
f 3259/1831/2541 3260/1828/2538 3258/1827/2537
f 3260/1828/2538 3261/1832/2542 3262/1833/2543
f 3259/1831/2541 3261/1832/2542 3260/1828/2538
f 3260/1828/2538 3262/1833/2543 3263/1829/2539
f 3264/1830/2540 3257/1826/2536 3266/1834/2544 3265/1835/2545
f 3255/1825/2535 3266/1834/2544 3257/1826/2536
f 3267/1836/2546 3254/1824/2534 3243/1811/2521
f 3267/1836/2546 3243/1811/2521 3240/1810/2520
f 3268/1837/2547 3271/1838/2548 3269/1839/2549
f 3282/1840/2550 3270/1841/2551 3268/1842/2547 3269/1843/2549
f 3270/1844/2551 3273/1845/2552 3268/1837/2547
f 3271/1838/2548 3268/1837/2547 3272/1846/2553
f 3272/1846/2553 3268/1837/2547 3273/1845/2552 3274/1847/2554
f 3272/1846/2553 3274/1847/2554 3275/1848/2555 3276/1849/2556
f 3271/1838/2548 3272/1846/2553 3276/1849/2556 3277/1850/2557
f 3278/1851/2558 3271/1838/2548 3277/1850/2557
f 3278/1851/2558 3277/1850/2557 3279/1852/2559 3280/1853/2560
f 3279/1852/2559 3281/1854/2561 3280/1853/2560
f 3282/1840/2550 3281/1854/2561 3270/1841/2551
f 3280/1853/2560 3281/1854/2561 3282/1840/2550
f 3280/1853/2560 3282/1840/2550 3269/1843/2549 3278/1851/2558
f 3269/1839/2549 3271/1838/2548 3278/1851/2558
f 3285/1855/2562 3283/1856/2563 3284/1857/2564
f 3285/1855/2562 3327/1858/2565 3286/1859/2566 3283/1856/2563
f 3286/1859/2566 3287/1860/2567 3283/1856/2563
f 3288/1861/2568 3289/1862/2569 3287/1860/2567
f 3288/1861/2568 3287/1860/2567 3286/1859/2566
f 3288/1861/2568 3290/1863/2570 3289/1862/2569
f 3292/1864/2571 3291/1865/2572 3289/1862/2569 3290/1863/2570
f 3294/1866/2573 3293/1867/2574 3291/1865/2572 3292/1864/2571
f 3296/1868/2575 3293/1867/2574 3294/1866/2573
f 3295/1869/2576 3293/1867/2574 3296/1868/2575
f 3295/1869/2576 3296/1868/2575 3297/1870/2577
f 3298/1871/2578 3296/1868/2575 3294/1866/2573
f 3297/1870/2577 3296/1868/2575 3298/1871/2578
f 3298/1871/2578 3299/1872/2579 3297/1870/2577
f 3299/1872/2579 3298/1871/2578 3300/1873/2580 3303/1874/2581
f 3298/1871/2578 3294/1866/2573 3292/1864/2571 3300/1873/2580
f 3303/1874/2581 3300/1873/2580 3301/1875/2582
f 3301/1875/2582 3300/1873/2580 3302/1876/2583
f 3302/1876/2583 3300/1873/2580 3292/1864/2571 3290/1863/2570
f 3304/1877/2584 3303/1874/2581 3301/1875/2582
f 3305/1878/2585 3299/1872/2579 3303/1874/2581 3304/1877/2584
f 3309/1879/2586 3305/1878/2585 3304/1877/2584 3306/1880/2587
f 3306/1880/2587 3304/1877/2584 3301/1875/2582
f 3308/1881/2588 3306/1880/2587 3307/1882/2589
f 3307/1882/2589 3306/1880/2587 3310/1883/2590
f 3306/1880/2587 3301/1875/2582 3310/1883/2590
f 3328/1884/2591 3309/1879/2586 3306/1880/2587 3308/1881/2588
f 3311/1885/2592 3310/1883/2590 3301/1875/2582
f 3313/1886/2593 3312/1887/2594 3310/1883/2590 3311/1885/2592
f 3307/1882/2589 3310/1883/2590 3312/1887/2594
f 3315/1888/2595 3314/1889/2596 3313/1886/2593
f 3313/1886/2593 3311/1885/2592 3317/1890/2597 3315/1888/2595
f 3315/1888/2595 3317/1890/2597 3319/1891/2598 3316/1892/2599
f 3317/1890/2597 3311/1885/2592 3301/1875/2582
f 3302/1876/2583 3317/1890/2597 3301/1875/2582
f 3318/1893/2600 3317/1890/2597 3302/1876/2583
f 3317/1890/2597 3318/1893/2600 3319/1891/2598
f 3320/1894/2601 3319/1891/2598 3318/1893/2600
f 3318/1893/2600 3321/1895/2602 3320/1894/2601
f 3321/1895/2602 3318/1893/2600 3323/1896/2603 3322/1897/2604
f 3324/1898/2605 3322/1897/2604 3323/1896/2603
f 3324/1898/2605 3323/1896/2603 3325/1899/2606
f 3325/1899/2606 3323/1896/2603 3286/1859/2566
f 3286/1859/2566 3326/1900/2607 3325/1899/2606
f 3326/1900/2607 3286/1859/2566 3327/1858/2565
f 3323/1896/2603 3318/1893/2600 3288/1861/2568
f 3323/1896/2603 3288/1861/2568 3286/1859/2566
f 3302/1876/2583 3288/1861/2568 3318/1893/2600
f 3328/1884/2591 3305/1878/2585 3309/1879/2586
f 3295/1869/2576 3305/1878/2585 3328/1884/2591
f 3295/1869/2576 3297/1870/2577 3305/1878/2585
f 3299/1872/2579 3305/1878/2585 3297/1870/2577
f 3302/1876/2583 3290/1863/2570 3288/1861/2568
f 3331/1901/2608 3329/1902/2609 3330/1903/2610
f 3331/1901/2608 3332/1904/2611 3329/1902/2609
f 3329/1902/2609 3332/1904/2611 3333/1905/2612
f 3335/1906/2613 3333/1905/2612 3332/1904/2611
f 3335/1906/2613 3334/1907/2614 3333/1905/2612
f 3335/1906/2613 3332/1904/2611 3336/1908/2615
f 3334/1907/2614 3335/1906/2613 3337/1909/2616
f 3336/1908/2615 3337/1909/2616 3335/1906/2613
f 3337/1909/2616 3339/1910/2617 3341/1911/2618 3334/1907/2614
f 3337/1909/2616 3336/1908/2615 3338/1912/2619
f 3340/1913/2620 3339/1910/2617 3337/1909/2616 3338/1912/2619
f 3339/1910/2617 3340/1913/2620 3342/1914/2621
f 3341/1911/2618 3339/1910/2617 3343/1915/2622
f 3339/1910/2617 3342/1914/2621 3343/1915/2622
f 3338/1912/2619 3344/1916/2623 3340/1913/2620
f 3345/1917/2624 3344/1916/2623 3346/1918/2625
f 3344/1916/2623 3338/1912/2619 3336/1908/2615
f 3346/1918/2625 3344/1916/2623 3336/1908/2615
f 3346/1918/2625 3336/1908/2615 3347/1919/2626
f 3347/1919/2626 3348/1920/2627 3346/1918/2625
f 3349/1921/2628 3346/1918/2625 3348/1920/2627 3350/1922/2629
f 3351/1923/2630 3345/1917/2624 3346/1918/2625 3349/1921/2628
f 3352/1924/2631 3350/1922/2629 3348/1920/2627
f 3353/1925/2632 3352/1924/2631 3354/1926/2633
f 3355/1927/2634 3354/1926/2633 3352/1924/2631
f 3348/1920/2627 3355/1927/2634 3352/1924/2631
f 3354/1926/2633 3355/1927/2634 3356/1928/2635
f 3356/1928/2635 3355/1927/2634 3357/1929/2636
f 3357/1929/2636 3355/1927/2634 3347/1919/2626
f 3355/1927/2634 3348/1920/2627 3347/1919/2626
f 3347/1919/2626 3336/1908/2615 3357/1929/2636
f 3357/1929/2636 3336/1908/2615 3358/1930/2637
f 3358/1930/2637 3356/1928/2635 3357/1929/2636
f 3332/1904/2611 3359/1931/2638 3358/1930/2637
f 3360/1932/2639 3358/1930/2637 3359/1931/2638
f 3356/1928/2635 3358/1930/2637 3360/1932/2639 3362/1933/2640
f 3358/1930/2637 3336/1908/2615 3332/1904/2611
f 3363/1934/2641 3361/1935/2642 3360/1932/2639 3359/1931/2638
f 3353/1925/2632 3362/1933/2640 3360/1932/2639 3361/1935/2642
f 3354/1926/2633 3362/1933/2640 3353/1925/2632
f 3356/1928/2635 3362/1933/2640 3354/1926/2633
f 3359/1931/2638 3364/1936/2643 3363/1934/2641
f 3359/1931/2638 3365/1937/2644 3364/1936/2643
f 3365/1937/2644 3359/1931/2638 3367/1938/2645 3366/1939/2646
f 3359/1931/2638 3368/1940/2647 3367/1938/2645
f 3368/1940/2647 3359/1931/2638 3332/1904/2611 3369/1941/2648
f 3369/1941/2648 3332/1904/2611 3331/1901/2608
f 3371/1942/2649 3372/1943/2650 3370/1944/2651
f 3371/1945/2649 3370/1946/2651 3373/1947/2652
f 3374/1948/2653 3379/1949/2654 3371/1945/2649 3373/1947/2652
f 3373/1947/2652 3375/1950/2655 3374/1948/2653
f 3376/1951/2656 3378/1952/2657 3374/1948/2653 3375/1950/2655
f 3378/1952/2657 3376/1951/2656 3377/1953/2658
f 3378/1952/2657 3379/1949/2654 3374/1948/2653
f 3378/1952/2657 3380/1954/2659 3379/1949/2654
f 3378/1952/2657 3377/1953/2658 3372/1943/2650
f 3372/1943/2650 3380/1954/2659 3378/1952/2657
f 3372/1943/2650 3371/1942/2649 3380/1954/2659
f 3379/1949/2654 3380/1954/2659 3371/1942/2649
f 3395/1955/2660 3383/1956/2661 3381/1957/2662 3382/1958/2663
f 3382/1959/2663 3381/1960/2662 3384/1961/2664
f 3385/1962/2665 3389/1963/2666 3382/1959/2663 3384/1961/2664
f 3388/1964/2667 3385/1962/2665 3384/1961/2664 3386/1965/2668
f 3386/1965/2668 3387/1966/2669 3388/1964/2667
f 3389/1967/2666 3385/1968/2665 3388/1964/2667
f 3389/1967/2666 3388/1964/2667 3390/1969/2670
f 3390/1969/2670 3388/1964/2667 3387/1966/2669 3392/1970/2671
f 3390/1969/2670 3391/1971/2672 3394/1972/2673 3389/1967/2666
f 3390/1969/2670 3392/1970/2671 3393/1973/2674 3391/1971/2672
f 3394/1972/2673 3395/1955/2660 3382/1958/2663 3389/1967/2666
f 3395/1955/2660 3394/1972/2673 3383/1956/2661
f 3398/1974/2675 3396/1975/2676 3397/1976/2677
f 3398/1974/2675 3399/1977/2678 3396/1975/2676
f 3418/1978/2679 3400/1979/2680 3396/1975/2676 3399/1977/2678
f 3396/1975/2676 3400/1979/2680 3401/1980/2681
f 3401/1980/2681 3400/1979/2680 3402/1981/2682
f 3403/1982/2683 3402/1981/2682 3404/1983/2684
f 3400/1979/2680 3404/1983/2684 3402/1981/2682
f 3406/1984/2685 3403/1982/2683 3404/1983/2684
f 3404/1983/2684 3405/1985/2686 3406/1984/2685
f 3400/1979/2680 3405/1985/2686 3404/1983/2684
f 3408/1986/2687 3403/1982/2683 3406/1984/2685
f 3407/1987/2688 3406/1984/2685 3405/1985/2686
f 3409/1988/2689 3408/1986/2687 3406/1984/2685 3407/1987/2688
f 3407/1987/2688 3405/1985/2686 3410/1989/2690
f 3410/1989/2690 3405/1985/2686 3411/1990/2691
f 3411/1990/2691 3405/1985/2686 3412/1991/2692
f 3413/1992/2693 3412/1991/2692 3405/1985/2686
f 3405/1985/2686 3414/1993/2694 3413/1992/2693
f 3414/1993/2694 3405/1985/2686 3415/1994/2695
f 3416/1995/2696 3415/1994/2695 3405/1985/2686
f 3417/1996/2697 3416/1995/2696 3405/1985/2686
f 3417/1996/2697 3405/1985/2686 3418/1978/2679
f 3418/1978/2679 3399/1977/2678 3419/1997/2698
f 3418/1978/2679 3419/1997/2698 3420/1998/2699
f 3418/1978/2679 3420/1998/2699 3421/1999/2700
f 3422/2000/2701 3418/1978/2679 3421/1999/2700
f 3418/1978/2679 3405/1985/2686 3400/1979/2680
f 3423/2001/2702 3421/1999/2700 3420/1998/2699
f 3423/2001/2702 3424/2002/2703 3421/1999/2700
f 3425/2003/2704 3423/2001/2702 3420/1998/2699
f 3428/2004/2705 3426/2005/2706 3427/2006/2707
f 3428/2004/2705 3427/2006/2707 3429/2007/2708
f 3429/2007/2708 3427/2006/2707 3430/2008/2709
f 3427/2006/2707 3432/2009/2710 3430/2008/2709
f 3430/2008/2709 3432/2009/2710 3431/2010/2711
f 3427/2006/2707 3439/2011/2712 3432/2009/2710
f 3432/2009/2710 3434/2012/2713 3431/2010/2711
f 3433/2013/2714 3437/2014/2715 3432/2009/2710
f 3439/2011/2712 3433/2013/2714 3432/2009/2710
f 3432/2009/2710 3435/2015/2716 3434/2012/2713
f 3432/2009/2710 3436/2016/2717 3435/2015/2716
f 3432/2009/2710 3438/2017/2718 3436/2016/2717
f 3440/2018/2719 3432/2009/2710 3437/2014/2715
f 3440/2018/2719 3438/2017/2718 3432/2009/2710
f 3437/2014/2715 3441/2019/2720 3440/2018/2719
f 3440/2018/2719 3443/2020/2721 3438/2017/2718
f 3442/2021/2722 3440/2018/2719 3441/2019/2720
f 3444/2022/2723 3438/2017/2718 3443/2020/2721
f 3444/2022/2723 3445/2023/2724 3438/2017/2718
f 3446/2024/2725 3448/2025/2726 3438/2017/2718 3445/2023/2724
f 3451/2026/2727 3448/2025/2726 3446/2024/2725 3447/2027/2728
f 3449/2028/2729 3450/2029/2730 3448/2025/2726
f 3451/2026/2727 3449/2028/2729 3448/2025/2726
f 3448/2025/2726 3450/2029/2730 3438/2017/2718
f 3452/2030/2731 3450/2029/2730 3449/2028/2729
f 3453/2031/2732 3450/2029/2730 3454/2032/2733
f 3438/2017/2718 3450/2029/2730 3453/2031/2732
f 3457/2033/2734 3455/2034/2735 3456/2035/2736
f 3457/2033/2734 3456/2035/2736 3458/2036/2737
f 3458/2036/2737 3456/2035/2736 3459/2037/2738
f 3461/2038/2739 3459/2037/2738 3460/2039/2740
f 3459/2037/2738 3456/2035/2736 3460/2039/2740
f 3462/2040/2741 3459/2037/2738 3461/2038/2739
f 3461/2038/2739 3464/2041/2742 3462/2040/2741
f 3463/2042/2743 3462/2040/2741 3464/2041/2742
f 3463/2042/2743 3464/2041/2742 3465/2043/2744
f 3464/2041/2742 3460/2039/2740 3465/2043/2744
f 3461/2038/2739 3460/2039/2740 3464/2041/2742
f 3463/2042/2743 3465/2043/2744 3467/2044/2745
f 3460/2039/2740 3466/2045/2746 3465/2043/2744
f 3465/2043/2744 3466/2045/2746 3467/2044/2745
f 3466/2045/2746 3456/2035/2736 3467/2044/2745
f 3460/2039/2740 3456/2035/2736 3466/2045/2746
f 3470/2046/2747 3468/2047/2748 3469/2048/2749
f 3472/2049/2750 3469/2048/2749 3468/2047/2748 3471/2050/2751
f 3473/2051/2752 3516/2052/2753 3469/2048/2749 3472/2049/2750
f 3474/2053/2754 3473/2051/2752 3472/2049/2750
f 3474/2053/2754 3472/2049/2750 3475/2054/2755
f 3478/2055/2756 3474/2053/2754 3475/2054/2755
f 3477/2056/2757 3475/2054/2755 3476/2057/2758
f 3479/2058/2759 3478/2055/2756 3475/2054/2755 3477/2056/2757
f 3478/2055/2756 3482/2059/2760 3474/2053/2754
f 3480/2060/2761 3478/2055/2756 3479/2058/2759
f 3478/2055/2756 3480/2060/2761 3481/2061/2762
f 3478/2055/2756 3481/2061/2762 3482/2059/2760
f 3483/2062/2763 3473/2051/2752 3482/2059/2760
f 3482/2059/2760 3473/2051/2752 3474/2053/2754
f 3481/2061/2762 3519/2063/2764 3484/2064/2765 3482/2059/2760
f 3485/2065/2766 3483/2062/2763 3482/2059/2760
f 3482/2059/2760 3484/2064/2765 3485/2065/2766
f 3483/2062/2763 3485/2065/2766 3487/2066/2767
f 3486/2067/2768 3485/2065/2766 3484/2064/2765
f 3487/2066/2767 3485/2065/2766 3486/2067/2768
f 3488/2068/2769 3487/2066/2767 3486/2067/2768
f 3490/2069/2770 3483/2062/2763 3487/2066/2767
f 3489/2070/2771 3487/2066/2767 3488/2068/2769
f 3490/2069/2770 3487/2066/2767 3489/2070/2771
f 3495/2071/2772 3483/2062/2763 3490/2069/2770
f 3490/2069/2770 3489/2070/2771 3491/2072/2773
f 3494/2073/2774 3490/2069/2770 3491/2072/2773
f 3492/2074/2775 3490/2069/2770 3493/2075/2776
f 3490/2069/2770 3492/2074/2775 3496/2076/2777
f 3497/2077/2778 3493/2075/2776 3490/2069/2770
f 3498/2078/2779 3490/2069/2770 3494/2073/2774
f 3496/2076/2777 3495/2071/2772 3490/2069/2770
f 3498/2078/2779 3497/2077/2778 3490/2069/2770
f 3499/2079/2780 3497/2077/2778 3498/2078/2779
f 3501/2080/2781 3499/2079/2780 3498/2078/2779
f 3502/2081/2782 3498/2078/2779 3500/2082/2783
f 3498/2078/2779 3494/2073/2774 3500/2082/2783
f 3502/2081/2782 3501/2080/2781 3498/2078/2779
f 3496/2076/2777 3503/2083/2784 3495/2071/2772
f 3504/2084/2785 3503/2083/2784 3496/2076/2777
f 3496/2076/2777 3505/2085/2786 3504/2084/2785
f 3492/2074/2775 3505/2085/2786 3496/2076/2777
f 3506/2086/2787 3505/2085/2786 3492/2074/2775
f 3503/2083/2784 3507/2087/2788 3495/2071/2772
f 3507/2087/2788 3508/2088/2789 3495/2071/2772
f 3509/2089/2790 3508/2088/2789 3507/2087/2788
f 3510/2090/2791 3508/2088/2789 3509/2089/2790
f 3508/2088/2789 3510/2090/2791 3483/2062/2763
f 3483/2062/2763 3510/2090/2791 3511/2091/2792
f 3512/2092/2793 3483/2062/2763 3511/2091/2792
f 3513/2093/2794 3514/2094/2795 3512/2092/2793
f 3512/2092/2793 3514/2094/2795 3483/2062/2763
f 3516/2052/2753 3483/2062/2763 3514/2094/2795 3515/2095/2796
f 3516/2052/2753 3517/2096/2797 3469/2048/2749
f 3483/2062/2763 3516/2052/2753 3473/2051/2752
f 3508/2088/2789 3483/2062/2763 3495/2071/2772
f 3518/2097/2798 3491/2072/2773 3489/2070/2771
f 3519/2063/2764 3520/2098/2799 3518/2097/2798
f 3518/2097/2798 3486/2067/2768 3484/2064/2765 3519/2063/2764
f 3518/2097/2798 3488/2068/2769 3486/2067/2768
f 3488/2068/2769 3518/2097/2798 3489/2070/2771
f 3521/2099/2800 3519/2063/2764 3481/2061/2762
f 3522/957/1744 3525/958/2801 3523/959/1746
f 3524/960/1747 3522/957/1744 3523/959/1746
f 3522/957/1744 3526/961/2802 3525/958/2801
f 3527/962/2803 3526/961/2802 3522/957/1744
f 3526/961/2802 3527/962/2803 3528/963/2804 3529/964/1751
f 3529/964/1751 3530/965/1752 3531/966/1753 3526/961/2802
f 3523/959/1746 3531/966/1753 3530/965/1752 3532/967/1754
f 3523/959/1746 3525/958/2801 3531/966/1753
f 3526/961/2802 3531/966/1753 3525/958/2801
f 3545/968/2805 3534/969/1756 3533/970/1757 3536/971/2806
f 3535/972/1759 3533/973/1757 3534/974/1756 3544/975/2807
f 3537/976/1761 3533/970/1757 3535/977/1759
f 3536/971/2806 3533/970/1757 3537/976/1761 3539/978/2808
f 3541/985/2809 3540/983/1767 3537/984/1761 3535/972/1759
f 3540/983/1767 3542/981/1765 3538/980/2810 3537/984/1761
f 3538/980/2810 3539/978/2808 3537/976/1761
f 3539/978/2808 3538/980/2810 3542/981/1765 3543/982/1766
f 3541/985/2809 3535/972/1759 3544/975/2807
f 3546/979/1763 3534/969/1756 3545/968/2805
f 3548/986/2811 3556/987/1770 3549/988/2812 3547/989/1772
f 3548/990/2811 3547/991/1772 3550/992/1773 3552/993/1774
f 3547/991/1772 3549/994/2812 3550/992/1773
f 3551/995/1775 3550/992/1773 3549/994/2812 3553/996/1776
f 3551/995/1775 3553/996/1776 3555/997/2813 3554/998/1778
f 3553/996/1776 3557/999/1779 3556/987/1770 3555/997/2813
f 3557/999/1779 3549/988/2812 3556/987/1770
f 3557/1000/1779 3553/996/1776 3549/994/2812
f 3564/1001/2814 3559/1002/2815 3558/1003/2816 3562/1004/1783
f 3569/1005/1784 3560/1006/2817 3558/1007/2816 3559/1008/2815
f 3561/1009/2818 3558/1003/2816 3560/1010/2817 3567/1011/2819
f 3562/1004/1783 3558/1003/2816 3561/1009/2818 3563/1012/2820
f 3566/1013/2821 3568/1015/1791 3565/1017/1792 3563/1012/2820
f 3563/1012/2820 3561/1009/2818 3566/1013/2821
f 3570/1014/2822 3568/1015/1791 3566/1013/2821 3567/1016/2819
f 3567/1011/2819 3566/1013/2821 3561/1009/2818
f 3570/1014/2822 3569/1005/1784 3568/1015/1791
f 3569/1005/1784 3570/1014/2822 3567/1016/2819 3560/1006/2817
f 3573/1018/1793 3571/1019/2823 3572/1020/2824
f 3573/1018/1793 3574/1021/1796 3571/1019/2823
f 3575/1022/1797 3576/1023/1798 3574/1021/1796
f 3575/1022/1797 3574/1021/1796 3573/1018/1793
f 3576/1023/1798 3577/1024/1799 3574/1021/1796
f 3577/1024/1799 3578/1025/1800 3574/1021/1796
f 3579/1026/1801 3574/1021/1796 3578/1025/1800
f 3580/1027/1802 3574/1021/1796 3579/1026/1801
f 3580/1027/1802 3581/1028/1803 3574/1021/1796
f 3581/1028/1803 3582/1029/1804 3574/1021/1796
f 3583/1030/2825 3582/1029/1804 3581/1028/1803
f 3581/1028/1803 3584/1031/2826 3583/1030/2825
f 3584/1031/2826 3580/1027/1802 3585/1032/1807
f 3580/1027/1802 3584/1031/2826 3581/1028/1803
f 3580/1027/1802 3586/1033/2827 3585/1032/1807
f 3587/1034/2828 3586/1033/2827 3580/1027/1802
f 3590/1035/1810 3587/1034/2828 3580/1027/1802
f 3588/1036/1811 3587/1034/2828 3590/1035/1810
f 3587/1034/2828 3588/1036/1811 3589/1037/1812
f 3590/1035/1810 3580/1027/1802 3591/1038/2829
f 3593/1039/1814 3592/1040/2830 3590/1035/1810
f 3588/1036/1811 3590/1035/1810 3592/1040/2830
f 3593/1039/1814 3588/1036/1811 3592/1040/2830
f 3591/1038/2829 3580/1027/1802 3594/1041/1816
f 3594/1041/1816 3579/1026/1801 3595/1042/1817
f 3594/1041/1816 3580/1027/1802 3579/1026/1801
f 3595/1042/1817 3579/1026/1801 3596/1043/1818
f 3596/1043/1818 3579/1026/1801 3597/1044/1819
f 3578/1025/1800 3598/1045/2831 3579/1026/1801
f 3599/1046/1821 3577/1024/1799 3576/1023/1798
f 3602/1047/2832 3600/1048/2833 3601/1049/1824
f 3602/1047/2832 3604/1050/1825 3603/1051/1826 3600/1048/2833
f 3605/1052/2834 3603/1051/1826 3604/1050/1825
f 3607/1053/2835 3606/1054/2836 3603/1051/1826 3605/1052/2834
f 3606/1054/2836 3607/1053/2835 3608/1055/1830
f 3606/1054/2836 3608/1055/1830 3609/1056/2837
f 3610/1057/1832 3609/1056/2837 3608/1055/1830
f 3609/1056/2837 3610/1057/1832 3611/1058/1833
f 3612/1059/1834 3611/1058/1833 3610/1057/1832 3614/1060/1835
f 3612/1059/1834 3613/1061/1836 3611/1058/1833
f 3616/1062/1837 3615/1063/1837 3612/1059/1834 3614/1060/1835
f 3614/1060/1835 3618/1064/1838 3617/1065/2838
f 3618/1064/1838 3614/1060/1835 3610/1057/1832
f 3618/1064/1838 3607/1053/2835 3619/1066/1840
f 3607/1053/2835 3618/1064/1838 3608/1055/1830
f 3610/1057/1832 3608/1055/1830 3618/1064/1838
f 3619/1066/1840 3620/1067/1841 3618/1064/1838
f 3617/1065/2838 3618/1064/1838 3620/1067/1841 3621/1068/1842
f 3622/1069/1843 3607/1053/2835 3605/1052/2834
f 3623/1070/1844 3627/1071/2839 3624/1072/2840
f 3625/1073/1847 3623/1074/1844 3624/1075/2840
f 3627/1071/2839 3623/1070/1844 3626/1076/2841
f 3628/1077/1849 3636/1078/1850 3624/1072/2840 3627/1071/2839
f 3628/1077/1849 3627/1071/2839 3629/1079/1851 3630/1080/2842
f 3627/1071/2839 3626/1076/2841 3629/1079/1851
f 3630/1080/2842 3629/1079/1851 3631/1081/2843
f 3631/1081/2843 3629/1079/1851 3632/1082/1854
f 3626/1076/2841 3632/1082/1854 3629/1079/1851
f 3632/1082/1854 3633/1083/1855 3631/1081/2843
f 3634/1084/2844 3635/1085/2845 3633/1083/1855
f 3633/1083/1855 3635/1085/2845 3631/1081/2843
f 3635/1085/2845 3636/1086/1850 3628/1087/1849
f 3635/1085/2845 3637/1088/1858 3636/1086/1850
f 3638/1089/1859 3637/1088/1858 3635/1085/2845
f 3635/1085/2845 3634/1084/2844 3638/1089/1859
f 3635/1085/2845 3628/1087/1849 3630/1080/2842
f 3635/1085/2845 3630/1080/2842 3631/1081/2843
f 3636/1086/1850 3637/1088/1858 3625/1073/1847 3624/1075/2840
f 3641/1090/1860 3639/1091/2846 3640/1092/1862
f 3641/1090/1860 3642/1093/1863 3639/1091/2846
f 3644/1094/1864 3643/1095/1865 3642/1093/1863 3641/1090/1860
f 3644/1094/1864 3646/1096/2847 3645/1097/2848 3643/1095/1865
f 3645/1097/2848 3646/1096/2847 3647/1098/1868
f 3647/1098/1868 3649/1099/2849 3648/1100/2850 3645/1097/2848
f 3648/1100/2850 3649/1099/2849 3650/1101/2851
f 3650/1101/2851 3649/1099/2849 3651/1102/1872
f 3650/1101/2851 3651/1102/1872 3652/1103/1873
f 3652/1103/1873 3653/1104/1874 3640/1105/1862
f 3652/1103/1873 3651/1102/1872 3653/1104/1874
f 3640/1105/1862 3653/1104/1874 3654/1107/1876
f 3655/1106/1875 3654/1107/1876 3653/1104/1874
f 3656/1108/1877 3655/1106/1875 3653/1104/1874
f 3653/1104/1874 3651/1102/1872 3656/1108/1877
f 3647/1098/1868 3646/1096/2847 3655/1109/1875 3656/1110/1877
f 3647/1098/1868 3656/1108/1877 3651/1102/1872 3649/1099/2849
f 3644/1094/1864 3655/1109/1875 3646/1096/2847
f 3644/1111/1864 3641/1112/1860 3654/1107/1876 3655/1106/1875
f 3654/1107/1876 3641/1112/1860 3640/1105/1862
f 3657/1113/2852 3660/1114/1879 3658/1115/2853
f 3659/1116/1881 3657/1117/2852 3658/1118/2853
f 3669/1119/1882 3658/1115/2853 3660/1114/1879 3661/1120/1883
f 3661/1120/1883 3660/1114/1879 3662/1121/1884 3667/1122/1885
f 3663/1123/1886 3662/1121/1884 3660/1114/1879
f 3662/1121/1884 3663/1123/1886 3664/1124/2854
f 3665/1125/2855 3662/1121/1884 3664/1124/2854
f 3662/1121/1884 3665/1125/2855 3666/1126/2856 3667/1122/1885
f 3667/1122/1885 3666/1126/2856 3668/1127/1890 3670/1128/1891
f 3669/1129/1882 3668/1127/1890 3659/1116/1881 3658/1118/2853
f 3669/1129/1882 3670/1128/1891 3668/1127/1890
f 3661/1130/1883 3667/1122/1885 3670/1128/1891
f 3661/1130/1883 3670/1128/1891 3669/1129/1882
f 3673/1131/1892 3671/1132/2857 3672/1133/1894
f 3673/1131/1892 3675/1134/1895 3674/1135/1896 3671/1132/2857
f 3674/1135/1896 3675/1134/1895 3678/1136/2858
f 3678/1136/2858 3679/1137/2859 3676/1138/2860 3674/1135/1896
f 3674/1135/1896 3676/1138/2860 3677/1139/2861
f 3679/1137/2859 3678/1136/2858 3680/1140/1901
f 3675/1134/1895 3680/1140/1901 3678/1136/2858
f 3681/1141/1902 3679/1137/2859 3680/1140/1901
f 3682/1142/2862 3683/1143/1904 3681/1141/1902 3680/1140/1901
f 3673/1144/1892 3682/1142/2862 3680/1140/1901 3675/1134/1895
f 3673/1144/1892 3672/1145/1894 3682/1142/2862
f 3686/1146/1905 3684/1147/2863 3685/1148/2864
f 3687/1149/2865 3684/1147/2863 3686/1146/1905
f 3688/1150/2866 3687/1149/2865 3686/1146/1905 3689/1151/1910
f 3689/1151/1910 3691/1152/1911 3690/1153/1912 3688/1150/2866
f 3691/1152/1911 3694/1154/1913 3692/1155/1914 3690/1153/1912
f 3694/1154/1913 3693/1156/2867 3692/1155/1914
f 3691/1152/1911 3695/1157/1916 3694/1154/1913
f 3695/1157/1916 3686/1158/1905 3685/1159/2864
f 3689/1160/1910 3686/1158/1905 3695/1157/1916 3691/1152/1911
f 3698/1161/2868 3696/1162/1918 3697/1163/2869
f 3699/1164/2870 3698/1161/2868 3697/1163/2869 3700/1165/1921
f 3701/1166/2871 3699/1164/2870 3700/1165/1921 3704/1167/1923
f 3704/1167/1923 3705/1168/1924 3702/1169/2872 3701/1166/2871
f 3702/1169/2872 3703/1170/2873 3701/1166/2871
f 3705/1168/1924 3706/1171/1927 3707/1172/2874 3702/1169/2872
f 3706/1171/1927 3708/1173/2875 3707/1172/2874
f 3709/1174/1930 3710/1175/1930 3708/1173/2875 3706/1171/1927
f 3707/1172/2874 3708/1173/2875 3711/1176/1931
f 3712/1177/2876 3707/1172/2874 3711/1176/1931
f 3702/1169/2872 3707/1172/2874 3712/1177/2876
f 3703/1170/2873 3702/1169/2872 3712/1177/2876
f 3715/1178/1933 3713/1179/2877 3714/1180/1935
f 3715/1178/1933 3716/1181/2878 3713/1179/2877
f 3717/1182/1937 3713/1179/2877 3716/1181/2878
f 3717/1182/1937 3716/1181/2878 3719/1183/2879
f 3718/1188/1943 3717/1182/1937 3722/1187/1942
f 3720/1184/1939 3717/1182/1937 3719/1183/2879
f 3725/1185/1940 3721/1186/1941 3717/1182/1937 3720/1184/1939
f 3722/1187/1942 3717/1182/1937 3721/1186/1941
f 3722/1187/1942 3723/1189/2880 3724/1190/2880 3718/1188/1943
f 3720/1184/1939 3726/1191/2881 3725/1185/1940
f 3726/1191/2881 3727/1192/1946 3725/1185/1940
f 3729/1193/1947 3728/1194/1947 3727/1192/1946 3726/1191/2881
f 3733/1195/1948 3731/1196/2882 3730/1197/2883
f 3732/1198/1951 3730/1197/2883 3731/1196/2882
f 3733/1195/1948 3730/1197/2883 3734/1199/2884
f 3733/1195/1948 3734/1199/2884 3735/1200/1953
f 3736/1201/1954 3733/1195/1948 3735/1200/1953
f 3737/1202/1955 3733/1195/1948 3736/1201/1954
f 3739/1203/542 3740/1204/1956 3738/1205/2885 3737/1202/1955
f 3738/1205/2885 3733/1195/1948 3737/1202/1955
f 3740/1204/1956 3739/1203/542 3741/1206/2886
f 3741/1206/2886 3739/1203/542 3742/1207/1959
f 3740/1204/1956 3741/1206/2886 3743/1208/1960
f 3744/1209/2887 3777/1210/2888 3743/1208/1960 3741/1206/2886
f 3746/1211/2889 3744/1209/2887 3741/1206/2886 3745/1212/1964
f 3747/1213/1965 3744/1209/2887 3746/1211/2889
f 3747/1213/1965 3749/1214/1966 3748/1215/1967
f 3748/1215/1967 3744/1209/2887 3747/1213/1965
f 3750/1216/1968 3749/1214/1966 3747/1213/1965
f 3748/1215/1967 3749/1214/1966 3751/1217/2890
f 3752/1218/1970 3751/1217/2890 3749/1214/1966
f 3751/1217/2890 3753/1219/1971 3754/1220/1972
f 3748/1215/1967 3751/1217/2890 3754/1220/1972 3755/1221/1973
f 3757/1222/1974 3755/1221/1973 3754/1220/1972 3756/1223/1974
f 3748/1215/1967 3755/1221/1973 3758/1224/2891
f 3759/1225/1976 3748/1215/1967 3758/1224/2891
f 3759/1225/1976 3761/1226/2892 3760/1227/2893
f 3760/1227/2893 3748/1215/1967 3759/1225/1976
f 3762/1228/1979 3765/1229/2894 3760/1227/2893 3761/1226/2892
f 3763/1230/1981 3764/1231/1981 3762/1228/1979 3761/1226/2892
f 3762/1228/1979 3766/1232/2895 3765/1229/2894
f 3766/1232/2895 3767/1233/2896 3765/1229/2894
f 3767/1233/2896 3768/1234/2897 3765/1229/2894
f 3768/1234/2897 3769/1235/1985 3765/1229/2894
f 3768/1234/2897 3770/1236/1986 3769/1235/1985
f 3765/1229/2894 3769/1235/1985 3771/1237/1987
f 3760/1227/2893 3765/1229/2894 3771/1237/1987
f 3771/1237/1987 3773/1238/1988 3760/1227/2893
f 3773/1238/1988 3771/1237/1987 3772/1239/1989
f 3773/1238/1988 3774/1240/1990 3775/1241/2898
f 3760/1227/2893 3773/1238/1988 3775/1241/2898
f 3775/1241/2898 3776/1242/2899 3777/1210/2888
f 3775/1241/2898 3774/1240/1990 3776/1242/2899
f 3760/1227/2893 3775/1241/2898 3777/1210/2888
f 3777/1210/2888 3778/1243/2900 3743/1208/1960
f 3748/1215/1967 3760/1227/2893 3777/1210/2888 3744/1209/2887
f 3776/1242/2899 3778/1243/2900 3777/1210/2888
f 3776/1242/2899 3774/1240/1990 3778/1243/2900
f 3740/1204/1956 3779/1244/2901 3738/1205/2885
f 3779/1244/2901 3780/1245/1995 3738/1205/2885
f 3738/1205/2885 3780/1245/1995 3781/1246/1996 3733/1195/1948
f 3782/1247/1997 3785/1248/1998 3786/1249/1999 3783/1250/2902
f 3784/1251/2903 3782/1247/1997 3783/1250/2902
f 3787/1252/2002 3872/1253/2003 3786/1249/1999 3785/1248/1998
f 3785/1248/1998 3788/1254/2004 3789/1255/2904 3787/1252/2002
f 3790/1256/2905 3789/1255/2904 3788/1254/2004
f 3790/1256/2905 3788/1254/2004 3791/1257/2007
f 3791/1257/2007 3795/1258/2008 3790/1256/2905
f 3791/1257/2007 3792/1259/2906 3793/1260/2010
f 3791/1257/2007 3793/1260/2010 3794/1261/2011
f 3791/1257/2007 3794/1261/2011 3795/1258/2008
f 3790/1256/2905 3795/1258/2008 3796/1262/2012
f 3796/1262/2012 3797/1263/2013 3790/1256/2905
f 3800/1264/2907 3798/1265/2015 3797/1263/2013 3799/1266/2016
f 3798/1265/2015 3802/1267/2017 3790/1256/2905 3797/1263/2013
f 3798/1265/2015 3800/1264/2907 3801/1268/2908
f 3803/1269/2909 3806/1270/2910 3802/1267/2017 3798/1265/2015
f 3804/1271/2021 3803/1269/2909 3798/1265/2015
f 3803/1269/2909 3804/1271/2021 3805/1272/2911
f 3805/1272/2911 3806/1270/2910 3803/1269/2909
f 3807/1273/2023 3808/1274/2024 3806/1270/2910 3805/1272/2911
f 3809/1275/2025 3808/1274/2024 3807/1273/2023
f 3810/1276/2912 3811/1277/2913 3808/1274/2024 3809/1275/2025
f 3812/1280/2914 3811/1277/2913 3810/1276/2912
f 3814/1279/2029 3813/1278/2915 3812/1280/2914
f 3813/1278/2915 3811/1277/2913 3812/1280/2914
f 3813/1278/2915 3814/1279/2029 3815/1281/2031 3822/1282/2916
f 3816/1298/2048 3815/1281/2031 3814/1279/2029
f 3817/1299/2049 3816/1298/2048 3814/1279/2029
f 3817/1299/2049 3819/1300/2050 3816/1298/2048
f 3818/1302/2052 3819/1300/2050 3817/1299/2049
f 3820/1301/2051 3816/1298/2048 3819/1300/2050
f 3821/1297/2047 3822/1282/2916 3815/1281/2031
f 3821/1297/2047 3826/1294/2044 3822/1282/2916
f 3822/1282/2916 3823/1293/2043 3824/1285/2917
f 3822/1282/2916 3826/1294/2044 3823/1293/2043
f 3822/1282/2916 3824/1285/2917 3825/1283/2918
f 3822/1282/2916 3825/1283/2918 3813/1278/2915
f 3828/1295/2045 3827/1296/2919 3826/1294/2044
f 3828/1295/2045 3826/1294/2044 3821/1297/2047
f 3825/1283/2918 3829/1284/2034 3813/1278/2915
f 3830/1286/2036 3829/1284/2034 3825/1283/2918
f 3824/1285/2917 3831/1287/2920 3825/1283/2918
f 3825/1283/2918 3831/1287/2920 3830/1286/2036
f 3832/1288/2038 3829/1284/2034 3830/1286/2036
f 3833/1289/2039 3832/1288/2038 3830/1286/2036
f 3833/1289/2039 3834/1290/2040 3832/1288/2038
f 3832/1288/2038 3834/1290/2040 3835/1291/2921 3836/1292/2922
f 3836/1292/2922 3829/1284/2034 3832/1288/2038
f 3829/1284/2034 3802/1267/2017 3813/1278/2915
f 3837/1303/2053 3802/1267/2017 3829/1284/2034
f 3837/1303/2053 3838/1304/2923 3787/1252/2002
f 3837/1303/2053 3787/1252/2002 3802/1267/2017
f 3839/1305/2924 3787/1252/2002 3838/1304/2923
f 3841/1306/2056 3787/1252/2002 3839/1305/2924
f 3841/1306/2056 3839/1305/2924 3840/1307/2057
f 3842/1308/2058 3840/1307/2057 3839/1305/2924
f 3841/1306/2056 3844/1309/2059 3843/1310/2925
f 3843/1310/2925 3787/1252/2002 3841/1306/2056
f 3841/1306/2056 3845/1311/2061 3844/1309/2059
f 3844/1309/2059 3845/1311/2061 3846/1313/2063
f 3846/1313/2063 3847/1314/2926 3844/1309/2059
f 3847/1314/2926 3848/1315/2927 3844/1309/2059
f 3848/1315/2927 3847/1314/2926 3849/1342/2092
f 3849/1342/2092 3850/1340/2928 3848/1315/2927
f 3850/1340/2928 3851/1341/2091 3852/1339/2089
f 3852/1339/2089 3848/1315/2927 3850/1340/2928
f 3853/1338/2088 3854/1318/2929 3848/1315/2927 3852/1339/2089
f 3855/1336/2086 3854/1318/2929 3853/1338/2088
f 3856/1331/2081 3854/1318/2929 3855/1336/2086
f 3857/1335/2085 3856/1331/2081 3855/1336/2086
f 3856/1331/2081 3857/1335/2085 3858/1334/2930
f 3859/1333/2931 3856/1331/2081 3858/1334/2930
f 3860/1337/2087 3856/1331/2081 3859/1333/2931
f 3856/1331/2081 3861/1330/2080 3854/1318/2929
f 3862/1332/2082 3861/1330/2080 3856/1331/2081
f 3854/1318/2929 3861/1330/2080 3863/1320/2932
f 3865/1319/2933 3864/1317/2934 3863/1320/2932
f 3864/1317/2934 3854/1318/2929 3863/1320/2932
f 3866/1323/2073 3865/1319/2933 3863/1320/2932
f 3867/1316/2066 3864/1317/2934 3865/1319/2933
f 3869/1321/2935 3870/1322/2936 3867/1316/2066 3865/1319/2933
f 3869/1321/2935 3865/1319/2933 3868/1324/2937
f 3871/1325/2075 3872/1253/2003 3870/1322/2936 3869/1321/2935
f 3871/1325/2075 3873/1326/2938 3872/1253/2003
f 3874/1327/2939 3875/1328/2078 3873/1326/2938 3871/1325/2075
f 3876/1329/2940 3875/1328/2078 3874/1327/2939
f 3872/1253/2003 3873/1326/2938 3786/1249/1999
f 3870/1322/2936 3872/1253/2003 3843/1310/2925
f 3843/1310/2925 3872/1253/2003 3787/1252/2002
f 3843/1310/2925 3867/1316/2066 3870/1322/2936
f 3877/1312/2941 3864/1317/2934 3867/1316/2066
f 3877/1312/2941 3867/1316/2066 3843/1310/2925
f 3877/1312/2941 3843/1310/2925 3844/1309/2059
f 3848/1315/2927 3877/1312/2941 3844/1309/2059
f 3864/1317/2934 3877/1312/2941 3854/1318/2929
f 3854/1318/2929 3877/1312/2941 3848/1315/2927
f 3813/1278/2915 3802/1267/2017 3808/1274/2024
f 3808/1274/2024 3811/1277/2913 3813/1278/2915
f 3808/1274/2024 3802/1267/2017 3806/1270/2910
f 3789/1255/2904 3790/1256/2905 3802/1267/2017
f 3802/1267/2017 3787/1252/2002 3789/1255/2904
f 3880/1343/2093 3878/1344/2942 3879/1345/2943
f 3882/1346/2096 3881/1347/2097 3878/1344/2942 3880/1343/2093
f 3881/1347/2097 3882/1346/2096 3883/1348/2098
f 3884/1349/2099 3885/1350/2944 3883/1348/2098
f 3884/1349/2099 3883/1348/2098 3882/1346/2096
f 3887/1351/2945 3886/1352/2946 3883/1348/2098 3885/1350/2944
f 3886/1352/2946 3887/1351/2945 3888/1353/2947
f 3884/1354/2099 3889/1355/2104 3887/1351/2945 3885/1350/2944
f 3882/1356/2096 3880/1357/2093 3889/1355/2104 3884/1354/2099
f 3879/1358/2943 3889/1355/2104 3880/1357/2093
f 3891/1362/2948 3899/1363/2108 3892/1364/2109 3890/1365/2106
f 3891/1359/2948 3890/1360/2106 3893/1361/2949
f 3893/1361/2949 3895/1370/2950 3891/1359/2948
f 3894/1369/2113 3895/1370/2950 3893/1361/2949
f 3897/1366/2951 3891/1359/2948 3895/1370/2950 3896/1367/2111
f 3895/1370/2950 3894/1369/2113 3896/1367/2111
f 3896/1367/2111 3898/1368/2952 3899/1363/2108 3897/1366/2951
f 3896/1367/2111 3894/1369/2113 3898/1368/2952
f 3899/1363/2108 3891/1362/2948 3897/1366/2951
f 3900/1371/2953 3902/1372/2954 3916/1373/2117 3901/1374/2118
f 3904/1375/2119 3902/1372/2954 3900/1371/2953 3903/1376/2120
f 3906/1377/2955 3904/1375/2119 3903/1376/2120 3905/1378/2956
f 3907/1379/2957 3912/1380/2124 3906/1377/2955 3905/1378/2956
f 3907/1379/2957 3905/1378/2956 3908/1381/2125
f 3908/1381/2125 3909/1382/2126 3910/1383/2127 3907/1379/2957
f 3911/1384/2128 3912/1380/2124 3907/1379/2957 3910/1383/2127
f 3911/1384/2128 3904/1385/2119 3912/1380/2124
f 3913/1387/2130 3904/1385/2119 3911/1384/2128
f 3914/1386/2129 3913/1387/2130 3911/1384/2128
f 3914/1386/2129 3915/1388/2131 3901/1389/2118 3916/1390/2117
f 3914/1386/2129 3916/1390/2117 3913/1387/2130
f 3913/1387/2130 3916/1390/2117 3902/1391/2954
f 3902/1391/2954 3904/1385/2119 3913/1387/2130
f 3912/1380/2124 3904/1385/2119 3906/1377/2955
f 3920/1395/2135 3921/1396/2136 3918/1394/2134 3917/1393/2133
f 3919/1392/2958 3917/1393/2133 3918/1394/2134
f 3921/1396/2136 3920/1395/2135 3922/1397/2137
f 3922/1397/2137 3920/1395/2135 3923/1474/2214
f 3923/1474/2214 3920/1395/2135 3924/1476/2959
f 3927/1475/2215 3923/1474/2214 3924/1476/2959 3925/1477/2217
f 3926/1478/2960 3925/1477/2217 3924/1476/2959
f 3923/1474/2214 3929/1470/2961 3928/1469/2209
f 3928/1469/2209 3922/1397/2137 3923/1474/2214
f 3929/1470/2961 3930/1466/2206 3928/1469/2209
f 3929/1470/2961 3931/1471/2962 3932/1467/2963 3930/1466/2206
f 3932/1467/2963 3931/1471/2962 3933/1472/2212
f 3934/1473/2964 3932/1467/2963 3933/1472/2212
f 3932/1467/2963 3934/1473/2964 3935/1465/2205
f 3936/1464/2965 3935/1465/2205 3937/1462/2966
f 3935/1465/2205 3936/1464/2965 3930/1466/2206 3932/1467/2963
f 3936/1464/2965 3937/1462/2966 3938/1457/2967
f 3939/1460/2200 3938/1457/2967 3937/1462/2966
f 3942/1454/2194 3938/1457/2967 3939/1460/2200
f 3940/1458/2198 3942/1454/2194 3939/1460/2200
f 3941/1463/2203 3940/1458/2198 3939/1460/2200
f 3942/1454/2194 3946/1453/2968 3943/1456/2969
f 3942/1454/2194 3943/1456/2969 3938/1457/2967
f 3940/1458/2198 3945/1459/2199 3942/1454/2194
f 4002/1461/2970 3944/1451/2191 3942/1454/2194 3945/1459/2199
f 3944/1451/2191 3948/1452/2192 3946/1453/2968 3942/1454/2194
f 3947/1455/2195 3946/1453/2968 3948/1452/2192 3949/1450/2190
f 3946/1453/2968 3947/1455/2195 3943/1456/2969
f 3944/1451/2191 3950/1449/2971 3948/1452/2192
f 3949/1450/2190 3948/1452/2192 3950/1449/2971
f 3951/1431/2972 3950/1449/2971 3944/1451/2191
f 3951/1431/2972 3952/1448/2973 3950/1449/2971
f 3952/1448/2973 3949/1450/2190 3950/1449/2971
f 3952/1448/2973 3951/1431/2972 3954/1447/2187
f 3952/1448/2973 3953/1446/2186 3949/1450/2190
f 3954/1447/2187 3953/1446/2186 3952/1448/2973
f 3951/1431/2972 3957/1440/2974 3954/1447/2187
f 3955/1443/2975 3953/1446/2186 3954/1447/2187
f 3954/1447/2187 3956/1441/2976 3955/1443/2975
f 3957/1440/2974 3956/1441/2976 3954/1447/2187
f 3956/1441/2976 3957/1440/2974 3958/1439/2977 3999/1442/2182
f 3959/1434/2174 3958/1439/2977 3957/1440/2974
f 3951/1431/2972 3959/1434/2174 3957/1440/2974
f 3960/1432/2172 3959/1434/2174 3951/1431/2972
f 3958/1439/2977 3959/1434/2174 3961/1437/2978
f 3959/1434/2174 3960/1432/2172 3962/1435/2979
f 3961/1437/2978 3959/1434/2174 3962/1435/2979
f 3963/1436/2980 3961/1437/2978 3962/1435/2979
f 3963/1436/2980 3962/1435/2979 3964/1438/2981
f 3962/1435/2979 3965/1425/2982 3964/1438/2981
f 3966/1433/2983 3965/1425/2982 3962/1435/2979
f 3966/1433/2983 3962/1435/2979 3960/1432/2172
f 3966/1433/2983 3967/1428/2168 3968/1426/2166 3965/1425/2982
f 3970/1430/2170 3967/1428/2168 3966/1433/2983 3960/1432/2172
f 3968/1426/2166 3967/1428/2168 3969/1429/2984 3971/1427/2167
f 3969/1429/2984 3967/1428/2168 3970/1430/2170
f 3969/1429/2984 3970/1430/2170 3951/1431/2972
f 3951/1431/2972 3970/1430/2170 3960/1432/2172
f 3971/1427/2167 3972/1424/2164 3968/1426/2166
f 3973/1421/2985 3965/1425/2982 3968/1426/2166 3972/1424/2164
f 3974/1422/2986 3973/1421/2985 3972/1424/2164
f 3975/1417/2987 3974/1422/2986 3976/1423/2163
f 3977/1419/2159 3973/1421/2985 3974/1422/2986 3975/1417/2987
f 3975/1417/2987 3978/1418/2158 3980/1416/2988 3977/1419/2159
f 3978/1418/2158 3975/1417/2987 3979/1420/2160
f 3977/1419/2159 3980/1416/2988 3982/1415/2155
f 3982/1415/2155 3980/1416/2988 3981/1414/2989
f 3982/1415/2155 3981/1414/2989 3983/1409/2990
f 3977/1419/2159 3982/1415/2155 3983/1409/2990
f 3958/1439/2977 3983/1409/2990 3984/1407/2991 3999/1442/2182
f 3963/1436/2980 3983/1409/2990 3958/1439/2977
f 3983/1409/2990 3987/1408/2148 3984/1407/2991
f 3983/1409/2990 3986/1411/2992 3985/1410/2993
f 3987/1408/2148 3983/1409/2990 3985/1410/2993
f 3983/1409/2990 3981/1414/2989 3986/1411/2992
f 3977/1419/2159 3983/1409/2990 3963/1436/2980
f 3984/1407/2991 3987/1408/2148 3988/1405/2145
f 3984/1407/2991 3988/1405/2145 3989/1402/2994
f 3989/1402/2994 3988/1405/2145 3990/1404/2995
f 3988/1405/2145 3991/1406/2996 3990/1404/2995
f 3992/1403/2997 3989/1402/2994 3990/1404/2995
f 3993/1401/2998 3989/1402/2994 3992/1403/2997
f 3995/1400/2140 3993/1401/2998 3994/1399/2999
f 3993/1401/2998 3995/1400/2140 3989/1402/2994
f 3995/1400/2140 3996/1398/3000 3922/1397/2137
f 3995/1400/2140 3994/1399/2999 3996/1398/3000
f 3984/1407/2991 3989/1402/2994 3995/1400/2140
f 3995/1400/2140 3922/1397/2137 3984/1407/2991
f 3994/1399/2999 3921/1396/2136 3996/1398/3000
f 3996/1398/3000 3921/1396/2136 3922/1397/2137
f 3997/1412/2152 3986/1411/2992 3998/1413/2153
f 3985/1410/2993 3986/1411/2992 3997/1412/2152
f 3999/1442/2182 3984/1407/2991 3922/1397/2137 4000/1444/3001
f 3956/1441/2976 3999/1442/2182 3955/1443/2975
f 3999/1442/2182 4000/1444/3001 3955/1443/2975
f 4000/1444/3001 3922/1397/2137 3928/1469/2209 4001/1445/2185
f 4000/1444/3001 4001/1445/2185 3955/1443/2975
f 3947/1455/2195 4001/1445/2185 3928/1469/2209
f 4001/1445/2185 3947/1455/2195 3949/1450/2190 3953/1446/2186
f 3955/1443/2975 4001/1445/2185 3953/1446/2186
f 3964/1438/2981 3973/1421/2985 3977/1419/2159
f 3963/1436/2980 3964/1438/2981 3977/1419/2159
f 3965/1425/2982 3973/1421/2985 3964/1438/2981
f 3958/1439/2977 3961/1437/2978 3963/1436/2980
f 3951/1431/2972 3944/1451/2191 4002/1461/2970
f 3947/1455/2195 3928/1469/2209 4003/1468/3002
f 3943/1456/2969 3947/1455/2195 4003/1468/3002
f 3928/1469/2209 3930/1466/2206 4003/1468/3002
f 3938/1457/2967 4003/1468/3002 3936/1464/2965
f 3930/1466/2206 3936/1464/2965 4003/1468/3002
f 3943/1456/2969 4003/1468/3002 3938/1457/2967
f 4005/1479/2219 4004/1480/3003 4007/1481/2221
f 4006/1482/3004 4004/1483/3003 4005/1484/2219
f 4008/1485/3005 4021/1486/2224 4005/1479/2219 4007/1481/2221
f 4011/1487/3006 4008/1485/3005 4007/1481/2221 4009/1488/2226
f 4009/1488/2226 4010/1489/3007 4014/1490/2228 4013/1491/3008
f 4010/1489/3007 4009/1488/2226 4012/1492/3009
f 4009/1488/2226 4013/1491/3008 4011/1487/3006
f 4011/1493/3006 4013/1494/3008 4014/1490/2228
f 4015/1495/2231 4011/1493/3006 4014/1490/2228
f 4015/1495/2231 4014/1490/2228 4016/1496/3010
f 4010/1489/3007 4017/1497/2233 4016/1496/3010 4014/1490/2228
f 4015/1495/2231 4016/1496/3010 4019/1498/3011 4022/1499/2235
f 4017/1497/2233 4018/1500/3012 4016/1496/3010
f 4020/1501/3013 4021/1502/2224 4019/1498/3011
f 4021/1502/2224 4022/1499/2235 4019/1498/3011
f 4011/1493/3006 4015/1495/2231 4022/1499/2235 4021/1502/2224
f 4005/1484/2219 4021/1502/2224 4020/1501/3013 4006/1482/3004
f 4021/1502/2224 4008/1503/3005 4011/1493/3006
f 4018/1500/3012 4017/1497/2233 4010/1489/3007
f 4018/1500/3012 4010/1489/3007 4012/1492/3009
f 4025/1504/2238 4023/1505/3014 4024/1506/3015
f 4026/1507/2241 4025/1504/2238 4024/1506/3015
f 4026/1507/2241 4024/1506/3015 4027/1508/3016
f 4027/1508/3016 4028/1509/2243 4026/1507/2241
f 4029/1510/3017 4026/1507/2241 4028/1509/2243
f 4028/1509/2243 4031/1511/3018 4030/1512/3019 4029/1510/3017
f 4033/1513/2247 4032/1514/3020 4030/1512/3019 4031/1511/3018
f 4032/1514/3020 4033/1513/2247 4034/1515/3021
f 4034/1515/3021 4033/1513/2247 4035/1517/3022
f 4035/1517/3022 4036/1520/3023 4034/1515/3021
f 4033/1513/2247 4037/1516/3024 4035/1517/3022
f 4038/1518/2252 4037/1516/3024 4033/1513/2247
f 4028/1509/2243 4038/1518/2252 4031/1511/3018
f 4038/1518/2252 4028/1509/2243 4039/1519/3025
f 4038/1518/2252 4033/1513/2247 4031/1511/3018
f 4040/1521/3026 4043/1522/2256 4055/1523/2257 4041/1524/2258
f 4042/1525/3027 4040/1521/3026 4041/1524/2258
f 4044/1526/2260 4040/1527/3026 4042/1528/3027
f 4040/1527/3026 4044/1526/2260 4047/1529/2261 4043/1530/2256
f 4045/1531/2262 4044/1526/2260 4046/1532/2263
f 4045/1531/2262 4047/1529/2261 4044/1526/2260
f 4044/1526/2260 4042/1528/3027 4046/1532/2263
f 4043/1522/2256 4047/1533/2261 4048/1534/3028
f 4047/1529/2261 4045/1531/2262 4050/1535/3029 4048/1534/3028
f 4043/1522/2256 4048/1534/3028 4049/1536/2266 4055/1523/2257
f 4048/1534/3028 4050/1535/3029 4051/1537/2267 4049/1536/2266
f 4045/1531/2262 4052/1538/3030 4050/1535/3029
f 4051/1537/2267 4050/1535/3029 4052/1538/3030 4053/1539/2269
f 4052/1538/3030 4045/1531/2262 4054/1540/3031
f 4054/1540/3031 4045/1531/2262 4046/1532/2263
f 4058/1541/3032 4056/1542/3033 4057/1543/2273
f 4057/1543/2273 4060/1544/3034 4059/1545/3035 4058/1541/3032
f 4061/1546/2276 4059/1545/3035 4060/1544/3034
f 4088/1547/3036 4062/1548/2278 4061/1546/2276 4060/1544/3034
f 4063/1549/2279 4061/1546/2276 4062/1548/2278
f 4063/1549/2279 4062/1548/2278 4064/1550/2280
f 4063/1549/2279 4064/1550/2280 4065/1551/3037
f 4064/1550/2280 4086/1552/2282 4066/1553/3038 4065/1551/3037
f 4066/1553/3038 4068/1554/2284 4067/1555/3039 4065/1551/3037
f 4068/1554/2284 4069/1556/2286 4067/1555/3039
f 4069/1556/2286 4080/1557/3040 4070/1558/2288 4067/1555/3039
f 4067/1555/3039 4070/1558/2288 4071/1559/2289
f 4080/1557/3040 4072/1560/3041 4071/1559/2289 4070/1558/2288
f 4071/1559/2289 4072/1560/3041 4073/1561/3042
f 4071/1559/2289 4073/1561/3042 4074/1562/3043
f 4073/1561/3042 4072/1560/3041 4075/1563/3044
f 4076/1564/3045 4073/1561/3042 4075/1563/3044
f 4077/1565/3046 4075/1563/3044 4072/1560/3041
f 4078/1566/2296 4077/1565/3046 4072/1560/3041
f 4068/1554/2284 4078/1566/2296 4069/1556/2286
f 4079/1567/3047 4078/1566/2296 4068/1554/2284
f 4069/1556/2286 4078/1566/2296 4080/1557/3040
f 4080/1557/3040 4078/1566/2296 4072/1560/3041
f 4066/1553/3038 4081/1568/2298 4068/1554/2284
f 4082/1569/3048 4081/1568/2298 4066/1553/3038
f 4083/1570/2300 4082/1569/3048 4066/1553/3038
f 4066/1553/3038 4084/1571/2301 4083/1570/2300
f 4085/1572/3049 4084/1571/2301 4086/1552/2282
f 4086/1552/2282 4084/1571/2301 4066/1553/3038
f 4086/1552/2282 4087/1573/2303 4089/1574/2304 4085/1572/3049
f 4062/1548/2278 4086/1552/2282 4064/1550/2280
f 4086/1552/2282 4062/1548/2278 4087/1573/2303
f 4087/1573/2303 4088/1547/3036 4089/1574/2304
f 4088/1547/3036 4087/1573/2303 4062/1548/2278
f 4092/1575/3050 4090/1576/2306 4091/1577/3051
f 4093/1578/2308 4090/1576/2306 4092/1575/3050 4094/1579/3052
f 4094/1579/3052 4096/1580/2310 4095/1581/2311 4093/1578/2308
f 4096/1580/2310 4098/1582/2312 4097/1583/3053 4095/1581/2311
f 4097/1583/3053 4098/1582/2312 4100/1584/2314 4099/1585/2315
f 4098/1582/2312 4103/1586/2316 4101/1587/2317 4100/1584/2314
f 4102/1588/3054 4101/1587/2317 4103/1586/2316 4105/1589/2319
f 4104/1590/3055 4103/1591/2316 4096/1580/2310 4094/1579/3052
f 4096/1580/2310 4103/1591/2316 4098/1582/2312
f 4105/1589/2319 4103/1586/2316 4104/1592/3055
f 4102/1588/3054 4105/1589/2319 4106/1593/2321
f 4105/1589/2319 4104/1592/3055 4106/1593/2321
f 4092/1594/3050 4091/1595/3051 4106/1593/2321
f 4104/1592/3055 4094/1596/3052 4092/1594/3050 4106/1593/2321
f 4109/1597/3056 4107/1598/2323 4108/1599/3057
f 4108/1599/3057 4110/1600/3058 4109/1597/3056
f 4112/1601/2326 4111/1602/3059 4109/1597/3056 4110/1600/3058
f 4112/1601/2326 4115/1603/2328 4111/1602/3059
f 4111/1602/3059 4113/1604/3060 4114/1605/2330
f 4113/1604/3060 4111/1602/3059 4115/1603/2328
f 4112/1601/2326 4116/1613/2336 4115/1603/2328
f 4115/1603/2328 4116/1611/2336 4117/1610/2335
f 4117/1610/2335 4118/1606/2331 4113/1604/3060 4115/1603/2328
f 4118/1606/2331 4117/1610/2335 4119/1608/3061
f 4116/1611/2336 4120/1612/2337 4117/1610/2335
f 4110/1614/3058 4108/1616/3057 4120/1612/2337
f 4110/1614/3058 4120/1612/2337 4116/1611/2336 4112/1615/2326
f 4118/1606/2331 4119/1608/3061 4121/1609/2334 4122/1607/3062
f 4118/1606/2331 4122/1607/3062 4114/1605/2330 4113/1604/3060
f 4128/1626/2343 4123/1623/3063 4124/1622/3064 4130/1627/2345
f 4126/1621/2341 4124/1622/3064 4123/1623/3063
f 4125/1617/2338 4123/1618/3063 4127/1619/3065
f 4126/1620/2341 4123/1618/3063 4125/1617/2338
f 4123/1618/3063 4128/1624/2343 4129/1625/2344 4127/1619/3065
f 4129/1625/2344 4128/1624/2343 4130/1634/2345
f 4129/1625/2344 4130/1634/2345 4131/1636/2352
f 4130/1634/2345 4132/1635/2348 4131/1636/2352
f 4130/1627/2345 4133/1628/3066 4135/1629/2347 4132/1630/2348
f 4133/1628/3066 4130/1627/2345 4124/1622/3064
f 4133/1628/3066 4134/1631/2349 4135/1629/2347
f 4126/1621/2341 4133/1628/3066 4124/1622/3064
f 4140/1632/2350 4132/1630/2348 4135/1629/2347 4136/1633/3067
f 4134/1631/2349 4136/1633/3067 4135/1629/2347
f 4137/1640/3068 4136/1633/3067 4134/1631/2349
f 4139/1639/3069 4136/1633/3067 4137/1640/3068
f 4138/1638/3070 4141/1637/2353 4140/1632/2350 4136/1633/3067
f 4139/1639/3069 4138/1638/3070 4136/1633/3067
f 4132/1630/2348 4140/1632/2350 4131/1636/2352
f 4131/1636/2352 4140/1632/2350 4141/1637/2353
f 4141/1637/2353 4129/1625/2344 4131/1636/2352
f 4144/1641/2357 4142/1642/3071 4143/1643/3072
f 4144/1641/2357 4143/1643/3072 4146/1644/3073
f 4147/1645/2361 4145/1646/2362 4144/1641/2357
f 4147/1645/2361 4144/1641/2357 4146/1644/3073
f 4151/1707/3074 4147/1645/2361 4146/1644/3073
f 4149/1704/3075 4147/1645/2361 4148/1702/3076
f 4151/1707/3074 4148/1702/3076 4147/1645/2361
f 4150/1705/3077 4147/1645/2361 4149/1704/3075
f 4150/1705/3077 4152/1647/2363 4147/1645/2361
f 4152/1647/2363 4145/1646/2362 4147/1645/2361
f 4150/1705/3077 4153/1703/3078 4152/1647/2363
f 4152/1647/2363 4156/1648/3079 4145/1646/2362
f 4158/1700/3080 4152/1647/2363 4153/1703/3078
f 4154/1698/2414 4160/1696/2412 4152/1647/2363
f 4158/1700/3080 4154/1698/2414 4152/1647/2363
f 4155/1654/2370 4159/1650/2366 4152/1647/2363
f 4155/1654/2370 4152/1647/2363 4160/1696/2412
f 4152/1647/2363 4157/1649/2365 4156/1648/3079
f 4159/1650/2366 4157/1649/2365 4152/1647/2363
f 4160/1696/2412 4154/1698/2414 4164/1697/3081 4161/1693/2409
f 4161/1693/2409 4163/1688/3082 4155/1654/2370 4160/1696/2412
f 4162/1692/3083 4163/1688/3082 4161/1693/2409
f 4161/1693/2409 4164/1697/3081 4162/1692/3083
f 4167/1695/3084 4162/1692/3083 4164/1697/3081 4165/1699/3085
f 4164/1697/3081 4154/1698/2414 4158/1700/3080 4165/1699/3085
f 4158/1700/3080 4166/1701/3086 4165/1699/3085
f 4168/1694/3087 4163/1688/3082 4162/1692/3083 4167/1695/3084
f 4168/1694/3087 4169/1691/2407 4163/1688/3082
f 4168/1694/3087 4170/1690/3088 4169/1691/2407
f 4169/1691/2407 4170/1690/3088 4172/1689/3089
f 4171/1657/3090 4173/1687/3091 4172/1689/3089 4170/1690/3088
f 4172/1689/3089 4163/1688/3082 4169/1691/2407
f 4173/1687/3091 4175/1652/2368 4163/1688/3082 4172/1689/3089
f 4171/1657/3090 4174/1658/3092 4173/1687/3091
f 4173/1687/3091 4174/1658/3092 4175/1652/2368
f 4175/1652/2368 4176/1653/2369 4159/1650/2366
f 4175/1652/2368 4159/1650/2366 4155/1654/2370
f 4175/1652/2368 4155/1654/2370 4163/1688/3082
f 4174/1658/3092 4176/1653/2369 4175/1652/2368
f 4179/1656/3093 4176/1653/2369 4171/1657/3090
f 4171/1657/3090 4176/1653/2369 4174/1658/3092
f 4176/1653/2369 4177/1655/2371 4159/1650/2366
f 4178/1659/2375 4182/1660/3094 4176/1653/2369
f 4181/1661/3095 4178/1659/2375 4176/1653/2369
f 4180/1662/3096 4176/1653/2369 4179/1656/3093
f 4181/1661/3095 4176/1653/2369 4180/1662/3096
f 4178/1659/2375 4183/1663/2379 4182/1660/3094
f 4188/1664/2380 4185/1665/3097 4183/1663/2379 4184/1666/2382
f 4178/1659/2375 4200/1668/2384 4184/1666/2382 4183/1663/2379
f 4183/1663/2379 4185/1665/3097 4186/1667/3098
f 4188/1664/2380 4187/1686/3099 4185/1665/3097
f 4199/1669/3100 4189/1670/3101 4188/1664/2380 4184/1666/2382
f 4189/1670/3101 4190/1675/2391 4188/1664/2380
f 4192/1676/3102 4190/1675/2391 4191/1674/2390
f 4191/1674/2390 4190/1675/2391 4189/1670/3101
f 4193/1673/2389 4191/1674/2390 4189/1670/3101
f 4194/1677/2393 4191/1674/2390 4193/1673/2389
f 4194/1677/2393 4196/1678/3103 4195/1679/3104
f 4194/1677/2393 4197/1671/2387 4196/1678/3103
f 4194/1677/2393 4193/1673/2389 4198/1672/3105
f 4194/1677/2393 4198/1672/3105 4197/1671/2387
f 4198/1672/3105 4199/1669/3100 4184/1666/2382 4197/1671/2387
f 4198/1672/3105 4193/1673/2389 4199/1669/3100
f 4193/1673/2389 4189/1670/3101 4199/1669/3100
f 4197/1671/2387 4184/1666/2382 4200/1668/2384
f 4201/1681/3106 4197/1671/2387 4200/1668/2384
f 4201/1681/3106 4196/1678/3103 4197/1671/2387
f 4202/1680/3107 4201/1681/3106 4200/1668/2384
f 4202/1680/3107 4196/1678/3103 4201/1681/3106
f 4203/1682/3108 4195/1679/3104 4202/1680/3107
f 4203/1682/3108 4202/1680/3107 4178/1659/2375
f 4195/1679/3104 4196/1678/3103 4202/1680/3107
f 4202/1680/3107 4200/1668/2384 4178/1659/2375
f 4179/1656/3093 4203/1682/3108 4205/1683/2399
f 4204/1684/3109 4203/1682/3108 4179/1656/3093
f 4205/1683/2399 4203/1682/3108 4178/1659/2375
f 4179/1656/3093 4205/1683/2399 4180/1662/3096
f 4180/1662/3096 4205/1683/2399 4206/1685/3110
f 4205/1683/2399 4178/1659/2375 4206/1685/3110
f 4206/1685/3110 4181/1661/3095 4180/1662/3096
f 4206/1685/3110 4178/1659/2375 4181/1661/3095
f 4158/1700/3080 4148/1702/3076 4166/1701/3086
f 4207/1651/3111 4157/1649/2365 4159/1650/2366
f 4148/1702/3076 4158/1700/3080 4153/1703/3078
f 4149/1704/3075 4148/1702/3076 4153/1703/3078
f 4153/1703/3078 4150/1705/3077 4149/1704/3075
f 4151/1707/3074 4146/1644/3073 4208/1708/3112
f 4212/1709/2425 4211/1710/2426 4151/1707/3074 4208/1708/3112
f 4210/1706/2422 4151/1707/3074 4209/1711/3113
f 4209/1711/3113 4151/1707/3074 4211/1710/2426
f 4210/1706/2422 4148/1702/3076 4151/1707/3074
f 4213/1713/2429 4211/1710/2426 4212/1709/2425
f 4209/1711/3113 4211/1710/2426 4213/1713/2429
f 4212/1709/2425 4214/1715/3114 4213/1713/2429
f 4214/1715/3114 4215/1714/3115 4213/1713/2429
f 4213/1713/2429 4215/1714/3115 4216/1712/2428
f 4216/1712/2428 4209/1711/3113 4213/1713/2429
f 4210/1706/2422 4209/1711/3113 4216/1712/2428
f 4215/1714/3115 4214/1715/3114 4217/1716/3116
f 4218/1717/3117 4214/1715/3114 4212/1709/2425 4208/1708/3112
f 4208/1708/3112 4146/1644/3073 4218/1717/3117
f 4221/1718/3118 4219/1719/3119 4220/1720/3120
f 4220/1720/3120 4224/1721/3121 4222/1722/3122 4221/1718/3118
f 4223/1723/2439 4222/1722/3122 4224/1721/3121 4226/1724/2440
f 4220/1720/3120 4225/1730/3123 4224/1721/3121
f 4224/1721/3121 4225/1729/3123 4227/1728/3124
f 4226/1724/2440 4224/1721/3121 4227/1728/3124
f 4228/1725/2441 4226/1724/2440 4227/1728/3124 4225/1729/3123
f 4228/1725/2441 4229/1726/2442 4223/1723/2439 4226/1724/2440
f 4229/1726/2442 4228/1725/2441 4230/1727/3125
f 4234/1735/3126 4232/1736/3127 4231/1737/3128
f 4237/1738/2451 4235/1739/3129 4231/1737/3128 4232/1736/3127
f 4233/1731/3130 4231/1732/3128 4235/1733/3129
f 4234/1734/3126 4231/1732/3128 4233/1731/3130
f 4235/1733/3129 4237/1747/2451 4236/1743/3131
f 4235/1733/3129 4236/1743/3131 4240/1748/3132 4238/1749/3133
f 4238/1749/3133 4233/1731/3130 4235/1733/3129
f 4239/1753/2463 4233/1731/3130 4238/1749/3133
f 4240/1748/3132 4241/1752/2462 4239/1753/2463 4238/1749/3133
f 4240/1748/3132 4236/1743/3131 4243/1746/3134
f 4241/1752/2462 4240/1748/3132 4242/1751/3135
f 4240/1748/3132 4243/1746/3134 4242/1751/3135
f 4246/1742/2454 4244/1745/3136 4243/1746/3134 4236/1743/3131
f 4242/1751/3135 4243/1746/3134 4244/1745/3136
f 4245/1744/3137 4244/1745/3136 4246/1742/2454
f 4242/1751/3135 4244/1745/3136 4245/1744/3137
f 4246/1742/2454 4247/1740/3138 4245/1744/3137
f 4248/1741/2453 4247/1740/3138 4246/1742/2454 4236/1743/3131
f 4237/1738/2451 4232/1736/3127 4247/1740/3138 4248/1741/2453
f 4237/1747/2451 4248/1750/2453 4236/1743/3131
f 4250/1757/2467 4249/1756/2466 4254/1755/2465
f 4251/1754/3139 4249/1756/2466 4252/1758/3140
f 4251/1754/3139 4254/1755/2465 4249/1756/2466
f 4249/1756/2466 4253/1759/3141 4252/1758/3140
f 4253/1759/3141 4257/1760/3142 4252/1758/3140
f 4253/1759/3141 4255/1761/3143 4256/1762/2472
f 4256/1762/2472 4257/1760/3142 4253/1759/3141
f 4258/1763/3144 4257/1760/3142 4256/1762/2472
f 4252/1758/3140 4257/1760/3142 4259/1764/2474
f 4258/1763/3144 4260/1765/2475 4257/1760/3142
f 4260/1765/2475 4261/1766/2476 4257/1760/3142
f 4262/1767/3145 4257/1760/3142 4261/1766/2476
f 4257/1760/3142 4262/1767/3145 4263/1768/3146
f 4264/1769/2479 4262/1767/3145 4261/1766/2476
f 4265/1770/2480 4262/1767/3145 4264/1769/2479
f 4268/1771/2481 4262/1767/3145 4265/1770/2480
f 4266/1773/2483 4269/1774/2484 4262/1767/3145
f 4266/1773/2483 4262/1767/3145 4267/1772/2482
f 4268/1771/2481 4267/1772/2482 4262/1767/3145
f 4262/1767/3145 4269/1774/2484 4270/1775/3147
f 4269/1774/2484 4271/1776/2486 4270/1775/3147
f 4272/1777/2487 4269/1774/2484 4266/1773/2483
f 4275/1778/3148 4269/1774/2484 4272/1777/2487
f 4274/1779/3149 4273/1780/2490 4269/1774/2484
f 4275/1778/3148 4274/1779/3149 4269/1774/2484
f 4277/1781/3150 4274/1779/3149 4275/1778/3148
f 4275/1778/3148 4272/1777/2487 4276/1782/3151
f 4275/1778/3148 4276/1782/3151 4278/1783/2493 4277/1781/3150
f 4276/1782/3151 4272/1777/2487 4278/1783/2493
f 4268/1771/2481 4265/1770/2480 4279/1784/2494
f 4280/1785/2495 4258/1763/3144 4256/1762/2472
f 4251/1754/3139 4252/1758/3140 4281/1786/3152
f 4281/1786/3152 4252/1758/3140 4282/1787/2497
f 4252/1758/3140 4283/1788/2498 4282/1787/2497
f 4283/1788/2498 4252/1758/3140 4284/1789/2499
f 4286/1790/2500 4282/1787/2497 4283/1788/2498
f 4285/1791/2501 4283/1788/2498 4287/1793/3153
f 4283/1788/2498 4285/1791/2501 4298/1792/2502 4286/1790/2500
f 4287/1793/3153 4288/1794/3154 4285/1791/2501
f 4289/1795/2505 4285/1791/2501 4288/1794/3154
f 4290/1796/3155 4285/1791/2501 4289/1795/2505
f 4290/1796/3155 4289/1795/2505 4291/1797/3156
f 4292/1798/3157 4290/1796/3155 4291/1797/3156
f 4292/1798/3157 4293/1799/2509 4290/1796/3155
f 4294/1800/2510 4293/1799/2509 4295/1801/3158
f 4293/1799/2509 4294/1800/2510 4290/1796/3155
f 4290/1796/3155 4294/1800/2510 4285/1791/2501
f 4294/1800/2510 4296/1802/2512 4285/1791/2501
f 4297/1803/3159 4285/1791/2501 4296/1802/2512
f 4297/1803/3159 4298/1792/2502 4285/1791/2501
f 4300/1804/2514 4298/1792/2502 4299/1805/3160
f 4300/1804/2514 4286/1790/2500 4298/1792/2502
f 4300/1804/2514 4301/1806/2516 4286/1790/2500
f 4251/1754/3139 4281/1786/3152 4302/1807/3161
f 4304/1808/2518 4303/1809/3162 4305/1810/3163
f 4306/1836/3164 4307/1811/2521 4305/1810/3163
f 4307/1811/2521 4308/1812/2522 4304/1808/2518 4305/1810/3163
f 4306/1836/3164 4309/1824/3165 4307/1811/2521
f 4307/1811/2521 4310/1813/2523 4308/1812/2522
f 4307/1811/2521 4309/1824/3165 4311/1820/2530
f 4307/1811/2521 4312/1819/2529 4310/1813/2523
f 4311/1820/2530 4314/1821/2531 4312/1819/2529 4307/1811/2521
f 4312/1819/2529 4313/1817/3166 4310/1813/2523
f 4318/1822/3167 4315/1823/2533 4314/1821/2531 4311/1820/2530
f 4318/1822/3167 4316/1827/3168 4315/1823/2533
f 4316/1827/3168 4325/1828/2538 4317/1829/3169 4315/1823/2533
f 4320/1826/2536 4318/1822/3167 4319/1825/2535
f 4311/1820/2530 4319/1825/2535 4318/1822/3167
f 4318/1822/3167 4320/1826/2536 4316/1827/3168
f 4319/1825/2535 4321/1834/2544 4320/1826/2536
f 4322/1830/3170 4320/1826/2536 4321/1834/2544 4323/1835/2545
f 4316/1827/3168 4320/1826/2536 4322/1830/3170 4324/1831/2541
f 4324/1831/2541 4325/1828/2538 4316/1827/3168
f 4324/1831/2541 4326/1832/3171 4325/1828/2538
f 4325/1828/2538 4326/1832/3171 4327/1833/2543
f 4325/1828/2538 4327/1833/2543 4317/1829/3169
f 4319/1825/2535 4311/1820/2530 4309/1824/3165
f 4310/1813/2523 4313/1817/3166 4328/1814/3172
f 4313/1817/3166 4329/1818/2528 4330/1816/2526 4328/1814/3172
f 4330/1816/2526 4331/1815/3173 4328/1814/3172
f 4310/1813/2523 4328/1814/3172 4331/1815/3173 4308/1812/2522
f 4332/1837/3174 4337/1838/2548 4333/1839/3175
f 4346/1840/3176 4336/1841/2551 4332/1842/3174 4333/1843/3175
f 4337/1838/2548 4332/1837/3174 4334/1846/3177
f 4334/1846/3177 4332/1837/3174 4335/1845/2552 4343/1847/3178
f 4336/1844/2551 4335/1845/2552 4332/1837/3174
f 4333/1839/3175 4337/1838/2548 4338/1851/3179
f 4338/1851/3179 4337/1838/2548 4339/1850/2557
f 4337/1838/2548 4334/1846/3177 4341/1849/3180 4339/1850/2557
f 4338/1851/3179 4339/1850/2557 4340/1852/2559 4344/1853/3181
f 4334/1846/3177 4343/1847/3178 4342/1848/3182 4341/1849/3180
f 4340/1852/2559 4345/1854/3183 4344/1853/3181
f 4346/1840/3176 4345/1854/3183 4336/1841/2551
f 4344/1853/3181 4345/1854/3183 4346/1840/3176
f 4344/1853/3181 4346/1840/3176 4333/1843/3175 4338/1851/3179
f 4348/1855/3184 4347/1856/3185 4351/1857/3186
f 4348/1855/3184 4392/1858/2565 4349/1859/2566 4347/1856/3185
f 4349/1859/2566 4350/1860/3187 4347/1856/3185
f 4352/1861/3188 4353/1862/2569 4350/1860/3187
f 4352/1861/3188 4350/1860/3187 4349/1859/2566
f 4352/1861/3188 4354/1863/2570 4353/1862/2569
f 4357/1864/2571 4355/1865/3189 4353/1862/2569 4354/1863/2570
f 4358/1866/3190 4356/1867/2574 4355/1865/3189 4357/1864/2571
f 4361/1871/2578 4358/1866/3190 4357/1864/2571 4359/1873/3191
f 4362/1876/3192 4359/1873/3191 4357/1864/2571 4354/1863/2570
f 4363/1874/2581 4359/1873/3191 4360/1875/2582
f 4360/1875/2582 4359/1873/3191 4362/1876/3192
f 4365/1872/2579 4361/1871/2578 4359/1873/3191 4363/1874/2581
f 4364/1877/3193 4363/1874/2581 4360/1875/2582
f 4366/1878/2585 4365/1872/2579 4363/1874/2581 4364/1877/3193
f 4365/1872/2579 4366/1878/2585 4367/1870/2577
f 4361/1871/2578 4365/1872/2579 4367/1870/2577
f 4368/1869/2576 4367/1870/2577 4366/1878/2585
f 4368/1869/2576 4369/1868/3194 4367/1870/2577
f 4367/1870/2577 4369/1868/3194 4361/1871/2578
f 4368/1869/2576 4356/1867/2574 4369/1868/3194
f 4369/1868/3194 4356/1867/2574 4358/1866/3190
f 4361/1871/2578 4369/1868/3194 4358/1866/3190
f 4368/1869/2576 4366/1878/2585 4370/1884/2591
f 4370/1884/2591 4372/1879/2586 4373/1880/3195 4371/1881/2588
f 4370/1884/2591 4366/1878/2585 4372/1879/2586
f 4372/1879/2586 4366/1878/2585 4364/1877/3193 4373/1880/3195
f 4371/1881/2588 4373/1880/3195 4374/1882/2589
f 4374/1882/2589 4373/1880/3195 4375/1883/2590
f 4373/1880/3195 4364/1877/3193 4360/1875/2582
f 4373/1880/3195 4360/1875/2582 4375/1883/2590
f 4376/1885/2592 4375/1883/2590 4360/1875/2582
f 4378/1886/3196 4377/1887/2594 4375/1883/2590 4376/1885/2592
f 4374/1882/2589 4375/1883/2590 4377/1887/2594
f 4380/1888/3197 4379/1889/2596 4378/1886/3196
f 4378/1886/3196 4376/1885/2592 4382/1890/3198 4380/1888/3197
f 4380/1888/3197 4382/1890/3198 4384/1891/2598 4381/1892/2599
f 4382/1890/3198 4376/1885/2592 4360/1875/2582
f 4362/1876/3192 4382/1890/3198 4360/1875/2582
f 4383/1893/2600 4382/1890/3198 4362/1876/3192
f 4382/1890/3198 4383/1893/2600 4384/1891/2598
f 4385/1894/3199 4384/1891/2598 4383/1893/2600
f 4383/1893/2600 4386/1895/2602 4385/1894/3199
f 4386/1895/2602 4383/1893/2600 4388/1896/2603 4387/1897/3200
f 4389/1898/3201 4387/1897/3200 4388/1896/2603
f 4389/1898/3201 4388/1896/2603 4390/1899/3202
f 4390/1899/3202 4388/1896/2603 4349/1859/2566
f 4349/1859/2566 4391/1900/3203 4390/1899/3202
f 4391/1900/3203 4349/1859/2566 4392/1858/2565
f 4388/1896/2603 4383/1893/2600 4352/1861/3188
f 4388/1896/2603 4352/1861/3188 4349/1859/2566
f 4362/1876/3192 4352/1861/3188 4383/1893/2600
f 4362/1876/3192 4354/1863/2570 4352/1861/3188
f 4393/1902/2609 4394/1904/2611 4395/1905/3204
f 4397/1901/3205 4394/1904/2611 4393/1902/2609
f 4397/1901/3205 4393/1902/2609 4396/1903/3206
f 4398/1941/3207 4394/1904/2611 4397/1901/3205
f 4399/1940/3208 4401/1931/2638 4394/1904/2611 4398/1941/3207
f 4401/1931/2638 4399/1940/3208 4400/1938/2645
f 4403/1937/3209 4401/1931/2638 4400/1938/2645 4433/1939/2646
f 4394/1904/2611 4401/1931/2638 4402/1930/2637
f 4406/1932/2639 4402/1930/2637 4401/1931/2638
f 4401/1931/2638 4403/1937/3209 4404/1936/3210
f 4401/1931/2638 4404/1936/3210 4405/1934/3211
f 4405/1934/3211 4407/1935/2642 4406/1932/2639 4401/1931/2638
f 4409/1925/2632 4408/1933/2640 4406/1932/2639 4407/1935/2642
f 4410/1928/3212 4402/1930/2637 4406/1932/2639 4408/1933/2640
f 4411/1926/3213 4408/1933/2640 4409/1925/2632
f 4410/1928/3212 4408/1933/2640 4411/1926/3213
f 4409/1925/2632 4412/1924/2631 4411/1926/3213
f 4413/1927/2634 4411/1926/3213 4412/1924/2631
f 4411/1926/3213 4413/1927/2634 4410/1928/3212
f 4415/1920/2627 4413/1927/2634 4412/1924/2631
f 4410/1928/3212 4413/1927/2634 4416/1929/3214
f 4413/1927/2634 4415/1920/2627 4414/1919/2626
f 4416/1929/3214 4413/1927/2634 4414/1919/2626
f 4414/1919/2626 4417/1908/3215 4416/1929/3214
f 4416/1929/3214 4417/1908/3215 4402/1930/2637
f 4402/1930/2637 4410/1928/3212 4416/1929/3214
f 4418/1918/3216 4417/1908/3215 4414/1919/2626
f 4418/1918/3216 4419/1916/3217 4417/1908/3215
f 4419/1916/3217 4420/1912/2619 4417/1908/3215
f 4421/1909/3218 4417/1908/3215 4420/1912/2619
f 4417/1908/3215 4421/1909/3218 4422/1906/3219
f 4402/1930/2637 4417/1908/3215 4394/1904/2611
f 4422/1906/3219 4394/1904/2611 4417/1908/3215
f 4422/1906/3219 4395/1905/3204 4394/1904/2611
f 4422/1906/3219 4423/1907/2614 4395/1905/3204
f 4423/1907/2614 4422/1906/3219 4421/1909/3218
f 4421/1909/3218 4425/1910/3220 4424/1911/2618 4423/1907/2614
f 4424/1911/2618 4425/1910/3220 4426/1915/3221
f 4425/1910/3220 4427/1914/3222 4426/1915/3221
f 4425/1910/3220 4428/1913/3223 4427/1914/3222
f 4420/1912/2619 4419/1916/3217 4428/1913/3223
f 4428/1913/3223 4425/1910/3220 4421/1909/3218 4420/1912/2619
f 4429/1917/2624 4419/1916/3217 4418/1918/3216
f 4430/1923/2630 4429/1917/2624 4418/1918/3216 4431/1921/2628
f 4431/1921/2628 4418/1918/3216 4415/1920/2627 4432/1922/2629
f 4412/1924/2631 4432/1922/2629 4415/1920/2627
f 4414/1919/2626 4415/1920/2627 4418/1918/3216
f 4436/1945/3224 4434/1946/2651 4435/1947/2652
f 4436/1942/3224 4437/1943/2650 4434/1944/2651
f 4440/1952/2657 4438/1953/3225 4437/1943/2650
f 4437/1943/2650 4436/1942/3224 4439/1954/3226
f 4437/1943/2650 4439/1954/3226 4440/1952/2657
f 4440/1952/2657 4442/1949/3227 4441/1948/3228
f 4443/1951/2656 4440/1952/2657 4441/1948/3228 4444/1950/2655
f 4440/1952/2657 4439/1954/3226 4442/1949/3227
f 4440/1952/2657 4443/1951/2656 4438/1953/3225
f 4435/1947/2652 4444/1950/2655 4441/1948/3228
f 4442/1949/3227 4439/1954/3226 4436/1942/3224
f 4441/1948/3228 4442/1949/3227 4436/1945/3224 4435/1947/2652
f 4459/1955/2660 4447/1956/3229 4445/1957/3230 4446/1958/3231
f 4446/1959/3231 4445/1960/3230 4448/1961/3232
f 4449/1962/3233 4453/1963/2666 4446/1959/3231 4448/1961/3232
f 4452/1964/2667 4449/1962/3233 4448/1961/3232 4450/1965/3234
f 4450/1965/3234 4451/1966/2669 4452/1964/2667
f 4453/1967/2666 4449/1968/3233 4452/1964/2667
f 4453/1967/2666 4452/1964/2667 4454/1969/2670
f 4454/1969/2670 4452/1964/2667 4451/1966/2669 4455/1970/2671
f 4454/1969/2670 4456/1971/2672 4457/1972/2673 4453/1967/2666
f 4454/1969/2670 4455/1970/2671 4458/1973/2674 4456/1971/2672
f 4457/1972/2673 4459/1955/2660 4446/1958/3231 4453/1967/2666
f 4459/1955/2660 4457/1972/2673 4447/1956/3229
f 4461/1974/2675 4462/1977/2678 4460/1975/2676
f 4461/1974/2675 4460/1975/2676 4464/1976/2677
f 4466/1978/2679 4465/1979/2680 4460/1975/2676 4462/1977/2678
f 4460/1975/2676 4465/1979/2680 4463/1980/3235
f 4466/1978/2679 4469/1985/3236 4465/1979/2680
f 4463/1980/3235 4465/1979/2680 4467/1981/3237
f 4465/1979/2680 4468/1983/3238 4467/1981/3237
f 4465/1979/2680 4469/1985/3236 4468/1983/3238
f 4468/1983/3238 4469/1985/3236 4478/1984/2685
f 4470/1987/3239 4478/1984/2685 4469/1985/3236
f 4470/1987/3239 4469/1985/3236 4477/1989/3240
f 4471/1996/2697 4479/1995/2696 4469/1985/3236
f 4471/1996/2697 4469/1985/3236 4466/1978/2679
f 4473/1993/3241 4469/1985/3236 4472/1994/3242
f 4479/1995/2696 4472/1994/3242 4469/1985/3236
f 4469/1985/3236 4473/1993/3241 4474/1992/2693
f 4474/1992/2693 4475/1991/2692 4469/1985/3236
f 4476/1990/2691 4469/1985/3236 4475/1991/2692
f 4477/1989/3240 4469/1985/3236 4476/1990/2691
f 4478/1984/2685 4480/1982/3243 4468/1983/3238
f 4481/1986/3244 4480/1982/3243 4478/1984/2685
f 4482/1988/3245 4481/1986/3244 4478/1984/2685 4470/1987/3239
f 4480/1982/3243 4467/1981/3237 4468/1983/3238
f 4466/1978/2679 4462/1977/2678 4485/1997/3246
f 4484/2000/3247 4466/1978/2679 4483/1999/3248
f 4466/1978/2679 4486/1998/2699 4483/1999/3248
f 4466/1978/2679 4485/1997/3246 4486/1998/2699
f 4487/2003/3249 4488/2001/3250 4486/1998/2699
f 4488/2001/3250 4483/1999/3248 4486/1998/2699
f 4488/2001/3250 4489/2002/3251 4483/1999/3248
f 4492/2004/3252 4490/2005/3253 4491/2006/3254
f 4492/2004/3252 4491/2006/3254 4493/2007/3255
f 4493/2007/3255 4491/2006/3254 4494/2008/2709
f 4491/2006/3254 4495/2009/3256 4494/2008/2709
f 4494/2008/2709 4495/2009/3256 4496/2010/3257
f 4495/2009/3256 4497/2012/3258 4496/2010/3257
f 4495/2009/3256 4498/2015/3259 4497/2012/3258
f 4495/2009/3256 4499/2016/3260 4498/2015/3259
f 4495/2009/3256 4500/2017/2718 4499/2016/3260
f 4501/2018/2719 4502/2020/3261 4500/2017/2718
f 4501/2018/2719 4500/2017/2718 4495/2009/3256
f 4503/2022/2723 4500/2017/2718 4502/2020/3261
f 4503/2022/2723 4504/2023/2724 4500/2017/2718
f 4513/2024/3262 4505/2025/3263 4500/2017/2718 4504/2023/2724
f 4505/2025/3263 4506/2029/2730 4500/2017/2718
f 4500/2017/2718 4506/2029/2730 4507/2031/3264
f 4507/2031/3264 4506/2029/2730 4508/2032/3265
f 4509/2028/2729 4506/2029/2730 4505/2025/3263
f 4510/2030/2731 4506/2029/2730 4509/2028/2729
f 4511/2026/3266 4509/2028/2729 4505/2025/3263
f 4511/2026/3266 4505/2025/3263 4513/2024/3262 4512/2027/3267
f 4514/2014/2715 4515/2019/3268 4501/2018/2719
f 4501/2018/2719 4495/2009/3256 4514/2014/2715
f 4516/2021/2722 4501/2018/2719 4515/2019/3268
f 4517/2013/3269 4514/2014/2715 4495/2009/3256
f 4518/2011/3270 4517/2013/3269 4495/2009/3256
f 4491/2006/3254 4518/2011/3270 4495/2009/3256
f 4520/2033/2734 4519/2034/3271 4521/2035/2736
f 4522/2036/3272 4521/2035/2736 4523/2037/2738
f 4520/2033/2734 4521/2035/2736 4522/2036/3272
f 4523/2037/2738 4521/2035/2736 4524/2039/3273
f 4524/2039/3273 4521/2035/2736 4525/2045/3274
f 4525/2045/3274 4521/2035/2736 4526/2044/2745
f 4527/2043/2744 4525/2045/3274 4526/2044/2745
f 4528/2042/2743 4527/2043/2744 4526/2044/2745
f 4528/2042/2743 4529/2041/2742 4527/2043/2744
f 4528/2042/2743 4530/2040/2741 4529/2041/2742
f 4530/2040/2741 4523/2037/2738 4531/2038/3275
f 4531/2038/3275 4529/2041/2742 4530/2040/2741
f 4531/2038/3275 4523/2037/2738 4524/2039/3273
f 4531/2038/3275 4524/2039/3273 4529/2041/2742
f 4529/2041/2742 4524/2039/3273 4527/2043/2744
f 4524/2039/3273 4525/2045/3274 4527/2043/2744
f 4534/2046/2747 4532/2047/3276 4533/2048/2749
f 4536/2049/3277 4533/2048/2749 4532/2047/3276 4535/2050/2751
f 4538/2051/3278 4583/2052/2753 4533/2048/2749 4536/2049/3277
f 4537/2053/3279 4536/2049/3277 4539/2054/2755
f 4537/2053/3279 4538/2051/3278 4536/2049/3277
f 4541/2055/2756 4537/2053/3279 4539/2054/2755
f 4540/2056/3280 4539/2054/2755 4542/2057/3281
f 4544/2058/3282 4541/2055/2756 4539/2054/2755 4540/2056/3280
f 4541/2055/2756 4546/2059/3283 4537/2053/3279
f 4541/2055/2756 4543/2060/2761 4545/2061/3284
f 4543/2060/2761 4541/2055/2756 4544/2058/3282
f 4541/2055/2756 4545/2061/3284 4546/2059/3283
f 4547/2062/3285 4538/2051/3278 4546/2059/3283
f 4546/2059/3283 4538/2051/3278 4537/2053/3279
f 4545/2061/3284 4554/2063/3286 4548/2064/3287 4546/2059/3283
f 4549/2065/2766 4547/2062/3285 4546/2059/3283
f 4546/2059/3283 4548/2064/3287 4549/2065/2766
f 4547/2062/3285 4549/2065/2766 4550/2066/3288
f 4551/2067/2768 4549/2065/2766 4548/2064/3287
f 4550/2066/3288 4549/2065/2766 4551/2067/2768
f 4552/2068/2769 4550/2066/3288 4551/2067/2768
f 4553/2097/2798 4552/2068/2769 4551/2067/2768
f 4553/2097/2798 4551/2067/2768 4548/2064/3287 4554/2063/3286
f 4554/2063/3286 4555/2098/3289 4553/2097/2798
f 4552/2068/2769 4553/2097/2798 4556/2070/3290
f 4553/2097/2798 4557/2072/3291 4556/2070/3290
f 4558/2069/3292 4556/2070/3290 4557/2072/3291
f 4559/2073/2774 4558/2069/3292 4557/2072/3291
f 4560/2078/3293 4558/2069/3292 4559/2073/2774
f 4560/2078/3293 4559/2073/2774 4561/2082/3294
f 4562/2081/2782 4560/2078/3293 4561/2082/3294
f 4562/2081/2782 4563/2080/3295 4560/2078/3293
f 4563/2080/3295 4564/2079/2780 4560/2078/3293
f 4564/2079/2780 4565/2077/2778 4560/2078/3293
f 4565/2077/2778 4566/2075/3296 4558/2069/3292
f 4560/2078/3293 4565/2077/2778 4558/2069/3292
f 4567/2074/2775 4558/2069/3292 4566/2075/3296
f 4568/2086/2787 4570/2085/2786 4567/2074/2775
f 4558/2069/3292 4567/2074/2775 4569/2076/3297
f 4567/2074/2775 4570/2085/2786 4569/2076/3297
f 4569/2076/3297 4570/2085/2786 4571/2084/3298
f 4571/2084/3298 4572/2083/3299 4569/2076/3297
f 4572/2083/3299 4573/2087/3300 4574/2071/2772
f 4569/2076/3297 4572/2083/3299 4574/2071/2772
f 4573/2087/3300 4575/2088/3301 4574/2071/2772
f 4575/2088/3301 4547/2062/3285 4574/2071/2772
f 4574/2071/2772 4547/2062/3285 4558/2069/3292
f 4569/2076/3297 4574/2071/2772 4558/2069/3292
f 4576/2089/3302 4575/2088/3301 4573/2087/3300
f 4577/2090/2791 4575/2088/3301 4576/2089/3302
f 4575/2088/3301 4577/2090/2791 4547/2062/3285
f 4547/2062/3285 4577/2090/2791 4578/2091/2792
f 4579/2092/3303 4547/2062/3285 4578/2091/2792
f 4580/2093/3304 4581/2094/2795 4579/2092/3303
f 4579/2092/3303 4581/2094/2795 4547/2062/3285
f 4583/2052/2753 4547/2062/3285 4581/2094/2795 4582/2095/2796
f 4583/2052/2753 4584/2096/2797 4533/2048/2749
f 4547/2062/3285 4583/2052/2753 4538/2051/3278
f 4558/2069/3292 4547/2062/3285 4550/2066/3288
f 4558/2069/3292 4550/2066/3288 4556/2070/3290
f 4556/2070/3290 4550/2066/3288 4552/2068/2769
f 4585/2099/2800 4554/2063/3286 4545/2061/3284
f 4586/957/1744 4590/961/3305 4587/958/1745
f 4586/957/1744 4587/958/1745 4591/959/1746
f 4588/962/3306 4590/961/3305 4586/957/1744
f 4589/960/1747 4586/957/1744 4591/959/1746
f 4591/959/1746 4587/958/1745 4592/966/3307
f 4591/959/1746 4592/966/3307 4594/965/1752 4593/967/1754
f 4595/964/1751 4594/965/1752 4592/966/3307 4590/961/3305
f 4590/961/3305 4588/962/3306 4596/963/2804 4595/964/1751
f 4590/961/3305 4592/966/3307 4587/958/1745
f 4598/972/1759 4597/973/1757 4599/974/1756 4610/975/2807
f 4600/976/1761 4597/970/1757 4598/977/1759
f 4603/968/3308 4599/969/1756 4597/970/1757 4601/971/3309
f 4601/971/3309 4597/970/1757 4600/976/1761 4602/978/2808
f 4604/979/1763 4599/969/1756 4603/968/3308
f 4602/978/2808 4606/980/2810 4607/981/1765 4605/982/1766
f 4606/980/2810 4602/978/2808 4600/976/1761
f 4608/983/1767 4607/981/1765 4606/980/2810 4600/984/1761
f 4609/985/2809 4608/983/1767 4600/984/1761 4598/972/1759
f 4609/985/2809 4598/972/1759 4610/975/2807
f 4613/990/3310 4611/991/1772 4612/992/1773 4621/993/1774
f 4611/991/1772 4614/994/2812 4612/992/1773
f 4613/986/3310 4615/987/3311 4614/988/2812 4611/989/1772
f 4616/999/3312 4614/988/2812 4615/987/3311
f 4616/1000/3312 4617/996/1776 4614/994/2812
f 4619/995/1775 4612/992/1773 4614/994/2812 4617/996/1776
f 4617/996/1776 4616/999/3312 4615/987/3311 4618/997/2813
f 4619/995/1775 4617/996/1776 4618/997/2813 4620/998/1778
f 4624/1009/2818 4622/1003/2816 4623/1010/2817 4631/1011/2819
f 4633/1005/1784 4623/1006/2817 4622/1007/2816 4625/1008/3313
f 4626/1004/1783 4622/1003/2816 4624/1009/2818 4627/1012/2820
f 4628/1001/1780 4625/1002/3313 4622/1003/2816 4626/1004/1783
f 4630/1013/3314 4632/1015/3315 4629/1017/1792 4627/1012/2820
f 4627/1012/2820 4624/1009/2818 4630/1013/3314
f 4634/1014/3316 4632/1015/3315 4630/1013/3314 4631/1016/2819
f 4631/1011/2819 4630/1013/3314 4624/1009/2818
f 4634/1014/3316 4633/1005/1784 4632/1015/3315
f 4633/1005/1784 4634/1014/3316 4631/1016/2819 4623/1006/2817
f 4637/1018/1793 4635/1019/1794 4636/1020/2824
f 4637/1018/1793 4638/1021/1796 4635/1019/1794
f 4639/1022/1797 4640/1023/1798 4638/1021/1796
f 4639/1022/1797 4638/1021/1796 4637/1018/1793
f 4640/1023/1798 4645/1024/1799 4638/1021/1796
f 4642/1026/1801 4638/1021/1796 4641/1025/1800
f 4645/1024/1799 4641/1025/1800 4638/1021/1796
f 4646/1027/1802 4638/1021/1796 4642/1026/1801
f 4643/1028/1803 4644/1029/1804 4638/1021/1796
f 4646/1027/1802 4643/1028/1803 4638/1021/1796
f 4651/1038/2829 4646/1027/1802 4647/1041/1816
f 4647/1041/1816 4646/1027/1802 4642/1026/1801
f 4646/1027/1802 4648/1031/3317 4643/1028/1803
f 4648/1031/3317 4646/1027/1802 4652/1032/3318
f 4649/1035/3319 4650/1034/2828 4646/1027/1802
f 4649/1035/3319 4646/1027/1802 4651/1038/2829
f 4650/1034/2828 4653/1033/3320 4646/1027/1802
f 4646/1027/1802 4653/1033/3320 4652/1032/3318
f 4650/1034/2828 4655/1036/1811 4654/1037/1812
f 4655/1036/1811 4650/1034/2828 4649/1035/3319
f 4657/1039/3321 4655/1036/1811 4656/1040/3322
f 4655/1036/1811 4649/1035/3319 4656/1040/3322
f 4657/1039/3321 4656/1040/3322 4649/1035/3319
f 4643/1028/1803 4648/1031/3317 4658/1030/3323
f 4658/1030/3323 4644/1029/1804 4643/1028/1803
f 4647/1041/1816 4642/1026/1801 4659/1042/1817
f 4659/1042/1817 4642/1026/1801 4660/1043/1818
f 4660/1043/1818 4642/1026/1801 4661/1044/1819
f 4662/1046/1821 4645/1024/1799 4640/1023/1798
f 4641/1025/1800 4663/1045/3324 4642/1026/1801
f 4665/1047/3325 4669/1050/3326 4666/1051/1826 4664/1048/2833
f 4665/1047/3325 4664/1048/2833 4667/1049/1824
f 4672/1053/2835 4670/1054/2836 4666/1051/1826 4668/1052/1827
f 4668/1052/1827 4666/1051/1826 4669/1050/3326
f 4670/1054/2836 4671/1055/3327 4673/1056/3328
f 4670/1054/2836 4672/1053/2835 4671/1055/3327
f 4674/1057/1832 4673/1056/3328 4671/1055/3327
f 4673/1056/3328 4674/1057/1832 4675/1058/1833
f 4676/1059/1834 4675/1058/1833 4674/1057/1832 4678/1060/3329
f 4676/1059/1834 4677/1061/1836 4675/1058/1833
f 4680/1062/1837 4679/1063/1837 4676/1059/1834 4678/1060/3329
f 4678/1060/3329 4682/1064/1838 4681/1065/3330
f 4682/1064/1838 4678/1060/3329 4674/1057/1832
f 4682/1064/1838 4672/1053/2835 4683/1066/3331
f 4672/1053/2835 4682/1064/1838 4671/1055/3327
f 4674/1057/1832 4671/1055/3327 4682/1064/1838
f 4683/1066/3331 4684/1067/1841 4682/1064/1838
f 4681/1065/3330 4682/1064/1838 4684/1067/1841 4685/1068/3332
f 4686/1069/3333 4672/1053/2835 4668/1052/1827
f 4688/1073/1847 4687/1074/1844 4689/1075/3334
f 4687/1070/1844 4691/1071/2839 4689/1072/3334
f 4691/1071/2839 4687/1070/1844 4690/1076/3335
f 4692/1077/1849 4700/1078/1850 4689/1072/3334 4691/1071/2839
f 4692/1077/1849 4691/1071/2839 4693/1079/3336 4694/1080/2842
f 4691/1071/2839 4690/1076/3335 4693/1079/3336
f 4694/1080/2842 4693/1079/3336 4695/1081/2843
f 4695/1081/2843 4693/1079/3336 4696/1082/3337
f 4690/1076/3335 4696/1082/3337 4693/1079/3336
f 4696/1082/3337 4697/1083/1855 4695/1081/2843
f 4698/1084/3338 4699/1085/2845 4697/1083/1855
f 4697/1083/1855 4699/1085/2845 4695/1081/2843
f 4699/1085/2845 4700/1086/1850 4692/1087/1849
f 4699/1085/2845 4701/1088/1858 4700/1086/1850
f 4702/1089/1859 4701/1088/1858 4699/1085/2845
f 4699/1085/2845 4698/1084/3338 4702/1089/1859
f 4699/1085/2845 4694/1080/2842 4695/1081/2843
f 4699/1085/2845 4692/1087/1849 4694/1080/2842
f 4700/1086/1850 4701/1088/1858 4688/1073/1847 4689/1075/3334
f 4705/1090/3339 4703/1091/2846 4704/1092/1862
f 4705/1090/3339 4706/1093/3340 4703/1091/2846
f 4708/1094/1864 4707/1095/1865 4706/1093/3340 4705/1090/3339
f 4708/1094/1864 4710/1096/2847 4709/1097/3341 4707/1095/1865
f 4709/1097/3341 4710/1096/2847 4711/1098/1868
f 4711/1098/1868 4713/1099/3342 4712/1100/1870 4709/1097/3341
f 4712/1100/1870 4713/1099/3342 4714/1101/2851
f 4714/1101/2851 4713/1099/3342 4715/1102/1872
f 4714/1101/2851 4715/1102/1872 4716/1103/1873
f 4716/1103/1873 4717/1104/1874 4704/1105/1862
f 4716/1103/1873 4715/1102/1872 4717/1104/1874
f 4704/1105/1862 4717/1104/1874 4718/1107/3343
f 4719/1106/1875 4718/1107/3343 4717/1104/1874
f 4720/1108/1877 4719/1106/1875 4717/1104/1874
f 4717/1104/1874 4715/1102/1872 4720/1108/1877
f 4711/1098/1868 4710/1096/2847 4719/1109/1875 4720/1110/1877
f 4711/1098/1868 4720/1108/1877 4715/1102/1872 4713/1099/3342
f 4708/1094/1864 4719/1109/1875 4710/1096/2847
f 4708/1111/1864 4705/1112/3339 4718/1107/3343 4719/1106/1875
f 4718/1107/3343 4705/1112/3339 4704/1105/1862
f 4721/1113/2852 4724/1114/1879 4722/1115/2853
f 4723/1116/3344 4721/1117/2852 4722/1118/2853
f 4733/1119/1882 4722/1115/2853 4724/1114/1879 4725/1120/1883
f 4725/1120/1883 4724/1114/1879 4726/1121/1884 4731/1122/1885
f 4727/1123/3345 4726/1121/1884 4724/1114/1879
f 4726/1121/1884 4727/1123/3345 4728/1124/2854
f 4729/1125/3346 4726/1121/1884 4728/1124/2854
f 4726/1121/1884 4729/1125/3346 4730/1126/2856 4731/1122/1885
f 4731/1122/1885 4730/1126/2856 4732/1127/1890 4734/1128/3347
f 4733/1129/1882 4732/1127/1890 4723/1116/3344 4722/1118/2853
f 4733/1129/1882 4734/1128/3347 4732/1127/1890
f 4725/1130/1883 4731/1122/1885 4734/1128/3347
f 4725/1130/1883 4734/1128/3347 4733/1129/1882
f 4736/1131/1892 4747/1134/1895 4737/1135/1896 4735/1132/3348
f 4736/1131/1892 4735/1132/3348 4738/1133/1894
f 4736/1144/1892 4738/1145/1894 4739/1142/1903
f 4739/1142/1903 4741/1143/1904 4742/1141/1902 4740/1140/1901
f 4736/1144/1892 4739/1142/1903 4740/1140/1901 4747/1134/1895
f 4742/1141/1902 4743/1137/3349 4740/1140/1901
f 4744/1136/2858 4743/1137/3349 4745/1138/2860 4737/1135/1896
f 4743/1137/3349 4744/1136/2858 4740/1140/1901
f 4737/1135/1896 4745/1138/2860 4746/1139/3350
f 4747/1134/1895 4740/1140/1901 4744/1136/2858
f 4737/1135/1896 4747/1134/1895 4744/1136/2858
f 4750/1146/3351 4748/1147/3352 4749/1148/3353
f 4751/1149/3354 4748/1147/3352 4750/1146/3351
f 4752/1150/1909 4751/1149/3354 4750/1146/3351 4753/1151/1910
f 4753/1151/1910 4755/1152/1911 4754/1153/1912 4752/1150/1909
f 4755/1152/1911 4758/1154/1913 4756/1155/3355 4754/1153/1912
f 4758/1154/1913 4757/1156/2867 4756/1155/3355
f 4755/1152/1911 4759/1157/3356 4758/1154/1913
f 4759/1157/3356 4750/1158/3351 4749/1159/3353
f 4753/1160/1910 4750/1158/3351 4759/1157/3356 4755/1152/1911
f 4762/1161/1917 4760/1162/1918 4761/1163/1919
f 4763/1164/2870 4762/1161/1917 4761/1163/1919 4764/1165/1921
f 4765/1166/1922 4763/1164/2870 4764/1165/1921 4768/1167/1923
f 4768/1167/1923 4769/1168/1924 4766/1169/2872 4765/1166/1922
f 4766/1169/2872 4767/1170/3357 4765/1166/1922
f 4769/1168/1924 4770/1171/1927 4771/1172/1928 4766/1169/2872
f 4770/1171/1927 4773/1173/2875 4771/1172/1928
f 4772/1174/1930 4774/1175/1930 4773/1173/2875 4770/1171/1927
f 4771/1172/1928 4773/1173/2875 4775/1176/1931
f 4776/1177/3358 4771/1172/1928 4775/1176/1931
f 4766/1169/2872 4771/1172/1928 4776/1177/3358
f 4767/1170/3357 4766/1169/2872 4776/1177/3358
f 4781/1178/1933 4777/1179/3359 4778/1180/1935
f 4780/1182/1937 4777/1179/3359 4779/1181/2878
f 4781/1178/1933 4779/1181/2878 4777/1179/3359
f 4780/1182/1937 4779/1181/2878 4783/1183/3360
f 4782/1188/1943 4780/1182/1937 4786/1187/3361
f 4784/1184/1939 4780/1182/1937 4783/1183/3360
f 4789/1185/1940 4785/1186/1941 4780/1182/1937 4784/1184/1939
f 4786/1187/3361 4780/1182/1937 4785/1186/1941
f 4786/1187/3361 4787/1189/2880 4788/1190/2880 4782/1188/1943
f 4784/1184/1939 4791/1191/3362 4789/1185/1940
f 4791/1191/3362 4790/1192/3363 4789/1185/1940
f 4792/1193/1947 4793/1194/1947 4790/1192/3363 4791/1191/3362
f 4797/1195/1948 4795/1196/3364 4794/1197/1950
f 4796/1198/1951 4794/1197/1950 4795/1196/3364
f 4797/1195/1948 4794/1197/1950 4798/1199/3365
f 4797/1195/1948 4798/1199/3365 4799/1200/3366
f 4800/1201/1954 4797/1195/1948 4799/1200/3366
f 4801/1202/1955 4797/1195/1948 4800/1201/1954
f 4802/1203/542 4806/1204/1956 4803/1205/2885 4801/1202/1955
f 4803/1205/2885 4797/1195/1948 4801/1202/1955
f 4803/1205/2885 4804/1245/3367 4845/1246/1996 4797/1195/1948
f 4805/1244/3368 4804/1245/3367 4803/1205/2885
f 4806/1204/1956 4805/1244/3368 4803/1205/2885
f 4806/1204/1956 4802/1203/542 4807/1206/2886
f 4806/1204/1956 4807/1206/2886 4808/1208/1960
f 4835/1209/1961 4809/1210/2888 4808/1208/1960 4807/1206/2886
f 4809/1210/2888 4810/1243/1993 4808/1208/1960
f 4812/1242/3369 4810/1243/1993 4809/1210/2888
f 4812/1242/3369 4811/1240/1990 4810/1243/1993
f 4813/1241/1991 4811/1240/1990 4812/1242/3369
f 4813/1241/1991 4812/1242/3369 4809/1210/2888
f 4815/1238/1988 4811/1240/1990 4813/1241/1991
f 4814/1227/3370 4815/1238/1988 4813/1241/1991
f 4814/1227/3370 4813/1241/1991 4809/1210/2888
f 4816/1237/1987 4815/1238/1988 4814/1227/3370
f 4815/1238/1988 4816/1237/1987 4817/1239/1989
f 4814/1227/3370 4818/1229/1980 4816/1237/1987
f 4818/1229/1980 4819/1235/1985 4816/1237/1987
f 4820/1234/3371 4819/1235/1985 4818/1229/1980
f 4820/1234/3371 4821/1236/1986 4819/1235/1985
f 4822/1233/2896 4820/1234/3371 4818/1229/1980
f 4823/1232/2895 4822/1233/2896 4818/1229/1980
f 4824/1228/1979 4823/1232/2895 4818/1229/1980
f 4824/1228/1979 4818/1229/1980 4814/1227/3370 4825/1226/2892
f 4827/1230/1981 4826/1231/1981 4824/1228/1979 4825/1226/2892
f 4828/1225/1976 4825/1226/2892 4814/1227/3370
f 4814/1227/3370 4830/1215/3372 4828/1225/1976
f 4828/1225/1976 4830/1215/3372 4829/1224/2891
f 4831/1213/1965 4832/1214/1966 4830/1215/3372
f 4830/1215/3372 4835/1209/1961 4831/1213/1965
f 4830/1215/3372 4832/1214/1966 4833/1217/1969
f 4830/1215/3372 4814/1227/3370 4809/1210/2888 4835/1209/1961
f 4830/1215/3372 4833/1217/1969 4838/1220/1972 4834/1221/3373
f 4830/1215/3372 4834/1221/3373 4829/1224/2891
f 4836/1211/1963 4835/1209/1961 4807/1206/2886 4837/1212/1964
f 4831/1213/1965 4835/1209/1961 4836/1211/1963
f 4839/1222/1974 4834/1221/3373 4838/1220/1972 4840/1223/1974
f 4833/1217/1969 4841/1219/1971 4838/1220/1972
f 4842/1218/1970 4833/1217/1969 4832/1214/1966
f 4843/1216/1968 4832/1214/1966 4831/1213/1965
f 4807/1206/2886 4802/1203/542 4844/1207/1959
f 4846/1247/1997 4847/1248/1998 4850/1249/1999 4848/1250/2000
f 4849/1251/2903 4846/1247/1997 4848/1250/2000
f 4866/1252/3374 4851/1253/3375 4850/1249/1999 4847/1248/1998
f 4851/1253/3375 4852/1326/2938 4850/1249/1999
f 4853/1325/2075 4852/1326/2938 4851/1253/3375
f 4855/1327/3376 4854/1328/2078 4852/1326/2938 4853/1325/2075
f 4856/1329/2940 4854/1328/2078 4855/1327/3376
f 4853/1325/2075 4851/1253/3375 4859/1322/2936 4857/1321/2935
f 4857/1321/2935 4858/1319/3377 4860/1324/2937
f 4857/1321/2935 4859/1322/2936 4861/1316/2066 4858/1319/3377
f 4862/1310/2925 4861/1316/2066 4859/1322/2936
f 4859/1322/2936 4851/1253/3375 4862/1310/2925
f 4862/1310/2925 4851/1253/3375 4866/1252/3374
f 4863/1306/2056 4864/1309/2059 4862/1310/2925
f 4862/1310/2925 4866/1252/3374 4863/1306/2056
f 4865/1312/2941 4862/1310/2925 4864/1309/2059
f 4865/1312/2941 4861/1316/2066 4862/1310/2925
f 4847/1248/1998 4920/1254/3378 4867/1255/2005 4866/1252/3374
f 4870/1267/2017 4866/1252/3374 4867/1255/2005
f 4863/1306/2056 4866/1252/3374 4871/1305/2924
f 4871/1305/2924 4866/1252/3374 4868/1304/2923
f 4869/1303/2053 4868/1304/2923 4866/1252/3374
f 4869/1303/2053 4866/1252/3374 4870/1267/2017
f 4872/1308/2058 4873/1307/2057 4871/1305/2924
f 4863/1306/2056 4871/1305/2924 4873/1307/2057
f 4867/1255/2005 4874/1256/2006 4870/1267/2017
f 4875/1265/3379 4870/1267/2017 4874/1256/2006 4910/1263/2013
f 4909/1269/3380 4876/1270/3381 4870/1267/2017 4875/1265/3379
f 4877/1274/2024 4870/1267/2017 4876/1270/3381
f 4878/1278/2915 4870/1267/2017 4877/1274/2024
f 4879/1284/2034 4870/1267/2017 4878/1278/2915
f 4869/1303/2053 4870/1267/2017 4879/1284/2034
f 4880/1283/2918 4879/1284/2034 4878/1278/2915
f 4881/1286/3382 4879/1284/2034 4880/1283/2918
f 4882/1288/2038 4879/1284/2034 4881/1286/3382
f 4883/1292/2922 4879/1284/2034 4882/1288/2038
f 4882/1288/2038 4885/1290/2040 4884/1291/2921 4883/1292/2922
f 4886/1289/3383 4885/1290/2040 4882/1288/2038
f 4886/1289/3383 4882/1288/2038 4881/1286/3382
f 4880/1283/2918 4887/1287/3384 4881/1286/3382
f 4888/1285/3385 4887/1287/3384 4880/1283/2918
f 4889/1282/3386 4888/1285/3385 4880/1283/2918
f 4889/1282/3386 4890/1293/2043 4888/1285/3385
f 4889/1282/3386 4891/1294/2044 4890/1293/2043
f 4894/1295/2045 4892/1296/3387 4891/1294/2044
f 4893/1297/2047 4891/1294/2044 4889/1282/3386
f 4894/1295/2045 4891/1294/2044 4893/1297/2047
f 4893/1297/2047 4889/1282/3386 4895/1281/2031
f 4878/1278/2915 4896/1279/2029 4895/1281/2031 4889/1282/3386
f 4897/1298/2048 4895/1281/2031 4896/1279/2029
f 4898/1299/2049 4899/1300/2050 4897/1298/2048
f 4898/1299/2049 4897/1298/2048 4896/1279/2029
f 4900/1301/2051 4897/1298/2048 4899/1300/2050
f 4901/1302/2052 4899/1300/2050 4898/1299/2049
f 4896/1279/2029 4878/1278/2915 4902/1280/3388
f 4878/1278/2915 4904/1277/2913 4902/1280/3388
f 4902/1280/3388 4904/1277/2913 4903/1276/2912
f 4877/1274/2024 4904/1277/2913 4878/1278/2915
f 4903/1276/2912 4904/1277/2913 4877/1274/2024 4905/1275/2025
f 4905/1275/2025 4877/1274/2024 4906/1273/2023
f 4906/1273/2023 4877/1274/2024 4876/1270/3381 4907/1272/3389
f 4909/1269/3380 4908/1271/2021 4907/1272/3389
f 4907/1272/3389 4876/1270/3381 4909/1269/3380
f 4908/1271/2021 4909/1269/3380 4875/1265/3379
f 4889/1282/3386 4880/1283/2918 4878/1278/2915
f 4911/1264/2907 4875/1265/3379 4910/1263/2013 4913/1266/2016
f 4875/1265/3379 4911/1264/2907 4912/1268/2908
f 4914/1262/3390 4910/1263/2013 4874/1256/2006
f 4874/1256/2006 4915/1258/2008 4914/1262/3390
f 4916/1257/2007 4915/1258/2008 4874/1256/2006
f 4916/1257/2007 4917/1261/2011 4915/1258/2008
f 4916/1257/2007 4918/1260/2010 4917/1261/2011
f 4916/1257/2007 4919/1259/3391 4918/1260/2010
f 4874/1256/2006 4920/1254/3378 4916/1257/2007
f 4874/1256/2006 4867/1255/2005 4920/1254/3378
f 4923/1315/3392 4865/1312/2941 4864/1309/2059
f 4865/1312/2941 4921/1317/2934 4861/1316/2066
f 4921/1317/2934 4865/1312/2941 4922/1318/2929
f 4922/1318/2929 4865/1312/2941 4923/1315/3392
f 4924/1314/3393 4923/1315/3392 4864/1309/2059
f 4923/1315/3392 4924/1314/3393 4926/1342/2092
f 4925/1339/2089 4923/1315/3392 4927/1340/2928
f 4929/1338/2088 4922/1318/2929 4923/1315/3392 4925/1339/2089
f 4926/1342/2092 4927/1340/2928 4923/1315/3392
f 4927/1340/2928 4928/1341/2091 4925/1339/2089
f 4930/1336/2086 4922/1318/2929 4929/1338/2088
f 4932/1331/3394 4922/1318/2929 4930/1336/2086
f 4931/1335/2085 4932/1331/3394 4930/1336/2086
f 4934/1333/3395 4932/1331/3394 4933/1334/2930
f 4932/1331/3394 4931/1335/2085 4933/1334/2930
f 4935/1337/2087 4932/1331/3394 4934/1333/3395
f 4936/1332/2082 4937/1330/2080 4932/1331/3394
f 4932/1331/3394 4937/1330/2080 4922/1318/2929
f 4922/1318/2929 4937/1330/2080 4938/1320/3396
f 4858/1319/3377 4921/1317/2934 4938/1320/3396
f 4921/1317/2934 4922/1318/2929 4938/1320/3396
f 4939/1323/2073 4858/1319/3377 4938/1320/3396
f 4940/1313/3397 4924/1314/3393 4864/1309/2059
f 4864/1309/2059 4941/1311/2061 4940/1313/3397
f 4863/1306/2056 4941/1311/2061 4864/1309/2059
f 4861/1316/2066 4921/1317/2934 4858/1319/3377
f 4944/1343/3398 4942/1344/2942 4943/1345/2095
f 4946/1346/3399 4945/1347/2097 4942/1344/2942 4944/1343/3398
f 4945/1347/2097 4946/1346/3399 4947/1348/2098
f 4951/1351/3400 4948/1352/2102 4947/1348/2098 4950/1350/2944
f 4949/1349/2099 4950/1350/2944 4947/1348/2098
f 4949/1349/2099 4947/1348/2098 4946/1346/3399
f 4949/1354/2099 4952/1355/2104 4951/1351/3400 4950/1350/2944
f 4948/1352/2102 4951/1351/3400 4953/1353/2947
f 4946/1356/3399 4944/1357/3398 4952/1355/2104 4949/1354/2099
f 4943/1358/2095 4952/1355/2104 4944/1357/3398
f 4956/1359/2105 4954/1360/2106 4955/1361/2949
f 4956/1362/2105 4958/1363/2108 4957/1364/2109 4954/1365/2106
f 4958/1363/2108 4956/1362/2105 4959/1366/2951
f 4961/1367/2111 4960/1368/3401 4958/1363/2108 4959/1366/2951
f 4961/1367/2111 4962/1369/3402 4960/1368/3401
f 4963/1370/2950 4962/1369/3402 4961/1367/2111
f 4962/1369/3402 4963/1370/2950 4955/1361/2949
f 4959/1366/2951 4956/1359/2105 4963/1370/2950 4961/1367/2111
f 4955/1361/2949 4963/1370/2950 4956/1359/2105
f 4964/1371/2115 4966/1372/3403 4974/1373/2117 4965/1374/2118
f 4969/1375/2119 4966/1372/3403 4964/1371/2115 4967/1376/2120
f 4970/1377/2955 4969/1375/2119 4967/1376/2120 4968/1378/2122
f 4966/1391/3403 4969/1385/2119 4973/1387/2130
f 4971/1380/2124 4969/1385/2119 4970/1377/2955
f 4972/1384/2128 4969/1385/2119 4971/1380/2124
f 4973/1387/2130 4969/1385/2119 4972/1384/2128
f 4975/1386/2129 4974/1390/2117 4973/1387/2130
f 4973/1387/2130 4974/1390/2117 4966/1391/3403
f 4975/1386/2129 4973/1387/2130 4972/1384/2128
f 4975/1386/2129 4976/1388/2131 4965/1389/2118 4974/1390/2117
f 4972/1384/2128 4971/1380/2124 4978/1379/2957 4977/1383/2127
f 4980/1381/3404 4979/1382/2126 4977/1383/2127 4978/1379/2957
f 4978/1379/2957 4968/1378/2122 4980/1381/3404
f 4978/1379/2957 4971/1380/2124 4970/1377/2955 4968/1378/2122
f 4984/1395/2135 4985/1396/2136 4982/1394/2134 4981/1393/2133
f 4983/1392/2958 4981/1393/2133 4982/1394/2134
f 4985/1396/2136 4984/1395/2135 4986/1397/2137
f 4986/1397/2137 4984/1395/2135 4987/1474/3405
f 4987/1474/3405 4984/1395/2135 4988/1476/3406
f 4991/1475/2215 4987/1474/3405 4988/1476/3406 4989/1477/3407
f 4990/1478/2960 4989/1477/3407 4988/1476/3406
f 4987/1474/3405 4993/1470/2961 4992/1469/3408
f 4992/1469/3408 4986/1397/2137 4987/1474/3405
f 4993/1470/2961 4994/1466/3409 4992/1469/3408
f 4993/1470/2961 4995/1471/2211 4996/1467/2207 4994/1466/3409
f 4996/1467/2207 4995/1471/2211 4997/1472/3410
f 4998/1473/2213 4996/1467/2207 4997/1472/3410
f 4996/1467/2207 4998/1473/2213 4999/1465/3411
f 5000/1464/3412 4999/1465/3411 5001/1462/2966
f 4999/1465/3411 5000/1464/3412 4994/1466/3409 4996/1467/2207
f 5000/1464/3412 5001/1462/2966 5002/1457/2197
f 5003/1460/3413 5002/1457/2197 5001/1462/2966
f 5006/1454/2194 5002/1457/2197 5003/1460/3413
f 5004/1458/3414 5006/1454/2194 5003/1460/3413
f 5005/1463/2203 5004/1458/3414 5003/1460/3413
f 5006/1454/2194 5009/1453/2968 5007/1456/3415
f 5006/1454/2194 5007/1456/3415 5002/1457/2197
f 5004/1458/3414 5008/1459/2199 5006/1454/2194
f 5014/1461/2970 5010/1451/2191 5006/1454/2194 5008/1459/2199
f 5010/1451/2191 5011/1452/3416 5009/1453/2968 5006/1454/2194
f 5010/1451/2191 5012/1449/2189 5011/1452/3416
f 5013/1431/2171 5012/1449/2189 5010/1451/2191
f 5013/1431/2171 5010/1451/2191 5014/1461/2970
f 5013/1431/2171 5015/1448/2973 5012/1449/2189
f 5015/1448/2973 5013/1431/2171 5016/1447/2187
f 5013/1431/2171 5017/1440/2974 5016/1447/2187
f 5013/1431/2171 5018/1434/2174 5017/1440/2974
f 5019/1432/2172 5018/1434/2174 5013/1431/2171
f 5013/1431/2171 5021/1430/2170 5019/1432/2172
f 5020/1429/2984 5021/1430/2170 5013/1431/2171
f 5021/1430/2170 5022/1428/2168 5024/1433/2983 5019/1432/2172
f 5020/1429/2984 5022/1428/2168 5021/1430/2170
f 5023/1426/3417 5022/1428/2168 5020/1429/2984 5067/1427/3418
f 5024/1433/2983 5022/1428/2168 5023/1426/3417 5025/1425/2165
f 5024/1433/2983 5025/1425/2165 5026/1435/2979
f 5024/1433/2983 5026/1435/2979 5019/1432/2172
f 5028/1436/2176 5027/1437/2177 5026/1435/2979
f 5027/1437/2177 5018/1434/2174 5026/1435/2979
f 5018/1434/2174 5019/1432/2172 5026/1435/2979
f 5026/1435/2979 5025/1425/2165 5029/1438/3419
f 5028/1436/2176 5026/1435/2979 5029/1438/3419
f 5029/1438/3419 5031/1421/3420 5030/1419/2159
f 5028/1436/2176 5029/1438/3419 5030/1419/2159
f 5025/1425/2165 5031/1421/3420 5029/1438/3419
f 5031/1421/3420 5025/1425/2165 5023/1426/3417 5032/1424/2164
f 5033/1422/3421 5031/1421/3420 5032/1424/2164
f 5030/1419/2159 5031/1421/3420 5033/1422/3421 5034/1417/3422
f 5034/1417/3422 5033/1422/3421 5035/1423/3423
f 5034/1417/3422 5036/1418/2158 5038/1416/3424 5030/1419/2159
f 5036/1418/2158 5034/1417/3422 5037/1420/2160
f 5030/1419/2159 5038/1416/3424 5040/1415/2155
f 5040/1415/2155 5038/1416/3424 5039/1414/3425
f 5040/1415/2155 5039/1414/3425 5041/1409/2149
f 5030/1419/2159 5040/1415/2155 5041/1409/2149
f 5042/1439/2977 5041/1409/2149 5043/1407/2147 5058/1442/3426
f 5028/1436/2176 5041/1409/2149 5042/1439/2977
f 5041/1409/2149 5046/1408/2148 5043/1407/2147
f 5041/1409/2149 5045/1411/3427 5044/1410/3428
f 5046/1408/2148 5041/1409/2149 5044/1410/3428
f 5041/1409/2149 5039/1414/3425 5045/1411/3427
f 5030/1419/2159 5041/1409/2149 5028/1436/2176
f 5043/1407/2147 5046/1408/2148 5047/1405/3429
f 5043/1407/2147 5047/1405/3429 5048/1402/3430
f 5048/1402/3430 5047/1405/3429 5049/1404/2995
f 5047/1405/3429 5050/1406/3431 5049/1404/2995
f 5051/1403/3432 5048/1402/3430 5049/1404/2995
f 5052/1401/2141 5048/1402/3430 5051/1403/3432
f 5054/1400/2140 5052/1401/2141 5053/1399/2999
f 5052/1401/2141 5054/1400/2140 5048/1402/3430
f 5054/1400/2140 5055/1398/3000 4986/1397/2137
f 5054/1400/2140 5053/1399/2999 5055/1398/3000
f 5043/1407/2147 5048/1402/3430 5054/1400/2140
f 5054/1400/2140 4986/1397/2137 5043/1407/2147
f 5053/1399/2999 4985/1396/2136 5055/1398/3000
f 5055/1398/3000 4985/1396/2136 4986/1397/2137
f 5057/1412/2152 5045/1411/3427 5056/1413/2153
f 5044/1410/3428 5045/1411/3427 5057/1412/2152
f 5058/1442/3426 5043/1407/2147 4986/1397/2137 5060/1444/2184
f 5059/1441/2181 5058/1442/3426 5061/1443/2975
f 5059/1441/2181 5017/1440/2974 5042/1439/2977 5058/1442/3426
f 5058/1442/3426 5060/1444/2184 5061/1443/2975
f 5060/1444/2184 5062/1445/2185 5061/1443/2975
f 5061/1443/2975 5062/1445/2185 5063/1446/2186
f 5016/1447/2187 5059/1441/2181 5061/1443/2975
f 5061/1443/2975 5063/1446/2186 5016/1447/2187
f 5015/1448/2973 5063/1446/2186 5064/1450/2190
f 5062/1445/2185 5065/1455/2195 5064/1450/2190 5063/1446/2186
f 5016/1447/2187 5063/1446/2186 5015/1448/2973
f 5065/1455/2195 5009/1453/2968 5011/1452/3416 5064/1450/2190
f 5064/1450/2190 5011/1452/3416 5012/1449/2189
f 5015/1448/2973 5064/1450/2190 5012/1449/2189
f 5065/1455/2195 5062/1445/2185 4992/1469/3408
f 5065/1455/2195 4992/1469/3408 5066/1468/3002
f 5009/1453/2968 5065/1455/2195 5007/1456/3415
f 5007/1456/3415 5065/1455/2195 5066/1468/3002
f 4992/1469/3408 4994/1466/3409 5066/1468/3002
f 5002/1457/2197 5066/1468/3002 5000/1464/3412
f 4994/1466/3409 5000/1464/3412 5066/1468/3002
f 5007/1456/3415 5066/1468/3002 5002/1457/2197
f 5060/1444/2184 4986/1397/2137 4992/1469/3408 5062/1445/2185
f 5017/1440/2974 5059/1441/2181 5016/1447/2187
f 5018/1434/2174 5042/1439/2977 5017/1440/2974
f 5042/1439/2977 5027/1437/2177 5028/1436/2176
f 5042/1439/2977 5018/1434/2174 5027/1437/2177
f 5067/1427/3418 5032/1424/2164 5023/1426/3417
f 5070/1479/3433 5068/1480/3434 5069/1481/2221
f 5071/1482/3435 5068/1483/3434 5070/1484/3433
f 5070/1484/3433 5073/1502/2224 5072/1501/3436 5071/1482/3435
f 5072/1501/3436 5073/1502/2224 5074/1498/3437
f 5073/1502/2224 5075/1499/3438 5074/1498/3437
f 5077/1495/2231 5076/1496/2232 5074/1498/3437 5075/1499/3438
f 5077/1495/2231 5078/1490/2228 5076/1496/2232
f 5081/1489/3439 5079/1497/3440 5076/1496/2232 5078/1490/2228
f 5079/1497/3440 5080/1500/2236 5076/1496/2232
f 5080/1500/2236 5079/1497/3440 5081/1489/3439
f 5080/1500/2236 5081/1489/3439 5082/1492/2230
f 5081/1489/3439 5083/1488/2226 5082/1492/2230
f 5083/1488/2226 5081/1489/3439 5078/1490/2228 5085/1491/2229
f 5084/1487/3006 5086/1485/3005 5069/1481/2221 5083/1488/2226
f 5083/1488/2226 5085/1491/2229 5084/1487/3006
f 5084/1493/3006 5085/1494/2229 5078/1490/2228
f 5073/1502/2224 5086/1503/3005 5084/1493/3006
f 5084/1493/3006 5077/1495/2231 5075/1499/3438 5073/1502/2224
f 5077/1495/2231 5084/1493/3006 5078/1490/2228
f 5086/1485/3005 5073/1486/2224 5070/1479/3433 5069/1481/2221
f 5089/1504/3441 5087/1505/3442 5088/1506/2240
f 5090/1507/2241 5089/1504/3441 5088/1506/2240
f 5090/1507/2241 5088/1506/2240 5091/1508/3443
f 5091/1508/3443 5092/1509/2243 5090/1507/2241
f 5093/1510/2244 5090/1507/2241 5092/1509/2243
f 5092/1509/2243 5095/1511/3018 5094/1512/3444 5093/1510/2244
f 5097/1513/3445 5096/1514/3446 5094/1512/3444 5095/1511/3018
f 5096/1514/3446 5097/1513/3445 5098/1515/3447
f 5098/1515/3447 5097/1513/3445 5100/1517/2251
f 5100/1517/2251 5099/1520/2254 5098/1515/3447
f 5097/1513/3445 5101/1516/3024 5100/1517/2251
f 5102/1518/3448 5101/1516/3024 5097/1513/3445
f 5092/1509/2243 5102/1518/3448 5095/1511/3018
f 5102/1518/3448 5092/1509/2243 5103/1519/3449
f 5102/1518/3448 5097/1513/3445 5095/1511/3018
f 5104/1521/3026 5107/1522/3450 5119/1523/2257 5105/1524/3451
f 5106/1525/2259 5104/1521/3026 5105/1524/3451
f 5108/1526/2260 5104/1527/3026 5106/1528/2259
f 5104/1527/3026 5108/1526/2260 5111/1529/2261 5107/1530/3450
f 5109/1531/2262 5108/1526/2260 5110/1532/2263
f 5109/1531/2262 5111/1529/2261 5108/1526/2260
f 5108/1526/2260 5106/1528/2259 5110/1532/2263
f 5107/1522/3450 5111/1533/2261 5112/1534/3028
f 5111/1529/2261 5109/1531/2262 5114/1535/3452 5112/1534/3028
f 5107/1522/3450 5112/1534/3028 5113/1536/2266 5119/1523/2257
f 5112/1534/3028 5114/1535/3452 5115/1537/2267 5113/1536/2266
f 5109/1531/2262 5116/1538/3453 5114/1535/3452
f 5115/1537/2267 5114/1535/3452 5116/1538/3453 5118/1539/2269
f 5116/1538/3453 5109/1531/2262 5117/1540/3031
f 5117/1540/3031 5109/1531/2262 5110/1532/2263
f 5122/1541/3032 5120/1542/3033 5121/1543/2273
f 5121/1543/2273 5124/1544/3454 5123/1545/3035 5122/1541/3032
f 5125/1546/2276 5123/1545/3035 5124/1544/3454
f 5152/1547/3036 5126/1548/2278 5125/1546/2276 5124/1544/3454
f 5127/1549/2279 5125/1546/2276 5126/1548/2278
f 5127/1549/2279 5126/1548/2278 5128/1550/2280
f 5127/1549/2279 5128/1550/2280 5129/1551/2281
f 5128/1550/2280 5150/1552/2282 5130/1553/3038 5129/1551/2281
f 5130/1553/3038 5135/1554/3455 5131/1555/2285 5129/1551/2281
f 5132/1556/3456 5139/1557/3457 5133/1558/2288 5131/1555/2285
f 5135/1554/3455 5132/1556/3456 5131/1555/2285
f 5131/1555/2285 5133/1558/2288 5134/1559/3458
f 5130/1553/3038 5136/1568/2298 5135/1554/3455
f 5137/1567/3047 5138/1566/2296 5135/1554/3455
f 5135/1554/3455 5138/1566/2296 5132/1556/3456
f 5132/1556/3456 5138/1566/2296 5139/1557/3457
f 5139/1557/3457 5138/1566/2296 5140/1560/3041
f 5138/1566/2296 5141/1565/3459 5140/1560/3041
f 5141/1565/3459 5142/1563/3460 5140/1560/3041
f 5144/1561/3461 5140/1560/3041 5142/1563/3460
f 5143/1564/3462 5144/1561/3461 5142/1563/3460
f 5134/1559/3458 5140/1560/3041 5144/1561/3461
f 5134/1559/3458 5144/1561/3461 5145/1562/3463
f 5139/1557/3457 5140/1560/3041 5134/1559/3458 5133/1558/2288
f 5146/1569/3048 5136/1568/2298 5130/1553/3038
f 5147/1570/2300 5146/1569/3048 5130/1553/3038
f 5130/1553/3038 5148/1571/2301 5147/1570/2300
f 5149/1572/3464 5148/1571/2301 5150/1552/2282
f 5150/1552/2282 5148/1571/2301 5130/1553/3038
f 5150/1552/2282 5151/1573/2303 5153/1574/2304 5149/1572/3464
f 5126/1548/2278 5150/1552/2282 5128/1550/2280
f 5150/1552/2282 5126/1548/2278 5151/1573/2303
f 5151/1573/2303 5152/1547/3036 5153/1574/2304
f 5152/1547/3036 5151/1573/2303 5126/1548/2278
f 5155/1575/2305 5154/1576/3465 5156/1577/3466
f 5157/1578/2308 5154/1576/3465 5155/1575/2305 5158/1579/3052
f 5158/1579/3052 5161/1580/3467 5159/1581/2311 5157/1578/2308
f 5161/1580/3467 5163/1582/2312 5160/1583/3468 5159/1581/2311
f 5170/1590/3055 5162/1591/2316 5161/1580/3467 5158/1579/3052
f 5161/1580/3467 5162/1591/2316 5163/1582/2312
f 5160/1583/3468 5163/1582/2312 5164/1584/2314 5165/1585/2315
f 5163/1582/2312 5162/1586/2316 5166/1587/2317 5164/1584/2314
f 5167/1588/3054 5166/1587/2317 5162/1586/2316 5168/1589/2319
f 5167/1588/3054 5168/1589/2319 5169/1593/3469
f 5155/1594/2305 5156/1595/3466 5169/1593/3469
f 5170/1592/3055 5158/1596/3052 5155/1594/2305 5169/1593/3469
f 5168/1589/2319 5170/1592/3055 5169/1593/3469
f 5168/1589/2319 5162/1586/2316 5170/1592/3055
f 5173/1597/3056 5171/1598/3470 5172/1599/3471
f 5172/1599/3471 5175/1600/3058 5173/1597/3056
f 5176/1601/3472 5174/1602/3473 5173/1597/3056 5175/1600/3058
f 5175/1614/3058 5172/1616/3471 5177/1612/2337
f 5175/1614/3058 5177/1612/2337 5179/1611/3474 5176/1615/3472
f 5179/1611/3474 5177/1612/2337 5178/1610/2335
f 5176/1601/3472 5179/1613/3474 5180/1603/2328
f 5180/1603/2328 5179/1611/3474 5178/1610/2335
f 5176/1601/3472 5180/1603/2328 5174/1602/3473
f 5181/1604/3475 5174/1602/3473 5180/1603/2328
f 5178/1610/2335 5182/1606/2331 5181/1604/3475 5180/1603/2328
f 5182/1606/2331 5184/1607/3062 5183/1605/2330 5181/1604/3475
f 5174/1602/3473 5181/1604/3475 5183/1605/2330
f 5182/1606/2331 5186/1608/3061 5185/1609/2334 5184/1607/3062
f 5182/1606/2331 5178/1610/2335 5186/1608/3061
f 5192/1626/2343 5187/1623/3063 5188/1622/3476 5194/1627/2345
f 5190/1621/2341 5188/1622/3476 5187/1623/3063
f 5189/1617/3477 5187/1618/3063 5191/1619/3478
f 5190/1620/2341 5187/1618/3063 5189/1617/3477
f 5187/1618/3063 5192/1624/2343 5193/1625/2344 5191/1619/3478
f 5193/1625/2344 5192/1624/2343 5194/1634/2345
f 5193/1625/2344 5194/1634/2345 5195/1636/2352
f 5194/1634/2345 5196/1635/2348 5195/1636/2352
f 5194/1627/2345 5197/1628/3066 5199/1629/3479 5196/1630/2348
f 5197/1628/3066 5194/1627/2345 5188/1622/3476
f 5197/1628/3066 5198/1631/2349 5199/1629/3479
f 5190/1621/2341 5197/1628/3066 5188/1622/3476
f 5204/1632/3480 5196/1630/2348 5199/1629/3479 5200/1633/3067
f 5198/1631/2349 5200/1633/3067 5199/1629/3479
f 5201/1639/3069 5200/1633/3067 5202/1640/3481
f 5201/1639/3069 5203/1638/3482 5200/1633/3067
f 5202/1640/3481 5200/1633/3067 5198/1631/2349
f 5203/1638/3482 5205/1637/2353 5204/1632/3480 5200/1633/3067
f 5196/1630/2348 5204/1632/3480 5195/1636/2352
f 5195/1636/2352 5204/1632/3480 5205/1637/2353
f 5205/1637/2353 5193/1625/2344 5195/1636/2352
f 5208/1641/3483 5206/1642/3071 5207/1643/3484
f 5208/1641/3483 5207/1643/3484 5210/1644/3073
f 5211/1645/2361 5209/1646/2362 5208/1641/3483
f 5211/1645/2361 5208/1641/3483 5210/1644/3073
f 5212/1707/3074 5211/1645/2361 5210/1644/3073
f 5212/1707/3074 5213/1702/3076 5211/1645/2361
f 5214/1704/2420 5211/1645/2361 5213/1702/3076
f 5215/1705/3077 5211/1645/2361 5214/1704/2420
f 5215/1705/3077 5216/1647/2363 5211/1645/2361
f 5216/1647/2363 5209/1646/2362 5211/1645/2361
f 5215/1705/3077 5217/1703/3078 5216/1647/2363
f 5216/1647/2363 5222/1648/2364 5209/1646/2362
f 5220/1700/3080 5216/1647/2363 5217/1703/3078
f 5224/1654/2370 5218/1650/2366 5216/1647/2363
f 5218/1650/2366 5219/1649/2365 5216/1647/2363
f 5216/1647/2363 5219/1649/2365 5222/1648/2364
f 5220/1700/3080 5221/1698/2414 5216/1647/2363
f 5221/1698/2414 5223/1696/2412 5216/1647/2363
f 5224/1654/2370 5216/1647/2363 5223/1696/2412
f 5226/1652/2368 5218/1650/2366 5224/1654/2370
f 5270/1693/2409 5225/1688/3082 5224/1654/2370 5223/1696/2412
f 5226/1652/2368 5224/1654/2370 5225/1688/3082
f 5226/1652/2368 5229/1653/2369 5218/1650/2366
f 5227/1687/3091 5226/1652/2368 5225/1688/3082 5263/1689/2405
f 5227/1687/3091 5228/1658/3092 5226/1652/2368
f 5228/1658/3092 5229/1653/2369 5226/1652/2368
f 5229/1653/2369 5234/1655/3485 5218/1650/2366
f 5236/1656/2372 5229/1653/2369 5230/1657/3090
f 5230/1657/3090 5229/1653/2369 5228/1658/3092
f 5232/1661/2377 5229/1653/2369 5231/1662/3486
f 5231/1662/3486 5229/1653/2369 5236/1656/2372
f 5232/1661/2377 5233/1659/2375 5229/1653/2369
f 5233/1659/2375 5235/1660/3487 5229/1653/2369
f 5237/1684/2400 5239/1682/3108 5236/1656/2372
f 5236/1656/2372 5238/1683/3488 5231/1662/3486
f 5236/1656/2372 5239/1682/3108 5238/1683/3488
f 5239/1682/3108 5241/1679/3104 5240/1680/3107
f 5239/1682/3108 5240/1680/3107 5233/1659/2375
f 5238/1683/3488 5239/1682/3108 5233/1659/2375
f 5241/1679/3104 5242/1678/3103 5240/1680/3107
f 5243/1677/2393 5242/1678/3103 5241/1679/3104
f 5243/1677/2393 5244/1671/3489 5242/1678/3103
f 5243/1677/2393 5245/1672/2388 5244/1671/3489
f 5243/1677/2393 5246/1673/3490 5245/1672/2388
f 5243/1677/2393 5247/1674/2390 5246/1673/3490
f 5246/1673/3490 5247/1674/2390 5248/1670/2386
f 5247/1674/2390 5249/1675/2391 5248/1670/2386
f 5250/1676/3102 5249/1675/2391 5247/1674/2390
f 5248/1670/2386 5249/1675/2391 5251/1664/2380
f 5251/1664/2380 5254/1665/2381 5255/1663/2379 5252/1666/2382
f 5258/1669/3100 5248/1670/2386 5251/1664/2380 5252/1666/2382
f 5251/1664/2380 5253/1686/3099 5254/1665/2381
f 5255/1663/2379 5254/1665/2381 5256/1667/3098
f 5233/1659/2375 5255/1663/2379 5235/1660/3487
f 5233/1659/2375 5257/1668/2384 5252/1666/2382 5255/1663/2379
f 5244/1671/3489 5252/1666/2382 5257/1668/2384
f 5245/1672/2388 5258/1669/3100 5252/1666/2382 5244/1671/3489
f 5245/1672/2388 5246/1673/3490 5258/1669/3100
f 5246/1673/3490 5248/1670/2386 5258/1669/3100
f 5240/1680/3107 5259/1681/3106 5257/1668/2384
f 5240/1680/3107 5257/1668/2384 5233/1659/2375
f 5259/1681/3106 5244/1671/3489 5257/1668/2384
f 5240/1680/3107 5242/1678/3103 5259/1681/3106
f 5259/1681/3106 5242/1678/3103 5244/1671/3489
f 5231/1662/3486 5238/1683/3488 5260/1685/3491
f 5238/1683/3488 5233/1659/2375 5260/1685/3491
f 5260/1685/3491 5232/1661/2377 5231/1662/3486
f 5260/1685/3491 5233/1659/2375 5232/1661/2377
f 5230/1657/3090 5227/1687/3091 5263/1689/2405 5261/1690/3492
f 5230/1657/3090 5228/1658/3092 5227/1687/3091
f 5262/1691/3493 5261/1690/3492 5263/1689/2405
f 5264/1694/2410 5261/1690/3492 5262/1691/3493
f 5264/1694/2410 5225/1688/3082 5266/1692/2408 5265/1695/3494
f 5264/1694/2410 5262/1691/3493 5225/1688/3082
f 5265/1695/3494 5266/1692/2408 5269/1697/2413 5267/1699/2415
f 5220/1700/3080 5268/1701/3086 5267/1699/2415
f 5269/1697/2413 5221/1698/2414 5220/1700/3080 5267/1699/2415
f 5270/1693/2409 5269/1697/2413 5266/1692/2408
f 5223/1696/2412 5221/1698/2414 5269/1697/2413 5270/1693/2409
f 5266/1692/2408 5225/1688/3082 5270/1693/2409
f 5220/1700/3080 5213/1702/3076 5268/1701/3086
f 5263/1689/2405 5225/1688/3082 5262/1691/3493
f 5213/1702/3076 5220/1700/3080 5217/1703/3078
f 5271/1651/3111 5219/1649/2365 5218/1650/2366
f 5214/1704/2420 5213/1702/3076 5217/1703/3078
f 5217/1703/3078 5215/1705/3077 5214/1704/2420
f 5272/1706/2422 5213/1702/3076 5212/1707/3074
f 5272/1706/2422 5212/1707/3074 5273/1711/3495
f 5272/1706/2422 5273/1711/3495 5274/1712/2428
f 5276/1713/2429 5275/1714/3115 5274/1712/2428
f 5274/1712/2428 5273/1711/3495 5276/1713/2429
f 5276/1713/2429 5279/1710/3496 5277/1709/2425
f 5277/1709/2425 5278/1715/3114 5276/1713/2429
f 5278/1715/3114 5275/1714/3115 5276/1713/2429
f 5273/1711/3495 5279/1710/3496 5276/1713/2429
f 5277/1709/2425 5279/1710/3496 5212/1707/3074 5282/1708/3497
f 5273/1711/3495 5212/1707/3074 5279/1710/3496
f 5280/1717/3117 5278/1715/3114 5277/1709/2425 5282/1708/3497
f 5275/1714/3115 5278/1715/3114 5281/1716/3116
f 5282/1708/3497 5210/1644/3073 5280/1717/3117
f 5212/1707/3074 5210/1644/3073 5282/1708/3497
f 5285/1718/3498 5283/1719/2435 5284/1720/3120
f 5284/1720/3120 5287/1721/3121 5286/1722/3499 5285/1718/3498
f 5288/1723/2439 5286/1722/3499 5287/1721/3121 5289/1724/2440
f 5292/1725/3500 5290/1726/2442 5288/1723/2439 5289/1724/2440
f 5290/1726/2442 5292/1725/3500 5291/1727/3125
f 5292/1725/3500 5289/1724/2440 5294/1728/3124 5293/1729/2445
f 5284/1720/3120 5293/1730/2445 5287/1721/3121
f 5287/1721/3121 5293/1729/2445 5294/1728/3124
f 5289/1724/2440 5287/1721/3121 5294/1728/3124
f 5296/1735/3501 5299/1736/3127 5295/1737/3128
f 5296/1734/3501 5295/1732/3128 5298/1731/3130
f 5298/1731/3130 5295/1732/3128 5297/1733/2448
f 5300/1738/2451 5297/1739/2448 5295/1737/3128 5299/1736/3127
f 5300/1738/2451 5299/1736/3127 5301/1740/3138 5302/1741/2453
f 5302/1741/2453 5301/1740/3138 5304/1742/2454 5306/1743/3502
f 5304/1742/2454 5301/1740/3138 5303/1744/3137
f 5304/1742/2454 5305/1745/3503 5308/1746/2458 5306/1743/3502
f 5303/1744/3137 5305/1745/3503 5304/1742/2454
f 5297/1733/2448 5300/1747/2451 5306/1743/3502
f 5297/1733/2448 5306/1743/3502 5307/1748/3504 5312/1749/3505
f 5307/1748/3504 5306/1743/3502 5308/1746/2458
f 5300/1747/2451 5302/1750/2453 5306/1743/3502
f 5309/1751/3506 5308/1746/2458 5305/1745/3503
f 5307/1748/3504 5308/1746/2458 5309/1751/3506
f 5310/1752/2462 5307/1748/3504 5309/1751/3506
f 5309/1751/3506 5305/1745/3503 5303/1744/3137
f 5307/1748/3504 5310/1752/2462 5311/1753/2463 5312/1749/3505
f 5311/1753/2463 5298/1731/3130 5312/1749/3505
f 5312/1749/3505 5298/1731/3130 5297/1733/2448
f 5316/1754/3139 5314/1755/3507 5313/1756/2466
f 5315/1757/2467 5313/1756/2466 5314/1755/3507
f 5316/1754/3139 5313/1756/2466 5317/1758/3140
f 5313/1756/2466 5318/1759/3508 5317/1758/3140
f 5318/1759/3508 5321/1760/3142 5317/1758/3140
f 5318/1759/3508 5319/1761/3143 5320/1762/3509
f 5320/1762/3509 5321/1760/3142 5318/1759/3508
f 5327/1763/3144 5321/1760/3142 5320/1762/3509
f 5322/1765/2475 5323/1766/2476 5321/1760/3142
f 5327/1763/3144 5322/1765/2475 5321/1760/3142
f 5324/1767/3145 5321/1760/3142 5323/1766/2476
f 5321/1760/3142 5324/1767/3145 5325/1768/3146
f 5317/1758/3140 5321/1760/3142 5326/1764/3510
f 5328/1785/2495 5327/1763/3144 5320/1762/3509
f 5329/1769/2479 5324/1767/3145 5323/1766/2476
f 5330/1770/2480 5324/1767/3145 5329/1769/2479
f 5332/1771/2481 5324/1767/3145 5330/1770/2480
f 5334/1773/2483 5324/1767/3145 5331/1772/2482
f 5332/1771/2481 5331/1772/2482 5324/1767/3145
f 5324/1767/3145 5335/1774/2484 5333/1775/3147
f 5334/1773/2483 5335/1774/2484 5324/1767/3145
f 5336/1777/2487 5335/1774/2484 5334/1773/2483
f 5335/1774/2484 5339/1776/2486 5333/1775/3147
f 5338/1778/3148 5335/1774/2484 5336/1777/2487
f 5340/1779/3511 5337/1780/2490 5335/1774/2484
f 5338/1778/3148 5340/1779/3511 5335/1774/2484
f 5341/1781/3512 5340/1779/3511 5338/1778/3148
f 5338/1778/3148 5343/1782/3513 5342/1783/2493 5341/1781/3512
f 5343/1782/3513 5336/1777/2487 5342/1783/2493
f 5338/1778/3148 5336/1777/2487 5343/1782/3513
f 5332/1771/2481 5330/1770/2480 5344/1784/2494
f 5316/1754/3139 5317/1758/3140 5345/1786/3152
f 5345/1786/3152 5317/1758/3140 5347/1787/2497
f 5348/1788/2498 5317/1758/3140 5346/1789/2499
f 5317/1758/3140 5348/1788/2498 5347/1787/2497
f 5349/1790/2500 5347/1787/2497 5348/1788/2498
f 5348/1788/2498 5350/1791/2501 5362/1792/3514 5349/1790/2500
f 5350/1791/2501 5348/1788/2498 5351/1793/3153
f 5351/1793/3153 5352/1794/3515 5350/1791/2501
f 5353/1795/2505 5350/1791/2501 5352/1794/3515
f 5354/1796/3155 5350/1791/2501 5353/1795/2505
f 5354/1796/3155 5353/1795/2505 5355/1797/3156
f 5356/1798/2508 5354/1796/3155 5355/1797/3156
f 5356/1798/2508 5357/1799/2509 5354/1796/3155
f 5358/1800/2510 5357/1799/2509 5359/1801/3158
f 5357/1799/2509 5358/1800/2510 5354/1796/3155
f 5354/1796/3155 5358/1800/2510 5350/1791/2501
f 5358/1800/2510 5360/1802/2512 5350/1791/2501
f 5361/1803/3516 5350/1791/2501 5360/1802/2512
f 5361/1803/3516 5362/1792/3514 5350/1791/2501
f 5364/1804/2514 5362/1792/3514 5363/1805/3160
f 5364/1804/2514 5349/1790/2500 5362/1792/3514
f 5364/1804/2514 5365/1806/3517 5349/1790/2500
f 5316/1754/3139 5345/1786/3152 5366/1807/3161
f 5368/1808/2518 5367/1809/3162 5369/1810/3163
f 5371/1836/3518 5370/1811/3519 5369/1810/3163
f 5370/1811/3519 5391/1812/3520 5368/1808/2518 5369/1810/3163
f 5371/1836/3518 5372/1824/3165 5370/1811/3519
f 5370/1811/3519 5372/1824/3165 5374/1820/2530
f 5373/1825/2535 5374/1820/2530 5372/1824/3165
f 5374/1820/2530 5375/1821/2531 5388/1819/2529 5370/1811/3519
f 5376/1822/3521 5377/1823/3522 5375/1821/2531 5374/1820/2530
f 5374/1820/2530 5373/1825/2535 5376/1822/3521
f 5378/1826/2536 5376/1822/3521 5373/1825/2535
f 5376/1822/3521 5379/1827/2537 5377/1823/3522
f 5376/1822/3521 5378/1826/2536 5379/1827/2537
f 5379/1827/2537 5381/1828/2538 5384/1829/2539 5377/1823/3522
f 5379/1827/2537 5378/1826/2536 5385/1830/3170 5380/1831/2541
f 5380/1831/2541 5381/1828/2538 5379/1827/2537
f 5381/1828/2538 5382/1832/2542 5383/1833/2543
f 5380/1831/2541 5382/1832/2542 5381/1828/2538
f 5381/1828/2538 5383/1833/2543 5384/1829/2539
f 5385/1830/3170 5378/1826/2536 5387/1834/2544 5386/1835/2545
f 5373/1825/2535 5387/1834/2544 5378/1826/2536
f 5370/1811/3519 5388/1819/2529 5390/1813/2523
f 5388/1819/2529 5389/1817/2527 5390/1813/2523
f 5370/1811/3519 5390/1813/2523 5391/1812/3520
f 5390/1813/2523 5392/1814/3172 5394/1815/2525 5391/1812/3520
f 5390/1813/2523 5389/1817/2527 5392/1814/3172
f 5389/1817/2527 5395/1818/2528 5393/1816/2526 5392/1814/3172
f 5393/1816/2526 5394/1815/2525 5392/1814/3172
f 5397/1838/2548 5396/1837/2547 5401/1846/3177
f 5396/1837/2547 5397/1838/2548 5398/1839/3175
f 5410/1840/3176 5399/1841/3523 5396/1842/2547 5398/1843/3175
f 5399/1844/3523 5400/1845/2552 5396/1837/2547
f 5401/1846/3177 5396/1837/2547 5400/1845/2552 5403/1847/3524
f 5397/1838/2548 5401/1846/3177 5402/1849/2556 5405/1850/2557
f 5401/1846/3177 5403/1847/3524 5404/1848/3182 5402/1849/2556
f 5406/1851/2558 5397/1838/2548 5405/1850/2557
f 5406/1851/2558 5405/1850/2557 5407/1852/3525 5408/1853/3526
f 5407/1852/3525 5409/1854/3183 5408/1853/3526
f 5410/1840/3176 5409/1854/3183 5399/1841/3523
f 5408/1853/3526 5409/1854/3183 5410/1840/3176
f 5408/1853/3526 5410/1840/3176 5398/1843/3175 5406/1851/2558
f 5398/1839/3175 5397/1838/2548 5406/1851/2558
f 5413/1855/3184 5411/1856/3527 5412/1857/2564
f 5413/1855/3184 5455/1858/2565 5414/1859/2566 5411/1856/3527
f 5414/1859/2566 5415/1860/3528 5411/1856/3527
f 5416/1861/2568 5417/1862/2569 5415/1860/3528
f 5416/1861/2568 5415/1860/3528 5414/1859/2566
f 5416/1861/2568 5418/1863/2570 5417/1862/2569
f 5420/1864/2571 5419/1865/2572 5417/1862/2569 5418/1863/2570
f 5422/1866/2573 5421/1867/2574 5419/1865/2572 5420/1864/2571
f 5424/1868/3194 5421/1867/2574 5422/1866/2573
f 5423/1869/2576 5421/1867/2574 5424/1868/3194
f 5423/1869/2576 5424/1868/3194 5425/1870/2577
f 5425/1870/2577 5424/1868/3194 5426/1871/2578
f 5426/1871/2578 5424/1868/3194 5422/1866/2573
f 5426/1871/2578 5427/1872/3529 5425/1870/2577
f 5427/1872/3529 5426/1871/2578 5428/1873/3191 5431/1874/2581
f 5426/1871/2578 5422/1866/2573 5420/1864/2571 5428/1873/3191
f 5431/1874/2581 5428/1873/3191 5429/1875/2582
f 5429/1875/2582 5428/1873/3191 5430/1876/3192
f 5430/1876/3192 5428/1873/3191 5420/1864/2571 5418/1863/2570
f 5432/1877/2584 5431/1874/2581 5429/1875/2582
f 5433/1878/3530 5427/1872/3529 5431/1874/2581 5432/1877/2584
f 5437/1879/2586 5433/1878/3530 5432/1877/2584 5434/1880/3195
f 5434/1880/3195 5432/1877/2584 5429/1875/2582
f 5436/1881/2588 5434/1880/3195 5435/1882/2589
f 5435/1882/2589 5434/1880/3195 5438/1883/2590
f 5434/1880/3195 5429/1875/2582 5438/1883/2590
f 5456/1884/2591 5437/1879/2586 5434/1880/3195 5436/1881/2588
f 5439/1885/3531 5438/1883/2590 5429/1875/2582
f 5441/1886/3196 5440/1887/3532 5438/1883/2590 5439/1885/3531
f 5435/1882/2589 5438/1883/2590 5440/1887/3532
f 5443/1888/2595 5442/1889/2596 5441/1886/3196
f 5441/1886/3196 5439/1885/3531 5445/1890/2597 5443/1888/2595
f 5443/1888/2595 5445/1890/2597 5447/1891/3533 5444/1892/2599
f 5430/1876/3192 5445/1890/2597 5429/1875/2582
f 5445/1890/2597 5439/1885/3531 5429/1875/2582
f 5446/1893/3534 5445/1890/2597 5430/1876/3192
f 5445/1890/2597 5446/1893/3534 5447/1891/3533
f 5448/1894/3199 5447/1891/3533 5446/1893/3534
f 5446/1893/3534 5449/1895/2602 5448/1894/3199
f 5449/1895/2602 5446/1893/3534 5451/1896/2603 5450/1897/3200
f 5452/1898/3201 5450/1897/3200 5451/1896/2603
f 5452/1898/3201 5451/1896/2603 5453/1899/3535
f 5453/1899/3535 5451/1896/2603 5414/1859/2566
f 5414/1859/2566 5454/1900/3203 5453/1899/3535
f 5454/1900/3203 5414/1859/2566 5455/1858/2565
f 5451/1896/2603 5446/1893/3534 5416/1861/2568
f 5451/1896/2603 5416/1861/2568 5414/1859/2566
f 5430/1876/3192 5416/1861/2568 5446/1893/3534
f 5456/1884/2591 5433/1878/3530 5437/1879/2586
f 5423/1869/2576 5433/1878/3530 5456/1884/2591
f 5427/1872/3529 5433/1878/3530 5425/1870/2577
f 5423/1869/2576 5425/1870/2577 5433/1878/3530
f 5430/1876/3192 5418/1863/2570 5416/1861/2568
f 5457/1902/3536 5458/1904/3537 5460/1905/2612
f 5459/1901/3538 5458/1904/3537 5457/1902/3536
f 5459/1901/3538 5457/1902/3536 5461/1903/3539
f 5463/1906/3219 5460/1905/2612 5458/1904/3537
f 5463/1906/3219 5462/1907/2614 5460/1905/2612
f 5463/1906/3219 5458/1904/3537 5465/1908/3215
f 5462/1907/2614 5463/1906/3219 5464/1909/3218
f 5465/1908/3215 5464/1909/3218 5463/1906/3219
f 5467/1919/2626 5465/1908/3215 5466/1929/2636
f 5466/1929/2636 5465/1908/3215 5471/1930/3540
f 5468/1918/3541 5465/1908/3215 5467/1919/2626
f 5468/1918/3541 5469/1916/3542 5465/1908/3215
f 5469/1916/3542 5470/1912/3543 5465/1908/3215
f 5464/1909/3218 5465/1908/3215 5470/1912/3543
f 5471/1930/3540 5465/1908/3215 5458/1904/3537
f 5458/1904/3537 5472/1931/2638 5471/1930/3540
f 5474/1932/2639 5471/1930/3540 5472/1931/2638
f 5471/1930/3540 5473/1928/3212 5466/1929/2636
f 5473/1928/3212 5471/1930/3540 5474/1932/2639 5475/1933/2640
f 5478/1934/3211 5476/1935/3544 5474/1932/2639 5472/1931/2638
f 5477/1925/2632 5475/1933/2640 5474/1932/2639 5476/1935/3544
f 5472/1931/2638 5479/1936/2643 5478/1934/3211
f 5472/1931/2638 5480/1937/2644 5479/1936/2643
f 5480/1937/2644 5472/1931/2638 5482/1938/2645 5481/1939/2646
f 5472/1931/2638 5483/1940/3208 5482/1938/2645
f 5483/1940/3208 5472/1931/2638 5458/1904/3537 5484/1941/3207
f 5484/1941/3207 5458/1904/3537 5459/1901/3538
f 5477/1925/2632 5485/1924/2631 5486/1926/3213
f 5486/1926/3213 5475/1933/2640 5477/1925/2632
f 5473/1928/3212 5475/1933/2640 5486/1926/3213
f 5487/1927/2634 5486/1926/3213 5485/1924/2631
f 5486/1926/3213 5487/1927/2634 5473/1928/3212
f 5488/1920/2627 5487/1927/2634 5485/1924/2631
f 5473/1928/3212 5487/1927/2634 5466/1929/2636
f 5487/1927/2634 5488/1920/2627 5467/1919/2626
f 5466/1929/2636 5487/1927/2634 5467/1919/2626
f 5467/1919/2626 5488/1920/2627 5468/1918/3541
f 5485/1924/2631 5489/1922/2629 5488/1920/2627
f 5490/1921/2628 5468/1918/3541 5488/1920/2627 5489/1922/2629
f 5491/1923/2630 5492/1917/2624 5468/1918/3541 5490/1921/2628
f 5492/1917/2624 5469/1916/3542 5468/1918/3541
f 5470/1912/3543 5469/1916/3542 5493/1913/2620
f 5493/1913/2620 5494/1910/3220 5464/1909/3218 5470/1912/3543
f 5494/1910/3220 5493/1913/2620 5495/1914/3545
f 5494/1910/3220 5495/1914/3545 5496/1915/3546
f 5497/1911/2618 5494/1910/3220 5496/1915/3546
f 5464/1909/3218 5494/1910/3220 5497/1911/2618 5462/1907/2614
f 5501/1945/3224 5498/1946/2651 5499/1947/2652
f 5501/1942/3224 5500/1943/2650 5498/1944/2651
f 5504/1948/3228 5503/1949/2654 5501/1945/3224 5499/1947/2652
f 5500/1943/2650 5501/1942/3224 5502/1954/3547
f 5503/1949/2654 5502/1954/3547 5501/1942/3224
f 5505/1952/2657 5503/1949/2654 5504/1948/3228
f 5505/1952/2657 5502/1954/3547 5503/1949/2654
f 5507/1951/2656 5505/1952/2657 5504/1948/3228 5508/1950/2655
f 5505/1952/2657 5506/1953/3548 5500/1943/2650
f 5505/1952/2657 5507/1951/2656 5506/1953/3548
f 5500/1943/2650 5502/1954/3547 5505/1952/2657
f 5499/1947/2652 5508/1950/2655 5504/1948/3228
f 5512/1959/2663 5509/1960/3230 5510/1961/3232
f 5513/1955/2660 5511/1956/3229 5509/1957/3230 5512/1958/2663
f 5515/1972/2673 5513/1955/2660 5512/1958/2663 5514/1967/2666
f 5518/1962/2665 5514/1963/2666 5512/1959/2663 5510/1961/3232
f 5516/1969/2670 5523/1971/2672 5515/1972/2673 5514/1967/2666
f 5514/1967/2666 5517/1964/2667 5516/1969/2670
f 5514/1967/2666 5518/1968/2665 5517/1964/2667
f 5517/1964/2667 5518/1962/2665 5510/1961/3232 5520/1965/3549
f 5516/1969/2670 5517/1964/2667 5519/1966/3550 5521/1970/2671
f 5520/1965/3549 5519/1966/3550 5517/1964/2667
f 5516/1969/2670 5521/1970/2671 5522/1973/2674 5523/1971/2672
f 5513/1955/2660 5515/1972/2673 5511/1956/3229
f 5528/1974/2675 5525/1977/2678 5524/1975/2676
f 5546/1978/2679 5527/1979/2680 5524/1975/2676 5525/1977/2678
f 5528/1974/2675 5524/1975/2676 5526/1976/2677
f 5524/1975/2676 5527/1979/2680 5529/1980/3551
f 5529/1980/3551 5527/1979/2680 5530/1981/2682
f 5532/1982/3552 5530/1981/2682 5531/1983/3238
f 5527/1979/2680 5531/1983/3238 5530/1981/2682
f 5533/1984/2685 5532/1982/3552 5531/1983/3238
f 5534/1986/3553 5532/1982/3552 5533/1984/2685
f 5535/1988/3554 5534/1986/3553 5533/1984/2685 5536/1987/3239
f 5536/1987/3239 5538/1985/3555 5537/1989/3240
f 5536/1987/3239 5533/1984/2685 5538/1985/3555
f 5531/1983/3238 5538/1985/3555 5533/1984/2685
f 5527/1979/2680 5538/1985/3555 5531/1983/3238
f 5541/1990/2691 5538/1985/3555 5539/1991/2692
f 5545/1992/3556 5539/1991/2692 5538/1985/3555
f 5538/1985/3555 5540/1993/2694 5545/1992/3556
f 5540/1993/2694 5538/1985/3555 5544/1994/3242
f 5537/1989/3240 5538/1985/3555 5541/1990/2691
f 5542/1996/3557 5543/1995/2696 5538/1985/3555
f 5542/1996/3557 5538/1985/3555 5546/1978/2679
f 5543/1995/2696 5544/1994/3242 5538/1985/3555
f 5546/1978/2679 5538/1985/3555 5527/1979/2680
f 5546/1978/2679 5525/1977/2678 5548/1997/3246
f 5546/1978/2679 5547/1998/2699 5549/1999/3558
f 5546/1978/2679 5548/1997/3246 5547/1998/2699
f 5550/2000/3559 5546/1978/2679 5549/1999/3558
f 5551/2001/3560 5549/1999/3558 5547/1998/2699
f 5551/2001/3560 5552/2002/3561 5549/1999/3558
f 5553/2003/3562 5551/2001/3560 5547/1998/2699
f 5555/2004/3563 5554/2005/3564 5556/2006/3565
f 5555/2004/3563 5556/2006/3565 5557/2007/2708
f 5557/2007/2708 5556/2006/3565 5558/2008/2709
f 5556/2006/3565 5559/2009/2710 5558/2008/2709
f 5556/2006/3565 5560/2011/3566 5559/2009/2710
f 5560/2011/3566 5561/2013/3567 5559/2009/2710
f 5561/2013/3567 5562/2014/3568 5559/2009/2710
f 5562/2014/3568 5564/2019/3268 5563/2018/2719
f 5563/2018/2719 5559/2009/2710 5562/2014/3568
f 5565/2021/3569 5563/2018/2719 5564/2019/3268
f 5563/2018/2719 5566/2017/2718 5559/2009/2710
f 5563/2018/2719 5567/2020/3261 5566/2017/2718
f 5568/2022/3570 5566/2017/2718 5567/2020/3261
f 5568/2022/3570 5569/2023/2724 5566/2017/2718
f 5570/2024/3571 5572/2025/3263 5566/2017/2718 5569/2023/2724
f 5575/2026/3266 5572/2025/3263 5570/2024/3571 5571/2027/3267
f 5573/2028/2729 5574/2029/2730 5572/2025/3263
f 5575/2026/3266 5573/2028/2729 5572/2025/3263
f 5572/2025/3263 5574/2029/2730 5566/2017/2718
f 5576/2030/3572 5574/2029/2730 5573/2028/2729
f 5577/2031/3573 5574/2029/2730 5578/2032/3574
f 5566/2017/2718 5574/2029/2730 5577/2031/3573
f 5559/2009/2710 5566/2017/2718 5579/2016/2717
f 5559/2009/2710 5579/2016/2717 5580/2015/2716
f 5559/2009/2710 5580/2015/2716 5581/2012/3258
f 5559/2009/2710 5581/2012/3258 5582/2010/3575
f 5558/2008/2709 5559/2009/2710 5582/2010/3575
f 5585/2033/2734 5583/2034/3576 5584/2035/2736
f 5585/2033/2734 5584/2035/2736 5586/2036/3272
f 5586/2036/3272 5584/2035/2736 5587/2037/2738
f 5589/2038/3275 5587/2037/2738 5588/2039/3273
f 5587/2037/2738 5584/2035/2736 5588/2039/3273
f 5590/2040/2741 5587/2037/2738 5589/2038/3275
f 5589/2038/3275 5591/2041/2742 5590/2040/2741
f 5592/2042/2743 5590/2040/2741 5591/2041/2742
f 5592/2042/2743 5591/2041/2742 5593/2043/3577
f 5592/2042/2743 5593/2043/3577 5594/2044/2745
f 5593/2043/3577 5595/2045/3274 5594/2044/2745
f 5595/2045/3274 5584/2035/2736 5594/2044/2745
f 5588/2039/3273 5595/2045/3274 5593/2043/3577
f 5588/2039/3273 5584/2035/2736 5595/2045/3274
f 5591/2041/2742 5588/2039/3273 5593/2043/3577
f 5589/2038/3275 5588/2039/3273 5591/2041/2742
f 5598/2046/3578 5596/2047/3579 5597/2048/3580
f 5600/2049/3581 5597/2048/3580 5596/2047/3579 5599/2050/3582
f 5601/2051/3278 5643/2052/2753 5597/2048/3580 5600/2049/3581
f 5602/2053/3583 5601/2051/3278 5600/2049/3581
f 5602/2053/3583 5600/2049/3581 5603/2054/3584
f 5606/2055/2756 5602/2053/3583 5603/2054/3584
f 5605/2056/2757 5603/2054/3584 5604/2057/2758
f 5608/2058/3282 5606/2055/2756 5603/2054/3584 5605/2056/2757
f 5606/2055/2756 5607/2060/3585 5610/2061/3284
f 5607/2060/3585 5606/2055/2756 5608/2058/3282
f 5606/2055/2756 5610/2061/3284 5609/2059/3283
f 5606/2055/2756 5609/2059/3283 5602/2053/3583
f 5610/2061/3284 5612/2063/3286 5613/2064/3287 5609/2059/3283
f 5611/2099/2800 5612/2063/3286 5610/2061/3284
f 5614/2097/3586 5616/2067/2768 5613/2064/3287 5612/2063/3286
f 5612/2063/3286 5615/2098/2799 5614/2097/3586
f 5614/2097/3586 5617/2068/3587 5616/2067/2768
f 5617/2068/3587 5614/2097/3586 5618/2070/3588
f 5614/2097/3586 5619/2072/3291 5618/2070/3588
f 5621/2069/3292 5618/2070/3588 5619/2072/3291
f 5620/2073/3589 5621/2069/3292 5619/2072/3291
f 5621/2069/3292 5623/2062/3590 5622/2066/2767
f 5621/2069/3292 5622/2066/2767 5618/2070/3588
f 5627/2071/2772 5623/2062/3590 5621/2069/3292
f 5625/2077/2778 5624/2075/3296 5621/2069/3292
f 5629/2074/2775 5621/2069/3292 5624/2075/3296
f 5626/2078/3293 5625/2077/2778 5621/2069/3292
f 5626/2078/3293 5621/2069/3292 5620/2073/3589
f 5628/2076/3591 5627/2071/2772 5621/2069/3292
f 5621/2069/3292 5629/2074/2775 5628/2076/3591
f 5630/2086/2787 5631/2085/2786 5629/2074/2775
f 5629/2074/2775 5631/2085/2786 5628/2076/3591
f 5628/2076/3591 5631/2085/2786 5632/2084/3592
f 5632/2084/3592 5633/2083/3299 5628/2076/3591
f 5633/2083/3299 5634/2087/2788 5627/2071/2772
f 5628/2076/3591 5633/2083/3299 5627/2071/2772
f 5634/2087/2788 5635/2088/3301 5627/2071/2772
f 5636/2089/2790 5635/2088/3301 5634/2087/2788
f 5637/2090/2791 5635/2088/3301 5636/2089/2790
f 5635/2088/3301 5637/2090/2791 5623/2062/3590
f 5623/2062/3590 5637/2090/2791 5638/2091/2792
f 5639/2092/3303 5623/2062/3590 5638/2091/2792
f 5640/2093/3304 5641/2094/2795 5639/2092/3303
f 5639/2092/3303 5641/2094/2795 5623/2062/3590
f 5643/2052/2753 5623/2062/3590 5641/2094/2795 5642/2095/2796
f 5643/2052/2753 5644/2096/3593 5597/2048/3580
f 5623/2062/3590 5643/2052/2753 5601/2051/3278
f 5635/2088/3301 5623/2062/3590 5627/2071/2772
f 5647/2079/2780 5625/2077/2778 5626/2078/3293
f 5646/2081/3594 5645/2080/2781 5626/2078/3293
f 5645/2080/2781 5647/2079/2780 5626/2078/3293
f 5646/2081/3594 5626/2078/3293 5648/2082/2783
f 5626/2078/3293 5620/2073/3589 5648/2082/2783
f 5623/2062/3590 5649/2065/2766 5622/2066/2767
f 5649/2065/2766 5623/2062/3590 5609/2059/3283
f 5623/2062/3590 5601/2051/3278 5609/2059/3283
f 5616/2067/2768 5649/2065/2766 5613/2064/3287
f 5609/2059/3283 5613/2064/3287 5649/2065/2766
f 5622/2066/2767 5649/2065/2766 5616/2067/2768
f 5617/2068/3587 5622/2066/2767 5616/2067/2768
f 5618/2070/3588 5622/2066/2767 5617/2068/3587
f 5609/2059/3283 5601/2051/3278 5602/2053/3583
f 5650/957/1744 5653/958/3595 5651/959/1746
f 5652/960/1747 5650/957/1744 5651/959/1746
f 5650/957/1744 5654/961/2802 5653/958/3595
f 5655/962/2803 5654/961/2802 5650/957/1744
f 5654/961/2802 5655/962/2803 5656/963/1750 5657/964/3596
f 5657/964/3596 5658/965/3597 5659/966/3307 5654/961/2802
f 5651/959/1746 5659/966/3307 5658/965/3597 5660/967/1754
f 5651/959/1746 5653/958/3595 5659/966/3307
f 5654/961/2802 5659/966/3307 5653/958/3595
f 5662/972/1759 5661/973/1757 5665/974/1756 5668/975/3598
f 5663/976/1761 5661/970/1757 5662/977/1759
f 5664/971/2806 5661/970/1757 5663/976/1761 5674/978/2808
f 5666/968/3599 5665/969/1756 5661/970/1757 5664/971/2806
f 5667/979/1763 5665/969/1756 5666/968/3599
f 5669/985/2809 5662/972/1759 5668/975/3598
f 5669/985/2809 5670/983/1767 5663/984/1761 5662/972/1759
f 5670/983/1767 5671/981/1765 5672/980/2810 5663/984/1761
f 5674/978/2808 5672/980/2810 5671/981/1765 5673/982/1766
f 5672/980/2810 5674/978/2808 5663/976/1761
f 5678/986/3310 5679/987/1770 5676/988/2812 5675/989/1772
f 5675/991/1772 5676/994/2812 5677/992/3600
f 5678/990/3310 5675/991/1772 5677/992/3600 5680/993/1774
f 5683/996/1776 5681/999/1779 5679/987/1770 5682/997/2813
f 5681/999/1779 5676/988/2812 5679/987/1770
f 5685/995/1775 5683/996/1776 5682/997/2813 5684/998/1778
f 5685/995/1775 5677/992/3600 5676/994/2812 5683/996/1776
f 5681/1000/1779 5683/996/1776 5676/994/2812
f 5698/1001/2814 5689/1002/1781 5686/1003/3601 5687/1004/1783
f 5687/1004/1783 5686/1003/3601 5690/1009/2818 5691/1012/2820
f 5690/1009/2818 5686/1003/3601 5688/1010/2817 5692/1011/2819
f 5695/1005/1784 5688/1006/2817 5686/1007/3601 5689/1008/1781
f 5691/1012/2820 5690/1009/2818 5693/1013/2821
f 5692/1011/2819 5693/1013/2821 5690/1009/2818
f 5696/1014/3602 5694/1015/3315 5693/1013/2821 5692/1016/2819
f 5693/1013/2821 5694/1015/3315 5697/1017/1792 5691/1012/2820
f 5696/1014/3602 5695/1005/1784 5694/1015/3315
f 5695/1005/1784 5696/1014/3602 5692/1016/2819 5688/1006/2817
f 5700/1018/1793 5701/1021/1796 5699/1019/1794
f 5700/1018/1793 5699/1019/1794 5702/1020/1795
f 5703/1023/1798 5705/1024/1799 5701/1021/1796
f 5704/1022/1797 5703/1023/1798 5701/1021/1796
f 5704/1022/1797 5701/1021/1796 5700/1018/1793
f 5705/1024/1799 5706/1025/1800 5701/1021/1796
f 5707/1026/1801 5701/1021/1796 5706/1025/1800
f 5708/1027/1802 5701/1021/1796 5707/1026/1801
f 5708/1027/1802 5709/1028/1803 5701/1021/1796
f 5709/1028/1803 5710/1029/1804 5701/1021/1796
f 5711/1030/2825 5710/1029/1804 5709/1028/1803
f 5709/1028/1803 5712/1031/2826 5711/1030/2825
f 5712/1031/2826 5708/1027/1802 5713/1032/3318
f 5708/1027/1802 5712/1031/2826 5709/1028/1803
f 5708/1027/1802 5714/1033/3603 5713/1032/3318
f 5715/1034/1809 5714/1033/3603 5708/1027/1802
f 5718/1035/1810 5715/1034/1809 5708/1027/1802
f 5715/1034/1809 5717/1036/1811 5716/1037/1812
f 5717/1036/1811 5715/1034/1809 5718/1035/1810
f 5718/1035/1810 5708/1027/1802 5719/1038/2829
f 5717/1036/1811 5718/1035/1810 5720/1040/3604
f 5721/1039/3605 5720/1040/3604 5718/1035/1810
f 5721/1039/3605 5717/1036/1811 5720/1040/3604
f 5719/1038/2829 5708/1027/1802 5722/1041/1816
f 5722/1041/1816 5707/1026/1801 5723/1042/1817
f 5722/1041/1816 5708/1027/1802 5707/1026/1801
f 5723/1042/1817 5707/1026/1801 5724/1043/1818
f 5724/1043/1818 5707/1026/1801 5725/1044/1819
f 5706/1025/1800 5726/1045/3324 5707/1026/1801
f 5727/1046/1821 5705/1024/1799 5703/1023/1798
f 5730/1047/2832 5728/1048/1823 5729/1049/1824
f 5730/1047/2832 5734/1050/3606 5731/1051/1826 5728/1048/1823
f 5735/1053/2835 5733/1054/2836 5731/1051/1826 5732/1052/2834
f 5732/1052/2834 5731/1051/1826 5734/1050/3606
f 5733/1054/2836 5735/1053/2835 5736/1055/3327
f 5733/1054/2836 5736/1055/3327 5737/1056/3607
f 5738/1057/1832 5737/1056/3607 5736/1055/3327
f 5737/1056/3607 5738/1057/1832 5739/1058/3608
f 5740/1059/1834 5739/1058/3608 5738/1057/1832 5742/1060/1835
f 5740/1059/1834 5741/1061/1836 5739/1058/3608
f 5744/1062/1837 5743/1063/1837 5740/1059/1834 5742/1060/1835
f 5742/1060/1835 5746/1064/1838 5745/1065/3330
f 5746/1064/1838 5742/1060/1835 5738/1057/1832
f 5746/1064/1838 5735/1053/2835 5747/1066/1840
f 5735/1053/2835 5746/1064/1838 5736/1055/3327
f 5738/1057/1832 5736/1055/3327 5746/1064/1838
f 5745/1065/3330 5746/1064/1838 5748/1067/1841 5749/1068/1842
f 5747/1066/1840 5748/1067/1841 5746/1064/1838
f 5750/1069/1843 5735/1053/2835 5732/1052/2834
f 5751/1070/3609 5755/1071/2839 5752/1072/2840
f 5753/1073/1847 5751/1074/3609 5752/1075/2840
f 5755/1071/2839 5751/1070/3609 5754/1076/3335
f 5756/1077/1849 5764/1078/3610 5752/1072/2840 5755/1071/2839
f 5756/1077/1849 5755/1071/2839 5757/1079/1851 5758/1080/2842
f 5755/1071/2839 5754/1076/3335 5757/1079/1851
f 5758/1080/2842 5757/1079/1851 5759/1081/3611
f 5759/1081/3611 5757/1079/1851 5760/1082/1854
f 5754/1076/3335 5760/1082/1854 5757/1079/1851
f 5760/1082/1854 5761/1083/1855 5759/1081/3611
f 5762/1084/2844 5763/1085/1857 5761/1083/1855
f 5761/1083/1855 5763/1085/1857 5759/1081/3611
f 5763/1085/1857 5764/1086/3610 5756/1087/1849
f 5763/1085/1857 5765/1088/3612 5764/1086/3610
f 5766/1089/1859 5765/1088/3612 5763/1085/1857
f 5763/1085/1857 5762/1084/2844 5766/1089/1859
f 5763/1085/1857 5758/1080/2842 5759/1081/3611
f 5763/1085/1857 5756/1087/1849 5758/1080/2842
f 5764/1086/3610 5765/1088/3612 5753/1073/1847 5752/1075/2840
f 5769/1090/1860 5768/1093/3613 5767/1091/1861
f 5769/1090/1860 5767/1091/1861 5770/1092/1862
f 5773/1107/1876 5769/1112/1860 5770/1105/1862
f 5771/1103/1873 5772/1104/1874 5770/1105/1862
f 5770/1105/1862 5772/1104/1874 5773/1107/1876
f 5774/1106/1875 5773/1107/1876 5772/1104/1874
f 5777/1111/1864 5769/1112/1860 5773/1107/1876 5774/1106/1875
f 5781/1098/1868 5775/1096/1866 5774/1109/1875 5776/1110/1877
f 5777/1094/1864 5774/1109/1875 5775/1096/1866
f 5776/1108/1877 5774/1106/1875 5772/1104/1874
f 5777/1094/1864 5778/1095/1865 5768/1093/3613 5769/1090/1860
f 5777/1094/1864 5775/1096/1866 5779/1097/1867 5778/1095/1865
f 5781/1098/1868 5782/1099/2849 5780/1100/1870 5779/1097/1867
f 5779/1097/1867 5775/1096/1866 5781/1098/1868
f 5781/1098/1868 5776/1108/1877 5784/1102/1872 5782/1099/2849
f 5780/1100/1870 5782/1099/2849 5783/1101/3614
f 5783/1101/3614 5782/1099/2849 5784/1102/1872
f 5772/1104/1874 5784/1102/1872 5776/1108/1877
f 5783/1101/3614 5784/1102/1872 5771/1103/1873
f 5771/1103/1873 5784/1102/1872 5772/1104/1874
f 5785/1113/2852 5788/1114/1879 5786/1115/2853
f 5787/1116/1881 5785/1117/2852 5786/1118/2853
f 5797/1119/1882 5786/1115/2853 5788/1114/1879 5789/1120/1883
f 5789/1120/1883 5788/1114/1879 5790/1121/1884 5795/1122/1885
f 5791/1123/1886 5790/1121/1884 5788/1114/1879
f 5790/1121/1884 5791/1123/1886 5792/1124/1887
f 5793/1125/2855 5790/1121/1884 5792/1124/1887
f 5790/1121/1884 5793/1125/2855 5794/1126/2856 5795/1122/1885
f 5795/1122/1885 5794/1126/2856 5796/1127/1890 5798/1128/1891
f 5797/1129/1882 5796/1127/1890 5787/1116/1881 5786/1118/2853
f 5797/1129/1882 5798/1128/1891 5796/1127/1890
f 5789/1130/1883 5795/1122/1885 5798/1128/1891
f 5789/1130/1883 5798/1128/1891 5797/1129/1882
f 5802/1131/3615 5799/1132/1893 5800/1133/3616
f 5802/1131/3615 5803/1134/1895 5801/1135/1896 5799/1132/1893
f 5802/1144/3615 5800/1145/3616 5804/1142/2862
f 5802/1144/3615 5804/1142/2862 5805/1140/1901 5803/1134/1895
f 5804/1142/2862 5806/1143/1904 5807/1141/1902 5805/1140/1901
f 5807/1141/1902 5808/1137/3617 5805/1140/1901
f 5809/1136/2858 5808/1137/3617 5810/1138/2860 5801/1135/1896
f 5808/1137/3617 5809/1136/2858 5805/1140/1901
f 5801/1135/1896 5810/1138/2860 5811/1139/2861
f 5803/1134/1895 5805/1140/1901 5809/1136/2858
f 5801/1135/1896 5803/1134/1895 5809/1136/2858
f 5814/1146/1905 5812/1147/3618 5813/1148/3619
f 5815/1149/3620 5812/1147/3618 5814/1146/1905
f 5816/1150/1909 5815/1149/3620 5814/1146/1905 5817/1151/1910
f 5817/1151/1910 5820/1152/1911 5818/1153/1912 5816/1150/1909
f 5820/1152/1911 5822/1154/1913 5819/1155/1914 5818/1153/1912
f 5817/1160/1910 5814/1158/1905 5821/1157/1916 5820/1152/1911
f 5820/1152/1911 5821/1157/1916 5822/1154/1913
f 5822/1154/1913 5823/1156/3621 5819/1155/1914
f 5821/1157/1916 5814/1158/1905 5813/1159/3619
f 5826/1161/2868 5824/1162/1918 5825/1163/1919
f 5827/1164/2870 5826/1161/2868 5825/1163/1919 5828/1165/1921
f 5829/1166/1922 5827/1164/2870 5828/1165/1921 5832/1167/3622
f 5831/1169/2872 5830/1170/3623 5829/1166/1922
f 5832/1167/3622 5833/1168/1924 5831/1169/2872 5829/1166/1922
f 5833/1168/1924 5834/1171/1927 5835/1172/2874 5831/1169/2872
f 5834/1171/1927 5836/1173/1929 5835/1172/2874
f 5837/1174/1930 5838/1175/1930 5836/1173/1929 5834/1171/1927
f 5835/1172/2874 5836/1173/1929 5839/1176/1931
f 5840/1177/2876 5835/1172/2874 5839/1176/1931
f 5831/1169/2872 5835/1172/2874 5840/1177/2876
f 5830/1170/3623 5831/1169/2872 5840/1177/2876
f 5843/1178/1933 5841/1179/3359 5842/1180/1935
f 5843/1178/1933 5844/1181/2878 5841/1179/3359
f 5845/1182/1937 5841/1179/3359 5844/1181/2878
f 5845/1182/1937 5844/1181/2878 5846/1183/1938
f 5849/1184/1939 5845/1182/1937 5846/1183/1938
f 5853/1185/1940 5847/1186/1941 5845/1182/1937 5849/1184/1939
f 5848/1187/1942 5845/1182/1937 5847/1186/1941
f 5850/1188/1943 5845/1182/1937 5848/1187/1942
f 5848/1187/1942 5852/1189/1944 5851/1190/1944 5850/1188/1943
f 5849/1184/1939 5854/1191/3624 5853/1185/1940
f 5854/1191/3624 5855/1192/3363 5853/1185/1940
f 5856/1193/1947 5857/1194/1947 5855/1192/3363 5854/1191/3624
f 5859/1198/3625 5858/1197/1950 5861/1196/1949
f 5860/1195/1948 5858/1197/1950 5862/1199/2884
f 5860/1195/1948 5861/1196/1949 5858/1197/1950
f 5860/1195/1948 5862/1199/2884 5863/1200/3626
f 5864/1201/1954 5860/1195/1948 5863/1200/3626
f 5865/1202/1955 5860/1195/1948 5864/1201/1954
f 5867/1203/542 5870/1204/1956 5866/1205/2885 5865/1202/1955
f 5866/1205/2885 5860/1195/1948 5865/1202/1955
f 5868/1206/3627 5867/1203/542 5869/1207/1959
f 5870/1204/1956 5867/1203/542 5868/1206/3627
f 5870/1204/1956 5868/1206/3627 5871/1208/1960
f 5870/1204/1956 5872/1244/3628 5866/1205/2885
f 5872/1244/3628 5873/1245/1995 5866/1205/2885
f 5866/1205/2885 5873/1245/1995 5874/1246/1996 5860/1195/1948
f 5877/1209/1961 5876/1210/3629 5871/1208/1960 5868/1206/3627
f 5876/1210/3629 5875/1243/3630 5871/1208/1960
f 5878/1242/2899 5875/1243/3630 5876/1210/3629
f 5886/1215/1967 5880/1227/1978 5876/1210/3629 5877/1209/1961
f 5879/1241/3631 5878/1242/2899 5876/1210/3629
f 5880/1227/1978 5879/1241/3631 5876/1210/3629
f 5881/1225/1976 5882/1226/1977 5880/1227/1978
f 5880/1227/1978 5886/1215/1967 5881/1225/1976
f 5907/1228/1979 5883/1229/1980 5880/1227/1978 5882/1226/1977
f 5880/1227/1978 5883/1229/1980 5884/1237/1987
f 5884/1237/1987 5885/1238/1988 5880/1227/1978
f 5880/1227/1978 5885/1238/1988 5879/1241/3631
f 5887/1213/1965 5888/1214/1966 5886/1215/1967
f 5886/1215/1967 5877/1209/1961 5887/1213/1965
f 5886/1215/1967 5888/1214/1966 5889/1217/1969
f 5886/1215/1967 5889/1217/1969 5892/1220/1972 5890/1221/1973
f 5886/1215/1967 5890/1221/1973 5891/1224/2891
f 5881/1225/1976 5886/1215/1967 5891/1224/2891
f 5893/1222/1974 5890/1221/1973 5892/1220/1972 5894/1223/1974
f 5889/1217/1969 5895/1219/1971 5892/1220/1972
f 5896/1218/1970 5889/1217/1969 5888/1214/1966
f 5897/1216/1968 5888/1214/1966 5887/1213/1965
f 5887/1213/1965 5877/1209/1961 5898/1211/1963
f 5898/1211/1963 5877/1209/1961 5868/1206/3627 5899/1212/1964
f 5885/1238/1988 5900/1240/1990 5879/1241/3631
f 5885/1238/1988 5884/1237/1987 5901/1239/1989
f 5879/1241/3631 5900/1240/1990 5878/1242/2899
f 5878/1242/2899 5900/1240/1990 5875/1243/3630
f 5883/1229/1980 5902/1235/1985 5884/1237/1987
f 5903/1234/3371 5902/1235/1985 5883/1229/1980
f 5903/1234/3371 5904/1236/3632 5902/1235/1985
f 5905/1233/1983 5903/1234/3371 5883/1229/1980
f 5906/1232/2895 5905/1233/1983 5883/1229/1980
f 5907/1228/1979 5906/1232/2895 5883/1229/1980
f 5909/1230/1981 5908/1231/1981 5907/1228/1979 5882/1226/1977
f 5910/1247/1997 5912/1248/1998 5914/1249/1999 5911/1250/2902
f 5913/1251/2001 5910/1247/1997 5911/1250/2902
f 5915/1252/2002 5946/1253/2003 5914/1249/1999 5912/1248/1998
f 5912/1248/1998 5916/1254/2004 5917/1255/3633 5915/1252/2002
f 5918/1256/3634 5917/1255/3633 5916/1254/2004
f 5918/1256/3634 5916/1254/2004 5919/1257/2007
f 5919/1257/2007 5920/1258/2008 5918/1256/3634
f 5919/1257/2007 5923/1261/2011 5920/1258/2008
f 5919/1257/2007 5921/1259/2009 5922/1260/3635
f 5919/1257/2007 5922/1260/3635 5923/1261/2011
f 5918/1256/3634 5920/1258/2008 5924/1262/2012
f 5924/1262/2012 5925/1263/2013 5918/1256/3634
f 5928/1264/2014 5926/1265/3379 5925/1263/2013 5927/1266/2016
f 5926/1265/3379 5932/1267/2017 5918/1256/3634 5925/1263/2013
f 5926/1265/3379 5928/1264/2014 5929/1268/3636
f 5930/1269/3637 5933/1270/3638 5932/1267/2017 5926/1265/3379
f 5931/1271/2021 5930/1269/3637 5926/1265/3379
f 5917/1255/3633 5918/1256/3634 5932/1267/2017
f 5937/1303/2053 5915/1252/2002 5932/1267/2017
f 5932/1267/2017 5915/1252/2002 5917/1255/3633
f 5934/1274/2024 5932/1267/2017 5933/1270/3638
f 5935/1278/2915 5932/1267/2017 5934/1274/2024
f 5936/1284/2034 5932/1267/2017 5935/1278/2915
f 5937/1303/2053 5932/1267/2017 5936/1284/2034
f 5937/1303/2053 5938/1304/2054 5915/1252/2002
f 5939/1305/2055 5915/1252/2002 5938/1304/2054
f 5942/1306/2056 5915/1252/2002 5939/1305/2055
f 5942/1306/2056 5939/1305/2055 5940/1307/2057
f 5941/1308/2058 5940/1307/2057 5939/1305/2055
f 5942/1306/2056 5944/1311/2061 5943/1309/2059
f 5942/1306/2056 5943/1309/2059 5945/1310/2925
f 5945/1310/2925 5915/1252/2002 5942/1306/2056
f 5949/1322/2072 5946/1253/2003 5945/1310/2925
f 5945/1310/2925 5946/1253/2003 5915/1252/2002
f 5947/1312/2941 5945/1310/2925 5943/1309/2059
f 5947/1312/2941 5948/1316/2066 5945/1310/2925
f 5945/1310/2925 5948/1316/2066 5949/1322/2072
f 5953/1325/2075 5946/1253/2003 5949/1322/2072 5950/1321/2071
f 5950/1321/2071 5949/1322/2072 5948/1316/2066 5951/1319/3377
f 5950/1321/2071 5951/1319/3377 5952/1324/2937
f 5953/1325/2075 5954/1326/2938 5946/1253/2003
f 5955/1327/2077 5957/1328/2078 5954/1326/2938 5953/1325/2075
f 5956/1329/3639 5957/1328/2078 5955/1327/2077
f 5946/1253/2003 5954/1326/2938 5914/1249/1999
f 5948/1316/2066 5959/1317/2067 5951/1319/3377
f 5960/1323/2073 5951/1319/3377 5958/1320/3396
f 5951/1319/3377 5959/1317/2067 5958/1320/3396
f 5959/1317/2067 5961/1318/2929 5958/1320/3396
f 5947/1312/2941 5959/1317/2067 5948/1316/2066
f 5959/1317/2067 5947/1312/2941 5961/1318/2929
f 5961/1318/2929 5947/1312/2941 5966/1315/3640
f 5962/1331/2081 5963/1330/2080 5961/1318/2929
f 5962/1331/2081 5961/1318/2929 5965/1336/2086
f 5961/1318/2929 5963/1330/2080 5958/1320/3396
f 5965/1336/2086 5961/1318/2929 5964/1338/2088
f 5964/1338/2088 5961/1318/2929 5966/1315/3640 5969/1339/2089
f 5966/1315/3640 5947/1312/2941 5943/1309/2059
f 5967/1314/3641 5966/1315/3640 5943/1309/2059
f 5966/1315/3640 5967/1314/3641 5970/1342/3642
f 5969/1339/2089 5966/1315/3640 5968/1340/3643
f 5970/1342/3642 5968/1340/3643 5966/1315/3640
f 5968/1340/3643 5971/1341/2091 5969/1339/2089
f 5972/1313/2063 5967/1314/3641 5943/1309/2059
f 5943/1309/2059 5944/1311/2061 5972/1313/2063
f 5973/1335/2085 5962/1331/2081 5965/1336/2086
f 5962/1331/2081 5973/1335/2085 5974/1334/2084
f 5975/1333/2083 5962/1331/2081 5974/1334/2084
f 5976/1337/2087 5962/1331/2081 5975/1333/2083
f 5977/1332/2082 5963/1330/2080 5962/1331/2081
f 5979/1283/2033 5936/1284/2034 5935/1278/2915
f 5980/1288/2038 5936/1284/2034 5978/1286/3644
f 5978/1286/3644 5936/1284/2034 5979/1283/2033
f 5981/1292/2922 5936/1284/2034 5980/1288/2038
f 5980/1288/2038 5983/1290/2040 5982/1291/2921 5981/1292/2922
f 5984/1289/2039 5983/1290/2040 5980/1288/2038
f 5984/1289/2039 5980/1288/2038 5978/1286/3644
f 5985/1282/3386 5979/1283/2033 5935/1278/2915
f 5985/1282/3386 5986/1285/3645 5979/1283/2033
f 5986/1285/3645 5987/1287/2920 5979/1283/2033
f 5979/1283/2033 5987/1287/2920 5978/1286/3644
f 5985/1282/3386 5988/1293/3646 5986/1285/3645
f 5985/1282/3386 5989/1294/2044 5988/1293/3646
f 5992/1295/2045 5990/1296/2046 5989/1294/2044
f 5991/1297/2047 5989/1294/2044 5985/1282/3386
f 5992/1295/2045 5989/1294/2044 5991/1297/2047
f 5991/1297/2047 5985/1282/3386 5993/1281/2031
f 5935/1278/2915 5994/1279/2029 5993/1281/2031 5985/1282/3386
f 5995/1298/2048 5993/1281/2031 5994/1279/2029
f 5996/1301/2051 5995/1298/2048 5998/1300/2050
f 5997/1299/2049 5998/1300/2050 5995/1298/2048
f 5997/1299/2049 5995/1298/2048 5994/1279/2029
f 5999/1302/3647 5998/1300/2050 5997/1299/2049
f 5994/1279/2029 5935/1278/2915 6000/1280/3648
f 5935/1278/2915 6002/1277/2913 6000/1280/3648
f 6000/1280/3648 6002/1277/2913 6001/1276/2912
f 5934/1274/2024 6002/1277/2913 5935/1278/2915
f 6001/1276/2912 6002/1277/2913 5934/1274/2024 6003/1275/2025
f 6003/1275/2025 5934/1274/2024 6004/1273/2023
f 6004/1273/2023 5934/1274/2024 5933/1270/3638 6005/1272/2911
f 5930/1269/3637 5931/1271/2021 6005/1272/2911
f 6005/1272/2911 5933/1270/3638 5930/1269/3637
f 6017/1346/2096 6007/1347/2097 6006/1344/3649 6008/1343/3650
f 6008/1343/3650 6006/1344/3649 6009/1345/2095
f 6009/1358/2095 6010/1355/2104 6008/1357/3650
f 6017/1356/2096 6008/1357/3650 6010/1355/2104 6011/1354/2099
f 6011/1354/2099 6010/1355/2104 6012/1351/2945 6013/1350/2944
f 6012/1351/2945 6014/1352/2102 6016/1348/2098 6013/1350/2944
f 6014/1352/2102 6012/1351/2945 6015/1353/2103
f 6011/1349/2099 6013/1350/2944 6016/1348/2098
f 6011/1349/2099 6016/1348/2098 6017/1346/2096
f 6007/1347/2097 6017/1346/2096 6016/1348/2098
f 6019/1362/2105 6027/1363/2108 6020/1364/2109 6018/1365/2106
f 6019/1359/2105 6018/1360/2106 6021/1361/2949
f 6021/1361/2949 6023/1370/3651 6019/1359/2105
f 6022/1369/2113 6023/1370/3651 6021/1361/2949
f 6025/1366/2110 6019/1359/2105 6023/1370/3651 6024/1367/2111
f 6023/1370/3651 6022/1369/2113 6024/1367/2111
f 6024/1367/2111 6026/1368/3401 6027/1363/2108 6025/1366/2110
f 6024/1367/2111 6022/1369/2113 6026/1368/3401
f 6027/1363/2108 6019/1362/2105 6025/1366/2110
f 6033/1375/3652 6031/1372/3403 6028/1371/2953 6029/1376/2120
f 6028/1371/2953 6031/1372/3403 6032/1373/2117 6030/1374/2118
f 6034/1387/2130 6032/1390/2117 6031/1391/3403
f 6031/1391/3403 6033/1385/3652 6034/1387/2130
f 6036/1386/2129 6032/1390/2117 6034/1387/2130
f 6036/1386/2129 6034/1387/2130 6035/1384/2128
f 6034/1387/2130 6033/1385/3652 6035/1384/2128
f 6036/1386/2129 6037/1388/2131 6030/1389/2118 6032/1390/2117
f 6035/1384/2128 6033/1385/3652 6038/1380/2124
f 6035/1384/2128 6038/1380/2124 6040/1379/2957 6039/1383/3653
f 6042/1381/3404 6041/1382/2126 6039/1383/3653 6040/1379/2957
f 6040/1379/2957 6043/1378/2956 6042/1381/3404
f 6044/1377/2955 6033/1375/3652 6029/1376/2120 6043/1378/2956
f 6040/1379/2957 6038/1380/2124 6044/1377/2955 6043/1378/2956
f 6038/1380/2124 6033/1385/3652 6044/1377/2955
f 6047/1395/2135 6049/1396/2136 6046/1394/2134 6045/1393/2133
f 6048/1392/2958 6045/1393/2133 6046/1394/2134
f 6049/1396/2136 6047/1395/2135 6052/1397/2137
f 6050/1474/3654 6047/1395/2135 6051/1476/2216
f 6052/1397/2137 6047/1395/2135 6050/1474/3654
f 6053/1398/2138 6049/1396/2136 6052/1397/2137
f 6054/1400/2140 6053/1398/2138 6052/1397/2137
f 6054/1400/2140 6052/1397/2137 6055/1407/2147
f 6126/1442/2182 6055/1407/2147 6052/1397/2137 6056/1444/2184
f 6056/1444/2184 6052/1397/2137 6057/1469/2209 6059/1445/3655
f 6057/1469/2209 6052/1397/2137 6050/1474/3654
f 6058/1470/2210 6061/1466/2206 6057/1469/2209
f 6050/1474/3654 6058/1470/2210 6057/1469/2209
f 6062/1455/2195 6059/1445/3655 6057/1469/2209
f 6062/1455/2195 6057/1469/2209 6060/1468/2208
f 6057/1469/2209 6061/1466/2206 6060/1468/2208
f 6064/1453/2968 6062/1455/2195 6063/1456/3656
f 6063/1456/3656 6062/1455/2195 6060/1468/2208
f 6062/1455/2195 6064/1453/2968 6066/1452/3416 6065/1450/2190
f 6059/1445/3655 6062/1455/2195 6065/1450/2190 6068/1446/2186
f 6065/1450/2190 6066/1452/3416 6069/1449/2189
f 6067/1448/2973 6068/1446/2186 6065/1450/2190
f 6067/1448/2973 6065/1450/2190 6069/1449/2189
f 6071/1431/2171 6069/1449/2189 6070/1451/2191
f 6070/1451/2191 6069/1449/2189 6066/1452/3416
f 6071/1431/2171 6067/1448/2973 6069/1449/2189
f 6071/1431/2171 6070/1451/2191 6078/1461/2201
f 6067/1448/2973 6071/1431/2171 6073/1447/2187
f 6072/1429/2984 6077/1430/2170 6071/1431/2171
f 6071/1431/2171 6074/1440/3657 6073/1447/2187
f 6071/1431/2171 6075/1434/2174 6074/1440/3657
f 6076/1432/2172 6075/1434/2174 6071/1431/2171
f 6071/1431/2171 6077/1430/2170 6076/1432/2172
f 6078/1461/2201 6070/1451/2191 6081/1454/3658 6079/1459/2199
f 6080/1458/2198 6079/1459/2199 6081/1454/3658
f 6081/1454/3658 6064/1453/2968 6063/1456/3656
f 6081/1454/3658 6063/1456/3656 6082/1457/2967
f 6080/1458/2198 6081/1454/3658 6083/1460/2200
f 6070/1451/2191 6066/1452/3416 6064/1453/2968 6081/1454/3658
f 6081/1454/3658 6082/1457/2967 6083/1460/2200
f 6083/1460/2200 6082/1457/2967 6084/1462/2966
f 6085/1463/2203 6080/1458/2198 6083/1460/2200
f 6087/1464/3412 6086/1465/3411 6084/1462/2966
f 6087/1464/3412 6084/1462/2966 6082/1457/2967
f 6086/1465/3411 6087/1464/3412 6061/1466/2206 6089/1467/2207
f 6082/1457/2967 6060/1468/2208 6087/1464/3412
f 6061/1466/2206 6087/1464/3412 6060/1468/2208
f 6089/1467/2207 6088/1473/3659 6086/1465/3411
f 6058/1470/2210 6090/1471/2962 6089/1467/2207 6061/1466/2206
f 6089/1467/2207 6090/1471/2962 6091/1472/2212
f 6088/1473/3659 6089/1467/2207 6091/1472/2212
f 6063/1456/3656 6060/1468/2208 6082/1457/2967
f 6072/1429/2984 6092/1428/2168 6077/1430/2170
f 6077/1430/2170 6092/1428/2168 6094/1433/2983 6076/1432/2172
f 6093/1426/2166 6092/1428/2168 6072/1429/2984 6123/1427/2167
f 6094/1433/2983 6092/1428/2168 6093/1426/2166 6095/1425/2165
f 6094/1433/2983 6095/1425/2165 6096/1435/2979
f 6094/1433/2983 6096/1435/2979 6076/1432/2172
f 6099/1436/2176 6097/1437/2177 6096/1435/2979
f 6097/1437/2177 6075/1434/2174 6096/1435/2979
f 6075/1434/2174 6076/1432/2172 6096/1435/2979
f 6096/1435/2979 6095/1425/2165 6098/1438/3660
f 6099/1436/2176 6096/1435/2979 6098/1438/3660
f 6100/1439/2179 6097/1437/2177 6099/1436/2176
f 6099/1436/2176 6101/1409/2149 6100/1439/2179
f 6102/1419/2159 6101/1409/2149 6099/1436/2176
f 6099/1436/2176 6098/1438/3660 6102/1419/2159
f 6104/1417/3661 6124/1418/2158 6103/1416/2988 6102/1419/2159
f 6102/1419/2159 6103/1416/2988 6106/1415/2155
f 6102/1419/2159 6105/1421/2985 6121/1422/3662 6104/1417/3661
f 6098/1438/3660 6105/1421/2985 6102/1419/2159
f 6102/1419/2159 6106/1415/2155 6101/1409/2149
f 6106/1415/2155 6103/1416/2988 6107/1414/2989
f 6106/1415/2155 6107/1414/2989 6101/1409/2149
f 6101/1409/2149 6107/1414/2989 6108/1411/3663
f 6109/1412/2152 6108/1411/3663 6110/1413/3664
f 6111/1410/3428 6108/1411/3663 6109/1412/2152
f 6101/1409/2149 6108/1411/3663 6111/1410/3428
f 6112/1408/2148 6101/1409/2149 6111/1410/3428
f 6055/1407/2147 6112/1408/2148 6113/1405/3665
f 6101/1409/2149 6112/1408/2148 6055/1407/2147
f 6055/1407/2147 6113/1405/3665 6114/1402/2994
f 6114/1402/2994 6113/1405/3665 6115/1404/2144
f 6113/1405/3665 6116/1406/2146 6115/1404/2144
f 6117/1403/2143 6114/1402/2994 6115/1404/2144
f 6118/1401/2998 6114/1402/2994 6117/1403/2143
f 6054/1400/2140 6118/1401/2998 6119/1399/2999
f 6118/1401/2998 6054/1400/2140 6114/1402/2994
f 6054/1400/2140 6119/1399/2999 6053/1398/2138
f 6119/1399/2999 6049/1396/2136 6053/1398/2138
f 6055/1407/2147 6114/1402/2994 6054/1400/2140
f 6105/1421/2985 6095/1425/2165 6093/1426/2166 6120/1424/2164
f 6121/1422/3662 6105/1421/2985 6120/1424/2164
f 6095/1425/2165 6105/1421/2985 6098/1438/3660
f 6104/1417/3661 6121/1422/3662 6122/1423/2163
f 6123/1427/2167 6120/1424/2164 6093/1426/2166
f 6124/1418/2158 6104/1417/3661 6125/1420/2160
f 6100/1439/2179 6101/1409/2149 6055/1407/2147 6126/1442/2182
f 6075/1434/2174 6100/1439/2179 6074/1440/3657
f 6127/1441/3666 6074/1440/3657 6100/1439/2179 6126/1442/2182
f 6100/1439/2179 6075/1434/2174 6097/1437/2177
f 6127/1441/3666 6126/1442/2182 6128/1443/2975
f 6126/1442/2182 6056/1444/2184 6128/1443/2975
f 6056/1444/2184 6059/1445/3655 6128/1443/2975
f 6128/1443/2975 6059/1445/3655 6068/1446/2186
f 6128/1443/2975 6068/1446/2186 6073/1447/2187
f 6073/1447/2187 6127/1441/3666 6128/1443/2975
f 6074/1440/3657 6127/1441/3666 6073/1447/2187
f 6073/1447/2187 6068/1446/2186 6067/1448/2973
f 6131/1475/2215 6050/1474/3654 6051/1476/2216 6129/1477/2217
f 6130/1478/2218 6129/1477/2217 6051/1476/2216
f 6133/1479/2219 6132/1480/3003 6135/1481/2221
f 6134/1482/3667 6132/1483/3003 6133/1484/2219
f 6136/1485/3668 6149/1486/2224 6133/1479/2219 6135/1481/2221
f 6139/1487/3669 6136/1485/3668 6135/1481/2221 6137/1488/2226
f 6137/1488/2226 6138/1489/3007 6142/1490/2228 6141/1491/3008
f 6138/1489/3007 6137/1488/2226 6140/1492/2230
f 6137/1488/2226 6141/1491/3008 6139/1487/3669
f 6139/1493/3669 6141/1494/3008 6142/1490/2228
f 6143/1495/2231 6139/1493/3669 6142/1490/2228
f 6143/1495/2231 6142/1490/2228 6144/1496/3010
f 6138/1489/3007 6145/1497/3440 6144/1496/3010 6142/1490/2228
f 6143/1495/2231 6144/1496/3010 6147/1498/3670 6150/1499/2235
f 6145/1497/3440 6146/1500/2236 6144/1496/3010
f 6148/1501/3013 6149/1502/2224 6147/1498/3670
f 6149/1502/2224 6150/1499/2235 6147/1498/3670
f 6139/1493/3669 6143/1495/2231 6150/1499/2235 6149/1502/2224
f 6133/1484/2219 6149/1502/2224 6148/1501/3013 6134/1482/3667
f 6149/1502/2224 6136/1503/3668 6139/1493/3669
f 6146/1500/2236 6145/1497/3440 6138/1489/3007
f 6146/1500/2236 6138/1489/3007 6140/1492/2230
f 6153/1504/3671 6151/1505/2239 6152/1506/3672
f 6154/1507/2241 6153/1504/3671 6152/1506/3672
f 6154/1507/2241 6152/1506/3672 6155/1508/3016
f 6155/1508/3016 6156/1509/2243 6154/1507/2241
f 6157/1510/2244 6154/1507/2241 6156/1509/2243
f 6156/1509/2243 6159/1511/3673 6158/1512/3674 6157/1510/2244
f 6161/1513/3445 6160/1514/3675 6158/1512/3674 6159/1511/3673
f 6160/1514/3675 6161/1513/3445 6162/1515/3447
f 6162/1515/3447 6161/1513/3445 6163/1517/2251
f 6163/1517/2251 6164/1520/3676 6162/1515/3447
f 6161/1513/3445 6165/1516/3024 6163/1517/2251
f 6166/1518/3448 6165/1516/3024 6161/1513/3445
f 6156/1509/2243 6166/1518/3448 6159/1511/3673
f 6166/1518/3448 6156/1509/2243 6167/1519/3677
f 6166/1518/3448 6161/1513/3445 6159/1511/3673
f 6168/1521/3026 6172/1522/2256 6173/1523/2257 6169/1524/2258
f 6171/1525/3027 6168/1521/3026 6169/1524/2258
f 6168/1527/3026 6170/1526/2260 6175/1529/2261 6172/1530/2256
f 6170/1526/2260 6168/1527/3026 6171/1528/3027
f 6172/1522/2256 6174/1534/3028 6183/1536/2266 6173/1523/2257
f 6172/1522/2256 6175/1533/2261 6174/1534/3028
f 6175/1529/2261 6176/1531/2262 6177/1535/3029 6174/1534/3028
f 6176/1531/2262 6175/1529/2261 6170/1526/2260
f 6176/1531/2262 6180/1538/3678 6177/1535/3029
f 6176/1531/2262 6170/1526/2260 6178/1532/2263
f 6179/1540/3031 6176/1531/2262 6178/1532/2263
f 6180/1538/3678 6176/1531/2262 6179/1540/3031
f 6182/1537/2267 6177/1535/3029 6180/1538/3678 6181/1539/2269
f 6174/1534/3028 6177/1535/3029 6182/1537/2267 6183/1536/2266
f 6170/1526/2260 6171/1528/3027 6178/1532/2263
f 6186/1541/3032 6184/1542/3679 6185/1543/2273
f 6185/1543/2273 6189/1544/3034 6187/1545/3035 6186/1541/3032
f 6188/1546/2276 6187/1545/3035 6189/1544/3034
f 6190/1547/2277 6192/1548/2278 6188/1546/2276 6189/1544/3034
f 6191/1573/3680 6190/1547/2277 6193/1574/2304
f 6190/1547/2277 6191/1573/3680 6192/1548/2278
f 6196/1552/2282 6191/1573/3680 6193/1574/2304 6194/1572/3681
f 6194/1572/3681 6195/1571/2301 6196/1552/2282
f 6192/1548/2278 6196/1552/2282 6197/1550/3682
f 6197/1550/3682 6196/1552/2282 6198/1553/3683 6199/1551/2281
f 6196/1552/2282 6195/1571/2301 6198/1553/3683
f 6196/1552/2282 6192/1548/2278 6191/1573/3680
f 6198/1553/3683 6201/1554/3684 6204/1555/3039 6199/1551/2281
f 6198/1553/3683 6195/1571/2301 6202/1570/3685
f 6200/1569/3048 6203/1568/2298 6198/1553/3683
f 6202/1570/3685 6200/1569/3048 6198/1553/3683
f 6198/1553/3683 6203/1568/2298 6201/1554/3684
f 6201/1554/3684 6207/1556/3686 6204/1555/3039
f 6201/1554/3684 6205/1566/2296 6207/1556/3686
f 6206/1567/3047 6205/1566/2296 6201/1554/3684
f 6207/1556/3686 6208/1557/2287 6210/1558/2288 6204/1555/3039
f 6207/1556/3686 6205/1566/2296 6208/1557/2287
f 6208/1557/2287 6205/1566/2296 6209/1560/2290
f 6208/1557/2287 6209/1560/2290 6211/1559/2289 6210/1558/2288
f 6204/1555/3039 6210/1558/2288 6211/1559/2289
f 6211/1559/2289 6209/1560/2290 6212/1561/3461
f 6211/1559/2289 6212/1561/3461 6213/1562/3463
f 6212/1561/3461 6209/1560/2290 6214/1563/3687
f 6215/1564/3688 6212/1561/3461 6214/1563/3687
f 6216/1565/3046 6214/1563/3687 6209/1560/2290
f 6205/1566/2296 6216/1565/3046 6209/1560/2290
f 6217/1549/2279 6197/1550/3682 6199/1551/2281
f 6217/1549/2279 6188/1546/2276 6192/1548/2278
f 6217/1549/2279 6192/1548/2278 6197/1550/3682
f 6219/1575/3689 6218/1576/2306 6220/1577/3690
f 6221/1578/2308 6218/1576/2306 6219/1575/3689 6222/1579/3052
f 6222/1579/3052 6224/1580/2310 6223/1581/3691 6221/1578/2308
f 6224/1580/2310 6227/1582/2312 6225/1583/3053 6223/1581/3691
f 6225/1583/3053 6227/1582/2312 6228/1584/2314 6226/1585/2315
f 6227/1582/2312 6229/1586/2316 6232/1587/3692 6228/1584/2314
f 6224/1580/2310 6229/1591/2316 6227/1582/2312
f 6230/1590/2320 6229/1591/2316 6224/1580/2310 6222/1579/3052
f 6231/1589/3693 6229/1586/2316 6230/1592/2320
f 6233/1588/2318 6232/1587/3692 6229/1586/2316 6231/1589/3693
f 6233/1588/2318 6231/1589/3693 6234/1593/2321
f 6219/1594/3689 6220/1595/3690 6234/1593/2321
f 6230/1592/2320 6222/1596/3052 6219/1594/3689 6234/1593/2321
f 6231/1589/3693 6230/1592/2320 6234/1593/2321
f 6236/1597/3056 6235/1598/2323 6237/1599/3694
f 6237/1599/3694 6238/1600/3058 6236/1597/3056
f 6238/1614/3058 6237/1616/3694 6239/1612/2337
f 6238/1614/3058 6239/1612/2337 6241/1611/2336 6242/1615/2326
f 6241/1611/2336 6239/1612/2337 6240/1610/2335
f 6242/1601/2326 6241/1613/2336 6243/1603/2328
f 6243/1603/2328 6241/1611/2336 6240/1610/2335
f 6242/1601/2326 6243/1603/2328 6244/1602/3059
f 6245/1604/2329 6244/1602/3059 6243/1603/2328
f 6240/1610/2335 6246/1606/2331 6245/1604/2329 6243/1603/2328
f 6246/1606/2331 6248/1607/3695 6247/1605/2330 6245/1604/2329
f 6244/1602/3059 6245/1604/2329 6247/1605/2330
f 6246/1606/2331 6250/1608/2333 6249/1609/2334 6248/1607/3695
f 6246/1606/2331 6240/1610/2335 6250/1608/2333
f 6242/1601/2326 6244/1602/3059 6236/1597/3056 6238/1600/3058
f 6252/1621/2341 6256/1622/3476 6251/1623/3063
f 6252/1620/2341 6251/1618/3063 6255/1617/2338
f 6251/1618/3063 6254/1624/2343 6266/1625/3696 6253/1619/3065
f 6255/1617/2338 6251/1618/3063 6253/1619/3065
f 6254/1626/2343 6251/1623/3063 6256/1622/3476 6257/1627/2345
f 6258/1628/3697 6257/1627/2345 6256/1622/3476
f 6252/1621/2341 6258/1628/3697 6256/1622/3476
f 6257/1627/2345 6258/1628/3697 6260/1629/3479 6262/1630/2348
f 6258/1628/3697 6259/1631/3698 6260/1629/3479
f 6264/1632/2350 6262/1630/2348 6260/1629/3479 6261/1633/3067
f 6259/1631/3698 6261/1633/3067 6260/1629/3479
f 6257/1634/2345 6262/1635/2348 6263/1636/2352
f 6262/1630/2348 6264/1632/2350 6263/1636/2352
f 6263/1636/2352 6264/1632/2350 6265/1637/2353
f 6267/1638/3070 6265/1637/2353 6264/1632/2350 6261/1633/3067
f 6265/1637/2353 6266/1625/3696 6263/1636/2352
f 6268/1639/3069 6267/1638/3070 6261/1633/3067
f 6268/1639/3069 6261/1633/3067 6269/1640/3481
f 6269/1640/3481 6261/1633/3067 6259/1631/3698
f 6266/1625/3696 6257/1634/2345 6263/1636/2352
f 6266/1625/3696 6254/1624/2343 6257/1634/2345
f 6271/1641/2357 6270/1642/3699 6272/1643/3072
f 6271/1641/2357 6272/1643/3072 6273/1644/3073
f 6277/1645/2361 6271/1641/2357 6273/1644/3073
f 6274/1708/3112 6273/1644/3073 6276/1717/3117
f 6275/1707/3074 6273/1644/3073 6274/1708/3112
f 6275/1707/3074 6277/1645/2361 6273/1644/3073
f 6277/1645/2361 6282/1646/3700 6271/1641/2357
f 6281/1705/3077 6277/1645/2361 6278/1704/3075
f 6278/1704/3075 6277/1645/2361 6280/1702/3076
f 6279/1647/2363 6282/1646/3700 6277/1645/2361
f 6281/1705/3077 6279/1647/2363 6277/1645/2361
f 6275/1707/3074 6280/1702/3076 6277/1645/2361
f 6279/1647/2363 6283/1648/3079 6282/1646/3700
f 6279/1647/2363 6284/1649/2365 6283/1648/3079
f 6285/1650/2366 6284/1649/2365 6279/1647/2363
f 6286/1651/2367 6284/1649/2365 6285/1650/2366
f 6288/1652/2368 6285/1650/2366 6287/1654/2370
f 6287/1654/2370 6285/1650/2366 6279/1647/2363
f 6288/1652/2368 6289/1653/2369 6285/1650/2366
f 6289/1653/2369 6290/1655/2371 6285/1650/2366
f 6294/1656/3701 6289/1653/2369 6291/1657/3090
f 6291/1657/3090 6289/1653/2369 6292/1658/3092
f 6292/1658/3092 6289/1653/2369 6288/1652/2368
f 6293/1659/2375 6297/1660/3702 6289/1653/2369
f 6296/1661/3095 6293/1659/2375 6289/1653/2369
f 6295/1662/3703 6289/1653/2369 6294/1656/3701
f 6296/1661/3095 6289/1653/2369 6295/1662/3703
f 6293/1659/2375 6298/1663/2379 6297/1660/3702
f 6302/1664/2380 6300/1665/3097 6298/1663/2379 6299/1666/2382
f 6293/1659/2375 6315/1668/2384 6299/1666/2382 6298/1663/2379
f 6298/1663/2379 6300/1665/3097 6301/1667/3704
f 6302/1664/2380 6303/1686/2402 6300/1665/3097
f 6314/1669/3705 6304/1670/2386 6302/1664/2380 6299/1666/2382
f 6304/1670/2386 6305/1675/3706 6302/1664/2380
f 6307/1676/3102 6305/1675/3706 6306/1674/2390
f 6306/1674/2390 6305/1675/3706 6304/1670/2386
f 6308/1673/2389 6306/1674/2390 6304/1670/2386
f 6309/1677/2393 6306/1674/2390 6308/1673/2389
f 6309/1677/2393 6311/1678/3103 6310/1679/3104
f 6309/1677/2393 6312/1671/2387 6311/1678/3103
f 6309/1677/2393 6313/1672/3707 6312/1671/2387
f 6309/1677/2393 6308/1673/2389 6313/1672/3707
f 6313/1672/3707 6314/1669/3705 6299/1666/2382 6312/1671/2387
f 6313/1672/3707 6308/1673/2389 6314/1669/3705
f 6308/1673/2389 6304/1670/2386 6314/1669/3705
f 6312/1671/2387 6299/1666/2382 6315/1668/2384
f 6316/1681/3708 6312/1671/2387 6315/1668/2384
f 6316/1681/3708 6311/1678/3103 6312/1671/2387
f 6317/1680/2396 6316/1681/3708 6315/1668/2384
f 6317/1680/2396 6311/1678/3103 6316/1681/3708
f 6318/1682/3108 6310/1679/3104 6317/1680/2396
f 6318/1682/3108 6317/1680/2396 6293/1659/2375
f 6310/1679/3104 6311/1678/3103 6317/1680/2396
f 6317/1680/2396 6315/1668/2384 6293/1659/2375
f 6294/1656/3701 6318/1682/3108 6320/1683/2399
f 6319/1684/2400 6318/1682/3108 6294/1656/3701
f 6320/1683/2399 6318/1682/3108 6293/1659/2375
f 6294/1656/3701 6320/1683/2399 6295/1662/3703
f 6295/1662/3703 6320/1683/2399 6321/1685/3110
f 6320/1683/2399 6293/1659/2375 6321/1685/3110
f 6321/1685/3110 6296/1661/3095 6295/1662/3703
f 6321/1685/3110 6293/1659/2375 6296/1661/3095
f 6291/1657/3090 6292/1658/3092 6322/1687/3091
f 6322/1687/3091 6292/1658/3092 6288/1652/2368
f 6322/1687/3091 6288/1652/2368 6326/1688/3082 6323/1689/2405
f 6291/1657/3090 6322/1687/3091 6323/1689/2405 6325/1690/3492
f 6324/1691/2407 6325/1690/3492 6323/1689/2405
f 6323/1689/2405 6326/1688/3082 6324/1691/2407
f 6327/1692/2408 6326/1688/3082 6329/1693/2409
f 6328/1694/3087 6326/1688/3082 6327/1692/2408 6337/1695/3084
f 6328/1694/3087 6324/1691/2407 6326/1688/3082
f 6329/1693/2409 6326/1688/3082 6287/1654/2370 6330/1696/2412
f 6288/1652/2368 6287/1654/2370 6326/1688/3082
f 6329/1693/2409 6331/1697/3709 6327/1692/2408
f 6330/1696/2412 6333/1698/2414 6331/1697/3709 6329/1693/2409
f 6337/1695/3084 6327/1692/2408 6331/1697/3709 6332/1699/3085
f 6331/1697/3709 6333/1698/2414 6334/1700/3710 6332/1699/3085
f 6334/1700/3710 6333/1698/2414 6279/1647/2363
f 6333/1698/2414 6330/1696/2412 6279/1647/2363
f 6334/1700/3710 6335/1701/3086 6332/1699/3085
f 6334/1700/3710 6280/1702/3076 6335/1701/3086
f 6280/1702/3076 6334/1700/3710 6336/1703/3078
f 6334/1700/3710 6279/1647/2363 6336/1703/3078
f 6278/1704/3075 6280/1702/3076 6336/1703/3078
f 6336/1703/3078 6281/1705/3077 6278/1704/3075
f 6281/1705/3077 6336/1703/3078 6279/1647/2363
f 6287/1654/2370 6279/1647/2363 6330/1696/2412
f 6328/1694/3087 6325/1690/3492 6324/1691/2407
f 6338/1706/2422 6280/1702/3076 6275/1707/3074
f 6338/1706/2422 6275/1707/3074 6339/1711/3113
f 6338/1706/2422 6339/1711/3113 6340/1712/2428
f 6342/1713/2429 6341/1714/3115 6340/1712/2428
f 6340/1712/2428 6339/1711/3113 6342/1713/2429
f 6342/1713/2429 6345/1710/2426 6343/1709/2425
f 6343/1709/2425 6344/1715/2431 6342/1713/2429
f 6344/1715/2431 6341/1714/3115 6342/1713/2429
f 6339/1711/3113 6345/1710/2426 6342/1713/2429
f 6343/1709/2425 6345/1710/2426 6275/1707/3074 6274/1708/3112
f 6339/1711/3113 6275/1707/3074 6345/1710/2426
f 6276/1717/3117 6344/1715/2431 6343/1709/2425 6274/1708/3112
f 6341/1714/3115 6344/1715/2431 6346/1716/3116
f 6349/1718/3118 6347/1719/3711 6348/1720/3120
f 6348/1720/3120 6351/1721/2437 6350/1722/3122 6349/1718/3118
f 6352/1723/2439 6350/1722/3122 6351/1721/2437 6353/1724/2440
f 6356/1725/2441 6354/1726/3712 6352/1723/2439 6353/1724/2440
f 6354/1726/3712 6356/1725/2441 6355/1727/3125
f 6356/1725/2441 6353/1724/2440 6358/1728/2444 6357/1729/3123
f 6348/1720/3120 6357/1730/3123 6351/1721/2437
f 6351/1721/2437 6357/1729/3123 6358/1728/2444
f 6353/1724/2440 6351/1721/2437 6358/1728/2444
f 6360/1735/3501 6361/1736/3127 6359/1737/3713
f 6360/1734/3501 6359/1732/3713 6362/1731/3130
f 6366/1738/2451 6363/1739/2448 6359/1737/3713 6361/1736/3127
f 6362/1731/3130 6359/1732/3713 6363/1733/2448
f 6364/1749/3133 6362/1731/3130 6363/1733/2448
f 6363/1733/2448 6365/1743/2455 6374/1748/3132 6364/1749/3133
f 6363/1733/2448 6366/1747/2451 6365/1743/2455
f 6366/1738/2451 6361/1736/3127 6368/1740/3138 6367/1741/3714
f 6366/1747/2451 6367/1750/3714 6365/1743/2455
f 6367/1741/3714 6368/1740/3138 6370/1742/2454 6365/1743/2455
f 6370/1742/2454 6368/1740/3138 6369/1744/3137
f 6370/1742/2454 6371/1745/3136 6372/1746/3134 6365/1743/2455
f 6369/1744/3137 6371/1745/3136 6370/1742/2454
f 6373/1751/3135 6372/1746/3134 6371/1745/3136
f 6373/1751/3135 6371/1745/3136 6369/1744/3137
f 6374/1748/3132 6372/1746/3134 6373/1751/3135
f 6375/1752/2462 6374/1748/3132 6373/1751/3135
f 6374/1748/3132 6375/1752/2462 6376/1753/2463 6364/1749/3133
f 6376/1753/2463 6362/1731/3130 6364/1749/3133
f 6374/1748/3132 6365/1743/2455 6372/1746/3134
f 6378/1754/3715 6377/1756/2466 6380/1758/2468
f 6378/1754/3715 6382/1755/3716 6377/1756/2466
f 6379/1757/2467 6377/1756/2466 6382/1755/3716
f 6377/1756/2466 6381/1759/3717 6380/1758/2468
f 6381/1759/3717 6383/1760/3142 6380/1758/2468
f 6385/1762/2472 6383/1760/3142 6381/1759/3717
f 6381/1759/3717 6384/1761/3718 6385/1762/2472
f 6387/1763/3144 6383/1760/3142 6385/1762/2472
f 6386/1785/2495 6387/1763/3144 6385/1762/2472
f 6387/1763/3144 6388/1765/2475 6383/1760/3142
f 6388/1765/2475 6389/1766/2476 6383/1760/3142
f 6391/1769/2479 6390/1767/2477 6389/1766/2476
f 6390/1767/2477 6383/1760/3142 6389/1766/2476
f 6392/1770/2480 6390/1767/2477 6391/1769/2479
f 6394/1771/2481 6390/1767/2477 6392/1770/2480
f 6394/1771/2481 6392/1770/2480 6393/1784/2494
f 6394/1771/2481 6395/1772/2482 6390/1767/2477
f 6396/1773/2483 6390/1767/2477 6395/1772/2482
f 6398/1777/2487 6397/1774/2484 6396/1773/2483
f 6396/1773/2483 6397/1774/2484 6390/1767/2477
f 6399/1778/2488 6397/1774/2484 6398/1777/2487
f 6399/1778/2488 6398/1777/2487 6401/1782/2492
f 6401/1782/2492 6398/1777/2487 6400/1783/2493
f 6399/1778/2488 6401/1782/2492 6400/1783/2493 6402/1781/3150
f 6402/1781/3150 6403/1779/3511 6399/1778/2488
f 6403/1779/3511 6404/1780/2490 6397/1774/2484
f 6399/1778/2488 6403/1779/3511 6397/1774/2484
f 6397/1774/2484 6406/1776/3719 6405/1775/3720
f 6390/1767/2477 6397/1774/2484 6405/1775/3720
f 6383/1760/3142 6390/1767/2477 6407/1768/3146
f 6380/1758/2468 6383/1760/3142 6408/1764/2474
f 6378/1754/3715 6380/1758/2468 6409/1786/3152
f 6409/1786/3152 6380/1758/2468 6410/1787/2497
f 6380/1758/2468 6411/1788/2498 6410/1787/2497
f 6411/1788/2498 6380/1758/2468 6412/1789/2499
f 6415/1790/2500 6410/1787/2497 6411/1788/2498
f 6413/1791/2501 6411/1788/2498 6414/1793/3153
f 6411/1788/2498 6413/1791/2501 6418/1792/2502 6415/1790/2500
f 6417/1804/2514 6416/1806/2516 6415/1790/2500
f 6417/1804/2514 6415/1790/2500 6418/1792/2502
f 6417/1804/2514 6418/1792/2502 6419/1805/3160
f 6420/1803/2513 6418/1792/2502 6413/1791/2501
f 6420/1803/2513 6413/1791/2501 6421/1802/3721
f 6422/1800/2510 6421/1802/3721 6413/1791/2501
f 6422/1800/2510 6423/1799/3722 6425/1801/3158
f 6423/1799/3722 6422/1800/2510 6424/1796/3723
f 6424/1796/3723 6422/1800/2510 6413/1791/2501
f 6426/1798/3724 6423/1799/3722 6424/1796/3723
f 6426/1798/3724 6424/1796/3723 6427/1797/3725
f 6424/1796/3723 6428/1795/2505 6427/1797/3725
f 6424/1796/3723 6413/1791/2501 6428/1795/2505
f 6428/1795/2505 6413/1791/2501 6429/1794/3154
f 6414/1793/3153 6429/1794/3154 6413/1791/2501
f 6378/1754/3715 6409/1786/3152 6430/1807/3726
f 6433/1808/2518 6431/1809/3162 6432/1810/3163
f 6435/1811/2521 6434/1812/2522 6433/1808/2518 6432/1810/3163
f 6435/1811/2521 6436/1813/2523 6434/1812/2522
f 6436/1813/2523 6439/1814/3172 6437/1815/3173 6434/1812/2522
f 6438/1816/2526 6437/1815/3173 6439/1814/3172
f 6440/1817/3727 6442/1818/3728 6438/1816/2526 6439/1814/3172
f 6436/1813/2523 6440/1817/3727 6439/1814/3172
f 6441/1819/2529 6440/1817/3727 6436/1813/2523
f 6435/1811/2521 6441/1819/2529 6436/1813/2523
f 6445/1820/3729 6443/1821/2531 6441/1819/2529 6435/1811/2521
f 6447/1822/3167 6444/1823/3522 6443/1821/2531 6445/1820/3729
f 6435/1811/2521 6446/1824/3165 6445/1820/3729
f 6448/1825/3730 6445/1820/3729 6446/1824/3165
f 6445/1820/3729 6448/1825/3730 6447/1822/3167
f 6448/1825/3730 6450/1834/2544 6449/1826/2536
f 6449/1826/2536 6447/1822/3167 6448/1825/3730
f 6452/1830/3170 6449/1826/2536 6450/1834/2544 6451/1835/2545
f 6454/1827/2537 6449/1826/2536 6452/1830/3170 6453/1831/2541
f 6453/1831/2541 6455/1828/2538 6454/1827/2537
f 6453/1831/2541 6456/1832/2542 6455/1828/2538
f 6455/1828/2538 6456/1832/2542 6457/1833/3731
f 6455/1828/2538 6457/1833/3731 6458/1829/3169
f 6454/1827/2537 6455/1828/2538 6458/1829/3169 6444/1823/3522
f 6447/1822/3167 6454/1827/2537 6444/1823/3522
f 6447/1822/3167 6449/1826/2536 6454/1827/2537
f 6459/1836/3732 6446/1824/3165 6435/1811/2521
f 6459/1836/3732 6435/1811/2521 6432/1810/3163
f 6460/1837/3174 6462/1838/2548 6461/1839/3175
f 6474/1840/3176 6464/1841/3733 6460/1842/3174 6461/1843/3175
f 6462/1838/2548 6460/1837/3174 6465/1846/2553
f 6464/1844/3733 6463/1845/3734 6460/1837/3174
f 6465/1846/2553 6460/1837/3174 6463/1845/3734 6467/1847/3735
f 6462/1838/2548 6465/1846/2553 6466/1849/3736 6469/1850/2557
f 6465/1846/2553 6467/1847/3735 6468/1848/3182 6466/1849/3736
f 6470/1851/3179 6462/1838/2548 6469/1850/2557
f 6470/1851/3179 6469/1850/2557 6471/1852/2559 6472/1853/3181
f 6471/1852/2559 6473/1854/3183 6472/1853/3181
f 6474/1840/3176 6473/1854/3183 6464/1841/3733
f 6472/1853/3181 6473/1854/3183 6474/1840/3176
f 6472/1853/3181 6474/1840/3176 6461/1843/3175 6470/1851/3179
f 6461/1839/3175 6462/1838/2548 6470/1851/3179
f 6477/1855/2562 6475/1856/3185 6476/1857/3186
f 6477/1855/2562 6520/1858/2565 6478/1859/2566 6475/1856/3185
f 6478/1859/2566 6479/1860/3187 6475/1856/3185
f 6480/1861/2568 6481/1862/2569 6479/1860/3187
f 6480/1861/2568 6479/1860/3187 6478/1859/2566
f 6480/1861/2568 6482/1863/2570 6481/1862/2569
f 6484/1864/2571 6483/1865/2572 6481/1862/2569 6482/1863/2570
f 6486/1866/2573 6485/1867/2574 6483/1865/2572 6484/1864/2571
f 6487/1868/2575 6485/1867/2574 6486/1866/2573
f 6488/1869/2576 6485/1867/2574 6487/1868/2575
f 6488/1869/2576 6490/1870/2577 6489/1878/3530
f 6488/1869/2576 6489/1878/3530 6491/1884/2591
f 6488/1869/2576 6487/1868/2575 6490/1870/2577
f 6491/1884/2591 6493/1879/2586 6494/1880/3195 6492/1881/2588
f 6491/1884/2591 6489/1878/3530 6493/1879/2586
f 6493/1879/2586 6489/1878/3530 6497/1877/3193 6494/1880/3195
f 6492/1881/2588 6494/1880/3195 6495/1882/2589
f 6495/1882/2589 6494/1880/3195 6498/1883/2590
f 6494/1880/3195 6497/1877/3193 6496/1875/2582
f 6494/1880/3195 6496/1875/2582 6498/1883/2590
f 6499/1885/3737 6498/1883/2590 6496/1875/2582
f 6501/1886/3196 6500/1887/3738 6498/1883/2590 6499/1885/3737
f 6495/1882/2589 6498/1883/2590 6500/1887/3738
f 6503/1888/2595 6502/1889/2596 6501/1886/3196
f 6501/1886/3196 6499/1885/3737 6505/1890/3198 6503/1888/2595
f 6503/1888/2595 6505/1890/3198 6507/1891/2598 6504/1892/2599
f 6505/1890/3198 6499/1885/3737 6496/1875/2582
f 6508/1876/2583 6505/1890/3198 6496/1875/2582
f 6506/1893/2600 6505/1890/3198 6508/1876/2583
f 6505/1890/3198 6506/1893/2600 6507/1891/2598
f 6508/1876/2583 6480/1861/2568 6506/1893/2600
f 6508/1876/2583 6482/1863/2570 6480/1861/2568
f 6496/1875/2582 6509/1873/3739 6508/1876/2583
f 6508/1876/2583 6509/1873/3739 6484/1864/2571 6482/1863/2570
f 6510/1874/3740 6509/1873/3739 6496/1875/2582
f 6511/1871/2578 6486/1866/2573 6484/1864/2571 6509/1873/3739
f 6512/1872/2579 6511/1871/2578 6509/1873/3739 6510/1874/3740
f 6511/1871/2578 6512/1872/2579 6490/1870/2577
f 6490/1870/2577 6487/1868/2575 6511/1871/2578
f 6511/1871/2578 6487/1868/2575 6486/1866/2573
f 6512/1872/2579 6489/1878/3530 6490/1870/2577
f 6489/1878/3530 6512/1872/2579 6510/1874/3740 6497/1877/3193
f 6497/1877/3193 6510/1874/3740 6496/1875/2582
f 6513/1894/3199 6507/1891/2598 6506/1893/2600
f 6506/1893/2600 6514/1895/2602 6513/1894/3199
f 6514/1895/2602 6506/1893/2600 6516/1896/2603 6515/1897/2604
f 6517/1898/3201 6515/1897/2604 6516/1896/2603
f 6517/1898/3201 6516/1896/2603 6518/1899/3741
f 6518/1899/3741 6516/1896/2603 6478/1859/2566
f 6478/1859/2566 6519/1900/3203 6518/1899/3741
f 6519/1900/3203 6478/1859/2566 6520/1858/2565
f 6516/1896/2603 6506/1893/2600 6480/1861/2568
f 6516/1896/2603 6480/1861/2568 6478/1859/2566
f 6525/1901/2608 6521/1902/3536 6522/1903/3539
f 6521/1902/3536 6523/1904/2611 6524/1905/2612
f 6525/1901/2608 6523/1904/2611 6521/1902/3536
f 6526/1941/3742 6523/1904/2611 6525/1901/2608
f 6527/1940/3208 6528/1931/2638 6523/1904/2611 6526/1941/3742
f 6528/1931/2638 6527/1940/3208 6529/1938/2645
f 6531/1937/3209 6528/1931/2638 6529/1938/2645 6530/1939/2646
f 6528/1931/2638 6531/1937/3209 6532/1936/3743
f 6528/1931/2638 6532/1936/3743 6533/1934/3744
f 6533/1934/3744 6534/1935/2642 6536/1932/3745 6528/1931/2638
f 6535/1925/2632 6538/1933/3746 6536/1932/3745 6534/1935/2642
f 6536/1932/3745 6537/1930/2637 6528/1931/2638
f 6540/1928/3212 6537/1930/2637 6536/1932/3745 6538/1933/3746
f 6539/1926/2633 6538/1933/3746 6535/1925/2632
f 6540/1928/3212 6538/1933/3746 6539/1926/2633
f 6537/1930/2637 6540/1928/3212 6542/1929/3747
f 6539/1926/2633 6541/1927/2634 6540/1928/3212
f 6540/1928/3212 6541/1927/2634 6542/1929/3747
f 6544/1919/2626 6543/1908/3215 6542/1929/3747
f 6542/1929/3747 6543/1908/3215 6537/1930/2637
f 6542/1929/3747 6541/1927/2634 6544/1919/2626
f 6545/1918/2625 6543/1908/3215 6544/1919/2626
f 6544/1919/2626 6546/1920/2627 6545/1918/2625
f 6541/1927/2634 6546/1920/2627 6544/1919/2626
f 6548/1924/2631 6547/1922/3748 6546/1920/2627
f 6549/1921/2628 6545/1918/2625 6546/1920/2627 6547/1922/3748
f 6546/1920/2627 6541/1927/2634 6548/1924/2631
f 6535/1925/2632 6548/1924/2631 6539/1926/2633
f 6541/1927/2634 6539/1926/2633 6548/1924/2631
f 6550/1923/2630 6551/1917/3749 6545/1918/2625 6549/1921/2628
f 6551/1917/3749 6552/1916/2623 6545/1918/2625
f 6552/1916/2623 6553/1912/3750 6543/1908/3215
f 6545/1918/2625 6552/1916/2623 6543/1908/3215
f 6553/1912/3750 6552/1916/2623 6554/1913/2620
f 6554/1913/2620 6555/1910/2617 6560/1909/3218 6553/1912/3750
f 6555/1910/2617 6554/1913/2620 6556/1914/3751
f 6555/1910/2617 6556/1914/3751 6557/1915/3752
f 6558/1911/2618 6555/1910/2617 6557/1915/3752
f 6560/1909/3218 6555/1910/2617 6558/1911/2618 6559/1907/2614
f 6559/1907/2614 6561/1906/3753 6560/1909/3218
f 6561/1906/3753 6559/1907/2614 6524/1905/2612
f 6561/1906/3753 6523/1904/2611 6543/1908/3215
f 6561/1906/3753 6524/1905/2612 6523/1904/2611
f 6543/1908/3215 6560/1909/3218 6561/1906/3753
f 6560/1909/3218 6543/1908/3215 6553/1912/3750
f 6537/1930/2637 6543/1908/3215 6523/1904/2611
f 6523/1904/2611 6528/1931/2638 6537/1930/2637
f 6563/1942/3754 6565/1943/2650 6562/1944/2651
f 6563/1945/3754 6562/1946/2651 6564/1947/2652
f 6568/1952/2657 6566/1953/3225 6565/1943/2650
f 6565/1943/2650 6563/1942/3754 6567/1954/3547
f 6565/1943/2650 6567/1954/3547 6568/1952/2657
f 6568/1952/2657 6570/1949/3227 6569/1948/3228
f 6571/1951/2656 6568/1952/2657 6569/1948/3228 6572/1950/2655
f 6568/1952/2657 6567/1954/3547 6570/1949/3227
f 6568/1952/2657 6571/1951/2656 6566/1953/3225
f 6564/1947/2652 6572/1950/2655 6569/1948/3228
f 6570/1949/3227 6567/1954/3547 6563/1942/3754
f 6569/1948/3228 6570/1949/3227 6563/1945/3754 6564/1947/2652
f 6587/1955/2660 6575/1956/3229 6573/1957/2662 6574/1958/2663
f 6574/1959/2663 6573/1960/2662 6576/1961/3232
f 6577/1962/2665 6581/1963/2666 6574/1959/2663 6576/1961/3232
f 6580/1964/2667 6577/1962/2665 6576/1961/3232 6578/1965/3755
f 6578/1965/3755 6579/1966/2669 6580/1964/2667
f 6581/1967/2666 6577/1968/2665 6580/1964/2667
f 6581/1967/2666 6580/1964/2667 6582/1969/2670
f 6582/1969/2670 6580/1964/2667 6579/1966/2669 6584/1970/3756
f 6582/1969/2670 6583/1971/2672 6586/1972/2673 6581/1967/2666
f 6582/1969/2670 6584/1970/3756 6585/1973/2674 6583/1971/2672
f 6586/1972/2673 6587/1955/2660 6574/1958/2663 6581/1967/2666
f 6587/1955/2660 6586/1972/2673 6575/1956/3229
f 6589/1974/2675 6591/1977/3757 6588/1975/2676
f 6589/1974/2675 6588/1975/2676 6592/1976/2677
f 6588/1975/2676 6590/1979/2680 6593/1980/2681
f 6610/1978/2679 6590/1979/2680 6588/1975/2676 6591/1977/3757
f 6593/1980/2681 6590/1979/2680 6594/1981/2682
f 6596/1982/2683 6594/1981/2682 6595/1983/3238
f 6590/1979/2680 6595/1983/3238 6594/1981/2682
f 6597/1984/3758 6596/1982/2683 6595/1983/3238
f 6598/1986/3244 6596/1982/2683 6597/1984/3758
f 6599/1988/2689 6598/1986/3244 6597/1984/3758 6600/1987/3239
f 6600/1987/3239 6597/1984/3758 6601/1985/3759
f 6600/1987/3239 6601/1985/3759 6602/1989/3240
f 6602/1989/3240 6601/1985/3759 6603/1990/2691
f 6603/1990/2691 6601/1985/3759 6604/1991/2692
f 6605/1992/3556 6604/1991/2692 6601/1985/3759
f 6601/1985/3759 6606/1993/3241 6605/1992/3556
f 6606/1993/3241 6601/1985/3759 6607/1994/3242
f 6608/1995/3760 6607/1994/3242 6601/1985/3759
f 6609/1996/3761 6608/1995/3760 6601/1985/3759
f 6609/1996/3761 6601/1985/3759 6610/1978/2679
f 6610/1978/2679 6591/1977/3757 6611/1997/3762
f 6610/1978/2679 6611/1997/3762 6612/1998/2699
f 6610/1978/2679 6612/1998/2699 6613/1999/3763
f 6614/2000/3247 6610/1978/2679 6613/1999/3763
f 6610/1978/2679 6601/1985/3759 6590/1979/2680
f 6615/2001/3764 6613/1999/3763 6612/1998/2699
f 6615/2001/3764 6616/2002/2703 6613/1999/3763
f 6617/2003/3249 6615/2001/3764 6612/1998/2699
f 6595/1983/3238 6601/1985/3759 6597/1984/3758
f 6590/1979/2680 6601/1985/3759 6595/1983/3238
f 6619/2004/3252 6618/2005/3253 6620/2006/2707
f 6619/2004/3252 6620/2006/2707 6622/2007/3255
f 6620/2006/2707 6623/2009/3256 6621/2008/2709
f 6622/2007/3255 6620/2006/2707 6621/2008/2709
f 6620/2006/2707 6624/2011/3270 6623/2009/3256
f 6624/2011/3270 6625/2013/3765 6623/2009/3256
f 6625/2013/3765 6626/2014/2715 6623/2009/3256
f 6626/2014/2715 6627/2019/3268 6628/2018/2719
f 6628/2018/2719 6623/2009/3256 6626/2014/2715
f 6628/2018/2719 6631/2020/3261 6629/2017/2718
f 6628/2018/2719 6629/2017/2718 6623/2009/3256
f 6630/2021/2722 6628/2018/2719 6627/2019/3268
f 6632/2022/2723 6629/2017/2718 6631/2020/3261
f 6632/2022/2723 6633/2023/2724 6629/2017/2718
f 6634/2024/3571 6636/2025/3766 6629/2017/2718 6633/2023/2724
f 6639/2026/3767 6636/2025/3766 6634/2024/3571 6635/2027/3267
f 6638/2028/2729 6637/2029/2730 6636/2025/3766
f 6636/2025/3766 6637/2029/2730 6629/2017/2718
f 6639/2026/3767 6638/2028/2729 6636/2025/3766
f 6640/2030/3572 6637/2029/2730 6638/2028/2729
f 6642/2031/3768 6637/2029/2730 6641/2032/3769
f 6629/2017/2718 6637/2029/2730 6642/2031/3768
f 6623/2009/3256 6629/2017/2718 6643/2016/3260
f 6623/2009/3256 6643/2016/3260 6644/2015/3770
f 6623/2009/3256 6644/2015/3770 6645/2012/3258
f 6623/2009/3256 6645/2012/3258 6646/2010/3257
f 6621/2008/2709 6623/2009/3256 6646/2010/3257
f 6649/2033/2734 6647/2034/3271 6648/2035/2736
f 6649/2033/2734 6648/2035/2736 6650/2036/3272
f 6650/2036/3272 6648/2035/2736 6651/2037/2738
f 6653/2040/3771 6651/2037/2738 6652/2038/2739
f 6652/2038/2739 6651/2037/2738 6654/2039/3273
f 6651/2037/2738 6648/2035/2736 6654/2039/3273
f 6654/2039/3273 6655/2045/3274 6656/2043/2744
f 6654/2039/3273 6648/2035/2736 6655/2045/3274
f 6652/2038/2739 6654/2039/3273 6657/2041/2742
f 6657/2041/2742 6654/2039/3273 6656/2043/2744
f 6658/2042/3772 6657/2041/2742 6656/2043/2744
f 6658/2042/3772 6653/2040/3771 6657/2041/2742
f 6652/2038/2739 6657/2041/2742 6653/2040/3771
f 6658/2042/3772 6656/2043/2744 6659/2044/2745
f 6656/2043/2744 6655/2045/3274 6659/2044/2745
f 6655/2045/3274 6648/2035/2736 6659/2044/2745
f 6661/2046/2747 6660/2047/2748 6662/2048/3580
f 6664/2049/2750 6662/2048/3580 6660/2047/2748 6663/2050/3582
f 6667/2051/3278 6668/2052/2753 6662/2048/3580 6664/2049/2750
f 6665/2053/2754 6664/2049/2750 6666/2054/2755
f 6665/2053/2754 6667/2051/3278 6664/2049/2750
f 6669/2062/3590 6668/2052/2753 6667/2051/3278
f 6670/2059/3283 6667/2051/3278 6665/2053/2754
f 6669/2062/3590 6667/2051/3278 6670/2059/3283
f 6671/2055/2756 6672/2061/3284 6670/2059/3283
f 6671/2055/2756 6670/2059/3283 6665/2053/2754
f 6672/2061/3284 6679/2063/3773 6673/2064/3287 6670/2059/3283
f 6670/2059/3283 6673/2064/3287 6674/2065/3774
f 6674/2065/3774 6669/2062/3590 6670/2059/3283
f 6669/2062/3590 6674/2065/3774 6675/2066/3288
f 6676/2067/2768 6674/2065/3774 6673/2064/3287
f 6675/2066/3288 6674/2065/3774 6676/2067/2768
f 6677/2068/3587 6675/2066/3288 6676/2067/2768
f 6678/2097/2798 6677/2068/3587 6676/2067/2768
f 6678/2097/2798 6676/2067/2768 6673/2064/3287 6679/2063/3773
f 6679/2063/3773 6680/2098/3289 6678/2097/2798
f 6677/2068/3587 6678/2097/2798 6681/2070/3290
f 6678/2097/2798 6682/2072/3775 6681/2070/3290
f 6683/2069/2770 6681/2070/3290 6682/2072/3775
f 6684/2073/2774 6683/2069/2770 6682/2072/3775
f 6686/2078/2779 6683/2069/2770 6684/2073/2774
f 6686/2078/2779 6684/2073/2774 6685/2082/2783
f 6688/2079/2780 6687/2077/2778 6686/2078/2779
f 6686/2078/2779 6687/2077/2778 6683/2069/2770
f 6689/2080/3776 6688/2079/2780 6686/2078/2779
f 6690/2081/2782 6686/2078/2779 6685/2082/2783
f 6690/2081/2782 6689/2080/3776 6686/2078/2779
f 6687/2077/2778 6691/2075/3777 6683/2069/2770
f 6692/2074/2775 6683/2069/2770 6691/2075/3777
f 6693/2086/3778 6695/2085/2786 6692/2074/2775
f 6683/2069/2770 6692/2074/2775 6694/2076/3779
f 6692/2074/2775 6695/2085/2786 6694/2076/3779
f 6694/2076/3779 6695/2085/2786 6696/2084/3298
f 6696/2084/3298 6697/2083/3780 6694/2076/3779
f 6697/2083/3780 6698/2087/2788 6699/2071/2772
f 6694/2076/3779 6697/2083/3780 6699/2071/2772
f 6698/2087/2788 6700/2088/3301 6699/2071/2772
f 6700/2088/3301 6669/2062/3590 6699/2071/2772
f 6699/2071/2772 6669/2062/3590 6683/2069/2770
f 6694/2076/3779 6699/2071/2772 6683/2069/2770
f 6701/2089/3781 6700/2088/3301 6698/2087/2788
f 6702/2090/2791 6700/2088/3301 6701/2089/3781
f 6700/2088/3301 6702/2090/2791 6669/2062/3590
f 6669/2062/3590 6702/2090/2791 6703/2091/2792
f 6704/2092/3303 6669/2062/3590 6703/2091/2792
f 6705/2093/3782 6706/2094/2795 6704/2092/3303
f 6704/2092/3303 6706/2094/2795 6669/2062/3590
f 6668/2052/2753 6669/2062/3590 6706/2094/2795 6707/2095/2796
f 6683/2069/2770 6669/2062/3590 6675/2066/3288
f 6683/2069/2770 6675/2066/3288 6681/2070/3290
f 6681/2070/3290 6675/2066/3288 6677/2068/3587
f 6708/2099/3783 6679/2063/3773 6672/2061/3284
f 6671/2055/2756 6709/2060/2761 6672/2061/3284
f 6709/2060/2761 6671/2055/2756 6710/2058/2759
f 6710/2058/2759 6671/2055/2756 6666/2054/2755 6711/2056/3784
f 6711/2056/3784 6666/2054/2755 6712/2057/2758
f 6671/2055/2756 6665/2053/2754 6666/2054/2755
f 6668/2052/2753 6713/2096/3785 6662/2048/3580
s 0
usemtl Material.003
f 2/1/1 5/2/1 4/3/1 1/4/1
f 1/5/2 3/6/2 8/7/2 2/8/2
f 4/9/3 6/10/3 3/11/3 1/12/3
f 5/2/4 7/13/4 6/14/4 4/3/4
f 7/13/5 8/15/5 3/16/5 6/14/5
f 2/17/6 8/18/6 7/19/6 5/20/6
usemtl Material.011
f 6716/2100/3786 6714/2101/3786 6715/2102/3786 7134/2103/3786
f 6714/2101/3787 6718/2104/3787 6719/2105/3787 6715/2102/3787
f 7091/2106/3788 6717/2107/3788 6714/2101/3788 6716/2100/3788
f 6717/2107/3789 6721/2108/3789 6718/2104/3789 6714/2101/3789
f 6718/2104/3790 6720/2109/3790 7194/2110/3790 6719/2105/3790
f 6721/2108/3791 6722/2111/3791 6720/2109/3791 6718/2104/3791
f 6723/2112/3792 6724/2113/3792 6722/2111/3792 6721/2108/3792
f 6725/2114/3793 6723/2112/3793 6721/2108/3793 6717/2107/3793
f 6726/2115/3794 6727/2116/3794 6724/2113/3794 6723/2112/3794
f 6728/2117/3795 6726/2115/3795 6723/2112/3795 6725/2114/3795
f 6729/2118/3796 6731/2119/3796 6727/2116/3796 6726/2115/3796
f 6732/2120/3797 6729/2118/3797 6726/2115/3797 6728/2117/3797
f 6734/2121/3798 6730/2122/3798 6729/2118/3798 6732/2120/3798
f 6730/2122/3799 7184/2123/3799 6731/2119/3799 6729/2118/3799
f 6733/2124/3800 6732/2120/3800 6728/2117/3800 7087/2125/3800
f 6735/2126/3801 6734/2121/3801 6732/2120/3801 6733/2124/3801
f 6736/2127/3802 6737/2128/3802 6730/2122/3802 6734/2121/3802
f 6738/2129/3803 6736/2127/3803 6734/2121/3803 6735/2126/3803
f 6739/2130/3804 6740/2131/3804 6737/2128/3804 6736/2127/3804
f 6741/2132/3805 6739/2130/3805 6736/2127/3805 6738/2129/3805
f 6742/2133/3806 6743/2134/3806 6740/2131/3806 6739/2130/3806
f 6744/2135/3807 6742/2133/3807 6739/2130/3807 6741/2132/3807
f 6745/2136/3808 6746/2137/3808 6743/2138/3808 6742/2139/3808
f 6747/2140/3809 6745/2141/3809 6742/2142/3809 6744/2143/3809
f 6748/2144/3810 6749/2145/3810 6746/2146/3810 6745/2141/3810
f 6750/2147/3811 6748/2144/3811 6745/2141/3811 6747/2140/3811
f 6751/2148/3812 6752/2149/3812 6749/2145/3812 6748/2144/3812
f 6753/2150/3813 6751/2148/3813 6748/2144/3813 6750/2147/3813
f 6754/2151/3814 6756/2152/3814 6752/2149/3814 6751/2148/3814
f 6757/2153/3815 6754/2151/3815 6751/2148/3815 6753/2150/3815
f 6759/2154/3816 6755/2155/3816 6754/2151/3816 6757/2153/3816
f 6755/2155/3817 7173/2156/3817 6756/2152/3817 6754/2151/3817
f 6758/2157/3818 6757/2153/3818 6753/2150/3818 7075/2158/3818
f 6760/2159/3819 6759/2154/3819 6757/2153/3819 6758/2157/3819
f 6761/2160/3820 6762/2161/3820 6755/2155/3820 6759/2154/3820
f 6763/2162/3821 6761/2160/3821 6759/2154/3821 6760/2159/3821
f 6764/2163/3822 6765/2164/3822 6762/2161/3822 6761/2160/3822
f 6766/2165/3823 6764/2163/3823 6761/2160/3823 6763/2162/3823
f 6767/2166/3824 6768/2167/3824 6765/2164/3824 6764/2163/3824
f 6769/2168/3825 6767/2166/3825 6764/2163/3825 6766/2165/3825
f 6770/2169/3826 6771/2170/3826 6768/2167/3826 6767/2166/3826
f 6772/2171/3827 6770/2169/3827 6767/2166/3827 6769/2168/3827
f 6773/2172/3828 6774/2173/3828 6771/2170/3828 6770/2169/3828
f 6775/2174/3829 6773/2172/3829 6770/2169/3829 6772/2171/3829
f 6776/2175/3830 6778/2176/3830 6774/2173/3830 6773/2172/3830
f 6779/2177/3831 6776/2175/3831 6773/2172/3831 6775/2174/3831
f 6781/2178/3832 6777/2179/3832 6776/2175/3832 6779/2177/3832
f 6777/2179/3833 7157/2180/3833 6778/2176/3833 6776/2175/3833
f 6780/2181/3834 6779/2177/3834 6775/2174/3834 7065/2182/3834
f 6782/2183/3835 6781/2178/3835 6779/2177/3835 6780/2181/3835
f 6783/2184/3836 6784/2185/3836 6777/2179/3836 6781/2178/3836
f 6785/2186/3837 6783/2184/3837 6781/2178/3837 6782/2183/3837
f 6786/2187/3838 6787/2188/3838 6784/2185/3838 6783/2184/3838
f 6788/2189/3839 6786/2187/3839 6783/2184/3839 6785/2186/3839
f 6789/2190/3840 6790/2191/3840 6787/2188/3840 6786/2187/3840
f 6791/2192/3841 6789/2190/3841 6786/2187/3841 6788/2189/3841
f 6792/2193/3842 6793/2194/3842 6790/2191/3842 6789/2190/3842
f 6794/2195/3843 6792/2193/3843 6789/2190/3843 6791/2192/3843
f 6795/2196/3844 6796/2197/3844 6793/2198/3844 6792/2199/3844
f 6797/2200/3845 6795/2196/3845 6792/2199/3845 6794/2201/3845
f 6798/2202/3846 6799/2203/3846 6796/2197/3846 6795/2196/3846
f 6801/2204/3847 6798/2202/3847 6795/2196/3847 6797/2200/3847
f 6800/2205/3848 7146/2206/3848 6799/2203/3848 6798/2202/3848
f 6803/2207/3849 6800/2205/3849 6798/2202/3849 6801/2204/3849
f 6802/2208/3850 6801/2204/3850 6797/2200/3850 7051/2209/3850
f 6804/2210/3851 6803/2207/3851 6801/2204/3851 6802/2208/3851
f 6807/2211/3852 6805/2212/3852 6803/2207/3852 6804/2210/3852
f 6805/2212/3853 6806/2213/3853 6800/2205/3853 6803/2207/3853
f 6808/2214/3854 6809/2215/3854 6806/2213/3854 6805/2212/3854
f 6810/2216/3855 6808/2214/3855 6805/2212/3855 6807/2211/3855
f 6811/2217/3856 6812/2218/3856 6809/2215/3856 6808/2214/3856
f 6813/2219/3857 6811/2217/3857 6808/2214/3857 6810/2216/3857
f 6814/2220/3858 6815/2221/3858 6812/2218/3858 6811/2217/3858
f 6816/2222/3859 6814/2220/3859 6811/2217/3859 6813/2219/3859
f 6817/2223/3860 6819/2224/3860 6815/2221/3860 6814/2220/3860
f 6820/2225/3861 6817/2223/3861 6814/2220/3861 6816/2222/3861
f 6821/2226/3862 6818/2227/3862 6817/2223/3862 6820/2225/3862
f 6818/2227/3863 7089/2228/3863 6819/2224/3863 6817/2223/3863
f 6824/2229/3864 6821/2226/3864 6820/2225/3864 6822/2230/3864
f 6822/2230/3865 6820/2225/3865 6816/2222/3865 6823/2231/3865
f 6825/2232/3866 6822/2230/3866 6823/2231/3866 6828/2233/3866
f 6826/2234/3867 6824/2229/3867 6822/2230/3867 6825/2232/3867
f 6932/2235/3868 6826/2234/3868 6825/2232/3868 6827/2236/3868
f 6827/2236/3869 6825/2232/3869 6828/2233/3869 6830/2237/3869
f 6828/2233/3870 6823/2231/3870 7056/2238/3870 6829/2239/3870
f 6830/2237/3871 6828/2233/3871 6829/2239/3871 6832/2240/3871
f 6831/2241/3872 6830/2237/3872 6832/2240/3872 6833/2242/3872
f 6930/2243/3873 6827/2236/3873 6830/2237/3873 6831/2241/3873
f 6832/2240/3874 6829/2239/3874 6835/2244/3874 6834/2245/3874
f 6833/2242/3875 6832/2240/3875 6834/2245/3875 6836/2246/3875
f 6834/2245/3876 6835/2244/3876 6838/2247/3876 6837/2248/3876
f 6836/2246/3877 6834/2245/3877 6837/2248/3877 6839/2249/3877
f 6837/2248/3878 6838/2247/3878 6841/2250/3878 6840/2251/3878
f 6839/2249/3879 6837/2248/3879 6840/2251/3879 6842/2252/3879
f 6840/2251/3880 6841/2250/3880 6844/2253/3880 6843/2254/3880
f 6842/2252/3881 6840/2251/3881 6843/2254/3881 6846/2255/3881
f 6843/2254/3882 6844/2253/3882 7049/2256/3882 6845/2257/3882
f 6846/2255/3883 6843/2254/3883 6845/2257/3883 6848/2258/3883
f 6847/2259/3884 6846/2255/3884 6848/2258/3884 6850/2260/3884
f 7133/2261/3885 6842/2252/3885 6846/2255/3885 6847/2259/3885
f 6848/2258/3886 6845/2257/3886 7046/2262/3886 6849/2263/3886
f 6850/2260/3887 6848/2258/3887 6849/2263/3887 6851/2264/3887
f 6852/2265/3888 6850/2260/3888 6851/2264/3888 6854/2266/3888
f 6855/2267/3889 6847/2259/3889 6850/2260/3889 6852/2265/3889
f 6853/2268/3890 6852/2265/3890 6854/2266/3890 6864/2269/3890
f 6857/2270/3891 6855/2267/3891 6852/2265/3891 6853/2268/3891
f 6856/2271/3892 7133/2261/3892 6847/2259/3892 6855/2267/3892
f 6858/2272/3893 6856/2271/3893 6855/2267/3893 6857/2270/3893
f 6860/2273/3894 6858/2272/3894 6857/2270/3894 6859/2274/3894
f 6859/2274/3895 6857/2270/3895 6853/2268/3895 6862/2275/3895
f 6861/2276/3896 6860/2273/3896 6859/2274/3896
f 6861/2277/3897 6859/2274/3897 6862/2275/3897
f 6861/2278/3898 6862/2275/3898 6863/2279/3898
f 6862/2275/3899 6853/2268/3899 6864/2269/3899 6863/2279/3899
f 6863/2279/3900 6864/2269/3900 6866/2280/3900 6865/2281/3900
f 6861/2282/3901 6863/2279/3901 6865/2281/3901
f 6865/2281/3902 6866/2280/3902 6868/2283/3902 6867/2284/3902
f 6861/2285/3903 6865/2281/3904 6867/2284/3903
f 6867/2286/3905 6868/2287/3905 6870/2288/3905 6869/2289/3905
f 6861/2290/3906 6867/2284/3906 6869/2291/3906
f 6869/2289/3907 6870/2288/3907 6872/2292/3907 6871/2293/3907
f 6861/2294/3908 6869/2291/3908 6871/2295/3908
f 6871/2293/3909 6872/2292/3909 6874/2296/3909 6873/2297/3909
f 6861/2298/3910 6871/2295/3910 6873/2299/3910
f 6873/2297/3911 6874/2296/3911 6876/2300/3911 6875/2301/3911
f 6861/2302/3912 6873/2299/3912 6875/2303/3912
f 6875/2301/3913 6876/2300/3913 6879/2304/3913 6877/2305/3913
f 6861/2306/3914 6875/2303/3914 6877/2307/3914
f 6861/2308/3915 6877/2307/3915 6878/2309/3915
f 6877/2305/3916 6879/2304/3916 6881/2310/3916 6878/2311/3916
f 6876/2300/3917 7107/2312/3917 6880/2313/3917 6879/2304/3917
f 6879/2304/3918 6880/2313/3918 6882/2314/3918 6881/2310/3918
f 6881/2310/3919 6882/2314/3919 6884/2315/3919 6883/2316/3919
f 6878/2311/3920 6881/2310/3920 6883/2316/3920 6885/2317/3920
f 6883/2316/3921 6884/2315/3921 6887/2318/3921 6886/2319/3921
f 6885/2317/3922 6883/2316/3922 6886/2319/3922 6888/2320/3922
f 6886/2319/3923 6887/2318/3923 6890/2321/3923 6889/2322/3923
f 6888/2320/3924 6886/2319/3924 6889/2322/3924 6892/2323/3924
f 6889/2322/3925 6890/2321/3925 6957/2324/3925 6891/2325/3925
f 6892/2323/3926 6889/2322/3926 6891/2325/3926 6893/2326/3926
f 6861/2327/3927 6892/2328/3927 6893/2329/3927
f 6861/2330/3928 6888/2331/3928 6892/2328/3928
f 6893/2326/3929 6891/2325/3929 6895/2332/3929 6894/2333/3929
f 6861/2334/3930 6893/2329/3930 6894/2335/3930
f 6894/2333/3931 6895/2332/3931 6897/2336/3931 6896/2337/3931
f 6861/2338/3932 6894/2335/3932 6896/2339/3932
f 6896/2337/3933 6897/2336/3933 6899/2340/3933 6898/2341/3933
f 6861/2342/3934 6896/2339/3934 6898/2343/3934
f 6898/2343/3935 6899/2344/3935 6902/2345/3935 6900/2346/3935
f 6861/2347/3936 6898/2343/3936 6900/2346/3936
f 6861/2348/3937 6900/2349/3937 6901/2350/3937
f 6900/2349/3938 6902/2351/3938 6904/2352/3938 6901/2350/3938
f 6899/2344/3939 6951/2353/3939 6903/2354/3939 6902/2345/3939
f 6902/2351/3940 6903/2355/3940 6905/2356/3940 6904/2352/3940
f 6904/2352/3941 6905/2356/3941 6907/2357/3941 6906/2358/3941
f 6901/2350/3942 6904/2352/3942 6906/2358/3942 6908/2359/3942
f 6906/2358/3943 6907/2357/3943 6910/2360/3943 6909/2361/3943
f 6908/2359/3944 6906/2358/3944 6909/2361/3944 6911/2362/3944
f 6909/2361/3945 6910/2360/3945 6913/2363/3945 6912/2364/3945
f 6911/2362/3946 6909/2361/3946 6912/2364/3946 6914/2365/3946
f 6912/2364/3947 6913/2363/3947 6916/2366/3947 6915/2367/3947
f 6914/2365/3948 6912/2364/3948 6915/2367/3948 6917/2368/3948
f 6915/2367/3949 6916/2366/3949 6919/2369/3949 6918/2370/3949
f 6917/2368/3950 6915/2367/3950 6918/2370/3950 6920/2371/3950
f 6918/2370/3951 6919/2369/3951 6924/2372/3951 6921/2373/3951
f 6920/2371/3952 6918/2370/3952 6921/2373/3952 6922/2374/3952
f 6922/2374/3953 6921/2373/3953 6923/2375/3953 7131/2376/3953
f 6921/2373/3954 6924/2372/3954 6926/2377/3954 6923/2375/3954
f 6919/2369/3955 6935/2378/3955 6925/2379/3955 6924/2372/3955
f 6924/2372/3956 6925/2379/3956 6928/2380/3956 6926/2377/3956
f 6923/2375/3957 6926/2377/3957 6927/2381/3957 7129/2382/3957
f 6926/2377/3958 6928/2380/3958 6929/2383/3958 6927/2381/3958
f 6928/2380/3959 6930/2243/3959 6831/2241/3959 6929/2383/3959
f 6925/2379/3960 6931/2384/3960 6930/2243/3960 6928/2380/3960
f 6931/2384/3961 6932/2235/3961 6827/2236/3961 6930/2243/3961
f 6933/2385/3962 6934/2386/3962 6932/2235/3962 6931/2384/3962
f 6935/2378/3963 6933/2385/3963 6931/2384/3963 6925/2379/3963
f 6936/2387/3964 6938/2388/3964 6934/2386/3964 6933/2385/3964
f 6939/2389/3965 6936/2387/3965 6933/2385/3965 6935/2378/3965
f 6940/2390/3966 6937/2391/3966 6936/2387/3966 6939/2389/3966
f 6937/2391/3967 6977/2392/3967 6938/2388/3967 6936/2387/3967
f 6916/2366/3968 6939/2389/3968 6935/2378/3968 6919/2369/3968
f 6913/2363/3969 6940/2390/3969 6939/2389/3969 6916/2366/3969
f 6941/2393/3970 6942/2394/3970 6937/2391/3970 6940/2390/3970
f 6910/2360/3971 6941/2393/3971 6940/2390/3971 6913/2363/3971
f 6943/2395/3972 6944/2396/3972 6942/2394/3972 6941/2393/3972
f 6907/2357/3973 6943/2395/3973 6941/2393/3973 6910/2360/3973
f 6945/2397/3974 6946/2398/3974 6944/2396/3974 6943/2395/3974
f 6905/2356/3975 6945/2397/3975 6943/2395/3975 6907/2357/3975
f 6947/2399/3976 6948/2400/3976 6946/2398/3976 6945/2397/3976
f 6903/2355/3977 6947/2399/3977 6945/2397/3977 6905/2356/3977
f 6949/2401/3978 6950/2402/3978 6948/2403/3978 6947/2404/3978
f 6951/2353/3979 6949/2405/3979 6947/2406/3979 6903/2354/3979
f 6952/2407/3980 6954/2408/3980 6950/2402/3980 6949/2401/3980
f 6955/2409/3981 6952/2407/3981 6949/2401/3981 6951/2410/3981
f 6956/2411/3982 6953/2412/3982 6952/2407/3982 6955/2409/3982
f 6953/2412/3983 6963/2413/3983 6954/2408/3983 6952/2407/3983
f 6897/2336/3984 6955/2409/3984 6951/2410/3984 6899/2340/3984
f 6895/2332/3985 6956/2411/3985 6955/2409/3985 6897/2336/3985
f 6957/2324/3986 6958/2414/3986 6953/2412/3986 6956/2411/3986
f 6891/2325/3987 6957/2324/3987 6956/2411/3987 6895/2332/3987
f 6890/2321/3988 6959/2415/3988 6958/2414/3988 6957/2324/3988
f 6958/2414/3989 6960/2416/3989 6963/2413/3989 6953/2412/3989
f 6959/2415/3990 6961/2417/3990 6960/2416/3990 6958/2414/3990
f 6961/2417/3991 7116/2418/3991 6962/2419/3991 6960/2416/3991
f 6960/2416/3992 6962/2419/3992 6964/2420/3992 6963/2413/3992
f 6963/2413/3993 6964/2420/3993 6966/2421/3993 6954/2408/3993
f 6964/2420/3994 6965/2422/3994 6967/2423/3994 6966/2421/3994
f 6962/2419/3995 7010/2424/3995 6965/2422/3995 6964/2420/3995
f 6966/2421/3996 6967/2423/3996 6969/2425/3996 6968/2426/3996
f 6954/2408/3997 6966/2421/3997 6968/2426/3997 6950/2402/3997
f 6968/2426/3998 6969/2425/3998 6971/2427/3998 6970/2428/3998
f 6950/2402/3999 6968/2426/3999 6970/2428/3999 6948/2403/3999
f 6970/2429/4000 6971/2430/4000 6973/2431/4000 6972/2432/4000
f 6948/2400/4001 6970/2429/4001 6972/2432/4001 6946/2398/4001
f 6972/2432/4002 6973/2431/4002 6975/2433/4002 6974/2434/4002
f 6946/2398/4003 6972/2432/4003 6974/2434/4003 6944/2396/4003
f 6974/2434/4004 6975/2433/4004 6978/2435/4004 6976/2436/4004
f 6944/2396/4005 6974/2434/4005 6976/2436/4005 6942/2394/4005
f 6942/2394/4006 6976/2436/4006 6977/2392/4006 6937/2391/4006
f 6976/2436/4007 6978/2435/4007 6980/2437/4007 6977/2392/4007
f 6975/2433/4008 6996/2438/4008 6979/2439/4008 6978/2435/4008
f 6978/2435/4009 6979/2439/4009 6981/2440/4009 6980/2437/4009
f 6980/2437/4010 6981/2440/4010 6983/2441/4010 6982/2442/4010
f 6977/2392/4011 6980/2437/4011 6982/2442/4011 6938/2388/4011
f 6982/2442/4012 6983/2441/4012 6985/2443/4012 6984/2444/4012
f 6938/2388/4013 6982/2442/4013 6984/2444/4013 6934/2386/4013
f 6984/2444/4014 6985/2443/4014 6824/2229/4014 6826/2234/4014
f 6934/2386/4015 6984/2444/4015 6826/2234/4015 6932/2235/4015
f 6985/2443/4016 6986/2445/4016 6821/2226/4016 6824/2229/4016
f 6983/2441/4017 6988/2446/4017 6986/2445/4017 6985/2443/4017
f 6986/2445/4018 6987/2447/4018 6818/2227/4018 6821/2226/4018
f 6988/2446/4019 6989/2448/4019 6987/2447/4019 6986/2445/4019
f 6990/2449/4020 6991/2450/4020 6989/2448/4020 6988/2446/4020
f 6981/2440/4021 6990/2449/4021 6988/2446/4021 6983/2441/4021
f 6992/2451/4022 6993/2452/4022 6991/2450/4022 6990/2449/4022
f 6979/2439/4023 6992/2451/4023 6990/2449/4023 6981/2440/4023
f 6994/2453/4024 6995/2454/4024 6993/2452/4024 6992/2451/4024
f 6996/2438/4025 6994/2453/4025 6992/2451/4025 6979/2439/4025
f 6997/2455/4026 6999/2456/4026 6995/2454/4026 6994/2453/4026
f 7000/2457/4027 6997/2455/4027 6994/2453/4027 6996/2438/4027
f 7001/2458/4028 6998/2459/4028 6997/2455/4028 7000/2457/4028
f 6998/2459/4029 7079/2460/4029 6999/2456/4029 6997/2455/4029
f 6973/2431/4030 7000/2457/4030 6996/2438/4030 6975/2433/4030
f 6971/2430/4031 7001/2458/4031 7000/2457/4031 6973/2431/4031
f 7002/2461/4032 7003/2462/4032 6998/2463/4032 7001/2464/4032
f 6969/2425/4033 7002/2461/4033 7001/2464/4033 6971/2427/4033
f 7004/2465/4034 7005/2466/4034 7003/2462/4034 7002/2461/4034
f 6967/2423/4035 7004/2465/4035 7002/2461/4035 6969/2425/4035
f 7006/2467/4036 7007/2468/4036 7005/2466/4036 7004/2465/4036
f 6965/2422/4037 7006/2467/4037 7004/2465/4037 6967/2423/4037
f 7008/2469/4038 7009/2470/4038 7007/2468/4038 7006/2467/4038
f 7010/2424/4039 7008/2469/4039 7006/2467/4039 6965/2422/4039
f 7011/2471/4040 7012/2472/4040 7009/2470/4040 7008/2469/4040
f 7013/2473/4041 7011/2471/4041 7008/2469/4041 7010/2424/4041
f 7014/2474/4042 7015/2475/4042 7012/2472/4042 7011/2471/4042
f 7016/2476/4043 7014/2474/4043 7011/2471/4043 7013/2473/4043
f 7017/2477/4044 7019/2478/4044 7015/2475/4044 7014/2474/4044
f 7020/2479/4045 7017/2477/4045 7014/2474/4045 7016/2476/4045
f 7022/2480/4046 7018/2481/4046 7017/2477/4046 7020/2479/4046
f 7018/2481/4047 7067/2482/4047 7019/2478/4047 7017/2477/4047
f 7021/2483/4048 7020/2479/4048 7016/2476/4048 7115/2484/4048
f 7023/2485/4049 7022/2480/4049 7020/2479/4049 7021/2483/4049
f 7024/2486/4050 7025/2487/4050 7018/2481/4050 7022/2480/4050
f 7026/2488/4051 7024/2486/4051 7022/2480/4051 7023/2485/4051
f 7027/2489/4052 7028/2490/4052 7025/2487/4052 7024/2486/4052
f 7029/2491/4053 7027/2489/4053 7024/2486/4053 7026/2488/4053
f 7030/2492/4054 7031/2493/4054 7028/2490/4054 7027/2489/4054
f 7032/2494/4055 7030/2492/4055 7027/2489/4055 7029/2491/4055
f 7033/2495/4056 7034/2496/4056 7031/2493/4056 7030/2492/4056
f 7035/2497/4057 7033/2495/4057 7030/2492/4057 7032/2494/4057
f 7036/2498/4058 7037/2499/4058 7034/2496/4058 7033/2495/4058
f 7038/2500/4059 7036/2498/4059 7033/2495/4059 7035/2497/4059
f 7039/2501/4060 7041/2502/4060 7037/2499/4060 7036/2498/4060
f 7042/2503/4061 7039/2501/4061 7036/2498/4061 7038/2500/4061
f 7044/2504/4062 7040/2505/4062 7039/2501/4062 7042/2503/4062
f 7040/2505/4063 7060/2506/4063 7041/2502/4063 7039/2501/4063
f 7043/2507/4064 7042/2503/4064 7038/2500/4064 7097/2508/4064
f 7045/2509/4065 7044/2504/4065 7042/2503/4065 7043/2507/4065
f 7046/2510/4066 7047/2511/4066 7040/2505/4066 7044/2504/4066
f 6849/2512/4067 7046/2510/4067 7044/2504/4067 7045/2509/4067
f 6845/2257/4068 7049/2256/4068 7047/2513/4068 7046/2262/4068
f 7047/2511/4069 7048/2514/4069 7060/2506/4069 7040/2505/4069
f 7049/2256/4070 7050/2515/4070 7048/13/4070 7047/2513/4070
f 6844/2253/4071 7052/2516/4071 7050/2515/4071 7049/2256/4071
f 7050/2515/4072 7051/2209/4072 7057/2517/4072 7048/13/4072
f 7052/2516/4073 6802/2208/4073 7051/2209/4073 7050/2515/4073
f 7053/2518/4074 6804/2210/4074 6802/2208/4074 7052/2516/4074
f 6841/2250/4075 7053/2518/4075 7052/2516/4075 6844/2253/4075
f 7054/2519/4076 6807/2211/4076 6804/2210/4076 7053/2518/4076
f 6838/2247/4077 7054/2519/4077 7053/2518/4077 6841/2250/4077
f 7055/2520/4078 6810/2216/4078 6807/2211/4078 7054/2519/4078
f 6835/2244/4079 7055/2520/4079 7054/2519/4079 6838/2247/4079
f 7056/2238/4080 6813/2219/4080 6810/2216/4080 7055/2520/4080
f 6829/2239/4081 7056/2238/4081 7055/2520/4081 6835/2244/4081
f 6823/2231/4082 6816/2222/4082 6813/2219/4082 7056/2238/4082
f 7051/2209/4083 6797/2200/4083 6794/2201/4083 7057/2517/4083
f 7057/2521/4084 6794/2195/4084 6791/2192/4084 7058/2522/4084
f 7048/2514/4085 7057/2521/4085 7058/2522/4085 7060/2506/4085
f 7058/2522/4086 6791/2192/4086 6788/2189/4086 7059/2523/4086
f 7060/2506/4087 7058/2522/4087 7059/2523/4087 7041/2502/4087
f 7059/2523/4088 6788/2189/4088 6785/2186/4088 7061/2524/4088
f 7041/2502/4089 7059/2523/4089 7061/2524/4089 7037/2499/4089
f 7061/2524/4090 6785/2186/4090 6782/2183/4090 7062/2525/4090
f 7037/2499/4091 7061/2524/4091 7062/2525/4091 7034/2496/4091
f 7062/2525/4092 6782/2183/4092 6780/2181/4092 7063/2526/4092
f 7034/2496/4093 7062/2525/4093 7063/2526/4093 7031/2493/4093
f 7063/2526/4094 6780/2181/4094 7065/2182/4094 7064/2527/4094
f 7031/2493/4095 7063/2526/4095 7064/2527/4095 7028/2490/4095
f 7064/2527/4096 7065/2182/4096 7068/2528/4096 7066/2529/4096
f 7028/2490/4097 7064/2527/4097 7066/2529/4097 7025/2487/4097
f 7066/2529/4098 7068/2528/4098 7069/2530/4098 7067/2482/4098
f 7025/2487/4099 7066/2529/4099 7067/2482/4099 7018/2481/4099
f 7065/2182/4100 6775/2174/4100 6772/2171/4100 7068/2528/4100
f 7068/2528/4101 6772/2171/4101 6769/2168/4101 7069/2530/4101
f 7069/2530/4102 6769/2168/4102 6766/2165/4102 7070/2531/4102
f 7067/2482/4103 7069/2530/4103 7070/2531/4103 7019/2478/4103
f 7070/2531/4104 6766/2165/4104 6763/2162/4104 7071/2532/4104
f 7019/2478/4105 7070/2531/4105 7071/2532/4105 7015/2475/4105
f 7071/2532/4106 6763/2162/4106 6760/2159/4106 7072/2533/4106
f 7015/2475/4107 7071/2532/4107 7072/2533/4107 7012/2472/4107
f 7072/2533/4108 6760/2159/4108 6758/2157/4108 7073/2534/4108
f 7012/2472/4109 7072/2533/4109 7073/2534/4109 7009/2470/4109
f 7073/2534/4110 6758/2157/4110 7075/2158/4110 7074/2535/4110
f 7009/2470/4111 7073/2534/4111 7074/2535/4111 7007/2468/4111
f 7074/2535/4112 7075/2158/4112 7077/2536/4112 7076/2537/4112
f 7007/2468/4113 7074/2535/4113 7076/2537/4113 7005/2466/4113
f 7076/2537/4114 7077/2536/4114 7080/2538/4114 7078/2539/4114
f 7005/2466/4115 7076/2537/4115 7078/2539/4115 7003/2462/4115
f 7003/2462/4116 7078/2539/4116 7079/2540/4116 6998/2463/4116
f 7078/2539/4117 7080/2538/4117 7081/2541/4117 7079/2540/4117
f 7077/2536/4118 6750/2147/4118 6747/2140/4118 7080/2538/4118
f 7080/2538/4119 6747/2140/4119 6744/2143/4119 7081/2541/4119
f 7081/2542/4120 6744/2135/4120 6741/2132/4120 7082/2543/4120
f 7079/2460/4121 7081/2542/4121 7082/2543/4121 6999/2456/4121
f 7082/2543/4122 6741/2132/4122 6738/2129/4122 7083/2544/4122
f 6999/2456/4123 7082/2543/4123 7083/2544/4123 6995/2454/4123
f 7083/2544/4124 6738/2129/4124 6735/2126/4124 7084/2545/4124
f 6995/2454/4125 7083/2544/4125 7084/2545/4125 6993/2452/4125
f 7084/2545/4126 6735/2126/4126 6733/2124/4126 7085/2546/4126
f 6993/2452/4127 7084/2545/4127 7085/2546/4127 6991/2450/4127
f 7085/2546/4128 6733/2124/4128 7087/2125/4128 7086/2547/4128
f 6991/2450/4129 7085/2546/4129 7086/2547/4129 6989/2448/4129
f 7086/2547/4130 7087/2125/4130 7090/2548/4130 7088/2549/4130
f 6989/2448/4131 7086/2547/4131 7088/2549/4131 6987/2447/4131
f 6987/2447/4132 7088/2549/4132 7089/2228/4132 6818/2227/4132
f 7088/2549/4133 7090/2548/4133 7091/2106/4133 7089/2228/4133
f 7087/2125/4134 6728/2117/4134 6725/2114/4134 7090/2548/4134
f 7090/2548/4135 6725/2114/4135 6717/2107/4135 7091/2106/4135
f 7089/2228/4136 7091/2106/4136 6716/2100/4136 6819/2224/4136
f 7075/2158/4137 6753/2150/4137 6750/2147/4137 7077/2536/4137
f 7092/2550/4138 7045/2509/4138 7043/2507/4138 7094/2551/4138
f 6851/2264/4139 6849/2263/4139 7045/2552/4139 7092/2553/4139
f 7093/2554/4140 7092/2550/4140 7094/2551/4140 7095/2555/4140
f 6854/2266/4141 6851/2264/4141 7092/2553/4141 7093/2556/4141
f 7094/2551/4142 7043/2507/4142 7097/2508/4142 7096/2557/4142
f 7095/2555/4143 7094/2551/4143 7096/2557/4143 7098/2558/4143
f 7096/2557/4144 7097/2508/4144 7102/2559/4144 7099/2560/4144
f 7098/2558/4145 7096/2557/4145 7099/2560/4145 7100/2561/4145
f 7100/2561/4146 7099/2560/4146 7101/2562/4146 7117/2563/4146
f 7099/2560/4147 7102/2559/4147 7103/2564/4147 7101/2562/4147
f 7097/2508/4148 7038/2500/4148 7035/2497/4148 7102/2559/4148
f 7102/2559/4149 7035/2497/4149 7032/2494/4149 7103/2564/4149
f 7103/2564/4150 7032/2494/4150 7029/2491/4150 7104/2565/4150
f 7101/2562/4151 7103/2564/4151 7104/2565/4151 7106/2566/4151
f 7104/2565/4152 7029/2491/4152 7026/2488/4152 7105/2567/4152
f 7106/2566/4153 7104/2565/4153 7105/2567/4153 7108/2568/4153
f 7107/2312/4154 7106/2566/4154 7108/2568/4154 6880/2313/4154
f 7117/2563/4155 7101/2562/4155 7106/2566/4155 7107/2312/4155
f 7108/2568/4156 7105/2567/4156 7110/2569/4156 7109/2570/4156
f 6880/2313/4157 7108/2568/4157 7109/2570/4157 6882/2314/4157
f 7109/2570/4158 7110/2569/4158 7112/2571/4158 7111/2572/4158
f 6882/2314/4159 7109/2570/4159 7111/2572/4159 6884/2315/4159
f 7111/2572/4160 7112/2571/4160 7114/2573/4160 7113/2574/4160
f 6884/2315/4161 7111/2572/4161 7113/2574/4161 6887/2318/4161
f 7113/2574/4162 7114/2573/4162 6961/2417/4162 6959/2415/4162
f 6887/2318/4163 7113/2574/4163 6959/2415/4163 6890/2321/4163
f 7114/2573/4164 7115/2484/4164 7116/2418/4164 6961/2417/4164
f 7112/2571/4165 7021/2483/4165 7115/2484/4165 7114/2573/4165
f 7115/2484/4166 7016/2476/4166 7013/2473/4166 7116/2418/4166
f 7116/2418/4167 7013/2473/4167 7010/2424/4167 6962/2419/4167
f 7110/2569/4168 7023/2485/4168 7021/2483/4168 7112/2571/4168
f 7105/2567/4169 7026/2488/4169 7023/2485/4169 7110/2569/4169
f 6874/2296/4170 7117/2563/4170 7107/2312/4170 6876/2300/4170
f 6872/2292/4171 7100/2561/4171 7117/2563/4171 6874/2296/4171
f 6870/2288/4172 7098/2558/4172 7100/2561/4172 6872/2292/4172
f 6868/2287/4173 7095/2555/4173 7098/2558/4173 6870/2288/4173
f 6866/2575/4174 7093/2554/4174 7095/2555/4174 6868/2287/4174
f 6864/2269/4175 6854/2266/4175 7093/2556/4175 6866/2280/4175
f 6929/2383/4176 6831/2241/4176 6833/2242/4176 7118/2576/4176
f 6927/2381/4177 6929/2383/4177 7118/2576/4177 7119/2577/4177
f 7118/2576/4178 6833/2242/4178 6836/2246/4178 7120/2578/4178
f 7119/2577/4179 7118/2576/4179 7120/2578/4179 7122/2579/4179
f 7122/2579/4180 7120/2578/4180 7121/2580/4180 7123/2581/4180
f 7120/2578/4181 6836/2246/4181 6839/2249/4181 7121/2580/4181
f 7124/2582/4182 7122/2579/4182 7123/2581/4182 7125/2583/4182
f 7127/2584/4183 7119/2577/4183 7122/2579/4183 7124/2582/4183
f 7126/2585/4184 7124/2582/4184 7125/2583/4184 7132/2586/4184
f 7128/2587/4185 7127/2584/4185 7124/2582/4185 7126/2585/4185
f 7129/2382/4186 6927/2381/4186 7119/2577/4186 7127/2584/4186
f 7130/2588/4187 7129/2382/4187 7127/2584/4187 7128/2587/4187
f 7131/2376/4188 6923/2375/4188 7129/2382/4188 7130/2588/4188
f 6861/2589/4189 7131/2376/4189 7130/2588/4189
f 6861/2590/4190 7130/2588/4190 7128/2587/4190
f 6861/2591/4191 6922/2374/4191 7131/2376/4191
f 6861/2592/4192 7128/2587/4192 7126/2585/4192
f 6861/2593/4193 7126/2585/4193 7132/2586/4193
f 7132/2586/4194 7125/2583/4194 6858/2272/4194 6860/2273/4194
f 6861/2594/4195 7132/2586/4195 6860/2273/4195
f 7125/2583/4196 7123/2581/4196 6856/2271/4196 6858/2272/4196
f 7123/2581/4197 7121/2580/4197 7133/2261/4197 6856/2271/4197
f 7121/2580/4198 6839/2249/4198 6842/2252/4198 7133/2261/4198
f 6861/2595/4199 6920/2371/4199 6922/2374/4199
f 6861/2596/4200 6917/2368/4200 6920/2371/4200
f 6861/2597/4201 6914/2365/4201 6917/2368/4201
f 6861/2598/4202 6911/2362/4202 6914/2365/4202
f 6861/2599/4203 6908/2359/4203 6911/2362/4203
f 6861/2600/4204 6901/2350/4204 6908/2359/4204
f 6861/2601/4205 6885/2602/4205 6888/2331/4205
f 6861/2603/4206 6878/2309/4206 6885/2602/4206
f 6819/2224/4207 6716/2100/4207 7134/2103/4207 6815/2221/4207
f 6815/2221/4208 7134/2103/4208 7135/2604/4208 6812/2218/4208
f 7134/2103/4209 6715/2102/4209 7136/2605/4209 7135/2604/4209
f 7135/2604/4210 7136/2605/4210 7139/2606/4210 7137/2607/4210
f 6812/2218/4211 7135/2604/4211 7137/2607/4211 6809/2215/4211
f 7137/2607/4212 7139/2606/4212 7141/2608/4212 7138/2609/4212
f 6809/2215/4213 7137/2607/4213 7138/2609/4213 6806/2213/4213
f 7136/2605/4214 7195/2610/4214 7140/2611/4214 7139/2606/4214
f 7139/2606/4215 7140/2611/4215 7142/2612/4215 7141/2608/4215
f 7141/2608/4216 7142/2612/4216 7144/2613/4216 7143/2614/4216
f 7138/2609/4217 7141/2608/4217 7143/2614/4217 7146/2206/4217
f 7143/2614/4218 7144/2613/4218 7147/2615/4218 7145/2616/4218
f 7146/2206/4219 7143/2614/4219 7145/2616/4219 6799/2203/4219
f 6806/2213/4220 7138/2609/4220 7146/2206/4220 6800/2205/4220
f 7145/2616/4221 7147/2615/4221 7149/2617/4221 7148/2618/4221
f 6799/2203/4222 7145/2616/4222 7148/2618/4222 6796/2197/4222
f 7148/2618/4223 7149/2617/4223 7151/2619/4223 7150/2620/4223
f 6796/2197/4224 7148/2618/4224 7150/2620/4224 6793/2198/4224
f 7150/2620/4225 7151/2619/4225 7153/2621/4225 7152/2622/4225
f 6793/2198/4226 7150/2620/4226 7152/2622/4226 6790/2623/4226
f 7152/2624/4227 7153/2625/4227 7155/2626/4227 7154/2627/4227
f 6790/2191/4228 7152/2624/4228 7154/2627/4228 6787/2188/4228
f 7154/2627/4229 7155/2626/4229 7158/2628/4229 7156/2629/4229
f 6787/2188/4230 7154/2627/4230 7156/2629/4230 6784/2185/4230
f 6784/2185/4231 7156/2629/4231 7157/2180/4231 6777/2179/4231
f 7156/2629/4232 7158/2628/4232 7160/2630/4232 7157/2180/4232
f 7155/2626/4233 7186/2631/4233 7159/2632/4233 7158/2628/4233
f 7158/2628/4234 7159/2632/4234 7161/2633/4234 7160/2630/4234
f 7160/2630/4235 7161/2633/4235 7163/2634/4235 7162/2635/4235
f 7157/2180/4236 7160/2630/4236 7162/2635/4236 6778/2176/4236
f 7162/2635/4237 7163/2634/4237 7165/2636/4237 7164/2637/4237
f 6778/2176/4238 7162/2635/4238 7164/2637/4238 6774/2173/4238
f 7164/2637/4239 7165/2636/4239 7167/2638/4239 7166/2639/4239
f 6774/2173/4240 7164/2637/4240 7166/2639/4240 6771/2170/4240
f 7166/2639/4241 7167/2638/4241 7169/2640/4241 7168/2641/4241
f 6771/2170/4242 7166/2639/4242 7168/2641/4242 6768/2167/4242
f 7168/2641/4243 7169/2640/4243 7171/2642/4243 7170/2643/4243
f 6768/2167/4244 7168/2641/4244 7170/2643/4244 6765/2164/4244
f 7170/2643/4245 7171/2642/4245 7174/2644/4245 7172/2645/4245
f 6765/2164/4246 7170/2643/4246 7172/2645/4246 6762/2161/4246
f 6762/2161/4247 7172/2645/4247 7173/2156/4247 6755/2155/4247
f 7172/2645/4248 7174/2644/4248 7176/2646/4248 7173/2156/4248
f 7171/2642/4249 7175/2647/4249 7174/2644/4249
f 7174/2644/4250 7175/2648/4250 7176/2646/4250
f 7176/2646/4251 7175/2649/4251 7177/2650/4251
f 7173/2156/4252 7176/2646/4252 7177/2650/4252 6756/2152/4252
f 7177/2650/4253 7175/2651/4253 7178/2652/4253
f 6756/2152/4254 7177/2650/4254 7178/2652/4254 6752/2149/4254
f 7178/2653/4255 7175/2654/4256 7179/2655/4257
f 6752/2149/4258 7178/2652/4258 7179/2656/4258 6749/2145/4258
f 7179/2655/4259 7175/2657/4259 7180/2658/4259
f 6749/2145/4260 7179/2656/4260 7180/2659/4260 6746/2146/4260
f 7180/2658/4261 7175/2660/4261 7181/2661/4261
f 6746/2137/4262 7180/2658/4262 7181/2661/4262 6743/2138/4262
f 7181/2662/4263 7175/2663/4263 7182/2664/4263
f 6743/2134/4264 7181/2662/4264 7182/2664/4264 6740/2131/4264
f 6740/2131/4265 7182/2664/4265 7183/2665/4265 6737/2128/4265
f 7182/2664/4266 7175/2666/4266 7183/2665/4266
f 6737/2128/4267 7183/2665/4267 7184/2123/4267 6730/2122/4267
f 7183/2665/4268 7175/2667/4268 7184/2123/4268
f 7184/2123/4269 7175/2668/4270 6731/2119/4269
f 7185/2669/4271 7175/2670/4271 7189/2671/4271
f 7187/2672/4272 7175/2673/4272 7185/2669/4272
f 7186/2674/4273 7175/2675/4273 7159/2676/4273
f 7188/2677/4274 7175/2678/4274 7186/2674/4274
f 7159/2676/4275 7175/2679/4275 7161/2680/4275
f 7167/2681/4276 7175/2682/4276 7169/2683/4276
f 7165/2684/4277 7175/2685/4277 7167/2681/4277
f 7169/2683/4278 7175/2686/4278 7171/2687/4278
f 7163/2688/4279 7175/2689/4279 7165/2684/4279
f 7161/2680/4280 7175/2690/4280 7163/2688/4280
f 6731/2119/4281 7175/2691/4281 6727/2116/4281
f 6722/2111/4282 7175/2692/4282 6720/2109/4282
f 6720/2109/4283 7175/2693/4283 7194/2110/4283
f 6724/2113/4284 7175/2694/4284 6722/2111/4284
f 6727/2116/4285 7175/2695/4285 6724/2113/4285
f 7190/2696/4286 7175/2697/4286 7187/2672/4286
f 7189/2671/4287 7175/2698/4287 7188/2677/4287
f 7191/2699/4288 7175/2700/4288 7190/2696/4288
f 7192/2701/4289 7175/2702/4289 7191/2699/4289
f 7193/2703/4290 7175/2704/4290 7192/2701/4290
f 7194/2110/4291 7175/2705/4291 7193/2703/4291
f 6719/2105/4292 7194/2110/4292 7193/2703/4292 7195/2610/4292
f 7195/2610/4293 7193/2703/4293 7192/2701/4293 7140/2611/4293
f 6715/2102/4294 6719/2105/4294 7195/2610/4294 7136/2605/4294
f 7140/2611/4295 7192/2701/4295 7191/2699/4295 7142/2612/4295
f 7142/2612/4296 7191/2699/4296 7190/2696/4296 7144/2613/4296
f 7144/2613/4297 7190/2696/4297 7187/2672/4297 7147/2615/4297
f 7151/2619/4298 7189/2671/4298 7188/2677/4298 7153/2621/4298
f 7149/2617/4299 7185/2669/4299 7189/2671/4299 7151/2619/4299
f 7153/2625/4300 7188/2706/4300 7186/2631/4300 7155/2626/4300
f 7147/2615/4301 7187/2672/4301 7185/2669/4301 7149/2617/4301
