# Blender 3.6.22
# www.blender.org
mtllib globo_centro.mtl
o globo.007
v 1.543472 2.057527 1.270463
v 1.513247 2.079331 1.267856
v 1.475887 2.079331 1.267856
v 1.445663 2.057527 1.270463
v 1.434118 2.022246 1.274680
v 1.445663 1.986966 1.278898
v 1.475887 1.965162 1.281504
v 1.513247 1.965162 1.281504
v 1.543472 1.986966 1.278898
v 1.555017 2.022246 1.274680
v 1.590689 2.098059 1.320513
v 1.531283 2.140915 1.315390
v 1.457852 2.140915 1.315390
v 1.398445 2.098059 1.320513
v 1.375754 2.028716 1.328802
v 1.398446 1.959373 1.337092
v 1.457852 1.916517 1.342215
v 1.531283 1.916517 1.342215
v 1.590689 1.959373 1.337092
v 1.613380 2.028716 1.328802
v 1.639926 2.143224 1.396946
v 1.550089 2.208032 1.389199
v 1.439045 2.208032 1.389199
v 1.349208 2.143224 1.396946
v 1.314894 2.038361 1.409481
v 1.349208 1.933498 1.422017
v 1.439045 1.868689 1.429764
v 1.550089 1.868689 1.429764
v 1.639926 1.933498 1.422017
v 1.674241 2.038361 1.409481
v 1.667535 2.174640 1.490761
v 1.560635 2.251758 1.481543
v 1.428500 2.251758 1.481543
v 1.321600 2.174640 1.490761
v 1.280768 2.049860 1.505678
v 1.321600 1.925080 1.520594
v 1.428500 1.847962 1.529813
v 1.560635 1.847962 1.529813
v 1.667534 1.925080 1.520594
v 1.708366 2.049860 1.505678
v 1.664662 2.181873 1.568849
v 1.559538 2.257710 1.559784
v 1.429597 2.257710 1.559784
v 1.324473 2.181873 1.568849
v 1.284319 2.059165 1.583518
v 1.324473 1.936458 1.598186
v 1.429597 1.860620 1.607252
v 1.559538 1.860620 1.607252
v 1.664662 1.936458 1.598186
v 1.704816 2.059165 1.583518
v 1.641499 2.172906 1.635624
v 1.550690 2.238416 1.627793
v 1.438444 2.238416 1.627793
v 1.347636 2.172906 1.635624
v 1.312950 2.066909 1.648295
v 1.347636 1.960911 1.660966
v 1.438444 1.895401 1.668797
v 1.550690 1.895401 1.668797
v 1.641499 1.960911 1.660966
v 1.676185 2.066909 1.648295
v 1.582310 2.136392 1.692469
v 1.528082 2.175513 1.687792
v 1.461053 2.175513 1.687792
v 1.406824 2.136392 1.692469
v 1.386111 2.073094 1.700035
v 1.406824 2.009796 1.707602
v 1.461053 1.970675 1.712279
v 1.528082 1.970675 1.712279
v 1.582310 2.009796 1.707602
v 1.603023 2.073094 1.700035
v 1.494567 2.075212 1.717749
v 1.514742 2.034228 1.251416
v 1.502273 2.043223 1.250340
v 1.486861 2.043223 1.250340
v 1.474392 2.034228 1.251416
v 1.469629 2.019673 1.253155
v 1.474392 2.005119 1.254895
v 1.486861 1.996124 1.255971
v 1.502273 1.996124 1.255971
v 1.514742 2.005119 1.254895
v 1.519505 2.019673 1.253155
v 1.510512 2.026558 1.240744
v 1.499938 2.034432 1.240235
v 1.492253 2.034783 1.239774
v 1.479682 2.028683 1.237242
v 1.476225 2.015583 1.236409
v 1.479927 2.004269 1.237762
v 1.488638 1.999172 1.239711
v 1.499960 1.998958 1.236726
v 1.509784 2.005666 1.236749
v 1.514363 2.015367 1.241104
v 1.506747 2.025685 1.235491
v 1.499889 2.030437 1.236118
v 1.491330 2.030496 1.236041
v 1.482786 2.026045 1.234919
v 1.479866 2.017237 1.235459
v 1.482702 2.008570 1.236495
v 1.489987 2.003501 1.237264
v 1.499069 2.003471 1.236821
v 1.506505 2.008769 1.236258
v 1.509485 2.017164 1.236160
v 1.510943 2.024508 1.212564
v 1.502885 2.029023 1.207467
v 1.491472 2.028976 1.207435
v 1.480964 2.024176 1.211297
v 1.477175 2.013707 1.213116
v 1.480669 2.003370 1.214422
v 1.489799 1.996806 1.215237
v 1.501401 1.996465 1.216462
v 1.512189 2.002628 1.221748
v 1.515758 2.013520 1.220460
v 1.509121 2.028938 1.245644
v 1.512851 2.018409 1.246573
v 1.509141 2.007955 1.246349
v 1.499585 2.000977 1.244272
v 1.488992 2.001283 1.247080
v 1.480907 2.006517 1.244200
v 1.477428 2.017148 1.242930
v 1.480544 2.029107 1.244652
v 1.492033 2.035224 1.245898
v 1.499186 2.035165 1.245975
v 1.508844 2.019216 1.249325
v 1.506117 2.027548 1.248329
v 1.508644 2.018760 1.245517
v 1.505918 2.026961 1.244566
v 1.506105 2.010870 1.250242
v 1.505869 2.010451 1.245942
v 1.498904 2.005654 1.250459
v 1.498394 2.004907 1.243763
v 1.490143 2.005720 1.250857
v 1.490152 2.005342 1.246479
v 1.483017 2.010883 1.250321
v 1.483333 2.010322 1.246008
v 1.480291 2.019216 1.249325
v 1.480645 2.018538 1.245026
v 1.483017 2.027548 1.248329
v 1.483279 2.026930 1.244496
v 1.490156 2.032697 1.247713
v 1.490647 2.031951 1.244147
v 1.498979 2.032697 1.247713
v 1.498766 2.031951 1.244147
v 1.507783 2.024767 1.226010
v 1.510647 2.016091 1.228255
v 1.507702 2.007092 1.229331
v 1.499909 2.001913 1.228771
v 1.491333 2.003650 1.226449
v 1.484955 2.008138 1.225503
v 1.482370 2.013717 1.224482
v 1.484782 2.022293 1.224072
v 1.492563 2.027611 1.223100
v 1.501824 2.027962 1.223339
v 1.505287 2.017699 1.236636
v 1.503259 2.023933 1.235924
v 1.507072 2.017372 1.234304
v 1.504738 2.024583 1.233395
v 1.503239 2.011442 1.237384
v 1.504693 2.010102 1.235173
v 1.497921 2.007629 1.237711
v 1.498727 2.005971 1.234860
v 1.491586 2.007916 1.236903
v 1.492887 2.007935 1.229784
v 1.486545 2.011597 1.236334
v 1.488740 2.011164 1.228578
v 1.484540 2.017546 1.235752
v 1.486666 2.016073 1.228684
v 1.486016 2.023904 1.235799
v 1.485505 2.023999 1.232364
v 1.491394 2.027668 1.235675
v 1.491126 2.028666 1.232579
v 1.498019 2.027668 1.235675
v 1.498779 2.028725 1.232619
v 1.506135 2.020574 1.214388
v 1.500566 2.023100 1.209526
v 1.493110 2.023125 1.209506
v 1.485959 2.020762 1.213037
v 1.483545 2.014195 1.214350
v 1.485818 2.007279 1.215175
v 1.491762 2.003012 1.215691
v 1.499422 2.002990 1.216719
v 1.507432 2.006750 1.222511
v 1.512465 2.013556 1.223142
v 1.501381 2.019875 1.221245
v 1.497593 2.022377 1.220291
v 1.494958 2.016095 1.226443
v 1.492857 2.022377 1.220291
v 1.488853 2.019886 1.221054
v 1.487361 2.015460 1.221661
v 1.488825 2.010988 1.222195
v 1.492656 2.008224 1.222526
v 1.497427 2.008212 1.222669
v 1.501568 2.010903 1.223245
v 1.503500 2.015382 1.222950
v 1.511805 2.022653 1.209347
v 1.503408 2.027819 1.203636
v 1.507690 2.019961 1.210892
v 1.501761 2.023238 1.205417
v 1.491028 2.028039 1.203481
v 1.492612 2.023420 1.205275
v 1.480324 2.023626 1.207726
v 1.484461 2.020831 1.209271
v 1.476956 2.013499 1.209453
v 1.482042 2.013649 1.210649
v 1.480546 2.002774 1.210706
v 1.484657 2.005886 1.211560
v 1.489879 1.996197 1.211522
v 1.491436 2.001135 1.212169
v 1.502172 1.996593 1.212879
v 1.500538 2.001484 1.213504
v 1.513157 2.002566 1.219042
v 1.509080 2.005628 1.219887
v 1.516373 2.012141 1.217898
v 1.511818 2.012360 1.219312
v 1.511969 2.025158 1.213602
v 1.503208 2.030255 1.208242
v 1.513912 2.024840 1.210781
v 1.504216 2.030831 1.204810
v 1.491151 2.030356 1.208275
v 1.490413 2.031095 1.204723
v 1.480005 2.025297 1.212564
v 1.478294 2.025651 1.209301
v 1.475878 2.014073 1.214547
v 1.474145 2.013728 1.211328
v 1.479617 2.002575 1.215852
v 1.478243 2.001325 1.212723
v 1.489471 1.995453 1.216597
v 1.488984 1.993681 1.213557
v 1.501807 1.995317 1.217658
v 1.502798 1.993918 1.214859
v 1.513209 2.001929 1.223480
v 1.515148 2.000995 1.221137
v 1.517041 2.013525 1.222183
v 1.519050 2.012614 1.219834
v 1.505218 2.026962 1.224532
v 1.509426 2.024505 1.218670
v 1.507306 2.027519 1.209426
v 1.502539 2.028199 1.214681
v 1.497357 2.028296 1.222941
v 1.497403 2.029531 1.206818
v 1.492200 2.027966 1.214522
v 1.488189 2.025557 1.223578
v 1.485702 2.027291 1.209281
v 1.483000 2.022916 1.216985
v 1.482885 2.017977 1.224278
v 1.478128 2.019331 1.212428
v 1.479615 2.013499 1.218474
v 1.483110 2.010618 1.224965
v 1.478088 2.008256 1.213805
v 1.482653 2.005642 1.219736
v 1.487756 2.005734 1.225871
v 1.484720 1.999440 1.214897
v 1.490488 2.000095 1.220586
v 1.495507 2.002127 1.227618
v 1.495462 1.995806 1.215448
v 1.500683 1.999088 1.222072
v 1.504171 2.003757 1.229305
v 1.507305 1.998808 1.219208
v 1.509997 2.004763 1.224926
v 1.509910 2.011353 1.228963
v 1.515069 2.007717 1.222145
v 1.513247 2.014695 1.223738
v 1.509765 2.020853 1.227261
v 1.514071 2.019479 1.216754
v 1.508128 2.023591 1.248802
v 1.507900 2.018955 1.247143
v 1.507939 2.023074 1.245001
v 1.505354 2.026736 1.246212
v 1.508128 2.014840 1.249848
v 1.505304 2.011120 1.247755
v 1.507939 2.014446 1.246032
v 1.502898 2.007708 1.250376
v 1.498388 2.006044 1.246738
v 1.502482 2.007093 1.244639
v 1.494517 2.005004 1.250699
v 1.490397 2.006310 1.248330
v 1.494218 2.004427 1.244957
v 1.486186 2.007761 1.250694
v 1.483781 2.011173 1.248073
v 1.486392 2.007339 1.246587
v 1.481007 2.014840 1.249848
v 1.481234 2.018955 1.247143
v 1.481373 2.014192 1.245472
v 1.481007 2.023591 1.248802
v 1.483781 2.026736 1.246212
v 1.481284 2.022947 1.244721
v 1.486186 2.030669 1.247956
v 1.490447 2.031546 1.245638
v 1.486615 2.029996 1.244292
v 1.494567 2.033373 1.247633
v 1.498688 2.031546 1.245638
v 1.494726 2.032603 1.244099
v 1.502948 2.030669 1.247956
v 1.502678 2.029996 1.244292
v 1.511922 2.019341 1.250377
v 1.508607 2.029470 1.249166
v 1.507408 2.028149 1.245138
v 1.510629 2.018834 1.246133
v 1.508607 2.009213 1.251588
v 1.507462 2.009353 1.246617
v 1.499930 2.002953 1.252336
v 1.498932 2.003027 1.244126
v 1.489205 2.002953 1.252336
v 1.489593 2.003433 1.247029
v 1.480527 2.009213 1.251588
v 1.482192 2.008570 1.245292
v 1.477213 2.019341 1.250377
v 1.479124 2.017945 1.244171
v 1.480527 2.029470 1.249166
v 1.481973 2.028022 1.244858
v 1.489205 2.035729 1.248418
v 1.491321 2.033592 1.245198
v 1.499930 2.035729 1.248418
v 1.498925 2.033592 1.245198
v 1.504749 2.020983 1.236244
v 1.505655 2.017619 1.235969
v 1.506448 2.021189 1.233847
v 1.503537 2.024090 1.235196
v 1.504749 2.014414 1.237029
v 1.503537 2.011148 1.236743
v 1.506448 2.013555 1.234760
v 1.500860 2.009099 1.237664
v 1.498158 2.007361 1.236680
v 1.501928 2.007378 1.235498
v 1.494732 2.007281 1.237366
v 1.492466 2.008511 1.233448
v 1.495664 2.006466 1.232380
v 1.488778 2.009398 1.236597
v 1.488197 2.011766 1.232544
v 1.490543 2.009447 1.228796
v 1.485129 2.014385 1.236001
v 1.486247 2.017010 1.232432
v 1.487585 2.013247 1.228288
v 1.484790 2.020868 1.235742
v 1.486002 2.023974 1.234694
v 1.485573 2.020025 1.230519
v 1.488354 2.026211 1.235751
v 1.491141 2.028090 1.234718
v 1.487662 2.026897 1.232791
v 1.494726 2.028154 1.235650
v 1.497994 2.028090 1.234718
v 1.494975 2.029256 1.232509
v 1.500939 2.026211 1.235751
v 1.502108 2.027131 1.232950
v 1.506843 2.017645 1.236190
v 1.504578 2.024722 1.235476
v 1.506187 2.024801 1.230626
v 1.508662 2.016923 1.231755
v 1.504499 2.010481 1.237047
v 1.506008 2.008811 1.232724
v 1.498361 2.006053 1.237576
v 1.499284 2.004181 1.232629
v 1.490774 2.006053 1.237576
v 1.492321 2.006289 1.228483
v 1.484636 2.010481 1.237047
v 1.487321 2.009967 1.227341
v 1.482291 2.017645 1.236190
v 1.485047 2.014775 1.226959
v 1.484715 2.024722 1.235476
v 1.485357 2.023046 1.229011
v 1.491330 2.028625 1.235799
v 1.491902 2.028176 1.228913
v 1.498917 2.028625 1.235799
v 1.500313 2.028410 1.229072
v 1.508105 2.025949 1.205861
v 1.509634 2.021083 1.209818
v 1.505021 2.022124 1.207524
v 1.502573 2.025296 1.204252
v 1.497432 2.028493 1.202847
v 1.497401 2.023647 1.204671
v 1.491826 2.025504 1.204090
v 1.485048 2.026525 1.205522
v 1.488060 2.022623 1.207214
v 1.482473 2.022064 1.208184
v 1.477688 2.019014 1.208849
v 1.482529 2.017617 1.210225
v 1.479652 2.013530 1.209709
v 1.477946 2.007890 1.210101
v 1.482773 2.009593 1.211117
v 1.482731 2.004383 1.210783
v 1.484645 1.998738 1.211180
v 1.487626 2.002961 1.211910
v 1.490713 1.998785 1.211499
v 1.495882 1.995569 1.211728
v 1.495843 2.000725 1.212340
v 1.501364 1.999197 1.212862
v 1.508265 1.999008 1.216054
v 1.505213 2.003165 1.216743
v 1.511008 2.004185 1.219101
v 1.515843 2.007020 1.219632
v 1.511350 2.008730 1.220773
v 1.513692 2.012146 1.218135
v 1.514794 2.017701 1.213914
v 1.510277 2.016405 1.215420
v 1.503292 2.022325 1.211262
v 1.504075 2.020530 1.217712
v 1.499165 2.023151 1.214780
v 1.497037 2.023363 1.208941
v 1.492883 2.023151 1.214780
v 1.489187 2.022396 1.211218
v 1.487110 2.020574 1.216948
v 1.484113 2.017811 1.213925
v 1.485054 2.014823 1.217945
v 1.484148 2.010567 1.214782
v 1.486995 2.008891 1.218654
v 1.488451 2.004686 1.215485
v 1.492078 2.005225 1.219092
v 1.495466 2.002482 1.215771
v 1.498504 2.005176 1.219665
v 1.503490 2.004429 1.219527
v 1.504826 2.008555 1.222852
v 1.511014 2.009902 1.223990
v 1.508639 2.014513 1.223104
v 1.510016 2.017382 1.219145
v 1.508003 2.028491 1.210275
v 1.513775 2.025672 1.212105
v 1.509609 2.028653 1.207124
v 1.504067 2.031507 1.206199
v 1.501261 2.022817 1.206789
v 1.506932 2.020088 1.212265
v 1.497398 2.030893 1.207577
v 1.497535 2.031642 1.204015
v 1.490516 2.031705 1.206181
v 1.493029 2.022921 1.206708
v 1.485048 2.028596 1.210328
v 1.483692 2.029193 1.206915
v 1.478301 2.026144 1.210821
v 1.485349 2.020622 1.210684
v 1.476941 2.020142 1.213812
v 1.475137 2.020183 1.210589
v 1.473915 2.013940 1.212937
v 1.482940 2.013837 1.212057
v 1.476840 2.008031 1.215245
v 1.475238 2.007228 1.212065
v 1.478032 2.001364 1.214348
v 1.485363 2.006564 1.212917
v 1.484000 1.998265 1.216313
v 1.482986 1.996660 1.213221
v 1.488864 1.993590 1.215164
v 1.491667 2.002097 1.213474
v 1.495511 1.994493 1.216677
v 1.495754 1.992834 1.213725
v 1.502579 1.993619 1.216379
v 1.499995 2.002254 1.214728
v 1.508046 1.997855 1.220650
v 1.509620 1.996731 1.218093
v 1.515037 2.000842 1.222667
v 1.508369 2.006129 1.221274
v 1.516277 2.007358 1.223976
v 1.518308 2.006431 1.221697
v 1.519127 2.013116 1.221305
v 1.512467 2.012834 1.221430
v 1.515294 2.019814 1.218148
v 1.517322 2.019123 1.215607
v 1.510452 2.023931 1.211981
v 1.502545 2.028446 1.207006
v 1.503976 2.029635 1.203905
v 1.513243 2.023872 1.209782
v 1.491628 2.028488 1.207034
v 1.490570 2.029889 1.203775
v 1.481462 2.023988 1.211008
v 1.478950 2.024819 1.208201
v 1.477735 2.013825 1.212817
v 1.475139 2.013575 1.210097
v 1.481131 2.003392 1.214028
v 1.479066 2.001777 1.211447
v 1.490063 1.996930 1.214739
v 1.489312 1.994525 1.212292
v 1.501267 1.996786 1.215742
v 1.502656 1.994873 1.213636
v 1.511710 2.002747 1.221234
v 1.514529 2.001538 1.219842
v 1.515182 2.013310 1.220022
v 1.518146 2.012295 1.218598
v 1.530054 2.070744 1.268883
v 1.521701 2.107935 1.287952
v 1.564316 2.124038 1.317407
v 1.565603 2.076264 1.291738
v 1.494567 2.082193 1.267514
v 1.467434 2.107935 1.287952
v 1.494567 2.146541 1.314718
v 1.459081 2.070744 1.268883
v 1.423531 2.076264 1.291738
v 1.424819 2.124038 1.317407
v 1.437149 2.040771 1.272466
v 1.406762 2.025018 1.297864
v 1.381711 2.065126 1.324450
v 1.437149 2.003722 1.276895
v 1.423531 1.973772 1.303990
v 1.381711 1.992306 1.333155
v 1.459081 1.973749 1.280478
v 1.467434 1.942101 1.307776
v 1.424819 1.933394 1.340197
v 1.494567 1.962300 1.281846
v 1.521701 1.942101 1.307776
v 1.494567 1.910892 1.342887
v 1.530054 1.973749 1.280478
v 1.565603 1.973772 1.303990
v 1.564316 1.933394 1.340197
v 1.551986 2.003722 1.276895
v 1.582373 2.025018 1.297864
v 1.607423 1.992306 1.333155
v 1.551986 2.040771 1.272466
v 1.607423 2.065126 1.324450
v 1.541173 2.175615 1.349201
v 1.600044 2.182510 1.392250
v 1.616584 2.121213 1.355704
v 1.447961 2.175615 1.349201
v 1.494567 2.216540 1.388182
v 1.372551 2.121213 1.355704
v 1.389091 2.182510 1.392250
v 1.343747 2.033190 1.366227
v 1.323903 2.093421 1.402900
v 1.372551 1.945167 1.376749
v 1.323903 1.983300 1.416063
v 1.447961 1.890765 1.383252
v 1.389091 1.894211 1.426713
v 1.541173 1.890765 1.383252
v 1.494567 1.860182 1.430781
v 1.616584 1.945167 1.376749
v 1.600044 1.894211 1.426713
v 1.645388 2.033190 1.366227
v 1.665232 1.983300 1.416063
v 1.665232 2.093421 1.402900
v 1.556747 2.234167 1.435196
v 1.620077 2.221389 1.485173
v 1.657356 2.161587 1.443873
v 1.432388 2.234167 1.435196
v 1.494567 2.261881 1.480332
v 1.331779 2.161587 1.443873
v 1.369057 2.221389 1.485173
v 1.293350 2.044150 1.457911
v 1.291488 2.115378 1.497846
v 1.331779 1.926713 1.471950
v 1.291488 1.984342 1.513510
v 1.432388 1.854133 1.480626
v 1.369057 1.878332 1.526182
v 1.556747 1.854133 1.480626
v 1.494567 1.837839 1.531023
v 1.657356 1.926713 1.471950
v 1.620077 1.878332 1.526182
v 1.695785 2.044150 1.457911
v 1.697647 1.984342 1.513510
v 1.697647 2.115378 1.497846
v 1.561242 2.258545 1.522586
v 1.617993 2.227845 1.563354
v 1.669123 2.180719 1.531889
v 1.427893 2.258545 1.522586
v 1.494567 2.267665 1.558594
v 1.320011 2.180719 1.531889
v 1.371142 2.227845 1.563354
v 1.278804 2.054793 1.546942
v 1.294860 2.123595 1.575816
v 1.320011 1.928867 1.561996
v 1.294860 1.994735 1.591220
v 1.427893 1.851040 1.571299
v 1.371142 1.890485 1.603682
v 1.561242 1.851041 1.571299
v 1.494567 1.850665 1.608442
v 1.669123 1.928867 1.561996
v 1.617993 1.890485 1.603682
v 1.710330 2.054793 1.546942
v 1.694274 1.994735 1.591220
v 1.694274 2.123595 1.575816
v 1.556492 2.252432 1.594594
v 1.601185 2.212618 1.630877
v 1.656690 2.180150 1.603235
v 1.432642 2.252432 1.594594
v 1.494567 2.247016 1.626765
v 1.332445 2.180150 1.603235
v 1.387949 2.212618 1.630877
v 1.294173 2.063194 1.617216
v 1.322056 2.122565 1.641642
v 1.332445 1.946237 1.631197
v 1.322056 2.011253 1.654948
v 1.432642 1.873955 1.639838
v 1.387949 1.921199 1.665714
v 1.556492 1.873955 1.639838
v 1.494567 1.886802 1.669825
v 1.656690 1.946237 1.631197
v 1.601185 1.921199 1.665714
v 1.694962 2.063194 1.617216
v 1.667078 2.011253 1.654948
v 1.667078 2.122565 1.641642
v 1.540715 2.211365 1.660157
v 1.559799 2.161924 1.686709
v 1.615383 2.157499 1.666596
v 1.448420 2.211365 1.660157
v 1.494567 2.182969 1.684193
v 1.373752 2.157499 1.666596
v 1.429336 2.161924 1.686709
v 1.345231 2.070342 1.677015
v 1.389020 2.106827 1.693295
v 1.373752 1.983185 1.687434
v 1.389020 2.038723 1.701436
v 1.448420 1.929319 1.693873
v 1.429336 1.983626 1.708022
v 1.540715 1.929319 1.693873
v 1.494567 1.962581 1.710538
v 1.615383 1.983185 1.687434
v 1.559799 1.983626 1.708022
v 1.643904 2.070342 1.677015
v 1.600114 2.038723 1.701436
v 1.600114 2.106827 1.693295
v 1.499791 2.021373 1.220112
v 1.498986 2.018701 1.223595
v 1.496497 2.020497 1.223380
v 1.495384 2.022587 1.219521
v 1.493420 2.020497 1.223380
v 1.490645 2.021373 1.220112
v 1.490931 2.018701 1.223595
v 1.487653 2.017772 1.220989
v 1.489981 2.015796 1.223942
v 1.487653 2.012998 1.221560
v 1.490931 2.012891 1.224290
v 1.490479 2.009136 1.222021
v 1.493420 2.011096 1.224504
v 1.495052 2.007661 1.222198
v 1.496497 2.011096 1.224504
v 1.499832 2.009066 1.222845
v 1.498986 2.012891 1.224290
v 1.503405 2.012865 1.223485
v 1.499936 2.015796 1.223942
v 1.503198 2.017709 1.222090
v 1.515930 2.139850 1.704548
v 1.550496 2.114914 1.707528
v 1.473204 2.139850 1.704548
v 1.438638 2.114914 1.707528
v 1.425435 2.074566 1.712352
v 1.438638 2.034219 1.717175
v 1.473204 2.009282 1.720156
v 1.515930 2.009282 1.720156
v 1.550496 2.034219 1.717175
v 1.563699 2.074566 1.712352
v 1.526441 2.043547 1.257768
v 1.509207 2.039681 1.250764
v 1.506742 2.057759 1.256069
v 1.494567 2.044404 1.250199
v 1.482393 2.057759 1.256069
v 1.479928 2.039681 1.250764
v 1.462693 2.043547 1.257768
v 1.470880 2.027315 1.252242
v 1.455169 2.020553 1.260517
v 1.470880 2.012031 1.254069
v 1.462693 1.997559 1.263265
v 1.479928 1.999666 1.255547
v 1.482393 1.983348 1.264964
v 1.494567 1.994943 1.256112
v 1.506742 1.983348 1.264964
v 1.509207 1.999666 1.255547
v 1.526441 1.997559 1.263265
v 1.518255 2.012031 1.254069
v 1.533966 2.020553 1.260517
v 1.518255 2.027315 1.252242
v 1.504253 2.032749 1.245726
v 1.510351 2.027964 1.243801
v 1.505332 2.031237 1.240401
v 1.499573 2.035369 1.243664
v 1.495752 2.035970 1.246058
v 1.496274 2.035497 1.240179
v 1.492341 2.035604 1.243357
v 1.486112 2.032983 1.245419
v 1.485786 2.032641 1.238558
v 1.479669 2.029275 1.241232
v 1.477880 2.023452 1.243627
v 1.476749 2.022519 1.236534
v 1.476310 2.016121 1.239652
v 1.478495 2.011325 1.243142
v 1.477346 2.009311 1.236841
v 1.480028 2.004759 1.241010
v 1.484489 2.003255 1.246042
v 1.483783 2.001024 1.239104
v 1.488624 1.999591 1.243728
v 1.494168 2.000341 1.245728
v 1.494218 1.998306 1.238427
v 1.499935 1.999332 1.240645
v 1.504812 2.003738 1.244997
v 1.505300 2.001658 1.236079
v 1.509965 2.006387 1.241704
v 1.511866 2.012962 1.246771
v 1.512959 2.010240 1.239000
v 1.514309 2.016718 1.244417
v 1.511962 2.023946 1.246062
v 1.513535 2.021037 1.241332
v 1.509018 2.026047 1.237611
v 1.503671 2.028630 1.235737
v 1.500136 2.032580 1.237658
v 1.495752 2.031040 1.236245
v 1.491777 2.032815 1.237351
v 1.486694 2.028864 1.235429
v 1.480915 2.027486 1.235322
v 1.480547 2.021938 1.235019
v 1.477627 2.016253 1.235272
v 1.480632 2.012637 1.235968
v 1.480976 2.006020 1.236495
v 1.485935 2.005473 1.236987
v 1.489184 2.000841 1.237766
v 1.494517 2.002808 1.237144
v 1.499636 2.000721 1.235995
v 1.503185 2.005567 1.236490
v 1.508449 2.006812 1.235546
v 1.508669 2.012749 1.236235
v 1.512373 2.015960 1.238075
v 1.508765 2.021669 1.235772
v 1.546113 2.095463 1.289443
v 1.494567 2.112093 1.287455
v 1.443022 2.095463 1.289443
v 1.411165 2.051925 1.294648
v 1.411165 1.998110 1.301081
v 1.443022 1.954573 1.306286
v 1.494567 1.937943 1.308273
v 1.546113 1.954573 1.306286
v 1.577970 1.998110 1.301081
v 1.577970 2.051925 1.294648
v 1.583106 2.154191 1.351762
v 1.494567 2.182756 1.348347
v 1.406029 2.154191 1.351762
v 1.351309 2.079408 1.360702
v 1.351309 1.986972 1.371752
v 1.406029 1.912189 1.380691
v 1.494567 1.883624 1.384106
v 1.583106 1.912189 1.380691
v 1.637826 1.986972 1.371752
v 1.637826 2.079408 1.360702
v 1.612691 2.205585 1.438613
v 1.494567 2.243694 1.434057
v 1.376443 2.205585 1.438613
v 1.303438 2.105813 1.450540
v 1.303439 1.982488 1.465282
v 1.376443 1.882715 1.477209
v 1.494567 1.844606 1.481765
v 1.612691 1.882716 1.477209
v 1.685696 1.982488 1.465282
v 1.685696 2.105813 1.450540
v 1.621230 2.227897 1.526249
v 1.494567 2.268762 1.521364
v 1.367904 2.227897 1.526249
v 1.289622 2.120913 1.539038
v 1.289622 1.988673 1.554847
v 1.367904 1.881689 1.567636
v 1.494567 1.840824 1.572520
v 1.621230 1.881689 1.567636
v 1.699512 1.988673 1.554847
v 1.699512 2.120913 1.539038
v 1.612208 2.223967 1.597997
v 1.494567 2.261921 1.593460
v 1.376927 2.223967 1.597997
v 1.304221 2.124604 1.609875
v 1.304221 2.001783 1.624557
v 1.376927 1.902420 1.636435
v 1.494567 1.864466 1.640972
v 1.612208 1.902420 1.636435
v 1.684914 2.001783 1.624557
v 1.684914 2.124604 1.609875
v 1.582235 2.190153 1.662693
v 1.494567 2.218436 1.659312
v 1.406900 2.190153 1.662693
v 1.352719 2.116106 1.671544
v 1.352719 2.024578 1.682485
v 1.406900 1.950531 1.691337
v 1.494567 1.922248 1.694718
v 1.582235 1.950531 1.691337
v 1.636416 2.024578 1.682485
v 1.636416 2.116106 1.671544
v 1.498067 2.020038 1.223383
v 1.494958 2.021041 1.223264
v 1.491850 2.020038 1.223383
v 1.489929 2.017413 1.223697
v 1.489929 2.014168 1.224085
v 1.491850 2.011542 1.224399
v 1.494958 2.010539 1.224519
v 1.498067 2.011542 1.224399
v 1.499988 2.014168 1.224085
v 1.499988 2.017413 1.223697
v 1.537736 2.133535 1.705072
v 1.494567 2.147463 1.703407
v 1.451399 2.133535 1.705072
v 1.424719 2.097074 1.709431
v 1.424719 2.052004 1.714818
v 1.451399 2.015543 1.719177
v 1.494567 2.001616 1.720842
v 1.537736 2.015543 1.719177
v 1.564415 2.052004 1.714818
v 1.564415 2.097074 1.709431
v 1.517696 2.052162 1.256738
v 1.494567 2.059624 1.255846
v 1.471439 2.052162 1.256738
v 1.457144 2.032627 1.259073
v 1.457144 2.008480 1.261960
v 1.471439 1.988945 1.264295
v 1.494567 1.981483 1.265187
v 1.517696 1.988945 1.264295
v 1.531990 2.008480 1.261960
v 1.531990 2.032627 1.259073
v 1.505023 2.032413 1.243643
v 1.496129 2.036355 1.243671
v 1.485857 2.033349 1.242415
v 1.476767 2.023068 1.240196
v 1.477459 2.009828 1.239946
v 1.483830 2.001482 1.242776
v 1.494168 1.998676 1.242347
v 1.505398 2.002151 1.240633
v 1.513045 2.011294 1.243254
v 1.513429 2.022504 1.244329
v 1.504816 2.029985 1.237554
v 1.496129 2.033445 1.237692
v 1.486065 2.030922 1.236326
v 1.478252 2.022225 1.235046
v 1.478591 2.010680 1.235775
v 1.484613 2.002785 1.237370
v 1.494368 2.000051 1.237049
v 1.504461 2.003159 1.235379
v 1.511206 2.011129 1.236841
v 1.511590 2.021152 1.238058
v 1.506387 2.027029 1.216311
v 1.497574 2.028590 1.214137
v 1.487123 2.026093 1.215675
v 1.480487 2.018380 1.217837
v 1.480412 2.009286 1.219139
v 1.486115 2.002469 1.220169
v 1.495464 1.998846 1.221135
v 1.505786 2.001188 1.223654
v 1.512538 2.009431 1.224934
v 1.511961 2.020057 1.221398
v 1.507232 2.023041 1.246654
v 1.507232 2.014869 1.247631
v 1.502195 2.008044 1.247148
v 1.494368 2.005519 1.247450
v 1.486740 2.008258 1.248421
v 1.481903 2.014869 1.247631
v 1.481903 2.023041 1.246654
v 1.486740 2.029652 1.245864
v 1.494567 2.032177 1.245562
v 1.502394 2.029652 1.245864
v 1.511051 2.024659 1.249741
v 1.509824 2.023756 1.245545
v 1.511051 2.014023 1.251013
v 1.509824 2.013912 1.246721
v 1.504755 2.005418 1.252041
v 1.503597 2.005522 1.245127
v 1.494567 2.002131 1.252434
v 1.494168 2.002480 1.245491
v 1.484380 2.005418 1.252041
v 1.485492 2.005440 1.246552
v 1.478083 2.014023 1.251013
v 1.480018 2.012896 1.244480
v 1.478083 2.024659 1.249741
v 1.479665 2.023248 1.244424
v 1.484380 2.033264 1.248713
v 1.486385 2.031486 1.245094
v 1.494567 2.036551 1.248320
v 1.495203 2.034294 1.245232
v 1.504755 2.033264 1.248713
v 1.503384 2.031486 1.245094
v 1.505099 2.021017 1.235563
v 1.505099 2.014221 1.236376
v 1.501076 2.008723 1.237033
v 1.495225 2.007473 1.235119
v 1.490070 2.009922 1.232764
v 1.487009 2.014105 1.232264
v 1.485655 2.020553 1.233556
v 1.488058 2.026515 1.234906
v 1.494567 2.028615 1.234655
v 1.501076 2.026515 1.234906
v 1.506228 2.021407 1.235740
v 1.507965 2.021182 1.231245
v 1.506228 2.013883 1.236640
v 1.507965 2.012663 1.232264
v 1.501774 2.007797 1.237367
v 1.502922 2.005771 1.233088
v 1.494567 2.005471 1.237645
v 1.495666 2.004675 1.230623
v 1.487361 2.007797 1.237367
v 1.489502 2.008056 1.227623
v 1.482907 2.013883 1.236640
v 1.485893 2.012011 1.226935
v 1.482907 2.021407 1.235740
v 1.484615 2.018846 1.227966
v 1.487678 2.027144 1.235581
v 1.488038 2.026202 1.229149
v 1.495203 2.029119 1.235872
v 1.496197 2.028834 1.228835
v 1.502091 2.027144 1.235581
v 1.503640 2.027138 1.229785
v 1.506529 2.023801 1.206422
v 1.497413 2.025838 1.203480
v 1.486592 2.024371 1.206068
v 1.480233 2.018209 1.209207
v 1.480511 2.008751 1.210261
v 1.486228 2.000938 1.211195
v 1.495895 1.998293 1.211697
v 1.506715 2.001227 1.216064
v 1.513307 2.007870 1.219768
v 1.512245 2.016874 1.214270
v 1.501646 2.022252 1.215817
v 1.496140 2.023451 1.214435
v 1.489712 2.022252 1.215817
v 1.485564 2.017938 1.217573
v 1.485564 2.011708 1.218317
v 1.489252 2.006669 1.218920
v 1.495219 2.004744 1.219150
v 1.501762 2.006474 1.221209
v 1.507525 2.011339 1.223664
v 1.506948 2.017764 1.220631
v 1.509423 2.029431 1.208463
v 1.504179 2.021957 1.208817
v 1.497520 2.032275 1.205443
v 1.497367 2.023125 1.206089
v 1.483789 2.029763 1.208402
v 1.488781 2.022242 1.208640
v 1.475014 2.020539 1.212157
v 1.483462 2.017594 1.211637
v 1.474990 2.007339 1.213690
v 1.483602 2.010030 1.212503
v 1.482835 1.996642 1.214846
v 1.488138 2.003830 1.213244
v 1.495585 1.992626 1.215285
v 1.495687 2.001632 1.213600
v 1.509426 1.996438 1.219615
v 1.504389 2.003780 1.217967
v 1.518320 2.006590 1.223214
v 1.511438 2.009220 1.222603
v 1.517311 2.019855 1.216994
v 1.510330 2.016752 1.217226
v 1.506861 2.026911 1.208887
v 1.509151 2.027532 1.206193
v 1.497295 2.028983 1.206390
v 1.497490 2.030407 1.203105
v 1.486064 2.026932 1.208938
v 1.484097 2.028125 1.205897
v 1.478685 2.019330 1.212150
v 1.476009 2.019675 1.209415
v 1.478612 2.008343 1.213460
v 1.476205 2.007399 1.210803
v 1.485104 1.999482 1.214465
v 1.483577 1.997338 1.211945
v 1.495540 1.996053 1.214816
v 1.495844 1.993784 1.212489
v 1.506976 1.999066 1.218564
v 1.509233 1.997550 1.216836
v 1.514511 2.007684 1.221704
v 1.517497 2.006559 1.220406
v 1.513527 2.019062 1.216236
v 1.516485 2.018430 1.214487
vn 0.5053 0.2718 -0.8190
vn 0.3673 0.4093 -0.8352
vn 0.4054 0.4681 -0.7852
vn 0.5577 0.3163 -0.7674
vn 0.1930 0.4971 -0.8459
vn 0.2130 0.5650 -0.7971
vn 0.2296 0.6221 -0.7485
vn 0.4369 0.5176 -0.7357
vn 0.6010 0.3541 -0.7165
vn -0.0000 0.5278 -0.8493
vn -0.0000 0.5989 -0.8009
vn -0.1930 0.4971 -0.8459
vn -0.2130 0.5650 -0.7971
vn -0.2296 0.6221 -0.7485
vn -0.0000 0.6586 -0.7525
vn -0.3673 0.4093 -0.8352
vn -0.4054 0.4681 -0.7852
vn -0.5053 0.2718 -0.8190
vn -0.5577 0.3163 -0.7674
vn -0.6010 0.3541 -0.7165
vn -0.4369 0.5176 -0.7357
vn -0.5943 0.0991 -0.7981
vn -0.6559 0.1257 -0.7443
vn -0.6246 -0.0927 -0.7754
vn -0.6893 -0.0860 -0.7193
vn -0.6559 0.1256 -0.7443
vn -0.7429 -0.0795 -0.6647
vn -0.7068 0.1486 -0.6916
vn -0.5943 -0.2844 -0.7522
vn -0.6559 -0.2976 -0.6937
vn -0.5053 -0.4572 -0.7319
vn -0.5577 -0.4883 -0.6712
vn -0.6010 -0.5130 -0.6128
vn -0.7068 -0.3075 -0.6371
vn -0.6559 -0.2975 -0.6937
vn -0.7429 -0.0794 -0.6647
vn -0.3673 -0.5947 -0.7152
vn -0.4054 -0.6400 -0.6528
vn -0.1930 -0.6825 -0.7049
vn -0.2130 -0.7370 -0.6415
vn -0.2130 -0.7369 -0.6415
vn -0.2296 -0.7810 -0.5808
vn -0.4369 -0.6764 -0.5929
vn -0.0000 -0.7132 -0.7010
vn -0.0000 -0.7708 -0.6371
vn 0.1930 -0.6825 -0.7049
vn 0.2130 -0.7369 -0.6415
vn 0.2296 -0.7810 -0.5808
vn -0.0000 -0.8174 -0.5761
vn 0.3673 -0.5947 -0.7152
vn 0.4054 -0.6400 -0.6528
vn 0.2130 -0.7370 -0.6415
vn 0.5053 -0.4572 -0.7319
vn 0.5577 -0.4883 -0.6712
vn 0.6010 -0.5130 -0.6128
vn 0.4369 -0.6764 -0.5929
vn 0.5943 -0.2844 -0.7522
vn 0.6559 -0.2976 -0.6937
vn 0.6246 -0.0927 -0.7754
vn 0.6893 -0.0860 -0.7193
vn 0.7429 -0.0794 -0.6647
vn 0.7068 -0.3075 -0.6371
vn 0.6559 -0.2975 -0.6937
vn 0.5943 0.0991 -0.7981
vn 0.6559 0.1257 -0.7443
vn 0.6559 0.1256 -0.7443
vn 0.7068 0.1486 -0.6916
vn 0.7429 -0.0795 -0.6647
vn 0.4368 0.5176 -0.7357
vn 0.4740 0.5775 -0.6647
vn 0.6521 0.4002 -0.6438
vn 0.2491 0.6910 -0.6786
vn 0.2727 0.7776 -0.5665
vn 0.5189 0.6533 -0.5513
vn 0.5188 0.6533 -0.5513
vn 0.7140 0.4593 -0.5284
vn -0.0000 0.7304 -0.6830
vn -0.2491 0.6910 -0.6786
vn -0.2727 0.7776 -0.5665
vn -0.0000 0.8207 -0.5714
vn -0.4740 0.5775 -0.6647
vn -0.4368 0.5176 -0.7357
vn -0.6521 0.4002 -0.6438
vn -0.7140 0.4593 -0.5284
vn -0.5188 0.6533 -0.5513
vn -0.5189 0.6533 -0.5513
vn -0.7669 0.1772 -0.6168
vn -0.8061 -0.0702 -0.5876
vn -0.8826 -0.0558 -0.4668
vn -0.8395 0.2151 -0.4990
vn -0.6522 0.4002 -0.6438
vn -0.7669 -0.3176 -0.5577
vn -0.7068 -0.3074 -0.6371
vn -0.6010 -0.5130 -0.6129
vn -0.6521 -0.5407 -0.5314
vn -0.6522 -0.5407 -0.5314
vn -0.7140 -0.5709 -0.4053
vn -0.8395 -0.3266 -0.4342
vn -0.8061 -0.0703 -0.5876
vn -0.8826 -0.0558 -0.4669
vn -0.4368 -0.6764 -0.5929
vn -0.4740 -0.7179 -0.5098
vn -0.2491 -0.8315 -0.4966
vn -0.2727 -0.8893 -0.3672
vn -0.5189 -0.7649 -0.3818
vn -0.6521 -0.5407 -0.5313
vn -0.0000 -0.8708 -0.4916
vn 0.2491 -0.8315 -0.4966
vn -0.0000 -0.8709 -0.4915
vn 0.2727 -0.8892 -0.3672
vn -0.0000 -0.9323 -0.3618
vn -0.2727 -0.8892 -0.3672
vn 0.4740 -0.7179 -0.5098
vn 0.4368 -0.6764 -0.5929
vn 0.6010 -0.5130 -0.6129
vn 0.6521 -0.5407 -0.5314
vn 0.6521 -0.5407 -0.5313
vn 0.7140 -0.5709 -0.4053
vn 0.5188 -0.7649 -0.3818
vn 0.5189 -0.7649 -0.3818
vn 0.2727 -0.8893 -0.3672
vn 0.7068 -0.3074 -0.6371
vn 0.7669 -0.3176 -0.5577
vn 0.8061 -0.0702 -0.5876
vn 0.8061 -0.0703 -0.5876
vn 0.8826 -0.0558 -0.4669
vn 0.8395 -0.3266 -0.4342
vn 0.6522 -0.5407 -0.5314
vn 0.7669 0.1772 -0.6168
vn 0.6522 0.4002 -0.6438
vn 0.8395 0.2151 -0.4990
vn 0.8826 -0.0558 -0.4668
vn 0.5556 0.7206 -0.4147
vn 0.7647 0.5129 -0.3901
vn 0.2921 0.8539 -0.4308
vn 0.5556 0.7206 -0.4146
vn 0.3052 0.9140 -0.2672
vn 0.5805 0.7748 -0.2504
vn 0.7990 0.5578 -0.2246
vn -0.0000 0.8999 -0.4361
vn -0.2921 0.8539 -0.4308
vn -0.3052 0.9141 -0.2672
vn -0.0000 0.9621 -0.2728
vn 0.3052 0.9141 -0.2672
vn -0.5556 0.7206 -0.4147
vn -0.7647 0.5129 -0.3901
vn -0.5556 0.7206 -0.4146
vn -0.7990 0.5578 -0.2246
vn -0.5805 0.7748 -0.2504
vn -0.3052 0.9140 -0.2671
vn -0.8990 0.2513 -0.3586
vn -0.9452 -0.0387 -0.3241
vn -0.8990 0.2513 -0.3585
vn -0.9452 -0.0388 -0.3241
vn -0.9876 -0.0186 -0.1557
vn -0.9393 0.2845 -0.1918
vn -0.9393 0.2844 -0.1918
vn -0.8990 -0.3288 -0.2892
vn -0.7647 -0.5904 -0.2582
vn -0.7990 -0.5950 -0.0868
vn -0.9393 -0.3216 -0.1193
vn -0.9393 -0.3217 -0.1193
vn -0.5188 -0.7649 -0.3818
vn -0.5556 -0.7981 -0.2331
vn -0.2921 -0.9313 -0.2174
vn -0.2921 -0.9314 -0.2174
vn -0.3052 -0.9513 -0.0442
vn -0.5805 -0.8120 -0.0607
vn -0.0000 -0.9773 -0.2117
vn 0.2921 -0.9314 -0.2174
vn 0.2921 -0.9313 -0.2174
vn 0.3052 -0.9513 -0.0442
vn -0.0000 -0.9993 -0.0383
vn 0.5556 -0.7981 -0.2331
vn 0.7647 -0.5904 -0.2582
vn 0.7990 -0.5950 -0.0868
vn 0.5805 -0.8120 -0.0607
vn 0.8990 -0.3288 -0.2892
vn 0.9452 -0.0388 -0.3241
vn 0.9452 -0.0387 -0.3241
vn 0.9876 -0.0186 -0.1557
vn 0.9393 -0.3217 -0.1193
vn 0.9393 -0.3216 -0.1193
vn 0.8990 0.2513 -0.3586
vn 0.8990 0.2513 -0.3585
vn 0.9393 0.2844 -0.1918
vn 0.9393 0.2845 -0.1918
vn 0.5872 0.8078 -0.0519
vn 0.8082 0.5883 -0.0257
vn 0.3087 0.9487 -0.0688
vn 0.3022 0.9482 0.0977
vn 0.5748 0.8103 0.1140
vn 0.7911 0.5955 0.1399
vn -0.0000 0.9972 -0.0746
vn -0.3052 0.9140 -0.2672
vn -0.3087 0.9487 -0.0688
vn -0.3022 0.9482 0.0977
vn -0.0000 0.9958 0.0918
vn -0.5872 0.8078 -0.0519
vn -0.8082 0.5883 -0.0257
vn -0.5872 0.8078 -0.0520
vn -0.7911 0.5955 0.1399
vn -0.5748 0.8103 0.1140
vn -0.5747 0.8103 0.1140
vn -0.9501 0.3118 0.0074
vn -0.9990 0.0053 0.0440
vn -0.9501 0.3118 0.0073
vn -0.9990 0.0052 0.0440
vn -0.9778 0.0249 0.2081
vn -0.9300 0.3249 0.1720
vn -0.9300 0.3249 0.1721
vn -0.9501 -0.3013 0.0806
vn -0.8082 -0.5778 0.1137
vn -0.7911 -0.5458 0.2763
vn -0.9300 -0.2752 0.2438
vn -0.5872 -0.7973 0.1399
vn -0.3087 -0.9381 0.1568
vn -0.5872 -0.7972 0.1399
vn -0.3087 -0.9382 0.1568
vn -0.3022 -0.8985 0.3185
vn -0.5748 -0.7606 0.3018
vn -0.0000 -0.9867 0.1626
vn 0.3087 -0.9381 0.1568
vn 0.3022 -0.8985 0.3185
vn -0.0000 -0.9461 0.3240
vn 0.5872 -0.7972 0.1399
vn 0.8082 -0.5778 0.1137
vn 0.5872 -0.7973 0.1399
vn 0.7910 -0.5458 0.2763
vn 0.5748 -0.7606 0.3018
vn 0.3087 -0.9382 0.1568
vn 0.9501 -0.3013 0.0806
vn 0.9990 0.0053 0.0440
vn 0.9778 0.0249 0.2081
vn 0.9300 -0.2752 0.2438
vn 0.7911 -0.5458 0.2763
vn 0.9501 0.3118 0.0074
vn 0.9501 0.3118 0.0073
vn 0.9300 0.3249 0.1720
vn 0.9990 0.0052 0.0440
vn 0.7910 0.5956 0.1399
vn 0.5406 0.7854 0.3015
vn 0.7440 0.5834 0.3258
vn 0.5747 0.8104 0.1140
vn 0.3021 0.9482 0.0977
vn 0.2842 0.9151 0.2861
vn 0.5406 0.7854 0.3014
vn 0.2398 0.8076 0.5387
vn 0.4561 0.6983 0.5517
vn 0.7440 0.5833 0.3258
vn 0.4562 0.6982 0.5517
vn 0.6278 0.5278 0.5722
vn -0.0000 0.9958 0.0919
vn -0.0000 0.9598 0.2806
vn -0.3021 0.9482 0.0977
vn -0.2842 0.9151 0.2861
vn -0.2398 0.8076 0.5387
vn -0.0000 0.8454 0.5341
vn -0.5747 0.8104 0.1140
vn -0.5406 0.7854 0.3015
vn -0.7910 0.5956 0.1399
vn -0.7440 0.5834 0.3258
vn -0.5406 0.7854 0.3014
vn -0.7440 0.5833 0.3258
vn -0.6278 0.5278 0.5722
vn -0.4562 0.6982 0.5517
vn -0.4561 0.6983 0.5517
vn -0.8747 0.3288 0.3560
vn -0.9197 0.0466 0.3899
vn -0.7760 0.0749 0.6263
vn -0.7381 0.3130 0.5978
vn -0.7381 0.3130 0.5977
vn -0.6278 0.5277 0.5722
vn -0.8747 -0.2356 0.4235
vn -0.7440 -0.4901 0.4541
vn -0.6278 -0.3780 0.6805
vn -0.7381 -0.1633 0.6547
vn -0.7381 -0.1632 0.6547
vn -0.5406 -0.6922 0.4781
vn -0.7440 -0.4902 0.4541
vn -0.5747 -0.7606 0.3018
vn -0.2842 -0.8219 0.4937
vn -0.2398 -0.6579 0.7139
vn -0.4561 -0.5486 0.7007
vn -0.4562 -0.5485 0.7007
vn -0.3021 -0.8985 0.3185
vn -0.0000 -0.8666 0.4989
vn 0.3021 -0.8985 0.3185
vn 0.2842 -0.8219 0.4937
vn 0.2398 -0.6579 0.7139
vn -0.0000 -0.6957 0.7183
vn 0.5747 -0.7606 0.3018
vn 0.5406 -0.6922 0.4781
vn 0.7440 -0.4902 0.4541
vn 0.7440 -0.4901 0.4541
vn 0.6278 -0.3780 0.6805
vn 0.4562 -0.5485 0.7007
vn 0.4561 -0.5486 0.7007
vn 0.8747 -0.2356 0.4235
vn 0.9197 0.0466 0.3899
vn 0.7760 0.0749 0.6263
vn 0.7381 -0.1632 0.6547
vn 0.7381 -0.1633 0.6547
vn 0.9300 0.3249 0.1721
vn 0.8747 0.3288 0.3560
vn 0.6278 0.5277 0.5722
vn 0.7381 0.3130 0.5977
vn 0.7381 0.3130 0.5978
vn 0.3506 0.5745 0.7396
vn 0.4816 0.4428 0.7563
vn 0.1839 0.6575 0.7306
vn 0.3507 0.5745 0.7396
vn 0.1840 0.6575 0.7306
vn 0.1322 0.5112 0.8492
vn 0.2582 0.4595 0.8498
vn 0.3460 0.3569 0.8677
vn -0.0000 0.6876 0.7261
vn -0.1840 0.6575 0.7306
vn -0.1839 0.6575 0.7306
vn -0.1322 0.5112 0.8492
vn -0.0000 0.5428 0.8398
vn -0.3507 0.5745 0.7396
vn -0.4816 0.4428 0.7563
vn -0.3506 0.5745 0.7396
vn -0.3460 0.3569 0.8677
vn -0.2582 0.4595 0.8498
vn -0.5674 0.2783 0.7750
vn -0.5953 0.0954 0.7978
vn -0.4277 0.1073 0.8975
vn -0.4178 0.2414 0.8759
vn -0.5674 -0.0878 0.8188
vn -0.6278 -0.3780 0.6804
vn -0.4816 -0.2521 0.8393
vn -0.3460 -0.1424 0.9274
vn -0.4178 -0.0282 0.9081
vn -0.4561 -0.5485 0.7007
vn -0.3506 -0.3840 0.8542
vn -0.1839 -0.4668 0.8650
vn -0.3507 -0.3840 0.8542
vn -0.1840 -0.4668 0.8650
vn -0.1322 -0.2966 0.9458
vn -0.2582 -0.2463 0.9342
vn -0.4816 -0.2521 0.8394
vn -0.3460 -0.1423 0.9274
vn -0.0000 -0.4971 0.8677
vn 0.1840 -0.4668 0.8650
vn 0.1839 -0.4668 0.8650
vn 0.1322 -0.2966 0.9458
vn -0.0000 -0.3296 0.9441
vn 0.4561 -0.5485 0.7007
vn 0.3507 -0.3840 0.8542
vn 0.6278 -0.3780 0.6804
vn 0.4816 -0.2521 0.8393
vn 0.3506 -0.3840 0.8542
vn 0.4816 -0.2521 0.8394
vn 0.3460 -0.1423 0.9274
vn 0.2582 -0.2463 0.9342
vn 0.5674 -0.0878 0.8188
vn 0.5953 0.0954 0.7978
vn 0.4277 0.1073 0.8975
vn 0.4178 -0.0282 0.9081
vn 0.3460 -0.1424 0.9274
vn 0.5674 0.2783 0.7750
vn 0.4178 0.2414 0.8759
vn -0.1895 -0.9251 -0.3290
vn -0.3619 -0.8437 -0.3965
vn -0.3283 -0.6187 -0.7137
vn -0.1620 -0.6747 -0.7201
vn -0.3851 -0.7349 -0.5582
vn -0.3765 -0.4688 -0.7990
vn -0.3282 -0.6187 -0.7137
vn -0.0000 -0.1187 -0.9929
vn -0.3283 -0.6188 -0.7137
vn 0.1933 -0.9380 -0.2878
vn 0.0018 -0.9723 -0.2339
vn 0.0022 -0.7596 -0.6503
vn 0.1675 -0.6825 -0.7114
vn 0.6023 -0.6405 -0.4764
vn 0.3905 -0.8604 -0.3275
vn 0.3447 -0.6293 -0.6966
vn 0.4412 -0.4491 -0.7770
vn 0.1934 -0.9380 -0.2878
vn 0.3447 -0.6292 -0.6966
vn 0.7935 -0.0744 -0.6040
vn 0.7676 -0.3465 -0.5391
vn 0.5599 -0.2836 -0.7785
vn 0.5474 -0.0999 -0.8309
vn 0.6022 -0.6405 -0.4765
vn 0.7677 -0.3465 -0.5391
vn 0.5474 -0.1000 -0.8309
vn 0.6333 0.3790 -0.6748
vn 0.7626 0.1737 -0.6232
vn 0.5572 0.0825 -0.8263
vn 0.4407 0.2173 -0.8710
vn 0.2393 0.6465 -0.7244
vn 0.4635 0.5578 -0.6885
vn 0.3422 0.3692 -0.8641
vn 0.1677 0.4103 -0.8964
vn -0.0403 0.6239 -0.7805
vn 0.0421 0.6851 -0.7272
vn 0.0105 0.4723 -0.8814
vn -0.1195 0.3956 -0.9106
vn 0.1677 0.4102 -0.8964
vn -0.0451 0.2733 -0.9609
vn -0.0460 0.4931 -0.8688
vn -0.2242 0.3246 -0.9189
vn -0.2857 0.1767 -0.9419
vn -0.1710 -0.3431 -0.9236
vn -0.0414 -0.0101 -0.9991
vn -0.3072 0.0129 -0.9515
vn -0.3700 -0.1564 -0.9158
vn -0.3072 0.0128 -0.9515
vn -0.3071 -0.6116 -0.7291
vn -0.3958 -0.3421 -0.8522
vn -0.1709 -0.3431 -0.9236
vn 0.0561 0.2880 0.9560
vn 0.1267 0.2890 0.9489
vn -0.0000 0.1187 0.9929
vn 0.1467 0.2226 0.9638
vn 0.1267 0.2891 0.9489
vn 0.3461 0.3569 0.8677
vn 0.1468 0.2226 0.9638
vn -0.0561 0.2880 0.9560
vn -0.0000 0.3299 0.9440
vn 0.0560 0.2880 0.9560
vn -0.0560 0.2880 0.9560
vn -0.3461 0.3569 0.8677
vn -0.1468 0.2226 0.9638
vn -0.1267 0.2890 0.9489
vn -0.1267 0.2891 0.9489
vn -0.1467 0.2226 0.9638
vn -0.1814 0.1167 0.9765
vn -0.2050 0.1820 0.9617
vn -0.2050 0.1821 0.9617
vn -0.3461 -0.1424 0.9274
vn -0.1468 0.0108 0.9891
vn -0.2050 0.0498 0.9775
vn -0.1467 0.0109 0.9891
vn -0.0561 -0.0546 0.9969
vn -0.1267 -0.0572 0.9903
vn -0.1267 -0.0573 0.9903
vn -0.0561 -0.0545 0.9969
vn 0.0561 -0.0546 0.9969
vn -0.0000 -0.0981 0.9952
vn -0.0560 -0.0546 0.9969
vn 0.0560 -0.0546 0.9969
vn 0.3461 -0.1424 0.9274
vn 0.1468 0.0108 0.9891
vn 0.1267 -0.0572 0.9903
vn 0.0561 -0.0545 0.9969
vn 0.1267 -0.0573 0.9903
vn 0.1467 0.0109 0.9891
vn 0.1814 0.1167 0.9765
vn 0.2050 0.0498 0.9775
vn 0.2050 0.1820 0.9617
vn 0.2050 0.1821 0.9617
vn 0.3145 0.3296 -0.8902
vn 0.1653 0.4048 -0.8994
vn 0.4327 0.2119 -0.8763
vn 0.3146 0.3296 -0.8902
vn 0.3505 0.1459 -0.9251
vn 0.2549 0.2413 -0.9364
vn 0.2548 0.2413 -0.9364
vn 0.1339 0.3022 -0.9438
vn -0.0000 0.4311 -0.9023
vn -0.1653 0.4048 -0.8994
vn -0.0000 0.3235 -0.9462
vn -0.1339 0.3022 -0.9438
vn -0.3146 0.3296 -0.8902
vn -0.4327 0.2119 -0.8763
vn -0.2548 0.2413 -0.9364
vn -0.3145 0.3296 -0.8902
vn -0.2549 0.2413 -0.9364
vn -0.3505 0.1459 -0.9251
vn -0.5090 0.0639 -0.8584
vn -0.5348 -0.1003 -0.8390
vn -0.4327 0.2118 -0.8763
vn -0.4123 0.0261 -0.9107
vn -0.4124 0.0261 -0.9107
vn -0.4333 -0.1070 -0.8949
vn -0.5090 -0.2645 -0.8192
vn -0.4327 -0.4124 -0.8017
vn -0.4124 -0.2400 -0.8788
vn -0.4123 -0.2400 -0.8788
vn -0.3505 -0.3599 -0.8647
vn -0.3145 -0.5302 -0.7874
vn -0.1653 -0.6054 -0.7786
vn -0.3146 -0.5301 -0.7874
vn -0.3505 -0.3598 -0.8647
vn -0.2549 -0.4552 -0.8531
vn -0.2548 -0.4552 -0.8531
vn -0.1339 -0.5161 -0.8460
vn -0.0000 -0.6316 -0.7753
vn 0.1653 -0.6054 -0.7786
vn -0.0000 -0.5375 -0.8433
vn 0.1339 -0.5161 -0.8460
vn 0.3146 -0.5301 -0.7874
vn 0.4327 -0.4124 -0.8017
vn 0.3145 -0.5302 -0.7874
vn 0.1339 -0.5162 -0.8460
vn 0.2548 -0.4552 -0.8531
vn 0.2549 -0.4552 -0.8531
vn 0.3505 -0.3599 -0.8647
vn 0.5090 -0.2645 -0.8192
vn 0.5348 -0.1003 -0.8390
vn 0.4123 -0.2400 -0.8788
vn 0.4124 -0.2400 -0.8788
vn 0.4333 -0.1070 -0.8949
vn 0.5090 0.0639 -0.8584
vn 0.4327 0.2118 -0.8763
vn 0.4124 0.0261 -0.9107
vn 0.4123 0.0261 -0.9107
vn 0.2804 0.6242 0.7292
vn 0.3905 0.6174 0.6829
vn 0.5650 0.8161 -0.1216
vn 0.3946 0.9145 -0.0891
vn 0.3904 0.6175 0.6829
vn 0.4682 0.5375 0.7013
vn 0.7688 0.6356 -0.0702
vn 0.5649 0.8161 -0.1216
vn 0.7689 0.6356 -0.0702
vn 0.7650 0.5552 -0.3264
vn 0.5657 0.7552 -0.3310
vn 0.3808 0.8494 -0.3654
vn -0.2802 0.7764 0.5645
vn -0.0243 0.6956 0.7180
vn 0.0384 0.9962 -0.0785
vn -0.2656 0.9619 -0.0655
vn 0.0572 0.9098 -0.4110
vn 0.0383 0.9962 -0.0785
vn -0.1962 0.9048 -0.3780
vn -0.6825 0.5425 0.4898
vn -0.4342 0.7432 0.5090
vn -0.4428 0.8962 -0.0262
vn -0.7508 0.6595 0.0381
vn -0.3655 0.8650 -0.3438
vn -0.6893 0.6523 -0.3152
vn -0.8595 -0.0455 0.5091
vn -0.8469 0.1802 0.5004
vn -0.9635 0.2423 0.1138
vn -0.9826 -0.0515 0.1786
vn -0.6893 0.6524 -0.3152
vn -0.9252 0.2516 -0.2841
vn -0.9826 -0.0515 0.1785
vn -0.9595 -0.0662 -0.2740
vn -0.7197 -0.3366 0.6073
vn -0.8121 -0.1939 0.5503
vn -0.9294 -0.2814 0.2387
vn -0.7987 -0.5337 0.2780
vn -0.8932 -0.3450 -0.2883
vn -0.8932 -0.3450 -0.2884
vn -0.7148 -0.6370 -0.2886
vn -0.1512 -0.6273 0.7640
vn -0.5205 -0.4948 0.6959
vn -0.5573 -0.7729 0.3033
vn -0.2432 -0.9211 0.3040
vn -0.7197 -0.3365 0.6073
vn -0.7987 -0.5337 0.2779
vn -0.4678 -0.8532 -0.2305
vn -0.2433 -0.9211 0.3040
vn -0.2573 -0.9485 -0.1850
vn 0.2855 -0.7071 0.6469
vn 0.1618 -0.6841 0.7112
vn 0.0467 -0.9628 0.2662
vn 0.3184 -0.9189 0.2328
vn -0.0556 -0.9740 -0.2197
vn 0.2508 -0.9355 -0.2490
vn 0.5344 -0.5473 0.6441
vn 0.3925 -0.6845 0.6143
vn 0.5482 -0.8079 0.2162
vn 0.7153 -0.6624 0.2225
vn 0.3926 -0.6845 0.6143
vn 0.5454 -0.8027 -0.2413
vn 0.7153 -0.6624 0.2226
vn 0.5454 -0.8026 -0.2414
vn 0.7559 -0.6097 -0.2385
vn 0.5383 0.0435 0.8417
vn 0.6025 -0.2795 0.7476
vn 0.8628 -0.4300 0.2658
vn 0.9626 -0.0611 0.2639
vn 0.6025 -0.2794 0.7476
vn 0.8628 -0.4300 0.2659
vn 0.7559 -0.6097 -0.2384
vn 0.9057 -0.3620 -0.2205
vn 0.9718 -0.0474 -0.2308
vn 0.4927 0.2992 0.8171
vn 0.9382 0.3276 0.1119
vn 0.7688 0.6356 -0.0701
vn 0.5382 0.0435 0.8417
vn 0.9626 -0.0612 0.2639
vn 0.9166 0.2687 -0.2961
vn 0.5011 0.6711 -0.5464
vn 0.2922 0.7105 -0.6402
vn 0.6785 0.4838 -0.5528
vn 0.3959 0.2935 -0.8701
vn 0.2673 0.4335 -0.8606
vn 0.1230 0.4444 -0.8874
vn 0.0495 0.6841 -0.7277
vn -0.0801 0.6746 -0.7339
vn 0.0207 0.4011 -0.9158
vn 0.0207 0.4012 -0.9158
vn 0.0073 0.3473 -0.9377
vn -0.1774 0.6267 -0.7588
vn -0.3530 0.4410 -0.8252
vn 0.0213 0.2331 -0.9722
vn 0.0298 0.0732 -0.9969
vn -0.4163 0.1401 -0.8984
vn -0.3125 -0.0501 -0.9486
vn -0.4163 0.1401 -0.8983
vn 0.0917 -0.0621 -0.9939
vn -0.3125 -0.0500 -0.9486
vn -0.4163 0.1402 -0.8983
vn 0.1741 -0.0823 -0.9813
vn -0.1924 -0.1602 -0.9682
vn -0.1235 -0.2816 -0.9516
vn -0.1925 -0.1601 -0.9682
vn 0.1742 -0.0823 -0.9813
vn 0.1999 -0.0499 -0.9785
vn -0.1924 -0.1601 -0.9682
vn 0.1610 -0.0388 -0.9862
vn -0.2572 -0.9485 -0.1850
vn -0.1021 -0.4097 -0.9065
vn -0.1454 -0.4343 -0.8890
vn -0.4679 -0.8532 -0.2306
vn -0.1022 -0.4097 -0.9065
vn 0.0897 -0.0539 -0.9945
vn -0.0014 -0.0178 -0.9998
vn -0.1696 -0.2945 -0.9405
vn -0.1232 -0.1153 -0.9857
vn -0.0889 0.1073 -0.9902
vn -0.1734 0.2208 -0.9598
vn 0.5455 -0.8026 -0.2413
vn -0.0096 -0.0337 -0.9994
vn 0.2438 -0.0336 -0.9692
vn -0.1233 -0.1153 -0.9857
vn -0.2272 0.2323 -0.9457
vn 0.2438 -0.0335 -0.9692
vn -0.2271 0.2323 -0.9457
vn -0.1408 0.1510 -0.9784
vn 0.9718 -0.0473 -0.2308
vn 0.5562 -0.0185 -0.8308
vn 0.7243 0.0584 -0.6870
vn 0.5563 -0.0185 -0.8308
vn 0.5563 -0.0186 -0.8308
vn 0.2438 -0.0336 -0.9693
vn -0.1408 0.1511 -0.9784
vn 0.1146 0.0417 -0.9925
vn 0.1146 0.0418 -0.9925
vn 0.3442 0.0048 -0.9389
vn 0.7583 0.2260 -0.6115
vn 0.4327 0.0967 -0.8963
vn 0.1789 0.9837 0.0204
vn 0.4575 0.8851 0.0852
vn 0.4256 0.8994 0.0996
vn 0.1604 0.9838 0.0804
vn 0.7346 0.6513 0.1900
vn 0.6992 0.6948 0.1681
vn 0.4257 0.8994 0.0996
vn 0.6992 0.6949 0.1681
vn 0.7205 0.6916 0.0511
vn 0.4429 0.8965 0.0098
vn 0.1767 0.9841 0.0198
vn -0.2638 0.9645 -0.0069
vn -0.0258 0.9996 -0.0085
vn -0.0200 0.9962 0.0848
vn -0.2072 0.9715 0.1151
vn -0.0117 0.9989 0.0451
vn -0.2073 0.9715 0.1152
vn -0.1844 0.9791 0.0858
vn -0.7888 0.5885 0.1775
vn -0.5309 0.8463 0.0433
vn -0.4270 0.8843 0.1887
vn -0.6864 0.6634 0.2979
vn -0.2073 0.9715 0.1151
vn -0.3772 0.9102 0.1709
vn -0.6400 0.7147 0.2821
vn -0.8688 0.0053 0.4950
vn -0.8939 0.2561 0.3678
vn -0.8599 0.3446 0.3766
vn -0.9099 0.0481 0.4119
vn -0.8599 0.3446 0.3767
vn -0.8599 0.3445 0.3767
vn -0.8629 0.3842 0.3283
vn -0.9458 0.0604 0.3190
vn -0.6377 -0.4694 0.6108
vn -0.7822 -0.2551 0.5684
vn -0.8560 -0.2642 0.4444
vn -0.7052 -0.5145 0.4878
vn -0.8688 0.0053 0.4951
vn -0.8560 -0.2641 0.4444
vn -0.9037 -0.2694 0.3328
vn -0.9037 -0.2694 0.3327
vn -0.7479 -0.5341 0.3942
vn -0.4254 -0.6989 0.5749
vn -0.5115 -0.5979 0.6171
vn -0.5330 -0.6698 0.5170
vn -0.3594 -0.7836 0.5068
vn -0.6376 -0.4695 0.6108
vn -0.5480 -0.7070 0.4471
vn -0.3298 -0.8296 0.4505
vn 0.0681 -0.8794 0.4711
vn -0.2662 -0.8225 0.5026
vn -0.1578 -0.8720 0.4634
vn 0.0784 -0.8918 0.4456
vn -0.1577 -0.8720 0.4634
vn -0.1577 -0.8720 0.4633
vn -0.1027 -0.9110 0.3993
vn -0.1027 -0.9110 0.3994
vn 0.1112 -0.9255 0.3619
vn 0.6454 -0.5094 0.5692
vn 0.4110 -0.7580 0.5064
vn 0.3142 -0.8020 0.5081
vn 0.5507 -0.5593 0.6196
vn 0.0681 -0.8794 0.4712
vn 0.3142 -0.8020 0.5080
vn 0.3141 -0.8020 0.5081
vn 0.2955 -0.8550 0.4262
vn 0.2955 -0.8550 0.4261
vn 0.5276 -0.6367 0.5624
vn 0.8849 0.1338 0.4462
vn 0.8056 -0.1915 0.5606
vn 0.7597 -0.1716 0.6272
vn 0.8574 0.2141 0.4679
vn 0.5507 -0.5593 0.6197
vn 0.5276 -0.6367 0.5623
vn 0.7915 -0.2111 0.5735
vn 0.8574 0.2142 0.4679
vn 0.8995 0.2236 0.3753
vn 0.7346 0.6514 0.1900
vn 0.8622 0.4053 0.3038
vn 0.8287 0.4815 0.2854
vn 0.8623 0.4053 0.3038
vn 0.8567 0.4886 0.1653
vn 0.4731 0.2450 -0.8463
vn 0.5576 0.0837 -0.8259
vn 0.9494 0.3001 -0.0922
vn 0.8062 0.5752 -0.1386
vn 0.5848 -0.0963 -0.8055
vn 0.9986 -0.0063 -0.0527
vn 0.2548 0.1148 0.9601
vn 0.2413 0.1827 0.9531
vn 0.1936 0.2047 0.9595
vn 0.5661 -0.2750 -0.7772
vn 0.9450 -0.3262 -0.0248
vn 0.5660 -0.2750 -0.7772
vn 0.5196 -0.4512 -0.7256
vn 0.7832 -0.6218 0.0029
vn 0.7832 -0.6218 0.0030
vn 0.1693 -0.3217 0.9316
vn 0.2472 -0.0355 0.9683
vn 0.9450 -0.3263 -0.0248
vn 0.4270 -0.6370 -0.6418
vn 0.5538 -0.8307 0.0572
vn 0.2304 -0.7751 -0.5884
vn 0.3075 -0.9459 0.1038
vn 0.5538 -0.8307 0.0573
vn 0.1765 -0.4651 0.8675
vn 0.0989 -0.4975 0.8618
vn 0.1693 -0.3218 0.9316
vn -0.0197 -0.7867 -0.6170
vn 0.0289 -0.9946 0.1000
vn 0.3075 -0.9459 0.1039
vn -0.2150 -0.6879 -0.6933
vn -0.2966 -0.9527 0.0664
vn -0.2966 -0.9527 0.0663
vn 0.0002 -0.4323 0.9017
vn 0.2605 -0.4598 0.8490
vn -0.3544 -0.5706 -0.7408
vn -0.5926 -0.8044 0.0423
vn -0.3545 -0.5706 -0.7408
vn -0.4731 -0.4376 -0.7647
vn -0.8138 -0.5810 0.0106
vn -0.6252 -0.2982 0.7212
vn -0.3956 -0.3643 0.8431
vn -0.5576 -0.2761 -0.7829
vn -0.9499 -0.3104 -0.0361
vn -0.5576 -0.2760 -0.7829
vn -0.5848 -0.0963 -0.8055
vn -0.9967 -0.0138 -0.0800
vn -0.9967 -0.0137 -0.0800
vn -0.7623 0.0131 0.6471
vn -0.7522 -0.1701 0.6366
vn -0.5576 0.0838 -0.8259
vn -0.9508 0.2873 -0.1158
vn -0.5576 0.0837 -0.8259
vn -0.4731 0.2450 -0.8463
vn -0.8084 0.5671 -0.1580
vn -0.8083 0.5671 -0.1580
vn -0.3930 0.2488 0.8852
vn -0.6323 0.1798 0.7535
vn -0.9508 0.2872 -0.1158
vn -0.6323 0.1798 0.7536
vn -0.3446 0.3748 -0.8607
vn -0.5866 0.7832 -0.2059
vn -0.1807 0.4559 -0.8715
vn -0.3167 0.9200 -0.2309
vn -0.5867 0.7832 -0.2059
vn -0.0092 0.1559 0.9877
vn -0.1733 0.2321 0.9571
vn -0.1734 0.2320 0.9571
vn -0.3931 0.2488 0.8852
vn -0.0000 0.4860 -0.8740
vn -0.0038 0.9744 -0.2246
vn 0.1807 0.4559 -0.8715
vn 0.3127 0.9259 -0.2121
vn 0.3127 0.9259 -0.2122
vn 0.0326 0.1498 0.9882
vn 0.0195 0.1364 0.9905
vn -0.3167 0.9200 -0.2310
vn 0.0196 0.1365 0.9905
vn 0.3446 0.3748 -0.8607
vn 0.5866 0.7885 -0.1846
vn 0.5867 0.7885 -0.1846
vn 0.1214 0.1904 0.9742
vn 0.1215 0.1904 0.9742
vn 0.4124 0.0261 -0.9106
vn 0.3257 -0.0064 -0.9455
vn 0.2768 0.0881 -0.9569
vn 0.3421 -0.1115 -0.9330
vn 0.3257 -0.0065 -0.9455
vn 0.5847 -0.0963 -0.8055
vn -0.2557 0.0035 0.9667
vn -0.2137 0.0926 0.9725
vn 0.4927 0.2993 0.8171
vn 0.4682 0.5376 0.7013
vn -0.2475 -0.1623 0.9552
vn -0.2557 0.0036 0.9667
vn 0.2549 0.1148 0.9601
vn 0.3269 -0.2164 -0.9199
vn 0.2833 -0.3129 -0.9066
vn 0.2832 -0.3130 -0.9065
vn 0.5195 -0.4512 -0.7256
vn 0.3421 -0.1116 -0.9330
vn -0.1446 0.0710 0.9869
vn -0.1683 -0.0555 0.9842
vn 0.5382 0.0434 0.8417
vn 0.2471 -0.0355 0.9683
vn 0.2548 -0.4553 -0.8531
vn 0.2129 -0.3969 -0.8928
vn 0.1125 -0.4535 -0.8842
vn 0.1125 -0.4535 -0.8841
vn 0.4270 -0.6369 -0.6418
vn -0.2096 -0.0632 0.9757
vn 0.0245 0.0922 0.9954
vn 0.5343 -0.5473 0.6441
vn 0.0990 -0.4975 0.8618
vn -0.0027 -0.4672 -0.8842
vn -0.1100 -0.4401 -0.8912
vn -0.0028 -0.4672 -0.8841
vn -0.2151 -0.6879 -0.6932
vn -0.0028 -0.4672 -0.8842
vn -0.0197 -0.7868 -0.6170
vn -0.1511 -0.6273 0.7640
vn 0.1617 -0.6841 0.7112
vn 0.2858 0.1362 0.9486
vn 0.1091 0.0648 0.9919
vn 0.2858 0.1361 0.9486
vn -0.2025 -0.3872 -0.8995
vn -0.2548 -0.4553 -0.8531
vn -0.2767 -0.3112 -0.9092
vn -0.2661 -0.0138 0.9638
vn -0.4705 -0.0837 0.8784
vn 0.1090 0.0648 0.9919
vn -0.6253 -0.2982 0.7212
vn -0.3257 -0.2166 -0.9203
vn -0.2768 -0.3112 -0.9092
vn -0.3421 -0.1116 -0.9330
vn -0.5576 -0.2761 -0.7828
vn -0.8121 -0.1939 0.5504
vn -0.5496 -0.0810 0.8315
vn -0.5127 -0.0271 0.8581
vn -0.7521 -0.1701 0.6367
vn -0.3257 -0.0065 -0.9455
vn -0.3421 -0.1115 -0.9330
vn -0.4124 0.0261 -0.9106
vn -0.2768 0.0881 -0.9569
vn -0.3257 -0.0064 -0.9455
vn -0.3208 -0.0013 0.9471
vn -0.0629 -0.0822 0.9946
vn -0.8468 0.1802 0.5004
vn -0.2013 0.1635 -0.9658
vn -0.2767 0.0881 -0.9569
vn -0.1057 0.2115 -0.9716
vn -0.2013 0.1636 -0.9658
vn 0.1040 -0.2853 0.9528
vn 0.1064 -0.4487 0.8873
vn -0.6826 0.5424 0.4897
vn -0.0630 -0.0822 0.9946
vn 0.1041 -0.2853 0.9528
vn -0.0629 -0.0821 0.9946
vn 0.1064 -0.4486 0.8874
vn -0.1734 0.2321 0.9571
vn -0.0000 0.3236 -0.9462
vn -0.0000 0.2285 -0.9735
vn 0.1057 0.2115 -0.9716
vn 0.2804 0.6241 0.7293
vn -0.0064 -0.4918 0.8707
vn -0.1368 -0.4491 0.8829
vn -0.0244 0.6956 0.7180
vn 0.1064 -0.4487 0.8874
vn -0.0093 0.1559 0.9877
vn 0.0196 0.1364 0.9905
vn 0.2013 0.1636 -0.9658
vn 0.2767 0.0881 -0.9569
vn 0.2013 0.1635 -0.9658
vn -0.2098 -0.3418 0.9161
vn 0.2805 0.6242 0.7292
vn -0.2098 -0.3418 0.9160
vn 0.2034 0.1220 -0.9715
vn 0.1451 -0.0508 -0.9881
vn 0.7582 0.3189 0.5688
vn 0.6504 0.5542 0.5194
vn 0.1452 -0.0507 -0.9881
vn 0.1290 -0.1177 -0.9846
vn 0.7927 0.0736 0.6052
vn 0.7582 0.3188 0.5688
vn 0.8222 0.0694 0.5649
vn 0.7878 0.3246 0.5234
vn 0.6504 0.5542 0.5195
vn 0.7878 0.3246 0.5235
vn 0.6732 0.5826 0.4553
vn 0.1239 -0.1576 -0.9797
vn 0.7525 -0.1694 0.6364
vn 0.1239 -0.1577 -0.9797
vn 0.1043 -0.1930 -0.9756
vn 0.6388 -0.3877 0.6645
vn 0.6597 -0.4067 0.6319
vn 0.7781 -0.1816 0.6013
vn 0.1020 -0.2883 -0.9521
vn 0.4209 -0.6301 0.6525
vn 0.6388 -0.3877 0.6646
vn 0.1021 -0.2883 -0.9521
vn 0.0666 -0.5467 -0.8347
vn 0.0087 -0.9063 0.4226
vn 0.4209 -0.6301 0.6526
vn -0.0922 -0.8062 0.5844
vn 0.4179 -0.6282 0.6563
vn -0.0603 -0.7294 -0.6815
vn -0.3081 -0.9461 0.1003
vn -0.2381 -0.7465 -0.6213
vn -0.4498 -0.8919 -0.0461
vn -0.6120 -0.6879 0.3901
vn -0.5210 -0.7472 0.4125
vn -0.4179 -0.6493 -0.6354
vn -0.5886 -0.7977 -0.1311
vn -0.4498 -0.8920 -0.0461
vn -0.5585 -0.4818 -0.6753
vn -0.7748 -0.5999 -0.1995
vn -0.7627 -0.5480 0.3435
vn -0.6237 -0.6791 0.3871
vn -0.6431 -0.2882 -0.7095
vn -0.9044 -0.3581 -0.2321
vn -0.6519 -0.1046 -0.7511
vn -0.9576 -0.1930 -0.2137
vn -0.8920 -0.3126 0.3265
vn -0.8626 -0.3583 0.3572
vn -0.8626 -0.3584 0.3572
vn -0.5739 0.0364 -0.8181
vn -0.9892 -0.0115 -0.1459
vn -0.9577 -0.1930 -0.2137
vn -0.4431 0.1761 -0.8790
vn -0.9291 0.3630 0.0701
vn -0.9892 -0.0115 -0.1460
vn -0.9278 0.3725 0.0226
vn -0.9785 -0.1246 0.1645
vn -0.4449 0.1700 -0.8793
vn -0.3519 0.5113 -0.7841
vn -0.6033 0.7518 0.2661
vn -0.3519 0.5112 -0.7841
vn -0.2076 0.8202 -0.5331
vn -0.2881 0.9073 0.3064
vn -0.2881 0.9072 0.3065
vn -0.3174 0.9473 -0.0427
vn -0.6257 0.7791 -0.0381
vn 0.0054 0.8791 -0.4766
vn -0.0181 0.9448 0.3272
vn 0.0055 0.8791 -0.4766
vn 0.2066 0.7447 -0.6345
vn 0.2412 0.8959 0.3732
vn 0.2392 0.9602 0.1442
vn -0.0266 0.9994 0.0218
vn -0.0267 0.9994 0.0218
vn 0.2067 0.7448 -0.6345
vn 0.2718 0.4409 -0.8554
vn 0.4733 0.7598 0.4457
vn 0.2719 0.4409 -0.8554
vn 0.2033 0.1220 -0.9715
vn 0.4733 0.7598 0.4458
vn 0.6732 0.5826 0.4554
vn 0.4793 0.8192 0.3151
vn -0.0733 -0.1131 -0.9909
vn -0.0532 -0.0555 -0.9970
vn -0.1181 -0.0883 -0.9891
vn -0.0732 -0.1131 -0.9909
vn 0.1451 -0.0507 -0.9881
vn -0.0531 -0.0555 -0.9970
vn -0.0732 -0.1132 -0.9909
vn 0.8460 0.3502 0.4022
vn 0.8705 0.0792 0.4858
vn 0.7210 0.6227 0.3041
vn 0.8460 0.3501 0.4022
vn 0.7210 0.6227 0.3042
vn 0.7878 0.3245 0.5235
vn -0.1906 -0.0054 -0.9816
vn -0.2362 0.0977 -0.9668
vn -0.1906 -0.0053 -0.9816
vn 0.1238 -0.1576 -0.9797
vn -0.1906 -0.0053 -0.9817
vn 0.8119 -0.1973 0.5495
vn 0.6824 -0.4534 0.5734
vn 0.6597 -0.4068 0.6319
vn -0.2027 0.1752 -0.9634
vn -0.2363 0.0977 -0.9668
vn -0.1031 0.1734 -0.9794
vn -0.2027 0.1752 -0.9635
vn -0.2027 0.1751 -0.9635
vn 0.4440 -0.6864 0.5760
vn -0.0237 -0.8136 0.5809
vn 0.4440 -0.6863 0.5760
vn -0.0104 0.0769 -0.9970
vn 0.0287 -0.0250 -0.9993
vn -0.0104 0.0768 -0.9970
vn -0.0602 -0.7293 -0.6815
vn -0.2662 -0.8225 0.5027
vn -0.4571 -0.6569 0.5996
vn -0.5223 -0.4547 0.7214
vn -0.5223 -0.4548 0.7214
vn 0.0897 -0.0538 -0.9945
vn 0.0488 -0.0664 -0.9966
vn 0.0765 -0.0734 -0.9944
vn 0.0488 -0.0663 -0.9966
vn 0.0764 -0.0734 -0.9944
vn -0.5585 -0.4818 -0.6752
vn -0.6377 -0.4695 0.6107
vn -0.5116 -0.5979 0.6171
vn -0.4313 -0.3667 0.8243
vn -0.4615 -0.2740 0.8438
vn -0.4254 -0.6989 0.5750
vn -0.6237 -0.6791 0.3870
vn 0.1610 -0.0389 -0.9862
vn 0.0991 -0.0855 -0.9914
vn 0.1253 -0.1029 -0.9868
vn 0.0990 -0.0855 -0.9914
vn -0.5533 -0.1672 0.8160
vn -0.7046 -0.1416 0.6953
vn -0.7823 -0.2551 0.5683
vn -0.7046 -0.1417 0.6954
vn 0.1535 -0.1224 -0.9805
vn 0.0298 0.0733 -0.9969
vn 0.1570 -0.1150 -0.9809
vn -0.4448 0.1701 -0.8793
vn -0.5739 0.0365 -0.8181
vn 0.1526 -0.1257 -0.9803
vn -0.9140 0.0310 0.4046
vn -0.8824 0.4697 0.0285
vn -0.7046 -0.1417 0.6953
vn -0.9140 0.0311 0.4046
vn -0.9785 -0.1245 0.1645
vn -0.9278 0.3725 0.0225
vn 0.1103 -0.0400 -0.9931
vn 0.0399 0.0932 -0.9949
vn 0.1103 -0.0399 -0.9931
vn 0.0398 0.0932 -0.9949
vn -0.3559 0.5083 -0.7842
vn -0.4449 0.1701 -0.8793
vn -0.5954 0.7918 -0.1366
vn -0.3020 0.9420 -0.1462
vn -0.7888 0.5885 0.1774
vn -0.5954 0.7917 -0.1366
vn -0.6257 0.7792 -0.0381
vn 0.0070 0.1689 -0.9856
vn 0.0398 0.0932 -0.9948
vn -0.0073 0.1334 -0.9910
vn 0.0071 0.1689 -0.9856
vn 0.2066 0.7448 -0.6345
vn 0.1788 0.9837 0.0204
vn -0.0257 0.9951 -0.0960
vn 0.2134 0.9770 0.0020
vn -0.3019 0.9420 -0.1462
vn -0.0256 0.9951 -0.0960
vn -0.3019 0.9421 -0.1462
vn 0.1231 0.4443 -0.8874
vn -0.0355 0.0455 -0.9983
vn 0.2672 0.4335 -0.8606
vn 0.3958 0.2935 -0.8701
vn 0.2034 0.1219 -0.9715
vn 0.2067 0.7447 -0.6345
vn 0.4739 0.8672 0.1530
vn 0.2391 0.9602 0.1442
vn 0.2343 -0.1391 -0.9622
vn 0.3934 -0.3069 -0.8667
vn 0.2698 -0.5472 -0.7923
vn 0.1844 -0.4073 -0.8945
vn 0.3795 -0.4695 -0.7972
vn 0.1707 -0.6624 -0.7295
vn 0.1708 -0.6623 -0.7295
vn -0.1692 -0.8372 -0.5201
vn 0.0652 -0.7951 -0.6030
vn 0.0652 -0.7951 -0.6029
vn 0.0969 -0.7039 -0.7036
vn -0.1924 -0.1170 -0.9743
vn 0.0097 -0.0733 -0.9973
vn 0.0068 -0.3515 -0.9362
vn -0.1531 -0.4019 -0.9028
vn 0.0969 -0.7039 -0.7037
vn -0.0005 -0.6704 -0.7420
vn -0.0004 -0.6704 -0.7420
vn -0.0909 -0.7087 -0.6997
vn -0.2323 -0.1914 -0.9536
vn -0.2883 -0.1990 -0.9366
vn -0.1843 -0.4827 -0.8562
vn -0.0165 -0.4297 -0.9028
vn -0.2883 -0.1990 -0.9367
vn -0.1844 -0.4827 -0.8562
vn -0.0910 -0.7086 -0.6997
vn -0.0501 -0.7598 -0.6482
vn 0.2221 -0.6559 -0.7214
vn -0.1196 -0.1135 -0.9863
vn -0.1419 -0.1199 -0.9826
vn 0.1677 -0.2251 -0.9598
vn 0.2077 -0.1031 -0.9727
vn -0.1420 -0.1199 -0.9826
vn 0.1677 -0.2252 -0.9598
vn 0.4939 -0.3176 -0.8095
vn 0.5517 -0.0771 -0.8305
vn -0.0913 -0.1809 -0.9793
vn -0.1105 -0.1509 -0.9824
vn 0.1979 -0.0482 -0.9790
vn 0.1686 0.0063 -0.9857
vn -0.1106 -0.1509 -0.9823
vn 0.5516 -0.0771 -0.8305
vn 0.5291 0.0786 -0.8449
vn 0.4506 0.2265 -0.8635
vn -0.0138 -0.2123 -0.9771
vn -0.0585 -0.2020 -0.9776
vn 0.1248 0.0525 -0.9908
vn 0.0727 0.0809 -0.9941
vn 0.3252 0.3502 -0.8784
vn 0.3252 0.3503 -0.8784
vn 0.1651 0.4286 -0.8883
vn 0.3426 -0.0648 -0.9372
vn 0.1127 -0.1867 -0.9759
vn 0.1179 0.1124 -0.9866
vn 0.2979 0.2281 -0.9269
vn 0.1052 0.4671 -0.8779
vn 0.2054 0.5558 -0.8055
vn 0.3526 0.0853 -0.9319
vn 0.4501 0.0883 -0.8886
vn 0.3467 0.3728 -0.8607
vn 0.1491 0.3598 -0.9210
vn 0.3427 -0.0648 -0.9372
vn 0.2979 0.2281 -0.9270
vn 0.3467 0.3727 -0.8607
vn 0.1829 0.6658 -0.7234
vn 0.1830 0.6658 -0.7234
vn -0.1114 0.6624 -0.7409
vn 0.1717 -0.4541 -0.8742
vn 0.1819 -0.1759 -0.9674
vn -0.1805 -0.0396 -0.9828
vn -0.2025 -0.5220 -0.8285
vn 0.1819 -0.1760 -0.9674
vn 0.3525 0.0853 -0.9319
vn -0.1806 -0.0396 -0.9828
vn -0.1114 0.6623 -0.7409
vn -0.7043 0.2994 -0.6437
vn -0.7043 0.2995 -0.6436
vn -0.8553 -0.3606 -0.3720
vn 0.2732 -0.5355 -0.7991
vn -0.0130 -0.6802 -0.7329
vn -0.2026 -0.5220 -0.8285
vn -0.8554 -0.3606 -0.3720
vn -0.5042 -0.7499 -0.4282
vn -0.0129 -0.6802 -0.7329
vn -0.1747 -0.9846 0.0007
vn -0.3700 -0.9256 -0.0801
vn -0.3461 -0.9116 -0.2217
vn -0.1759 -0.9779 -0.1129
vn -0.4946 -0.8543 -0.1599
vn -0.3795 -0.8504 -0.3643
vn -0.3795 -0.8504 -0.3644
vn -0.3619 -0.8437 -0.3964
vn -0.1896 -0.9251 -0.3290
vn 0.1329 -0.9907 0.0290
vn -0.0081 -0.9993 0.0366
vn 0.0009 -0.9982 -0.0600
vn 0.1571 -0.9852 -0.0691
vn 0.0009 -0.9982 -0.0599
vn 0.0010 -0.9982 -0.0599
vn 0.0010 -0.9982 -0.0600
vn 0.6190 -0.7687 -0.1611
vn 0.3077 -0.9509 -0.0319
vn 0.3531 -0.9244 -0.1444
vn 0.6255 -0.7265 -0.2845
vn 0.3077 -0.9510 -0.0319
vn 0.1330 -0.9907 0.0290
vn 0.6023 -0.6405 -0.4765
vn 0.9433 -0.0311 -0.3304
vn 0.8834 -0.3764 -0.2792
vn 0.8419 -0.3699 -0.3929
vn 0.8916 -0.0527 -0.4497
vn 0.6191 -0.7686 -0.1611
vn 0.7563 0.5069 -0.4136
vn 0.8941 0.2526 -0.3699
vn 0.8435 0.2164 -0.4915
vn 0.7107 0.4552 -0.5364
vn 0.9433 -0.0311 -0.3303
vn 0.8435 0.2164 -0.4916
vn 0.7107 0.4551 -0.5364
vn 0.2785 0.8357 -0.4734
vn 0.5441 0.7077 -0.4507
vn 0.5126 0.6404 -0.5719
vn 0.2658 0.7544 -0.6002
vn 0.5440 0.7077 -0.4507
vn 0.5125 0.6405 -0.5719
vn 0.2657 0.7544 -0.6002
vn 0.5126 0.6405 -0.5719
vn 0.0038 0.8659 -0.5002
vn 0.0596 0.8769 -0.4770
vn 0.0628 0.7843 -0.6172
vn 0.0326 0.7472 -0.6638
vn 0.2392 0.6465 -0.7244
vn 0.0327 0.7472 -0.6638
vn -0.0132 0.5775 -0.8163
vn 0.0316 0.7920 -0.6097
vn 0.0804 0.6215 -0.7793
vn 0.1035 0.3689 -0.9237
vn -0.0460 0.4931 -0.8687
vn 0.1035 0.3690 -0.9237
vn -0.5627 -0.4355 -0.7027
vn -0.2685 0.1872 -0.9449
vn 0.0439 0.0084 -0.9990
vn -0.1472 -0.4833 -0.8630
vn -0.0133 0.5775 -0.8163
vn -0.5605 -0.7716 -0.3008
vn -0.3087 -0.7625 -0.5686
vn -0.5627 -0.4354 -0.7027
vn -0.1359 0.4362 0.8895
vn -0.2181 0.5196 0.8261
vn 0.4163 0.8872 0.1991
vn 0.1962 0.9691 0.1497
vn -0.2182 0.5196 0.8261
vn -0.2300 0.5488 0.8037
vn 0.5979 0.7480 0.2881
vn 0.4162 0.8872 0.1991
vn 0.8509 0.3084 -0.4253
vn 0.6603 0.5354 -0.5267
vn 0.3384 0.7163 -0.6103
vn -0.3450 -0.9322 -0.1092
vn -0.6015 -0.7970 -0.0549
vn -0.1340 -0.9858 -0.1014
vn -0.6015 -0.7970 -0.0550
vn 0.1369 0.3934 0.9091
vn 0.0059 0.3781 0.9257
vn 0.0149 0.9879 0.1541
vn -0.1389 0.9734 0.1821
vn 0.0149 0.9879 0.1542
vn 0.3383 0.7163 -0.6103
vn 0.0189 0.7808 -0.6245
vn -0.1390 0.9734 0.1820
vn 0.0189 0.7808 -0.6244
vn -0.2603 0.7674 -0.5860
vn -0.0140 -0.9952 -0.0969
vn 0.0738 -0.9920 -0.1020
vn -0.0910 -0.7087 -0.6997
vn 0.0970 -0.7039 -0.7037
vn 0.0371 0.3564 0.9336
vn 0.1586 0.4249 0.8912
vn -0.3198 0.9114 0.2591
vn -0.5918 0.7122 0.3775
vn -0.3198 0.9113 0.2592
vn -0.1390 0.9734 0.1821
vn -0.2603 0.7673 -0.5860
vn -0.5055 0.6986 -0.5064
vn -0.3199 0.9113 0.2592
vn -0.7371 0.5304 -0.4188
vn 0.2240 -0.9663 -0.1266
vn 0.6190 -0.7686 -0.1611
vn 0.5600 -0.7957 -0.2310
vn 0.2240 -0.9663 -0.1265
vn 0.2220 -0.6559 -0.7214
vn -0.0735 0.1145 0.9907
vn -0.0532 0.1922 0.9799
vn -0.8167 0.3710 0.4420
vn -0.8910 0.0548 0.4506
vn -0.0531 0.1922 0.9799
vn 0.0371 0.3565 0.9336
vn -0.5919 0.7122 0.3775
vn -0.8922 0.2464 -0.3785
vn -0.8910 0.0548 0.4507
vn -0.9276 -0.0492 -0.3704
vn 0.8591 -0.3758 -0.3475
vn 0.5599 -0.7957 -0.2310
vn 0.9220 -0.0261 -0.3864
vn 0.8591 -0.3759 -0.3475
vn 0.4938 -0.3176 -0.8095
vn 0.5600 -0.7956 -0.2310
vn 0.2221 -0.6559 -0.7215
vn -0.0657 0.0564 0.9962
vn -0.0717 0.0861 0.9937
vn -0.8567 -0.2266 0.4633
vn -0.7318 -0.4815 0.4823
vn -0.0735 0.1144 0.9907
vn -0.8910 0.0547 0.4506
vn -0.8567 -0.2267 0.4633
vn -0.8910 0.0547 0.4507
vn -0.8752 -0.3288 -0.3548
vn -0.7436 -0.5812 -0.3306
vn 0.8786 0.2460 -0.4092
vn 0.7470 0.4963 -0.4423
vn 0.7470 0.4964 -0.4423
vn 0.5291 0.0785 -0.8449
vn -0.0228 0.0175 0.9996
vn -0.0463 0.0347 0.9983
vn -0.5327 -0.6868 0.4946
vn -0.2796 -0.8282 0.4858
vn -0.5327 -0.6867 0.4946
vn -0.5346 -0.7838 -0.3161
vn -0.2796 -0.8282 0.4857
vn -0.2621 -0.9066 -0.3308
vn 0.5440 0.7078 -0.4507
vn 0.5371 0.7013 -0.4688
vn 0.2678 0.8373 -0.4767
vn -0.3081 -0.0359 0.9507
vn -0.0861 0.0269 0.9959
vn -0.0354 -0.8962 0.4422
vn 0.1237 -0.9003 0.4173
vn 0.0509 -0.9263 -0.3734
vn 0.1236 -0.9003 0.4173
vn -0.0355 -0.8962 0.4422
vn 0.3625 -0.8512 -0.3796
vn 0.0519 0.8827 -0.4670
vn 0.0052 0.8661 -0.4999
vn -0.0086 0.8961 -0.4438
vn 0.0520 0.8827 -0.4670
vn -0.0087 0.8961 -0.4438
vn 0.1053 0.4671 -0.8779
vn -0.3157 -0.0742 0.9460
vn -0.4039 -0.1318 0.9052
vn 0.2427 -0.8348 0.4941
vn 0.4632 -0.6132 0.6399
vn 0.5870 -0.7444 -0.3183
vn 0.2427 -0.8349 0.4941
vn 0.7646 -0.5985 -0.2391
vn -0.0778 0.8916 -0.4460
vn -0.3298 0.8147 -0.4769
vn -0.0777 0.8916 -0.4460
vn -0.1608 0.4163 0.8949
vn -0.2021 0.1742 0.9637
vn 0.7052 -0.1572 0.6913
vn 0.7685 0.3115 0.5589
vn -0.3157 -0.0741 0.9460
vn 0.7052 -0.1573 0.6914
vn 0.9180 -0.3308 -0.2185
vn 0.9596 -0.0522 -0.2765
vn -0.8043 0.5177 -0.2919
vn -0.9928 -0.1082 0.0517
vn -0.8043 0.5176 -0.2919
vn -0.7043 0.2995 -0.6437
vn -0.2299 0.5489 0.8037
vn -0.2019 0.5283 0.8247
vn 0.7053 0.5877 0.3964
vn 0.5979 0.7480 0.2882
vn 0.7053 0.5877 0.3963
vn 0.9265 0.1331 -0.3520
vn 0.8508 0.3085 -0.4253
vn -0.8379 -0.5392 0.0849
vn -0.6014 -0.7970 -0.0549
vn -0.1691 -0.8372 -0.5201
vn 0.1768 0.9841 0.0198
vn 0.4430 0.8965 0.0098
vn -0.5729 -0.2622 0.7766
vn -0.2912 -0.4444 0.8472
vn -0.7200 -0.0171 0.6937
vn -0.5728 -0.2623 0.7766
vn -0.5728 -0.2622 0.7766
vn -0.7200 -0.0171 0.6938
vn 0.5667 0.0866 -0.8194
vn 0.6642 -0.1287 -0.7364
vn 0.2342 -0.1391 -0.9622
vn 0.3079 0.2833 -0.9083
vn 0.5667 0.0866 -0.8193
vn 0.6602 0.5354 -0.5267
vn 0.5668 0.0866 -0.8193
vn 0.0013 -0.4943 0.8693
vn 0.2657 -0.4622 0.8461
vn -0.1358 0.4362 0.8895
vn 0.0014 -0.4943 0.8693
vn 0.0147 0.3585 -0.9334
vn -0.2470 0.3324 -0.9102
vn 0.0147 0.3584 -0.9334
vn 0.3383 0.7162 -0.6103
vn 0.4709 -0.3884 0.7921
vn 0.6109 -0.2881 0.7374
vn 0.2656 -0.4622 0.8461
vn 0.4710 -0.3884 0.7920
vn 0.4709 -0.3885 0.7920
vn 0.1586 0.4249 0.8913
vn -0.4383 0.2608 -0.8602
vn -0.2882 -0.1990 -0.9367
vn -0.5418 0.1843 -0.8201
vn -0.4383 0.2609 -0.8602
vn -0.4383 0.2609 -0.8601
vn 0.7050 -0.1356 0.6961
vn 0.7425 0.0754 0.6656
vn -0.6400 0.7147 0.2822
vn 0.6110 -0.2881 0.7374
vn -0.5821 0.0618 -0.8108
vn -0.5418 0.1843 -0.8200
vn -0.5852 -0.0998 -0.8047
vn -0.5821 0.0619 -0.8108
vn -0.5853 -0.0998 -0.8047
vn -0.8922 0.2463 -0.3785
vn -0.5821 0.0618 -0.8107
vn 0.6921 0.2961 0.6583
vn 0.5598 0.4747 0.6792
vn -0.1105 -0.1509 -0.9823
vn -0.5476 -0.2721 -0.7913
vn -0.4616 -0.4257 -0.7782
vn -0.5476 -0.2722 -0.7913
vn -0.8752 -0.3288 -0.3547
vn 0.3917 0.5996 0.6979
vn 0.2076 0.6708 0.7120
vn -0.5481 -0.7069 0.4471
vn 0.5598 0.4746 0.6792
vn 0.3917 0.5995 0.6980
vn 0.3916 0.5995 0.6980
vn -0.0658 0.0564 0.9962
vn 0.2075 0.6708 0.7120
vn -0.0228 0.0174 0.9996
vn -0.0586 -0.2020 -0.9776
vn -0.3248 -0.5466 -0.7718
vn -0.1462 -0.6140 -0.7757
vn -0.3249 -0.5466 -0.7718
vn 0.1113 -0.9255 0.3619
vn -0.1026 -0.9110 0.3994
vn -0.0411 0.6929 0.7198
vn -0.3539 0.6241 0.6966
vn -0.0229 0.0175 0.9996
vn -0.0412 0.6929 0.7198
vn -0.0860 0.0269 0.9959
vn 0.0942 -0.6028 -0.7923
vn 0.3898 -0.4904 -0.7794
vn -0.5924 0.4933 0.6370
vn -0.7008 0.4013 0.5898
vn -0.5924 0.4932 0.6370
vn -0.5923 0.4933 0.6370
vn -0.4040 -0.1319 0.9052
vn -0.4039 -0.1318 0.9053
vn 0.5771 -0.3538 -0.7360
vn 0.6273 -0.3021 -0.7177
vn 0.6273 -0.3021 -0.7178
vn 0.5871 -0.7444 -0.3183
vn 0.8995 0.2237 0.3753
vn 0.7916 -0.2110 0.5735
vn -0.7572 0.3130 0.5734
vn -0.7781 0.2124 0.5911
vn -0.7008 0.4012 0.5898
vn -0.7572 0.3130 0.5733
vn -0.7781 0.2125 0.5911
vn 0.6317 -0.2943 -0.7172
vn 0.6422 -0.2908 -0.7092
vn 0.6422 -0.2908 -0.7093
vn 0.6316 -0.2943 -0.7172
vn -0.7637 0.1240 0.6335
vn -0.7200 -0.0170 0.6937
vn 0.8567 0.4886 0.1652
vn 0.2731 -0.5355 -0.7991
vn 0.6595 -0.2533 -0.7078
vn 0.8508 0.3085 -0.4254
vt 0.000000 0.100000
vt 0.050000 0.112500
vt 0.050000 0.150000
vt 0.000000 0.150000
vt 0.100000 0.112500
vt 0.100000 0.150000
vt 0.100000 0.200000
vt 0.050000 0.200000
vt 0.000000 0.200000
vt 0.150000 0.112500
vt 0.150000 0.150000
vt 0.200000 0.112500
vt 0.200000 0.150000
vt 0.200000 0.200000
vt 0.150000 0.200000
vt 0.250000 0.112500
vt 0.250000 0.150000
vt 0.681179 0.856226
vt 0.675272 0.856226
vt 0.675272 0.851796
vt 0.681179 0.851796
vt 0.675272 0.845889
vt 0.681179 0.845889
vt 0.250000 0.200000
vt 0.669365 0.856226
vt 0.669365 0.851796
vt 0.663459 0.856226
vt 0.663459 0.851796
vt 0.663459 0.845889
vt 0.669365 0.845889
vt 0.657552 0.856226
vt 0.657552 0.851796
vt 0.651645 0.856226
vt 0.651645 0.851796
vt 0.651645 0.845889
vt 0.657552 0.845889
vt 0.645738 0.856226
vt 0.645738 0.851796
vt 0.639832 0.856226
vt 0.639832 0.851796
vt 0.639832 0.845889
vt 0.645738 0.845889
vt 0.600000 0.112500
vt 0.650000 0.112500
vt 0.650000 0.150000
vt 0.600000 0.150000
vt 0.700000 0.112500
vt 0.700000 0.150000
vt 0.700000 0.200000
vt 0.650000 0.200000
vt 0.600000 0.200000
vt 0.750000 0.112500
vt 0.750000 0.150000
vt 0.800000 0.112500
vt 0.800000 0.150000
vt 0.800000 0.200000
vt 0.750000 0.200000
vt 0.850000 0.112500
vt 0.850000 0.150000
vt 0.900000 0.112500
vt 0.900000 0.150000
vt 0.737409 0.681615
vt 0.744159 0.681615
vt 0.744159 0.683478
vt 0.737409 0.683478
vt 0.730659 0.681615
vt 0.730659 0.683478
vt 0.950000 0.112500
vt 0.950000 0.150000
vt 1.000000 0.100000
vt 1.000000 0.150000
vt 1.000000 0.200000
vt 0.950000 0.200000
vt 0.900000 0.200000
vt 0.050000 0.250000
vt 0.000000 0.250000
vt 0.100000 0.250000
vt 0.704806 0.839983
vt 0.698899 0.839983
vt 0.698899 0.834076
vt 0.704806 0.834076
vt 0.710712 0.839983
vt 0.710712 0.834076
vt 0.150000 0.250000
vt 0.200000 0.250000
vt 0.200000 0.300000
vt 0.150000 0.300000
vt 0.100000 0.300000
vt 0.250000 0.250000
vt 0.675272 0.839983
vt 0.681179 0.839983
vt 0.675272 0.834076
vt 0.681179 0.834076
vt 0.250000 0.300000
vt 0.669365 0.839983
vt 0.663459 0.839983
vt 0.663459 0.834076
vt 0.669365 0.834076
vt 0.657552 0.839983
vt 0.651645 0.839983
vt 0.651645 0.834076
vt 0.657552 0.834076
vt 0.645738 0.839983
vt 0.639832 0.839983
vt 0.639832 0.834076
vt 0.645738 0.834076
vt 0.650000 0.250000
vt 0.600000 0.250000
vt 0.700000 0.250000
vt 0.700000 0.300000
vt 0.650000 0.300000
vt 0.633925 0.839983
vt 0.633925 0.834076
vt 0.750000 0.250000
vt 0.723909 0.683478
vt 0.730659 0.685342
vt 0.723909 0.685342
vt 0.730659 0.687205
vt 0.723909 0.687205
vt 0.750000 0.300000
vt 0.737409 0.685342
vt 0.744159 0.685342
vt 0.744159 0.687205
vt 0.737409 0.687205
vt 0.750909 0.683478
vt 0.750909 0.685342
vt 0.757659 0.683478
vt 0.757659 0.685342
vt 0.757659 0.687205
vt 0.750909 0.687205
vt 0.622657 0.687205
vt 0.629407 0.687205
vt 0.629407 0.689068
vt 0.622657 0.689068
vt 0.698899 0.828169
vt 0.704806 0.828169
vt 0.636157 0.689068
vt 0.636157 0.690932
vt 0.629407 0.690932
vt 0.622657 0.690932
vt 0.692992 0.834076
vt 0.692992 0.828169
vt 0.687085 0.834076
vt 0.687085 0.828169
vt 0.687085 0.822262
vt 0.692992 0.822262
vt 0.698899 0.822262
vt 0.681179 0.828169
vt 0.675272 0.828169
vt 0.675272 0.822262
vt 0.681179 0.822262
vt 0.669365 0.828169
vt 0.663459 0.828169
vt 0.684335 0.748299
vt 0.688683 0.748299
vt 0.688683 0.752647
vt 0.684335 0.752647
vt 0.669365 0.822262
vt 0.688683 0.743951
vt 0.693031 0.743951
vt 0.693031 0.748299
vt 0.697379 0.743951
vt 0.697379 0.748299
vt 0.697379 0.752647
vt 0.693031 0.752647
vt 0.701728 0.743951
vt 0.701728 0.748299
vt 0.706076 0.743951
vt 0.706076 0.748299
vt 0.706076 0.752647
vt 0.701728 0.752647
vt 0.710424 0.743951
vt 0.710424 0.748299
vt 0.700000 0.350000
vt 0.650000 0.350000
vt 0.714772 0.748299
vt 0.714772 0.752647
vt 0.710424 0.752647
vt 0.717159 0.687205
vt 0.723909 0.689068
vt 0.717159 0.689068
vt 0.730659 0.689068
vt 0.730659 0.690932
vt 0.723909 0.690932
vt 0.717159 0.690932
vt 0.737409 0.689068
vt 0.744159 0.689068
vt 0.744159 0.690932
vt 0.737409 0.690932
vt 0.750909 0.689068
vt 0.757659 0.689068
vt 0.757659 0.690932
vt 0.750909 0.690932
vt 0.629407 0.692795
vt 0.622657 0.692795
vt 0.636157 0.692795
vt 0.593730 0.619072
vt 0.602572 0.619072
vt 0.602572 0.627914
vt 0.593730 0.627914
vt 0.584888 0.619072
vt 0.584888 0.627914
vt 0.692992 0.816356
vt 0.698899 0.816356
vt 0.687085 0.816356
vt 0.687085 0.810449
vt 0.692992 0.810449
vt 0.611414 0.619072
vt 0.611414 0.627914
vt 0.681179 0.816356
vt 0.675272 0.816356
vt 0.675638 0.756995
vt 0.679986 0.756995
vt 0.679986 0.761344
vt 0.675638 0.761344
vt 0.681179 0.810449
vt 0.679986 0.752647
vt 0.684335 0.756995
vt 0.688683 0.756995
vt 0.688683 0.761344
vt 0.684335 0.761344
vt 0.693031 0.756995
vt 0.697379 0.756995
vt 0.697379 0.761344
vt 0.693031 0.761344
vt 0.701728 0.756995
vt 0.706076 0.756995
vt 0.682151 0.619072
vt 0.690993 0.619072
vt 0.690993 0.627914
vt 0.682151 0.627914
vt 0.701728 0.761344
vt 0.710424 0.756995
vt 0.714772 0.756995
vt 0.699835 0.619072
vt 0.708677 0.619072
vt 0.708677 0.627914
vt 0.699835 0.627914
vt 0.708677 0.610230
vt 0.717519 0.610230
vt 0.717519 0.619072
vt 0.730659 0.692795
vt 0.723909 0.692795
vt 0.726361 0.619072
vt 0.726361 0.627914
vt 0.717519 0.627914
vt 0.726361 0.610230
vt 0.735203 0.610230
vt 0.735203 0.619072
vt 0.744045 0.610230
vt 0.744045 0.619072
vt 0.744045 0.627914
vt 0.735203 0.627914
vt 0.752887 0.610230
vt 0.752887 0.619072
vt 0.757659 0.692795
vt 0.750909 0.692795
vt 0.761729 0.619072
vt 0.761729 0.627914
vt 0.752887 0.627914
vt 0.593730 0.636756
vt 0.584888 0.636756
vt 0.602572 0.636756
vt 0.602572 0.645598
vt 0.593730 0.645598
vt 0.584888 0.645598
vt 0.611414 0.636756
vt 0.620256 0.627914
vt 0.620256 0.636756
vt 0.620256 0.645598
vt 0.611414 0.645598
vt 0.629098 0.627914
vt 0.629098 0.636756
vt 0.637940 0.627914
vt 0.637940 0.636756
vt 0.637940 0.645598
vt 0.629098 0.645598
vt 0.646782 0.627914
vt 0.646782 0.636756
vt 0.655625 0.627914
vt 0.655625 0.636756
vt 0.655625 0.645598
vt 0.646782 0.645598
vt 0.664467 0.627914
vt 0.664467 0.636756
vt 0.673309 0.627914
vt 0.673309 0.636756
vt 0.673309 0.645598
vt 0.664467 0.645598
vt 0.682151 0.636756
vt 0.690993 0.636756
vt 0.690993 0.645598
vt 0.682151 0.645598
vt 0.699835 0.636756
vt 0.708677 0.636756
vt 0.708677 0.645598
vt 0.699835 0.645598
vt 0.717519 0.636756
vt 0.726361 0.636756
vt 0.726361 0.645598
vt 0.717519 0.645598
vt 0.735203 0.636756
vt 0.744045 0.636756
vt 0.744045 0.645598
vt 0.735203 0.645598
vt 0.752887 0.636756
vt 0.761729 0.636756
vt 0.761729 0.645598
vt 0.752887 0.645598
vt 0.593730 0.654440
vt 0.584888 0.654440
vt 0.602572 0.654440
vt 0.602572 0.663282
vt 0.593730 0.666465
vt 0.584888 0.663282
vt 0.611414 0.654440
vt 0.620256 0.654440
vt 0.620256 0.663282
vt 0.611414 0.666465
vt 0.629098 0.654440
vt 0.637940 0.654440
vt 0.637940 0.663282
vt 0.629098 0.666465
vt 0.646782 0.654440
vt 0.655625 0.654440
vt 0.655625 0.663282
vt 0.646782 0.666465
vt 0.664467 0.654440
vt 0.673309 0.654440
vt 0.673309 0.663282
vt 0.664467 0.666465
vt 0.682151 0.654440
vt 0.690993 0.654440
vt 0.690993 0.663282
vt 0.682151 0.666465
vt 0.699835 0.654440
vt 0.708677 0.654440
vt 0.708677 0.663282
vt 0.699835 0.666465
vt 0.717519 0.654440
vt 0.726361 0.654440
vt 0.726361 0.663282
vt 0.717519 0.666465
vt 0.735203 0.654440
vt 0.744045 0.654440
vt 0.744045 0.663282
vt 0.735203 0.666465
vt 0.752887 0.654440
vt 0.761729 0.654440
vt 0.761729 0.663282
vt 0.752887 0.666465
vt 0.100000 0.100000
vt 0.050000 0.088000
vt 0.050000 0.066667
vt 0.075000 0.050000
vt 0.025000 0.050000
vt 0.050000 0.000000
vt 0.200000 0.100000
vt 0.150000 0.088000
vt 0.150000 0.066667
vt 0.175000 0.050000
vt 0.125000 0.050000
vt 0.150000 0.000000
vt 0.300000 0.100000
vt 0.250000 0.088000
vt 0.250000 0.066667
vt 0.275000 0.050000
vt 0.225000 0.050000
vt 0.250000 0.000000
vt 0.400000 0.100000
vt 0.350000 0.088000
vt 0.350000 0.066667
vt 0.375000 0.050000
vt 0.325000 0.050000
vt 0.350000 0.000000
vt 0.500000 0.100000
vt 0.450000 0.088000
vt 0.450000 0.066667
vt 0.475000 0.050000
vt 0.425000 0.050000
vt 0.450000 0.000000
vt 0.600000 0.100000
vt 0.550000 0.088000
vt 0.550000 0.066667
vt 0.575000 0.050000
vt 0.525000 0.050000
vt 0.550000 0.000000
vt 0.700000 0.100000
vt 0.650000 0.088000
vt 0.650000 0.066667
vt 0.675000 0.050000
vt 0.625000 0.050000
vt 0.650000 0.000000
vt 0.800000 0.100000
vt 0.750000 0.088000
vt 0.750000 0.066667
vt 0.775000 0.050000
vt 0.725000 0.050000
vt 0.750000 0.000000
vt 0.900000 0.100000
vt 0.850000 0.088000
vt 0.850000 0.066667
vt 0.875000 0.050000
vt 0.825000 0.050000
vt 0.850000 0.000000
vt 0.950000 0.088000
vt 0.950000 0.066667
vt 0.975000 0.050000
vt 0.925000 0.050000
vt 0.950000 0.000000
vt 0.598151 0.689809
vt 0.593730 0.680966
vt 0.593730 0.716335
vt 0.589309 0.689809
vt 0.615835 0.689809
vt 0.611414 0.680966
vt 0.611414 0.716335
vt 0.606993 0.689809
vt 0.633519 0.689809
vt 0.629098 0.680966
vt 0.629098 0.716335
vt 0.624677 0.689809
vt 0.651203 0.689809
vt 0.646782 0.680966
vt 0.646782 0.716335
vt 0.642361 0.689809
vt 0.668888 0.689809
vt 0.664467 0.680966
vt 0.664467 0.716335
vt 0.660046 0.689809
vt 0.686572 0.689809
vt 0.682151 0.680966
vt 0.682151 0.716335
vt 0.677730 0.689809
vt 0.704256 0.689809
vt 0.699835 0.680966
vt 0.699835 0.716335
vt 0.695414 0.689809
vt 0.721940 0.689809
vt 0.717519 0.680966
vt 0.717519 0.716335
vt 0.713098 0.689809
vt 0.739624 0.689809
vt 0.735203 0.680966
vt 0.735203 0.716335
vt 0.730782 0.689809
vt 0.757308 0.689809
vt 0.752887 0.680966
vt 0.752887 0.716335
vt 0.748466 0.689809
vt 0.050000 0.100000
vt 0.150000 0.100000
vt 0.300000 0.112500
vt 0.250000 0.100000
vt 0.669365 0.857703
vt 0.663459 0.857703
vt 0.675272 0.857703
vt 0.350000 0.100000
vt 0.657552 0.857703
vt 0.651645 0.857703
vt 0.550000 0.112500
vt 0.550000 0.100000
vt 0.645738 0.857703
vt 0.650000 0.100000
vt 0.750000 0.100000
vt 0.850000 0.100000
vt 0.950000 0.100000
vt 0.681179 0.857703
vt 0.687085 0.857703
vt 0.639832 0.857703
vt 0.633925 0.857703
vt 0.628018 0.857703
vt 0.450000 0.100000
vt 0.629407 0.679751
vt 0.622657 0.679751
vt 0.710408 0.679751
vt 0.703658 0.679751
vt 0.730659 0.679751
vt 0.723909 0.679751
vt 0.717159 0.679751
vt 0.744159 0.679751
vt 0.737409 0.679751
vt 0.757659 0.679751
vt 0.750909 0.679751
vt 0.622111 0.857703
vt 0.636157 0.679751
vt 0.649658 0.679751
vt 0.642908 0.679751
vt 0.692992 0.857703
vt 0.616205 0.857703
vt 0.610298 0.857703
s 0
usemtl Material.045
f 1/1/1 473/2/2 703/3/3 476/4/4
f 473/2/2 2/5/5 474/6/6 703/3/3
f 703/3/3 474/6/6 12/7/7 475/8/8
f 476/4/4 703/3/3 475/8/8 11/9/9
f 2/5/5 477/10/10 704/11/11 474/6/6
f 477/10/10 3/12/12 478/13/13 704/11/11
f 704/11/11 478/13/13 13/14/14 479/15/15
f 474/6/6 704/11/11 479/15/15 12/7/7
f 3/12/12 480/16/16 705/17/17 478/13/13
f 480/18/16 4/19/18 481/20/19 705/21/17
f 705/21/17 481/20/19 14/22/20 482/23/21
f 478/13/13 705/17/17 482/24/21 13/14/14
f 4/19/18 483/25/22 706/26/23 481/20/19
f 483/25/22 5/27/24 484/28/25 706/26/23
f 706/26/26 484/28/25 15/29/27 485/30/28
f 481/20/19 706/26/26 485/30/28 14/22/20
f 5/27/24 486/31/29 707/32/30 484/28/25
f 486/31/29 6/33/31 487/34/32 707/32/30
f 707/32/30 487/34/32 16/35/33 488/36/34
f 484/28/25 707/32/35 488/36/34 15/29/36
f 6/33/31 489/37/37 708/38/38 487/34/32
f 489/37/37 7/39/39 490/40/40 708/38/38
f 708/38/38 490/40/41 17/41/42 491/42/43
f 487/34/32 708/38/38 491/42/43 16/35/33
f 7/43/39 492/44/44 709/45/45 490/46/41
f 492/44/44 8/47/46 493/48/47 709/45/45
f 709/45/45 493/48/47 18/49/48 494/50/49
f 490/46/41 709/45/45 494/50/49 17/51/42
f 8/47/46 495/52/50 710/53/51 493/48/52
f 495/52/50 9/54/53 496/55/54 710/53/51
f 710/53/51 496/55/54 19/56/55 497/57/56
f 493/48/47 710/53/51 497/57/56 18/49/48
f 9/54/53 498/58/57 711/59/58 496/55/54
f 498/58/57 10/60/59 499/61/60 711/59/58
f 711/62/58 499/63/60 20/64/61 500/65/62
f 496/66/54 711/62/63 500/65/62 19/67/55
f 10/60/59 501/68/64 712/69/65 499/61/60
f 501/68/64 1/70/1 476/71/4 712/69/65
f 712/69/66 476/71/4 11/72/9 502/73/67
f 499/61/60 712/69/65 502/73/67 20/74/68
f 11/9/9 475/8/69 713/75/70 505/76/71
f 475/8/8 12/7/7 503/77/72 713/75/70
f 713/78/70 503/79/72 22/80/73 504/81/74
f 505/82/71 713/78/70 504/81/75 21/83/76
f 12/7/7 479/15/15 714/84/77 503/77/72
f 479/15/15 13/14/14 506/85/78 714/84/77
f 714/84/77 506/85/78 23/86/79 507/87/80
f 503/77/72 714/84/77 507/87/80 22/88/73
f 13/14/14 482/24/21 715/89/81 506/85/78
f 482/23/82 14/22/20 508/90/83 715/91/81
f 715/91/81 508/90/83 24/92/84 509/93/85
f 506/85/78 715/89/81 509/94/86 23/86/79
f 14/22/20 485/30/28 716/95/87 508/90/83
f 485/30/28 15/29/27 510/96/88 716/95/87
f 716/95/87 510/96/88 25/97/89 511/98/90
f 508/90/91 716/95/87 511/98/90 24/92/84
f 15/29/36 488/36/34 717/99/92 510/96/88
f 488/36/93 16/35/94 512/100/95 717/99/92
f 717/99/92 512/100/96 26/101/97 513/102/98
f 510/96/99 717/99/92 513/102/98 25/97/100
f 16/35/94 491/42/101 718/103/102 512/100/95
f 491/42/43 17/41/42 514/104/103 718/103/102
f 718/103/102 514/104/103 27/105/104 515/106/105
f 512/100/106 718/103/102 515/106/105 26/101/97
f 17/51/42 494/50/49 719/107/107 514/108/103
f 494/50/49 18/49/48 516/109/108 719/107/107
f 719/107/109 516/109/108 28/110/110 517/111/111
f 514/104/103 719/112/109 517/113/111 27/105/112
f 18/49/48 497/57/56 720/114/113 516/109/108
f 497/115/114 19/67/115 518/116/116 720/117/113
f 720/117/113 518/116/117 29/118/118 519/119/119
f 516/109/108 720/114/113 519/120/120 28/110/121
f 19/67/115 500/65/122 721/121/123 518/116/116
f 500/65/62 20/64/61 520/122/124 721/121/123
f 721/121/123 520/122/125 30/123/126 521/124/127
f 518/116/128 721/121/123 521/124/127 29/118/118
f 20/64/68 502/125/67 722/126/129 520/122/124
f 502/125/67 11/127/9 505/128/71 722/126/129
f 722/126/129 505/128/130 21/129/76 522/130/131
f 520/122/124 722/126/129 522/130/131 30/123/132
f 21/131/76 504/132/75 723/133/133 525/134/134
f 504/81/74 22/80/73 523/135/135 723/136/133
f 723/133/136 523/137/135 32/138/137 524/139/138
f 525/134/134 723/133/136 524/139/138 31/140/139
f 22/80/73 507/141/80 724/142/140 523/135/135
f 507/141/80 23/143/79 526/144/141 724/142/140
f 724/142/140 526/144/141 33/145/142 527/146/143
f 523/135/135 724/142/140 527/146/143 32/147/144
f 23/143/79 509/93/86 725/148/145 526/144/141
f 509/93/85 24/92/84 528/149/146 725/148/145
f 725/148/147 528/149/146 34/150/148 529/151/149
f 526/144/141 725/148/147 529/151/149 33/145/150
f 24/92/84 511/98/90 726/152/151 528/149/146
f 511/98/90 25/97/89 530/153/152 726/152/151
f 726/154/153 530/155/154 35/156/155 531/157/156
f 528/149/146 726/152/153 531/158/157 34/150/148
f 25/159/89 513/160/98 727/161/158 530/155/154
f 513/160/98 26/162/97 532/163/159 727/161/158
f 727/161/158 532/163/159 36/164/160 533/165/161
f 530/155/152 727/161/158 533/165/162 35/156/155
f 26/162/97 515/166/163 728/167/164 532/163/159
f 515/166/105 27/168/104 534/169/165 728/167/164
f 728/167/164 534/169/166 37/170/167 535/171/168
f 532/163/159 728/167/164 535/171/168 36/164/160
f 27/168/104 517/172/111 729/173/169 534/169/166
f 517/111/111 28/110/121 536/174/170 729/175/169
f 729/173/169 536/176/171 38/177/172 537/178/173
f 534/169/165 729/173/169 537/178/173 37/170/167
f 28/179/121 519/119/120 730/180/174 536/181/171
f 519/119/119 29/118/118 538/182/175 730/180/174
f 730/180/174 538/182/175 39/183/176 539/184/177
f 536/181/170 730/180/174 539/184/177 38/185/172
f 29/118/118 521/124/127 731/186/178 538/182/175
f 521/124/127 30/123/132 540/187/179 731/186/178
f 731/186/178 540/187/180 40/188/181 541/189/182
f 538/182/175 731/186/178 541/189/183 39/183/176
f 30/123/132 522/130/131 732/190/184 540/187/180
f 522/130/131 21/129/76 525/191/134 732/190/184
f 732/190/185 525/191/134 31/192/139 542/193/186
f 540/187/179 732/190/185 542/193/187 40/188/181
f 31/140/139 524/139/138 733/194/188 545/195/189
f 524/139/138 32/138/137 543/196/190 733/194/188
f 733/197/188 543/198/190 42/199/191 544/200/192
f 545/201/189 733/197/188 544/200/192 41/202/193
f 32/147/137 527/146/143 734/203/194 543/204/190
f 527/146/143 33/145/195 546/205/196 734/203/194
f 734/203/194 546/205/196 43/206/197 547/207/198
f 543/198/190 734/208/194 547/209/198 42/199/191
f 33/145/195 529/151/149 735/210/199 546/205/196
f 529/151/149 34/150/148 548/211/200 735/210/199
f 735/212/201 548/213/200 44/214/202 549/215/203
f 546/205/196 735/210/201 549/216/204 43/206/197
f 34/217/148 531/157/156 736/218/205 548/213/200
f 531/157/157 35/156/155 550/219/206 736/218/205
f 736/218/207 550/219/208 45/220/209 551/221/210
f 548/213/200 736/218/207 551/221/211 44/214/202
f 35/156/155 533/165/161 737/222/212 550/219/208
f 533/165/162 36/164/160 552/223/213 737/222/212
f 737/222/212 552/223/213 46/224/214 553/225/215
f 550/219/206 737/222/212 553/225/215 45/220/209
f 36/164/160 535/171/168 738/226/216 552/223/213
f 535/171/168 37/170/167 554/227/217 738/226/218
f 738/228/216 554/229/219 47/230/220 555/231/221
f 552/223/213 738/226/216 555/232/221 46/224/214
f 37/170/167 537/178/173 739/233/222 554/227/217
f 537/178/173 38/177/172 556/234/223 739/233/222
f 739/235/222 556/236/223 48/237/224 557/238/225
f 554/229/217 739/235/222 557/238/225 47/230/220
f 38/239/172 539/240/177 740/241/226 556/236/223
f 539/184/177 39/183/176 558/242/227 740/243/228
f 740/241/228 558/244/227 49/245/229 559/246/230
f 556/236/231 740/241/228 559/246/230 48/237/224
f 39/247/176 541/248/182 741/249/232 558/244/227
f 541/248/183 40/250/181 560/251/233 741/249/232
f 741/249/232 560/251/233 50/252/234 561/253/235
f 558/244/227 741/249/232 561/253/235 49/245/236
f 40/250/181 542/254/186 742/255/237 560/251/233
f 542/193/187 31/192/139 545/256/189 742/257/237
f 742/255/238 545/258/189 41/259/193 562/260/239
f 560/251/240 742/255/238 562/260/239 50/252/234
f 41/202/241 544/200/192 743/261/242 565/262/243
f 544/200/244 42/199/245 563/263/246 743/261/242
f 743/261/247 563/263/246 52/264/248 564/265/249
f 565/262/250 743/261/247 564/265/251 51/266/252
f 42/199/245 547/209/253 744/267/254 563/263/246
f 547/209/253 43/268/255 566/269/256 744/267/254
f 744/267/254 566/269/256 53/270/257 567/271/258
f 563/263/246 744/267/254 567/271/258 52/264/248
f 43/268/197 549/272/259 745/273/260 566/269/256
f 549/272/203 44/274/261 568/275/262 745/273/263
f 745/273/263 568/275/264 54/276/265 569/277/266
f 566/269/256 745/273/263 569/277/267 53/270/257
f 44/274/202 551/278/211 746/279/268 568/275/264
f 551/278/211 45/280/209 570/281/269 746/279/268
f 746/279/268 570/281/269 55/282/270 571/283/271
f 568/275/262 746/279/268 571/283/272 54/276/273
f 45/280/209 553/284/215 747/285/274 570/281/269
f 553/284/215 46/286/214 572/287/275 747/285/274
f 747/285/274 572/287/275 56/288/276 573/289/277
f 570/281/269 747/285/274 573/289/278 55/282/270
f 46/286/214 555/231/221 748/290/279 572/287/280
f 555/231/281 47/230/220 574/291/282 748/290/279
f 748/290/279 574/291/282 57/292/283 575/293/284
f 572/287/275 748/290/279 575/293/285 56/288/276
f 47/230/286 557/238/225 749/294/287 574/291/282
f 557/238/225 48/237/288 576/295/289 749/294/287
f 749/294/287 576/295/289 58/296/290 577/297/291
f 574/291/282 749/294/287 577/297/291 57/292/283
f 48/237/224 559/246/292 750/298/293 576/295/289
f 559/246/230 49/245/229 578/299/294 750/298/293
f 750/298/293 578/299/295 59/300/296 579/301/297
f 576/295/289 750/298/293 579/301/298 58/296/290
f 49/245/236 561/253/235 751/302/299 578/299/295
f 561/253/235 50/252/234 580/303/300 751/302/299
f 751/302/299 580/303/300 60/304/301 581/305/302
f 578/299/295 751/302/299 581/305/303 59/300/296
f 50/252/234 562/260/304 752/306/305 580/303/300
f 562/260/239 41/259/193 565/307/250 752/306/305
f 752/306/305 565/307/243 51/308/306 582/309/307
f 580/303/300 752/306/305 582/309/308 60/304/301
f 51/266/306 564/265/249 753/310/309 585/311/310
f 564/265/249 52/264/248 583/312/311 753/310/312
f 753/310/312 583/312/313 62/313/314 584/314/315
f 585/311/310 753/310/312 584/314/315 61/315/316
f 52/264/248 567/271/258 754/316/317 583/312/313
f 567/271/258 53/270/257 586/317/318 754/316/317
f 754/316/317 586/317/319 63/318/320 587/319/321
f 583/312/311 754/316/317 587/319/321 62/313/314
f 53/270/257 569/277/267 755/320/322 586/317/319
f 569/277/267 54/276/273 588/321/323 755/320/324
f 755/320/322 588/321/323 64/322/325 589/323/326
f 586/317/318 755/320/322 589/323/326 63/318/320
f 54/276/265 571/283/271 756/324/327 588/321/323
f 571/283/271 55/282/270 590/325/328 756/324/327
f 756/324/327 590/325/328 65/326/329 591/327/330
f 588/321/323 756/324/327 591/327/330 64/322/325
f 55/282/270 573/289/277 757/328/331 590/325/328
f 573/289/277 56/288/332 592/329/333 757/328/331
f 757/328/331 592/329/333 66/330/334 593/331/335
f 590/325/328 757/328/331 593/331/335 65/326/329
f 56/288/332 575/293/336 758/332/337 592/329/333
f 575/293/336 57/292/283 594/333/338 758/332/339
f 758/332/339 594/333/340 67/334/341 595/335/342
f 592/329/343 758/332/339 595/335/342 66/330/344
f 57/292/283 577/297/291 759/336/345 594/333/340
f 577/297/291 58/296/290 596/337/346 759/336/345
f 759/336/345 596/337/347 68/338/348 597/339/349
f 594/333/338 759/336/345 597/339/349 67/334/341
f 58/296/290 579/301/350 760/340/351 596/337/347
f 579/301/350 59/300/352 598/341/353 760/340/354
f 760/340/351 598/341/355 69/342/356 599/343/357
f 596/337/346 760/340/351 599/343/357 68/338/348
f 59/300/352 581/305/303 761/344/358 598/341/353
f 581/305/303 60/304/301 600/345/359 761/344/358
f 761/344/358 600/345/359 70/346/360 601/347/361
f 598/341/353 761/344/358 601/347/361 69/342/362
f 60/304/301 582/309/308 762/348/363 600/345/359
f 582/309/308 51/308/252 585/349/310 762/348/363
f 762/348/363 585/349/310 61/350/316 602/351/364
f 600/345/359 762/348/363 602/351/364 70/346/360
f 183/352/365 603/353/366 763/354/367 605/355/368
f 182/1/369 604/356/370 763/354/371 603/353/366
f 184/357/372 605/355/368 763/354/373 604/356/370
f 185/358/374 606/359/375 764/360/376 607/361/377
f 183/352/365 605/362/368 764/360/376 606/359/375
f 184/363/372 607/361/377 764/360/376 605/362/368
f 186/364/378 608/365/379 765/366/380 609/367/381
f 185/358/382 607/368/377 765/366/383 608/365/379
f 184/369/372 609/367/381 765/366/383 607/368/377
f 187/370/384 610/371/385 766/372/386 611/373/387
f 186/364/388 609/374/381 766/372/386 610/371/389
f 184/375/372 611/373/390 766/372/386 609/374/381
f 188/376/391 612/377/392 767/378/393 613/379/394
f 187/370/384 611/380/387 767/378/393 612/377/392
f 184/381/372 613/379/394 767/378/393 611/380/387
f 189/382/395 614/383/396 768/384/397 615/385/398
f 188/376/391 613/386/394 768/384/397 614/383/396
f 184/387/372 615/385/398 768/384/397 613/386/394
f 190/388/399 616/389/400 769/390/401 617/391/402
f 189/382/395 615/392/403 769/390/401 616/389/400
f 184/393/372 617/391/402 769/390/401 615/392/398
f 191/394/404 618/395/405 770/396/406 619/397/407
f 190/388/399 617/398/402 770/396/406 618/395/405
f 184/399/372 619/397/407 770/396/406 617/398/402
f 192/400/408 620/401/409 771/402/410 621/403/411
f 191/394/404 619/404/407 771/402/412 620/401/409
f 184/405/372 621/403/411 771/402/410 619/404/407
f 182/70/369 622/406/413 772/407/414 604/408/370
f 192/400/415 621/409/411 772/407/414 622/406/413
f 184/410/372 604/408/370 772/407/414 621/409/411
f 62/313/314 623/411/416 773/412/417 584/314/315
f 71/413/418 624/414/419 773/412/420 623/411/416
f 61/315/421 584/314/315 773/412/420 624/414/422
f 63/318/320 625/415/423 774/416/424 587/319/321
f 71/417/418 623/418/425 774/416/424 625/415/426
f 62/313/314 587/319/321 774/416/424 623/418/416
f 64/322/427 626/419/428 775/420/429 589/323/326
f 71/421/418 625/422/423 775/420/430 626/419/431
f 63/318/320 589/323/326 775/420/429 625/422/423
f 65/326/329 627/423/432 776/424/433 591/327/330
f 71/425/418 626/426/431 776/424/434 627/423/432
f 64/322/427 591/327/330 776/424/433 626/426/428
f 66/330/435 628/427/436 777/428/437 593/331/335
f 71/429/418 627/430/432 777/428/437 628/427/438
f 65/326/329 593/331/335 777/428/437 627/430/432
f 67/334/341 629/431/439 778/432/440 595/335/342
f 71/433/418 628/434/438 778/432/441 629/431/442
f 66/330/435 595/335/342 778/432/440 628/434/436
f 68/338/348 630/435/443 779/436/444 597/339/349
f 71/437/418 629/438/445 779/436/444 630/435/446
f 67/334/341 597/339/349 779/436/444 629/438/439
f 69/342/447 631/439/448 780/440/449 599/343/357
f 71/441/418 630/442/450 780/440/451 631/439/452
f 68/338/348 599/343/357 780/440/449 630/442/443
f 70/346/360 632/443/453 781/444/454 601/347/361
f 71/445/418 631/446/452 781/444/454 632/443/453
f 69/342/447 601/347/361 781/444/454 631/446/448
f 61/350/421 624/447/422 782/448/455 602/351/364
f 71/449/418 632/450/453 782/448/456 624/447/419
f 70/346/360 602/351/364 782/448/455 632/450/453
f 2/5/5 473/2/2 783/451/457 635/352/458
f 473/2/2 1/1/1 633/1/459 783/451/460
f 783/451/457 633/1/459 72/1/461 634/451/462
f 635/352/458 783/451/460 634/451/463 73/352/464
f 3/12/12 477/10/10 784/452/465 637/358/466
f 477/10/10 2/5/5 635/352/458 784/452/465
f 784/452/465 635/352/458 73/352/464 636/452/467
f 637/358/466 784/452/465 636/452/467 74/358/468
f 4/453/18 480/16/16 785/454/469 639/364/470
f 480/16/16 3/12/12 637/358/466 785/454/469
f 785/454/469 637/358/466 74/358/468 638/454/471
f 639/364/470 785/454/472 638/454/473 75/364/474
f 5/27/24 483/25/22 786/455/475 641/456/476
f 483/25/22 4/19/18 639/457/470 786/455/475
f 786/458/475 639/364/477 75/364/474 640/458/478
f 641/370/476 786/458/475 640/458/479 76/370/480
f 6/33/31 486/31/29 787/459/481 643/460/482
f 486/31/29 5/27/24 641/456/476 787/459/481
f 787/459/481 641/456/476 76/456/480 642/459/483
f 643/460/482 787/459/481 642/459/484 77/460/485
f 7/43/39 489/461/37 788/462/486 645/382/487
f 489/37/37 6/33/31 643/460/482 788/463/488
f 788/463/486 643/460/482 77/460/489 644/463/490
f 645/382/487 788/462/488 644/462/491 78/382/492
f 8/47/46 492/44/44 789/464/493 647/388/494
f 492/44/44 7/43/39 645/382/487 789/464/493
f 789/464/493 645/382/487 78/382/492 646/464/495
f 647/388/494 789/464/493 646/464/495 79/388/496
f 9/54/53 495/52/50 790/465/497 649/394/498
f 495/52/50 8/47/46 647/388/494 790/465/499
f 790/465/497 647/388/494 79/388/500 648/465/501
f 649/394/498 790/465/499 648/465/502 80/394/503
f 10/60/59 498/58/57 791/466/504 651/400/505
f 498/58/57 9/54/53 649/394/498 791/466/504
f 791/466/504 649/394/498 80/394/503 650/466/506
f 651/400/505 791/466/504 650/466/507 81/400/508
f 1/70/1 501/68/64 792/467/509 633/70/510
f 501/68/64 10/60/59 651/400/505 792/467/509
f 792/467/509 651/400/505 81/400/508 652/467/511
f 633/70/510 792/467/509 652/467/512 72/70/461
f 121/352/513 653/451/514 793/451/515 656/352/516
f 653/451/517 112/1/518 654/1/519 793/451/520
f 793/451/520 654/1/521 82/1/522 655/451/523
f 656/352/516 793/451/515 655/451/523 83/352/524
f 120/358/525 657/452/526 794/452/527 659/358/528
f 657/452/526 121/352/513 656/352/516 794/452/527
f 794/452/527 656/352/516 83/352/524 658/452/529
f 659/358/528 794/452/530 658/452/529 84/358/531
f 119/457/532 660/468/533 795/468/534 662/457/535
f 660/468/533 120/469/525 659/469/528 795/468/534
f 795/468/534 659/469/528 84/469/531 661/468/536
f 662/457/535 795/468/534 661/468/536 85/457/537
f 118/456/538 663/455/539 796/455/540 665/456/541
f 663/455/539 119/457/532 662/457/535 796/455/540
f 796/455/540 662/457/535 85/457/542 664/455/543
f 665/456/544 796/455/540 664/455/543 86/456/545
f 117/460/546 666/459/547 797/459/548 668/460/549
f 666/459/547 118/456/538 665/456/544 797/459/548
f 797/459/548 665/456/544 86/456/545 667/459/550
f 668/460/549 797/459/548 667/459/551 87/460/552
f 116/470/553 669/463/554 798/463/555 671/470/556
f 669/463/554 117/460/557 668/460/558 798/463/555
f 798/463/555 668/460/549 87/460/552 670/463/559
f 671/470/560 798/463/555 670/463/559 88/470/561
f 115/388/562 672/464/563 799/464/564 674/388/565
f 672/464/563 116/382/553 671/382/560 799/464/564
f 799/471/564 671/470/560 88/470/561 673/471/566
f 674/472/565 799/471/564 673/471/566 89/472/567
f 114/394/568 675/465/569 800/465/570 677/394/571
f 675/465/572 115/388/562 674/388/565 800/465/570
f 800/465/570 674/388/565 89/388/567 676/465/573
f 677/394/574 800/465/570 676/465/575 90/394/576
f 113/400/577 678/466/578 801/466/579 680/400/580
f 678/466/581 114/394/568 677/394/574 801/466/582
f 801/466/579 677/394/571 90/394/583 679/466/584
f 680/400/580 801/466/579 679/466/584 91/400/585
f 112/70/518 681/467/586 802/467/587 654/70/588
f 681/467/586 113/400/589 680/400/590 802/467/587
f 802/467/587 680/400/590 91/400/585 682/467/591
f 654/70/519 802/467/587 682/467/591 82/70/522
f 83/352/524 655/451/523 803/451/592 685/352/593
f 655/451/523 82/1/522 683/1/594 803/451/592
f 803/451/592 683/1/594 92/1/595 684/451/596
f 685/352/593 803/451/592 684/451/596 93/352/597
f 84/358/531 658/452/529 804/452/598 687/358/599
f 658/452/529 83/352/524 685/352/593 804/452/598
f 804/452/598 685/352/593 93/352/597 686/452/600
f 687/358/599 804/452/598 686/452/601 94/358/602
f 85/364/537 661/454/536 805/454/603 689/364/604
f 661/454/536 84/358/531 687/358/599 805/454/603
f 805/454/603 687/358/599 94/358/602 688/454/605
f 689/364/604 805/454/603 688/454/605 95/364/606
f 86/370/545 664/458/543 806/458/607 691/370/608
f 664/455/543 85/457/542 689/457/604 806/455/607
f 806/458/609 689/364/604 95/364/606 690/458/610
f 691/370/611 806/458/612 690/458/610 96/370/613
f 87/376/552 667/473/550 807/473/614 693/376/615
f 667/459/551 86/456/545 691/456/608 807/459/614
f 807/473/616 691/370/608 96/370/617 692/473/618
f 693/376/615 807/473/619 692/473/618 97/376/620
f 88/382/621 670/462/559 808/462/622 695/382/623
f 670/462/624 87/376/552 693/376/615 808/462/622
f 808/462/625 693/376/615 97/376/620 694/462/626
f 695/382/623 808/462/622 694/462/626 98/382/627
f 89/388/567 673/464/566 809/464/628 697/388/629
f 673/464/566 88/382/561 695/382/623 809/464/628
f 809/464/628 695/382/623 98/382/627 696/464/630
f 697/388/629 809/464/628 696/464/630 99/388/631
f 90/394/583 676/465/632 810/465/633 699/394/634
f 676/465/632 89/388/567 697/388/635 810/465/633
f 810/465/633 697/388/635 99/388/631 698/465/636
f 699/394/637 810/465/633 698/465/638 100/394/639
f 91/400/640 679/466/584 811/466/641 701/400/642
f 679/466/584 90/394/576 699/394/637 811/466/643
f 811/466/644 699/394/645 100/394/646 700/466/647
f 701/400/642 811/466/643 700/466/648 101/400/649
f 82/70/522 682/467/591 812/467/650 683/70/594
f 682/467/591 91/400/585 701/400/642 812/467/650
f 812/467/650 701/400/642 101/400/649 702/467/651
f 683/70/594 812/467/650 702/467/651 92/70/595
f 151/352/652 233/451/653 813/451/654 236/352/655
f 233/474/653 142/475/656 234/475/657 813/474/658
f 813/474/654 234/475/659 102/475/660 235/474/661
f 236/352/655 813/451/654 235/451/661 103/352/662
f 150/358/663 237/452/664 814/452/665 239/358/666
f 237/452/664 151/352/652 236/352/655 814/452/665
f 814/452/665 236/352/655 103/352/662 238/452/667
f 239/358/668 814/452/665 238/452/667 104/358/669
f 149/457/670 240/468/671 815/468/672 242/457/673
f 240/454/671 150/358/663 239/358/668 815/454/672
f 815/454/672 239/358/674 104/358/669 241/454/675
f 242/457/673 815/468/672 241/468/675 105/457/676
f 148/456/677 243/455/678 816/455/679 245/456/680
f 243/455/678 149/457/670 242/457/673 816/455/681
f 816/455/682 242/457/673 105/457/676 244/455/683
f 245/456/680 816/455/681 244/455/683 106/456/684
f 147/460/685 246/459/686 817/459/687 248/460/688
f 246/459/686 148/456/689 245/456/680 817/459/687
f 817/459/690 245/456/680 106/456/684 247/459/691
f 248/460/688 817/459/687 247/459/692 107/460/693
f 146/470/694 249/463/695 818/463/696 251/470/697
f 249/463/695 147/460/698 248/460/688 818/463/696
f 818/463/696 248/460/688 107/460/693 250/463/699
f 251/470/697 818/463/696 250/463/699 108/470/700
f 145/472/701 252/471/702 819/471/703 254/472/704
f 252/471/702 146/470/694 251/470/697 819/471/705
f 819/476/706 251/477/697 108/477/700 253/476/707
f 254/472/704 819/471/706 253/471/708 109/472/709
f 144/478/710 255/479/711 820/479/712 257/478/713
f 255/479/711 145/480/714 254/480/704 820/479/715
f 820/479/716 254/480/704 109/480/709 256/479/717
f 257/478/713 820/479/712 256/479/718 110/478/719
f 143/481/720 258/482/721 821/482/722 260/481/723
f 258/482/721 144/478/710 257/478/724 821/482/722
f 821/482/722 257/478/713 110/478/725 259/482/726
f 260/400/727 821/466/722 259/466/726 111/400/728
f 142/483/729 261/484/730 822/484/731 234/483/659
f 261/484/732 143/481/720 260/481/723 822/484/731
f 822/484/731 260/481/723 111/481/728 262/484/733
f 234/483/657 822/484/731 262/484/733 102/483/660
f 123/70/734 263/467/735 823/467/736 266/70/737
f 263/467/735 122/400/738 264/400/739 823/467/736
f 823/467/736 264/400/739 124/400/740 265/467/741
f 266/70/737 823/467/736 265/467/741 125/70/742
f 122/400/738 267/466/743 824/466/744 264/400/739
f 267/466/745 126/394/746 268/394/747 824/466/744
f 824/466/744 268/394/748 127/394/749 269/466/750
f 264/400/739 824/466/751 269/466/750 124/400/740
f 126/394/746 270/465/752 825/465/753 268/394/748
f 270/465/752 128/388/754 271/388/755 825/465/756
f 825/465/753 271/388/755 129/388/757 272/465/758
f 268/394/748 825/465/753 272/465/758 127/394/759
f 128/388/754 273/464/760 826/464/761 271/388/762
f 273/464/760 130/382/763 274/382/764 826/464/761
f 826/464/761 274/382/765 131/382/766 275/464/767
f 271/388/755 826/464/761 275/464/767 129/388/757
f 130/382/763 276/462/768 827/462/769 274/382/765
f 276/462/770 132/376/771 277/376/772 827/462/769
f 827/463/769 277/460/772 133/460/773 278/463/774
f 274/470/765 827/463/769 278/463/774 131/470/766
f 132/460/771 279/459/775 828/459/776 277/460/772
f 279/473/777 134/370/778 280/370/779 828/473/776
f 828/459/776 280/456/780 135/456/781 281/459/782
f 277/460/772 828/459/776 281/459/782 133/460/773
f 134/456/778 282/455/783 829/455/784 280/456/780
f 282/455/785 136/457/786 283/457/787 829/455/784
f 829/458/784 283/364/788 137/364/789 284/458/790
f 280/370/779 829/458/791 284/458/792 135/370/781
f 136/457/786 285/468/793 830/468/794 283/457/788
f 285/454/793 138/358/795 286/358/796 830/454/794
f 830/468/797 286/469/796 139/469/798 287/468/799
f 283/364/787 830/454/794 287/454/800 137/364/801
f 138/358/795 288/452/802 831/452/803 286/358/796
f 288/452/802 140/352/804 289/352/805 831/452/803
f 831/452/803 289/352/806 141/352/807 290/452/808
f 286/358/809 831/452/803 290/452/810 139/358/798
f 140/352/804 291/451/811 832/451/812 289/352/805
f 291/451/811 123/1/734 266/1/737 832/451/813
f 832/451/812 266/1/737 125/1/742 292/451/814
f 289/352/805 832/451/812 292/451/815 141/352/807
f 72/70/461 652/467/816 833/467/817 294/70/818
f 652/467/511 81/400/508 293/400/819 833/467/820
f 833/467/820 293/400/819 122/400/821 263/467/735
f 294/70/818 833/467/817 263/467/735 123/70/734
f 113/400/577 681/467/586 834/467/822 296/400/823
f 681/467/824 112/70/825 295/70/826 834/467/822
f 834/467/822 295/70/826 125/70/742 265/467/741
f 296/400/823 834/467/827 265/467/741 124/400/828
f 81/400/508 650/466/507 835/466/829 293/400/819
f 650/466/507 80/394/503 297/394/830 835/466/829
f 835/466/829 297/394/831 126/394/832 267/466/745
f 293/400/833 835/466/829 267/466/745 122/400/821
f 114/394/568 678/466/581 836/466/834 298/394/835
f 678/466/581 113/400/836 296/400/823 836/466/834
f 836/466/834 296/400/823 124/400/828 269/466/837
f 298/394/835 836/466/834 269/466/750 127/394/759
f 80/394/503 648/465/838 837/465/839 297/394/830
f 648/465/502 79/388/496 299/388/840 837/465/839
f 837/465/839 299/388/841 128/388/754 270/465/752
f 297/394/831 837/465/839 270/465/842 126/394/832
f 115/472/562 675/485/572 838/485/843 300/472/844
f 675/465/569 114/394/845 298/394/835 838/465/843
f 838/465/843 298/394/835 127/394/759 272/465/758
f 300/472/844 838/485/843 272/485/846 129/472/757
f 79/388/496 646/464/495 839/464/847 299/388/840
f 646/464/495 78/382/492 301/382/848 839/464/849
f 839/464/849 301/382/848 130/382/850 273/464/760
f 299/388/840 839/464/851 273/464/852 128/388/754
f 116/470/853 672/471/854 840/471/855 302/470/856
f 672/464/563 115/388/562 300/388/844 840/464/855
f 840/464/857 300/388/844 129/388/757 275/464/767
f 302/382/856 840/464/855 275/464/767 131/382/766
f 78/382/492 644/462/490 841/462/858 301/382/848
f 644/462/859 77/376/485 303/376/860 841/462/858
f 841/462/858 303/376/860 132/376/771 276/462/768
f 301/382/848 841/462/858 276/462/770 130/382/850
f 117/460/557 669/463/554 842/463/861 304/460/862
f 669/463/554 116/470/853 302/470/856 842/463/861
f 842/463/861 302/470/863 131/470/766 278/463/774
f 304/376/862 842/462/861 278/462/774 133/376/864
f 77/376/485 642/473/483 843/473/865 303/376/866
f 642/473/483 76/370/480 305/370/867 843/473/865
f 843/473/865 305/370/867 134/370/778 279/473/868
f 303/376/860 843/473/865 279/473/777 132/376/771
f 118/456/538 666/459/869 844/459/870 306/456/871
f 666/459/547 117/460/546 304/460/862 844/459/870
f 844/459/870 304/460/862 133/460/864 281/459/872
f 306/456/871 844/459/870 281/459/872 135/456/781
f 76/370/480 640/458/479 845/458/873 305/370/874
f 640/458/875 75/364/474 307/364/876 845/458/877
f 845/458/877 307/364/876 136/364/786 282/458/785
f 305/370/874 845/458/873 282/458/785 134/370/778
f 119/457/532 663/455/539 846/455/878 308/457/879
f 663/458/880 118/370/538 306/370/871 846/458/878
f 846/455/878 306/456/871 135/456/781 284/455/792
f 308/457/879 846/455/878 284/455/792 137/457/789
f 75/364/474 638/454/471 847/454/881 307/364/882
f 638/454/473 74/358/468 309/358/883 847/454/884
f 847/454/884 309/358/883 138/358/795 285/454/793
f 307/364/882 847/454/881 285/454/793 136/364/786
f 120/358/525 660/454/533 848/454/885 310/358/886
f 660/454/533 119/364/887 308/364/888 848/454/889
f 848/454/885 308/364/890 137/364/801 287/454/800
f 310/358/891 848/454/885 287/454/892 139/358/798
f 74/358/468 636/452/893 849/452/894 309/358/883
f 636/452/893 73/352/464 311/352/895 849/452/894
f 849/452/894 311/352/895 140/352/804 288/452/802
f 309/358/883 849/452/894 288/452/802 138/358/795
f 121/352/896 657/452/526 850/452/897 312/352/898
f 657/452/899 120/358/525 310/358/900 850/452/897
f 850/452/897 310/358/886 139/358/901 290/452/902
f 312/352/898 850/452/897 290/452/902 141/352/807
f 73/352/464 634/451/462 851/451/903 311/352/895
f 634/451/463 72/1/461 294/1/904 851/451/905
f 851/451/905 294/1/904 123/1/734 291/451/811
f 311/352/895 851/451/903 291/451/811 140/352/804
f 112/1/518 653/451/517 852/451/906 295/1/826
f 653/451/514 121/352/907 312/352/898 852/451/906
f 852/451/908 312/352/898 141/352/807 292/451/815
f 295/1/826 852/451/906 292/451/814 125/1/742
f 153/70/909 313/467/910 853/467/911 316/70/912
f 313/467/913 152/400/914 314/400/915 853/467/916
f 853/467/916 314/400/915 154/400/917 315/467/918
f 316/70/919 853/467/916 315/467/920 155/70/921
f 152/400/914 317/466/922 854/466/923 314/400/915
f 317/466/924 156/394/925 318/394/926 854/466/923
f 854/466/923 318/394/926 157/394/927 319/466/928
f 314/400/915 854/466/923 319/466/928 154/400/917
f 156/394/925 320/465/929 855/465/930 318/394/931
f 320/465/932 158/388/933 321/388/934 855/465/935
f 855/465/935 321/388/934 159/388/936 322/465/937
f 318/394/931 855/465/935 322/465/937 157/394/927
f 158/388/933 323/464/938 856/464/939 321/388/934
f 323/464/938 160/382/940 324/382/941 856/464/939
f 856/464/939 324/382/941 161/382/942 325/464/943
f 321/388/934 856/464/939 325/464/943 159/388/936
f 160/382/940 326/462/944 857/462/945 324/382/946
f 326/462/944 162/376/947 327/376/948 857/462/945
f 857/463/945 327/460/948 163/460/949 328/463/950
f 324/382/941 857/462/945 328/462/950 161/382/942
f 162/376/947 329/473/951 858/473/952 327/376/948
f 329/473/951 164/370/953 330/370/954 858/473/952
f 858/459/952 330/456/954 165/456/955 331/459/956
f 327/460/948 858/459/952 331/459/957 163/460/949
f 164/370/953 332/458/958 859/458/959 330/370/960
f 332/458/958 166/364/961 333/364/962 859/458/959
f 859/458/963 333/364/962 167/364/964 334/458/965
f 330/456/960 859/455/959 334/455/965 165/456/955
f 166/364/966 335/454/967 860/454/968 333/364/962
f 335/454/969 168/358/970 336/358/971 860/454/968
f 860/454/968 336/358/972 169/358/973 337/454/974
f 333/364/962 860/454/968 337/454/974 167/364/964
f 168/358/970 338/452/975 861/452/976 336/358/972
f 338/452/977 170/352/978 339/352/979 861/452/976
f 861/452/976 339/352/979 171/352/980 340/452/981
f 336/358/972 861/452/976 340/452/982 169/358/973
f 170/352/983 341/451/984 862/451/985 339/352/979
f 341/451/986 153/1/987 316/1/912 862/451/988
f 862/451/988 316/1/912 155/1/989 342/451/990
f 339/352/979 862/451/988 342/451/990 171/352/980
f 92/70/595 702/467/651 863/467/991 344/70/992
f 702/467/651 101/400/649 343/400/993 863/467/994
f 863/467/991 343/400/993 152/400/914 313/467/995
f 344/70/996 863/467/997 313/467/995 153/70/987
f 143/481/720 261/484/730 864/484/998 346/481/999
f 261/484/732 142/483/656 345/483/1000 864/484/1001
f 864/467/1001 345/70/1002 155/70/989 315/467/920
f 346/400/999 864/467/1001 315/467/1003 154/400/917
f 101/400/649 700/466/648 865/466/1004 343/400/993
f 700/466/648 100/394/646 347/394/1005 865/466/1006
f 865/466/1004 347/394/1005 156/394/925 317/466/1007
f 343/400/993 865/466/1008 317/466/1007 152/400/914
f 144/478/710 258/482/721 866/482/1009 348/478/1010
f 258/466/721 143/400/720 346/400/999 866/466/1009
f 866/466/1009 346/400/999 154/400/917 319/466/928
f 348/394/1010 866/466/1009 319/466/928 157/394/1011
f 100/394/639 698/465/638 867/465/1012 347/394/1013
f 698/465/638 99/388/631 349/388/1014 867/465/1015
f 867/465/1012 349/388/1014 158/388/933 320/465/929
f 347/394/1013 867/465/1016 320/465/929 156/394/925
f 145/388/701 255/465/711 868/465/1017 350/388/1018
f 255/479/711 144/478/710 348/478/1010 868/479/1017
f 868/465/1017 348/394/1010 157/394/1011 322/465/937
f 350/388/1018 868/465/1019 322/465/937 159/388/936
f 99/388/631 696/464/630 869/464/1020 349/388/1014
f 696/464/630 98/382/627 351/382/1021 869/464/1020
f 869/464/1022 351/382/1021 160/382/940 323/464/1023
f 349/388/1014 869/464/1022 323/464/938 158/388/933
f 146/470/694 252/471/1024 870/471/1025 352/470/1026
f 252/471/1024 145/472/701 350/472/1018 870/471/1025
f 870/464/1025 350/388/1018 159/388/936 325/464/943
f 352/470/1027 870/471/1025 325/471/943 161/470/942
f 98/382/627 694/462/1028 871/462/1029 351/382/1021
f 694/462/626 97/376/620 353/376/1030 871/462/1031
f 871/462/1029 353/376/1032 162/376/1033 326/462/944
f 351/382/1021 871/462/1031 326/462/944 160/382/940
f 147/460/1034 249/463/1035 872/463/1036 354/460/1037
f 249/463/695 146/470/1038 352/470/1027 872/463/1036
f 872/463/1036 352/470/1026 161/470/942 328/463/950
f 354/460/1037 872/463/1036 328/463/1039 163/460/949
f 97/376/1040 692/473/618 873/473/1041 353/376/1032
f 692/473/618 96/370/613 355/370/1042 873/473/1041
f 873/473/1043 355/370/1042 164/370/953 329/473/951
f 353/376/1032 873/473/1041 329/473/951 162/376/947
f 148/456/689 246/459/686 874/459/1044 356/456/1045
f 246/459/1046 147/460/685 354/460/1037 874/459/1044
f 874/473/1044 354/376/1037 163/376/949 331/473/957
f 356/456/1047 874/459/1044 331/459/957 165/456/955
f 96/370/613 690/458/610 875/458/1048 355/370/1042
f 690/458/610 95/364/1049 357/364/1050 875/458/1048
f 875/458/1048 357/364/1050 166/364/1051 332/458/1052
f 355/370/1042 875/458/1053 332/458/1052 164/370/953
f 149/457/670 243/455/678 876/455/1054 358/457/1055
f 243/455/678 148/456/689 356/456/1056 876/455/1054
f 876/455/1057 356/456/1056 165/456/955 334/455/1058
f 358/457/1055 876/455/1054 334/455/965 167/457/1059
f 95/364/606 688/454/605 877/454/1060 357/364/1050
f 688/454/605 94/358/602 359/358/1061 877/454/1062
f 877/454/1060 359/358/1063 168/358/970 335/454/1064
f 357/364/1050 877/454/1060 335/454/969 166/364/1065
f 150/469/663 240/468/671 878/468/1066 360/469/1067
f 240/468/671 149/457/1068 358/457/1055 878/468/1066
f 878/468/1066 358/457/1055 167/457/964 337/468/974
f 360/358/1067 878/454/1069 337/454/1070 169/358/973
f 94/358/602 686/452/601 879/452/1071 359/358/1072
f 686/452/601 93/352/597 361/352/1073 879/452/1071
f 879/452/1074 361/352/1073 170/352/1075 338/452/975
f 359/358/1072 879/452/1074 338/452/977 168/358/970
f 151/352/1076 237/452/664 880/452/1077 362/352/1078
f 237/452/664 150/358/663 360/358/1079 880/452/1080
f 880/452/1080 360/358/1081 169/358/973 340/452/981
f 362/352/1078 880/452/1080 340/452/981 171/352/980
f 93/352/1082 684/451/596 881/451/1083 361/352/1073
f 684/451/1084 92/1/1085 344/1/996 881/451/1083
f 881/451/1083 344/1/992 153/1/1086 341/451/986
f 361/352/1073 881/451/1083 341/451/986 170/352/1087
f 142/1/729 233/451/653 882/451/1088 345/1/1002
f 233/451/653 151/352/1076 362/352/1078 882/451/1088
f 882/451/1088 362/352/1078 171/352/1089 342/451/990
f 345/1/1002 882/451/1088 342/451/990 155/1/989
f 194/352/1090 363/451/1091 883/451/1092 366/352/1093
f 363/451/1091 193/1/1094 364/1/1095 883/451/1092
f 883/451/1092 364/1/1096 195/1/1097 365/451/1098
f 366/352/1093 883/451/1092 365/451/1099 196/352/1100
f 197/358/1101 367/452/1102 884/452/1103 369/358/1104
f 367/452/1102 194/352/1090 366/352/1093 884/452/1103
f 884/452/1103 366/352/1093 196/352/1105 368/452/1106
f 369/358/1104 884/452/1103 368/452/1107 198/358/1108
f 199/364/1109 370/454/1110 885/454/1111 372/364/1112
f 370/454/1113 197/358/1101 369/358/1104 885/454/1114
f 885/454/1111 369/358/1104 198/358/1115 371/454/1116
f 372/364/1112 885/454/1111 371/454/1116 200/364/1117
f 201/370/1118 373/458/1119 886/458/1120 375/370/1121
f 373/458/1122 199/364/1109 372/364/1112 886/458/1120
f 886/458/1123 372/364/1112 200/364/1117 374/458/1124
f 375/370/1121 886/458/1120 374/458/1124 202/370/1125
f 203/376/1126 376/473/1127 887/473/1128 378/376/1129
f 376/473/1130 201/370/1118 375/370/1121 887/473/1128
f 887/473/1128 375/370/1121 202/370/1131 377/473/1132
f 378/376/1129 887/473/1128 377/473/1132 204/376/1133
f 205/382/1134 379/462/1135 888/462/1136 381/382/1137
f 379/462/1135 203/376/1126 378/376/1129 888/462/1136
f 888/462/1136 378/376/1129 204/376/1133 380/462/1138
f 381/382/1137 888/462/1136 380/462/1139 206/382/1140
f 207/388/1141 382/464/1142 889/464/1143 384/388/1144
f 382/464/1142 205/382/1134 381/382/1137 889/464/1143
f 889/464/1143 381/382/1137 206/382/1140 383/464/1145
f 384/388/1144 889/464/1143 383/464/1145 208/388/1146
f 209/394/1147 385/465/1148 890/465/1149 387/394/1150
f 385/465/1148 207/388/1151 384/388/1152 890/465/1149
f 890/465/1153 384/388/1144 208/388/1146 386/465/1154
f 387/394/1150 890/465/1153 386/465/1155 210/394/1156
f 211/400/1157 388/466/1158 891/466/1159 390/400/1160
f 388/466/1161 209/394/1162 387/394/1150 891/466/1163
f 891/466/1163 387/394/1150 210/394/1164 389/466/1165
f 390/400/1160 891/466/1163 389/466/1166 212/400/1167
f 193/70/1094 391/467/1168 892/467/1169 364/70/1096
f 391/467/1168 211/400/1157 390/400/1160 892/467/1169
f 892/467/1169 390/400/1170 212/400/1171 392/467/1172
f 364/70/1096 892/467/1173 392/467/1172 195/70/1097
f 173/352/1174 393/451/1175 893/451/1176 395/352/1177
f 393/451/1175 172/1/1178 394/1/1179 893/451/1176
f 893/451/1176 394/1/1180 182/1/369 603/353/366
f 395/352/1177 893/451/1176 603/353/1181 183/352/1182
f 174/358/1183 396/452/1184 894/452/1185 397/358/1186
f 396/452/1184 173/352/1174 395/352/1177 894/452/1187
f 894/452/1188 395/352/1177 183/352/365 606/359/375
f 397/358/1186 894/452/1189 606/359/375 185/358/382
f 175/364/1190 398/454/1191 895/454/1192 399/364/1193
f 398/454/1194 174/358/1195 397/358/1186 895/454/1192
f 895/454/1192 397/358/1186 185/358/382 608/365/379
f 399/364/1193 895/454/1192 608/365/379 186/364/1196
f 176/370/1197 400/458/1198 896/458/1199 401/370/1200
f 400/458/1198 175/364/1201 399/364/1193 896/458/1199
f 896/458/1199 399/364/1193 186/364/1196 610/371/385
f 401/370/1200 896/458/1199 610/371/385 187/370/384
f 177/376/1202 402/473/1203 897/473/1204 403/376/1205
f 402/473/1203 176/370/1206 401/370/1200 897/473/1207
f 897/473/1204 401/370/1200 187/370/384 612/377/392
f 403/376/1208 897/473/1207 612/377/392 188/376/391
f 178/382/1209 404/462/1210 898/462/1211 405/382/1212
f 404/462/1213 177/376/1202 403/376/1205 898/462/1214
f 898/462/1214 403/376/1208 188/376/391 614/383/396
f 405/382/1215 898/462/1216 614/383/396 189/382/395
f 179/388/1217 406/464/1218 899/464/1219 407/388/1220
f 406/464/1218 178/382/1209 405/382/1215 899/464/1219
f 899/464/1219 405/382/1215 189/382/1221 616/389/400
f 407/388/1222 899/464/1219 616/389/400 190/388/399
f 180/394/1223 408/465/1224 900/465/1225 409/394/1226
f 408/465/1224 179/388/1217 407/388/1222 900/465/1225
f 900/465/1225 407/388/1220 190/388/399 618/395/1227
f 409/394/1228 900/465/1225 618/395/1227 191/394/404
f 181/400/1229 410/466/1230 901/466/1231 411/400/1232
f 410/466/1230 180/394/1233 409/394/1228 901/466/1231
f 901/466/1231 409/394/1226 191/394/404 620/401/409
f 411/400/1232 901/466/1231 620/401/409 192/400/415
f 172/70/1178 412/467/1234 902/467/1235 394/70/1179
f 412/467/1234 181/400/1236 411/400/1232 902/467/1235
f 902/467/1235 411/400/1232 192/400/415 622/406/413
f 394/70/1179 902/467/1235 622/406/413 182/70/369
f 214/352/1237 413/451/1238 903/451/1239 416/352/1240
f 413/474/1241 213/475/1242 414/475/1243 903/474/1244
f 903/451/1239 414/1/1243 215/1/1245 415/451/1246
f 416/486/1240 903/474/1239 415/474/1246 216/486/1247
f 172/1/1178 393/451/1175 904/451/1248 418/1/1249
f 393/451/1175 173/352/1174 417/352/1250 904/451/1248
f 904/451/1248 417/352/1250 196/352/1105 365/451/1098
f 418/1/1251 904/451/1248 365/451/1099 195/1/1097
f 217/487/1252 419/488/1253 905/488/1254 421/487/1255
f 419/488/1253 214/486/1237 416/486/1240 905/488/1256
f 905/452/1254 416/352/1240 216/352/1257 420/452/1258
f 421/358/1259 905/452/1254 420/452/1260 218/358/1261
f 173/352/1174 396/452/1184 906/452/1262 417/352/1250
f 396/452/1184 174/358/1195 422/358/1263 906/452/1262
f 906/452/1262 422/358/1263 198/358/1264 368/452/1106
f 417/352/1250 906/452/1262 368/452/1106 196/352/1265
f 219/457/1266 423/468/1267 907/468/1268 425/457/1269
f 423/454/1267 217/358/1252 421/358/1255 907/454/1270
f 907/454/1270 421/358/1271 218/358/1272 424/454/1273
f 425/364/1269 907/454/1274 424/454/1273 220/364/1275
f 174/358/1195 398/454/1191 908/454/1276 422/358/1263
f 398/454/1191 175/364/1277 426/364/1278 908/454/1279
f 908/454/1279 426/364/1278 200/364/1280 371/454/1116
f 422/358/1263 908/454/1279 371/454/1116 198/358/1108
f 221/456/1281 427/455/1282 909/455/1283 429/456/1284
f 427/455/1285 219/457/1286 425/457/1287 909/455/1283
f 909/455/1283 425/457/1269 220/457/1275 428/455/1288
f 429/456/1289 909/455/1283 428/455/1288 222/456/1290
f 175/364/1190 400/458/1198 910/458/1291 426/364/1292
f 400/458/1198 176/370/1197 430/370/1293 910/458/1294
f 910/458/1291 430/370/1293 202/370/1125 374/458/1295
f 426/364/1296 910/458/1294 374/458/1124 200/364/1297
f 223/460/1298 431/459/1299 911/459/1300 433/460/1301
f 431/459/1299 221/456/1302 429/456/1303 911/459/1304
f 911/459/1300 429/456/1305 222/456/1290 432/459/1306
f 433/460/1301 911/459/1300 432/459/1306 224/460/1307
f 176/370/1197 402/473/1203 912/473/1308 430/370/1293
f 402/473/1203 177/376/1202 434/376/1309 912/473/1308
f 912/473/1308 434/376/1310 204/376/1133 377/473/1311
f 430/370/1293 912/473/1308 377/473/1311 202/370/1125
f 225/470/1312 435/463/1313 913/463/1314 437/470/1315
f 435/463/1313 223/460/1298 433/460/1301 913/463/1314
f 913/463/1316 433/460/1301 224/460/1307 436/463/1317
f 437/470/1318 913/463/1314 436/463/1317 226/470/1319
f 177/376/1202 404/462/1320 914/462/1321 434/376/1309
f 404/462/1213 178/382/1209 438/382/1322 914/462/1321
f 914/462/1321 438/382/1322 206/382/1140 380/462/1138
f 434/376/1309 914/462/1321 380/462/1138 204/376/1133
f 227/480/1323 439/476/1324 915/476/1325 441/480/1326
f 439/476/1324 225/477/1312 437/477/1315 915/476/1325
f 915/464/1325 437/382/1318 226/382/1319 440/464/1327
f 441/388/1328 915/464/1329 440/464/1327 228/388/1330
f 178/382/1209 406/464/1218 916/464/1331 438/382/1322
f 406/464/1218 179/388/1332 442/388/1333 916/464/1334
f 916/464/1331 442/388/1335 208/388/1146 383/464/1336
f 438/382/1322 916/464/1334 383/464/1145 206/382/1140
f 229/478/1337 443/479/1338 917/479/1339 445/478/1340
f 443/485/1338 227/472/1323 441/472/1328 917/485/1339
f 917/465/1339 441/388/1326 228/388/1330 444/465/1341
f 445/394/1340 917/465/1342 444/465/1341 230/394/1343
f 179/388/1217 408/465/1224 918/465/1344 442/388/1333
f 408/465/1224 180/394/1233 446/394/1345 918/465/1344
f 918/465/1344 446/394/1345 210/394/1156 386/465/1154
f 442/388/1335 918/465/1346 386/465/1155 208/388/1146
f 231/481/1347 447/482/1348 919/482/1349 449/481/1350
f 447/466/1348 229/394/1351 445/394/1340 919/466/1349
f 919/466/1352 445/394/1340 230/394/1343 448/466/1353
f 449/400/1350 919/466/1352 448/466/1353 232/400/1354
f 180/394/1223 410/466/1230 920/466/1355 446/394/1345
f 410/466/1230 181/400/1229 450/400/1356 920/466/1357
f 920/466/1355 450/400/1356 212/400/1171 389/466/1358
f 446/394/1345 920/466/1355 389/466/1358 210/394/1156
f 213/483/1359 451/484/1360 921/484/1361 414/483/1362
f 451/467/1360 231/400/1347 449/400/1350 921/467/1363
f 921/484/1363 449/481/1350 232/481/1354 452/484/1364
f 414/70/1362 921/467/1361 452/467/1364 215/70/1365
f 181/400/1236 412/467/1234 922/467/1366 450/400/1356
f 412/467/1234 172/70/1178 418/70/1249 922/467/1366
f 922/467/1366 418/70/1367 195/70/1368 392/467/1172
f 450/400/1356 922/467/1366 392/467/1172 212/400/1167
f 103/352/1369 235/451/1370 923/451/1371 454/352/1372
f 235/451/1370 102/1/660 453/1/1373 923/451/1374
f 923/451/1375 453/1/1376 213/1/1242 413/451/1238
f 454/352/1372 923/451/1375 413/451/1238 214/352/1237
f 193/1/1094 363/451/1091 924/451/1377 456/1/1378
f 363/451/1091 194/352/1379 455/352/1380 924/451/1381
f 924/451/1381 455/352/1380 216/352/1257 415/451/1382
f 456/1/1378 924/451/1383 415/451/1246 215/1/1365
f 104/358/669 238/452/667 925/452/1384 457/358/1385
f 238/452/667 103/352/662 454/352/1372 925/452/1384
f 925/452/1384 454/352/1372 214/352/1386 419/452/1253
f 457/469/1385 925/489/1387 419/489/1253 217/469/1252
f 194/352/1379 367/452/1102 926/452/1388 455/352/1380
f 367/452/1102 197/358/1101 458/358/1389 926/452/1388
f 926/452/1390 458/358/1389 218/358/1261 420/452/1258
f 455/352/1380 926/452/1390 420/452/1260 216/352/1391
f 105/364/676 241/454/675 927/454/1392 459/364/1393
f 241/454/675 104/358/669 457/358/1394 927/454/1395
f 927/454/1396 457/358/1385 217/358/1252 423/454/1267
f 459/364/1393 927/454/1396 423/454/1397 219/364/1266
f 197/358/1101 370/454/1110 928/454/1398 458/358/1389
f 370/454/1399 199/364/1109 460/364/1400 928/454/1398
f 928/454/1401 460/364/1400 220/364/1275 424/454/1273
f 458/358/1389 928/454/1402 424/454/1273 218/358/1261
f 106/370/684 244/458/683 929/458/1403 461/370/1404
f 244/458/683 105/364/1405 459/364/1406 929/458/1403
f 929/458/1403 459/364/1393 219/364/1266 427/458/1282
f 461/370/1404 929/458/1403 427/458/1282 221/370/1302
f 199/364/1109 373/458/1122 930/458/1407 460/364/1408
f 373/458/1119 201/370/1118 462/370/1409 930/458/1410
f 930/458/1407 462/370/1411 222/370/1290 428/458/1412
f 460/364/1400 930/458/1413 428/458/1412 220/364/1275
f 107/376/693 247/473/691 931/473/1414 463/376/1415
f 247/473/692 106/370/684 461/370/1404 931/473/1414
f 931/473/1414 461/370/1404 221/370/1281 431/473/1299
f 463/376/1415 931/473/1414 431/473/1299 223/376/1298
f 201/370/1118 376/473/1416 932/473/1417 462/370/1411
f 376/473/1416 203/376/1126 464/376/1418 932/473/1419
f 932/459/1419 464/460/1418 224/460/1307 432/459/1306
f 462/456/1409 932/459/1417 432/459/1420 222/456/1290
f 108/382/700 250/462/699 933/462/1421 465/382/1422
f 250/462/1423 107/376/693 463/376/1424 933/462/1425
f 933/462/1426 463/376/1415 223/376/1427 435/462/1313
f 465/382/1428 933/462/1425 435/462/1313 225/382/1429
f 203/376/1126 379/462/1430 934/462/1431 464/376/1418
f 379/462/1135 205/382/1134 466/382/1432 934/462/1433
f 934/462/1433 466/382/1432 226/382/1319 436/462/1317
f 464/460/1418 934/463/1433 436/463/1317 224/460/1307
f 109/388/1434 253/464/1435 935/464/1436 467/388/1437
f 253/464/1435 108/382/700 465/382/1428 935/464/1436
f 935/464/1436 465/382/1428 225/382/1438 439/464/1324
f 467/472/1437 935/471/1439 439/471/1440 227/472/1323
f 205/382/1134 382/464/1142 936/464/1441 466/382/1432
f 382/464/1142 207/388/1151 468/388/1442 936/464/1441
f 936/464/1441 468/388/1442 228/388/1330 440/464/1327
f 466/382/1432 936/464/1441 440/464/1327 226/382/1319
f 110/394/719 256/465/717 937/465/1443 469/394/1444
f 256/465/717 109/388/709 467/388/1437 937/465/1445
f 937/485/1446 467/472/1437 227/472/1323 443/485/1447
f 469/490/1444 937/485/1443 443/485/1448 229/490/1351
f 207/388/1151 385/465/1148 938/465/1449 468/388/1442
f 385/465/1148 209/394/1162 470/394/1450 938/465/1449
f 938/465/1449 470/394/1451 230/394/1343 444/465/1341
f 468/388/1442 938/465/1449 444/465/1452 228/388/1330
f 111/400/1453 259/466/1454 939/466/1455 471/400/1456
f 259/466/726 110/394/719 469/394/1457 939/466/1458
f 939/491/1458 469/490/1444 229/490/1351 447/491/1348
f 471/400/1459 939/466/1458 447/466/1348 231/400/1347
f 209/394/1147 388/466/1161 940/466/1460 470/394/1450
f 388/466/1161 211/400/1157 472/400/1461 940/466/1460
f 940/466/1460 472/400/1462 232/400/1354 448/466/1353
f 470/478/1450 940/482/1463 448/482/1353 230/478/1343
f 102/70/660 262/467/733 941/467/1464 453/70/1465
f 262/467/1466 111/400/1453 471/400/1456 941/467/1464
f 941/467/1464 471/400/1459 231/400/1347 451/467/1360
f 453/70/1376 941/467/1464 451/467/1360 213/70/1359
f 211/400/1157 391/467/1467 942/467/1468 472/400/1461
f 391/467/1467 193/70/1094 456/70/1378 942/467/1468
f 942/467/1468 456/70/1378 215/70/1469 452/467/1364
f 472/400/1461 942/467/1468 452/467/1364 232/400/1354
