# Blender 3.6.22
# www.blender.org
mtllib globo_centro_roto.mtl
o globo.007
v 0.121691 0.064760 -0.012389
v 0.091466 0.086563 -0.014996
v 0.054106 0.086563 -0.014996
v 0.023882 0.064760 -0.012389
v 0.012337 0.029478 -0.008172
v 0.023882 -0.005801 -0.003954
v 0.054106 -0.027605 -0.001348
v 0.091466 -0.027605 -0.001348
v 0.121691 -0.005801 -0.003954
v 0.133236 0.029478 -0.008172
v 0.168908 0.105291 0.037661
v 0.109502 0.148147 0.032538
v 0.036071 0.148147 0.032538
v -0.023336 0.105291 0.037661
v -0.046027 0.035949 0.045950
v -0.023335 -0.033394 0.054240
v 0.036071 -0.076250 0.059363
v 0.168908 -0.033394 0.054240
v 0.191599 0.035949 0.045950
v 0.218145 0.150457 0.114094
v 0.128308 0.215264 0.106347
v 0.017264 0.215264 0.106347
v -0.072573 0.150457 0.114094
v -0.106887 0.045594 0.126629
v 0.017264 -0.124078 0.146912
v 0.128308 -0.124078 0.146912
v 0.218145 -0.059269 0.139165
v 0.252460 0.045594 0.126629
v 0.138854 0.258991 0.198691
v 0.006719 0.258991 0.198691
v -0.100181 0.181872 0.207909
v -0.141013 0.057093 0.222826
v -0.100181 -0.067687 0.237742
v 0.006719 -0.144805 0.246961
v 0.138854 -0.144805 0.246961
v 0.245753 -0.067687 0.237742
v 0.242881 0.189106 0.285997
v 0.137757 0.264943 0.276932
v 0.007816 0.264943 0.276932
v -0.097308 0.189106 0.285997
v -0.137462 0.066398 0.300666
v -0.097308 -0.056309 0.315334
v 0.007816 -0.132147 0.324400
v 0.137757 -0.132147 0.324400
v 0.242881 -0.056309 0.315334
v 0.283035 0.066398 0.300666
v 0.219718 0.180139 0.352772
v 0.128909 0.245649 0.344941
v 0.016663 0.245649 0.344941
v -0.074145 0.180139 0.352772
v -0.108831 0.074142 0.365443
v -0.074145 -0.031856 0.378114
v 0.016663 -0.097366 0.385945
v 0.128909 -0.097366 0.385945
v 0.219718 -0.031856 0.378114
v 0.254404 0.074142 0.365443
v -0.035670 0.080327 0.417183
v -0.014957 0.017029 0.424750
v 0.039272 -0.022092 0.429427
v 0.106301 -0.022092 0.429427
v 0.160529 0.017029 0.424750
v 0.181242 0.080327 0.417183
v 0.092961 0.041461 -0.031436
v 0.080492 0.050455 -0.032512
v 0.065080 0.050455 -0.032512
v 0.052611 0.041461 -0.031436
v 0.047848 0.026906 -0.029697
v 0.052611 0.012352 -0.027957
v 0.065080 0.003357 -0.026881
v 0.080492 0.003357 -0.026881
v 0.092961 0.012352 -0.027957
v 0.097724 0.026906 -0.029697
v 0.088731 0.033790 -0.042108
v 0.078157 0.041664 -0.042617
v 0.070472 0.042015 -0.043078
v 0.057901 0.035915 -0.045610
v 0.054444 0.022816 -0.046443
v 0.058146 0.011501 -0.045090
v 0.066857 0.006405 -0.043141
v 0.078179 0.006191 -0.046126
v 0.088003 0.012899 -0.046103
v 0.092582 0.022600 -0.041748
v 0.084966 0.032918 -0.047361
v 0.078108 0.037670 -0.046734
v 0.069549 0.037728 -0.046811
v 0.061005 0.033278 -0.047933
v 0.058085 0.024469 -0.047393
v 0.060921 0.015803 -0.046357
v 0.068206 0.010733 -0.045588
v 0.077288 0.010703 -0.046031
v 0.084724 0.016002 -0.046594
v 0.087704 0.024397 -0.046692
v 0.089162 0.031741 -0.070288
v 0.081104 0.036255 -0.075385
v 0.069691 0.036209 -0.075417
v 0.059183 0.031408 -0.071555
v 0.055394 0.020939 -0.069736
v 0.058888 0.010603 -0.068430
v 0.068018 0.004039 -0.067615
v 0.079620 0.003698 -0.066390
v 0.090408 0.009861 -0.061104
v 0.093977 0.020753 -0.062392
v 0.087340 0.036171 -0.037208
v 0.091070 0.025642 -0.036279
v 0.087360 0.015188 -0.036503
v 0.077804 0.008210 -0.038580
v 0.067211 0.008515 -0.035772
v 0.059126 0.013749 -0.038652
v 0.055647 0.024381 -0.039922
v 0.058763 0.036340 -0.038200
v 0.070252 0.042457 -0.036954
v 0.077405 0.042398 -0.036877
v 0.087063 0.026449 -0.033527
v 0.084336 0.034781 -0.034523
v 0.086863 0.025993 -0.037335
v 0.084137 0.034194 -0.038286
v 0.084324 0.018103 -0.032610
v 0.084088 0.017684 -0.036910
v 0.077123 0.012887 -0.032393
v 0.076613 0.012139 -0.039089
v 0.068362 0.012952 -0.031995
v 0.068371 0.012575 -0.036373
v 0.061236 0.018116 -0.032531
v 0.061552 0.017555 -0.036844
v 0.058510 0.026449 -0.033527
v 0.058864 0.025771 -0.037826
v 0.061236 0.034781 -0.034523
v 0.061498 0.034163 -0.038356
v 0.068375 0.039930 -0.035139
v 0.068866 0.039183 -0.038705
v 0.077198 0.039930 -0.035139
v 0.076985 0.039183 -0.038705
v 0.086002 0.031999 -0.056842
v 0.088866 0.023324 -0.054597
v 0.085921 0.014325 -0.053521
v 0.078128 0.009146 -0.054081
v 0.069552 0.010882 -0.056403
v 0.063174 0.015370 -0.057349
v 0.060589 0.020949 -0.058370
v 0.063001 0.029526 -0.058780
v 0.070782 0.034844 -0.059752
v 0.080043 0.035195 -0.059513
v 0.083506 0.024932 -0.046216
v 0.081478 0.031165 -0.046928
v 0.085291 0.024604 -0.048548
v 0.082957 0.031816 -0.049457
v 0.081458 0.018674 -0.045468
v 0.082912 0.017335 -0.047679
v 0.076140 0.014861 -0.045141
v 0.076946 0.013204 -0.047992
v 0.069805 0.015149 -0.045949
v 0.071106 0.015168 -0.053068
v 0.064764 0.018829 -0.046518
v 0.066959 0.018396 -0.054274
v 0.062759 0.024778 -0.047100
v 0.064885 0.023306 -0.054168
v 0.064235 0.031137 -0.047053
v 0.063724 0.031232 -0.050488
v 0.069613 0.034901 -0.047177
v 0.069345 0.035899 -0.050273
v 0.076238 0.034901 -0.047177
v 0.076998 0.035957 -0.050233
v 0.084354 0.027807 -0.068464
v 0.078785 0.030332 -0.073326
v 0.071329 0.030357 -0.073346
v 0.064178 0.027995 -0.069815
v 0.061764 0.021428 -0.068502
v 0.064037 0.014511 -0.067677
v 0.069981 0.010244 -0.067161
v 0.077641 0.010223 -0.066133
v 0.085651 0.013983 -0.060341
v 0.090684 0.020789 -0.059710
v 0.079600 0.027108 -0.061607
v 0.075812 0.029610 -0.062561
v 0.073177 0.023327 -0.056409
v 0.071076 0.029610 -0.062561
v 0.067072 0.027119 -0.061798
v 0.065580 0.022693 -0.061191
v 0.067044 0.018221 -0.060657
v 0.070875 0.015457 -0.060326
v 0.075646 0.015445 -0.060183
v 0.079787 0.018135 -0.059607
v 0.081719 0.022615 -0.059902
v 0.090024 0.029886 -0.073505
v 0.081627 0.035051 -0.079216
v 0.085909 0.027194 -0.071960
v 0.079980 0.030470 -0.077435
v 0.069247 0.035272 -0.079371
v 0.070831 0.030653 -0.077577
v 0.058543 0.030859 -0.075126
v 0.062680 0.028064 -0.073581
v 0.055175 0.020732 -0.073399
v 0.060261 0.020882 -0.072203
v 0.058765 0.010007 -0.072146
v 0.062876 0.013119 -0.071292
v 0.068098 0.003430 -0.071330
v 0.069655 0.008368 -0.070683
v 0.080391 0.003826 -0.069973
v 0.078757 0.008716 -0.069348
v 0.091376 0.009799 -0.063810
v 0.087299 0.012861 -0.062965
v 0.094592 0.019374 -0.064954
v 0.090037 0.019593 -0.063540
v 0.090188 0.032390 -0.069250
v 0.081427 0.037488 -0.074610
v 0.092131 0.032073 -0.072071
v 0.082435 0.038064 -0.078042
v 0.069370 0.037588 -0.074577
v 0.068632 0.038328 -0.078129
v 0.058224 0.032529 -0.070288
v 0.056513 0.032884 -0.073551
v 0.054097 0.021305 -0.068305
v 0.052364 0.020960 -0.071524
v 0.057836 0.009807 -0.067000
v 0.056462 0.008557 -0.070129
v 0.067690 0.002686 -0.066255
v 0.067203 0.000914 -0.069295
v 0.080026 0.002550 -0.065194
v 0.081017 0.001151 -0.067993
v 0.091428 0.009162 -0.059372
v 0.093367 0.008227 -0.061715
v 0.095260 0.020758 -0.060669
v 0.097269 0.019847 -0.063018
v 0.083437 0.034195 -0.058320
v 0.087645 0.031737 -0.064182
v 0.085525 0.034752 -0.073426
v 0.080758 0.035432 -0.068171
v 0.075576 0.035529 -0.059911
v 0.075622 0.036764 -0.076034
v 0.070419 0.035199 -0.068330
v 0.066408 0.032790 -0.059274
v 0.063921 0.034524 -0.073571
v 0.061219 0.030149 -0.065867
v 0.061104 0.025210 -0.058574
v 0.056347 0.026564 -0.070424
v 0.057834 0.020732 -0.064378
v 0.061329 0.017851 -0.057887
v 0.056307 0.015489 -0.069047
v 0.060872 0.012874 -0.063116
v 0.065975 0.012967 -0.056981
v 0.062939 0.006673 -0.067955
v 0.068707 0.007327 -0.062266
v 0.073726 0.009359 -0.055234
v 0.073681 0.003039 -0.067404
v 0.078902 0.006321 -0.060780
v 0.082390 0.010990 -0.053547
v 0.085524 0.006041 -0.063644
v 0.088216 0.011995 -0.057926
v 0.088129 0.018586 -0.053889
v 0.093288 0.014949 -0.060707
v 0.091466 0.021927 -0.059114
v 0.087984 0.028086 -0.055591
v 0.092290 0.026712 -0.066098
v 0.086347 0.030824 -0.034050
v 0.086119 0.026188 -0.035709
v 0.086158 0.030306 -0.037851
v 0.083573 0.033969 -0.036640
v 0.086347 0.022072 -0.033004
v 0.083523 0.018353 -0.035097
v 0.086158 0.021679 -0.036820
v 0.081117 0.014941 -0.032476
v 0.076607 0.013276 -0.036114
v 0.080701 0.014325 -0.038213
v 0.072736 0.012236 -0.032153
v 0.068616 0.013543 -0.034522
v 0.072437 0.011660 -0.037895
v 0.064405 0.014994 -0.032158
v 0.062000 0.018406 -0.034779
v 0.064611 0.014572 -0.036265
v 0.059226 0.022072 -0.033004
v 0.059453 0.026188 -0.035709
v 0.059592 0.021425 -0.037380
v 0.059226 0.030824 -0.034050
v 0.062000 0.033969 -0.036640
v 0.059503 0.030180 -0.038131
v 0.064405 0.037902 -0.034896
v 0.068666 0.038779 -0.037214
v 0.064834 0.037228 -0.038560
v 0.072786 0.040606 -0.035219
v 0.076907 0.038779 -0.037214
v 0.072945 0.039836 -0.038753
v 0.081167 0.037902 -0.034896
v 0.080897 0.037228 -0.038560
v 0.090141 0.026574 -0.032475
v 0.086826 0.036703 -0.033686
v 0.085627 0.035381 -0.037714
v 0.088848 0.026067 -0.036719
v 0.086826 0.016446 -0.031264
v 0.085681 0.016585 -0.036235
v 0.078149 0.010186 -0.030516
v 0.077151 0.010260 -0.038726
v 0.067424 0.010186 -0.030516
v 0.067812 0.010666 -0.035823
v 0.058746 0.016446 -0.031264
v 0.060411 0.015803 -0.037560
v 0.055432 0.026574 -0.032475
v 0.057343 0.025178 -0.038681
v 0.058746 0.036703 -0.033686
v 0.060192 0.035255 -0.037994
v 0.067424 0.042961 -0.034434
v 0.069540 0.040825 -0.037654
v 0.078149 0.042961 -0.034434
v 0.077144 0.040825 -0.037654
v 0.082968 0.028216 -0.046608
v 0.083874 0.024851 -0.046883
v 0.084667 0.028422 -0.049005
v 0.081756 0.031323 -0.047656
v 0.082968 0.021647 -0.045823
v 0.081756 0.018381 -0.046109
v 0.084667 0.020788 -0.048092
v 0.079079 0.016332 -0.045188
v 0.076377 0.014593 -0.046172
v 0.080147 0.014611 -0.047354
v 0.072951 0.014514 -0.045486
v 0.070685 0.015744 -0.049404
v 0.073883 0.013698 -0.050472
v 0.066997 0.016631 -0.046255
v 0.066416 0.018999 -0.050308
v 0.068762 0.016680 -0.054056
v 0.063348 0.021618 -0.046851
v 0.064466 0.024243 -0.050420
v 0.065804 0.020480 -0.054564
v 0.063009 0.028101 -0.047110
v 0.064221 0.031206 -0.048158
v 0.063792 0.027258 -0.052333
v 0.066573 0.033444 -0.047101
v 0.069360 0.035323 -0.048134
v 0.065881 0.034130 -0.050061
v 0.072945 0.035386 -0.047202
v 0.076213 0.035323 -0.048134
v 0.073194 0.036489 -0.050343
v 0.079158 0.033444 -0.047101
v 0.080327 0.034364 -0.049902
v 0.085062 0.024877 -0.046662
v 0.082797 0.031955 -0.047376
v 0.084406 0.032034 -0.052226
v 0.086881 0.024155 -0.051097
v 0.082718 0.017714 -0.045805
v 0.084227 0.016044 -0.050128
v 0.076580 0.013286 -0.045276
v 0.077503 0.011413 -0.050223
v 0.068993 0.013286 -0.045276
v 0.070540 0.013522 -0.054369
v 0.062855 0.017714 -0.045805
v 0.065540 0.017200 -0.055511
v 0.060510 0.024877 -0.046662
v 0.063266 0.022008 -0.055893
v 0.062934 0.031955 -0.047376
v 0.063576 0.030279 -0.053841
v 0.069549 0.035858 -0.047053
v 0.070121 0.035409 -0.053939
v 0.077136 0.035858 -0.047053
v 0.078532 0.035643 -0.053780
v 0.086324 0.033182 -0.076991
v 0.087853 0.028316 -0.073034
v 0.083240 0.029357 -0.075328
v 0.080792 0.032529 -0.078600
v 0.075651 0.035725 -0.080005
v 0.075620 0.030880 -0.078181
v 0.070045 0.032737 -0.078762
v 0.063267 0.033758 -0.077330
v 0.066279 0.029856 -0.075638
v 0.060692 0.029297 -0.074668
v 0.055907 0.026246 -0.074003
v 0.060748 0.024850 -0.072627
v 0.057871 0.020763 -0.073143
v 0.056165 0.015123 -0.072751
v 0.060992 0.016826 -0.071735
v 0.060950 0.011616 -0.072069
v 0.062864 0.005971 -0.071672
v 0.065845 0.010193 -0.070942
v 0.068932 0.006018 -0.071353
v 0.074101 0.002802 -0.071124
v 0.074062 0.007958 -0.070512
v 0.079583 0.006430 -0.069990
v 0.086484 0.006241 -0.066798
v 0.083432 0.010398 -0.066109
v 0.089227 0.011418 -0.063751
v 0.094062 0.014253 -0.063220
v 0.089569 0.015962 -0.062079
v 0.091911 0.019379 -0.064717
v 0.093013 0.024933 -0.068938
v 0.088496 0.023638 -0.067432
v 0.081511 0.029558 -0.071590
v 0.082294 0.027763 -0.065140
v 0.077384 0.030383 -0.068072
v 0.075256 0.030596 -0.073911
v 0.071102 0.030383 -0.068072
v 0.067406 0.029629 -0.071634
v 0.065329 0.027807 -0.065904
v 0.062332 0.025044 -0.068927
v 0.063273 0.022056 -0.064907
v 0.062367 0.017799 -0.068070
v 0.065214 0.016124 -0.064198
v 0.066670 0.011919 -0.067367
v 0.070297 0.012457 -0.063760
v 0.073685 0.009714 -0.067081
v 0.076723 0.012409 -0.063187
v 0.081709 0.011662 -0.063325
v 0.083045 0.015787 -0.060000
v 0.089233 0.017135 -0.058862
v 0.086858 0.021746 -0.059748
v 0.088235 0.024614 -0.063707
v 0.086222 0.035724 -0.072577
v 0.091994 0.032905 -0.070747
v 0.087828 0.035885 -0.075728
v 0.082286 0.038740 -0.076653
v 0.079480 0.030049 -0.076063
v 0.085151 0.027321 -0.070587
v 0.075617 0.038126 -0.075275
v 0.075754 0.038875 -0.078837
v 0.068735 0.038937 -0.076671
v 0.071248 0.030154 -0.076144
v 0.063267 0.035828 -0.072524
v 0.061911 0.036425 -0.075937
v 0.056520 0.033377 -0.072031
v 0.063568 0.027855 -0.072168
v 0.055160 0.027375 -0.069040
v 0.053356 0.027416 -0.072263
v 0.052134 0.021173 -0.069915
v 0.061159 0.021070 -0.070795
v 0.055059 0.015263 -0.067607
v 0.053457 0.014460 -0.070787
v 0.056251 0.008597 -0.068504
v 0.063582 0.013796 -0.069935
v 0.062219 0.005498 -0.066539
v 0.061205 0.003893 -0.069631
v 0.067083 0.000823 -0.067688
v 0.069886 0.009329 -0.069378
v 0.073730 0.001726 -0.066175
v 0.073973 0.000067 -0.069127
v 0.080798 0.000852 -0.066473
v 0.078214 0.009487 -0.068124
v 0.086265 0.005088 -0.062202
v 0.087839 0.003964 -0.064759
v 0.093256 0.008075 -0.060185
v 0.086588 0.013362 -0.061578
v 0.094496 0.014591 -0.058876
v 0.096527 0.013664 -0.061155
v 0.097346 0.020348 -0.061547
v 0.090686 0.020067 -0.061422
v 0.093513 0.027047 -0.064704
v 0.095541 0.026356 -0.067245
v 0.088671 0.031164 -0.070871
v 0.080764 0.035679 -0.075846
v 0.082195 0.036867 -0.078947
v 0.091462 0.031104 -0.073070
v 0.069847 0.035720 -0.075818
v 0.068789 0.037122 -0.079077
v 0.059681 0.031221 -0.071844
v 0.057169 0.032051 -0.074651
v 0.055954 0.021057 -0.070035
v 0.053358 0.020808 -0.072755
v 0.059350 0.010625 -0.068824
v 0.057285 0.009009 -0.071405
v 0.068282 0.004163 -0.068113
v 0.067531 0.001758 -0.070560
v 0.079486 0.004019 -0.067110
v 0.080875 0.002106 -0.069216
v 0.089929 0.009980 -0.061618
v 0.092748 0.008771 -0.063010
v 0.093401 0.020543 -0.062830
v 0.096365 0.019528 -0.064254
v 0.108273 0.077977 -0.013969
v 0.099920 0.115167 0.005100
v 0.142535 0.131271 0.034555
v 0.143822 0.083496 0.008886
v 0.072786 0.089425 -0.015338
v 0.045653 0.115167 0.005100
v 0.072786 0.153774 0.031866
v 0.037300 0.077977 -0.013969
v 0.001750 0.083496 0.008886
v 0.003038 0.131271 0.034555
v 0.015368 0.048004 -0.010386
v -0.015019 0.032251 0.015012
v -0.040070 0.072358 0.041598
v 0.015368 0.010954 -0.005957
v 0.001750 -0.018995 0.021138
v -0.040070 -0.000461 0.050303
v 0.037300 -0.019018 -0.002374
v 0.045653 -0.050666 0.024924
v 0.003038 -0.059373 0.057345
v 0.072786 -0.030467 -0.001006
v 0.099920 -0.050666 0.024924
v 0.072786 -0.081875 0.060035
v 0.108273 -0.019018 -0.002374
v 0.143822 -0.018995 0.021138
v 0.142535 -0.059373 0.057345
v 0.130205 0.010954 -0.005957
v 0.160592 0.032251 0.015012
v 0.185642 -0.000461 0.050303
v 0.130205 0.048004 -0.010386
v 0.185642 0.072358 0.041598
v 0.119392 0.182848 0.066349
v 0.178263 0.189742 0.109398
v 0.194803 0.128446 0.072852
v 0.026180 0.182848 0.066349
v 0.072786 0.223773 0.105330
v -0.049230 0.128446 0.072852
v -0.032690 0.189742 0.109398
v -0.078034 0.040423 0.083375
v -0.097878 0.100654 0.120048
v -0.049230 -0.047600 0.093897
v -0.097878 -0.009467 0.133211
v 0.026180 -0.102002 0.100400
v -0.032690 -0.098556 0.143861
v 0.119392 -0.102002 0.100400
v 0.072786 -0.132585 0.147929
v 0.194803 -0.047600 0.093897
v 0.178263 -0.098556 0.143861
v 0.223607 0.040423 0.083375
v 0.243451 -0.009467 0.133211
v 0.243451 0.100654 0.120048
v 0.134966 0.241400 0.152344
v 0.198296 0.228622 0.202321
v 0.010607 0.241400 0.152344
v 0.072786 0.269114 0.197480
v -0.090002 0.168820 0.161021
v -0.052724 0.228622 0.202321
v -0.128431 0.051383 0.175059
v -0.130293 0.122610 0.214994
v -0.090002 -0.066054 0.189098
v -0.130293 -0.008425 0.230658
v 0.010607 -0.138634 0.197774
v -0.052724 -0.114435 0.243330
v 0.134966 -0.138634 0.197774
v 0.072786 -0.154928 0.248171
v 0.235575 -0.066054 0.189098
v 0.198296 -0.114435 0.243330
v 0.275866 -0.008425 0.230658
v 0.139461 0.265777 0.239734
v 0.196212 0.235078 0.280502
v 0.247342 0.187951 0.249037
v 0.006112 0.265777 0.239734
v 0.072786 0.274897 0.275742
v -0.101770 0.187951 0.249037
v -0.050639 0.235078 0.280502
v -0.142977 0.062025 0.264090
v -0.126921 0.130828 0.292964
v -0.101770 -0.063900 0.279144
v -0.126921 0.001968 0.308368
v 0.006112 -0.141727 0.288447
v -0.050639 -0.102282 0.320830
v 0.139461 -0.141726 0.288447
v 0.072786 -0.142102 0.325590
v 0.247342 -0.063900 0.279144
v 0.288549 0.062025 0.264090
v 0.272493 0.001968 0.308368
v 0.272493 0.130828 0.292964
v 0.134711 0.259665 0.311742
v 0.179404 0.219851 0.348025
v 0.234909 0.187383 0.320383
v 0.010861 0.259665 0.311742
v 0.072786 0.254249 0.343913
v -0.089336 0.187383 0.320383
v -0.033832 0.219851 0.348025
v -0.127608 0.070427 0.334364
v -0.099725 0.129798 0.358790
v -0.089336 -0.046530 0.348345
v -0.099725 0.018486 0.372096
v 0.010861 -0.118812 0.356986
v -0.033832 -0.071568 0.382862
v 0.134711 -0.118812 0.356986
v 0.072786 -0.105965 0.386973
v 0.234909 -0.046530 0.348345
v 0.273181 0.070427 0.334364
v 0.245297 0.018486 0.372096
v -0.048029 -0.009582 0.404582
v -0.032761 0.045956 0.418584
v 0.026639 -0.063448 0.411021
v 0.007555 -0.009141 0.425170
v 0.118934 -0.063448 0.411021
v 0.072786 -0.030186 0.427686
v 0.193602 -0.009582 0.404582
v 0.138018 -0.009141 0.425170
v 0.222123 0.077575 0.394163
v 0.178333 0.045956 0.418584
v 0.078010 0.028606 -0.062740
v 0.077205 0.025934 -0.059257
v 0.074716 0.027730 -0.059472
v 0.073603 0.029820 -0.063331
v 0.071639 0.027730 -0.059472
v 0.068864 0.028606 -0.062740
v 0.069150 0.025934 -0.059257
v 0.065872 0.025005 -0.061863
v 0.068200 0.023028 -0.058910
v 0.065872 0.020231 -0.061292
v 0.069150 0.020124 -0.058562
v 0.068698 0.016369 -0.060831
v 0.071639 0.018329 -0.058348
v 0.073271 0.014894 -0.060654
v 0.074716 0.018329 -0.058348
v 0.078051 0.016299 -0.060007
v 0.077205 0.020124 -0.058562
v 0.081624 0.020098 -0.059367
v 0.078155 0.023028 -0.058910
v 0.081417 0.024942 -0.060762
v 0.003654 0.081799 0.429500
v 0.016857 0.041452 0.434323
v 0.051423 0.016515 0.437304
v 0.128715 0.041452 0.434323
v 0.141918 0.081799 0.429500
v 0.104660 0.050779 -0.025084
v 0.087426 0.046914 -0.032088
v 0.084961 0.064992 -0.026783
v 0.072786 0.051637 -0.032653
v 0.060612 0.064992 -0.026783
v 0.058147 0.046914 -0.032088
v 0.040912 0.050779 -0.025084
v 0.049099 0.034547 -0.030610
v 0.033388 0.027786 -0.022335
v 0.049099 0.019264 -0.028783
v 0.040912 0.004792 -0.019587
v 0.058147 0.006899 -0.027305
v 0.060612 -0.009419 -0.017888
v 0.072786 0.002176 -0.026740
v 0.084961 -0.009419 -0.017888
v 0.087426 0.006899 -0.027305
v 0.104660 0.004792 -0.019587
v 0.096474 0.019264 -0.028783
v 0.112185 0.027786 -0.022335
v 0.096474 0.034547 -0.030610
v 0.082472 0.039981 -0.037126
v 0.088570 0.035197 -0.039051
v 0.083551 0.038469 -0.042451
v 0.077792 0.042601 -0.039188
v 0.073971 0.043203 -0.036794
v 0.074493 0.042729 -0.042673
v 0.070560 0.042837 -0.039495
v 0.064331 0.040216 -0.037433
v 0.064005 0.039873 -0.044294
v 0.057888 0.036507 -0.041620
v 0.056099 0.030685 -0.039225
v 0.054968 0.029752 -0.046318
v 0.054529 0.023353 -0.043200
v 0.056714 0.018557 -0.039710
v 0.055565 0.016544 -0.046011
v 0.058247 0.011992 -0.041842
v 0.062708 0.010487 -0.036810
v 0.062002 0.008257 -0.043748
v 0.066843 0.006824 -0.039124
v 0.072387 0.007573 -0.037124
v 0.072437 0.005539 -0.044425
v 0.078154 0.006565 -0.042207
v 0.083031 0.010970 -0.037855
v 0.083519 0.008891 -0.046773
v 0.088184 0.013620 -0.041148
v 0.090085 0.020195 -0.036081
v 0.091178 0.017473 -0.043852
v 0.092528 0.023950 -0.038435
v 0.090181 0.031179 -0.036790
v 0.091754 0.028270 -0.041520
v 0.087237 0.033280 -0.045241
v 0.081890 0.035863 -0.047115
v 0.078355 0.039812 -0.045194
v 0.073971 0.038273 -0.046607
v 0.069996 0.040048 -0.045501
v 0.064913 0.036096 -0.047423
v 0.059134 0.034719 -0.047530
v 0.058766 0.029171 -0.047833
v 0.055846 0.023486 -0.047580
v 0.058851 0.019869 -0.046884
v 0.059195 0.013253 -0.046357
v 0.064154 0.012705 -0.045865
v 0.067403 0.008073 -0.045086
v 0.072736 0.010041 -0.045708
v 0.077855 0.007954 -0.046857
v 0.081404 0.012800 -0.046362
v 0.086668 0.014045 -0.047306
v 0.086888 0.019982 -0.046617
v 0.090592 0.023193 -0.044777
v 0.086984 0.028901 -0.047080
v 0.124332 0.102696 0.006591
v 0.072786 0.119326 0.004603
v 0.021241 0.102696 0.006591
v -0.010616 0.059157 0.011796
v -0.010616 0.005343 0.018229
v 0.021241 -0.038194 0.023434
v 0.072786 -0.054824 0.025421
v 0.156189 0.005343 0.018229
v 0.156189 0.059157 0.011796
v 0.161325 0.161424 0.068910
v 0.072786 0.189988 0.065495
v -0.015752 0.161424 0.068910
v -0.070472 0.086640 0.077850
v -0.070472 -0.005795 0.088900
v -0.015752 -0.080578 0.097839
v 0.072786 -0.109143 0.101254
v 0.161325 -0.080578 0.097839
v 0.216045 -0.005795 0.088900
v 0.216045 0.086640 0.077850
v 0.190910 0.212818 0.155761
v 0.072786 0.250927 0.151205
v -0.045338 0.212818 0.155761
v -0.118343 0.113046 0.167688
v -0.118342 -0.010279 0.182430
v -0.045338 -0.110052 0.194357
v 0.072786 -0.148161 0.198913
v 0.190910 -0.110051 0.194357
v 0.263915 -0.010279 0.182430
v 0.199449 0.235129 0.243397
v 0.072786 0.275995 0.238512
v -0.053877 0.235129 0.243397
v -0.132159 0.128146 0.256186
v -0.132159 -0.004094 0.271995
v -0.053877 -0.111078 0.284784
v 0.072786 -0.151943 0.289668
v 0.199449 -0.111078 0.284784
v 0.277731 -0.004094 0.271995
v 0.277731 0.128146 0.256186
v 0.190427 0.231200 0.315145
v 0.072786 0.269154 0.310608
v -0.044854 0.231200 0.315145
v -0.117560 0.131837 0.327023
v -0.117560 0.009016 0.341705
v -0.044854 -0.090347 0.353583
v 0.072786 -0.128301 0.358120
v 0.263133 0.009016 0.341705
v 0.263133 0.131837 0.327023
v -0.069062 0.031811 0.399633
v -0.014881 -0.042236 0.408485
v 0.072786 -0.070519 0.411866
v 0.160454 -0.042236 0.408485
v 0.214635 0.031811 0.399633
v 0.076286 0.027270 -0.059469
v 0.073177 0.028273 -0.059588
v 0.070069 0.027270 -0.059469
v 0.068148 0.024645 -0.059155
v 0.068148 0.021401 -0.058767
v 0.070069 0.018775 -0.058453
v 0.073177 0.017772 -0.058333
v 0.076286 0.018775 -0.058453
v 0.078207 0.021401 -0.058767
v 0.078207 0.024645 -0.059155
v 0.002938 0.059237 0.431966
v 0.029618 0.022776 0.436325
v 0.115955 0.022776 0.436325
v 0.142634 0.059237 0.431966
v 0.095915 0.059394 -0.026114
v 0.072786 0.066857 -0.027006
v 0.049658 0.059394 -0.026114
v 0.035363 0.039860 -0.023779
v 0.035363 0.015713 -0.020892
v 0.049658 -0.003822 -0.018557
v 0.072786 -0.011284 -0.017665
v 0.095915 -0.003822 -0.018557
v 0.110209 0.015713 -0.020892
v 0.110209 0.039860 -0.023779
v 0.083242 0.039646 -0.039209
v 0.074348 0.043588 -0.039181
v 0.064076 0.040582 -0.040437
v 0.054986 0.030300 -0.042656
v 0.055678 0.017061 -0.042906
v 0.062049 0.008715 -0.040076
v 0.072387 0.005909 -0.040505
v 0.083617 0.009384 -0.042219
v 0.091264 0.018526 -0.039598
v 0.091648 0.029737 -0.038523
v 0.083035 0.037217 -0.045298
v 0.074348 0.040677 -0.045160
v 0.064284 0.038154 -0.046526
v 0.056471 0.029457 -0.047806
v 0.056810 0.017913 -0.047077
v 0.062832 0.010018 -0.045482
v 0.072587 0.007284 -0.045803
v 0.082680 0.010392 -0.047473
v 0.089425 0.018361 -0.046011
v 0.089809 0.028385 -0.044794
v 0.084606 0.034262 -0.066541
v 0.075793 0.035823 -0.068715
v 0.065342 0.033326 -0.067177
v 0.058706 0.025612 -0.065015
v 0.058631 0.016518 -0.063713
v 0.064334 0.009702 -0.062683
v 0.073683 0.006079 -0.061717
v 0.084005 0.008421 -0.059198
v 0.090757 0.016663 -0.057918
v 0.090180 0.027290 -0.061454
v 0.085451 0.030274 -0.036198
v 0.085451 0.022102 -0.035221
v 0.080414 0.015277 -0.035704
v 0.072587 0.012751 -0.035402
v 0.064959 0.015491 -0.034431
v 0.060122 0.022102 -0.035221
v 0.060122 0.030274 -0.036198
v 0.064959 0.036885 -0.036988
v 0.072786 0.039410 -0.037290
v 0.080613 0.036885 -0.036988
v 0.089270 0.031891 -0.033111
v 0.088043 0.030989 -0.037307
v 0.089270 0.021256 -0.031839
v 0.088043 0.021145 -0.036131
v 0.082974 0.012651 -0.030811
v 0.081816 0.012755 -0.037725
v 0.072786 0.009364 -0.030418
v 0.072387 0.009713 -0.037361
v 0.062599 0.012651 -0.030811
v 0.063711 0.012673 -0.036300
v 0.056302 0.021256 -0.031839
v 0.058237 0.020129 -0.038372
v 0.056302 0.031891 -0.033111
v 0.057884 0.030481 -0.038428
v 0.062599 0.040496 -0.034139
v 0.064604 0.038719 -0.037758
v 0.072786 0.043784 -0.034532
v 0.073422 0.041526 -0.037620
v 0.082974 0.040496 -0.034139
v 0.081603 0.038719 -0.037758
v 0.083318 0.028250 -0.047289
v 0.083318 0.021453 -0.046476
v 0.079295 0.015956 -0.045819
v 0.073444 0.014706 -0.047733
v 0.068289 0.017155 -0.050088
v 0.065228 0.021338 -0.050588
v 0.063874 0.027786 -0.049296
v 0.066277 0.033748 -0.047946
v 0.072786 0.035848 -0.048197
v 0.079295 0.033748 -0.047946
v 0.084447 0.028639 -0.047112
v 0.086184 0.028415 -0.051607
v 0.084447 0.021116 -0.046212
v 0.086184 0.019895 -0.050588
v 0.079993 0.015030 -0.045485
v 0.081141 0.013003 -0.049764
v 0.072786 0.012704 -0.045207
v 0.073885 0.011907 -0.052229
v 0.065580 0.015030 -0.045485
v 0.067721 0.015288 -0.055229
v 0.061126 0.021116 -0.046212
v 0.064112 0.019244 -0.055917
v 0.061126 0.028639 -0.047112
v 0.062834 0.026079 -0.054886
v 0.065897 0.034377 -0.047271
v 0.066257 0.033435 -0.053703
v 0.073422 0.036352 -0.046980
v 0.074416 0.036067 -0.054017
v 0.080310 0.034377 -0.047271
v 0.081859 0.034371 -0.053067
v 0.084748 0.031034 -0.076430
v 0.075632 0.033070 -0.079372
v 0.064811 0.031603 -0.076784
v 0.058452 0.025442 -0.073645
v 0.058730 0.015983 -0.072591
v 0.064447 0.008170 -0.071657
v 0.074114 0.005526 -0.071155
v 0.084934 0.008459 -0.066788
v 0.091526 0.015103 -0.063084
v 0.090464 0.024107 -0.068582
v 0.079865 0.029485 -0.067035
v 0.074359 0.030684 -0.068417
v 0.067931 0.029485 -0.067035
v 0.063783 0.025170 -0.065279
v 0.063783 0.018941 -0.064535
v 0.067471 0.013902 -0.063932
v 0.073438 0.011977 -0.063702
v 0.079981 0.013707 -0.061643
v 0.085744 0.018571 -0.059188
v 0.085167 0.024997 -0.062221
v 0.087642 0.036664 -0.074389
v 0.082398 0.029189 -0.074035
v 0.075739 0.039508 -0.077409
v 0.075586 0.030357 -0.076763
v 0.062008 0.036996 -0.074450
v 0.067000 0.029475 -0.074212
v 0.053233 0.027772 -0.070695
v 0.061681 0.024827 -0.071215
v 0.053209 0.014572 -0.069162
v 0.061821 0.017263 -0.070349
v 0.061054 0.003875 -0.068006
v 0.066357 0.011063 -0.069608
v 0.073804 -0.000141 -0.067567
v 0.073906 0.008865 -0.069252
v 0.087645 0.003671 -0.063237
v 0.082608 0.011012 -0.064885
v 0.096539 0.013822 -0.059638
v 0.089657 0.016452 -0.060249
v 0.095530 0.027088 -0.065858
v 0.088549 0.023985 -0.065626
v 0.085080 0.034144 -0.073965
v 0.087370 0.034765 -0.076659
v 0.075514 0.036216 -0.076462
v 0.075709 0.037639 -0.079747
v 0.064283 0.034165 -0.073914
v 0.062316 0.035358 -0.076955
v 0.056904 0.026563 -0.070702
v 0.054228 0.026908 -0.073437
v 0.056831 0.015576 -0.069392
v 0.054424 0.014632 -0.072049
v 0.063323 0.006715 -0.068387
v 0.061796 0.004571 -0.070907
v 0.073759 0.003286 -0.068036
v 0.074063 0.001017 -0.070363
v 0.085195 0.006299 -0.064288
v 0.087452 0.004783 -0.066016
v 0.092730 0.014917 -0.061148
v 0.095716 0.013791 -0.062446
v 0.091746 0.026295 -0.066616
v 0.094704 0.025663 -0.068365
vn 0.3673 0.4093 -0.8352
vn 0.1930 0.4971 -0.8459
vn 0.2130 0.5650 -0.7971
vn 0.4054 0.4681 -0.7852
vn -0.0000 0.5278 -0.8493
vn -0.0000 0.5989 -0.8009
vn -0.1930 0.4971 -0.8459
vn -0.2130 0.5650 -0.7971
vn -0.2296 0.6221 -0.7485
vn -0.0000 0.6586 -0.7525
vn 0.2296 0.6221 -0.7485
vn -0.3673 0.4093 -0.8352
vn -0.4054 0.4681 -0.7852
vn -0.5053 0.2718 -0.8190
vn -0.5577 0.3163 -0.7674
vn -0.6010 0.3541 -0.7165
vn -0.4369 0.5176 -0.7357
vn -0.5943 0.0991 -0.7981
vn -0.6559 0.1257 -0.7443
vn -0.6246 -0.0927 -0.7754
vn -0.5943 -0.2844 -0.7522
vn -0.6559 -0.2976 -0.6937
vn -0.6893 -0.0860 -0.7193
vn -0.5943 -0.2844 -0.7523
vn -0.5053 -0.4572 -0.7319
vn -0.5577 -0.4883 -0.6712
vn -0.6010 -0.5130 -0.6128
vn -0.7068 -0.3075 -0.6371
vn -0.3673 -0.5947 -0.7152
vn -0.4054 -0.6400 -0.6528
vn -0.1930 -0.6825 -0.7049
vn -0.2130 -0.7370 -0.6415
vn -0.2130 -0.7369 -0.6415
vn -0.2296 -0.7810 -0.5808
vn -0.4369 -0.6764 -0.5929
vn -0.0000 -0.7132 -0.7010
vn -0.0000 -0.7708 -0.6371
vn 0.1930 -0.6825 -0.7049
vn 0.2130 -0.7369 -0.6415
vn -0.0000 -0.8174 -0.5761
vn 0.5053 -0.4572 -0.7319
vn 0.5943 -0.2844 -0.7522
vn 0.6559 -0.2976 -0.6937
vn 0.5577 -0.4883 -0.6712
vn 0.6893 -0.0860 -0.7193
vn 0.7429 -0.0794 -0.6647
vn 0.7068 -0.3075 -0.6371
vn 0.6559 -0.2975 -0.6937
vn 0.6010 -0.5130 -0.6128
vn 0.4369 0.5176 -0.7357
vn 0.2491 0.6910 -0.6786
vn 0.4740 0.5775 -0.6647
vn 0.2727 0.7776 -0.5665
vn 0.5189 0.6533 -0.5513
vn -0.0000 0.7304 -0.6830
vn -0.2491 0.6910 -0.6786
vn -0.2727 0.7776 -0.5665
vn -0.0000 0.8207 -0.5714
vn -0.4740 0.5775 -0.6647
vn -0.4368 0.5176 -0.7357
vn -0.6521 0.4002 -0.6438
vn -0.7140 0.4593 -0.5284
vn -0.5188 0.6533 -0.5513
vn -0.5189 0.6533 -0.5513
vn -0.6522 0.4002 -0.6438
vn -0.7669 0.1772 -0.6168
vn -0.8395 0.2151 -0.4990
vn -0.7068 -0.3074 -0.6371
vn -0.6010 -0.5130 -0.6129
vn -0.6521 -0.5407 -0.5314
vn -0.7669 -0.3176 -0.5577
vn -0.4368 -0.6765 -0.5929
vn -0.4740 -0.7179 -0.5098
vn -0.2491 -0.8315 -0.4966
vn -0.0000 -0.8709 -0.4915
vn -0.0000 -0.9323 -0.3618
vn -0.2727 -0.8893 -0.3672
vn 0.4368 -0.6764 -0.5929
vn 0.6010 -0.5130 -0.6129
vn 0.6521 -0.5407 -0.5314
vn 0.4740 -0.7179 -0.5098
vn 0.6521 -0.5408 -0.5313
vn 0.7140 -0.5709 -0.4053
vn 0.5188 -0.7649 -0.3818
vn 0.2491 -0.8315 -0.4966
vn 0.5189 -0.7649 -0.3818
vn 0.2727 -0.8893 -0.3672
vn 0.7068 -0.3074 -0.6371
vn 0.7669 -0.3176 -0.5577
vn 0.8061 -0.0702 -0.5876
vn 0.6522 -0.5407 -0.5314
vn 0.8395 -0.3266 -0.4342
vn 0.7429 -0.0795 -0.6647
vn 0.7068 0.1486 -0.6916
vn 0.7669 0.1772 -0.6168
vn 0.6010 0.3541 -0.7165
vn 0.6522 0.4002 -0.6438
vn -0.0000 0.8999 -0.4361
vn 0.2921 0.8539 -0.4308
vn -0.2921 0.8539 -0.4308
vn -0.3052 0.9140 -0.2672
vn -0.0000 0.9621 -0.2728
vn 0.3052 0.9140 -0.2672
vn -0.5556 0.7206 -0.4147
vn -0.7647 0.5129 -0.3901
vn -0.5556 0.7207 -0.4146
vn -0.7990 0.5578 -0.2246
vn -0.5805 0.7748 -0.2504
vn -0.3052 0.9141 -0.2671
vn -0.8990 0.2513 -0.3586
vn -0.8990 0.2513 -0.3585
vn -0.9393 0.2844 -0.1918
vn -0.5189 -0.7649 -0.3818
vn -0.2921 -0.9313 -0.2174
vn -0.5556 -0.7981 -0.2331
vn -0.2921 -0.9314 -0.2174
vn -0.3052 -0.9513 -0.0442
vn -0.5805 -0.8120 -0.0607
vn -0.7647 -0.5904 -0.2582
vn -0.7990 -0.5950 -0.0868
vn -0.0000 -0.9773 -0.2117
vn 0.2921 -0.9313 -0.2174
vn 0.3052 -0.9513 -0.0442
vn -0.0000 -0.9993 -0.0383
vn 0.5556 -0.7981 -0.2331
vn 0.7647 -0.5904 -0.2582
vn 0.7990 -0.5950 -0.0868
vn 0.5805 -0.8120 -0.0607
vn 0.2921 -0.9314 -0.2174
vn 0.5872 0.8078 -0.0519
vn 0.3087 0.9487 -0.0688
vn 0.3022 0.9482 0.0977
vn 0.5748 0.8103 0.1140
vn -0.0000 0.9972 -0.0746
vn -0.3087 0.9487 -0.0688
vn -0.0000 0.9958 0.0918
vn -0.5872 0.8078 -0.0519
vn -0.8082 0.5883 -0.0257
vn -0.5872 0.8078 -0.0520
vn -0.7911 0.5955 0.1399
vn -0.5748 0.8103 0.1140
vn -0.5747 0.8104 0.1140
vn -0.3022 0.9482 0.0977
vn -0.9393 0.2845 -0.1918
vn -0.9501 0.3118 0.0074
vn -0.9501 0.3118 0.0073
vn -0.9990 0.0052 0.0440
vn -0.9778 0.0249 0.2081
vn -0.9300 0.3249 0.1720
vn -0.9300 0.3249 0.1721
vn -0.9501 -0.3013 0.0806
vn -0.8082 -0.5778 0.1137
vn -0.7911 -0.5458 0.2763
vn -0.9300 -0.2752 0.2438
vn -0.5872 -0.7973 0.1399
vn -0.3087 -0.9381 0.1568
vn -0.5872 -0.7972 0.1399
vn -0.3087 -0.9382 0.1568
vn -0.3022 -0.8985 0.3185
vn -0.5748 -0.7606 0.3018
vn -0.0000 -0.9867 0.1626
vn 0.3087 -0.9381 0.1568
vn 0.3022 -0.8985 0.3185
vn -0.0000 -0.9461 0.3240
vn 0.5872 -0.7972 0.1399
vn 0.9393 -0.3217 -0.1193
vn 0.9501 -0.3013 0.0806
vn 0.8082 -0.5778 0.1137
vn 0.9990 0.0053 0.0440
vn 0.9778 0.0249 0.2081
vn 0.9300 -0.2752 0.2438
vn 0.7910 0.5956 0.1399
vn 0.5406 0.7854 0.3015
vn 0.7440 0.5834 0.3258
vn 0.5747 0.8104 0.1140
vn 0.3021 0.9482 0.0977
vn 0.2842 0.9151 0.2861
vn 0.7440 0.5833 0.3258
vn 0.5406 0.7854 0.3014
vn 0.4562 0.6982 0.5517
vn 0.6278 0.5278 0.5721
vn -0.7910 0.5956 0.1399
vn -0.7440 0.5834 0.3258
vn -0.5406 0.7854 0.3014
vn -0.8747 0.3288 0.3560
vn -0.7440 0.5833 0.3258
vn -0.9197 0.0466 0.3899
vn -0.7760 0.0749 0.6263
vn -0.7381 0.3130 0.5978
vn -0.7381 0.3130 0.5977
vn -0.6278 0.5277 0.5722
vn -0.8747 -0.2356 0.4235
vn -0.7440 -0.4901 0.4541
vn -0.6278 -0.3780 0.6805
vn -0.7381 -0.1633 0.6547
vn -0.7381 -0.1632 0.6547
vn -0.5406 -0.6922 0.4781
vn -0.7440 -0.4902 0.4541
vn -0.5747 -0.7606 0.3018
vn -0.2842 -0.8219 0.4937
vn -0.2398 -0.6579 0.7139
vn -0.4561 -0.5486 0.7007
vn -0.4562 -0.5485 0.7007
vn -0.3021 -0.8985 0.3185
vn -0.0000 -0.8666 0.4989
vn -0.0000 -0.6957 0.7183
vn 0.9197 0.0466 0.3899
vn 0.8747 -0.2356 0.4235
vn 0.7760 0.0749 0.6263
vn 0.7381 -0.1632 0.6547
vn 0.9300 0.3249 0.1721
vn 0.8747 0.3288 0.3560
vn 0.9300 0.3249 0.1720
vn 0.7911 0.5955 0.1399
vn -0.6278 -0.3780 0.6804
vn -0.4816 -0.2521 0.8393
vn -0.5674 -0.0878 0.8188
vn -0.4561 -0.5485 0.7008
vn -0.3506 -0.3840 0.8542
vn -0.4561 -0.5485 0.7007
vn -0.1839 -0.4668 0.8650
vn -0.3507 -0.3840 0.8542
vn -0.1840 -0.4668 0.8650
vn -0.1322 -0.2966 0.9458
vn -0.2582 -0.2463 0.9342
vn -0.4816 -0.2521 0.8394
vn -0.3460 -0.1423 0.9274
vn -0.0000 -0.4971 0.8677
vn 0.1839 -0.4668 0.8650
vn 0.1322 -0.2966 0.9458
vn -0.0000 -0.3296 0.9441
vn 0.3507 -0.3840 0.8542
vn 0.4816 -0.2521 0.8394
vn 0.3460 -0.1423 0.9274
vn 0.2582 -0.2463 0.9342
vn 0.6278 -0.3780 0.6804
vn 0.7381 -0.1633 0.6547
vn 0.5674 -0.0878 0.8188
vn 0.4816 -0.2521 0.8393
vn 0.5953 0.0954 0.7978
vn 0.4277 0.1073 0.8975
vn 0.4178 -0.0282 0.9081
vn 0.3460 -0.1424 0.9274
vn -0.1895 -0.9251 -0.3290
vn -0.3619 -0.8437 -0.3965
vn -0.3283 -0.6187 -0.7137
vn -0.1620 -0.6747 -0.7201
vn -0.3851 -0.7349 -0.5582
vn -0.3765 -0.4688 -0.7990
vn -0.3282 -0.6187 -0.7138
vn -0.0000 -0.1187 -0.9929
vn -0.3283 -0.6188 -0.7137
vn 0.1933 -0.9380 -0.2878
vn 0.0018 -0.9723 -0.2339
vn 0.0022 -0.7597 -0.6503
vn 0.1675 -0.6825 -0.7114
vn 0.0022 -0.7596 -0.6503
vn 0.6023 -0.6405 -0.4764
vn 0.3905 -0.8604 -0.3275
vn 0.3447 -0.6293 -0.6966
vn 0.4412 -0.4491 -0.7770
vn 0.1934 -0.9380 -0.2878
vn 0.3447 -0.6292 -0.6966
vn 0.7935 -0.0744 -0.6040
vn 0.7676 -0.3465 -0.5391
vn 0.5599 -0.2836 -0.7785
vn 0.5474 -0.0999 -0.8309
vn 0.6022 -0.6405 -0.4765
vn 0.7677 -0.3465 -0.5391
vn 0.5474 -0.1000 -0.8309
vn 0.6333 0.3790 -0.6748
vn 0.7625 0.1737 -0.6232
vn 0.5572 0.0825 -0.8263
vn 0.4407 0.2173 -0.8710
vn 0.7626 0.1737 -0.6232
vn 0.2393 0.6465 -0.7244
vn 0.4635 0.5578 -0.6885
vn 0.3422 0.3692 -0.8641
vn 0.1677 0.4103 -0.8964
vn -0.0403 0.6239 -0.7805
vn 0.0421 0.6851 -0.7272
vn 0.0105 0.4723 -0.8814
vn -0.1195 0.3956 -0.9106
vn 0.1677 0.4102 -0.8964
vn -0.0451 0.2733 -0.9609
vn -0.0460 0.4931 -0.8688
vn -0.2242 0.3246 -0.9189
vn -0.2857 0.1767 -0.9419
vn -0.1710 -0.3431 -0.9236
vn -0.0414 -0.0101 -0.9991
vn -0.3072 0.0129 -0.9516
vn -0.3700 -0.1564 -0.9158
vn -0.3072 0.0128 -0.9516
vn -0.3072 0.0129 -0.9515
vn -0.3071 -0.6116 -0.7291
vn -0.3958 -0.3421 -0.8522
vn -0.1709 -0.3431 -0.9236
vn -0.0561 -0.0546 0.9969
vn -0.1267 -0.0572 0.9903
vn 0.3461 -0.1424 0.9273
vn 0.1468 0.0108 0.9891
vn 0.1267 -0.0572 0.9903
vn 0.1814 0.1167 0.9765
vn 0.2050 0.0498 0.9775
vn 0.3145 0.3296 -0.8902
vn 0.1653 0.4048 -0.8994
vn 0.5053 0.2718 -0.8190
vn 0.4327 0.2119 -0.8763
vn 0.3146 0.3296 -0.8902
vn 0.3505 0.1459 -0.9251
vn 0.2549 0.2413 -0.9364
vn 0.1653 0.4048 -0.8993
vn 0.2548 0.2413 -0.9364
vn 0.1339 0.3022 -0.9438
vn -0.0000 0.5278 -0.8494
vn -0.0000 0.4311 -0.9023
vn -0.1653 0.4048 -0.8994
vn -0.0000 0.3235 -0.9462
vn -0.1339 0.3022 -0.9438
vn -0.3146 0.3296 -0.8902
vn -0.4327 0.2119 -0.8763
vn -0.1653 0.4048 -0.8993
vn -0.2548 0.2413 -0.9364
vn -0.3145 0.3296 -0.8902
vn -0.2549 0.2413 -0.9364
vn -0.3505 0.1459 -0.9251
vn -0.5090 0.0639 -0.8584
vn -0.5348 -0.1003 -0.8390
vn -0.4327 0.2118 -0.8763
vn -0.4123 0.0261 -0.9107
vn -0.4124 0.0261 -0.9106
vn -0.4333 -0.1070 -0.8949
vn -0.5090 -0.2645 -0.8192
vn -0.4327 -0.4124 -0.8017
vn -0.5090 -0.2645 -0.8191
vn -0.4124 -0.2400 -0.8788
vn -0.4123 -0.2400 -0.8789
vn -0.3505 -0.3599 -0.8647
vn -0.3145 -0.5302 -0.7874
vn -0.1653 -0.6054 -0.7786
vn -0.3146 -0.5301 -0.7874
vn -0.3505 -0.3598 -0.8647
vn -0.2549 -0.4552 -0.8531
vn -0.2548 -0.4552 -0.8531
vn -0.1339 -0.5161 -0.8460
vn -0.0000 -0.6316 -0.7753
vn 0.1653 -0.6054 -0.7786
vn -0.0000 -0.5375 -0.8433
vn 0.1339 -0.5161 -0.8460
vn 0.3673 -0.5947 -0.7152
vn 0.3146 -0.5301 -0.7874
vn 0.4327 -0.4124 -0.8017
vn 0.3145 -0.5302 -0.7874
vn 0.1339 -0.5162 -0.8460
vn 0.2548 -0.4552 -0.8531
vn 0.2549 -0.4552 -0.8531
vn 0.3505 -0.3599 -0.8647
vn 0.6246 -0.0927 -0.7754
vn 0.5943 -0.2844 -0.7523
vn 0.5090 -0.2645 -0.8191
vn 0.5348 -0.1003 -0.8390
vn 0.5089 -0.2645 -0.8192
vn 0.4123 -0.2400 -0.8789
vn 0.5090 -0.2645 -0.8192
vn 0.4124 -0.2400 -0.8788
vn 0.4333 -0.1070 -0.8949
vn 0.5943 0.0991 -0.7981
vn 0.5090 0.0639 -0.8584
vn 0.4327 0.2118 -0.8763
vn 0.4124 0.0261 -0.9106
vn 0.4123 0.0261 -0.9107
vn 0.2804 0.6242 0.7292
vn 0.3905 0.6174 0.6829
vn 0.5650 0.8161 -0.1216
vn 0.3946 0.9145 -0.0891
vn 0.3904 0.6175 0.6829
vn 0.4682 0.5375 0.7013
vn 0.7688 0.6356 -0.0702
vn 0.5649 0.8161 -0.1216
vn 0.7650 0.5552 -0.3264
vn 0.5657 0.7552 -0.3310
vn 0.3808 0.8494 -0.3654
vn -0.2802 0.7764 0.5645
vn -0.0243 0.6956 0.7180
vn 0.0384 0.9962 -0.0785
vn -0.2656 0.9619 -0.0655
vn 0.0572 0.9098 -0.4110
vn 0.0383 0.9962 -0.0785
vn -0.1962 0.9048 -0.3780
vn -0.6825 0.5425 0.4898
vn -0.4342 0.7432 0.5090
vn -0.4428 0.8962 -0.0262
vn -0.7508 0.6595 0.0381
vn -0.3655 0.8650 -0.3438
vn -0.6893 0.6523 -0.3152
vn -0.8595 -0.0455 0.5091
vn -0.8469 0.1802 0.5004
vn -0.9635 0.2423 0.1138
vn -0.9826 -0.0515 0.1786
vn -0.8468 0.1802 0.5004
vn -0.6893 0.6524 -0.3152
vn -0.9252 0.2516 -0.2841
vn -0.9826 -0.0515 0.1785
vn -0.9594 -0.0662 -0.2740
vn -0.7197 -0.3366 0.6073
vn -0.8121 -0.1939 0.5503
vn -0.9294 -0.2814 0.2387
vn -0.7987 -0.5337 0.2780
vn -0.9595 -0.0662 -0.2740
vn -0.8932 -0.3450 -0.2883
vn -0.8932 -0.3450 -0.2884
vn -0.7148 -0.6370 -0.2886
vn -0.1512 -0.6273 0.7640
vn -0.5205 -0.4948 0.6959
vn -0.5573 -0.7729 0.3033
vn -0.2432 -0.9211 0.3040
vn -0.7197 -0.3365 0.6073
vn -0.7987 -0.5337 0.2779
vn -0.4678 -0.8532 -0.2305
vn -0.2433 -0.9211 0.3040
vn -0.2573 -0.9485 -0.1850
vn 0.2855 -0.7071 0.6469
vn 0.1618 -0.6841 0.7112
vn 0.0467 -0.9628 0.2662
vn 0.3184 -0.9189 0.2328
vn -0.0556 -0.9740 -0.2197
vn 0.2508 -0.9355 -0.2490
vn 0.5344 -0.5473 0.6441
vn 0.3925 -0.6845 0.6143
vn 0.5482 -0.8079 0.2162
vn 0.7153 -0.6624 0.2225
vn 0.3926 -0.6845 0.6143
vn 0.5454 -0.8027 -0.2413
vn 0.7153 -0.6624 0.2226
vn 0.5454 -0.8026 -0.2414
vn 0.7559 -0.6097 -0.2385
vn 0.5383 0.0435 0.8416
vn 0.6025 -0.2795 0.7476
vn 0.8628 -0.4300 0.2658
vn 0.9626 -0.0611 0.2639
vn 0.6025 -0.2794 0.7476
vn 0.8628 -0.4300 0.2659
vn 0.7559 -0.6097 -0.2384
vn 0.9057 -0.3620 -0.2205
vn 0.9718 -0.0474 -0.2308
vn 0.4927 0.2992 0.8171
vn 0.9382 0.3276 0.1119
vn 0.7688 0.6356 -0.0701
vn 0.5382 0.0435 0.8417
vn 0.9626 -0.0612 0.2639
vn 0.9166 0.2687 -0.2961
vn 0.5011 0.6711 -0.5464
vn 0.2922 0.7105 -0.6402
vn 0.6785 0.4838 -0.5528
vn 0.3959 0.2935 -0.8701
vn 0.2673 0.4335 -0.8606
vn 0.1230 0.4444 -0.8874
vn 0.0495 0.6841 -0.7277
vn -0.0801 0.6746 -0.7339
vn 0.0207 0.4011 -0.9158
vn 0.0207 0.4012 -0.9158
vn 0.0073 0.3473 -0.9377
vn -0.1774 0.6267 -0.7588
vn -0.3530 0.4410 -0.8252
vn -0.0801 0.6745 -0.7339
vn 0.0213 0.2331 -0.9722
vn 0.0298 0.0732 -0.9969
vn -0.4163 0.1401 -0.8984
vn -0.3125 -0.0501 -0.9486
vn 0.0917 -0.0621 -0.9938
vn -0.3125 -0.0500 -0.9486
vn -0.4163 0.1402 -0.8984
vn 0.1741 -0.0823 -0.9813
vn -0.1924 -0.1602 -0.9682
vn -0.1235 -0.2816 -0.9516
vn -0.1925 -0.1601 -0.9682
vn 0.1742 -0.0823 -0.9813
vn 0.1999 -0.0499 -0.9785
vn -0.1924 -0.1601 -0.9682
vn 0.1610 -0.0388 -0.9862
vn -0.2572 -0.9485 -0.1850
vn -0.1021 -0.4097 -0.9065
vn -0.1454 -0.4343 -0.8890
vn -0.4679 -0.8532 -0.2306
vn -0.1022 -0.4097 -0.9065
vn -0.1235 -0.2816 -0.9515
vn 0.0897 -0.0539 -0.9945
vn -0.0014 -0.0178 -0.9998
vn -0.1696 -0.2945 -0.9405
vn -0.1232 -0.1153 -0.9857
vn -0.0889 0.1073 -0.9902
vn -0.1734 0.2208 -0.9598
vn 0.5455 -0.8026 -0.2413
vn -0.0096 -0.0337 -0.9994
vn 0.2438 -0.0336 -0.9692
vn -0.1233 -0.1153 -0.9856
vn -0.2272 0.2323 -0.9457
vn 0.2438 -0.0335 -0.9693
vn -0.2271 0.2323 -0.9458
vn -0.1408 0.1510 -0.9784
vn 0.9718 -0.0473 -0.2308
vn 0.5562 -0.0185 -0.8308
vn 0.7243 0.0584 -0.6870
vn 0.2438 -0.0335 -0.9692
vn 0.5563 -0.0185 -0.8308
vn 0.5563 -0.0186 -0.8308
vn -0.1408 0.1511 -0.9784
vn 0.1146 0.0417 -0.9925
vn 0.1146 0.0418 -0.9925
vn 0.3442 0.0048 -0.9389
vn 0.7583 0.2260 -0.6115
vn 0.4327 0.0967 -0.8963
vn 0.1789 0.9837 0.0204
vn 0.4575 0.8851 0.0852
vn 0.4256 0.8994 0.0996
vn 0.1604 0.9838 0.0804
vn 0.7346 0.6513 0.1900
vn 0.6992 0.6948 0.1681
vn 0.4257 0.8994 0.0996
vn 0.6992 0.6949 0.1681
vn 0.7205 0.6916 0.0511
vn 0.4429 0.8965 0.0098
vn 0.1767 0.9841 0.0198
vn -0.2638 0.9645 -0.0069
vn -0.0258 0.9996 -0.0085
vn -0.0200 0.9962 0.0848
vn -0.2072 0.9715 0.1151
vn -0.0117 0.9989 0.0451
vn -0.2073 0.9715 0.1152
vn -0.1844 0.9791 0.0858
vn -0.7888 0.5885 0.1775
vn -0.5309 0.8463 0.0433
vn -0.4270 0.8843 0.1887
vn -0.6864 0.6634 0.2979
vn -0.2073 0.9715 0.1151
vn -0.3772 0.9102 0.1709
vn -0.6400 0.7147 0.2821
vn -0.8689 0.0053 0.4950
vn -0.8939 0.2561 0.3678
vn -0.8599 0.3446 0.3766
vn -0.9099 0.0481 0.4119
vn -0.8599 0.3446 0.3767
vn -0.8599 0.3445 0.3767
vn -0.8629 0.3842 0.3283
vn -0.9100 0.0481 0.4119
vn -0.9458 0.0604 0.3190
vn -0.6377 -0.4694 0.6108
vn -0.7822 -0.2551 0.5684
vn -0.8560 -0.2642 0.4444
vn -0.7052 -0.5145 0.4878
vn -0.8688 0.0053 0.4951
vn -0.8560 -0.2641 0.4444
vn -0.9037 -0.2694 0.3328
vn -0.9037 -0.2694 0.3327
vn -0.7479 -0.5341 0.3942
vn -0.4254 -0.6989 0.5749
vn -0.5115 -0.5979 0.6171
vn -0.5330 -0.6698 0.5170
vn -0.3594 -0.7836 0.5068
vn -0.6376 -0.4695 0.6108
vn -0.5480 -0.7070 0.4471
vn -0.3298 -0.8296 0.4505
vn 0.0681 -0.8794 0.4711
vn -0.2662 -0.8225 0.5026
vn -0.1578 -0.8720 0.4634
vn 0.0784 -0.8918 0.4456
vn -0.1577 -0.8720 0.4634
vn -0.1577 -0.8720 0.4633
vn -0.1027 -0.9110 0.3993
vn -0.1027 -0.9110 0.3994
vn 0.1112 -0.9256 0.3619
vn 0.6454 -0.5094 0.5692
vn 0.4110 -0.7580 0.5064
vn 0.3142 -0.8020 0.5081
vn 0.5507 -0.5593 0.6196
vn 0.0681 -0.8794 0.4712
vn 0.3142 -0.8020 0.5080
vn 0.3141 -0.8020 0.5081
vn 0.2955 -0.8550 0.4262
vn 0.2955 -0.8550 0.4261
vn 0.5276 -0.6367 0.5624
vn 0.8849 0.1338 0.4462
vn 0.8056 -0.1915 0.5606
vn 0.7597 -0.1716 0.6272
vn 0.8574 0.2141 0.4679
vn 0.5507 -0.5593 0.6197
vn 0.5276 -0.6367 0.5623
vn 0.7915 -0.2111 0.5735
vn 0.8574 0.2142 0.4679
vn 0.8995 0.2236 0.3753
vn 0.7346 0.6514 0.1900
vn 0.8622 0.4053 0.3038
vn 0.8287 0.4815 0.2854
vn 0.8623 0.4053 0.3038
vn 0.8567 0.4886 0.1653
vn 0.4731 0.2450 -0.8463
vn 0.5576 0.0837 -0.8259
vn 0.9494 0.3001 -0.0922
vn 0.8062 0.5752 -0.1386
vn 0.5848 -0.0963 -0.8055
vn 0.9986 -0.0063 -0.0527
vn 0.2548 0.1148 0.9602
vn 0.2413 0.1827 0.9531
vn 0.1936 0.2047 0.9595
vn 0.5848 -0.0963 -0.8054
vn 0.5661 -0.2750 -0.7771
vn 0.9450 -0.3262 -0.0248
vn 0.5660 -0.2750 -0.7772
vn 0.5196 -0.4512 -0.7256
vn 0.7832 -0.6218 0.0029
vn 0.7832 -0.6218 0.0030
vn 0.1693 -0.3217 0.9316
vn 0.2472 -0.0355 0.9683
vn 0.9449 -0.3263 -0.0248
vn 0.2548 0.1148 0.9601
vn 0.4270 -0.6370 -0.6418
vn 0.5538 -0.8307 0.0572
vn 0.2304 -0.7751 -0.5884
vn 0.3075 -0.9459 0.1038
vn 0.5538 -0.8307 0.0573
vn 0.1765 -0.4651 0.8675
vn 0.0989 -0.4975 0.8618
vn 0.1693 -0.3218 0.9316
vn -0.0197 -0.7867 -0.6170
vn 0.0289 -0.9946 0.1000
vn 0.3075 -0.9459 0.1039
vn -0.2150 -0.6879 -0.6933
vn -0.2966 -0.9527 0.0664
vn -0.2966 -0.9527 0.0663
vn 0.0002 -0.4323 0.9017
vn 0.2605 -0.4598 0.8490
vn -0.3544 -0.5706 -0.7408
vn -0.5926 -0.8044 0.0423
vn -0.3545 -0.5706 -0.7408
vn -0.4731 -0.4376 -0.7647
vn -0.8138 -0.5810 0.0106
vn -0.6252 -0.2982 0.7212
vn -0.3956 -0.3643 0.8431
vn -0.5576 -0.2761 -0.7829
vn -0.9499 -0.3104 -0.0361
vn -0.5576 -0.2760 -0.7829
vn -0.5848 -0.0963 -0.8055
vn -0.9967 -0.0138 -0.0800
vn -0.9967 -0.0137 -0.0800
vn -0.7623 0.0131 0.6471
vn -0.7522 -0.1701 0.6366
vn -0.5576 0.0838 -0.8259
vn -0.9508 0.2873 -0.1158
vn -0.5576 0.0837 -0.8259
vn -0.4731 0.2450 -0.8463
vn -0.8084 0.5671 -0.1580
vn -0.8083 0.5671 -0.1580
vn -0.3930 0.2488 0.8852
vn -0.6323 0.1798 0.7535
vn -0.9508 0.2872 -0.1158
vn -0.6323 0.1798 0.7536
vn -0.3446 0.3748 -0.8607
vn -0.5866 0.7832 -0.2059
vn -0.1807 0.4559 -0.8715
vn -0.3167 0.9200 -0.2309
vn -0.5867 0.7832 -0.2059
vn -0.0091 0.1559 0.9877
vn -0.1733 0.2321 0.9571
vn -0.1734 0.2320 0.9571
vn -0.3931 0.2488 0.8852
vn -0.0000 0.4860 -0.8740
vn -0.0038 0.9744 -0.2246
vn 0.1807 0.4559 -0.8715
vn 0.3127 0.9259 -0.2121
vn 0.3127 0.9259 -0.2122
vn 0.0325 0.1498 0.9882
vn 0.0195 0.1364 0.9905
vn -0.3167 0.9200 -0.2310
vn 0.0196 0.1365 0.9904
vn -0.0092 0.1559 0.9877
vn 0.3446 0.3748 -0.8607
vn 0.5866 0.7885 -0.1846
vn 0.5867 0.7885 -0.1846
vn 0.1214 0.1904 0.9742
vn 0.0326 0.1498 0.9882
vn 0.3257 -0.0064 -0.9455
vn 0.2768 0.0881 -0.9569
vn 0.3421 -0.1115 -0.9330
vn 0.3257 -0.0065 -0.9455
vn 0.5847 -0.0963 -0.8055
vn -0.2557 0.0035 0.9667
vn -0.2137 0.0926 0.9725
vn 0.4927 0.2993 0.8171
vn -0.2475 -0.1623 0.9552
vn -0.2557 0.0036 0.9667
vn 0.2549 0.1148 0.9601
vn 0.3269 -0.2164 -0.9199
vn 0.2833 -0.3129 -0.9066
vn 0.2832 -0.3130 -0.9065
vn 0.5195 -0.4512 -0.7256
vn 0.3421 -0.1116 -0.9330
vn -0.1446 0.0710 0.9869
vn -0.1683 -0.0555 0.9842
vn 0.5382 0.0434 0.8417
vn 0.2471 -0.0355 0.9683
vn 0.2548 -0.4553 -0.8531
vn 0.2129 -0.3969 -0.8928
vn 0.1125 -0.4535 -0.8841
vn 0.4270 -0.6369 -0.6418
vn -0.2096 -0.0632 0.9757
vn 0.0245 0.0922 0.9954
vn 0.5343 -0.5474 0.6441
vn 0.1693 -0.3218 0.9315
vn 0.0990 -0.4975 0.8618
vn -0.0027 -0.4672 -0.8842
vn -0.1100 -0.4401 -0.8912
vn -0.0028 -0.4672 -0.8841
vn -0.2151 -0.6879 -0.6932
vn -0.0028 -0.4672 -0.8842
vn -0.0197 -0.7868 -0.6170
vn -0.1511 -0.6273 0.7640
vn 0.1617 -0.6841 0.7112
vn 0.2858 0.1362 0.9486
vn 0.1091 0.0648 0.9919
vn 0.1619 -0.6841 0.7112
vn 0.2858 0.1361 0.9486
vn -0.2025 -0.3872 -0.8995
vn -0.2548 -0.4553 -0.8531
vn -0.2767 -0.3112 -0.9092
vn -0.2661 -0.0138 0.9638
vn -0.4705 -0.0837 0.8784
vn 0.1090 0.0648 0.9919
vn -0.6253 -0.2982 0.7212
vn -0.3257 -0.2166 -0.9203
vn -0.2768 -0.3112 -0.9092
vn -0.3421 -0.1116 -0.9330
vn -0.5576 -0.2761 -0.7828
vn -0.8121 -0.1939 0.5504
vn -0.5496 -0.0810 0.8315
vn -0.5127 -0.0271 0.8581
vn -0.7521 -0.1701 0.6367
vn -0.3257 -0.0065 -0.9455
vn -0.3421 -0.1115 -0.9330
vn -0.2768 0.0881 -0.9569
vn -0.3257 -0.0064 -0.9455
vn -0.3208 -0.0013 0.9471
vn -0.0629 -0.0822 0.9946
vn -0.2013 0.1635 -0.9658
vn -0.2767 0.0881 -0.9569
vn -0.1057 0.2115 -0.9716
vn -0.2013 0.1636 -0.9658
vn -0.2801 0.7764 0.5645
vn 0.1040 -0.2853 0.9528
vn 0.1064 -0.4487 0.8873
vn -0.6827 0.5424 0.4897
vn -0.0630 -0.0822 0.9946
vn 0.1041 -0.2853 0.9528
vn -0.0629 -0.0821 0.9946
vn 0.1064 -0.4486 0.8874
vn -0.1734 0.2321 0.9571
vn -0.0000 0.3236 -0.9462
vn -0.0000 0.2285 -0.9735
vn 0.1057 0.2115 -0.9716
vn 0.2804 0.6241 0.7293
vn -0.0244 0.6956 0.7180
vn -0.0064 -0.4918 0.8707
vn -0.1368 -0.4491 0.8829
vn -0.0093 0.1559 0.9877
vn 0.0196 0.1364 0.9905
vn 0.2013 0.1636 -0.9658
vn 0.2767 0.0881 -0.9569
vn 0.2013 0.1635 -0.9658
vn 0.4683 0.5375 0.7013
vn -0.2098 -0.3418 0.9161
vn 0.2805 0.6242 0.7292
vn -0.2098 -0.3418 0.9160
vn 0.1215 0.1904 0.9742
vn 0.2034 0.1220 -0.9715
vn 0.1451 -0.0508 -0.9881
vn 0.7582 0.3189 0.5688
vn 0.6504 0.5542 0.5194
vn 0.1452 -0.0507 -0.9881
vn 0.1289 -0.1177 -0.9846
vn 0.7927 0.0736 0.6052
vn 0.7582 0.3188 0.5688
vn 0.8222 0.0694 0.5649
vn 0.7878 0.3246 0.5234
vn 0.6504 0.5542 0.5195
vn 0.7878 0.3246 0.5235
vn 0.6732 0.5826 0.4553
vn 0.1290 -0.1177 -0.9846
vn 0.1238 -0.1576 -0.9797
vn 0.7525 -0.1694 0.6364
vn 0.1239 -0.1577 -0.9797
vn 0.1043 -0.1930 -0.9756
vn 0.6388 -0.3877 0.6645
vn 0.6597 -0.4067 0.6319
vn 0.7781 -0.1816 0.6013
vn 0.1043 -0.1931 -0.9756
vn 0.1020 -0.2883 -0.9521
vn 0.4209 -0.6301 0.6525
vn 0.6388 -0.3877 0.6646
vn 0.1021 -0.2883 -0.9521
vn 0.0666 -0.5467 -0.8347
vn 0.0087 -0.9063 0.4226
vn 0.4209 -0.6301 0.6526
vn -0.0922 -0.8062 0.5844
vn 0.4179 -0.6282 0.6563
vn -0.0603 -0.7293 -0.6815
vn -0.3081 -0.9461 0.1003
vn -0.0603 -0.7294 -0.6815
vn -0.2381 -0.7465 -0.6213
vn -0.4498 -0.8919 -0.0461
vn -0.6120 -0.6879 0.3901
vn -0.5210 -0.7472 0.4125
vn -0.4179 -0.6493 -0.6354
vn -0.5886 -0.7977 -0.1311
vn -0.4498 -0.8920 -0.0461
vn -0.5585 -0.4818 -0.6753
vn -0.7748 -0.5999 -0.1995
vn -0.7627 -0.5480 0.3435
vn -0.6237 -0.6791 0.3871
vn -0.6431 -0.2882 -0.7095
vn -0.9044 -0.3581 -0.2321
vn -0.6519 -0.1046 -0.7511
vn -0.9576 -0.1930 -0.2137
vn -0.8920 -0.3126 0.3265
vn -0.8626 -0.3583 0.3572
vn -0.8625 -0.3584 0.3572
vn -0.5739 0.0364 -0.8181
vn -0.9892 -0.0115 -0.1459
vn -0.9577 -0.1930 -0.2137
vn -0.4431 0.1760 -0.8790
vn -0.9292 0.3630 0.0701
vn -0.9892 -0.0115 -0.1460
vn -0.9291 0.3630 0.0701
vn -0.9278 0.3725 0.0226
vn -0.9785 -0.1246 0.1645
vn -0.4449 0.1700 -0.8793
vn -0.3519 0.5113 -0.7841
vn -0.6033 0.7518 0.2661
vn -0.3519 0.5112 -0.7841
vn -0.2076 0.8202 -0.5331
vn -0.2881 0.9073 0.3064
vn -0.2881 0.9072 0.3065
vn -0.3174 0.9473 -0.0427
vn -0.6257 0.7791 -0.0381
vn 0.0054 0.8791 -0.4766
vn -0.0181 0.9448 0.3272
vn 0.0055 0.8791 -0.4766
vn 0.2067 0.7447 -0.6345
vn 0.2412 0.8959 0.3732
vn 0.2392 0.9602 0.1442
vn -0.0266 0.9994 0.0218
vn -0.0267 0.9994 0.0218
vn 0.2067 0.7448 -0.6345
vn 0.2718 0.4409 -0.8554
vn 0.4733 0.7598 0.4457
vn 0.2719 0.4409 -0.8554
vn 0.2033 0.1220 -0.9715
vn 0.4733 0.7598 0.4458
vn 0.6732 0.5826 0.4554
vn 0.4793 0.8192 0.3151
vn -0.0733 -0.1131 -0.9909
vn -0.0532 -0.0555 -0.9970
vn -0.1181 -0.0883 -0.9891
vn -0.0732 -0.1131 -0.9909
vn 0.1451 -0.0507 -0.9881
vn -0.0531 -0.0555 -0.9970
vn -0.0732 -0.1132 -0.9909
vn 0.8460 0.3502 0.4022
vn 0.8705 0.0792 0.4858
vn 0.7210 0.6227 0.3041
vn 0.8460 0.3501 0.4022
vn 0.7210 0.6226 0.3042
vn 0.7878 0.3245 0.5235
vn -0.1906 -0.0054 -0.9817
vn -0.2362 0.0977 -0.9668
vn -0.1906 -0.0053 -0.9817
vn 0.8119 -0.1973 0.5495
vn 0.6824 -0.4534 0.5734
vn 0.6597 -0.4068 0.6319
vn -0.1408 0.1510 -0.9785
vn -0.2027 0.1752 -0.9634
vn -0.2363 0.0977 -0.9668
vn -0.1031 0.1734 -0.9794
vn -0.2027 0.1751 -0.9635
vn 0.4440 -0.6864 0.5760
vn -0.0237 -0.8136 0.5809
vn 0.4440 -0.6863 0.5760
vn -0.0104 0.0769 -0.9970
vn 0.0287 -0.0250 -0.9993
vn -0.0104 0.0768 -0.9970
vn -0.0602 -0.7293 -0.6815
vn -0.2662 -0.8225 0.5027
vn -0.4571 -0.6569 0.5996
vn -0.5223 -0.4547 0.7214
vn -0.5223 -0.4548 0.7214
vn 0.0897 -0.0538 -0.9945
vn 0.0488 -0.0664 -0.9966
vn 0.0765 -0.0734 -0.9944
vn 0.0488 -0.0663 -0.9966
vn 0.0764 -0.0734 -0.9944
vn -0.5585 -0.4818 -0.6752
vn -0.6377 -0.4695 0.6107
vn -0.5116 -0.5979 0.6171
vn -0.4313 -0.3667 0.8243
vn -0.4615 -0.2740 0.8438
vn -0.4254 -0.6989 0.5750
vn -0.6237 -0.6791 0.3870
vn 0.1610 -0.0389 -0.9862
vn 0.0991 -0.0855 -0.9914
vn 0.1253 -0.1029 -0.9868
vn 0.0990 -0.0855 -0.9914
vn -0.5533 -0.1672 0.8160
vn -0.7046 -0.1416 0.6953
vn -0.7823 -0.2551 0.5683
vn -0.8626 -0.3584 0.3572
vn -0.7045 -0.1417 0.6954
vn 0.1535 -0.1224 -0.9805
vn 0.0298 0.0733 -0.9969
vn 0.1570 -0.1150 -0.9809
vn -0.4448 0.1701 -0.8793
vn -0.5739 0.0365 -0.8181
vn 0.1526 -0.1256 -0.9803
vn -0.9140 0.0310 0.4046
vn -0.8824 0.4697 0.0285
vn -0.7046 -0.1417 0.6953
vn -0.9140 0.0311 0.4046
vn -0.9785 -0.1245 0.1645
vn -0.9278 0.3725 0.0225
vn 0.1103 -0.0400 -0.9931
vn 0.0399 0.0932 -0.9948
vn 0.1103 -0.0399 -0.9931
vn 0.0398 0.0932 -0.9949
vn -0.3562 0.5081 -0.7842
vn -0.4449 0.1701 -0.8793
vn -0.5954 0.7918 -0.1366
vn -0.3020 0.9420 -0.1462
vn -0.7888 0.5885 0.1774
vn -0.5954 0.7917 -0.1366
vn -0.6257 0.7792 -0.0381
vn 0.0070 0.1689 -0.9856
vn -0.0073 0.1334 -0.9910
vn 0.0071 0.1689 -0.9856
vn 0.2066 0.7448 -0.6345
vn 0.1788 0.9837 0.0204
vn -0.0257 0.9951 -0.0960
vn 0.2134 0.9770 0.0020
vn -0.3019 0.9421 -0.1462
vn -0.0256 0.9951 -0.0960
vn 0.1231 0.4443 -0.8874
vn -0.0355 0.0455 -0.9983
vn 0.2672 0.4335 -0.8606
vn 0.3958 0.2935 -0.8702
vn 0.2034 0.1219 -0.9715
vn 0.2067 0.7447 -0.6346
vn 0.4739 0.8672 0.1530
vn 0.2391 0.9602 0.1442
vn 0.7210 0.6227 0.3042
vn 0.2343 -0.1391 -0.9622
vn 0.3934 -0.3069 -0.8666
vn 0.2698 -0.5472 -0.7923
vn 0.1844 -0.4073 -0.8945
vn 0.3795 -0.4695 -0.7972
vn 0.1707 -0.6624 -0.7295
vn 0.1708 -0.6623 -0.7295
vn -0.1692 -0.8372 -0.5201
vn 0.0652 -0.7951 -0.6030
vn 0.0652 -0.7951 -0.6029
vn 0.0969 -0.7039 -0.7036
vn -0.1924 -0.1170 -0.9743
vn 0.0097 -0.0733 -0.9973
vn 0.0068 -0.3515 -0.9362
vn -0.1531 -0.4019 -0.9028
vn 0.0969 -0.7039 -0.7037
vn -0.0005 -0.6704 -0.7420
vn -0.0004 -0.6704 -0.7420
vn -0.0909 -0.7087 -0.6997
vn -0.2323 -0.1914 -0.9536
vn -0.2883 -0.1990 -0.9366
vn -0.1843 -0.4827 -0.8562
vn -0.0165 -0.4297 -0.9028
vn -0.1844 -0.4827 -0.8562
vn -0.0910 -0.7086 -0.6997
vn -0.0501 -0.7598 -0.6482
vn 0.2221 -0.6559 -0.7214
vn -0.1196 -0.1135 -0.9863
vn -0.1419 -0.1199 -0.9826
vn 0.1677 -0.2251 -0.9598
vn 0.2077 -0.1031 -0.9727
vn -0.1420 -0.1199 -0.9826
vn 0.1677 -0.2252 -0.9598
vn 0.4939 -0.3176 -0.8095
vn 0.5517 -0.0771 -0.8305
vn -0.0913 -0.1809 -0.9793
vn -0.1105 -0.1509 -0.9824
vn 0.1979 -0.0482 -0.9790
vn 0.1686 0.0063 -0.9857
vn -0.1106 -0.1509 -0.9823
vn 0.5516 -0.0771 -0.8305
vn 0.5291 0.0786 -0.8449
vn 0.4506 0.2265 -0.8635
vn -0.0138 -0.2123 -0.9771
vn -0.0585 -0.2020 -0.9776
vn 0.1248 0.0525 -0.9908
vn 0.0727 0.0809 -0.9941
vn 0.3252 0.3502 -0.8784
vn 0.3252 0.3503 -0.8784
vn 0.1651 0.4286 -0.8883
vn 0.3426 -0.0648 -0.9372
vn 0.1127 -0.1867 -0.9759
vn 0.1179 0.1124 -0.9866
vn 0.2979 0.2281 -0.9269
vn 0.1052 0.4671 -0.8779
vn 0.2054 0.5558 -0.8055
vn 0.3526 0.0853 -0.9319
vn 0.4501 0.0883 -0.8886
vn 0.3467 0.3728 -0.8607
vn 0.1491 0.3598 -0.9210
vn 0.3427 -0.0648 -0.9372
vn 0.3467 0.3727 -0.8607
vn 0.1829 0.6658 -0.7234
vn 0.1830 0.6658 -0.7234
vn -0.1114 0.6624 -0.7409
vn 0.1717 -0.4541 -0.8742
vn 0.1819 -0.1759 -0.9675
vn -0.1805 -0.0396 -0.9828
vn -0.2025 -0.5220 -0.8285
vn 0.1819 -0.1760 -0.9674
vn 0.3525 0.0853 -0.9319
vn -0.1806 -0.0396 -0.9828
vn -0.1114 0.6623 -0.7409
vn -0.7043 0.2994 -0.6437
vn -0.7043 0.2995 -0.6436
vn -0.8553 -0.3606 -0.3720
vn 0.2732 -0.5355 -0.7991
vn -0.0130 -0.6802 -0.7329
vn -0.2026 -0.5220 -0.8285
vn -0.8554 -0.3606 -0.3720
vn -0.5042 -0.7499 -0.4282
vn -0.0129 -0.6802 -0.7329
vn -0.1747 -0.9846 0.0007
vn -0.3700 -0.9256 -0.0801
vn -0.3461 -0.9116 -0.2217
vn -0.1759 -0.9779 -0.1129
vn -0.4946 -0.8543 -0.1599
vn -0.3795 -0.8504 -0.3643
vn -0.3795 -0.8504 -0.3644
vn -0.3619 -0.8437 -0.3964
vn -0.1896 -0.9251 -0.3290
vn 0.1329 -0.9907 0.0290
vn -0.0081 -0.9993 0.0366
vn 0.0009 -0.9982 -0.0600
vn 0.1571 -0.9852 -0.0691
vn 0.0009 -0.9982 -0.0599
vn 0.0010 -0.9982 -0.0599
vn 0.0010 -0.9982 -0.0600
vn 0.6190 -0.7687 -0.1611
vn 0.3077 -0.9509 -0.0319
vn 0.3531 -0.9244 -0.1444
vn 0.6255 -0.7265 -0.2845
vn 0.1330 -0.9907 0.0290
vn 0.6023 -0.6405 -0.4765
vn 0.9433 -0.0311 -0.3304
vn 0.8834 -0.3764 -0.2792
vn 0.8419 -0.3699 -0.3929
vn 0.8916 -0.0527 -0.4497
vn 0.6191 -0.7686 -0.1611
vn 0.7563 0.5069 -0.4136
vn 0.8941 0.2526 -0.3699
vn 0.8435 0.2164 -0.4915
vn 0.7107 0.4552 -0.5364
vn 0.9434 -0.0311 -0.3303
vn 0.8435 0.2164 -0.4916
vn 0.7107 0.4551 -0.5364
vn 0.2785 0.8357 -0.4734
vn 0.5441 0.7077 -0.4507
vn 0.5126 0.6404 -0.5719
vn 0.2658 0.7544 -0.6002
vn 0.5440 0.7077 -0.4507
vn 0.5125 0.6405 -0.5719
vn 0.2657 0.7544 -0.6002
vn 0.5126 0.6405 -0.5719
vn 0.0038 0.8659 -0.5002
vn 0.0596 0.8769 -0.4770
vn 0.0628 0.7843 -0.6172
vn 0.0326 0.7472 -0.6638
vn 0.2392 0.6465 -0.7244
vn 0.0327 0.7472 -0.6638
vn -0.0132 0.5775 -0.8163
vn 0.0316 0.7920 -0.6097
vn 0.0804 0.6215 -0.7793
vn 0.1035 0.3689 -0.9237
vn -0.0460 0.4931 -0.8687
vn 0.1035 0.3690 -0.9237
vn -0.5627 -0.4355 -0.7027
vn -0.2685 0.1872 -0.9449
vn 0.0439 0.0084 -0.9990
vn -0.1472 -0.4833 -0.8630
vn -0.0133 0.5775 -0.8163
vn -0.5605 -0.7716 -0.3008
vn -0.3087 -0.7625 -0.5686
vn -0.5627 -0.4354 -0.7027
vn -0.1359 0.4362 0.8895
vn -0.2181 0.5196 0.8261
vn 0.4163 0.8872 0.1991
vn 0.1962 0.9691 0.1497
vn -0.2182 0.5196 0.8261
vn -0.2300 0.5488 0.8037
vn 0.5979 0.7480 0.2881
vn 0.4162 0.8872 0.1991
vn 0.8509 0.3084 -0.4253
vn 0.6603 0.5354 -0.5267
vn 0.3384 0.7163 -0.6103
vn -0.3450 -0.9322 -0.1092
vn -0.6015 -0.7970 -0.0549
vn -0.1340 -0.9858 -0.1014
vn -0.6015 -0.7970 -0.0550
vn 0.1369 0.3934 0.9091
vn 0.0059 0.3781 0.9257
vn 0.0149 0.9879 0.1541
vn -0.1389 0.9734 0.1821
vn 0.0149 0.9879 0.1542
vn 0.3383 0.7163 -0.6103
vn 0.0189 0.7808 -0.6245
vn -0.1390 0.9734 0.1820
vn 0.0189 0.7809 -0.6244
vn -0.2603 0.7674 -0.5860
vn -0.0140 -0.9952 -0.0969
vn 0.0738 -0.9920 -0.1020
vn -0.0910 -0.7087 -0.6997
vn 0.0970 -0.7039 -0.7037
vn 0.0371 0.3564 0.9336
vn 0.1586 0.4249 0.8912
vn -0.3198 0.9114 0.2591
vn -0.5918 0.7122 0.3775
vn -0.3198 0.9113 0.2592
vn -0.1390 0.9734 0.1821
vn -0.5055 0.6986 -0.5064
vn -0.3199 0.9113 0.2592
vn -0.7371 0.5304 -0.4188
vn 0.2240 -0.9663 -0.1266
vn 0.6190 -0.7686 -0.1611
vn 0.5600 -0.7956 -0.2310
vn 0.2240 -0.9663 -0.1265
vn 0.5600 -0.7957 -0.2310
vn 0.2220 -0.6559 -0.7214
vn -0.0735 0.1145 0.9907
vn -0.0532 0.1922 0.9799
vn -0.8167 0.3710 0.4420
vn -0.8910 0.0548 0.4506
vn -0.0531 0.1922 0.9799
vn 0.0371 0.3565 0.9336
vn -0.5919 0.7122 0.3775
vn -0.8922 0.2464 -0.3785
vn -0.8910 0.0548 0.4507
vn -0.9276 -0.0492 -0.3704
vn 0.8591 -0.3758 -0.3475
vn 0.5599 -0.7957 -0.2310
vn 0.9220 -0.0261 -0.3864
vn 0.8591 -0.3759 -0.3475
vn 0.4938 -0.3176 -0.8095
vn 0.2221 -0.6559 -0.7215
vn -0.0657 0.0564 0.9962
vn -0.0717 0.0861 0.9937
vn -0.8567 -0.2266 0.4633
vn -0.7318 -0.4815 0.4823
vn -0.0735 0.1144 0.9907
vn -0.8910 0.0547 0.4506
vn -0.8567 -0.2267 0.4633
vn -0.8910 0.0547 0.4507
vn -0.8752 -0.3288 -0.3548
vn -0.7436 -0.5812 -0.3306
vn 0.8787 0.2460 -0.4092
vn 0.7470 0.4963 -0.4423
vn 0.8786 0.2460 -0.4092
vn 0.7470 0.4964 -0.4423
vn 0.5291 0.0785 -0.8449
vn -0.0228 0.0175 0.9996
vn -0.0463 0.0347 0.9983
vn -0.5327 -0.6868 0.4946
vn -0.2796 -0.8282 0.4858
vn -0.5327 -0.6867 0.4946
vn -0.5346 -0.7838 -0.3161
vn -0.2796 -0.8282 0.4857
vn -0.2621 -0.9066 -0.3308
vn 0.5440 0.7078 -0.4507
vn 0.5371 0.7013 -0.4688
vn 0.2678 0.8373 -0.4767
vn -0.3081 -0.0359 0.9507
vn -0.0861 0.0269 0.9959
vn -0.0354 -0.8962 0.4422
vn 0.1237 -0.9003 0.4173
vn 0.0509 -0.9263 -0.3734
vn 0.1236 -0.9003 0.4173
vn -0.0355 -0.8962 0.4422
vn 0.3625 -0.8512 -0.3796
vn 0.0519 0.8827 -0.4670
vn 0.0052 0.8661 -0.4999
vn -0.0086 0.8961 -0.4438
vn 0.0520 0.8827 -0.4670
vn -0.0087 0.8961 -0.4438
vn 0.1053 0.4671 -0.8779
vn -0.3157 -0.0742 0.9460
vn -0.4039 -0.1318 0.9052
vn 0.2427 -0.8348 0.4941
vn 0.4632 -0.6132 0.6399
vn 0.5870 -0.7444 -0.3183
vn 0.2427 -0.8349 0.4941
vn 0.7646 -0.5985 -0.2391
vn -0.0778 0.8916 -0.4460
vn -0.3298 0.8147 -0.4769
vn -0.0777 0.8916 -0.4460
vn -0.1608 0.4163 0.8949
vn -0.2021 0.1742 0.9637
vn 0.7052 -0.1572 0.6914
vn 0.7685 0.3115 0.5589
vn -0.3157 -0.0741 0.9460
vn 0.7052 -0.1572 0.6913
vn 0.7052 -0.1573 0.6914
vn 0.9180 -0.3308 -0.2185
vn 0.7051 -0.1573 0.6914
vn 0.9181 -0.3308 -0.2185
vn 0.9596 -0.0522 -0.2765
vn -0.8042 0.5177 -0.2919
vn -0.9928 -0.1082 0.0517
vn -0.8043 0.5176 -0.2919
vn -0.8043 0.5177 -0.2919
vn -0.8553 -0.3605 -0.3720
vn -0.7043 0.2995 -0.6437
vn -0.2299 0.5489 0.8037
vn -0.2019 0.5283 0.8247
vn 0.7053 0.5877 0.3964
vn 0.5979 0.7480 0.2882
vn 0.7053 0.5877 0.3963
vn 0.7053 0.5878 0.3963
vn 0.9265 0.1331 -0.3520
vn 0.8508 0.3085 -0.4253
vn -0.8379 -0.5392 0.0849
vn -0.6014 -0.7970 -0.0549
vn -0.1691 -0.8372 -0.5201
vn -0.5042 -0.7499 -0.4283
vn 0.1768 0.9841 0.0198
vn 0.4430 0.8965 0.0098
vn -0.5728 -0.2622 0.7766
vn -0.2912 -0.4444 0.8472
vn -0.7200 -0.0171 0.6937
vn -0.5728 -0.2623 0.7766
vn -0.7200 -0.0171 0.6938
vn 0.3934 -0.3069 -0.8667
vn 0.5667 0.0866 -0.8194
vn 0.6642 -0.1287 -0.7364
vn 0.2342 -0.1391 -0.9622
vn 0.3079 0.2833 -0.9083
vn 0.5667 0.0866 -0.8193
vn 0.6602 0.5354 -0.5267
vn 0.5668 0.0866 -0.8193
vn -0.1845 0.9791 0.0858
vn 0.0013 -0.4943 0.8693
vn 0.2657 -0.4622 0.8460
vn -0.1358 0.4362 0.8895
vn 0.0058 0.3781 0.9257
vn 0.2657 -0.4622 0.8461
vn 0.0014 -0.4943 0.8693
vn 0.0060 0.3781 0.9257
vn 0.0147 0.3585 -0.9334
vn -0.2470 0.3324 -0.9102
vn 0.0147 0.3584 -0.9334
vn 0.0189 0.7808 -0.6244
vn 0.3383 0.7162 -0.6104
vn 0.4709 -0.3884 0.7921
vn 0.6109 -0.2881 0.7374
vn 0.2656 -0.4622 0.8461
vn 0.4710 -0.3884 0.7920
vn 0.4709 -0.3885 0.7920
vn 0.1586 0.4249 0.8913
vn 0.0370 0.3564 0.9336
vn -0.4383 0.2608 -0.8602
vn -0.2882 -0.1990 -0.9367
vn -0.5418 0.1843 -0.8201
vn -0.4383 0.2609 -0.8601
vn -0.9458 0.0603 0.3190
vn -0.8629 0.3843 0.3283
vn 0.7050 -0.1356 0.6961
vn 0.7425 0.0754 0.6656
vn -0.6400 0.7147 0.2822
vn -0.5821 0.0618 -0.8108
vn -0.5418 0.1843 -0.8200
vn -0.5852 -0.0998 -0.8047
vn -0.5821 0.0619 -0.8108
vn -0.5853 -0.0998 -0.8047
vn -0.8922 0.2463 -0.3785
vn -0.5821 0.0618 -0.8107
vn 0.6921 0.2961 0.6582
vn 0.5598 0.4747 0.6792
vn -0.9037 -0.2695 0.3327
vn 0.6921 0.2961 0.6583
vn -0.5476 -0.2721 -0.7913
vn -0.4616 -0.4257 -0.7782
vn -0.5475 -0.2722 -0.7913
vn -0.5476 -0.2722 -0.7912
vn -0.4616 -0.4257 -0.7783
vn -0.8752 -0.3288 -0.3547
vn 0.3917 0.5996 0.6979
vn 0.2076 0.6708 0.7120
vn -0.5481 -0.7069 0.4471
vn 0.5598 0.4746 0.6792
vn 0.3917 0.5995 0.6980
vn 0.3916 0.5995 0.6980
vn -0.0658 0.0564 0.9962
vn 0.2075 0.6708 0.7120
vn -0.0228 0.0174 0.9996
vn -0.0586 -0.2020 -0.9776
vn -0.3248 -0.5466 -0.7718
vn -0.1462 -0.6140 -0.7757
vn -0.3249 -0.5466 -0.7718
vn 0.1113 -0.9255 0.3619
vn -0.1026 -0.9110 0.3994
vn -0.0411 0.6929 0.7199
vn -0.3539 0.6241 0.6966
vn -0.0411 0.6930 0.7198
vn -0.0411 0.6929 0.7198
vn -0.0229 0.0175 0.9996
vn -0.0862 0.0269 0.9959
vn -0.0412 0.6929 0.7198
vn -0.0860 0.0269 0.9959
vn 0.0942 -0.6028 -0.7923
vn 0.3898 -0.4904 -0.7795
vn 0.3898 -0.4904 -0.7794
vn -0.5924 0.4933 0.6370
vn -0.7008 0.4013 0.5898
vn 0.1112 -0.9255 0.3620
vn -0.5923 0.4933 0.6370
vn -0.4040 -0.1319 0.9052
vn -0.4039 -0.1318 0.9053
vn 0.5771 -0.3538 -0.7360
vn 0.6274 -0.3021 -0.7177
vn 0.6273 -0.3021 -0.7178
vn 0.5871 -0.7444 -0.3183
vn 0.8995 0.2237 0.3753
vn 0.7916 -0.2110 0.5735
vn -0.7571 0.3130 0.5734
vn -0.7781 0.2124 0.5911
vn 0.7915 -0.2110 0.5735
vn 0.5275 -0.6367 0.5624
vn -0.7008 0.4012 0.5898
vn -0.7572 0.3130 0.5733
vn -0.2021 0.1743 0.9637
vn -0.7781 0.2125 0.5911
vn 0.6317 -0.2943 -0.7172
vn 0.6422 -0.2908 -0.7092
vn 0.6422 -0.2908 -0.7093
vn 0.6316 -0.2943 -0.7172
vn -0.7637 0.1241 0.6335
vn -0.7200 -0.0170 0.6937
vn 0.8567 0.4886 0.1652
vn -0.7637 0.1240 0.6335
vn 0.2731 -0.5355 -0.7991
vn 0.6595 -0.2533 -0.7078
vn 0.8508 0.3085 -0.4254
vt 0.337438 0.119979
vt 0.336653 0.119979
vt 0.336653 0.119390
vt 0.337438 0.119390
vt 0.335867 0.119979
vt 0.335867 0.119390
vt 0.335082 0.119979
vt 0.335082 0.119390
vt 0.335082 0.118605
vt 0.335867 0.118605
vt 0.336653 0.118605
vt 0.334296 0.119979
vt 0.334296 0.119390
vt 0.337196 0.118681
vt 0.337193 0.118681
vt 0.337193 0.118679
vt 0.337196 0.118679
vt 0.337193 0.118676
vt 0.337196 0.118676
vt 0.333819 0.119209
vt 0.333823 0.119209
vt 0.333823 0.119213
vt 0.333819 0.119213
vt 0.337190 0.118681
vt 0.337190 0.118679
vt 0.337187 0.118681
vt 0.337184 0.118681
vt 0.337184 0.118679
vt 0.337187 0.118679
vt 0.337182 0.118681
vt 0.337182 0.118679
vt 0.337182 0.118676
vt 0.337184 0.118676
vt 0.337179 0.118681
vt 0.337179 0.118679
vt 0.337176 0.118681
vt 0.337176 0.118679
vt 0.337176 0.118676
vt 0.337179 0.118676
vt 0.308562 0.122700
vt 0.304118 0.122700
vt 0.304118 0.119367
vt 0.308562 0.119367
vt 0.337181 0.118325
vt 0.337205 0.118325
vt 0.337205 0.118343
vt 0.337181 0.118343
vt 0.304118 0.114924
vt 0.308562 0.114924
vt 0.337253 0.118325
vt 0.337277 0.118325
vt 0.337277 0.118343
vt 0.337253 0.118343
vt 0.337223 0.118598
vt 0.337226 0.118598
vt 0.337226 0.118598
vt 0.337223 0.118598
vt 0.337219 0.118598
vt 0.337219 0.118598
vt 0.315949 0.151734
vt 0.315901 0.151734
vt 0.315901 0.151687
vt 0.315949 0.151687
vt 0.333861 0.119267
vt 0.333861 0.119267
vt 0.333861 0.119267
vt 0.333861 0.119267
vt 0.335867 0.117819
vt 0.336653 0.117819
vt 0.335082 0.117819
vt 0.315854 0.151687
vt 0.315806 0.151687
vt 0.315806 0.151639
vt 0.315854 0.151639
vt 0.283917 0.167421
vt 0.292755 0.167421
vt 0.292755 0.176260
vt 0.283917 0.176260
vt 0.333823 0.119217
vt 0.333819 0.119217
vt 0.337193 0.118673
vt 0.337196 0.118673
vt 0.315348 0.151125
vt 0.315353 0.151125
vt 0.315353 0.151130
vt 0.315348 0.151130
vt 0.315758 0.151687
vt 0.315758 0.151639
vt 0.277841 0.157809
vt 0.277872 0.157809
vt 0.277872 0.157841
vt 0.277841 0.157841
vt 0.337182 0.118673
vt 0.337184 0.118673
vt 0.337179 0.118673
vt 0.337176 0.118673
vt 0.337173 0.118673
vt 0.337173 0.118671
vt 0.337176 0.118671
vt 0.337216 0.118598
vt 0.337219 0.118599
vt 0.337216 0.118599
vt 0.337219 0.118600
vt 0.337216 0.118600
vt 0.337205 0.118391
vt 0.337229 0.118391
vt 0.337229 0.118415
vt 0.337205 0.118415
vt 0.337223 0.118599
vt 0.337226 0.118599
vt 0.337223 0.118600
vt 0.333865 0.119254
vt 0.333865 0.119254
vt 0.333865 0.119254
vt 0.333865 0.119254
vt 0.333866 0.119254
vt 0.333866 0.119254
vt 0.315331 0.151130
vt 0.315337 0.151130
vt 0.315337 0.151136
vt 0.315331 0.151136
vt 0.315342 0.151130
vt 0.315342 0.151136
vt 0.333861 0.119266
vt 0.333860 0.119266
vt 0.333860 0.119266
vt 0.333861 0.119266
vt 0.333861 0.119266
vt 0.333861 0.119266
vt 0.315348 0.151136
vt 0.315353 0.151136
vt 0.333860 0.119266
vt 0.333859 0.119266
vt 0.333859 0.119266
vt 0.333860 0.119266
vt 0.277872 0.157872
vt 0.277841 0.157872
vt 0.277872 0.157904
vt 0.277841 0.157904
vt 0.337206 0.118627
vt 0.337208 0.118627
vt 0.337208 0.118629
vt 0.337206 0.118629
vt 0.337208 0.118632
vt 0.337206 0.118632
vt 0.337203 0.118629
vt 0.337203 0.118632
vt 0.337210 0.118629
vt 0.337212 0.118629
vt 0.337212 0.118632
vt 0.337210 0.118632
vt 0.337213 0.118600
vt 0.337216 0.118601
vt 0.337213 0.118601
vt 0.337219 0.118601
vt 0.337219 0.118602
vt 0.337216 0.118602
vt 0.337213 0.118602
vt 0.333852 0.119249
vt 0.333853 0.119249
vt 0.333853 0.119249
vt 0.333852 0.119249
vt 0.333861 0.119265
vt 0.333861 0.119265
vt 0.333860 0.119265
vt 0.333854 0.119249
vt 0.333854 0.119249
vt 0.333860 0.119265
vt 0.333859 0.119265
vt 0.333859 0.119260
vt 0.333859 0.119260
vt 0.333859 0.119261
vt 0.333859 0.119261
vt 0.333860 0.119265
vt 0.333860 0.119265
vt 0.337195 0.118632
vt 0.337197 0.118632
vt 0.337197 0.118634
vt 0.337195 0.118634
vt 0.337199 0.118634
vt 0.337199 0.118636
vt 0.337197 0.118636
vt 0.337195 0.118636
vt 0.337201 0.118634
vt 0.337203 0.118634
vt 0.337203 0.118636
vt 0.337201 0.118636
vt 0.337206 0.118634
vt 0.337208 0.118634
vt 0.337196 0.118568
vt 0.337200 0.118568
vt 0.337200 0.118572
vt 0.337196 0.118572
vt 0.337206 0.118636
vt 0.337210 0.118634
vt 0.337212 0.118634
vt 0.337205 0.118568
vt 0.337209 0.118568
vt 0.337209 0.118572
vt 0.337205 0.118572
vt 0.337209 0.118563
vt 0.337213 0.118563
vt 0.337213 0.118568
vt 0.337217 0.118563
vt 0.337222 0.118563
vt 0.337222 0.118568
vt 0.337217 0.118568
vt 0.333864 0.119249
vt 0.333865 0.119249
vt 0.333865 0.119249
vt 0.333864 0.119249
vt 0.333851 0.119249
vt 0.333852 0.119250
vt 0.333851 0.119250
vt 0.333853 0.119250
vt 0.333852 0.119251
vt 0.333851 0.119251
vt 0.333855 0.119249
vt 0.333856 0.119249
vt 0.333856 0.119250
vt 0.333855 0.119250
vt 0.333857 0.119249
vt 0.333857 0.119250
vt 0.337179 0.118572
vt 0.337183 0.118572
vt 0.337183 0.118576
vt 0.337179 0.118576
vt 0.337183 0.118580
vt 0.337179 0.118580
vt 0.333857 0.119251
vt 0.333856 0.119251
vt 0.337188 0.118572
vt 0.337188 0.118576
vt 0.277899 0.158951
vt 0.277851 0.158951
vt 0.277851 0.158904
vt 0.277899 0.158904
vt 0.337192 0.118576
vt 0.337192 0.118580
vt 0.337188 0.118580
vt 0.277803 0.158951
vt 0.277803 0.158904
vt 0.277756 0.158951
vt 0.277756 0.158904
vt 0.277756 0.158856
vt 0.277803 0.158856
vt 0.337196 0.118576
vt 0.337196 0.118580
vt 0.277708 0.158951
vt 0.277708 0.158904
vt 0.277708 0.158856
vt 0.333865 0.119250
vt 0.333864 0.119250
vt 0.333865 0.119251
vt 0.333864 0.119251
vt 0.333866 0.119249
vt 0.333866 0.119250
vt 0.333866 0.119249
vt 0.333866 0.119250
vt 0.337192 0.118585
vt 0.337188 0.118585
vt 0.337196 0.118585
vt 0.337200 0.118580
vt 0.337200 0.118585
vt 0.337200 0.118589
vt 0.337196 0.118590
vt 0.337192 0.118589
vt 0.337205 0.118580
vt 0.337205 0.118585
vt 0.337209 0.118585
vt 0.337209 0.118589
vt 0.337205 0.118590
vt 0.333863 0.119252
vt 0.333863 0.119252
vt 0.333863 0.119252
vt 0.333863 0.119253
vt 0.333863 0.119251
vt 0.333864 0.119252
vt 0.333865 0.119252
vt 0.333865 0.119252
vt 0.333864 0.119253
vt 0.100000 0.100000
vt 0.050000 0.088000
vt 0.050000 0.066667
vt 0.075000 0.050000
vt 0.000000 0.100000
vt 0.025000 0.050000
vt 0.050000 0.000000
vt 0.200000 0.100000
vt 0.150000 0.088000
vt 0.150000 0.066667
vt 0.175000 0.050000
vt 0.125000 0.050000
vt 0.348554 0.132698
vt 0.346333 0.128255
vt 0.348554 0.126773
vt 0.350776 0.128255
vt 0.300000 0.100000
vt 0.250000 0.088000
vt 0.250000 0.066667
vt 0.275000 0.050000
vt 0.225000 0.050000
vt 0.339667 0.132698
vt 0.337445 0.128255
vt 0.339667 0.126773
vt 0.341889 0.128255
vt 0.400000 0.100000
vt 0.350000 0.088000
vt 0.350000 0.066667
vt 0.375000 0.050000
vt 0.325000 0.050000
vt 0.350000 0.000000
vt 0.500000 0.100000
vt 0.450000 0.088000
vt 0.450000 0.066667
vt 0.475000 0.050000
vt 0.326336 0.123811
vt 0.324114 0.128255
vt 0.321893 0.126773
vt 0.321893 0.124877
vt 0.321893 0.132698
vt 0.319671 0.128255
vt 0.600000 0.100000
vt 0.550000 0.088000
vt 0.550000 0.066667
vt 0.575000 0.050000
vt 0.317449 0.123811
vt 0.315227 0.128255
vt 0.313005 0.126773
vt 0.313005 0.124877
vt 0.313005 0.132698
vt 0.310783 0.128255
vt 0.700000 0.100000
vt 0.650000 0.088000
vt 0.650000 0.066667
vt 0.675000 0.050000
vt 0.625000 0.050000
vt 0.304118 0.132698
vt 0.301896 0.128255
vt 0.304118 0.126773
vt 0.306340 0.128255
vt 0.290787 0.123811
vt 0.295231 0.124877
vt 0.295231 0.126773
vt 0.293009 0.128255
vt 0.725000 0.050000
vt 0.750000 0.066667
vt 0.750000 0.088000
vt 0.750000 0.000000
vt 0.775000 0.050000
vt 0.281900 0.123811
vt 0.286343 0.124877
vt 0.286343 0.126773
vt 0.284122 0.128255
vt 0.288565 0.128255
vt 0.286343 0.132698
vt 1.000000 0.100000
vt 0.950000 0.088000
vt 0.950000 0.066667
vt 0.975000 0.050000
vt 0.900000 0.100000
vt 0.925000 0.050000
vt 0.277456 0.132698
vt 0.275234 0.128255
vt 0.277456 0.126773
vt 0.279678 0.128255
vt 0.337198 0.118601
vt 0.337196 0.118597
vt 0.333863 0.119255
vt 0.333863 0.119254
vt 0.333864 0.119255
vt 0.333864 0.119254
vt 0.333864 0.119255
vt 0.337438 0.120176
vt 0.336653 0.120176
vt 0.333806 0.119206
vt 0.333802 0.119205
vt 0.333806 0.119205
vt 0.357442 0.123811
vt 0.361885 0.123811
vt 0.335867 0.120176
vt 0.335082 0.120176
vt 0.335223 0.122700
vt 0.339667 0.122700
vt 0.339667 0.123811
vt 0.335223 0.123811
vt 0.344111 0.122700
vt 0.344111 0.123811
vt 0.352328 0.191105
vt 0.358234 0.191105
vt 0.358234 0.192582
vt 0.352328 0.192582
vt 0.364141 0.191105
vt 0.364141 0.192582
vt 0.330780 0.123811
vt 0.340514 0.191105
vt 0.346421 0.191105
vt 0.346421 0.192582
vt 0.340514 0.192582
vt 0.313005 0.122700
vt 0.313005 0.123811
vt 0.308562 0.123811
vt 0.334607 0.191105
vt 0.334607 0.192582
vt 0.337181 0.118319
vt 0.337205 0.118319
vt 0.304118 0.123811
vt 0.299674 0.123811
vt 0.337229 0.118325
vt 0.337229 0.118319
vt 0.337253 0.118319
vt 0.295231 0.123811
vt 0.337300 0.118325
vt 0.337277 0.118319
vt 0.337300 0.118319
vt 0.286343 0.123811
vt 0.332450 0.120242
vt 0.333882 0.119206
vt 0.333882 0.119205
vt 0.277456 0.123811
vt 0.273012 0.123811
vt 0.050000 0.100000
vt 0.315949 0.151829
vt 0.315997 0.151829
vt 0.283917 0.140906
vt 0.275078 0.140906
vt 0.301594 0.140906
vt 0.292755 0.140906
vt 0.150000 0.100000
vt 0.675272 0.857703
vt 0.681179 0.857703
vt 0.687085 0.857703
vt 0.277904 0.157713
vt 0.277872 0.157713
vt 0.669365 0.857703
vt 0.277841 0.157713
vt 0.277968 0.157713
vt 0.277936 0.157713
vt 0.278032 0.157713
vt 0.278000 0.157713
vt 0.645738 0.857703
vt 0.651645 0.857703
vt 0.277707 0.161796
vt 0.277977 0.161796
vt 0.278246 0.161796
vt 0.278063 0.157713
vt 0.278095 0.157713
vt 0.277169 0.161796
vt 0.277438 0.161796
vt 0.276630 0.161796
vt 0.276899 0.161796
vt 0.850000 0.100000
vt 0.331213 0.140162
vt 0.315092 0.151829
vt 0.950000 0.100000
vt 0.315139 0.151829
vt 0.280940 0.161796
vt 0.281209 0.161796
vt 0.266240 0.140906
vt 0.315711 0.151829
vt 0.315758 0.151829
vt 0.310432 0.140906
vt 0.250000 0.100000
vt 0.350000 0.100000
vt 0.450000 0.100000
vt 0.657552 0.857703
vt 0.663459 0.857703
vt 0.550000 0.100000
vt 0.650000 0.100000
vt 0.800000 0.100000
vt 0.750000 0.100000
vt 0.276360 0.161796
vt 0.367557 0.095792
vt 0.315901 0.151829
vt 0.315397 0.151277
vt 0.315404 0.151277
vt 0.315806 0.151829
vt 0.315854 0.151829
vt 0.315353 0.151108
vt 0.315348 0.151108
vt 0.280132 0.161796
vt 0.280401 0.161796
vt 0.277651 0.158672
vt 0.277688 0.158672
vt 0.277542 0.158672
vt 0.277579 0.158672
vt 0.277615 0.158672
vt 0.277469 0.158672
vt 0.277506 0.158672
vt 0.315187 0.151829
vt 0.315275 0.151277
vt 0.315281 0.151277
vt 0.315288 0.151277
vt 0.277433 0.158672
vt 0.639832 0.857703
vt 0.315235 0.151829
vt 0.628018 0.857703
vt 0.622111 0.857703
vt 0.321893 0.123811
vt 0.348554 0.123811
vt 0.352998 0.123811
vt 0.281479 0.161796
vt 0.277777 0.157713
vt 0.277809 0.157713
vt 0.304118 0.124877
vt 0.278088 0.158672
vt 0.278124 0.158672
vt 0.636157 0.679751
vt 0.629407 0.679751
vt 0.315378 0.151277
vt 0.315384 0.151277
vt 0.315391 0.151277
vt 0.280671 0.161796
vt 0.279862 0.161796
vt 0.278127 0.157713
vt 0.277397 0.158672
vt 0.277745 0.157713
vt 0.336948 0.140906
vt 0.328109 0.140906
vt 0.279593 0.161796
vt 0.278516 0.161796
vt 0.633925 0.857703
vt 0.616205 0.857703
vt 0.610298 0.857703
vt 0.730659 0.679751
vt 0.737409 0.679751
s 0
usemtl Material.045
f 464/1/1 2/2/2 465/3/3 673/4/4
f 2/2/2 468/5/5 674/6/6 465/3/3
f 468/5/5 3/7/7 469/8/8 674/6/6
f 674/6/6 469/8/8 13/9/9 470/10/10
f 465/3/3 674/6/6 470/10/10 12/11/11
f 3/7/7 471/12/12 675/13/13 469/8/8
f 471/14/12 4/15/14 472/16/15 675/17/13
f 675/17/13 472/16/15 14/18/16 473/19/17
f 469/20/8 675/21/13 473/22/17 13/23/9
f 4/15/14 474/24/18 676/25/19 472/16/15
f 5/26/20 477/27/21 677/28/22 475/29/23
f 477/27/24 6/30/25 478/31/26 677/28/22
f 677/28/22 478/31/26 16/32/27 479/33/28
f 6/30/25 480/34/29 678/35/30 478/31/26
f 480/34/29 7/36/31 481/37/32 678/35/30
f 678/35/30 481/37/33 17/38/34 482/39/35
f 478/31/26 678/35/30 482/39/35 16/32/27
f 7/40/31 483/41/36 679/42/37 481/43/33
f 483/44/36 8/45/38 484/46/39 679/47/37
f 481/43/33 679/42/37 485/48/40 17/49/34
f 9/50/41 489/51/42 680/52/43 487/53/44
f 680/54/43 490/55/45 19/56/46 491/57/47
f 487/58/44 680/54/48 491/57/47 18/59/49
f 466/60/50 12/61/11 494/62/51 682/63/52
f 682/64/52 494/65/51 21/66/53 495/67/54
f 12/11/11 470/10/10 683/68/55 494/69/51
f 470/10/10 13/9/9 497/70/56 683/68/55
f 683/71/55 497/72/56 22/73/57 498/74/58
f 494/75/51 683/76/55 498/77/58 21/78/53
f 13/23/9 473/22/17 684/79/59 497/80/56
f 473/19/60 14/18/16 499/81/61 684/82/59
f 684/83/59 499/84/61 23/85/62 500/86/63
f 497/72/56 684/87/59 500/88/64 22/73/57
f 499/89/65 685/90/66 502/91/67 23/92/62
f 479/33/68 16/32/69 503/93/70 686/94/71
f 16/32/69 482/39/72 687/95/73 503/93/70
f 505/96/74 688/97/75 508/98/76 25/99/77
f 488/100/78 18/59/79 509/101/80 689/102/81
f 689/102/81 509/101/82 27/103/83 510/104/84
f 507/105/85 689/106/81 510/107/86 26/108/87
f 18/59/79 491/57/88 690/109/89 509/101/80
f 491/57/47 19/56/46 511/110/90 690/109/89
f 509/101/91 690/109/89 512/111/92 27/103/83
f 19/112/93 493/113/94 691/114/95 511/115/90
f 493/113/94 11/116/96 496/117/97 691/114/95
f 21/118/53 498/119/58 693/120/98 514/121/99
f 498/119/58 22/122/57 516/123/100 693/120/98
f 693/124/98 516/125/100 30/126/101 517/127/102
f 514/128/99 693/124/98 517/127/102 29/129/103
f 22/122/57 500/86/64 694/130/104 516/123/100
f 500/86/63 23/85/62 518/131/105 694/130/104
f 694/132/106 518/133/105 31/134/107 519/135/108
f 516/125/100 694/132/106 519/135/108 30/126/109
f 23/92/62 502/91/67 695/136/110 518/137/105
f 518/137/105 695/136/111 521/138/112 31/139/107
f 506/140/113 25/141/77 524/142/114 697/143/115
f 697/143/115 524/142/116 34/144/117 525/145/118
f 522/146/119 697/143/115 525/145/118 33/147/120
f 698/148/121 526/149/122 35/150/123 527/151/124
f 524/142/114 698/148/121 527/151/124 34/144/117
f 26/152/87 510/104/86 699/153/125 526/154/122
f 510/104/84 27/103/83 528/155/126 699/153/125
f 699/153/125 528/155/126 36/156/127 529/157/128
f 526/154/129 699/153/125 529/157/128 35/158/123
f 701/159/130 531/160/131 38/161/132 532/162/133
f 29/129/103 517/127/102 702/163/134 531/164/131
f 517/127/102 30/126/101 534/165/135 702/163/134
f 531/160/131 702/166/134 535/167/136 38/161/132
f 30/126/101 519/135/108 703/168/137 534/165/135
f 519/135/108 31/134/107 536/169/138 703/168/137
f 703/170/139 536/171/138 40/172/140 537/173/141
f 534/165/135 703/168/139 537/174/142 39/175/143
f 31/176/107 521/177/144 704/178/145 536/179/138
f 704/178/146 538/180/147 41/181/148 539/182/149
f 536/179/138 704/178/146 539/182/150 40/183/140
f 705/184/151 540/185/152 42/186/153 541/187/154
f 33/147/120 525/145/118 706/188/155 540/185/152
f 525/145/118 34/144/117 542/189/156 706/188/157
f 706/190/155 542/191/158 43/192/159 543/193/160
f 540/185/152 706/188/155 543/194/160 42/186/153
f 34/144/117 527/151/124 707/195/161 542/189/156
f 527/151/124 35/150/123 544/196/162 707/195/161
f 707/197/161 544/198/162 44/199/163 545/200/164
f 542/191/156 707/197/161 545/200/164 43/192/159
f 35/201/123 529/202/128 708/203/165 544/198/162
f 36/204/127 530/205/166 709/206/167 546/207/168
f 709/208/167 547/209/169 46/210/170 548/211/171
f 37/212/172 532/162/133 711/213/173 552/214/174
f 532/162/175 38/161/176 550/215/177 711/213/173
f 552/214/178 711/213/179 551/216/180 47/217/181
f 537/218/141 40/219/182 555/220/183 713/221/184
f 40/219/140 539/222/150 714/223/185 555/220/186
f 539/224/150 41/225/148 557/226/187 714/227/185
f 714/227/185 557/226/187 51/228/188 558/229/189
f 555/220/183 714/223/185 558/230/190 50/231/191
f 41/225/148 541/232/154 715/233/192 557/226/187
f 541/234/154 42/235/153 559/236/193 715/237/192
f 715/233/192 559/238/193 52/239/194 560/240/195
f 557/226/187 715/233/192 560/240/196 51/228/188
f 42/235/153 543/241/160 716/242/197 559/236/198
f 543/241/199 43/243/159 561/244/200 716/242/197
f 716/242/197 561/244/200 53/245/201 562/246/202
f 559/238/193 716/247/197 562/248/203 52/239/194
f 43/243/204 545/249/164 717/250/205 561/244/200
f 561/244/200 717/250/205 564/251/206 53/245/201
f 548/211/171 46/210/170 566/252/207 718/253/208
f 718/253/208 566/252/207 56/254/209 567/255/210
f 46/210/170 549/256/211 719/257/212 566/252/207
f 549/256/213 37/258/214 552/259/178 719/257/212
f 560/240/195 52/239/215 568/260/216 720/261/217
f 52/239/215 562/248/218 721/262/219 568/260/216
f 562/248/220 53/263/201 570/264/221 721/262/222
f 721/262/222 570/264/223 59/265/224 571/266/225
f 568/260/226 721/262/222 571/266/225 58/267/227
f 53/263/201 564/268/206 722/269/228 570/264/223
f 722/269/228 572/270/229 60/271/230 573/272/231
f 570/264/221 722/269/228 573/272/231 59/265/224
f 723/273/232 574/274/233 61/275/234 575/276/235
f 55/277/236 567/255/237 724/278/238 574/274/239
f 724/278/238 576/279/240 62/280/241 577/281/242
f 574/274/239 724/278/238 577/281/242 61/275/243
f 174/282/244 578/283/245 725/284/246 580/285/247
f 173/286/248 579/287/249 725/284/250 578/283/245
f 175/288/251 580/285/247 725/284/252 579/287/249
f 176/289/253 581/290/254 726/291/255 582/292/256
f 174/282/244 580/293/247 726/291/257 581/290/254
f 175/294/251 582/295/256 726/296/257 580/297/247
f 177/298/258 583/299/259 727/300/260 584/301/261
f 176/289/262 582/302/256 727/300/263 583/299/259
f 175/303/251 584/304/261 727/305/263 582/306/256
f 178/307/264 585/308/265 728/309/266 586/310/267
f 177/298/268 584/311/261 728/309/266 585/308/269
f 175/312/251 586/310/270 728/309/266 584/311/261
f 179/313/271 587/314/272 729/315/273 588/316/274
f 178/317/264 586/318/267 729/319/273 587/320/275
f 175/321/251 588/322/274 729/319/273 586/318/267
f 180/323/276 589/324/277 730/325/278 590/326/279
f 179/327/271 588/328/274 730/329/278 589/330/277
f 175/331/251 590/332/279 730/329/278 588/328/274
f 181/333/280 591/334/281 731/335/282 592/336/283
f 180/323/276 590/337/284 731/335/282 591/334/281
f 175/338/251 592/339/283 731/340/282 590/341/279
f 182/342/285 593/343/286 732/344/287 594/345/288
f 181/333/280 592/346/283 732/347/287 593/348/286
f 175/349/251 594/350/288 732/347/287 592/346/283
f 183/351/289 595/352/290 733/353/291 596/354/292
f 182/342/285 594/355/288 733/353/293 595/352/290
f 175/356/251 596/354/292 733/353/294 594/355/288
f 173/357/248 597/358/295 734/359/296 579/360/249
f 183/361/297 596/362/292 734/359/296 597/358/295
f 175/363/251 579/364/249 734/365/296 596/366/292
f 59/265/224 600/367/298 736/368/299 571/266/225
f 61/275/300 601/369/301 737/370/302 575/276/235
f 62/280/241 602/371/303 738/372/304 577/281/242
f 61/275/300 577/281/242 738/372/304 601/373/301
f 2/2/2 464/1/1 739/374/305 605/375/306
f 464/376/1 1/377/307 603/377/308 739/378/309
f 739/379/305 603/380/308 63/380/310 604/379/311
f 605/375/312 739/374/309 604/374/313 64/375/314
f 3/7/7 468/5/315 740/381/316 607/382/317
f 468/5/315 2/2/2 605/375/306 740/381/316
f 740/381/316 605/375/312 64/375/314 606/381/318
f 607/382/317 740/381/316 606/381/318 65/382/319
f 4/383/14 471/384/12 741/385/320 609/386/321
f 471/384/12 3/387/7 607/388/317 741/385/320
f 741/385/320 607/388/322 65/388/319 608/385/323
f 609/386/321 741/385/324 608/385/325 66/386/326
f 5/389/20 474/390/18 742/391/327 611/392/328
f 474/390/18 4/393/14 609/394/321 742/391/327
f 742/395/327 609/386/329 66/386/326 610/395/330
f 611/317/328 742/395/327 610/395/331 67/317/332
f 6/396/25 477/397/21 743/398/333 613/399/334
f 477/397/21 5/389/20 611/392/328 743/398/335
f 743/398/333 611/392/328 67/392/332 612/398/336
f 613/399/334 743/398/333 612/398/337 68/399/338
f 7/40/31 480/400/29 744/401/339 615/402/340
f 480/403/29 6/396/25 613/399/334 744/404/341
f 744/404/339 613/399/334 68/399/342 614/404/343
f 615/402/340 744/401/341 614/401/344 69/402/345
f 8/45/38 483/44/36 745/405/346 617/406/347
f 483/41/36 7/40/31 615/402/340 745/407/346
f 745/407/346 615/402/340 69/402/345 616/407/348
f 617/408/347 745/407/346 616/407/348 70/408/349
f 9/50/41 486/409/350 746/410/351 619/411/352
f 486/409/350 8/45/38 617/406/347 746/410/353
f 746/412/351 617/408/347 70/408/354 618/412/355
f 619/411/352 746/410/353 618/410/356 71/411/357
f 10/413/358 489/51/359 747/414/360 621/415/361
f 489/51/42 9/50/41 619/411/352 747/414/360
f 747/414/362 619/411/352 71/411/357 620/414/363
f 621/351/361 747/416/364 620/416/365 72/351/366
f 1/417/307 492/418/367 748/419/368 603/417/369
f 748/420/368 621/351/361 72/351/366 622/420/370
f 603/421/369 748/420/368 622/420/371 63/421/310
f 112/282/372 623/422/373 749/422/374 626/282/375
f 623/422/376 103/286/377 624/286/378 749/422/379
f 749/423/379 624/424/378 73/424/380 625/423/381
f 626/425/375 749/426/374 625/426/381 74/425/382
f 111/427/383 627/428/384 750/428/385 629/427/386
f 627/429/384 112/282/372 626/282/375 750/429/385
f 750/428/385 626/425/375 74/425/382 628/428/387
f 629/289/386 750/429/388 628/429/387 75/289/389
f 110/430/390 630/431/391 751/431/392 632/430/393
f 630/431/391 111/432/383 629/432/386 751/431/392
f 751/431/392 629/432/386 75/432/389 631/431/394
f 632/430/393 751/431/392 631/431/394 76/430/395
f 109/433/396 633/434/397 752/434/398 635/433/399
f 633/435/400 110/430/390 632/430/393 752/435/398
f 752/434/398 632/436/393 76/436/401 634/434/402
f 635/433/403 752/434/398 634/434/402 77/433/404
f 108/437/405 636/438/406 753/438/407 638/437/408
f 636/438/406 109/433/396 635/433/403 753/438/407
f 753/438/407 635/433/403 77/433/409 637/438/410
f 638/437/408 753/438/407 637/438/411 78/437/412
f 107/439/413 639/440/414 754/440/415 641/439/416
f 639/440/414 108/437/417 638/437/418 754/440/415
f 754/441/415 638/442/408 78/442/412 640/441/419
f 641/439/420 754/440/415 640/440/419 79/439/421
f 106/443/422 642/444/423 755/444/424 644/443/425
f 642/444/423 107/445/413 641/445/420 755/444/424
f 755/446/424 641/439/420 79/439/421 643/446/426
f 644/447/425 755/446/424 643/446/426 80/447/427
f 105/448/428 645/449/429 756/449/430 647/448/431
f 645/449/432 106/443/422 644/443/425 756/449/430
f 756/449/430 644/443/425 80/443/427 646/449/433
f 647/448/434 756/449/430 646/449/435 81/448/436
f 104/450/437 648/451/438 757/451/439 650/450/440
f 648/451/441 105/448/428 647/448/434 757/451/442
f 757/451/439 647/448/431 81/448/443 649/451/444
f 650/361/440 757/452/439 649/452/444 82/361/445
f 103/453/377 651/454/446 758/454/447 624/453/448
f 651/455/446 104/361/449 650/361/450 758/455/447
f 758/454/447 650/456/450 82/456/445 652/454/451
f 624/357/378 758/455/447 652/455/451 73/357/380
f 74/457/382 625/458/381 759/458/452 655/457/453
f 625/422/381 73/286/380 653/286/454 759/422/452
f 759/426/452 653/459/454 83/459/455 654/426/456
f 655/425/453 759/426/452 654/426/456 84/425/457
f 75/289/389 628/429/387 760/429/458 657/289/459
f 628/428/387 74/425/382 655/425/453 760/428/458
f 760/429/458 655/282/453 84/282/457 656/429/460
f 657/289/459 760/429/458 656/429/461 85/289/462
f 76/460/395 631/461/394 761/461/463 659/460/464
f 631/462/394 75/427/389 657/427/459 761/462/463
f 761/463/463 657/289/465 85/289/462 658/463/466
f 659/298/464 761/463/463 658/463/466 86/298/467
f 77/307/404 634/464/402 762/464/468 661/307/469
f 634/435/402 76/430/401 659/430/464 762/435/468
f 762/464/468 659/298/464 86/298/467 660/464/470
f 661/307/471 762/464/472 660/464/470 87/307/473
f 78/313/412 637/465/410 763/465/474 663/313/475
f 637/466/411 77/467/404 661/467/469 763/466/474
f 763/465/476 661/307/469 87/307/477 662/465/478
f 663/313/475 763/465/479 662/465/478 88/313/480
f 79/323/481 640/468/419 764/468/482 665/323/483
f 640/468/484 78/313/412 663/313/475 764/468/482
f 764/401/485 663/327/486 88/327/480 664/401/487
f 665/402/483 764/401/482 664/401/487 89/402/488
f 80/333/427 643/469/426 765/469/489 667/333/490
f 643/469/426 79/323/421 665/323/483 765/469/489
f 765/407/489 665/402/483 89/402/488 666/407/491
f 667/408/490 765/407/489 666/407/491 90/408/492
f 81/470/443 646/471/493 766/471/494 669/470/495
f 646/471/493 80/333/427 667/333/496 766/471/494
f 766/412/494 667/408/496 90/408/492 668/412/497
f 669/342/498 766/412/494 668/412/499 91/342/500
f 82/450/501 649/451/444 767/451/502 671/450/503
f 649/451/444 81/448/436 669/448/504 767/451/505
f 767/452/506 669/470/495 91/470/507 670/452/508
f 671/361/503 767/452/505 670/452/509 92/361/510
f 73/357/380 652/455/451 768/455/511 653/357/454
f 652/472/451 82/450/445 671/450/503 768/472/511
f 768/455/511 671/361/503 92/361/510 672/455/512
f 653/473/454 768/472/511 672/472/512 83/473/455
f 142/474/513 224/423/514 769/423/515 227/474/516
f 224/475/514 133/476/517 225/476/518 769/475/519
f 769/475/515 225/476/520 93/476/521 226/475/522
f 227/474/516 769/423/515 226/423/522 94/474/523
f 141/477/524 228/478/525 770/478/526 230/477/527
f 228/478/525 142/474/513 227/474/516 770/478/526
f 770/478/526 227/474/516 94/474/523 229/478/528
f 230/477/529 770/478/526 229/478/528 95/477/530
f 140/479/531 231/480/532 771/480/533 233/479/534
f 231/481/532 141/482/524 230/482/529 771/481/533
f 771/461/533 230/477/535 95/477/530 232/461/536
f 233/479/534 771/480/533 232/480/536 96/479/537
f 139/433/538 234/434/539 772/434/540 236/433/541
f 234/434/539 140/436/531 233/436/534 772/434/542
f 772/434/543 233/436/534 96/436/537 235/434/544
f 236/433/545 772/434/542 235/434/544 97/433/546
f 138/437/547 237/438/548 773/438/549 239/437/550
f 237/438/548 139/433/551 236/433/545 773/438/549
f 773/438/552 236/433/545 97/433/546 238/438/553
f 239/437/550 773/438/549 238/438/554 98/437/555
f 137/439/556 240/440/557 774/440/558 242/439/559
f 240/440/557 138/437/560 239/437/550 774/440/558
f 774/440/558 239/437/550 98/437/555 241/440/561
f 242/439/559 774/440/558 241/440/561 99/439/562
f 136/447/563 243/446/564 775/446/565 245/447/566
f 243/446/564 137/439/556 242/439/559 775/446/567
f 775/483/568 242/484/559 99/484/562 244/483/569
f 245/447/566 775/446/568 244/446/570 100/447/571
f 135/485/572 246/486/573 776/486/574 248/485/575
f 246/486/573 136/487/576 245/487/566 776/486/577
f 776/486/578 245/487/566 100/487/571 247/486/579
f 248/485/575 776/486/574 247/486/580 101/485/581
f 134/488/582 249/489/583 777/489/584 251/488/585
f 249/489/583 135/485/572 248/485/586 777/489/584
f 777/489/584 248/485/575 101/485/587 250/489/588
f 251/456/589 777/490/584 250/490/588 102/456/590
f 133/491/591 252/492/592 778/492/593 225/491/520
f 252/492/594 134/493/582 251/493/585 778/492/593
f 778/494/593 251/488/585 102/488/590 253/494/595
f 225/491/518 778/492/593 253/492/595 93/491/521
f 114/357/596 254/455/597 779/455/598 257/357/599
f 254/420/597 113/351/600 255/351/601 779/420/598
f 779/455/598 255/361/601 115/361/602 256/455/603
f 257/453/599 779/454/598 256/454/603 116/453/604
f 113/351/605 258/416/606 780/416/607 255/351/601
f 258/452/608 117/470/609 259/470/610 780/452/607
f 780/452/607 259/470/611 118/470/612 260/452/613
f 255/450/601 780/451/614 260/451/613 115/450/615
f 117/411/609 261/410/616 781/410/617 259/411/611
f 261/412/616 119/408/618 262/408/619 781/412/620
f 781/410/617 262/406/619 120/406/621 263/410/622
f 259/411/611 781/410/617 263/410/622 118/411/623
f 119/406/618 264/405/624 782/405/625 262/406/626
f 264/407/624 121/402/627 265/402/628 782/407/625
f 782/469/625 265/323/629 122/323/630 266/469/631
f 262/443/619 782/444/625 266/444/631 120/443/621
f 121/402/627 267/401/632 783/401/633 265/402/629
f 267/401/634 123/327/635 268/327/636 783/401/633
f 783/441/633 268/442/636 124/442/637 269/441/638
f 265/495/629 783/441/633 269/441/638 122/495/630
f 123/442/635 270/466/639 784/466/640 268/442/636
f 270/465/641 125/307/642 271/307/643 784/465/640
f 784/466/640 271/467/644 126/467/645 272/466/646
f 268/442/636 784/466/640 272/466/646 124/442/637
f 125/467/642 273/435/647 785/435/648 271/467/644
f 273/435/649 127/430/650 274/430/651 785/435/648
f 785/464/648 274/298/652 128/298/653 275/464/654
f 271/307/643 785/464/655 275/464/656 126/307/645
f 127/430/650 276/431/657 786/431/658 274/430/652
f 276/463/657 129/289/659 277/289/660 786/463/658
f 786/431/661 277/432/660 130/432/662 278/431/663
f 274/298/651 786/463/658 278/463/664 128/298/665
f 129/289/659 279/429/666 787/429/667 277/289/660
f 279/429/666 131/282/668 280/282/669 787/429/667
f 787/429/667 280/282/670 132/282/671 281/429/672
f 277/289/673 787/429/667 281/429/674 130/289/675
f 131/375/668 282/374/676 788/374/677 280/375/669
f 282/422/676 114/286/596 257/286/599 788/422/678
f 788/422/677 257/286/599 116/286/604 283/422/679
f 280/282/669 788/422/677 283/422/679 132/282/680
f 63/421/310 622/420/370 789/420/681 285/421/682
f 622/420/370 72/351/366 284/351/683 789/420/684
f 789/420/684 284/351/683 113/351/685 254/420/597
f 285/421/682 789/420/681 254/420/597 114/421/596
f 104/361/437 651/455/446 790/455/686 287/361/687
f 651/455/688 103/357/377 286/357/689 790/455/686
f 790/455/686 286/357/689 116/357/604 256/455/603
f 287/361/687 790/455/690 256/455/603 115/361/691
f 72/351/366 620/416/365 791/416/692 284/351/683
f 620/416/365 71/342/357 288/342/693 791/416/692
f 791/416/692 288/342/694 117/342/695 258/416/608
f 284/351/696 791/416/692 258/416/608 113/351/685
f 105/496/428 648/490/441 792/490/697 289/496/698
f 648/452/441 104/361/699 287/361/687 792/452/697
f 792/452/697 287/361/687 115/361/691 260/452/700
f 289/470/698 792/452/697 260/452/613 118/470/623
f 71/342/357 618/412/701 793/412/702 288/342/693
f 618/412/356 70/408/349 290/408/703 793/412/702
f 793/412/702 290/408/703 119/408/618 261/412/616
f 288/342/694 793/412/702 261/412/704 117/342/695
f 106/497/422 645/498/432 794/498/705 291/497/706
f 645/471/429 105/470/707 289/470/698 794/471/705
f 794/471/705 289/470/698 118/470/708 263/471/622
f 291/497/706 794/498/705 263/498/709 120/497/621
f 70/408/349 616/407/348 795/407/710 290/408/703
f 616/407/348 69/402/345 292/402/711 795/407/712
f 795/407/712 292/402/711 121/402/713 264/407/624
f 290/408/703 795/407/714 264/407/715 119/408/618
f 107/439/716 642/446/717 796/446/718 293/439/719
f 642/469/720 106/333/422 291/333/706 796/469/718
f 796/444/721 291/443/706 120/443/621 266/444/631
f 293/323/719 796/469/718 266/469/631 122/323/630
f 69/402/345 614/401/343 797/401/722 292/402/711
f 614/401/723 68/327/338 294/327/724 797/401/722
f 797/401/722 294/327/724 123/327/635 267/401/632
f 292/402/711 797/401/722 267/401/634 121/402/713
f 108/442/417 639/441/414 798/441/725 295/442/726
f 639/441/414 107/495/716 293/495/719 798/441/725
f 798/441/725 293/495/727 122/495/630 269/441/638
f 295/313/726 798/468/725 269/468/638 124/313/728
f 68/327/338 612/499/336 799/499/729 294/327/730
f 612/499/336 67/317/332 296/317/731 799/499/729
f 799/499/729 296/317/731 125/317/642 270/499/732
f 294/327/724 799/499/729 270/499/641 123/327/635
f 109/467/396 636/466/733 800/466/734 297/467/735
f 636/438/406 108/437/405 295/437/726 800/438/734
f 800/466/734 295/442/726 124/442/728 272/466/736
f 297/467/735 800/466/734 272/466/736 126/467/645
f 67/317/332 610/395/331 801/395/737 296/317/738
f 610/395/331 66/386/326 298/386/739 801/395/740
f 801/395/740 298/386/739 127/386/650 273/395/649
f 296/317/738 801/395/737 273/395/649 125/317/642
f 110/430/390 633/435/397 802/435/741 299/430/742
f 633/464/400 109/307/396 297/307/735 802/464/741
f 802/435/741 297/467/735 126/467/645 275/435/656
f 299/430/742 802/435/741 275/435/656 128/430/653
f 66/386/326 608/385/323 803/385/743 298/386/744
f 608/385/325 65/388/319 300/388/745 803/385/746
f 803/385/746 300/388/745 129/388/659 276/385/657
f 298/386/744 803/385/743 276/385/657 127/386/650
f 111/289/747 630/463/391 804/463/748 301/289/749
f 630/463/391 110/298/750 299/298/751 804/463/752
f 804/463/748 299/298/753 128/298/665 278/463/664
f 301/289/754 804/463/748 278/463/755 130/289/675
f 65/388/319 606/500/756 805/500/757 300/388/745
f 606/500/756 64/501/314 302/501/758 805/500/757
f 805/500/757 302/501/758 131/501/668 279/500/666
f 300/388/745 805/500/757 279/500/666 129/388/659
f 112/282/759 627/429/760 806/429/761 303/282/762
f 627/429/384 111/289/383 301/289/749 806/429/761
f 806/429/761 301/289/749 130/289/763 281/429/764
f 303/282/762 806/429/761 281/429/764 132/282/680
f 64/501/314 604/379/311 807/379/765 302/501/758
f 604/379/313 63/380/310 285/380/766 807/379/767
f 807/379/767 285/380/766 114/380/596 282/379/676
f 302/501/758 807/379/765 282/379/676 131/501/668
f 103/286/768 623/422/376 808/422/769 286/286/689
f 623/422/373 112/282/770 303/282/762 808/422/769
f 808/422/771 303/282/762 132/282/680 283/422/772
f 286/502/689 808/458/769 283/458/679 116/502/604
f 144/357/773 304/455/774 809/455/775 307/357/776
f 304/455/777 143/361/778 305/361/779 809/455/780
f 809/455/780 305/361/779 145/361/781 306/455/782
f 307/473/783 809/472/780 306/472/784 146/473/785
f 143/361/786 308/452/787 810/452/788 305/361/779
f 308/452/789 147/470/790 309/470/791 810/452/788
f 810/452/788 309/470/791 148/470/792 310/452/793
f 305/450/779 810/451/788 310/451/793 145/450/781
f 147/470/794 311/471/795 811/471/796 309/470/797
f 311/471/798 149/333/799 312/333/800 811/471/801
f 811/471/801 312/333/800 150/333/802 313/471/803
f 309/470/797 811/471/801 313/471/803 148/470/792
f 149/408/799 314/407/804 812/407/805 312/408/800
f 314/469/806 151/323/807 315/323/808 812/469/805
f 812/407/805 315/402/808 152/402/809 316/407/810
f 312/333/800 812/469/805 316/469/810 150/333/802
f 151/402/807 317/401/811 813/401/812 315/402/813
f 317/468/811 153/313/814 318/313/815 813/468/812
f 813/441/812 318/442/815 154/442/816 319/441/817
f 315/402/808 813/401/812 319/401/817 152/402/809
f 153/327/814 320/499/818 814/499/819 318/327/815
f 320/499/818 155/317/820 321/317/821 814/499/819
f 814/466/819 321/467/821 156/467/822 322/466/823
f 318/442/815 814/466/819 322/466/824 154/442/816
f 155/317/820 323/395/825 815/395/826 321/317/827
f 323/464/825 157/298/828 324/298/829 815/464/826
f 815/464/830 324/298/831 158/298/832 325/464/833
f 321/467/827 815/435/826 325/435/833 156/467/822
f 157/298/834 326/463/835 816/463/836 324/298/829
f 326/463/837 159/289/838 327/289/839 816/463/836
f 816/463/836 327/289/840 160/289/841 328/463/842
f 324/298/831 816/463/836 328/463/842 158/298/832
f 159/289/838 329/429/843 817/429/844 327/289/840
f 329/429/845 161/282/846 330/282/847 817/429/844
f 817/429/844 330/282/847 162/282/848 331/429/849
f 327/289/840 817/429/844 331/429/850 160/289/841
f 161/282/851 332/422/852 818/422/853 330/282/847
f 332/422/854 144/286/855 307/286/776 818/422/856
f 818/422/856 307/286/776 146/286/857 333/422/858
f 330/282/847 818/422/856 333/422/858 162/282/848
f 83/357/455 672/455/512 819/455/859 335/357/860
f 672/455/512 92/361/510 334/361/861 819/455/862
f 819/420/859 334/351/861 143/351/786 304/420/863
f 335/357/864 819/455/865 304/455/863 144/357/855
f 134/488/582 252/494/592 820/494/866 337/488/867
f 252/492/592 133/491/517 336/491/868 820/492/869
f 820/472/869 336/473/870 146/473/857 306/472/784
f 337/456/867 820/454/869 306/454/871 145/456/781
f 92/351/510 670/416/509 821/416/872 334/351/861
f 670/416/509 91/342/507 338/342/873 821/416/874
f 821/416/872 338/342/873 147/342/790 308/416/787
f 334/351/861 821/416/874 308/416/787 143/351/786
f 135/485/572 249/489/583 822/489/875 339/485/876
f 249/451/583 134/450/582 337/450/867 822/451/875
f 822/452/875 337/361/867 145/361/781 310/452/793
f 339/470/876 822/452/875 310/452/793 148/470/877
f 91/342/878 668/412/499 823/412/879 338/342/880
f 668/471/499 90/333/492 340/333/881 823/471/879
f 823/412/879 340/408/881 149/408/799 311/412/795
f 338/342/880 823/412/882 311/412/795 147/342/790
f 136/333/563 246/471/573 824/471/883 341/333/884
f 246/486/573 135/485/572 339/485/876 824/486/883
f 824/471/883 339/470/876 148/470/877 313/471/803
f 341/443/884 824/449/885 313/449/803 150/443/802
f 90/408/492 666/407/491 825/407/886 340/408/881
f 666/407/491 89/402/488 342/402/887 825/407/886
f 825/407/888 342/402/887 151/402/807 314/407/889
f 340/333/881 825/469/888 314/469/806 149/333/799
f 137/439/556 243/446/890 826/446/891 343/439/892
f 243/446/890 136/447/563 341/447/884 826/446/891
f 826/469/891 341/333/884 150/333/802 316/469/810
f 343/439/893 826/446/891 316/446/810 152/439/809
f 89/402/488 664/401/894 827/401/895 342/402/887
f 664/401/487 88/327/480 344/327/896 827/401/897
f 827/401/895 344/327/898 153/327/899 317/401/811
f 342/402/887 827/401/897 317/401/811 151/402/807
f 138/442/900 240/441/901 828/441/902 345/442/903
f 240/440/557 137/439/904 343/439/893 828/440/902
f 828/441/902 343/495/892 152/495/809 319/441/817
f 345/437/903 828/440/902 319/440/905 154/437/816
f 88/327/906 662/499/478 829/499/907 344/327/898
f 662/465/478 87/307/473 346/307/908 829/465/907
f 829/465/909 346/307/908 155/307/820 320/465/818
f 344/327/898 829/499/907 320/499/818 153/327/814
f 139/433/551 237/438/548 830/438/910 347/433/911
f 237/438/912 138/437/547 345/437/903 830/438/910
f 830/465/910 345/313/903 154/313/816 322/465/913
f 347/433/914 830/438/910 322/438/824 156/433/822
f 87/307/473 660/464/470 831/464/915 346/307/908
f 660/464/470 86/298/916 348/298/917 831/464/915
f 831/464/915 348/298/917 157/298/918 323/464/919
f 346/307/908 831/464/920 323/464/919 155/307/820
f 140/436/531 234/434/539 832/434/921 349/436/922
f 234/434/539 139/433/551 347/433/923 832/434/921
f 832/435/924 347/467/923 156/467/822 325/435/925
f 349/436/922 832/434/921 325/434/833 158/436/926
f 86/298/467 658/463/466 833/463/927 348/298/917
f 658/463/466 85/289/462 350/289/928 833/463/929
f 833/463/927 350/289/930 159/289/838 326/463/931
f 348/298/917 833/463/927 326/463/837 157/298/932
f 141/503/524 231/504/532 834/504/933 351/503/934
f 231/480/532 140/479/935 349/479/922 834/480/933
f 834/431/933 349/430/922 158/430/832 328/431/842
f 351/477/934 834/461/936 328/461/937 160/477/841
f 85/289/462 656/429/461 835/429/938 350/289/930
f 656/429/461 84/282/457 352/282/939 835/429/938
f 835/429/940 352/282/939 161/282/941 329/429/843
f 350/289/930 835/429/940 329/429/845 159/289/838
f 142/474/942 228/478/525 836/478/943 353/474/944
f 228/478/525 141/477/524 351/477/945 836/478/946
f 836/428/946 351/427/945 160/427/841 331/428/849
f 353/282/944 836/429/946 331/429/849 162/282/848
f 84/282/947 654/422/456 837/422/948 352/282/939
f 654/422/949 83/286/950 335/286/864 837/422/948
f 837/422/948 335/286/860 144/286/951 332/422/854
f 352/282/939 837/422/948 332/422/854 161/282/952
f 133/502/591 224/458/514 838/458/953 336/502/870
f 224/426/514 142/425/942 353/425/944 838/426/953
f 838/426/953 353/425/944 162/425/954 333/426/858
f 336/424/955 838/423/953 333/423/858 146/424/857
f 185/282/956 354/422/957 839/422/958 357/282/959
f 354/422/957 184/286/960 355/286/961 839/422/958
f 839/422/958 355/286/962 186/286/963 356/422/964
f 357/282/959 839/422/958 356/422/965 187/282/966
f 188/289/967 358/429/968 840/429/969 360/289/970
f 358/429/968 185/282/956 357/282/959 840/429/969
f 840/429/969 357/282/959 187/282/971 359/429/972
f 360/289/970 840/429/969 359/429/973 189/289/974
f 190/298/975 361/463/976 841/463/977 363/298/978
f 361/463/976 188/289/967 360/289/970 841/463/979
f 841/463/977 360/289/970 189/289/980 362/463/981
f 363/298/978 841/463/977 362/463/981 191/298/982
f 192/307/983 364/464/984 842/464/985 366/307/986
f 364/464/987 190/298/975 363/298/978 842/464/985
f 842/464/988 363/298/978 191/298/982 365/464/989
f 366/307/986 842/464/985 365/464/989 193/307/990
f 194/313/991 367/465/992 843/465/993 369/313/994
f 367/465/995 192/307/983 366/307/986 843/465/993
f 843/465/993 366/307/986 193/307/996 368/465/997
f 369/313/994 843/465/993 368/465/997 195/313/998
f 196/323/999 370/468/1000 844/468/1001 372/323/1002
f 370/468/1000 194/313/991 369/313/994 844/468/1001
f 844/468/1001 369/313/994 195/313/998 371/468/1003
f 372/323/1002 844/468/1001 371/468/1004 197/323/1005
f 198/408/1006 373/407/1007 845/407/1008 375/408/1009
f 373/407/1007 196/402/999 372/402/1002 845/407/1008
f 845/469/1008 372/323/1002 197/323/1005 374/469/1010
f 375/333/1009 845/469/1008 374/469/1010 199/333/1011
f 200/470/1012 376/471/1013 846/471/1014 378/470/1015
f 376/412/1013 198/408/1016 375/408/1009 846/412/1014
f 846/471/1017 375/333/1009 199/333/1011 377/471/1018
f 378/470/1015 846/471/1017 377/471/1019 201/470/1020
f 202/361/1021 379/452/1022 847/452/1023 381/361/1024
f 379/452/1025 200/470/1026 378/470/1015 847/452/1027
f 847/452/1027 378/470/1015 201/470/1028 380/452/1029
f 381/361/1024 847/452/1027 380/452/1030 203/361/1031
f 184/473/960 382/472/1032 848/472/1033 355/473/962
f 382/455/1032 202/361/1021 381/361/1024 848/455/1033
f 848/455/1033 381/361/1034 203/361/1035 383/455/1036
f 355/357/962 848/455/1037 383/455/1036 186/357/963
f 164/282/1038 384/422/1039 849/422/1040 386/282/1041
f 384/422/1039 163/286/1042 385/286/1043 849/422/1040
f 849/422/1040 385/286/1044 173/286/248 578/283/245
f 386/282/1041 849/422/1040 578/283/1045 174/282/1046
f 165/289/1047 387/429/1048 850/429/1049 388/289/1050
f 387/429/1048 164/282/1038 386/282/1041 850/429/1051
f 850/429/1052 386/282/1041 174/282/244 581/290/254
f 388/289/1050 850/429/1053 581/290/254 176/289/262
f 166/298/1054 389/463/1055 851/463/1056 390/298/1057
f 389/463/1055 165/289/1058 388/289/1050 851/463/1056
f 851/463/1056 388/289/1050 176/289/262 583/299/259
f 390/298/1057 851/463/1056 583/299/259 177/298/1059
f 167/307/1060 391/464/1061 852/464/1062 392/307/1063
f 391/464/1061 166/298/1064 390/298/1057 852/464/1062
f 852/464/1062 390/298/1057 177/298/1059 585/308/265
f 392/307/1063 852/464/1062 585/308/265 178/307/264
f 168/313/1065 393/465/1066 853/465/1067 394/313/1068
f 393/465/1066 167/307/1069 392/307/1063 853/465/1070
f 853/465/1067 392/307/1063 178/307/264 587/314/275
f 394/313/1071 853/465/1070 587/314/275 179/313/271
f 169/402/1072 395/401/1073 854/401/1074 396/402/1075
f 395/468/1076 168/313/1065 394/313/1068 854/468/1077
f 854/401/1077 394/327/1071 179/327/271 589/330/277
f 396/323/1078 854/468/1079 589/324/277 180/323/276
f 170/333/1080 397/469/1081 855/469/1082 398/333/1083
f 397/469/1081 169/323/1072 396/323/1078 855/469/1082
f 855/407/1082 396/402/1078 180/402/1084 591/505/281
f 398/408/1085 855/407/1082 591/505/281 181/408/280
f 171/342/1086 399/412/1087 856/412/1088 400/342/1089
f 399/471/1087 170/333/1080 398/333/1085 856/471/1088
f 856/412/1088 398/408/1083 181/408/280 593/343/1090
f 400/470/1091 856/471/1088 593/348/1090 182/470/285
f 172/361/1092 401/452/1093 857/452/1094 402/361/1095
f 401/452/1093 171/470/1096 400/470/1091 857/452/1094
f 857/416/1094 400/342/1089 182/342/285 595/352/290
f 402/351/1095 857/416/1094 595/352/290 183/351/297
f 163/357/1042 403/455/1097 858/455/1098 385/357/1043
f 403/455/1097 172/361/1099 402/361/1095 858/455/1098
f 858/455/1098 402/361/1095 183/361/297 597/358/295
f 385/357/1043 858/455/1098 597/358/295 173/357/248
f 205/474/1100 404/423/1101 859/423/1102 407/474/1103
f 404/506/1104 204/507/1105 405/507/1106 859/506/1107
f 859/426/1102 405/459/1106 206/459/1108 406/426/1109
f 407/508/1103 859/509/1102 406/509/1109 207/508/1110
f 163/286/1042 384/422/1039 860/422/1111 409/286/1112
f 384/422/1039 164/282/1038 408/282/1113 860/422/1111
f 860/422/1111 408/282/1113 187/282/971 356/422/964
f 409/286/1114 860/422/1111 356/422/965 186/286/963
f 208/510/1115 410/511/1116 861/511/1117 412/510/1118
f 410/511/1116 205/512/1100 407/512/1103 861/511/1119
f 861/513/1117 407/457/1103 207/457/1120 411/513/1121
f 412/289/1122 861/429/1117 411/429/1123 209/289/1124
f 164/282/1038 387/429/1048 862/429/1125 408/282/1113
f 387/429/1048 165/289/1058 413/289/1126 862/429/1125
f 862/429/1125 413/289/1126 189/289/1127 359/429/972
f 408/282/1113 862/429/1125 359/429/972 187/282/1128
f 210/479/1129 414/480/1130 863/480/1131 416/479/1132
f 414/481/1130 208/482/1115 412/482/1118 863/481/1133
f 863/462/1133 412/427/1134 209/427/1124 415/462/1135
f 416/514/1132 863/481/1136 415/481/1135 211/514/1137
f 165/289/1058 389/463/1055 864/463/1138 413/289/1126
f 389/463/1055 166/298/1139 417/298/1140 864/463/1141
f 864/463/1141 417/298/1142 191/298/1143 362/463/981
f 413/289/1126 864/463/1141 362/463/981 189/289/974
f 212/433/1144 418/434/1145 865/434/1146 420/433/1147
f 418/434/1148 210/436/1149 416/436/1150 865/434/1146
f 865/434/1146 416/436/1132 211/436/1137 419/434/1151
f 420/467/1152 865/435/1146 419/435/1151 213/467/1153
f 166/298/1054 391/464/1061 866/464/1154 417/298/1155
f 391/464/1061 167/307/1060 421/307/1156 866/464/1157
f 866/464/1154 421/307/1156 193/307/990 365/464/1158
f 417/298/1140 866/464/1157 365/464/989 191/298/1159
f 214/437/1160 422/438/1161 867/438/1162 424/437/1163
f 422/438/1161 212/433/1164 420/433/1165 867/438/1166
f 867/438/1162 420/433/1167 213/433/1153 423/438/1168
f 424/442/1163 867/466/1162 423/466/1168 215/442/1169
f 167/307/1060 393/465/1066 868/465/1170 421/307/1156
f 393/465/1066 168/313/1065 425/313/1171 868/465/1172
f 868/465/1170 425/313/1173 195/313/998 368/465/1174
f 421/307/1156 868/465/1172 368/465/1174 193/307/990
f 216/439/1175 426/440/1176 869/440/1177 428/439/1178
f 426/440/1176 214/437/1160 424/437/1163 869/440/1177
f 869/441/1179 424/442/1163 215/442/1169 427/441/1180
f 428/439/1181 869/440/1177 427/440/1180 217/439/1182
f 168/313/1065 395/468/1183 870/468/1184 425/313/1171
f 395/468/1076 169/323/1072 429/323/1185 870/468/1184
f 870/468/1184 429/323/1185 197/323/1005 371/468/1003
f 425/313/1171 870/468/1184 371/468/1003 195/313/998
f 218/487/1186 430/483/1187 871/483/1188 432/487/1189
f 430/483/1187 216/484/1175 428/484/1178 871/483/1188
f 871/469/1188 428/323/1181 217/323/1182 431/469/1190
f 432/333/1191 871/469/1192 431/469/1190 219/333/1193
f 169/323/1072 397/469/1081 872/469/1194 429/323/1185
f 397/469/1081 170/333/1195 433/333/1196 872/469/1197
f 872/469/1194 433/333/1198 199/333/1011 374/469/1199
f 429/323/1185 872/469/1197 374/469/1010 197/323/1005
f 220/485/1200 434/486/1201 873/486/1202 436/485/1203
f 434/515/1201 218/447/1186 432/447/1191 873/515/1202
f 873/471/1202 432/333/1189 219/333/1193 435/471/1204
f 436/470/1203 873/471/1205 435/471/1204 221/470/1206
f 170/333/1080 399/471/1087 874/471/1207 433/333/1196
f 399/471/1087 171/470/1096 437/470/1208 874/471/1207
f 874/471/1207 437/470/1208 201/470/1020 377/471/1018
f 433/333/1198 874/471/1209 377/471/1019 199/333/1011
f 222/488/1210 438/489/1211 875/489/1212 440/488/1213
f 438/452/1211 220/470/1214 436/470/1203 875/452/1215
f 875/451/1216 436/448/1203 221/448/1206 439/451/1217
f 440/456/1213 875/490/1218 439/490/1219 223/456/1220
f 171/470/1086 401/452/1093 876/452/1221 437/470/1208
f 401/452/1093 172/361/1092 441/361/1222 876/452/1223
f 876/452/1224 441/361/1222 203/361/1225 380/452/1226
f 437/470/1208 876/452/1224 380/452/1226 201/470/1020
f 204/516/1227 442/494/1228 877/494/1229 405/516/1230
f 442/454/1228 222/456/1210 440/456/1213 877/454/1231
f 877/494/1232 440/488/1213 223/488/1220 443/494/1233
f 405/473/1230 877/472/1229 443/472/1233 206/473/1234
f 172/361/1099 403/455/1097 878/455/1235 441/361/1222
f 403/455/1097 163/357/1042 409/357/1112 878/455/1235
f 878/455/1235 409/357/1236 186/357/1237 383/455/1036
f 441/361/1222 878/455/1235 383/455/1238 203/361/1031
f 94/282/1239 226/422/1240 879/422/1241 445/282/1242
f 226/422/1240 93/286/521 444/286/1243 879/422/1244
f 879/422/1241 444/286/1245 204/286/1105 404/422/1101
f 445/457/1242 879/458/1241 404/458/1101 205/457/1100
f 184/286/960 354/422/1246 880/422/1247 447/286/1248
f 354/422/957 185/282/1249 446/282/1250 880/422/1251
f 880/426/1251 446/425/1250 207/425/1120 406/426/1252
f 447/286/1248 880/422/1253 406/422/1109 206/286/1234
f 95/289/1254 229/429/528 881/429/1255 448/289/1256
f 229/429/528 94/282/523 445/282/1242 881/429/1255
f 881/429/1255 445/282/1242 205/282/1257 410/429/1258
f 448/503/1259 881/517/1260 410/517/1261 208/503/1115
f 185/282/1249 358/429/968 882/429/1262 446/282/1250
f 358/429/968 188/289/967 449/289/1263 882/429/1262
f 882/429/1264 449/289/1263 209/289/1124 411/429/1121
f 446/282/1250 882/429/1264 411/429/1265 207/282/1266
f 96/298/537 232/463/536 883/463/1267 450/298/1268
f 232/463/536 95/289/1254 448/289/1269 883/463/1270
f 883/463/1271 448/289/1259 208/289/1115 414/463/1272
f 450/298/1268 883/463/1271 414/463/1130 210/298/1273
f 188/289/967 361/463/976 884/463/1274 449/289/1263
f 361/463/1275 190/298/975 451/298/1276 884/463/1274
f 884/463/1277 451/298/1276 211/298/1137 415/463/1135
f 449/289/1263 884/463/1277 415/463/1135 209/289/1124
f 97/307/1278 235/464/1279 885/464/1280 452/307/1281
f 235/464/544 96/298/1282 450/298/1268 885/464/1280
f 885/464/1280 450/298/1268 210/298/1129 418/464/1145
f 452/518/1281 885/519/1280 418/519/1145 212/518/1164
f 190/298/975 364/464/987 886/464/1283 451/298/1284
f 364/464/984 192/307/983 453/307/1285 886/464/1286
f 886/464/1283 453/307/1287 213/307/1153 419/464/1288
f 451/514/1276 886/520/1289 419/520/1288 211/514/1137
f 98/313/555 238/465/553 887/465/1290 454/313/1291
f 238/465/1292 97/307/546 452/307/1281 887/465/1293
f 887/465/1293 452/307/1281 212/307/1144 422/465/1161
f 454/313/1291 887/465/1293 422/465/1161 214/313/1160
f 192/307/983 367/465/992 888/465/1294 453/307/1287
f 367/465/992 194/313/991 455/313/1295 888/465/1296
f 888/466/1297 455/442/1298 215/442/1169 423/466/1168
f 453/433/1285 888/438/1294 423/438/1299 213/433/1153
f 99/323/562 241/468/561 889/468/1300 456/323/1301
f 241/468/1302 98/313/555 454/313/1303 889/468/1304
f 889/468/1305 454/313/1291 214/313/1306 426/468/1176
f 456/445/1307 889/521/1304 426/521/1176 216/445/1308
f 194/313/991 370/468/1309 890/468/1310 455/313/1295
f 370/468/1000 196/323/999 457/323/1311 890/468/1312
f 890/468/1312 457/323/1311 217/323/1182 427/468/1180
f 455/437/1295 890/440/1312 427/440/1180 215/437/1169
f 100/333/1313 244/469/1314 891/469/1315 458/333/1316
f 244/469/1314 99/323/562 456/323/1307 891/469/1317
f 891/444/1318 456/445/1307 216/445/1319 430/444/1320
f 458/497/1316 891/522/1321 430/522/1322 218/497/1186
f 196/323/999 373/469/1007 892/469/1323 457/323/1311
f 373/407/1007 198/408/1016 459/408/1324 892/407/1323
f 892/469/1323 459/333/1325 219/333/1193 431/469/1190
f 457/323/1311 892/469/1323 431/469/1190 217/323/1182
f 101/470/581 247/471/579 893/471/1326 460/470/1327
f 247/471/579 100/333/1328 458/333/1316 893/471/1326
f 893/498/1329 458/497/1316 218/497/1186 434/498/1330
f 460/523/1327 893/498/1326 434/498/1331 220/523/1214
f 198/333/1016 376/471/1013 894/471/1332 459/333/1325
f 376/471/1013 200/470/1026 461/470/1333 894/471/1332
f 894/449/1332 461/448/1334 221/448/1206 435/449/1204
f 459/443/1325 894/449/1332 435/449/1335 219/443/1193
f 102/361/1336 250/452/1337 895/452/1338 462/361/1339
f 250/452/1340 101/470/1341 460/470/1342 895/452/1343
f 895/524/1343 460/523/1327 220/523/1214 438/524/1344
f 462/361/1345 895/452/1343 438/452/1211 222/361/1210
f 200/470/1012 379/452/1025 896/452/1346 461/470/1334
f 379/452/1025 202/361/1021 463/361/1347 896/452/1346
f 896/452/1346 463/361/1348 223/361/1220 439/452/1217
f 461/525/1334 896/526/1349 439/526/1219 221/525/1206
f 93/357/521 253/455/595 897/455/1350 444/357/1351
f 253/455/1352 102/361/1336 462/361/1339 897/455/1353
f 897/455/1353 462/361/1345 222/361/1210 442/455/1228
f 444/357/1245 897/455/1353 442/455/1228 204/357/1227
f 202/450/1021 382/472/1354 898/472/1355 463/450/1347
f 382/455/1354 184/357/960 447/357/1248 898/455/1355
f 898/472/1355 447/473/1248 206/473/1356 443/472/1233
f 463/361/1347 898/455/1355 443/455/1233 223/361/1220
l 599 736
l 32 521
l 598 735
l 33 523
l 48 550
l 48 554
l 60 575
l 522 696
l 1 467
l 45 548
l 57 569
l 57 598
l 569 720
l 520 695
l 549 710
l 565 718
l 20 496
l 550 712
l 50 556
l 493 681
l 514 692
l 467 681
l 24 501
l 24 502
l 37 533
l 496 682
l 54 564
l 513 691
l 528 700
l 14 476
l 29 515
l 563 717
l 28 511
l 501 686
l 15 479
