# Blender 3.6.22
# www.blender.org
mtllib mesa_dados.mtl
o Wood_Poster_Diplay_Stand
v -0.705509 0.564035 0.750205
v -0.948090 0.563829 0.887400
v -0.992886 0.563791 0.912735
v -0.750304 0.563997 0.775540
v -0.969607 0.178613 0.953903
v -0.682397 0.181607 0.791079
v -0.997085 0.005572 0.976261
v -0.995175 0.004963 0.969480
v -0.992432 0.000609 0.974330
v -0.997627 0.005384 0.974805
v -0.997689 0.005214 0.973253
v -0.996779 0.004038 0.976305
v -0.997303 0.003803 0.974788
v -0.997346 0.003699 0.973351
v -0.996078 0.002656 0.976103
v -0.996612 0.002533 0.974642
v -0.996753 0.002624 0.973428
v -0.994963 0.003459 0.969856
v -0.994532 0.002163 0.970617
v -0.996401 0.004993 0.970452
v -0.996199 0.003445 0.970892
v -0.995750 0.002260 0.971581
v -0.997267 0.005079 0.971751
v -0.996994 0.003583 0.972102
v -0.996497 0.002542 0.972517
v -0.993792 0.000852 0.975065
v -0.995048 0.001557 0.975676
v -0.993202 0.000664 0.972969
v -0.994628 0.000947 0.973688
v -0.995753 0.001618 0.974290
v -0.993925 0.001199 0.971690
v -0.995248 0.001458 0.972477
v -0.996129 0.001958 0.973168
v -0.655688 0.004963 0.777520
v -0.648893 0.005572 0.779379
v -0.652946 0.000609 0.782370
v -0.654223 0.004993 0.776971
v -0.652664 0.005079 0.776898
v -0.655476 0.003459 0.777895
v -0.653943 0.003453 0.777365
v -0.652509 0.003586 0.777311
v -0.655046 0.002163 0.778656
v -0.653586 0.002258 0.778111
v -0.652404 0.002542 0.777953
v -0.649013 0.004038 0.779663
v -0.649548 0.002656 0.780160
v -0.649861 0.005384 0.778164
v -0.650038 0.003795 0.778441
v -0.650519 0.002536 0.778951
v -0.651159 0.005214 0.777310
v -0.651256 0.003695 0.777654
v -0.651492 0.002624 0.778202
v -0.653715 0.000664 0.781009
v -0.654438 0.001199 0.779730
v -0.651615 0.000852 0.781584
v -0.652376 0.000946 0.780155
v -0.653084 0.001455 0.779007
v -0.650445 0.001557 0.780823
v -0.651268 0.001621 0.779499
v -0.652036 0.001958 0.778604
v -1.032476 0.591174 0.913671
v -1.028423 0.596137 0.910680
v -1.032658 0.590681 0.909161
v -1.032568 0.592235 0.909181
v -1.031487 0.593564 0.908387
v -1.032205 0.593396 0.909366
v -1.032355 0.592708 0.913387
v -1.031821 0.594091 0.912890
v -1.033018 0.590986 0.912215
v -1.032881 0.592564 0.911868
v -1.032349 0.593837 0.911448
v -1.033080 0.590816 0.910663
v -1.032920 0.592351 0.910431
v -1.032462 0.593478 0.910276
v -1.029163 0.595706 0.909370
v -1.029801 0.594832 0.908242
v -1.029754 0.595894 0.911466
v -1.030551 0.595412 0.910139
v -1.031089 0.594591 0.909083
v -1.030924 0.595190 0.912227
v -1.031604 0.594750 0.910893
v -1.031918 0.594144 0.909875
v -0.684284 0.591174 0.716789
v -0.688936 0.596137 0.718720
v -0.685252 0.590986 0.715574
v -0.686550 0.590816 0.714720
v -0.684590 0.592708 0.716745
v -0.685624 0.592554 0.715506
v -0.686827 0.592348 0.714739
v -0.685291 0.594091 0.716947
v -0.686260 0.593839 0.715750
v -0.687200 0.593478 0.715051
v -0.689327 0.593561 0.714911
v -0.688055 0.590681 0.714308
v -0.688080 0.592239 0.714397
v -0.688113 0.593396 0.714801
v -0.687576 0.595894 0.717985
v -0.686321 0.595190 0.717375
v -0.689677 0.595706 0.717410
v -0.688291 0.595413 0.716621
v -0.687115 0.594754 0.716108
v -0.690315 0.594832 0.716282
v -0.688928 0.594588 0.715608
v -0.687825 0.594144 0.715310
v -0.928494 0.004963 0.931776
v -0.921694 0.005567 0.933633
v -0.925939 0.000609 0.936733
v -0.927028 0.004992 0.931226
v -0.925468 0.005077 0.931153
v -0.928340 0.003459 0.932184
v -0.926808 0.003453 0.931654
v -0.925371 0.003585 0.931599
v -0.927963 0.002163 0.932975
v -0.926500 0.002258 0.932428
v -0.925309 0.002541 0.932264
v -0.921874 0.004034 0.933950
v -0.922461 0.002653 0.934478
v -0.922663 0.005380 0.932418
v -0.922901 0.003792 0.932729
v -0.923431 0.002534 0.933267
v -0.923962 0.005211 0.931565
v -0.924118 0.003693 0.931942
v -0.924396 0.002622 0.932514
v -0.926700 0.000665 0.935366
v -0.927397 0.001200 0.934072
v -0.924599 0.000851 0.935940
v -0.925349 0.000945 0.934505
v -0.926033 0.001455 0.933343
v -0.923401 0.001555 0.935164
v -0.924216 0.001620 0.933835
v -0.924966 0.001957 0.932930
v -0.722370 0.004963 0.815224
v -0.719439 0.000609 0.819968
v -0.724283 0.005567 0.822008
v -0.722099 0.003459 0.815567
v -0.721615 0.002163 0.816298
v -0.723596 0.004992 0.816197
v -0.723334 0.003444 0.816603
v -0.722836 0.002260 0.817264
v -0.724463 0.005077 0.817497
v -0.724131 0.003582 0.817814
v -0.723592 0.002541 0.818206
v -0.720808 0.000851 0.820709
v -0.722091 0.001555 0.821335
v -0.720217 0.000665 0.818612
v -0.721655 0.000947 0.819338
v -0.722806 0.001617 0.819954
v -0.720967 0.001200 0.817348
v -0.722300 0.001459 0.818141
v -0.723199 0.001957 0.818843
v -0.724824 0.005380 0.820552
v -0.724886 0.005211 0.818999
v -0.723918 0.004034 0.822018
v -0.724441 0.003800 0.820500
v -0.724485 0.003697 0.819064
v -0.723164 0.002653 0.821786
v -0.723700 0.002531 0.820326
v -0.723849 0.002622 0.819116
v -0.759782 0.596137 0.758779
v -0.761160 0.594831 0.756341
v -0.760522 0.595706 0.757470
v -0.957578 0.596137 0.870621
v -0.958318 0.595706 0.869312
v -0.958956 0.594831 0.868183
v -0.992199 0.006791 0.984901
v -0.987547 0.001828 0.982970
v -0.985404 0.007400 0.986760
v -0.991894 0.005257 0.984944
v -0.991192 0.003874 0.984743
v -0.991231 0.006979 0.986116
v -0.990863 0.005401 0.986178
v -0.990229 0.004128 0.985938
v -0.989933 0.007149 0.986970
v -0.989652 0.005614 0.986952
v -0.989283 0.004487 0.986639
v -0.986807 0.002259 0.984280
v -0.986169 0.003134 0.985408
v -0.988907 0.002071 0.983705
v -0.988181 0.002553 0.985073
v -0.987553 0.003374 0.986078
v -0.990162 0.002775 0.984316
v -0.989369 0.003215 0.985586
v -0.988658 0.003821 0.986380
v -0.986869 0.007370 0.987309
v -0.988428 0.007284 0.987382
v -0.985431 0.005836 0.986712
v -0.986959 0.005760 0.987251
v -0.988400 0.005730 0.987295
v -0.985694 0.004367 0.986247
v -0.987162 0.004401 0.986778
v -0.988371 0.004569 0.986889
v -0.712599 0.007400 0.832504
v -0.719398 0.006786 0.830648
v -0.714553 0.001828 0.828608
v -0.714064 0.007369 0.833054
v -0.715624 0.007282 0.833127
v -0.712567 0.005837 0.832423
v -0.714094 0.005760 0.832962
v -0.715537 0.005729 0.833007
v -0.712777 0.004368 0.831928
v -0.714248 0.004401 0.832461
v -0.715466 0.004568 0.832577
v -0.719033 0.005253 0.830658
v -0.718278 0.003871 0.830426
v -0.718429 0.006975 0.831862
v -0.718000 0.005398 0.831890
v -0.717317 0.004126 0.831623
v -0.717130 0.007146 0.832716
v -0.716790 0.005612 0.832665
v -0.716379 0.004486 0.832328
v -0.713822 0.002260 0.829922
v -0.713210 0.003135 0.831066
v -0.715923 0.002070 0.829349
v -0.715207 0.002553 0.830722
v -0.714604 0.003374 0.831742
v -0.717206 0.002774 0.829975
v -0.716422 0.003214 0.831250
v -0.715729 0.003820 0.832054
v -0.645917 0.007400 0.794800
v -0.648060 0.001828 0.791010
v -0.644008 0.006791 0.788019
v -0.645944 0.005836 0.794752
v -0.646207 0.004367 0.794287
v -0.644692 0.007370 0.793828
v -0.644702 0.005752 0.793726
v -0.644998 0.004404 0.793308
v -0.643826 0.007284 0.792529
v -0.643914 0.005726 0.792505
v -0.644278 0.004569 0.792324
v -0.646730 0.002071 0.790224
v -0.645560 0.002775 0.789463
v -0.647320 0.002259 0.792320
v -0.645929 0.002552 0.791539
v -0.644884 0.003211 0.790795
v -0.646682 0.003134 0.793448
v -0.645390 0.003377 0.792607
v -0.644566 0.003821 0.791815
v -0.643466 0.006979 0.789474
v -0.643403 0.007149 0.791027
v -0.644128 0.005257 0.788303
v -0.643599 0.005411 0.789829
v -0.643562 0.005617 0.791255
v -0.644662 0.003874 0.788800
v -0.644135 0.004126 0.790248
v -0.644022 0.004487 0.791414
v -0.679399 0.592393 0.725429
v -0.684051 0.597356 0.727359
v -0.681308 0.593002 0.732210
v -0.679704 0.593927 0.725385
v -0.680406 0.595309 0.725587
v -0.678857 0.592581 0.726885
v -0.679185 0.594170 0.726893
v -0.679870 0.595429 0.727043
v -0.678794 0.592751 0.728437
v -0.679139 0.594270 0.728343
v -0.679730 0.595341 0.728262
v -0.683281 0.597301 0.728721
v -0.682558 0.596766 0.730000
v -0.682691 0.597113 0.726625
v -0.681859 0.597019 0.728014
v -0.681240 0.596510 0.729212
v -0.681436 0.596408 0.726014
v -0.680726 0.596344 0.727403
v -0.680355 0.596008 0.728522
v -0.680083 0.592972 0.731238
v -0.679217 0.592886 0.729939
v -0.681521 0.594506 0.731834
v -0.680276 0.594512 0.730794
v -0.679490 0.594379 0.729593
v -0.681951 0.595803 0.731073
v -0.680732 0.595707 0.730104
v -0.679986 0.595423 0.729173
v -0.949950 0.593002 0.884111
v -0.952692 0.597356 0.879261
v -0.950162 0.594506 0.883736
v -0.950593 0.595803 0.882974
v -0.951199 0.596766 0.881901
v -0.951923 0.597301 0.880621
v -1.020795 0.593002 0.924170
v -1.023538 0.597356 0.919320
v -1.027590 0.592393 0.922311
v -1.021008 0.594506 0.923795
v -1.021438 0.595803 0.923034
v -1.022260 0.592973 0.924719
v -1.022533 0.594521 0.924320
v -1.022892 0.595705 0.923580
v -1.023819 0.592886 0.924792
v -1.023979 0.594382 0.924377
v -1.024079 0.595423 0.923737
v -1.024868 0.597113 0.920106
v -1.026038 0.596408 0.920867
v -1.022768 0.597301 0.920681
v -1.024119 0.597018 0.921532
v -1.025215 0.596347 0.922186
v -1.022045 0.596766 0.921960
v -1.023401 0.596507 0.922688
v -1.024447 0.596008 0.923086
v -1.026622 0.592581 0.923526
v -1.025324 0.592751 0.924380
v -1.027470 0.593927 0.922027
v -1.026441 0.594162 0.923258
v -1.025231 0.594266 0.924036
v -1.026936 0.595310 0.921529
v -1.025959 0.595432 0.922741
v -1.024991 0.595341 0.923488
v -0.918723 0.007400 0.949055
v -0.921054 0.001828 0.945372
v -0.916809 0.006786 0.942273
v -0.918809 0.005837 0.949041
v -0.919124 0.004368 0.948605
v -0.917496 0.007369 0.948083
v -0.917567 0.005751 0.948016
v -0.917912 0.004404 0.947625
v -0.916630 0.007282 0.946784
v -0.916777 0.005724 0.946793
v -0.917182 0.004568 0.946636
v -0.919713 0.002070 0.944580
v -0.918516 0.002774 0.943804
v -0.920305 0.002260 0.946677
v -0.918902 0.002552 0.945890
v -0.917831 0.003210 0.945131
v -0.919641 0.003135 0.947790
v -0.918338 0.003378 0.946944
v -0.917495 0.003820 0.946141
v -0.916268 0.006975 0.943729
v -0.916206 0.007146 0.945282
v -0.916988 0.005253 0.942590
v -0.916461 0.005408 0.944117
v -0.916423 0.005615 0.945542
v -0.917576 0.003871 0.943118
v -0.917047 0.004124 0.944564
v -0.916925 0.004486 0.945725
v -0.754896 0.597356 0.767419
v -0.752154 0.593002 0.772269
v -0.754127 0.597301 0.768779
v -0.753403 0.596766 0.770059
v -0.752797 0.595803 0.771132
v -0.752366 0.594506 0.771894
v -0.816188 0.103895 0.854318
v -0.813463 0.099541 0.859179
v -0.815981 0.102391 0.854697
v -0.815555 0.101094 0.855461
v -0.814952 0.100130 0.856536
v -0.814231 0.099595 0.857817
v -0.723371 0.015052 0.814368
v -0.725238 0.015190 0.821191
v -0.724583 0.014936 0.815353
v -0.725438 0.014891 0.816664
v -0.725851 0.014922 0.818174
v -0.725782 0.015025 0.819733
v -0.726276 0.020683 0.821003
v -0.724482 0.020936 0.814166
v -0.726823 0.020537 0.819545
v -0.726902 0.020489 0.817983
v -0.726506 0.020545 0.816470
v -0.725672 0.020699 0.815155
v -0.727589 0.026119 0.820978
v -0.725864 0.026655 0.814140
v -0.728139 0.025987 0.819520
v -0.728228 0.025980 0.817958
v -0.727847 0.026098 0.816446
v -0.727032 0.026331 0.815130
v -0.729173 0.031481 0.821118
v -0.727530 0.032296 0.814287
v -0.729728 0.031363 0.819660
v -0.729828 0.031395 0.818099
v -0.729465 0.031575 0.816588
v -0.728673 0.031885 0.815274
v -0.731022 0.036750 0.821420
v -0.729476 0.037839 0.814605
v -0.731582 0.036645 0.819963
v -0.731696 0.036717 0.818405
v -0.731354 0.036957 0.816897
v -0.730589 0.037344 0.815588
v -0.733132 0.041909 0.821885
v -0.731695 0.043266 0.815095
v -0.733697 0.041817 0.820430
v -0.733827 0.041927 0.818874
v -0.733509 0.042227 0.817372
v -0.732774 0.042688 0.816070
v -0.735493 0.046940 0.822511
v -0.734179 0.048559 0.815753
v -0.736064 0.046861 0.821057
v -0.736212 0.047008 0.819506
v -0.735921 0.047366 0.818011
v -0.735221 0.047900 0.816718
v -0.738099 0.051826 0.823295
v -0.736921 0.053699 0.816578
v -0.738677 0.051759 0.821843
v -0.738843 0.051942 0.820298
v -0.738583 0.052357 0.818812
v -0.737920 0.052962 0.817530
v -0.740940 0.056551 0.824236
v -0.739910 0.058670 0.817567
v -0.741525 0.056496 0.822786
v -0.741713 0.056714 0.821248
v -0.741485 0.057182 0.819772
v -0.740864 0.057856 0.818504
v -0.744007 0.061098 0.825328
v -0.743137 0.063453 0.818717
v -0.744600 0.061055 0.823881
v -0.744810 0.061306 0.822352
v -0.744618 0.061827 0.820889
v -0.744041 0.062567 0.819636
v -0.747290 0.065452 0.826570
v -0.746590 0.068034 0.820023
v -0.747891 0.065420 0.825126
v -0.748126 0.065704 0.823606
v -0.747971 0.066275 0.822157
v -0.747442 0.067078 0.820923
v -0.750777 0.069599 0.827957
v -0.750259 0.072397 0.821482
v -0.751387 0.069578 0.826517
v -0.751647 0.069892 0.825006
v -0.751533 0.070511 0.823574
v -0.751054 0.071374 0.822360
v -0.754457 0.073524 0.829484
v -0.754130 0.076526 0.823089
v -0.755076 0.073513 0.828048
v -0.755364 0.073856 0.826549
v -0.755291 0.074520 0.825134
v -0.754866 0.075440 0.823942
v -0.758317 0.077215 0.831146
v -0.758190 0.080408 0.824837
v -0.758946 0.077212 0.829714
v -0.759262 0.077583 0.828227
v -0.759234 0.078289 0.826831
v -0.758865 0.079263 0.825663
v -0.762344 0.080658 0.832938
v -0.762427 0.084031 0.826722
v -0.762983 0.080664 0.831510
v -0.763329 0.081060 0.830036
v -0.763347 0.081806 0.828661
v -0.763036 0.082830 0.827519
v -0.766524 0.083841 0.834852
v -0.766825 0.087380 0.828736
v -0.767174 0.083856 0.833429
v -0.767551 0.084275 0.831970
v -0.767617 0.085058 0.830617
v -0.767367 0.086128 0.829502
v -0.770844 0.086756 0.836884
v -0.771369 0.090446 0.830873
v -0.771505 0.086778 0.835466
v -0.771913 0.087219 0.834022
v -0.772029 0.088035 0.832692
v -0.771842 0.089147 0.831607
v -0.775288 0.089390 0.839025
v -0.776044 0.093218 0.833126
v -0.775960 0.089419 0.837613
v -0.776402 0.089879 0.836184
v -0.776569 0.090726 0.834879
v -0.776446 0.091876 0.833825
v -0.779842 0.091736 0.841269
v -0.780836 0.095686 0.835487
v -0.780526 0.091771 0.839863
v -0.781001 0.092249 0.838451
v -0.781221 0.093122 0.837171
v -0.781164 0.094307 0.836150
v -0.784490 0.093786 0.843608
v -0.785726 0.097842 0.837948
v -0.785186 0.093826 0.842208
v -0.785695 0.094318 0.840813
v -0.785969 0.095216 0.839561
v -0.785979 0.096430 0.838573
v -0.789217 0.095532 0.846035
v -0.790698 0.099679 0.840500
v -0.789925 0.095576 0.844640
v -0.790469 0.096082 0.843264
v -0.790797 0.096999 0.842039
v -0.790876 0.098239 0.841087
v -0.794006 0.096968 0.848540
v -0.795737 0.101190 0.843136
v -0.794726 0.097016 0.847152
v -0.795306 0.097533 0.845794
v -0.795689 0.098467 0.844598
v -0.795837 0.099727 0.843683
v -0.798842 0.098091 0.851116
v -0.800824 0.102371 0.845846
v -0.799574 0.098142 0.849735
v -0.800190 0.098667 0.848395
v -0.800628 0.099613 0.847230
v -0.800847 0.100890 0.846351
v -0.803707 0.098895 0.853754
v -0.805943 0.103217 0.848621
v -0.804452 0.098948 0.852379
v -0.805104 0.099479 0.851059
v -0.805598 0.100435 0.849924
v -0.805887 0.101723 0.849084
v -0.808586 0.099379 0.856444
v -0.811076 0.103726 0.851452
v -0.809344 0.099433 0.855077
v -0.810031 0.099968 0.853777
v -0.810582 0.100929 0.852672
v -0.810942 0.102224 0.851871
v -0.846633 0.103895 0.871534
v -0.843873 0.099541 0.876374
v -0.846416 0.102391 0.871906
v -0.845980 0.101094 0.872665
v -0.845370 0.100130 0.873736
v -0.844644 0.099595 0.875014
v -0.848730 0.099379 0.879143
v -0.851725 0.103726 0.874437
v -0.849512 0.099433 0.877789
v -0.850271 0.099968 0.876530
v -0.850934 0.100929 0.875489
v -0.851435 0.102224 0.874767
v -0.853550 0.098895 0.881937
v -0.856796 0.103217 0.877376
v -0.854344 0.098948 0.880590
v -0.855140 0.099479 0.879352
v -0.855858 0.100435 0.878343
v -0.856429 0.101723 0.877662
v -0.858319 0.098091 0.884747
v -0.861813 0.102371 0.880332
v -0.859125 0.098142 0.883407
v -0.859955 0.098667 0.882189
v -0.860728 0.099613 0.881213
v -0.861368 0.100890 0.880573
v -0.863019 0.096968 0.887563
v -0.866757 0.101190 0.883294
v -0.863837 0.097016 0.886230
v -0.864702 0.097533 0.885033
v -0.865529 0.098467 0.884089
v -0.866237 0.099727 0.883490
v -0.867634 0.095532 0.890375
v -0.871613 0.099679 0.886253
v -0.868464 0.095576 0.889050
v -0.869363 0.096082 0.887874
v -0.870244 0.096999 0.886962
v -0.871019 0.098239 0.886403
v -0.872150 0.093786 0.893175
v -0.876364 0.097842 0.889198
v -0.872992 0.093826 0.891857
v -0.873924 0.094318 0.890701
v -0.874856 0.095216 0.889822
v -0.875697 0.096430 0.889304
v -0.876550 0.091736 0.895952
v -0.880993 0.095686 0.892120
v -0.877403 0.091771 0.894641
v -0.878368 0.092249 0.893506
v -0.879351 0.093122 0.892658
v -0.880256 0.094307 0.892181
v -0.880821 0.089390 0.898698
v -0.885486 0.093218 0.895009
v -0.881685 0.089419 0.897394
v -0.882681 0.089879 0.896279
v -0.883713 0.090726 0.895463
v -0.884680 0.091876 0.895025
v -0.884947 0.086756 0.901402
v -0.889827 0.090446 0.897854
v -0.885821 0.086778 0.900105
v -0.886848 0.087219 0.899011
v -0.887928 0.088035 0.898226
v -0.888954 0.089147 0.897827
v -0.888914 0.083841 0.904057
v -0.894000 0.087380 0.900646
v -0.889799 0.083856 0.902766
v -0.890855 0.084275 0.901691
v -0.891980 0.085058 0.900937
v -0.893064 0.086128 0.900577
v -0.892710 0.080658 0.906652
v -0.897993 0.084031 0.903377
v -0.893604 0.080664 0.905368
v -0.894688 0.081060 0.904312
v -0.895857 0.081806 0.903588
v -0.896996 0.082830 0.903265
v -0.896321 0.077215 0.909179
v -0.901792 0.080409 0.906035
v -0.897224 0.077212 0.907902
v -0.898335 0.077583 0.906865
v -0.899545 0.078289 0.906169
v -0.900736 0.079263 0.905883
v -0.899734 0.073524 0.911630
v -0.905383 0.076526 0.908614
v -0.900646 0.073513 0.910359
v -0.901782 0.073856 0.909340
v -0.903032 0.074520 0.908673
v -0.904273 0.075440 0.908422
v -0.902939 0.069599 0.913996
v -0.908755 0.072397 0.911103
v -0.903859 0.069578 0.912731
v -0.905019 0.069892 0.911729
v -0.906306 0.070511 0.911089
v -0.907593 0.071374 0.910874
v -0.905925 0.065452 0.916269
v -0.911896 0.068034 0.913494
v -0.906853 0.065420 0.915010
v -0.908035 0.065704 0.914025
v -0.909356 0.066275 0.913411
v -0.910687 0.067078 0.913228
v -0.908682 0.061098 0.918442
v -0.914796 0.063453 0.915780
v -0.909616 0.061055 0.917188
v -0.910819 0.061306 0.916220
v -0.912171 0.061827 0.915631
v -0.913542 0.062567 0.915479
v -0.911199 0.056551 0.920507
v -0.917445 0.058670 0.917953
v -0.912140 0.056496 0.919259
v -0.913361 0.056714 0.918305
v -0.914743 0.057182 0.917740
v -0.916150 0.057856 0.917619
v -0.913470 0.051826 0.922457
v -0.919833 0.053699 0.920004
v -0.914416 0.051759 0.921214
v -0.915654 0.051942 0.920275
v -0.917062 0.052357 0.919732
v -0.918502 0.052962 0.919639
v -0.915485 0.046940 0.924286
v -0.921953 0.048559 0.921928
v -0.916437 0.046861 0.923047
v -0.917689 0.047008 0.922121
v -0.919120 0.047366 0.921600
v -0.920590 0.047900 0.921533
v -0.917238 0.041909 0.925987
v -0.923798 0.043266 0.923718
v -0.918195 0.041817 0.924752
v -0.919460 0.041927 0.923839
v -0.920911 0.042227 0.923337
v -0.922406 0.042688 0.923295
v -0.918724 0.036750 0.927555
v -0.925361 0.037839 0.925367
v -0.919684 0.036645 0.926324
v -0.920961 0.036717 0.925423
v -0.922429 0.036957 0.924939
v -0.923945 0.037344 0.924919
v -0.919937 0.031481 0.928984
v -0.926637 0.032296 0.926870
v -0.920900 0.031363 0.927757
v -0.922186 0.031395 0.926866
v -0.923668 0.031575 0.926398
v -0.925202 0.031885 0.926400
v -0.920873 0.026119 0.930269
v -0.927621 0.026655 0.928223
v -0.921838 0.025987 0.929046
v -0.923131 0.025980 0.928164
v -0.924624 0.026098 0.927712
v -0.926171 0.026331 0.927732
v -0.921529 0.020683 0.931407
v -0.928311 0.020936 0.929420
v -0.922496 0.020537 0.930186
v -0.923793 0.020489 0.929313
v -0.925294 0.020545 0.928874
v -0.926851 0.020699 0.928910
v -0.928712 0.015052 0.930476
v -0.921902 0.015190 0.932393
v -0.927243 0.014936 0.929945
v -0.925678 0.014891 0.929889
v -0.924172 0.014922 0.930313
v -0.922871 0.015025 0.931176
v -0.836863 0.106332 0.888814
v -0.838988 0.100759 0.885014
v -0.836884 0.104768 0.888763
v -0.837143 0.103298 0.888295
v -0.837613 0.102065 0.887454
v -0.838249 0.101191 0.886324
v -0.918941 0.017489 0.947756
v -0.917017 0.016409 0.941033
v -0.917711 0.017314 0.946802
v -0.916841 0.017096 0.945518
v -0.916415 0.016857 0.944031
v -0.916476 0.016620 0.942486
v -0.916643 0.021902 0.940047
v -0.918541 0.023373 0.946700
v -0.916101 0.022132 0.941496
v -0.916036 0.022424 0.943032
v -0.916456 0.022750 0.944503
v -0.917319 0.023077 0.945767
v -0.915987 0.027338 0.938909
v -0.917851 0.029092 0.945503
v -0.915443 0.027582 0.940355
v -0.915374 0.027915 0.941883
v -0.915786 0.028303 0.943341
v -0.916640 0.028709 0.944589
v -0.915051 0.032700 0.937624
v -0.916866 0.034733 0.944150
v -0.914505 0.032958 0.939067
v -0.914429 0.033330 0.940584
v -0.914830 0.033780 0.942028
v -0.915670 0.034263 0.943257
v -0.913838 0.037969 0.936195
v -0.915590 0.040277 0.942647
v -0.913289 0.038241 0.937634
v -0.913204 0.038652 0.939141
v -0.913591 0.039162 0.940568
v -0.914414 0.039722 0.941776
v -0.912353 0.043128 0.934627
v -0.914027 0.045704 0.940997
v -0.911799 0.043412 0.936062
v -0.911703 0.043862 0.937558
v -0.912074 0.044431 0.938967
v -0.912874 0.045066 0.940152
v -0.910599 0.048159 0.932926
v -0.912182 0.050997 0.939208
v -0.910042 0.048456 0.934357
v -0.909932 0.048943 0.935840
v -0.910283 0.049570 0.937230
v -0.911058 0.050278 0.938390
v -0.908584 0.053045 0.931097
v -0.910062 0.056137 0.937284
v -0.908021 0.053355 0.932523
v -0.907897 0.053877 0.933993
v -0.908224 0.054561 0.935362
v -0.908970 0.055340 0.936496
v -0.906314 0.057770 0.929147
v -0.907674 0.061107 0.935232
v -0.905745 0.058091 0.930568
v -0.905604 0.058649 0.932023
v -0.905905 0.059387 0.933370
v -0.906618 0.060234 0.934475
v -0.903796 0.062317 0.927082
v -0.905025 0.065891 0.933060
v -0.903221 0.062650 0.928498
v -0.903062 0.063241 0.929938
v -0.903334 0.064032 0.931261
v -0.904010 0.064945 0.932336
v -0.901040 0.066671 0.924909
v -0.902126 0.070472 0.930774
v -0.900458 0.067015 0.926320
v -0.900278 0.067639 0.927744
v -0.900518 0.068479 0.929041
v -0.901155 0.069456 0.930085
v -0.898054 0.070818 0.922636
v -0.898984 0.074834 0.928383
v -0.897464 0.071173 0.924041
v -0.897263 0.071827 0.925448
v -0.897468 0.072715 0.926719
v -0.898062 0.073752 0.927730
v -0.894849 0.074743 0.920270
v -0.895612 0.078964 0.925894
v -0.894251 0.075108 0.921669
v -0.894026 0.075791 0.923058
v -0.894194 0.076725 0.924302
v -0.894741 0.077818 0.925279
v -0.891435 0.078433 0.917819
v -0.892021 0.082846 0.923315
v -0.890829 0.078808 0.919212
v -0.890578 0.079518 0.920583
v -0.890707 0.080494 0.921799
v -0.891205 0.081641 0.922740
v -0.887824 0.081876 0.915292
v -0.888223 0.086468 0.920657
v -0.887209 0.082259 0.916678
v -0.886931 0.082995 0.918031
v -0.887019 0.084011 0.919217
v -0.887464 0.085208 0.920122
v -0.884029 0.085060 0.912697
v -0.884230 0.089818 0.917926
v -0.883403 0.085451 0.914076
v -0.883098 0.086211 0.915410
v -0.883142 0.087263 0.916567
v -0.883532 0.088506 0.917434
v -0.880062 0.087974 0.910042
v -0.880056 0.092883 0.915134
v -0.879426 0.088373 0.911415
v -0.879091 0.089154 0.912729
v -0.879090 0.090240 0.913855
v -0.879422 0.091525 0.914684
v -0.875936 0.090609 0.907338
v -0.875715 0.095655 0.912288
v -0.875289 0.091014 0.908704
v -0.874924 0.091814 0.909997
v -0.874875 0.092931 0.911093
v -0.875148 0.094254 0.911882
v -0.871665 0.092955 0.904592
v -0.871223 0.098123 0.909400
v -0.871008 0.093366 0.905951
v -0.870611 0.094184 0.907225
v -0.870513 0.095327 0.908288
v -0.870724 0.096684 0.909038
v -0.867265 0.095004 0.901815
v -0.866593 0.100279 0.906478
v -0.866596 0.095421 0.903167
v -0.866167 0.096253 0.904420
v -0.866019 0.097420 0.905451
v -0.866165 0.098808 0.906161
v -0.862749 0.096750 0.899015
v -0.861843 0.102116 0.903533
v -0.862069 0.097171 0.900360
v -0.861607 0.098017 0.901592
v -0.861406 0.099204 0.902592
v -0.861487 0.100616 0.903260
v -0.858133 0.098187 0.896203
v -0.856987 0.103627 0.900574
v -0.857442 0.098612 0.897540
v -0.856945 0.099468 0.898752
v -0.856691 0.100671 0.899719
v -0.856706 0.102105 0.900347
v -0.853433 0.099310 0.893387
v -0.852042 0.104808 0.897612
v -0.852730 0.099737 0.894717
v -0.852198 0.100602 0.895908
v -0.851891 0.101818 0.896842
v -0.851837 0.103268 0.897430
v -0.848665 0.100114 0.890577
v -0.847026 0.105655 0.894656
v -0.847949 0.100544 0.891900
v -0.847383 0.101414 0.893070
v -0.847020 0.102640 0.893973
v -0.846897 0.104101 0.894519
v -0.843844 0.100598 0.887783
v -0.841954 0.106164 0.891716
v -0.843117 0.101029 0.889099
v -0.842514 0.101903 0.890248
v -0.842096 0.103134 0.891119
v -0.841903 0.104602 0.891624
v -0.806417 0.106332 0.871598
v -0.808577 0.100759 0.867819
v -0.806449 0.104768 0.871554
v -0.806717 0.103298 0.871091
v -0.807195 0.102065 0.870255
v -0.807836 0.101191 0.869127
v -0.803701 0.100598 0.865084
v -0.801305 0.106164 0.868731
v -0.802949 0.101029 0.866386
v -0.802274 0.101903 0.867495
v -0.801744 0.103134 0.868302
v -0.801410 0.104602 0.868728
v -0.798822 0.100114 0.862394
v -0.796172 0.105655 0.865901
v -0.798057 0.100544 0.863689
v -0.797347 0.101414 0.864778
v -0.796760 0.102640 0.865554
v -0.796356 0.104101 0.865941
v -0.793956 0.099310 0.859756
v -0.791053 0.104808 0.863126
v -0.793179 0.099737 0.861044
v -0.792433 0.100602 0.862114
v -0.791790 0.101818 0.862859
v -0.791315 0.103268 0.863208
v -0.789121 0.098187 0.857180
v -0.785966 0.103627 0.860416
v -0.788331 0.098612 0.858462
v -0.787549 0.099468 0.859512
v -0.786851 0.100671 0.860228
v -0.786306 0.102105 0.860540
v -0.784332 0.096750 0.854675
v -0.780927 0.102116 0.857780
v -0.783530 0.097171 0.855950
v -0.782712 0.098017 0.856982
v -0.781959 0.099204 0.857669
v -0.781344 0.100616 0.857944
v -0.779605 0.095004 0.852248
v -0.775955 0.100279 0.855227
v -0.778791 0.095421 0.853518
v -0.777938 0.096253 0.854531
v -0.777131 0.097420 0.855191
v -0.776447 0.098808 0.855430
v -0.774957 0.092955 0.849909
v -0.771065 0.098123 0.852767
v -0.774131 0.093366 0.851172
v -0.773244 0.094184 0.852169
v -0.772383 0.095327 0.852801
v -0.771632 0.096684 0.853007
v -0.770403 0.090609 0.847665
v -0.766274 0.095655 0.850406
v -0.769565 0.091014 0.848923
v -0.768645 0.091814 0.849903
v -0.767731 0.092931 0.850509
v -0.766914 0.094254 0.850682
v -0.765958 0.087974 0.845524
v -0.761598 0.092883 0.848153
v -0.765110 0.088373 0.846776
v -0.764156 0.089154 0.847740
v -0.763192 0.090240 0.848322
v -0.762310 0.091525 0.848464
v -0.761639 0.085060 0.843492
v -0.757054 0.089818 0.846016
v -0.760779 0.085451 0.844739
v -0.759794 0.086211 0.845688
v -0.758779 0.087263 0.846247
v -0.757835 0.088506 0.846359
v -0.757458 0.081876 0.841577
v -0.752656 0.086468 0.844001
v -0.756588 0.082259 0.842820
v -0.755572 0.082995 0.843755
v -0.754509 0.084011 0.844291
v -0.753505 0.085208 0.844376
v -0.753431 0.078433 0.839786
v -0.748420 0.082846 0.842117
v -0.752551 0.078808 0.841024
v -0.751505 0.079518 0.841945
v -0.750396 0.080494 0.842461
v -0.749333 0.081641 0.842520
v -0.749572 0.074743 0.838124
v -0.744359 0.078964 0.840369
v -0.748681 0.075108 0.839357
v -0.747607 0.075791 0.840267
v -0.746454 0.076725 0.840764
v -0.745335 0.077818 0.840798
v -0.745892 0.070818 0.836597
v -0.740488 0.074834 0.838762
v -0.744992 0.071173 0.837827
v -0.743891 0.071827 0.838725
v -0.742695 0.072715 0.839204
v -0.741522 0.073751 0.839217
v -0.742405 0.066671 0.835210
v -0.736819 0.070472 0.837303
v -0.741496 0.067015 0.836436
v -0.740369 0.067639 0.837324
v -0.739133 0.068479 0.837787
v -0.737910 0.069456 0.837780
v -0.739122 0.062317 0.833968
v -0.733366 0.065891 0.835997
v -0.738205 0.062650 0.835191
v -0.737054 0.063241 0.836070
v -0.735780 0.064032 0.836519
v -0.734509 0.064945 0.836493
v -0.736055 0.057770 0.832875
v -0.730139 0.061107 0.834847
v -0.735130 0.058091 0.834095
v -0.733956 0.058649 0.834966
v -0.732647 0.059387 0.835402
v -0.731332 0.060234 0.835361
v -0.733214 0.053045 0.831935
v -0.727150 0.056137 0.833858
v -0.732282 0.053355 0.833153
v -0.731086 0.053877 0.834017
v -0.729745 0.054561 0.834442
v -0.728388 0.055340 0.834387
v -0.730608 0.048159 0.831151
v -0.724409 0.050997 0.833033
v -0.729669 0.048456 0.832367
v -0.728455 0.048943 0.833225
v -0.727083 0.049570 0.833641
v -0.725689 0.050278 0.833575
v -0.728246 0.043128 0.830525
v -0.721924 0.045704 0.832374
v -0.727302 0.043412 0.831739
v -0.726070 0.043862 0.832593
v -0.724671 0.044431 0.833002
v -0.723243 0.045066 0.832927
v -0.726137 0.037969 0.830060
v -0.719705 0.040277 0.831885
v -0.725187 0.038241 0.831273
v -0.723939 0.038652 0.832123
v -0.722517 0.039162 0.832527
v -0.721058 0.039722 0.832445
v -0.724287 0.032700 0.829758
v -0.717759 0.034733 0.831567
v -0.723333 0.032958 0.830970
v -0.722071 0.033330 0.831817
v -0.720627 0.033780 0.832218
v -0.719141 0.034263 0.832131
v -0.722703 0.027338 0.829618
v -0.716093 0.029092 0.831420
v -0.721744 0.027582 0.830830
v -0.720472 0.027915 0.831677
v -0.719009 0.028303 0.832075
v -0.717500 0.028709 0.831987
v -0.721390 0.021902 0.829643
v -0.714712 0.023373 0.831446
v -0.720428 0.022132 0.830855
v -0.719145 0.022424 0.831701
v -0.717668 0.022750 0.832100
v -0.716140 0.023077 0.832012
v -0.713600 0.017489 0.831647
v -0.720353 0.016409 0.829831
v -0.715051 0.017314 0.832210
v -0.716600 0.017096 0.832294
v -0.718094 0.016857 0.831892
v -0.719387 0.016620 0.831043
v -1.007432 0.176785 0.957962
v -1.005522 0.176176 0.951181
v -1.007974 0.176597 0.956506
v -1.008036 0.176427 0.954952
v -1.007614 0.176292 0.953452
v -1.006748 0.176206 0.952153
v -0.995754 0.178651 0.968456
v -1.002547 0.178004 0.966601
v -0.997218 0.178609 0.969007
v -0.998777 0.178512 0.969080
v -1.000280 0.178369 0.968670
v -1.001579 0.178194 0.967816
v -0.659240 0.176785 0.761079
v -0.666035 0.176176 0.759220
v -0.660208 0.176597 0.759865
v -0.661507 0.176427 0.759010
v -0.663011 0.176292 0.758599
v -0.664571 0.176206 0.758671
v -0.656265 0.178613 0.776500
v -0.654355 0.178004 0.769719
v -0.655039 0.178584 0.775528
v -0.654173 0.178497 0.774229
v -0.653750 0.178362 0.772729
v -0.653813 0.178192 0.771175
v -0.656443 0.181570 0.776184
v -0.654536 0.180998 0.769399
v -0.655219 0.181552 0.775211
v -0.654353 0.181476 0.773910
v -0.653931 0.181349 0.772409
v -0.653994 0.181185 0.770855
v -0.728574 0.564035 0.709414
v -0.971180 0.563829 0.846564
v -1.015980 0.563791 0.871891
v -0.773374 0.563997 0.734740
v -1.039259 0.178613 0.830723
v -0.751686 0.181607 0.668539
v -1.072581 0.005572 0.842743
v -1.065786 0.004963 0.844602
v -1.068529 0.000609 0.839752
v -1.071613 0.005384 0.843958
v -1.070315 0.005214 0.844812
v -1.072461 0.004038 0.842459
v -1.071432 0.003803 0.843690
v -1.070222 0.003699 0.844468
v -1.071927 0.002656 0.841962
v -1.070950 0.002533 0.843173
v -1.069983 0.002624 0.843920
v -1.065999 0.003459 0.844227
v -1.066429 0.002163 0.843466
v -1.067251 0.004993 0.845151
v -1.067524 0.003445 0.844752
v -1.067883 0.002260 0.844012
v -1.068810 0.005079 0.845224
v -1.068970 0.003583 0.844809
v -1.069070 0.002542 0.844169
v -1.069859 0.000852 0.840538
v -1.071030 0.001557 0.841299
v -1.067759 0.000664 0.841113
v -1.069111 0.000947 0.841964
v -1.070206 0.001618 0.842618
v -1.067036 0.001199 0.842392
v -1.068392 0.001458 0.843120
v -1.069438 0.001958 0.843518
v -0.726299 0.004963 0.652642
v -0.724390 0.005572 0.645861
v -0.729042 0.000609 0.647792
v -0.725074 0.004993 0.651670
v -0.724208 0.005079 0.650371
v -0.726512 0.003459 0.652266
v -0.725267 0.003453 0.651226
v -0.724481 0.003586 0.650025
v -0.726942 0.002163 0.651505
v -0.725723 0.002258 0.650536
v -0.724977 0.002542 0.649605
v -0.724696 0.004038 0.645818
v -0.725397 0.002656 0.646019
v -0.723848 0.005384 0.647317
v -0.724176 0.003795 0.647326
v -0.724861 0.002536 0.647475
v -0.723785 0.005214 0.648870
v -0.724130 0.003695 0.648775
v -0.724721 0.002624 0.648695
v -0.728272 0.000664 0.649153
v -0.727549 0.001199 0.650432
v -0.727682 0.000852 0.647057
v -0.726850 0.000946 0.648446
v -0.726231 0.001455 0.649644
v -0.726427 0.001557 0.646446
v -0.725717 0.001621 0.647835
v -0.725346 0.001958 0.648954
v -1.030481 0.590565 0.907041
v -1.037190 0.591174 0.905333
v -1.032538 0.596137 0.903402
v -1.031826 0.590595 0.907802
v -1.033419 0.590681 0.907814
v -1.030481 0.592129 0.907041
v -1.031869 0.592205 0.907826
v -1.033391 0.592235 0.907727
v -1.030481 0.593598 0.907041
v -1.032153 0.593564 0.907210
v -1.033362 0.593396 0.907321
v -1.036885 0.592708 0.905377
v -1.036183 0.594091 0.905175
v -1.036222 0.590986 0.906548
v -1.035854 0.592564 0.906610
v -1.035220 0.593837 0.906371
v -1.034924 0.590816 0.907402
v -1.034643 0.592351 0.907384
v -1.034274 0.593478 0.907071
v -1.031798 0.595706 0.904712
v -1.031160 0.594832 0.905840
v -1.033898 0.595894 0.904137
v -1.033172 0.595412 0.905505
v -1.032544 0.594591 0.906510
v -1.035153 0.595190 0.904748
v -1.034360 0.594750 0.906018
v -1.033649 0.594144 0.906812
v -0.688999 0.591174 0.708451
v -0.690994 0.590565 0.715081
v -0.693051 0.596137 0.711442
v -0.688457 0.590986 0.709907
v -0.688394 0.590816 0.711460
v -0.689119 0.592708 0.708735
v -0.688590 0.592554 0.710261
v -0.688553 0.592348 0.711687
v -0.689653 0.594091 0.709232
v -0.689126 0.593839 0.710680
v -0.689013 0.593478 0.711846
v -0.690994 0.592129 0.715081
v -0.690994 0.593598 0.715081
v -0.689649 0.590595 0.714320
v -0.689613 0.592214 0.714300
v -0.689989 0.593561 0.713740
v -0.688817 0.590681 0.712961
v -0.688905 0.592239 0.712937
v -0.689269 0.593396 0.712756
v -0.691721 0.595894 0.710656
v -0.690551 0.595190 0.709895
v -0.692311 0.595706 0.712752
v -0.690920 0.595413 0.711971
v -0.689875 0.594754 0.711227
v -0.691673 0.594832 0.713880
v -0.690381 0.594588 0.713039
v -0.689557 0.594144 0.712247
v -0.999105 0.004963 0.806898
v -0.997191 0.005567 0.800114
v -1.002036 0.000609 0.802154
v -0.997879 0.004992 0.805925
v -0.997012 0.005077 0.804625
v -0.999376 0.003459 0.806555
v -0.998132 0.003453 0.805516
v -0.997343 0.003585 0.804313
v -0.999859 0.002163 0.805824
v -0.998636 0.002258 0.804853
v -0.997882 0.002541 0.803916
v -0.997556 0.004034 0.800104
v -0.998311 0.002653 0.800336
v -0.996650 0.005380 0.801570
v -0.997039 0.003792 0.801613
v -0.997773 0.002534 0.801791
v -0.996588 0.005211 0.803123
v -0.996992 0.003693 0.803062
v -0.997625 0.002622 0.803006
v -1.001257 0.000665 0.803510
v -1.000508 0.001200 0.804774
v -1.000666 0.000851 0.801413
v -0.999823 0.000945 0.802796
v -0.999180 0.001455 0.803981
v -0.999383 0.001555 0.800787
v -0.998664 0.001620 0.802171
v -0.998275 0.001957 0.803280
v -0.792981 0.004963 0.690346
v -0.795535 0.000609 0.685390
v -0.799780 0.005567 0.688489
v -0.793134 0.003459 0.689938
v -0.793512 0.002163 0.689147
v -0.794446 0.004992 0.690896
v -0.794659 0.003444 0.690462
v -0.794969 0.002260 0.689695
v -0.796007 0.005077 0.690969
v -0.796108 0.003582 0.690521
v -0.796166 0.002541 0.689858
v -0.796876 0.000851 0.686182
v -0.798073 0.001555 0.686958
v -0.794774 0.000665 0.686756
v -0.796137 0.000947 0.687613
v -0.797258 0.001617 0.688282
v -0.794077 0.001200 0.688050
v -0.795444 0.001459 0.688783
v -0.796509 0.001957 0.689192
v -0.798811 0.005380 0.689704
v -0.797512 0.005211 0.690557
v -0.799601 0.004034 0.688172
v -0.798569 0.003800 0.689402
v -0.797361 0.003697 0.690180
v -0.799013 0.002653 0.687644
v -0.798038 0.002531 0.688857
v -0.797079 0.002622 0.689608
v -0.761839 0.590565 0.755140
v -0.763897 0.596137 0.751501
v -0.761839 0.592128 0.755140
v -0.761839 0.593598 0.755140
v -0.762518 0.594831 0.753939
v -0.763157 0.595706 0.752810
v -0.961693 0.596137 0.863343
v -0.959635 0.590565 0.866982
v -0.960952 0.595706 0.864652
v -0.960314 0.594831 0.865781
v -0.959635 0.593598 0.866982
v -0.959635 0.592128 0.866982
v -1.077467 0.006791 0.834103
v -1.073414 0.001828 0.831112
v -1.075557 0.007400 0.827322
v -1.077346 0.005257 0.833819
v -1.076812 0.003874 0.833322
v -1.078009 0.006979 0.832648
v -1.077872 0.005401 0.832300
v -1.077340 0.004128 0.831880
v -1.078071 0.007149 0.831095
v -1.077911 0.005614 0.830863
v -1.077453 0.004487 0.830708
v -1.074155 0.002259 0.829803
v -1.074793 0.003134 0.828674
v -1.074745 0.002071 0.831898
v -1.075542 0.002553 0.830571
v -1.076080 0.003374 0.829515
v -1.075915 0.002775 0.832659
v -1.076595 0.003215 0.831325
v -1.076909 0.003821 0.830307
v -1.076783 0.007370 0.828294
v -1.077649 0.007284 0.829593
v -1.075530 0.005836 0.827370
v -1.076780 0.005760 0.828401
v -1.077559 0.005730 0.829613
v -1.075267 0.004367 0.827835
v -1.076478 0.004401 0.828819
v -1.077196 0.004569 0.829798
v -0.802752 0.007400 0.673067
v -0.804666 0.006786 0.679849
v -0.800420 0.001828 0.676750
v -0.803978 0.007369 0.674039
v -0.804845 0.007282 0.675338
v -0.802666 0.005837 0.673081
v -0.803915 0.005760 0.674112
v -0.804697 0.005729 0.675325
v -0.802350 0.004368 0.673517
v -0.803565 0.004401 0.674502
v -0.804292 0.004568 0.675486
v -0.804486 0.005253 0.679532
v -0.803899 0.003871 0.679004
v -0.805207 0.006975 0.678393
v -0.805009 0.005398 0.678012
v -0.804428 0.004126 0.677564
v -0.805269 0.007146 0.676840
v -0.805049 0.005612 0.676575
v -0.804549 0.004486 0.676397
v -0.801169 0.002260 0.675445
v -0.801834 0.003135 0.674332
v -0.801761 0.002070 0.677542
v -0.802569 0.002553 0.676220
v -0.803132 0.003374 0.675178
v -0.802959 0.002774 0.678318
v -0.803647 0.003214 0.676989
v -0.803979 0.003820 0.675981
v -0.736070 0.007400 0.635362
v -0.733927 0.001828 0.639152
v -0.729275 0.006791 0.637221
v -0.736043 0.005836 0.635410
v -0.735780 0.004367 0.635875
v -0.734605 0.007370 0.634813
v -0.734524 0.005752 0.634874
v -0.734318 0.004404 0.635343
v -0.733046 0.007284 0.634741
v -0.733071 0.005726 0.634829
v -0.733104 0.004569 0.635233
v -0.732567 0.002071 0.638417
v -0.731312 0.002775 0.637807
v -0.734668 0.002259 0.637842
v -0.733282 0.002552 0.637053
v -0.732106 0.003211 0.636541
v -0.735306 0.003134 0.636714
v -0.733919 0.003377 0.636040
v -0.732816 0.003821 0.635742
v -0.730243 0.006979 0.636006
v -0.731542 0.007149 0.635152
v -0.729581 0.005257 0.637178
v -0.730615 0.005411 0.635938
v -0.731818 0.005617 0.635171
v -0.730282 0.003874 0.637379
v -0.731251 0.004126 0.636182
v -0.732191 0.004487 0.635483
v -0.693884 0.592393 0.699811
v -0.697937 0.597356 0.702802
v -0.700679 0.593002 0.697952
v -0.694004 0.593927 0.700095
v -0.694539 0.595309 0.700593
v -0.694852 0.592581 0.698596
v -0.695029 0.594170 0.698873
v -0.695510 0.595429 0.699383
v -0.696151 0.592751 0.697742
v -0.696247 0.594270 0.698086
v -0.696483 0.595341 0.698634
v -0.698706 0.597301 0.701441
v -0.699429 0.596766 0.700162
v -0.696606 0.597113 0.702016
v -0.697367 0.597019 0.700587
v -0.698075 0.596510 0.699439
v -0.695436 0.596408 0.701255
v -0.696260 0.596344 0.699931
v -0.697027 0.596008 0.699036
v -0.699214 0.592972 0.697403
v -0.697655 0.592886 0.697330
v -0.700467 0.594506 0.698328
v -0.698934 0.594512 0.697797
v -0.697500 0.594379 0.697743
v -0.700037 0.595803 0.699089
v -0.698577 0.595707 0.698544
v -0.697395 0.595423 0.698385
v -0.969321 0.593002 0.849853
v -0.966578 0.597356 0.854704
v -0.969108 0.594506 0.850229
v -0.968678 0.595803 0.850990
v -0.968071 0.596766 0.852063
v -0.967348 0.597301 0.853343
v -1.040166 0.593002 0.889912
v -1.037423 0.597356 0.894763
v -1.042076 0.592393 0.896693
v -1.039954 0.594506 0.890288
v -1.039523 0.595803 0.891049
v -1.041392 0.592973 0.890884
v -1.041190 0.594521 0.891324
v -1.040741 0.595705 0.892013
v -1.042258 0.592886 0.892183
v -1.041985 0.594382 0.892534
v -1.041488 0.595423 0.892949
v -1.038783 0.597113 0.895497
v -1.040039 0.596408 0.896108
v -1.038193 0.597301 0.893401
v -1.039619 0.597018 0.894120
v -1.040744 0.596347 0.894722
v -1.038916 0.596766 0.892123
v -1.040239 0.596507 0.892909
v -1.041120 0.596008 0.893600
v -1.042618 0.592581 0.895238
v -1.042680 0.592751 0.893685
v -1.041770 0.593927 0.896737
v -1.042295 0.594162 0.895220
v -1.042337 0.594266 0.893783
v -1.041069 0.595310 0.896535
v -1.041603 0.595432 0.895074
v -1.041744 0.595341 0.893860
v -1.008876 0.007400 0.789618
v -1.006921 0.001828 0.793514
v -1.002077 0.006786 0.791474
v -1.008907 0.005837 0.789699
v -1.008697 0.004368 0.790194
v -1.007410 0.007369 0.789068
v -1.007389 0.005751 0.789164
v -1.007232 0.004404 0.789660
v -1.005850 0.007282 0.788995
v -1.005934 0.005724 0.789116
v -1.006008 0.004568 0.789545
v -1.005551 0.002070 0.792773
v -1.004269 0.002774 0.792147
v -1.007653 0.002260 0.792200
v -1.006255 0.002552 0.791403
v -1.005053 0.003210 0.790876
v -1.008264 0.003135 0.791057
v -1.006868 0.003378 0.790376
v -1.005746 0.003820 0.790068
v -1.003046 0.006975 0.790260
v -1.004345 0.007146 0.789406
v -1.002441 0.005253 0.791464
v -1.003478 0.005408 0.790225
v -1.004680 0.005615 0.789458
v -1.003196 0.003871 0.791696
v -1.004163 0.004124 0.790497
v -1.005095 0.004486 0.789794
v -0.768782 0.597356 0.742861
v -0.771525 0.593002 0.738011
v -0.769552 0.597301 0.741501
v -0.770275 0.596766 0.740221
v -0.770882 0.595803 0.739148
v -0.771312 0.594506 0.738386
v -0.874841 0.103895 0.750588
v -0.877601 0.099541 0.745748
v -0.875059 0.102391 0.750216
v -0.875494 0.101094 0.749457
v -0.876105 0.100130 0.748386
v -0.876831 0.099595 0.747108
v -0.792763 0.015052 0.691646
v -0.799572 0.015190 0.689729
v -0.794232 0.014936 0.692177
v -0.795796 0.014891 0.692233
v -0.797302 0.014922 0.691809
v -0.798604 0.015025 0.690946
v -0.799946 0.020683 0.690715
v -0.793163 0.020936 0.692702
v -0.798979 0.020537 0.691936
v -0.797681 0.020489 0.692809
v -0.796181 0.020545 0.693248
v -0.794624 0.020699 0.693212
v -0.800602 0.026119 0.691853
v -0.793853 0.026655 0.693899
v -0.799636 0.025987 0.693076
v -0.798344 0.025980 0.693958
v -0.796851 0.026098 0.694411
v -0.795303 0.026331 0.694390
v -0.801538 0.031481 0.693138
v -0.794838 0.032296 0.695252
v -0.800575 0.031363 0.694365
v -0.799289 0.031395 0.695256
v -0.797807 0.031575 0.695724
v -0.796273 0.031885 0.695722
v -0.802751 0.036750 0.694567
v -0.796114 0.037839 0.696755
v -0.801790 0.036645 0.695798
v -0.800514 0.036717 0.696699
v -0.799045 0.036957 0.697183
v -0.797529 0.037344 0.697203
v -0.804236 0.041909 0.696135
v -0.797677 0.043266 0.698404
v -0.803280 0.041817 0.697370
v -0.802014 0.041927 0.698283
v -0.800563 0.042227 0.698785
v -0.799068 0.042688 0.698827
v -0.805990 0.046940 0.697836
v -0.799521 0.048559 0.700194
v -0.805038 0.046861 0.699075
v -0.803785 0.047008 0.700001
v -0.802354 0.047366 0.700522
v -0.800885 0.047900 0.700589
v -0.808005 0.051826 0.699665
v -0.801641 0.053699 0.702118
v -0.807058 0.051759 0.700908
v -0.805820 0.051942 0.701847
v -0.804412 0.052357 0.702390
v -0.802972 0.052962 0.702483
v -0.810275 0.056551 0.701615
v -0.804030 0.058670 0.704169
v -0.809334 0.056496 0.702863
v -0.808113 0.056714 0.703817
v -0.806731 0.057182 0.704382
v -0.805324 0.057856 0.704504
v -0.812793 0.061098 0.703680
v -0.806678 0.063453 0.706342
v -0.811858 0.061055 0.704934
v -0.810656 0.061306 0.705902
v -0.809303 0.061827 0.706491
v -0.807932 0.062567 0.706643
v -0.815549 0.065452 0.705853
v -0.809578 0.068034 0.708628
v -0.814622 0.065420 0.707112
v -0.813439 0.065704 0.708097
v -0.812118 0.066275 0.708711
v -0.810788 0.067078 0.708894
v -0.818535 0.069599 0.708126
v -0.812719 0.072397 0.711019
v -0.817615 0.069578 0.709391
v -0.816455 0.069892 0.710393
v -0.815168 0.070511 0.711033
v -0.813881 0.071374 0.711249
v -0.821740 0.073524 0.710492
v -0.816091 0.076526 0.713508
v -0.820828 0.073513 0.711763
v -0.819692 0.073856 0.712782
v -0.818442 0.074520 0.713449
v -0.817201 0.075440 0.713700
v -0.825154 0.077215 0.712943
v -0.819682 0.080408 0.716087
v -0.824251 0.077212 0.714220
v -0.823140 0.077583 0.715257
v -0.821929 0.078289 0.715953
v -0.820738 0.079263 0.716238
v -0.828765 0.080658 0.715470
v -0.823481 0.084031 0.718745
v -0.827871 0.080664 0.716754
v -0.826786 0.081060 0.717810
v -0.825617 0.081806 0.718534
v -0.824478 0.082830 0.718857
v -0.832560 0.083841 0.718065
v -0.827474 0.087380 0.721476
v -0.831676 0.083856 0.719356
v -0.830620 0.084275 0.720431
v -0.829494 0.085058 0.721185
v -0.828411 0.086128 0.721545
v -0.836528 0.086756 0.720720
v -0.831648 0.090446 0.724268
v -0.835653 0.086778 0.722017
v -0.834626 0.087219 0.723112
v -0.833547 0.088035 0.723897
v -0.832520 0.089147 0.724295
v -0.840653 0.089390 0.723424
v -0.835988 0.093218 0.727113
v -0.839790 0.089419 0.724728
v -0.838793 0.089879 0.725843
v -0.837761 0.090726 0.726659
v -0.836795 0.091876 0.727097
v -0.844924 0.091736 0.726170
v -0.840481 0.095686 0.730002
v -0.844071 0.091771 0.727481
v -0.843106 0.092249 0.728616
v -0.842123 0.093122 0.729464
v -0.841219 0.094307 0.729941
v -0.849324 0.093786 0.728947
v -0.845111 0.097842 0.732924
v -0.848483 0.093826 0.730265
v -0.847550 0.094318 0.731421
v -0.846618 0.095216 0.732300
v -0.845777 0.096430 0.732818
v -0.853840 0.095532 0.731747
v -0.849861 0.099679 0.735869
v -0.853010 0.095576 0.733072
v -0.852111 0.096082 0.734248
v -0.851231 0.096999 0.735160
v -0.850455 0.098239 0.735719
v -0.858456 0.096968 0.734559
v -0.854717 0.101190 0.738828
v -0.857638 0.097016 0.735892
v -0.856772 0.097533 0.737089
v -0.855945 0.098467 0.738033
v -0.855237 0.099727 0.738632
v -0.863156 0.098091 0.737375
v -0.859661 0.102371 0.741790
v -0.862349 0.098142 0.738715
v -0.861519 0.098667 0.739933
v -0.860746 0.099613 0.740909
v -0.860106 0.100890 0.741549
v -0.867924 0.098895 0.740185
v -0.864678 0.103217 0.744746
v -0.867130 0.098948 0.741532
v -0.866335 0.099479 0.742770
v -0.865617 0.100435 0.743779
v -0.865046 0.101723 0.744460
v -0.872745 0.099379 0.742979
v -0.869749 0.103726 0.747685
v -0.871963 0.099433 0.744333
v -0.871203 0.099968 0.745592
v -0.870541 0.100929 0.746633
v -0.870040 0.102224 0.747355
v -0.905287 0.103895 0.767804
v -0.908012 0.099541 0.762943
v -0.905494 0.102391 0.767425
v -0.905919 0.101094 0.766661
v -0.906522 0.100130 0.765586
v -0.907243 0.099595 0.764305
v -0.912888 0.099379 0.765678
v -0.910399 0.103726 0.770670
v -0.912131 0.099433 0.767045
v -0.911443 0.099968 0.768345
v -0.910893 0.100929 0.769450
v -0.910533 0.102224 0.770251
v -0.917767 0.098895 0.768368
v -0.915532 0.103217 0.773501
v -0.917022 0.098948 0.769743
v -0.916371 0.099479 0.771063
v -0.915876 0.100435 0.772198
v -0.915587 0.101723 0.773038
v -0.922633 0.098091 0.771006
v -0.920650 0.102371 0.776276
v -0.921900 0.098142 0.772387
v -0.921285 0.098667 0.773727
v -0.920846 0.099613 0.774892
v -0.920628 0.100890 0.775771
v -0.927468 0.096968 0.773582
v -0.925738 0.101190 0.778986
v -0.926748 0.097016 0.774970
v -0.926168 0.097533 0.776328
v -0.925786 0.098467 0.777524
v -0.925637 0.099727 0.778439
v -0.932257 0.095532 0.776087
v -0.930776 0.099679 0.781622
v -0.931550 0.095576 0.777482
v -0.931005 0.096082 0.778858
v -0.930678 0.096999 0.780083
v -0.930599 0.098239 0.781035
v -0.936984 0.093786 0.778514
v -0.935749 0.097842 0.784174
v -0.936288 0.093826 0.779914
v -0.935779 0.094318 0.781309
v -0.935506 0.095216 0.782561
v -0.935495 0.096430 0.783549
v -0.941633 0.091736 0.780853
v -0.940639 0.095686 0.786635
v -0.940949 0.091771 0.782259
v -0.940473 0.092249 0.783671
v -0.940254 0.093122 0.784951
v -0.940311 0.094307 0.785972
v -0.946186 0.089390 0.783097
v -0.945430 0.093218 0.788996
v -0.945514 0.089419 0.784509
v -0.945073 0.089879 0.785938
v -0.944905 0.090726 0.787243
v -0.945028 0.091876 0.788297
v -0.950631 0.086756 0.785238
v -0.950105 0.090446 0.791249
v -0.949970 0.086778 0.786656
v -0.949561 0.087219 0.788100
v -0.949445 0.088035 0.789430
v -0.949633 0.089147 0.790515
v -0.954951 0.083841 0.787270
v -0.954650 0.087380 0.793386
v -0.954301 0.083856 0.788693
v -0.953924 0.084275 0.790152
v -0.953857 0.085058 0.791505
v -0.954108 0.086128 0.792620
v -0.959131 0.080658 0.789185
v -0.959048 0.084031 0.795400
v -0.958492 0.080664 0.790612
v -0.958146 0.081060 0.792086
v -0.958127 0.081806 0.793461
v -0.958438 0.082830 0.794603
v -0.963158 0.077215 0.790976
v -0.963284 0.080409 0.797285
v -0.962529 0.077212 0.792408
v -0.962213 0.077583 0.793895
v -0.962241 0.078289 0.795291
v -0.962610 0.079263 0.796459
v -0.967018 0.073524 0.792638
v -0.967345 0.076526 0.799033
v -0.966398 0.073513 0.794074
v -0.966111 0.073856 0.795573
v -0.966183 0.074520 0.796988
v -0.966608 0.075440 0.798181
v -0.970697 0.069599 0.794165
v -0.971216 0.072397 0.800640
v -0.970087 0.069578 0.795605
v -0.969827 0.069892 0.797116
v -0.969942 0.070511 0.798548
v -0.970420 0.071374 0.799762
v -0.974184 0.065452 0.795552
v -0.974884 0.068034 0.802099
v -0.973583 0.065420 0.796996
v -0.973349 0.065704 0.798516
v -0.973504 0.066275 0.799965
v -0.974033 0.067078 0.801199
v -0.977467 0.061098 0.796794
v -0.978338 0.063453 0.803405
v -0.976874 0.061055 0.798241
v -0.976664 0.061306 0.799770
v -0.976857 0.061827 0.801233
v -0.977433 0.062567 0.802486
v -0.980534 0.056551 0.797886
v -0.981564 0.058670 0.804555
v -0.979949 0.056496 0.799336
v -0.979762 0.056714 0.800874
v -0.979990 0.057182 0.802350
v -0.980611 0.057856 0.803618
v -0.983375 0.051826 0.798827
v -0.984554 0.053699 0.805544
v -0.982798 0.051759 0.800279
v -0.982631 0.051942 0.801824
v -0.982892 0.052357 0.803310
v -0.983554 0.052962 0.804592
v -0.985981 0.046940 0.799611
v -0.987295 0.048559 0.806369
v -0.985410 0.046861 0.801065
v -0.985263 0.047008 0.802616
v -0.985554 0.047366 0.804111
v -0.986254 0.047900 0.805404
v -0.988343 0.041909 0.800237
v -0.989779 0.043266 0.807027
v -0.987778 0.041817 0.801692
v -0.987648 0.041927 0.803248
v -0.987966 0.042227 0.804750
v -0.988700 0.042688 0.806052
v -0.990452 0.036750 0.800701
v -0.991998 0.037839 0.807517
v -0.989892 0.036645 0.802159
v -0.989778 0.036717 0.803717
v -0.990120 0.036957 0.805225
v -0.990885 0.037344 0.806534
v -0.992302 0.031481 0.801004
v -0.993944 0.032296 0.807835
v -0.991747 0.031363 0.802462
v -0.991646 0.031395 0.804023
v -0.992010 0.031575 0.805534
v -0.992801 0.031885 0.806848
v -0.993886 0.026119 0.801144
v -0.995611 0.026655 0.807982
v -0.993335 0.025987 0.802602
v -0.993246 0.025980 0.804164
v -0.993628 0.026098 0.805676
v -0.994442 0.026331 0.806992
v -0.995199 0.020683 0.801119
v -0.996992 0.020936 0.807956
v -0.994651 0.020537 0.802577
v -0.994572 0.020489 0.804139
v -0.994969 0.020545 0.805652
v -0.995803 0.020699 0.806967
v -0.998104 0.015052 0.807754
v -0.996236 0.015190 0.800931
v -0.996891 0.014936 0.806769
v -0.996037 0.014891 0.805458
v -0.995624 0.014922 0.803948
v -0.995692 0.015025 0.802389
v -0.915057 0.106332 0.750524
v -0.912897 0.100759 0.754303
v -0.915025 0.104768 0.750568
v -0.914757 0.103298 0.751031
v -0.914279 0.102065 0.751867
v -0.913638 0.101191 0.752995
v -1.007874 0.017489 0.790475
v -1.001122 0.016409 0.792291
v -1.006423 0.017314 0.789913
v -1.004874 0.017096 0.789828
v -1.003381 0.016857 0.790230
v -1.002087 0.016620 0.791079
v -1.000084 0.021902 0.792479
v -1.006763 0.023373 0.790676
v -1.001046 0.022132 0.791268
v -1.002329 0.022424 0.790421
v -1.003806 0.022750 0.790022
v -1.005334 0.023077 0.790110
v -0.998771 0.027338 0.792504
v -1.005381 0.029092 0.790702
v -0.999730 0.027582 0.791292
v -1.001003 0.027915 0.790445
v -1.002465 0.028303 0.790047
v -1.003974 0.028709 0.790135
v -0.997187 0.032700 0.792364
v -1.003715 0.034733 0.790555
v -0.998142 0.032958 0.791152
v -0.999403 0.033330 0.790305
v -1.000847 0.033780 0.789904
v -1.002333 0.034263 0.789991
v -0.995337 0.037969 0.792062
v -1.001769 0.040277 0.790237
v -0.996287 0.038241 0.790849
v -0.997535 0.038652 0.789999
v -0.998958 0.039162 0.789595
v -1.000417 0.039722 0.789677
v -0.993228 0.043128 0.791597
v -0.999550 0.045704 0.789748
v -0.994173 0.043412 0.790383
v -0.995405 0.043862 0.789529
v -0.996803 0.044431 0.789120
v -0.998232 0.045066 0.789195
v -0.990867 0.048159 0.790971
v -0.997066 0.050997 0.789089
v -0.991805 0.048456 0.789755
v -0.993020 0.048943 0.788898
v -0.994391 0.049570 0.788481
v -0.995785 0.050278 0.788547
v -0.988261 0.053045 0.790187
v -0.994324 0.056137 0.788264
v -0.989193 0.053355 0.788969
v -0.990388 0.053877 0.788105
v -0.991730 0.054561 0.787680
v -0.993086 0.055340 0.787735
v -0.985420 0.057770 0.789247
v -0.991335 0.061107 0.787275
v -0.986344 0.058091 0.788027
v -0.987519 0.058649 0.787156
v -0.988827 0.059387 0.786720
v -0.990142 0.060234 0.786761
v -0.982352 0.062317 0.788154
v -0.988109 0.065891 0.786125
v -0.983269 0.062650 0.786931
v -0.984421 0.063241 0.786052
v -0.985694 0.064032 0.785603
v -0.986965 0.064945 0.785629
v -0.979070 0.066671 0.786912
v -0.984655 0.070472 0.784819
v -0.979978 0.067015 0.785686
v -0.981106 0.067639 0.784798
v -0.982341 0.068479 0.784335
v -0.983564 0.069456 0.784342
v -0.975583 0.070818 0.785525
v -0.980986 0.074834 0.783360
v -0.976482 0.071173 0.784295
v -0.977584 0.071827 0.783397
v -0.978779 0.072715 0.782918
v -0.979952 0.073752 0.782905
v -0.971903 0.074743 0.783998
v -0.977115 0.078964 0.781753
v -0.972793 0.075108 0.782765
v -0.973868 0.075791 0.781855
v -0.975021 0.076725 0.781359
v -0.976140 0.077818 0.781324
v -0.968043 0.078433 0.782336
v -0.973055 0.082846 0.780005
v -0.968924 0.078808 0.781098
v -0.969970 0.079518 0.780177
v -0.971078 0.080494 0.779661
v -0.972141 0.081641 0.779602
v -0.964016 0.081876 0.780545
v -0.968818 0.086468 0.778121
v -0.964887 0.082259 0.779302
v -0.965903 0.082995 0.778368
v -0.966965 0.084011 0.777831
v -0.967970 0.085208 0.777746
v -0.959836 0.085060 0.778630
v -0.964421 0.089818 0.776106
v -0.960696 0.085451 0.777383
v -0.961681 0.086211 0.776434
v -0.962695 0.087263 0.775876
v -0.963639 0.088506 0.775763
v -0.955516 0.087974 0.776599
v -0.959876 0.092883 0.773969
v -0.956365 0.088373 0.775346
v -0.957318 0.089154 0.774382
v -0.958283 0.090240 0.773800
v -0.959164 0.091525 0.773658
v -0.951072 0.090609 0.774457
v -0.955201 0.095655 0.771716
v -0.951909 0.091014 0.773199
v -0.952830 0.091814 0.772219
v -0.953743 0.092931 0.771613
v -0.954560 0.094254 0.771440
v -0.946518 0.092955 0.772213
v -0.950410 0.098123 0.769355
v -0.947344 0.093366 0.770950
v -0.948230 0.094184 0.769953
v -0.949091 0.095327 0.769321
v -0.949842 0.096684 0.769115
v -0.941870 0.095004 0.769874
v -0.945520 0.100279 0.766895
v -0.942684 0.095421 0.768604
v -0.943536 0.096253 0.767591
v -0.944343 0.097420 0.766932
v -0.945027 0.098808 0.766692
v -0.937143 0.096750 0.767447
v -0.940547 0.102116 0.764342
v -0.937945 0.097171 0.766172
v -0.938762 0.098017 0.765140
v -0.939515 0.099204 0.764453
v -0.940130 0.100616 0.764178
v -0.932354 0.098187 0.764942
v -0.935508 0.103627 0.761706
v -0.933143 0.098612 0.763660
v -0.933925 0.099468 0.762610
v -0.934623 0.100671 0.761894
v -0.935169 0.102105 0.761582
v -0.927518 0.099310 0.762366
v -0.930421 0.104808 0.758996
v -0.928295 0.099737 0.761078
v -0.929042 0.100602 0.760008
v -0.929684 0.101818 0.759263
v -0.930159 0.103268 0.758914
v -0.922652 0.100114 0.759728
v -0.925302 0.105655 0.756221
v -0.923417 0.100544 0.758433
v -0.924128 0.101414 0.757344
v -0.924714 0.102640 0.756568
v -0.925119 0.104101 0.756181
v -0.917773 0.100598 0.757038
v -0.920170 0.106164 0.753391
v -0.918526 0.101029 0.755736
v -0.919200 0.101903 0.754627
v -0.919730 0.103134 0.753820
v -0.920064 0.104602 0.753394
v -0.884612 0.106332 0.733308
v -0.882487 0.100759 0.737108
v -0.884590 0.104768 0.733359
v -0.884332 0.103298 0.733828
v -0.883862 0.102065 0.734668
v -0.883226 0.101191 0.735798
v -0.877630 0.100598 0.734339
v -0.879520 0.106164 0.730406
v -0.878358 0.101029 0.733023
v -0.878960 0.101903 0.731874
v -0.879378 0.103134 0.731003
v -0.879571 0.104602 0.730498
v -0.872809 0.100114 0.731545
v -0.874449 0.105655 0.727466
v -0.873525 0.100544 0.730222
v -0.874092 0.101414 0.729052
v -0.874454 0.102640 0.728150
v -0.874577 0.104101 0.727603
v -0.868041 0.099310 0.728735
v -0.869432 0.104808 0.724510
v -0.868744 0.099737 0.727405
v -0.869276 0.100602 0.726214
v -0.869584 0.101818 0.725280
v -0.869638 0.103268 0.724692
v -0.863341 0.098187 0.725919
v -0.864488 0.103627 0.721548
v -0.864033 0.098612 0.724582
v -0.864529 0.099468 0.723370
v -0.864783 0.100671 0.722403
v -0.864769 0.102105 0.721775
v -0.858726 0.096750 0.723107
v -0.859632 0.102116 0.718589
v -0.859405 0.097171 0.721762
v -0.859868 0.098017 0.720530
v -0.860068 0.099204 0.719530
v -0.859987 0.100616 0.718862
v -0.854210 0.095004 0.720307
v -0.854881 0.100279 0.715644
v -0.854878 0.095421 0.718956
v -0.855307 0.096253 0.717702
v -0.855456 0.097420 0.716671
v -0.855309 0.098808 0.715961
v -0.849809 0.092955 0.717530
v -0.850252 0.098123 0.712722
v -0.850466 0.093366 0.716171
v -0.850863 0.094184 0.714898
v -0.850961 0.095327 0.713834
v -0.850750 0.096684 0.713084
v -0.845539 0.090609 0.714784
v -0.845759 0.095655 0.709834
v -0.846185 0.091014 0.713418
v -0.846550 0.091814 0.712125
v -0.846599 0.092931 0.711029
v -0.846326 0.094254 0.710240
v -0.841413 0.087974 0.712080
v -0.841419 0.092883 0.706988
v -0.842048 0.088373 0.710707
v -0.842383 0.089154 0.709393
v -0.842385 0.090240 0.708267
v -0.842052 0.091525 0.707438
v -0.837445 0.085060 0.709425
v -0.837245 0.089818 0.704196
v -0.838071 0.085451 0.708046
v -0.838376 0.086211 0.706712
v -0.838332 0.087263 0.705555
v -0.837942 0.088506 0.704688
v -0.833650 0.081876 0.706830
v -0.833252 0.086468 0.701466
v -0.834266 0.082259 0.705444
v -0.834543 0.082995 0.704091
v -0.834455 0.084011 0.702905
v -0.834010 0.085208 0.702000
v -0.830039 0.078433 0.704303
v -0.829453 0.082846 0.698807
v -0.830646 0.078808 0.702910
v -0.830897 0.079518 0.701539
v -0.830767 0.080494 0.700323
v -0.830270 0.081641 0.699382
v -0.826626 0.074743 0.701852
v -0.825862 0.078964 0.696228
v -0.827223 0.075108 0.700453
v -0.827449 0.075791 0.699064
v -0.827280 0.076725 0.697820
v -0.826733 0.077818 0.696843
v -0.823420 0.070818 0.699486
v -0.822490 0.074834 0.693739
v -0.824010 0.071173 0.698081
v -0.824212 0.071827 0.696674
v -0.824006 0.072715 0.695403
v -0.823413 0.073751 0.694392
v -0.820434 0.066671 0.697213
v -0.819349 0.070472 0.691348
v -0.821017 0.067015 0.695802
v -0.821196 0.067639 0.694378
v -0.820956 0.068479 0.693081
v -0.820320 0.069456 0.692037
v -0.817678 0.062317 0.695040
v -0.816449 0.065891 0.689062
v -0.818253 0.062650 0.693624
v -0.818413 0.063241 0.692184
v -0.818141 0.064032 0.690862
v -0.817464 0.064945 0.689786
v -0.815161 0.057770 0.692975
v -0.813800 0.061107 0.686890
v -0.815729 0.058091 0.691554
v -0.815870 0.058649 0.690099
v -0.815569 0.059387 0.688752
v -0.814856 0.060234 0.687647
v -0.812890 0.053045 0.691025
v -0.811412 0.056137 0.684838
v -0.813453 0.053355 0.689599
v -0.813577 0.053877 0.688129
v -0.813250 0.054561 0.686760
v -0.812504 0.055340 0.685626
v -0.810875 0.048159 0.689196
v -0.809292 0.050997 0.682914
v -0.811433 0.048456 0.687765
v -0.811542 0.048943 0.686282
v -0.811192 0.049570 0.684893
v -0.810416 0.050278 0.683732
v -0.809122 0.043128 0.687495
v -0.807447 0.045704 0.681125
v -0.809675 0.043412 0.686060
v -0.809771 0.043862 0.684564
v -0.809401 0.044431 0.683155
v -0.808600 0.045066 0.681970
v -0.807636 0.037969 0.685927
v -0.805884 0.040277 0.679475
v -0.808186 0.038241 0.684488
v -0.808271 0.038652 0.682981
v -0.807883 0.039162 0.681554
v -0.807061 0.039722 0.680346
v -0.806423 0.032700 0.684498
v -0.804608 0.034733 0.677972
v -0.806970 0.032958 0.683055
v -0.807046 0.033330 0.681538
v -0.806644 0.033780 0.680094
v -0.805804 0.034263 0.678865
v -0.805487 0.027338 0.683213
v -0.803624 0.029092 0.676620
v -0.806031 0.027582 0.681767
v -0.806100 0.027915 0.680239
v -0.805688 0.028303 0.678781
v -0.804835 0.028709 0.677533
v -0.804831 0.021902 0.682075
v -0.802934 0.023373 0.675423
v -0.805374 0.022132 0.680626
v -0.805438 0.022424 0.679090
v -0.805018 0.022750 0.677619
v -0.804155 0.023077 0.676355
v -0.802533 0.017489 0.674366
v -0.804458 0.016409 0.681089
v -0.803763 0.017314 0.675320
v -0.804634 0.017096 0.676604
v -0.805059 0.016857 0.678091
v -0.804999 0.016620 0.679636
v -1.062234 0.176785 0.861043
v -1.055439 0.176176 0.862902
v -1.061266 0.176597 0.862257
v -1.059967 0.176427 0.863112
v -1.058464 0.176292 0.863523
v -1.056903 0.176206 0.863451
v -1.065207 0.178651 0.845626
v -1.067119 0.178004 0.852403
v -1.066434 0.178609 0.846596
v -1.067301 0.178512 0.847895
v -1.067724 0.178369 0.849394
v -1.067661 0.178194 0.850947
v -0.714042 0.176785 0.664160
v -0.715952 0.176176 0.670941
v -0.713501 0.176597 0.665616
v -0.713438 0.176427 0.667170
v -0.713860 0.176292 0.668670
v -0.714727 0.176206 0.669969
v -0.725723 0.178613 0.653662
v -0.718928 0.178004 0.655521
v -0.724258 0.178584 0.653113
v -0.722698 0.178497 0.653040
v -0.721195 0.178362 0.653451
v -0.719896 0.178192 0.654306
v -0.725544 0.181570 0.653978
v -0.718747 0.180998 0.655841
v -0.724079 0.181552 0.653430
v -0.722518 0.181476 0.653358
v -0.721014 0.181349 0.653771
v -0.719715 0.181185 0.654626
vn -0.8609 -0.0940 0.5000
vn -0.8468 -0.1724 0.5031
vn -0.0600 0.9925 -0.1061
vn 0.0600 -0.9925 0.1061
vn 0.4885 0.1219 0.8640
vn -0.4886 -0.1216 -0.8640
vn 0.8722 -0.0940 -0.4799
vn 0.8723 -0.0439 -0.4870
vn -0.8705 -0.0000 0.4922
vn 0.8705 -0.0000 -0.4922
vn -0.8670 -0.0439 0.4964
vn -0.8332 -0.2289 0.5034
vn -0.8167 -0.2847 0.5020
vn -0.7975 -0.3395 0.4988
vn -0.7755 -0.3931 0.4940
vn -0.7510 -0.4455 0.4875
vn -0.7239 -0.4963 0.4793
vn -0.6943 -0.5454 0.4695
vn -0.6624 -0.5927 0.4582
vn -0.6283 -0.6380 0.4452
vn -0.5920 -0.6811 0.4308
vn -0.5537 -0.7220 0.4149
vn -0.5136 -0.7603 0.3976
vn -0.4717 -0.7961 0.3790
vn -0.4282 -0.8293 0.3591
vn -0.3833 -0.8596 0.3380
vn -0.3371 -0.8870 0.3157
vn -0.2897 -0.9114 0.2924
vn -0.2414 -0.9327 0.2680
vn -0.1922 -0.9508 0.2428
vn -0.1424 -0.9658 0.2167
vn -0.0921 -0.9775 0.1899
vn -0.0415 -0.9858 0.1625
vn 0.0093 -0.9909 0.1345
vn 0.1105 -0.9909 0.0773
vn 0.0726 -0.9924 0.0989
vn 0.0473 -0.9924 0.1132
vn 0.8677 -0.1724 -0.4663
vn 0.8608 -0.2289 -0.4545
vn 0.8511 -0.2847 -0.4411
vn 0.8385 -0.3395 -0.4262
vn 0.8230 -0.3931 -0.4099
vn 0.8048 -0.4455 -0.3922
vn 0.7838 -0.4963 -0.3732
vn 0.7839 -0.4963 -0.3732
vn 0.7602 -0.5454 -0.3529
vn 0.7341 -0.5927 -0.3315
vn 0.7054 -0.6380 -0.3089
vn 0.6743 -0.6811 -0.2852
vn 0.6410 -0.7220 -0.2606
vn 0.6055 -0.7603 -0.2351
vn 0.5679 -0.7961 -0.2088
vn 0.5285 -0.8293 -0.1818
vn 0.4872 -0.8596 -0.1542
vn 0.4443 -0.8870 -0.1261
vn 0.3999 -0.9114 -0.0975
vn 0.3541 -0.9327 -0.0687
vn 0.3071 -0.9508 -0.0395
vn 0.2591 -0.9658 -0.0103
vn 0.2102 -0.9775 0.0190
vn 0.1606 -0.9858 0.0482
vn -0.9788 -0.0377 0.2011
vn -0.9159 -0.3420 0.2100
vn -0.8093 -0.3067 0.5009
vn -0.9914 -0.0717 -0.1096
vn -0.9321 -0.3527 -0.0825
vn -0.9069 -0.0986 -0.4097
vn -0.8553 -0.3776 -0.3549
vn -0.7761 -0.6004 0.1927
vn -0.6690 -0.5834 0.4606
vn -0.8167 -0.5745 -0.0538
vn -0.7522 -0.5951 -0.2829
vn -0.4885 -0.1219 -0.8640
vn -0.4461 -0.4227 -0.7889
vn -0.6886 -0.4152 -0.5945
vn -0.7336 -0.1159 -0.6696
vn -0.3600 -0.6820 -0.6366
vn -0.5908 -0.6593 -0.4650
vn -0.2386 -0.8746 -0.4220
vn -0.4810 -0.8342 -0.2699
vn -0.6596 -0.7422 -0.1191
vn -0.2119 -0.9440 0.2530
vn -0.3637 -0.9313 -0.0181
vn -0.0940 -0.9816 -0.1662
vn -0.4631 -0.8030 0.3751
vn -0.5891 -0.7998 0.1155
vn -0.1956 -0.1159 -0.9738
vn -0.1537 -0.4143 -0.8971
vn 0.1164 -0.0986 -0.9883
vn 0.1365 -0.3772 -0.9160
vn 0.4171 -0.0716 -0.9060
vn 0.4094 -0.3532 -0.8412
vn -0.0934 -0.6595 -0.7459
vn 0.1453 -0.5951 -0.7904
vn 0.3748 -0.5745 -0.7276
vn 0.8464 -0.3067 -0.4353
vn 0.6526 -0.3428 -0.6757
vn 0.6769 -0.0376 -0.7351
vn 0.7395 -0.5834 -0.3359
vn 0.5656 -0.6002 -0.5655
vn 0.5602 -0.8030 -0.2035
vn 0.4026 -0.7995 -0.4457
vn 0.2380 -0.7422 -0.6265
vn 0.1708 -0.9314 -0.3214
vn 0.3260 -0.9440 -0.0512
vn -0.2386 -0.8746 -0.4221
vn 0.0164 -0.8344 -0.5509
vn -0.4883 -0.1442 -0.8607
vn -0.4443 0.0519 -0.8944
vn -0.4922 -0.0000 -0.8705
vn -0.5176 -0.0682 -0.8529
vn -0.8061 -0.1260 -0.5781
vn -0.9151 -0.1048 -0.3893
vn -0.9012 0.1943 -0.3874
vn -0.7895 0.2026 -0.5794
vn -0.9914 -0.0716 -0.1096
vn -0.9662 0.2143 -0.1434
vn -0.6524 0.2885 -0.7008
vn -0.6903 0.4833 -0.5384
vn -0.4760 0.6315 -0.6120
vn -0.8158 0.4394 -0.3761
vn -0.8786 0.4488 -0.1632
vn -0.8464 0.3067 0.4353
vn -0.9523 0.2681 0.1456
vn -0.7395 0.5834 0.3358
vn -0.8445 0.5306 0.0723
vn -0.5602 0.8030 0.2035
vn -0.6819 0.7299 -0.0482
vn -0.7417 0.6165 -0.2642
vn -0.2080 0.9063 -0.3679
vn -0.4714 0.8564 -0.2104
vn -0.3260 0.9440 0.0512
vn -0.3309 0.7765 -0.5362
vn -0.5804 0.7094 -0.3998
vn 0.6769 -0.0377 -0.7351
vn 0.6152 0.2670 -0.7417
vn 0.8093 0.3067 -0.5009
vn 0.3755 0.2139 -0.9018
vn 0.1380 -0.1047 -0.9849
vn 0.1325 0.1949 -0.9718
vn 0.4968 0.5307 -0.6866
vn 0.6690 0.5834 -0.4606
vn 0.3130 0.4489 -0.8370
vn 0.0980 0.4393 -0.8930
vn -0.4859 -0.1442 -0.8621
vn -0.5383 -0.0508 -0.8412
vn -0.5150 0.0695 -0.8544
vn -0.2455 0.2736 -0.9300
vn -0.2001 0.6090 -0.7675
vn -0.1058 0.4830 -0.8692
vn -0.0909 0.2035 -0.9748
vn -0.2889 0.7765 -0.5600
vn -0.0431 0.7090 -0.7039
vn -0.1693 -0.1486 -0.9743
vn 0.1558 0.6165 -0.7718
vn 0.2119 0.9440 -0.2530
vn 0.0640 0.8565 -0.5121
vn 0.4631 0.8030 -0.3751
vn 0.3102 0.7302 -0.6087
vn -0.1950 -0.1295 -0.9722
vn -0.1533 -0.4255 -0.8919
vn 0.1175 -0.1245 -0.9852
vn 0.1358 -0.3984 -0.9071
vn 0.4185 -0.1072 -0.9019
vn 0.4063 -0.3821 -0.8300
vn -0.0934 -0.6669 -0.7392
vn 0.1435 -0.6101 -0.7792
vn 0.3694 -0.5947 -0.7140
vn 0.8376 -0.3429 -0.4253
vn 0.6460 -0.3764 -0.6641
vn 0.6785 -0.0794 -0.7303
vn 0.7261 -0.6059 -0.3251
vn 0.5558 -0.6216 -0.5520
vn 0.5495 -0.8121 -0.1961
vn 0.3950 -0.8092 -0.4350
vn 0.2341 -0.7529 -0.6151
vn 0.1675 -0.9339 -0.3159
vn 0.3215 -0.9457 -0.0484
vn 0.0152 -0.8388 -0.5443
vn -0.4461 -0.4226 -0.7889
vn -0.6844 -0.4263 -0.5914
vn -0.7326 -0.1295 -0.6683
vn -0.5851 -0.6668 -0.4616
vn -0.4747 -0.8385 -0.2674
vn -0.8473 -0.3988 -0.3508
vn -0.9048 -0.1245 -0.4072
vn -0.7417 -0.6101 -0.2787
vn -0.6477 -0.7529 -0.1166
vn -0.2072 -0.9457 0.2505
vn -0.3574 -0.9338 -0.0181
vn -0.4513 -0.8121 0.3697
vn -0.5760 -0.8094 0.1145
vn -0.6528 -0.6059 0.4546
vn -0.7594 -0.6218 0.1913
vn -0.8022 -0.5948 -0.0514
vn -0.9755 -0.0795 0.2050
vn -0.9026 -0.3756 0.2104
vn -0.7962 -0.3429 0.4985
vn -0.9885 -0.1072 -0.1063
vn -0.9209 -0.3817 -0.0794
vn -0.6156 -0.2681 0.7410
vn -0.6769 0.0377 0.7351
vn -0.4973 -0.5306 0.6864
vn -0.3102 -0.7299 0.6092
vn -0.3751 -0.2143 0.9019
vn -0.4171 0.0716 0.9060
vn -0.3130 -0.4488 0.8370
vn -0.1559 -0.6165 0.7718
vn 0.2081 -0.9062 0.3680
vn -0.0627 -0.8564 0.5124
vn -0.2120 -0.9440 0.2530
vn 0.3357 -0.7313 0.5937
vn 0.0761 -0.6956 0.7144
vn 0.4305 -0.4848 0.7613
vn 0.1618 -0.4717 0.8668
vn -0.0834 -0.4283 0.8998
vn 0.1956 0.1159 0.9738
vn 0.1905 -0.1948 0.9622
vn 0.4832 -0.1908 0.8545
vn -0.1164 0.0986 0.9883
vn -0.1022 -0.1894 0.9766
vn 0.1967 0.1023 0.9751
vn 0.1915 -0.2068 0.9595
vn 0.4831 -0.1909 0.8545
vn -0.1144 0.0727 0.9908
vn -0.0990 -0.2118 0.9723
vn -0.4142 0.0361 0.9095
vn -0.3685 -0.2444 0.8970
vn 0.1627 -0.4803 0.8619
vn -0.0797 -0.4450 0.8920
vn -0.3050 -0.4707 0.8279
vn -0.6050 -0.3023 0.7366
vn -0.6735 -0.0041 0.7392
vn -0.4848 -0.5531 0.6775
vn -0.4513 -0.8122 0.3697
vn -0.3013 -0.7406 0.6007
vn -0.1506 -0.6289 0.7628
vn -0.0591 -0.8596 0.5076
vn -0.2072 -0.9457 0.2506
vn 0.0778 -0.7011 0.7088
vn 0.4832 -0.1909 0.8545
vn 0.7255 -0.1957 0.6598
vn 0.7336 0.1159 0.6696
vn 0.6592 -0.4715 0.5859
vn 0.5734 -0.6953 0.4334
vn 0.8896 -0.1898 0.4155
vn 0.9069 0.0986 0.4097
vn 0.8141 -0.4282 0.3923
vn 0.7417 -0.6165 0.2643
vn 0.4718 -0.8565 0.2092
vn 0.6815 -0.7302 0.0480
vn 0.8445 -0.5307 -0.0718
vn 0.8786 -0.4489 0.1632
vn 0.9788 0.0377 -0.2011
vn 0.9527 -0.2670 -0.1449
vn 0.9914 0.0716 0.1096
vn 0.9663 -0.2139 0.1431
vn 0.9154 0.3428 -0.2109
vn 0.9788 0.0376 -0.2011
vn 0.6690 0.5834 -0.4605
vn 0.7762 0.6002 -0.1932
vn 0.5894 0.7996 -0.1152
vn 0.9319 0.3531 0.0828
vn 0.8167 0.5745 0.0539
vn 0.6596 0.7422 0.1190
vn 0.0939 0.9816 0.1661
vn 0.3634 0.9314 0.0193
vn 0.2386 0.8746 0.4220
vn 0.4805 0.8344 0.2699
vn 0.3600 0.6820 0.6366
vn 0.5910 0.6595 0.4645
vn 0.7522 0.5951 0.2829
vn 0.6895 0.4143 0.5941
vn 0.4461 0.4226 0.7889
vn 0.8553 0.3772 0.3552
vn 0.1545 0.4152 0.8965
vn 0.0939 0.6593 0.7460
vn -0.0167 0.8342 0.5513
vn -0.1368 0.3776 0.9158
vn -0.1454 0.5951 0.7904
vn -0.2379 0.7422 0.6266
vn -0.1720 0.9313 0.3210
vn -0.4027 0.7998 0.4452
vn -0.7395 0.5834 0.3359
vn -0.5652 0.6004 0.5657
vn -0.3749 0.5745 0.7276
vn -0.6521 0.3420 0.6766
vn -0.4097 0.3527 0.8413
vn 0.4831 -0.1908 0.8545
vn 0.7227 -0.2076 0.6592
vn 0.7342 0.1023 0.6712
vn 0.6544 -0.4801 0.5842
vn 0.5677 -0.7008 0.4320
vn 0.8842 -0.2122 0.4161
vn 0.9080 0.0727 0.4127
vn 0.8055 -0.4449 0.3914
vn 0.7312 -0.6289 0.2642
vn 0.4658 -0.8597 0.2097
vn 0.6697 -0.7409 0.0512
vn 0.8305 -0.5532 -0.0657
vn 0.8666 -0.4708 0.1653
vn 0.9806 -0.0041 -0.1961
vn 0.9435 -0.3013 -0.1381
vn 0.8376 -0.3429 -0.4252
vn 0.9928 0.0361 0.1139
vn 0.9587 -0.2440 0.1463
vn -0.4861 -0.1564 -0.8598
vn -0.4672 -0.0650 -0.8818
vn -0.3280 0.7456 -0.5801
vn -0.3023 0.7891 -0.5347
vn -0.4536 -0.1217 -0.8829
vn -0.7239 -0.1164 -0.6800
vn -0.9089 -0.0983 -0.4053
vn -0.5227 -0.1217 -0.8438
vn -0.5100 -0.0234 -0.8598
vn -0.2096 -0.1164 -0.9708
vn 0.1212 -0.0983 -0.9877
vn -0.4862 -0.1564 -0.8598
vn -0.5349 -0.0488 -0.8435
vn -0.8570 -0.0930 0.5068
vn -0.8456 -0.1720 0.5054
vn -0.9506 -0.1998 0.2375
vn -0.9784 -0.1313 0.1594
vn -0.9743 -0.2111 -0.0792
vn -0.9777 -0.1495 -0.1475
vn -0.8987 -0.2009 -0.3898
vn -0.8865 -0.1536 -0.4364
vn -0.7306 -0.1700 -0.6614
vn -0.7162 -0.1438 -0.6830
vn -0.8319 -0.2286 0.5057
vn -0.9375 -0.2541 0.2378
vn -0.9630 -0.2575 -0.0790
vn -0.8906 -0.2348 -0.3896
vn -0.7263 -0.1878 -0.6613
vn -0.8154 -0.2843 0.5042
vn -0.9217 -0.3075 0.2363
vn -0.9495 -0.3034 -0.0802
vn -0.8807 -0.2682 -0.3905
vn -0.7211 -0.2054 -0.6617
vn -0.7962 -0.3391 0.5011
vn -0.9033 -0.3601 0.2333
vn -0.9337 -0.3484 -0.0828
vn -0.8692 -0.3011 -0.3923
vn -0.7150 -0.2227 -0.6627
vn -0.7742 -0.3928 0.4962
vn -0.8822 -0.4116 0.2287
vn -0.9157 -0.3925 -0.0867
vn -0.8560 -0.3333 -0.3953
vn -0.7081 -0.2396 -0.6642
vn -0.7497 -0.4451 0.4897
vn -0.8587 -0.4617 0.2224
vn -0.8955 -0.4355 -0.0921
vn -0.8413 -0.3646 -0.3992
vn -0.7003 -0.2561 -0.6663
vn -0.7226 -0.4959 0.4816
vn -0.8327 -0.5105 0.2147
vn -0.8732 -0.4772 -0.0988
vn -0.8250 -0.3951 -0.4040
vn -0.6918 -0.2721 -0.6689
vn -0.6930 -0.5451 0.4718
vn -0.8043 -0.5576 0.2052
vn -0.8489 -0.5176 -0.1068
vn -0.8073 -0.4246 -0.4099
vn -0.6825 -0.2876 -0.6720
vn -0.6611 -0.5924 0.4604
vn -0.7737 -0.6029 0.1944
vn -0.8227 -0.5564 -0.1162
vn -0.7882 -0.4529 -0.4167
vn -0.6724 -0.3025 -0.6755
vn -0.6270 -0.6377 0.4475
vn -0.7410 -0.6464 0.1820
vn -0.7947 -0.5936 -0.1268
vn -0.7677 -0.4801 -0.4245
vn -0.6617 -0.3168 -0.6796
vn -0.5907 -0.6808 0.4331
vn -0.7062 -0.6877 0.1682
vn -0.7649 -0.6291 -0.1386
vn -0.7459 -0.5060 -0.4331
vn -0.6502 -0.3303 -0.6842
vn -0.5524 -0.7216 0.4172
vn -0.6695 -0.7269 0.1529
vn -0.7334 -0.6626 -0.1517
vn -0.7230 -0.5304 -0.4426
vn -0.6382 -0.3432 -0.6892
vn -0.5123 -0.7600 0.3999
vn -0.6310 -0.7637 0.1363
vn -0.7005 -0.6941 -0.1659
vn -0.6989 -0.5535 -0.4530
vn -0.6255 -0.3553 -0.6946
vn -0.4704 -0.7958 0.3813
vn -0.5909 -0.7980 0.1185
vn -0.6661 -0.7236 -0.1812
vn -0.6738 -0.5749 -0.4641
vn -0.6123 -0.3666 -0.7005
vn -0.4269 -0.8289 0.3614
vn -0.5492 -0.8298 0.0993
vn -0.6303 -0.7508 -0.1975
vn -0.6477 -0.5948 -0.4761
vn -0.5986 -0.3770 -0.7068
vn -0.3820 -0.8592 0.3402
vn -0.5061 -0.8589 0.0791
vn -0.5934 -0.7757 -0.2149
vn -0.6208 -0.6130 -0.4888
vn -0.5844 -0.3866 -0.7134
vn -0.3358 -0.8866 0.3180
vn -0.4618 -0.8851 0.0577
vn -0.5554 -0.7982 -0.2332
vn -0.5931 -0.6294 -0.5021
vn -0.5699 -0.3952 -0.7204
vn -0.2884 -0.9110 0.2946
vn -0.4163 -0.9085 0.0354
vn -0.5165 -0.8182 -0.2524
vn -0.5647 -0.6440 -0.5162
vn -0.5549 -0.4029 -0.7278
vn -0.2400 -0.9324 0.2703
vn -0.3700 -0.9290 0.0121
vn -0.4768 -0.8358 -0.2724
vn -0.5357 -0.6568 -0.5307
vn -0.5397 -0.4096 -0.7355
vn -0.1909 -0.9505 0.2451
vn -0.3228 -0.9464 -0.0121
vn -0.4364 -0.8507 -0.2931
vn -0.5062 -0.6677 -0.5459
vn -0.5242 -0.4154 -0.7434
vn -0.1411 -0.9655 0.2190
vn -0.2751 -0.9607 -0.0372
vn -0.3955 -0.8629 -0.3145
vn -0.4763 -0.6766 -0.5615
vn -0.5085 -0.4201 -0.7516
vn -0.0908 -0.9771 0.1922
vn -0.2268 -0.9719 -0.0628
vn -0.3542 -0.8725 -0.3365
vn -0.4462 -0.6836 -0.5776
vn -0.4927 -0.4238 -0.7601
vn -0.0402 -0.9855 0.1648
vn -0.1783 -0.9799 -0.0891
vn -0.3126 -0.8794 -0.3590
vn -0.4158 -0.6887 -0.5940
vn -0.4767 -0.4264 -0.7687
vn 0.0106 -0.9905 0.1368
vn -0.1296 -0.9848 -0.1159
vn -0.2709 -0.8836 -0.3820
vn -0.3854 -0.6917 -0.6107
vn -0.4607 -0.4280 -0.7775
vn 0.0476 -0.9924 0.1138
vn -0.0995 -0.9840 -0.1479
vn -0.2442 -0.8798 -0.4079
vn -0.3650 -0.6873 -0.6280
vn -0.4493 -0.4256 -0.7855
vn -0.4885 -0.1218 -0.8640
vn 0.0730 -0.9924 0.0995
vn 0.1118 -0.9905 0.0796
vn -0.0325 -0.9848 -0.1708
vn -0.0888 -0.9787 -0.1851
vn -0.1877 -0.8836 -0.4291
vn -0.2339 -0.8683 -0.4374
vn -0.3247 -0.6917 -0.6451
vn -0.3559 -0.6747 -0.6466
vn -0.4288 -0.4280 -0.7956
vn -0.4435 -0.4171 -0.7933
vn 0.1619 -0.9855 0.0505
vn 0.0155 -0.9799 -0.1987
vn -0.1465 -0.8794 -0.4529
vn -0.2946 -0.6887 -0.6625
vn -0.4130 -0.4264 -0.8047
vn 0.2115 -0.9771 0.0213
vn 0.0631 -0.9719 -0.2267
vn -0.1058 -0.8725 -0.4770
vn -0.2649 -0.6837 -0.6800
vn -0.3974 -0.4238 -0.8140
vn 0.2604 -0.9655 -0.0080
vn 0.1100 -0.9607 -0.2548
vn -0.0656 -0.8629 -0.5010
vn -0.2356 -0.6767 -0.6976
vn -0.3820 -0.4201 -0.8232
vn 0.3084 -0.9505 -0.0373
vn 0.1560 -0.9464 -0.2829
vn -0.0262 -0.8507 -0.5250
vn -0.2068 -0.6677 -0.7151
vn -0.3668 -0.4154 -0.8324
vn 0.3554 -0.9324 -0.0663
vn 0.2010 -0.9290 -0.3108
vn 0.0124 -0.8358 -0.5490
vn -0.1787 -0.6568 -0.7326
vn -0.3520 -0.4096 -0.8416
vn 0.4011 -0.9111 -0.0953
vn 0.2449 -0.9085 -0.3385
vn 0.0500 -0.8182 -0.5727
vn -0.1512 -0.6440 -0.7499
vn -0.3376 -0.4029 -0.8507
vn 0.4456 -0.8867 -0.1238
vn 0.2875 -0.8851 -0.3659
vn 0.0865 -0.7982 -0.5962
vn -0.1246 -0.6294 -0.7670
vn -0.3236 -0.3952 -0.8597
vn 0.4885 -0.8593 -0.1520
vn 0.3287 -0.8588 -0.3929
vn 0.1217 -0.7757 -0.6193
vn -0.0988 -0.6130 -0.7839
vn -0.3101 -0.3866 -0.8686
vn 0.5298 -0.8289 -0.1795
vn 0.3683 -0.8298 -0.4193
vn 0.1556 -0.7508 -0.6420
vn -0.0741 -0.5948 -0.8005
vn -0.2971 -0.3770 -0.8773
vn 0.5692 -0.7958 -0.2066
vn 0.4061 -0.7980 -0.4452
vn 0.1881 -0.7236 -0.6641
vn -0.0504 -0.5749 -0.8166
vn -0.2846 -0.3666 -0.8858
vn 0.6068 -0.7600 -0.2329
vn 0.4421 -0.7637 -0.4704
vn 0.2189 -0.6941 -0.6857
vn -0.0279 -0.5535 -0.8324
vn -0.2728 -0.3553 -0.8941
vn -0.4886 -0.1219 -0.8640
vn 0.6423 -0.7216 -0.2583
vn 0.4761 -0.7269 -0.4949
vn 0.2481 -0.6626 -0.7067
vn -0.0066 -0.5304 -0.8477
vn -0.2616 -0.3432 -0.9021
vn 0.6756 -0.6808 -0.2829
vn 0.5081 -0.6877 -0.5185
vn 0.2755 -0.6291 -0.7269
vn 0.0134 -0.5059 -0.8625
vn -0.2511 -0.3303 -0.9098
vn 0.7067 -0.6377 -0.3066
vn 0.5379 -0.6464 -0.5412
vn 0.3010 -0.5936 -0.7463
vn 0.0320 -0.4801 -0.8766
vn -0.2413 -0.3168 -0.9173
vn 0.7353 -0.5924 -0.3292
vn 0.5654 -0.6029 -0.5628
vn 0.3246 -0.5564 -0.7649
vn 0.0492 -0.4529 -0.8902
vn -0.2323 -0.3025 -0.9244
vn 0.7615 -0.5451 -0.3507
vn 0.5905 -0.5576 -0.5834
vn 0.3461 -0.5176 -0.7825
vn 0.0649 -0.4246 -0.9031
vn -0.2240 -0.2876 -0.9312
vn 0.7851 -0.4960 -0.3709
vn 0.6132 -0.5105 -0.6029
vn 0.3655 -0.4772 -0.7992
vn 0.0791 -0.3951 -0.9152
vn -0.2166 -0.2721 -0.9376
vn 0.8061 -0.4451 -0.3900
vn 0.6332 -0.4617 -0.6212
vn 0.3827 -0.4355 -0.8148
vn 0.0916 -0.3646 -0.9266
vn -0.2100 -0.2561 -0.9436
vn 0.8243 -0.3928 -0.4077
vn 0.6507 -0.4115 -0.6381
vn 0.3977 -0.3925 -0.8294
vn 0.1026 -0.3333 -0.9372
vn -0.2042 -0.2396 -0.9492
vn 0.8398 -0.3392 -0.4240
vn 0.6655 -0.3601 -0.6538
vn 0.4104 -0.3484 -0.8427
vn 0.1118 -0.3011 -0.9470
vn -0.1993 -0.2227 -0.9543
vn 0.8524 -0.2844 -0.4388
vn 0.6777 -0.3075 -0.6680
vn 0.4207 -0.3034 -0.8550
vn 0.1194 -0.2682 -0.9559
vn -0.1954 -0.2054 -0.9590
vn 0.8621 -0.2286 -0.4522
vn 0.6870 -0.2541 -0.6808
vn 0.4287 -0.2575 -0.8659
vn 0.1252 -0.2348 -0.9639
vn -0.1923 -0.1878 -0.9632
vn 0.8690 -0.1720 -0.4640
vn 0.6935 -0.1998 -0.6921
vn 0.4343 -0.2111 -0.8757
vn 0.1293 -0.2009 -0.9710
vn -0.1901 -0.1700 -0.9669
vn 0.8761 -0.0930 -0.4731
vn 0.7117 -0.1229 -0.6916
vn 0.4522 -0.1460 -0.8799
vn 0.1426 -0.1539 -0.9777
vn -0.1841 -0.1455 -0.9721
vn 0.8684 -0.0949 -0.4867
vn 0.8664 -0.1727 -0.4686
vn 0.9706 -0.1307 -0.2022
vn 0.9891 -0.0445 -0.1406
vn 0.9914 -0.0721 0.1095
vn 0.9866 0.0024 0.1632
vn 0.9113 -0.0058 0.4118
vn 0.8929 0.0484 0.4477
vn 0.7371 0.0613 0.6730
vn 0.7194 0.0896 0.6888
vn 0.8596 -0.2292 -0.4567
vn 0.9640 -0.1850 -0.1908
vn 0.9858 -0.1186 0.1192
vn 0.9072 -0.0397 0.4189
vn 0.7350 0.0435 0.6767
vn 0.8498 -0.2850 -0.4434
vn 0.9547 -0.2384 -0.1780
vn 0.9778 -0.1644 0.1302
vn 0.9013 -0.0732 0.4269
vn 0.7319 0.0259 0.6809
vn 0.8372 -0.3398 -0.4285
vn 0.9426 -0.2910 -0.1638
vn 0.9674 -0.2094 0.1424
vn 0.8938 -0.1060 0.4358
vn 0.7279 0.0087 0.6856
vn 0.8218 -0.3935 -0.4122
vn 0.9278 -0.3424 -0.1481
vn 0.9547 -0.2535 0.1558
vn 0.8845 -0.1382 0.4456
vn 0.7231 -0.0083 0.6907
vn 0.8035 -0.4458 -0.3945
vn 0.9103 -0.3926 -0.1311
vn 0.9397 -0.2965 0.1703
vn 0.8735 -0.1696 0.4563
vn 0.7173 -0.0248 0.6963
vn 0.7826 -0.4966 -0.3755
vn 0.8902 -0.4413 -0.1129
vn 0.9225 -0.3382 0.1859
vn 0.8610 -0.2000 0.4677
vn 0.7107 -0.0408 0.7023
vn 0.7590 -0.5457 -0.3552
vn 0.8676 -0.4885 -0.0934
vn 0.9031 -0.3786 0.2026
vn 0.8468 -0.2295 0.4798
vn 0.7033 -0.0563 0.7087
vn 0.7328 -0.5930 -0.3337
vn 0.8424 -0.5338 -0.0729
vn 0.8816 -0.4175 0.2202
vn 0.8311 -0.2579 0.4927
vn 0.6950 -0.0712 0.7155
vn 0.7041 -0.6383 -0.3111
vn 0.8149 -0.5773 -0.0512
vn 0.8580 -0.4547 0.2388
vn 0.8139 -0.2850 0.5062
vn 0.6860 -0.0854 0.7226
vn 0.6730 -0.6814 -0.2875
vn 0.7852 -0.6186 -0.0285
vn 0.8325 -0.4901 0.2582
vn 0.7953 -0.3109 0.5204
vn 0.6762 -0.0990 0.7300
vn 0.6397 -0.7223 -0.2629
vn 0.7532 -0.6578 -0.0049
vn 0.8051 -0.5237 0.2785
vn 0.7753 -0.3353 0.5352
vn 0.6657 -0.1119 0.7378
vn 0.6042 -0.7606 -0.2374
vn 0.7192 -0.6946 0.0195
vn 0.7760 -0.5552 0.2994
vn 0.7540 -0.3584 0.5504
vn 0.6545 -0.1240 0.7458
vn 0.5666 -0.7965 -0.2111
vn 0.6831 -0.7289 0.0447
vn 0.7451 -0.5846 0.3210
vn 0.7315 -0.3799 0.5662
vn 0.6426 -0.1353 0.7541
vn 0.5272 -0.8296 -0.1841
vn 0.6453 -0.7607 0.0706
vn 0.7127 -0.6118 0.3432
vn 0.7078 -0.3997 0.5824
vn 0.6302 -0.1457 0.7626
vn 0.4859 -0.8599 -0.1565
vn 0.6057 -0.7897 0.0971
vn 0.6788 -0.6367 0.3659
vn 0.6831 -0.4179 0.5989
vn 0.6172 -0.1553 0.7713
vn 0.4430 -0.8873 -0.1284
vn 0.5646 -0.8160 0.1241
vn 0.6435 -0.6592 0.3890
vn 0.6574 -0.4343 0.6158
vn 0.6037 -0.1639 0.7802
vn 0.3986 -0.9117 -0.0998
vn 0.5220 -0.8394 0.1515
vn 0.6070 -0.6793 0.4124
vn 0.6307 -0.4490 0.6329
vn 0.5897 -0.1716 0.7892
vn 0.3528 -0.9330 -0.0710
vn 0.4781 -0.8599 0.1791
vn 0.5694 -0.6968 0.4362
vn 0.6033 -0.4618 0.6503
vn 0.5752 -0.1783 0.7983
vn 0.3058 -0.9512 -0.0418
vn 0.4331 -0.8773 0.2071
vn 0.5308 -0.7117 0.4601
vn 0.5751 -0.4726 0.6677
vn 0.5604 -0.1841 0.8075
vn 0.2578 -0.9661 -0.0126
vn 0.3870 -0.8916 0.2351
vn 0.4914 -0.7240 0.4841
vn 0.5463 -0.4816 0.6853
vn 0.5453 -0.1888 0.8167
vn 0.2090 -0.9778 0.0167
vn 0.3401 -0.9028 0.2632
vn 0.4512 -0.7336 0.5082
vn 0.5170 -0.4886 0.7028
vn 0.5299 -0.1924 0.8259
vn 0.1593 -0.9862 0.0460
vn 0.2926 -0.9108 0.2912
vn 0.4105 -0.7405 0.5322
vn 0.4873 -0.4936 0.7203
vn 0.5143 -0.1951 0.8351
vn 0.1092 -0.9912 0.0750
vn 0.2445 -0.9157 0.3191
vn 0.3693 -0.7446 0.5560
vn 0.4572 -0.4967 0.7378
vn 0.4985 -0.1967 0.8443
vn 0.0723 -0.9925 0.0983
vn 0.2141 -0.9118 0.3505
vn 0.3420 -0.7387 0.5809
vn 0.4362 -0.4912 0.7540
vn 0.4868 -0.1940 0.8517
vn 0.0470 -0.9925 0.1127
vn 0.0080 -0.9912 0.1322
vn 0.1474 -0.9157 0.3740
vn 0.2024 -0.9001 0.3859
vn 0.2861 -0.7446 0.6031
vn 0.3300 -0.7226 0.6074
vn 0.3965 -0.4967 0.7721
vn 0.4255 -0.4762 0.7696
vn 0.4666 -0.1967 0.8623
vn 0.4799 -0.1849 0.8576
vn -0.0428 -0.9862 0.1602
vn 0.0987 -0.9108 0.4008
vn 0.2444 -0.7405 0.6261
vn 0.3661 -0.4936 0.7889
vn 0.4506 -0.1951 0.8712
vn -0.0934 -0.9778 0.1877
vn 0.0502 -0.9028 0.4271
vn 0.2029 -0.7336 0.6486
vn 0.3357 -0.4886 0.8053
vn 0.4346 -0.1924 0.8798
vn -0.1437 -0.9661 0.2145
vn 0.0020 -0.8916 0.4528
vn 0.1615 -0.7240 0.6706
vn 0.3056 -0.4816 0.8214
vn 0.4188 -0.1888 0.8883
vn -0.1935 -0.9512 0.2405
vn -0.0458 -0.8773 0.4778
vn 0.1206 -0.7117 0.6920
vn 0.2757 -0.4726 0.8370
vn 0.4031 -0.1841 0.8965
vn -0.2427 -0.9330 0.2657
vn -0.0929 -0.8599 0.5020
vn 0.0802 -0.6968 0.7128
vn 0.2462 -0.4618 0.8521
vn 0.3876 -0.1783 0.9044
vn -0.2910 -0.9117 0.2901
vn -0.1393 -0.8394 0.5254
vn 0.0405 -0.6793 0.7328
vn 0.2173 -0.4489 0.8668
vn 0.3723 -0.1716 0.9121
vn -0.3383 -0.8873 0.3134
vn -0.1847 -0.8160 0.5477
vn 0.0016 -0.6592 0.7519
vn 0.1889 -0.4343 0.8807
vn 0.3574 -0.1639 0.9195
vn -0.3846 -0.8599 0.3357
vn -0.2290 -0.7897 0.5691
vn -0.0364 -0.6367 0.7702
vn 0.1611 -0.4179 0.8941
vn 0.3428 -0.1553 0.9265
vn -0.4295 -0.8296 0.3568
vn -0.2721 -0.7607 0.5893
vn -0.0733 -0.6118 0.7876
vn 0.1342 -0.3997 0.9068
vn 0.3287 -0.1457 0.9331
vn -0.4730 -0.7965 0.3767
vn -0.3138 -0.7289 0.6084
vn -0.1090 -0.5846 0.8040
vn 0.1081 -0.3799 0.9187
vn 0.3150 -0.1353 0.9394
vn 0.4886 0.1219 0.8640
vn -0.5149 -0.7607 0.3954
vn -0.3540 -0.6946 0.6263
vn -0.1434 -0.5552 0.8193
vn 0.0830 -0.3584 0.9299
vn 0.3017 -0.1240 0.9453
vn -0.5550 -0.7223 0.4127
vn -0.3925 -0.6578 0.6429
vn -0.1764 -0.5237 0.8335
vn 0.0589 -0.3354 0.9402
vn 0.2891 -0.1119 0.9507
vn -0.5933 -0.6814 0.4285
vn -0.4292 -0.6186 0.6581
vn -0.2079 -0.4901 0.8465
vn 0.0360 -0.3109 0.9498
vn 0.2770 -0.0990 0.9557
vn -0.6295 -0.6383 0.4430
vn -0.4639 -0.5772 0.6720
vn -0.2377 -0.4547 0.8584
vn 0.0142 -0.2850 0.9584
vn 0.2656 -0.0854 0.9603
vn -0.6637 -0.5930 0.4559
vn -0.4967 -0.5338 0.6843
vn -0.2657 -0.4175 0.8690
vn -0.0062 -0.2579 0.9662
vn 0.2548 -0.0712 0.9644
vn -0.6956 -0.5457 0.4673
vn -0.5273 -0.4885 0.6953
vn -0.2919 -0.3786 0.8783
vn -0.0253 -0.2295 0.9730
vn 0.2448 -0.0563 0.9679
vn -0.7251 -0.4966 0.4770
vn -0.5556 -0.4414 0.7046
vn -0.3162 -0.3382 0.8863
vn -0.0431 -0.2001 0.9788
vn 0.2355 -0.0408 0.9710
vn -0.7522 -0.4458 0.4852
vn -0.5816 -0.3926 0.7124
vn -0.3385 -0.2965 0.8930
vn -0.0593 -0.1696 0.9837
vn 0.2269 -0.0248 0.9736
vn -0.7768 -0.3935 0.4917
vn -0.6052 -0.3424 0.7187
vn -0.3586 -0.2535 0.8984
vn -0.0741 -0.1382 0.9876
vn 0.2192 -0.0083 0.9756
vn -0.7987 -0.3398 0.4965
vn -0.6262 -0.2910 0.7233
vn -0.3767 -0.2094 0.9024
vn -0.0872 -0.1060 0.9905
vn 0.2123 0.0087 0.9772
vn -0.8180 -0.2850 0.4997
vn -0.6447 -0.2384 0.7263
vn -0.3925 -0.1644 0.9050
vn -0.0988 -0.0732 0.9924
vn 0.2062 0.0259 0.9782
vn -0.8345 -0.2292 0.5011
vn -0.6604 -0.1849 0.7277
vn -0.4060 -0.1186 0.9061
vn -0.1086 -0.0397 0.9933
vn 0.2010 0.0435 0.9786
vn -0.8481 -0.1727 0.5009
vn -0.6736 -0.1307 0.7275
vn -0.4172 -0.0721 0.9059
vn -0.1168 -0.0058 0.9931
vn 0.1967 0.0613 0.9785
vn -0.8647 -0.0950 0.4932
vn -0.7008 -0.0583 0.7110
vn -0.4428 -0.0102 0.8966
vn -0.1356 0.0396 0.9900
vn 0.1877 0.0854 0.9785
vn -0.4739 -0.0234 -0.8803
vn -0.8722 -0.0940 0.4799
vn -0.8677 -0.1724 0.4663
vn 0.0600 0.9925 0.1061
vn -0.0600 -0.9925 -0.1061
vn -0.4885 0.1219 -0.8640
vn 0.4886 -0.1216 0.8640
vn 0.8609 -0.0940 -0.5000
vn 0.8670 -0.0439 -0.4964
vn -0.8723 -0.0439 0.4870
vn -0.8608 -0.2289 0.4545
vn -0.8511 -0.2847 0.4411
vn -0.8385 -0.3395 0.4262
vn -0.8230 -0.3931 0.4099
vn -0.8048 -0.4455 0.3922
vn -0.7838 -0.4963 0.3732
vn -0.7602 -0.5454 0.3529
vn -0.7341 -0.5927 0.3315
vn -0.7054 -0.6380 0.3089
vn -0.6743 -0.6811 0.2852
vn -0.6410 -0.7220 0.2606
vn -0.6055 -0.7603 0.2351
vn -0.5679 -0.7961 0.2088
vn -0.5285 -0.8293 0.1818
vn -0.4872 -0.8596 0.1542
vn -0.4443 -0.8870 0.1261
vn -0.3999 -0.9114 0.0975
vn -0.3541 -0.9327 0.0687
vn -0.3071 -0.9508 0.0395
vn -0.2591 -0.9658 0.0103
vn -0.2102 -0.9775 -0.0190
vn -0.1606 -0.9858 -0.0482
vn -0.1105 -0.9909 -0.0773
vn -0.0093 -0.9909 -0.1345
vn -0.0473 -0.9924 -0.1132
vn -0.0726 -0.9924 -0.0989
vn 0.8468 -0.1724 -0.5031
vn 0.8332 -0.2289 -0.5034
vn 0.8167 -0.2847 -0.5020
vn 0.7975 -0.3395 -0.4988
vn 0.7755 -0.3931 -0.4940
vn 0.7510 -0.4455 -0.4875
vn 0.7239 -0.4963 -0.4793
vn 0.6943 -0.5454 -0.4695
vn 0.6624 -0.5927 -0.4582
vn 0.6283 -0.6380 -0.4452
vn 0.5920 -0.6811 -0.4308
vn 0.5537 -0.7220 -0.4149
vn 0.5136 -0.7603 -0.3977
vn 0.4717 -0.7961 -0.3790
vn 0.4282 -0.8293 -0.3591
vn 0.3833 -0.8596 -0.3380
vn 0.3371 -0.8870 -0.3157
vn 0.2897 -0.9114 -0.2924
vn 0.2414 -0.9327 -0.2680
vn 0.1922 -0.9508 -0.2428
vn 0.1424 -0.9658 -0.2167
vn 0.0921 -0.9775 -0.1899
vn 0.0415 -0.9858 -0.1625
vn -0.8464 -0.3067 0.4353
vn -0.6521 -0.3420 0.6766
vn -0.6769 -0.0377 0.7351
vn -0.4097 -0.3527 0.8413
vn -0.4171 -0.0716 0.9060
vn -0.1368 -0.3776 0.9158
vn -0.1164 -0.0986 0.9883
vn -0.7395 -0.5834 0.3359
vn -0.5652 -0.6004 0.5657
vn -0.3749 -0.5745 0.7276
vn -0.1453 -0.5951 0.7904
vn 0.4885 -0.1219 0.8640
vn 0.1956 -0.1159 0.9738
vn 0.1545 -0.4152 0.8965
vn 0.4461 -0.4227 0.7889
vn 0.0939 -0.6593 0.7460
vn 0.3600 -0.6820 0.6366
vn -0.0167 -0.8342 0.5513
vn 0.2386 -0.8746 0.4220
vn -0.2379 -0.7422 0.6266
vn 0.0940 -0.9816 0.1662
vn -0.1720 -0.9313 0.3210
vn -0.3260 -0.9440 0.0512
vn -0.4027 -0.7998 0.4452
vn -0.5602 -0.8030 0.2035
vn 0.6895 -0.4143 0.5941
vn 0.7336 -0.1159 0.6696
vn 0.8553 -0.3772 0.3552
vn 0.9069 -0.0986 0.4097
vn 0.9319 -0.3532 0.0828
vn 0.9914 -0.0716 0.1096
vn 0.5910 -0.6595 0.4645
vn 0.7522 -0.5951 0.2829
vn 0.8167 -0.5745 0.0539
vn 0.9788 -0.0376 -0.2011
vn 0.9154 -0.3428 -0.2109
vn 0.8093 -0.3067 -0.5009
vn 0.7762 -0.6002 -0.1932
vn 0.6690 -0.5834 -0.4605
vn 0.5894 -0.7995 -0.1152
vn 0.4631 -0.8030 -0.3751
vn 0.6596 -0.7422 0.1190
vn 0.2119 -0.9440 -0.2530
vn 0.3634 -0.9314 0.0193
vn 0.4805 -0.8344 0.2699
vn 0.2387 -0.8746 0.4220
vn 0.1686 -0.1491 0.9743
vn 0.0895 0.2026 0.9752
vn -0.1326 0.1943 0.9719
vn -0.1381 -0.1048 0.9849
vn -0.3751 0.2143 0.9019
vn 0.2449 0.2744 0.9299
vn 0.1979 0.6066 0.7700
vn 0.1055 0.4833 0.8691
vn -0.0982 0.4394 0.8929
vn -0.3130 0.4488 0.8370
vn -0.6156 0.2681 0.7410
vn -0.8093 0.3067 0.5009
vn -0.4973 0.5306 0.6864
vn -0.6690 0.5834 0.4606
vn -0.3102 0.7299 0.6092
vn -0.4631 0.8030 0.3751
vn -0.1559 0.6165 0.7718
vn -0.2119 0.9440 0.2530
vn -0.0627 0.8564 0.5124
vn 0.2080 0.9063 0.3679
vn 0.0434 0.7094 0.7035
vn 0.2889 0.7765 0.5600
vn 0.8464 0.3067 -0.4353
vn 0.9527 0.2670 -0.1449
vn 0.9788 -0.0377 -0.2011
vn 0.9663 0.2139 0.1431
vn 0.9011 0.1949 0.3875
vn 0.9151 -0.1047 0.3894
vn 0.7395 0.5834 -0.3359
vn 0.8445 0.5308 -0.0718
vn 0.8785 0.4489 0.1632
vn 0.8157 0.4393 0.3763
vn 0.6523 0.2878 0.7012
vn 0.7885 0.2035 0.5804
vn 0.6903 0.4830 0.5387
vn 0.4738 0.6302 0.6151
vn 0.5809 0.7090 0.3998
vn 0.3310 0.7765 0.5362
vn 0.8059 -0.1261 0.5785
vn 0.7416 0.6165 0.2643
vn 0.4718 0.8565 0.2092
vn 0.3260 0.9440 -0.0512
vn 0.6815 0.7302 0.0480
vn 0.5602 0.8030 -0.2035
vn 0.6853 -0.4255 0.5911
vn 0.7326 -0.1295 0.6683
vn 0.8473 -0.3984 0.3512
vn 0.9048 -0.1245 0.4072
vn 0.9207 -0.3821 0.0797
vn 0.9885 -0.1072 0.1063
vn 0.5853 -0.6669 0.4611
vn 0.7417 -0.6101 0.2787
vn 0.8023 -0.5947 0.0515
vn 0.9755 -0.0794 -0.2050
vn 0.9021 -0.3764 -0.2113
vn 0.7962 -0.3429 -0.4986
vn 0.7595 -0.6216 -0.1918
vn 0.6528 -0.6059 -0.4546
vn 0.5764 -0.8092 -0.1142
vn 0.4513 -0.8121 -0.3698
vn 0.6477 -0.7529 0.1165
vn 0.2072 -0.9457 -0.2505
vn 0.3571 -0.9339 0.0193
vn 0.4742 -0.8388 0.2675
vn 0.1950 -0.1295 0.9722
vn 0.1540 -0.4263 0.8914
vn 0.4461 -0.4226 0.7889
vn 0.0939 -0.6668 0.7393
vn -0.0155 -0.8385 0.5446
vn -0.1175 -0.1245 0.9852
vn -0.1362 -0.3988 0.9069
vn -0.1435 -0.6101 0.7793
vn -0.2340 -0.7529 0.6151
vn -0.1688 -0.9338 0.3156
vn -0.3215 -0.9457 0.0484
vn -0.3951 -0.8094 0.4346
vn -0.5495 -0.8121 0.1962
vn -0.5554 -0.6218 0.5522
vn -0.7261 -0.6059 0.3251
vn -0.3695 -0.5948 0.7140
vn -0.8376 -0.3429 0.4253
vn -0.6456 -0.3756 0.6650
vn -0.6785 -0.0795 0.7303
vn -0.4066 -0.3817 0.8300
vn -0.4185 -0.1072 0.9019
vn -0.9788 0.0377 0.2011
vn -0.9523 -0.2681 0.1456
vn -0.8445 -0.5306 0.0723
vn -0.7395 -0.5834 0.3358
vn -0.6819 -0.7299 -0.0482
vn -0.9914 0.0716 -0.1096
vn -0.9662 -0.2143 -0.1434
vn -0.8786 -0.4488 -0.1632
vn -0.7417 -0.6165 -0.2642
vn -0.4714 -0.8564 -0.2104
vn -0.2081 -0.9062 -0.3680
vn -0.5730 -0.6956 -0.4334
vn -0.3357 -0.7313 -0.5937
vn -0.6594 -0.4717 -0.5854
vn -0.4305 -0.4848 -0.7613
vn -0.8140 -0.4283 -0.3923
vn -0.4831 -0.1908 -0.8545
vn -0.7263 -0.1948 -0.6592
vn -0.7336 0.1159 -0.6696
vn -0.8895 -0.1894 -0.4158
vn -0.9069 0.0986 -0.4097
vn -0.4832 -0.1909 -0.8545
vn -0.7235 -0.2068 -0.6586
vn -0.7342 0.1023 -0.6712
vn -0.8842 -0.2118 -0.4164
vn -0.9080 0.0727 -0.4127
vn -0.9585 -0.2444 -0.1466
vn -0.9928 0.0361 -0.1139
vn -0.6547 -0.4803 -0.5837
vn -0.8055 -0.4450 -0.3915
vn -0.8667 -0.4707 -0.1654
vn -0.9806 -0.0041 0.1961
vn -0.9431 -0.3023 0.1388
vn -0.8305 -0.5531 0.0662
vn -0.6700 -0.7406 -0.0514
vn -0.5495 -0.8122 0.1962
vn -0.7312 -0.6289 -0.2642
vn -0.4655 -0.8596 -0.2110
vn -0.5673 -0.7011 -0.4321
vn -0.1956 0.1159 -0.9738
vn -0.1914 -0.1957 -0.9618
vn -0.1622 -0.4715 -0.8668
vn -0.0758 -0.6953 -0.7147
vn 0.1164 0.0986 -0.9883
vn 0.1025 -0.1898 -0.9765
vn 0.0835 -0.4282 -0.8998
vn 0.1558 -0.6165 -0.7718
vn 0.0640 -0.8565 -0.5121
vn 0.3102 -0.7302 -0.6087
vn 0.4968 -0.5307 -0.6866
vn 0.6690 -0.5834 -0.4606
vn 0.3130 -0.4489 -0.8370
vn 0.6152 -0.2670 -0.7417
vn 0.6769 0.0377 -0.7351
vn 0.3755 -0.2139 -0.9018
vn 0.4171 0.0716 -0.9060
vn 0.6769 0.0376 -0.7351
vn 0.6526 0.3428 -0.6758
vn 0.5656 0.6002 -0.5655
vn 0.4026 0.7995 -0.4457
vn 0.4094 0.3531 -0.8412
vn 0.3748 0.5745 -0.7276
vn 0.2380 0.7422 -0.6265
vn 0.3261 0.9440 -0.0512
vn 0.1708 0.9314 -0.3214
vn -0.0939 0.9816 -0.1661
vn 0.0164 0.8344 -0.5509
vn -0.2386 0.8746 -0.4220
vn -0.0934 0.6595 -0.7459
vn -0.3600 0.6820 -0.6366
vn 0.1453 0.5951 -0.7904
vn -0.4461 0.4226 -0.7889
vn -0.1537 0.4143 -0.8971
vn 0.1365 0.3772 -0.9160
vn -0.6886 0.4152 -0.5945
vn -0.5908 0.6593 -0.4650
vn -0.4810 0.8342 -0.2699
vn -0.8553 0.3776 -0.3549
vn -0.7522 0.5951 -0.2829
vn -0.6596 0.7422 -0.1191
vn -0.3637 0.9313 -0.0181
vn -0.5891 0.7998 0.1156
vn -0.7761 0.6004 0.1927
vn -0.8167 0.5745 -0.0538
vn -0.9159 0.3420 0.2100
vn -0.9321 0.3527 -0.0825
vn -0.1967 0.1023 -0.9751
vn -0.1923 -0.2076 -0.9591
vn -0.4832 -0.1908 -0.8545
vn -0.1632 -0.4801 -0.8619
vn -0.0775 -0.7008 -0.7092
vn 0.1144 0.0727 -0.9908
vn 0.0992 -0.2122 -0.9722
vn 0.0798 -0.4449 -0.8920
vn 0.1505 -0.6289 -0.7628
vn 0.0604 -0.8597 -0.5073
vn 0.3014 -0.7409 -0.6002
vn 0.4844 -0.5532 -0.6777
vn 0.3051 -0.4708 -0.8278
vn 0.6047 -0.3013 -0.7373
vn 0.6735 -0.0041 -0.7392
vn 0.3688 -0.2440 -0.8969
vn 0.4142 0.0361 -0.9095
vn 0.3280 0.7456 0.5801
vn 0.3023 0.7891 0.5347
vn 0.5227 -0.1217 0.8438
vn 0.2096 -0.1164 0.9708
vn -0.1212 -0.0983 0.9877
vn 0.4536 -0.1217 0.8829
vn 0.7239 -0.1164 0.6800
vn 0.4739 -0.0234 0.8803
vn 0.9089 -0.0983 0.4053
vn -0.8761 -0.0930 0.4731
vn -0.6410 -0.1313 0.7563
vn -0.6935 -0.1998 0.6922
vn -0.8690 -0.1720 0.4640
vn -0.3776 -0.1495 0.9138
vn -0.4343 -0.2111 0.8757
vn -0.0830 -0.1536 0.9846
vn -0.1293 -0.2009 0.9710
vn 0.2161 -0.1438 0.9657
vn 0.1901 -0.1700 0.9669
vn 0.4886 -0.1219 0.8640
vn -0.6870 -0.2541 0.6808
vn -0.8621 -0.2286 0.4522
vn -0.4287 -0.2575 0.8659
vn -0.1252 -0.2348 0.9639
vn 0.1923 -0.1878 0.9632
vn -0.6776 -0.3075 0.6680
vn -0.8524 -0.2843 0.4388
vn -0.4207 -0.3034 0.8550
vn -0.1194 -0.2682 0.9559
vn 0.1954 -0.2054 0.9590
vn -0.6655 -0.3601 0.6538
vn -0.8398 -0.3391 0.4240
vn -0.4104 -0.3484 0.8428
vn -0.1118 -0.3011 0.9470
vn 0.1993 -0.2227 0.9543
vn -0.6508 -0.4115 0.6381
vn -0.8243 -0.3928 0.4077
vn -0.3977 -0.3925 0.8294
vn -0.1025 -0.3333 0.9372
vn 0.2042 -0.2396 0.9492
vn -0.6332 -0.4617 0.6211
vn -0.8061 -0.4451 0.3900
vn -0.3827 -0.4355 0.8148
vn -0.0916 -0.3646 0.9266
vn 0.2100 -0.2561 0.9436
vn -0.6132 -0.5105 0.6029
vn -0.7851 -0.4959 0.3710
vn -0.3655 -0.4772 0.7992
vn -0.0791 -0.3951 0.9152
vn 0.2166 -0.2721 0.9376
vn -0.5905 -0.5576 0.5835
vn -0.7615 -0.5451 0.3507
vn -0.3461 -0.5176 0.7825
vn -0.0649 -0.4246 0.9031
vn 0.2240 -0.2876 0.9312
vn -0.5654 -0.6029 0.5628
vn -0.7353 -0.5924 0.3292
vn -0.3246 -0.5564 0.7649
vn -0.0492 -0.4529 0.8902
vn 0.2323 -0.3025 0.9244
vn -0.5379 -0.6464 0.5412
vn -0.7067 -0.6377 0.3066
vn -0.3010 -0.5936 0.7463
vn -0.0320 -0.4801 0.8766
vn 0.2413 -0.3168 0.9173
vn -0.5081 -0.6877 0.5185
vn -0.6756 -0.6808 0.2830
vn -0.2755 -0.6291 0.7269
vn -0.0134 -0.5060 0.8625
vn 0.2511 -0.3303 0.9098
vn -0.4761 -0.7269 0.4949
vn -0.6423 -0.7216 0.2583
vn -0.2481 -0.6626 0.7067
vn 0.0066 -0.5304 0.8477
vn 0.2616 -0.3432 0.9021
vn -0.4421 -0.7637 0.4705
vn -0.6068 -0.7600 0.2328
vn -0.2189 -0.6941 0.6857
vn 0.0279 -0.5535 0.8324
vn 0.2728 -0.3553 0.8941
vn -0.4061 -0.7980 0.4452
vn -0.5692 -0.7958 0.2066
vn -0.1881 -0.7236 0.6641
vn 0.0504 -0.5749 0.8166
vn 0.2846 -0.3666 0.8858
vn -0.3682 -0.8298 0.4194
vn -0.5297 -0.8289 0.1796
vn -0.1556 -0.7508 0.6420
vn 0.0741 -0.5948 0.8005
vn 0.2971 -0.3770 0.8773
vn -0.3287 -0.8588 0.3929
vn -0.4885 -0.8592 0.1520
vn -0.1217 -0.7757 0.6193
vn 0.0988 -0.6130 0.7839
vn 0.3101 -0.3866 0.8686
vn -0.2875 -0.8851 0.3659
vn -0.4456 -0.8866 0.1238
vn -0.0865 -0.7982 0.5962
vn 0.1246 -0.6294 0.7670
vn 0.3236 -0.3952 0.8597
vn -0.2449 -0.9085 0.3385
vn -0.4011 -0.9110 0.0953
vn -0.0500 -0.8182 0.5727
vn 0.1512 -0.6440 0.7499
vn 0.3376 -0.4029 0.8507
vn -0.2010 -0.9290 0.3108
vn -0.3554 -0.9324 0.0663
vn -0.0124 -0.8357 0.5490
vn 0.1787 -0.6568 0.7326
vn 0.3520 -0.4096 0.8416
vn -0.1560 -0.9464 0.2829
vn -0.3084 -0.9505 0.0372
vn 0.0262 -0.8507 0.5250
vn 0.2068 -0.6677 0.7152
vn 0.3668 -0.4154 0.8324
vn -0.1099 -0.9607 0.2549
vn -0.2604 -0.9655 0.0080
vn 0.0656 -0.8629 0.5010
vn 0.2356 -0.6766 0.6976
vn 0.3820 -0.4201 0.8232
vn -0.0631 -0.9719 0.2267
vn -0.2115 -0.9771 -0.0213
vn 0.1058 -0.8725 0.4770
vn 0.2649 -0.6836 0.6801
vn 0.3974 -0.4238 0.8140
vn -0.0155 -0.9799 0.1987
vn -0.1619 -0.9855 -0.0505
vn 0.1465 -0.8794 0.4529
vn 0.2946 -0.6887 0.6625
vn 0.4130 -0.4264 0.8047
vn 0.0326 -0.9848 0.1708
vn -0.1118 -0.9905 -0.0796
vn 0.1877 -0.8836 0.4290
vn 0.3247 -0.6917 0.6451
vn 0.4288 -0.4280 0.7956
vn 0.0754 -0.9840 0.1615
vn -0.0730 -0.9924 -0.0995
vn 0.2237 -0.8798 0.4195
vn 0.3501 -0.6873 0.6364
vn 0.4415 -0.4256 0.7899
vn 0.4885 -0.1218 0.8640
vn -0.0477 -0.9924 -0.1138
vn 0.1128 -0.9787 0.1715
vn 0.1296 -0.9848 0.1160
vn -0.0106 -0.9905 -0.1368
vn 0.2542 -0.8683 0.4259
vn 0.2709 -0.8836 0.3820
vn 0.3706 -0.6747 0.6383
vn 0.3854 -0.6917 0.6108
vn 0.4512 -0.4171 0.7890
vn 0.4607 -0.4280 0.7776
vn 0.1783 -0.9799 0.0891
vn 0.0402 -0.9855 -0.1648
vn 0.3126 -0.8794 0.3590
vn 0.4158 -0.6887 0.5940
vn 0.4767 -0.4264 0.7687
vn 0.2268 -0.9719 0.0628
vn 0.0908 -0.9771 -0.1922
vn 0.3542 -0.8725 0.3365
vn 0.4462 -0.6837 0.5775
vn 0.4927 -0.4238 0.7601
vn 0.2751 -0.9607 0.0371
vn 0.1411 -0.9655 -0.2190
vn 0.3955 -0.8629 0.3145
vn 0.4763 -0.6767 0.5615
vn 0.5085 -0.4201 0.7516
vn 0.3228 -0.9464 0.0121
vn 0.1909 -0.9505 -0.2451
vn 0.4364 -0.8507 0.2931
vn 0.5062 -0.6677 0.5458
vn 0.5242 -0.4154 0.7434
vn 0.3700 -0.9290 -0.0121
vn 0.2400 -0.9324 -0.2703
vn 0.4768 -0.8358 0.2724
vn 0.5357 -0.6568 0.5307
vn 0.5397 -0.4096 0.7355
vn 0.4163 -0.9085 -0.0354
vn 0.2884 -0.9111 -0.2946
vn 0.5165 -0.8182 0.2524
vn 0.5647 -0.6440 0.5162
vn 0.5549 -0.4029 0.7278
vn 0.4618 -0.8851 -0.0577
vn 0.3358 -0.8867 -0.3180
vn 0.5554 -0.7982 0.2332
vn 0.5931 -0.6294 0.5021
vn 0.5699 -0.3952 0.7204
vn 0.5061 -0.8589 -0.0791
vn 0.3820 -0.8593 -0.3402
vn 0.5934 -0.7757 0.2149
vn 0.6208 -0.6130 0.4888
vn 0.5844 -0.3866 0.7134
vn 0.5492 -0.8298 -0.0994
vn 0.4269 -0.8289 -0.3614
vn 0.6303 -0.7508 0.1975
vn 0.6477 -0.5948 0.4761
vn 0.5986 -0.3770 0.7068
vn 0.5909 -0.7980 -0.1185
vn 0.4704 -0.7958 -0.3813
vn 0.6661 -0.7236 0.1812
vn 0.6738 -0.5749 0.4641
vn 0.6123 -0.3666 0.7005
vn 0.6310 -0.7637 -0.1364
vn 0.5123 -0.7600 -0.3999
vn 0.7005 -0.6941 0.1659
vn 0.6989 -0.5535 0.4530
vn 0.6255 -0.3553 0.6946
vn 0.6695 -0.7269 -0.1529
vn 0.5524 -0.7216 -0.4172
vn 0.7334 -0.6626 0.1517
vn 0.7230 -0.5304 0.4426
vn 0.6382 -0.3432 0.6892
vn 0.7062 -0.6877 -0.1682
vn 0.5907 -0.6808 -0.4331
vn 0.7649 -0.6291 0.1386
vn 0.7459 -0.5059 0.4331
vn 0.6502 -0.3303 0.6842
vn 0.7410 -0.6464 -0.1820
vn 0.6270 -0.6377 -0.4475
vn 0.7947 -0.5936 0.1268
vn 0.7677 -0.4801 0.4244
vn 0.6617 -0.3168 0.6796
vn 0.7737 -0.6029 -0.1944
vn 0.6611 -0.5924 -0.4604
vn 0.8227 -0.5564 0.1162
vn 0.7882 -0.4529 0.4167
vn 0.6724 -0.3025 0.6755
vn 0.8043 -0.5576 -0.2053
vn 0.6930 -0.5451 -0.4718
vn 0.8489 -0.5176 0.1068
vn 0.8073 -0.4246 0.4099
vn 0.6825 -0.2876 0.6720
vn 0.8327 -0.5105 -0.2147
vn 0.7226 -0.4960 -0.4816
vn 0.8732 -0.4772 0.0988
vn 0.8250 -0.3951 0.4040
vn 0.6918 -0.2721 0.6689
vn 0.8587 -0.4617 -0.2224
vn 0.7497 -0.4451 -0.4897
vn 0.8955 -0.4355 0.0921
vn 0.8413 -0.3646 0.3991
vn 0.7003 -0.2561 0.6663
vn 0.8822 -0.4115 -0.2287
vn 0.7742 -0.3928 -0.4962
vn 0.9157 -0.3925 0.0867
vn 0.8560 -0.3333 0.3952
vn 0.7081 -0.2396 0.6642
vn 0.9033 -0.3601 -0.2333
vn 0.7962 -0.3392 -0.5011
vn 0.9337 -0.3484 0.0828
vn 0.8691 -0.3011 0.3924
vn 0.7150 -0.2227 0.6627
vn 0.9217 -0.3075 -0.2364
vn 0.8154 -0.2844 -0.5042
vn 0.9495 -0.3034 0.0802
vn 0.8807 -0.2682 0.3904
vn 0.7211 -0.2054 0.6617
vn 0.9375 -0.2541 -0.2377
vn 0.8319 -0.2286 -0.5057
vn 0.9630 -0.2575 0.0790
vn 0.8906 -0.2348 0.3896
vn 0.7263 -0.1878 0.6613
vn 0.9506 -0.1998 -0.2375
vn 0.8455 -0.1720 -0.5054
vn 0.9743 -0.2111 0.0792
vn 0.8988 -0.2009 0.3897
vn 0.7306 -0.1700 0.6614
vn 0.9595 -0.1229 -0.2534
vn 0.8570 -0.0930 -0.5068
vn 0.9871 -0.1460 0.0661
vn 0.9113 -0.1539 0.3818
vn 0.7381 -0.1455 0.6588
vn 0.8647 -0.0949 -0.4932
vn 0.6303 -0.0445 -0.7750
vn 0.6736 -0.1307 -0.7275
vn 0.8481 -0.1727 -0.5009
vn 0.3687 0.0024 -0.9295
vn 0.4172 -0.0721 -0.9059
vn 0.0766 0.0484 -0.9959
vn 0.1168 -0.0058 -0.9931
vn -0.2194 0.0896 -0.9715
vn -0.1967 0.0613 -0.9785
vn -0.4886 0.1219 -0.8640
vn 0.6605 -0.1849 -0.7277
vn 0.8345 -0.2292 -0.5011
vn 0.4060 -0.1186 -0.9061
vn 0.1087 -0.0397 -0.9933
vn -0.2010 0.0435 -0.9786
vn 0.6447 -0.2384 -0.7263
vn 0.8180 -0.2850 -0.4997
vn 0.3925 -0.1644 -0.9050
vn 0.0988 -0.0732 -0.9924
vn -0.2062 0.0259 -0.9782
vn 0.6262 -0.2910 -0.7233
vn 0.7988 -0.3398 -0.4965
vn 0.3767 -0.2094 -0.9024
vn 0.0872 -0.1060 -0.9905
vn -0.2123 0.0087 -0.9772
vn 0.6052 -0.3424 -0.7187
vn 0.7768 -0.3935 -0.4917
vn 0.3586 -0.2535 -0.8984
vn 0.0741 -0.1382 -0.9876
vn -0.2192 -0.0083 -0.9756
vn 0.5816 -0.3926 -0.7125
vn 0.7523 -0.4458 -0.4852
vn 0.3385 -0.2965 -0.8930
vn 0.0593 -0.1696 -0.9837
vn -0.2269 -0.0248 -0.9736
vn 0.5556 -0.4413 -0.7046
vn 0.7251 -0.4966 -0.4770
vn 0.3162 -0.3382 -0.8863
vn 0.0431 -0.2000 -0.9788
vn -0.2355 -0.0408 -0.9710
vn 0.5273 -0.4885 -0.6953
vn 0.6956 -0.5457 -0.4673
vn 0.2919 -0.3786 -0.8783
vn 0.0254 -0.2295 -0.9730
vn -0.2448 -0.0563 -0.9679
vn 0.4967 -0.5338 -0.6843
vn 0.6637 -0.5930 -0.4559
vn 0.2657 -0.4175 -0.8690
vn 0.0062 -0.2579 -0.9662
vn -0.2548 -0.0712 -0.9644
vn 0.4640 -0.5773 -0.6719
vn 0.6296 -0.6383 -0.4430
vn 0.2377 -0.4547 -0.8584
vn -0.0142 -0.2850 -0.9584
vn -0.2656 -0.0854 -0.9603
vn 0.4292 -0.6186 -0.6581
vn 0.5933 -0.6814 -0.4285
vn 0.2079 -0.4901 -0.8465
vn -0.0360 -0.3109 -0.9498
vn -0.2770 -0.0990 -0.9557
vn 0.3925 -0.6578 -0.6429
vn 0.5550 -0.7223 -0.4127
vn 0.1764 -0.5237 -0.8335
vn -0.0590 -0.3354 -0.9402
vn -0.2891 -0.1119 -0.9507
vn 0.3540 -0.6946 -0.6263
vn 0.5149 -0.7606 -0.3954
vn 0.1434 -0.5552 -0.8193
vn -0.0830 -0.3584 -0.9299
vn -0.3018 -0.1240 -0.9453
vn 0.3138 -0.7289 -0.6084
vn 0.4730 -0.7965 -0.3767
vn 0.1090 -0.5846 -0.8040
vn -0.1081 -0.3799 -0.9187
vn -0.3150 -0.1353 -0.9394
vn 0.2721 -0.7607 -0.5893
vn 0.4295 -0.8296 -0.3568
vn 0.0733 -0.6118 -0.7876
vn -0.1342 -0.3997 -0.9068
vn -0.3287 -0.1457 -0.9331
vn 0.2290 -0.7897 -0.5691
vn 0.3846 -0.8599 -0.3357
vn 0.0364 -0.6367 -0.7702
vn -0.1611 -0.4179 -0.8941
vn -0.3428 -0.1553 -0.9265
vn 0.1847 -0.8160 -0.5478
vn 0.3384 -0.8873 -0.3134
vn -0.0016 -0.6592 -0.7519
vn -0.1888 -0.4343 -0.8807
vn -0.3574 -0.1639 -0.9195
vn 0.1393 -0.8394 -0.5254
vn 0.2910 -0.9117 -0.2901
vn -0.0405 -0.6793 -0.7328
vn -0.2172 -0.4490 -0.8667
vn -0.3723 -0.1716 -0.9121
vn 0.0929 -0.8599 -0.5020
vn 0.2427 -0.9330 -0.2657
vn -0.0802 -0.6968 -0.7128
vn -0.2462 -0.4618 -0.8521
vn -0.3876 -0.1783 -0.9044
vn 0.0458 -0.8773 -0.4778
vn 0.1935 -0.9512 -0.2405
vn -0.1206 -0.7117 -0.6920
vn -0.2757 -0.4726 -0.8370
vn -0.4031 -0.1841 -0.8965
vn -0.0020 -0.8916 -0.4528
vn 0.1437 -0.9661 -0.2145
vn -0.1615 -0.7240 -0.6706
vn -0.3056 -0.4816 -0.8214
vn -0.4188 -0.1888 -0.8883
vn -0.0502 -0.9028 -0.4272
vn 0.0934 -0.9778 -0.1877
vn -0.2029 -0.7336 -0.6486
vn -0.3357 -0.4886 -0.8053
vn -0.4346 -0.1924 -0.8798
vn -0.0987 -0.9108 -0.4008
vn 0.0428 -0.9862 -0.1602
vn -0.2444 -0.7405 -0.6261
vn -0.3661 -0.4936 -0.7889
vn -0.4506 -0.1951 -0.8712
vn -0.1474 -0.9157 -0.3740
vn -0.0080 -0.9912 -0.1322
vn -0.2861 -0.7446 -0.6031
vn -0.3965 -0.4967 -0.7721
vn -0.4666 -0.1967 -0.8623
vn -0.1900 -0.9118 -0.3641
vn -0.0470 -0.9925 -0.1127
vn -0.3215 -0.7387 -0.5925
vn -0.4213 -0.4912 -0.7624
vn -0.4790 -0.1940 -0.8561
vn -0.0723 -0.9925 -0.0984
vn -0.2264 -0.9001 -0.3723
vn -0.2445 -0.9157 -0.3191
vn -0.1092 -0.9912 -0.0750
vn -0.3504 -0.7226 -0.5959
vn -0.3693 -0.7446 -0.5561
vn -0.4402 -0.4762 -0.7613
vn -0.4572 -0.4967 -0.7378
vn -0.4876 -0.1849 -0.8533
vn -0.4984 -0.1967 -0.8443
vn -0.2926 -0.9108 -0.2912
vn -0.1594 -0.9862 -0.0460
vn -0.4105 -0.7405 -0.5322
vn -0.4873 -0.4936 -0.7203
vn -0.5143 -0.1951 -0.8351
vn -0.3401 -0.9028 -0.2632
vn -0.2089 -0.9778 -0.0167
vn -0.4512 -0.7336 -0.5082
vn -0.5170 -0.4886 -0.7028
vn -0.5299 -0.1924 -0.8259
vn -0.3870 -0.8916 -0.2351
vn -0.2578 -0.9661 0.0125
vn -0.4914 -0.7240 -0.4841
vn -0.5463 -0.4816 -0.6853
vn -0.5453 -0.1888 -0.8167
vn -0.4331 -0.8773 -0.2071
vn -0.3058 -0.9512 0.0418
vn -0.5308 -0.7117 -0.4601
vn -0.5751 -0.4726 -0.6677
vn -0.5604 -0.1841 -0.8075
vn -0.4781 -0.8599 -0.1791
vn -0.3528 -0.9330 0.0710
vn -0.5694 -0.6968 -0.4362
vn -0.6033 -0.4618 -0.6503
vn -0.5752 -0.1783 -0.7983
vn -0.5220 -0.8394 -0.1515
vn -0.3986 -0.9117 0.0998
vn -0.6070 -0.6793 -0.4124
vn -0.6307 -0.4489 -0.6330
vn -0.5897 -0.1716 -0.7892
vn -0.5646 -0.8160 -0.1240
vn -0.4430 -0.8873 0.1284
vn -0.6435 -0.6592 -0.3890
vn -0.6574 -0.4343 -0.6158
vn -0.6037 -0.1639 -0.7802
vn -0.6057 -0.7897 -0.0971
vn -0.4859 -0.8599 0.1565
vn -0.6788 -0.6367 -0.3659
vn -0.6831 -0.4179 -0.5989
vn -0.6172 -0.1553 -0.7713
vn -0.6453 -0.7607 -0.0706
vn -0.5272 -0.8296 0.1841
vn -0.7127 -0.6118 -0.3432
vn -0.7078 -0.3997 -0.5824
vn -0.6302 -0.1457 -0.7626
vn -0.6831 -0.7289 -0.0447
vn -0.5666 -0.7965 0.2111
vn -0.7451 -0.5846 -0.3210
vn -0.7315 -0.3799 -0.5662
vn -0.6426 -0.1353 -0.7541
vn -0.7192 -0.6946 -0.0195
vn -0.6042 -0.7607 0.2374
vn -0.7760 -0.5552 -0.2994
vn -0.7540 -0.3584 -0.5504
vn -0.6545 -0.1240 -0.7458
vn -0.7532 -0.6578 0.0049
vn -0.6397 -0.7223 0.2629
vn -0.8051 -0.5237 -0.2785
vn -0.7753 -0.3354 -0.5352
vn -0.6657 -0.1119 -0.7378
vn -0.7852 -0.6186 0.0285
vn -0.6730 -0.6814 0.2875
vn -0.8325 -0.4901 -0.2582
vn -0.7953 -0.3109 -0.5204
vn -0.6762 -0.0990 -0.7300
vn -0.8150 -0.5772 0.0512
vn -0.7041 -0.6383 0.3111
vn -0.8580 -0.4547 -0.2388
vn -0.8139 -0.2850 -0.5062
vn -0.6860 -0.0854 -0.7226
vn -0.8424 -0.5338 0.0729
vn -0.7328 -0.5930 0.3337
vn -0.8816 -0.4175 -0.2202
vn -0.8311 -0.2579 -0.4927
vn -0.6950 -0.0712 -0.7155
vn -0.8676 -0.4885 0.0934
vn -0.7589 -0.5457 0.3552
vn -0.9031 -0.3786 -0.2026
vn -0.8468 -0.2295 -0.4798
vn -0.7033 -0.0563 -0.7087
vn -0.8902 -0.4414 0.1129
vn -0.7826 -0.4966 0.3755
vn -0.9225 -0.3382 -0.1859
vn -0.8610 -0.2001 -0.4676
vn -0.7107 -0.0408 -0.7023
vn -0.9103 -0.3926 0.1312
vn -0.8035 -0.4458 0.3945
vn -0.9397 -0.2965 -0.1703
vn -0.8735 -0.1696 -0.4563
vn -0.7173 -0.0248 -0.6963
vn -0.9278 -0.3424 0.1481
vn -0.8218 -0.3935 0.4122
vn -0.9547 -0.2535 -0.1558
vn -0.8845 -0.1382 -0.4456
vn -0.7231 -0.0083 -0.6907
vn -0.9426 -0.2910 0.1638
vn -0.8372 -0.3398 0.4285
vn -0.9674 -0.2094 -0.1424
vn -0.8938 -0.1060 -0.4358
vn -0.7279 0.0087 -0.6856
vn -0.9547 -0.2384 0.1780
vn -0.8498 -0.2850 0.4434
vn -0.9778 -0.1644 -0.1302
vn -0.9013 -0.0732 -0.4269
vn -0.7319 0.0259 -0.6809
vn -0.9640 -0.1849 0.1908
vn -0.8596 -0.2292 0.4567
vn -0.9858 -0.1186 -0.1192
vn -0.9071 -0.0397 -0.4189
vn -0.7350 0.0435 -0.6767
vn -0.9706 -0.1307 0.2022
vn -0.8664 -0.1727 0.4686
vn -0.9914 -0.0721 -0.1095
vn -0.9113 -0.0058 -0.4118
vn -0.7371 0.0613 -0.6730
vn -0.9705 -0.0584 0.2340
vn -0.8684 -0.0950 0.4867
vn -0.9965 -0.0102 -0.0828
vn -0.9182 0.0396 -0.3941
vn -0.7417 0.0854 -0.6653
vn 0.5100 -0.0234 0.8598
vt 0.098837 0.750706
vt 0.110465 0.750706
vt 0.110465 0.757476
vt 0.098837 0.757476
vt 0.994186 0.105572
vt 0.994186 0.383261
vt 0.982558 0.383261
vt 0.982558 0.105572
vt 0.063954 0.739206
vt 0.063954 0.830209
vt 0.052326 0.830209
vt 0.052326 0.739206
vt 0.994186 0.006110
vt 0.982558 0.006110
vt 0.459302 0.516284
vt 0.005814 0.512690
vt 0.005814 0.006110
vt 0.100450 0.006110
vt 0.364666 0.006110
vt 0.459302 0.006110
vt 0.835345 0.727138
vt 0.834822 0.714716
vt 0.833812 0.707472
vt 0.832429 0.700429
vt 0.830658 0.693484
vt 0.828506 0.686659
vt 0.825980 0.679977
vt 0.823088 0.673459
vt 0.819842 0.667131
vt 0.816250 0.661011
vt 0.812326 0.655121
vt 0.808083 0.649481
vt 0.803535 0.644110
vt 0.798697 0.639025
vt 0.793586 0.634245
vt 0.788219 0.629785
vt 0.782615 0.625661
vt 0.776793 0.621886
vt 0.770771 0.618474
vt 0.764570 0.615435
vt 0.758212 0.612780
vt 0.751718 0.610519
vt 0.745109 0.608658
vt 0.738409 0.607203
vt 0.731640 0.606162
vt 0.724824 0.605535
vt 0.718009 0.605328
vt 0.677340 0.605328
vt 0.670524 0.605535
vt 0.663709 0.606161
vt 0.656940 0.607203
vt 0.650239 0.608658
vt 0.643631 0.610519
vt 0.637137 0.612780
vt 0.630779 0.615435
vt 0.624578 0.618474
vt 0.618556 0.621886
vt 0.612733 0.625661
vt 0.607129 0.629785
vt 0.601762 0.634245
vt 0.596652 0.639025
vt 0.591814 0.644110
vt 0.587266 0.649481
vt 0.583023 0.655121
vt 0.579098 0.661011
vt 0.575507 0.667131
vt 0.572260 0.673460
vt 0.569368 0.679977
vt 0.566842 0.686659
vt 0.564691 0.693484
vt 0.562920 0.700430
vt 0.561536 0.707472
vt 0.560527 0.714716
vt 0.560003 0.727138
vt 0.470930 0.727138
vt 0.470930 0.516331
vt 0.470930 0.006110
vt 0.565566 0.006110
vt 0.829782 0.006110
vt 0.924418 0.006110
vt 0.924418 0.516330
vt 0.924418 0.727138
vt 0.029070 0.750706
vt 0.029070 0.739185
vt 0.040698 0.739185
vt 0.040698 0.750706
vt 0.936046 0.698055
vt 0.936046 0.208242
vt 0.947674 0.208242
vt 0.947674 0.698055
vt 0.369706 0.714717
vt 0.368696 0.707472
vt 0.367313 0.700430
vt 0.365542 0.693485
vt 0.363390 0.686659
vt 0.360864 0.679977
vt 0.357973 0.673460
vt 0.354726 0.667131
vt 0.351134 0.661011
vt 0.347210 0.655121
vt 0.342967 0.649481
vt 0.338418 0.644109
vt 0.333581 0.639025
vt 0.328470 0.634245
vt 0.323103 0.629785
vt 0.317499 0.625661
vt 0.311676 0.621887
vt 0.305654 0.618474
vt 0.299454 0.615435
vt 0.293096 0.612781
vt 0.286601 0.610519
vt 0.279993 0.608658
vt 0.273293 0.607204
vt 0.266523 0.606162
vt 0.259708 0.605535
vt 0.252893 0.605328
vt 0.212223 0.605328
vt 0.205408 0.605535
vt 0.198593 0.606162
vt 0.191823 0.607204
vt 0.185123 0.608658
vt 0.178515 0.610519
vt 0.172021 0.612781
vt 0.165662 0.615435
vt 0.159462 0.618474
vt 0.153440 0.621886
vt 0.147617 0.625661
vt 0.142013 0.629785
vt 0.136646 0.634245
vt 0.131536 0.639025
vt 0.126698 0.644110
vt 0.122150 0.649481
vt 0.117906 0.655121
vt 0.113982 0.661011
vt 0.110390 0.667131
vt 0.107144 0.673460
vt 0.104252 0.679977
vt 0.101726 0.686659
vt 0.099574 0.693484
vt 0.097804 0.700430
vt 0.096420 0.707472
vt 0.095410 0.714717
vt 0.094887 0.727138
vt 0.005814 0.727138
vt 0.005814 0.516331
vt 0.005814 0.512690
vt 0.459302 0.516284
vt 0.459302 0.727138
vt 0.370229 0.727138
vt 0.087209 0.739206
vt 0.087209 0.830209
vt 0.075581 0.830209
vt 0.075581 0.739206
vt 0.970930 0.005866
vt 0.970930 0.208242
vt 0.959302 0.208242
vt 0.959302 0.005866
vt 0.098837 0.750706
vt 0.098837 0.739185
vt 0.110465 0.739185
vt 0.098837 0.757476
vt 0.110465 0.757476
vt 0.110465 0.764289
vt 0.098837 0.764289
vt 0.110465 0.764289
vt 0.110465 0.771122
vt 0.098837 0.771122
vt 0.098837 0.771122
vt 0.110465 0.777952
vt 0.098837 0.777952
vt 0.098837 0.777952
vt 0.110465 0.777952
vt 0.110465 0.784756
vt 0.098837 0.784756
vt 0.098837 0.784756
vt 0.110465 0.784756
vt 0.110465 0.791512
vt 0.098837 0.791512
vt 0.110465 0.791512
vt 0.110465 0.798195
vt 0.098837 0.798195
vt 0.098837 0.798195
vt 0.110465 0.804785
vt 0.098837 0.804785
vt 0.110465 0.811257
vt 0.098837 0.811257
vt 0.098837 0.811257
vt 0.110465 0.817591
vt 0.098837 0.817591
vt 0.098837 0.817591
vt 0.110465 0.823764
vt 0.098837 0.823764
vt 0.098837 0.823764
vt 0.110465 0.823764
vt 0.110465 0.829757
vt 0.098837 0.829757
vt 0.005814 0.733249
vt 0.017442 0.733249
vt 0.017442 0.739239
vt 0.005814 0.739239
vt 0.017442 0.739239
vt 0.017442 0.745410
vt 0.005814 0.745410
vt 0.005814 0.745410
vt 0.017442 0.745410
vt 0.017442 0.751742
vt 0.005814 0.751742
vt 0.005814 0.751742
vt 0.017442 0.751742
vt 0.017442 0.758212
vt 0.005814 0.758212
vt 0.005814 0.758212
vt 0.017442 0.758212
vt 0.017442 0.764800
vt 0.005814 0.764800
vt 0.005814 0.764800
vt 0.017442 0.764800
vt 0.017442 0.771482
vt 0.005814 0.771482
vt 0.005814 0.771482
vt 0.017442 0.778237
vt 0.005814 0.778237
vt 0.005814 0.778237
vt 0.017442 0.778237
vt 0.017442 0.785040
vt 0.005814 0.785040
vt 0.005814 0.785040
vt 0.017442 0.785040
vt 0.017442 0.791870
vt 0.005814 0.791870
vt 0.005814 0.791870
vt 0.017442 0.791870
vt 0.017442 0.798704
vt 0.005814 0.798704
vt 0.005814 0.798704
vt 0.017442 0.798704
vt 0.017442 0.805517
vt 0.005814 0.805517
vt 0.005814 0.805517
vt 0.017442 0.805517
vt 0.017442 0.812287
vt 0.005814 0.812287
vt 0.017442 0.867228
vt 0.005814 0.867228
vt 0.005814 0.860612
vt 0.017442 0.860612
vt 0.005814 0.860612
vt 0.005814 0.818992
vt 0.017442 0.818992
vt 0.017442 0.860612
vt 0.029070 0.750706
vt 0.040698 0.750706
vt 0.040698 0.757476
vt 0.029070 0.757476
vt 0.029070 0.757476
vt 0.040698 0.764289
vt 0.029070 0.764289
vt 0.029070 0.764289
vt 0.040698 0.771122
vt 0.029070 0.771122
vt 0.029070 0.771122
vt 0.040698 0.771122
vt 0.040698 0.777952
vt 0.029070 0.777952
vt 0.029070 0.777952
vt 0.040698 0.784756
vt 0.029070 0.784756
vt 0.029070 0.784756
vt 0.040698 0.784756
vt 0.040698 0.791512
vt 0.029070 0.791512
vt 0.040698 0.791512
vt 0.040698 0.798195
vt 0.029070 0.798195
vt 0.029070 0.798195
vt 0.040698 0.798195
vt 0.040698 0.804784
vt 0.029070 0.804784
vt 0.029070 0.804784
vt 0.040698 0.811257
vt 0.029070 0.811257
vt 0.029070 0.811257
vt 0.040698 0.811257
vt 0.040698 0.817591
vt 0.029070 0.817591
vt 0.029070 0.817591
vt 0.040698 0.817591
vt 0.040698 0.823764
vt 0.029070 0.823764
vt 0.029070 0.823764
vt 0.040698 0.823764
vt 0.040698 0.829757
vt 0.029070 0.829757
vt 0.029070 0.829757
vt 0.040698 0.829757
vt 0.040698 0.835549
vt 0.029070 0.835549
vt 0.029070 0.835549
vt 0.040698 0.841120
vt 0.029070 0.841119
vt 0.029070 0.841119
vt 0.040698 0.841119
vt 0.040698 0.846450
vt 0.029070 0.846450
vt 0.029070 0.846450
vt 0.040698 0.846450
vt 0.040698 0.851524
vt 0.029070 0.851524
vt 0.017442 0.914375
vt 0.005814 0.914375
vt 0.005814 0.909233
vt 0.017442 0.909233
vt 0.017442 0.909233
vt 0.005814 0.909233
vt 0.005814 0.903838
vt 0.017442 0.903838
vt 0.017442 0.903838
vt 0.005814 0.903838
vt 0.005814 0.898209
vt 0.017442 0.898209
vt 0.017442 0.898209
vt 0.005814 0.898209
vt 0.005814 0.892363
vt 0.017442 0.892363
vt 0.017442 0.892363
vt 0.005814 0.892363
vt 0.005814 0.886321
vt 0.017442 0.886321
vt 0.017442 0.886321
vt 0.005814 0.886321
vt 0.005814 0.880104
vt 0.017442 0.880104
vt 0.017442 0.880104
vt 0.005814 0.880104
vt 0.005814 0.873732
vt 0.017442 0.873732
vt 0.017442 0.873732
vt 0.005814 0.873732
vt 0.005814 0.867228
vt 0.017442 0.867228
vt 0.970930 0.698055
vt 0.959302 0.698055
vt 0.959302 0.211781
vt 0.994186 0.482722
vt 0.982558 0.482722
vt 0.005814 0.812287
vt 0.017442 0.812287
vt 0.017442 0.818992
vt 0.005814 0.818992
vt 0.000088 0.000089
vt 0.999043 0.005677
vt 0.999911 0.782879
vt 0.844198 0.782879
vt 0.156676 0.782879
vt 0.000963 0.782879
vt 0.936046 0.005866
vt 0.934249 0.005866
vt 0.934191 0.004005
vt 0.936046 0.004053
vt 0.930232 0.005866
vt 0.930232 0.004066
vt 0.465116 0.727138
vt 0.467513 0.727138
vt 0.467589 0.729019
vt 0.465116 0.729014
vt 0.934257 0.000000
vt 0.936046 0.000000
vt 0.930232 0.002762
vt 0.467854 0.730372
vt 0.465116 0.730371
vt 0.470930 0.729027
vt 0.469086 0.729088
vt 0.469133 0.727138
vt 0.470930 0.733249
vt 0.469146 0.733249
vt 0.069767 0.739205
vt 0.067370 0.739206
vt 0.067295 0.737372
vt 0.069767 0.737377
vt 0.067030 0.736054
vt 0.067810 0.736054
vt 0.063954 0.737364
vt 0.065798 0.737305
vt 0.065750 0.739206
vt 0.063954 0.735705
vt 0.065738 0.735786
vt 0.063954 0.733249
vt 0.065743 0.733249
vt 0.069767 0.733249
vt 0.467854 0.731192
vt 0.926216 0.727138
vt 0.926273 0.729077
vt 0.924418 0.729027
vt 0.927835 0.727138
vt 0.927757 0.729014
vt 0.930232 0.727138
vt 0.930232 0.729019
vt 0.926207 0.730650
vt 0.924418 0.730729
vt 0.927495 0.730371
vt 0.930232 0.730371
vt 0.970930 0.004053
vt 0.972775 0.003994
vt 0.972727 0.005866
vt 0.970930 0.002419
vt 0.972715 0.002498
vt 0.970930 0.000000
vt 0.972719 0.000000
vt 0.976744 0.004061
vt 0.976744 0.005866
vt 0.976744 0.002762
vt 0.976744 0.000000
vt 0.089006 0.830209
vt 0.089064 0.832099
vt 0.087209 0.832050
vt 0.093023 0.830209
vt 0.093023 0.832037
vt 0.924418 0.733249
vt 0.926203 0.733249
vt 0.088998 0.836165
vt 0.087209 0.836165
vt 0.093023 0.833360
vt 0.927495 0.733249
vt 0.469133 0.006110
vt 0.469075 0.004172
vt 0.470930 0.004222
vt 0.467513 0.006110
vt 0.467592 0.004235
vt 0.465116 0.006110
vt 0.465116 0.004230
vt 0.469141 0.000000
vt 0.470930 0.000000
vt 0.467854 0.002877
vt 0.465116 0.002877
vt 0.936046 0.699868
vt 0.934202 0.699927
vt 0.934249 0.698055
vt 0.936046 0.703921
vt 0.934262 0.703921
vt 0.994186 0.488833
vt 0.994186 0.486313
vt 0.995975 0.486234
vt 0.995970 0.488833
vt 0.930232 0.699860
vt 0.930232 0.698055
vt 0.930232 0.701159
vt 0.997262 0.485955
vt 1.000000 0.488833
vt 0.995983 0.482722
vt 0.996041 0.484661
vt 0.994186 0.484611
vt 0.997603 0.482722
vt 0.997524 0.484598
vt 1.000000 0.482722
vt 1.000000 0.484603
vt 0.998043 0.485955
vt 0.467854 0.002057
vt 0.972727 0.698055
vt 0.972785 0.699916
vt 0.970930 0.699868
vt 0.976744 0.698055
vt 0.976744 0.699855
vt 0.930232 0.006110
vt 0.927835 0.006110
vt 0.927759 0.004230
vt 0.930232 0.004235
vt 0.972719 0.703921
vt 0.970930 0.703921
vt 0.976744 0.701159
vt 0.927494 0.002877
vt 0.930232 0.002877
vt 0.924418 0.004222
vt 0.926263 0.004161
vt 0.926215 0.006110
vt 0.924418 0.000000
vt 0.926203 0.000000
vt 1.000000 0.006110
vt 0.997603 0.006110
vt 0.997527 0.004230
vt 1.000000 0.004235
vt 0.997262 0.002877
vt 0.998043 0.002877
vt 0.994186 0.004222
vt 0.996031 0.004161
vt 0.995983 0.006110
vt 0.994186 0.002519
vt 0.995970 0.002602
vt 0.994186 0.000000
vt 0.995975 0.000000
vt 1.000000 0.000000
vt 0.927494 0.002057
vt 0.561801 0.727139
vt 0.561779 0.729077
vt 0.559925 0.729026
vt 0.563423 0.727141
vt 0.563266 0.729015
vt 0.565821 0.727194
vt 0.565741 0.729086
vt 0.561648 0.733249
vt 0.559855 0.733249
vt 0.562948 0.730372
vt 0.565683 0.730464
vt 0.040698 0.737337
vt 0.042542 0.737263
vt 0.042495 0.739173
vt 0.040698 0.733249
vt 0.042482 0.733249
vt 0.063954 0.836165
vt 0.063954 0.833761
vt 0.065743 0.833695
vt 0.065738 0.836165
vt 0.046512 0.737296
vt 0.046512 0.739137
vt 0.046512 0.735956
vt 0.067030 0.833448
vt 0.069767 0.836285
vt 0.065750 0.830220
vt 0.065808 0.832126
vt 0.063954 0.832063
vt 0.067370 0.830257
vt 0.067292 0.832099
vt 0.069767 0.830314
vt 0.069767 0.832151
vt 0.067810 0.833483
vt 0.562914 0.731193
vt 0.835423 0.729026
vt 0.833581 0.729088
vt 0.833547 0.727139
vt 0.835494 0.730728
vt 0.833705 0.730646
vt 0.835550 0.733249
vt 0.833747 0.733249
vt 0.832080 0.729020
vt 0.831926 0.727140
vt 0.832401 0.730373
vt 0.832435 0.733249
vt 0.087209 0.737351
vt 0.089054 0.737277
vt 0.089006 0.739194
vt 0.087209 0.733249
vt 0.088994 0.733249
vt 0.098837 0.733249
vt 0.098837 0.735645
vt 0.097048 0.735710
vt 0.097053 0.733249
vt 0.093023 0.737310
vt 0.093023 0.739157
vt 0.093023 0.735966
vt 0.093023 0.735957
vt 0.093023 0.733129
vt 0.097040 0.739173
vt 0.096982 0.737274
vt 0.098837 0.737337
vt 0.093023 0.739137
vt 0.093023 0.737301
vt 0.829528 0.727194
vt 0.829607 0.729081
vt 0.829665 0.730464
vt 0.947674 0.005866
vt 0.947674 0.004053
vt 0.949519 0.003994
vt 0.949471 0.005866
vt 0.947674 0.000000
vt 0.949459 0.000000
vt 0.052326 0.733249
vt 0.052326 0.735705
vt 0.050537 0.735783
vt 0.050541 0.733249
vt 0.953488 0.004061
vt 0.953488 0.005866
vt 0.950750 0.000000
vt 0.049249 0.736054
vt 0.049249 0.733249
vt 0.050529 0.739205
vt 0.050471 0.737316
vt 0.052326 0.737364
vt 0.048909 0.739206
vt 0.048988 0.737377
vt 0.046512 0.739205
vt 0.046512 0.737373
vt 0.046512 0.736054
vt 0.461099 0.727138
vt 0.461157 0.729077
vt 0.459302 0.729027
vt 0.462719 0.727138
vt 0.462640 0.729014
vt 0.465116 0.727138
vt 0.465116 0.729019
vt 0.461091 0.733249
vt 0.459302 0.733249
vt 0.462379 0.733249
vt 0.465116 0.733249
vt 0.096685 0.727140
vt 0.096663 0.729077
vt 0.094809 0.729026
vt 0.098306 0.727141
vt 0.098150 0.729015
vt 0.100705 0.727194
vt 0.100625 0.729087
vt 0.096532 0.730650
vt 0.094738 0.730728
vt 0.097831 0.730373
vt 0.100567 0.730464
vt 0.110465 0.737337
vt 0.112310 0.737263
vt 0.112262 0.739173
vt 0.110465 0.735645
vt 0.112250 0.735713
vt 0.110465 0.733249
vt 0.112254 0.733249
vt 0.116279 0.737296
vt 0.116279 0.739137
vt 0.116279 0.735957
vt 0.116279 0.733129
vt 0.073785 0.739194
vt 0.073726 0.737288
vt 0.075581 0.737351
vt 0.069767 0.739157
vt 0.069768 0.737315
vt 0.094683 0.733249
vt 0.096481 0.733249
vt 0.073792 0.733249
vt 0.075581 0.733249
vt 0.069768 0.735966
vt 0.097798 0.733249
vt 0.005814 0.729027
vt 0.003969 0.729088
vt 0.004017 0.727139
vt 0.005814 0.730729
vt 0.004030 0.730647
vt 0.005814 0.733249
vt 0.004025 0.733249
vt 0.000000 0.729019
vt 0.000000 0.727138
vt 0.002738 0.730372
vt 0.002738 0.733249
vt 0.075581 0.832050
vt 0.073737 0.832109
vt 0.073785 0.830209
vt 0.075581 0.836165
vt 0.073797 0.836165
vt 0.959302 0.000000
vt 0.959302 0.002419
vt 0.957513 0.002495
vt 0.957518 0.000000
vt 0.069767 0.832042
vt 0.069767 0.830209
vt 0.069767 0.833360
vt 0.956226 0.002762
vt 0.953488 0.000000
vt 0.957505 0.005866
vt 0.957447 0.004005
vt 0.959302 0.004053
vt 0.955885 0.005866
vt 0.955964 0.004066
vt 0.953488 0.005866
vt 0.953488 0.004061
vt 0.955445 0.002762
vt 0.001957 0.730372
vt 0.959302 0.699868
vt 0.957458 0.699926
vt 0.957505 0.698055
vt 0.959302 0.703921
vt 0.957518 0.703921
vt 0.982558 0.000000
vt 0.982558 0.002519
vt 0.980769 0.002599
vt 0.980774 0.000000
vt 0.955961 0.699860
vt 0.955885 0.698055
vt 0.956226 0.703921
vt 0.979482 0.002877
vt 0.979482 0.000000
vt 0.980761 0.006110
vt 0.980703 0.004172
vt 0.982558 0.004222
vt 0.979141 0.006110
vt 0.979220 0.004235
vt 0.976744 0.006110
vt 0.976744 0.004230
vt 0.976744 0.002877
vt 0.004017 0.006110
vt 0.003959 0.004172
vt 0.005814 0.004222
vt 0.000000 0.006110
vt 0.000000 0.004235
vt 0.953488 0.698055
vt 0.953488 0.699855
vt 0.004025 0.000000
vt 0.005814 0.000000
vt 0.002738 0.000000
vt 0.953488 0.703921
vt 0.459302 0.004222
vt 0.461147 0.004161
vt 0.461099 0.006110
vt 0.459302 0.000000
vt 0.461087 0.000000
vt 0.976744 0.482722
vt 0.979141 0.482722
vt 0.979217 0.484603
vt 0.976744 0.484598
vt 0.462643 0.004230
vt 0.462719 0.006110
vt 0.462378 0.000000
vt 0.979482 0.485955
vt 0.976744 0.485955
vt 0.982558 0.484611
vt 0.980714 0.484672
vt 0.980761 0.482722
vt 0.982558 0.486313
vt 0.980774 0.486230
vt 0.982558 0.488833
vt 0.980769 0.488833
vt 0.979482 0.488833
vt 0.949471 0.698055
vt 0.949529 0.699916
vt 0.947674 0.699868
vt 0.953488 0.698055
vt 0.953488 0.699856
vt 0.465116 0.006110
vt 0.465116 0.004235
vt 0.949463 0.703921
vt 0.947674 0.703921
vt 0.950751 0.703921
vt 0.465116 0.000000
vt 0.370307 0.729026
vt 0.368464 0.729088
vt 0.368431 0.727139
vt 0.370378 0.733249
vt 0.368589 0.733249
vt 0.046512 0.830314
vt 0.048909 0.830257
vt 0.048985 0.832104
vt 0.046512 0.832147
vt 0.366964 0.729020
vt 0.366810 0.727141
vt 0.367285 0.733249
vt 0.049249 0.833448
vt 0.046512 0.833483
vt 0.052326 0.832063
vt 0.050481 0.832137
vt 0.050529 0.830221
vt 0.052326 0.833761
vt 0.050541 0.833692
vt 0.052326 0.836165
vt 0.050537 0.836165
vt 0.049249 0.836165
vt 0.027273 0.739173
vt 0.027215 0.737274
vt 0.029070 0.737336
vt 0.023256 0.739137
vt 0.023256 0.737301
vt 0.364412 0.727194
vt 0.364491 0.729082
vt 0.027281 0.733249
vt 0.029070 0.733249
vt 0.025994 0.733249
vt 0.364666 0.733249
vt 0.565566 0.004222
vt 0.565566 0.000000
vt 1.000000 0.383261
vt 0.997603 0.383261
vt 0.995983 0.383261
vt 0.469134 0.516330
vt 0.467513 0.516330
vt 0.465116 0.516330
vt 0.930232 0.208242
vt 0.934250 0.208242
vt 0.936046 0.208242
vt 0.926215 0.516330
vt 0.927836 0.516330
vt 0.930232 0.516330
vt 0.976744 0.208242
vt 0.972727 0.208242
vt 0.829783 0.004222
vt 0.829782 0.000000
vt 1.000000 0.105572
vt 0.997603 0.105572
vt 0.995983 0.105572
vt 0.995983 0.383261
vt 0.995983 0.105572
vt 0.980762 0.383261
vt 0.979141 0.383261
vt 0.976744 0.383261
vt 0.364666 0.000000
vt 0.364666 0.004222
vt 0.949471 0.208244
vt 0.953488 0.208242
vt 0.465116 0.516331
vt 0.462720 0.516312
vt 0.461099 0.516299
vt 0.957506 0.211779
vt 0.955885 0.211773
vt 0.953488 0.211781
vt 0.000000 0.512644
vt 0.004017 0.512676
vt 0.980762 0.105572
vt 0.979141 0.105572
vt 0.976744 0.105572
vt 0.100450 0.000000
vt 0.100450 0.004222
vt 0.980762 0.383261
vt 0.097041 0.757484
vt 0.097041 0.750691
vt 0.093023 0.757476
vt 0.093023 0.750706
vt 0.829027 0.715296
vt 0.828084 0.708533
vt 0.830445 0.708095
vt 0.831415 0.715057
vt 0.832043 0.707799
vt 0.833031 0.714895
vt 0.097041 0.764297
vt 0.097041 0.757467
vt 0.093023 0.764289
vt 0.826769 0.701839
vt 0.829102 0.701258
vt 0.830680 0.700865
vt 0.097041 0.771130
vt 0.097041 0.764280
vt 0.093023 0.771122
vt 0.825086 0.695238
vt 0.827383 0.694515
vt 0.828936 0.694026
vt 0.097041 0.777961
vt 0.097041 0.771113
vt 0.093023 0.777952
vt 0.823040 0.688750
vt 0.825293 0.687888
vt 0.826817 0.687305
vt 0.097041 0.784765
vt 0.097041 0.777943
vt 0.093023 0.784756
vt 0.820639 0.682398
vt 0.822841 0.681400
vt 0.824330 0.680725
vt 0.097041 0.791520
vt 0.097041 0.784748
vt 0.093023 0.791512
vt 0.817891 0.676203
vt 0.820033 0.675072
vt 0.821483 0.674308
vt 0.097041 0.798204
vt 0.097041 0.791503
vt 0.093023 0.798195
vt 0.814805 0.670187
vt 0.816881 0.668927
vt 0.818285 0.668076
vt 0.097041 0.804793
vt 0.097041 0.798187
vt 0.093023 0.804785
vt 0.811391 0.664370
vt 0.813394 0.662985
vt 0.814749 0.662049
vt 0.097041 0.811265
vt 0.097041 0.804776
vt 0.093023 0.811257
vt 0.807661 0.658772
vt 0.809584 0.657267
vt 0.810884 0.656249
vt 0.097041 0.817599
vt 0.097041 0.811249
vt 0.093023 0.817591
vt 0.803627 0.653410
vt 0.805464 0.651791
vt 0.806706 0.650695
vt 0.097041 0.823772
vt 0.097041 0.817583
vt 0.093023 0.823764
vt 0.799304 0.648304
vt 0.801047 0.646575
vt 0.802227 0.645406
vt 0.097041 0.829765
vt 0.097041 0.823757
vt 0.093023 0.829757
vt 0.794705 0.643472
vt 0.796350 0.641639
vt 0.797464 0.640399
vt 0.004017 0.739246
vt 0.004017 0.733241
vt 0.000000 0.739239
vt 0.000000 0.733249
vt 0.789847 0.638928
vt 0.791388 0.636998
vt 0.792431 0.635692
vt 0.004017 0.745418
vt 0.004017 0.739231
vt 0.000000 0.745410
vt 0.784746 0.634689
vt 0.786178 0.632667
vt 0.787146 0.631300
vt 0.004017 0.751750
vt 0.004017 0.745402
vt 0.000000 0.751742
vt 0.779419 0.630768
vt 0.780737 0.628663
vt 0.781628 0.627239
vt 0.004017 0.758220
vt 0.004017 0.751733
vt 0.000000 0.758212
vt 0.773884 0.627180
vt 0.775083 0.624998
vt 0.775894 0.623522
vt 0.004017 0.764808
vt 0.004017 0.758204
vt 0.000000 0.764800
vt 0.768160 0.623937
vt 0.769236 0.621685
vt 0.769964 0.620162
vt 0.004017 0.771491
vt 0.004017 0.764791
vt 0.000000 0.771482
vt 0.762266 0.621048
vt 0.763215 0.618734
vt 0.763858 0.617169
vt 0.004017 0.778245
vt 0.004017 0.771473
vt 0.000000 0.778237
vt 0.756222 0.618525
vt 0.757042 0.616157
vt 0.757597 0.614556
vt 0.004017 0.785049
vt 0.004017 0.778228
vt 0.000000 0.785040
vt 0.750049 0.616375
vt 0.750737 0.613961
vt 0.751202 0.612328
vt 0.004017 0.791879
vt 0.004017 0.785032
vt 0.000000 0.791870
vt 0.743768 0.614606
vt 0.744321 0.612154
vt 0.744695 0.610496
vt 0.004017 0.798712
vt 0.004017 0.791862
vt 0.000000 0.798704
vt 0.737399 0.613224
vt 0.737815 0.610742
vt 0.738097 0.609064
vt 0.004017 0.805526
vt 0.004017 0.798695
vt 0.000000 0.805517
vt 0.730964 0.612233
vt 0.731243 0.609730
vt 0.731431 0.608038
vt 0.004017 0.812296
vt 0.004017 0.805508
vt 0.000000 0.812287
vt 0.724486 0.611637
vt 0.724626 0.609122
vt 0.724720 0.607421
vt 0.004017 0.818999
vt 0.004017 0.812279
vt 0.000000 0.818992
vt 0.717986 0.611439
vt 0.717995 0.608920
vt 0.718002 0.607216
vt 0.004017 0.867236
vt 0.004017 0.860605
vt 0.000000 0.867228
vt 0.000000 0.860612
vt 0.677363 0.611439
vt 0.670862 0.611637
vt 0.670723 0.609122
vt 0.677353 0.608920
vt 0.670629 0.607421
vt 0.677347 0.607216
vt 0.004017 0.873741
vt 0.004017 0.867219
vt 0.000000 0.873732
vt 0.664384 0.612233
vt 0.664106 0.609730
vt 0.663918 0.608038
vt 0.004017 0.880112
vt 0.004017 0.873724
vt 0.000000 0.880104
vt 0.657950 0.613224
vt 0.657533 0.610742
vt 0.657252 0.609064
vt 0.004017 0.886329
vt 0.004017 0.880096
vt 0.000000 0.886321
vt 0.651581 0.614606
vt 0.651028 0.612154
vt 0.650654 0.610496
vt 0.004017 0.892371
vt 0.004017 0.886314
vt 0.000000 0.892363
vt 0.645299 0.616375
vt 0.644611 0.613961
vt 0.644147 0.612329
vt 0.004017 0.898216
vt 0.004017 0.892356
vt 0.000000 0.898209
vt 0.639126 0.618525
vt 0.638306 0.616157
vt 0.637752 0.614556
vt 0.004017 0.903846
vt 0.004017 0.898201
vt 0.000000 0.903838
vt 0.633082 0.621048
vt 0.632133 0.618734
vt 0.631491 0.617169
vt 0.004017 0.909240
vt 0.004017 0.903832
vt 0.000000 0.909233
vt 0.627189 0.623937
vt 0.626112 0.621685
vt 0.625385 0.620162
vt 0.004017 0.914382
vt 0.004017 0.909227
vt 0.000000 0.914375
vt 0.621464 0.627180
vt 0.620265 0.624998
vt 0.619455 0.623522
vt 0.042494 0.846444
vt 0.042494 0.851530
vt 0.046512 0.846450
vt 0.046512 0.851524
vt 0.615929 0.630768
vt 0.614612 0.628663
vt 0.613721 0.627240
vt 0.042494 0.841113
vt 0.042494 0.846457
vt 0.046512 0.841119
vt 0.610602 0.634689
vt 0.609170 0.632667
vt 0.608202 0.631301
vt 0.042494 0.835542
vt 0.042494 0.841127
vt 0.046512 0.835549
vt 0.605501 0.638928
vt 0.603960 0.636998
vt 0.602918 0.635692
vt 0.042494 0.829750
vt 0.042494 0.835556
vt 0.046512 0.829757
vt 0.600643 0.643472
vt 0.598998 0.641639
vt 0.597885 0.640399
vt 0.042494 0.823757
vt 0.042494 0.829765
vt 0.046512 0.823764
vt 0.596045 0.648305
vt 0.594300 0.646575
vt 0.593121 0.645406
vt 0.042494 0.817583
vt 0.042494 0.823772
vt 0.046512 0.817591
vt 0.591721 0.653410
vt 0.589885 0.651790
vt 0.588643 0.650695
vt 0.042494 0.811249
vt 0.042494 0.817599
vt 0.046512 0.811257
vt 0.587688 0.658772
vt 0.585765 0.657267
vt 0.584464 0.656249
vt 0.042494 0.804776
vt 0.042494 0.811265
vt 0.046512 0.804784
vt 0.583958 0.664370
vt 0.581955 0.662986
vt 0.580600 0.662049
vt 0.042494 0.798187
vt 0.042494 0.804793
vt 0.046512 0.798195
vt 0.580544 0.670187
vt 0.578468 0.668928
vt 0.577063 0.668075
vt 0.042494 0.791503
vt 0.042494 0.798204
vt 0.046512 0.791512
vt 0.577457 0.676203
vt 0.575315 0.675073
vt 0.573866 0.674308
vt 0.042494 0.784748
vt 0.042494 0.791520
vt 0.046512 0.784756
vt 0.574709 0.682398
vt 0.572508 0.681400
vt 0.571019 0.680725
vt 0.042494 0.777943
vt 0.042494 0.784765
vt 0.046512 0.777952
vt 0.572308 0.688750
vt 0.570055 0.687888
vt 0.568531 0.687305
vt 0.042494 0.771113
vt 0.042494 0.777961
vt 0.046512 0.771122
vt 0.570263 0.695238
vt 0.567966 0.694515
vt 0.566412 0.694026
vt 0.042494 0.764280
vt 0.042494 0.771130
vt 0.046512 0.764289
vt 0.568579 0.701839
vt 0.566246 0.701258
vt 0.564669 0.700865
vt 0.042494 0.757467
vt 0.042494 0.764297
vt 0.046512 0.757476
vt 0.567264 0.708533
vt 0.564903 0.708095
vt 0.563306 0.707800
vt 0.042494 0.750691
vt 0.042494 0.757484
vt 0.046512 0.750706
vt 0.566322 0.715296
vt 0.563933 0.715057
vt 0.562317 0.714895
vt 0.027273 0.757484
vt 0.027273 0.750691
vt 0.023256 0.757476
vt 0.023256 0.750706
vt 0.363911 0.715296
vt 0.362968 0.708533
vt 0.365329 0.708095
vt 0.366299 0.715057
vt 0.366926 0.707800
vt 0.367915 0.714896
vt 0.027273 0.764297
vt 0.027273 0.757467
vt 0.023256 0.764289
vt 0.361653 0.701840
vt 0.363986 0.701258
vt 0.365564 0.700866
vt 0.027273 0.771130
vt 0.027273 0.764280
vt 0.023256 0.771122
vt 0.359970 0.695238
vt 0.362267 0.694515
vt 0.363820 0.694026
vt 0.027273 0.777961
vt 0.027273 0.771113
vt 0.023256 0.777952
vt 0.357924 0.688750
vt 0.360177 0.687888
vt 0.361701 0.687305
vt 0.027273 0.784765
vt 0.027273 0.777943
vt 0.023256 0.784756
vt 0.355523 0.682398
vt 0.357725 0.681400
vt 0.359214 0.680725
vt 0.027273 0.791520
vt 0.027273 0.784748
vt 0.023256 0.791512
vt 0.352775 0.676204
vt 0.354917 0.675073
vt 0.356366 0.674308
vt 0.027273 0.798204
vt 0.027273 0.791503
vt 0.023256 0.798195
vt 0.349689 0.670188
vt 0.351765 0.668928
vt 0.353169 0.668076
vt 0.027273 0.804793
vt 0.027273 0.798187
vt 0.023256 0.804784
vt 0.346274 0.664370
vt 0.348278 0.662985
vt 0.349633 0.662049
vt 0.027273 0.811265
vt 0.027273 0.804776
vt 0.023256 0.811257
vt 0.342544 0.658772
vt 0.344468 0.657267
vt 0.345768 0.656249
vt 0.027273 0.817599
vt 0.027273 0.811249
vt 0.023256 0.817591
vt 0.338511 0.653410
vt 0.340348 0.651790
vt 0.341590 0.650695
vt 0.027273 0.823772
vt 0.027273 0.817583
vt 0.023256 0.823764
vt 0.334188 0.648305
vt 0.335931 0.646575
vt 0.337111 0.645406
vt 0.027273 0.829765
vt 0.027273 0.823757
vt 0.023256 0.829757
vt 0.329589 0.643472
vt 0.331234 0.641639
vt 0.332347 0.640399
vt 0.027273 0.835556
vt 0.027273 0.829750
vt 0.023256 0.835549
vt 0.324731 0.638928
vt 0.326272 0.636998
vt 0.327315 0.635692
vt 0.027273 0.841127
vt 0.027273 0.835542
vt 0.023256 0.841119
vt 0.319630 0.634689
vt 0.321062 0.632667
vt 0.322030 0.631301
vt 0.027273 0.846457
vt 0.027273 0.841113
vt 0.023256 0.846450
vt 0.314303 0.630769
vt 0.315620 0.628663
vt 0.316512 0.627240
vt 0.027273 0.851530
vt 0.027273 0.846444
vt 0.023256 0.851524
vt 0.308768 0.627180
vt 0.309967 0.624999
vt 0.310778 0.623523
vt 0.019238 0.909227
vt 0.019238 0.914382
vt 0.023256 0.909233
vt 0.023256 0.914375
vt 0.303044 0.623937
vt 0.304120 0.621685
vt 0.304848 0.620162
vt 0.019238 0.903831
vt 0.019238 0.909240
vt 0.023256 0.903838
vt 0.297150 0.621048
vt 0.298099 0.618734
vt 0.298742 0.617170
vt 0.019238 0.898202
vt 0.019238 0.903845
vt 0.023256 0.898209
vt 0.291106 0.618525
vt 0.291926 0.616157
vt 0.292481 0.614555
vt 0.019238 0.892356
vt 0.019238 0.898216
vt 0.023256 0.892363
vt 0.284933 0.616375
vt 0.285621 0.613961
vt 0.286086 0.612328
vt 0.019238 0.886314
vt 0.019239 0.892371
vt 0.023256 0.886321
vt 0.278652 0.614606
vt 0.279205 0.612154
vt 0.279578 0.610496
vt 0.019238 0.880096
vt 0.019238 0.886329
vt 0.023256 0.880104
vt 0.272283 0.613224
vt 0.272699 0.610742
vt 0.272981 0.609064
vt 0.019238 0.873724
vt 0.019238 0.880112
vt 0.023256 0.873732
vt 0.265848 0.612233
vt 0.266127 0.609731
vt 0.266315 0.608038
vt 0.019238 0.867219
vt 0.019238 0.873741
vt 0.023256 0.867228
vt 0.259370 0.611638
vt 0.259509 0.609122
vt 0.259604 0.607421
vt 0.019238 0.860605
vt 0.019238 0.867236
vt 0.023256 0.860612
vt 0.252869 0.611439
vt 0.252879 0.608920
vt 0.252886 0.607216
vt 0.019238 0.812279
vt 0.019238 0.818999
vt 0.023256 0.812287
vt 0.023256 0.818992
vt 0.212247 0.611439
vt 0.205746 0.611638
vt 0.205607 0.609122
vt 0.212237 0.608920
vt 0.205513 0.607421
vt 0.212231 0.607216
vt 0.019238 0.805508
vt 0.019238 0.812296
vt 0.023256 0.805517
vt 0.199268 0.612233
vt 0.198990 0.609731
vt 0.198801 0.608038
vt 0.019238 0.798695
vt 0.019238 0.805526
vt 0.023256 0.798704
vt 0.192833 0.613224
vt 0.192417 0.610742
vt 0.192136 0.609064
vt 0.019238 0.791862
vt 0.019238 0.798712
vt 0.023256 0.791870
vt 0.186465 0.614606
vt 0.185912 0.612154
vt 0.185538 0.610496
vt 0.019238 0.785032
vt 0.019238 0.791879
vt 0.023256 0.785040
vt 0.180183 0.616375
vt 0.179495 0.613961
vt 0.179030 0.612329
vt 0.019238 0.778228
vt 0.019238 0.785049
vt 0.023256 0.778237
vt 0.174010 0.618525
vt 0.173190 0.616157
vt 0.172635 0.614556
vt 0.019238 0.771473
vt 0.019238 0.778245
vt 0.023256 0.771482
vt 0.167966 0.621048
vt 0.167017 0.618734
vt 0.166374 0.617170
vt 0.019238 0.764791
vt 0.019238 0.771491
vt 0.023256 0.764800
vt 0.162072 0.623937
vt 0.160996 0.621685
vt 0.160269 0.620162
vt 0.019238 0.758204
vt 0.019238 0.764808
vt 0.023256 0.758212
vt 0.156348 0.627180
vt 0.155149 0.624998
vt 0.154339 0.623522
vt 0.019238 0.751733
vt 0.019238 0.758220
vt 0.023256 0.751742
vt 0.150813 0.630769
vt 0.149496 0.628663
vt 0.148605 0.627240
vt 0.019238 0.745402
vt 0.019238 0.751750
vt 0.023256 0.745410
vt 0.145486 0.634689
vt 0.144054 0.632668
vt 0.143086 0.631301
vt 0.019238 0.739231
vt 0.019238 0.745418
vt 0.023256 0.739239
vt 0.140385 0.638928
vt 0.138844 0.636997
vt 0.137802 0.635692
vt 0.019238 0.733241
vt 0.019238 0.739246
vt 0.023256 0.733249
vt 0.135527 0.643472
vt 0.133882 0.641639
vt 0.132769 0.640399
vt 0.112262 0.823757
vt 0.112262 0.829765
vt 0.116279 0.823764
vt 0.116279 0.829757
vt 0.130929 0.648305
vt 0.129184 0.646575
vt 0.128005 0.645406
vt 0.112262 0.817583
vt 0.112262 0.823772
vt 0.116279 0.817591
vt 0.126605 0.653410
vt 0.124769 0.651790
vt 0.123526 0.650695
vt 0.112262 0.811249
vt 0.112262 0.817599
vt 0.116279 0.811257
vt 0.122572 0.658772
vt 0.120649 0.657267
vt 0.119348 0.656249
vt 0.112262 0.804776
vt 0.112262 0.811265
vt 0.116279 0.804785
vt 0.118842 0.664370
vt 0.116839 0.662986
vt 0.115484 0.662049
vt 0.112262 0.798187
vt 0.112262 0.804793
vt 0.116279 0.798195
vt 0.115428 0.670188
vt 0.113351 0.668928
vt 0.111947 0.668076
vt 0.112262 0.791503
vt 0.112262 0.798204
vt 0.116279 0.791512
vt 0.112341 0.676204
vt 0.110199 0.675073
vt 0.108750 0.674308
vt 0.112262 0.784748
vt 0.112262 0.791520
vt 0.116279 0.784756
vt 0.109593 0.682398
vt 0.107391 0.681400
vt 0.105903 0.680725
vt 0.112262 0.777943
vt 0.112262 0.784765
vt 0.116279 0.777952
vt 0.107192 0.688750
vt 0.104939 0.687888
vt 0.103415 0.687305
vt 0.112262 0.771113
vt 0.112262 0.777961
vt 0.116279 0.771122
vt 0.105146 0.695238
vt 0.102849 0.694515
vt 0.101296 0.694026
vt 0.112262 0.764280
vt 0.112262 0.771130
vt 0.116279 0.764289
vt 0.103463 0.701840
vt 0.101130 0.701258
vt 0.099553 0.700865
vt 0.112262 0.757467
vt 0.112262 0.764297
vt 0.116279 0.757476
vt 0.102148 0.708533
vt 0.099787 0.708096
vt 0.098190 0.707800
vt 0.112262 0.750691
vt 0.112262 0.757484
vt 0.116279 0.750706
vt 0.101206 0.715296
vt 0.098817 0.715057
vt 0.097201 0.714896
vt 0.097041 0.750721
vt 0.004017 0.860613
vt 0.004017 0.818990
vt 0.112262 0.750721
vt 0.019238 0.860613
vt 0.019238 0.818990
vt 0.042494 0.750721
vt 0.027273 0.750721
vt 0.934250 0.208242
vt 0.949471 0.208244
vt 0.953488 0.208251
vt 0.465116 0.516322
vt 0.461099 0.516299
vt 0.957506 0.208242
vt 0.955885 0.208242
vt 0.953488 0.208242
vt 0.000000 0.516331
vt 0.004017 0.516330
vt 0.953488 0.211763
vt 0.000000 0.512663
vt 0.004017 0.512676
s 1
usemtl Material.004
f 346/1/1 958/2/1 951/3/2 351/4/2
f 159/5/3 162/6/3 274/7/3 333/8/3
f 9/9/4 107/10/4 307/11/4 166/12/4
f 84/13/3 159/5/3 333/8/3 247/14/3
f 969/15/5 987/16/5 248/17/5 334/18/5 273/19/5 279/20/5
f 132/21/6 345/22/6 352/23/6 358/24/6 364/25/6 370/26/6 376/27/6 382/28/6 388/29/6 394/30/6 400/31/6 406/32/6 412/33/6 418/34/6 424/35/6 430/36/6 436/37/6 442/38/6 448/39/6 454/40/6 460/41/6 466/42/6 472/43/6 478/44/6 484/45/6 490/46/6 339/47/6 495/48/6 502/49/6 508/50/6 514/51/6 520/52/6 526/53/6 532/54/6 538/55/6 544/56/6 550/57/6 556/58/6 562/59/6 568/60/6 574/61/6 580/62/6 586/63/6 592/64/6 598/65/6 604/66/6 610/67/6 616/68/6 622/69/6 628/70/6 634/71/6 640/72/6 645/73/6 105/74/6 8/75/6 964/76/6 1053/77/6 1168/78/6 1161/79/6 1081/80/6 976/81/6 34/82/6
f 658/83/7 308/84/8 106/85/8 646/86/7
f 61/87/9 963/88/9 970/89/9 281/90/9
f 657/91/5 664/92/5 670/93/5 676/94/5 682/95/5 688/96/5 694/97/5 700/98/5 706/99/5 712/100/5 718/101/5 724/102/5 730/103/5 736/104/5 742/105/5 748/106/5 754/107/5 760/108/5 766/109/5 772/110/5 778/111/5 784/112/5 790/113/5 796/114/5 802/115/5 651/116/5 807/117/5 814/118/5 820/119/5 826/120/5 832/121/5 838/122/5 844/123/5 850/124/5 856/125/5 862/126/5 868/127/5 874/128/5 880/129/5 886/130/5 892/131/5 898/132/5 904/133/5 910/134/5 916/135/5 922/136/5 928/137/5 934/138/5 940/139/5 946/140/5 952/141/5 957/142/5 192/143/5 219/144/5 981/145/5 987/146/5 969/147/5 167/148/5 306/149/5
f 133/150/4 36/151/4 220/152/4 194/153/4
f 35/154/10 975/155/10 982/156/10 221/157/10
f 346/158/1 134/159/11 193/160/11 958/2/1
f 351/161/2 951/162/2 945/163/12 357/164/12
f 357/164/12 945/165/12 939/166/13 363/167/13
f 363/168/13 939/166/13 933/169/14 369/170/14
f 369/171/14 933/172/14 927/173/15 375/174/15
f 375/175/15 927/176/15 921/177/16 381/178/16
f 381/178/16 921/179/16 915/180/17 387/181/17
f 387/182/17 915/180/17 909/183/18 393/184/18
f 393/184/18 909/183/18 903/185/19 399/186/19
f 399/187/19 903/185/19 897/188/20 405/189/20
f 405/190/20 897/188/20 891/191/21 411/192/21
f 411/193/21 891/194/21 885/195/22 417/196/22
f 417/197/22 885/198/22 879/199/23 423/200/23
f 423/200/23 879/201/23 873/202/24 429/203/24
f 429/204/24 873/205/24 867/206/25 435/207/25
f 435/208/25 867/209/25 861/210/26 441/211/26
f 441/212/26 861/213/26 855/214/27 447/215/27
f 447/216/27 855/217/27 849/218/28 453/219/28
f 453/220/28 849/218/28 843/221/29 459/222/29
f 459/223/29 843/224/29 837/225/30 465/226/30
f 465/227/30 837/228/30 831/229/31 471/230/31
f 471/231/31 831/232/31 825/233/32 477/234/32
f 477/235/32 825/236/32 819/237/33 483/238/33
f 483/239/33 819/240/33 813/241/34 489/242/34
f 801/243/35 501/244/35 496/245/36 652/246/36
f 496/247/36 340/248/37 808/249/37 652/250/36
f 658/251/7 646/252/7 639/253/38 663/254/38
f 663/255/38 639/253/38 633/256/39 669/257/39
f 669/258/39 633/256/39 627/259/40 675/260/40
f 675/261/40 627/262/40 621/263/41 681/264/41
f 681/265/41 621/263/41 615/266/42 687/267/42
f 687/268/42 615/269/42 609/270/43 693/271/43
f 693/271/43 609/272/43 603/273/44 699/274/45
f 699/275/45 603/276/44 597/277/46 705/278/46
f 705/279/46 597/277/46 591/280/47 711/281/47
f 711/282/47 591/283/47 585/284/48 717/285/48
f 717/286/48 585/287/48 579/288/49 723/289/49
f 723/290/49 579/291/49 573/292/50 729/293/50
f 729/294/50 573/295/50 567/296/51 735/297/51
f 735/298/51 567/296/51 561/299/52 741/300/52
f 741/301/52 561/302/52 555/303/53 747/304/53
f 747/305/53 555/306/53 549/307/54 753/308/54
f 753/309/54 549/310/54 543/311/55 759/312/55
f 759/313/55 543/314/55 537/315/56 765/316/56
f 765/317/56 537/318/56 531/319/57 771/320/57
f 771/321/57 531/322/57 525/323/58 777/324/58
f 777/325/58 525/326/58 519/327/59 783/328/59
f 783/329/59 519/330/59 513/331/60 789/332/60
f 789/333/60 513/334/60 507/335/61 795/336/61
f 795/337/61 507/338/61 501/339/35 801/340/35
f 975/155/10 83/341/10 246/342/10 988/343/10 982/156/10
f 162/6/3 62/344/3 280/345/3 274/7/3
f 489/346/34 813/347/34 808/348/37 340/349/37
f 7/356/9 10/357/62 13/358/63 12/359/64
f 10/357/62 11/360/65 14/361/66 13/358/63
f 11/362/65 23/363/67 24/364/68 14/365/66
f 12/359/64 13/358/63 16/366/69 15/367/70
f 13/358/63 14/361/66 17/368/71 16/366/69
f 14/365/66 24/364/68 25/369/72 17/370/71
f 8/75/73 18/371/74 21/372/75 20/373/76
f 18/371/74 19/374/77 22/375/78 21/372/75
f 19/376/77 31/377/79 32/378/80 22/379/78
f 20/373/76 21/372/75 24/364/68 23/363/67
f 21/372/75 22/375/78 25/369/72 24/364/68
f 22/379/78 32/378/80 33/380/81 25/381/72
f 9/9/4 26/382/82 29/383/83 28/384/84
f 26/382/82 27/385/85 30/386/86 29/383/83
f 27/385/85 15/387/70 16/388/69 30/386/86
f 28/384/84 29/383/83 32/378/80 31/377/79
f 29/383/83 30/386/86 33/380/81 32/378/80
f 30/386/86 16/388/69 17/389/71 33/380/81
f 17/370/71 25/369/72 33/390/81
f 34/82/73 37/391/87 40/392/88 39/393/74
f 37/391/87 38/394/89 41/395/90 40/392/88
f 38/394/89 50/396/91 51/397/92 41/395/90
f 39/393/74 40/392/88 43/398/93 42/399/77
f 40/392/88 41/395/90 44/400/94 43/398/93
f 41/395/90 51/397/92 52/401/95 44/400/94
f 35/154/10 45/402/96 48/403/97 47/404/98
f 45/402/96 46/405/99 49/406/100 48/403/97
f 46/405/99 58/407/101 59/408/102 49/406/100
f 47/404/98 48/403/97 51/409/92 50/410/91
f 48/403/97 49/406/100 52/411/95 51/409/92
f 49/406/100 59/408/102 60/412/103 52/411/95
f 36/151/4 53/413/84 56/414/104 55/415/105
f 53/413/84 54/416/106 57/417/107 56/414/104
f 54/418/106 42/399/77 43/398/93 57/419/107
f 55/415/105 56/414/104 59/420/102 58/421/101
f 56/414/104 57/417/107 60/422/103 59/420/102
f 57/419/107 43/398/93 44/400/94 60/423/103
f 44/400/94 52/401/95 60/423/103
f 1053/77/108 1056/424/109 1059/425/110 1058/426/111
f 1056/424/112 63/427/113 64/428/114 1059/425/115
f 63/427/113 72/429/116 73/430/117 64/428/114
f 1058/426/118 1059/425/115 65/431/119 1061/432/120
f 1059/425/115 64/428/114 66/433/121 65/431/119
f 64/428/114 73/430/117 74/434/122 66/433/121
f 61/87/9 67/435/123 70/436/124 69/437/62
f 67/435/123 68/438/125 71/439/126 70/436/124
f 68/440/125 80/441/127 81/442/128 71/443/126
f 69/437/62 70/436/124 73/444/117 72/445/116
f 70/436/124 71/439/126 74/446/122 73/444/117
f 71/443/126 81/442/128 82/447/129 74/448/122
f 62/344/3 75/449/130 78/450/131 77/451/132
f 75/449/130 76/452/133 79/453/134 78/450/131
f 76/452/133 1061/454/120 65/455/119 79/453/134
f 77/451/132 78/450/131 81/442/128 80/441/127
f 78/450/131 79/453/134 82/447/129 81/442/128
f 79/453/134 65/455/119 66/456/121 82/447/129
f 66/433/121 74/434/122 82/457/129
f 83/341/10 85/458/135 88/459/136 87/460/137
f 85/458/135 86/461/91 89/462/138 88/459/136
f 86/463/91 94/464/139 95/465/140 89/466/138
f 87/460/137 88/459/136 91/467/141 90/468/142
f 88/459/136 89/462/138 92/469/143 91/467/141
f 89/466/138 95/465/140 96/470/144 92/471/143
f 1081/80/145 1091/472/146 1094/473/110 1093/474/147
f 1091/472/148 1092/475/149 93/476/150 1094/473/151
f 1092/477/149 102/478/152 103/479/153 93/480/150
f 1093/474/154 1094/473/151 95/465/140 94/464/139
f 1094/473/151 93/476/150 96/470/144 95/465/140
f 93/480/150 103/479/153 104/481/155 96/482/144
f 84/13/3 97/483/156 100/484/157 99/485/130
f 97/483/156 98/486/158 101/487/159 100/484/157
f 98/486/158 90/488/142 91/489/141 101/487/159
f 99/485/130 100/484/157 103/479/153 102/478/152
f 100/484/157 101/487/159 104/481/155 103/479/153
f 101/487/159 91/489/141 92/490/143 104/481/155
f 92/471/143 96/470/144 104/491/155
f 105/74/73 108/492/160 111/493/161 110/494/74
f 108/492/160 109/495/162 112/496/163 111/493/161
f 109/495/162 121/497/164 122/498/165 112/496/163
f 110/494/74 111/493/161 114/499/166 113/500/77
f 111/493/161 112/496/163 115/501/167 114/499/166
f 112/496/163 122/498/165 123/502/168 115/501/167
f 106/85/8 116/503/169 119/504/170 118/505/171
f 116/503/169 117/506/172 120/507/173 119/504/170
f 117/508/172 129/509/174 130/510/175 120/511/173
f 118/505/171 119/504/170 122/512/165 121/513/164
f 119/504/170 120/507/173 123/514/168 122/512/165
f 120/511/173 130/510/175 131/515/176 123/516/168
f 107/10/4 124/517/84 127/518/177 126/519/178
f 124/517/84 125/520/79 128/521/179 127/518/177
f 125/520/79 113/522/77 114/523/166 128/521/179
f 126/519/178 127/518/177 130/510/175 129/509/174
f 127/518/177 128/521/179 131/515/176 130/510/175
f 128/521/179 114/523/166 115/524/167 131/515/176
f 115/501/167 123/502/168 131/525/176
f 132/21/73 135/526/180 138/527/181 137/528/182
f 135/526/180 136/529/77 139/530/183 138/527/181
f 136/529/77 148/531/79 149/532/184 139/530/183
f 137/528/182 138/527/181 141/533/185 140/534/186
f 138/527/181 139/530/183 142/535/187 141/533/185
f 139/530/183 149/532/184 150/536/188 142/535/187
f 133/150/4 143/537/189 146/538/190 145/539/84
f 143/537/189 144/540/191 147/541/192 146/538/190
f 144/542/191 156/543/193 157/544/194 147/545/192
f 145/539/84 146/538/190 149/546/184 148/547/79
f 146/538/190 147/541/192 150/548/188 149/546/184
f 147/545/192 157/544/194 158/549/195 150/550/188
f 134/159/11 151/551/196 154/552/197 153/553/198
f 151/551/196 152/554/199 155/555/200 154/552/197
f 152/556/199 140/534/186 141/533/185 155/557/200
f 153/553/198 154/552/197 157/544/194 156/543/193
f 154/552/197 155/555/200 158/549/195 157/544/194
f 155/557/200 141/533/185 142/535/187 158/558/195
f 142/535/187 150/536/188 158/558/195
f 165/559/9 168/560/64 171/561/201 170/562/202
f 168/560/64 169/563/70 172/564/203 171/561/201
f 169/565/70 181/566/85 182/567/204 172/568/203
f 170/562/202 171/561/201 174/569/205 173/570/206
f 171/561/201 172/564/203 175/571/207 174/569/205
f 172/568/203 182/567/204 183/572/208 175/573/207
f 166/12/4 176/574/209 179/575/210 178/576/211
f 176/574/209 177/577/212 180/578/213 179/575/210
f 177/577/212 189/579/214 190/580/215 180/578/213
f 178/576/211 179/575/210 182/567/204 181/566/85
f 179/575/210 180/578/213 183/572/208 182/567/204
f 180/578/213 190/580/215 191/581/216 183/572/208
f 167/148/5 184/582/217 187/583/218 186/584/219
f 184/582/217 185/585/220 188/586/221 187/583/218
f 185/585/220 173/587/206 174/588/205 188/586/221
f 186/584/219 187/583/218 190/589/215 189/590/214
f 187/583/218 188/586/221 191/591/216 190/589/215
f 188/586/221 174/588/205 175/592/207 191/591/216
f 175/573/207 183/572/208 191/581/216
f 192/143/5 195/593/222 198/594/223 197/595/224
f 195/593/222 196/596/225 199/597/226 198/594/223
f 196/596/225 208/598/227 209/599/228 199/597/226
f 197/595/224 198/594/223 201/600/229 200/601/214
f 198/594/223 199/597/226 202/602/230 201/600/229
f 199/597/226 209/599/228 210/603/231 202/602/230
f 193/160/11 203/604/198 206/605/232 205/606/233
f 203/604/198 204/607/193 207/608/234 206/605/232
f 204/607/193 216/609/235 217/610/236 207/608/234
f 205/606/233 206/605/232 209/611/228 208/612/227
f 206/605/232 207/608/234 210/613/231 209/611/228
f 207/608/234 217/610/236 218/614/237 210/613/231
f 194/153/4 211/615/209 214/616/238 213/617/239
f 211/615/209 212/618/212 215/619/240 214/616/238
f 212/620/212 200/601/214 201/600/229 215/621/240
f 213/617/239 214/616/238 217/622/236 216/623/235
f 214/616/238 215/619/240 218/624/237 217/622/236
f 215/621/240 201/600/229 202/602/230 218/625/237
f 202/602/230 210/603/231 218/625/237
f 219/144/5 222/626/241 225/627/242 224/628/243
f 222/626/241 223/629/214 226/630/244 225/627/242
f 223/629/214 235/631/212 236/632/245 226/630/244
f 224/628/243 225/627/242 228/633/246 227/634/247
f 225/627/242 226/630/244 229/635/248 228/633/246
f 226/630/244 236/632/245 237/636/249 229/635/248
f 220/152/4 230/637/105 233/638/250 232/639/209
f 230/637/105 231/640/101 234/641/251 233/638/250
f 231/642/101 243/643/99 244/644/252 234/645/251
f 232/639/209 233/638/250 236/646/245 235/647/212
f 233/638/250 234/641/251 237/648/249 236/646/245
f 234/645/251 244/644/252 245/649/253 237/650/249
f 221/157/10 238/651/254 241/652/255 240/653/96
f 238/651/254 239/654/256 242/655/257 241/652/255
f 239/654/256 227/656/247 228/657/246 242/655/257
f 240/653/96 241/652/255 244/644/252 243/643/99
f 241/652/255 242/655/257 245/649/253 244/644/252
f 242/655/257 228/657/246 229/658/248 245/649/253
f 229/635/248 237/636/249 245/659/253
f 246/342/10 249/660/137 252/661/258 251/662/259
f 249/660/137 250/663/260 253/664/261 252/661/258
f 250/665/260 262/666/158 263/667/262 253/668/261
f 251/662/259 252/661/258 255/669/263 254/670/256
f 252/661/258 253/664/261 256/671/264 255/669/263
f 253/668/261 263/667/262 264/672/265 256/673/264
f 247/14/3 257/674/266 260/675/267 259/676/156
f 257/674/266 258/677/268 261/678/269 260/675/267
f 258/677/268 270/679/270 271/680/271 261/678/269
f 259/676/156 260/675/267 263/667/262 262/666/158
f 260/675/267 261/678/269 264/672/265 263/667/262
f 261/678/269 271/680/271 272/681/272 264/672/265
f 248/17/5 265/682/243 268/683/273 267/684/274
f 265/682/243 266/685/247 269/686/275 268/683/273
f 266/687/247 254/670/256 255/669/263 269/688/275
f 267/684/274 268/683/273 271/689/271 270/690/270
f 268/683/273 269/686/275 272/691/272 271/689/271
f 269/688/275 255/669/263 256/671/264 272/692/272
f 256/673/264 264/672/265 272/681/272
f 279/20/5 282/693/274 285/694/276 284/695/217
f 282/693/274 283/696/270 286/697/277 285/694/276
f 283/698/270 295/699/268 296/700/278 286/701/277
f 284/695/217 285/694/276 288/702/279 287/703/220
f 285/694/276 286/697/277 289/704/280 288/702/279
f 286/701/277 296/700/278 297/705/281 289/706/280
f 280/345/3 290/707/132 293/708/282 292/709/266
f 290/707/132 291/710/127 294/711/283 293/708/282
f 291/710/127 303/712/284 304/713/285 294/711/283
f 292/709/266 293/708/282 296/700/278 295/699/268
f 293/708/282 294/711/283 297/705/281 296/700/278
f 294/711/283 304/713/285 305/714/286 297/705/281
f 281/90/9 298/715/202 301/716/287 300/717/123
f 298/715/202 299/718/206 302/719/288 301/716/287
f 299/720/206 287/703/220 288/702/279 302/721/288
f 300/717/123 301/716/287 304/722/285 303/723/284
f 301/716/287 302/719/288 305/724/286 304/722/285
f 302/721/288 288/702/279 289/704/280 305/725/286
f 289/706/280 297/705/281 305/714/286
f 306/149/5 309/726/289 312/727/290 311/728/291
f 309/726/289 310/729/214 313/730/292 312/727/290
f 310/731/214 322/732/212 323/733/293 313/734/292
f 311/728/291 312/727/290 315/735/294 314/736/295
f 312/727/290 313/730/292 316/737/296 315/735/294
f 313/734/292 323/733/293 324/738/297 316/739/296
f 307/11/4 317/740/178 320/741/298 319/742/209
f 317/740/178 318/743/174 321/744/299 320/741/298
f 318/743/174 330/745/172 331/746/300 321/744/299
f 319/742/209 320/741/298 323/733/293 322/732/212
f 320/741/298 321/744/299 324/738/297 323/733/293
f 321/744/299 331/746/300 332/747/301 324/738/297
f 308/84/8 325/748/302 328/749/303 327/750/304
f 325/748/302 326/751/305 329/752/306 328/749/303
f 326/753/305 314/736/295 315/735/294 329/754/306
f 327/750/304 328/749/303 331/755/300 330/756/172
f 328/749/303 329/752/306 332/757/301 331/755/300
f 329/754/306 315/735/294 316/737/296 332/758/301
f 316/739/296 324/738/297 332/747/301
f 132/21/73 34/82/73 39/393/74 135/526/180
f 135/526/180 39/393/74 42/399/77 136/529/77
f 136/529/77 42/399/77 54/418/106 148/531/79
f 148/547/79 54/416/106 53/413/84 145/539/84
f 145/539/84 53/413/84 36/151/4 133/150/4
f 1168/78/307 1053/77/108 1058/426/111 1172/759/110
f 1172/759/110 1058/426/111 1061/432/308 1171/760/110
f 1171/761/309 1061/454/120 76/452/133 164/762/310
f 164/762/310 76/452/133 75/449/130 163/763/130
f 163/763/130 75/449/130 62/344/3 162/6/3
f 964/76/311 8/75/73 20/373/76 968/764/312
f 968/764/312 20/373/76 23/363/67 967/765/313
f 967/765/313 23/363/67 11/362/65 966/766/116
f 966/767/116 11/360/65 10/357/62 965/768/62
f 965/768/62 10/357/62 7/356/9 963/769/9
f 976/81/314 1081/80/315 1093/474/154 980/770/316
f 980/770/316 1093/474/154 94/464/139 979/771/317
f 979/771/317 94/464/139 86/463/91 978/772/91
f 978/773/91 86/461/91 85/458/135 977/774/135
f 977/774/135 85/458/135 83/341/10 975/155/10
f 8/75/73 105/74/73 110/494/74 18/371/74
f 18/371/74 110/494/74 113/500/77 19/374/77
f 19/376/77 113/522/77 125/520/79 31/377/79
f 31/377/79 125/520/79 124/517/84 28/384/84
f 28/384/84 124/517/84 107/10/4 9/9/4
f 1081/80/145 1161/79/318 1163/775/110 1091/472/146
f 1091/472/146 1163/775/110 1164/776/110 1092/475/319
f 1092/477/149 1164/777/309 160/778/310 102/478/152
f 102/478/152 160/778/310 161/779/130 99/485/130
f 99/485/130 161/779/130 159/5/3 84/13/3
f 1161/79/318 1168/78/307 1172/759/110 1163/775/110
f 1163/775/110 1172/759/110 1171/760/110 1164/776/110
f 1164/777/309 1171/761/309 164/762/310 160/778/310
f 160/778/310 164/762/310 163/780/130 161/781/130
f 161/781/130 163/780/130 162/6/3 159/5/3
f 194/153/4 220/152/4 232/639/209 211/615/209
f 211/615/209 232/639/209 235/647/212 212/618/212
f 212/620/212 235/631/212 223/629/214 200/601/214
f 200/601/214 223/629/214 222/626/241 197/595/224
f 197/595/224 222/626/241 219/144/5 192/143/5
f 274/7/3 280/345/3 292/709/266 278/782/266
f 278/782/266 292/709/266 295/699/268 277/783/268
f 277/783/268 295/699/268 283/698/270 276/784/270
f 276/785/270 283/696/270 282/693/274 275/786/274
f 275/786/274 282/693/274 279/20/5 273/19/5
f 970/89/9 165/559/9 170/562/202 974/787/202
f 974/787/202 170/562/202 173/570/206 973/788/206
f 973/789/206 173/587/206 185/585/220 972/790/220
f 972/790/220 185/585/220 184/582/217 971/791/217
f 971/791/217 184/582/217 167/148/5 969/147/5
f 988/343/10 246/342/10 251/662/259 992/792/254
f 992/792/254 251/662/259 254/670/256 991/793/256
f 991/793/256 254/670/256 266/687/247 990/794/247
f 990/795/247 266/685/247 265/682/243 989/796/243
f 989/796/243 265/682/243 248/17/5 987/16/5
f 166/12/4 307/11/4 319/742/209 176/574/209
f 176/574/209 319/742/209 322/732/212 177/577/212
f 177/577/212 322/732/212 310/731/214 189/579/214
f 189/590/214 310/729/214 309/726/289 186/584/219
f 186/584/219 309/726/289 306/149/5 167/148/5
f 247/14/3 333/8/3 335/797/266 257/674/266
f 257/674/266 335/797/266 336/798/268 258/677/268
f 258/677/268 336/798/268 337/799/270 270/679/270
f 270/690/270 337/800/270 338/801/274 267/684/274
f 267/684/274 338/801/274 334/18/5 248/17/5
f 333/8/3 274/7/3 278/802/266 335/797/266
f 335/797/266 278/802/266 277/783/268 336/798/268
f 336/798/268 277/783/268 276/784/270 337/799/270
f 337/800/270 276/785/270 275/786/274 338/801/274
f 338/801/274 275/786/274 273/19/5 334/18/5
f 84/13/3 247/14/3 259/676/156 97/483/156
f 97/483/156 259/676/156 262/666/158 98/486/158
f 98/486/158 262/666/158 250/665/260 90/488/142
f 90/468/142 250/663/260 249/660/137 87/460/137
f 87/460/137 249/660/137 246/342/10 83/341/10
f 307/11/4 107/10/4 126/519/178 317/740/178
f 317/740/178 126/519/178 129/509/174 318/743/174
f 318/743/174 129/509/174 117/508/172 330/745/172
f 330/756/172 117/506/172 116/503/169 327/750/304
f 327/750/304 116/503/169 106/85/8 308/84/8
f 61/87/9 281/90/9 300/717/123 67/435/123
f 67/435/123 300/717/123 303/723/284 68/438/125
f 68/440/125 303/712/284 291/710/127 80/441/127
f 80/441/127 291/710/127 290/707/132 77/451/132
f 77/451/132 290/707/132 280/345/3 62/344/3
f 9/9/4 166/12/4 178/576/211 26/382/82
f 26/382/82 178/576/211 181/566/85 27/385/85
f 27/385/85 181/566/85 169/565/70 15/387/70
f 15/367/70 169/563/70 168/560/64 12/359/64
f 12/359/64 168/560/64 165/559/9 7/356/9
f 133/150/4 194/153/4 213/617/239 143/537/189
f 143/537/189 213/617/239 216/623/235 144/540/191
f 144/542/191 216/609/235 204/607/193 156/543/193
f 156/543/193 204/607/193 203/604/198 153/553/198
f 153/553/198 203/604/198 193/160/11 134/159/11
f 35/154/10 221/157/10 240/653/96 45/402/96
f 45/402/96 240/653/96 243/643/99 46/405/99
f 46/405/99 243/643/99 231/642/101 58/407/101
f 58/421/101 231/640/101 230/637/105 55/415/105
f 55/415/105 230/637/105 220/152/4 36/151/4
f 346/1/320 351/4/321 353/803/322 350/804/323
f 350/804/323 353/803/322 354/805/324 349/806/325
f 349/807/325 354/808/324 355/809/326 348/810/327
f 348/810/327 355/809/326 356/811/328 347/812/329
f 347/812/329 356/811/328 352/23/73 345/22/73
f 351/161/321 357/164/330 359/813/331 353/814/322
f 353/814/322 359/813/331 360/815/332 354/805/324
f 354/808/324 360/816/332 361/817/333 355/809/326
f 355/809/326 361/817/333 362/818/334 356/811/328
f 356/811/328 362/818/334 358/24/73 352/23/73
f 357/164/330 363/167/335 365/819/336 359/820/331
f 359/820/331 365/819/336 366/821/337 360/815/332
f 360/816/332 366/822/337 367/823/338 361/817/333
f 361/817/333 367/823/338 368/824/339 362/818/334
f 362/818/334 368/824/339 364/25/73 358/24/73
f 363/168/335 369/170/340 371/825/341 365/826/336
f 365/826/336 371/825/341 372/827/342 366/821/337
f 366/822/337 372/828/342 373/829/343 367/823/338
f 367/823/338 373/829/343 374/830/344 368/824/339
f 368/824/339 374/830/344 370/26/73 364/25/73
f 369/171/340 375/174/345 377/831/346 371/832/341
f 371/832/341 377/831/346 378/833/347 372/827/342
f 372/828/342 378/834/347 379/835/348 373/829/343
f 373/829/343 379/835/348 380/836/349 374/830/344
f 374/830/344 380/836/349 376/27/73 370/26/73
f 375/175/345 381/178/350 383/837/351 377/838/346
f 377/838/346 383/837/351 384/839/352 378/833/347
f 378/834/347 384/840/352 385/841/353 379/835/348
f 379/835/348 385/841/353 386/842/354 380/836/349
f 380/836/349 386/842/354 382/28/73 376/27/73
f 381/178/350 387/181/355 389/843/356 383/844/351
f 383/844/351 389/843/356 390/845/357 384/839/352
f 384/840/352 390/846/357 391/847/358 385/841/353
f 385/841/353 391/847/358 392/848/359 386/842/354
f 386/842/354 392/848/359 388/29/73 382/28/73
f 387/182/355 393/184/360 395/849/361 389/850/356
f 389/850/356 395/849/361 396/851/362 390/845/357
f 390/846/357 396/852/362 397/853/363 391/847/358
f 391/847/358 397/853/363 398/854/364 392/848/359
f 392/848/359 398/854/364 394/30/73 388/29/73
f 393/184/360 399/186/365 401/855/366 395/856/361
f 395/856/361 401/855/366 402/857/367 396/851/362
f 396/852/362 402/858/367 403/859/368 397/853/363
f 397/853/363 403/859/368 404/860/369 398/854/364
f 398/854/364 404/860/369 400/31/73 394/30/73
f 399/187/365 405/189/370 407/861/371 401/862/366
f 401/862/366 407/861/371 408/863/372 402/857/367
f 402/858/367 408/864/372 409/865/373 403/859/368
f 403/859/368 409/865/373 410/866/374 404/860/369
f 404/860/369 410/866/374 406/32/73 400/31/73
f 405/190/370 411/192/375 413/867/376 407/868/371
f 407/868/371 413/867/376 414/869/377 408/863/372
f 408/864/372 414/870/377 415/871/378 409/865/373
f 409/865/373 415/871/378 416/872/379 410/866/374
f 410/866/374 416/872/379 412/33/73 406/32/73
f 411/193/375 417/196/380 419/873/381 413/874/376
f 413/874/376 419/873/381 420/875/382 414/869/377
f 414/870/377 420/876/382 421/877/383 415/871/378
f 415/871/378 421/877/383 422/878/384 416/872/379
f 416/872/379 422/878/384 418/34/73 412/33/73
f 417/197/380 423/200/385 425/879/386 419/880/381
f 419/880/381 425/879/386 426/881/387 420/882/382
f 420/876/382 426/883/387 427/884/388 421/877/383
f 421/877/383 427/884/388 428/885/389 422/878/384
f 422/878/384 428/885/389 424/35/73 418/34/73
f 423/200/385 429/203/390 431/886/391 425/887/386
f 425/887/386 431/886/391 432/888/392 426/881/387
f 426/883/387 432/889/392 433/890/393 427/884/388
f 427/884/388 433/890/393 434/891/394 428/885/389
f 428/885/389 434/891/394 430/36/73 424/35/73
f 429/204/390 435/207/395 437/892/396 431/893/391
f 431/893/391 437/892/396 438/894/397 432/888/392
f 432/889/392 438/895/397 439/896/398 433/890/393
f 433/890/393 439/896/398 440/897/399 434/891/394
f 434/891/394 440/897/399 436/37/73 430/36/73
f 435/208/395 441/211/400 443/898/401 437/899/396
f 437/899/396 443/898/401 444/900/402 438/894/397
f 438/895/397 444/901/402 445/902/403 439/896/398
f 439/896/398 445/902/403 446/903/404 440/897/399
f 440/897/399 446/903/404 442/38/73 436/37/73
f 441/212/400 447/215/405 449/904/406 443/905/401
f 443/905/401 449/904/406 450/906/407 444/900/402
f 444/901/402 450/907/407 451/908/408 445/902/403
f 445/902/403 451/908/408 452/909/409 446/903/404
f 446/903/404 452/909/409 448/39/73 442/38/73
f 447/216/405 453/219/410 455/910/411 449/911/406
f 449/911/406 455/910/411 456/912/412 450/906/407
f 450/907/407 456/913/412 457/914/413 451/908/408
f 451/908/408 457/914/413 458/915/414 452/909/409
f 452/909/409 458/915/414 454/40/73 448/39/73
f 453/220/410 459/222/415 461/916/416 455/917/411
f 455/917/411 461/916/416 462/918/417 456/912/412
f 456/913/412 462/919/417 463/920/418 457/914/413
f 457/914/413 463/920/418 464/921/419 458/915/414
f 458/915/414 464/921/419 460/41/73 454/40/73
f 459/223/415 465/226/420 467/922/421 461/923/416
f 461/923/416 467/922/421 468/924/422 462/918/417
f 462/919/417 468/925/422 469/926/423 463/920/418
f 463/920/418 469/926/423 470/927/424 464/921/419
f 464/921/419 470/927/424 466/42/73 460/41/73
f 465/227/420 471/230/425 473/928/426 467/929/421
f 467/929/421 473/928/426 474/930/427 468/924/422
f 468/925/422 474/931/427 475/932/428 469/926/423
f 469/926/423 475/932/428 476/933/429 470/927/424
f 470/927/424 476/933/429 472/43/73 466/42/73
f 471/231/425 477/234/430 479/934/431 473/935/426
f 473/935/426 479/934/431 480/936/432 474/930/427
f 474/931/427 480/937/432 481/938/433 475/932/428
f 475/932/428 481/938/433 482/939/434 476/933/429
f 476/933/429 482/939/434 478/44/73 472/43/73
f 477/235/430 483/238/435 485/940/436 479/941/431
f 479/941/431 485/940/436 486/942/437 480/936/432
f 480/937/432 486/943/437 487/944/438 481/938/433
f 481/938/433 487/944/438 488/945/439 482/939/434
f 482/939/434 488/945/439 484/45/73 478/44/73
f 483/239/435 489/242/440 491/946/441 485/947/436
f 485/947/436 491/946/441 492/948/442 486/942/437
f 486/943/437 492/949/442 493/950/443 487/944/438
f 487/944/438 493/950/443 494/951/444 488/945/439
f 488/945/439 494/951/444 490/46/73 484/45/73
f 489/346/440 340/349/445 344/952/446 491/953/441
f 491/953/441 344/952/446 343/954/447 492/948/442
f 492/949/442 343/955/447 342/956/448 493/950/443
f 493/950/443 342/956/448 341/957/449 494/951/444
f 494/951/444 341/957/449 339/47/450 490/46/73
f 496/245/451 501/244/452 503/958/453 500/959/454
f 500/959/454 503/958/453 504/960/455 499/961/456
f 499/962/456 504/963/455 505/964/457 498/965/458
f 498/965/458 505/964/457 506/966/459 497/967/460
f 497/967/460 506/966/459 502/49/73 495/48/73
f 501/339/452 507/338/461 509/968/462 503/969/453
f 503/969/453 509/968/462 510/970/463 504/960/455
f 504/963/455 510/971/463 511/972/464 505/964/457
f 505/964/457 511/972/464 512/973/465 506/966/459
f 506/966/459 512/973/465 508/50/73 502/49/73
f 507/335/461 513/334/466 515/974/467 509/975/462
f 509/975/462 515/974/467 516/976/468 510/970/463
f 510/971/463 516/977/468 517/978/469 511/972/464
f 511/972/464 517/978/469 518/979/470 512/973/465
f 512/973/465 518/979/470 514/51/73 508/50/73
f 513/331/466 519/330/471 521/980/472 515/981/467
f 515/981/467 521/980/472 522/982/473 516/976/468
f 516/977/468 522/983/473 523/984/474 517/978/469
f 517/978/469 523/984/474 524/985/475 518/979/470
f 518/979/470 524/985/475 520/52/73 514/51/73
f 519/327/471 525/326/476 527/986/477 521/987/472
f 521/987/472 527/986/477 528/988/478 522/982/473
f 522/983/473 528/989/478 529/990/479 523/984/474
f 523/984/474 529/990/479 530/991/480 524/985/475
f 524/985/475 530/991/480 526/53/73 520/52/73
f 525/323/476 531/322/481 533/992/482 527/993/477
f 527/993/477 533/992/482 534/994/483 528/988/478
f 528/989/478 534/995/483 535/996/484 529/990/479
f 529/990/479 535/996/484 536/997/485 530/991/480
f 530/991/480 536/997/485 532/54/73 526/53/73
f 531/319/481 537/318/486 539/998/487 533/999/482
f 533/999/482 539/998/487 540/1000/488 534/994/483
f 534/995/483 540/1001/488 541/1002/489 535/996/484
f 535/996/484 541/1002/489 542/1003/490 536/997/485
f 536/997/485 542/1003/490 538/55/73 532/54/73
f 537/315/486 543/314/491 545/1004/492 539/1005/487
f 539/1005/487 545/1004/492 546/1006/493 540/1000/488
f 540/1001/488 546/1007/493 547/1008/494 541/1002/489
f 541/1002/489 547/1008/494 548/1009/495 542/1003/490
f 542/1003/490 548/1009/495 544/56/73 538/55/73
f 543/311/491 549/310/496 551/1010/497 545/1011/492
f 545/1011/492 551/1010/497 552/1012/498 546/1006/493
f 546/1007/493 552/1013/498 553/1014/499 547/1008/494
f 547/1008/494 553/1014/499 554/1015/500 548/1009/495
f 548/1009/495 554/1015/500 550/57/73 544/56/73
f 549/307/496 555/306/501 557/1016/502 551/1017/497
f 551/1017/497 557/1016/502 558/1018/503 552/1019/498
f 552/1013/498 558/1020/503 559/1021/504 553/1014/499
f 553/1014/499 559/1021/504 560/1022/505 554/1015/500
f 554/1015/500 560/1022/505 556/58/73 550/57/73
f 555/303/501 561/302/506 563/1023/507 557/1024/502
f 557/1024/502 563/1023/507 564/1025/508 558/1018/503
f 558/1020/503 564/1026/508 565/1027/509 559/1021/504
f 559/1021/504 565/1027/509 566/1028/510 560/1022/505
f 560/1022/505 566/1028/510 562/59/450 556/58/73
f 561/299/506 567/296/511 569/1029/512 563/1030/507
f 563/1030/507 569/1029/512 570/1031/513 564/1025/508
f 564/1026/508 570/1032/513 571/1033/514 565/1027/509
f 565/1027/509 571/1033/514 572/1034/515 566/1028/510
f 566/1028/510 572/1034/515 568/60/516 562/59/450
f 567/296/511 573/295/517 575/1035/518 569/1036/512
f 569/1036/512 575/1035/518 576/1037/519 570/1031/513
f 570/1032/513 576/1038/519 577/1039/520 571/1033/514
f 571/1033/514 577/1039/520 578/1040/521 572/1034/515
f 572/1034/515 578/1040/521 574/61/516 568/60/516
f 573/292/517 579/291/522 581/1041/523 575/1042/518
f 575/1042/518 581/1041/523 582/1043/524 576/1037/519
f 576/1038/519 582/1044/524 583/1045/525 577/1039/520
f 577/1039/520 583/1045/525 584/1046/526 578/1040/521
f 578/1040/521 584/1046/526 580/62/73 574/61/516
f 579/288/522 585/287/527 587/1047/528 581/1048/523
f 581/1048/523 587/1047/528 588/1049/529 582/1043/524
f 582/1044/524 588/1050/529 589/1051/530 583/1045/525
f 583/1045/525 589/1051/530 590/1052/531 584/1046/526
f 584/1046/526 590/1052/531 586/63/73 580/62/73
f 585/284/527 591/283/532 593/1053/533 587/1054/528
f 587/1054/528 593/1053/533 594/1055/534 588/1049/529
f 588/1050/529 594/1056/534 595/1057/535 589/1051/530
f 589/1051/530 595/1057/535 596/1058/536 590/1052/531
f 590/1052/531 596/1058/536 592/64/516 586/63/73
f 591/280/532 597/277/537 599/1059/538 593/1060/533
f 593/1060/533 599/1059/538 600/1061/539 594/1055/534
f 594/1056/534 600/1062/539 601/1063/540 595/1057/535
f 595/1057/535 601/1063/540 602/1064/541 596/1058/536
f 596/1058/536 602/1064/541 598/65/516 592/64/516
f 597/277/537 603/276/542 605/1065/543 599/1066/538
f 599/1066/538 605/1065/543 606/1067/544 600/1061/539
f 600/1062/539 606/1068/544 607/1069/545 601/1063/540
f 601/1063/540 607/1069/545 608/1070/546 602/1064/541
f 602/1064/541 608/1070/546 604/66/516 598/65/516
f 603/273/542 609/272/547 611/1071/548 605/1072/543
f 605/1072/543 611/1071/548 612/1073/549 606/1067/544
f 606/1068/544 612/1074/549 613/1075/550 607/1069/545
f 607/1069/545 613/1075/550 614/1076/551 608/1070/546
f 608/1070/546 614/1076/551 610/67/516 604/66/516
f 609/270/547 615/269/552 617/1077/553 611/1078/548
f 611/1078/548 617/1077/553 618/1079/554 612/1073/549
f 612/1074/549 618/1080/554 619/1081/555 613/1075/550
f 613/1075/550 619/1081/555 620/1082/556 614/1076/551
f 614/1076/551 620/1082/556 616/68/516 610/67/516
f 615/266/552 621/263/557 623/1083/558 617/1084/553
f 617/1084/553 623/1083/558 624/1085/559 618/1079/554
f 618/1080/554 624/1086/559 625/1087/560 619/1081/555
f 619/1081/555 625/1087/560 626/1088/561 620/1082/556
f 620/1082/556 626/1088/561 622/69/516 616/68/516
f 621/263/557 627/262/562 629/1089/563 623/1090/558
f 623/1090/558 629/1089/563 630/1091/564 624/1085/559
f 624/1086/559 630/1092/564 631/1093/565 625/1087/560
f 625/1087/560 631/1093/565 632/1094/566 626/1088/561
f 626/1088/561 632/1094/566 628/70/516 622/69/516
f 627/259/562 633/256/567 635/1095/568 629/1096/563
f 629/1096/563 635/1095/568 636/1097/569 630/1091/564
f 630/1092/564 636/1098/569 637/1099/570 631/1093/565
f 631/1093/565 637/1099/570 638/1100/571 632/1094/566
f 632/1094/566 638/1100/571 634/71/516 628/70/516
f 633/256/567 639/253/572 641/1101/573 635/1102/568
f 635/1102/568 641/1101/573 642/1103/574 636/1097/569
f 636/1098/569 642/1104/574 643/1105/575 637/1099/570
f 637/1099/570 643/1105/575 644/1106/576 638/1100/571
f 638/1100/571 644/1106/576 640/72/516 634/71/516
f 639/253/572 646/252/577 650/1107/578 641/1108/573
f 641/1108/573 650/1107/578 649/1109/579 642/1103/574
f 642/1104/574 649/1110/579 648/1111/580 643/1105/575
f 643/1105/575 648/1111/580 647/1112/581 644/1106/576
f 644/1106/576 647/1112/581 645/73/73 640/72/516
f 658/251/582 663/254/583 665/1113/584 662/1114/585
f 662/1114/585 665/1113/584 666/1115/586 661/1116/587
f 661/1117/587 666/1118/586 667/1119/588 660/1120/589
f 660/1120/589 667/1119/588 668/1121/590 659/1122/591
f 659/1122/591 668/1121/590 664/92/5 657/91/5
f 663/255/583 669/257/592 671/1123/593 665/1124/584
f 665/1124/584 671/1123/593 672/1125/594 666/1115/586
f 666/1118/586 672/1126/594 673/1127/595 667/1119/588
f 667/1119/588 673/1127/595 674/1128/596 668/1121/590
f 668/1121/590 674/1128/596 670/93/5 664/92/5
f 669/258/592 675/260/597 677/1129/598 671/1130/593
f 671/1130/593 677/1129/598 678/1131/599 672/1125/594
f 672/1126/594 678/1132/599 679/1133/600 673/1127/595
f 673/1127/595 679/1133/600 680/1134/601 674/1128/596
f 674/1128/596 680/1134/601 676/94/5 670/93/5
f 675/261/597 681/264/602 683/1135/603 677/1136/598
f 677/1136/598 683/1135/603 684/1137/604 678/1131/599
f 678/1132/599 684/1138/604 685/1139/605 679/1133/600
f 679/1133/600 685/1139/605 686/1140/606 680/1134/601
f 680/1134/601 686/1140/606 682/95/5 676/94/5
f 681/265/602 687/267/607 689/1141/608 683/1142/603
f 683/1142/603 689/1141/608 690/1143/609 684/1137/604
f 684/1138/604 690/1144/609 691/1145/610 685/1139/605
f 685/1139/605 691/1145/610 692/1146/611 686/1140/606
f 686/1140/606 692/1146/611 688/96/5 682/95/5
f 687/268/607 693/271/612 695/1147/613 689/1148/608
f 689/1148/608 695/1147/613 696/1149/614 690/1143/609
f 690/1144/609 696/1150/614 697/1151/615 691/1145/610
f 691/1145/610 697/1151/615 698/1152/616 692/1146/611
f 692/1146/611 698/1152/616 694/97/5 688/96/5
f 693/271/612 699/274/617 701/1153/618 695/1154/613
f 695/1154/613 701/1153/618 702/1155/619 696/1149/614
f 696/1150/614 702/1156/619 703/1157/620 697/1151/615
f 697/1151/615 703/1157/620 704/1158/621 698/1152/616
f 698/1152/616 704/1158/621 700/98/5 694/97/5
f 699/275/617 705/278/622 707/1159/623 701/1160/618
f 701/1160/618 707/1159/623 708/1161/624 702/1155/619
f 702/1156/619 708/1162/624 709/1163/625 703/1157/620
f 703/1157/620 709/1163/625 710/1164/626 704/1158/621
f 704/1158/621 710/1164/626 706/99/5 700/98/5
f 705/279/622 711/281/627 713/1165/628 707/1166/623
f 707/1166/623 713/1165/628 714/1167/629 708/1161/624
f 708/1162/624 714/1168/629 715/1169/630 709/1163/625
f 709/1163/625 715/1169/630 716/1170/631 710/1164/626
f 710/1164/626 716/1170/631 712/100/5 706/99/5
f 711/282/627 717/285/632 719/1171/633 713/1172/628
f 713/1172/628 719/1171/633 720/1173/634 714/1167/629
f 714/1168/629 720/1174/634 721/1175/635 715/1169/630
f 715/1169/630 721/1175/635 722/1176/636 716/1170/631
f 716/1170/631 722/1176/636 718/101/5 712/100/5
f 717/286/632 723/289/637 725/1177/638 719/1178/633
f 719/1178/633 725/1177/638 726/1179/639 720/1173/634
f 720/1174/634 726/1180/639 727/1181/640 721/1175/635
f 721/1175/635 727/1181/640 728/1182/641 722/1176/636
f 722/1176/636 728/1182/641 724/102/5 718/101/5
f 723/290/637 729/293/642 731/1183/643 725/1184/638
f 725/1184/638 731/1183/643 732/1185/644 726/1179/639
f 726/1180/639 732/1186/644 733/1187/645 727/1181/640
f 727/1181/640 733/1187/645 734/1188/646 728/1182/641
f 728/1182/641 734/1188/646 730/103/5 724/102/5
f 729/294/642 735/297/647 737/1189/648 731/1190/643
f 731/1190/643 737/1189/648 738/1191/649 732/1185/644
f 732/1186/644 738/1192/649 739/1193/650 733/1187/645
f 733/1187/645 739/1193/650 740/1194/651 734/1188/646
f 734/1188/646 740/1194/651 736/104/5 730/103/5
f 735/298/647 741/300/652 743/1195/653 737/1196/648
f 737/1196/648 743/1195/653 744/1197/654 738/1191/649
f 738/1192/649 744/1198/654 745/1199/655 739/1193/650
f 739/1193/650 745/1199/655 746/1200/656 740/1194/651
f 740/1194/651 746/1200/656 742/105/5 736/104/5
f 741/301/652 747/304/657 749/1201/658 743/1202/653
f 743/1202/653 749/1201/658 750/1203/659 744/1197/654
f 744/1198/654 750/1204/659 751/1205/660 745/1199/655
f 745/1199/655 751/1205/660 752/1206/661 746/1200/656
f 746/1200/656 752/1206/661 748/106/5 742/105/5
f 747/305/657 753/308/662 755/1207/663 749/1208/658
f 749/1208/658 755/1207/663 756/1209/664 750/1203/659
f 750/1204/659 756/1210/664 757/1211/665 751/1205/660
f 751/1205/660 757/1211/665 758/1212/666 752/1206/661
f 752/1206/661 758/1212/666 754/107/5 748/106/5
f 753/309/662 759/312/667 761/1213/668 755/1214/663
f 755/1214/663 761/1213/668 762/1215/669 756/1216/664
f 756/1210/664 762/1217/669 763/1218/670 757/1211/665
f 757/1211/665 763/1218/670 764/1219/671 758/1212/666
f 758/1212/666 764/1219/671 760/108/5 754/107/5
f 759/313/667 765/316/672 767/1220/673 761/1221/668
f 761/1221/668 767/1220/673 768/1222/674 762/1215/669
f 762/1217/669 768/1223/674 769/1224/675 763/1218/670
f 763/1218/670 769/1224/675 770/1225/676 764/1219/671
f 764/1219/671 770/1225/676 766/109/5 760/108/5
f 765/317/672 771/320/677 773/1226/678 767/1227/673
f 767/1227/673 773/1226/678 774/1228/679 768/1222/674
f 768/1223/674 774/1229/679 775/1230/680 769/1224/675
f 769/1224/675 775/1230/680 776/1231/681 770/1225/676
f 770/1225/676 776/1231/681 772/110/5 766/109/5
f 771/321/677 777/324/682 779/1232/683 773/1233/678
f 773/1233/678 779/1232/683 780/1234/684 774/1228/679
f 774/1229/679 780/1235/684 781/1236/685 775/1230/680
f 775/1230/680 781/1236/685 782/1237/686 776/1231/681
f 776/1231/681 782/1237/686 778/111/5 772/110/5
f 777/325/682 783/328/687 785/1238/688 779/1239/683
f 779/1239/683 785/1238/688 786/1240/689 780/1234/684
f 780/1235/684 786/1241/689 787/1242/690 781/1236/685
f 781/1236/685 787/1242/690 788/1243/691 782/1237/686
f 782/1237/686 788/1243/691 784/112/5 778/111/5
f 783/329/687 789/332/692 791/1244/693 785/1245/688
f 785/1245/688 791/1244/693 792/1246/694 786/1240/689
f 786/1241/689 792/1247/694 793/1248/695 787/1242/690
f 787/1242/690 793/1248/695 794/1249/696 788/1243/691
f 788/1243/691 794/1249/696 790/113/5 784/112/5
f 789/333/692 795/336/697 797/1250/698 791/1251/693
f 791/1251/693 797/1250/698 798/1252/699 792/1246/694
f 792/1247/694 798/1253/699 799/1254/700 793/1248/695
f 793/1248/695 799/1254/700 800/1255/701 794/1249/696
f 794/1249/696 800/1255/701 796/114/5 790/113/5
f 795/337/697 801/340/702 803/1256/703 797/1257/698
f 797/1257/698 803/1256/703 804/1258/704 798/1252/699
f 798/1253/699 804/1259/704 805/1260/705 799/1254/700
f 799/1254/700 805/1260/705 806/1261/706 800/1255/701
f 800/1255/701 806/1261/706 802/115/5 796/114/5
f 801/243/702 652/246/707 656/1262/708 803/1263/703
f 803/1263/703 656/1262/708 655/1264/709 804/1258/704
f 804/1259/704 655/1265/709 654/1266/710 805/1260/705
f 805/1260/705 654/1266/710 653/1267/711 806/1261/706
f 806/1261/706 653/1267/711 651/116/5 802/115/5
f 808/348/712 813/347/713 815/1268/714 812/1269/715
f 812/1269/715 815/1268/714 816/1270/716 811/1271/717
f 811/1272/717 816/1273/716 817/1274/718 810/1275/719
f 810/1275/719 817/1274/718 818/1276/720 809/1277/721
f 809/1277/721 818/1276/720 814/118/5 807/117/5
f 813/241/713 819/240/722 821/1278/723 815/1279/714
f 815/1279/714 821/1278/723 822/1280/724 816/1270/716
f 816/1273/716 822/1281/724 823/1282/725 817/1274/718
f 817/1274/718 823/1282/725 824/1283/726 818/1276/720
f 818/1276/720 824/1283/726 820/119/5 814/118/5
f 819/237/722 825/236/727 827/1284/728 821/1285/723
f 821/1285/723 827/1284/728 828/1286/729 822/1280/724
f 822/1281/724 828/1287/729 829/1288/730 823/1282/725
f 823/1282/725 829/1288/730 830/1289/731 824/1283/726
f 824/1283/726 830/1289/731 826/120/5 820/119/5
f 825/233/727 831/232/732 833/1290/733 827/1291/728
f 827/1291/728 833/1290/733 834/1292/734 828/1286/729
f 828/1287/729 834/1293/734 835/1294/735 829/1288/730
f 829/1288/730 835/1294/735 836/1295/736 830/1289/731
f 830/1289/731 836/1295/736 832/121/5 826/120/5
f 831/229/732 837/228/737 839/1296/738 833/1297/733
f 833/1297/733 839/1296/738 840/1298/739 834/1292/734
f 834/1293/734 840/1299/739 841/1300/740 835/1294/735
f 835/1294/735 841/1300/740 842/1301/741 836/1295/736
f 836/1295/736 842/1301/741 838/122/5 832/121/5
f 837/225/737 843/224/742 845/1302/743 839/1303/738
f 839/1303/738 845/1302/743 846/1304/744 840/1298/739
f 840/1299/739 846/1305/744 847/1306/745 841/1300/740
f 841/1300/740 847/1306/745 848/1307/746 842/1301/741
f 842/1301/741 848/1307/746 844/123/5 838/122/5
f 843/221/742 849/218/747 851/1308/748 845/1309/743
f 845/1309/743 851/1308/748 852/1310/749 846/1304/744
f 846/1305/744 852/1311/749 853/1312/750 847/1306/745
f 847/1306/745 853/1312/750 854/1313/751 848/1307/746
f 848/1307/746 854/1313/751 850/124/5 844/123/5
f 849/218/747 855/217/752 857/1314/753 851/1315/748
f 851/1315/748 857/1314/753 858/1316/754 852/1310/749
f 852/1311/749 858/1317/754 859/1318/755 853/1312/750
f 853/1312/750 859/1318/755 860/1319/756 854/1313/751
f 854/1313/751 860/1319/756 856/125/5 850/124/5
f 855/214/752 861/213/757 863/1320/758 857/1321/753
f 857/1321/753 863/1320/758 864/1322/759 858/1316/754
f 858/1317/754 864/1323/759 865/1324/760 859/1318/755
f 859/1318/755 865/1324/760 866/1325/761 860/1319/756
f 860/1319/756 866/1325/761 862/126/5 856/125/5
f 861/210/757 867/209/762 869/1326/763 863/1327/758
f 863/1327/758 869/1326/763 870/1328/764 864/1322/759
f 864/1323/759 870/1329/764 871/1330/765 865/1324/760
f 865/1324/760 871/1330/765 872/1331/766 866/1325/761
f 866/1325/761 872/1331/766 868/127/5 862/126/5
f 867/206/762 873/205/767 875/1332/768 869/1333/763
f 869/1333/763 875/1332/768 876/1334/769 870/1328/764
f 870/1329/764 876/1335/769 877/1336/770 871/1330/765
f 871/1330/765 877/1336/770 878/1337/771 872/1331/766
f 872/1331/766 878/1337/771 874/128/772 868/127/5
f 873/202/767 879/201/773 881/1338/774 875/1339/768
f 875/1339/768 881/1338/774 882/1340/775 876/1334/769
f 876/1335/769 882/1341/775 883/1342/776 877/1336/770
f 877/1336/770 883/1342/776 884/1343/777 878/1337/771
f 878/1337/771 884/1343/777 880/129/772 874/128/772
f 879/199/773 885/198/778 887/1344/779 881/1345/774
f 881/1345/774 887/1344/779 888/1346/780 882/1340/775
f 882/1341/775 888/1347/780 889/1348/781 883/1342/776
f 883/1342/776 889/1348/781 890/1349/782 884/1343/777
f 884/1343/777 890/1349/782 886/130/5 880/129/772
f 885/195/778 891/194/783 893/1350/784 887/1351/779
f 887/1351/779 893/1350/784 894/1352/785 888/1353/780
f 888/1347/780 894/1354/785 895/1355/786 889/1348/781
f 889/1348/781 895/1355/786 896/1356/787 890/1349/782
f 890/1349/782 896/1356/787 892/131/772 886/130/5
f 891/191/783 897/188/788 899/1357/789 893/1358/784
f 893/1358/784 899/1357/789 900/1359/790 894/1352/785
f 894/1354/785 900/1360/790 901/1361/791 895/1355/786
f 895/1355/786 901/1361/791 902/1362/792 896/1356/787
f 896/1356/787 902/1362/792 898/132/772 892/131/772
f 897/188/788 903/185/793 905/1363/794 899/1364/789
f 899/1364/789 905/1363/794 906/1365/795 900/1359/790
f 900/1360/790 906/1366/795 907/1367/796 901/1361/791
f 901/1361/791 907/1367/796 908/1368/797 902/1362/792
f 902/1362/792 908/1368/797 904/133/5 898/132/772
f 903/185/793 909/183/798 911/1369/799 905/1370/794
f 905/1370/794 911/1369/799 912/1371/800 906/1365/795
f 906/1366/795 912/1372/800 913/1373/801 907/1367/796
f 907/1367/796 913/1373/801 914/1374/802 908/1368/797
f 908/1368/797 914/1374/802 910/134/5 904/133/5
f 909/183/798 915/180/803 917/1375/804 911/1376/799
f 911/1376/799 917/1375/804 918/1377/805 912/1371/800
f 912/1372/800 918/1378/805 919/1379/806 913/1373/801
f 913/1373/801 919/1379/806 920/1380/807 914/1374/802
f 914/1374/802 920/1380/807 916/135/5 910/134/5
f 915/180/803 921/179/808 923/1381/809 917/1382/804
f 917/1382/804 923/1381/809 924/1383/810 918/1377/805
f 918/1378/805 924/1384/810 925/1385/811 919/1379/806
f 919/1379/806 925/1385/811 926/1386/812 920/1380/807
f 920/1380/807 926/1386/812 922/136/772 916/135/5
f 921/177/808 927/176/813 929/1387/814 923/1388/809
f 923/1388/809 929/1387/814 930/1389/815 924/1383/810
f 924/1384/810 930/1390/815 931/1391/816 925/1385/811
f 925/1385/811 931/1391/816 932/1392/817 926/1386/812
f 926/1386/812 932/1392/817 928/137/5 922/136/772
f 927/173/813 933/172/818 935/1393/819 929/1394/814
f 929/1394/814 935/1393/819 936/1395/820 930/1389/815
f 930/1390/815 936/1396/820 937/1397/821 931/1391/816
f 931/1391/816 937/1397/821 938/1398/822 932/1392/817
f 932/1392/817 938/1398/822 934/138/772 928/137/5
f 933/169/818 939/166/823 941/1399/824 935/1400/819
f 935/1400/819 941/1399/824 942/1401/825 936/1395/820
f 936/1396/820 942/1402/825 943/1403/826 937/1397/821
f 937/1397/821 943/1403/826 944/1404/827 938/1398/822
f 938/1398/822 944/1404/827 940/139/5 934/138/772
f 939/166/823 945/165/828 947/1405/829 941/1406/824
f 941/1406/824 947/1405/829 948/1407/830 942/1401/825
f 942/1402/825 948/1408/830 949/1409/831 943/1403/826
f 943/1403/826 949/1409/831 950/1410/832 944/1404/827
f 944/1404/827 950/1410/832 946/140/5 940/139/5
f 945/163/828 951/162/833 953/1411/834 947/1412/829
f 947/1412/829 953/1411/834 954/1413/835 948/1407/830
f 948/1408/830 954/1414/835 955/1415/836 949/1409/831
f 949/1409/831 955/1415/836 956/1416/837 950/1410/832
f 950/1410/832 956/1416/837 952/141/5 946/140/5
f 951/3/833 958/2/838 962/1417/839 953/1418/834
f 953/1418/834 962/1417/839 961/1419/840 954/1413/835
f 954/1414/835 961/1420/840 960/1421/841 955/1415/836
f 955/1415/836 960/1421/841 959/1422/842 956/1416/837
f 956/1416/837 959/1422/842 957/142/5 952/141/5
f 134/159/11 346/158/320 350/1423/323 151/551/196
f 151/551/196 350/1423/323 349/806/325 152/554/199
f 152/556/199 349/807/325 348/810/327 140/534/186
f 140/534/186 348/810/327 347/812/329 137/528/182
f 137/528/182 347/812/329 345/22/73 132/21/73
f 340/248/445 496/247/451 500/1424/454 344/1425/446
f 344/1425/446 500/1424/454 499/961/456 343/954/447
f 343/955/447 499/962/456 498/965/458 342/956/448
f 342/956/448 498/965/458 497/967/460 341/957/449
f 341/957/449 497/967/460 495/48/73 339/47/450
f 192/143/5 957/142/5 959/1422/842 195/593/222
f 195/593/222 959/1422/842 960/1421/841 196/596/225
f 196/596/225 960/1421/841 961/1420/840 208/598/227
f 208/612/227 961/1419/840 962/1426/839 205/606/233
f 205/606/233 962/1426/839 958/2/838 193/160/11
f 807/117/5 651/116/5 653/1267/711 809/1277/721
f 809/1277/721 653/1267/711 654/1266/710 810/1275/719
f 810/1275/719 654/1266/710 655/1265/709 811/1272/717
f 811/1271/717 655/1264/709 656/1427/708 812/1428/715
f 812/1428/715 656/1427/708 652/250/707 808/249/712
f 646/86/577 106/85/8 118/505/171 650/1429/578
f 650/1429/578 118/505/171 121/513/164 649/1109/579
f 649/1110/579 121/497/164 109/495/162 648/1111/580
f 648/1111/580 109/495/162 108/492/160 647/1112/581
f 647/1112/581 108/492/160 105/74/73 645/73/73
f 657/91/5 306/149/5 311/728/291 659/1122/591
f 659/1122/591 311/728/291 314/736/295 660/1120/589
f 660/1120/589 314/736/295 326/753/305 661/1117/587
f 661/1116/587 326/751/305 325/748/302 662/1430/585
f 662/1430/585 325/748/302 308/84/8 658/83/582
f 1053/77/843 964/76/311 968/764/312 1056/424/112
f 1056/424/112 968/764/312 967/765/313 63/427/113
f 63/427/113 967/765/313 966/766/116 72/429/116
f 72/445/116 966/767/116 965/1431/62 69/437/62
f 69/437/62 965/1431/62 963/88/9 61/87/9
f 281/90/9 970/89/9 974/1432/202 298/715/202
f 298/715/202 974/1432/202 973/1433/206 299/718/206
f 299/720/206 973/1434/206 972/790/220 287/703/220
f 287/703/220 972/790/220 971/1435/217 284/695/217
f 284/695/217 971/1435/217 969/15/5 279/20/5
f 34/82/73 976/81/314 980/770/316 37/391/87
f 37/391/87 980/770/316 979/771/317 38/394/89
f 38/394/89 979/771/317 978/772/91 50/396/91
f 50/410/91 978/773/91 977/774/135 47/404/98
f 47/404/98 977/774/135 975/155/10 35/154/10
f 221/157/10 982/156/10 986/1436/254 238/651/254
f 238/651/254 986/1436/254 985/1437/256 239/654/256
f 239/654/256 985/1437/256 984/1438/247 227/656/247
f 227/634/247 984/1439/247 983/1440/243 224/628/243
f 224/628/243 983/1440/243 981/145/5 219/144/5
f 982/156/10 988/343/10 992/792/254 986/1436/254
f 986/1436/254 992/792/254 991/793/256 985/1437/256
f 985/1437/256 991/793/256 990/1441/247 984/1438/247
f 984/1439/247 990/1442/247 989/1443/243 983/1440/243
f 983/1440/243 989/1443/243 987/146/5 981/145/5
f 963/769/9 7/356/9 165/559/9 970/89/9
f 1354/1/844 1359/4/845 1959/3/845 1966/2/844
f 1162/5/846 1341/8/846 1282/7/846 1167/6/846
f 1001/9/847 1174/12/847 1315/11/847 1109/10/847
f 1082/13/846 1255/14/846 1341/8/846 1162/5/846
f 1977/15/848 1287/20/848 1281/19/848 1342/18/848 1256/17/848 1995/16/848
f 1134/21/849 1026/82/849 1984/81/849 1081/80/849 1161/79/849 1168/78/849 1053/77/849 1972/76/849 1000/75/849 1107/74/849 1653/73/849 1648/72/849 1642/71/849 1636/70/849 1630/69/849 1624/68/849 1618/67/849 1612/66/849 1606/65/849 1600/64/849 1594/63/849 1588/62/849 1582/61/849 1576/60/849 1570/59/849 1564/58/849 1558/57/849 1552/56/849 1546/55/849 1540/54/849 1534/53/849 1528/52/849 1522/51/849 1516/50/849 1510/49/849 1503/48/849 1347/47/849 1498/46/849 1492/45/849 1486/44/849 1480/43/849 1474/42/849 1468/41/849 1462/40/849 1456/39/849 1450/38/849 1444/37/849 1438/36/849 1432/35/849 1426/34/849 1420/33/849 1414/32/849 1408/31/849 1402/30/849 1396/29/849 1390/28/849 1384/27/849 1378/26/849 1372/25/849 1366/24/849 1360/23/849 1353/22/849
f 1666/83/850 1654/86/850 1108/85/851 1316/84/851
f 1054/87/9 1289/90/9 1978/89/9 1971/88/9
f 1665/91/848 1314/149/848 1175/148/848 1977/147/848 1995/146/848 1989/145/848 1227/144/848 1200/143/848 1965/142/848 1960/141/848 1954/140/848 1948/139/848 1942/138/848 1936/137/848 1930/136/848 1924/135/848 1918/134/848 1912/133/848 1906/132/848 1900/131/848 1894/130/848 1888/129/848 1882/128/848 1876/127/848 1870/126/848 1864/125/848 1858/124/848 1852/123/848 1846/122/848 1840/121/848 1834/120/848 1828/119/848 1822/118/848 1815/117/848 1659/116/848 1810/115/848 1804/114/848 1798/113/848 1792/112/848 1786/111/848 1780/110/848 1774/109/848 1768/108/848 1762/107/848 1756/106/848 1750/105/848 1744/104/848 1738/103/848 1732/102/848 1726/101/848 1720/100/848 1714/99/848 1708/98/848 1702/97/848 1696/96/848 1690/95/848 1684/94/848 1678/93/848 1672/92/848
f 1135/150/847 1202/153/847 1228/152/847 1028/151/847
f 1027/154/10 1229/157/10 1990/156/10 1983/155/10
f 1354/158/844 1966/2/844 1201/160/852 1136/159/852
f 1359/161/845 1365/164/853 1953/163/853 1959/162/845
f 1365/164/853 1371/167/854 1947/166/854 1953/165/853
f 1371/168/854 1377/170/855 1941/169/855 1947/166/854
f 1377/171/855 1383/174/856 1935/173/856 1941/172/855
f 1383/175/856 1389/178/857 1929/177/857 1935/176/856
f 1389/178/857 1395/181/858 1923/180/858 1929/179/857
f 1395/182/858 1401/184/859 1917/183/859 1923/180/858
f 1401/184/859 1407/186/860 1911/185/860 1917/183/859
f 1407/187/860 1413/189/861 1905/188/861 1911/185/860
f 1413/190/861 1419/192/862 1899/191/862 1905/188/861
f 1419/193/862 1425/196/863 1893/195/863 1899/194/862
f 1425/197/863 1431/200/864 1887/199/864 1893/198/863
f 1431/200/864 1437/203/865 1881/202/865 1887/201/864
f 1437/204/865 1443/207/866 1875/206/866 1881/205/865
f 1443/208/866 1449/211/867 1869/210/867 1875/209/866
f 1449/212/867 1455/215/868 1863/214/868 1869/213/867
f 1455/216/868 1461/219/869 1857/218/869 1863/217/868
f 1461/220/869 1467/222/870 1851/221/870 1857/218/869
f 1467/223/870 1473/226/871 1845/225/871 1851/224/870
f 1473/227/871 1479/230/872 1839/229/872 1845/228/871
f 1479/231/872 1485/234/873 1833/233/873 1839/232/872
f 1485/235/873 1491/238/874 1827/237/874 1833/236/873
f 1491/239/874 1497/242/875 1821/241/875 1827/240/874
f 1809/243/876 1660/246/877 1504/245/877 1509/244/876
f 1504/247/877 1660/250/877 1816/249/878 1348/248/878
f 1666/251/850 1671/254/879 1647/253/879 1654/252/850
f 1671/255/879 1677/257/880 1641/256/880 1647/253/879
f 1677/258/880 1683/260/881 1635/259/881 1641/256/880
f 1683/261/881 1689/264/882 1629/263/882 1635/262/881
f 1689/265/882 1695/267/883 1623/266/883 1629/263/882
f 1695/268/883 1701/271/884 1617/270/884 1623/269/883
f 1701/271/884 1707/274/885 1611/273/885 1617/272/884
f 1707/275/885 1713/278/886 1605/277/886 1611/276/885
f 1713/279/886 1719/281/887 1599/280/887 1605/277/886
f 1719/282/887 1725/285/888 1593/284/888 1599/283/887
f 1725/286/888 1731/289/889 1587/288/889 1593/287/888
f 1731/290/889 1737/293/890 1581/292/890 1587/291/889
f 1737/294/890 1743/297/891 1575/296/891 1581/295/890
f 1743/298/891 1749/300/892 1569/299/892 1575/296/891
f 1749/301/892 1755/304/893 1563/303/893 1569/302/892
f 1755/305/893 1761/308/894 1557/307/894 1563/306/893
f 1761/309/894 1767/312/895 1551/311/895 1557/310/894
f 1767/313/895 1773/316/896 1545/315/896 1551/314/895
f 1773/317/896 1779/320/897 1539/319/897 1545/318/896
f 1779/321/897 1785/324/898 1533/323/898 1539/322/897
f 1785/325/898 1791/328/899 1527/327/899 1533/326/898
f 1791/329/899 1797/332/900 1521/331/900 1527/330/899
f 1797/333/900 1803/336/901 1515/335/901 1521/334/900
f 1803/337/901 1809/340/876 1509/339/876 1515/338/901
f 1983/155/10 1990/156/10 1996/343/10 1254/342/10 1080/341/10
f 1167/6/846 1282/7/846 1288/345/846 1055/344/846
f 1497/346/875 1348/349/878 1816/348/878 1821/347/875
f 999/356/9 1004/359/902 1005/358/903 1002/357/904
f 1002/357/904 1005/358/903 1006/361/905 1003/360/906
f 1003/362/906 1006/365/905 1016/364/907 1015/363/908
f 1004/359/902 1007/367/909 1008/366/910 1005/358/903
f 1005/358/903 1008/366/910 1009/368/911 1006/361/905
f 1006/365/905 1009/370/911 1017/369/912 1016/364/907
f 1000/75/913 1012/373/914 1013/372/915 1010/371/916
f 1010/371/916 1013/372/915 1014/375/917 1011/374/918
f 1011/376/918 1014/379/917 1024/378/919 1023/377/920
f 1012/373/914 1015/363/908 1016/364/907 1013/372/915
f 1013/372/915 1016/364/907 1017/369/912 1014/375/917
f 1014/379/917 1017/381/912 1025/380/921 1024/378/919
f 1001/9/847 1020/384/922 1021/383/923 1018/382/924
f 1018/382/924 1021/383/923 1022/386/925 1019/385/926
f 1019/385/926 1022/386/925 1008/388/910 1007/387/909
f 1020/384/922 1023/377/920 1024/378/919 1021/383/923
f 1021/383/923 1024/378/919 1025/380/921 1022/386/925
f 1022/386/925 1025/380/921 1009/389/911 1008/388/910
f 1009/370/911 1025/390/921 1017/369/912
f 1026/82/913 1031/393/916 1032/392/927 1029/391/928
f 1029/391/928 1032/392/927 1033/395/929 1030/394/930
f 1030/394/930 1033/395/929 1043/397/931 1042/396/932
f 1031/393/916 1034/399/918 1035/398/933 1032/392/927
f 1032/392/927 1035/398/933 1036/400/934 1033/395/929
f 1033/395/929 1036/400/934 1044/401/935 1043/397/931
f 1027/154/10 1039/404/936 1040/403/937 1037/402/938
f 1037/402/938 1040/403/937 1041/406/939 1038/405/940
f 1038/405/940 1041/406/939 1051/408/941 1050/407/942
f 1039/404/936 1042/410/932 1043/409/931 1040/403/937
f 1040/403/937 1043/409/931 1044/411/935 1041/406/939
f 1041/406/939 1044/411/935 1052/412/943 1051/408/941
f 1028/151/847 1047/415/944 1048/414/945 1045/413/922
f 1045/413/922 1048/414/945 1049/417/946 1046/416/947
f 1046/418/947 1049/419/946 1035/398/933 1034/399/918
f 1047/415/944 1050/421/942 1051/420/941 1048/414/945
f 1048/414/945 1051/420/941 1052/422/943 1049/417/946
f 1049/419/946 1052/423/943 1036/400/934 1035/398/933
f 1036/400/934 1052/423/943 1044/401/935
f 1056/424/948 1059/425/949 1060/428/950 1057/427/951
f 1057/427/951 1060/428/950 1070/430/952 1069/429/906
f 1058/426/953 1061/432/954 1062/431/955 1059/425/949
f 1059/425/949 1062/431/955 1063/433/956 1060/428/950
f 1060/428/950 1063/433/956 1071/434/957 1070/430/952
f 1054/87/9 1066/437/904 1067/436/958 1064/435/959
f 1064/435/959 1067/436/958 1068/439/960 1065/438/961
f 1065/440/961 1068/443/960 1078/442/962 1077/441/963
f 1066/437/904 1069/445/906 1070/444/952 1067/436/958
f 1067/436/958 1070/444/952 1071/446/957 1068/439/960
f 1068/443/960 1071/448/957 1079/447/964 1078/442/962
f 1055/344/846 1074/451/965 1075/450/966 1072/449/967
f 1072/449/967 1075/450/966 1076/453/968 1073/452/969
f 1073/452/969 1076/453/968 1062/455/955 1061/454/954
f 1074/451/965 1077/441/963 1078/442/962 1075/450/966
f 1075/450/966 1078/442/962 1079/447/964 1076/453/968
f 1076/453/968 1079/447/964 1063/456/956 1062/455/955
f 1063/433/956 1079/457/964 1071/434/957
f 1080/341/10 1085/460/970 1086/459/971 1083/458/972
f 1083/458/972 1086/459/971 1087/462/973 1084/461/932
f 1084/463/932 1087/466/973 1097/465/974 1096/464/975
f 1085/460/970 1088/468/976 1089/467/977 1086/459/971
f 1086/459/971 1089/467/977 1090/469/978 1087/462/973
f 1087/466/973 1090/471/978 1098/470/979 1097/465/974
f 1091/472/980 1094/473/981 1095/476/982 1092/475/983
f 1092/477/983 1095/480/982 1105/479/984 1104/478/985
f 1093/474/986 1096/464/975 1097/465/974 1094/473/981
f 1094/473/981 1097/465/974 1098/470/979 1095/476/982
f 1095/480/982 1098/482/979 1106/481/987 1105/479/984
f 1082/13/846 1101/485/967 1102/484/988 1099/483/989
f 1099/483/989 1102/484/988 1103/487/990 1100/486/991
f 1100/486/991 1103/487/990 1089/489/977 1088/488/976
f 1101/485/967 1104/478/985 1105/479/984 1102/484/988
f 1102/484/988 1105/479/984 1106/481/987 1103/487/990
f 1103/487/990 1106/481/987 1090/490/978 1089/489/977
f 1090/471/978 1106/491/987 1098/470/979
f 1107/74/913 1112/494/916 1113/493/992 1110/492/993
f 1110/492/993 1113/493/992 1114/496/994 1111/495/995
f 1111/495/995 1114/496/994 1124/498/996 1123/497/997
f 1112/494/916 1115/500/918 1116/499/998 1113/493/992
f 1113/493/992 1116/499/998 1117/501/999 1114/496/994
f 1114/496/994 1117/501/999 1125/502/1000 1124/498/996
f 1108/85/851 1120/505/1001 1121/504/1002 1118/503/1003
f 1118/503/1003 1121/504/1002 1122/507/1004 1119/506/1005
f 1119/508/1005 1122/511/1004 1132/510/1006 1131/509/1007
f 1120/505/1001 1123/513/997 1124/512/996 1121/504/1002
f 1121/504/1002 1124/512/996 1125/514/1000 1122/507/1004
f 1122/511/1004 1125/516/1000 1133/515/1008 1132/510/1006
f 1109/10/847 1128/519/1009 1129/518/1010 1126/517/922
f 1126/517/922 1129/518/1010 1130/521/1011 1127/520/947
f 1127/520/947 1130/521/1011 1116/523/998 1115/522/918
f 1128/519/1009 1131/509/1007 1132/510/1006 1129/518/1010
f 1129/518/1010 1132/510/1006 1133/515/1008 1130/521/1011
f 1130/521/1011 1133/515/1008 1117/524/999 1116/523/998
f 1117/501/999 1133/525/1008 1125/502/1000
f 1134/21/913 1139/528/1012 1140/527/1013 1137/526/1014
f 1137/526/1014 1140/527/1013 1141/530/1015 1138/529/918
f 1138/529/918 1141/530/1015 1151/532/1016 1150/531/920
f 1139/528/1012 1142/534/1017 1143/533/1018 1140/527/1013
f 1140/527/1013 1143/533/1018 1144/535/1019 1141/530/1015
f 1141/530/1015 1144/535/1019 1152/536/1020 1151/532/1016
f 1135/150/847 1147/539/922 1148/538/1021 1145/537/1022
f 1145/537/1022 1148/538/1021 1149/541/1023 1146/540/1024
f 1146/542/1024 1149/545/1023 1159/544/1025 1158/543/1026
f 1147/539/922 1150/547/920 1151/546/1016 1148/538/1021
f 1148/538/1021 1151/546/1016 1152/548/1020 1149/541/1023
f 1149/545/1023 1152/550/1020 1160/549/1027 1159/544/1025
f 1136/159/852 1155/553/1028 1156/552/1029 1153/551/1030
f 1153/551/1030 1156/552/1029 1157/555/1031 1154/554/1032
f 1154/556/1032 1157/557/1031 1143/533/1018 1142/534/1017
f 1155/553/1028 1158/543/1026 1159/544/1025 1156/552/1029
f 1156/552/1029 1159/544/1025 1160/549/1027 1157/555/1031
f 1157/557/1031 1160/558/1027 1144/535/1019 1143/533/1018
f 1144/535/1019 1160/558/1027 1152/536/1020
f 1173/559/9 1178/562/1033 1179/561/1034 1176/560/902
f 1176/560/902 1179/561/1034 1180/564/1035 1177/563/1036
f 1177/565/1036 1180/568/1035 1190/567/1037 1189/566/926
f 1178/562/1033 1181/570/1038 1182/569/1039 1179/561/1034
f 1179/561/1034 1182/569/1039 1183/571/1040 1180/564/1035
f 1180/568/1035 1183/573/1040 1191/572/1041 1190/567/1037
f 1174/12/847 1186/576/924 1187/575/1042 1184/574/1043
f 1184/574/1043 1187/575/1042 1188/578/1044 1185/577/1045
f 1185/577/1045 1188/578/1044 1198/580/1046 1197/579/1047
f 1186/576/924 1189/566/926 1190/567/1037 1187/575/1042
f 1187/575/1042 1190/567/1037 1191/572/1041 1188/578/1044
f 1188/578/1044 1191/572/1041 1199/581/1048 1198/580/1046
f 1175/148/848 1194/584/1049 1195/583/1050 1192/582/1051
f 1192/582/1051 1195/583/1050 1196/586/1052 1193/585/1053
f 1193/585/1053 1196/586/1052 1182/588/1039 1181/587/1038
f 1194/584/1049 1197/590/1047 1198/589/1046 1195/583/1050
f 1195/583/1050 1198/589/1046 1199/591/1048 1196/586/1052
f 1196/586/1052 1199/591/1048 1183/592/1040 1182/588/1039
f 1183/573/1040 1199/581/1048 1191/572/1041
f 1200/143/848 1205/595/1054 1206/594/1055 1203/593/1056
f 1203/593/1056 1206/594/1055 1207/597/1057 1204/596/1058
f 1204/596/1058 1207/597/1057 1217/599/1059 1216/598/1060
f 1205/595/1054 1208/601/1047 1209/600/1061 1206/594/1055
f 1206/594/1055 1209/600/1061 1210/602/1062 1207/597/1057
f 1207/597/1057 1210/602/1062 1218/603/1063 1217/599/1059
f 1201/160/852 1213/606/1064 1214/605/1065 1211/604/1028
f 1211/604/1028 1214/605/1065 1215/608/1066 1212/607/1026
f 1212/607/1026 1215/608/1066 1225/610/1067 1224/609/1068
f 1213/606/1064 1216/612/1060 1217/611/1059 1214/605/1065
f 1214/605/1065 1217/611/1059 1218/613/1063 1215/608/1066
f 1215/608/1066 1218/613/1063 1226/614/1069 1225/610/1067
f 1202/153/847 1221/617/1022 1222/616/1070 1219/615/1043
f 1219/615/1043 1222/616/1070 1223/619/1071 1220/618/1045
f 1220/620/1045 1223/621/1071 1209/600/1061 1208/601/1047
f 1221/617/1022 1224/623/1068 1225/622/1067 1222/616/1070
f 1222/616/1070 1225/622/1067 1226/624/1069 1223/619/1071
f 1223/621/1071 1226/625/1069 1210/602/1062 1209/600/1061
f 1210/602/1062 1226/625/1069 1218/603/1063
f 1227/144/848 1232/628/1072 1233/627/1073 1230/626/1054
f 1230/626/1054 1233/627/1073 1234/630/1074 1231/629/1047
f 1231/629/1047 1234/630/1074 1244/632/1075 1243/631/1045
f 1232/628/1072 1235/634/1076 1236/633/1077 1233/627/1073
f 1233/627/1073 1236/633/1077 1237/635/1078 1234/630/1074
f 1234/630/1074 1237/635/1078 1245/636/1079 1244/632/1075
f 1228/152/847 1240/639/1043 1241/638/1080 1238/637/944
f 1238/637/944 1241/638/1080 1242/641/1081 1239/640/942
f 1239/642/942 1242/645/1081 1252/644/1082 1251/643/1083
f 1240/639/1043 1243/647/1045 1244/646/1075 1241/638/1080
f 1241/638/1080 1244/646/1075 1245/648/1079 1242/641/1081
f 1242/645/1081 1245/650/1079 1253/649/1084 1252/644/1082
f 1229/157/10 1248/653/938 1249/652/1085 1246/651/1086
f 1246/651/1086 1249/652/1085 1250/655/1087 1247/654/1088
f 1247/654/1088 1250/655/1087 1236/657/1077 1235/656/1076
f 1248/653/938 1251/643/1083 1252/644/1082 1249/652/1085
f 1249/652/1085 1252/644/1082 1253/649/1084 1250/655/1087
f 1250/655/1087 1253/649/1084 1237/658/1078 1236/657/1077
f 1237/635/1078 1253/659/1084 1245/636/1079
f 1254/342/10 1259/662/1089 1260/661/1090 1257/660/970
f 1257/660/970 1260/661/1090 1261/664/1091 1258/663/976
f 1258/665/976 1261/668/1091 1271/667/1092 1270/666/991
f 1259/662/1089 1262/670/1088 1263/669/1093 1260/661/1090
f 1260/661/1090 1263/669/1093 1264/671/1094 1261/664/1091
f 1261/668/1091 1264/673/1094 1272/672/1095 1271/667/1092
f 1255/14/846 1267/676/1096 1268/675/1097 1265/674/1098
f 1265/674/1098 1268/675/1097 1269/678/1099 1266/677/1100
f 1266/677/1100 1269/678/1099 1279/680/1101 1278/679/1102
f 1267/676/1096 1270/666/991 1271/667/1092 1268/675/1097
f 1268/675/1097 1271/667/1092 1272/672/1095 1269/678/1099
f 1269/678/1099 1272/672/1095 1280/681/1103 1279/680/1101
f 1256/17/848 1275/684/1104 1276/683/1105 1273/682/1072
f 1273/682/1072 1276/683/1105 1277/686/1106 1274/685/1076
f 1274/687/1076 1277/688/1106 1263/669/1093 1262/670/1088
f 1275/684/1104 1278/690/1102 1279/689/1101 1276/683/1105
f 1276/683/1105 1279/689/1101 1280/691/1103 1277/686/1106
f 1277/688/1106 1280/692/1103 1264/671/1094 1263/669/1093
f 1264/673/1094 1280/681/1103 1272/672/1095
f 1287/20/848 1292/695/1051 1293/694/1107 1290/693/1104
f 1290/693/1104 1293/694/1107 1294/697/1108 1291/696/1102
f 1291/698/1102 1294/701/1108 1304/700/1109 1303/699/1100
f 1292/695/1051 1295/703/1053 1296/702/1110 1293/694/1107
f 1293/694/1107 1296/702/1110 1297/704/1111 1294/697/1108
f 1294/701/1108 1297/706/1111 1305/705/1112 1304/700/1109
f 1288/345/846 1300/709/1098 1301/708/1113 1298/707/965
f 1298/707/965 1301/708/1113 1302/711/1114 1299/710/963
f 1299/710/963 1302/711/1114 1312/713/1115 1311/712/961
f 1300/709/1098 1303/699/1100 1304/700/1109 1301/708/1113
f 1301/708/1113 1304/700/1109 1305/705/1112 1302/711/1114
f 1302/711/1114 1305/705/1112 1313/714/1116 1312/713/1115
f 1289/90/9 1308/717/959 1309/716/1117 1306/715/1033
f 1306/715/1033 1309/716/1117 1310/719/1118 1307/718/1038
f 1307/720/1038 1310/721/1118 1296/702/1110 1295/703/1053
f 1308/717/959 1311/723/961 1312/722/1115 1309/716/1117
f 1309/716/1117 1312/722/1115 1313/724/1116 1310/719/1118
f 1310/721/1118 1313/725/1116 1297/704/1111 1296/702/1110
f 1297/706/1111 1313/714/1116 1305/705/1112
f 1314/149/848 1319/728/1119 1320/727/1120 1317/726/1121
f 1317/726/1121 1320/727/1120 1321/730/1122 1318/729/1047
f 1318/731/1047 1321/734/1122 1331/733/1123 1330/732/1045
f 1319/728/1119 1322/736/1124 1323/735/1125 1320/727/1120
f 1320/727/1120 1323/735/1125 1324/737/1126 1321/730/1122
f 1321/734/1122 1324/739/1126 1332/738/1127 1331/733/1123
f 1315/11/847 1327/742/1043 1328/741/1128 1325/740/1009
f 1325/740/1009 1328/741/1128 1329/744/1129 1326/743/1007
f 1326/743/1007 1329/744/1129 1339/746/1130 1338/745/1005
f 1327/742/1043 1330/732/1045 1331/733/1123 1328/741/1128
f 1328/741/1128 1331/733/1123 1332/738/1127 1329/744/1129
f 1329/744/1129 1332/738/1127 1340/747/1131 1339/746/1130
f 1316/84/851 1335/750/1003 1336/749/1132 1333/748/1133
f 1333/748/1133 1336/749/1132 1337/752/1134 1334/751/1135
f 1334/753/1135 1337/754/1134 1323/735/1125 1322/736/1124
f 1335/750/1003 1338/756/1005 1339/755/1130 1336/749/1132
f 1336/749/1132 1339/755/1130 1340/757/1131 1337/752/1134
f 1337/754/1134 1340/758/1131 1324/737/1126 1323/735/1125
f 1324/739/1126 1340/747/1131 1332/738/1127
f 1134/21/913 1137/526/1014 1031/393/916 1026/82/913
f 1137/526/1014 1138/529/918 1034/399/918 1031/393/916
f 1138/529/918 1150/531/920 1046/418/947 1034/399/918
f 1150/547/920 1147/539/922 1045/413/922 1046/416/947
f 1147/539/922 1135/150/847 1028/151/847 1045/413/922
f 1171/761/1136 1170/762/1137 1073/452/969 1061/454/954
f 1170/762/1137 1169/763/967 1072/449/967 1073/452/969
f 1169/763/967 1167/6/846 1055/344/846 1072/449/967
f 1972/76/1138 1976/764/1139 1012/373/914 1000/75/913
f 1976/764/1139 1975/765/1140 1015/363/908 1012/373/914
f 1975/765/1140 1974/766/906 1003/362/906 1015/363/908
f 1974/767/906 1973/768/904 1002/357/904 1003/360/906
f 1973/768/904 1971/769/9 999/356/9 1002/357/904
f 1984/81/1141 1988/770/1142 1093/474/986 1081/80/1143
f 1988/770/1142 1987/771/1144 1096/464/975 1093/474/986
f 1987/771/1144 1986/772/932 1084/463/932 1096/464/975
f 1986/773/932 1985/774/972 1083/458/972 1084/461/932
f 1985/774/972 1983/155/10 1080/341/10 1083/458/972
f 1000/75/913 1010/371/916 1112/494/916 1107/74/913
f 1010/371/916 1011/374/918 1115/500/918 1112/494/916
f 1011/376/918 1023/377/920 1127/520/947 1115/522/918
f 1023/377/920 1020/384/922 1126/517/922 1127/520/947
f 1020/384/922 1001/9/847 1109/10/847 1126/517/922
f 1092/477/983 1104/478/985 1165/778/1137 1164/777/1136
f 1104/478/985 1101/485/967 1166/779/967 1165/778/1137
f 1101/485/967 1082/13/846 1162/5/846 1166/779/967
f 1164/777/1136 1165/778/1137 1170/762/1137 1171/761/1136
f 1165/778/1137 1166/781/967 1169/780/967 1170/762/1137
f 1166/781/967 1162/5/846 1167/6/846 1169/780/967
f 1202/153/847 1219/615/1043 1240/639/1043 1228/152/847
f 1219/615/1043 1220/618/1045 1243/647/1045 1240/639/1043
f 1220/620/1045 1208/601/1047 1231/629/1047 1243/631/1045
f 1208/601/1047 1205/595/1054 1230/626/1054 1231/629/1047
f 1205/595/1054 1200/143/848 1227/144/848 1230/626/1054
f 1282/7/846 1286/782/1098 1300/709/1098 1288/345/846
f 1286/782/1098 1285/783/1100 1303/699/1100 1300/709/1098
f 1285/783/1100 1284/784/1102 1291/698/1102 1303/699/1100
f 1284/785/1102 1283/786/1104 1290/693/1104 1291/696/1102
f 1283/786/1104 1281/19/848 1287/20/848 1290/693/1104
f 1978/89/9 1982/787/1033 1178/562/1033 1173/559/9
f 1982/787/1033 1981/788/1038 1181/570/1038 1178/562/1033
f 1981/789/1038 1980/790/1053 1193/585/1053 1181/587/1038
f 1980/790/1053 1979/791/1051 1192/582/1051 1193/585/1053
f 1979/791/1051 1977/147/848 1175/148/848 1192/582/1051
f 1996/343/10 2000/792/1086 1259/662/1089 1254/342/10
f 2000/792/1086 1999/793/1088 1262/670/1088 1259/662/1089
f 1999/793/1088 1998/794/1076 1274/687/1076 1262/670/1088
f 1998/795/1076 1997/796/1072 1273/682/1072 1274/685/1076
f 1997/796/1072 1995/16/848 1256/17/848 1273/682/1072
f 1174/12/847 1184/574/1043 1327/742/1043 1315/11/847
f 1184/574/1043 1185/577/1045 1330/732/1045 1327/742/1043
f 1185/577/1045 1197/579/1047 1318/731/1047 1330/732/1045
f 1197/590/1047 1194/584/1049 1317/726/1121 1318/729/1047
f 1194/584/1049 1175/148/848 1314/149/848 1317/726/1121
f 1255/14/846 1265/674/1098 1343/797/1098 1341/8/846
f 1265/674/1098 1266/677/1100 1344/798/1100 1343/797/1098
f 1266/677/1100 1278/679/1102 1345/799/1102 1344/798/1100
f 1278/690/1102 1275/684/1104 1346/801/1104 1345/800/1102
f 1275/684/1104 1256/17/848 1342/18/848 1346/801/1104
f 1341/8/846 1343/797/1098 1286/802/1098 1282/7/846
f 1343/797/1098 1344/798/1100 1285/783/1100 1286/802/1098
f 1344/798/1100 1345/799/1102 1284/784/1102 1285/783/1100
f 1345/800/1102 1346/801/1104 1283/786/1104 1284/785/1102
f 1346/801/1104 1342/18/848 1281/19/848 1283/786/1104
f 1082/13/846 1099/483/989 1267/676/1096 1255/14/846
f 1099/483/989 1100/486/991 1270/666/991 1267/676/1096
f 1100/486/991 1088/488/976 1258/665/976 1270/666/991
f 1088/468/976 1085/460/970 1257/660/970 1258/663/976
f 1085/460/970 1080/341/10 1254/342/10 1257/660/970
f 1315/11/847 1325/740/1009 1128/519/1009 1109/10/847
f 1325/740/1009 1326/743/1007 1131/509/1007 1128/519/1009
f 1326/743/1007 1338/745/1005 1119/508/1005 1131/509/1007
f 1338/756/1005 1335/750/1003 1118/503/1003 1119/506/1005
f 1335/750/1003 1316/84/851 1108/85/851 1118/503/1003
f 1054/87/9 1064/435/959 1308/717/959 1289/90/9
f 1064/435/959 1065/438/961 1311/723/961 1308/717/959
f 1065/440/961 1077/441/963 1299/710/963 1311/712/961
f 1077/441/963 1074/451/965 1298/707/965 1299/710/963
f 1074/451/965 1055/344/846 1288/345/846 1298/707/965
f 1001/9/847 1018/382/924 1186/576/924 1174/12/847
f 1018/382/924 1019/385/926 1189/566/926 1186/576/924
f 1019/385/926 1007/387/909 1177/565/1036 1189/566/926
f 1007/367/909 1004/359/902 1176/560/902 1177/563/1036
f 1004/359/902 999/356/9 1173/559/9 1176/560/902
f 1135/150/847 1145/537/1022 1221/617/1022 1202/153/847
f 1145/537/1022 1146/540/1024 1224/623/1068 1221/617/1022
f 1146/542/1024 1158/543/1026 1212/607/1026 1224/609/1068
f 1158/543/1026 1155/553/1028 1211/604/1028 1212/607/1026
f 1155/553/1028 1136/159/852 1201/160/852 1211/604/1028
f 1027/154/10 1037/402/938 1248/653/938 1229/157/10
f 1037/402/938 1038/405/940 1251/643/1083 1248/653/938
f 1038/405/940 1050/407/942 1239/642/942 1251/643/1083
f 1050/421/942 1047/415/944 1238/637/944 1239/640/942
f 1047/415/944 1028/151/847 1228/152/847 1238/637/944
f 1354/1/1145 1358/804/1146 1361/803/1147 1359/4/1148
f 1358/804/1146 1357/806/1149 1362/805/1150 1361/803/1147
f 1357/807/1149 1356/810/1151 1363/809/1152 1362/808/1150
f 1356/810/1151 1355/812/1153 1364/811/1154 1363/809/1152
f 1355/812/1153 1353/22/913 1360/23/1155 1364/811/1154
f 1359/161/1148 1361/814/1147 1367/813/1156 1365/164/1157
f 1361/814/1147 1362/805/1150 1368/815/1158 1367/813/1156
f 1362/808/1150 1363/809/1152 1369/817/1159 1368/816/1158
f 1363/809/1152 1364/811/1154 1370/818/1160 1369/817/1159
f 1364/811/1154 1360/23/1155 1366/24/1155 1370/818/1160
f 1365/164/1157 1367/820/1156 1373/819/1161 1371/167/1162
f 1367/820/1156 1368/815/1158 1374/821/1163 1373/819/1161
f 1368/816/1158 1369/817/1159 1375/823/1164 1374/822/1163
f 1369/817/1159 1370/818/1160 1376/824/1165 1375/823/1164
f 1370/818/1160 1366/24/1155 1372/25/913 1376/824/1165
f 1371/168/1162 1373/826/1161 1379/825/1166 1377/170/1167
f 1373/826/1161 1374/821/1163 1380/827/1168 1379/825/1166
f 1374/822/1163 1375/823/1164 1381/829/1169 1380/828/1168
f 1375/823/1164 1376/824/1165 1382/830/1170 1381/829/1169
f 1376/824/1165 1372/25/913 1378/26/913 1382/830/1170
f 1377/171/1167 1379/832/1166 1385/831/1171 1383/174/1172
f 1379/832/1166 1380/827/1168 1386/833/1173 1385/831/1171
f 1380/828/1168 1381/829/1169 1387/835/1174 1386/834/1173
f 1381/829/1169 1382/830/1170 1388/836/1175 1387/835/1174
f 1382/830/1170 1378/26/913 1384/27/1155 1388/836/1175
f 1383/175/1172 1385/838/1171 1391/837/1176 1389/178/1177
f 1385/838/1171 1386/833/1173 1392/839/1178 1391/837/1176
f 1386/834/1173 1387/835/1174 1393/841/1179 1392/840/1178
f 1387/835/1174 1388/836/1175 1394/842/1180 1393/841/1179
f 1388/836/1175 1384/27/1155 1390/28/1155 1394/842/1180
f 1389/178/1177 1391/844/1176 1397/843/1181 1395/181/1182
f 1391/844/1176 1392/839/1178 1398/845/1183 1397/843/1181
f 1392/840/1178 1393/841/1179 1399/847/1184 1398/846/1183
f 1393/841/1179 1394/842/1180 1400/848/1185 1399/847/1184
f 1394/842/1180 1390/28/1155 1396/29/913 1400/848/1185
f 1395/182/1182 1397/850/1181 1403/849/1186 1401/184/1187
f 1397/850/1181 1398/845/1183 1404/851/1188 1403/849/1186
f 1398/846/1183 1399/847/1184 1405/853/1189 1404/852/1188
f 1399/847/1184 1400/848/1185 1406/854/1190 1405/853/1189
f 1400/848/1185 1396/29/913 1402/30/913 1406/854/1190
f 1401/184/1187 1403/856/1186 1409/855/1191 1407/186/1192
f 1403/856/1186 1404/851/1188 1410/857/1193 1409/855/1191
f 1404/852/1188 1405/853/1189 1411/859/1194 1410/858/1193
f 1405/853/1189 1406/854/1190 1412/860/1195 1411/859/1194
f 1406/854/1190 1402/30/913 1408/31/913 1412/860/1195
f 1407/187/1192 1409/862/1191 1415/861/1196 1413/189/1197
f 1409/862/1191 1410/857/1193 1416/863/1198 1415/861/1196
f 1410/858/1193 1411/859/1194 1417/865/1199 1416/864/1198
f 1411/859/1194 1412/860/1195 1418/866/1200 1417/865/1199
f 1412/860/1195 1408/31/913 1414/32/913 1418/866/1200
f 1413/190/1197 1415/868/1196 1421/867/1201 1419/192/1202
f 1415/868/1196 1416/863/1198 1422/869/1203 1421/867/1201
f 1416/864/1198 1417/865/1199 1423/871/1204 1422/870/1203
f 1417/865/1199 1418/866/1200 1424/872/1205 1423/871/1204
f 1418/866/1200 1414/32/913 1420/33/1155 1424/872/1205
f 1419/193/1202 1421/874/1201 1427/873/1206 1425/196/1207
f 1421/874/1201 1422/869/1203 1428/875/1208 1427/873/1206
f 1422/870/1203 1423/871/1204 1429/877/1209 1428/876/1208
f 1423/871/1204 1424/872/1205 1430/878/1210 1429/877/1209
f 1424/872/1205 1420/33/1155 1426/34/1155 1430/878/1210
f 1425/197/1207 1427/880/1206 1433/879/1211 1431/200/1212
f 1427/880/1206 1428/882/1208 1434/881/1213 1433/879/1211
f 1428/876/1208 1429/877/1209 1435/884/1214 1434/883/1213
f 1429/877/1209 1430/878/1210 1436/885/1215 1435/884/1214
f 1430/878/1210 1426/34/1155 1432/35/913 1436/885/1215
f 1431/200/1212 1433/887/1211 1439/886/1216 1437/203/1217
f 1433/887/1211 1434/881/1213 1440/888/1218 1439/886/1216
f 1434/883/1213 1435/884/1214 1441/890/1219 1440/889/1218
f 1435/884/1214 1436/885/1215 1442/891/1220 1441/890/1219
f 1436/885/1215 1432/35/913 1438/36/913 1442/891/1220
f 1437/204/1217 1439/893/1216 1445/892/1221 1443/207/1222
f 1439/893/1216 1440/888/1218 1446/894/1223 1445/892/1221
f 1440/889/1218 1441/890/1219 1447/896/1224 1446/895/1223
f 1441/890/1219 1442/891/1220 1448/897/1225 1447/896/1224
f 1442/891/1220 1438/36/913 1444/37/913 1448/897/1225
f 1443/208/1222 1445/899/1221 1451/898/1226 1449/211/1227
f 1445/899/1221 1446/894/1223 1452/900/1228 1451/898/1226
f 1446/895/1223 1447/896/1224 1453/902/1229 1452/901/1228
f 1447/896/1224 1448/897/1225 1454/903/1230 1453/902/1229
f 1448/897/1225 1444/37/913 1450/38/913 1454/903/1230
f 1449/212/1227 1451/905/1226 1457/904/1231 1455/215/1232
f 1451/905/1226 1452/900/1228 1458/906/1233 1457/904/1231
f 1452/901/1228 1453/902/1229 1459/908/1234 1458/907/1233
f 1453/902/1229 1454/903/1230 1460/909/1235 1459/908/1234
f 1454/903/1230 1450/38/913 1456/39/913 1460/909/1235
f 1455/216/1232 1457/911/1231 1463/910/1236 1461/219/1237
f 1457/911/1231 1458/906/1233 1464/912/1238 1463/910/1236
f 1458/907/1233 1459/908/1234 1465/914/1239 1464/913/1238
f 1459/908/1234 1460/909/1235 1466/915/1240 1465/914/1239
f 1460/909/1235 1456/39/913 1462/40/913 1466/915/1240
f 1461/220/1237 1463/917/1236 1469/916/1241 1467/222/1242
f 1463/917/1236 1464/912/1238 1470/918/1243 1469/916/1241
f 1464/913/1238 1465/914/1239 1471/920/1244 1470/919/1243
f 1465/914/1239 1466/915/1240 1472/921/1245 1471/920/1244
f 1466/915/1240 1462/40/913 1468/41/913 1472/921/1245
f 1467/223/1242 1469/923/1241 1475/922/1246 1473/226/1247
f 1469/923/1241 1470/918/1243 1476/924/1248 1475/922/1246
f 1470/919/1243 1471/920/1244 1477/926/1249 1476/925/1248
f 1471/920/1244 1472/921/1245 1478/927/1250 1477/926/1249
f 1472/921/1245 1468/41/913 1474/42/913 1478/927/1250
f 1473/227/1247 1475/929/1246 1481/928/1251 1479/230/1252
f 1475/929/1246 1476/924/1248 1482/930/1253 1481/928/1251
f 1476/925/1248 1477/926/1249 1483/932/1254 1482/931/1253
f 1477/926/1249 1478/927/1250 1484/933/1255 1483/932/1254
f 1478/927/1250 1474/42/913 1480/43/913 1484/933/1255
f 1479/231/1252 1481/935/1251 1487/934/1256 1485/234/1257
f 1481/935/1251 1482/930/1253 1488/936/1258 1487/934/1256
f 1482/931/1253 1483/932/1254 1489/938/1259 1488/937/1258
f 1483/932/1254 1484/933/1255 1490/939/1260 1489/938/1259
f 1484/933/1255 1480/43/913 1486/44/913 1490/939/1260
f 1485/235/1257 1487/941/1256 1493/940/1261 1491/238/1262
f 1487/941/1256 1488/936/1258 1494/942/1263 1493/940/1261
f 1488/937/1258 1489/938/1259 1495/944/1264 1494/943/1263
f 1489/938/1259 1490/939/1260 1496/945/1265 1495/944/1264
f 1490/939/1260 1486/44/913 1492/45/913 1496/945/1265
f 1491/239/1262 1493/947/1261 1499/946/1266 1497/242/1267
f 1493/947/1261 1494/942/1263 1500/948/1268 1499/946/1266
f 1494/943/1263 1495/944/1264 1501/950/1269 1500/949/1268
f 1495/944/1264 1496/945/1265 1502/951/1270 1501/950/1269
f 1496/945/1265 1492/45/913 1498/46/913 1502/951/1270
f 1497/346/1267 1499/953/1266 1352/952/1271 1348/349/1272
f 1499/953/1266 1500/948/1268 1351/954/1273 1352/952/1271
f 1500/949/1268 1501/950/1269 1350/956/1274 1351/955/1273
f 1501/950/1269 1502/951/1270 1349/957/1275 1350/956/1274
f 1502/951/1270 1498/46/913 1347/47/1276 1349/957/1275
f 1504/245/1277 1508/959/1278 1511/958/1279 1509/244/1280
f 1508/959/1278 1507/961/1281 1512/960/1282 1511/958/1279
f 1507/962/1281 1506/965/1283 1513/964/1284 1512/963/1282
f 1506/965/1283 1505/967/1285 1514/966/1286 1513/964/1284
f 1505/967/1285 1503/48/913 1510/49/913 1514/966/1286
f 1509/339/1280 1511/969/1279 1517/968/1287 1515/338/1288
f 1511/969/1279 1512/960/1282 1518/970/1289 1517/968/1287
f 1512/963/1282 1513/964/1284 1519/972/1290 1518/971/1289
f 1513/964/1284 1514/966/1286 1520/973/1291 1519/972/1290
f 1514/966/1286 1510/49/913 1516/50/913 1520/973/1291
f 1515/335/1288 1517/975/1287 1523/974/1292 1521/334/1293
f 1517/975/1287 1518/970/1289 1524/976/1294 1523/974/1292
f 1518/971/1289 1519/972/1290 1525/978/1295 1524/977/1294
f 1519/972/1290 1520/973/1291 1526/979/1296 1525/978/1295
f 1520/973/1291 1516/50/913 1522/51/913 1526/979/1296
f 1521/331/1293 1523/981/1292 1529/980/1297 1527/330/1298
f 1523/981/1292 1524/976/1294 1530/982/1299 1529/980/1297
f 1524/977/1294 1525/978/1295 1531/984/1300 1530/983/1299
f 1525/978/1295 1526/979/1296 1532/985/1301 1531/984/1300
f 1526/979/1296 1522/51/913 1528/52/913 1532/985/1301
f 1527/327/1298 1529/987/1297 1535/986/1302 1533/326/1303
f 1529/987/1297 1530/982/1299 1536/988/1304 1535/986/1302
f 1530/983/1299 1531/984/1300 1537/990/1305 1536/989/1304
f 1531/984/1300 1532/985/1301 1538/991/1306 1537/990/1305
f 1532/985/1301 1528/52/913 1534/53/913 1538/991/1306
f 1533/323/1303 1535/993/1302 1541/992/1307 1539/322/1308
f 1535/993/1302 1536/988/1304 1542/994/1309 1541/992/1307
f 1536/989/1304 1537/990/1305 1543/996/1310 1542/995/1309
f 1537/990/1305 1538/991/1306 1544/997/1311 1543/996/1310
f 1538/991/1306 1534/53/913 1540/54/913 1544/997/1311
f 1539/319/1308 1541/999/1307 1547/998/1312 1545/318/1313
f 1541/999/1307 1542/994/1309 1548/1000/1314 1547/998/1312
f 1542/995/1309 1543/996/1310 1549/1002/1315 1548/1001/1314
f 1543/996/1310 1544/997/1311 1550/1003/1316 1549/1002/1315
f 1544/997/1311 1540/54/913 1546/55/913 1550/1003/1316
f 1545/315/1313 1547/1005/1312 1553/1004/1317 1551/314/1318
f 1547/1005/1312 1548/1000/1314 1554/1006/1319 1553/1004/1317
f 1548/1001/1314 1549/1002/1315 1555/1008/1320 1554/1007/1319
f 1549/1002/1315 1550/1003/1316 1556/1009/1321 1555/1008/1320
f 1550/1003/1316 1546/55/913 1552/56/913 1556/1009/1321
f 1551/311/1318 1553/1011/1317 1559/1010/1322 1557/310/1323
f 1553/1011/1317 1554/1006/1319 1560/1012/1324 1559/1010/1322
f 1554/1007/1319 1555/1008/1320 1561/1014/1325 1560/1013/1324
f 1555/1008/1320 1556/1009/1321 1562/1015/1326 1561/1014/1325
f 1556/1009/1321 1552/56/913 1558/57/913 1562/1015/1326
f 1557/307/1323 1559/1017/1322 1565/1016/1327 1563/306/1328
f 1559/1017/1322 1560/1019/1324 1566/1018/1329 1565/1016/1327
f 1560/1013/1324 1561/1014/1325 1567/1021/1330 1566/1020/1329
f 1561/1014/1325 1562/1015/1326 1568/1022/1331 1567/1021/1330
f 1562/1015/1326 1558/57/913 1564/58/913 1568/1022/1331
f 1563/303/1328 1565/1024/1327 1571/1023/1332 1569/302/1333
f 1565/1024/1327 1566/1018/1329 1572/1025/1334 1571/1023/1332
f 1566/1020/1329 1567/1021/1330 1573/1027/1335 1572/1026/1334
f 1567/1021/1330 1568/1022/1331 1574/1028/1336 1573/1027/1335
f 1568/1022/1331 1564/58/913 1570/59/1276 1574/1028/1336
f 1569/299/1333 1571/1030/1332 1577/1029/1337 1575/296/1338
f 1571/1030/1332 1572/1025/1334 1578/1031/1339 1577/1029/1337
f 1572/1026/1334 1573/1027/1335 1579/1033/1340 1578/1032/1339
f 1573/1027/1335 1574/1028/1336 1580/1034/1341 1579/1033/1340
f 1574/1028/1336 1570/59/1276 1576/60/913 1580/1034/1341
f 1575/296/1338 1577/1036/1337 1583/1035/1342 1581/295/1343
f 1577/1036/1337 1578/1031/1339 1584/1037/1344 1583/1035/1342
f 1578/1032/1339 1579/1033/1340 1585/1039/1345 1584/1038/1344
f 1579/1033/1340 1580/1034/1341 1586/1040/1346 1585/1039/1345
f 1580/1034/1341 1576/60/913 1582/61/913 1586/1040/1346
f 1581/292/1343 1583/1042/1342 1589/1041/1347 1587/291/1348
f 1583/1042/1342 1584/1037/1344 1590/1043/1349 1589/1041/1347
f 1584/1038/1344 1585/1039/1345 1591/1045/1350 1590/1044/1349
f 1585/1039/1345 1586/1040/1346 1592/1046/1351 1591/1045/1350
f 1586/1040/1346 1582/61/913 1588/62/913 1592/1046/1351
f 1587/288/1348 1589/1048/1347 1595/1047/1352 1593/287/1353
f 1589/1048/1347 1590/1043/1349 1596/1049/1354 1595/1047/1352
f 1590/1044/1349 1591/1045/1350 1597/1051/1355 1596/1050/1354
f 1591/1045/1350 1592/1046/1351 1598/1052/1356 1597/1051/1355
f 1592/1046/1351 1588/62/913 1594/63/913 1598/1052/1356
f 1593/284/1353 1595/1054/1352 1601/1053/1357 1599/283/1358
f 1595/1054/1352 1596/1049/1354 1602/1055/1359 1601/1053/1357
f 1596/1050/1354 1597/1051/1355 1603/1057/1360 1602/1056/1359
f 1597/1051/1355 1598/1052/1356 1604/1058/1361 1603/1057/1360
f 1598/1052/1356 1594/63/913 1600/64/913 1604/1058/1361
f 1599/280/1358 1601/1060/1357 1607/1059/1362 1605/277/1363
f 1601/1060/1357 1602/1055/1359 1608/1061/1364 1607/1059/1362
f 1602/1056/1359 1603/1057/1360 1609/1063/1365 1608/1062/1364
f 1603/1057/1360 1604/1058/1361 1610/1064/1366 1609/1063/1365
f 1604/1058/1361 1600/64/913 1606/65/913 1610/1064/1366
f 1605/277/1363 1607/1066/1362 1613/1065/1367 1611/276/1368
f 1607/1066/1362 1608/1061/1364 1614/1067/1369 1613/1065/1367
f 1608/1062/1364 1609/1063/1365 1615/1069/1370 1614/1068/1369
f 1609/1063/1365 1610/1064/1366 1616/1070/1371 1615/1069/1370
f 1610/1064/1366 1606/65/913 1612/66/913 1616/1070/1371
f 1611/273/1368 1613/1072/1367 1619/1071/1372 1617/272/1373
f 1613/1072/1367 1614/1067/1369 1620/1073/1374 1619/1071/1372
f 1614/1068/1369 1615/1069/1370 1621/1075/1375 1620/1074/1374
f 1615/1069/1370 1616/1070/1371 1622/1076/1376 1621/1075/1375
f 1616/1070/1371 1612/66/913 1618/67/913 1622/1076/1376
f 1617/270/1373 1619/1078/1372 1625/1077/1377 1623/269/1378
f 1619/1078/1372 1620/1073/1374 1626/1079/1379 1625/1077/1377
f 1620/1074/1374 1621/1075/1375 1627/1081/1380 1626/1080/1379
f 1621/1075/1375 1622/1076/1376 1628/1082/1381 1627/1081/1380
f 1622/1076/1376 1618/67/913 1624/68/913 1628/1082/1381
f 1623/266/1378 1625/1084/1377 1631/1083/1382 1629/263/1383
f 1625/1084/1377 1626/1079/1379 1632/1085/1384 1631/1083/1382
f 1626/1080/1379 1627/1081/1380 1633/1087/1385 1632/1086/1384
f 1627/1081/1380 1628/1082/1381 1634/1088/1386 1633/1087/1385
f 1628/1082/1381 1624/68/913 1630/69/913 1634/1088/1386
f 1629/263/1383 1631/1090/1382 1637/1089/1387 1635/262/1388
f 1631/1090/1382 1632/1085/1384 1638/1091/1389 1637/1089/1387
f 1632/1086/1384 1633/1087/1385 1639/1093/1390 1638/1092/1389
f 1633/1087/1385 1634/1088/1386 1640/1094/1391 1639/1093/1390
f 1634/1088/1386 1630/69/913 1636/70/913 1640/1094/1391
f 1635/259/1388 1637/1096/1387 1643/1095/1392 1641/256/1393
f 1637/1096/1387 1638/1091/1389 1644/1097/1394 1643/1095/1392
f 1638/1092/1389 1639/1093/1390 1645/1099/1395 1644/1098/1394
f 1639/1093/1390 1640/1094/1391 1646/1100/1396 1645/1099/1395
f 1640/1094/1391 1636/70/913 1642/71/913 1646/1100/1396
f 1641/256/1393 1643/1102/1392 1649/1101/1397 1647/253/1398
f 1643/1102/1392 1644/1097/1394 1650/1103/1399 1649/1101/1397
f 1644/1098/1394 1645/1099/1395 1651/1105/1400 1650/1104/1399
f 1645/1099/1395 1646/1100/1396 1652/1106/1401 1651/1105/1400
f 1646/1100/1396 1642/71/913 1648/72/913 1652/1106/1401
f 1647/253/1398 1649/1108/1397 1658/1107/1402 1654/252/1403
f 1649/1108/1397 1650/1103/1399 1657/1109/1404 1658/1107/1402
f 1650/1104/1399 1651/1105/1400 1656/1111/1405 1657/1110/1404
f 1651/1105/1400 1652/1106/1401 1655/1112/1406 1656/1111/1405
f 1652/1106/1401 1648/72/913 1653/73/913 1655/1112/1406
f 1666/251/1407 1670/1114/1408 1673/1113/1409 1671/254/1410
f 1670/1114/1408 1669/1116/1411 1674/1115/1412 1673/1113/1409
f 1669/1117/1411 1668/1120/1413 1675/1119/1414 1674/1118/1412
f 1668/1120/1413 1667/1122/1415 1676/1121/1416 1675/1119/1414
f 1667/1122/1415 1665/91/848 1672/92/1417 1676/1121/1416
f 1671/255/1410 1673/1124/1409 1679/1123/1418 1677/257/1419
f 1673/1124/1409 1674/1115/1412 1680/1125/1420 1679/1123/1418
f 1674/1118/1412 1675/1119/1414 1681/1127/1421 1680/1126/1420
f 1675/1119/1414 1676/1121/1416 1682/1128/1422 1681/1127/1421
f 1676/1121/1416 1672/92/1417 1678/93/848 1682/1128/1422
f 1677/258/1419 1679/1130/1418 1685/1129/1423 1683/260/1424
f 1679/1130/1418 1680/1125/1420 1686/1131/1425 1685/1129/1423
f 1680/1126/1420 1681/1127/1421 1687/1133/1426 1686/1132/1425
f 1681/1127/1421 1682/1128/1422 1688/1134/1427 1687/1133/1426
f 1682/1128/1422 1678/93/848 1684/94/848 1688/1134/1427
f 1683/261/1424 1685/1136/1423 1691/1135/1428 1689/264/1429
f 1685/1136/1423 1686/1131/1425 1692/1137/1430 1691/1135/1428
f 1686/1132/1425 1687/1133/1426 1693/1139/1431 1692/1138/1430
f 1687/1133/1426 1688/1134/1427 1694/1140/1432 1693/1139/1431
f 1688/1134/1427 1684/94/848 1690/95/848 1694/1140/1432
f 1689/265/1429 1691/1142/1428 1697/1141/1433 1695/267/1434
f 1691/1142/1428 1692/1137/1430 1698/1143/1435 1697/1141/1433
f 1692/1138/1430 1693/1139/1431 1699/1145/1436 1698/1144/1435
f 1693/1139/1431 1694/1140/1432 1700/1146/1437 1699/1145/1436
f 1694/1140/1432 1690/95/848 1696/96/848 1700/1146/1437
f 1695/268/1434 1697/1148/1433 1703/1147/1438 1701/271/1439
f 1697/1148/1433 1698/1143/1435 1704/1149/1440 1703/1147/1438
f 1698/1144/1435 1699/1145/1436 1705/1151/1441 1704/1150/1440
f 1699/1145/1436 1700/1146/1437 1706/1152/1442 1705/1151/1441
f 1700/1146/1437 1696/96/848 1702/97/1417 1706/1152/1442
f 1701/271/1439 1703/1154/1438 1709/1153/1443 1707/274/1444
f 1703/1154/1438 1704/1149/1440 1710/1155/1445 1709/1153/1443
f 1704/1150/1440 1705/1151/1441 1711/1157/1446 1710/1156/1445
f 1705/1151/1441 1706/1152/1442 1712/1158/1447 1711/1157/1446
f 1706/1152/1442 1702/97/1417 1708/98/848 1712/1158/1447
f 1707/275/1444 1709/1160/1443 1715/1159/1448 1713/278/1449
f 1709/1160/1443 1710/1155/1445 1716/1161/1450 1715/1159/1448
f 1710/1156/1445 1711/1157/1446 1717/1163/1451 1716/1162/1450
f 1711/1157/1446 1712/1158/1447 1718/1164/1452 1717/1163/1451
f 1712/1158/1447 1708/98/848 1714/99/848 1718/1164/1452
f 1713/279/1449 1715/1166/1448 1721/1165/1453 1719/281/1454
f 1715/1166/1448 1716/1161/1450 1722/1167/1455 1721/1165/1453
f 1716/1162/1450 1717/1163/1451 1723/1169/1456 1722/1168/1455
f 1717/1163/1451 1718/1164/1452 1724/1170/1457 1723/1169/1456
f 1718/1164/1452 1714/99/848 1720/100/848 1724/1170/1457
f 1719/282/1454 1721/1172/1453 1727/1171/1458 1725/285/1459
f 1721/1172/1453 1722/1167/1455 1728/1173/1460 1727/1171/1458
f 1722/1168/1455 1723/1169/1456 1729/1175/1461 1728/1174/1460
f 1723/1169/1456 1724/1170/1457 1730/1176/1462 1729/1175/1461
f 1724/1170/1457 1720/100/848 1726/101/848 1730/1176/1462
f 1725/286/1459 1727/1178/1458 1733/1177/1463 1731/289/1464
f 1727/1178/1458 1728/1173/1460 1734/1179/1465 1733/1177/1463
f 1728/1174/1460 1729/1175/1461 1735/1181/1466 1734/1180/1465
f 1729/1175/1461 1730/1176/1462 1736/1182/1467 1735/1181/1466
f 1730/1176/1462 1726/101/848 1732/102/848 1736/1182/1467
f 1731/290/1464 1733/1184/1463 1739/1183/1468 1737/293/1469
f 1733/1184/1463 1734/1179/1465 1740/1185/1470 1739/1183/1468
f 1734/1180/1465 1735/1181/1466 1741/1187/1471 1740/1186/1470
f 1735/1181/1466 1736/1182/1467 1742/1188/1472 1741/1187/1471
f 1736/1182/1467 1732/102/848 1738/103/1417 1742/1188/1472
f 1737/294/1469 1739/1190/1468 1745/1189/1473 1743/297/1474
f 1739/1190/1468 1740/1185/1470 1746/1191/1475 1745/1189/1473
f 1740/1186/1470 1741/1187/1471 1747/1193/1476 1746/1192/1475
f 1741/1187/1471 1742/1188/1472 1748/1194/1477 1747/1193/1476
f 1742/1188/1472 1738/103/1417 1744/104/848 1748/1194/1477
f 1743/298/1474 1745/1196/1473 1751/1195/1478 1749/300/1479
f 1745/1196/1473 1746/1191/1475 1752/1197/1480 1751/1195/1478
f 1746/1192/1475 1747/1193/1476 1753/1199/1481 1752/1198/1480
f 1747/1193/1476 1748/1194/1477 1754/1200/1482 1753/1199/1481
f 1748/1194/1477 1744/104/848 1750/105/848 1754/1200/1482
f 1749/301/1479 1751/1202/1478 1757/1201/1483 1755/304/1484
f 1751/1202/1478 1752/1197/1480 1758/1203/1485 1757/1201/1483
f 1752/1198/1480 1753/1199/1481 1759/1205/1486 1758/1204/1485
f 1753/1199/1481 1754/1200/1482 1760/1206/1487 1759/1205/1486
f 1754/1200/1482 1750/105/848 1756/106/848 1760/1206/1487
f 1755/305/1484 1757/1208/1483 1763/1207/1488 1761/308/1489
f 1757/1208/1483 1758/1203/1485 1764/1209/1490 1763/1207/1488
f 1758/1204/1485 1759/1205/1486 1765/1211/1491 1764/1210/1490
f 1759/1205/1486 1760/1206/1487 1766/1212/1492 1765/1211/1491
f 1760/1206/1487 1756/106/848 1762/107/848 1766/1212/1492
f 1761/309/1489 1763/1214/1488 1769/1213/1493 1767/312/1494
f 1763/1214/1488 1764/1216/1490 1770/1215/1495 1769/1213/1493
f 1764/1210/1490 1765/1211/1491 1771/1218/1496 1770/1217/1495
f 1765/1211/1491 1766/1212/1492 1772/1219/1497 1771/1218/1496
f 1766/1212/1492 1762/107/848 1768/108/848 1772/1219/1497
f 1767/313/1494 1769/1221/1493 1775/1220/1498 1773/316/1499
f 1769/1221/1493 1770/1215/1495 1776/1222/1500 1775/1220/1498
f 1770/1217/1495 1771/1218/1496 1777/1224/1501 1776/1223/1500
f 1771/1218/1496 1772/1219/1497 1778/1225/1502 1777/1224/1501
f 1772/1219/1497 1768/108/848 1774/109/848 1778/1225/1502
f 1773/317/1499 1775/1227/1498 1781/1226/1503 1779/320/1504
f 1775/1227/1498 1776/1222/1500 1782/1228/1505 1781/1226/1503
f 1776/1223/1500 1777/1224/1501 1783/1230/1506 1782/1229/1505
f 1777/1224/1501 1778/1225/1502 1784/1231/1507 1783/1230/1506
f 1778/1225/1502 1774/109/848 1780/110/848 1784/1231/1507
f 1779/321/1504 1781/1233/1503 1787/1232/1508 1785/324/1509
f 1781/1233/1503 1782/1228/1505 1788/1234/1510 1787/1232/1508
f 1782/1229/1505 1783/1230/1506 1789/1236/1511 1788/1235/1510
f 1783/1230/1506 1784/1231/1507 1790/1237/1512 1789/1236/1511
f 1784/1231/1507 1780/110/848 1786/111/848 1790/1237/1512
f 1785/325/1509 1787/1239/1508 1793/1238/1513 1791/328/1514
f 1787/1239/1508 1788/1234/1510 1794/1240/1515 1793/1238/1513
f 1788/1235/1510 1789/1236/1511 1795/1242/1516 1794/1241/1515
f 1789/1236/1511 1790/1237/1512 1796/1243/1517 1795/1242/1516
f 1790/1237/1512 1786/111/848 1792/112/848 1796/1243/1517
f 1791/329/1514 1793/1245/1513 1799/1244/1518 1797/332/1519
f 1793/1245/1513 1794/1240/1515 1800/1246/1520 1799/1244/1518
f 1794/1241/1515 1795/1242/1516 1801/1248/1521 1800/1247/1520
f 1795/1242/1516 1796/1243/1517 1802/1249/1522 1801/1248/1521
f 1796/1243/1517 1792/112/848 1798/113/848 1802/1249/1522
f 1797/333/1519 1799/1251/1518 1805/1250/1523 1803/336/1524
f 1799/1251/1518 1800/1246/1520 1806/1252/1525 1805/1250/1523
f 1800/1247/1520 1801/1248/1521 1807/1254/1526 1806/1253/1525
f 1801/1248/1521 1802/1249/1522 1808/1255/1527 1807/1254/1526
f 1802/1249/1522 1798/113/848 1804/114/848 1808/1255/1527
f 1803/337/1524 1805/1257/1523 1811/1256/1528 1809/340/1529
f 1805/1257/1523 1806/1252/1525 1812/1258/1530 1811/1256/1528
f 1806/1253/1525 1807/1254/1526 1813/1260/1531 1812/1259/1530
f 1807/1254/1526 1808/1255/1527 1814/1261/1532 1813/1260/1531
f 1808/1255/1527 1804/114/848 1810/115/848 1814/1261/1532
f 1809/243/1529 1811/1263/1528 1664/1262/1533 1660/246/1534
f 1811/1263/1528 1812/1258/1530 1663/1264/1535 1664/1262/1533
f 1812/1259/1530 1813/1260/1531 1662/1266/1536 1663/1265/1535
f 1813/1260/1531 1814/1261/1532 1661/1267/1537 1662/1266/1536
f 1814/1261/1532 1810/115/848 1659/116/848 1661/1267/1537
f 1816/348/1538 1820/1269/1539 1823/1268/1540 1821/347/1541
f 1820/1269/1539 1819/1271/1542 1824/1270/1543 1823/1268/1540
f 1819/1272/1542 1818/1275/1544 1825/1274/1545 1824/1273/1543
f 1818/1275/1544 1817/1277/1546 1826/1276/1547 1825/1274/1545
f 1817/1277/1546 1815/117/848 1822/118/848 1826/1276/1547
f 1821/241/1541 1823/1279/1540 1829/1278/1548 1827/240/1549
f 1823/1279/1540 1824/1270/1543 1830/1280/1550 1829/1278/1548
f 1824/1273/1543 1825/1274/1545 1831/1282/1551 1830/1281/1550
f 1825/1274/1545 1826/1276/1547 1832/1283/1552 1831/1282/1551
f 1826/1276/1547 1822/118/848 1828/119/848 1832/1283/1552
f 1827/237/1549 1829/1285/1548 1835/1284/1553 1833/236/1554
f 1829/1285/1548 1830/1280/1550 1836/1286/1555 1835/1284/1553
f 1830/1281/1550 1831/1282/1551 1837/1288/1556 1836/1287/1555
f 1831/1282/1551 1832/1283/1552 1838/1289/1557 1837/1288/1556
f 1832/1283/1552 1828/119/848 1834/120/848 1838/1289/1557
f 1833/233/1554 1835/1291/1553 1841/1290/1558 1839/232/1559
f 1835/1291/1553 1836/1286/1555 1842/1292/1560 1841/1290/1558
f 1836/1287/1555 1837/1288/1556 1843/1294/1561 1842/1293/1560
f 1837/1288/1556 1838/1289/1557 1844/1295/1562 1843/1294/1561
f 1838/1289/1557 1834/120/848 1840/121/848 1844/1295/1562
f 1839/229/1559 1841/1297/1558 1847/1296/1563 1845/228/1564
f 1841/1297/1558 1842/1292/1560 1848/1298/1565 1847/1296/1563
f 1842/1293/1560 1843/1294/1561 1849/1300/1566 1848/1299/1565
f 1843/1294/1561 1844/1295/1562 1850/1301/1567 1849/1300/1566
f 1844/1295/1562 1840/121/848 1846/122/848 1850/1301/1567
f 1845/225/1564 1847/1303/1563 1853/1302/1568 1851/224/1569
f 1847/1303/1563 1848/1298/1565 1854/1304/1570 1853/1302/1568
f 1848/1299/1565 1849/1300/1566 1855/1306/1571 1854/1305/1570
f 1849/1300/1566 1850/1301/1567 1856/1307/1572 1855/1306/1571
f 1850/1301/1567 1846/122/848 1852/123/848 1856/1307/1572
f 1851/221/1569 1853/1309/1568 1859/1308/1573 1857/218/1574
f 1853/1309/1568 1854/1304/1570 1860/1310/1575 1859/1308/1573
f 1854/1305/1570 1855/1306/1571 1861/1312/1576 1860/1311/1575
f 1855/1306/1571 1856/1307/1572 1862/1313/1577 1861/1312/1576
f 1856/1307/1572 1852/123/848 1858/124/848 1862/1313/1577
f 1857/218/1574 1859/1315/1573 1865/1314/1578 1863/217/1579
f 1859/1315/1573 1860/1310/1575 1866/1316/1580 1865/1314/1578
f 1860/1311/1575 1861/1312/1576 1867/1318/1581 1866/1317/1580
f 1861/1312/1576 1862/1313/1577 1868/1319/1582 1867/1318/1581
f 1862/1313/1577 1858/124/848 1864/125/848 1868/1319/1582
f 1863/214/1579 1865/1321/1578 1871/1320/1583 1869/213/1584
f 1865/1321/1578 1866/1316/1580 1872/1322/1585 1871/1320/1583
f 1866/1317/1580 1867/1318/1581 1873/1324/1586 1872/1323/1585
f 1867/1318/1581 1868/1319/1582 1874/1325/1587 1873/1324/1586
f 1868/1319/1582 1864/125/848 1870/126/848 1874/1325/1587
f 1869/210/1584 1871/1327/1583 1877/1326/1588 1875/209/1589
f 1871/1327/1583 1872/1322/1585 1878/1328/1590 1877/1326/1588
f 1872/1323/1585 1873/1324/1586 1879/1330/1591 1878/1329/1590
f 1873/1324/1586 1874/1325/1587 1880/1331/1592 1879/1330/1591
f 1874/1325/1587 1870/126/848 1876/127/848 1880/1331/1592
f 1875/206/1589 1877/1333/1588 1883/1332/1593 1881/205/1594
f 1877/1333/1588 1878/1328/1590 1884/1334/1595 1883/1332/1593
f 1878/1329/1590 1879/1330/1591 1885/1336/1596 1884/1335/1595
f 1879/1330/1591 1880/1331/1592 1886/1337/1597 1885/1336/1596
f 1880/1331/1592 1876/127/848 1882/128/848 1886/1337/1597
f 1881/202/1594 1883/1339/1593 1889/1338/1598 1887/201/1599
f 1883/1339/1593 1884/1334/1595 1890/1340/1600 1889/1338/1598
f 1884/1335/1595 1885/1336/1596 1891/1342/1601 1890/1341/1600
f 1885/1336/1596 1886/1337/1597 1892/1343/1602 1891/1342/1601
f 1886/1337/1597 1882/128/848 1888/129/848 1892/1343/1602
f 1887/199/1599 1889/1345/1598 1895/1344/1603 1893/198/1604
f 1889/1345/1598 1890/1340/1600 1896/1346/1605 1895/1344/1603
f 1890/1341/1600 1891/1342/1601 1897/1348/1606 1896/1347/1605
f 1891/1342/1601 1892/1343/1602 1898/1349/1607 1897/1348/1606
f 1892/1343/1602 1888/129/848 1894/130/848 1898/1349/1607
f 1893/195/1604 1895/1351/1603 1901/1350/1608 1899/194/1609
f 1895/1351/1603 1896/1353/1605 1902/1352/1610 1901/1350/1608
f 1896/1347/1605 1897/1348/1606 1903/1355/1611 1902/1354/1610
f 1897/1348/1606 1898/1349/1607 1904/1356/1612 1903/1355/1611
f 1898/1349/1607 1894/130/848 1900/131/848 1904/1356/1612
f 1899/191/1609 1901/1358/1608 1907/1357/1613 1905/188/1614
f 1901/1358/1608 1902/1352/1610 1908/1359/1615 1907/1357/1613
f 1902/1354/1610 1903/1355/1611 1909/1361/1616 1908/1360/1615
f 1903/1355/1611 1904/1356/1612 1910/1362/1617 1909/1361/1616
f 1904/1356/1612 1900/131/848 1906/132/848 1910/1362/1617
f 1905/188/1614 1907/1364/1613 1913/1363/1618 1911/185/1619
f 1907/1364/1613 1908/1359/1615 1914/1365/1620 1913/1363/1618
f 1908/1360/1615 1909/1361/1616 1915/1367/1621 1914/1366/1620
f 1909/1361/1616 1910/1362/1617 1916/1368/1622 1915/1367/1621
f 1910/1362/1617 1906/132/848 1912/133/848 1916/1368/1622
f 1911/185/1619 1913/1370/1618 1919/1369/1623 1917/183/1624
f 1913/1370/1618 1914/1365/1620 1920/1371/1625 1919/1369/1623
f 1914/1366/1620 1915/1367/1621 1921/1373/1626 1920/1372/1625
f 1915/1367/1621 1916/1368/1622 1922/1374/1627 1921/1373/1626
f 1916/1368/1622 1912/133/848 1918/134/848 1922/1374/1627
f 1917/183/1624 1919/1376/1623 1925/1375/1628 1923/180/1629
f 1919/1376/1623 1920/1371/1625 1926/1377/1630 1925/1375/1628
f 1920/1372/1625 1921/1373/1626 1927/1379/1631 1926/1378/1630
f 1921/1373/1626 1922/1374/1627 1928/1380/1632 1927/1379/1631
f 1922/1374/1627 1918/134/848 1924/135/848 1928/1380/1632
f 1923/180/1629 1925/1382/1628 1931/1381/1633 1929/179/1634
f 1925/1382/1628 1926/1377/1630 1932/1383/1635 1931/1381/1633
f 1926/1378/1630 1927/1379/1631 1933/1385/1636 1932/1384/1635
f 1927/1379/1631 1928/1380/1632 1934/1386/1637 1933/1385/1636
f 1928/1380/1632 1924/135/848 1930/136/848 1934/1386/1637
f 1929/177/1634 1931/1388/1633 1937/1387/1638 1935/176/1639
f 1931/1388/1633 1932/1383/1635 1938/1389/1640 1937/1387/1638
f 1932/1384/1635 1933/1385/1636 1939/1391/1641 1938/1390/1640
f 1933/1385/1636 1934/1386/1637 1940/1392/1642 1939/1391/1641
f 1934/1386/1637 1930/136/848 1936/137/848 1940/1392/1642
f 1935/173/1639 1937/1394/1638 1943/1393/1643 1941/172/1644
f 1937/1394/1638 1938/1389/1640 1944/1395/1645 1943/1393/1643
f 1938/1390/1640 1939/1391/1641 1945/1397/1646 1944/1396/1645
f 1939/1391/1641 1940/1392/1642 1946/1398/1647 1945/1397/1646
f 1940/1392/1642 1936/137/848 1942/138/848 1946/1398/1647
f 1941/169/1644 1943/1400/1643 1949/1399/1648 1947/166/1649
f 1943/1400/1643 1944/1395/1645 1950/1401/1650 1949/1399/1648
f 1944/1396/1645 1945/1397/1646 1951/1403/1651 1950/1402/1650
f 1945/1397/1646 1946/1398/1647 1952/1404/1652 1951/1403/1651
f 1946/1398/1647 1942/138/848 1948/139/848 1952/1404/1652
f 1947/166/1649 1949/1406/1648 1955/1405/1653 1953/165/1654
f 1949/1406/1648 1950/1401/1650 1956/1407/1655 1955/1405/1653
f 1950/1402/1650 1951/1403/1651 1957/1409/1656 1956/1408/1655
f 1951/1403/1651 1952/1404/1652 1958/1410/1657 1957/1409/1656
f 1952/1404/1652 1948/139/848 1954/140/848 1958/1410/1657
f 1953/163/1654 1955/1412/1653 1961/1411/1658 1959/162/1659
f 1955/1412/1653 1956/1407/1655 1962/1413/1660 1961/1411/1658
f 1956/1408/1655 1957/1409/1656 1963/1415/1661 1962/1414/1660
f 1957/1409/1656 1958/1410/1657 1964/1416/1662 1963/1415/1661
f 1958/1410/1657 1954/140/848 1960/141/848 1964/1416/1662
f 1959/3/1659 1961/1418/1658 1970/1417/1663 1966/2/1664
f 1961/1418/1658 1962/1413/1660 1969/1419/1665 1970/1417/1663
f 1962/1414/1660 1963/1415/1661 1968/1421/1666 1969/1420/1665
f 1963/1415/1661 1964/1416/1662 1967/1422/1667 1968/1421/1666
f 1964/1416/1662 1960/141/848 1965/142/848 1967/1422/1667
f 1136/159/852 1153/551/1030 1358/1423/1146 1354/158/1145
f 1153/551/1030 1154/554/1032 1357/806/1149 1358/1423/1146
f 1154/556/1032 1142/534/1017 1356/810/1151 1357/807/1149
f 1142/534/1017 1139/528/1012 1355/812/1153 1356/810/1151
f 1139/528/1012 1134/21/913 1353/22/913 1355/812/1153
f 1348/248/1272 1352/1425/1271 1508/1424/1278 1504/247/1277
f 1352/1425/1271 1351/954/1273 1507/961/1281 1508/1424/1278
f 1351/955/1273 1350/956/1274 1506/965/1283 1507/962/1281
f 1350/956/1274 1349/957/1275 1505/967/1285 1506/965/1283
f 1349/957/1275 1347/47/1276 1503/48/913 1505/967/1285
f 1200/143/848 1203/593/1056 1967/1422/1667 1965/142/848
f 1203/593/1056 1204/596/1058 1968/1421/1666 1967/1422/1667
f 1204/596/1058 1216/598/1060 1969/1420/1665 1968/1421/1666
f 1216/612/1060 1213/606/1064 1970/1426/1663 1969/1419/1665
f 1213/606/1064 1201/160/852 1966/2/1664 1970/1426/1663
f 1815/117/848 1817/1277/1546 1661/1267/1537 1659/116/848
f 1817/1277/1546 1818/1275/1544 1662/1266/1536 1661/1267/1537
f 1818/1275/1544 1819/1272/1542 1663/1265/1535 1662/1266/1536
f 1819/1271/1542 1820/1428/1539 1664/1427/1533 1663/1264/1535
f 1820/1428/1539 1816/249/1538 1660/250/1534 1664/1427/1533
f 1654/86/1403 1658/1429/1402 1120/505/1001 1108/85/851
f 1658/1429/1402 1657/1109/1404 1123/513/997 1120/505/1001
f 1657/1110/1404 1656/1111/1405 1111/495/995 1123/497/997
f 1656/1111/1405 1655/1112/1406 1110/492/993 1111/495/995
f 1655/1112/1406 1653/73/913 1107/74/913 1110/492/993
f 1665/91/848 1667/1122/1415 1319/728/1119 1314/149/848
f 1667/1122/1415 1668/1120/1413 1322/736/1124 1319/728/1119
f 1668/1120/1413 1669/1117/1411 1334/753/1135 1322/736/1124
f 1669/1116/1411 1670/1430/1408 1333/748/1133 1334/751/1135
f 1670/1430/1408 1666/83/1407 1316/84/851 1333/748/1133
f 1053/77/1668 1056/424/948 1976/764/1139 1972/76/1138
f 1056/424/948 1057/427/951 1975/765/1140 1976/764/1139
f 1057/427/951 1069/429/906 1974/766/906 1975/765/1140
f 1069/445/906 1066/437/904 1973/1431/904 1974/767/906
f 1066/437/904 1054/87/9 1971/88/9 1973/1431/904
f 1289/90/9 1306/715/1033 1982/1432/1033 1978/89/9
f 1306/715/1033 1307/718/1038 1981/1433/1038 1982/1432/1033
f 1307/720/1038 1295/703/1053 1980/790/1053 1981/1434/1038
f 1295/703/1053 1292/695/1051 1979/1435/1051 1980/790/1053
f 1292/695/1051 1287/20/848 1977/15/848 1979/1435/1051
f 1026/82/913 1029/391/928 1988/770/1142 1984/81/1141
f 1029/391/928 1030/394/930 1987/771/1144 1988/770/1142
f 1030/394/930 1042/396/932 1986/772/932 1987/771/1144
f 1042/410/932 1039/404/936 1985/774/972 1986/773/932
f 1039/404/936 1027/154/10 1983/155/10 1985/774/972
f 1229/157/10 1246/651/1086 1994/1436/1086 1990/156/10
f 1246/651/1086 1247/654/1088 1993/1437/1088 1994/1436/1086
f 1247/654/1088 1235/656/1076 1992/1438/1076 1993/1437/1088
f 1235/634/1076 1232/628/1072 1991/1440/1072 1992/1439/1076
f 1232/628/1072 1227/144/848 1989/145/848 1991/1440/1072
f 1990/156/10 1994/1436/1086 2000/792/1086 1996/343/10
f 1994/1436/1086 1993/1437/1088 1999/793/1088 2000/792/1086
f 1993/1437/1088 1992/1438/1076 1998/1441/1076 1999/793/1088
f 1992/1439/1076 1991/1440/1072 1997/1443/1072 1998/1442/1076
f 1991/1440/1072 1989/145/848 1995/146/848 1997/1443/1072
f 1971/769/9 1978/89/9 1173/559/9 999/356/9
usemtl Material.003
f 5/350/5 6/351/5 1/352/5 4/353/5 2/354/5 3/355/5
f 997/350/848 995/355/848 994/354/848 996/353/848 993/352/848 998/351/848
o Table_with_dice.005
v -0.372122 0.251991 -0.478937
v -0.277702 0.251991 -0.478937
v -0.372122 0.251991 -0.384517
v -0.372122 0.179993 -0.478937
v -0.372122 0.107995 -0.478937
v -0.277702 0.179993 -0.478937
v -0.372122 0.179993 -0.384517
v -0.372122 0.179993 -0.508089
v -0.401274 0.179993 -0.478937
v -0.430427 0.179993 -0.478937
v -0.401274 0.179993 -0.384517
v -0.401274 0.107995 -0.478937
v -0.430427 0.107995 -0.478937
v -0.401274 0.107995 -0.384517
v -0.372122 0.107995 -0.384517
v -0.430427 0.107995 -0.384517
v -0.430427 0.179993 -0.384517
v -0.430427 0.118795 -0.398680
v -0.430427 0.169194 -0.398680
v -0.430427 0.118795 -0.464774
v -0.441530 0.118795 -0.398680
v -0.441530 0.169194 -0.398680
v -0.441530 0.118795 -0.464774
v -0.441530 0.127615 -0.410246
v -0.441530 0.160374 -0.410246
v -0.441530 0.127615 -0.453207
v -0.455379 0.127615 -0.410246
v -0.455379 0.160374 -0.410246
v -0.455379 0.127615 -0.453207
v -0.455379 0.134440 -0.419196
v -0.455379 0.153549 -0.419196
v -0.455379 0.134440 -0.444257
v -0.455379 0.153549 -0.444257
v -0.455379 0.160374 -0.453207
v -0.441530 0.160374 -0.453207
v -0.441530 0.169194 -0.464774
v -0.430427 0.169194 -0.464774
v -0.372122 0.035997 -0.384517
v -0.372122 0.107995 -0.355364
v -0.277702 0.107995 -0.384517
v -0.277702 0.179993 -0.384517
v -0.277702 0.035997 -0.384517
v -0.248550 0.107995 -0.384517
v -0.277702 0.107995 -0.355364
v -0.277702 0.107995 -0.478937
v -0.277702 0.035997 -0.478937
v -0.277702 0.107995 -0.508089
v -0.248550 0.107995 -0.478937
v -0.248550 0.179993 -0.478937
v -0.219397 0.107995 -0.478937
v -0.219397 0.179993 -0.478937
v -0.219397 0.107995 -0.384517
v -0.219397 0.118795 -0.464774
v -0.219397 0.169194 -0.464774
v -0.219397 0.118795 -0.398680
v -0.208295 0.118795 -0.464774
v -0.208295 0.169194 -0.464774
v -0.208295 0.118795 -0.398680
v -0.208295 0.127615 -0.453207
v -0.208295 0.160374 -0.453207
v -0.208295 0.127615 -0.410246
v -0.194445 0.127615 -0.453207
v -0.194445 0.160374 -0.453207
v -0.194445 0.127615 -0.410246
v -0.194445 0.134440 -0.444257
v -0.194445 0.153549 -0.444257
v -0.194445 0.134440 -0.419196
v -0.194445 0.153549 -0.419196
v -0.194445 0.160374 -0.410246
v -0.208295 0.160374 -0.410246
v -0.208295 0.169194 -0.398680
v -0.219397 0.169194 -0.398680
v -0.219397 0.179993 -0.384517
v -0.248550 0.179993 -0.384517
v -0.277702 0.179993 -0.508089
v -0.277702 0.107995 -0.537242
v -0.372122 0.107995 -0.508089
v -0.372122 0.107995 -0.537242
v -0.372122 0.179993 -0.537242
v -0.357959 0.118795 -0.537242
v -0.357959 0.169194 -0.537242
v -0.291865 0.118795 -0.537242
v -0.357959 0.118795 -0.548344
v -0.357959 0.169194 -0.548344
v -0.291865 0.118795 -0.548344
v -0.346393 0.127615 -0.548344
v -0.346393 0.160374 -0.548344
v -0.303432 0.127615 -0.548344
v -0.346393 0.127615 -0.562193
v -0.346393 0.160374 -0.562193
v -0.303432 0.127615 -0.562193
v -0.337442 0.134440 -0.562193
v -0.337442 0.153549 -0.562193
v -0.312382 0.134440 -0.562193
v -0.312382 0.153549 -0.562193
v -0.303432 0.160374 -0.562193
v -0.303432 0.160374 -0.548344
v -0.291865 0.169194 -0.548344
v -0.291865 0.169194 -0.537242
v -0.277702 0.179993 -0.537242
v -0.277702 -0.036001 -0.478937
v -0.372122 0.035997 -0.478937
v -0.372122 -0.036001 -0.478937
v -0.372122 -0.107999 -0.478937
v -0.372122 -0.036001 -0.384517
v -0.372122 -0.107999 -0.384517
v -0.277702 -0.036001 -0.384517
v -0.277702 -0.107999 -0.384517
v -0.277702 -0.179997 -0.384517
v -0.277702 -0.107999 -0.478937
v -0.277702 -0.179997 -0.478937
v -0.372122 -0.179997 -0.478937
v -0.372122 -0.179997 -0.384517
v -0.277702 0.179993 -0.355364
v -0.277702 0.107995 -0.326212
v -0.277702 0.179993 -0.326212
v -0.372122 0.107995 -0.326212
v -0.291865 0.118795 -0.326212
v -0.291865 0.169194 -0.326212
v -0.357959 0.118795 -0.326212
v -0.291865 0.118795 -0.315109
v -0.291865 0.169194 -0.315109
v -0.357959 0.118795 -0.315109
v -0.303432 0.127615 -0.315109
v -0.303432 0.160374 -0.315109
v -0.346393 0.127615 -0.315109
v -0.303432 0.127615 -0.301260
v -0.303432 0.160374 -0.301260
v -0.346393 0.127615 -0.301260
v -0.312382 0.134440 -0.301260
v -0.312382 0.153549 -0.301260
v -0.337442 0.134440 -0.301260
v -0.337442 0.153549 -0.301260
v -0.346393 0.160374 -0.301260
v -0.346393 0.160374 -0.315109
v -0.357959 0.169194 -0.315109
v -0.357959 0.169194 -0.326212
v -0.372122 0.179993 -0.326212
v -0.372122 0.179993 -0.355364
v -0.277702 0.251991 -0.384517
v -0.372122 0.251992 0.378228
v -0.277702 0.251992 0.378228
v -0.372122 0.251992 0.472648
v -0.277702 0.251992 0.472648
v -0.372122 0.179993 0.378228
v -0.372122 0.107995 0.378228
v -0.372122 0.035997 0.378228
v -0.372122 -0.036001 0.378228
v -0.372122 -0.107999 0.378228
v -0.372122 -0.179997 0.378228
v -0.277702 0.179993 0.378228
v -0.277702 0.107995 0.378228
v -0.277702 0.035997 0.378228
v -0.277702 -0.036001 0.378228
v -0.277702 -0.107999 0.378228
v -0.277702 -0.179997 0.378228
v -0.277702 0.179993 0.472648
v -0.277702 0.107995 0.472648
v -0.277702 0.035997 0.472648
v -0.277702 -0.036001 0.472648
v -0.277702 -0.107999 0.472648
v -0.277702 -0.179997 0.472648
v -0.372122 0.179993 0.472648
v -0.372122 0.107995 0.472648
v -0.372122 0.035997 0.472648
v -0.372122 -0.036001 0.472648
v -0.372122 -0.107999 0.472648
v -0.372122 -0.179997 0.472648
v -0.372122 0.179993 0.349076
v -0.372122 0.179993 0.319923
v -0.277702 0.179993 0.349076
v -0.277702 0.179993 0.319923
v -0.277702 0.107995 0.349076
v -0.277702 0.107995 0.319923
v -0.372122 0.107995 0.349076
v -0.372122 0.107995 0.319923
v -0.248550 0.179993 0.378228
v -0.219397 0.179993 0.378228
v -0.248550 0.179993 0.472648
v -0.219397 0.179993 0.472648
v -0.248550 0.107995 0.472648
v -0.219397 0.107995 0.472648
v -0.248550 0.107995 0.378228
v -0.219397 0.107995 0.378228
v -0.372122 0.179993 0.501801
v -0.372122 0.179993 0.530953
v -0.277702 0.179993 0.501801
v -0.277702 0.179993 0.530953
v -0.372122 0.107995 0.501801
v -0.372122 0.107995 0.530953
v -0.277702 0.107995 0.501801
v -0.277702 0.107995 0.530953
v -0.401274 0.179993 0.378228
v -0.430427 0.179993 0.378228
v -0.401274 0.179993 0.472648
v -0.430427 0.179993 0.472648
v -0.401274 0.107995 0.378228
v -0.430427 0.107995 0.378228
v -0.401274 0.107995 0.472648
v -0.430427 0.107995 0.472648
v -0.357959 0.169194 0.319923
v -0.291865 0.169194 0.319923
v -0.291865 0.118795 0.319923
v -0.357959 0.118795 0.319923
v -0.219397 0.169194 0.392391
v -0.219397 0.169194 0.458485
v -0.219397 0.118795 0.458485
v -0.219397 0.118795 0.392391
v -0.357959 0.169194 0.530953
v -0.291865 0.169194 0.530953
v -0.357959 0.118795 0.530953
v -0.291865 0.118795 0.530953
v -0.430427 0.169194 0.392391
v -0.430427 0.169194 0.458485
v -0.430427 0.118795 0.392391
v -0.430427 0.118795 0.458485
v -0.357959 0.169194 0.308821
v -0.291865 0.169194 0.308821
v -0.291865 0.118795 0.308821
v -0.357959 0.118795 0.308821
v -0.208295 0.169194 0.392391
v -0.208295 0.169194 0.458485
v -0.208295 0.118795 0.458485
v -0.208295 0.118795 0.392391
v -0.357959 0.169194 0.542056
v -0.291865 0.169194 0.542056
v -0.357959 0.118795 0.542056
v -0.291865 0.118795 0.542056
v -0.441530 0.169194 0.392391
v -0.441530 0.169194 0.458485
v -0.441530 0.118795 0.392391
v -0.441530 0.118795 0.458485
v -0.346393 0.160374 0.308821
v -0.303432 0.160374 0.308821
v -0.303432 0.127615 0.308821
v -0.346393 0.127615 0.308821
v -0.208295 0.160374 0.403958
v -0.208295 0.160374 0.446919
v -0.208295 0.127615 0.446919
v -0.208295 0.127615 0.403958
v -0.346393 0.160374 0.542056
v -0.303432 0.160374 0.542056
v -0.346393 0.127615 0.542056
v -0.303432 0.127615 0.542056
v -0.441530 0.160374 0.403958
v -0.441530 0.160374 0.446919
v -0.441530 0.127615 0.403958
v -0.441530 0.127615 0.446919
v -0.346393 0.160374 0.294971
v -0.303432 0.160374 0.294971
v -0.303432 0.127615 0.294971
v -0.346393 0.127615 0.294971
v -0.194445 0.160374 0.403958
v -0.194445 0.160374 0.446919
v -0.194445 0.127615 0.446919
v -0.194445 0.127615 0.403958
v -0.346393 0.160374 0.555905
v -0.303432 0.160374 0.555905
v -0.346393 0.127615 0.555905
v -0.303432 0.127615 0.555905
v -0.455379 0.160374 0.403958
v -0.455379 0.160374 0.446919
v -0.455379 0.127615 0.403958
v -0.455379 0.127615 0.446919
v -0.312382 0.153549 0.294971
v -0.337442 0.153549 0.294971
v -0.312382 0.134440 0.294971
v -0.337442 0.134440 0.294971
v -0.194445 0.153549 0.437969
v -0.194445 0.153549 0.412908
v -0.194445 0.134440 0.437969
v -0.194445 0.134440 0.412908
v -0.337442 0.153549 0.555905
v -0.312382 0.153549 0.555905
v -0.337442 0.134440 0.555905
v -0.312382 0.134440 0.555905
v -0.455379 0.153549 0.412908
v -0.455379 0.153549 0.437969
v -0.455379 0.134440 0.412908
v -0.455379 0.134440 0.437969
v 0.481010 0.251992 0.378228
v 0.575430 0.251992 0.378228
v 0.481010 0.251992 0.472648
v 0.481010 0.179993 0.378228
v 0.481010 0.107995 0.378228
v 0.575430 0.179993 0.378228
v 0.481010 0.179993 0.472648
v 0.481010 0.179993 0.349076
v 0.451857 0.179993 0.378228
v 0.422705 0.179993 0.378228
v 0.451857 0.179993 0.472648
v 0.451857 0.107995 0.378228
v 0.422705 0.107995 0.378228
v 0.451857 0.107995 0.472648
v 0.422705 0.107995 0.472648
v 0.481010 0.107995 0.472648
v 0.575430 0.107995 0.472648
v 0.481010 0.035997 0.472648
v 0.481010 0.107995 0.501801
v 0.481010 0.107995 0.530953
v 0.575430 0.107995 0.501801
v 0.481010 0.179993 0.501801
v 0.481010 0.179993 0.530953
v 0.575430 0.179993 0.501801
v 0.575430 0.179993 0.472648
v 0.575430 0.179993 0.530953
v 0.575430 0.107995 0.530953
v 0.561267 0.169194 0.530953
v 0.495173 0.169194 0.530953
v 0.561267 0.118795 0.530953
v 0.561267 0.169194 0.542056
v 0.495173 0.169194 0.542056
v 0.561267 0.118795 0.542056
v 0.549700 0.160374 0.542056
v 0.506739 0.160374 0.542056
v 0.549700 0.127615 0.542056
v 0.549700 0.160374 0.555905
v 0.506739 0.160374 0.555905
v 0.549700 0.127615 0.555905
v 0.540750 0.153549 0.555905
v 0.515689 0.153549 0.555905
v 0.540750 0.134440 0.555905
v 0.515689 0.134440 0.555905
v 0.506739 0.127615 0.555905
v 0.506739 0.127615 0.542056
v 0.495173 0.118795 0.542056
v 0.495173 0.118795 0.530953
v 0.604582 0.179993 0.472648
v 0.575430 0.251992 0.472648
v 0.604582 0.179993 0.378228
v 0.633735 0.179993 0.472648
v 0.604582 0.107995 0.472648
v 0.633735 0.107995 0.472648
v 0.604582 0.107995 0.378228
v 0.633735 0.107995 0.378228
v 0.575430 0.107995 0.378228
v 0.575430 0.035997 0.378228
v 0.575430 0.107995 0.349076
v 0.575430 0.107995 0.319923
v 0.481010 0.107995 0.349076
v 0.575430 0.179993 0.349076
v 0.575430 0.179993 0.319923
v 0.481010 0.179993 0.319923
v 0.561267 0.169194 0.319923
v 0.495173 0.169194 0.319923
v 0.561267 0.118795 0.319923
v 0.561267 0.169194 0.308821
v 0.495173 0.169194 0.308821
v 0.561267 0.118795 0.308821
v 0.549700 0.160374 0.308821
v 0.506739 0.160374 0.308821
v 0.549700 0.127615 0.308821
v 0.549700 0.160374 0.294971
v 0.506739 0.160374 0.294971
v 0.549700 0.127615 0.294971
v 0.540750 0.153549 0.294971
v 0.515689 0.153549 0.294971
v 0.540750 0.134440 0.294971
v 0.515689 0.134440 0.294971
v 0.506739 0.127615 0.294971
v 0.506739 0.127615 0.308821
v 0.495173 0.118795 0.308821
v 0.495173 0.118795 0.319923
v 0.481010 0.107995 0.319923
v 0.575430 -0.036001 0.378228
v 0.575430 0.035997 0.472648
v 0.481010 0.035997 0.378228
v 0.481010 -0.036001 0.378228
v 0.481010 -0.107999 0.378228
v 0.481010 -0.036001 0.472648
v 0.481010 -0.107999 0.472648
v 0.575430 -0.036001 0.472648
v 0.575430 -0.107999 0.472648
v 0.575430 -0.179997 0.472648
v 0.575430 -0.107999 0.378228
v 0.575430 -0.179997 0.378228
v 0.481010 -0.179997 0.378228
v 0.481010 -0.179997 0.472648
v 0.633735 0.118795 0.392391
v 0.633735 0.179993 0.378228
v 0.633735 0.169194 0.392391
v 0.633735 0.169194 0.458485
v 0.644837 0.169194 0.392391
v 0.644837 0.169194 0.458485
v 0.644837 0.118795 0.392391
v 0.644837 0.160374 0.403958
v 0.644837 0.160374 0.446919
v 0.644837 0.127615 0.403958
v 0.658686 0.160374 0.403958
v 0.658686 0.160374 0.446919
v 0.658686 0.127615 0.403958
v 0.658686 0.153549 0.412908
v 0.658686 0.153549 0.437969
v 0.658686 0.134440 0.412908
v 0.658686 0.134440 0.437969
v 0.658686 0.127615 0.446919
v 0.644837 0.127615 0.446919
v 0.644837 0.118795 0.458485
v 0.633735 0.118795 0.458485
v 0.422705 0.118795 0.458485
v 0.422705 0.179993 0.472648
v 0.422705 0.169194 0.458485
v 0.422705 0.169194 0.392391
v 0.411602 0.169194 0.458485
v 0.411602 0.169194 0.392391
v 0.411602 0.118795 0.458485
v 0.411602 0.160374 0.446919
v 0.411602 0.160374 0.403958
v 0.411602 0.127615 0.446919
v 0.397753 0.160374 0.446919
v 0.397753 0.160374 0.403958
v 0.397753 0.127615 0.446919
v 0.397753 0.153549 0.437969
v 0.397753 0.153549 0.412908
v 0.397753 0.134440 0.437969
v 0.397753 0.134440 0.412908
v 0.397753 0.127615 0.403958
v 0.411602 0.127615 0.403958
v 0.411602 0.118795 0.392391
v 0.422705 0.118795 0.392391
v 0.481010 0.251991 -0.471331
v 0.575430 0.251991 -0.471331
v 0.481010 0.251991 -0.376911
v 0.481010 0.179993 -0.471331
v 0.481010 0.107995 -0.471331
v 0.575430 0.179993 -0.471331
v 0.481010 0.179993 -0.376911
v 0.481010 0.179993 -0.500484
v 0.451857 0.179993 -0.471331
v 0.422705 0.179993 -0.471331
v 0.451857 0.179993 -0.376911
v 0.451857 0.107995 -0.471331
v 0.422705 0.107995 -0.471331
v 0.451857 0.107995 -0.376911
v 0.481010 0.107995 -0.376911
v 0.422705 0.107995 -0.376911
v 0.422705 0.179993 -0.376911
v 0.422705 0.118795 -0.391074
v 0.422705 0.169194 -0.391074
v 0.422705 0.118795 -0.457168
v 0.411602 0.118795 -0.391074
v 0.411602 0.169194 -0.391074
v 0.411602 0.118795 -0.457168
v 0.411602 0.127615 -0.402641
v 0.411602 0.160374 -0.402641
v 0.411602 0.127615 -0.445602
v 0.397753 0.127615 -0.402641
v 0.397753 0.160374 -0.402641
v 0.397753 0.127615 -0.445602
v 0.397753 0.134440 -0.411591
v 0.397753 0.153549 -0.411591
v 0.397753 0.134440 -0.436652
v 0.397753 0.153549 -0.436652
v 0.397753 0.160374 -0.445602
v 0.411602 0.160374 -0.445602
v 0.411602 0.169194 -0.457168
v 0.422705 0.169194 -0.457168
v 0.481010 0.035997 -0.376911
v 0.481010 0.107995 -0.347759
v 0.575430 0.107995 -0.376911
v 0.575430 0.179993 -0.376911
v 0.575430 0.035997 -0.376911
v 0.604582 0.107995 -0.376911
v 0.575430 0.107995 -0.347759
v 0.575430 0.107995 -0.471331
v 0.575430 0.035997 -0.471331
v 0.575430 0.107995 -0.500484
v 0.604582 0.107995 -0.471331
v 0.604582 0.179993 -0.471331
v 0.633735 0.107995 -0.471331
v 0.633735 0.179993 -0.471331
v 0.633735 0.107995 -0.376911
v 0.633735 0.118795 -0.457168
v 0.633735 0.169194 -0.457168
v 0.633735 0.118795 -0.391074
v 0.644837 0.118795 -0.457168
v 0.644837 0.169194 -0.457168
v 0.644837 0.118795 -0.391074
v 0.644837 0.127615 -0.445602
v 0.644837 0.160374 -0.445602
v 0.644837 0.127615 -0.402641
v 0.658686 0.127615 -0.445602
v 0.658686 0.160374 -0.445602
v 0.658686 0.127615 -0.402641
v 0.658686 0.134440 -0.436652
v 0.658686 0.153549 -0.436652
v 0.658686 0.134440 -0.411591
v 0.658686 0.153549 -0.411591
v 0.658686 0.160374 -0.402641
v 0.644837 0.160374 -0.402641
v 0.644837 0.169194 -0.391074
v 0.633735 0.169194 -0.391074
v 0.633735 0.179993 -0.376911
v 0.604582 0.179993 -0.376911
v 0.575430 0.179993 -0.500484
v 0.575430 0.107995 -0.529636
v 0.481010 0.107995 -0.500484
v 0.481010 0.107995 -0.529636
v 0.481010 0.179993 -0.529636
v 0.495173 0.118795 -0.529636
v 0.495173 0.169194 -0.529636
v 0.561267 0.118795 -0.529636
v 0.495173 0.118795 -0.540739
v 0.495173 0.169194 -0.540739
v 0.561267 0.118795 -0.540739
v 0.506739 0.127615 -0.540739
v 0.506739 0.160374 -0.540739
v 0.549700 0.127615 -0.540739
v 0.506739 0.127615 -0.554588
v 0.506739 0.160374 -0.554588
v 0.549700 0.127615 -0.554588
v 0.515689 0.134440 -0.554588
v 0.515689 0.153549 -0.554588
v 0.540750 0.134440 -0.554588
v 0.540750 0.153549 -0.554588
v 0.549700 0.160374 -0.554588
v 0.549700 0.160374 -0.540739
v 0.561267 0.169194 -0.540739
v 0.561267 0.169194 -0.529636
v 0.575430 0.179993 -0.529636
v 0.575430 -0.036001 -0.471331
v 0.481010 0.035997 -0.471331
v 0.481010 -0.036001 -0.471331
v 0.481010 -0.107999 -0.471331
v 0.481010 -0.036001 -0.376911
v 0.481010 -0.107999 -0.376911
v 0.575430 -0.036001 -0.376911
v 0.575430 -0.107999 -0.376911
v 0.575430 -0.179997 -0.376911
v 0.575430 -0.107999 -0.471331
v 0.575430 -0.179997 -0.471331
v 0.481010 -0.179997 -0.471331
v 0.481010 -0.179997 -0.376911
v 0.575430 0.179993 -0.347759
v 0.575430 0.107995 -0.318606
v 0.575430 0.179993 -0.318606
v 0.481010 0.107995 -0.318606
v 0.561267 0.118795 -0.318606
v 0.561267 0.169194 -0.318606
v 0.495173 0.118795 -0.318606
v 0.561267 0.118795 -0.307504
v 0.561267 0.169194 -0.307504
v 0.495173 0.118795 -0.307504
v 0.549700 0.127615 -0.307504
v 0.549700 0.160374 -0.307504
v 0.506739 0.127615 -0.307504
v 0.549700 0.127615 -0.293655
v 0.549700 0.160374 -0.293655
v 0.506739 0.127615 -0.293655
v 0.540750 0.134440 -0.293655
v 0.540750 0.153549 -0.293655
v 0.515689 0.134440 -0.293655
v 0.515689 0.153549 -0.293655
v 0.506739 0.160374 -0.293655
v 0.506739 0.160374 -0.307504
v 0.495173 0.169194 -0.307504
v 0.495173 0.169194 -0.318606
v 0.481010 0.179993 -0.318606
v 0.481010 0.179993 -0.347759
v 0.575430 0.251991 -0.376911
v -0.337442 0.153549 -0.562194
v -0.312382 0.153549 -0.562194
v -0.337442 0.134440 -0.562194
v -0.337442 0.153549 -0.542768
v -0.312382 0.153549 -0.542768
v -0.337442 0.134440 -0.542768
v -0.312382 0.134440 -0.542768
v -0.312382 0.134440 -0.562194
v -0.455379 0.153549 0.412908
v -0.455379 0.153549 0.437969
v -0.455379 0.134440 0.412908
v -0.435953 0.153549 0.412908
v -0.435953 0.153549 0.437969
v -0.435953 0.134440 0.412908
v -0.435953 0.134440 0.437969
v -0.455379 0.134440 0.437969
v -0.337442 0.153549 0.294971
v -0.312382 0.153549 0.294971
v -0.337442 0.134440 0.294971
v -0.337442 0.153549 0.314397
v -0.312382 0.153549 0.314397
v -0.337442 0.134440 0.314397
v -0.312382 0.134440 0.314397
v -0.312382 0.134440 0.294971
v -0.194445 0.153549 0.412908
v -0.194445 0.153549 0.437969
v -0.194445 0.134440 0.412908
v -0.213871 0.153549 0.412908
v -0.213871 0.153549 0.437969
v -0.213871 0.134440 0.412908
v -0.213871 0.134440 0.437969
v -0.194445 0.134440 0.437969
v -0.337442 0.153549 0.555905
v -0.312382 0.153549 0.555905
v -0.337442 0.134440 0.555905
v -0.337442 0.153549 0.536479
v -0.312382 0.153549 0.536479
v -0.337442 0.134440 0.536479
v -0.312382 0.134440 0.536479
v -0.312382 0.134440 0.555905
v -0.455379 0.153549 -0.444257
v -0.455379 0.153549 -0.419196
v -0.455379 0.134440 -0.444257
v -0.435953 0.153549 -0.444257
v -0.435953 0.153549 -0.419196
v -0.435953 0.134440 -0.444257
v -0.435953 0.134440 -0.419196
v -0.455379 0.134440 -0.419196
v -0.194445 0.153549 -0.444257
v -0.194445 0.153549 -0.419196
v -0.194445 0.134440 -0.444257
v -0.213871 0.153549 -0.444257
v -0.213871 0.153549 -0.419196
v -0.213871 0.134440 -0.444257
v -0.213871 0.134440 -0.419196
v -0.194445 0.134440 -0.419196
v -0.337442 0.153549 -0.301260
v -0.312382 0.153549 -0.301260
v -0.337442 0.134440 -0.301260
v -0.337442 0.153549 -0.320686
v -0.312382 0.153549 -0.320686
v -0.337442 0.134440 -0.320686
v -0.312382 0.134440 -0.320686
v -0.312382 0.134440 -0.301260
v 0.397753 0.153549 0.412908
v 0.397753 0.153549 0.437969
v 0.397753 0.134440 0.412908
v 0.417179 0.153549 0.412908
v 0.417179 0.153549 0.437969
v 0.417179 0.134440 0.412908
v 0.417179 0.134440 0.437969
v 0.397753 0.134440 0.437969
v 0.515689 0.153549 0.294971
v 0.540750 0.153549 0.294971
v 0.515689 0.134440 0.294971
v 0.515689 0.153549 0.314397
v 0.540750 0.153549 0.314397
v 0.515689 0.134440 0.314397
v 0.540750 0.134440 0.314397
v 0.540750 0.134440 0.294971
v 0.658686 0.153549 0.412908
v 0.658686 0.153549 0.437969
v 0.658686 0.134440 0.412908
v 0.639261 0.153549 0.412908
v 0.639261 0.153549 0.437969
v 0.639261 0.134440 0.412908
v 0.639261 0.134440 0.437969
v 0.658686 0.134440 0.437969
v 0.515689 0.153549 0.555905
v 0.540750 0.153549 0.555905
v 0.515689 0.134440 0.555905
v 0.515689 0.153549 0.536479
v 0.540750 0.153549 0.536479
v 0.515689 0.134440 0.536479
v 0.540750 0.134440 0.536479
v 0.540750 0.134440 0.555905
v 0.397753 0.153549 -0.436652
v 0.397753 0.153549 -0.411591
v 0.397753 0.134440 -0.436652
v 0.417179 0.153549 -0.436652
v 0.417179 0.153549 -0.411591
v 0.417179 0.134440 -0.436652
v 0.417179 0.134440 -0.411591
v 0.397753 0.134440 -0.411591
v 0.515689 0.153549 -0.554588
v 0.540750 0.153549 -0.554588
v 0.515689 0.134440 -0.554588
v 0.515689 0.153549 -0.535162
v 0.540750 0.153549 -0.535162
v 0.515689 0.134440 -0.535162
v 0.540750 0.134440 -0.535162
v 0.540750 0.134440 -0.554588
v 0.658686 0.153549 -0.436652
v 0.658686 0.153549 -0.411591
v 0.658686 0.134440 -0.436652
v 0.639261 0.153549 -0.436652
v 0.639261 0.153549 -0.411591
v 0.639261 0.134440 -0.436652
v 0.639261 0.134440 -0.411591
v 0.658686 0.134440 -0.411591
v 0.515689 0.153549 -0.293655
v 0.540750 0.153549 -0.293655
v 0.515689 0.134440 -0.293655
v 0.515689 0.153549 -0.313080
v 0.540750 0.153549 -0.313080
v 0.515689 0.134440 -0.313080
v 0.540750 0.134440 -0.313080
v 0.540750 0.134440 -0.293655
v -0.368936 0.250042 0.472099
v -0.274516 0.250042 0.472099
v -0.368936 0.250042 0.377679
v -0.386540 0.250042 0.489704
v -0.274516 0.250042 0.507308
v -0.386540 0.274208 0.489704
v -0.404145 0.250042 0.377679
v -0.404145 0.250042 0.283260
v -0.404145 0.274208 0.377679
v -0.404145 0.274208 0.283260
v -0.404145 0.299317 0.377679
v -0.386540 0.299317 0.489704
v -0.404145 0.299317 0.283260
v -0.404145 0.299317 0.377679
v -0.386540 0.299317 0.489704
v -0.404145 0.299317 0.283260
v -0.404145 0.323822 0.377679
v -0.386540 0.323822 0.489704
v -0.404145 0.323822 0.283260
v -0.400855 0.334584 0.377679
v -0.401137 0.333663 0.283260
v -0.385977 0.325664 0.489704
v -0.399146 0.333431 0.377524
v -0.371662 0.314901 0.377679
v -0.399427 0.332511 0.283260
v -0.383244 0.323822 0.486408
v -0.371380 0.315823 0.472099
v -0.383584 0.323822 0.486747
v -0.368936 0.323822 0.472099
v -0.383270 0.323829 0.486432
v -0.386540 0.324831 0.489545
v -0.274357 0.329082 0.504422
v -0.368936 0.319442 0.472786
v -0.274516 0.318938 0.472865
v -0.368936 0.319442 0.472786
v -0.368936 0.323822 0.472099
v -0.274516 0.318938 0.472865
v -0.274516 0.323822 0.472099
v -0.180097 0.318433 0.472944
v -0.085676 0.318433 0.472944
v -0.180097 0.318433 0.472944
v -0.180097 0.323822 0.472099
v -0.085676 0.323822 0.472099
v -0.180097 0.323822 0.441140
v -0.274516 0.323822 0.441140
v -0.180097 0.311569 0.441140
v -0.085676 0.323822 0.441140
v 0.008743 0.323822 0.441140
v -0.085676 0.311569 0.441140
v 0.008743 0.311569 0.441140
v 0.103163 0.311569 0.441140
v 0.197583 0.311569 0.441140
v 0.103163 0.323822 0.441140
v 0.103163 0.323822 0.472099
v 0.197583 0.323822 0.441140
v 0.197583 0.323822 0.472099
v 0.292003 0.323822 0.441140
v 0.386423 0.323822 0.441140
v 0.292003 0.311569 0.441140
v 0.292003 0.323822 0.472099
v 0.386423 0.323822 0.472099
v 0.292003 0.318433 0.472944
v 0.197583 0.318433 0.472944
v 0.386423 0.318433 0.472944
v 0.292003 0.318433 0.472944
v 0.197583 0.318433 0.472944
v 0.386423 0.318433 0.472944
v 0.292003 0.328579 0.504501
v 0.197583 0.328579 0.504501
v 0.386423 0.328579 0.504501
v 0.292003 0.329210 0.506463
v 0.197583 0.329210 0.506463
v 0.386423 0.329210 0.506463
v 0.292003 0.323822 0.507308
v 0.197583 0.323822 0.507308
v 0.292003 0.299317 0.507308
v 0.386423 0.323822 0.507308
v 0.386423 0.299317 0.507308
v 0.480843 0.323822 0.507308
v 0.592867 0.323822 0.489704
v 0.480843 0.329714 0.506384
v 0.480843 0.299317 0.507308
v 0.480843 0.299317 0.507308
v 0.592867 0.299317 0.489704
v 0.592867 0.299317 0.489704
v 0.610471 0.299317 0.377679
v 0.610471 0.299317 0.283260
v 0.610471 0.299317 0.377679
v 0.610471 0.323822 0.377679
v 0.610471 0.323822 0.283260
v 0.607263 0.334463 0.377679
v 0.607538 0.333552 0.283260
v 0.592318 0.325644 0.489704
v 0.605546 0.333322 0.377524
v 0.605820 0.332413 0.283260
v 0.589572 0.323822 0.486408
v 0.577922 0.315002 0.377679
v 0.578196 0.314091 0.283260
v 0.577647 0.315913 0.472099
v 0.577922 0.315002 0.377679
v 0.575263 0.323822 0.377679
v 0.578196 0.314091 0.283260
v 0.577647 0.315913 0.472099
v 0.575263 0.323822 0.472099
v 0.480843 0.323822 0.472099
v 0.575263 0.319442 0.472786
v 0.575263 0.323822 0.472099
v 0.559783 0.323822 0.456620
v 0.480843 0.323822 0.441140
v 0.544304 0.323822 0.377679
v 0.559783 0.311569 0.456620
v 0.544304 0.311569 0.377679
v 0.480843 0.311569 0.441140
v 0.386423 0.311569 0.441140
v 0.544304 0.311569 0.283260
v 0.544304 0.323822 0.283260
v 0.544304 0.311569 0.188840
v 0.544304 0.323822 0.188840
v 0.544304 0.311569 0.094420
v 0.544304 0.311569 -0.000000
v 0.544304 0.323822 0.094420
v 0.544304 0.323822 -0.000000
v 0.575263 0.323822 0.094420
v 0.575263 0.323822 -0.000000
v 0.575263 0.323822 0.188840
v 0.578196 0.314091 0.094420
v 0.578196 0.314091 0.188840
v 0.578196 0.314091 0.094420
v 0.578196 0.314091 -0.000000
v 0.578196 0.314091 -0.094420
v 0.578196 0.314091 -0.000000
v 0.578196 0.314091 -0.094420
v 0.605820 0.332413 -0.000000
v 0.605820 0.332413 -0.094420
v 0.605820 0.332413 0.094420
v 0.607538 0.333552 -0.000000
v 0.610471 0.323822 -0.000000
v 0.607538 0.333552 -0.094420
v 0.607538 0.333552 0.094420
v 0.607538 0.333552 0.188840
v 0.610471 0.323822 0.094420
v 0.610471 0.323822 0.188840
v 0.610471 0.299317 0.094420
v 0.610471 0.299317 -0.000000
v 0.610471 0.299317 0.094420
v 0.610471 0.299317 0.188840
v 0.610471 0.299317 0.188840
v 0.610471 0.299317 0.283260
v 0.610471 0.274208 0.188840
v 0.610471 0.274208 0.094420
v 0.610471 0.250042 0.188840
v 0.610471 0.274208 0.283260
v 0.610471 0.250042 0.283260
v 0.610471 0.274208 0.377679
v 0.610471 0.250042 0.377679
v 0.592867 0.274208 0.489704
v 0.480843 0.274208 0.507308
v 0.592867 0.250042 0.489704
v 0.480843 0.250042 0.507308
v 0.575263 0.250042 0.472099
v 0.480843 0.250042 0.472099
v 0.575263 0.250042 0.377679
v 0.575263 0.250042 0.283260
v 0.480843 0.250042 0.377679
v 0.480843 0.250042 0.283260
v 0.386423 0.250042 0.377679
v 0.386423 0.250042 0.283260
v 0.386423 0.250042 0.472099
v 0.292003 0.250042 0.377679
v 0.197583 0.250042 0.377679
v 0.292003 0.250042 0.283260
v 0.292003 0.250042 0.472099
v 0.197583 0.250042 0.472099
v 0.292003 0.250042 0.507308
v 0.197583 0.250042 0.507308
v 0.292003 0.274208 0.507308
v 0.386423 0.250042 0.507308
v 0.386423 0.274208 0.507308
v 0.386423 0.299317 0.507308
v 0.292003 0.299317 0.507308
v 0.197583 0.299317 0.507308
v 0.103163 0.299317 0.507308
v 0.197583 0.274208 0.507308
v 0.197583 0.299317 0.507308
v 0.103163 0.299317 0.507308
v 0.103163 0.323822 0.507308
v 0.008743 0.299317 0.507308
v -0.085676 0.299317 0.507308
v 0.008743 0.323822 0.507308
v 0.008743 0.299317 0.507308
v -0.085676 0.299317 0.507308
v 0.008743 0.274208 0.507308
v -0.085676 0.274208 0.507308
v 0.008743 0.250042 0.507308
v 0.103163 0.274208 0.507308
v 0.103163 0.250042 0.507308
v 0.103163 0.250042 0.472099
v 0.008743 0.250042 0.472099
v 0.103163 0.250042 0.377679
v 0.103163 0.250042 0.283260
v 0.008743 0.250042 0.377679
v 0.008743 0.250042 0.283260
v -0.085676 0.250042 0.377679
v -0.085676 0.250042 0.283260
v -0.085676 0.250042 0.472099
v -0.180097 0.250042 0.377679
v -0.180097 0.250042 0.283260
v -0.180097 0.250042 0.472099
v -0.274516 0.250042 0.377679
v -0.274516 0.250042 0.283260
v -0.368936 0.250042 0.283260
v -0.274516 0.250042 0.188840
v -0.274516 0.250042 0.094420
v -0.368936 0.250042 0.188840
v -0.180097 0.250042 0.188840
v -0.180097 0.250042 0.094420
v -0.085676 0.250042 0.188840
v 0.008743 0.250042 0.188840
v -0.085676 0.250042 0.094420
v -0.085676 0.250042 0.000000
v 0.008743 0.250042 0.094420
v 0.008743 0.250042 0.000000
v 0.103163 0.250042 0.094420
v 0.103163 0.250042 0.000000
v 0.197583 0.250042 0.094420
v 0.103163 0.250042 0.188840
v 0.197583 0.250042 0.188840
v 0.292003 0.250042 0.188840
v 0.197583 0.250042 0.283260
v 0.292003 0.250042 0.094420
v 0.386423 0.250042 0.188840
v 0.386423 0.250042 0.094420
v 0.480843 0.250042 0.188840
v 0.480843 0.250042 0.094420
v 0.575263 0.250042 0.188840
v 0.575263 0.250042 0.094420
v 0.575263 0.250042 0.000000
v 0.610471 0.250042 0.094420
v 0.610471 0.250042 0.000000
v 0.610471 0.250042 -0.094420
v 0.610471 0.274208 0.000000
v 0.610471 0.274208 -0.094420
v 0.610471 0.299317 -0.000000
v 0.610471 0.299317 -0.094420
v 0.610471 0.299317 -0.094420
v 0.610471 0.299317 -0.188840
v 0.610471 0.299317 -0.283259
v 0.610471 0.274208 -0.188840
v 0.610471 0.299317 -0.188840
v 0.610471 0.299317 -0.283259
v 0.610471 0.323822 -0.188840
v 0.610471 0.323822 -0.283259
v 0.610471 0.323822 -0.094420
v 0.607538 0.333552 -0.188840
v 0.607538 0.333552 -0.283259
v 0.605820 0.332413 -0.188840
v 0.605820 0.332413 -0.283259
v 0.578196 0.314091 -0.188840
v 0.578196 0.314091 -0.188840
v 0.578196 0.314091 -0.283259
v 0.578196 0.314091 -0.283259
v 0.577922 0.315002 -0.377679
v 0.577647 0.315913 -0.472099
v 0.605546 0.333322 -0.377524
v 0.577922 0.315002 -0.377679
v 0.575263 0.323822 -0.377679
v 0.577647 0.315913 -0.472099
v 0.575263 0.323821 -0.472099
v 0.559783 0.323821 -0.456620
v 0.575263 0.317901 -0.473381
v 0.575263 0.323821 -0.472099
v 0.480843 0.323822 -0.472099
v 0.386423 0.323822 -0.472099
v 0.480843 0.317220 -0.473529
v 0.480843 0.323822 -0.441140
v 0.386423 0.323822 -0.441140
v 0.480843 0.311569 -0.441140
v 0.386423 0.311569 -0.441140
v 0.559783 0.311569 -0.456620
v 0.544304 0.311569 -0.377679
v 0.544304 0.323822 -0.377679
v 0.544304 0.311569 -0.283259
v 0.544304 0.311569 -0.188840
v 0.544304 0.323822 -0.283259
v 0.575263 0.323822 -0.283259
v 0.544304 0.323822 -0.188840
v 0.544304 0.323822 -0.094420
v 0.575263 0.323822 -0.188840
v 0.575263 0.323822 -0.094420
v 0.544304 0.311569 -0.094420
v 0.292003 0.311569 -0.441140
v 0.197583 0.311569 -0.441140
v 0.292003 0.323822 -0.441140
v 0.292003 0.323822 -0.472099
v 0.197583 0.323822 -0.441140
v 0.197583 0.323822 -0.472099
v 0.103163 0.323822 -0.441140
v 0.103163 0.323822 -0.472099
v 0.008743 0.323822 -0.441140
v 0.103163 0.311569 -0.441140
v 0.008743 0.311569 -0.441140
v -0.085676 0.311569 -0.441140
v -0.085676 0.323822 -0.441140
v -0.180097 0.311569 -0.441140
v -0.180097 0.323822 -0.441140
v -0.274516 0.311569 -0.441140
v -0.353456 0.311569 -0.456620
v -0.274516 0.323822 -0.441140
v -0.353456 0.323821 -0.456620
v -0.274516 0.323822 -0.472099
v -0.368936 0.323821 -0.472099
v -0.274516 0.317220 -0.473529
v -0.180097 0.323822 -0.472099
v -0.085676 0.323822 -0.472099
v -0.180097 0.316538 -0.473677
v -0.085676 0.316538 -0.473677
v -0.180097 0.316538 -0.473677
v -0.274516 0.317220 -0.473529
v -0.085676 0.316538 -0.473677
v -0.180097 0.330252 -0.503854
v -0.274358 0.330933 -0.503707
v -0.180097 0.331105 -0.505730
v -0.085676 0.330252 -0.503854
v 0.008743 0.330252 -0.503854
v -0.085676 0.331105 -0.505730
v 0.008743 0.331105 -0.505730
v -0.085676 0.323822 -0.507308
v -0.180097 0.323822 -0.507308
v 0.008743 0.323822 -0.507308
v -0.085676 0.299317 -0.507308
v -0.180097 0.299317 -0.507308
v -0.085676 0.299317 -0.507308
v 0.008743 0.299317 -0.507308
v 0.008743 0.299317 -0.507308
v 0.103163 0.299317 -0.507308
v 0.103163 0.299317 -0.507308
v 0.197583 0.299317 -0.507308
v 0.103163 0.323822 -0.507308
v 0.103163 0.331105 -0.505730
v 0.197583 0.323822 -0.507308
v 0.197583 0.331105 -0.505730
v 0.292003 0.323822 -0.507308
v 0.292003 0.299317 -0.507308
v 0.292003 0.331105 -0.505730
v 0.386423 0.323822 -0.507308
v 0.386423 0.299317 -0.507308
v 0.386423 0.331105 -0.505730
v 0.480843 0.323822 -0.507308
v 0.480843 0.299317 -0.507308
v 0.480843 0.331787 -0.505583
v 0.592867 0.323821 -0.489704
v 0.592867 0.299317 -0.489704
v 0.592867 0.325185 -0.489408
v 0.589904 0.323821 -0.486741
v 0.610471 0.323822 -0.377679
v 0.592318 0.325644 -0.489704
v 0.607263 0.334463 -0.377679
v 0.589572 0.323822 -0.486409
v 0.610471 0.299317 -0.377679
v 0.610471 0.299317 -0.377679
v 0.592867 0.299317 -0.489704
v 0.610471 0.274208 -0.377679
v 0.592867 0.274208 -0.489704
v 0.610471 0.250042 -0.377679
v 0.610471 0.274208 -0.283259
v 0.610471 0.250042 -0.283259
v 0.575263 0.250042 -0.283259
v 0.610471 0.250042 -0.188840
v 0.575263 0.250042 -0.188840
v 0.480843 0.250042 -0.188840
v 0.575263 0.250042 -0.094420
v 0.480843 0.250042 -0.094420
v 0.386423 0.250042 -0.094420
v 0.480843 0.250042 0.000000
v 0.386423 0.250042 0.000000
v 0.292003 0.250042 0.000000
v 0.292003 0.250042 -0.094420
v 0.197583 0.250042 0.000000
v 0.197583 0.250042 -0.094420
v 0.103163 0.250042 -0.094420
v 0.197583 0.250042 -0.188840
v 0.197583 0.250042 -0.283259
v 0.103163 0.250042 -0.188840
v 0.292003 0.250042 -0.188840
v 0.386423 0.250042 -0.188840
v 0.292003 0.250042 -0.283259
v 0.292003 0.250042 -0.377679
v 0.386423 0.250042 -0.283259
v 0.386423 0.250042 -0.377679
v 0.480843 0.250042 -0.283259
v 0.480843 0.250042 -0.377679
v 0.480843 0.250042 -0.472099
v 0.575263 0.250042 -0.377679
v 0.575263 0.250042 -0.472099
v 0.592867 0.250042 -0.489704
v 0.480843 0.250042 -0.507308
v 0.386423 0.250042 -0.507308
v 0.480843 0.274208 -0.507308
v 0.386423 0.274208 -0.507308
v 0.480843 0.299317 -0.507308
v 0.386423 0.299317 -0.507308
v 0.292003 0.299317 -0.507308
v 0.197583 0.299317 -0.507308
v 0.292003 0.274208 -0.507308
v 0.197583 0.274208 -0.507308
v 0.292003 0.250042 -0.507308
v 0.197583 0.250042 -0.507308
v 0.292003 0.250042 -0.472099
v 0.197583 0.250042 -0.472099
v 0.386423 0.250042 -0.472099
v 0.197583 0.250042 -0.377679
v 0.103163 0.250042 -0.472099
v 0.008743 0.250042 -0.472099
v 0.103163 0.250042 -0.377679
v 0.103163 0.250042 -0.507308
v 0.008743 0.250042 -0.507308
v 0.103163 0.274208 -0.507308
v 0.008743 0.274208 -0.507308
v -0.085676 0.274208 -0.507308
v -0.180097 0.274208 -0.507308
v -0.085676 0.250042 -0.507308
v -0.180097 0.250042 -0.507308
v -0.085676 0.250042 -0.472099
v -0.180097 0.250042 -0.472099
v -0.085676 0.250042 -0.377679
v -0.180097 0.250042 -0.377679
v 0.008743 0.250042 -0.377679
v -0.085676 0.250042 -0.283259
v -0.180097 0.250042 -0.283259
v 0.008743 0.250042 -0.283259
v -0.085676 0.250042 -0.188840
v -0.180097 0.250042 -0.188840
v 0.008743 0.250042 -0.188840
v -0.085676 0.250042 -0.094420
v -0.180097 0.250042 -0.094420
v 0.008743 0.250042 -0.094420
v -0.274516 0.250042 -0.094420
v -0.180097 0.250042 0.000000
v -0.274516 0.250042 0.000000
v -0.368936 0.250042 0.000000
v -0.368936 0.250042 -0.094420
v -0.368936 0.250042 0.094420
v -0.404145 0.250042 0.000000
v -0.404145 0.250042 -0.094420
v -0.404145 0.274208 0.000000
v -0.404145 0.250042 0.094420
v -0.404145 0.274208 0.094420
v -0.404145 0.250042 0.188840
v -0.404145 0.274208 0.188840
v -0.404145 0.299317 0.188840
v -0.404145 0.299317 0.188840
v -0.404145 0.299317 0.094420
v -0.404145 0.299317 -0.000000
v -0.404145 0.299317 0.094420
v -0.404145 0.299317 -0.000000
v -0.404145 0.323822 0.094420
v -0.404145 0.323822 -0.000000
v -0.401137 0.333663 0.094420
v -0.404145 0.323822 0.188840
v -0.401137 0.333663 0.188840
v -0.399427 0.332511 0.188840
v -0.399427 0.332511 0.094420
v -0.371943 0.313980 0.188840
v -0.371943 0.313980 0.094420
v -0.371943 0.313980 0.188840
v -0.371943 0.313980 0.283260
v -0.371943 0.313980 0.283260
v -0.371662 0.314901 0.377679
v -0.368936 0.323822 0.283260
v -0.368936 0.323822 0.188840
v -0.368936 0.323822 0.377679
v -0.337977 0.323822 0.283260
v -0.337977 0.323822 0.188840
v -0.337977 0.311569 0.283260
v -0.337977 0.323822 0.377679
v -0.353456 0.323822 0.456620
v -0.337977 0.311569 0.377679
v -0.353456 0.311569 0.456620
v -0.274516 0.311569 0.441140
v -0.337977 0.311569 0.188840
v -0.337977 0.311569 0.094420
v -0.337977 0.323822 0.094420
v -0.337977 0.311569 -0.000000
v -0.337977 0.323822 -0.000000
v -0.337977 0.311569 -0.094420
v -0.337977 0.311569 -0.188840
v -0.337977 0.323822 -0.094420
v -0.368936 0.323822 -0.094420
v -0.337977 0.323822 -0.188840
v -0.368936 0.323822 -0.188840
v -0.337977 0.323822 -0.283259
v -0.337977 0.323822 -0.377679
v -0.337977 0.311569 -0.283259
v -0.368936 0.323822 -0.283259
v -0.368936 0.323822 -0.377679
v -0.371943 0.313980 -0.283259
v -0.371662 0.314901 -0.377679
v -0.371943 0.313980 -0.188840
v -0.371943 0.313980 -0.283259
v -0.371943 0.313980 -0.188840
v -0.399427 0.332511 -0.283259
v -0.371662 0.314901 -0.377679
v -0.371380 0.315823 -0.472099
v -0.399146 0.333430 -0.377524
v -0.400855 0.334584 -0.377679
v -0.383244 0.323822 -0.486408
v -0.385977 0.325664 -0.489704
v -0.383576 0.323821 -0.486740
v -0.368936 0.323821 -0.472099
v -0.383261 0.323829 -0.486423
v -0.386540 0.323821 -0.489704
v -0.274516 0.323822 -0.507308
v -0.386540 0.325185 -0.489408
v -0.404145 0.323822 -0.377679
v -0.386540 0.299317 -0.489704
v -0.274516 0.299317 -0.507308
v -0.386540 0.299317 -0.489704
v -0.404145 0.299317 -0.377679
v -0.404145 0.299317 -0.377679
v -0.404145 0.299317 -0.283259
v -0.404145 0.299317 -0.283259
v -0.404145 0.299317 -0.188840
v -0.404145 0.323822 -0.283259
v -0.401137 0.333663 -0.283259
v -0.404145 0.323822 -0.188840
v -0.401137 0.333663 -0.188840
v -0.404145 0.323822 -0.094420
v -0.404145 0.299317 -0.094420
v -0.401137 0.333663 -0.094420
v -0.401137 0.333663 -0.000000
v -0.399427 0.332511 -0.094420
v -0.371943 0.313980 -0.094420
v -0.399427 0.332511 -0.188840
v -0.399427 0.332511 -0.000000
v -0.371943 0.313980 -0.000000
v -0.371943 0.313980 -0.000000
v -0.371943 0.313980 -0.094420
v -0.371943 0.313980 0.094420
v -0.368936 0.323822 -0.000000
v -0.368936 0.323822 0.094420
v -0.404145 0.299317 -0.094420
v -0.404145 0.299317 -0.188840
v -0.404145 0.274208 -0.094420
v -0.404145 0.274208 -0.188840
v -0.404145 0.250042 -0.188840
v -0.404145 0.274208 -0.283259
v -0.404145 0.274208 -0.377679
v -0.404145 0.250042 -0.283259
v -0.404145 0.250042 -0.377679
v -0.368936 0.250042 -0.283259
v -0.368936 0.250042 -0.377679
v -0.274516 0.250042 -0.283259
v -0.368936 0.250042 -0.188840
v -0.274516 0.250042 -0.188840
v -0.274516 0.250042 -0.377679
v -0.274516 0.250042 -0.472099
v -0.368936 0.250042 -0.472099
v -0.274516 0.250042 -0.507308
v -0.274516 0.274208 -0.507308
v -0.386540 0.250042 -0.489704
v -0.386540 0.274208 -0.489704
v -0.274516 0.299317 -0.507308
v -0.180097 0.299317 -0.507308
v -0.274516 0.331787 -0.505583
v -0.368936 0.317901 -0.473381
v -0.368936 0.317901 -0.473381
v -0.371380 0.315823 -0.472099
v -0.337977 0.311569 -0.377679
v -0.371380 0.315823 0.472099
v 0.103163 0.250042 -0.283259
v 0.589588 0.323829 -0.486423
v 0.575263 0.317901 -0.473381
v 0.480685 0.330933 -0.503707
v 0.480843 0.317220 -0.473529
v 0.386423 0.330252 -0.503854
v 0.386423 0.316538 -0.473677
v 0.292003 0.330252 -0.503854
v 0.292003 0.316538 -0.473677
v 0.197583 0.330252 -0.503854
v 0.103163 0.330252 -0.503854
v 0.197583 0.316538 -0.473677
v 0.103163 0.316538 -0.473677
v 0.197583 0.316538 -0.473677
v 0.103163 0.316538 -0.473677
v 0.292003 0.316538 -0.473677
v 0.386423 0.316538 -0.473677
v 0.008743 0.316538 -0.473677
v 0.008743 0.316538 -0.473677
v 0.008743 0.323822 -0.472099
v -0.180097 0.250042 0.507308
v -0.180097 0.274208 0.507308
v -0.085676 0.250042 0.507308
v -0.274516 0.274208 0.507308
v -0.180097 0.299317 0.507308
v -0.274516 0.299317 0.507308
v -0.180097 0.299317 0.507308
v -0.274516 0.299317 0.507308
v -0.180097 0.323822 0.507308
v -0.274516 0.323822 0.507308
v -0.085676 0.323822 0.507308
v -0.180097 0.329210 0.506463
v -0.274516 0.329714 0.506384
v -0.180097 0.328579 0.504501
v -0.085676 0.329210 0.506463
v -0.085676 0.328579 0.504501
v 0.008743 0.329210 0.506463
v 0.008743 0.328579 0.504501
v 0.103163 0.329210 0.506463
v 0.103163 0.328579 0.504501
v 0.103163 0.318433 0.472944
v 0.103163 0.318433 0.472944
v 0.008743 0.318433 0.472944
v -0.085676 0.318433 0.472944
v 0.008743 0.318433 0.472944
v 0.008743 0.323822 0.472099
v 0.605820 0.332413 0.188840
v 0.578196 0.314091 0.188840
v 0.575263 0.323822 0.283260
v 0.575263 0.319442 0.472786
v 0.589912 0.323822 0.486748
v 0.589597 0.323829 0.486432
v 0.480683 0.329082 0.504422
v 0.592867 0.324831 0.489545
v 0.480843 0.318938 0.472865
v 0.480843 0.318938 0.472865
v -0.368936 0.274208 0.472099
v -0.368936 0.299317 0.472099
v -0.274516 0.274208 0.472099
v -0.368936 0.274208 0.377679
v -0.368936 0.299317 0.377679
v -0.274516 0.274208 0.377679
v -0.368936 0.274208 0.283260
v -0.274516 0.274208 0.283260
v -0.368936 0.274208 0.188840
v -0.368936 0.299317 0.283260
v -0.368936 0.299317 0.188840
v -0.368936 0.299317 0.283260
v -0.368936 0.299317 0.188840
v -0.368936 0.299317 0.377679
v -0.368936 0.311569 0.283260
v -0.368936 0.311569 0.377679
v -0.368936 0.311569 0.188840
v -0.368936 0.311569 0.094420
v -0.368936 0.311569 -0.000000
v -0.368936 0.299317 0.094420
v -0.368936 0.299317 -0.000000
v -0.368936 0.299317 0.094420
v -0.368936 0.299317 -0.000000
v -0.368936 0.274208 0.094420
v -0.274516 0.274208 0.094420
v -0.368936 0.274208 0.000000
v -0.274516 0.274208 0.000000
v -0.368936 0.274208 -0.094420
v -0.368936 0.299317 -0.094420
v -0.368936 0.274208 -0.188840
v -0.274516 0.274208 -0.094420
v -0.180097 0.274208 -0.094420
v -0.274516 0.274208 -0.188840
v -0.180097 0.274208 -0.188840
v -0.274516 0.274208 -0.283259
v -0.368936 0.274208 -0.283259
v -0.180097 0.274208 -0.283259
v -0.274516 0.274208 -0.377679
v -0.368936 0.274208 -0.377679
v -0.180097 0.274208 -0.377679
v -0.274516 0.274208 -0.472099
v -0.368936 0.274208 -0.472099
v -0.180097 0.274208 -0.472099
v -0.274516 0.299317 -0.472099
v -0.368936 0.299317 -0.472099
v -0.180097 0.299317 -0.472099
v -0.274516 0.299317 -0.472099
v -0.368936 0.299317 -0.472099
v -0.274516 0.311569 -0.472099
v -0.180097 0.299317 -0.472099
v -0.085676 0.299317 -0.472099
v -0.180097 0.311569 -0.472099
v -0.085676 0.311569 -0.472099
v 0.008743 0.311569 -0.472099
v 0.008743 0.299317 -0.472099
v 0.103163 0.311569 -0.472099
v 0.103163 0.299317 -0.472099
v 0.197583 0.311569 -0.472099
v 0.197583 0.299317 -0.472099
v 0.292003 0.311569 -0.472099
v 0.386423 0.311569 -0.472099
v 0.292003 0.299317 -0.472099
v 0.386423 0.299317 -0.472099
v 0.292003 0.299317 -0.472099
v 0.197583 0.299317 -0.472099
v 0.292003 0.274208 -0.472099
v 0.386423 0.299317 -0.472099
v 0.386423 0.274208 -0.472099
v 0.480843 0.299317 -0.472099
v 0.480843 0.274208 -0.472099
v 0.575263 0.299317 -0.472099
v 0.480843 0.299317 -0.472099
v 0.575263 0.299317 -0.472099
v 0.480843 0.311569 -0.472099
v 0.575263 0.311569 -0.472099
v 0.575263 0.311569 -0.377679
v 0.575263 0.299317 -0.377679
v 0.575263 0.311569 -0.283259
v 0.575263 0.299317 -0.283259
v 0.575263 0.311569 -0.188840
v 0.575263 0.299317 -0.188840
v 0.575263 0.311569 -0.094420
v 0.575263 0.299317 -0.094420
v 0.575263 0.311569 -0.000000
v 0.575263 0.311569 0.094420
v 0.575263 0.299317 -0.000000
v 0.575263 0.299317 -0.000000
v 0.575263 0.299317 0.094420
v 0.575263 0.299317 0.094420
v 0.575263 0.299317 0.188840
v 0.575263 0.299317 0.188840
v 0.575263 0.299317 0.283260
v 0.575263 0.311569 0.188840
v 0.575263 0.311569 0.283260
v 0.575263 0.311569 0.377679
v 0.575263 0.299317 0.377679
v 0.575263 0.311569 0.472099
v 0.575263 0.299317 0.472099
v 0.480843 0.311569 0.472099
v 0.480843 0.299317 0.472099
v 0.386423 0.311569 0.472099
v 0.292003 0.311569 0.472099
v 0.386423 0.299317 0.472099
v 0.292003 0.299317 0.472099
v 0.386423 0.299317 0.472099
v 0.386423 0.274208 0.472099
v 0.292003 0.299317 0.472099
v 0.480843 0.299317 0.472099
v 0.575263 0.299317 0.472099
v 0.480843 0.274208 0.472099
v 0.575263 0.274208 0.472099
v 0.480843 0.274208 0.377679
v 0.386423 0.274208 0.377679
v 0.575263 0.274208 0.377679
v 0.480843 0.274208 0.283260
v 0.386423 0.274208 0.283260
v 0.575263 0.274208 0.283260
v 0.480843 0.274208 0.188840
v 0.386423 0.274208 0.188840
v 0.575263 0.274208 0.188840
v 0.480843 0.274208 0.094420
v 0.575263 0.274208 0.094420
v 0.480843 0.274208 0.000000
v 0.386423 0.274208 0.094420
v 0.292003 0.274208 0.094420
v 0.386423 0.274208 0.000000
v 0.292003 0.274208 0.000000
v 0.386423 0.274208 -0.094420
v 0.292003 0.274208 -0.094420
v 0.480843 0.274208 -0.094420
v 0.386423 0.274208 -0.188840
v 0.480843 0.274208 -0.188840
v 0.386423 0.274208 -0.283259
v 0.292003 0.274208 -0.188840
v 0.197583 0.274208 -0.188840
v 0.292003 0.274208 -0.283259
v 0.197583 0.274208 -0.283259
v 0.292003 0.274208 -0.377679
v 0.197583 0.274208 -0.377679
v 0.386423 0.274208 -0.377679
v 0.480843 0.274208 -0.377679
v 0.480843 0.274208 -0.283259
v 0.575263 0.274208 -0.377679
v 0.575263 0.274208 -0.472099
v 0.575263 0.299317 -0.377679
v 0.575263 0.274208 -0.283259
v 0.575263 0.274208 -0.188840
v 0.575263 0.299317 -0.283259
v 0.575263 0.299317 -0.188840
v 0.575263 0.299317 -0.094420
v 0.575263 0.274208 -0.094420
v 0.575263 0.274208 0.000000
v 0.103163 0.274208 -0.377679
v 0.197583 0.274208 -0.472099
v 0.103163 0.274208 -0.472099
v 0.008743 0.274208 -0.472099
v 0.103163 0.299317 -0.472099
v 0.008743 0.299317 -0.472099
v -0.085676 0.299317 -0.472099
v -0.085676 0.274208 -0.472099
v -0.085676 0.274208 -0.377679
v 0.008743 0.274208 -0.377679
v -0.085676 0.274208 -0.283259
v -0.085676 0.274208 -0.188840
v 0.008743 0.274208 -0.283259
v 0.008743 0.274208 -0.188840
v 0.103163 0.274208 -0.283259
v 0.103163 0.274208 -0.188840
v 0.103163 0.274208 -0.094420
v 0.008743 0.274208 -0.094420
v 0.197583 0.274208 -0.094420
v 0.103163 0.274208 0.000000
v 0.103163 0.274208 0.094420
v 0.008743 0.274208 0.000000
v 0.197583 0.274208 0.000000
v 0.197583 0.274208 0.094420
v 0.197583 0.274208 0.188840
v 0.103163 0.274208 0.188840
v 0.292003 0.274208 0.188840
v 0.197583 0.274208 0.283260
v 0.197583 0.274208 0.377679
v 0.103163 0.274208 0.283260
v 0.292003 0.274208 0.283260
v 0.292003 0.274208 0.377679
v 0.292003 0.274208 0.472099
v 0.197583 0.274208 0.472099
v 0.103163 0.274208 0.472099
v 0.197583 0.299317 0.472099
v 0.103163 0.299317 0.472099
v 0.197583 0.299317 0.472099
v 0.103163 0.299317 0.472099
v 0.197583 0.311569 0.472099
v 0.103163 0.311569 0.472099
v 0.008743 0.311569 0.472099
v -0.085676 0.311569 0.472099
v 0.008743 0.299317 0.472099
v -0.085676 0.299317 0.472099
v 0.008743 0.299317 0.472099
v -0.085676 0.299317 0.472099
v 0.008743 0.274208 0.472099
v -0.085676 0.274208 0.472099
v 0.008743 0.274208 0.377679
v -0.085676 0.274208 0.377679
v 0.103163 0.274208 0.377679
v 0.008743 0.274208 0.283260
v -0.085676 0.274208 0.283260
v 0.008743 0.274208 0.188840
v 0.008743 0.274208 0.094420
v -0.085676 0.274208 0.188840
v -0.180097 0.274208 0.188840
v -0.085676 0.274208 0.094420
v -0.180097 0.274208 0.094420
v -0.085676 0.274208 0.000000
v -0.180097 0.274208 0.000000
v -0.085676 0.274208 -0.094420
v -0.180097 0.274208 0.283260
v -0.274516 0.274208 0.188840
v -0.180097 0.274208 0.377679
v -0.180097 0.274208 0.472099
v -0.180097 0.299317 0.472099
v -0.180097 0.299317 0.472099
v -0.274516 0.299317 0.472099
v -0.274516 0.299317 0.472099
v -0.368936 0.299317 0.472099
v -0.274516 0.311569 0.472099
v -0.180097 0.311569 0.472099
v -0.368936 0.311569 0.472099
v 0.575263 0.299317 0.283260
v 0.575263 0.299317 0.377679
v -0.368936 0.311569 -0.472099
v -0.368936 0.311569 -0.377679
v -0.368936 0.311569 -0.283259
v -0.368936 0.299317 -0.377679
v -0.368936 0.299317 -0.377679
v -0.368936 0.299317 -0.283259
v -0.368936 0.299317 -0.283259
v -0.368936 0.299317 -0.188840
v -0.368936 0.299317 -0.094420
v -0.368936 0.311569 -0.188840
v -0.368936 0.299317 -0.188840
v -0.368936 0.311569 -0.094420
vn -0.0000 -0.0000 -1.0000
vn -1.0000 -0.0000 -0.0000
vn -0.0000 1.0000 -0.0000
vn -0.0000 -1.0000 -0.0000
vn -0.0000 -0.0000 1.0000
vn 1.0000 -0.0000 -0.0000
vn -0.1552 -0.0000 0.9879
vn -0.9970 -0.0000 0.0779
vn -0.9879 -0.0000 0.1552
vn -0.0000 -0.0000 -0.0000
vn 0.9132 -0.0000 -0.4075
vn 0.5685 0.7147 -0.4075
vn -0.9773 0.1461 0.1536
vn -0.9861 0.1473 0.0770
vn -0.9890 0.1478 -0.0000
vn -0.9457 0.2890 0.1486
vn -0.9537 0.2915 0.0739
vn -0.9563 0.2923 -0.0000
vn 0.5590 0.8291 -0.0049
vn 0.5590 0.8292 -0.0049
vn 0.5571 0.8304 -0.0087
vn 0.5575 0.8301 -0.0090
vn 0.5552 0.8317 -0.0076
vn 0.5559 0.8312 -0.0082
vn 0.5568 0.8306 -0.0088
vn 0.5579 0.8299 -0.0093
vn -0.6912 0.2112 -0.6912
vn 0.6911 -0.2113 0.6911
vn -0.7028 -0.1100 -0.7028
vn 0.7028 0.1103 0.7028
vn 0.0044 0.9527 -0.3040
vn 0.0042 0.9528 -0.3037
vn 0.0048 0.9524 -0.3049
vn 0.0049 0.9523 -0.3051
vn 0.0051 0.9522 -0.3054
vn 0.0048 0.9524 -0.3047
vn -1.0000 0.0053 -0.0000
vn -0.0000 0.4624 -0.8867
vn -0.3201 0.1331 -0.9380
vn 0.2895 0.8845 0.3658
vn -0.0000 -0.9987 0.0518
vn -0.0000 0.1549 0.9879
vn -0.0000 0.1548 0.9879
vn 0.2708 0.2701 -0.9240
vn 1.0000 -0.0000 -0.0003
vn -0.0000 0.7071 -0.7071
vn -0.0682 0.7087 -0.7022
vn 0.9999 0.0107 -0.0003
vn 1.0000 0.0053 -0.0003
vn -0.0000 0.9520 -0.3061
vn -0.0027 0.9520 -0.3061
vn -0.0000 0.0777 0.9970
vn 0.0779 -0.0000 0.9970
vn 0.0773 0.0772 0.9940
vn 0.0766 0.1545 0.9850
vn 0.1548 0.0769 0.9850
vn 0.1534 0.1531 0.9762
vn 0.1552 -0.0000 0.9879
vn 0.9987 -0.0000 -0.0519
vn 0.9877 0.1478 -0.0519
vn 0.9879 -0.0000 0.1552
vn 0.9970 -0.0000 0.0779
vn 0.9864 0.1454 0.0770
vn 0.9776 0.1441 0.1536
vn 0.9893 0.1459 -0.0000
vn 0.9574 0.2886 -0.0000
vn 0.9548 0.2879 0.0747
vn 0.9468 0.2854 0.1488
vn -0.5528 0.8333 -0.0048
vn -0.5512 0.8343 -0.0089
vn -0.5509 0.8346 -0.0086
vn -0.5494 0.8355 -0.0079
vn -0.5489 0.8358 -0.0075
vn -0.5527 0.8333 -0.0048
vn -0.5516 0.8341 -0.0092
vn -0.5505 0.8348 -0.0087
vn 0.9574 0.2887 -0.0000
vn 0.0198 0.9985 0.0518
vn 0.2883 -0.9561 0.0518
vn 0.0861 0.8944 -0.4388
vn 0.0682 0.7087 -0.7022
vn -0.7022 0.7087 0.0682
vn -0.4998 0.8646 -0.0515
vn -0.0000 0.9987 -0.0515
vn 0.1924 -0.0000 -0.9813
vn -0.9813 -0.0000 0.1924
vn -0.7022 0.7088 0.0682
vn -0.7071 0.7071 -0.0000
vn -0.5527 0.8334 -0.0000
vn -0.5528 0.8333 -0.0000
vn -0.5528 0.8333 0.0048
vn -0.5527 0.8333 0.0048
vn -0.5516 0.8341 0.0092
vn -0.5512 0.8343 0.0089
vn -0.5505 0.8348 0.0087
vn -0.5497 0.8353 0.0081
vn 0.2879 -0.9550 -0.0710
vn 0.0357 0.9968 -0.0710
vn 0.0682 0.7087 0.7022
vn -0.4388 0.8944 -0.0861
vn -0.7022 0.7087 -0.0682
vn -0.0000 0.9975 0.0705
vn -0.4994 0.8635 0.0705
vn -0.0000 0.2117 -0.9773
vn -0.0000 0.2116 -0.9773
vn -0.0000 0.7071 0.7071
vn 0.1924 -0.0000 0.9813
vn 0.0682 0.7088 0.7022
vn -0.9813 -0.0000 -0.1924
vn -0.0682 0.7087 0.7022
vn -0.1924 -0.0000 0.9813
vn -0.0861 0.8944 0.4389
vn -1.0000 0.0072 -0.0000
vn 1.0000 -0.0000 0.0005
vn 1.0000 0.0074 0.0005
vn 0.0069 0.9108 0.4128
vn 0.0036 0.9104 0.4137
vn 0.0066 0.9109 0.4125
vn -0.0000 0.9104 0.4137
vn 0.0064 0.9111 0.4122
vn -0.0000 0.1065 -0.9943
vn -0.0000 0.1064 -0.9943
vn -0.2706 -0.2706 -0.9239
vn 0.0779 -0.0000 -0.9970
vn 0.0774 0.1061 -0.9913
vn 0.0760 0.2111 -0.9745
vn 0.1552 -0.0000 -0.9879
vn 0.1544 0.1053 -0.9824
vn 0.1518 0.2092 -0.9660
vn 0.9970 -0.0000 -0.0779
vn 0.9879 -0.0000 -0.1552
vn 0.9775 0.1443 -0.1536
vn 0.9864 0.1454 -0.0770
vn 0.6989 -0.1515 0.6989
vn -0.6916 -0.2083 -0.6916
vn 0.9468 0.2854 -0.1488
vn 0.9548 0.2878 -0.0747
vn -0.5509 0.8345 0.0086
vn -0.5489 0.8358 0.0075
vn 0.6916 0.2085 0.6916
vn 0.0900 -0.0000 0.9959
vn 0.9132 -0.0000 0.4075
vn 0.9877 0.1478 0.0519
vn 0.2706 0.2706 -0.9239
vn 0.9987 -0.0000 0.0519
vn 0.5590 0.8292 -0.0000
vn 0.5590 0.8291 -0.0000
vn 0.7071 0.7071 -0.0000
vn 0.7022 0.7087 0.0682
vn 0.4388 0.8944 0.0861
vn 0.9813 -0.0000 0.1924
vn -0.1924 -0.0000 -0.9813
vn -0.0682 0.7088 -0.7022
vn 0.7022 0.7087 -0.0682
vn 0.5590 0.8291 0.0049
vn 0.5579 0.8299 0.0093
vn 0.5575 0.8301 0.0090
vn 0.5568 0.8306 0.0088
vn 0.5559 0.8312 0.0082
vn 0.5571 0.8304 0.0087
vn 0.5590 0.8292 0.0049
vn 0.5552 0.8317 0.0076
vn -0.6912 0.2112 0.6911
vn 0.6912 -0.2112 -0.6912
vn 0.6990 0.1513 -0.6990
vn -0.6989 -0.1516 0.6989
vn -0.0775 0.1062 -0.9913
vn -0.1544 0.1052 -0.9824
vn -0.1518 0.2092 -0.9660
vn -0.0761 0.2111 -0.9745
vn -0.0779 -0.0000 -0.9970
vn -0.1552 -0.0000 -0.9879
vn -0.9773 0.1461 -0.1536
vn -0.9861 0.1473 -0.0770
vn -0.9537 0.2915 -0.0739
vn -0.9457 0.2890 -0.1486
vn -0.9879 -0.0000 -0.1552
vn -0.9970 -0.0000 -0.0779
vn 0.5687 0.7145 0.4075
vn 0.0056 0.9118 0.4107
vn 0.0059 0.9116 0.4110
vn 0.0065 0.9112 0.4119
vn -0.9975 0.0073 0.0705
vn -0.0000 -0.9975 -0.0710
vn 0.3251 0.9430 -0.0710
vn -0.9563 0.2922 -0.0000
vn 0.9813 -0.0000 -0.1924
vn 0.7022 0.7088 -0.0682
vn -0.6990 0.1513 -0.6990
vn -0.0069 0.9108 0.4128
vn -0.0065 0.9112 0.4119
vn -0.0059 0.9116 0.4110
vn -0.0066 0.9109 0.4125
vn -0.0064 0.9111 0.4122
vn -0.0056 0.9118 0.4107
vn -0.0036 0.9104 0.4137
vn 1.0000 0.0072 0.0005
vn 0.9999 0.0146 0.0005
vn 1.0000 0.0072 -0.0000
vn -0.0519 -0.0000 0.9987
vn -0.0779 -0.0000 0.9970
vn -0.0773 0.0772 0.9940
vn -0.0766 0.1545 0.9850
vn 0.0027 0.9520 -0.3061
vn -0.1548 0.0768 0.9850
vn -0.1534 0.1531 0.9762
vn -0.7028 0.1102 0.7028
vn 0.6916 0.2085 -0.6916
vn -0.6916 -0.2083 0.6915
vn 0.7028 -0.1102 -0.7028
vn -0.0048 0.9524 -0.3047
vn -0.0051 0.9522 -0.3054
vn -0.0049 0.9523 -0.3051
vn -0.0044 0.9527 -0.3040
vn -0.0048 0.9524 -0.3049
vn -0.0042 0.9528 -0.3037
vn 1.0000 0.0053 -0.0000
vt 0.680647 0.414606
vt 0.680647 0.352874
vt 0.727718 0.352874
vt 0.727718 0.414606
vt 0.477747 0.172656
vt 0.456341 0.213035
vt 0.463418 0.189637
vt 0.489834 0.191665
vt 0.411833 0.210846
vt 0.388867 0.172656
vt 0.401013 0.191983
vt 0.426045 0.190038
vt 0.590760 0.083195
vt 0.652490 0.083195
vt 0.652490 0.130266
vt 0.590760 0.130266
vt 0.652490 0.271478
vt 0.590760 0.271478
vt 0.590760 0.224407
vt 0.652490 0.224407
vt 0.680221 0.422739
vt 0.741950 0.422739
vt 0.741950 0.469810
vt 0.680221 0.469810
vt 0.741950 0.516882
vt 0.680221 0.516882
vt 0.590760 0.177336
vt 0.652490 0.177336
vt 0.741950 0.563944
vt 0.680221 0.563944
vt 0.741950 0.611016
vt 0.680221 0.611016
vt 0.680221 0.672748
vt 0.741950 0.672748
vt 0.500000 0.195021
vt 0.561729 0.195021
vt 0.561729 0.242091
vt 0.500000 0.242091
vt 0.131895 0.233024
vt 0.081178 0.272282
vt 0.077834 0.252081
vt 0.126300 0.250381
vt 0.010000 0.272282
vt 0.015595 0.254925
vt 0.060727 0.233024
vt 0.064061 0.253225
vt 0.588605 0.349685
vt 0.650327 0.349689
vt 0.650327 0.411419
vt 0.588585 0.411414
vt 0.588605 0.326667
vt 0.661829 0.338180
vt 0.673351 0.411419
vt 0.780897 0.351771
vt 0.780897 0.425912
vt 0.796696 0.425912
vt 0.796696 0.351771
vt 0.780896 0.487635
vt 0.796695 0.487635
vt 0.650327 0.473148
vt 0.673351 0.473150
vt 0.813112 0.351771
vt 0.813112 0.425912
vt 0.813111 0.487635
vt 0.000000 1.000000
vt 0.578175 0.295684
vt 0.652433 0.297363
vt 0.652101 0.313406
vt 0.578038 0.311689
vt 0.516413 0.295677
vt 0.516374 0.311701
vt 0.652121 0.314665
vt 0.578116 0.319046
vt 0.516355 0.318432
vt 0.503838 0.286501
vt 0.503838 0.279856
vt 0.565561 0.280470
vt 0.565561 0.286493
vt 0.627303 0.281084
vt 0.627303 0.286484
vt 0.010000 0.286484
vt 0.071723 0.286494
vt 0.071723 0.280472
vt 0.010000 0.281084
vt 0.133464 0.286502
vt 0.133464 0.279858
vt 0.655786 0.326627
vt 0.642324 0.325145
vt 0.642324 0.328050
vt 0.655511 0.326724
vt 0.758857 0.354832
vt 0.761008 0.352707
vt 0.772448 0.425929
vt 0.771101 0.426033
vt 0.749432 0.425927
vt 0.749486 0.364203
vt 0.442096 0.286508
vt 0.442096 0.279863
vt 0.446468 0.249995
vt 0.384738 0.249995
vt 0.384737 0.271674
vt 0.446467 0.271674
vt 0.508096 0.249917
vt 0.508198 0.271576
vt 0.195187 0.286509
vt 0.195187 0.279864
vt 0.323009 0.249995
vt 0.323008 0.271674
vt 0.256909 0.286513
vt 0.256909 0.279868
vt 0.318651 0.286515
vt 0.318651 0.279870
vt 0.380374 0.286513
vt 0.380374 0.279868
vt 0.261279 0.249995
vt 0.261279 0.271674
vt 0.295158 0.242457
vt 0.233436 0.242443
vt 0.233436 0.220771
vt 0.295178 0.220786
vt 0.356900 0.242472
vt 0.356900 0.220801
vt 0.233436 0.219424
vt 0.295178 0.219438
vt 0.356900 0.219454
vt 0.392929 0.311580
vt 0.454652 0.311637
vt 0.454632 0.318363
vt 0.392910 0.318307
vt 0.392929 0.295561
vt 0.454671 0.295618
vt 0.010000 0.297380
vt 0.084122 0.295646
vt 0.084317 0.311653
vt 0.010292 0.313406
vt 0.145981 0.295560
vt 0.146020 0.311592
vt 0.146020 0.318323
vt 0.084239 0.319012
vt 0.010273 0.314665
vt 0.772393 0.487652
vt 0.771046 0.487652
vt 0.749377 0.487652
vt 0.579295 0.262121
vt 0.569929 0.271479
vt 0.749376 0.611098
vt 0.749377 0.672822
vt 0.771046 0.672822
vt 0.771045 0.611098
vt 0.772392 0.611098
vt 0.772394 0.672821
vt 0.269464 0.311534
vt 0.331207 0.311545
vt 0.331187 0.318272
vt 0.269464 0.318262
vt 0.771044 0.549376
vt 0.772391 0.549376
vt 0.207742 0.311546
vt 0.207742 0.318273
vt 0.269464 0.295516
vt 0.331207 0.295526
vt 0.207742 0.295532
vt 0.796695 0.549357
vt 0.796695 0.611099
vt 0.813111 0.611099
vt 0.813111 0.549357
vt 0.780896 0.549357
vt 0.780896 0.611099
vt 0.256909 0.194556
vt 0.331050 0.194554
vt 0.331050 0.210970
vt 0.256909 0.210972
vt 0.256909 0.178757
vt 0.331050 0.178755
vt 0.094747 0.349683
vt 0.033024 0.349688
vt 0.021502 0.338180
vt 0.094747 0.326665
vt 0.033024 0.411417
vt 0.010000 0.411419
vt 0.094747 0.411412
vt 0.033024 0.473147
vt 0.010000 0.473149
vt 0.094747 0.473141
vt 0.156489 0.473137
vt 0.156469 0.411407
vt 0.156469 0.349678
vt 0.218211 0.473134
vt 0.218211 0.411405
vt 0.218211 0.349676
vt 0.279934 0.411403
vt 0.279934 0.349674
vt 0.279934 0.473132
vt 0.218211 0.326657
vt 0.279934 0.326656
vt 0.156469 0.326660
vt 0.071722 0.178758
vt 0.133445 0.178759
vt 0.133445 0.194558
vt 0.071722 0.194557
vt 0.195187 0.178758
vt 0.195187 0.194557
vt 0.195187 0.210973
vt 0.133445 0.210974
vt 0.071722 0.210973
vt 0.010000 0.194554
vt 0.010000 0.210970
vt 0.796696 0.672822
vt 0.813112 0.672822
vt 0.780897 0.672822
vt 0.010000 0.178755
vt 0.341676 0.349675
vt 0.341676 0.326656
vt 0.403398 0.349676
vt 0.403398 0.326658
vt 0.403398 0.411405
vt 0.341676 0.411403
vt 0.341676 0.473132
vt 0.403398 0.473134
vt 0.465140 0.473136
vt 0.465140 0.411407
vt 0.465140 0.349679
vt 0.526863 0.473139
vt 0.526863 0.411410
vt 0.526863 0.349682
vt 0.588585 0.473143
vt 0.650327 0.534878
vt 0.588585 0.534872
vt 0.526863 0.534868
vt 0.588585 0.596601
vt 0.526863 0.596596
vt 0.650327 0.596608
vt 0.465121 0.596593
vt 0.465140 0.534865
vt 0.403398 0.534862
vt 0.403398 0.596591
vt 0.465121 0.658322
vt 0.403398 0.658320
vt 0.526863 0.658326
vt 0.341676 0.658320
vt 0.341676 0.596590
vt 0.341676 0.534861
vt 0.279934 0.658320
vt 0.279934 0.596591
vt 0.279934 0.534862
vt 0.218211 0.596592
vt 0.218211 0.534863
vt 0.156489 0.596595
vt 0.156489 0.534866
vt 0.094747 0.596600
vt 0.094747 0.534871
vt 0.033024 0.596606
vt 0.033024 0.534876
vt 0.010000 0.596608
vt 0.010000 0.534879
vt 0.033024 0.658336
vt 0.010000 0.658339
vt 0.094747 0.658330
vt 0.033024 0.720066
vt 0.010000 0.720069
vt 0.749375 0.549375
vt 0.509844 0.160456
vt 0.509785 0.161807
vt 0.448180 0.163529
vt 0.448141 0.162182
vt 0.386457 0.165142
vt 0.386438 0.163794
vt 0.324754 0.166740
vt 0.324715 0.165393
vt 0.672822 0.979834
vt 0.669824 0.979386
vt 0.670113 0.979327
vt 0.672822 0.978918
vt 0.664065 0.987018
vt 0.664689 0.990000
vt 0.663441 0.990000
vt 0.664006 0.987318
vt 0.033024 0.781796
vt 0.033024 0.843526
vt 0.010020 0.843529
vt 0.010000 0.781799
vt 0.033024 0.905257
vt 0.010020 0.905259
vt 0.094766 0.843520
vt 0.094747 0.781790
vt 0.094747 0.720060
vt 0.156489 0.781785
vt 0.156489 0.720055
vt 0.156489 0.658325
vt 0.218211 0.720052
vt 0.218211 0.658322
vt 0.279934 0.720050
vt 0.341676 0.720049
vt 0.341676 0.781778
vt 0.279934 0.781779
vt 0.218211 0.781781
vt 0.279934 0.843509
vt 0.218211 0.843511
vt 0.341676 0.843508
vt 0.156489 0.843515
vt 0.218211 0.905241
vt 0.156489 0.905245
vt 0.279934 0.905239
vt 0.094766 0.905250
vt 0.156489 0.966975
vt 0.094766 0.966981
vt 0.033024 0.966987
vt 0.021522 0.978498
vt 0.094766 0.990000
vt 0.156489 0.989994
vt 0.218211 0.966971
vt 0.279934 0.966969
vt 0.279934 0.989988
vt 0.218211 0.989991
vt 0.341676 0.966968
vt 0.341676 0.905238
vt 0.341656 0.989987
vt 0.403398 0.966969
vt 0.403398 0.989988
vt 0.403398 0.905239
vt 0.465121 0.966971
vt 0.526843 0.966975
vt 0.526843 0.989994
vt 0.465121 0.989990
vt 0.465121 0.905241
vt 0.526843 0.905245
vt 0.465121 0.843511
vt 0.526863 0.843515
vt 0.403398 0.843509
vt 0.465121 0.781781
vt 0.526863 0.781785
vt 0.403398 0.781779
vt 0.465121 0.720052
vt 0.526863 0.720055
vt 0.403398 0.720050
vt 0.588585 0.781790
vt 0.588585 0.720060
vt 0.588585 0.658331
vt 0.650327 0.658337
vt 0.650327 0.720067
vt 0.673332 0.658340
vt 0.673332 0.720069
vt 0.673332 0.596610
vt 0.673351 0.534880
vt 0.650308 0.905256
vt 0.650308 0.843526
vt 0.673332 0.843528
vt 0.673332 0.905258
vt 0.650308 0.781796
vt 0.673332 0.781799
vt 0.588585 0.905250
vt 0.588585 0.843519
vt 0.588585 0.966980
vt 0.650308 0.966986
vt 0.588566 0.989998
vt 0.661810 0.978496
vt 0.583361 0.169914
vt 0.581275 0.172114
vt 0.843553 0.599603
vt 0.843497 0.661330
vt 0.834138 0.670694
vt 0.821885 0.599509
vt 0.820538 0.599613
vt 0.831978 0.672822
vt 0.843610 0.537875
vt 0.821943 0.537888
vt 0.820595 0.537889
vt 0.843572 0.476151
vt 0.821903 0.476167
vt 0.820556 0.476167
vt 0.843534 0.414425
vt 0.821858 0.414451
vt 0.820512 0.414416
vt 0.199549 0.271674
vt 0.199549 0.249995
vt 0.263012 0.166983
vt 0.263051 0.168330
vt 0.201329 0.169914
vt 0.201309 0.168567
vt 0.526863 0.326663
vt 0.465140 0.326660
vt 0.171694 0.220766
vt 0.171733 0.219419
vt 0.171713 0.242435
vt 0.010786 0.336260
vt 0.011409 0.333278
vt 0.011468 0.333586
vt 0.012033 0.336260
vt 0.021868 0.330184
vt 0.021536 0.327178
vt 0.022199 0.327178
vt 0.021907 0.329894
vt 0.480345 0.242405
vt 0.418623 0.242438
vt 0.418525 0.220767
vt 0.489723 0.233036
vt 0.418623 0.219419
vt 0.491867 0.230899
vt 0.990000 0.681349
vt 0.990000 0.743090
vt 0.928270 0.743090
vt 0.928270 0.681349
vt 0.866541 0.743090
vt 0.866541 0.681349
vt 0.804811 0.743090
vt 0.804811 0.681349
vt 0.743082 0.743090
vt 0.743082 0.681349
vt 0.681352 0.743090
vt 0.681352 0.681349
vt 0.669149 0.332880
vt 0.730872 0.332880
vt 0.730872 0.271151
vt 0.669149 0.271150
vt 0.730872 0.209421
vt 0.669149 0.209421
vt 0.792614 0.332880
vt 0.792614 0.271151
vt 0.792614 0.209421
vt 0.730872 0.147692
vt 0.669149 0.147692
vt 0.792614 0.147692
vt 0.730872 0.085962
vt 0.669149 0.085962
vt 0.792614 0.085963
vt 0.730872 0.024233
vt 0.669149 0.024232
vt 0.792614 0.024233
vt 0.866541 0.990000
vt 0.928271 0.990000
vt 0.928270 0.928277
vt 0.866541 0.928277
vt 0.990000 0.990000
vt 0.990000 0.928277
vt 0.928270 0.866535
vt 0.866541 0.866535
vt 0.990000 0.866535
vt 0.928270 0.804813
vt 0.866541 0.804813
vt 0.990000 0.804813
vt 0.804811 0.804813
vt 0.854336 0.332880
vt 0.854336 0.271151
vt 0.854336 0.209421
vt 0.854336 0.147692
vt 0.916059 0.271150
vt 0.916059 0.209421
vt 0.916059 0.147692
vt 0.854336 0.085963
vt 0.916059 0.085962
vt 0.854336 0.024233
vt 0.916059 0.024233
vt 0.977801 0.147691
vt 0.977801 0.085962
vt 0.977801 0.024232
vt 0.977801 0.209421
vt 0.977801 0.271150
vt 0.916059 0.332880
vt 0.977801 0.332879
vt 0.743082 0.928277
vt 0.743082 0.990000
vt 0.681353 0.990000
vt 0.681353 0.928277
vt 0.743082 0.804813
vt 0.681352 0.804813
vt 0.681352 0.866535
vt 0.743082 0.866535
vt 0.804811 0.866535
vt 0.804811 0.928277
vt 0.804812 0.990000
s 1
usemtl Material.005
f 2001/1444/1669 2002/1445/1669 2006/1446/1669 2004/1447/1669
f 2003/1444/1670 2001/1445/1670 2004/1446/1670 2007/1447/1670
f 2004/1448/1669 2005/1449/1669 2012/1450/1669 2009/1451/1669
f 2005/1452/1670 2004/1453/1670 2008/1454/1670 2077/1455/1670
f 2004/1453/1671 2006/1448/1671 2075/1451/1671 2008/1454/1671
f 2007/1453/1671 2004/1448/1671 2009/1451/1671 2011/1454/1671
f 2009/1448/1669 2012/1449/1669 2013/1450/1669 2010/1451/1669
f 2011/1453/1671 2009/1448/1671 2010/1451/1671 2017/1454/1671
f 2005/1449/1672 2015/1452/1672 2014/1455/1672 2012/1450/1672
f 2012/1449/1672 2014/1452/1672 2016/1455/1672 2013/1450/1672
f 2014/1452/1673 2011/1453/1673 2017/1454/1673 2016/1455/1673
f 2015/1452/1673 2007/1453/1673 2011/1454/1673 2014/1455/1673
f 2016/1449/1670 2017/1448/1670 2019/1451/1670 2018/1450/1670
f 2013/1452/1670 2016/1449/1670 2018/1450/1670 2020/1455/1670
f 2018/1449/1673 2019/1448/1673 2022/1451/1673 2021/1450/1673
f 2020/1452/1672 2018/1449/1672 2021/1450/1672 2023/1455/1672
f 2021/1448/1670 2022/1449/1670 2025/1450/1670 2024/1451/1670
f 2023/1453/1670 2021/1448/1670 2024/1451/1670 2026/1454/1670
f 2024/1452/1673 2025/1453/1673 2028/1454/1673 2027/1455/1673
f 2026/1449/1672 2024/1452/1672 2027/1455/1672 2029/1450/1672
f 2027/1448/1670 2028/1449/1670 2031/1450/1670 2030/1451/1670
f 2029/1453/1670 2027/1448/1670 2030/1451/1670 2032/1454/1670
f 2034/1452/1670 2029/1453/1670 2032/1454/1670 2033/1455/1670
f 2028/1449/1670 2034/1452/1670 2033/1455/1670 2031/1450/1670
f 2025/1453/1671 2035/1448/1671 2034/1451/1671 2028/1454/1671
f 2035/1448/1669 2026/1449/1669 2029/1450/1669 2034/1451/1669
f 2036/1452/1670 2023/1453/1670 2026/1454/1670 2035/1455/1670
f 2022/1449/1670 2036/1452/1670 2035/1455/1670 2025/1450/1670
f 2019/1448/1671 2037/1453/1671 2036/1454/1671 2022/1451/1671
f 2037/1453/1669 2020/1452/1669 2023/1455/1669 2036/1454/1669
f 2010/1453/1670 2013/1452/1670 2020/1455/1670 2037/1454/1670
f 2017/1448/1670 2010/1453/1670 2037/1454/1670 2019/1451/1670
f 2015/1456/1670 2005/1457/1670 2102/1458/1670 2038/1459/1670
f 2007/1448/1670 2015/1449/1670 2039/1450/1670 2139/1451/1670
f 2040/1460/1673 2015/1461/1673 2038/1462/1673 2042/1463/1673
f 2015/1449/1672 2040/1452/1672 2044/1455/1672 2039/1450/1672
f 2040/1452/1674 2041/1453/1674 2114/1454/1674 2044/1455/1674
f 2041/1448/1673 2040/1449/1673 2043/1450/1673 2074/1451/1673
f 2045/1464/1674 2040/1465/1674 2042/1466/1674 2046/1467/1674
f 2040/1449/1672 2045/1452/1672 2048/1455/1672 2043/1450/1672
f 2045/1449/1672 2005/1452/1672 2077/1455/1672 2047/1450/1672
f 2005/1460/1669 2045/1461/1669 2046/1462/1669 2102/1463/1669
f 2045/1452/1669 2006/1453/1669 2049/1454/1669 2048/1455/1669
f 2006/1448/1674 2045/1449/1674 2047/1450/1674 2075/1451/1674
f 2048/1452/1669 2049/1453/1669 2051/1454/1669 2050/1455/1669
f 2043/1449/1672 2048/1452/1672 2050/1455/1672 2052/1450/1672
f 2050/1453/1674 2051/1452/1674 2054/1455/1674 2053/1454/1674
f 2052/1448/1674 2050/1453/1674 2053/1454/1674 2055/1451/1674
f 2053/1449/1669 2054/1448/1669 2057/1451/1669 2056/1450/1669
f 2055/1452/1672 2053/1449/1672 2056/1450/1672 2058/1455/1672
f 2056/1448/1674 2057/1449/1674 2060/1450/1674 2059/1451/1674
f 2058/1453/1674 2056/1448/1674 2059/1451/1674 2061/1454/1674
f 2059/1452/1669 2060/1453/1669 2063/1454/1669 2062/1455/1669
f 2061/1449/1672 2059/1452/1672 2062/1455/1672 2064/1450/1672
f 2062/1452/1674 2063/1453/1674 2066/1454/1674 2065/1455/1674
f 2064/1449/1674 2062/1452/1674 2065/1455/1674 2067/1450/1674
f 2069/1448/1674 2064/1449/1674 2067/1450/1674 2068/1451/1674
f 2063/1453/1674 2069/1448/1674 2068/1451/1674 2066/1454/1674
f 2060/1453/1671 2070/1448/1671 2069/1451/1671 2063/1454/1671
f 2070/1448/1673 2061/1449/1673 2064/1450/1673 2069/1451/1673
f 2057/1449/1674 2071/1452/1674 2070/1455/1674 2060/1450/1674
f 2071/1452/1674 2058/1453/1674 2061/1454/1674 2070/1455/1674
f 2054/1448/1671 2072/1453/1671 2071/1454/1671 2057/1451/1671
f 2072/1453/1673 2055/1452/1673 2058/1455/1673 2071/1454/1673
f 2073/1449/1674 2052/1448/1674 2055/1451/1674 2072/1450/1674
f 2051/1452/1674 2073/1449/1674 2072/1450/1674 2054/1455/1674
f 2049/1453/1671 2074/1448/1671 2073/1451/1671 2051/1454/1671
f 2074/1448/1673 2043/1449/1673 2052/1450/1673 2073/1451/1673
f 2006/1453/1671 2041/1448/1671 2074/1451/1671 2049/1454/1671
f 2075/1448/1674 2047/1449/1674 2076/1450/1674 2100/1451/1674
f 2047/1449/1672 2077/1452/1672 2078/1455/1672 2076/1450/1672
f 2077/1452/1670 2008/1453/1670 2079/1454/1670 2078/1455/1670
f 2078/1452/1669 2079/1453/1669 2081/1454/1669 2080/1455/1669
f 2076/1449/1669 2078/1452/1669 2080/1455/1669 2082/1450/1669
f 2080/1449/1670 2081/1448/1670 2084/1451/1670 2083/1450/1670
f 2082/1452/1672 2080/1449/1672 2083/1450/1672 2085/1455/1672
f 2083/1448/1669 2084/1449/1669 2087/1450/1669 2086/1451/1669
f 2085/1453/1669 2083/1448/1669 2086/1451/1669 2088/1454/1669
f 2086/1452/1670 2087/1453/1670 2090/1454/1670 2089/1455/1670
f 2088/1449/1672 2086/1452/1672 2089/1455/1672 2091/1450/1672
f 2089/1449/1669 2090/1448/1669 2093/1451/1669 2092/1450/1669
f 2091/1452/1669 2089/1449/1669 2092/1450/1669 2094/1455/1669
f 2096/1453/1669 2091/1452/1669 2094/1455/1669 2095/1454/1669
f 2090/1448/1669 2096/1453/1669 2095/1454/1669 2093/1451/1669
f 2087/1453/1671 2097/1448/1671 2096/1451/1671 2090/1454/1671
f 2097/1448/1674 2088/1449/1674 2091/1450/1674 2096/1451/1674
f 2084/1449/1669 2098/1452/1669 2097/1455/1669 2087/1450/1669
f 2098/1452/1669 2085/1453/1669 2088/1454/1669 2097/1455/1669
f 2081/1448/1671 2099/1453/1671 2098/1454/1671 2084/1451/1671
f 2099/1453/1674 2082/1452/1674 2085/1455/1674 2098/1454/1674
f 2079/1453/1669 2100/1448/1669 2099/1451/1669 2081/1454/1669
f 2100/1448/1669 2076/1449/1669 2082/1450/1669 2099/1451/1669
f 2008/1453/1671 2075/1448/1671 2100/1451/1671 2079/1454/1671
f 2046/1467/1674 2042/1466/1674 2107/1468/1674 2101/1469/1674
f 2102/1463/1669 2046/1462/1669 2101/1470/1669 2103/1471/1669
f 2038/1459/1670 2102/1458/1670 2103/1471/1670 2105/1470/1670
f 2105/1470/1670 2103/1471/1670 2104/1463/1670 2106/1462/1670
f 2103/1471/1669 2101/1470/1669 2110/1459/1669 2104/1458/1669
f 2042/1463/1673 2038/1462/1673 2105/1470/1673 2107/1471/1673
f 2107/1471/1673 2105/1470/1673 2106/1459/1673 2108/1458/1673
f 2101/1469/1674 2107/1468/1674 2108/1472/1674 2110/1473/1674
f 2108/1458/1673 2106/1459/1673 2113/1456/1673 2109/1457/1673
f 2110/1473/1674 2108/1472/1674 2109/1474/1674 2111/1475/1674
f 2104/1458/1669 2110/1459/1669 2111/1456/1669 2112/1457/1669
f 2112/1476/1672 2111/1475/1672 2109/1474/1672 2113/1477/1672
f 2106/1462/1670 2104/1463/1670 2112/1460/1670 2113/1461/1670
f 2044/1452/1674 2114/1453/1674 2116/1454/1674 2115/1455/1674
f 2039/1449/1672 2044/1452/1672 2115/1455/1672 2117/1450/1672
f 2115/1449/1673 2116/1448/1673 2119/1451/1673 2118/1450/1673
f 2117/1452/1673 2115/1449/1673 2118/1450/1673 2120/1455/1673
f 2118/1449/1674 2119/1448/1674 2122/1451/1674 2121/1450/1674
f 2120/1452/1672 2118/1449/1672 2121/1450/1672 2123/1455/1672
f 2121/1448/1673 2122/1449/1673 2125/1450/1673 2124/1451/1673
f 2123/1453/1673 2121/1448/1673 2124/1451/1673 2126/1454/1673
f 2124/1452/1674 2125/1453/1674 2128/1454/1674 2127/1455/1674
f 2126/1449/1672 2124/1452/1672 2127/1455/1672 2129/1450/1672
f 2127/1448/1673 2128/1449/1673 2131/1450/1673 2130/1451/1673
f 2129/1453/1673 2127/1448/1673 2130/1451/1673 2132/1454/1673
f 2134/1452/1673 2129/1453/1673 2132/1454/1673 2133/1455/1673
f 2128/1449/1673 2134/1452/1673 2133/1455/1673 2131/1450/1673
f 2125/1453/1671 2135/1448/1671 2134/1451/1671 2128/1454/1671
f 2135/1448/1670 2126/1449/1670 2129/1450/1670 2134/1451/1670
f 2136/1452/1673 2123/1453/1673 2126/1454/1673 2135/1455/1673
f 2122/1449/1673 2136/1452/1673 2135/1455/1673 2125/1450/1673
f 2119/1448/1671 2137/1453/1671 2136/1454/1671 2122/1451/1671
f 2137/1453/1670 2120/1452/1670 2123/1455/1670 2136/1454/1670
f 2116/1448/1673 2138/1453/1673 2137/1454/1673 2119/1451/1673
f 2138/1453/1673 2117/1452/1673 2120/1455/1673 2137/1454/1673
f 2139/1448/1670 2039/1449/1670 2117/1450/1670 2138/1451/1670
f 2114/1453/1671 2139/1448/1671 2138/1451/1671 2116/1454/1671
f 2041/1453/1671 2007/1448/1671 2139/1451/1671 2114/1454/1671
f 2140/1444/1673 2003/1445/1673 2007/1446/1673 2041/1447/1673
f 2002/1444/1674 2140/1445/1674 2041/1446/1674 2006/1447/1674
f 2150/1476/1672 2156/1475/1672 2162/1474/1672 2168/1477/1672
f 2141/1444/1669 2142/1445/1669 2151/1446/1669 2145/1447/1669
f 2146/1456/1669 2152/1457/1669 2153/1458/1669 2147/1459/1669
f 2147/1459/1669 2153/1458/1669 2154/1471/1669 2148/1470/1669
f 2148/1470/1669 2154/1471/1669 2155/1463/1669 2149/1462/1669
f 2149/1462/1669 2155/1463/1669 2156/1460/1669 2150/1461/1669
f 2142/1444/1674 2144/1445/1674 2157/1446/1674 2151/1447/1674
f 2152/1464/1674 2158/1465/1674 2159/1466/1674 2153/1467/1674
f 2153/1467/1674 2159/1466/1674 2160/1468/1674 2154/1469/1674
f 2154/1469/1674 2160/1468/1674 2161/1472/1674 2155/1473/1674
f 2155/1473/1674 2161/1472/1674 2162/1474/1674 2156/1475/1674
f 2144/1478/1673 2143/1479/1673 2163/1480/1673 2157/1481/1673
f 2158/1460/1673 2164/1461/1673 2165/1462/1673 2159/1463/1673
f 2159/1463/1673 2165/1462/1673 2166/1470/1673 2160/1471/1673
f 2160/1471/1673 2166/1470/1673 2167/1459/1673 2161/1458/1673
f 2161/1458/1673 2167/1459/1673 2168/1456/1673 2162/1457/1673
f 2143/1444/1670 2141/1445/1670 2145/1446/1670 2163/1447/1670
f 2164/1460/1670 2146/1461/1670 2147/1462/1670 2165/1463/1670
f 2165/1463/1670 2147/1462/1670 2148/1470/1670 2166/1471/1670
f 2166/1471/1670 2148/1470/1670 2149/1459/1670 2167/1458/1670
f 2167/1458/1670 2149/1459/1670 2150/1456/1670 2168/1457/1670
f 2145/1453/1671 2151/1448/1671 2171/1451/1671 2169/1454/1671
f 2169/1453/1671 2171/1448/1671 2172/1451/1671 2170/1454/1671
f 2151/1448/1674 2152/1449/1674 2173/1450/1674 2171/1451/1674
f 2171/1448/1674 2173/1449/1674 2174/1450/1674 2172/1451/1674
f 2152/1449/1672 2146/1452/1672 2175/1455/1672 2173/1450/1672
f 2173/1449/1672 2175/1452/1672 2176/1455/1672 2174/1450/1672
f 2146/1452/1670 2145/1453/1670 2169/1454/1670 2175/1455/1670
f 2175/1452/1670 2169/1453/1670 2170/1454/1670 2176/1455/1670
f 2151/1453/1671 2157/1448/1671 2179/1451/1671 2177/1454/1671
f 2177/1453/1671 2179/1448/1671 2180/1451/1671 2178/1454/1671
f 2157/1448/1673 2158/1449/1673 2181/1450/1673 2179/1451/1673
f 2179/1448/1673 2181/1449/1673 2182/1450/1673 2180/1451/1673
f 2158/1449/1672 2152/1452/1672 2183/1455/1672 2181/1450/1672
f 2181/1449/1672 2183/1452/1672 2184/1455/1672 2182/1450/1672
f 2152/1452/1669 2151/1453/1669 2177/1454/1669 2183/1455/1669
f 2183/1452/1669 2177/1453/1669 2178/1454/1669 2184/1455/1669
f 2157/1453/1671 2163/1448/1671 2185/1451/1671 2187/1454/1671
f 2187/1453/1671 2185/1448/1671 2186/1451/1671 2188/1454/1671
f 2163/1448/1670 2164/1449/1670 2189/1450/1670 2185/1451/1670
f 2185/1448/1670 2189/1449/1670 2190/1450/1670 2186/1451/1670
f 2164/1449/1672 2158/1452/1672 2191/1455/1672 2189/1450/1672
f 2189/1449/1672 2191/1452/1672 2192/1455/1672 2190/1450/1672
f 2158/1452/1674 2157/1453/1674 2187/1454/1674 2191/1455/1674
f 2191/1452/1674 2187/1453/1674 2188/1454/1674 2192/1455/1674
f 2163/1453/1671 2145/1448/1671 2193/1451/1671 2195/1454/1671
f 2195/1453/1671 2193/1448/1671 2194/1451/1671 2196/1454/1671
f 2145/1448/1669 2146/1449/1669 2197/1450/1669 2193/1451/1669
f 2193/1448/1669 2197/1449/1669 2198/1450/1669 2194/1451/1669
f 2146/1449/1672 2164/1452/1672 2199/1455/1672 2197/1450/1672
f 2197/1449/1672 2199/1452/1672 2200/1455/1672 2198/1450/1672
f 2164/1452/1673 2163/1453/1673 2195/1454/1673 2199/1455/1673
f 2199/1452/1673 2195/1453/1673 2196/1454/1673 2200/1455/1673
f 2170/1449/1669 2172/1452/1669 2202/1455/1669 2201/1450/1669
f 2172/1452/1669 2174/1453/1669 2203/1454/1669 2202/1455/1669
f 2174/1453/1669 2176/1448/1669 2204/1451/1669 2203/1454/1669
f 2176/1448/1669 2170/1449/1669 2201/1450/1669 2204/1451/1669
f 2178/1448/1674 2180/1453/1674 2206/1454/1674 2205/1451/1674
f 2180/1453/1674 2182/1452/1674 2207/1455/1674 2206/1454/1674
f 2182/1452/1674 2184/1449/1674 2208/1450/1674 2207/1455/1674
f 2184/1449/1674 2178/1448/1674 2205/1451/1674 2208/1450/1674
f 2188/1449/1673 2186/1452/1673 2209/1455/1673 2210/1450/1673
f 2186/1452/1673 2190/1453/1673 2211/1454/1673 2209/1455/1673
f 2190/1453/1673 2192/1448/1673 2212/1451/1673 2211/1454/1673
f 2192/1448/1673 2188/1449/1673 2210/1450/1673 2212/1451/1673
f 2196/1449/1670 2194/1452/1670 2213/1455/1670 2214/1450/1670
f 2194/1452/1670 2198/1453/1670 2215/1454/1670 2213/1455/1670
f 2198/1453/1670 2200/1448/1670 2216/1451/1670 2215/1454/1670
f 2200/1448/1670 2196/1449/1670 2214/1450/1670 2216/1451/1670
f 2201/1448/1671 2202/1453/1671 2218/1454/1671 2217/1451/1671
f 2202/1453/1674 2203/1452/1674 2219/1455/1674 2218/1454/1674
f 2203/1452/1672 2204/1449/1672 2220/1450/1672 2219/1455/1672
f 2204/1449/1670 2201/1448/1670 2217/1451/1670 2220/1450/1670
f 2205/1448/1671 2206/1453/1671 2222/1454/1671 2221/1451/1671
f 2206/1453/1673 2207/1452/1673 2223/1455/1673 2222/1454/1673
f 2207/1452/1672 2208/1449/1672 2224/1450/1672 2223/1455/1672
f 2208/1449/1669 2205/1448/1669 2221/1451/1669 2224/1450/1669
f 2210/1448/1671 2209/1453/1671 2225/1454/1671 2226/1451/1671
f 2209/1453/1670 2211/1452/1670 2227/1455/1670 2225/1454/1670
f 2211/1452/1672 2212/1449/1672 2228/1450/1672 2227/1455/1672
f 2212/1449/1674 2210/1448/1674 2226/1451/1674 2228/1450/1674
f 2214/1448/1671 2213/1453/1671 2229/1454/1671 2230/1451/1671
f 2213/1453/1669 2215/1452/1669 2231/1455/1669 2229/1454/1669
f 2215/1452/1672 2216/1449/1672 2232/1450/1672 2231/1455/1672
f 2216/1449/1673 2214/1448/1673 2230/1451/1673 2232/1450/1673
f 2217/1449/1669 2218/1452/1669 2234/1455/1669 2233/1450/1669
f 2218/1452/1669 2219/1453/1669 2235/1454/1669 2234/1455/1669
f 2219/1453/1669 2220/1448/1669 2236/1451/1669 2235/1454/1669
f 2220/1448/1669 2217/1449/1669 2233/1450/1669 2236/1451/1669
f 2221/1449/1674 2222/1452/1674 2238/1455/1674 2237/1450/1674
f 2222/1452/1674 2223/1453/1674 2239/1454/1674 2238/1455/1674
f 2223/1453/1674 2224/1448/1674 2240/1451/1674 2239/1454/1674
f 2224/1448/1674 2221/1449/1674 2237/1450/1674 2240/1451/1674
f 2226/1449/1673 2225/1452/1673 2241/1455/1673 2242/1450/1673
f 2225/1452/1673 2227/1453/1673 2243/1454/1673 2241/1455/1673
f 2227/1453/1673 2228/1448/1673 2244/1451/1673 2243/1454/1673
f 2228/1448/1673 2226/1449/1673 2242/1450/1673 2244/1451/1673
f 2230/1448/1670 2229/1453/1670 2245/1454/1670 2246/1451/1670
f 2229/1453/1670 2231/1452/1670 2247/1455/1670 2245/1454/1670
f 2231/1452/1670 2232/1449/1670 2248/1450/1670 2247/1455/1670
f 2232/1449/1670 2230/1448/1670 2246/1451/1670 2248/1450/1670
f 2233/1453/1671 2234/1448/1671 2250/1451/1671 2249/1454/1671
f 2234/1448/1674 2235/1449/1674 2251/1450/1674 2250/1451/1674
f 2235/1449/1672 2236/1452/1672 2252/1455/1672 2251/1450/1672
f 2236/1452/1670 2233/1453/1670 2249/1454/1670 2252/1455/1670
f 2237/1453/1671 2238/1448/1671 2254/1451/1671 2253/1454/1671
f 2238/1448/1673 2239/1449/1673 2255/1450/1673 2254/1451/1673
f 2239/1449/1672 2240/1452/1672 2256/1455/1672 2255/1450/1672
f 2240/1452/1669 2237/1453/1669 2253/1454/1669 2256/1455/1669
f 2242/1453/1671 2241/1448/1671 2257/1451/1671 2258/1454/1671
f 2241/1448/1670 2243/1449/1670 2259/1450/1670 2257/1451/1670
f 2243/1449/1672 2244/1452/1672 2260/1455/1672 2259/1450/1672
f 2244/1452/1674 2242/1453/1674 2258/1454/1674 2260/1455/1674
f 2246/1453/1671 2245/1448/1671 2261/1451/1671 2262/1454/1671
f 2245/1448/1669 2247/1449/1669 2263/1450/1669 2261/1451/1669
f 2247/1449/1672 2248/1452/1672 2264/1455/1672 2263/1450/1672
f 2248/1452/1673 2246/1453/1673 2262/1454/1673 2264/1455/1673
f 2249/1449/1669 2250/1452/1669 2265/1455/1669 2266/1450/1669
f 2250/1452/1669 2251/1453/1669 2267/1454/1669 2265/1455/1669
f 2251/1453/1669 2252/1448/1669 2268/1451/1669 2267/1454/1669
f 2252/1448/1669 2249/1449/1669 2266/1450/1669 2268/1451/1669
f 2253/1453/1674 2254/1448/1674 2269/1451/1674 2270/1454/1674
f 2254/1448/1674 2255/1449/1674 2271/1450/1674 2269/1451/1674
f 2255/1449/1674 2256/1452/1674 2272/1455/1674 2271/1450/1674
f 2256/1452/1674 2253/1453/1674 2270/1454/1674 2272/1455/1674
f 2258/1449/1673 2257/1452/1673 2273/1455/1673 2274/1450/1673
f 2257/1452/1673 2259/1453/1673 2275/1454/1673 2273/1455/1673
f 2259/1453/1673 2260/1448/1673 2276/1451/1673 2275/1454/1673
f 2260/1448/1673 2258/1449/1673 2274/1450/1673 2276/1451/1673
f 2262/1452/1670 2261/1449/1670 2277/1450/1670 2278/1455/1670
f 2261/1449/1670 2263/1448/1670 2279/1451/1670 2277/1450/1670
f 2263/1448/1670 2264/1453/1670 2280/1454/1670 2279/1451/1670
f 2264/1453/1670 2262/1452/1670 2278/1455/1670 2280/1454/1670
f 2281/1444/1669 2282/1445/1669 2286/1446/1669 2284/1447/1669
f 2283/1444/1670 2281/1445/1670 2284/1446/1670 2287/1447/1670
f 2284/1448/1669 2285/1449/1669 2292/1450/1669 2289/1451/1669
f 2285/1482/1670 2284/1483/1670 2288/1484/1670 2340/1485/1670
f 2284/1483/1671 2286/1486/1671 2341/1487/1671 2288/1484/1671
f 2287/1453/1671 2284/1448/1671 2289/1451/1671 2291/1454/1671
f 2289/1448/1669 2292/1449/1669 2293/1450/1669 2290/1451/1669
f 2291/1453/1671 2289/1448/1671 2290/1451/1671 2401/1454/1671
f 2292/1449/1672 2294/1452/1672 2295/1455/1672 2293/1450/1672
f 2285/1449/1672 2296/1452/1672 2294/1455/1672 2292/1450/1672
f 2294/1452/1673 2291/1453/1673 2401/1454/1673 2295/1455/1673
f 2296/1452/1673 2287/1453/1673 2291/1454/1673 2294/1455/1673
f 2296/1449/1672 2297/1452/1672 2301/1455/1672 2299/1450/1672
f 2297/1460/1673 2296/1461/1673 2298/1462/1673 2366/1463/1673
f 2296/1460/1670 2285/1461/1670 2367/1462/1670 2298/1463/1670
f 2287/1448/1670 2296/1449/1670 2299/1450/1670 2302/1451/1670
f 2299/1449/1672 2301/1452/1672 2307/1455/1672 2300/1450/1672
f 2302/1448/1670 2299/1449/1670 2300/1450/1670 2303/1451/1670
f 2304/1453/1671 2302/1448/1671 2303/1451/1671 2306/1454/1671
f 2305/1453/1671 2287/1448/1671 2302/1451/1671 2304/1454/1671
f 2297/1452/1674 2305/1453/1674 2304/1454/1674 2301/1455/1674
f 2301/1452/1674 2304/1453/1674 2306/1454/1674 2307/1455/1674
f 2306/1448/1673 2303/1453/1673 2309/1454/1673 2308/1451/1673
f 2307/1449/1673 2306/1448/1673 2308/1451/1673 2310/1450/1673
f 2308/1448/1671 2309/1453/1671 2312/1454/1671 2311/1451/1671
f 2310/1449/1674 2308/1448/1674 2311/1451/1674 2313/1450/1674
f 2311/1449/1673 2312/1452/1673 2315/1455/1673 2314/1450/1673
f 2313/1448/1673 2311/1449/1673 2314/1450/1673 2316/1451/1673
f 2314/1453/1671 2315/1448/1671 2318/1451/1671 2317/1454/1671
f 2316/1452/1674 2314/1453/1674 2317/1454/1674 2319/1455/1674
f 2317/1449/1673 2318/1452/1673 2321/1455/1673 2320/1450/1673
f 2319/1448/1673 2317/1449/1673 2320/1450/1673 2322/1451/1673
f 2324/1453/1673 2319/1448/1673 2322/1451/1673 2323/1454/1673
f 2318/1452/1673 2324/1453/1673 2323/1454/1673 2321/1455/1673
f 2315/1448/1670 2325/1449/1670 2324/1450/1670 2318/1451/1670
f 2325/1449/1672 2316/1452/1672 2319/1455/1672 2324/1450/1672
f 2312/1452/1673 2326/1453/1673 2325/1454/1673 2315/1455/1673
f 2326/1453/1673 2313/1448/1673 2316/1451/1673 2325/1454/1673
f 2309/1453/1670 2327/1452/1670 2326/1455/1670 2312/1454/1670
f 2327/1452/1672 2310/1449/1672 2313/1450/1672 2326/1455/1672
f 2300/1452/1673 2307/1449/1673 2310/1450/1673 2327/1455/1673
f 2303/1453/1673 2300/1452/1673 2327/1455/1673 2309/1454/1673
f 2305/1448/1673 2297/1449/1673 2332/1450/1673 2328/1451/1673
f 2329/1444/1673 2283/1445/1673 2287/1446/1673 2305/1447/1673
f 2286/1453/1671 2305/1448/1671 2328/1451/1671 2330/1454/1671
f 2282/1444/1674 2329/1445/1674 2305/1446/1674 2286/1447/1674
f 2330/1453/1671 2328/1448/1671 2331/1451/1671 2380/1454/1671
f 2328/1448/1673 2332/1449/1673 2333/1450/1673 2331/1451/1673
f 2332/1449/1672 2334/1452/1672 2335/1455/1672 2333/1450/1672
f 2297/1449/1672 2336/1452/1672 2334/1455/1672 2332/1450/1672
f 2334/1452/1669 2330/1453/1669 2380/1454/1669 2335/1455/1669
f 2336/1452/1669 2286/1453/1669 2330/1454/1669 2334/1455/1669
f 2286/1486/1674 2336/1488/1674 2338/1489/1674 2341/1487/1674
f 2336/1464/1674 2297/1465/1674 2366/1466/1674 2337/1467/1674
f 2285/1460/1669 2336/1461/1669 2337/1462/1669 2367/1463/1669
f 2336/1488/1672 2285/1482/1672 2340/1485/1672 2338/1489/1672
f 2338/1449/1672 2340/1452/1672 2364/1455/1672 2339/1450/1672
f 2341/1448/1674 2338/1449/1674 2339/1450/1674 2342/1451/1674
f 2288/1453/1671 2341/1448/1671 2342/1451/1671 2343/1454/1671
f 2343/1449/1669 2342/1452/1669 2344/1455/1669 2345/1450/1669
f 2342/1452/1669 2339/1453/1669 2346/1454/1669 2344/1455/1669
f 2345/1448/1671 2344/1453/1671 2347/1454/1671 2348/1451/1671
f 2344/1453/1674 2346/1452/1674 2349/1455/1674 2347/1454/1674
f 2348/1449/1669 2347/1452/1669 2350/1455/1669 2351/1450/1669
f 2347/1452/1669 2349/1453/1669 2352/1454/1669 2350/1455/1669
f 2351/1453/1671 2350/1448/1671 2353/1451/1671 2354/1454/1671
f 2350/1448/1674 2352/1449/1674 2355/1450/1674 2353/1451/1674
f 2354/1449/1669 2353/1452/1669 2356/1455/1669 2357/1450/1669
f 2353/1452/1669 2355/1453/1669 2358/1454/1669 2356/1455/1669
f 2355/1453/1669 2360/1448/1669 2359/1451/1669 2358/1454/1669
f 2360/1448/1669 2354/1449/1669 2357/1450/1669 2359/1451/1669
f 2361/1452/1670 2351/1453/1670 2354/1454/1670 2360/1455/1670
f 2352/1449/1672 2361/1452/1672 2360/1455/1672 2355/1450/1672
f 2362/1448/1669 2348/1449/1669 2351/1450/1669 2361/1451/1669
f 2349/1453/1669 2362/1448/1669 2361/1451/1669 2352/1454/1669
f 2363/1449/1670 2345/1448/1670 2348/1451/1670 2362/1450/1670
f 2346/1452/1672 2363/1449/1672 2362/1450/1672 2349/1455/1672
f 2364/1448/1669 2343/1449/1669 2345/1450/1669 2363/1451/1669
f 2339/1453/1669 2364/1448/1669 2363/1451/1669 2346/1454/1669
f 2340/1452/1670 2288/1453/1670 2343/1454/1670 2364/1455/1670
f 2337/1467/1674 2366/1466/1674 2372/1468/1674 2365/1469/1674
f 2367/1463/1669 2337/1462/1669 2365/1470/1669 2368/1471/1669
f 2298/1463/1670 2367/1462/1670 2368/1470/1670 2370/1471/1670
f 2370/1471/1670 2368/1470/1670 2369/1459/1670 2371/1458/1670
f 2368/1471/1669 2365/1470/1669 2375/1459/1669 2369/1458/1669
f 2366/1463/1673 2298/1462/1673 2370/1470/1673 2372/1471/1673
f 2372/1471/1673 2370/1470/1673 2371/1459/1673 2373/1458/1673
f 2365/1469/1674 2372/1468/1674 2373/1472/1674 2375/1473/1674
f 2373/1458/1673 2371/1459/1673 2378/1456/1673 2374/1457/1673
f 2375/1473/1674 2373/1472/1674 2374/1474/1674 2376/1475/1674
f 2369/1458/1669 2375/1459/1669 2376/1456/1669 2377/1457/1669
f 2377/1476/1672 2376/1475/1672 2374/1474/1672 2378/1477/1672
f 2371/1458/1670 2369/1459/1670 2377/1456/1670 2378/1457/1670
f 2333/1453/1674 2335/1448/1674 2379/1451/1674 2399/1454/1674
f 2335/1448/1674 2380/1449/1674 2381/1450/1674 2379/1451/1674
f 2380/1449/1674 2331/1452/1674 2382/1455/1674 2381/1450/1674
f 2381/1448/1671 2382/1453/1671 2384/1454/1671 2383/1451/1671
f 2379/1449/1669 2381/1448/1669 2383/1451/1669 2385/1450/1669
f 2383/1449/1674 2384/1452/1674 2387/1455/1674 2386/1450/1674
f 2385/1448/1674 2383/1449/1674 2386/1450/1674 2388/1451/1674
f 2386/1453/1671 2387/1448/1671 2390/1451/1671 2389/1454/1671
f 2388/1452/1669 2386/1453/1669 2389/1454/1669 2391/1455/1669
f 2389/1449/1674 2390/1452/1674 2393/1455/1674 2392/1450/1674
f 2391/1448/1674 2389/1449/1674 2392/1450/1674 2394/1451/1674
f 2396/1453/1674 2391/1448/1674 2394/1451/1674 2395/1454/1674
f 2390/1452/1674 2396/1453/1674 2395/1454/1674 2393/1455/1674
f 2387/1448/1673 2397/1449/1673 2396/1450/1673 2390/1451/1673
f 2397/1449/1672 2388/1452/1672 2391/1455/1672 2396/1450/1672
f 2384/1452/1674 2398/1453/1674 2397/1454/1674 2387/1455/1674
f 2398/1453/1674 2385/1448/1674 2388/1451/1674 2397/1454/1674
f 2382/1453/1673 2399/1452/1673 2398/1455/1673 2384/1454/1673
f 2399/1452/1672 2379/1449/1672 2385/1450/1672 2398/1455/1672
f 2331/1452/1674 2333/1453/1674 2399/1454/1674 2382/1455/1674
f 2293/1453/1670 2295/1448/1670 2400/1451/1670 2420/1454/1670
f 2295/1448/1670 2401/1449/1670 2402/1450/1670 2400/1451/1670
f 2401/1449/1670 2290/1452/1670 2403/1455/1670 2402/1450/1670
f 2402/1448/1671 2403/1453/1671 2405/1454/1671 2404/1451/1671
f 2400/1449/1673 2402/1448/1673 2404/1451/1673 2406/1450/1673
f 2404/1449/1670 2405/1452/1670 2408/1455/1670 2407/1450/1670
f 2406/1448/1670 2404/1449/1670 2407/1450/1670 2409/1451/1670
f 2407/1453/1671 2408/1448/1671 2411/1451/1671 2410/1454/1671
f 2409/1452/1673 2407/1453/1673 2410/1454/1673 2412/1455/1673
f 2410/1453/1670 2411/1448/1670 2414/1451/1670 2413/1454/1670
f 2412/1452/1670 2410/1453/1670 2413/1454/1670 2415/1455/1670
f 2417/1449/1670 2412/1452/1670 2415/1455/1670 2416/1450/1670
f 2411/1448/1670 2417/1449/1670 2416/1450/1670 2414/1451/1670
f 2408/1448/1669 2418/1449/1669 2417/1450/1669 2411/1451/1669
f 2418/1449/1672 2409/1452/1672 2412/1455/1672 2417/1450/1672
f 2405/1452/1670 2419/1453/1670 2418/1454/1670 2408/1455/1670
f 2419/1453/1670 2406/1448/1670 2409/1451/1670 2418/1454/1670
f 2403/1453/1669 2420/1452/1669 2419/1455/1669 2405/1454/1669
f 2420/1452/1672 2400/1449/1672 2406/1450/1672 2419/1455/1672
f 2290/1452/1670 2293/1453/1670 2420/1454/1670 2403/1455/1670
f 2421/1444/1669 2422/1445/1669 2426/1446/1669 2424/1447/1669
f 2423/1444/1670 2421/1445/1670 2424/1446/1670 2427/1447/1670
f 2424/1448/1669 2425/1449/1669 2432/1450/1669 2429/1451/1669
f 2425/1452/1670 2424/1453/1670 2428/1454/1670 2497/1455/1670
f 2424/1453/1671 2426/1448/1671 2495/1451/1671 2428/1454/1671
f 2427/1453/1671 2424/1448/1671 2429/1451/1671 2431/1454/1671
f 2429/1448/1669 2432/1449/1669 2433/1450/1669 2430/1451/1669
f 2431/1453/1671 2429/1448/1671 2430/1451/1671 2437/1454/1671
f 2425/1449/1672 2435/1452/1672 2434/1455/1672 2432/1450/1672
f 2432/1449/1672 2434/1452/1672 2436/1455/1672 2433/1450/1672
f 2434/1452/1673 2431/1453/1673 2437/1454/1673 2436/1455/1673
f 2435/1452/1673 2427/1453/1673 2431/1454/1673 2434/1455/1673
f 2436/1452/1670 2437/1453/1670 2439/1454/1670 2438/1455/1670
f 2433/1449/1670 2436/1452/1670 2438/1455/1670 2440/1450/1670
f 2438/1449/1673 2439/1448/1673 2442/1451/1673 2441/1450/1673
f 2440/1452/1672 2438/1449/1672 2441/1450/1672 2443/1455/1672
f 2441/1448/1670 2442/1449/1670 2445/1450/1670 2444/1451/1670
f 2443/1453/1670 2441/1448/1670 2444/1451/1670 2446/1454/1670
f 2444/1452/1673 2445/1453/1673 2448/1454/1673 2447/1455/1673
f 2446/1449/1672 2444/1452/1672 2447/1455/1672 2449/1450/1672
f 2447/1453/1670 2448/1452/1670 2451/1455/1670 2450/1454/1670
f 2449/1448/1670 2447/1453/1670 2450/1454/1670 2452/1451/1670
f 2454/1449/1670 2449/1448/1670 2452/1451/1670 2453/1450/1670
f 2448/1452/1670 2454/1449/1670 2453/1450/1670 2451/1455/1670
f 2455/1448/1669 2446/1449/1669 2449/1450/1669 2454/1451/1669
f 2445/1453/1671 2455/1448/1671 2454/1451/1671 2448/1454/1671
f 2442/1449/1670 2456/1452/1670 2455/1455/1670 2445/1450/1670
f 2456/1452/1670 2443/1453/1670 2446/1454/1670 2455/1455/1670
f 2457/1453/1669 2440/1452/1669 2443/1455/1669 2456/1454/1669
f 2439/1448/1671 2457/1453/1671 2456/1454/1671 2442/1451/1671
f 2430/1448/1670 2433/1449/1670 2440/1450/1670 2457/1451/1670
f 2437/1453/1670 2430/1448/1670 2457/1451/1670 2439/1454/1670
f 2435/1460/1670 2425/1461/1670 2522/1462/1670 2458/1463/1670
f 2427/1448/1670 2435/1449/1670 2459/1450/1670 2559/1451/1670
f 2460/1456/1673 2435/1457/1673 2458/1458/1673 2462/1459/1673
f 2435/1449/1672 2460/1452/1672 2464/1455/1672 2459/1450/1672
f 2460/1452/1674 2461/1453/1674 2534/1454/1674 2464/1455/1674
f 2461/1448/1673 2460/1449/1673 2463/1450/1673 2494/1451/1673
f 2465/1464/1674 2460/1465/1674 2462/1466/1674 2466/1467/1674
f 2460/1449/1672 2465/1452/1672 2468/1455/1672 2463/1450/1672
f 2465/1449/1672 2425/1452/1672 2497/1455/1672 2467/1450/1672
f 2425/1460/1669 2465/1461/1669 2466/1462/1669 2522/1463/1669
f 2465/1452/1669 2426/1453/1669 2469/1454/1669 2468/1455/1669
f 2426/1448/1674 2465/1449/1674 2467/1450/1674 2495/1451/1674
f 2468/1452/1669 2469/1453/1669 2471/1454/1669 2470/1455/1669
f 2463/1449/1672 2468/1452/1672 2470/1455/1672 2472/1450/1672
f 2470/1449/1674 2471/1448/1674 2474/1451/1674 2473/1450/1674
f 2472/1452/1674 2470/1449/1674 2473/1450/1674 2475/1455/1674
f 2473/1449/1669 2474/1448/1669 2477/1451/1669 2476/1450/1669
f 2475/1452/1672 2473/1449/1672 2476/1450/1672 2478/1455/1672
f 2476/1452/1674 2477/1453/1674 2480/1454/1674 2479/1455/1674
f 2478/1449/1674 2476/1452/1674 2479/1455/1674 2481/1450/1674
f 2479/1452/1669 2480/1453/1669 2483/1454/1669 2482/1455/1669
f 2481/1449/1672 2479/1452/1672 2482/1455/1672 2484/1450/1672
f 2482/1448/1674 2483/1449/1674 2486/1450/1674 2485/1451/1674
f 2484/1453/1674 2482/1448/1674 2485/1451/1674 2487/1454/1674
f 2489/1452/1674 2484/1453/1674 2487/1454/1674 2488/1455/1674
f 2483/1449/1674 2489/1452/1674 2488/1455/1674 2486/1450/1674
f 2480/1453/1671 2490/1448/1671 2489/1451/1671 2483/1454/1671
f 2490/1448/1673 2481/1449/1673 2484/1450/1673 2489/1451/1673
f 2477/1453/1674 2491/1448/1674 2490/1451/1674 2480/1454/1674
f 2491/1448/1674 2478/1449/1674 2481/1450/1674 2490/1451/1674
f 2474/1448/1671 2492/1453/1671 2491/1454/1671 2477/1451/1671
f 2492/1453/1673 2475/1452/1673 2478/1455/1673 2491/1454/1673
f 2493/1453/1674 2472/1452/1674 2475/1455/1674 2492/1454/1674
f 2471/1448/1674 2493/1453/1674 2492/1454/1674 2474/1451/1674
f 2469/1453/1671 2494/1448/1671 2493/1451/1671 2471/1454/1671
f 2494/1448/1673 2463/1449/1673 2472/1450/1673 2493/1451/1673
f 2426/1453/1671 2461/1448/1671 2494/1451/1671 2469/1454/1671
f 2495/1448/1674 2467/1449/1674 2496/1450/1674 2520/1451/1674
f 2467/1449/1672 2497/1452/1672 2498/1455/1672 2496/1450/1672
f 2497/1452/1670 2428/1453/1670 2499/1454/1670 2498/1455/1670
f 2498/1448/1669 2499/1449/1669 2501/1450/1669 2500/1451/1669
f 2496/1453/1669 2498/1448/1669 2500/1451/1669 2502/1454/1669
f 2500/1449/1670 2501/1448/1670 2504/1451/1670 2503/1450/1670
f 2502/1452/1672 2500/1449/1672 2503/1450/1672 2505/1455/1672
f 2503/1453/1669 2504/1452/1669 2507/1455/1669 2506/1454/1669
f 2505/1448/1669 2503/1453/1669 2506/1454/1669 2508/1451/1669
f 2506/1452/1670 2507/1453/1670 2510/1454/1670 2509/1455/1670
f 2508/1449/1672 2506/1452/1672 2509/1455/1672 2511/1450/1672
f 2509/1452/1669 2510/1453/1669 2513/1454/1669 2512/1455/1669
f 2511/1449/1669 2509/1452/1669 2512/1455/1669 2514/1450/1669
f 2516/1448/1669 2511/1449/1669 2514/1450/1669 2515/1451/1669
f 2510/1453/1669 2516/1448/1669 2515/1451/1669 2513/1454/1669
f 2507/1453/1671 2517/1448/1671 2516/1451/1671 2510/1454/1671
f 2517/1448/1674 2508/1449/1674 2511/1450/1674 2516/1451/1674
f 2504/1452/1669 2518/1449/1669 2517/1450/1669 2507/1455/1669
f 2518/1449/1669 2505/1448/1669 2508/1451/1669 2517/1450/1669
f 2501/1448/1671 2519/1453/1671 2518/1454/1671 2504/1451/1671
f 2519/1453/1674 2502/1452/1674 2505/1455/1674 2518/1454/1674
f 2499/1449/1669 2520/1452/1669 2519/1455/1669 2501/1450/1669
f 2520/1452/1669 2496/1453/1669 2502/1454/1669 2519/1455/1669
f 2428/1453/1671 2495/1448/1671 2520/1451/1671 2499/1454/1671
f 2466/1467/1674 2462/1466/1674 2527/1468/1674 2521/1469/1674
f 2522/1463/1669 2466/1462/1669 2521/1470/1669 2523/1471/1669
f 2458/1463/1670 2522/1462/1670 2523/1470/1670 2525/1471/1670
f 2525/1471/1670 2523/1470/1670 2524/1459/1670 2526/1458/1670
f 2523/1471/1669 2521/1470/1669 2530/1459/1669 2524/1458/1669
f 2462/1459/1673 2458/1458/1673 2525/1471/1673 2527/1470/1673
f 2527/1470/1673 2525/1471/1673 2526/1463/1673 2528/1462/1673
f 2521/1469/1674 2527/1468/1674 2528/1472/1674 2530/1473/1674
f 2528/1462/1673 2526/1463/1673 2533/1460/1673 2529/1461/1673
f 2530/1473/1674 2528/1472/1674 2529/1474/1674 2531/1475/1674
f 2524/1458/1669 2530/1459/1669 2531/1456/1669 2532/1457/1669
f 2532/1476/1672 2531/1475/1672 2529/1474/1672 2533/1477/1672
f 2526/1458/1670 2524/1459/1670 2532/1456/1670 2533/1457/1670
f 2464/1483/1674 2534/1482/1674 2536/1485/1674 2535/1484/1674
f 2459/1486/1672 2464/1483/1672 2535/1484/1672 2537/1487/1672
f 2535/1452/1673 2536/1453/1673 2539/1454/1673 2538/1455/1673
f 2537/1449/1673 2535/1452/1673 2538/1455/1673 2540/1450/1673
f 2538/1449/1674 2539/1448/1674 2542/1451/1674 2541/1450/1674
f 2540/1452/1672 2538/1449/1672 2541/1450/1672 2543/1455/1672
f 2541/1448/1673 2542/1449/1673 2545/1450/1673 2544/1451/1673
f 2543/1453/1673 2541/1448/1673 2544/1451/1673 2546/1454/1673
f 2544/1483/1674 2545/1482/1674 2548/1485/1674 2547/1484/1674
f 2546/1486/1672 2544/1483/1672 2547/1484/1672 2549/1487/1672
f 2547/1448/1673 2548/1449/1673 2551/1450/1673 2550/1451/1673
f 2549/1453/1673 2547/1448/1673 2550/1451/1673 2552/1454/1673
f 2554/1452/1673 2549/1453/1673 2552/1454/1673 2553/1455/1673
f 2548/1449/1673 2554/1452/1673 2553/1455/1673 2551/1450/1673
f 2555/1488/1670 2546/1486/1670 2549/1487/1670 2554/1489/1670
f 2545/1482/1671 2555/1488/1671 2554/1489/1671 2548/1485/1671
f 2542/1449/1673 2556/1452/1673 2555/1455/1673 2545/1450/1673
f 2556/1452/1673 2543/1453/1673 2546/1454/1673 2555/1455/1673
f 2557/1453/1670 2540/1452/1670 2543/1455/1670 2556/1454/1670
f 2539/1448/1671 2557/1453/1671 2556/1454/1671 2542/1451/1671
f 2536/1453/1673 2558/1448/1673 2557/1451/1673 2539/1454/1673
f 2558/1448/1673 2537/1449/1673 2540/1450/1673 2557/1451/1673
f 2559/1488/1670 2459/1486/1670 2537/1487/1670 2558/1489/1670
f 2534/1482/1671 2559/1488/1671 2558/1489/1671 2536/1485/1671
f 2461/1453/1671 2427/1448/1671 2559/1451/1671 2534/1454/1671
f 2560/1444/1673 2423/1445/1673 2427/1446/1673 2461/1447/1673
f 2422/1444/1674 2560/1445/1674 2461/1446/1674 2426/1447/1674
f 2561/1448/1672 2562/1453/1672 2565/1454/1672 2564/1451/1672
f 2563/1449/1674 2561/1448/1674 2564/1451/1674 2566/1450/1674
f 2564/1451/1669 2565/1454/1669 2567/1455/1669 2566/1450/1669
f 2568/1452/1671 2563/1449/1671 2566/1450/1671 2567/1455/1671
f 2562/1453/1670 2568/1452/1670 2567/1455/1670 2565/1454/1670
f 2570/1448/1672 2569/1453/1672 2572/1454/1672 2573/1451/1672
f 2569/1453/1673 2571/1452/1673 2574/1455/1673 2572/1454/1673
f 2573/1451/1670 2572/1454/1670 2574/1455/1670 2575/1450/1670
f 2571/1452/1671 2576/1449/1671 2575/1450/1671 2574/1455/1671
f 2576/1449/1669 2570/1448/1669 2573/1451/1669 2575/1450/1669
f 2577/1448/1672 2578/1453/1672 2581/1454/1672 2580/1451/1672
f 2579/1449/1674 2577/1448/1674 2580/1451/1674 2582/1450/1674
f 2580/1451/1669 2581/1454/1669 2583/1455/1669 2582/1450/1669
f 2584/1452/1671 2579/1449/1671 2582/1450/1671 2583/1455/1671
f 2578/1453/1670 2584/1452/1670 2583/1455/1670 2581/1454/1670
f 2585/1448/1672 2586/1453/1672 2589/1454/1672 2588/1451/1672
f 2587/1449/1673 2585/1448/1673 2588/1451/1673 2590/1450/1673
f 2588/1451/1674 2589/1454/1674 2591/1455/1674 2590/1450/1674
f 2592/1452/1671 2587/1449/1671 2590/1450/1671 2591/1455/1671
f 2586/1453/1669 2592/1452/1669 2591/1455/1669 2589/1454/1669
f 2594/1448/1672 2593/1453/1672 2596/1454/1672 2597/1451/1672
f 2593/1453/1674 2595/1452/1674 2598/1455/1674 2596/1454/1674
f 2597/1451/1673 2596/1454/1673 2598/1455/1673 2599/1450/1673
f 2595/1452/1671 2600/1449/1671 2599/1450/1671 2598/1455/1671
f 2600/1449/1670 2594/1448/1670 2597/1451/1670 2599/1450/1670
f 2602/1448/1672 2601/1453/1672 2604/1454/1672 2605/1451/1672
f 2601/1453/1673 2603/1452/1673 2606/1455/1673 2604/1454/1673
f 2605/1451/1670 2604/1454/1670 2606/1455/1670 2607/1450/1670
f 2603/1452/1671 2608/1449/1671 2607/1450/1671 2606/1455/1671
f 2608/1449/1669 2602/1448/1669 2605/1451/1669 2607/1450/1669
f 2609/1448/1672 2610/1453/1672 2613/1454/1672 2612/1451/1672
f 2611/1449/1673 2609/1448/1673 2612/1451/1673 2614/1450/1673
f 2612/1451/1674 2613/1454/1674 2615/1455/1674 2614/1450/1674
f 2616/1452/1671 2611/1449/1671 2614/1450/1671 2615/1455/1671
f 2610/1453/1669 2616/1452/1669 2615/1455/1669 2613/1454/1669
f 2618/1448/1672 2617/1453/1672 2620/1454/1672 2621/1451/1672
f 2617/1453/1674 2619/1452/1674 2622/1455/1674 2620/1454/1674
f 2621/1451/1673 2620/1454/1673 2622/1455/1673 2623/1450/1673
f 2619/1452/1671 2624/1449/1671 2623/1450/1671 2622/1455/1671
f 2624/1449/1670 2618/1448/1670 2621/1451/1670 2623/1450/1670
f 2626/1448/1672 2625/1453/1672 2628/1454/1672 2629/1451/1672
f 2625/1453/1673 2627/1452/1673 2630/1455/1673 2628/1454/1673
f 2629/1451/1670 2628/1454/1670 2630/1455/1670 2631/1450/1670
f 2627/1452/1671 2632/1449/1671 2631/1450/1671 2630/1455/1671
f 2632/1449/1669 2626/1448/1669 2629/1451/1669 2631/1450/1669
f 2633/1453/1672 2634/1448/1672 2637/1451/1672 2636/1454/1672
f 2635/1452/1674 2633/1453/1674 2636/1454/1674 2638/1455/1674
f 2636/1454/1669 2637/1451/1669 2639/1450/1669 2638/1455/1669
f 2640/1449/1671 2635/1452/1671 2638/1455/1671 2639/1450/1671
f 2634/1448/1670 2640/1449/1670 2639/1450/1670 2637/1451/1670
f 2641/1448/1672 2642/1453/1672 2645/1454/1672 2644/1451/1672
f 2643/1449/1673 2641/1448/1673 2644/1451/1673 2646/1450/1673
f 2644/1451/1674 2645/1454/1674 2647/1455/1674 2646/1450/1674
f 2648/1452/1671 2643/1449/1671 2646/1450/1671 2647/1455/1671
f 2642/1453/1669 2648/1452/1669 2647/1455/1669 2645/1454/1669
f 2650/1448/1672 2649/1453/1672 2652/1454/1672 2653/1451/1672
f 2649/1453/1674 2651/1452/1674 2654/1455/1674 2652/1454/1674
f 2653/1451/1673 2652/1454/1673 2654/1455/1673 2655/1450/1673
f 2651/1452/1671 2656/1449/1671 2655/1450/1671 2654/1455/1671
f 2656/1449/1670 2650/1448/1670 2653/1451/1670 2655/1450/1670
f 2658/1448/1672 2657/1453/1672 2660/1454/1672 2661/1451/1672
f 2657/1453/1673 2659/1452/1673 2662/1455/1673 2660/1454/1673
f 2661/1451/1670 2660/1454/1670 2662/1455/1670 2663/1450/1670
f 2659/1452/1671 2664/1449/1671 2663/1450/1671 2662/1455/1671
f 2664/1449/1669 2658/1448/1669 2661/1451/1669 2663/1450/1669
f 2665/1448/1672 2666/1453/1672 2669/1454/1672 2668/1451/1672
f 2667/1449/1674 2665/1448/1674 2668/1451/1674 2670/1450/1674
f 2668/1451/1669 2669/1454/1669 2671/1455/1669 2670/1450/1669
f 2672/1452/1671 2667/1449/1671 2670/1450/1671 2671/1455/1671
f 2666/1453/1670 2672/1452/1670 2671/1455/1670 2669/1454/1670
f 2673/1448/1672 2674/1453/1672 2677/1454/1672 2676/1451/1672
f 2675/1449/1673 2673/1448/1673 2676/1451/1673 2678/1450/1673
f 2676/1451/1674 2677/1454/1674 2679/1455/1674 2678/1450/1674
f 2680/1452/1671 2675/1449/1671 2678/1450/1671 2679/1455/1671
f 2674/1453/1669 2680/1452/1669 2679/1455/1669 2677/1454/1669
f 2682/1448/1672 2681/1453/1672 2684/1454/1672 2685/1451/1672
f 2681/1453/1674 2683/1452/1674 2686/1455/1674 2684/1454/1674
f 2685/1451/1673 2684/1454/1673 2686/1455/1673 2687/1450/1673
f 2683/1452/1671 2688/1449/1671 2687/1450/1671 2686/1455/1671
f 2688/1449/1670 2682/1448/1670 2685/1451/1670 2687/1450/1670
usemtl Material.006
f 2690/1490/1672 2689/1491/1672 2691/1492/1672 2897/1493/1672
f 2689/1491/1672 2690/1490/1672 2693/1494/1672 2692/1495/1672
f 2691/1492/1672 2689/1491/1672 2692/1495/1672 2695/1496/1672
f 2692/1497/1675 2693/1498/1675 3281/1499/1675 2694/1500/1675
f 2695/1498/1676 2692/1497/1677 2694/1500/1677 2697/1499/1676
f 2696/1501/1670 2695/1498/1676 2697/1499/1676 2698/1502/1670
f 2899/1503/1672 2691/1492/1672 2695/1496/1672 2696/1504/1672
f 2697/1499/1676 2694/1500/1677 2700/1505/1677 2699/1506/1676
f 2698/1502/1670 2697/1499/1676 2699/1506/1676 2701/1507/1670
f 2699/1508/1678 2700/1508/1679 2703/1508/1680 2702/1508/1678
f 2701/1508/1678 2699/1508/1678 2702/1508/1678 2704/1508/1678
f 2702/1509/1676 2703/1510/1677 2706/1511/1681 2705/1512/1682
f 2704/1513/1670 2702/1509/1676 2705/1512/1682 2707/1514/1683
f 2705/1512/1682 2706/1511/1681 2710/1515/1684 2708/1516/1685
f 2707/1514/1683 2705/1512/1682 2708/1516/1685 2709/1517/1686
f 2713/1518/1687 2709/1519/1688 2708/1520/1689 2711/1521/1690
f 2711/1521/1690 2708/1520/1689 2710/1522/1691 2714/1523/1692
f 2715/1524/1693 2712/1525/1694 2711/1526/1690 2714/1527/1692
f 2712/1525/1694 3154/1528/1687 2713/1529/1687 2711/1526/1690
f 2716/1530/1695 2717/1531/1695 2715/1532/1695 2714/1533/1695
f 2714/1530/1696 2710/1531/1696 2706/1532/1696 2716/1533/1696
f 2719/1531/1697 2718/1530/1697 2716/1533/1697 2706/1532/1697
f 2717/1531/1698 2716/1530/1698 2718/1533/1698 2721/1532/1698
f 2718/1534/1699 2719/1535/1700 3290/1536/1701 2720/1537/1702
f 2722/1538/1703 2721/1539/1704 2718/1534/1699 2720/1537/1702
f 2725/1508/1705 2723/1508/1706 2721/1508/1707 2722/1508/1705
f 2723/1508/1706 2724/1508/1708 2717/1508/1709 2721/1508/1707
f 2726/1521/1710 2724/1523/1710 2723/1522/1710 2725/1520/1710
f 2730/1518/1711 2726/1521/1710 2725/1520/1710 2727/1519/1711
f 2727/1508/1712 2725/1508/1705 2722/1508/1705 2729/1508/1713
f 2728/1508/1674 2727/1508/1712 2729/1508/1713 3301/1508/1670
f 2731/1540/1711 2730/1518/1711 2727/1519/1711 2728/1541/1711
f 2730/1542/1671 2731/1543/1671 2735/1544/1714 2732/1545/1714
f 2726/1546/1671 2730/1542/1671 2732/1545/1714 2733/1547/1715
f 2734/1528/1669 3167/1525/1669 2733/1526/1715 2732/1529/1714
f 2737/1548/1669 2734/1528/1669 2732/1529/1714 2735/1549/1714
f 2731/1543/1671 3303/1550/1671 2736/1551/1714 2735/1544/1714
f 2738/1552/1669 2737/1548/1669 2735/1549/1714 2736/1553/1714
f 2739/1554/1669 2738/1552/1669 2736/1553/1714 2741/1555/1714
f 2740/1556/1669 2739/1554/1669 2741/1555/1714 2743/1557/1714
f 2742/1558/1671 2744/1550/1671 2743/1551/1714 2741/1559/1714
f 3303/1550/1671 2742/1558/1671 2741/1559/1714 2736/1551/1714
f 2744/1550/1671 2748/1543/1671 2745/1544/1714 2743/1551/1714
f 2747/1540/1669 2740/1556/1669 2743/1557/1714 2745/1541/1714
f 2748/1543/1671 2749/1542/1671 2746/1545/1714 2745/1544/1714
f 2802/1518/1669 2747/1540/1669 2745/1541/1714 2746/1519/1714
f 2748/1548/1711 2744/1552/1711 2751/1553/1711 2750/1549/1711
f 2749/1528/1711 2748/1548/1711 2750/1549/1711 2752/1529/1711
f 2750/1508/1674 2751/1508/1674 2754/1508/1670 2753/1508/1670
f 2752/1508/1716 2750/1508/1674 2753/1508/1670 2755/1508/1717
f 2753/1560/1718 2754/1561/1718 2757/1562/1718 2756/1563/1718
f 2755/1564/1719 2753/1560/1718 2756/1563/1718 2758/1565/1719
f 2757/1562/1718 2760/1566/1718 2759/1567/1718 2756/1563/1718
f 2756/1563/1718 2759/1567/1718 2761/1568/1719 2758/1565/1719
f 2763/1569/1720 2762/1570/1720 2759/1571/1710 2760/1572/1710
f 2762/1570/1720 2765/1514/1720 2761/1517/1710 2759/1571/1710
f 2872/1573/1673 2764/1574/1673 2762/1570/1720 2763/1569/1720
f 2764/1574/1673 2766/1513/1673 2765/1514/1720 2762/1570/1720
f 2766/1513/1673 2770/1509/1721 2767/1512/1722 2765/1514/1720
f 2765/1514/1720 2767/1512/1722 2769/1516/1723 2761/1517/1710
f 2767/1512/1722 2768/1511/1724 3311/1515/1725 2769/1516/1723
f 2770/1509/1721 2772/1510/1726 2768/1511/1724 2767/1512/1722
f 2771/1508/1727 2773/1508/1679 2772/1508/1680 2770/1508/1728
f 2867/1508/1670 2771/1508/1727 2770/1508/1728 2766/1508/1674
f 2773/1508/1679 2776/1508/1678 2774/1508/1678 2772/1508/1680
f 2772/1575/1729 2774/1576/1730 2777/1577/1731 2768/1578/1732
f 2774/1576/1730 2775/1579/1674 2778/1580/1733 2777/1577/1731
f 2776/1508/1678 2836/1508/1678 2775/1508/1678 2774/1508/1678
f 2777/1577/1731 2778/1580/1733 2780/1581/1734 2779/1582/1735
f 2768/1578/1732 2777/1577/1731 2779/1582/1735 2781/1583/1736
f 2780/1584/1737 2783/1585/1737 2782/1537/1738 2779/1536/1739
f 2779/1536/1739 2782/1537/1738 2784/1534/1740 2781/1535/1741
f 2786/1586/1742 2785/1538/1743 2782/1537/1738 2783/1585/1737
f 2785/1538/1743 2787/1539/1744 2784/1534/1740 2782/1537/1738
f 2790/1508/1678 2788/1508/1678 2785/1508/1678 2786/1508/1678
f 2788/1508/1678 2791/1508/1678 2787/1508/1678 2785/1508/1678
f 2789/1525/1745 2792/1524/1745 2791/1527/1745 2788/1526/1745
f 3306/1528/1734 2789/1525/1745 2788/1526/1745 2790/1529/1734
f 2791/1508/1678 2792/1508/1746 2795/1508/1747 2787/1508/1678
f 2793/1546/1671 2792/1587/1671 2796/1588/1748 2797/1547/1749
f 2792/1524/1710 2793/1525/1710 3313/1526/1710 2794/1527/1710
f 2792/1587/1671 2789/1546/1671 2798/1547/1750 2796/1588/1748
f 2792/1508/1746 2794/1508/1751 3307/1508/1752 2795/1508/1747
f 2799/1523/1753 2801/1521/1753 2797/1520/1749 2796/1522/1748
f 2800/1526/1754 2799/1527/1754 2796/1524/1754 2798/1525/1755
f 2801/1521/1669 2802/1518/1669 2746/1519/1714 2797/1520/1749
f 2803/1529/1670 2800/1526/1670 2798/1525/1750 2804/1528/1756
f 2805/1549/1670 2803/1529/1670 2804/1528/1756 2806/1548/1756
f 2807/1553/1670 2805/1549/1670 2806/1548/1756 2809/1552/1756
f 2808/1555/1670 2807/1553/1670 2809/1552/1756 2810/1554/1756
f 2813/1543/1671 2811/1550/1671 2809/1551/1756 2806/1544/1756
f 2811/1550/1671 2812/1558/1671 2810/1559/1756 2809/1551/1756
f 2812/1554/1734 2811/1552/1734 2814/1553/1734 2817/1555/1734
f 2811/1552/1734 2813/1548/1734 2815/1549/1734 2814/1553/1734
f 2814/1508/1678 2815/1508/1678 3305/1508/1678 2816/1508/1678
f 2817/1508/1678 2814/1508/1678 2816/1508/1678 2819/1508/1678
f 2977/1556/1734 2812/1554/1734 2817/1555/1734 2818/1557/1734
f 2818/1508/1678 2817/1508/1678 2819/1508/1678 2820/1508/1678
f 2820/1589/1757 2819/1590/1757 2821/1591/1758 2822/1592/1758
f 2819/1590/1757 2816/1589/1757 2823/1592/1758 2821/1591/1758
f 2826/1593/1758 2822/1592/1758 2821/1591/1758 2824/1594/1758
f 2824/1594/1758 2821/1591/1758 2823/1592/1758 2827/1593/1758
f 2829/1595/1733 2825/1596/1733 2824/1597/1734 2827/1598/1734
f 2825/1596/1733 2941/1569/1733 2826/1572/1734 2824/1597/1734
f 2827/1593/1758 2823/1592/1758 3304/1599/1758 2828/1600/1758
f 2830/1601/1733 2829/1595/1733 2827/1598/1734 2828/1602/1734
f 2831/1603/1674 2832/1604/1674 2825/1596/1733 2829/1595/1733
f 2834/1605/1674 2831/1603/1674 2829/1595/1733 2830/1601/1733
f 2833/1508/1678 2931/1508/1678 2832/1508/1678 2831/1508/1678
f 2835/1508/1678 2833/1508/1678 2831/1508/1678 2834/1508/1678
f 2836/1508/1678 2835/1508/1678 2834/1508/1678 2775/1508/1678
f 2775/1579/1674 2834/1605/1674 2830/1601/1733 2778/1580/1733
f 2837/1606/1674 2838/1607/1674 2833/1608/1674 2835/1609/1674
f 2840/1502/1674 2837/1606/1674 2835/1609/1674 2836/1507/1674
f 2839/1610/1674 2926/1611/1674 2838/1607/1674 2837/1606/1674
f 2841/1501/1674 2839/1610/1674 2837/1606/1674 2840/1502/1674
f 2843/1498/1730 2841/1501/1674 2840/1502/1674 2842/1499/1730
f 2842/1499/1730 2840/1502/1674 2836/1507/1674 2776/1506/1730
f 2846/1497/1729 2843/1498/1730 2842/1499/1730 2844/1500/1729
f 2844/1500/1729 2842/1499/1730 2776/1506/1730 2773/1505/1729
f 2845/1612/1721 2844/1613/1726 2773/1614/1726 2771/1615/1721
f 2847/1616/1721 2846/1617/1726 2844/1613/1726 2845/1612/1721
f 2849/1618/1672 2848/1619/1672 2846/1620/1672 2847/1621/1672
f 2848/1619/1672 2850/1622/1672 2843/1623/1672 2846/1620/1672
f 2848/1619/1672 2849/1618/1672 2852/1624/1672 2850/1622/1672
f 2850/1622/1672 2851/1625/1672 2841/1626/1672 2843/1623/1672
f 2853/1627/1672 2851/1625/1672 2850/1622/1672 2852/1624/1672
f 2855/1628/1672 2853/1627/1672 2852/1624/1672 2854/1629/1672
f 2854/1629/1672 2852/1624/1672 2849/1618/1672 2856/1630/1672
f 2859/1631/1672 2855/1628/1672 2854/1629/1672 2857/1632/1672
f 2857/1632/1672 2854/1629/1672 2856/1630/1672 2860/1633/1672
f 2858/1634/1672 2857/1632/1672 2860/1633/1672 2861/1635/1672
f 2917/1636/1672 2859/1631/1672 2857/1632/1672 2858/1634/1672
f 2861/1635/1672 2860/1633/1672 2862/1637/1672 2863/1638/1672
f 2860/1633/1672 2856/1630/1672 2865/1639/1672 2862/1637/1672
f 2863/1640/1673 2862/1641/1673 2864/1642/1673 2871/1643/1673
f 2862/1641/1673 2865/1644/1673 2866/1645/1673 2864/1642/1673
f 2856/1630/1672 2849/1618/1672 2847/1621/1672 2865/1639/1672
f 2865/1644/1673 2847/1616/1721 2845/1612/1721 2866/1645/1673
f 2864/1642/1673 2866/1645/1673 2867/1646/1673 2868/1647/1673
f 2866/1645/1673 2845/1612/1721 2771/1615/1721 2867/1646/1673
f 2868/1508/1670 2867/1508/1670 2766/1508/1674 2764/1508/1674
f 2869/1508/1670 2868/1508/1670 2764/1508/1674 2872/1508/1674
f 2871/1643/1673 2864/1642/1673 2868/1647/1673 2869/1648/1673
f 2870/1508/1670 2869/1508/1670 2872/1508/1674 2873/1508/1674
f 2883/1649/1673 2871/1643/1673 2869/1648/1673 2870/1650/1673
f 2873/1604/1673 2872/1573/1673 2763/1569/1720 2874/1596/1720
f 2875/1603/1673 2873/1604/1673 2874/1596/1720 2877/1595/1720
f 2878/1508/1670 2870/1508/1670 2873/1508/1674 2875/1508/1674
f 2876/1605/1673 2875/1603/1673 2877/1595/1720 3288/1601/1720
f 2879/1508/1670 2878/1508/1670 2875/1508/1674 2876/1508/1674
f 2881/1606/1673 2880/1607/1673 2878/1608/1673 2879/1609/1673
f 2880/1607/1673 2883/1651/1673 2870/1652/1673 2878/1608/1673
f 3280/1610/1673 2882/1611/1673 2880/1607/1673 2881/1606/1673
f 2882/1611/1673 2884/1653/1673 2883/1651/1673 2880/1607/1673
f 2884/1654/1673 2863/1640/1673 2871/1643/1673 2883/1649/1673
f 2885/1655/1672 2861/1635/1672 2863/1638/1672 2884/1656/1672
f 2886/1657/1672 2885/1655/1672 2884/1656/1672 2882/1658/1672
f 2889/1659/1672 2887/1660/1672 2885/1655/1672 2886/1657/1672
f 2887/1660/1672 2858/1634/1672 2861/1635/1672 2885/1655/1672
f 2888/1661/1672 2917/1636/1672 2858/1634/1672 2887/1660/1672
f 2890/1662/1672 2888/1661/1672 2887/1660/1672 2889/1659/1672
f 2892/1663/1672 2890/1662/1672 2889/1659/1672 2891/1664/1672
f 2891/1664/1672 2889/1659/1672 2886/1657/1672 2893/1665/1672
f 2895/1666/1672 2892/1663/1672 2891/1664/1672 2894/1667/1672
f 2894/1667/1672 2891/1664/1672 2893/1665/1672 2896/1668/1672
f 2898/1669/1672 2895/1666/1672 2894/1667/1672 2897/1493/1672
f 2897/1493/1672 2894/1667/1672 2896/1668/1672 2690/1490/1672
f 2899/1503/1672 2898/1669/1672 2897/1493/1672 2691/1492/1672
f 2902/1670/1672 2900/1671/1672 2898/1669/1672 2899/1503/1672
f 2900/1671/1672 2903/1672/1672 2895/1666/1672 2898/1669/1672
f 2901/1673/1672 2904/1674/1672 2903/1672/1672 2900/1671/1672
f 3130/1675/1672 2901/1673/1672 2900/1671/1672 2902/1670/1672
f 2904/1674/1672 2907/1676/1672 2905/1677/1672 2903/1672/1672
f 2903/1672/1672 2905/1677/1672 2892/1663/1672 2895/1666/1672
f 2905/1677/1672 2906/1678/1672 2890/1662/1672 2892/1663/1672
f 2907/1676/1672 2909/1679/1672 2906/1678/1672 2905/1677/1672
f 2908/1680/1672 2910/1681/1672 2909/1679/1672 2907/1676/1672
f 3126/1682/1672 2908/1680/1672 2907/1676/1672 2904/1674/1672
f 2910/1681/1672 2912/1683/1672 2911/1684/1672 2909/1679/1672
f 2909/1679/1672 2911/1684/1672 2914/1685/1672 2906/1678/1672
f 2912/1683/1672 3066/1686/1672 2913/1687/1672 2911/1684/1672
f 2911/1684/1672 2913/1687/1672 2915/1688/1672 2914/1685/1672
f 2906/1678/1672 2914/1685/1672 2888/1661/1672 2890/1662/1672
f 2914/1685/1672 2915/1688/1672 2917/1636/1672 2888/1661/1672
f 2913/1687/1672 2918/1689/1672 2916/1690/1672 2915/1688/1672
f 2915/1688/1672 2916/1690/1672 2859/1631/1672 2917/1636/1672
f 2918/1689/1672 2920/1691/1672 2919/1692/1672 2916/1690/1672
f 2916/1690/1672 2919/1692/1672 2855/1628/1672 2859/1631/1672
f 2920/1691/1672 2922/1693/1672 2921/1694/1672 2919/1692/1672
f 2919/1692/1672 2921/1694/1672 2853/1627/1672 2855/1628/1672
f 2922/1693/1672 2924/1695/1672 2923/1696/1672 2921/1694/1672
f 2921/1694/1672 2923/1696/1672 2851/1625/1672 2853/1627/1672
f 2923/1696/1672 2924/1695/1672 2926/1697/1672 2839/1698/1672
f 2851/1625/1672 2923/1696/1672 2839/1698/1672 2841/1626/1672
f 2924/1695/1672 2925/1699/1672 2927/1700/1672 2926/1697/1672
f 3062/1701/1672 2925/1699/1672 2924/1695/1672 2922/1693/1672
f 2926/1611/1674 2927/1653/1674 2929/1651/1674 2838/1607/1674
f 2927/1654/1674 2928/1640/1674 2930/1643/1674 2929/1649/1674
f 2925/1699/1672 3059/1702/1672 2928/1703/1672 2927/1700/1672
f 2929/1649/1674 2930/1643/1674 2932/1648/1674 2931/1650/1674
f 2838/1607/1674 2929/1651/1674 2931/1652/1674 2833/1608/1674
f 2931/1508/1678 2932/1508/1678 2933/1508/1678 2832/1508/1678
f 2932/1508/1678 2934/1508/1678 2937/1508/1678 2933/1508/1678
f 2930/1643/1674 2936/1642/1674 2934/1647/1674 2932/1648/1674
f 2934/1508/1678 2935/1508/1678 2938/1508/1678 2937/1508/1678
f 2936/1642/1674 3053/1645/1674 2935/1646/1674 2934/1647/1674
f 2937/1574/1674 2938/1513/1674 2940/1514/1733 2939/1570/1733
f 2933/1573/1674 2937/1574/1674 2939/1570/1733 2941/1569/1733
f 2939/1570/1733 2940/1514/1733 2943/1517/1734 2942/1571/1734
f 2941/1569/1733 2939/1570/1733 2942/1571/1734 2826/1572/1734
f 2943/1584/1759 2945/1585/1759 2944/1599/1758 2942/1600/1758
f 2942/1600/1758 2944/1599/1758 2822/1592/1758 2826/1593/1758
f 2948/1586/1760 2946/1704/1757 2944/1599/1758 2945/1585/1759
f 2946/1704/1757 2820/1589/1757 2822/1592/1758 2944/1599/1758
f 2947/1508/1678 2818/1508/1678 2820/1508/1678 2946/1508/1678
f 2949/1508/1678 2947/1508/1678 2946/1508/1678 2948/1508/1678
f 2953/1508/1678 2949/1508/1678 2948/1508/1678 2950/1508/1678
f 2950/1538/1761 2948/1586/1760 2945/1585/1759 2952/1537/1762
f 2951/1539/1763 2950/1538/1761 2952/1537/1762 3046/1534/1764
f 2955/1508/1678 2953/1508/1678 2950/1508/1678 2951/1508/1678
f 2954/1521/1745 2973/1518/1734 2949/1519/1734 2953/1520/1745
f 2956/1523/1745 2954/1521/1745 2953/1520/1745 2955/1522/1745
f 2956/1508/1765 2955/1508/1678 2951/1508/1678 2959/1508/1766
f 2956/1587/1671 2960/1546/1671 2963/1547/1767 2957/1588/1768
f 2954/1546/1671 2956/1587/1671 2957/1588/1768 2969/1547/1769
f 2958/1508/1770 2956/1508/1765 2959/1508/1766 3260/1508/1771
f 2960/1525/1772 2956/1524/1773 2958/1527/1773 2962/1526/1772
f 2960/1546/1671 2961/1542/1671 2964/1545/1774 2963/1547/1767
f 2961/1528/1772 2960/1525/1772 2962/1526/1772 3274/1529/1772
f 2965/1520/1775 2967/1522/1775 2957/1523/1775 2963/1521/1776
f 2966/1519/1673 2965/1520/1673 2963/1521/1767 2964/1518/1774
f 2967/1522/1777 2968/1520/1777 2969/1521/1769 2957/1523/1768
f 2968/1520/1670 2970/1519/1670 2972/1518/1756 2969/1521/1769
f 2970/1519/1670 2971/1541/1670 2974/1540/1756 2972/1518/1756
f 2973/1542/1671 2954/1546/1671 2969/1547/1769 2972/1545/1756
f 2976/1543/1671 2973/1542/1671 2972/1545/1756 2974/1544/1756
f 2977/1550/1671 2976/1543/1671 2974/1544/1756 2975/1551/1756
f 2971/1541/1670 2978/1557/1670 2975/1556/1756 2974/1540/1756
f 2973/1518/1734 2976/1540/1734 2947/1541/1734 2949/1519/1734
f 2976/1540/1734 2977/1556/1734 2818/1557/1734 2947/1541/1734
f 2812/1558/1671 2977/1550/1671 2975/1551/1756 2810/1559/1756
f 2978/1557/1670 2808/1555/1670 2810/1554/1756 2975/1556/1756
f 2979/1541/1673 2966/1519/1673 2964/1518/1774 2981/1540/1774
f 2980/1557/1673 2979/1541/1673 2981/1540/1774 2983/1556/1774
f 2982/1543/1671 2984/1550/1671 2983/1551/1774 2981/1544/1774
f 2961/1542/1671 2982/1543/1671 2981/1544/1774 2964/1545/1774
f 2984/1550/1671 2986/1558/1671 2985/1559/1774 2983/1551/1774
f 2988/1555/1673 2980/1557/1673 2983/1556/1774 2985/1554/1774
f 2986/1558/1671 3277/1550/1671 2987/1551/1774 2985/1559/1774
f 2989/1553/1673 2988/1555/1673 2985/1554/1774 2987/1552/1774
f 2990/1549/1673 2989/1553/1673 2987/1552/1774 2991/1548/1774
f 2992/1529/1673 2990/1549/1673 2991/1548/1774 2993/1528/1774
f 2994/1526/1673 2992/1529/1673 2993/1528/1774 2996/1525/1778
f 2995/1527/1779 2994/1526/1779 2996/1525/1778 2997/1524/1780
f 2998/1546/1671 2999/1587/1671 2997/1588/1780 2996/1547/1778
f 3001/1542/1671 2998/1546/1671 2996/1547/1778 2993/1545/1774
f 2999/1523/1773 2998/1521/1772 3000/1520/1772 3254/1522/1773
f 2998/1521/1772 3001/1518/1772 3003/1519/1772 3000/1520/1772
f 3002/1543/1671 3001/1542/1671 2993/1545/1774 2991/1544/1774
f 3001/1518/1772 3002/1540/1773 3004/1541/1773 3003/1519/1772
f 3000/1508/1781 3003/1508/1782 3005/1508/1783 3006/1508/1781
f 3003/1508/1782 3004/1508/1670 3007/1508/1674 3005/1508/1783
f 3006/1547/1784 3005/1545/1785 3008/1542/1785 3009/1546/1786
f 3005/1545/1785 3007/1544/1787 3011/1543/1787 3008/1542/1785
f 3252/1705/1788 3009/1706/1786 3008/1707/1785 3010/1708/1785
f 3010/1708/1785 3008/1707/1785 3011/1709/1787 3013/1710/1787
f 3007/1544/1787 3276/1551/1787 3012/1550/1787 3011/1543/1787
f 3013/1710/1787 3011/1709/1787 3012/1711/1787 3014/1712/1787
f 3017/1569/1789 3015/1570/1789 3013/1571/1772 3014/1572/1772
f 3015/1570/1789 3016/1514/1790 3010/1517/1772 3013/1571/1772
f 3018/1574/1669 3019/1513/1669 3016/1514/1790 3015/1570/1789
f 3021/1573/1669 3018/1574/1669 3015/1570/1789 3017/1569/1789
f 3020/1508/1674 3251/1508/1674 3019/1508/1670 3018/1508/1670
f 3022/1508/1674 3020/1508/1674 3018/1508/1670 3021/1508/1791
f 3024/1508/1674 3022/1508/1674 3021/1508/1791 3023/1508/1670
f 3023/1604/1669 3021/1573/1669 3017/1569/1789 3026/1596/1789
f 3091/1508/1674 3024/1508/1674 3023/1508/1670 3025/1508/1670
f 3025/1603/1669 3023/1604/1669 3026/1596/1789 3028/1595/1789
f 3026/1596/1789 3017/1569/1789 3014/1572/1772 3027/1597/1772
f 3028/1595/1789 3026/1596/1789 3027/1597/1772 3029/1598/1772
f 3031/1605/1669 3025/1603/1669 3028/1595/1789 3030/1601/1789
f 3030/1601/1789 3028/1595/1789 3029/1598/1772 3032/1602/1772
f 3034/1579/1669 3031/1605/1669 3030/1601/1789 3033/1580/1790
f 3033/1580/1790 3030/1601/1789 3032/1602/1772 3035/1581/1772
f 3037/1576/1792 3034/1579/1669 3033/1580/1790 3036/1577/1793
f 3036/1577/1793 3033/1580/1790 3035/1581/1772 3038/1582/1794
f 3040/1575/1795 3037/1576/1792 3036/1577/1793 3039/1578/1796
f 3039/1578/1796 3036/1577/1793 3038/1582/1794 3041/1583/1797
f 3047/1509/1798 3040/1510/1799 3039/1511/1800 3043/1512/1801
f 3041/1713/1802 3259/1714/1802 3042/1715/1802 3039/1716/1802
f 3046/1717/1803 3044/1718/1803 3039/1719/1803 3042/1720/1803
f 3043/1512/1801 3039/1511/1800 3044/1515/1804 3045/1516/1805
f 2952/1537/1762 3045/1536/1806 3044/1535/1807 3046/1534/1764
f 3042/1530/1808 2959/1531/1808 2951/1532/1808 3046/1533/1808
f 2940/1514/1733 3043/1512/1801 3045/1516/1805 2943/1517/1734
f 3045/1536/1806 2952/1537/1762 2945/1585/1759 2943/1584/1759
f 2938/1513/1674 3047/1509/1798 3043/1512/1801 2940/1514/1733
f 3048/1508/1678 3049/1508/1809 3040/1508/1810 3047/1508/1678
f 2935/1508/1678 3048/1508/1678 3047/1508/1678 2938/1508/1678
f 3050/1612/1798 3051/1613/1799 3049/1614/1799 3048/1615/1798
f 3053/1645/1674 3050/1612/1798 3048/1615/1798 2935/1646/1674
f 3052/1616/1798 3083/1617/1799 3051/1613/1799 3050/1612/1798
f 3054/1644/1674 3052/1616/1798 3050/1612/1798 3053/1645/1674
f 3056/1641/1674 3054/1644/1674 3053/1645/1674 2936/1642/1674
f 3057/1721/1672 3055/1722/1672 3054/1723/1672 3056/1724/1672
f 3055/1722/1672 3081/1725/1672 3052/1726/1672 3054/1723/1672
f 3059/1702/1672 3057/1721/1672 3056/1724/1672 2928/1703/1672
f 2928/1640/1674 3056/1641/1674 2936/1642/1674 2930/1643/1674
f 3078/1727/1672 3055/1722/1672 3057/1721/1672 3058/1728/1672
f 3058/1728/1672 3057/1721/1672 3059/1702/1672 3060/1729/1672
f 3060/1729/1672 3059/1702/1672 2925/1699/1672 3062/1701/1672
f 3073/1730/1672 3058/1728/1672 3060/1729/1672 3061/1731/1672
f 3061/1731/1672 3060/1729/1672 3062/1701/1672 3063/1732/1672
f 3063/1732/1672 3062/1701/1672 2922/1693/1672 2920/1691/1672
f 3065/1733/1672 3061/1731/1672 3063/1732/1672 3064/1734/1672
f 3064/1734/1672 3063/1732/1672 2920/1691/1672 2918/1689/1672
f 3067/1735/1672 3065/1733/1672 3064/1734/1672 3066/1686/1672
f 3066/1686/1672 3064/1734/1672 2918/1689/1672 2913/1687/1672
f 3068/1736/1672 3067/1735/1672 3066/1686/1672 2912/1683/1672
f 3071/1737/1672 3069/1738/1672 3067/1735/1672 3068/1736/1672
f 3069/1738/1672 3072/1739/1672 3065/1733/1672 3067/1735/1672
f 3070/1740/1672 3074/1741/1672 3072/1739/1672 3069/1738/1672
f 3258/1742/1672 3070/1740/1672 3069/1738/1672 3071/1737/1672
f 3072/1739/1672 3073/1730/1672 3061/1731/1672 3065/1733/1672
f 3074/1741/1672 3076/1743/1672 3073/1730/1672 3072/1739/1672
f 3075/1744/1672 3077/1745/1672 3076/1743/1672 3074/1741/1672
f 3099/1746/1672 3075/1744/1672 3074/1741/1672 3070/1740/1672
f 3077/1745/1672 3079/1747/1672 3078/1727/1672 3076/1743/1672
f 3076/1743/1672 3078/1727/1672 3058/1728/1672 3073/1730/1672
f 3079/1747/1672 3081/1725/1672 3055/1722/1672 3078/1727/1672
f 3098/1748/1672 3080/1749/1672 3079/1747/1672 3077/1745/1672
f 3080/1749/1672 3082/1750/1672 3081/1725/1672 3079/1747/1672
f 3081/1725/1672 3082/1750/1672 3083/1751/1672 3052/1726/1672
f 3082/1750/1672 3080/1749/1672 3084/1752/1672 3083/1751/1672
f 3086/1612/1792 3051/1613/1795 3083/1617/1795 3084/1616/1792
f 3080/1749/1672 3098/1748/1672 3085/1753/1672 3084/1752/1672
f 3087/1645/1669 3086/1612/1792 3084/1616/1792 3085/1644/1669
f 3086/1612/1792 3087/1645/1669 3089/1646/1669 3088/1615/1792
f 3051/1613/1795 3086/1612/1792 3088/1615/1792 3049/1614/1795
f 3088/1508/1811 3089/1508/1812 3034/1508/1670 3037/1508/1813
f 3049/1508/1809 3088/1508/1811 3037/1508/1813 3040/1508/1810
f 3089/1508/1812 3090/1508/1674 3031/1508/1670 3034/1508/1670
f 3087/1645/1669 3092/1642/1669 3090/1647/1669 3089/1646/1669
f 3090/1508/1674 3091/1508/1674 3025/1508/1670 3031/1508/1670
f 3092/1642/1669 3093/1643/1669 3091/1648/1669 3090/1647/1669
f 3093/1643/1669 3092/1642/1669 3094/1641/1669 3095/1640/1669
f 3092/1642/1669 3087/1645/1669 3085/1644/1669 3094/1641/1669
f 3096/1754/1672 3097/1755/1672 3095/1756/1672 3094/1757/1672
f 3098/1748/1672 3096/1754/1672 3094/1757/1672 3085/1753/1672
f 3097/1755/1672 3096/1754/1672 3075/1744/1672 3099/1746/1672
f 3096/1754/1672 3098/1748/1672 3077/1745/1672 3075/1744/1672
f 3100/1758/1672 3097/1755/1672 3099/1746/1672 3102/1759/1672
f 3097/1755/1672 3100/1758/1672 3103/1760/1672 3095/1756/1672
f 3100/1758/1672 3101/1761/1672 3104/1762/1672 3103/1760/1672
f 3101/1761/1672 3100/1758/1672 3102/1759/1672 3115/1763/1672
f 3106/1607/1669 3105/1651/1669 3103/1653/1669 3104/1611/1669
f 3105/1649/1669 3093/1643/1669 3095/1640/1669 3103/1654/1669
f 3105/1651/1669 3106/1607/1669 3022/1608/1669 3024/1652/1669
f 3093/1643/1669 3105/1649/1669 3024/1650/1669 3091/1648/1669
f 3106/1607/1669 3107/1606/1669 3020/1609/1669 3022/1608/1669
f 3107/1606/1669 3106/1607/1669 3104/1611/1669 3109/1610/1669
f 3107/1606/1669 3108/1502/1669 3251/1507/1669 3020/1609/1669
f 3108/1502/1669 3107/1606/1669 3109/1610/1669 3110/1501/1669
f 3111/1764/1672 3112/1765/1672 3110/1766/1672 3109/1767/1672
f 3101/1761/1672 3111/1764/1672 3109/1767/1672 3104/1762/1672
f 3112/1765/1672 3111/1764/1672 3113/1768/1672 3114/1769/1672
f 3111/1764/1672 3101/1761/1672 3115/1763/1672 3113/1768/1672
f 3114/1769/1672 3113/1768/1672 3116/1770/1672 3117/1771/1672
f 3113/1768/1672 3115/1763/1672 3118/1772/1672 3116/1770/1672
f 3117/1771/1672 3116/1770/1672 3119/1773/1672 3120/1774/1672
f 3116/1770/1672 3118/1772/1672 3121/1775/1672 3119/1773/1672
f 3120/1774/1672 3119/1773/1672 3122/1776/1672 3123/1777/1672
f 3119/1773/1672 3121/1775/1672 3124/1778/1672 3122/1776/1672
f 3123/1777/1672 3122/1776/1672 2908/1680/1672 3126/1682/1672
f 3122/1776/1672 3124/1778/1672 2910/1681/1672 2908/1680/1672
f 3124/1778/1672 3068/1736/1672 2912/1683/1672 2910/1681/1672
f 3121/1775/1672 3071/1737/1672 3068/1736/1672 3124/1778/1672
f 3242/1779/1672 3120/1774/1672 3123/1777/1672 3125/1780/1672
f 3125/1780/1672 3123/1777/1672 3126/1682/1672 3127/1781/1672
f 3127/1781/1672 3126/1682/1672 2904/1674/1672 2901/1673/1672
f 3128/1782/1672 3127/1781/1672 2901/1673/1672 3130/1675/1672
f 3129/1783/1672 3125/1780/1672 3127/1781/1672 3128/1782/1672
f 3129/1783/1672 3128/1782/1672 3131/1784/1672 3132/1785/1672
f 3128/1782/1672 3130/1675/1672 3134/1786/1672 3131/1784/1672
f 3132/1640/1670 3131/1654/1670 3133/1649/1670 3231/1643/1670
f 3131/1653/1670 3134/1611/1670 3135/1607/1670 3133/1651/1670
f 3130/1675/1672 2902/1670/1672 3136/1787/1672 3134/1786/1672
f 3134/1611/1670 3136/1610/1670 3137/1606/1670 3135/1607/1670
f 3136/1610/1670 2696/1501/1670 2698/1502/1670 3137/1606/1670
f 2902/1670/1672 2899/1503/1672 2696/1504/1672 3136/1787/1672
f 3137/1606/1670 2698/1502/1670 2701/1507/1670 3138/1609/1670
f 3135/1607/1670 3137/1606/1670 3138/1609/1670 3140/1608/1670
f 3138/1508/1678 2701/1508/1678 2704/1508/1678 3139/1508/1678
f 3140/1508/1678 3138/1508/1678 3139/1508/1678 3142/1508/1678
f 3141/1508/1678 3140/1508/1678 3142/1508/1678 3143/1508/1678
f 3133/1651/1670 3135/1607/1670 3140/1608/1670 3141/1652/1670
f 3143/1604/1670 3142/1573/1670 3144/1569/1683 3145/1596/1683
f 3142/1573/1670 3139/1574/1670 3147/1570/1683 3144/1569/1683
f 3145/1596/1683 3144/1569/1683 3146/1572/1686 3218/1597/1686
f 3144/1569/1683 3147/1570/1683 3148/1571/1686 3146/1572/1686
f 3139/1574/1670 2704/1513/1670 2707/1514/1683 3147/1570/1683
f 3147/1570/1683 2707/1514/1683 2709/1517/1686 3148/1571/1686
f 3150/1556/1814 3146/1557/1814 3148/1541/1814 3149/1540/1814
f 3149/1540/1814 3148/1541/1814 2709/1519/1688 2713/1518/1687
f 3151/1548/1815 3152/1552/1815 3150/1553/1814 3149/1549/1814
f 3154/1528/1687 3151/1548/1815 3149/1549/1814 2713/1529/1687
f 3153/1508/1678 3226/1508/1678 3152/1508/1678 3151/1508/1678
f 3155/1508/1678 3153/1508/1678 3151/1508/1678 3154/1508/1678
f 3156/1508/1678 3155/1508/1678 3154/1508/1678 2712/1508/1678
f 3159/1521/1686 3157/1518/1686 3155/1519/1686 3156/1520/1686
f 3157/1518/1686 3158/1540/1686 3153/1541/1686 3155/1519/1686
f 3158/1543/1671 3157/1542/1671 3160/1545/1816 3161/1544/1816
f 3157/1542/1671 3159/1546/1671 3163/1547/1817 3160/1545/1816
f 3162/1518/1674 3168/1540/1674 3161/1541/1816 3160/1519/1816
f 3165/1521/1674 3162/1518/1674 3160/1519/1816 3163/1520/1817
f 3159/1546/1671 2724/1587/1671 3164/1588/1818 3163/1547/1817
f 3166/1523/1819 3165/1521/1819 3163/1520/1817 3164/1522/1818
f 3167/1525/1820 3166/1524/1820 3164/1527/1820 2733/1526/1821
f 2724/1587/1671 2726/1546/1671 2733/1547/1715 3164/1588/1818
f 3168/1540/1674 3169/1556/1674 3170/1557/1816 3161/1541/1816
f 3169/1556/1674 3171/1554/1674 3172/1555/1816 3170/1557/1816
f 3171/1554/1674 3173/1552/1674 3175/1553/1816 3172/1555/1816
f 3173/1552/1674 3174/1548/1674 3177/1549/1816 3175/1553/1816
f 3176/1550/1671 3227/1558/1671 3172/1559/1816 3175/1551/1816
f 3178/1543/1671 3176/1550/1671 3175/1551/1816 3177/1544/1816
f 3182/1542/1671 3178/1543/1671 3177/1544/1816 3179/1545/1816
f 3174/1548/1674 3181/1528/1674 3179/1529/1816 3177/1549/1816
f 3183/1546/1671 3182/1542/1671 3179/1545/1816 3180/1547/1822
f 3181/1528/1674 3256/1525/1674 3180/1526/1822 3179/1529/1816
f 3182/1528/1686 3183/1525/1686 3185/1526/1686 3184/1529/1686
f 3178/1548/1686 3182/1528/1686 3184/1529/1686 3186/1549/1686
f 3184/1508/1678 3185/1508/1678 3190/1508/1678 3187/1508/1678
f 3186/1508/1678 3184/1508/1678 3187/1508/1678 3188/1508/1678
f 3188/1540/1815 3187/1518/1823 3189/1519/1823 3221/1541/1814
f 3187/1518/1823 3190/1521/1824 3192/1520/1825 3189/1519/1823
f 3185/1508/1678 3255/1508/1678 3191/1508/1678 3190/1508/1678
f 3190/1521/1824 3191/1523/1826 3194/1522/1827 3192/1520/1825
f 3192/1525/1825 3193/1526/1828 3212/1529/1829 3189/1528/1823
f 3194/1524/1827 3195/1527/1830 3193/1526/1828 3192/1525/1825
f 3197/1531/1831 3196/1530/1831 3194/1533/1831 3191/1532/1831
f 3195/1531/1832 3194/1530/1832 3196/1533/1832 3199/1532/1832
f 3196/1530/1833 3197/1531/1833 3253/1532/1833 3198/1533/1833
f 3198/1530/1834 3201/1531/1834 3199/1532/1834 3196/1533/1834
f 3200/1512/1835 3199/1511/1836 3201/1515/1837 3252/1516/1838
f 3204/1509/1839 3203/1510/1840 3199/1511/1836 3200/1512/1835
f 3199/1578/1841 3202/1577/1842 3193/1582/1843 3195/1583/1844
f 3203/1575/1845 3206/1576/1846 3202/1577/1842 3199/1578/1841
f 3250/1508/1811 3205/1508/1847 3203/1508/1810 3204/1508/1813
f 3205/1508/1847 3207/1508/1678 3206/1508/1678 3203/1508/1810
f 3207/1508/1678 3209/1508/1678 3208/1508/1678 3206/1508/1678
f 3206/1576/1846 3208/1579/1670 3211/1580/1683 3202/1577/1842
f 3209/1508/1678 3230/1508/1678 3210/1508/1678 3208/1508/1678
f 3208/1579/1670 3210/1605/1670 3213/1601/1683 3211/1580/1683
f 3202/1577/1842 3211/1580/1683 3212/1581/1686 3193/1582/1843
f 3211/1580/1683 3213/1601/1683 3214/1602/1686 3212/1581/1686
f 3210/1605/1670 3216/1603/1670 3215/1595/1683 3213/1601/1683
f 3213/1601/1683 3215/1595/1683 3217/1598/1686 3214/1602/1686
f 3216/1603/1670 3143/1604/1670 3145/1596/1683 3215/1595/1683
f 3215/1595/1683 3145/1596/1683 3218/1597/1686 3217/1598/1686
f 3219/1552/1814 3217/1553/1814 3218/1555/1814 3222/1554/1814
f 3221/1548/1814 3214/1549/1814 3217/1553/1814 3219/1552/1814
f 3223/1554/1815 3220/1556/1815 3219/1557/1814 3222/1555/1814
f 3220/1556/1815 3188/1540/1815 3221/1541/1814 3219/1557/1814
f 3152/1552/1815 3223/1554/1815 3222/1555/1814 3150/1553/1814
f 3222/1554/1814 3218/1555/1814 3146/1557/1814 3150/1556/1814
f 3226/1508/1678 3224/1508/1678 3223/1508/1678 3152/1508/1678
f 3224/1508/1678 3225/1508/1678 3220/1508/1678 3223/1508/1678
f 3227/1554/1686 3176/1552/1686 3225/1553/1686 3224/1555/1686
f 3228/1556/1686 3227/1554/1686 3224/1555/1686 3226/1557/1686
f 3227/1558/1671 3228/1550/1671 3170/1551/1816 3172/1559/1816
f 3228/1550/1671 3158/1543/1671 3161/1544/1816 3170/1551/1816
f 3158/1540/1686 3228/1556/1686 3226/1557/1686 3153/1541/1686
f 3225/1508/1678 3186/1508/1678 3188/1508/1678 3220/1508/1678
f 3176/1552/1686 3178/1548/1686 3186/1549/1686 3225/1553/1686
f 3189/1528/1823 3212/1529/1829 3214/1549/1814 3221/1548/1814
f 3230/1508/1678 3229/1508/1678 3216/1508/1678 3210/1508/1678
f 3229/1508/1678 3141/1508/1678 3143/1508/1678 3216/1508/1678
f 3232/1642/1670 3231/1643/1670 3229/1648/1670 3230/1647/1670
f 3231/1643/1670 3133/1649/1670 3141/1650/1670 3229/1648/1670
f 3233/1641/1670 3132/1640/1670 3231/1643/1670 3232/1642/1670
f 3236/1644/1670 3233/1641/1670 3232/1642/1670 3234/1645/1670
f 3234/1645/1670 3232/1642/1670 3230/1647/1670 3209/1646/1670
f 3235/1612/1846 3234/1645/1670 3209/1646/1670 3207/1615/1846
f 3237/1616/1846 3236/1644/1670 3234/1645/1670 3235/1612/1846
f 3239/1788/1672 3238/1789/1672 3236/1790/1672 3237/1791/1672
f 3238/1789/1672 3241/1792/1672 3233/1793/1672 3236/1790/1672
f 3239/1788/1672 3243/1794/1672 3240/1795/1672 3238/1789/1672
f 3238/1789/1672 3240/1795/1672 3242/1779/1672 3241/1792/1672
f 3241/1792/1672 3242/1779/1672 3125/1780/1672 3129/1783/1672
f 3241/1792/1672 3129/1783/1672 3132/1785/1672 3233/1793/1672
f 3240/1795/1672 3117/1771/1672 3120/1774/1672 3242/1779/1672
f 3243/1794/1672 3114/1769/1672 3117/1771/1672 3240/1795/1672
f 3244/1796/1672 3112/1765/1672 3114/1769/1672 3243/1794/1672
f 3245/1797/1672 3244/1796/1672 3243/1794/1672 3239/1788/1672
f 3112/1765/1672 3244/1796/1672 3246/1798/1672 3110/1766/1672
f 3244/1796/1672 3245/1797/1672 3248/1799/1672 3246/1798/1672
f 3247/1499/1839 3108/1502/1669 3110/1501/1669 3246/1498/1839
f 3249/1500/1840 3247/1499/1839 3246/1498/1839 3248/1497/1840
f 3248/1617/1845 3237/1616/1846 3235/1612/1846 3249/1613/1845
f 3245/1797/1672 3239/1788/1672 3237/1791/1672 3248/1799/1672
f 3249/1613/1845 3235/1612/1846 3207/1615/1846 3205/1614/1845
f 3247/1499/1839 3249/1500/1840 3205/1505/1840 3250/1506/1839
f 3108/1502/1669 3247/1499/1839 3250/1506/1839 3251/1507/1669
f 3251/1508/1674 3250/1508/1811 3204/1508/1813 3019/1508/1670
f 3019/1513/1669 3204/1509/1839 3200/1512/1835 3016/1514/1790
f 3009/1706/1786 3252/1705/1788 3201/1800/1848 3198/1801/1849
f 3016/1514/1790 3200/1512/1835 3252/1516/1838 3010/1517/1772
f 3253/1588/1850 3006/1547/1784 3009/1546/1786 3198/1587/1849
f 3254/1508/1851 3000/1508/1781 3006/1508/1781 3253/1508/1770
f 2999/1508/1852 3254/1508/1851 3253/1508/1770 3197/1508/1853
f 3255/1508/1678 2999/1508/1852 3197/1508/1853 3191/1508/1678
f 3183/1525/1686 2999/1524/1854 3255/1527/1854 3185/1526/1686
f 2999/1587/1671 3183/1546/1671 3180/1547/1822 2997/1588/1780
f 3256/1525/1855 2995/1524/1855 2997/1527/1855 3180/1526/1856
f 2724/1523/1854 3159/1521/1686 3156/1520/1686 3257/1522/1854
f 3257/1508/1678 3156/1508/1678 2712/1508/1678 2715/1508/1678
f 2724/1508/1708 3257/1508/1678 2715/1508/1678 2717/1508/1709
f 3118/1772/1672 3258/1742/1672 3071/1737/1672 3121/1775/1672
f 3115/1763/1672 3102/1759/1672 3258/1742/1672 3118/1772/1672
f 3102/1759/1672 3099/1746/1672 3070/1740/1672 3258/1742/1672
f 2959/1531/1857 3042/1530/1857 3259/1533/1857 3260/1532/1857
f 3262/1802/1858 3260/1803/1859 3259/1804/1860 3261/1805/1861
f 3038/1806/1862 3261/1805/1861 3259/1804/1860 3041/1807/1863
f 3264/1808/1864 3262/1802/1858 3261/1805/1861 3263/1809/1864
f 3035/1810/1864 3263/1809/1864 3261/1805/1861 3038/1806/1862
f 3266/1811/1787 3264/1808/1864 3263/1809/1864 3265/1812/1787
f 3032/1813/1787 3265/1812/1787 3263/1809/1864 3035/1810/1864
f 3269/1814/1787 3266/1811/1787 3265/1812/1787 3267/1815/1787
f 3029/1816/1787 3267/1815/1787 3265/1812/1787 3032/1813/1787
f 3270/1559/1787 3269/1817/1787 3267/1818/1787 3268/1558/1787
f 3027/1819/1787 3268/1820/1787 3267/1821/1787 3029/1822/1787
f 3272/1508/1670 3271/1508/1670 3269/1508/1674 3270/1508/1674
f 3271/1508/1670 3273/1508/1670 3266/1508/1674 3269/1508/1674
f 2984/1552/1773 2982/1548/1773 3273/1549/1773 3271/1553/1773
f 2986/1554/1773 2984/1552/1773 3271/1553/1773 3272/1555/1773
f 3273/1508/1670 3274/1508/1865 3264/1508/1866 3266/1508/1674
f 2982/1548/1773 2961/1528/1772 3274/1529/1772 3273/1549/1773
f 3274/1508/1865 2962/1508/1867 3262/1508/1867 3264/1508/1866
f 3275/1508/1670 3272/1508/1670 3270/1508/1674 3276/1508/1674
f 3277/1556/1773 2986/1554/1773 3272/1555/1773 3275/1557/1773
f 3004/1508/1670 3275/1508/1670 3276/1508/1674 3007/1508/1674
f 3002/1540/1773 3277/1556/1773 3275/1557/1773 3004/1541/1773
f 3277/1550/1671 3002/1543/1671 2991/1544/1774 2987/1551/1774
f 3276/1551/1787 3270/1559/1787 3268/1558/1787 3012/1550/1787
f 3014/1712/1787 3012/1711/1787 3268/1820/1787 3027/1819/1787
f 2962/1508/1867 2958/1508/1770 3260/1508/1771 3262/1508/1867
f 2832/1604/1674 2933/1573/1674 2941/1569/1733 2825/1596/1733
f 2690/1490/1672 2896/1668/1672 3278/1823/1672 2693/1494/1672
f 2896/1668/1672 2893/1665/1672 3280/1824/1672 3278/1823/1672
f 3278/1501/1673 3280/1610/1673 2881/1606/1673 3279/1502/1673
f 2693/1498/1673 3278/1501/1673 3279/1502/1673 3281/1499/1868
f 2893/1665/1672 2886/1657/1672 2882/1658/1672 3280/1824/1672
f 3281/1499/1868 3279/1502/1673 3282/1507/1673 3283/1506/1869
f 3279/1502/1673 2881/1606/1673 2879/1609/1673 3282/1507/1673
f 3283/1508/1727 3282/1508/1670 3284/1508/1674 3285/1508/1728
f 3282/1508/1670 2879/1508/1670 2876/1508/1674 3284/1508/1674
f 3285/1576/1869 3284/1579/1673 3286/1580/1720 3287/1577/1870
f 3284/1579/1673 2876/1605/1673 3288/1601/1720 3286/1580/1720
f 3287/1577/1870 3286/1580/1720 3289/1581/1710 3290/1582/1871
f 3286/1580/1720 3288/1601/1720 3292/1602/1710 3289/1581/1710
f 2720/1537/1702 3290/1536/1701 3289/1584/1872 3291/1585/1872
f 3291/1585/1872 3289/1584/1872 3292/1600/1718 3293/1599/1718
f 3293/1599/1718 3292/1600/1718 3294/1593/1718 3295/1592/1718
f 3288/1601/1720 2877/1595/1720 3294/1598/1710 3292/1602/1710
f 3295/1592/1718 3294/1593/1718 3296/1594/1718 3297/1591/1718
f 2877/1595/1720 2874/1596/1720 3296/1597/1710 3294/1598/1710
f 3297/1825/1718 3296/1826/1718 2760/1566/1718 2757/1562/1718
f 2874/1596/1720 2763/1569/1720 2760/1572/1710 3296/1597/1710
f 2754/1561/1718 3298/1827/1718 3297/1825/1718 2757/1562/1718
f 3298/1590/1718 3300/1589/1718 3295/1592/1718 3297/1591/1718
f 2751/1508/1674 3299/1508/1674 3298/1508/1670 2754/1508/1670
f 3299/1508/1674 3302/1508/1674 3300/1508/1670 3298/1508/1670
f 3300/1589/1718 3301/1704/1718 3293/1599/1718 3295/1592/1718
f 3302/1508/1674 2728/1508/1674 3301/1508/1670 3300/1508/1670
f 3303/1556/1711 2731/1540/1711 2728/1541/1711 3302/1557/1711
f 2742/1554/1711 3303/1556/1711 3302/1557/1711 3299/1555/1711
f 3301/1704/1718 2729/1586/1872 3291/1585/1872 3293/1599/1718
f 2744/1552/1711 2742/1554/1711 3299/1555/1711 2751/1553/1711
f 2729/1586/1872 2722/1538/1703 2720/1537/1702 3291/1585/1872
f 2706/1578/1873 3287/1577/1870 3290/1582/1871 2719/1583/1874
f 2703/1575/1675 3285/1576/1869 3287/1577/1870 2706/1578/1873
f 2700/1508/1679 3283/1508/1727 3285/1508/1728 2703/1508/1680
f 2694/1500/1675 3281/1499/1868 3283/1506/1869 2700/1505/1675
f 2778/1580/1733 2830/1601/1733 2828/1602/1734 2780/1581/1734
f 2828/1600/1758 3304/1599/1758 2783/1585/1737 2780/1584/1737
f 3305/1704/1757 2786/1586/1742 2783/1585/1737 3304/1599/1758
f 2816/1589/1757 3305/1704/1757 3304/1599/1758 2823/1592/1758
f 2815/1508/1678 2790/1508/1678 2786/1508/1678 3305/1508/1678
f 2813/1548/1734 3306/1528/1734 2790/1529/1734 2815/1549/1734
f 3306/1542/1671 2813/1543/1671 2806/1544/1756 2804/1545/1756
f 2789/1546/1671 3306/1542/1671 2804/1545/1756 2798/1547/1750
f 2749/1542/1671 2793/1546/1671 2797/1547/1749 2746/1545/1714
f 3308/1530/1875 2795/1531/1875 3307/1532/1875 3309/1533/1875
f 2795/1531/1876 3308/1530/1876 2784/1533/1876 2787/1532/1876
f 2781/1828/1877 2784/1829/1877 3308/1830/1877 2768/1831/1877
f 3309/1832/1878 3311/1833/1878 2768/1834/1878 3308/1835/1878
f 3307/1836/1879 3312/1837/1880 3310/1838/1881 3309/1839/1882
f 3310/1838/1881 2769/1840/1883 3311/1841/1884 3309/1839/1882
f 2758/1565/1719 2761/1568/1719 2769/1840/1883 3310/1838/1881
f 3312/1837/1880 2755/1564/1719 2758/1565/1719 3310/1838/1881
f 2794/1508/1751 3313/1508/1885 3312/1508/1885 3307/1508/1752
f 3313/1508/1885 2752/1508/1716 2755/1508/1717 3312/1508/1885
f 2793/1525/1710 2749/1528/1711 2752/1529/1711 3313/1526/1710
usemtl default
f 3314/1523/1674 3317/1521/1674 3318/1520/1674 3315/1522/1674
f 3316/1520/1669 3314/1522/1669 3315/1523/1669 3535/1521/1669
f 3314/1842/1671 3316/1843/1671 3319/1844/1671 3317/1845/1671
f 3317/1521/1674 3320/1518/1674 3323/1519/1674 3318/1520/1674
f 3317/1845/1671 3319/1844/1671 3321/1846/1671 3320/1847/1671
f 3320/1847/1671 3321/1846/1671 3530/1848/1671 3322/1849/1671
f 3320/1518/1674 3322/1540/1674 3324/1541/1674 3323/1519/1674
f 3323/1508/1678 3324/1508/1678 3326/1508/1678 3325/1508/1678
f 3318/1508/1678 3323/1508/1678 3325/1508/1678 3327/1508/1678
f 3325/1529/1674 3326/1549/1674 3330/1548/1674 3328/1528/1674
f 3327/1526/1674 3325/1529/1674 3328/1528/1674 3329/1525/1674
f 3326/1549/1674 3333/1553/1674 3331/1552/1674 3330/1548/1674
f 3333/1553/1674 3334/1555/1674 3332/1554/1674 3331/1552/1674
f 3335/1508/1678 3336/1508/1678 3334/1508/1678 3333/1508/1678
f 3324/1508/1678 3335/1508/1678 3333/1508/1678 3326/1508/1678
f 3337/1556/1674 3339/1554/1674 3336/1555/1674 3335/1557/1674
f 3322/1540/1674 3337/1556/1674 3335/1557/1674 3324/1541/1674
f 3322/1849/1671 3530/1848/1671 3338/1850/1671 3337/1851/1671
f 3337/1851/1671 3338/1850/1671 3340/1852/1671 3339/1853/1671
f 3339/1854/1671 3340/1855/1671 3344/1856/1671 3341/1857/1671
f 3339/1554/1674 3341/1552/1674 3342/1553/1674 3336/1555/1674
f 3341/1552/1674 3343/1548/1674 3553/1549/1674 3342/1553/1674
f 3341/1857/1671 3344/1856/1671 3346/1858/1671 3343/1859/1671
f 3340/1855/1671 3527/1860/1671 3345/1861/1671 3344/1856/1671
f 3344/1856/1671 3345/1861/1671 3347/1862/1671 3346/1858/1671
f 3343/1859/1671 3346/1858/1671 3348/1863/1671 3349/1864/1671
f 3346/1858/1671 3347/1862/1671 3350/1865/1671 3348/1863/1671
f 3349/1864/1671 3348/1863/1671 3351/1866/1671 3352/1867/1671
f 3348/1863/1671 3350/1865/1671 3353/1868/1671 3351/1866/1671
f 3352/1867/1671 3351/1866/1671 3354/1869/1671 3355/1870/1671
f 3351/1866/1671 3353/1868/1671 3356/1871/1671 3354/1869/1671
f 3355/1523/1673 3354/1521/1673 3357/1520/1673 3358/1522/1673
f 3354/1521/1673 3356/1518/1673 3359/1519/1673 3357/1520/1673
f 3358/1508/1673 3357/1508/1673 3360/1508/1673 3361/1508/1673
f 3357/1508/1673 3359/1508/1673 3363/1508/1673 3360/1508/1673
f 3361/1523/1673 3360/1521/1673 3362/1520/1673 3543/1522/1673
f 3360/1521/1673 3363/1518/1673 3365/1519/1673 3362/1520/1673
f 3359/1508/1673 3472/1508/1673 3364/1508/1673 3363/1508/1673
f 3363/1518/1673 3364/1540/1673 3366/1541/1673 3365/1519/1673
f 3364/1540/1673 3368/1556/1673 3367/1557/1673 3366/1541/1673
f 3368/1556/1673 3370/1554/1673 3369/1555/1673 3367/1557/1673
f 3370/1554/1673 3372/1552/1673 3371/1553/1673 3369/1555/1673
f 3372/1552/1673 3375/1548/1673 3373/1549/1673 3371/1553/1673
f 3375/1548/1673 3376/1528/1673 3374/1529/1673 3373/1549/1673
f 3378/1508/1673 3377/1508/1673 3375/1508/1673 3372/1508/1673
f 3377/1508/1673 3380/1508/1673 3376/1508/1673 3375/1508/1673
f 3467/1552/1673 3379/1548/1673 3377/1549/1673 3378/1553/1673
f 3379/1548/1673 3381/1528/1673 3380/1529/1673 3377/1549/1673
f 3381/1528/1673 3383/1525/1673 3382/1526/1673 3380/1529/1673
f 3380/1508/1673 3382/1508/1673 3385/1508/1673 3376/1508/1673
f 3383/1525/1673 3457/1524/1673 3384/1527/1673 3382/1526/1673
f 3382/1508/1673 3384/1508/1673 3386/1508/1673 3385/1508/1673
f 3376/1528/1673 3385/1525/1673 3387/1526/1673 3374/1529/1673
f 3385/1525/1673 3386/1524/1673 3388/1527/1673 3387/1526/1673
f 3386/1523/1670 3390/1521/1670 3389/1520/1670 3388/1522/1670
f 3390/1521/1670 3392/1518/1670 3391/1519/1670 3389/1520/1670
f 3392/1518/1670 3394/1540/1670 3393/1541/1670 3391/1519/1670
f 3394/1540/1670 3396/1556/1670 3395/1557/1670 3393/1541/1670
f 3396/1556/1670 3399/1554/1670 3397/1555/1670 3395/1557/1670
f 3399/1554/1670 3401/1552/1670 3398/1553/1670 3397/1555/1670
f 3463/1508/1678 3400/1508/1678 3399/1508/1678 3396/1508/1678
f 3400/1508/1678 3402/1508/1678 3401/1508/1678 3399/1508/1678
f 3402/1508/1678 3404/1508/1678 3403/1508/1678 3401/1508/1678
f 3401/1552/1670 3403/1548/1670 3406/1549/1670 3398/1553/1670
f 3404/1508/1678 3541/1508/1678 3405/1508/1678 3403/1508/1678
f 3403/1548/1670 3405/1528/1670 3407/1529/1670 3406/1549/1670
f 3405/1528/1670 3409/1525/1670 3408/1526/1670 3407/1529/1670
f 3409/1525/1670 3411/1524/1670 3410/1527/1670 3408/1526/1670
f 3411/1527/1669 3413/1526/1669 3412/1525/1669 3410/1524/1669
f 3413/1526/1669 3416/1529/1669 3414/1528/1669 3412/1525/1669
f 3416/1529/1669 3417/1549/1669 3415/1548/1669 3414/1528/1669
f 3418/1508/1674 3420/1508/1674 3417/1508/1670 3416/1508/1670
f 3421/1508/1674 3418/1508/1674 3416/1508/1670 3413/1508/1670
f 3423/1526/1669 3419/1529/1669 3418/1528/1669 3421/1525/1669
f 3419/1529/1669 3498/1549/1669 3420/1548/1669 3418/1528/1669
f 3422/1508/1678 3421/1508/1674 3413/1508/1670 3411/1508/1678
f 3424/1527/1669 3423/1526/1669 3421/1525/1669 3422/1524/1669
f 3419/1872/1671 3423/1873/1671 3425/1874/1671 3426/1875/1671
f 3423/1873/1671 3424/1876/1671 3427/1877/1671 3425/1874/1671
f 3426/1875/1671 3425/1874/1671 3428/1878/1671 3429/1879/1671
f 3425/1874/1671 3427/1877/1671 3430/1880/1671 3428/1878/1671
f 3429/1879/1671 3428/1878/1671 3431/1881/1671 3432/1882/1671
f 3428/1878/1671 3430/1880/1671 3433/1883/1671 3431/1881/1671
f 3432/1882/1671 3431/1881/1671 3434/1844/1671 3437/1846/1671
f 3431/1881/1671 3433/1883/1671 3435/1843/1671 3434/1844/1671
f 3434/1844/1671 3435/1843/1671 3465/1842/1671 3436/1845/1671
f 3437/1846/1671 3434/1844/1671 3436/1845/1671 3439/1847/1671
f 3492/1884/1671 3432/1882/1671 3437/1846/1671 3438/1848/1671
f 3438/1848/1671 3437/1846/1671 3439/1847/1671 3440/1849/1671
f 3440/1885/1671 3439/1860/1671 3441/1861/1671 3442/1886/1671
f 3439/1860/1671 3436/1855/1671 3443/1856/1671 3441/1861/1671
f 3442/1886/1671 3441/1861/1671 3444/1862/1671 3447/1887/1671
f 3441/1861/1671 3443/1856/1671 3445/1858/1671 3444/1862/1671
f 3444/1862/1671 3445/1858/1671 3455/1863/1671 3446/1865/1671
f 3447/1887/1671 3444/1862/1671 3446/1865/1671 3449/1888/1671
f 3484/1889/1671 3442/1886/1671 3447/1887/1671 3448/1890/1671
f 3448/1890/1671 3447/1887/1671 3449/1888/1671 3450/1891/1671
f 3450/1891/1671 3449/1888/1671 3451/1892/1671 3452/1893/1671
f 3449/1888/1671 3446/1865/1671 3453/1868/1671 3451/1892/1671
f 3452/1893/1671 3451/1892/1671 3379/1894/1671 3467/1895/1671
f 3451/1892/1671 3453/1868/1671 3381/1871/1671 3379/1894/1671
f 3446/1865/1671 3455/1863/1671 3454/1866/1671 3453/1868/1671
f 3453/1868/1671 3454/1866/1671 3383/1869/1671 3381/1871/1671
f 3455/1863/1671 3459/1864/1671 3456/1867/1671 3454/1866/1671
f 3454/1866/1671 3456/1867/1671 3457/1870/1671 3383/1869/1671
f 3457/1527/1670 3456/1526/1670 3458/1525/1670 3384/1524/1670
f 3456/1526/1670 3459/1529/1670 3461/1528/1670 3458/1525/1670
f 3459/1529/1670 3460/1549/1670 3462/1548/1670 3461/1528/1670
f 3445/1858/1671 3460/1859/1671 3459/1864/1671 3455/1863/1671
f 3458/1508/1678 3461/1508/1678 3392/1508/1678 3390/1508/1678
f 3461/1508/1678 3462/1508/1678 3394/1508/1678 3392/1508/1678
f 3460/1549/1670 3464/1553/1670 3463/1552/1670 3462/1548/1670
f 3462/1508/1678 3463/1508/1678 3396/1508/1678 3394/1508/1678
f 3464/1553/1670 3465/1555/1670 3400/1554/1670 3463/1552/1670
f 3436/1855/1671 3465/1854/1671 3464/1857/1671 3443/1856/1671
f 3443/1856/1671 3464/1857/1671 3460/1859/1671 3445/1858/1671
f 3465/1555/1670 3435/1557/1670 3402/1556/1670 3400/1554/1670
f 3384/1508/1678 3458/1508/1678 3390/1508/1678 3386/1508/1678
f 3480/1896/1671 3450/1891/1671 3452/1893/1671 3466/1897/1671
f 3466/1897/1671 3452/1893/1671 3467/1895/1671 3468/1898/1671
f 3468/1554/1673 3467/1552/1673 3378/1553/1673 3470/1555/1673
f 3475/1893/1671 3466/1897/1671 3468/1898/1671 3469/1895/1671
f 3469/1556/1673 3468/1554/1673 3470/1555/1673 3471/1557/1673
f 3471/1508/1673 3470/1508/1673 3370/1508/1673 3368/1508/1673
f 3470/1508/1673 3378/1508/1673 3372/1508/1673 3370/1508/1673
f 3472/1508/1673 3471/1508/1673 3368/1508/1673 3364/1508/1673
f 3473/1540/1673 3469/1556/1673 3471/1557/1673 3472/1541/1673
f 3356/1518/1673 3473/1540/1673 3472/1541/1673 3359/1519/1673
f 3474/1892/1671 3475/1893/1671 3469/1895/1671 3473/1894/1671
f 3353/1868/1671 3474/1892/1671 3473/1894/1671 3356/1871/1671
f 3350/1865/1671 3476/1888/1671 3474/1892/1671 3353/1868/1671
f 3476/1888/1671 3478/1891/1671 3475/1893/1671 3474/1892/1671
f 3477/1887/1671 3479/1890/1671 3478/1891/1671 3476/1888/1671
f 3347/1862/1671 3477/1887/1671 3476/1888/1671 3350/1865/1671
f 3479/1890/1671 3481/1899/1671 3480/1896/1671 3478/1891/1671
f 3478/1891/1671 3480/1896/1671 3466/1897/1671 3475/1893/1671
f 3481/1899/1671 3448/1890/1671 3450/1891/1671 3480/1896/1671
f 3482/1900/1671 3484/1889/1671 3448/1890/1671 3481/1899/1671
f 3483/1889/1671 3482/1900/1671 3481/1899/1671 3479/1890/1671
f 3487/1901/1671 3485/1902/1671 3482/1900/1671 3483/1889/1671
f 3485/1902/1671 3488/1901/1671 3484/1889/1671 3482/1900/1671
f 3486/1852/1671 3489/1850/1671 3488/1851/1671 3485/1853/1671
f 3521/1903/1671 3486/1904/1671 3485/1905/1671 3487/1906/1671
f 3488/1901/1671 3440/1885/1671 3442/1886/1671 3484/1889/1671
f 3489/1850/1671 3438/1848/1671 3440/1849/1671 3488/1851/1671
f 3490/1907/1671 3492/1884/1671 3438/1848/1671 3489/1850/1671
f 3491/1908/1671 3490/1907/1671 3489/1850/1671 3486/1852/1671
f 3495/1909/1671 3493/1910/1671 3490/1907/1671 3491/1908/1671
f 3493/1910/1671 3496/1911/1671 3492/1884/1671 3490/1907/1671
f 3494/1903/1671 3497/1912/1671 3496/1911/1671 3493/1910/1671
f 3517/1906/1671 3494/1903/1671 3493/1910/1671 3495/1909/1671
f 3496/1911/1671 3429/1879/1671 3432/1882/1671 3492/1884/1671
f 3497/1912/1671 3426/1875/1671 3429/1879/1671 3496/1911/1671
f 3498/1913/1671 3419/1872/1671 3426/1875/1671 3497/1912/1671
f 3499/1904/1671 3498/1913/1671 3497/1912/1671 3494/1903/1671
f 3498/1549/1669 3499/1553/1669 3501/1552/1669 3420/1548/1669
f 3499/1553/1669 3500/1555/1669 3502/1554/1669 3501/1552/1669
f 3500/1905/1671 3499/1904/1671 3494/1903/1671 3517/1906/1671
f 3501/1508/1674 3502/1508/1674 3504/1508/1670 3503/1508/1670
f 3420/1508/1674 3501/1508/1674 3503/1508/1670 3417/1508/1670
f 3503/1553/1669 3504/1555/1669 3506/1554/1669 3505/1552/1669
f 3417/1549/1669 3503/1553/1669 3505/1552/1669 3415/1548/1669
f 3504/1555/1669 3509/1557/1669 3507/1556/1669 3506/1554/1669
f 3509/1557/1669 3510/1541/1669 3508/1540/1669 3507/1556/1669
f 3511/1508/1674 3512/1508/1674 3510/1508/1670 3509/1508/1670
f 3502/1508/1674 3511/1508/1674 3509/1508/1670 3504/1508/1670
f 3513/1557/1669 3514/1541/1669 3512/1540/1669 3511/1556/1669
f 3500/1555/1669 3513/1557/1669 3511/1556/1669 3502/1554/1669
f 3514/1880/1671 3513/1877/1671 3515/1874/1671 3516/1878/1671
f 3513/1877/1671 3500/1876/1671 3517/1873/1671 3515/1874/1671
f 3516/1878/1671 3515/1874/1671 3518/1875/1671 3519/1879/1671
f 3515/1874/1671 3517/1873/1671 3495/1872/1671 3518/1875/1671
f 3519/1879/1671 3518/1875/1671 3520/1912/1671 3522/1911/1671
f 3518/1875/1671 3495/1872/1671 3491/1913/1671 3520/1912/1671
f 3520/1912/1671 3491/1913/1671 3486/1904/1671 3521/1903/1671
f 3522/1911/1671 3520/1912/1671 3521/1903/1671 3524/1910/1671
f 3529/1882/1671 3519/1879/1671 3522/1911/1671 3523/1884/1671
f 3523/1884/1671 3522/1911/1671 3524/1910/1671 3525/1907/1671
f 3525/1907/1671 3524/1910/1671 3526/1909/1671 3527/1908/1671
f 3524/1910/1671 3521/1903/1671 3487/1906/1671 3526/1909/1671
f 3527/1860/1671 3526/1885/1671 3528/1886/1671 3345/1861/1671
f 3526/1885/1671 3487/1901/1671 3483/1889/1671 3528/1886/1671
f 3528/1886/1671 3483/1889/1671 3479/1890/1671 3477/1887/1671
f 3345/1861/1671 3528/1886/1671 3477/1887/1671 3347/1862/1671
f 3338/1850/1671 3525/1907/1671 3527/1908/1671 3340/1852/1671
f 3530/1848/1671 3523/1884/1671 3525/1907/1671 3338/1850/1671
f 3321/1846/1671 3529/1882/1671 3523/1884/1671 3530/1848/1671
f 3531/1881/1671 3516/1878/1671 3519/1879/1671 3529/1882/1671
f 3319/1844/1671 3531/1881/1671 3529/1882/1671 3321/1846/1671
f 3532/1883/1671 3514/1880/1671 3516/1878/1671 3531/1881/1671
f 3316/1843/1671 3532/1883/1671 3531/1881/1671 3319/1844/1671
f 3532/1519/1669 3316/1520/1669 3535/1521/1669 3533/1518/1669
f 3514/1541/1669 3532/1519/1669 3533/1518/1669 3512/1540/1669
f 3512/1508/1674 3533/1508/1674 3534/1508/1670 3510/1508/1670
f 3533/1508/1674 3535/1508/1674 3536/1508/1670 3534/1508/1670
f 3535/1508/1674 3315/1508/1678 3537/1508/1678 3536/1508/1670
f 3536/1520/1669 3537/1522/1669 3540/1523/1669 3538/1521/1669
f 3534/1519/1669 3536/1520/1669 3538/1521/1669 3539/1518/1669
f 3537/1527/1674 3327/1526/1674 3329/1525/1674 3540/1524/1674
f 3510/1541/1669 3534/1519/1669 3539/1518/1669 3508/1540/1669
f 3315/1508/1678 3318/1508/1678 3327/1508/1678 3537/1508/1678
f 3435/1557/1670 3433/1541/1670 3404/1540/1670 3402/1556/1670
f 3433/1541/1670 3430/1519/1670 3541/1518/1670 3404/1540/1670
f 3430/1519/1670 3427/1520/1670 3542/1521/1670 3541/1518/1670
f 3541/1508/1678 3542/1508/1678 3409/1508/1678 3405/1508/1678
f 3427/1520/1670 3424/1522/1670 3422/1523/1670 3542/1521/1670
f 3542/1508/1678 3422/1508/1678 3411/1508/1678 3409/1508/1678
f 3546/1520/1674 3361/1522/1674 3543/1523/1674 3544/1521/1674
f 3548/1519/1674 3546/1520/1674 3544/1521/1674 3545/1518/1674
f 3549/1508/1678 3547/1508/1678 3546/1508/1678 3548/1508/1678
f 3547/1508/1678 3358/1508/1678 3361/1508/1678 3546/1508/1678
f 3553/1508/1678 3549/1508/1678 3548/1508/1678 3550/1508/1678
f 3550/1541/1674 3548/1519/1674 3545/1518/1674 3552/1540/1674
f 3551/1557/1674 3550/1541/1674 3552/1540/1674 3554/1556/1674
f 3342/1508/1678 3553/1508/1678 3550/1508/1678 3551/1508/1678
f 3343/1548/1674 3349/1528/1674 3549/1529/1674 3553/1549/1674
f 3334/1555/1674 3551/1557/1674 3554/1556/1674 3332/1554/1674
f 3336/1508/1678 3342/1508/1678 3551/1508/1678 3334/1508/1678
f 3349/1528/1674 3352/1525/1674 3547/1526/1674 3549/1529/1674
f 3352/1525/1674 3355/1524/1674 3358/1527/1674 3547/1526/1674
