# Blender 3.6.22
# www.blender.org
mtllib reja.mtl
o Cube
v -11.308078 0.000003 1.689077
v -11.308078 24.163868 1.689077
v -11.308078 0.000003 1.372533
v -11.308078 24.163868 1.372533
v 17.055420 0.000003 1.689077
v 17.055420 24.163868 1.689077
v 17.055420 0.000003 1.372533
v 17.055420 24.163868 1.372533
v -12.617380 28.668234 1.714989
v -12.373366 29.094297 1.720392
v -12.843494 28.272364 1.499977
v -12.968535 28.057848 1.418539
v -12.253633 29.296721 1.654943
v -11.818972 30.048845 1.637205
v -11.790781 30.097879 -1.442807
v -13.228115 27.608372 1.264280
v -12.993547 28.014479 1.436895
v -13.184038 27.886261 1.438325
v -13.527279 27.281185 1.435126
v -13.843046 26.548710 1.437966
v -14.929363 24.661510 1.288405
v -14.871336 24.775553 1.435971
v -15.065702 24.424494 1.470234
v -15.155254 24.272289 1.564084
v -15.478455 23.713373 1.728884
v -15.225508 24.166527 1.688647
v -16.020493 22.771156 1.746342
v -16.046091 22.727421 -1.442171
v -16.067471 22.710363 1.498692
v -11.795166 30.100138 1.747700
v -11.901247 30.026011 1.749435
v -12.098886 29.567871 1.744607
v -16.678627 25.859842 2.316890
v -16.764050 25.328655 2.186101
v -16.736065 29.870281 2.232480
v -16.766415 29.977686 2.176244
v -16.767988 25.119211 2.072488
v -16.767735 30.280107 2.047848
v -16.772240 30.141794 -1.360743
v -16.742617 30.318129 -1.435312
v -16.767895 29.878023 -1.283633
v -16.767942 29.055225 -1.216623
v -16.692690 29.390530 -1.409933
v -16.767691 29.201113 -1.408199
v -16.767939 9.076502 -1.315361
v -16.767902 24.586313 1.970301
v -16.768003 24.301449 2.097224
v -16.767870 10.117900 2.178636
v -16.762049 24.368313 2.190706
v -16.723812 20.015711 2.302376
v -16.558863 9.560015 2.305637
v -16.767942 9.635413 2.028522
v -16.767712 7.509812 -1.299438
v -16.767809 6.983555 -1.228922
v -16.767569 6.346817 -1.234679
v -16.763910 9.472238 2.194275
v -16.769024 0.078718 2.052206
v -16.767946 0.317384 -1.343817
v -16.767870 0.580847 -1.307265
v -16.767849 4.541402 -1.252051
v -16.774073 1.394118 -1.458392
v -16.637009 4.655009 -1.433291
v -16.782335 5.678373 -1.426720
v -16.630245 0.301826 -1.433864
v -16.470715 0.009607 -1.431803
v -16.644016 -0.000079 -1.170267
v -16.651356 0.007731 2.114772
v -16.686216 0.277707 2.280761
v -16.631155 0.322288 2.305065
v -16.686062 9.438471 2.298834
v -16.765305 8.667166 -1.322322
v -16.764423 8.549423 -1.428320
v -16.761114 7.539762 -1.430512
v -16.683216 24.431656 2.204849
v -16.672857 24.709108 2.199013
v -16.668207 24.811924 2.287510
v -16.766199 9.158900 -1.412011
v -16.663748 29.821747 -1.368649
v -10.916258 23.771971 2.182672
v -10.923517 4.580163 2.196315
v -10.986272 22.342272 2.314930
v -11.121067 24.116426 2.305365
v -11.116483 4.160610 2.305674
v -11.143953 30.321228 2.305581
v -11.068583 27.807148 2.306023
v -11.005895 24.338797 2.303200
v -10.994315 27.541138 2.297251
v -10.917673 27.711992 2.179623
v -10.920794 28.689657 2.187665
v -10.989897 28.996881 2.294440
v -11.014441 29.905312 2.302571
v -10.911556 30.301069 1.951596
v -11.035893 30.413773 2.181106
v -12.154832 8.776718 2.305466
v -12.041444 29.205877 2.305650
v -16.548351 30.316170 2.305475
v -16.766415 29.977686 2.176244
v -16.767735 30.280107 2.047848
v -16.736065 29.870281 2.232480
v -16.678627 25.859842 2.316890
v -16.603344 25.219225 2.305067
v -16.500753 24.733915 2.305540
v -15.519066 8.776197 2.305362
v -15.515347 29.082724 2.305134
v -12.172009 29.078537 2.301529
v -15.371141 28.919806 2.213393
v -15.371475 8.939372 2.211827
v -12.315233 8.942873 2.210998
v -15.275938 28.821188 2.202184
v -15.273775 9.040728 2.201568
v -15.047438 9.334159 2.105521
v -12.417900 9.057194 2.196362
v -15.044516 28.290623 2.107965
v -15.138582 10.985982 2.143386
v -15.048340 10.841509 2.104058
v -15.027954 10.958537 2.050006
v -14.988947 9.384489 1.962350
v -14.993525 28.469824 1.966572
v -14.985317 28.534851 2.107990
v -14.928421 9.455379 1.905043
v -12.709105 28.461620 1.941658
v -14.945396 28.423000 1.919370
v -14.845779 28.311890 1.852550
v -12.930895 28.272141 1.837546
v -14.682106 9.610910 1.836988
v -12.832301 9.553426 1.853720
v -12.696274 9.389407 1.953737
v -12.625472 9.332605 2.108109
v -12.411823 28.817110 2.200879
v -12.615441 28.545111 2.111824
v -12.656354 28.499817 2.045633
v -12.310624 28.919952 2.213134
v -12.108542 28.370516 2.305934
v -12.179633 27.714701 2.297242
v -15.518517 6.715474 2.305313
v -16.558863 9.560015 2.305637
v -16.723812 20.015711 2.302376
v -16.631155 0.322288 2.305065
v -16.686062 9.438471 2.298834
v -16.178289 0.245119 2.305804
v -15.519756 0.726589 2.304976
v -11.147177 0.667923 2.305357
v -14.327272 0.227047 2.305311
v -15.373699 6.564074 2.213872
v -15.362160 0.894180 2.210929
v -12.308112 0.877926 2.214888
v -12.164208 0.730991 2.304785
v -12.157040 3.502250 2.305034
v -11.984197 3.751598 2.305575
v -12.224239 3.715832 2.267730
v -12.305564 6.566566 2.215900
v -12.170898 6.712125 2.305887
v -13.728548 6.481995 2.202076
v -13.503483 6.257185 2.123117
v -12.410283 6.466187 2.199645
v -12.631691 6.208196 2.104904
v -12.410848 0.975636 2.199958
v -12.628529 1.232903 2.105845
v -12.698128 1.349366 1.949695
v -15.046158 1.233384 2.105112
v -13.105749 1.293406 1.926708
v -14.947657 1.328173 1.918231
v -12.853631 1.447005 1.844189
v -14.812881 1.461775 1.841793
v -12.850375 5.993731 1.842208
v -12.700196 6.159269 1.950536
v -14.829489 5.997246 1.842383
v -14.978474 6.156078 1.947007
v -15.047024 6.210699 2.105248
v -15.003696 1.744658 1.986047
v -13.686628 6.187756 2.033180
v -13.848999 6.222261 2.109350
v -15.274910 6.473601 2.201566
v -15.272783 0.973246 2.200937
v -11.079577 0.205853 2.307559
v -14.150179 0.061193 2.298217
v -14.253651 -0.000130 2.165786
v -15.203054 0.060992 2.318215
v -16.128139 0.000056 2.173517
v -16.368816 0.139022 2.258281
v -16.221937 0.000056 2.013473
v -16.436243 0.000079 1.992845
v -16.651356 0.007731 2.114772
v -16.614906 0.139022 2.159418
v -16.769024 0.078718 2.052206
v -16.686216 0.277707 2.280761
v -11.018799 0.055865 2.292592
v -10.935052 0.095491 2.041718
v -10.914169 0.322029 2.033226
v -10.914072 0.712941 2.063693
v -10.918010 0.860536 2.199721
v -11.020335 0.768779 2.300384
v -11.008495 3.863671 2.297178
v -16.683216 24.431656 2.204849
v -16.672857 24.709108 2.199013
v -16.668207 24.811924 2.287510
v -16.767988 25.119211 2.072488
v -16.764050 25.328655 2.186101
v -10.913686 0.174721 1.478294
v -10.935052 0.095491 2.041718
v -10.914169 0.322029 2.033226
v -10.914015 0.293475 -1.420730
v -10.931129 0.104876 1.260444
v -10.941514 0.095003 -1.087171
v -11.035731 0.000050 -1.137197
v -11.046355 0.012184 -1.317420
v -10.914072 0.712941 2.063693
v -10.914076 24.052803 2.079123
v -10.914080 20.853065 -1.327511
v -10.930419 20.685837 -1.431804
v -11.093015 20.793776 -1.407513
v -11.004553 21.055696 -1.375714
v -10.915421 21.277328 -1.281212
v -11.072652 21.152815 -1.434278
v -10.934739 21.384291 -1.432142
v -10.914080 21.515877 -1.392115
v -10.940112 29.168425 -1.433963
v -10.914157 29.426922 -1.404871
v -10.911556 30.301069 1.951596
v -10.914112 24.400951 2.076102
v -10.914640 29.812189 -1.266102
v -10.950464 30.329243 -1.251129
v -10.919091 24.471949 2.184027
v -11.121067 24.116426 2.305365
v -11.005895 24.338797 2.303200
v -10.994315 27.541138 2.297251
v -10.917673 27.711992 2.179623
v -10.920794 28.689657 2.187665
v -10.989897 28.996881 2.294440
v -11.014441 29.905312 2.302571
v -10.916258 23.771971 2.182672
v -10.914275 4.035336 2.145031
v -10.923517 4.580163 2.196315
v -11.116483 4.160610 2.305674
v -11.008495 3.863671 2.297178
v -10.918010 0.860536 2.199721
v -10.911556 30.301069 1.951596
v -11.035893 30.413773 2.181106
v -10.950464 30.329243 -1.251129
v -11.036926 30.414160 -1.420156
v -16.639492 30.413797 -1.432489
v -16.579384 30.413923 2.182644
v -16.655104 30.403561 2.062448
v -16.742617 30.318129 -1.435312
v -16.767735 30.280107 2.047848
v -16.548351 30.316170 2.305475
v -11.143953 30.321228 2.305581
v -16.644016 -0.000079 -1.170267
v -16.128139 0.000056 2.173517
v -15.618042 0.000381 -1.393615
v -16.651356 0.007731 2.114772
v -16.436243 0.000079 1.992845
v -16.221937 0.000056 2.013473
v -16.470715 0.009607 -1.431803
v -14.253651 -0.000130 2.165786
v -15.348143 0.000064 -1.316473
v -14.053308 -0.000933 -1.458929
v -12.638417 0.046934 -1.344497
v -12.635857 0.000029 -1.236432
v -12.300821 0.011954 -1.337220
v -11.033317 0.005219 1.548966
v -11.035426 0.000035 2.180593
v -11.035731 0.000050 -1.137197
v -11.777259 0.013161 -1.214620
v -12.145423 0.014015 -1.421296
v -11.046355 0.012184 -1.317420
v -11.667118 0.087723 -1.392366
v -11.384305 0.050008 -1.398374
v -10.931129 0.104876 1.260444
v -10.913686 0.174721 1.478294
v -10.935052 0.095491 2.041718
v -11.018799 0.055865 2.292592
v -14.150179 0.061193 2.298217
v -15.203054 0.060992 2.318215
v -11.384305 0.050008 -1.398374
v -11.046355 0.012184 -1.317420
v -10.944278 0.068926 -1.434309
v -11.188390 0.271605 -1.434295
v -12.195415 0.117792 -1.434320
v -11.667118 0.087723 -1.392366
v -12.145423 0.014015 -1.421296
v -12.300821 0.011954 -1.337220
v -12.638417 0.046934 -1.344497
v -12.508515 0.230049 -1.434156
v -14.053308 -0.000933 -1.458929
v -15.453873 0.140444 -1.434264
v -15.348143 0.000064 -1.316473
v -15.618042 0.000381 -1.393615
v -16.470715 0.009607 -1.431803
v -16.630245 0.301826 -1.433864
v -16.774073 1.394118 -1.458392
v -16.637009 4.655009 -1.433291
v -16.619682 6.008353 -1.434290
v -16.782335 5.678373 -1.426720
v -16.767569 6.346817 -1.234679
v -16.767809 6.983555 -1.228922
v -16.611837 6.452486 -1.432107
v -16.704424 6.991248 -1.423854
v -16.649595 7.455468 -1.434304
v -16.649279 7.168708 -1.429225
v -16.767712 7.509812 -1.299438
v -16.761114 7.539762 -1.430512
v -16.764423 8.549423 -1.428320
v -16.634018 8.611663 -1.433402
v -16.765305 8.667166 -1.322322
v -16.767939 9.076502 -1.315361
v -16.610170 9.136574 -1.434309
v -16.766199 9.158900 -1.412011
v -16.767691 29.201113 -1.408199
v -16.741846 9.185942 -1.434397
v -16.744118 29.196196 -1.434009
v -16.450205 29.543388 -1.434295
v -11.091311 20.421650 -1.434297
v -11.272433 20.871346 -1.434295
v -11.072652 21.152815 -1.434278
v -16.692690 29.390530 -1.409933
v -16.663748 29.821747 -1.368649
v -16.546125 30.294195 -1.434297
v -16.772240 30.141794 -1.360743
v -16.742617 30.318129 -1.435312
v -11.136642 29.144892 -1.434282
v -16.639492 30.413797 -1.432489
v -11.082931 29.677425 -1.434283
v -11.090873 30.392786 -1.434488
v -10.950464 30.329243 -1.251129
v -11.036926 30.414160 -1.420156
v -10.914640 29.812189 -1.266102
v -10.973404 29.504580 -1.379592
v -10.914157 29.426922 -1.404871
v -10.940112 29.168425 -1.433963
v -10.934739 21.384291 -1.432142
v -11.004553 21.055696 -1.375714
v -11.093015 20.793776 -1.407513
v -10.930419 20.685837 -1.431804
v -10.914015 0.293475 -1.420730
v 16.609446 27.052570 1.975023
v 16.520061 26.496677 1.838151
v 16.549334 31.249544 1.886687
v 16.517574 31.361942 1.827836
v 16.515923 26.277491 1.719254
v 16.516193 31.678431 1.693469
v 16.511478 31.533686 -1.873662
v 16.542480 31.718220 -1.951700
v 16.516022 31.257647 -1.792965
v 16.515980 30.396576 -1.722839
v 16.594732 30.747477 -1.925141
v 16.516249 30.549250 -1.923325
v 16.515980 9.488611 -1.826169
v 16.516014 25.719809 1.612314
v 16.515915 25.421696 1.745140
v 16.516045 10.578448 1.830339
v 16.522142 25.491667 1.842970
v 16.562160 20.936621 1.959834
v 16.734783 9.994614 1.963247
v 16.515980 10.073519 1.673242
v 16.516224 7.849052 -1.809506
v 16.516111 7.298318 -1.735711
v 16.516363 6.631965 -1.741734
v 16.520199 9.902755 1.846705
v 16.514843 0.072327 1.698029
v 16.515972 0.322093 -1.855949
v 16.516045 0.597810 -1.817697
v 16.516071 4.742577 -1.759915
v 16.509567 1.448909 -1.975852
v 16.653000 4.861468 -1.949585
v 16.500919 5.932430 -1.942708
v 16.660080 0.305811 -1.950184
v 16.645668 -0.010135 -1.674327
v 16.827045 0.000001 -1.948027
v 16.637985 -0.001961 1.763505
v 16.601513 0.280572 1.937214
v 16.601665 9.867417 1.956128
v 16.659121 0.327225 1.962649
v 16.518738 9.060236 -1.833454
v 16.519663 8.937017 -1.944382
v 16.523125 7.880395 -1.946676
v 16.604641 25.557959 1.857772
v 16.615486 25.848316 1.851664
v 16.620354 25.955914 1.944277
v 16.517794 9.574842 -1.927314
v 16.625019 31.198751 -1.881935
v 22.639820 24.867592 1.834562
v 22.632236 4.783141 1.848840
v 22.566565 23.371393 1.972972
v 22.425497 25.228065 1.962962
v 22.430294 4.344074 1.963286
v 22.401550 31.721464 1.963189
v 22.480433 29.090450 1.963651
v 22.546022 25.460781 1.960697
v 22.558151 28.812067 1.954471
v 22.638350 28.990868 1.831372
v 22.635098 30.014008 1.839789
v 22.562759 30.335520 1.951529
v 22.537073 31.286201 1.960038
v 22.644739 31.700367 1.592739
v 22.514647 31.818312 1.832924
v 21.343655 9.174886 1.963068
v 21.462303 30.554235 1.963261
v 16.745789 31.716167 1.963077
v 16.517574 31.361942 1.827836
v 16.516193 31.678431 1.693469
v 16.549334 31.249544 1.886687
v 16.609446 27.052570 1.975023
v 16.688221 26.382158 1.962650
v 16.795603 25.874277 1.963146
v 17.822933 9.174340 1.962959
v 17.826820 30.425354 1.962720
v 21.325666 30.420973 1.958948
v 21.180607 30.255011 1.866442
v 17.977755 30.254858 1.866713
v 17.977398 9.345105 1.865073
v 18.077374 30.151655 1.854982
v 21.175779 9.348769 1.864207
v 18.079641 9.451174 1.854338
v 21.068357 9.468406 1.848890
v 18.319553 29.596411 1.756381
v 18.316505 9.758252 1.753823
v 18.221123 11.486904 1.793449
v 18.315556 11.335712 1.752293
v 18.336891 11.458183 1.695726
v 18.377716 9.810924 1.603994
v 18.372929 29.783949 1.608412
v 18.381519 29.851999 1.756407
v 20.763601 29.775362 1.582338
v 18.441063 9.885110 1.544021
v 18.423294 29.734945 1.559014
v 18.527536 29.618668 1.489087
v 20.531500 29.577070 1.473384
v 18.698826 10.047877 1.472800
v 20.634687 9.987719 1.490311
v 20.777021 9.816071 1.594980
v 20.851116 9.756627 1.756531
v 20.818796 29.815336 1.691150
v 20.861618 29.862736 1.760419
v 21.074697 30.147387 1.853617
v 21.317707 28.993702 1.954462
v 21.392078 29.680019 1.963558
v 16.734783 9.994614 1.963247
v 21.326845 7.014266 1.963509
v 17.823511 7.017771 1.962908
v 17.822203 0.750332 1.962555
v 17.975071 6.859328 1.867214
v 17.987144 0.925717 1.864134
v 21.185915 6.861936 1.869336
v 18.078453 6.764647 1.854336
v 19.696739 6.773431 1.854869
v 19.570679 6.501617 1.757830
v 19.932287 6.538164 1.772238
v 19.740618 6.465506 1.678118
v 18.316944 6.489516 1.753538
v 20.844612 6.486897 1.753178
v 18.388672 6.432355 1.587937
v 20.772917 6.435695 1.591630
v 20.775080 1.402075 1.590750
v 18.544582 6.266136 1.478446
v 20.615747 6.262458 1.478263
v 20.612349 1.504255 1.480337
v 18.561962 1.519711 1.477829
v 18.420937 1.379895 1.557822
v 20.348513 1.343513 1.566694
v 18.317846 1.280698 1.753396
v 18.362270 1.815753 1.628792
v 20.847904 1.280194 1.754163
v 18.080673 1.008460 1.853678
v 21.183233 0.908707 1.868277
v 21.075722 1.010962 1.852653
v 21.076315 6.756889 1.852324
v 21.271015 3.878608 1.923576
v 21.341347 3.655092 1.962616
v 21.333836 0.754938 1.962355
v 22.398169 0.688936 1.962954
v 22.530903 0.794483 1.957750
v 22.638000 0.890508 1.852405
v 22.642130 0.736049 1.710049
v 22.642015 0.326955 1.678166
v 21.522211 3.916039 1.963182
v 22.468914 0.205375 1.965258
v 19.070166 0.227554 1.962906
v 19.255501 0.053987 1.955482
v 19.147202 -0.010188 1.816891
v 18.153645 0.053777 1.976410
v 17.133053 0.246468 1.963421
v 17.185549 -0.009994 1.824983
v 16.933678 0.135435 1.913689
v 16.659121 0.327225 1.962649
v 16.601665 9.867417 1.956128
v 16.676125 0.135435 1.810227
v 16.514843 0.072327 1.698029
v 16.601513 0.280572 1.937214
v 16.637985 -0.001961 1.763505
v 16.863096 -0.009970 1.635906
v 17.087378 -0.009994 1.657494
v 22.532520 0.048411 1.949595
v 22.620157 0.089881 1.687052
v 22.543291 4.033324 1.954394
v 16.562160 20.936621 1.959834
v 16.604641 25.557959 1.857772
v 16.615486 25.848316 1.851664
v 16.620354 25.955914 1.944277
v 16.515923 26.277491 1.719254
v 16.520061 26.496677 1.838151
v 22.642519 0.172794 1.097423
v 22.620157 0.089881 1.687052
v 22.642015 0.326955 1.678166
v 22.642170 0.297073 -1.936439
v 22.624262 0.099701 0.869440
v 22.613401 0.089370 -1.587366
v 22.514801 -0.010000 -1.639718
v 22.503679 0.002699 -1.828324
v 22.642130 0.736049 1.710049
v 22.642105 25.161484 1.726198
v 22.642105 21.812922 -1.838885
v 22.625010 21.637917 -1.948028
v 22.454859 21.750874 -1.922608
v 22.547430 22.024979 -1.889329
v 22.640699 22.256918 -1.790432
v 22.476171 22.126612 -1.950617
v 22.620483 22.368855 -1.948382
v 22.642105 22.506561 -1.906493
v 22.614857 30.515041 -1.950287
v 22.642033 30.785563 -1.919842
v 22.642073 25.525826 1.723037
v 22.644739 31.700367 1.592739
v 22.641512 31.188747 -1.774619
v 22.604031 31.729853 -1.758949
v 22.636879 25.600124 1.835981
v 22.638350 28.990868 1.831372
v 22.635098 30.014008 1.839789
v 22.562759 30.335520 1.951529
v 22.537073 31.286201 1.960038
v 22.558151 28.812067 1.954471
v 22.546022 25.460781 1.960697
v 22.425497 25.228065 1.962962
v 22.639820 24.867592 1.834562
v 22.641911 4.212974 1.795171
v 22.632236 4.783141 1.848840
v 22.430294 4.344074 1.963286
v 22.543291 4.033324 1.954394
v 22.638000 0.890508 1.852405
v 22.644739 31.700367 1.592739
v 22.514647 31.818312 1.832924
v 22.604031 31.729853 -1.758949
v 22.513540 31.818718 -1.935838
v 16.650398 31.818338 -1.948745
v 16.713306 31.818470 1.834533
v 16.634060 31.807625 1.708746
v 16.542480 31.718220 -1.951700
v 16.516193 31.678431 1.693469
v 16.745789 31.716167 1.963077
v 22.401550 31.721464 1.963189
v 16.645668 -0.010135 -1.674327
v 16.637985 -0.001961 1.763505
v 16.863096 -0.009970 1.635906
v 17.087378 -0.009994 1.657494
v 17.185549 -0.009994 1.824983
v 16.827045 0.000001 -1.948027
v 17.719349 -0.009654 -1.908063
v 19.147202 -0.010188 1.816891
v 18.001808 -0.009985 -1.827333
v 19.356867 -0.011029 -1.976416
v 20.840239 -0.010022 -1.743569
v 20.837564 0.039064 -1.856660
v 21.190866 0.002459 -1.849045
v 21.738787 0.003720 -1.720742
v 21.353498 0.004614 -1.937032
v 21.854061 0.081751 -1.906755
v 22.150005 0.042281 -1.913043
v 22.503679 0.002699 -1.828324
v 22.514801 -0.010000 -1.639718
v 22.517321 -0.004591 1.171382
v 22.624262 0.099701 0.869440
v 22.642519 0.172794 1.097423
v 22.620157 0.089881 1.687052
v 22.532520 0.048411 1.949595
v 22.515118 -0.010015 1.832387
v 19.255501 0.053987 1.955482
v 18.153645 0.053777 1.976410
v 22.150005 0.042281 -1.913043
v 22.503679 0.002699 -1.828324
v 22.610508 0.062079 -1.950650
v 22.355045 0.274186 -1.950635
v 21.301182 0.113218 -1.950661
v 21.854061 0.081751 -1.906755
v 21.353498 0.004614 -1.937032
v 21.190866 0.002459 -1.849045
v 20.973511 0.230697 -1.950490
v 20.837564 0.039064 -1.856660
v 19.356867 -0.011029 -1.976416
v 17.891159 0.136924 -1.950603
v 18.001808 -0.009985 -1.827333
v 17.719349 -0.009654 -1.908063
v 16.827045 0.000001 -1.948027
v 16.660080 0.305811 -1.950184
v 16.509567 1.448909 -1.975852
v 16.653000 4.861468 -1.949585
v 16.671127 6.277759 -1.950630
v 16.500919 5.932430 -1.942708
v 16.516363 6.631965 -1.741734
v 16.679337 6.742548 -1.948346
v 16.582451 7.306369 -1.939709
v 16.516111 7.298318 -1.735711
v 16.640156 7.492083 -1.945329
v 16.516224 7.849052 -1.809506
v 16.639832 7.792180 -1.950645
v 16.523125 7.880395 -1.946676
v 16.656137 9.002151 -1.949700
v 16.519663 8.937017 -1.944382
v 16.518738 9.060236 -1.833454
v 16.515980 9.488611 -1.826169
v 16.681084 9.551477 -1.950650
v 16.517794 9.574842 -1.927314
v 16.543293 9.603142 -1.950742
v 16.540913 30.544104 -1.950336
v 16.516249 30.549250 -1.923325
v 16.594732 30.747477 -1.925141
v 16.848488 30.907446 -1.950635
v 16.625019 31.198751 -1.881935
v 16.748116 31.693171 -1.950638
v 16.511478 31.533686 -1.873662
v 16.542480 31.718220 -1.951700
v 16.650398 31.818338 -1.948745
v 22.457094 31.796349 -1.950837
v 22.513540 31.818718 -1.935838
v 22.604031 31.729853 -1.758949
v 22.641512 31.188747 -1.774619
v 22.465403 31.047716 -1.950623
v 22.580034 30.866833 -1.893388
v 22.642033 30.785563 -1.919842
v 22.614857 30.515041 -1.950287
v 22.476171 22.126612 -1.950617
v 22.620483 22.368855 -1.948382
v 22.409199 30.490416 -1.950621
v 22.267084 21.832052 -1.950635
v 22.547430 22.024979 -1.889329
v 22.454859 21.750874 -1.922608
v 22.456631 21.361439 -1.950638
v 22.625010 21.637917 -1.948028
v 22.642170 0.297073 -1.936439
v -7.158454 23.866608 1.613605
v -6.664330 23.777224 1.507149
v -10.889100 23.806501 1.544900
v -10.989007 23.774740 1.499127
v -6.469500 23.773092 1.414673
v -11.270328 23.773355 1.394619
v -11.141669 23.768642 -1.379817
v -11.305700 23.799646 -1.440513
v -10.896298 23.773191 -1.317053
v -10.130904 23.773148 -1.262510
v -10.442810 23.851896 -1.419856
v -10.266614 23.773411 -1.418444
v 8.453955 23.773144 -1.342880
v -5.973774 23.773180 1.331498
v -5.708784 23.773081 1.434807
v 7.485208 23.773211 1.501072
v -5.770985 23.779310 1.510897
v -1.722048 23.819319 1.601791
v 8.004173 23.991947 1.604444
v 7.934031 23.773144 1.378885
v 9.911340 23.773386 -1.329920
v 10.400879 23.773275 -1.272523
v 10.993191 23.773529 -1.277209
v 8.085827 23.777363 1.513801
v 16.823988 23.772001 1.398162
v 16.601974 23.773132 -1.366043
v 16.356892 23.773211 -1.336291
v 12.672653 23.773232 -1.291349
v 15.600355 23.766727 -1.459301
v 12.566971 23.910166 -1.438870
v 11.615002 23.758081 -1.433521
v 16.616444 23.917240 -1.439337
v 16.897285 23.902826 -1.224781
v 16.888271 24.084200 -1.437660
v 16.890018 23.895147 1.449088
v 16.638880 23.858673 1.584196
v 8.117237 23.858826 1.598907
v 16.597406 23.916285 1.603978
v 8.834732 23.775902 -1.348546
v 8.944260 23.776825 -1.434823
v 9.883482 23.780285 -1.436608
v -5.829910 23.861807 1.522410
v -6.088008 23.872650 1.517659
v -6.183651 23.877518 1.589692
v 8.377301 23.774958 -1.421548
v -10.843945 23.882187 -1.386252
v -5.216245 29.896992 1.504357
v 12.636594 29.889397 1.515461
v -3.886295 29.823725 1.612010
v -5.536673 29.682659 1.604224
v 13.026881 29.687452 1.604474
v -11.308578 29.658709 1.604401
v -8.969904 29.737591 1.604760
v -5.743534 29.803185 1.602463
v -8.722451 29.815308 1.597620
v -8.881385 29.895514 1.501877
v -9.790837 29.892256 1.508423
v -10.076632 29.819929 1.595332
v -10.921684 29.794243 1.601951
v -11.289828 29.901915 1.316273
v -11.394666 29.771803 1.503084
v 8.732821 28.600811 1.604305
v -10.271045 28.719477 1.604457
v -11.303875 24.002949 1.604314
v -10.989007 23.774740 1.499127
v -11.270328 23.773355 1.394619
v -10.889100 23.806501 1.544900
v -7.158454 23.866608 1.613605
v -6.562525 23.945391 1.603982
v -6.111077 24.052759 1.604367
v 8.733309 25.080099 1.604221
v -10.156486 25.083992 1.604037
v -10.152592 28.582834 1.601103
v -10.005067 28.437771 1.529153
v -10.004929 25.234911 1.529364
v 8.581512 25.234556 1.528087
v -9.913196 25.334539 1.520240
v 8.578253 28.432945 1.527413
v 8.487234 25.336805 1.519737
v 8.471912 28.325516 1.515500
v -9.419644 25.576723 1.443550
v 8.214270 25.573660 1.441559
v 6.677695 25.478289 1.472380
v 6.812088 25.572727 1.440369
v 6.703228 25.594051 1.396373
v 8.167457 25.634876 1.325025
v -9.586346 25.630089 1.328463
v -9.646835 25.638680 1.443571
v -9.578716 28.020758 1.308184
v 8.101507 25.698223 1.278380
v -9.542791 25.680462 1.290042
v -9.439430 25.784704 1.235655
v -9.402452 27.788660 1.223442
v 7.956832 25.955990 1.222986
v 8.010303 27.891842 1.236605
v 8.162880 28.034191 1.318014
v 8.215717 28.108284 1.443666
v -9.614244 28.075964 1.392815
v -9.656379 28.118778 1.446691
v -9.909404 28.331863 1.519178
v -8.883901 28.574863 1.597613
v -9.493966 28.649252 1.604688
v 8.004173 23.991947 1.604444
v 10.653376 28.584002 1.604648
v 10.650253 25.080677 1.604181
v 16.221313 25.079374 1.603906
v 10.791094 25.232227 1.529752
v 16.065418 25.244307 1.527356
v 10.788776 28.443069 1.531402
v 10.875258 25.335619 1.519735
v 10.867447 26.953899 1.520150
v 11.109058 26.827843 1.444675
v 11.076576 27.189442 1.455881
v 11.141159 26.997774 1.382677
v 11.119813 25.574100 1.441337
v 11.122146 28.101780 1.441057
v 11.170626 25.645836 1.312536
v 11.167659 28.030083 1.315409
v 15.641983 28.032242 1.314723
v 11.318375 25.801748 1.227376
v 11.321642 27.872911 1.227234
v 15.551160 27.869513 1.228847
v 15.537422 25.819128 1.226896
v 15.661703 25.678097 1.289113
v 15.694039 27.605669 1.296013
v 15.749876 25.575001 1.441226
v 15.274278 25.619434 1.344312
v 15.750323 28.105076 1.441822
v 15.991870 25.337839 1.519223
v 16.080530 28.440399 1.530578
v 15.989642 28.332882 1.518426
v 10.882152 28.333481 1.518171
v 13.440619 28.528181 1.573589
v 13.639303 28.598503 1.603953
v 16.217216 28.590996 1.603750
v 16.275890 29.655334 1.604216
v 16.182068 29.788071 1.600168
v 16.096706 29.895164 1.518233
v 16.234009 29.899284 1.407512
v 16.597651 29.899176 1.382714
v 13.407349 28.779377 1.604393
v 16.705723 29.726074 1.606008
v 16.686003 26.327322 1.604178
v 16.840294 26.512661 1.598404
v 16.897335 26.404369 1.490611
v 16.840466 25.410810 1.614681
v 16.669193 24.390213 1.604579
v 16.897156 24.442705 1.496904
v 16.767891 24.190834 1.565898
v 16.597406 23.916285 1.603978
v 8.117237 23.858826 1.598907
v 16.767891 23.933292 1.485428
v 16.823988 23.772001 1.398162
v 16.638880 23.858673 1.584196
v 16.890018 23.895147 1.449088
v 16.897141 24.120268 1.349845
v 16.897156 24.344543 1.366635
v 16.845245 29.789680 1.593825
v 16.808380 29.877323 1.389625
v 13.303097 29.800463 1.597558
v -1.722048 23.819319 1.601791
v -5.829910 23.861807 1.522410
v -6.088008 23.872650 1.517659
v -6.183651 23.877518 1.589692
v -6.469500 23.773092 1.414673
v -6.664330 23.777224 1.507149
v 16.734676 29.899681 0.931025
v 16.808380 29.877323 1.389625
v 16.597651 29.899176 1.382714
v 16.624207 29.899340 -1.428646
v 16.799652 29.881428 0.753705
v 16.808836 29.870562 -1.157145
v 16.897171 29.771959 -1.197863
v 16.885872 29.760847 -1.344557
v 16.234009 29.899284 1.407512
v -5.477488 29.899277 1.420074
v -2.500988 29.899277 -1.352769
v -2.345428 29.882177 -1.437658
v -2.445835 29.712027 -1.417886
v -2.689479 29.804596 -1.392003
v -2.895649 29.897871 -1.315083
v -2.779830 29.733328 -1.439671
v -2.995153 29.877651 -1.437934
v -3.117557 29.899271 -1.405353
v -10.236205 29.872030 -1.439414
v -10.476670 29.899195 -1.415735
v -5.801346 29.899239 1.417615
v -11.289828 29.901915 1.316273
v -10.835056 29.898684 -1.302784
v -11.316040 29.861198 -1.290596
v -5.867393 29.894037 1.505461
v -8.881385 29.895514 1.501877
v -9.790837 29.892256 1.508423
v -10.076632 29.819929 1.595332
v -10.921684 29.794243 1.601951
v -8.722451 29.815308 1.597620
v -5.743534 29.803185 1.602463
v -5.536673 29.682659 1.604224
v -5.216245 29.896992 1.504357
v 13.143408 29.899076 1.473718
v 12.636594 29.889397 1.515461
v 13.026881 29.687452 1.604474
v 13.303097 29.800463 1.597558
v 16.096706 29.895164 1.518233
v -11.289828 29.901915 1.316273
v -11.394666 29.771803 1.503084
v -11.316040 29.861198 -1.290596
v -11.395031 29.770716 -1.428176
v -11.394690 23.907564 -1.438215
v -11.394812 23.970472 1.504335
v -11.385171 23.891228 1.406501
v -11.305700 23.799646 -1.440513
v -11.270328 23.773355 1.394619
v -11.303875 24.002949 1.604314
v -11.308578 29.658709 1.604401
v 16.897285 23.902826 -1.224781
v 16.890018 23.895147 1.449088
v 16.897141 24.120268 1.349845
v 16.897156 24.344543 1.366635
v 16.897156 24.442705 1.496904
v 16.888271 24.084200 -1.437660
v 16.896862 24.976521 -1.406576
v 16.897335 26.404369 1.490611
v 16.897148 25.258980 -1.343786
v 16.898083 26.614033 -1.459739
v 16.897179 28.097406 -1.278636
v 16.853554 28.094732 -1.366596
v 16.886093 28.448030 -1.360673
v 16.884962 28.995945 -1.260882
v 16.884174 28.610655 -1.429108
v 16.815609 29.111214 -1.405559
v 16.850700 29.407169 -1.410449
v 16.885872 29.760847 -1.344557
v 16.897171 29.771959 -1.197863
v 16.892361 29.774492 0.988548
v 16.799652 29.881428 0.753705
v 16.734676 29.899681 0.931025
v 16.808380 29.877323 1.389625
v 16.845245 29.789680 1.593825
v 16.897179 29.772278 1.502663
v 16.840294 26.512661 1.598404
v 16.840466 25.410810 1.614681
v 16.850700 29.407169 -1.410449
v 16.885872 29.760847 -1.344557
v 16.833092 29.867678 -1.439699
v 16.644554 29.612207 -1.439687
v 16.787636 28.558338 -1.439708
v 16.815609 29.111214 -1.405559
v 16.884174 28.610655 -1.429108
v 16.886093 28.448030 -1.360673
v 16.683207 28.230677 -1.439575
v 16.853554 28.094732 -1.366596
v 16.898083 26.614033 -1.459739
v 16.766567 25.148325 -1.439662
v 16.897148 25.258980 -1.343786
v 16.896862 24.976521 -1.406576
v 16.888271 24.084200 -1.437660
v 16.616444 23.917240 -1.439337
v 15.600355 23.766727 -1.459301
v 12.566971 23.910166 -1.438870
v 11.308043 23.928293 -1.439683
v 11.615002 23.758081 -1.433521
v 10.993191 23.773529 -1.277209
v 10.894897 23.936501 -1.437906
v 10.393726 23.839611 -1.431189
v 10.400879 23.773275 -1.272523
v 10.228647 23.897322 -1.435560
v 9.911340 23.773386 -1.329920
v 9.961893 23.896994 -1.439694
v 9.883482 23.780285 -1.436608
v 8.886366 23.913298 -1.438960
v 8.944260 23.776825 -1.434823
v 8.834732 23.775902 -1.348546
v 8.453955 23.773144 -1.342880
v 8.398078 23.938246 -1.439698
v 8.377301 23.774958 -1.421548
v 8.352142 23.800457 -1.439770
v -10.262038 23.798075 -1.439453
v -10.266614 23.773411 -1.418444
v -10.442810 23.851896 -1.419856
v -10.585007 24.105654 -1.439685
v -10.843945 23.882187 -1.386252
v -11.283431 24.005278 -1.439687
v -11.141669 23.768642 -1.379817
v -11.305700 23.799646 -1.440513
v -11.394690 23.907564 -1.438215
v -11.375144 29.714268 -1.439842
v -11.395031 29.770716 -1.428176
v -11.316040 29.861198 -1.290596
v -10.835056 29.898684 -1.302784
v -10.709690 29.722567 -1.439675
v -10.548906 29.837193 -1.395159
v -10.476670 29.899195 -1.415735
v -10.236205 29.872030 -1.439414
v -2.779830 29.733328 -1.439671
v -2.995153 29.877651 -1.437934
v -10.214318 29.666367 -1.439674
v -2.517994 29.524254 -1.439685
v -2.689479 29.804596 -1.392003
v -2.445835 29.712027 -1.417886
v -2.099671 29.713795 -1.439688
v -2.345428 29.882177 -1.437658
v 16.624207 29.899340 -1.428646
v -12.227595 34.818363 -0.710360
v -12.245795 34.673622 -0.749895
v -12.257009 34.654236 -0.616868
v -12.001790 36.014332 -0.642707
v -11.975070 36.165321 -0.704103
v -12.001950 36.172813 -0.748515
v -12.349309 36.219826 -0.749840
v -12.326471 36.160183 -0.683205
v -12.311392 36.026409 -0.612204
v -12.056032 36.028824 -0.613074
v -12.305730 34.690289 -0.612033
v -14.764824 33.539906 1.799403
v -15.024742 33.647385 1.831589
v -14.916578 33.681816 1.830858
v -14.762163 33.537975 1.407879
v -14.442982 32.409737 1.579744
v -14.436235 32.404034 1.409976
v -14.736626 32.281868 1.569888
v -15.072023 33.460724 1.786515
v -14.746038 32.305130 1.410813
v -15.080643 33.447212 1.399106
v -15.034756 33.643318 1.414829
v -14.946686 33.698059 1.382333
v -14.859692 33.644875 1.408291
v -14.407537 32.449791 1.379639
v -11.426574 32.710304 0.624943
v -11.393147 32.785366 0.749911
v -11.531530 32.210049 0.317900
v -11.800403 32.727463 0.635070
v -11.792448 32.168667 0.285821
v -11.788735 32.802757 0.831488
v -11.474306 32.725285 0.865231
v -11.801040 32.604538 0.865368
v -11.437913 32.582321 0.847859
v -11.799597 32.016991 0.506936
v -11.544927 32.013405 0.497601
v -12.021887 35.618095 -0.122090
v -12.216682 34.625263 -0.406612
v -12.019177 35.578812 0.068885
v -11.999548 35.711708 -0.022567
v -12.328809 35.639450 -0.120589
v -12.333847 35.737709 0.028463
v -12.330845 34.628971 -0.411654
v -12.321499 35.684177 0.082694
v -12.335334 35.584267 0.119871
v -12.069553 35.548512 0.107273
v -12.313244 34.581924 -0.168085
v -12.214872 34.572189 -0.175161
v -12.047002 35.679504 0.080203
v -16.056297 34.673698 -0.748053
v -16.058094 34.273727 -0.663475
v -16.055538 34.315170 -0.749376
v -16.056520 34.534111 -0.178596
v -16.056538 34.111626 -0.520035
v -16.055723 32.451317 -0.535329
v -16.054117 33.530792 0.030056
v -16.056768 33.698380 0.266316
v -16.052244 33.528152 0.450636
v -16.047520 33.110664 1.298336
v -16.051949 33.551437 0.996178
v -16.055166 34.251751 0.333174
v -16.034863 33.981396 0.663384
v -15.998907 33.465034 1.119714
v -15.998400 33.177422 1.321016
v -15.976505 33.039421 1.374215
v -16.051022 31.322405 1.375600
v -16.048515 32.635765 0.910947
v -16.050365 31.678526 0.959172
v -16.065632 31.136497 1.400576
v -16.049713 32.031662 0.560793
v -16.078674 32.014145 0.500555
v -16.053041 32.795670 0.830923
v -16.050858 32.781219 0.726198
v -16.052843 32.704521 0.616960
v -16.052731 32.166264 0.284356
v -16.058199 32.281254 0.068602
v -16.081144 33.642094 0.353055
v -16.055569 32.408955 -0.264171
v -15.998907 33.465034 1.119714
v -15.795361 33.464882 1.126485
v -15.998400 33.177422 1.321016
v -16.034863 33.981396 0.663384
v -15.536320 34.042130 0.602356
v -15.530581 33.766895 0.859990
v -16.055166 34.251751 0.333174
v -15.693577 34.406502 0.141238
v -16.011316 34.407475 0.116426
v -16.056520 34.534111 -0.178596
v -16.000423 34.604111 -0.313792
v -16.056297 34.673698 -0.748053
v -15.601280 34.674988 -0.749963
v -15.626122 34.648994 -0.589565
v -15.639597 34.632187 -0.402294
v -15.518188 34.659908 -0.585355
v -15.527159 34.635422 -0.410540
v -15.734636 34.499191 -0.066207
v -15.640440 34.573814 -0.178273
v -15.514536 34.535820 -0.138356
v -15.541725 34.490601 -0.038605
v -15.696325 34.528446 -0.011040
v -15.538639 34.407539 0.146805
v -14.536928 35.677979 0.841549
v -14.266083 34.625557 0.874355
v -14.553379 35.617393 0.884912
v -14.686670 35.736370 0.860115
v -14.720444 35.795349 0.841892
v -14.827744 35.573624 0.842115
v -14.757715 35.675728 0.894209
v -14.786573 35.554459 0.876942
v -14.758362 35.677975 1.178033
v -14.675327 35.728172 1.181272
v -14.615480 34.935692 1.024922
v -14.269514 34.622261 0.959464
v -14.555414 35.618069 1.155741
v -14.366112 34.599495 0.998848
v -14.503002 34.547874 0.993873
v -14.513588 34.553699 0.859041
v -14.939159 32.213989 1.374570
v -15.304857 32.715706 1.401170
v -15.351955 32.820366 1.376789
v -14.961346 32.165077 1.416704
v -14.966280 32.166855 1.638734
v -15.311165 32.722580 1.758965
v -15.177315 32.014427 1.634604
v -15.475058 32.625603 1.759373
v -15.533676 32.592293 1.727828
v -15.184309 32.018578 1.381928
v -15.534420 32.593140 1.411286
v -15.579121 32.578568 1.374432
v -15.539871 32.733887 1.406087
v -15.529198 32.822495 1.375380
v -15.506275 32.782162 1.485301
v -15.535543 32.738125 1.739248
v -15.459402 32.790169 1.784566
v -15.415857 32.784683 1.413129
v -12.683622 34.899372 0.841859
v -13.030417 34.412697 0.870513
v -12.707639 34.940918 0.881951
v -12.742135 35.065189 0.841840
v -12.878615 35.024929 0.875474
v -12.885310 35.085793 0.840844
v -12.755173 35.056759 1.130410
v -12.766613 34.916142 1.122153
v -12.717520 34.928520 1.082262
v -12.894092 35.000801 1.122967
v -13.213831 34.484848 1.014750
v -13.216021 34.487789 0.884004
v -13.037639 34.411411 1.016996
v -13.230677 34.532600 0.840356
v -16.055723 32.451317 -0.535329
v -16.077549 34.098114 -0.564562
v -16.056538 34.111626 -0.520035
v -16.191498 32.459599 -0.567330
v -16.212793 32.533775 -0.745165
v -16.239552 32.480774 -0.739478
v -16.465132 34.060364 -0.565823
v -16.515968 34.132553 -0.613028
v -16.493271 34.234699 -0.638027
v -16.529745 34.214775 -0.718969
v -16.511578 34.315483 -0.748726
v -16.055538 34.315170 -0.749376
v -16.058094 34.273727 -0.663475
v -12.339619 34.512253 -0.109458
v -12.310710 35.003891 0.282905
v -12.338440 35.048042 0.278027
v -12.318590 34.500710 -0.031541
v -12.160695 34.518501 -0.016228
v -12.049514 35.017471 0.294721
v -12.161010 34.408585 0.140533
v -12.316093 34.409653 0.145012
v -12.050173 34.978844 0.471785
v -12.331379 35.068932 0.440583
v -12.328025 34.903332 0.453553
v -12.339055 34.440186 0.200070
v -12.377149 35.346298 0.796939
v -12.510669 35.542347 0.660505
v -12.366587 35.561356 0.643091
v -12.345705 35.949455 0.296276
v -12.862238 35.944946 0.307768
v -12.336762 36.235313 -0.053111
v -13.171921 36.196373 -0.003072
v -12.356150 36.375099 -0.344103
v -13.161228 36.360668 -0.302635
v -12.361613 36.431152 -0.555735
v -13.388777 36.450348 -0.651211
v -13.177341 36.420345 -0.491514
v -12.337238 36.459770 -0.748190
v -13.407021 36.441116 -0.749947
v -13.213697 36.429482 -0.381354
v -13.350880 36.409859 -0.383720
v -13.195051 36.446136 -0.338411
v -11.574305 30.386936 1.813056
v -16.270868 30.387705 1.895079
v -12.181481 30.401020 1.921844
v -16.278334 30.387514 1.806960
v -11.435363 30.350037 1.744154
v -16.303818 30.361774 1.765380
v -16.421047 30.349937 1.742083
v -11.380754 30.388292 -0.749998
v -11.438469 30.350012 -0.735443
v -11.388664 30.387199 1.600857
v -11.259685 30.388628 1.599576
v -11.257106 30.395649 -0.745398
v -16.413435 30.350000 -0.736389
v -16.468647 30.384953 1.602214
v -16.474026 30.388622 -0.749999
v -16.597321 30.416626 -0.749822
v -16.594631 30.388369 1.591773
v -13.861525 42.872181 -0.752348
v -13.871456 43.145290 -0.708640
v -13.962072 43.149460 -0.748592
v -14.078520 40.373940 -0.749311
v -13.760818 40.372108 -0.739868
v -13.231064 40.371658 -0.749246
v -13.193880 39.888985 -0.749656
v -13.411810 39.901962 -0.750013
v -14.420931 39.834709 -0.750008
v -13.407021 36.441116 -0.749947
v -14.431643 36.449299 -0.749856
v -12.349309 36.219826 -0.749840
v -12.337238 36.459770 -0.748190
v -15.516205 36.461296 -0.749792
v -12.298376 34.773891 -0.748575
v -12.001950 36.172813 -0.748515
v -12.227595 34.818363 -0.710360
v -12.245795 34.673622 -0.749895
v -12.347669 30.380503 -0.749940
v -11.791936 34.320717 -0.748718
v -11.797495 34.673878 -0.748777
v -11.651253 32.487339 -0.749626
v -11.320768 34.291592 -0.749467
v -11.403079 32.324776 -0.749780
v -11.415647 32.467995 -0.743010
v -11.380754 30.388292 -0.749998
v -11.254675 32.316036 -0.747604
v -11.257106 30.395649 -0.745398
v -11.438469 30.350012 -0.735443
v -16.413435 30.350000 -0.736389
v -15.516960 30.376551 -0.749805
v -16.474026 30.388622 -0.749999
v -16.452333 32.325081 -0.749944
v -16.597321 30.416626 -0.749822
v -16.601080 32.317310 -0.720183
v -16.445337 32.476627 -0.746309
v -16.179943 32.467274 -0.749833
v -16.055538 34.315170 -0.749376
v -16.239552 32.480774 -0.739478
v -16.511578 34.315483 -0.748726
v -16.212793 32.533775 -0.745165
v -16.529745 34.214775 -0.718969
v -15.601280 34.674988 -0.749963
v -16.056297 34.673698 -0.748053
v -15.882233 36.181343 -0.748412
v -15.553553 34.936623 -0.746860
v -15.556009 36.081863 -0.653440
v -15.497316 35.021080 -0.749942
v -15.522402 36.179642 -0.713456
v -14.457220 39.827194 -0.735884
v -14.642134 39.838058 -0.747143
v -14.647150 40.372623 -0.748719
v -13.786173 34.657417 0.861490
v -13.680061 34.633095 0.838463
v -13.588076 34.622894 0.878574
v -13.820583 34.661419 0.971251
v -14.049274 34.655342 0.973926
v -13.778616 34.651711 1.379833
v -13.581902 34.619911 0.959576
v -13.356243 34.559284 0.960707
v -13.427126 34.583664 1.363477
v -13.213831 34.484848 1.014750
v -12.992815 34.374840 1.340355
v -13.044853 34.364044 1.379977
v -13.126730 33.573112 1.379041
v -12.859660 33.736000 1.379948
v -12.423151 33.794579 1.379797
v -12.536098 34.005634 1.363741
v -12.525661 34.000694 0.872936
v -12.342233 33.790627 1.331553
v -12.086370 33.498459 1.380010
v -12.031650 33.441040 1.138248
v -11.860754 33.167744 1.372239
v -12.336865 33.801941 0.836516
v -11.810583 32.329735 1.369456
v -11.848009 31.298021 1.376693
v -12.311384 32.740349 1.379554
v -12.288971 32.581795 1.379023
v -12.607033 32.034611 1.377554
v -12.266618 31.682171 1.397397
v -11.798572 31.160038 1.387180
v -12.392273 32.807472 1.382101
v -12.569818 32.759750 1.378283
v -12.722830 33.509277 1.379340
v -12.907736 32.213348 1.379559
v -13.094878 32.274323 1.380019
v -12.778391 33.452179 1.408924
v -12.802890 33.600746 1.405426
v -12.859433 33.678123 1.437961
v -12.939487 33.683849 1.404591
v -13.037639 34.411411 1.016996
v -13.030417 34.412697 0.870513
v -13.713291 34.140663 1.379626
v -13.452717 32.461227 1.378170
v -13.717487 32.457741 1.380120
v -13.895876 34.316879 1.385656
v -14.018326 34.341896 1.379916
v -14.652090 34.477802 1.380440
v -14.151516 34.145607 1.379500
v -15.801741 33.374146 1.379511
v -15.080902 33.686539 1.380005
v -14.946686 33.698059 1.382333
v -14.731892 33.565102 1.379440
v -14.143869 32.474335 1.378634
v -14.407537 32.449791 1.379639
v -14.762163 33.537975 1.407879
v -14.859692 33.644875 1.408291
v -15.034756 33.643318 1.414829
v -15.080643 33.447212 1.399106
v -14.746038 32.305130 1.410813
v -15.088591 33.343559 1.380975
v -14.777147 32.261929 1.375675
v -15.351955 32.820366 1.376789
v -15.529198 32.822495 1.375380
v -15.579121 32.578568 1.374432
v -15.976505 33.039421 1.374215
v -15.998400 33.177422 1.321016
v -16.051022 31.322405 1.375600
v -15.565826 31.739914 1.375579
v -16.065632 31.136497 1.400576
v -15.184309 32.018578 1.381928
v -15.789143 33.471581 1.342976
v -15.795361 33.464882 1.126485
v -15.530581 33.766895 0.859990
v -15.341459 33.981689 1.377455
v -15.309807 34.008728 0.874768
v -14.821836 34.407776 0.872724
v -14.891684 34.349266 1.322208
v -14.835545 34.439667 1.020425
v -14.845245 34.375881 1.050845
v -14.639467 34.485062 1.015616
v -14.503002 34.547874 0.993873
v -14.577501 34.513210 0.839037
v -14.648380 34.504402 0.877379
v -14.513588 34.553699 0.859041
v -14.384649 34.597637 1.352412
v -14.366112 34.599495 0.998848
v -14.269514 34.622261 0.959464
v -14.266083 34.625557 0.874355
v -14.066603 34.653679 0.865935
v -14.103888 34.685627 0.839901
v -14.236511 34.686047 0.840623
v -14.016184 34.657860 1.374273
v -14.939159 32.213989 1.374570
v -14.961346 32.165077 1.416704
v -13.216021 34.487789 0.884004
v -13.339273 34.557415 0.852720
v -13.230677 34.532600 0.840356
v -14.648380 34.504402 0.877379
v -14.959854 35.003624 0.882611
v -14.964499 35.068710 0.841306
v -14.639467 34.485062 1.015616
v -14.962664 35.004364 1.123595
v -14.835545 34.439667 1.020425
v -15.111732 35.050159 1.146655
v -15.123489 34.901405 1.116937
v -14.821836 34.407776 0.872724
v -15.150324 34.941711 0.852096
v -14.882132 34.414639 0.837391
v -15.090199 35.076851 0.848333
v -11.320768 34.291592 -0.749467
v -11.306149 34.296455 -0.703206
v -11.791936 34.320717 -0.748718
v -11.651253 32.487339 -0.749626
v -11.657023 32.467686 -0.566141
v -11.362619 34.097496 -0.567778
v -11.769502 32.487404 -0.558750
v -11.796931 34.162903 -0.521266
v -11.752443 34.092724 -0.565829
v -11.753572 34.253906 -0.649912
v -12.802890 33.600746 1.405426
v -12.820813 33.634018 1.781377
v -12.778391 33.452179 1.408924
v -12.859433 33.678123 1.437961
v -12.896223 33.681847 1.835650
v -12.939487 33.683849 1.404591
v -12.970314 33.659592 1.828595
v -13.087794 33.551296 1.407695
v -13.126730 33.573112 1.379041
v -13.452717 32.461227 1.378170
v -13.418133 32.403694 1.405679
v -13.414316 32.406380 1.577451
v -13.089312 33.539104 1.798375
v -12.820322 33.463749 1.799629
v -13.118879 32.279739 1.566582
v -13.094878 32.274323 1.380019
v -12.777344 33.459610 1.748945
v -14.436235 32.404034 1.409976
v -14.407537 32.449791 1.379639
v -14.143869 32.474335 1.378634
v -14.442982 32.409737 1.579744
v -14.113573 32.454422 1.412833
v -14.482529 32.392731 1.769106
v -14.966280 32.166855 1.638734
v -14.736626 32.281868 1.569888
v -14.777147 32.261929 1.375675
v -14.746038 32.305130 1.410813
v -14.961346 32.165077 1.416704
v -15.045382 32.109329 1.763906
v -15.177315 32.014427 1.634604
v -15.184309 32.018578 1.381928
v -15.584200 31.678467 1.712734
v -16.125940 31.066771 1.731755
v -15.592718 31.668758 1.418532
v -15.893847 31.309502 1.769533
v -16.293884 30.806131 1.766638
v -15.471695 31.580429 1.776528
v -15.942863 31.122948 1.769334
v -16.294107 30.574858 1.770559
v -15.987328 30.990021 1.801494
v -16.007675 30.961452 1.869175
v -16.195023 30.610991 1.917658
v -15.840567 31.126839 1.924676
v -15.468283 31.573618 1.894432
v -14.949158 31.988058 1.866613
v -15.179068 31.760382 1.923906
v -12.181481 30.401020 1.921844
v -14.610590 32.145775 1.923802
v -14.437956 32.242878 1.805564
v -13.954374 32.321053 1.919628
v -13.419641 32.235237 1.923527
v -13.421083 32.248032 1.776185
v -12.729832 31.881725 1.922505
v -11.871498 30.986105 1.921904
v -12.906968 31.994503 1.804529
v -12.371955 31.565788 1.792174
v -12.867468 32.014961 1.770781
v -12.282526 31.522867 1.769291
v -11.830688 31.006302 1.770178
v -11.847475 30.964996 1.799509
v -11.569689 30.559040 1.791528
v -11.573645 30.559975 1.907971
v -11.523913 30.565453 1.757739
v -11.574305 30.386936 1.813056
v -11.435363 30.350037 1.744154
v -11.452524 30.662766 1.753559
v -11.728317 31.065063 1.768391
v -11.697607 31.037462 1.471322
v -12.266618 31.682171 1.397397
v -11.798572 31.160038 1.387180
v -12.271138 31.682415 1.767446
v -12.673999 32.016479 1.410261
v -12.607033 32.034611 1.377554
v -12.678107 32.015022 1.633501
v -12.820109 32.124355 1.764817
v -12.888693 32.166420 1.638353
v -13.366585 32.390831 1.768994
v -12.892547 32.164974 1.413759
v -13.118879 32.279739 1.566582
v -13.094878 32.274323 1.380019
v -12.907736 32.213348 1.379559
v -13.414316 32.406380 1.577451
v -13.924280 32.480679 1.768113
v -13.418133 32.403694 1.405679
v -13.452717 32.461227 1.378170
v -13.717487 32.457741 1.380120
v -13.723303 32.450565 1.547933
v -13.929846 32.481987 1.571436
v -13.743181 32.508785 1.530571
v -13.741495 32.496407 1.419174
v -14.109568 32.509666 1.526225
v -14.134045 32.450462 1.541529
v -13.923563 32.329926 1.778260
v -14.401793 32.289543 1.769311
v -14.951185 32.012619 1.774357
v -16.270868 30.387705 1.895079
v -16.278334 30.387514 1.806960
v -16.303818 30.361774 1.765380
v -16.421047 30.349937 1.742083
v -16.373062 30.528400 1.764239
v -16.418722 30.647392 1.737453
v -16.142639 31.043922 1.474011
v -16.065632 31.136497 1.400576
v -15.565826 31.739914 1.375579
v -16.052244 33.528152 0.450636
v -16.058199 32.281254 0.068602
v -16.077534 33.469875 0.403269
v -16.081144 33.642094 0.353055
v -16.469820 33.620262 0.362072
v -16.056768 33.698380 0.266316
v -16.072308 33.555836 0.091396
v -16.054117 33.530792 0.030056
v -16.453802 33.656281 0.203663
v -16.502665 33.680374 0.299979
v -16.446110 33.456970 0.399061
v -16.474039 33.505081 0.135619
v -16.442156 33.549923 0.090846
v -16.256985 32.419216 -0.232796
v -16.088446 32.436523 -0.230581
v -16.055569 32.408955 -0.264171
v -16.251131 32.311764 0.017627
v -16.225519 32.275936 0.060706
v -16.462772 33.391365 0.350466
v -15.511129 35.346733 0.785529
v -15.514175 35.549511 0.652255
v -15.329268 35.581829 0.630646
v -15.516277 35.972649 0.277302
v -15.008957 35.959652 0.292073
v -14.665897 36.214859 -0.016174
v -15.476259 36.174656 0.022277
v -14.645510 36.411770 -0.380778
v -14.643755 36.276657 -0.026435
v -14.694942 36.375130 -0.335551
v -15.484953 36.314434 -0.203597
v -14.807096 36.427155 -0.531871
v -15.474091 36.414078 -0.449602
v -14.471905 36.408920 -0.391849
v -15.516205 36.461296 -0.749792
v -14.456818 36.460510 -0.731612
v -14.431643 36.449299 -0.749856
v -13.069551 35.547745 0.875845
v -13.029282 35.585999 0.842771
v -13.339273 34.557415 0.852720
v -13.091764 35.676582 0.906507
v -13.065192 35.573677 1.158540
v -13.290588 35.641251 1.159608
v -13.356243 34.559284 0.960707
v -13.148424 35.723915 1.182874
v -13.177048 35.729115 0.882648
v -13.342297 35.589321 0.841066
v -13.301949 35.614349 0.881841
v -13.248070 35.756096 0.840969
v -13.099191 35.762321 0.841103
v -13.588076 34.622894 0.878574
v -13.680061 34.633095 0.838463
v -13.581902 34.619911 0.959576
v -12.377149 35.346298 0.796939
v -12.531052 35.559784 0.815162
v -12.510669 35.542347 0.660505
v -12.862238 35.944946 0.307768
v -12.855661 35.926888 0.839512
v -13.216248 36.227112 0.805751
v -13.171921 36.196373 -0.003072
v -13.254393 36.249443 0.010876
v -13.481604 36.361526 0.471244
v -13.195614 36.272133 -0.025513
v -13.553600 36.442757 -0.024706
v -13.588017 36.406204 0.011007
v -13.557381 36.407883 -0.190262
v -13.928396 36.460419 -0.192645
v -13.589878 36.482674 -0.214166
v -14.240253 36.456448 -0.214422
v -14.289476 36.413960 -0.185208
v -14.254484 36.409458 0.005249
v -14.256947 36.408451 0.841023
v -14.665897 36.214859 -0.016174
v -14.643755 36.276657 -0.026435
v -14.434650 36.329666 0.114609
v -14.724327 36.155830 0.295090
v -14.991726 35.931641 0.358524
v -14.614824 36.241821 0.839318
v -14.978519 35.944870 0.836494
v -15.400068 35.464783 0.772774
v -15.285513 35.576618 0.840987
v -15.329268 35.581829 0.630646
v -15.511129 35.346733 0.785529
v -15.008957 35.959652 0.292073
v -13.981693 36.450584 0.838500
v -13.778322 36.441368 0.772467
v -13.550978 36.393852 0.841130
v -11.797941 32.410145 -0.241262
v -11.593816 32.444443 -0.224216
v -11.777632 33.554455 0.091021
v -11.798439 33.589699 0.062795
v -11.791182 33.687244 0.246857
v -11.341372 33.677181 0.230209
v -11.423857 33.679535 0.313977
v -11.791437 33.680786 0.309522
v -11.787277 33.607204 0.372537
v -11.394524 33.601826 0.367306
v -11.777390 33.453419 0.398366
v -11.406469 33.459812 0.399230
v -11.797686 32.271072 0.065207
v -11.640009 32.313774 0.070700
v -11.600657 32.325600 0.039889
v -11.376389 33.469433 0.363623
v -11.378388 33.536644 0.086280
v -12.607033 32.034611 1.377554
v -12.673999 32.016479 1.410261
v -12.288971 32.581795 1.379023
v -12.323630 32.586967 1.418457
v -12.311384 32.740349 1.379554
v -12.329533 32.765034 1.727576
v -12.392273 32.807472 1.382101
v -12.392931 32.791512 1.785057
v -12.547708 32.717411 1.404414
v -12.569818 32.759750 1.378283
v -12.907736 32.213348 1.379559
v -12.892547 32.164974 1.413759
v -12.888693 32.166420 1.638353
v -12.543715 32.720146 1.758874
v -12.678107 32.015022 1.633501
v -12.317837 32.601421 1.746091
v -13.741869 34.091873 1.416951
v -13.713291 34.140663 1.379626
v -13.717487 32.457741 1.380120
v -13.741495 32.496407 1.419174
v -13.814518 34.236031 1.408376
v -13.742683 34.092567 1.817602
v -13.743181 32.508785 1.530571
v -13.861818 34.290012 1.871932
v -14.081713 34.081963 1.829695
v -13.991739 34.288654 1.866354
v -13.895876 34.316879 1.385656
v -14.018326 34.341896 1.379916
v -14.009401 34.278469 1.419295
v -14.111538 34.091766 1.409328
v -14.113573 32.454422 1.412833
v -14.143869 32.474335 1.378634
v -14.151516 34.145607 1.379500
v -14.110132 34.100906 1.791408
v -14.109568 32.509666 1.526225
v -14.604406 40.264053 -0.433154
v -14.644718 40.092392 -0.242352
v -14.634926 40.345428 -0.595152
v -14.647150 40.372623 -0.748719
v -14.645868 39.898758 -0.102208
v -14.644945 39.557613 -0.378476
v -14.647392 39.797791 -0.617013
v -14.642134 39.838058 -0.747143
v -14.457220 39.827194 -0.735884
v -14.476124 39.790756 -0.601832
v -14.456818 36.460510 -0.731612
v -14.431643 36.449299 -0.749856
v -14.452719 38.656219 -0.365446
v -14.471905 36.408920 -0.391849
v -14.503136 39.597061 -0.421609
v -14.495840 39.189240 -0.379320
v -14.645510 36.411770 -0.380778
v -14.643755 36.276657 -0.026435
v -14.644484 38.428116 -0.059469
v -14.605667 38.485397 -0.024698
v -14.291977 36.443497 -0.024919
v -14.254484 36.409458 0.005249
v -14.289476 36.413960 -0.185208
v -14.289700 39.572613 -0.184283
v -14.240253 36.456448 -0.214422
v -14.247990 39.561768 -0.214176
v -13.589878 36.482674 -0.214166
v -13.859907 39.849293 -0.213112
v -13.585344 39.549801 -0.213525
v -13.557381 36.407883 -0.190262
v -13.559174 39.594776 -0.188293
v -13.553600 36.442757 -0.024706
v -13.557241 39.570007 -0.045420
v -13.504894 39.562160 -0.025419
v -13.276299 39.916908 -0.025793
v -13.195614 36.272133 -0.025513
v -13.195051 36.446136 -0.338411
v -13.171921 36.196373 -0.003072
v -13.235394 38.088028 -0.028473
v -13.195469 37.996292 -0.067451
v -13.199593 38.563705 -0.030614
v -13.195578 39.815262 -0.092661
v -13.195425 39.560165 -0.345878
v -13.195057 40.182472 -0.333239
v -13.223059 39.580002 -0.026584
v -13.240952 39.892715 -0.073652
v -13.195131 37.775490 -0.330574
v -13.213697 36.429482 -0.381354
v -13.233568 37.678738 -0.383463
v -13.203342 38.170639 -0.378195
v -13.232456 39.586182 -0.383440
v -13.195541 39.833435 -0.569728
v -13.342941 39.592735 -0.384093
v -13.350880 36.409859 -0.383720
v -13.384403 39.587341 -0.415873
v -13.388777 36.450348 -0.651211
v -13.384279 39.875145 -0.739190
v -13.411810 39.901962 -0.750013
v -13.407021 36.441116 -0.749947
v -13.193880 39.888985 -0.749656
v -13.231064 40.371658 -0.749246
v -13.194420 40.361275 -0.669347
v -13.228098 40.307896 -0.514109
v -13.356272 39.838356 -0.601026
v -13.732347 39.788773 -0.024587
v -13.750856 40.338848 -0.023070
v -13.534155 40.215714 -0.066259
v -14.123775 40.332642 -0.026657
v -13.887951 40.364979 -0.061891
v -14.574173 39.807453 -0.024431
v -13.897970 39.863823 -0.023487
v -14.061172 39.826645 -0.024528
v -14.066637 39.826164 -0.194507
v -14.291918 39.572620 -0.025146
v -14.633835 39.267784 -0.025764
v -14.592567 39.900406 -0.075764
v -14.386751 40.137917 -0.026084
v -15.513563 34.421219 0.207297
v -15.538639 34.407539 0.146805
v -15.525919 34.906097 0.452780
v -15.815004 34.975357 0.473242
v -15.514326 35.062531 0.437560
v -15.808580 35.049351 0.366299
v -15.516573 35.013618 0.286873
v -15.541725 34.490601 -0.038605
v -15.514536 34.535820 -0.138356
v -15.798262 34.989799 0.276764
v -15.696325 34.528446 -0.011040
v -15.693577 34.406502 0.141238
v -13.788107 36.030708 0.870550
v -13.793198 36.030991 1.177808
v -13.869465 36.168465 0.876144
v -13.762890 36.090431 0.840941
v -13.786173 34.657417 0.861490
v -13.801071 34.700958 0.926850
v -13.820583 34.661419 0.971251
v -14.049274 34.655342 0.973926
v -14.053625 34.702816 0.926281
v -14.066603 34.653679 0.865935
v -14.064405 36.011379 1.140202
v -14.064678 36.030437 0.875342
v -14.087711 36.071823 0.841749
v -14.010702 36.138954 0.862427
v -13.932878 36.202576 0.842855
v -13.942583 36.192993 1.204097
v -14.040274 36.083130 1.187866
v -13.854698 36.147812 1.201132
v -14.087711 36.071823 0.841749
v -14.066603 34.653679 0.865935
v -14.103888 34.685627 0.839901
v -14.236511 34.686047 0.840623
v -14.256947 36.408451 0.841023
v -13.932878 36.202576 0.842855
v -13.869465 36.168465 0.876144
v -13.762890 36.090431 0.840941
v -13.550978 36.393852 0.841130
v -13.981693 36.450584 0.838500
v -13.680061 34.633095 0.838463
v -13.342297 35.589321 0.841066
v -13.248070 35.756096 0.840969
v -12.855661 35.926888 0.839512
v -13.216248 36.227112 0.805751
v -13.099191 35.762321 0.841103
v -13.029282 35.585999 0.842771
v -13.230677 34.532600 0.840356
v -12.885310 35.085793 0.840844
v -12.742135 35.065189 0.841840
v -12.391906 35.277500 0.838200
v -12.531052 35.559784 0.815162
v -12.377149 35.346298 0.796939
v -12.683622 34.899372 0.841859
v -12.340608 34.654617 0.783894
v -12.336865 33.801941 0.836516
v -12.514595 34.043137 0.840666
v -12.966990 34.430065 0.840162
v -12.525661 34.000694 0.872936
v -13.030417 34.412697 0.870513
v -13.339273 34.557415 0.852720
v -13.786173 34.657417 0.861490
v -14.536928 35.677979 0.841549
v -14.720444 35.795349 0.841892
v -15.285513 35.576618 0.840987
v -14.978519 35.944870 0.836494
v -15.436941 35.283333 0.837314
v -14.827744 35.573624 0.842115
v -15.400068 35.464783 0.772774
v -15.511129 35.346733 0.785529
v -15.506031 34.959511 0.833940
v -15.461237 33.954575 0.837040
v -15.511229 33.948692 0.792604
v -15.530581 33.766895 0.859990
v -15.309807 34.008728 0.874768
v -14.882132 34.414639 0.837391
v -14.821836 34.407776 0.872724
v -15.150324 34.941711 0.852096
v -15.090199 35.076851 0.848333
v -14.964499 35.068710 0.841306
v -14.577501 34.513210 0.839037
v -14.648380 34.504402 0.877379
v -14.513588 34.553699 0.859041
v -14.266083 34.625557 0.874355
v -13.231064 40.371658 -0.749246
v -13.194420 40.361275 -0.669347
v -13.760818 40.372108 -0.739868
v -13.737886 40.336288 -0.567931
v -13.762209 40.412792 -0.635324
v -13.788269 40.393700 -0.593975
v -13.874556 40.361473 -0.549235
v -14.073839 40.406624 -0.612975
v -14.040453 40.359421 -0.553598
v -14.119989 40.345520 -0.589414
v -14.078520 40.373940 -0.749311
v -14.647150 40.372623 -0.748719
v -14.634926 40.345428 -0.595152
v -14.604406 40.264053 -0.433154
v -14.410908 40.118698 -0.258788
v -14.238811 40.265457 -0.430463
v -14.644718 40.092392 -0.242352
v -14.592567 39.900406 -0.075764
v -14.386751 40.137917 -0.026084
v -14.123775 40.332642 -0.026657
v -13.887951 40.364979 -0.061891
v -13.750856 40.338848 -0.023070
v -13.592653 40.261253 -0.425488
v -13.534155 40.215714 -0.066259
v -13.276299 39.916908 -0.025793
v -13.427237 40.116859 -0.258503
v -13.240952 39.892715 -0.073652
v -13.195057 40.182472 -0.333239
v -13.228098 40.307896 -0.514109
v -16.409943 32.795246 0.790792
v -16.431566 32.720016 0.634481
v -16.050858 32.781219 0.726198
v -16.053041 32.795670 0.830923
v -16.412697 32.751907 0.852257
v -16.450050 32.686821 0.829014
v -16.312733 32.017807 0.499607
v -16.402769 32.595779 0.859221
v -16.084089 32.589912 0.855556
v -16.071957 32.715324 0.863618
v -16.078674 32.014145 0.500555
v -16.048515 32.635765 0.910947
v -16.316069 32.170341 0.295658
v -16.052731 32.166264 0.284356
v -16.052843 32.704521 0.616960
v -11.657023 32.467686 -0.566141
v -11.551702 32.405979 -0.251574
v -11.798528 32.444401 -0.499863
v -11.769502 32.487404 -0.558750
v -11.651253 32.487339 -0.749626
v -11.458779 32.394005 -0.197229
v -11.415647 32.467995 -0.743010
v -11.403079 32.324776 -0.749780
v -11.407839 32.380455 -0.269809
v -11.401987 32.248970 -0.249663
v -11.407575 32.119286 0.329754
v -11.402089 31.992149 0.282891
v -11.475303 32.164284 0.295118
v -11.448136 31.688618 0.900641
v -11.406492 31.387102 1.160551
v -11.468293 31.045721 1.464971
v -11.417376 30.679220 1.707238
v -11.407421 30.561045 1.605429
v -11.399570 30.979107 1.321451
v -11.402997 31.576715 0.793015
v -11.293852 31.569328 0.795200
v -11.256096 31.034811 1.263754
v -11.285495 31.988897 0.269251
v -11.253152 31.787672 0.498757
v -11.257106 30.395649 -0.745398
v -11.253327 32.171291 -0.131889
v -11.296350 32.240669 -0.241942
v -11.254675 32.316036 -0.747604
v -11.259685 30.388628 1.599576
v -11.275879 30.564087 1.596234
v -11.388664 30.387199 1.600857
v -11.435363 30.350037 1.744154
v -11.452524 30.662766 1.753559
v -11.697607 31.037462 1.471322
v -11.793731 31.677101 0.910944
v -11.798572 31.160038 1.387180
v -11.799597 32.016991 0.506936
v -11.544927 32.013405 0.497601
v -11.531530 32.210049 0.317900
v -11.792448 32.168667 0.285821
v -11.797686 32.271072 0.065207
v -11.572399 32.264908 0.073572
v -11.640009 32.313774 0.070700
v -11.600657 32.325600 0.039889
v -11.593816 32.444443 -0.224216
v -11.797941 32.410145 -0.241262
v -16.052731 32.166264 0.284356
v -16.225519 32.275936 0.060706
v -16.058199 32.281254 0.068602
v -16.446892 32.293121 0.009066
v -16.316069 32.170341 0.295658
v -16.439152 32.079769 0.411675
v -16.312733 32.017807 0.499607
v -16.078674 32.014145 0.500555
v -16.419098 31.679800 0.909473
v -16.077168 31.681023 0.910445
v -16.415796 31.054331 1.458249
v -16.448473 31.248573 1.276552
v -16.452740 31.992922 0.280972
v -16.456095 31.558804 0.811237
v -16.455057 30.973183 1.324743
v -16.446293 30.557610 1.619195
v -16.418722 30.647392 1.737453
v -16.373062 30.528400 1.764239
v -16.142639 31.043922 1.474011
v -16.065632 31.136497 1.400576
v -16.050365 31.678526 0.959172
v -16.421047 30.349937 1.742083
v -16.468647 30.384953 1.602214
v -16.594631 30.388369 1.591773
v -16.589783 30.564318 1.591551
v -16.597321 30.416626 -0.749822
v -16.601080 32.317310 -0.720183
v -16.601192 32.093994 0.081489
v -16.599621 31.403282 0.961423
v -16.570807 31.991013 0.272952
v -16.570583 32.239464 -0.240031
v -16.452333 32.242683 -0.236183
v -16.452333 32.325081 -0.749944
v -16.445019 32.405788 -0.276962
v -16.445337 32.476627 -0.746309
v -16.191498 32.459599 -0.567330
v -16.055569 32.408955 -0.264171
v -16.256985 32.419216 -0.232796
v -16.239552 32.480774 -0.739478
v -16.251131 32.311764 0.017627
v -16.055723 32.451317 -0.535329
v -15.518257 36.042267 -0.579663
v -15.547054 36.033302 -0.611538
v -15.522402 36.179642 -0.713456
v -15.518188 34.659908 -0.585355
v -15.626122 34.648994 -0.589565
v -15.617500 34.780628 -0.608869
v -15.550533 34.702023 -0.611319
v -15.831556 36.027740 -0.611700
v -15.881325 36.164936 -0.690879
v -15.882233 36.181343 -0.748412
v -15.601280 34.674988 -0.749963
v -15.514887 35.568195 0.147984
v -15.540119 35.557468 0.110029
v -15.529257 35.681961 0.081146
v -15.514536 34.535820 -0.138356
v -15.640440 34.573814 -0.178273
v -15.553726 34.576565 -0.171093
v -15.831837 35.555843 0.108021
v -15.639597 34.632187 -0.402294
v -15.833879 35.623745 -0.119647
v -15.527159 34.635422 -0.410540
v -15.541010 35.604622 -0.129516
v -15.538544 35.703835 -0.052204
v -15.859303 35.725983 0.025265
v -15.525143 35.729404 0.020565
v -15.844696 35.663479 0.084953
v -15.514887 35.568195 0.147984
v -15.514362 35.648064 0.226648
v -15.514326 35.062531 0.437560
v -15.516573 35.013618 0.286873
v -15.514536 34.535820 -0.138356
v -15.529257 35.681961 0.081146
v -15.525143 35.729404 0.020565
v -15.515623 35.857788 0.012536
v -15.538544 35.703835 -0.052204
v -15.516199 35.597279 -0.183436
v -15.541010 35.604622 -0.129516
v -15.527159 34.635422 -0.410540
v -15.518188 34.659908 -0.585355
v -15.517546 36.314968 -0.293739
v -15.518257 36.042267 -0.579663
v -15.522402 36.179642 -0.713456
v -15.516205 36.461296 -0.749792
v -15.474091 36.414078 -0.449602
v -15.484953 36.314434 -0.203597
v -15.476259 36.174656 0.022277
v -15.516277 35.972649 0.277302
v -15.514175 35.549511 0.652255
v -15.511129 35.346733 0.785529
v -15.525919 34.906097 0.452780
v -15.513563 34.421219 0.207297
v -15.511229 33.948692 0.792604
v -15.506031 34.959511 0.833940
v -15.536320 34.042130 0.602356
v -15.530581 33.766895 0.859990
v -15.538639 34.407539 0.146805
v -12.316093 34.409653 0.145012
v -12.312182 33.999039 0.647188
v -12.339055 34.440186 0.200070
v -12.336865 33.801941 0.836516
v -12.340608 34.654617 0.783894
v -12.340146 35.234802 0.803781
v -12.328025 34.903332 0.453553
v -12.331379 35.068932 0.440583
v -12.338440 35.048042 0.278027
v -12.335334 35.584267 0.119871
v -12.339619 34.512253 -0.109458
v -12.313244 34.581924 -0.168085
v -12.336762 36.235313 -0.053111
v -12.333847 35.737709 0.028463
v -12.328809 35.639450 -0.120589
v -12.330845 34.628971 -0.411654
v -12.335744 34.659527 -0.583278
v -12.335927 36.043213 -0.573687
v -12.305730 34.690289 -0.612033
v -12.311392 36.026409 -0.612204
v -12.326471 36.160183 -0.683205
v -12.337238 36.459770 -0.748190
v -12.349309 36.219826 -0.749840
v -12.356150 36.375099 -0.344103
v -12.361613 36.431152 -0.555735
v -12.345705 35.949455 0.296276
v -12.366587 35.561356 0.643091
v -12.377149 35.346298 0.796939
v -12.391906 35.277500 0.838200
v -13.861525 42.872181 -0.752348
v -13.760818 40.372108 -0.739868
v -13.871456 43.145290 -0.708640
v -13.762209 40.412792 -0.635324
v -13.788269 40.393700 -0.593975
v -13.924286 42.796360 -0.683611
v -13.964687 43.075546 -0.700380
v -13.962072 43.149460 -0.748592
v -13.985319 42.793007 -0.725858
v -14.078520 40.373940 -0.749311
v -13.992666 42.549332 -0.676172
v -14.073839 40.406624 -0.612975
v -14.025858 40.494980 -0.594890
v -12.335744 34.659527 -0.583278
v -12.257009 34.654236 -0.616868
v -12.330845 34.628971 -0.411654
v -12.305730 34.690289 -0.612033
v -12.216682 34.625263 -0.406612
v -11.827663 34.599327 -0.281908
v -12.179328 34.600681 -0.285275
v -12.214872 34.572189 -0.175161
v -12.115110 34.494076 -0.063586
v -12.339619 34.512253 -0.109458
v -12.313244 34.581924 -0.168085
v -12.318590 34.500710 -0.031541
v -12.160695 34.518501 -0.016228
v -12.161010 34.408585 0.140533
v -12.312182 33.999039 0.647188
v -11.825070 34.375237 0.182747
v -12.316093 34.409653 0.145012
v -11.826154 33.998440 0.650096
v -11.797151 34.540409 -0.226811
v -11.796506 34.262619 0.308828
v -11.802688 33.538521 1.053966
v -11.802343 33.219368 1.195144
v -11.853474 33.274643 1.244360
v -11.804167 33.167210 1.312926
v -11.802614 33.024261 1.323792
v -11.860754 33.167744 1.372239
v -11.810583 32.329735 1.369456
v -11.799911 33.612892 0.497967
v -11.799911 33.374649 0.422553
v -11.800403 32.727463 0.635070
v -11.788735 32.802757 0.831488
v -11.801040 32.604538 0.865368
v -11.801516 31.451630 1.320213
v -11.799597 32.016991 0.506936
v -11.848009 31.298021 1.376693
v -11.793731 31.677101 0.910944
v -11.798572 31.160038 1.387180
v -11.797686 32.271072 0.065207
v -11.792448 32.168667 0.285821
v -11.777390 33.453419 0.398366
v -11.787277 33.607204 0.372537
v -11.791437 33.680786 0.309522
v -11.799157 33.817001 0.284386
v -11.791182 33.687244 0.246857
v -11.798439 33.589699 0.062795
v -11.797941 32.410145 -0.241262
v -11.798528 32.444401 -0.499863
v -11.796931 34.162903 -0.521266
v -11.769502 32.487404 -0.558750
v -11.791936 34.320717 -0.748718
v -11.797495 34.673878 -0.748777
v -12.245795 34.673622 -0.749895
v -12.031650 33.441040 1.138248
v -12.336865 33.801941 0.836516
v 21.272411 36.218361 -0.710360
v 21.254211 36.073624 -0.749895
v 21.242998 36.054237 -0.616869
v 21.498220 37.414330 -0.642707
v 21.524937 37.565323 -0.704103
v 21.498058 37.572811 -0.748515
v 21.150700 37.619820 -0.749840
v 21.173538 37.560181 -0.683205
v 21.188616 37.426407 -0.612204
v 21.443977 37.428825 -0.613074
v 21.194279 36.090286 -0.612033
v 18.735188 34.939903 1.799403
v 18.475266 35.047386 1.831589
v 18.583427 35.081818 1.830858
v 18.737846 34.937973 1.407879
v 19.057028 33.809738 1.579743
v 19.063774 33.804031 1.409976
v 18.763386 33.681862 1.569887
v 18.427982 34.860725 1.786514
v 18.753965 33.705124 1.410813
v 18.419369 34.847214 1.399106
v 18.465252 35.043316 1.414829
v 18.553328 35.098057 1.382332
v 18.640316 35.044872 1.408291
v 19.092468 33.849792 1.379639
v 22.073435 34.110302 0.624943
v 22.106863 34.185364 0.749911
v 21.968479 33.610046 0.317900
v 21.699608 34.127464 0.635070
v 21.707561 33.568665 0.285821
v 21.711273 34.202755 0.831488
v 22.025702 34.125282 0.865231
v 21.698969 34.004536 0.865367
v 22.062098 33.982323 0.847859
v 21.700413 33.416988 0.506936
v 21.955084 33.413403 0.497601
v 21.478123 37.018093 -0.122090
v 21.283329 36.025261 -0.406613
v 21.480833 36.978809 0.068885
v 21.500462 37.111702 -0.022568
v 21.171200 37.039448 -0.120590
v 21.166161 37.137711 0.028463
v 21.169165 36.028969 -0.411654
v 21.178509 37.084175 0.082694
v 21.164673 36.984268 0.119871
v 21.430456 36.948509 0.107273
v 21.186764 35.981926 -0.168085
v 21.285137 35.972187 -0.175161
v 21.453009 37.079506 0.080203
v 17.443708 36.073700 -0.748053
v 17.441921 35.673725 -0.663475
v 17.444469 35.715164 -0.749376
v 17.443489 35.934109 -0.178596
v 17.443474 35.511623 -0.520035
v 17.444286 33.851315 -0.535329
v 17.445890 34.930794 0.030056
v 17.443241 35.098373 0.266315
v 17.447765 34.928150 0.450636
v 17.452492 34.510662 1.298335
v 17.448057 34.951431 0.996177
v 17.444843 35.651749 0.333173
v 17.465149 35.381393 0.663384
v 17.501102 34.865036 1.119714
v 17.501614 34.577423 1.321016
v 17.523504 34.439419 1.374214
v 17.448988 32.722404 1.375600
v 17.451492 34.035763 0.910947
v 17.449642 33.078526 0.959171
v 17.434376 32.536495 1.400576
v 17.450300 33.431664 0.560793
v 17.421333 33.414143 0.500554
v 17.446968 34.195671 0.830923
v 17.449150 34.181221 0.726197
v 17.447163 34.104519 0.616960
v 17.447281 33.566261 0.284356
v 17.441811 33.681252 0.068602
v 17.418861 35.042091 0.353055
v 17.444439 33.808952 -0.264171
v 17.501102 34.865036 1.119714
v 17.704647 34.864880 1.126485
v 17.501614 34.577423 1.321016
v 17.465149 35.381393 0.663384
v 17.963690 35.442131 0.602355
v 17.969425 35.166893 0.859990
v 17.444843 35.651749 0.333173
v 17.806431 35.806499 0.141238
v 17.488693 35.807472 0.116426
v 17.443489 35.934109 -0.178596
v 17.499584 36.004105 -0.313792
v 17.443708 36.073700 -0.748053
v 17.898733 36.074989 -0.749963
v 17.873886 36.048996 -0.589565
v 17.860413 36.032185 -0.402294
v 17.981817 36.059906 -0.585355
v 17.972855 36.035423 -0.410540
v 17.765373 35.899185 -0.066207
v 17.859570 35.973816 -0.178273
v 17.985470 35.935822 -0.138356
v 17.958284 35.890602 -0.038605
v 17.803680 35.928444 -0.011040
v 17.961369 35.807533 0.146805
v 18.963079 37.077980 0.841549
v 19.233921 36.025555 0.874355
v 18.946630 37.017395 0.884912
v 18.813339 37.136368 0.860115
v 18.779564 37.195351 0.841892
v 18.672264 36.973621 0.842115
v 18.742292 37.075729 0.894209
v 18.713436 36.954456 0.876942
v 18.741646 37.077972 1.178032
v 18.824682 37.128170 1.181271
v 18.884525 36.335690 1.024921
v 19.230495 36.022259 0.959463
v 18.944593 37.018066 1.155741
v 19.133896 35.999493 0.998848
v 18.997007 35.947876 0.993873
v 18.986425 35.953697 0.859040
v 18.560850 33.613987 1.374570
v 18.195148 34.115704 1.401170
v 18.148050 34.220364 1.376789
v 18.538662 33.565079 1.416704
v 18.533730 33.566856 1.638734
v 18.188845 34.122578 1.758965
v 18.322693 33.414429 1.634604
v 18.024952 34.025600 1.759373
v 17.966335 33.992294 1.727827
v 18.315699 33.418579 1.381928
v 17.965588 33.993134 1.411286
v 17.920887 33.978565 1.374432
v 17.960136 34.133888 1.406086
v 17.970810 34.222496 1.375380
v 17.993734 34.182159 1.485301
v 17.964466 34.138123 1.739248
v 18.040600 34.190163 1.784566
v 18.084150 34.184685 1.413129
v 20.816387 36.299370 0.841859
v 20.469593 35.812695 0.870512
v 20.792372 36.340919 0.881951
v 20.757872 36.465187 0.841840
v 20.621395 36.424927 0.875473
v 20.614700 36.485790 0.840844
v 20.744833 36.456757 1.130410
v 20.733397 36.316139 1.122153
v 20.782490 36.328518 1.082262
v 20.605917 36.400803 1.122967
v 20.286180 35.884846 1.014750
v 20.283989 35.887787 0.884004
v 20.462372 35.811409 1.016996
v 20.269333 35.932594 0.840356
v 17.444286 33.851315 -0.535329
v 17.422459 35.498116 -0.564562
v 17.443474 35.511623 -0.520035
v 17.308510 33.859596 -0.567330
v 17.287216 33.933773 -0.745166
v 17.260456 33.880772 -0.739478
v 17.034874 35.460358 -0.565823
v 16.984039 35.532551 -0.613028
v 17.006737 35.634697 -0.638027
v 16.970264 35.614773 -0.718970
v 16.988436 35.715481 -0.748726
v 17.444469 35.715164 -0.749376
v 17.441921 35.673725 -0.663475
v 21.160389 35.912254 -0.109459
v 21.189299 36.403889 0.282904
v 21.161568 36.448044 0.278027
v 21.181417 35.900711 -0.031541
v 21.339312 35.918495 -0.016228
v 21.450493 36.417465 0.294721
v 21.338999 35.808582 0.140533
v 21.183914 35.809647 0.145012
v 21.449835 36.378845 0.471785
v 21.168627 36.468925 0.440582
v 21.171986 36.303329 0.453552
v 21.160954 35.840183 0.200070
v 21.122858 36.746296 0.796939
v 20.989340 36.942345 0.660505
v 21.133423 36.961357 0.643091
v 21.154305 37.349453 0.296275
v 20.637770 37.344944 0.307768
v 21.163246 37.635315 -0.053111
v 20.328087 37.596371 -0.003073
v 21.143860 37.775093 -0.344103
v 20.338781 37.760666 -0.302635
v 21.138397 37.831154 -0.555736
v 20.111233 37.850342 -0.651211
v 20.322670 37.820343 -0.491514
v 21.162771 37.859772 -0.748190
v 20.092987 37.841110 -0.749948
v 20.286310 37.829475 -0.381355
v 20.149128 37.809856 -0.383721
v 20.304956 37.846130 -0.338411
v 21.925705 31.786936 1.813055
v 17.229137 31.787704 1.895078
v 21.318527 31.801020 1.921844
v 17.221676 31.787514 1.806960
v 22.064648 31.750036 1.744154
v 17.196194 31.761772 1.765380
v 17.078960 31.749937 1.742083
v 22.119255 31.788290 -0.749999
v 22.061543 31.750010 -0.735443
v 22.111343 31.787199 1.600857
v 22.240326 31.788628 1.599576
v 22.242903 31.795647 -0.745398
v 17.086578 31.750000 -0.736389
v 17.031364 31.784950 1.602214
v 17.025978 31.788620 -0.749999
v 16.902689 31.816624 -0.749822
v 16.905380 31.788366 1.591773
v 19.638483 44.272179 -0.752348
v 19.628553 44.545288 -0.708640
v 19.537937 44.549458 -0.748592
v 19.421490 41.773937 -0.749311
v 19.739189 41.772110 -0.739868
v 20.268948 41.771660 -0.749247
v 20.306128 41.288982 -0.749657
v 20.088200 41.301960 -0.750013
v 19.079073 41.234711 -0.750008
v 20.092987 37.841110 -0.749948
v 19.068367 37.849297 -0.749856
v 21.150700 37.619820 -0.749840
v 21.162771 37.859772 -0.748190
v 17.983805 37.861294 -0.749792
v 21.201630 36.173889 -0.748576
v 21.498058 37.572811 -0.748515
v 21.272411 36.218361 -0.710360
v 21.254211 36.073624 -0.749895
v 21.152342 31.780500 -0.749941
v 21.708075 35.720715 -0.748718
v 21.702515 36.073875 -0.748777
v 21.848759 33.887337 -0.749626
v 22.179237 35.691589 -0.749467
v 22.096930 33.724777 -0.749781
v 22.084364 33.867996 -0.743010
v 22.119255 31.788290 -0.749999
v 22.245333 33.716034 -0.747604
v 22.242903 31.795647 -0.745398
v 22.061543 31.750010 -0.735443
v 17.086578 31.750000 -0.736389
v 17.983047 31.776550 -0.749805
v 17.025978 31.788620 -0.749999
v 17.047674 33.725075 -0.749944
v 16.902689 31.816624 -0.749822
v 16.898933 33.717308 -0.720184
v 17.054672 33.876625 -0.746310
v 17.320061 33.867271 -0.749833
v 17.444469 35.715164 -0.749376
v 17.260456 33.880772 -0.739478
v 16.988436 35.715481 -0.748726
v 17.287216 33.933773 -0.745166
v 16.970264 35.614773 -0.718970
v 17.898733 36.074989 -0.749963
v 17.443708 36.073700 -0.748053
v 17.617775 37.581345 -0.748412
v 17.946457 36.336624 -0.746860
v 17.943998 37.481857 -0.653440
v 18.002693 36.421078 -0.749943
v 17.977608 37.579643 -0.713456
v 19.042789 41.227188 -0.735884
v 18.857876 41.238060 -0.747143
v 18.852856 41.772621 -0.748719
v 19.713837 36.057415 0.861490
v 19.819950 36.033096 0.838463
v 19.911934 36.022896 0.878573
v 19.679428 36.061417 0.971251
v 19.450731 36.055344 0.973926
v 19.721392 36.051712 1.379833
v 19.918108 36.019909 0.959576
v 20.143768 35.959282 0.960707
v 20.072886 35.983662 1.363477
v 20.286180 35.884846 1.014750
v 20.507193 35.774841 1.340355
v 20.455156 35.764038 1.379977
v 20.373280 34.973110 1.379040
v 20.640347 35.135994 1.379948
v 21.076859 35.194576 1.379796
v 20.963909 35.405632 1.363741
v 20.974346 35.400696 0.872936
v 21.157776 35.190628 1.331553
v 21.413641 34.898457 1.380010
v 21.468361 34.841042 1.138248
v 21.639256 34.567741 1.372239
v 21.163145 35.201942 0.836516
v 21.689426 33.729733 1.369455
v 21.651997 32.698021 1.376693
v 21.188625 34.140347 1.379553
v 21.211035 33.981796 1.379023
v 20.892977 33.434608 1.377554
v 21.233389 33.082169 1.397397
v 21.701437 32.560036 1.387180
v 21.107735 34.207466 1.382101
v 20.930191 34.159748 1.378283
v 20.777178 34.909279 1.379339
v 20.592274 33.613346 1.379559
v 20.405132 33.674320 1.380018
v 20.721619 34.852180 1.408924
v 20.697119 35.000748 1.405426
v 20.640574 35.078121 1.437961
v 20.560522 35.083847 1.404590
v 20.462372 35.811409 1.016996
v 20.469593 35.812695 0.870512
v 19.786718 35.540665 1.379626
v 20.047291 33.861229 1.378170
v 19.782520 33.857735 1.380120
v 19.604134 35.716881 1.385656
v 19.481688 35.741890 1.379916
v 18.847923 35.877800 1.380440
v 19.348488 35.545609 1.379500
v 17.698269 34.774143 1.379511
v 18.419106 35.086540 1.380005
v 18.553328 35.098057 1.382332
v 18.768118 34.965103 1.379440
v 19.356134 33.874336 1.378633
v 19.092468 33.849792 1.379639
v 18.737846 34.937973 1.407879
v 18.640316 35.044872 1.408291
v 18.465252 35.043316 1.414829
v 18.419369 34.847214 1.399106
v 18.753965 33.705124 1.410813
v 18.411419 34.743557 1.380974
v 18.722862 33.661926 1.375675
v 18.148050 34.220364 1.376789
v 17.970810 34.222496 1.375380
v 17.920887 33.978565 1.374432
v 17.523504 34.439419 1.374214
v 17.501614 34.577423 1.321016
v 17.448988 32.722404 1.375600
v 17.934181 33.139912 1.375579
v 17.434376 32.536495 1.400576
v 18.315699 33.418579 1.381928
v 17.710865 34.871582 1.342975
v 17.704647 34.864880 1.126485
v 17.969425 35.166893 0.859990
v 18.158554 35.381691 1.377455
v 18.190207 35.408730 0.874768
v 18.678177 35.807777 0.872724
v 18.608326 35.749264 1.322207
v 18.664463 35.839661 1.020425
v 18.654766 35.775879 1.050845
v 18.860542 35.885059 1.015616
v 18.997007 35.947876 0.993873
v 18.922512 35.913208 0.839037
v 18.851629 35.904396 0.877379
v 18.986425 35.953697 0.859040
v 19.115358 35.997635 1.352411
v 19.133896 35.999493 0.998848
v 19.230495 36.022259 0.959463
v 19.233921 36.025555 0.874355
v 19.433405 36.053677 0.865935
v 19.396124 36.085625 0.839901
v 19.263498 36.086044 0.840623
v 19.483824 36.057861 1.374273
v 18.560850 33.613987 1.374570
v 18.538662 33.565079 1.416704
v 20.283989 35.887787 0.884004
v 20.160736 35.957413 0.852720
v 20.269333 35.932594 0.840356
v 18.851629 35.904396 0.877379
v 18.540157 36.403622 0.882611
v 18.535513 36.468712 0.841306
v 18.860542 35.885059 1.015616
v 18.537346 36.404366 1.123595
v 18.664463 35.839661 1.020425
v 18.388275 36.450157 1.146655
v 18.376522 36.301403 1.116937
v 18.678177 35.807777 0.872724
v 18.349686 36.341709 0.852096
v 18.617882 35.814636 0.837391
v 18.409809 36.476852 0.848333
v 22.179237 35.691589 -0.749467
v 22.193857 35.696453 -0.703206
v 21.708075 35.720715 -0.748718
v 21.848759 33.887337 -0.749626
v 21.842983 33.867683 -0.566141
v 22.137392 35.497494 -0.567778
v 21.730505 33.887405 -0.558751
v 21.703079 35.562904 -0.521266
v 21.747564 35.492722 -0.565829
v 21.746437 35.653900 -0.649912
v 20.697119 35.000748 1.405426
v 20.679197 35.034019 1.781377
v 20.721619 34.852180 1.408924
v 20.640574 35.078121 1.437961
v 20.603786 35.081844 1.835650
v 20.560522 35.083847 1.404590
v 20.529694 35.059589 1.828595
v 20.412212 34.951294 1.407695
v 20.373280 34.973110 1.379040
v 20.047291 33.861229 1.378170
v 20.081875 33.803696 1.405679
v 20.085691 33.806374 1.577451
v 20.410696 34.939102 1.798375
v 20.679686 34.863747 1.799628
v 20.381128 33.679741 1.566582
v 20.405132 33.674320 1.380018
v 20.722666 34.859604 1.748945
v 19.063774 33.804031 1.409976
v 19.092468 33.849792 1.379639
v 19.356134 33.874336 1.378633
v 19.057028 33.809738 1.579743
v 19.386433 33.854424 1.412833
v 19.017477 33.792732 1.769106
v 18.533730 33.566856 1.638734
v 18.763386 33.681862 1.569887
v 18.722862 33.661926 1.375675
v 18.753965 33.705124 1.410813
v 18.538662 33.565079 1.416704
v 18.454628 33.509327 1.763905
v 18.322693 33.414429 1.634604
v 18.315699 33.418579 1.381928
v 17.915812 33.078468 1.712734
v 17.374069 32.466770 1.731755
v 17.907288 33.068756 1.418532
v 17.606159 32.709503 1.769533
v 17.206123 32.206131 1.766638
v 18.028313 32.980427 1.776528
v 17.557144 32.522945 1.769334
v 17.205906 31.974857 1.770559
v 17.512680 32.390018 1.801493
v 17.492334 32.361450 1.869174
v 17.304987 32.010990 1.917657
v 17.659443 32.526840 1.924676
v 18.031723 32.973618 1.894432
v 18.550852 33.388058 1.866613
v 18.320946 33.160378 1.923905
v 21.318527 31.801020 1.921844
v 18.889420 33.545773 1.923801
v 19.062050 33.642876 1.805564
v 19.545635 33.721054 1.919627
v 20.080368 33.635235 1.923527
v 20.078924 33.648029 1.776184
v 20.770180 33.281723 1.922505
v 21.628510 32.386105 1.921904
v 20.593040 33.394501 1.804529
v 21.128054 32.965786 1.792174
v 20.632540 33.414959 1.770781
v 21.217482 32.922867 1.769291
v 21.669319 32.406300 1.770178
v 21.652534 32.364998 1.799509
v 21.930319 31.959040 1.791528
v 21.926365 31.959974 1.907971
v 21.976095 31.965452 1.757739
v 21.925705 31.786936 1.813055
v 22.064648 31.750036 1.744154
v 22.047483 32.062767 1.753559
v 21.771690 32.465065 1.768391
v 21.802401 32.437462 1.471321
v 21.233389 33.082169 1.397397
v 21.701437 32.560036 1.387180
v 21.228870 33.082413 1.767446
v 20.826012 33.416481 1.410261
v 20.892977 33.434608 1.377554
v 20.821903 33.415024 1.633501
v 20.679901 33.524353 1.764817
v 20.611315 33.566422 1.638353
v 20.133423 33.790833 1.768994
v 20.607462 33.564972 1.413759
v 20.381128 33.679741 1.566582
v 20.405132 33.674320 1.380018
v 20.592274 33.613346 1.379559
v 20.085691 33.806374 1.577451
v 19.575729 33.880676 1.768113
v 20.081875 33.803696 1.405679
v 20.047291 33.861229 1.378170
v 19.782520 33.857735 1.380120
v 19.776705 33.850563 1.547932
v 19.570164 33.881985 1.571436
v 19.756830 33.908783 1.530571
v 19.758512 33.896404 1.419174
v 19.390442 33.909668 1.526225
v 19.365965 33.850460 1.541529
v 19.576448 33.729919 1.778260
v 19.098219 33.689545 1.769311
v 18.548824 33.412613 1.774357
v 17.229137 31.787704 1.895078
v 17.221676 31.787514 1.806960
v 17.196194 31.761772 1.765380
v 17.078960 31.749937 1.742083
v 17.126949 31.928398 1.764239
v 17.081291 32.047394 1.737453
v 17.357368 32.443924 1.474010
v 17.434376 32.536495 1.400576
v 17.934181 33.139912 1.375579
v 17.447765 34.928150 0.450636
v 17.441811 33.681252 0.068602
v 17.422476 34.869873 0.403269
v 17.418861 35.042091 0.353055
v 17.030190 35.020264 0.362072
v 17.443241 35.098373 0.266315
v 17.427698 34.955833 0.091396
v 17.445890 34.930794 0.030056
v 17.046207 35.056282 0.203662
v 16.997341 35.080372 0.299978
v 17.053898 34.856972 0.399061
v 17.025970 34.905083 0.135618
v 17.057856 34.949921 0.090846
v 17.243025 33.819214 -0.232796
v 17.411564 33.836525 -0.230581
v 17.444439 33.808952 -0.264171
v 17.248878 33.711761 0.017627
v 17.274487 33.675934 0.060706
v 17.037237 34.791367 0.350466
v 17.988876 36.746731 0.785528
v 17.985832 36.949509 0.652255
v 18.170738 36.981827 0.630645
v 17.983730 37.372650 0.277302
v 18.491056 37.359650 0.292073
v 18.834106 37.614861 -0.016175
v 18.023750 37.574654 0.022277
v 18.854500 37.811768 -0.380778
v 18.856258 37.676655 -0.026435
v 18.805067 37.775127 -0.335551
v 18.015057 37.714432 -0.203597
v 18.692909 37.827152 -0.531871
v 18.025917 37.814079 -0.449603
v 19.028105 37.808918 -0.391849
v 17.983805 37.861294 -0.749792
v 19.043192 37.860512 -0.731612
v 19.068367 37.849297 -0.749856
v 20.430458 36.947746 0.875844
v 20.470728 36.986000 0.842770
v 20.160736 35.957413 0.852720
v 20.408245 37.076580 0.906507
v 20.434814 36.973675 1.158540
v 20.209419 37.041248 1.159608
v 20.143768 35.959282 0.960707
v 20.351583 37.123913 1.182874
v 20.322962 37.129112 0.882647
v 20.157713 36.989319 0.841066
v 20.198059 37.014347 0.881840
v 20.251938 37.156097 0.840969
v 20.400816 37.162323 0.841103
v 19.911934 36.022896 0.878573
v 19.819950 36.033096 0.838463
v 19.918108 36.019909 0.959576
v 21.122858 36.746296 0.796939
v 20.968956 36.959782 0.815161
v 20.989340 36.942345 0.660505
v 20.637770 37.344944 0.307768
v 20.644346 37.326885 0.839512
v 20.283762 37.627113 0.805751
v 20.328087 37.596371 -0.003073
v 20.245617 37.649441 0.010876
v 20.018406 37.761528 0.471244
v 20.304392 37.672134 -0.025513
v 19.946409 37.842751 -0.024706
v 19.911991 37.806206 0.011007
v 19.942629 37.807884 -0.190263
v 19.571611 37.860420 -0.192645
v 19.910130 37.882675 -0.214166
v 19.259754 37.856445 -0.214422
v 19.210531 37.813957 -0.185208
v 19.245525 37.809456 0.005249
v 19.243063 37.808449 0.841023
v 18.834106 37.614861 -0.016175
v 18.856258 37.676655 -0.026435
v 19.065363 37.729664 0.114609
v 18.775681 37.555832 0.295090
v 18.508282 37.331642 0.358524
v 18.885189 37.641823 0.839318
v 18.521488 37.344872 0.836494
v 18.099945 36.864777 0.772774
v 18.214497 36.976616 0.840986
v 18.170738 36.981827 0.630645
v 17.988876 36.746731 0.785528
v 18.491056 37.359650 0.292073
v 19.518314 37.850586 0.838500
v 19.721685 37.841366 0.772467
v 19.949030 37.793850 0.841130
v 21.702066 33.810143 -0.241262
v 21.906193 33.844440 -0.224216
v 21.722376 34.954453 0.091020
v 21.701571 34.989693 0.062795
v 21.708826 35.087242 0.246857
v 22.158636 35.077179 0.230209
v 22.076153 35.079536 0.313977
v 21.708570 35.080780 0.309521
v 21.712732 35.007202 0.372537
v 22.105486 35.001823 0.367306
v 21.722620 34.853416 0.398366
v 22.093540 34.859810 0.399229
v 21.702322 33.671074 0.065206
v 21.860001 33.713772 0.070700
v 21.899353 33.725597 0.039889
v 22.123621 34.869431 0.363623
v 22.121622 34.936642 0.086280
v 20.892977 33.434608 1.377554
v 20.826012 33.416481 1.410261
v 21.211035 33.981796 1.379023
v 21.176378 33.986965 1.418457
v 21.188625 34.140347 1.379553
v 21.170477 34.165031 1.727576
v 21.107735 34.207466 1.382101
v 21.107077 34.191509 1.785057
v 20.952301 34.117409 1.404414
v 20.930191 34.159748 1.378283
v 20.592274 33.613346 1.379559
v 20.607462 33.564972 1.413759
v 20.611315 33.566422 1.638353
v 20.956291 34.120148 1.758874
v 20.821903 33.415024 1.633501
v 21.182171 34.001419 1.746091
v 19.758139 35.491875 1.416951
v 19.786718 35.540665 1.379626
v 19.782520 33.857735 1.380120
v 19.758512 33.896404 1.419174
v 19.685492 35.636028 1.408376
v 19.757326 35.492569 1.817602
v 19.756830 33.908783 1.530571
v 19.638189 35.690010 1.871932
v 19.418295 35.481964 1.829695
v 19.508272 35.688652 1.866353
v 19.604134 35.716881 1.385656
v 19.481688 35.741890 1.379916
v 19.490608 35.678467 1.419295
v 19.388470 35.491760 1.409327
v 19.386433 33.854424 1.412833
v 19.356134 33.874336 1.378633
v 19.348488 35.545609 1.379500
v 19.389875 35.500904 1.791408
v 19.390442 33.909668 1.526225
v 18.895601 41.664055 -0.433154
v 18.855291 41.492393 -0.242352
v 18.865082 41.745426 -0.595152
v 18.852856 41.772621 -0.748719
v 18.854141 41.298756 -0.102208
v 18.855064 40.957611 -0.378476
v 18.852615 41.197792 -0.617013
v 18.857876 41.238060 -0.747143
v 19.042789 41.227188 -0.735884
v 19.023886 41.190758 -0.601832
v 19.043192 37.860512 -0.731612
v 19.068367 37.849297 -0.749856
v 19.047289 40.056221 -0.365446
v 19.028105 37.808918 -0.391849
v 18.996874 40.997059 -0.421610
v 19.004169 40.589237 -0.379320
v 18.854500 37.811768 -0.380778
v 18.856258 37.676655 -0.026435
v 18.855522 39.828114 -0.059470
v 18.894342 39.885399 -0.024698
v 19.208031 37.843491 -0.024919
v 19.245525 37.809456 0.005249
v 19.210531 37.813957 -0.185208
v 19.210312 40.972610 -0.184284
v 19.259754 37.856445 -0.214422
v 19.252020 40.961765 -0.214176
v 19.910130 37.882675 -0.214166
v 19.640100 41.249290 -0.213113
v 19.914665 40.949799 -0.213525
v 19.942629 37.807884 -0.190263
v 19.940832 40.994774 -0.188294
v 19.946409 37.842751 -0.024706
v 19.942768 40.970005 -0.045420
v 19.995113 40.962158 -0.025419
v 20.223709 41.316910 -0.025793
v 20.304392 37.672134 -0.025513
v 20.304956 37.846130 -0.338411
v 20.328087 37.596371 -0.003073
v 20.264614 39.488026 -0.028473
v 20.304539 39.396290 -0.067452
v 20.300417 39.963703 -0.030614
v 20.304428 41.215260 -0.092661
v 20.304583 40.960163 -0.345878
v 20.304949 41.582470 -0.333239
v 20.276949 40.979996 -0.026584
v 20.259058 41.292713 -0.073652
v 20.304876 39.175488 -0.330575
v 20.286310 37.829475 -0.381355
v 20.266439 39.078735 -0.383464
v 20.296665 39.570641 -0.378195
v 20.267553 40.986179 -0.383440
v 20.304466 41.233437 -0.569728
v 20.157066 40.992737 -0.384093
v 20.149128 37.809856 -0.383721
v 20.115606 40.987343 -0.415873
v 20.111233 37.850342 -0.651211
v 20.115726 41.275146 -0.739190
v 20.088200 41.301960 -0.750013
v 20.092987 37.841110 -0.749948
v 20.306128 41.288982 -0.749657
v 20.268948 41.771660 -0.749247
v 20.305588 41.761272 -0.669347
v 20.271910 41.707893 -0.514109
v 20.143740 41.238354 -0.601027
v 19.767662 41.188770 -0.024587
v 19.749151 41.738846 -0.023070
v 19.965853 41.615711 -0.066260
v 19.376232 41.732639 -0.026657
v 19.612057 41.764977 -0.061891
v 18.925837 41.207451 -0.024432
v 19.602037 41.263824 -0.023487
v 19.438839 41.226646 -0.024529
v 19.433378 41.226162 -0.194507
v 19.208088 40.972618 -0.025146
v 18.866177 40.667782 -0.025765
v 18.907436 41.300407 -0.075764
v 19.113258 41.537918 -0.026084
v 17.986446 35.821217 0.207296
v 17.961369 35.807533 0.146805
v 17.974091 36.306095 0.452779
v 17.685003 36.375359 0.473242
v 17.985687 36.462532 0.437560
v 17.691429 36.449348 0.366298
v 17.983438 36.413612 0.286873
v 17.958284 35.890602 -0.038605
v 17.985470 35.935822 -0.138356
v 17.701748 36.389801 0.276764
v 17.803680 35.928444 -0.011040
v 17.806431 35.806499 0.141238
v 19.711903 37.430706 0.870550
v 19.706810 37.430988 1.177807
v 19.630545 37.568466 0.876144
v 19.737118 37.490429 0.840941
v 19.713837 36.057415 0.861490
v 19.698936 36.100960 0.926850
v 19.679428 36.061417 0.971251
v 19.450731 36.055344 0.973926
v 19.446383 36.102814 0.926280
v 19.433405 36.053677 0.865935
v 19.435600 37.411377 1.140201
v 19.435331 37.430435 0.875342
v 19.412294 37.471821 0.841748
v 19.489304 37.538956 0.862427
v 19.567133 37.602577 0.842855
v 19.557426 37.592995 1.204097
v 19.459734 37.483124 1.187865
v 19.645311 37.547810 1.201132
v 19.412294 37.471821 0.841748
v 19.433405 36.053677 0.865935
v 19.396124 36.085625 0.839901
v 19.263498 36.086044 0.840623
v 19.243063 37.808449 0.841023
v 19.567133 37.602577 0.842855
v 19.630545 37.568466 0.876144
v 19.737118 37.490429 0.840941
v 19.949030 37.793850 0.841130
v 19.518314 37.850586 0.838500
v 19.819950 36.033096 0.838463
v 20.157713 36.989319 0.841066
v 20.251938 37.156097 0.840969
v 20.644346 37.326885 0.839512
v 20.283762 37.627113 0.805751
v 20.400816 37.162323 0.841103
v 20.470728 36.986000 0.842770
v 20.269333 35.932594 0.840356
v 20.614700 36.485790 0.840844
v 20.757872 36.465187 0.841840
v 21.108101 36.677498 0.838200
v 20.968956 36.959782 0.815161
v 21.122858 36.746296 0.796939
v 20.816387 36.299370 0.841859
v 21.159401 36.054615 0.783894
v 21.163145 35.201942 0.836516
v 20.985413 35.443134 0.840666
v 20.533018 35.830063 0.840161
v 20.974346 35.400696 0.872936
v 20.469593 35.812695 0.870512
v 20.160736 35.957413 0.852720
v 19.713837 36.057415 0.861490
v 18.963079 37.077980 0.841549
v 18.779564 37.195351 0.841892
v 18.214497 36.976616 0.840986
v 18.521488 37.344872 0.836494
v 18.063072 36.683327 0.837314
v 18.672264 36.973621 0.842115
v 18.099945 36.864777 0.772774
v 17.988876 36.746731 0.785528
v 17.993977 36.359505 0.833940
v 18.038773 35.354572 0.837040
v 17.988775 35.348694 0.792604
v 17.969425 35.166893 0.859990
v 18.190207 35.408730 0.874768
v 18.617882 35.814636 0.837391
v 18.678177 35.807777 0.872724
v 18.349686 36.341709 0.852096
v 18.409809 36.476852 0.848333
v 18.535513 36.468712 0.841306
v 18.922512 35.913208 0.839037
v 18.851629 35.904396 0.877379
v 18.986425 35.953697 0.859040
v 19.233921 36.025555 0.874355
v 20.268948 41.771660 -0.749247
v 20.305588 41.761272 -0.669347
v 19.739189 41.772110 -0.739868
v 19.762121 41.736290 -0.567931
v 19.737801 41.812790 -0.635324
v 19.711739 41.793701 -0.593976
v 19.625452 41.761475 -0.549236
v 19.426167 41.806625 -0.612975
v 19.459553 41.759418 -0.553599
v 19.380020 41.745518 -0.589414
v 19.421490 41.773937 -0.749311
v 18.852856 41.772621 -0.748719
v 18.865082 41.745426 -0.595152
v 18.895601 41.664055 -0.433154
v 19.089100 41.518692 -0.258788
v 19.261198 41.665459 -0.430463
v 18.855291 41.492393 -0.242352
v 18.907436 41.300407 -0.075764
v 19.113258 41.537918 -0.026084
v 19.376232 41.732639 -0.026657
v 19.612057 41.764977 -0.061891
v 19.749151 41.738846 -0.023070
v 19.907354 41.661255 -0.425488
v 19.965853 41.615711 -0.066260
v 20.223709 41.316910 -0.025793
v 20.072771 41.516861 -0.258503
v 20.259058 41.292713 -0.073652
v 20.304949 41.582470 -0.333239
v 20.271910 41.707893 -0.514109
v 17.090065 34.195244 0.790792
v 17.068443 34.120018 0.634481
v 17.449150 34.181221 0.726197
v 17.446968 34.195671 0.830923
v 17.087311 34.151901 0.852257
v 17.049957 34.086823 0.829013
v 17.187275 33.417809 0.499607
v 17.097244 33.995781 0.859220
v 17.415920 33.989910 0.855556
v 17.428047 34.115322 0.863617
v 17.421333 33.414143 0.500554
v 17.451492 34.035763 0.910947
v 17.183941 33.570343 0.295658
v 17.447281 33.566261 0.284356
v 17.447163 34.104519 0.616960
v 21.842983 33.867683 -0.566141
v 21.948307 33.805977 -0.251574
v 21.701481 33.844398 -0.499863
v 21.730505 33.887405 -0.558751
v 21.848759 33.887337 -0.749626
v 22.041227 33.794003 -0.197229
v 22.084364 33.867996 -0.743010
v 22.096930 33.724777 -0.749781
v 22.092171 33.780453 -0.269809
v 22.098024 33.648968 -0.249663
v 22.092436 33.519287 0.329754
v 22.097918 33.392147 0.282891
v 22.024706 33.564281 0.295118
v 22.051872 33.088615 0.900641
v 22.093515 32.787102 1.160550
v 22.031717 32.445717 1.464971
v 22.082632 32.079220 1.707237
v 22.092585 31.961042 1.605429
v 22.100437 32.379105 1.321451
v 22.097012 32.976715 0.793015
v 22.206156 32.969330 0.795200
v 22.243916 32.434811 1.263753
v 22.214514 33.388893 0.269251
v 22.246857 33.187668 0.498756
v 22.242903 31.795647 -0.745398
v 22.246683 33.571289 -0.131889
v 22.203657 33.640671 -0.241942
v 22.245333 33.716034 -0.747604
v 22.240326 31.788628 1.599576
v 22.224129 31.964087 1.596234
v 22.111343 31.787199 1.600857
v 22.064648 31.750036 1.744154
v 22.047483 32.062767 1.753559
v 21.802401 32.437462 1.471321
v 21.706278 33.077103 0.910944
v 21.701437 32.560036 1.387180
v 21.700413 33.416988 0.506936
v 21.955084 33.413403 0.497601
v 21.968479 33.610046 0.317900
v 21.707561 33.568665 0.285821
v 21.702322 33.671074 0.065206
v 21.927608 33.664909 0.073572
v 21.860001 33.713772 0.070700
v 21.899353 33.725597 0.039889
v 21.906193 33.844440 -0.224216
v 21.702066 33.810143 -0.241262
v 17.447281 33.566261 0.284356
v 17.274487 33.675934 0.060706
v 17.441811 33.681252 0.068602
v 17.053116 33.693115 0.009066
v 17.183941 33.570343 0.295658
v 17.060856 33.479767 0.411674
v 17.187275 33.417809 0.499607
v 17.421333 33.414143 0.500554
v 17.080910 33.079800 0.909473
v 17.422842 33.081024 0.910445
v 17.084213 32.454330 1.458249
v 17.051540 32.648571 1.276552
v 17.047272 33.392921 0.280971
v 17.043915 32.958801 0.811237
v 17.044947 32.373180 1.324742
v 17.053715 31.957607 1.619195
v 17.081291 32.047394 1.737453
v 17.126949 31.928398 1.764239
v 17.357368 32.443924 1.474010
v 17.434376 32.536495 1.400576
v 17.449642 33.078526 0.959171
v 17.078960 31.749937 1.742083
v 17.031364 31.784950 1.602214
v 16.905380 31.788366 1.591773
v 16.910225 31.964317 1.591551
v 16.902689 31.816624 -0.749822
v 16.898933 33.717308 -0.720184
v 16.898815 33.493988 0.081489
v 16.900389 32.803280 0.961423
v 16.929205 33.391014 0.272952
v 16.929424 33.639462 -0.240031
v 17.047674 33.642677 -0.236183
v 17.047674 33.725075 -0.749944
v 17.054989 33.805786 -0.276962
v 17.054672 33.876625 -0.746310
v 17.308510 33.859596 -0.567330
v 17.444439 33.808952 -0.264171
v 17.243025 33.819214 -0.232796
v 17.260456 33.880772 -0.739478
v 17.248878 33.711761 0.017627
v 17.444286 33.851315 -0.535329
v 17.981752 37.442268 -0.579663
v 17.952951 37.433300 -0.611539
v 17.977608 37.579643 -0.713456
v 17.981817 36.059906 -0.585355
v 17.873886 36.048996 -0.589565
v 17.882507 36.180626 -0.608869
v 17.949472 36.102020 -0.611319
v 17.668453 37.427742 -0.611701
v 17.618683 37.564934 -0.690879
v 17.617775 37.581345 -0.748412
v 17.898733 36.074989 -0.749963
v 17.985123 36.968193 0.147983
v 17.959888 36.957466 0.110028
v 17.970749 37.081963 0.081146
v 17.985470 35.935822 -0.138356
v 17.859570 35.973816 -0.178273
v 17.946281 35.976562 -0.171093
v 17.668171 36.955841 0.108021
v 17.860413 36.032185 -0.402294
v 17.666128 37.023743 -0.119647
v 17.972855 36.035423 -0.410540
v 17.958996 37.004623 -0.129516
v 17.961464 37.103836 -0.052204
v 17.640709 37.125984 0.025265
v 17.974867 37.129402 0.020565
v 17.655312 37.063477 0.084953
v 17.985123 36.968193 0.147983
v 17.985641 37.048061 0.226647
v 17.985687 36.462532 0.437560
v 17.983438 36.413612 0.286873
v 17.985470 35.935822 -0.138356
v 17.970749 37.081963 0.081146
v 17.974867 37.129402 0.020565
v 17.984383 37.257786 0.012535
v 17.961464 37.103836 -0.052204
v 17.983809 36.997276 -0.183437
v 17.958996 37.004623 -0.129516
v 17.972855 36.035423 -0.410540
v 17.981817 36.059906 -0.585355
v 17.982464 37.714966 -0.293739
v 17.981752 37.442268 -0.579663
v 17.977608 37.579643 -0.713456
v 17.983805 37.861294 -0.749792
v 18.025917 37.814079 -0.449603
v 18.015057 37.714432 -0.203597
v 18.023750 37.574654 0.022277
v 17.983730 37.372650 0.277302
v 17.985832 36.949509 0.652255
v 17.988876 36.746731 0.785528
v 17.974091 36.306095 0.452779
v 17.986446 35.821217 0.207296
v 17.988775 35.348694 0.792604
v 17.993977 36.359505 0.833940
v 17.963690 35.442131 0.602355
v 17.969425 35.166893 0.859990
v 17.961369 35.807533 0.146805
v 21.183914 35.809647 0.145012
v 21.187828 35.399040 0.647187
v 21.160954 35.840183 0.200070
v 21.163145 35.201942 0.836516
v 21.159401 36.054615 0.783894
v 21.159861 36.634804 0.803780
v 21.171986 36.303329 0.453552
v 21.168627 36.468925 0.440582
v 21.161568 36.448044 0.278027
v 21.164673 36.984268 0.119871
v 21.160389 35.912254 -0.109459
v 21.186764 35.981926 -0.168085
v 21.163246 37.635315 -0.053111
v 21.166161 37.137711 0.028463
v 21.171200 37.039448 -0.120590
v 21.169165 36.028969 -0.411654
v 21.164263 36.059525 -0.583278
v 21.164080 37.443207 -0.573687
v 21.194279 36.090286 -0.612033
v 21.188616 37.426407 -0.612204
v 21.173538 37.560181 -0.683205
v 21.162771 37.859772 -0.748190
v 21.150700 37.619820 -0.749840
v 21.143860 37.775093 -0.344103
v 21.138397 37.831154 -0.555736
v 21.154305 37.349453 0.296275
v 21.133423 36.961357 0.643091
v 21.122858 36.746296 0.796939
v 21.108101 36.677498 0.838200
v 19.638483 44.272179 -0.752348
v 19.739189 41.772110 -0.739868
v 19.628553 44.545288 -0.708640
v 19.737801 41.812790 -0.635324
v 19.711739 41.793701 -0.593976
v 19.575720 44.196362 -0.683612
v 19.535320 44.475548 -0.700380
v 19.537937 44.549458 -0.748592
v 19.514690 44.193005 -0.725859
v 19.421490 41.773937 -0.749311
v 19.507345 43.949329 -0.676172
v 19.426167 41.806625 -0.612975
v 19.474152 41.894981 -0.594890
v 21.164263 36.059525 -0.583278
v 21.242998 36.054237 -0.616869
v 21.169165 36.028969 -0.411654
v 21.194279 36.090286 -0.612033
v 21.283329 36.025261 -0.406613
v 21.672344 35.999329 -0.281908
v 21.320681 36.000679 -0.285275
v 21.285137 35.972187 -0.175161
v 21.384897 35.894073 -0.063586
v 21.160389 35.912254 -0.109459
v 21.186764 35.981926 -0.168085
v 21.181417 35.900711 -0.031541
v 21.339312 35.918495 -0.016228
v 21.338999 35.808582 0.140533
v 21.187828 35.399040 0.647187
v 21.674936 35.775238 0.182747
v 21.183914 35.809647 0.145012
v 21.673855 35.398438 0.650096
v 21.702860 35.940407 -0.226812
v 21.703501 35.662621 0.308828
v 21.697319 34.938522 1.053966
v 21.697664 34.619370 1.195144
v 21.646534 34.674644 1.244360
v 21.695841 34.567207 1.312926
v 21.697393 34.424263 1.323792
v 21.639256 34.567741 1.372239
v 21.689426 33.729733 1.369455
v 21.700096 35.012894 0.497966
v 21.700096 34.774651 0.422553
v 21.699608 34.127464 0.635070
v 21.711273 34.202755 0.831488
v 21.698969 34.004536 0.865367
v 21.698494 32.851627 1.320213
v 21.700413 33.416988 0.506936
v 21.651997 32.698021 1.376693
v 21.706278 33.077103 0.910944
v 21.701437 32.560036 1.387180
v 21.702322 33.671074 0.065206
v 21.707561 33.568665 0.285821
v 21.722620 34.853416 0.398366
v 21.712732 35.007202 0.372537
v 21.708570 35.080780 0.309521
v 21.700851 35.216999 0.284386
v 21.708826 35.087242 0.246857
v 21.701571 34.989693 0.062795
v 21.702066 33.810143 -0.241262
v 21.701481 33.844398 -0.499863
v 21.703079 35.562904 -0.521266
v 21.730505 33.887405 -0.558751
v 21.708075 35.720715 -0.748718
v 21.702515 36.073875 -0.748777
v 21.254211 36.073624 -0.749895
v 21.468361 34.841042 1.138248
v 21.163145 35.201942 0.836516
v -44.671288 31.721464 1.963189
v -44.558197 31.818312 1.832924
v -44.428085 31.700367 1.592739
v -47.817329 0.053987 1.955482
v -48.002678 0.227554 1.962906
v -47.925621 -0.010188 1.816891
v -16.608055 9.560015 2.305637
v -16.813105 9.472238 2.194275
v -16.735254 9.438471 2.298834
v -47.696609 41.732639 -0.026657
v -47.460785 41.764977 -0.061891
v -47.323685 41.738846 -0.023070
vn -1.0000 -0.0000 -0.0000
vn -0.0000 -0.0000 -1.0000
vn 1.0000 -0.0000 -0.0000
vn -0.0000 -0.0000 1.0000
vn -0.0000 -1.0000 -0.0000
vn -0.0000 1.0000 -0.0000
vn 0.8643 -0.5025 0.0218
vn 0.8677 -0.4970 0.0025
vn 0.8743 -0.4787 -0.0799
vn 0.8662 -0.4997 -0.0012
vn 0.8656 -0.5006 0.0071
vn 0.8521 -0.5089 0.1222
vn 0.8665 -0.4992 -0.0000
vn 0.8325 -0.4939 0.2512
vn 0.8237 -0.5439 0.1603
vn 0.4604 -0.5225 0.7176
vn 0.7079 -0.3179 0.6308
vn 0.8674 -0.4946 0.0545
vn 0.8684 -0.4956 0.0136
vn 0.8676 -0.4956 0.0418
vn 0.8452 -0.5313 -0.0586
vn 0.8673 -0.4975 0.0156
vn 0.8673 -0.4976 0.0118
vn 0.8732 -0.4799 0.0851
vn 0.8552 -0.5182 0.0010
vn 0.8650 -0.5019 -0.0000
vn 0.7870 -0.6169 0.0021
vn 0.6761 -0.7131 0.1853
vn 0.7373 -0.5166 0.4354
vn 0.8684 -0.4924 0.0580
vn -0.9962 -0.0004 0.0867
vn -0.8364 -0.0004 0.5481
vn -0.8790 0.0005 0.4768
vn -0.9961 0.0002 0.0882
vn -0.9974 -0.0130 0.0711
vn -1.0000 0.0037 0.0021
vn -0.9997 0.0224 -0.0131
vn -0.9279 -0.0558 -0.3685
vn -0.9945 0.0565 -0.0878
vn -0.9865 0.1635 -0.0053
vn -0.9354 0.0483 -0.3503
vn -0.9464 0.2575 0.1948
vn -0.9864 0.0086 0.1640
vn -1.0000 -0.0001 -0.0054
vn -0.8697 -0.0236 0.4930
vn -0.9932 0.0943 0.0686
vn -0.7652 0.5017 0.4035
vn -0.9743 0.0298 0.2233
vn -0.9415 0.0002 0.3369
vn -0.7049 0.2324 0.6702
vn -0.9999 -0.0008 -0.0152
vn -0.8514 0.2613 0.4548
vn -1.0000 -0.0002 0.0001
vn -1.0000 -0.0000 0.0061
vn -0.9566 -0.0044 -0.2913
vn -0.9625 -0.2642 0.0610
vn -0.8538 -0.2113 -0.4758
vn -0.9472 -0.0385 -0.3184
vn -0.9998 -0.0073 -0.0165
vn -0.7929 -0.0550 -0.6069
vn -0.9995 -0.0081 0.0300
vn -0.6778 -0.2789 -0.6803
vn -0.6631 -0.4749 -0.5786
vn -0.8065 -0.5350 -0.2516
vn -0.8436 -0.5366 -0.0196
vn -0.8857 -0.0038 0.4643
vn -0.6960 -0.0014 0.7180
vn -0.6610 0.2919 0.6913
vn -0.9829 -0.0016 -0.1843
vn -0.9999 0.0016 -0.0125
vn -0.9987 -0.0032 -0.0510
vn -0.8266 0.2396 0.5092
vn -0.8138 -0.2986 0.4985
vn -0.9156 -0.1302 0.3804
vn -0.9998 -0.0001 -0.0180
vn -0.6284 0.0121 -0.7778
vn 0.5010 -0.0040 0.8654
vn 0.5858 0.0462 0.8091
vn 0.4709 0.0013 0.8822
vn 0.0841 0.0060 0.9964
vn 0.0661 -0.0005 0.9978
vn 0.4697 0.0919 0.8780
vn 0.3210 0.0230 0.9468
vn 0.0205 -0.0004 0.9998
vn 0.2608 0.0410 0.9645
vn 0.6732 0.0934 0.7335
vn 0.7652 -0.0420 0.6424
vn 0.2723 -0.0086 0.9622
vn 0.2249 0.0400 0.9736
vn 0.8290 0.1628 0.5350
vn -0.0658 0.0720 0.9952
vn -0.0036 -0.0037 1.0000
vn -0.3364 0.0931 0.9371
vn 0.0668 -0.0744 0.9950
vn -0.4688 0.0530 0.8817
vn -0.7095 0.1990 0.6760
vn -0.7536 0.2541 0.6062
vn 0.0611 -0.0102 0.9981
vn -0.3758 -0.0475 0.9255
vn -0.1790 -0.0686 0.9815
vn 0.0674 0.0746 0.9949
vn 0.2293 0.2065 0.9512
vn -0.0804 -0.0914 0.9926
vn 0.2322 -0.2046 0.9509
vn -0.2134 -0.2151 0.9530
vn -0.2189 0.2120 0.9524
vn 0.0816 0.0847 0.9931
vn 0.0849 -0.0869 0.9926
vn 0.3498 0.3111 0.8836
vn 0.5080 0.0282 0.8609
vn -0.3446 0.3028 0.8886
vn -0.0957 0.0948 0.9909
vn 0.7093 -0.0330 0.7042
vn 0.8242 0.0486 0.5643
vn 0.7151 0.0375 0.6980
vn 0.5201 0.5560 0.6484
vn 0.6076 -0.5823 0.5402
vn 0.2722 -0.4479 0.8516
vn 0.3300 0.2661 0.9057
vn -0.4679 -0.5215 0.7135
vn -0.5547 -0.5453 0.6284
vn 0.3646 -0.3798 0.8502
vn 0.2271 -0.2026 0.9526
vn -0.1630 -0.1906 0.9680
vn 0.0949 0.1625 0.9821
vn -0.2477 0.2176 0.9441
vn -0.4863 0.5581 0.6723
vn -0.0877 -0.0929 0.9918
vn -0.3052 -0.2676 0.9139
vn -0.3384 0.0011 0.9410
vn -0.1781 0.0096 0.9840
vn 0.0696 -0.0768 0.9946
vn -0.0714 -0.0786 0.9943
vn -0.0104 0.0001 0.9999
vn -0.0222 0.0004 0.9998
vn -0.0201 -0.2245 0.9743
vn -0.0608 -0.3649 0.9291
vn -0.0537 0.0004 0.9986
vn 0.0661 0.0726 0.9952
vn 0.3188 -0.0830 0.9442
vn -0.0701 0.0811 0.9942
vn -0.0264 -0.1990 0.9796
vn 0.2306 -0.2226 0.9472
vn 0.2205 0.2057 0.9535
vn -0.2299 0.2261 0.9466
vn -0.2508 0.0159 0.9679
vn -0.0631 0.0130 0.9979
vn -0.3728 0.0247 0.9276
vn -0.2482 -0.2275 0.9416
vn -0.1226 -0.0841 0.9889
vn -0.0058 -0.5519 0.8339
vn 0.0042 -0.2757 0.9612
vn -0.3521 -0.3253 0.8776
vn -0.0994 0.1083 0.9891
vn -0.3218 0.3037 0.8968
vn -0.5773 0.3934 0.7155
vn -0.0198 0.7603 0.6493
vn -0.4963 -0.5677 0.6568
vn 0.3232 0.3099 0.8941
vn 0.0861 0.0987 0.9914
vn 0.4582 0.4976 0.7365
vn -0.2469 0.2539 0.9352
vn 0.1953 0.1949 0.9612
vn -0.2398 -0.2169 0.9463
vn 0.2328 -0.2184 0.9477
vn 0.4994 -0.5573 0.6633
vn 0.0038 -0.8217 0.5699
vn 0.3467 -0.3236 0.8804
vn 0.8700 0.0034 0.4931
vn 0.0078 -0.6627 0.7489
vn 0.0913 -0.1011 0.9907
vn 0.5489 -0.4794 0.6847
vn 0.4406 0.0011 0.8977
vn -0.2060 -0.2611 0.9431
vn -0.1827 -0.5568 0.8103
vn 0.0011 -0.0317 0.9995
vn -0.2099 -0.6875 0.6952
vn -0.1327 -0.6308 0.7645
vn -0.2682 -0.8856 0.3792
vn -0.1867 -0.6101 0.7700
vn -0.0123 -0.8144 0.5802
vn -0.0262 -0.3153 0.9486
vn -0.3930 -0.3862 0.8345
vn 0.3851 -0.7606 0.5227
vn 0.5880 0.0062 0.8088
vn 0.8899 0.0866 0.4479
vn 0.8285 0.0589 0.5569
vn 0.7635 -0.2002 0.6141
vn 0.7307 -0.2577 0.6322
vn 0.0905 0.0007 0.9959
vn -0.5159 0.0262 0.8563
vn -0.4900 -0.2213 0.8432
vn -0.3667 -0.2142 0.9054
vn -0.8004 -0.0675 0.5956
vn -0.6661 -0.1959 0.7197
vn 0.9956 -0.0908 0.0250
vn 0.9996 -0.0292 0.0019
vn 0.9992 -0.0376 0.0104
vn 0.9861 -0.1555 -0.0589
vn 0.9745 -0.2241 -0.0087
vn 0.8891 -0.4553 -0.0475
vn 0.7233 -0.6883 -0.0557
vn 0.8242 -0.5360 -0.1825
vn 1.0000 -0.0002 0.0056
vn 0.9560 0.0260 0.2923
vn 0.8607 0.0972 -0.4998
vn 0.8855 0.1805 -0.4281
vn 0.3179 0.2679 -0.9095
vn 0.6399 -0.0380 -0.7675
vn 0.9658 -0.0780 -0.2473
vn 0.7719 -0.2634 -0.5786
vn 0.9218 -0.1464 -0.3589
vn 0.9720 -0.0124 -0.2348
vn 0.9994 0.0004 -0.0343
vn 0.7446 0.0004 -0.6675
vn 0.9996 0.0290 -0.0054
vn 0.9960 0.0126 0.0881
vn 0.9255 -0.0598 0.3739
vn 0.9774 -0.0483 0.2059
vn 0.9975 0.0694 -0.0115
vn 0.8300 -0.0496 0.5555
vn 0.8985 -0.3559 0.2568
vn 0.9928 -0.0002 0.1199
vn 0.8371 0.0003 0.5471
vn 0.9935 0.0109 0.1130
vn 0.9101 0.0534 0.4110
vn 0.9521 0.0230 0.3050
vn 0.9841 0.0547 0.1691
vn 0.9269 0.0409 0.3732
vn 0.9583 -0.0106 0.2857
vn 0.6360 0.0383 0.7707
vn 0.8059 0.0779 0.5869
vn 0.9991 -0.0005 0.0419
vn 0.1387 0.9681 0.2088
vn 0.6700 0.7424 -0.0016
vn 0.7003 0.7139 -0.0002
vn 0.2024 0.9793 -0.0000
vn -0.3824 0.9240 0.0004
vn -0.3939 0.8272 0.4006
vn -0.5088 0.8417 0.1807
vn -0.7126 0.7016 0.0007
vn -0.7197 0.6673 0.1915
vn -0.2568 0.7437 0.6173
vn -0.0003 0.7926 0.6098
vn -0.0001 -1.0000 0.0001
vn -0.0035 -0.9999 -0.0130
vn 0.0002 -0.9995 0.0310
vn -0.0012 -1.0000 -0.0040
vn -0.0002 -0.9932 0.1163
vn -0.0089 -0.9990 -0.0429
vn -0.0342 -0.9994 0.0023
vn -0.0186 -0.9998 0.0013
vn -0.0011 -1.0000 0.0003
vn 0.0016 -0.9999 -0.0117
vn -0.0024 -0.9839 -0.1786
vn 0.3801 -0.9028 0.2010
vn -0.0075 -0.9174 -0.3980
vn 0.0045 -0.9964 -0.0852
vn 0.0378 -0.9448 -0.3256
vn 0.0080 -0.9994 -0.0349
vn 0.4395 -0.8982 -0.0040
vn 0.0364 -0.9970 -0.0689
vn -0.0173 -0.9934 -0.1135
vn -0.0266 -0.9158 -0.4007
vn -0.0555 -0.9494 -0.3092
vn 0.7318 -0.6811 0.0240
vn 0.8245 -0.5642 0.0424
vn 0.7224 -0.6912 0.0172
vn 0.2880 -0.8779 0.3825
vn -0.0014 -0.9015 0.4328
vn 0.0015 -0.9250 0.3801
vn 0.2721 -0.9374 -0.2174
vn -0.0031 -0.2766 -0.9610
vn 0.7110 -0.5302 -0.4619
vn -0.0157 -0.0440 -0.9989
vn -0.0923 -0.1893 -0.9776
vn -0.0909 -0.8309 0.5490
vn -0.1448 -0.1916 -0.9707
vn -0.1872 -0.4484 -0.8740
vn 0.0213 -0.4871 -0.8731
vn -0.0165 -0.2086 -0.9779
vn -0.0036 0.0704 -0.9975
vn 0.0431 -0.2585 -0.9651
vn 0.0174 -0.6350 -0.7723
vn 0.0929 -0.3764 -0.9218
vn 0.0016 -0.0316 -0.9995
vn 0.0069 -0.0026 -1.0000
vn -0.0029 -0.0006 -1.0000
vn 0.1710 0.0004 -0.9853
vn -0.2784 0.0905 -0.9562
vn -0.1279 0.0403 -0.9910
vn -0.7931 0.0205 -0.6087
vn -0.8795 0.0088 -0.4759
vn -0.6145 0.0708 -0.7857
vn -0.9002 -0.0320 0.4344
vn -0.6204 0.0021 -0.7843
vn -0.3282 -0.1129 -0.9378
vn -0.7863 -0.3504 -0.5089
vn -0.3221 -0.3834 -0.8656
vn -0.1584 0.2587 -0.9529
vn -0.2297 0.1119 -0.9668
vn -0.5601 0.2203 -0.7986
vn -0.5350 -0.2459 -0.8083
vn -0.1539 -0.1036 -0.9826
vn -0.3464 -0.5360 -0.7699
vn -0.7038 0.1363 -0.6972
vn -0.4081 0.0833 -0.9091
vn -0.3498 -0.1735 -0.9206
vn -0.0801 0.0306 -0.9963
vn 0.0082 0.0101 -0.9999
vn 0.0833 -0.0106 -0.9965
vn 0.0787 -0.0248 -0.9966
vn -0.0554 -0.0510 -0.9972
vn -0.2199 0.1611 -0.9621
vn -0.2987 -0.0184 -0.9542
vn -0.2056 -0.1608 -0.9653
vn -0.0244 -0.2412 -0.9702
vn 0.0186 0.0242 -0.9995
vn 0.0045 0.0198 -0.9998
vn 0.3382 0.0424 -0.9401
vn 0.2463 0.1622 -0.9555
vn 0.7363 -0.0475 -0.6750
vn 0.6925 0.0834 -0.7166
vn 0.4095 -0.5413 -0.7344
vn 0.2257 0.1663 -0.9599
vn -0.1837 0.1748 -0.9673
vn -0.0218 0.0864 -0.9960
vn 0.0159 -0.0002 -0.9999
vn 0.2695 -0.0868 -0.9591
vn 0.1497 0.0190 -0.9885
vn -0.0733 0.0542 -0.9958
vn 0.5448 -0.0227 -0.8383
vn -0.9962 -0.0004 0.0868
vn -0.9961 0.0002 0.0881
vn -0.8697 -0.0236 0.4931
vn -0.9932 0.0943 0.0685
vn -0.8690 0.2595 0.4212
vn -0.8856 -0.4582 0.0759
vn -0.8329 -0.2079 -0.5130
vn -0.9472 -0.0386 -0.3183
vn -0.9998 -0.0073 -0.0166
vn -0.6453 -0.3009 -0.7022
vn -0.8635 -0.4368 -0.2522
vn -0.7517 -0.4140 -0.5134
vn -0.5169 -0.8561 0.0009
vn -0.8349 -0.0041 0.5504
vn -0.7179 0.2945 0.6307
vn -0.4027 -0.0018 0.9153
vn -0.9829 -0.0016 -0.1842
vn 0.0650 -0.0005 0.9979
vn 0.4733 0.0644 0.8786
vn 0.6733 0.0934 0.7335
vn 0.7652 -0.0420 0.6425
vn 0.2226 0.0614 0.9730
vn 0.8332 0.1179 0.5403
vn 0.8109 -0.2145 0.5445
vn -0.0658 0.0718 0.9952
vn -0.3363 0.0931 0.9371
vn 0.0668 -0.0747 0.9950
vn 0.0674 0.0749 0.9949
vn 0.2294 0.2071 0.9510
vn -0.0804 -0.0912 0.9926
vn -0.2133 -0.2144 0.9532
vn 0.2322 -0.2053 0.9508
vn 0.0817 0.0852 0.9930
vn -0.2188 0.2113 0.9526
vn -0.0957 0.0944 0.9909
vn 0.7092 -0.0330 0.7042
vn 0.3504 0.3129 0.8828
vn 0.8242 0.0485 0.5643
vn 0.5206 0.5736 0.6324
vn 0.6062 -0.5752 0.5492
vn 0.2715 -0.4424 0.8547
vn 0.3345 0.2960 0.8947
vn -0.4672 -0.5305 0.7073
vn 0.3646 -0.3797 0.8502
vn 0.2292 -0.2027 0.9520
vn -0.1610 -0.1909 0.9683
vn 0.0929 0.1627 0.9823
vn -0.2492 0.2023 0.9471
vn -0.4905 0.5506 0.6754
vn -0.3465 0.3014 0.8883
vn -0.5542 -0.5500 0.6248
vn 0.0695 -0.0762 0.9947
vn -0.0714 -0.0792 0.9943
vn 0.2304 -0.2211 0.9476
vn -0.2483 -0.2294 0.9411
vn 0.0913 -0.1014 0.9906
vn 0.0054 -0.2751 0.9614
vn 0.0855 -0.6548 0.7510
vn -0.0581 -0.5566 0.8287
vn 0.0102 -0.8189 0.5738
vn 0.3465 -0.3252 0.8799
vn -0.3522 -0.3253 0.8776
vn 0.4994 -0.5576 0.6631
vn -0.4965 -0.5675 0.6569
vn 0.2331 -0.2191 0.9474
vn -0.5772 0.3934 0.7156
vn -0.2397 -0.2161 0.9465
vn -0.2471 0.2539 0.9351
vn 0.3232 0.3104 0.8940
vn -0.3217 0.3033 0.8969
vn 0.0861 0.0988 0.9914
vn -0.0993 0.1081 0.9892
vn 0.3199 -0.0875 0.9434
vn 0.5623 -0.4746 0.6772
vn 0.7195 -0.2523 0.6471
vn -0.0645 0.0130 0.9978
vn 0.8228 0.0106 0.5682
vn 0.4592 0.0438 0.8873
vn -0.1826 -0.5568 0.8103
vn -0.1361 -0.6298 0.7647
vn -0.2010 -0.6051 0.7704
vn 0.3852 -0.7606 0.5226
vn 0.0021 -0.8166 0.5772
vn -0.2261 -0.8991 0.3747
vn 0.6092 0.1695 0.7747
vn 0.8862 0.0514 0.4604
vn -0.6662 -0.1958 0.7196
vn 0.9956 -0.0909 0.0250
vn 1.0000 -0.0002 0.0057
vn 0.9459 0.0590 0.3192
vn 0.8856 0.1805 -0.4281
vn 0.3179 0.2680 -0.9095
vn 0.6013 0.0512 -0.7974
vn 0.9671 -0.0981 -0.2346
vn 0.7459 -0.1416 -0.6509
vn 0.9271 -0.2155 -0.3066
vn 0.9721 -0.0130 -0.2344
vn 0.9994 0.0004 -0.0350
vn 0.7445 0.0004 -0.6676
vn 0.9809 -0.0940 0.1701
vn 0.9961 0.0126 0.0876
vn 0.9376 -0.1196 0.3264
vn 0.9936 0.0109 0.1129
vn 0.9100 0.0534 0.4111
vn 0.8985 -0.3559 0.2569
vn 0.8190 -0.0277 0.5732
vn 0.9582 -0.0106 0.2858
vn 0.8059 0.0779 0.5870
vn 0.9991 -0.0005 0.0420
vn 0.1386 0.9692 0.2038
vn 0.6700 0.7423 -0.0016
vn 0.7002 0.7139 -0.0002
vn -0.3622 0.9321 -0.0004
vn -0.3944 0.8251 0.4045
vn -0.5164 0.8369 0.1816
vn -0.6819 0.7314 -0.0008
vn -0.7362 0.6489 0.1925
vn -0.2570 0.7358 0.6265
vn 0.0002 0.8022 0.5971
vn -0.0343 -0.9994 0.0023
vn -0.0033 -0.9999 -0.0130
vn 0.0001 -0.9995 0.0310
vn -0.0011 -1.0000 -0.0040
vn -0.0002 -0.9935 0.1136
vn 0.0018 -0.9999 -0.0116
vn -0.0023 -0.9839 -0.1786
vn -0.0267 -0.9158 -0.4007
vn 0.8245 -0.5643 0.0424
vn 0.2877 -0.8738 0.3921
vn 0.3803 -0.9017 0.2056
vn -0.0008 -0.9072 0.4207
vn -0.1130 -0.2043 -0.9724
vn -0.0909 -0.8308 0.5491
vn -0.2132 -0.4667 -0.8583
vn -0.0107 -0.2041 -0.9789
vn 0.0477 -0.4663 -0.8833
vn -0.7709 0.0094 -0.6369
vn -0.9233 -0.0711 0.3776
vn -0.6386 0.0826 -0.7651
vn -0.9263 0.0435 -0.3744
vn -0.7863 -0.3503 -0.5089
vn -0.3277 -0.1130 -0.9380
vn -0.3199 -0.3839 -0.8662
vn -0.2325 0.1111 -0.9662
vn -0.1607 0.2588 -0.9525
vn -0.5768 0.2137 -0.7885
vn -0.5291 -0.2429 -0.8130
vn -0.1509 -0.1020 -0.9833
vn -0.3371 -0.5338 -0.7755
vn -0.3348 -0.1721 -0.9265
vn -0.4186 0.0837 -0.9043
vn -0.7185 0.1365 -0.6820
vn 0.2542 0.1676 -0.9525
vn 0.4096 -0.5411 -0.7344
vn 0.7918 -0.0128 -0.6107
vn 0.6739 0.0721 -0.7353
vn 0.3293 0.0375 -0.9435
vn 0.1112 -0.0776 -0.9908
vn 0.0750 0.0024 -0.9972
vn 0.3239 -0.1753 -0.9297
vn 0.1167 0.0683 -0.9908
vn 0.5449 -0.0227 -0.8382
vn 0.0005 -0.9943 0.1065
vn 0.0005 -0.7648 0.6443
vn -0.0006 -0.8202 0.5720
vn -0.0002 -0.9943 0.1065
vn 0.0138 -0.9962 0.0864
vn -0.0045 -1.0000 0.0025
vn -0.0249 -0.9996 -0.0148
vn 0.0557 -0.9074 -0.4166
vn -0.0644 -0.9924 -0.1048
vn -0.1833 -0.9830 -0.0068
vn -0.0495 -0.8978 -0.4376
vn -0.2820 -0.9279 0.2439
vn -0.0096 -0.9785 0.2060
vn 0.0001 -1.0000 -0.0067
vn 0.0249 -0.8483 0.5290
vn -0.0998 -0.9917 0.0807
vn -0.5235 -0.7570 0.3911
vn -0.0342 -0.9624 0.2694
vn -0.0002 -0.9086 0.4176
vn -0.1954 -0.6210 0.7591
vn 0.0009 -0.9998 -0.0193
vn -0.2419 -0.8471 0.4732
vn 0.0002 -1.0000 0.0002
vn -0.0000 -1.0000 0.0074
vn 0.0050 -0.9386 -0.3450
vn 0.4459 -0.8895 0.1000
vn 0.2065 -0.8148 -0.5417
vn 0.0384 -0.9275 -0.3719
vn 0.0077 -0.9998 -0.0164
vn 0.0534 -0.7125 -0.6996
vn 0.0085 -0.9990 0.0432
vn 0.3043 -0.5623 -0.7689
vn 0.4715 -0.8247 -0.3123
vn 0.4221 -0.6812 -0.5982
vn 0.8811 -0.4729 0.0010
vn 0.0043 -0.7780 0.6283
vn -0.2955 -0.6326 0.7159
vn 0.0016 -0.3237 0.9462
vn 0.0018 -0.9718 -0.2357
vn -0.0018 -0.9999 -0.0159
vn 0.0036 -0.9978 -0.0655
vn -0.2298 -0.7646 0.6021
vn 0.2983 -0.7536 0.5857
vn 0.1408 -0.8729 0.4672
vn 0.0001 -0.9997 -0.0231
vn -0.0092 -0.5328 -0.8462
vn 0.0037 0.4109 0.9117
vn -0.0432 0.4930 0.8690
vn -0.0014 0.4431 0.8965
vn -0.0061 0.0738 0.9973
vn 0.0005 0.0600 0.9982
vn -0.0627 0.4080 0.9108
vn -0.0217 0.2672 0.9634
vn 0.0004 0.0161 0.9999
vn -0.0443 0.2304 0.9721
vn -0.0873 0.5777 0.8116
vn 0.0417 0.6781 0.7338
vn 0.0088 0.2295 0.9733
vn -0.0679 0.2140 0.9745
vn -0.1252 0.7621 0.6352
vn 0.2197 0.7384 0.6376
vn -0.0546 -0.0605 0.9967
vn 0.0027 -0.0032 1.0000
vn -0.0860 -0.2816 0.9557
vn 0.0573 0.0619 0.9964
vn -0.0552 -0.3939 0.9175
vn -0.1976 -0.6219 0.7577
vn -0.2549 -0.6722 0.6951
vn 0.0108 0.0315 0.9994
vn 0.0415 -0.3223 0.9457
vn 0.0499 -0.1406 0.9888
vn -0.0573 0.0624 0.9964
vn -0.1870 0.1826 0.9652
vn 0.0733 -0.0727 0.9947
vn 0.1927 -0.1678 0.9668
vn 0.1849 0.1851 0.9652
vn 0.0730 0.0700 0.9949
vn -0.0711 0.0684 0.9951
vn -0.1905 -0.1737 0.9662
vn -0.0797 -0.0788 0.9937
vn 0.0351 0.6544 0.7553
vn -0.2706 0.3106 0.9112
vn -0.0249 0.4175 0.9083
vn -0.0462 0.7593 0.6491
vn -0.0391 0.6568 0.7531
vn -0.5196 0.5036 0.6902
vn 0.5212 0.6198 0.5867
vn 0.4221 0.2518 0.8709
vn -0.2611 0.2798 0.9239
vn 0.4846 -0.4375 0.7575
vn 0.3359 0.3124 0.8886
vn 0.1849 0.1820 0.9657
vn 0.1759 -0.1237 0.9766
vn -0.1497 0.0697 0.9863
vn -0.1840 -0.2001 0.9623
vn -0.5006 -0.4677 0.7285
vn -0.2587 -0.3049 0.9166
vn 0.4875 -0.5202 0.7012
vn 0.2279 -0.2619 0.9378
vn 0.0782 -0.0730 0.9943
vn -0.0012 -0.2762 0.9611
vn -0.0079 -0.1417 0.9899
vn -0.0001 -0.0091 1.0000
vn 0.0581 0.0641 0.9963
vn 0.0607 -0.0661 0.9960
vn 0.1992 0.1835 0.9626
vn -0.0554 0.0608 0.9966
vn -0.1855 0.1746 0.9670
vn 0.2054 -0.1988 0.9583
vn 0.0853 0.0757 0.9935
vn 0.2487 0.0067 0.9686
vn 0.6183 0.0627 0.7834
vn 0.5118 -0.0408 0.8581
vn 0.7726 0.0072 0.6349
vn 0.2814 0.3066 0.9093
vn 0.2809 -0.3113 0.9078
vn 0.5071 0.4785 0.7168
vn 0.5180 -0.4756 0.7110
vn 0.2004 0.1859 0.9619
vn -0.3447 -0.5340 0.7720
vn 0.1975 -0.1918 0.9613
vn -0.2378 -0.2012 0.9503
vn -0.1789 0.1523 0.9720
vn -0.4504 0.4226 0.7865
vn -0.7229 -0.0127 0.6909
vn -0.2680 0.2820 0.9212
vn -0.0036 0.8137 0.5813
vn -0.2620 -0.2781 0.9241
vn -0.0828 0.0719 0.9940
vn -0.2036 -0.1832 0.9618
vn -0.0914 -0.0819 0.9924
vn 0.0712 -0.1003 0.9924
vn -0.0623 -0.0645 0.9960
vn -0.0169 -0.2033 0.9790
vn -0.0198 -0.3065 0.9517
vn 0.0706 0.2644 0.9618
vn 0.5083 0.5298 0.6789
vn 0.2551 0.6444 0.7209
vn 0.2575 0.6329 0.7301
vn -0.0101 -0.0477 0.9988
vn -0.0085 0.7474 0.6643
vn -0.0487 0.4171 0.9075
vn 0.1899 -0.0236 0.9815
vn 0.2199 -0.1526 0.9635
vn 0.5166 -0.1844 0.8361
vn 0.0092 0.0009 1.0000
vn 0.2029 -0.0138 0.9791
vn 0.6266 -0.1625 0.7622
vn 0.5934 -0.1111 0.7972
vn 0.3519 -0.0562 0.9343
vn -0.0003 -0.0418 0.9991
vn 0.5426 -0.1505 0.8264
vn 0.3845 -0.3007 0.8728
vn 0.7414 0.3338 0.5822
vn 0.2683 -0.0570 0.9616
vn 0.7853 -0.0169 0.6189
vn 0.8879 -0.2316 0.3974
vn -0.2043 0.5967 0.7760
vn -0.0563 0.8307 0.5539
vn -0.0006 0.0729 0.9973
vn -0.0004 -0.0187 0.9998
vn -0.0245 -0.4246 0.9051
vn 0.2159 -0.4010 0.8903
vn 0.1993 -0.3278 0.9235
vn 0.0731 -0.7194 0.6907
vn 0.1939 -0.5750 0.7948
vn 0.1020 0.9943 0.0321
vn 0.0350 0.9994 0.0026
vn 0.0416 0.9990 0.0132
vn 0.1686 0.9831 -0.0716
vn 0.2512 0.9679 -0.0110
vn 0.4808 0.8746 -0.0627
vn 0.7295 0.6808 -0.0661
vn 0.5836 0.7822 -0.2180
vn 0.0002 1.0000 0.0070
vn -0.0605 0.9268 0.3706
vn -0.0954 0.8482 -0.5211
vn -0.1678 0.8606 -0.4809
vn -0.2149 0.2637 -0.9404
vn -0.0454 0.5039 -0.8626
vn 0.1042 0.9549 -0.2781
vn 0.1434 0.6596 -0.7378
vn 0.2280 0.8987 -0.3746
vn 0.0141 0.9584 -0.2852
vn -0.0004 0.9991 -0.0417
vn -0.0004 0.6553 -0.7554
vn 0.1033 0.9730 0.2065
vn -0.0142 0.9940 0.1082
vn -0.0325 0.9994 -0.0069
vn -0.0781 0.9968 -0.0148
vn 0.1260 0.9128 0.3885
vn 0.0002 0.9894 0.1454
vn -0.0116 0.9901 0.1401
vn -0.0570 0.8633 0.5014
vn -0.0251 0.9243 0.3807
vn -0.0003 0.7656 0.6434
vn 0.3909 0.8660 0.3120
vn 0.0336 0.7455 0.6656
vn -0.0554 0.9786 0.1984
vn -0.0376 0.9059 0.4218
vn 0.0108 0.9371 0.3488
vn -0.0416 0.5416 0.8396
vn -0.0807 0.7264 0.6825
vn 0.0005 0.9986 0.0526
vn -0.9679 0.1590 0.1948
vn -0.7800 0.6257 -0.0019
vn -0.7539 0.6570 -0.0002
vn -0.9757 0.2191 -0.0000
vn -0.9390 -0.3438 -0.0005
vn -0.8106 -0.3723 0.4520
vn -0.8354 -0.4983 0.2318
vn -0.7696 -0.6385 -0.0009
vn -0.6901 -0.6933 0.2074
vn -0.6917 -0.2428 0.6802
vn -0.7618 0.0002 0.6479
vn 0.9995 -0.0305 0.0026
vn 0.9999 -0.0031 -0.0140
vn 0.9999 -0.0160 0.0014
vn 1.0000 -0.0001 0.0001
vn 0.9997 0.0001 0.0249
vn 1.0000 -0.0007 -0.0033
vn 0.9988 -0.0079 -0.0490
vn 0.9937 -0.0001 0.1123
vn 1.0000 -0.0009 0.0003
vn 1.0000 0.0012 -0.0095
vn 0.9779 -0.0030 -0.2091
vn 0.8959 -0.0069 -0.4442
vn 0.9958 0.0065 -0.0910
vn 0.9267 0.0400 -0.3736
vn 0.9978 0.0250 -0.0619
vn 0.8903 -0.0342 -0.4540
vn 0.9394 -0.0453 -0.3399
vn 0.9931 -0.0139 -0.1165
vn 0.9992 0.0112 -0.0383
vn 0.9050 0.4253 -0.0037
vn 0.7169 0.6964 0.0341
vn 0.6099 0.7909 0.0493
vn 0.7272 0.6861 0.0217
vn 0.8491 0.3166 0.4227
vn 0.9029 0.3630 0.2302
vn 0.8836 -0.0007 0.4682
vn 0.9051 0.0013 0.4251
vn 0.9376 0.2339 -0.2574
vn 0.2252 0.0010 -0.9743
vn 0.5113 0.7679 -0.3858
vn 0.0394 -0.0148 -0.9991
vn 0.1745 -0.0999 -0.9796
vn 0.7845 -0.0777 0.6152
vn 0.1627 -0.1013 -0.9815
vn 0.4334 -0.1746 -0.8842
vn 0.1857 -0.0088 -0.9826
vn 0.4216 0.0420 -0.9058
vn -0.0736 -0.0029 -0.9973
vn 0.2356 0.0424 -0.9709
vn 0.5886 0.0059 -0.8084
vn 0.3274 0.0668 -0.9425
vn 0.0224 0.0007 -0.9997
vn 0.0021 0.0072 -1.0000
vn 0.0005 -0.0022 -1.0000
vn -0.0003 0.1338 -0.9910
vn -0.0789 -0.2304 -0.9699
vn -0.0442 -0.1156 -0.9923
vn -0.0106 -0.6848 -0.7287
vn 0.0807 -0.9504 0.3005
vn -0.0935 -0.6190 -0.7798
vn -0.0473 -0.8874 -0.4586
vn -0.0038 -0.5389 -0.8424
vn 0.3786 -0.7163 -0.5862
vn 0.0936 -0.2750 -0.9569
vn 0.4047 -0.2951 -0.8655
vn -0.0848 -0.1895 -0.9782
vn -0.2510 -0.1355 -0.9585
vn -0.2163 -0.4787 -0.8509
vn 0.2476 -0.4326 -0.8669
vn 0.0737 -0.1245 -0.9895
vn 0.4793 -0.2979 -0.8255
vn 0.1643 -0.2797 -0.9459
vn -0.0852 -0.3707 -0.9248
vn -0.1273 -0.6294 -0.7666
vn -0.1426 -0.1760 -0.9740
vn -0.0228 -0.0616 -0.9978
vn 0.0133 -0.2304 -0.9730
vn 0.0383 -0.0487 -0.9981
vn 0.1541 -0.1546 -0.9759
vn 0.2311 -0.0211 -0.9727
vn -0.0174 0.0040 -0.9998
vn -0.1611 0.2143 -0.9634
vn 0.5592 0.3521 -0.7505
vn 0.0122 0.7101 -0.7040
vn -0.0741 0.5760 -0.8141
vn -0.0318 0.2770 -0.9603
vn -0.1465 0.1814 -0.9724
vn -0.1621 -0.1356 -0.9774
vn -0.0748 -0.0196 -0.9970
vn 0.0785 0.1001 -0.9919
vn -0.0193 0.0183 -0.9996
vn 0.0002 0.0123 -0.9999
vn -0.0007 0.0540 -0.9985
vn 0.1481 0.2532 -0.9560
vn -0.0597 0.0879 -0.9943
vn -0.0109 0.0067 -0.9999
vn -0.0434 -0.0511 -0.9978
vn 0.0252 0.4737 -0.8803
vn 0.9880 -0.1414 0.0627
vn 0.9846 -0.1750 -0.0034
vn 0.7590 -0.1203 0.6399
vn 0.8369 -0.0398 0.5460
vn 0.7678 0.5208 0.3730
vn 0.6283 0.7656 0.1382
vn 0.0658 0.8667 0.4945
vn 0.0482 0.7246 0.6874
vn 0.0224 0.2692 0.9628
vn 0.2334 0.2125 0.9489
vn 0.0185 -0.0027 0.9998
vn 0.7002 0.0626 0.7112
vn 0.6700 0.2829 0.6863
vn -0.5809 0.4322 0.6898
vn -0.6639 -0.3209 0.6755
vn 0.1598 0.7059 0.6901
vn 0.8619 0.5063 0.0270
vn 0.6198 0.7847 0.0070
vn 0.9015 0.2581 0.3474
vn -0.7650 -0.1214 0.6324
vn -0.9991 -0.0355 0.0230
vn -0.9598 -0.2794 0.0267
vn -0.7433 0.6684 0.0280
vn 0.0521 0.9985 0.0161
vn 0.5776 0.1675 0.7990
vn -0.0004 0.7514 -0.6599
vn 0.0105 0.8632 0.5048
vn 0.6966 0.7168 0.0302
vn 0.5923 0.5243 -0.6118
vn 0.6740 0.2817 -0.6829
vn 0.0093 0.5261 -0.8504
vn 0.3275 0.3926 0.8594
vn 0.6392 -0.2543 0.7258
vn -0.0014 -0.2412 0.9705
vn 0.5684 -0.5128 0.6435
vn 0.0152 -0.5234 0.8519
vn 0.0244 0.2739 -0.9615
vn 0.0168 0.5729 -0.8194
vn 0.6662 0.3775 -0.6432
vn 0.6378 0.0961 -0.7642
vn 0.8905 -0.1050 0.4427
vn 0.6799 -0.3212 0.6592
vn 0.6803 0.7296 -0.0698
vn 0.4967 0.4900 0.7164
vn -0.0398 0.9991 0.0122
vn -0.3787 0.5444 0.7485
vn -0.0245 0.0267 0.9993
vn 0.3496 -0.0971 0.9319
vn 0.0172 -0.2779 0.9604
vn -1.0000 -0.0005 -0.0055
vn -1.0000 -0.0003 0.0023
vn -1.0000 0.0036 -0.0042
vn -0.9995 -0.0020 -0.0307
vn -1.0000 -0.0020 0.0025
vn -1.0000 0.0005 0.0016
vn -1.0000 -0.0020 0.0009
vn -0.9961 0.0582 0.0668
vn -0.9988 0.0321 0.0367
vn -0.8891 0.1318 0.4382
vn -0.8981 0.2711 0.3464
vn -0.9999 0.0060 0.0112
vn -0.9373 0.2358 0.2566
vn -0.7065 0.4028 0.5820
vn -0.7199 0.3205 0.6157
vn -0.6959 0.0677 0.7149
vn -0.9956 0.0659 0.0670
vn -0.9999 -0.0078 0.0144
vn -0.9997 0.0177 0.0139
vn -0.9934 0.0880 0.0737
vn -0.9516 0.0195 0.3066
vn -0.9071 0.0778 0.4135
vn -0.9995 0.0308 -0.0090
vn -0.9999 0.0085 0.0069
vn -1.0000 0.0016 0.0043
vn -0.9998 -0.0018 0.0173
vn -0.9997 -0.0026 0.0240
vn 0.5552 0.6178 0.5569
vn -1.0000 0.0011 0.0007
vn -0.0180 0.6340 0.7732
vn -0.0058 0.6717 0.7408
vn -0.0076 0.7233 0.6905
vn -0.0200 0.6210 0.7835
vn -0.0268 0.5732 0.8190
vn -0.0762 0.8245 0.5608
vn -0.0540 0.7928 0.6071
vn -0.0045 0.7383 0.6745
vn -0.2915 0.8334 0.4696
vn -0.2146 0.8962 0.3883
vn -0.2442 0.9327 0.2654
vn -0.0600 0.9867 0.1511
vn -0.0276 0.9905 0.1348
vn -0.0459 0.9807 0.1902
vn -0.0021 0.9872 0.1596
vn -0.0617 0.9921 0.1093
vn -0.1340 0.9405 0.3122
vn -0.2497 0.9022 0.3517
vn 0.0417 0.9423 0.3322
vn 0.0203 0.8651 0.5011
vn -0.4977 0.8603 -0.1106
vn -0.0277 0.7797 0.6256
vn 0.9608 0.2752 0.0349
vn 0.4418 0.4313 0.7866
vn 0.7981 0.4612 0.3878
vn 0.2128 0.6656 0.7153
vn -0.0641 0.4564 0.8874
vn -0.7130 0.0094 0.7011
vn -0.8126 0.5178 0.2675
vn -0.6687 0.2583 0.6972
vn -0.8678 -0.0928 0.4882
vn 0.0705 0.7319 0.6778
vn -0.6450 -0.2868 0.7084
vn 0.1992 0.0720 0.9773
vn 0.7739 0.2125 0.5966
vn 0.6584 0.2969 0.6916
vn -0.6614 -0.2485 0.7077
vn -0.9581 -0.2779 0.0701
vn 0.6815 0.6036 0.4139
vn 0.7968 0.5049 0.3319
vn 0.5693 0.3762 0.7310
vn 0.3357 0.5044 0.7955
vn 0.5669 0.4771 0.6716
vn 0.6636 0.2618 0.7008
vn -0.1922 -0.1759 0.9655
vn -0.5796 -0.4926 0.6491
vn -0.7965 -0.2998 0.5251
vn -0.8474 -0.2530 0.4668
vn -0.8503 -0.5240 0.0490
vn -0.6221 -0.1823 0.7614
vn -0.9637 0.1756 0.2012
vn -0.5447 0.7470 0.3812
vn -0.4970 0.8579 0.1307
vn -0.8274 0.3132 0.4661
vn -0.0867 0.6811 0.7270
vn 0.6126 0.4225 0.6680
vn 0.8490 -0.5245 0.0639
vn 0.7353 -0.1999 0.6476
vn 0.9695 -0.0049 0.2450
vn 0.4602 0.8417 0.2824
vn 0.3519 0.6910 0.6314
vn -0.5248 0.6891 0.4997
vn -0.5071 0.5161 0.6903
vn -0.1772 0.4719 0.8637
vn 0.9117 -0.1862 0.3663
vn 0.3434 -0.2480 0.9058
vn -0.6944 0.2941 0.6567
vn 0.5276 -0.4706 0.7072
vn -0.8128 0.5122 0.2775
vn -0.6417 0.4127 0.6465
vn -0.5733 0.2250 0.7878
vn -0.4011 0.0976 0.9108
vn -0.6013 -0.0278 0.7986
vn -0.0798 0.0026 0.9968
vn -0.9112 0.1367 0.3885
vn -0.8318 0.0857 0.5484
vn -0.9533 0.1517 0.2611
vn -0.9899 0.0589 0.1289
vn -0.8412 0.4559 0.2909
vn -0.4592 0.5684 0.6827
vn -0.3480 0.7649 0.5421
vn -0.0833 0.6884 0.7206
vn -0.0214 0.8483 0.5291
vn 0.6871 0.3764 -0.6215
vn 0.9540 0.1508 -0.2593
vn 0.5175 0.6951 -0.4990
vn 0.8278 0.4897 -0.2738
vn 0.6320 0.3116 -0.7095
vn 0.6424 0.6327 -0.4324
vn 0.6708 0.3086 0.6744
vn 0.6453 -0.4841 0.5910
vn 0.0181 -0.2866 0.9579
vn 0.2761 -0.4971 0.8226
vn 0.1738 0.8268 0.5349
vn 0.8131 -0.2943 0.5023
vn 0.0141 0.6323 0.7746
vn 0.0217 0.5810 0.8136
vn 0.0145 0.6297 0.7767
vn 0.0055 0.7424 0.6699
vn 0.0063 0.7248 0.6889
vn 0.0504 0.8461 0.5306
vn -0.0000 0.8394 0.5435
vn -0.0001 0.9297 0.3684
vn 0.4843 0.8155 0.3168
vn 0.0002 0.9853 0.1710
vn 0.0490 0.9845 0.1685
vn -0.0028 0.9978 0.0664
vn 0.0059 0.9943 0.1067
vn 0.4980 0.8633 -0.0820
vn -0.0293 0.9983 0.0500
vn 0.9278 0.2519 -0.2753
vn -0.0001 -1.0000 0.0043
vn 0.0001 -0.9489 0.3156
vn -0.0005 -0.8934 0.4492
vn 0.0023 -0.9900 0.1410
vn 0.0978 -0.9893 0.1082
vn -0.0001 -0.8804 0.4742
vn -0.1065 -0.9931 0.0500
vn -0.2936 -0.9559 -0.0001
vn 0.3040 -0.9527 -0.0004
vn 0.4297 -0.9030 0.0005
vn 0.2861 -0.9582 -0.0012
vn 0.0348 -0.9994 -0.0016
vn -0.4369 -0.8995 -0.0036
vn -0.3231 -0.9463 -0.0036
vn -0.1248 -0.9922 -0.0065
vn 0.4044 0.1588 -0.9007
vn 0.0142 0.0176 -0.9997
vn 0.3096 0.1251 -0.9426
vn 0.0083 0.0063 -0.9999
vn 0.0162 0.9303 -0.3663
vn 0.0001 0.0124 -0.9999
vn 0.0007 0.0019 -1.0000
vn 0.0010 0.0024 -1.0000
vn -0.0820 -0.0596 -0.9948
vn -0.0000 -0.0003 -1.0000
vn -0.0009 -0.0005 -1.0000
vn 0.0289 -0.0041 -0.9996
vn 0.0015 0.0068 -1.0000
vn -0.0759 -0.0014 -0.9971
vn 0.1129 0.0514 -0.9923
vn -0.0882 0.0319 -0.9956
vn 0.1689 0.0407 -0.9848
vn 0.0940 -0.0199 -0.9954
vn 0.0341 0.0262 -0.9991
vn 0.0001 -0.2178 -0.9760
vn 0.0011 0.0001 -1.0000
vn 0.0025 -0.0001 -1.0000
vn 0.0029 0.0058 -1.0000
vn -0.0016 0.0004 -1.0000
vn 0.0143 0.0096 -0.9999
vn 0.0107 -0.0623 -0.9980
vn 0.0321 0.0500 -0.9982
vn 0.0249 -0.0004 -0.9997
vn 0.0028 -0.3602 -0.9329
vn -0.0040 -0.3398 -0.9405
vn 0.0003 -0.2398 -0.9708
vn -0.0424 -0.0560 -0.9975
vn -0.0382 0.0081 -0.9992
vn -0.0347 0.0245 -0.9991
vn -0.1088 0.0082 -0.9940
vn -0.0114 0.0539 -0.9985
vn -0.0018 0.0008 -1.0000
vn -0.1542 -0.0258 -0.9877
vn -0.0514 0.4551 -0.8889
vn -0.2093 -0.0337 -0.9773
vn -0.6407 -0.1090 -0.7600
vn 0.0368 0.0016 -0.9993
vn -0.0042 0.0037 -1.0000
vn 0.2441 -0.0792 -0.9665
vn -0.0118 0.0133 -0.9998
vn -0.3093 -0.1436 -0.9400
vn -0.8047 -0.1988 -0.5594
vn -0.1814 -0.5951 -0.7829
vn -0.0053 -0.0472 -0.9989
vn -0.0044 0.0006 -1.0000
vn 0.1837 0.9673 -0.1752
vn 0.1735 0.9848 -0.0095
vn 0.1738 0.9847 -0.0125
vn 0.1114 0.9937 0.0129
vn 0.1992 0.9799 0.0079
vn -0.1070 0.9942 0.0093
vn -0.0675 0.7587 0.6479
vn 0.0722 0.7194 0.6908
vn 0.2575 0.7664 0.5884
vn 0.4020 0.9155 0.0169
vn 0.4427 0.8963 0.0257
vn 0.5087 0.7813 0.3617
vn 0.5548 0.8318 0.0200
vn 0.2137 0.3609 0.9078
vn -0.0163 0.0249 0.9996
vn 0.0520 0.2064 0.9771
vn 0.2343 0.1890 0.9536
vn 0.5381 0.5641 0.6263
vn 0.6900 0.7236 0.0177
vn 0.6754 0.6245 0.3923
vn 0.5431 0.4343 0.7187
vn 0.7805 0.6244 0.0318
vn 0.2261 0.1307 0.9653
vn 0.7298 0.6796 0.0746
vn 0.1069 0.0031 0.9943
vn 0.1416 0.1111 0.9837
vn 0.0084 -0.0033 1.0000
vn -0.0061 -0.0039 1.0000
vn 0.0141 0.0134 0.9998
vn 0.5404 0.5548 0.6326
vn 0.1732 0.1362 0.9754
vn 0.0084 -0.0030 1.0000
vn 0.1878 0.0231 0.9819
vn 0.0002 0.0002 1.0000
vn 0.0163 -0.0037 0.9999
vn 0.0027 0.0007 1.0000
vn 0.5520 -0.1088 0.8267
vn 0.6565 0.3600 0.6629
vn 0.4641 0.6280 0.6247
vn -0.4640 0.8413 0.2774
vn 0.6318 0.7742 0.0379
vn 0.0069 0.0004 1.0000
vn 0.0058 -0.0000 1.0000
vn 0.0074 0.0003 1.0000
vn 0.0024 0.0166 0.9999
vn -0.0103 0.0076 0.9999
vn -0.3158 0.6340 0.7060
vn 0.0007 -0.0014 1.0000
vn -0.3026 0.1858 0.9348
vn -0.1048 0.1142 0.9879
vn 0.0128 0.1568 0.9876
vn 0.1268 0.1084 0.9860
vn 0.0686 0.0199 0.9974
vn 0.2483 0.1910 0.9497
vn 0.0948 0.0277 0.9951
vn 0.5404 0.8379 0.0769
vn -0.3641 0.3169 0.8758
vn -0.9077 0.0098 0.4195
vn -0.2306 -0.0560 0.9714
vn -0.6126 -0.1800 0.7696
vn -0.2517 0.0060 0.9678
vn -0.0059 -0.0051 1.0000
vn -0.0050 -0.0058 1.0000
vn -0.1047 0.0458 0.9935
vn -0.0033 -0.0000 1.0000
vn -0.6057 0.3428 0.7181
vn -0.0919 0.1069 0.9900
vn -0.0116 0.0083 0.9999
vn -0.1218 0.1416 0.9824
vn -0.0174 0.0011 0.9998
vn -0.7104 0.5471 0.4428
vn -0.7740 0.6332 0.0025
vn -0.5011 0.5191 0.6924
vn -0.7461 0.6658 -0.0037
vn -0.6852 0.7284 -0.0038
vn -0.5484 0.7988 0.2475
vn -0.7290 0.6842 -0.0180
vn 0.1952 0.9177 0.3461
vn -0.7074 0.3890 0.5901
vn -0.4053 0.9109 0.0780
vn -0.2484 0.8523 0.4604
vn -0.4132 0.9106 0.0067
vn -0.3383 0.9392 0.0596
vn -0.4580 0.8887 0.0214
vn -0.0464 0.9889 0.1413
vn -0.2849 0.9585 -0.0099
vn -0.1612 0.9868 0.0174
vn -0.1070 0.9295 0.3530
vn -0.1112 0.9091 0.4015
vn 0.0062 0.6360 0.7716
vn -0.0287 0.5179 0.8550
vn -0.1238 0.3973 0.9093
vn -0.2092 0.6910 0.6920
vn 0.4182 0.8763 0.2393
vn 0.4322 0.8816 0.1897
vn 0.2384 0.7165 0.6556
vn 0.5428 0.5071 0.6695
vn 0.6978 0.3005 0.6502
vn 0.8488 0.5273 0.0386
vn 0.6277 0.6722 0.3927
vn 0.2592 0.5306 0.8070
vn -0.5471 -0.4808 0.6852
vn -0.3415 0.6522 0.6768
vn -0.7048 -0.2386 0.6681
vn -0.9912 -0.1189 0.0586
vn -0.7851 -0.4708 0.4024
vn -0.5088 -0.2816 0.8135
vn -0.3588 0.8884 0.2864
vn 0.7031 0.6054 0.3731
vn 0.6711 -0.1235 0.7310
vn 0.9813 -0.1859 -0.0497
vn 0.7364 0.6632 -0.1337
vn -0.0117 0.8490 0.5282
vn 0.5877 0.1242 0.7995
vn 0.4505 0.1824 0.8740
vn 0.0325 0.0008 0.9995
vn 0.7728 0.2502 0.5832
vn 0.0602 0.7386 0.6714
vn 0.2723 0.6517 0.7079
vn 0.8403 0.4029 0.3628
vn 0.8985 0.4388 0.0133
vn 0.3218 0.9467 0.0167
vn 0.9354 -0.0767 0.3452
vn 0.9988 -0.0384 0.0312
vn -0.3497 0.5794 0.7362
vn -0.4540 0.8869 0.0849
vn -0.7133 0.4544 0.5335
vn -0.6711 0.2880 0.6831
vn -0.4440 0.2769 0.8522
vn -0.4982 0.1436 0.8551
vn -0.8969 0.2573 0.3596
vn -0.6983 0.0600 0.7133
vn 0.4319 -0.1444 0.8903
vn 0.6870 -0.3169 0.6539
vn 0.9609 -0.2725 0.0485
vn -0.0503 0.5736 0.8176
vn -0.1307 0.9244 0.3583
vn -0.1498 0.9767 0.1538
vn -0.2084 0.9764 0.0564
vn -0.3056 0.9517 0.0310
vn -0.2262 0.7070 0.6700
vn -0.4758 0.8778 0.0564
vn -0.4503 0.8859 0.1118
vn -0.4572 0.8893 -0.0073
vn -0.6067 0.7940 0.0371
vn -0.8506 0.5108 0.1250
vn -0.4055 0.6025 0.6875
vn -0.6273 0.7778 0.0387
vn -0.6395 0.7665 0.0603
vn -0.6829 0.6705 0.2899
vn -0.6418 0.6713 0.3708
vn -0.7406 0.5860 0.3287
vn -0.4498 0.3982 0.7994
vn -0.7763 0.6303 0.0065
vn -0.4741 0.3218 0.8196
vn -0.4691 0.4945 0.7317
vn -0.1770 0.1597 0.9712
vn -0.4918 0.1474 0.8582
vn -0.7051 0.5244 0.4773
vn -0.7434 0.5287 0.4096
vn -0.5715 0.5970 0.5630
vn -0.5358 0.2076 0.8184
vn -0.4381 0.3673 0.8204
vn -0.3244 0.5284 0.7845
vn -0.4891 0.7510 0.4435
vn -0.2594 0.3475 0.9011
vn 0.0225 -0.0570 0.9981
vn -0.2745 0.6092 0.7440
vn -0.2834 0.8284 0.4831
vn -0.0236 0.7340 0.6787
vn 0.2231 0.6741 0.7041
vn 0.2020 0.6239 0.7550
vn 0.0109 0.6623 0.7492
vn 0.4599 0.6079 0.6472
vn 0.5438 0.4250 0.7236
vn 0.4204 0.7736 0.4742
vn 0.5841 0.6096 0.5359
vn 0.1910 0.2884 0.9383
vn 0.7074 0.5312 0.4663
vn 0.1974 0.1817 0.9633
vn 0.2507 0.1921 0.9488
vn 0.7843 0.2951 0.5457
vn 0.2882 0.0942 0.9529
vn 0.7023 0.0570 0.7096
vn 0.5078 -0.1525 0.8479
vn 0.4048 0.0898 0.9100
vn 0.2250 0.1095 0.9682
vn 0.5581 0.4274 0.7113
vn 0.7781 0.6275 0.0284
vn 0.4960 0.5163 0.6982
vn 0.6928 0.7194 0.0507
vn 0.7432 0.6647 0.0765
vn 0.5854 0.7004 0.4084
vn 0.6233 0.7819 0.0120
vn 0.3270 0.3649 0.8717
vn 0.4049 0.6190 0.6730
vn 0.4653 0.8851 0.0089
vn 0.2306 0.7098 0.6656
vn 0.4003 0.8709 0.2851
vn 0.5460 0.8105 0.2119
vn 0.4521 0.8805 0.1424
vn 0.1996 0.6067 0.7695
vn 0.2189 0.9758 -0.0020
vn -0.0005 0.7525 0.6586
vn 0.1149 0.9228 0.3676
vn 0.0009 0.4318 0.9020
vn 0.4409 0.8862 0.1423
vn 0.3475 0.9167 0.1972
vn -0.0071 0.9439 0.3301
vn 0.6514 0.4701 0.5955
vn 0.8887 0.4570 0.0371
vn -0.6068 0.4941 0.6226
vn -0.3496 0.9241 0.1545
vn -0.0758 0.3396 0.9375
vn -0.6150 0.0463 0.7871
vn -0.8873 0.0851 0.4533
vn -0.4543 -0.0305 0.8903
vn -0.1875 -0.0712 0.9797
vn -0.1367 -0.0040 0.9906
vn -0.4977 0.2232 0.8381
vn -0.7471 0.6617 0.0636
vn -0.4786 0.5792 0.6599
vn -0.0255 -0.2744 0.9613
vn -0.8956 0.0278 0.4439
vn -0.4882 -0.0737 0.8696
vn -0.1225 0.5553 0.8226
vn -0.4718 0.3823 0.7945
vn -0.5582 -0.0872 0.8251
vn -0.6695 0.7234 0.1689
vn -0.0334 0.9960 -0.0824
vn -0.4355 0.5783 -0.6899
vn -0.4612 0.4293 -0.7765
vn -0.3627 0.7694 -0.5258
vn -0.9268 0.1594 -0.3399
vn -0.9587 0.0015 -0.2843
vn -0.9087 -0.2519 0.3329
vn -0.6542 0.1411 -0.7430
vn -0.2652 0.4528 -0.8513
vn -0.3766 0.5139 -0.7707
vn -0.9570 -0.2326 0.1736
vn -0.4260 -0.3196 0.8464
vn -0.0114 0.6000 0.7999
vn 0.0017 0.5493 0.8357
vn -0.0142 0.6368 0.7709
vn -0.0078 0.7258 0.6879
vn -0.0007 0.7385 0.6743
vn -0.2889 0.8217 0.4912
vn -0.0069 0.8299 0.5578
vn -0.1412 0.8933 0.4267
vn -0.0023 0.9098 0.4150
vn -0.1506 0.9564 0.2503
vn -0.9245 0.3545 0.1398
vn -0.0160 0.9759 0.2175
vn -0.0002 0.9695 0.2452
vn -0.0004 0.9891 0.1472
vn -0.0000 0.9916 0.1292
vn 0.0035 0.9638 -0.2667
vn 0.0095 0.8577 -0.5141
vn 0.7923 0.5336 0.2958
vn 0.8949 -0.1038 0.4340
vn 0.7518 -0.0174 0.6591
vn 0.9594 -0.2741 0.0663
vn 0.7244 -0.0510 0.6875
vn 0.6449 -0.3134 0.6971
vn 0.1728 0.6864 0.7064
vn -0.6477 0.3639 0.6693
vn -0.7163 0.0717 0.6941
vn -0.1286 0.8494 0.5118
vn -0.7688 0.5944 0.2359
vn -0.5676 0.2868 0.7717
vn -0.3301 0.4296 0.8406
vn 0.3455 0.6526 0.6743
vn -0.8244 0.2440 0.5108
vn -0.5277 0.1665 0.8329
vn 0.7764 0.6297 0.0267
vn 0.8122 0.5820 0.0414
vn 0.7729 0.6340 0.0253
vn 0.6354 0.7722 0.0084
vn 0.6966 0.7172 0.0170
vn 0.5496 0.8354 0.0063
vn 0.5620 0.7849 0.2611
vn 0.4057 0.9140 0.0060
vn 0.4523 0.7580 0.4700
vn 0.3330 0.4497 0.8288
vn 0.1322 0.9768 0.1683
vn -0.3896 0.8104 0.4375
vn 0.0189 0.8844 0.4664
vn -0.0206 0.9706 0.2400
vn 0.0367 0.3472 0.9371
vn -0.0622 0.6273 0.7763
vn -0.1144 0.9404 0.3203
vn -0.2355 0.9714 0.0308
vn -0.3085 0.9503 0.0424
vn -0.0215 0.9993 0.0293
vn -0.4370 0.8995 -0.0037
vn -0.4796 0.8120 0.3328
vn -0.1517 0.2146 0.9648
vn -0.5696 0.8217 0.0161
vn -0.3962 0.6091 0.6871
vn -0.5581 0.7982 0.2268
vn -0.6947 0.7177 0.0481
vn -0.7045 0.6843 0.1881
vn -0.7464 0.6250 0.2286
vn -0.5073 0.7717 0.3837
vn -0.7001 0.6816 0.2126
vn -0.3112 0.8441 0.4365
vn 0.1531 0.9836 0.0954
vn 0.3072 0.9516 0.0066
vn 0.6339 0.0966 -0.7674
vn 0.0326 0.2746 -0.9610
vn 0.5577 0.4377 -0.7053
vn 0.6563 0.3389 -0.6741
vn 0.9038 0.2634 -0.3373
vn 0.0766 0.9485 -0.3075
vn 0.7008 0.6926 -0.1705
vn 0.2033 0.8598 0.4684
vn 0.0045 0.8776 0.4794
vn 0.0059 0.4199 0.9076
vn 0.5811 0.3069 0.7538
vn 0.3887 -0.0943 0.9165
vn 0.0099 -0.0422 0.9991
vn 0.3102 -0.3162 0.8966
vn 0.0140 -0.2747 0.9614
vn 0.9176 -0.1355 0.3736
vn 0.8914 -0.2785 0.3575
vn 0.8036 -0.4895 0.3385
vn 0.4816 -0.2822 0.8297
vn 0.7259 -0.1544 0.6703
vn 0.9026 -0.2419 0.3561
vn 0.9055 0.4181 0.0724
vn 0.8143 0.5012 0.2929
vn 0.7134 -0.2709 0.6462
vn 0.0927 0.9901 0.1051
vn 0.0795 0.6709 0.7373
vn -0.5798 0.6317 0.5146
vn -0.5665 0.4750 0.6734
vn -0.3047 0.4120 0.8587
vn -0.5072 0.3229 0.7990
vn -0.7948 0.4979 0.3469
vn -0.6630 0.2613 0.7016
vn 0.5813 -0.4945 0.6462
vn 0.6370 0.2610 0.7253
vn 0.7552 0.6497 0.0870
vn 0.9024 0.1850 0.3891
vn 0.8506 0.0008 0.5258
vn 0.9425 0.0004 0.3343
vn 0.7740 0.0906 0.6267
vn 0.7400 -0.1267 0.6605
vn 0.3256 0.6181 0.7155
vn -0.4782 -0.0689 0.8755
vn -0.4575 0.5984 0.6578
vn 0.3002 0.9322 0.2021
vn -0.5385 0.7037 0.4635
vn -0.2043 0.4693 0.8591
vn -0.9302 0.2055 0.3041
vn -0.8324 0.1817 0.5236
vn -0.9293 0.0011 0.3694
vn -0.7962 -0.1131 0.5943
vn -0.7458 0.0023 0.6661
vn -0.4261 0.1753 0.8875
vn -0.9905 0.0979 0.0965
vn -0.6334 0.6370 0.4393
vn -0.9617 0.2346 0.1415
vn -0.9986 0.0464 0.0235
vn -0.8117 0.2703 0.5178
vn -0.8233 -0.1957 -0.5328
vn -0.7531 -0.5670 -0.3336
vn -0.7544 -0.6213 -0.2119
vn -0.6163 -0.7357 -0.2808
vn -0.5816 -0.6601 -0.4754
vn -0.5236 0.0019 -0.8520
vn -0.8639 0.0035 -0.5037
vn -0.5871 -0.0011 -0.8095
vn -0.6639 0.0085 -0.7478
vn -0.5764 -0.3843 -0.7212
vn -0.4218 -0.0478 -0.9054
vn -0.7720 0.0026 -0.6357
vn -0.6896 0.0404 0.7231
vn -0.9040 0.0022 0.4276
vn -0.3403 -0.0077 0.9403
vn 0.5364 0.4613 0.7068
vn 0.2346 0.7766 0.5846
vn 0.9337 0.0868 0.3474
vn 0.8374 -0.3188 0.4441
vn 0.5467 -0.2119 0.8101
vn 0.3334 0.0002 0.9428
vn 0.3140 -0.1242 0.9413
vn -0.3832 0.0004 0.9237
vn -0.1951 -0.7365 0.6477
vn -0.3655 -0.0674 0.9284
vn -0.9686 -0.0004 0.2486
vn -0.7840 -0.3850 0.4870
vn -0.6260 -0.0004 0.7798
vn -0.7212 -0.3375 0.6050
vn -0.1416 -0.0444 0.9889
vn 0.2653 0.0917 0.9598
vn 0.8709 0.2189 0.4399
vn 0.8691 -0.0069 0.4946
vn 0.9830 0.0134 -0.1832
vn 0.9248 0.0039 0.3805
vn 0.9187 0.3445 0.1932
vn 0.9179 0.1160 0.3795
vn 0.6865 -0.0012 0.7272
vn 0.9608 -0.0178 -0.2768
vn 0.9391 -0.0705 -0.3364
vn 0.7811 -0.5096 -0.3608
vn 0.9960 0.0666 0.0598
vn 0.8099 0.3610 0.4624
vn 0.5180 0.0168 0.8552
vn 0.4491 0.0003 -0.8935
vn 0.4370 0.0008 -0.8995
vn 0.6894 -0.0021 -0.7243
vn 0.2655 -0.3963 -0.8789
vn 0.3133 -0.3213 -0.8936
vn 0.4883 -0.7288 -0.4801
vn 0.6404 0.0048 -0.7680
vn 0.8509 -0.1973 -0.4869
vn 0.9875 0.0050 -0.1578
vn 0.3522 -0.4322 -0.8301
vn 0.1841 -0.2148 -0.9591
vn 0.9833 0.0014 -0.1818
vn 0.7498 -0.6094 -0.2577
vn 0.9777 0.0991 -0.1851
vn 0.9101 0.0705 -0.4083
vn 0.6110 0.6984 0.3727
vn -0.3789 -0.4829 0.7895
vn 0.0375 0.1458 0.9886
vn 0.4210 0.4685 0.7767
vn -0.0102 0.0750 0.9971
vn -0.3684 0.0985 0.9244
vn -0.0191 0.7969 0.6038
vn -0.0548 -0.5998 0.7983
vn 0.4033 -0.7128 0.5738
vn 0.2822 -0.5482 0.7873
vn -0.6263 0.0054 0.7796
vn -0.4699 0.3898 0.7920
vn -0.0494 0.0330 0.9982
vn -0.3682 -0.4755 0.7990
vn -0.8784 -0.2335 0.4169
vn -0.0129 -0.2681 0.9633
vn 0.0172 0.8800 0.4746
vn -0.6402 0.1098 0.7603
vn -0.6313 -0.4909 0.6003
vn -0.6141 0.7890 -0.0219
vn -0.0618 0.7629 -0.6435
vn -0.6620 0.4951 -0.5627
vn -0.6783 0.4108 -0.6092
vn -0.6085 0.3208 -0.7258
vn -0.9680 0.1644 -0.1894
vn 0.9664 -0.0719 0.2468
vn 0.8887 0.1628 0.4286
vn 0.7153 0.0803 0.6942
vn 0.5322 0.4507 0.7167
vn 0.6691 0.7319 0.1292
vn 0.5383 0.1808 0.8231
vn 0.7311 0.0569 0.6799
vn 0.3089 0.6179 0.7230
vn -0.7346 0.1546 0.6607
vn -0.3975 0.6481 0.6496
vn -0.9824 0.0067 0.1869
vn -0.9597 0.0960 0.2641
vn -0.9192 0.1716 0.3545
vn -0.6513 0.3003 0.6968
vn -0.7375 0.6743 0.0382
vn -0.2477 0.9684 0.0280
vn -0.1314 0.7540 0.6436
vn -0.6441 0.2657 0.7174
vn -0.5693 0.0055 0.8221
vn -0.0094 -0.0005 1.0000
vn -0.3412 0.0027 0.9400
vn 0.3308 0.0986 0.9386
vn -0.0030 0.0071 1.0000
vn 0.0562 0.0880 0.9945
vn 0.0209 0.0310 0.9993
vn 0.5396 0.8210 -0.1865
vn 0.0419 0.0495 0.9979
vn 0.0010 0.0535 0.9986
vn 0.1661 0.0079 0.9861
vn -0.0032 -0.0009 1.0000
vn 0.0015 0.0016 1.0000
vn 0.0311 0.0329 0.9990
vn 0.3268 0.4838 0.8119
vn -0.0008 0.0108 0.9999
vn 0.0312 -0.0057 0.9995
vn 0.0883 -0.0187 0.9959
vn -0.0052 0.0018 1.0000
vn 0.0038 0.0029 1.0000
vn 0.1685 0.0880 0.9818
vn 0.3588 0.2502 0.8992
vn 0.5565 0.3363 0.7598
vn 0.0186 -0.0055 0.9998
vn 0.2189 0.2062 0.9537
vn 0.2243 0.0940 0.9700
vn 0.8854 0.0325 0.4637
vn 0.3164 0.0391 0.9478
vn 0.4354 0.1339 0.8902
vn 0.4866 0.4149 0.7688
vn 0.1079 -0.0229 0.9939
vn 0.2144 0.0105 0.9767
vn 0.0095 0.0021 1.0000
vn -0.0014 0.0023 1.0000
vn -0.1133 0.0549 0.9920
vn -0.0304 0.0375 0.9988
vn -0.2755 0.1188 0.9539
vn -0.6357 0.3701 0.6774
vn 0.0168 0.0206 0.9996
vn -0.0076 -0.0014 1.0000
vn -0.3744 0.2831 0.8830
vn -0.1003 0.0079 0.9949
vn -0.4475 0.1747 0.8771
vn -0.6665 0.1532 0.7296
vn -0.4712 0.2765 0.8375
vn -0.3599 0.4252 0.8305
vn -0.2336 0.2778 0.9318
vn -0.3982 0.4909 0.7749
vn -0.1572 -0.0893 0.9835
vn 0.0348 0.1115 0.9932
vn 0.0732 0.1043 0.9918
vn 0.4263 0.2935 0.8556
vn -0.2607 -0.0643 0.9633
vn 0.5679 0.1713 0.8051
vn 0.0041 0.9780 0.2086
vn 0.0031 0.9918 0.1275
vn 0.3253 0.9260 0.1917
vn 0.2737 0.9165 0.2917
vn 0.0092 0.9001 0.4355
vn 0.8997 0.4123 0.1433
vn 0.2879 0.6602 0.6937
vn 0.0511 0.9405 0.3359
vn -0.5459 0.7423 0.3886
vn -0.2087 0.9085 0.3620
vn -0.2836 0.9082 0.3077
vn -0.2336 0.9660 0.1111
vn -0.0038 0.9529 0.3031
vn -0.0021 0.9847 0.1745
vn -0.2721 0.9216 0.2769
vn -0.0139 0.8317 0.5550
vn -0.0281 0.6972 0.7164
vn -0.3803 0.8313 0.4054
vn -0.4519 0.7632 0.4618
vn -0.6772 0.7353 0.0257
vn -0.3728 0.9278 0.0141
vn 0.0534 0.9985 0.0068
vn 0.3423 0.9395 0.0112
vn 0.2741 0.9181 0.2863
vn 0.6172 0.7858 0.0390
vn 0.7382 0.6679 0.0951
vn 0.5806 0.7415 0.3362
vn 0.4111 0.8156 0.4072
vn 0.0301 0.7503 0.6604
vn -0.9140 0.0349 0.4041
vn -0.4995 0.8551 0.1392
vn -0.6489 0.5176 -0.5576
vn -0.0053 0.9390 -0.3438
vn -0.0220 0.7120 -0.7019
vn -0.0334 0.9064 0.4211
vn -0.2345 0.3533 0.9056
vn -0.4295 0.3813 0.8186
vn -0.6552 0.2912 -0.6970
vn -0.6186 -0.5037 0.6030
vn -0.4523 -0.3149 0.8344
vn -0.3516 -0.3259 0.8776
vn -0.0230 -0.5268 0.8497
vn -0.7809 -0.0210 0.6244
vn -0.0223 0.5233 -0.8518
vn 0.1569 0.9808 0.1160
vn 0.0960 0.9859 0.1372
vn 0.1575 0.9692 0.1895
vn 0.0366 0.9523 0.3030
vn -0.0180 0.9991 0.0379
vn 0.1737 0.7526 0.6352
vn 0.2703 0.9086 0.3184
vn 0.6608 0.7435 0.1024
vn 0.7233 0.6616 0.1976
vn 0.7104 0.6965 0.1010
vn 0.8293 0.5452 0.1226
vn 0.7440 0.5525 0.3757
vn 0.7210 0.5825 0.3753
vn 0.6997 0.4721 0.5362
vn 0.3179 0.8616 0.3958
vn 0.4144 0.6652 0.6211
vn 0.2616 0.6001 0.7559
vn 0.7584 0.3051 0.5759
vn 0.7389 0.1764 0.6504
vn 0.6772 0.4318 0.5958
vn 0.7124 0.5094 0.4827
vn 0.4366 0.6455 0.6267
vn 0.4771 0.7463 0.4642
vn 0.6927 0.4538 0.5606
vn 0.8165 0.4495 0.3624
vn 1.0000 -0.0028 -0.0005
vn 0.8003 0.5451 0.2498
vn 0.6671 0.7362 0.1140
vn 0.3627 0.8931 0.2659
vn 0.6914 0.0169 0.7223
vn 0.5699 0.2634 0.7783
vn 0.5926 0.0564 0.8035
vn 0.9510 0.0405 0.3065
vn 0.5727 0.2907 0.7665
vn 0.0654 0.6413 0.7645
vn 0.0121 0.7172 0.6968
vn 0.2031 0.6623 0.7212
vn 0.0889 0.7735 0.6275
vn 0.0106 0.7725 0.6349
vn 0.4110 0.7575 -0.5073
vn 0.0081 0.9538 0.3003
vn 0.1213 0.8335 0.5391
vn -0.0032 0.8255 0.5643
vn 0.1142 0.2150 0.9699
vn 0.6748 0.5758 0.4616
vn 0.4298 0.7863 -0.4439
vn -0.0553 0.8564 0.5134
vn -0.7025 0.6437 0.3035
vn -0.0114 0.9028 0.4299
vn -0.0502 0.8808 0.4707
vn -0.0808 0.8877 0.4532
vn -0.6599 0.6096 0.4392
vn -0.0287 0.7803 0.6247
vn -0.5125 0.6211 0.5930
vn -0.4153 0.6644 0.6213
vn -0.0280 0.7734 0.6333
vn -0.0285 0.6290 0.7768
vn -0.4022 0.5508 0.7314
vn -0.7654 0.4209 0.4869
vn -0.6811 0.5513 0.4818
vn -0.7003 0.5975 0.3907
vn -0.7395 0.3970 0.5436
vn -0.7068 0.1564 0.6900
vn -0.9098 0.0455 0.4126
vn -0.9104 -0.0232 0.4131
vn -0.1092 0.6637 0.7399
vn -0.7824 0.4282 0.4523
vn -0.9010 0.1345 0.4124
vn -0.5852 0.0536 0.8091
vn -0.6731 0.2323 0.7021
vn -0.7340 -0.0075 0.6791
vn -1.0000 -0.0027 0.0010
vn -0.6123 0.7800 0.1291
vn -0.5653 0.7406 0.3634
vn -0.6561 0.5066 0.5593
vn -0.4138 0.7523 0.5127
vn -0.7133 0.6674 0.2139
vn -0.4687 0.8453 0.2566
vn -0.7525 0.6501 0.1054
vn -0.6564 0.7459 0.1129
vn -0.6694 0.7238 0.1673
vn -0.0348 0.9888 0.1448
vn -0.0303 0.9881 0.1510
vn -0.0039 0.9937 0.1124
vn -0.0046 0.9860 0.1668
vn -0.0528 0.9981 -0.0326
vn -0.1140 0.8282 0.5488
vn -0.4205 0.2951 0.8579
vn -0.1750 0.2065 0.9627
vn -0.7535 0.2278 0.6167
vn -0.0844 0.6081 0.7893
vn -0.6598 -0.0225 0.7511
vn -0.7066 0.1478 0.6920
vn 0.1582 0.5100 0.8455
vn -0.5171 0.1343 0.8453
vn -0.6640 0.5398 0.5175
vn -0.9947 -0.0798 -0.0645
vn -0.7032 0.6715 0.2337
vn -0.3502 0.0950 0.9318
vn -0.6108 0.0920 0.7864
vn -0.8208 0.0240 0.5707
vn -0.4767 -0.0238 0.8788
vn -0.1005 0.5101 0.8542
vn -0.6224 -0.2045 0.7555
vn -0.6452 -0.1173 0.7549
vn -0.6441 0.3350 -0.6877
vn -0.6470 0.0933 -0.7568
vn -0.0405 0.5140 -0.8568
vn -0.0323 0.2730 -0.9615
vn -0.6545 0.7556 0.0266
vn -0.0324 0.8489 -0.5276
vn -0.0177 0.9758 0.2182
vn -0.5955 0.3326 0.7312
vn -0.9992 -0.0236 0.0312
vn -0.9996 0.0003 0.0276
vn -0.9665 0.2098 0.1478
vn -0.9999 -0.0002 0.0110
vn -0.9993 0.0328 -0.0153
vn -1.0000 0.0034 0.0015
vn -1.0000 0.0014 -0.0064
vn -0.9881 0.0963 0.1202
vn -0.9996 0.0277 0.0075
vn -0.9248 0.2589 -0.2789
vn -0.9927 0.0623 -0.1033
vn -0.9043 0.2568 -0.3410
vn -0.9887 0.0449 -0.1427
vn -0.9935 0.0344 -0.1082
vn -0.9124 0.3794 0.1537
vn -1.0000 -0.0058 0.0081
vn -0.9999 0.0061 0.0096
vn -0.9917 0.1235 0.0367
vn -0.7315 0.6491 0.2088
vn -0.8190 0.4897 0.2990
vn -0.7270 0.5873 0.3557
vn -0.9994 0.0299 0.0201
vn -0.9995 -0.0259 -0.0174
vn -0.9796 -0.0992 0.1749
vn -0.9649 0.1987 0.1719
vn -0.9744 0.1482 0.1688
vn -0.9940 0.0006 0.1097
vn -0.8966 0.3391 0.2847
vn -0.9593 0.1822 0.2160
vn -0.8895 0.3542 0.2887
vn -0.1675 0.6968 0.6975
vn 0.9301 0.2879 0.2282
vn 0.9800 0.1514 0.1291
vn 0.9909 0.0965 0.0934
vn 0.9996 0.0003 0.0273
vn 0.8624 0.0601 0.5026
vn 0.9938 -0.0617 0.0928
vn 0.9910 0.1293 -0.0351
vn 1.0000 0.0067 0.0001
vn 0.9999 0.0007 0.0156
vn 0.9704 -0.0543 0.2355
vn 0.9398 -0.0751 0.3335
vn 0.9996 0.0280 0.0107
vn 0.9994 0.0111 0.0322
vn 0.9979 0.0203 -0.0616
vn 0.9999 0.0036 -0.0095
vn 0.9732 0.0018 0.2298
vn 0.9730 0.0708 0.2196
vn 0.8288 0.1437 0.5408
vn 0.7768 -0.0005 0.6298
vn 0.9935 0.0721 0.0883
vn 0.9960 0.0881 -0.0152
vn 0.9322 -0.0444 -0.3593
vn 0.9094 0.3965 0.1257
vn 0.5948 0.7807 0.1914
vn 0.9940 0.0685 0.0855
vn 0.9180 0.2324 0.3212
vn 0.7965 0.2967 0.5269
vn 0.6396 0.1714 0.7493
vn 0.9992 0.0399 -0.0025
vn 0.9989 0.0401 -0.0238
vn -0.0196 0.3068 0.9516
vn 0.9558 0.0460 0.2905
vn 0.4018 0.0149 0.9156
vn -0.1848 0.0609 0.9809
vn -0.6341 0.1857 0.7506
vn -0.6065 0.4556 0.6516
vn -0.9577 0.0727 0.2784
vn -0.9990 0.0386 0.0225
vn -0.6837 0.0612 0.7272
vn -0.7730 -0.0397 0.6331
vn -0.1966 -0.0124 0.9804
vn 0.3817 0.4044 0.8311
vn 0.1751 0.9082 0.3801
vn 0.0773 0.9640 0.2545
vn 0.0187 0.9864 0.1636
vn 0.0676 0.9870 0.1459
vn 0.4165 0.8688 0.2678
vn 0.6453 0.7542 0.1214
vn -0.0065 0.9621 0.2726
vn 0.1609 0.8843 0.4383
vn 0.1226 0.9310 0.3438
vn -0.0229 0.9512 0.3079
vn 0.0190 0.8427 0.5380
vn 0.1169 0.6132 0.7813
vn 0.3947 0.9142 -0.0916
vn 0.0625 0.8302 0.5539
vn 0.0236 0.7740 0.6327
vn 0.0115 0.7233 0.6904
vn 0.4692 0.6343 0.6144
vn 0.4317 0.7727 0.4653
vn 0.7920 0.4777 0.3801
vn 0.9170 0.3645 0.1617
vn 0.6725 0.4624 0.5778
vn 0.9709 0.1675 0.1712
vn 0.3971 0.5300 0.7493
vn 0.9168 0.0254 0.3984
vn 0.8456 0.3295 0.4199
vn 0.6590 0.4052 0.6337
vn 0.9788 0.0009 0.2048
vn 0.9995 0.0063 0.0320
vn 0.9452 0.0080 0.3264
vn 0.9759 -0.0498 0.2122
vn 0.9999 0.0166 -0.0039
vn 0.8264 0.5218 -0.2115
vn 0.9998 -0.0132 0.0156
vn 1.0000 0.0068 0.0071
vn 0.4594 0.1807 0.8696
vn 0.9915 0.1048 0.0765
vn 0.8830 0.1135 0.4554
vn 0.9997 0.0225 -0.0133
vn 0.9999 0.0114 0.0031
vn 0.4789 0.1297 0.8682
vn 0.9891 0.0759 0.1263
vn 0.9958 0.0746 0.0533
vn 0.9998 0.0175 0.0033
vn 0.9959 0.0755 -0.0492
vn 1.0000 0.0064 -0.0036
vn 1.0000 -0.0004 -0.0015
vn 0.9863 0.0015 0.1652
vn 1.0000 0.0013 0.0085
vn 0.8956 0.0047 0.4448
vn 1.0000 0.0047 0.0080
vn -0.0009 0.9896 0.1441
vn 0.0584 0.6328 0.7721
vn 0.0928 0.6837 0.7238
vn 0.8369 -0.0398 0.5459
vn 0.7002 0.0626 0.7111
vn 0.6740 0.2817 -0.6830
vn 0.6662 0.3776 -0.6432
vn -0.3787 0.5444 0.7484
vn -1.0000 -0.0006 -0.0055
vn -0.9995 -0.0020 -0.0306
vn -0.9373 0.2359 0.2566
vn -0.7198 0.3205 0.6157
vn -0.9516 0.0195 0.3067
vn -0.9071 0.0778 0.4136
vn -0.9995 0.0308 -0.0089
vn 0.5552 0.6177 0.5569
vn -0.0277 0.7797 0.6255
vn 0.4418 0.4314 0.7866
vn 0.7739 0.2126 0.5966
vn 0.6585 0.2969 0.6916
vn 0.7968 0.5049 0.3318
vn -0.6221 -0.1823 0.7615
vn -0.8128 0.5122 0.2774
vn -0.5733 0.2250 0.7879
vn -0.9112 0.1367 0.3886
vn -0.9533 0.1517 0.2610
vn 0.6871 0.3764 -0.6214
vn 0.9540 0.1508 -0.2592
vn 0.4979 0.8633 -0.0820
vn -0.4368 -0.8995 -0.0036
vn -0.3231 -0.9464 -0.0036
vn 0.4044 0.1589 -0.9007
vn 0.3097 0.1251 -0.9426
vn 0.0162 0.9304 -0.3662
vn -0.0040 -0.3397 -0.9405
vn 0.0003 -0.2397 -0.9708
vn -0.0514 0.4552 -0.8889
vn -0.8047 -0.1987 -0.5594
vn -0.1815 -0.5950 -0.7829
vn 0.6565 0.3600 0.6628
vn -0.9076 0.0098 0.4197
vn -0.2305 -0.0560 0.9715
vn -0.6127 -0.1800 0.7696
vn -0.6057 0.3427 0.7180
vn -0.7461 0.6658 -0.0036
vn 0.1953 0.9176 0.3461
vn -0.0465 0.9889 0.1413
vn -0.2092 0.6910 0.6919
vn 0.2384 0.7166 0.6555
vn 0.8488 0.5273 0.0387
vn 0.2591 0.5306 0.8070
vn -0.7851 -0.4708 0.4025
vn -0.5088 -0.2816 0.8136
vn 0.7031 0.6054 0.3730
vn 0.5878 0.1242 0.7994
vn -0.4440 0.2770 0.8522
vn -0.8506 0.5108 0.1251
vn -0.4498 0.3983 0.7994
vn -0.4381 0.3673 0.8205
vn 0.5078 -0.1525 0.8478
vn 0.5460 0.8106 0.2119
vn 0.1149 0.9228 0.3677
vn 0.4408 0.8862 0.1423
vn -0.3495 0.9241 0.1545
vn -0.8873 0.0851 0.4532
vn -0.4718 0.3824 0.7945
vn -0.6695 0.7233 0.1689
vn -0.9268 0.1594 -0.3400
vn -0.3767 0.5140 -0.7707
vn -0.9570 -0.2326 0.1735
vn 0.0017 0.5492 0.8357
vn -0.1412 0.8933 0.4266
vn -0.9245 0.3546 0.1398
vn 0.5497 0.8354 0.0063
vn -0.3896 0.8105 0.4375
vn -0.0207 0.9706 0.2399
vn 0.0368 0.3472 0.9371
vn -0.4796 0.8120 0.3327
vn -0.1518 0.2146 0.9648
vn -0.7045 0.6843 0.1882
vn -0.7464 0.6250 0.2287
vn -0.5072 0.7717 0.3837
vn -0.7001 0.6817 0.2127
vn -0.3113 0.8441 0.4365
vn 0.5577 0.4377 -0.7052
vn 0.7009 0.6926 -0.1705
vn 0.2034 0.8598 0.4684
vn 0.7259 -0.1544 0.6702
vn -0.5666 0.4750 0.6734
vn -0.3047 0.4121 0.8587
vn 0.9024 0.1850 0.3892
vn 0.3001 0.9322 0.2020
vn -0.5385 0.7037 0.4634
vn -0.2043 0.4694 0.8590
vn -0.7458 0.0023 0.6662
vn -0.4260 0.1753 0.8876
vn -0.9617 0.2346 0.1416
vn -0.6164 -0.7357 -0.2808
vn -0.7720 0.0026 -0.6356
vn 0.5364 0.4612 0.7068
vn 0.8373 -0.3188 0.4441
vn 0.3141 -0.1242 0.9413
vn -0.3655 -0.0674 0.9283
vn -0.7840 -0.3850 0.4869
vn 0.8709 0.2189 0.4400
vn 0.8693 -0.0069 0.4942
vn 0.9830 0.0134 -0.1833
vn 0.9187 0.3446 0.1932
vn 0.9608 -0.0178 -0.2767
vn 0.8099 0.3609 0.4624
vn 0.4882 -0.7288 -0.4801
vn 0.3522 -0.4323 -0.8301
vn 0.1841 -0.2149 -0.9591
vn 0.9102 0.0705 -0.4082
vn -0.6403 0.1098 0.7603
vn -0.6784 0.4108 -0.6091
vn -0.9681 0.1644 -0.1893
vn 0.7153 0.0802 0.6942
vn -0.1313 0.7540 0.6436
vn -0.6440 0.2657 0.7174
vn 0.3307 0.0986 0.9386
vn 0.3164 0.0390 0.9478
vn -0.4474 0.1747 0.8771
vn -0.4712 0.2765 0.8376
vn -0.3598 0.4252 0.8305
vn 0.0732 0.1043 0.9919
vn 0.5679 0.1712 0.8051
vn -0.5460 0.7422 0.3886
vn -0.4519 0.7633 0.4618
vn -0.6489 0.5176 -0.5577
vn -0.0335 0.9064 0.4211
vn 0.0961 0.9859 0.1372
vn 0.7104 0.6965 0.1009
vn 0.7441 0.5524 0.3757
vn 0.7210 0.5824 0.3753
vn 0.7124 0.5094 0.4828
vn 0.6927 0.4537 0.5606
vn 0.8002 0.5452 0.2498
vn 0.3627 0.8932 0.2659
vn 0.5727 0.2908 0.7665
vn -0.0114 0.9028 0.4298
vn -0.6600 0.6096 0.4391
vn -0.4154 0.6644 0.6213
vn -0.4022 0.5507 0.7314
vn -0.6811 0.5513 0.4819
vn -0.7067 0.1564 0.6900
vn -0.9097 0.0455 0.4127
vn -0.1092 0.6637 0.7400
vn -0.7824 0.4281 0.4523
vn -0.5653 0.7406 0.3633
vn -0.7133 0.6675 0.2139
vn -0.4687 0.8452 0.2566
vn -0.6564 0.7459 0.1130
vn -0.1139 0.8282 0.5488
vn -0.4205 0.2951 0.8580
vn 0.1581 0.5100 0.8455
vn -0.0405 0.5141 -0.8568
vn -0.0177 0.9758 0.2181
vn -0.5956 0.3326 0.7312
vn -0.9992 -0.0236 0.0311
vn -0.9665 0.2097 0.1477
vn -0.9248 0.2588 -0.2789
vn -0.9927 0.0623 -0.1032
vn -0.9888 0.0449 -0.1426
vn -0.9935 0.0343 -0.1082
vn -0.9124 0.3794 0.1538
vn -0.8190 0.4897 0.2991
vn -0.9593 0.1821 0.2160
vn 0.9800 0.1514 0.1292
vn 0.9938 -0.0618 0.0929
vn 0.9397 -0.0751 0.3335
vn 0.9994 0.0111 0.0323
vn 0.9322 -0.0444 -0.3592
vn 0.5949 0.7807 0.1914
vn 0.9940 0.0684 0.0855
vn 0.9180 0.2324 0.3213
vn -0.7731 -0.0397 0.6331
vn 0.0188 0.9864 0.1636
vn 0.0191 0.8427 0.5380
vn 0.1169 0.6131 0.7813
vn 0.3947 0.9143 -0.0916
vn 0.7921 0.4777 0.3801
vn 0.3971 0.5301 0.7492
vn 0.6590 0.4052 0.6336
vn 0.9788 0.0009 0.2047
vn 0.9759 -0.0498 0.2123
vn 0.8266 0.5216 -0.2114
vn 0.4595 0.1807 0.8696
vn 0.9915 0.1047 0.0765
vn 0.9891 0.0760 0.1263
vn 0.9998 0.0175 0.0034
vn 0.9959 0.0754 -0.0492
vn 0.8956 0.0047 0.4449
vn 0.8108 -0.2144 0.5446
vn -0.5027 -0.5648 0.6544
vn -0.5675 0.5602 0.6034
vt 0.250043 0.000087
vt 0.500000 0.000087
vt 0.500000 0.250043
vt 0.250043 0.250043
vt 0.500000 0.500000
vt 0.250043 0.500000
vt 0.500000 0.749957
vt 0.250043 0.749957
vt 0.824434 0.057067
vt 0.838537 0.714073
vt 0.181531 0.728176
vt 0.167428 0.071170
vt 0.000087 0.500000
vt 0.000087 0.749957
vt 0.749957 0.500000
vt 0.749957 0.749957
vt 1.729492 0.662354
vt 1.729492 0.671631
vt 1.724609 0.680420
vt 1.723633 0.685059
vt 1.727539 0.657959
vt 1.727539 0.641357
vt 1.668945 0.640381
vt 1.720703 0.695068
vt 1.723633 0.685791
vt 1.724609 0.690186
vt 1.724609 0.703369
vt 1.723633 0.718506
vt 1.720703 0.759888
vt 1.723633 0.757446
vt 1.724609 0.765015
vt 1.726562 0.768433
vt 1.729492 0.780762
vt 1.728516 0.770874
vt 1.729492 0.801392
vt 1.668945 0.802246
vt 1.724609 0.802856
vt 1.729492 0.640381
vt 1.730469 0.642578
vt 1.729492 0.652100
vt 1.765625 0.098145
vt 1.762695 0.088379
vt 1.765625 0.012207
vt 1.766602 0.010254
vt 1.768555 0.102539
vt 1.769531 0.004395
vt 1.832031 0.028320
vt 1.833008 0.012207
vt 1.833984 0.007324
vt 1.835938 0.003906
vt 1.834961 0.021484
vt 1.834961 0.025391
vt 1.769531 0.112305
vt 1.829102 0.408203
vt 1.762695 0.387695
vt 1.767578 0.117676
vt 1.765625 0.116699
vt 1.764648 0.396973
vt 1.762695 0.199219
vt 1.757812 0.398438
vt 1.829102 0.437500
vt 1.761719 0.400391
vt 1.828125 0.447266
vt 1.828125 0.459473
vt 1.829102 0.493652
vt 1.767578 0.579834
vt 1.832031 0.573730
vt 1.831055 0.568848
vt 1.833984 0.553223
vt 1.833008 0.491211
vt 1.832031 0.471680
vt 1.834961 0.574463
vt 1.835938 0.580811
vt 1.829102 0.580322
vt 1.766602 0.582520
vt 1.762695 0.576172
vt 1.761719 0.575439
vt 1.759766 0.400879
vt 1.829102 0.415527
vt 1.831055 0.417969
vt 1.831055 0.437012
vt 1.764648 0.115234
vt 1.765625 0.109863
vt 1.763672 0.107910
vt 1.831055 0.406738
vt 1.834961 0.013184
vt 1.546875 0.096680
vt 1.547852 0.464355
vt 1.544922 0.437012
vt 1.546875 0.464355
vt 1.542969 0.471191
vt 1.542969 0.088379
vt 1.541992 0.589844
vt 1.543945 0.541748
vt 1.544922 0.475098
vt 1.544922 0.536621
vt 1.547852 0.540039
vt 1.547852 0.558594
vt 1.544922 0.564453
vt 1.544922 0.582031
vt 1.550781 0.590576
vt 1.544922 0.592041
vt 1.522461 0.176758
vt 1.525391 0.568604
vt 1.433594 0.589600
vt 1.453125 0.566162
vt 1.429688 0.581055
vt 1.428711 0.583252
vt 1.426758 0.589355
vt 1.431641 0.504395
vt 1.432617 0.492188
vt 1.434570 0.482910
vt 1.453125 0.176758
vt 1.457031 0.180176
vt 1.522461 0.566162
vt 1.457031 0.562988
vt 1.519531 0.562988
vt 1.519531 0.180176
vt 1.458984 0.182129
vt 1.458008 0.561035
vt 1.463867 0.187500
vt 1.461914 0.219727
vt 1.513672 0.187988
vt 1.517578 0.182617
vt 1.462891 0.550537
vt 1.463867 0.219238
vt 1.462891 0.216797
vt 1.465820 0.189453
vt 1.465820 0.553711
vt 1.464844 0.556152
vt 1.467773 0.190430
vt 1.509766 0.553711
vt 1.511719 0.554688
vt 1.466797 0.552734
vt 1.469727 0.550537
vt 1.504883 0.549805
vt 1.472656 0.193848
vt 1.506836 0.192383
vt 1.509766 0.189453
vt 1.517578 0.561035
vt 1.513672 0.555664
vt 1.522461 0.539795
vt 1.523438 0.552490
vt 1.454102 0.137207
vt 1.522461 0.137695
vt 1.433594 0.191895
vt 1.430664 0.392090
vt 1.443359 0.011719
vt 1.434570 0.013184
vt 1.431641 0.189453
vt 1.455078 0.020996
vt 1.542969 0.020508
vt 1.522461 0.021484
vt 1.479492 0.011719
vt 1.457031 0.134277
vt 1.458984 0.024414
vt 1.519531 0.024414
vt 1.523438 0.075195
vt 1.526367 0.080078
vt 1.521484 0.079590
vt 1.519531 0.134277
vt 1.517578 0.132324
vt 1.495117 0.128906
vt 1.491211 0.132812
vt 1.512695 0.127441
vt 1.517578 0.026367
vt 1.513672 0.031250
vt 1.510742 0.034180
vt 1.502930 0.034180
vt 1.509766 0.125488
vt 1.464844 0.031250
vt 1.460938 0.025879
vt 1.468750 0.034180
vt 1.507812 0.036621
vt 1.471680 0.036621
vt 1.506836 0.122070
vt 1.470703 0.122070
vt 1.466797 0.125488
vt 1.491211 0.126953
vt 1.463867 0.126953
vt 1.466797 0.041504
vt 1.488281 0.128418
vt 1.458984 0.132324
vt 1.545898 0.022461
vt 1.543945 0.011230
vt 1.483398 0.008301
vt 1.480469 0.006348
vt 1.461914 0.008301
vt 1.444336 0.006348
vt 1.439453 0.009766
vt 1.441406 0.003906
vt 1.434570 0.008789
vt 1.437500 0.004395
vt 1.433594 0.005859
vt 1.430664 0.007324
vt 1.433594 0.012695
vt 1.545898 0.008789
vt 1.550781 0.009766
vt 1.550781 0.013672
vt 1.549805 0.020996
vt 1.547852 0.023926
vt 1.544922 0.082520
vt 1.430664 0.477051
vt 1.430664 0.481934
vt 1.431641 0.484375
vt 1.426758 0.490234
vt 1.428711 0.494141
vt 1.853516 0.006348
vt 1.864258 0.007812
vt 1.853516 0.010742
vt 1.918945 0.010254
vt 1.868164 0.006348
vt 1.913086 0.006348
vt 1.914062 0.003906
vt 1.917969 0.004395
vt 1.853516 0.018066
vt 1.852539 0.462402
vt 1.916992 0.401367
vt 1.918945 0.397949
vt 1.920898 0.400879
vt 1.918945 0.405273
vt 1.916016 0.409668
vt 1.920898 0.407227
vt 1.918945 0.411621
vt 1.917969 0.414062
vt 1.918945 0.564209
vt 1.919922 0.559326
vt 1.916016 0.571533
vt 1.855469 0.581299
vt 1.850586 0.470215
vt 1.852539 0.468750
vt 1.916016 0.581299
vt 1.846680 0.463379
vt 1.847656 0.467773
vt 1.850586 0.531982
vt 1.847656 0.528809
vt 1.850586 0.550781
vt 1.848633 0.556641
vt 1.848633 0.573975
vt 1.850586 0.457031
vt 1.851562 0.081055
vt 1.850586 0.091797
vt 1.846680 0.083496
vt 1.847656 0.078125
vt 1.850586 0.020996
vt 1.801758 0.764526
vt 1.805664 0.761353
vt 1.867188 0.762329
vt 1.870117 0.764648
vt 1.870117 0.871704
vt 1.800781 0.869507
vt 1.803711 0.870972
vt 1.870117 0.874390
vt 1.803711 0.874146
vt 1.797852 0.869141
vt 1.798828 0.766602
vt 1.884766 0.814697
vt 1.945312 0.807129
vt 1.881836 0.816528
vt 1.949219 0.826660
vt 1.881836 0.852173
vt 1.950195 0.810425
vt 1.882812 0.806519
vt 1.885742 0.810669
vt 1.948242 0.831787
vt 1.951172 0.856445
vt 1.946289 0.883484
vt 1.880859 0.913025
vt 1.949219 0.883484
vt 1.948242 0.889954
vt 1.945312 0.899963
vt 1.943359 0.914062
vt 1.892578 0.913330
vt 1.950195 0.893005
vt 1.947266 0.914001
vt 1.949219 0.902161
vt 1.949219 0.907593
vt 1.898438 0.916138
vt 1.894531 0.917297
vt 1.883789 0.915710
vt 1.878906 0.913452
vt 1.878906 0.854126
vt 1.878906 0.834106
vt 1.560547 0.010742
vt 1.560547 0.003906
vt 1.563477 0.012207
vt 1.571289 0.011719
vt 1.567383 0.016113
vt 1.586914 0.012695
vt 1.577148 0.011719
vt 1.585938 0.010742
vt 1.588867 0.010254
vt 1.594727 0.010742
vt 1.592773 0.014648
vt 1.622070 0.010254
vt 1.648438 0.012695
vt 1.646484 0.009277
vt 1.651367 0.009766
vt 1.667969 0.010254
vt 1.670898 0.015625
vt 1.670898 0.099121
vt 1.673828 0.036621
vt 1.670898 0.125488
vt 1.673828 0.118652
vt 1.675781 0.131836
vt 1.676758 0.144043
vt 1.672852 0.144043
vt 1.670898 0.133789
vt 1.671875 0.147949
vt 1.671875 0.153320
vt 1.674805 0.153809
vt 1.673828 0.155273
vt 1.673828 0.174316
vt 1.670898 0.175781
vt 1.674805 0.176758
vt 1.674805 0.184570
vt 1.670898 0.186035
vt 1.673828 0.186523
vt 1.672852 0.565430
vt 1.671875 0.565430
vt 1.672852 0.187012
vt 1.666016 0.572021
vt 1.564453 0.399414
vt 1.568359 0.407715
vt 1.564453 0.413086
vt 1.667969 0.586426
vt 1.670898 0.569092
vt 1.670898 0.577393
vt 1.672852 0.583496
vt 1.671875 0.586914
vt 1.565430 0.565186
vt 1.669922 0.588623
vt 1.564453 0.575195
vt 1.564453 0.588867
vt 1.560547 0.587402
vt 1.560547 0.577881
vt 1.563477 0.589355
vt 1.562500 0.572021
vt 1.561523 0.570312
vt 1.561523 0.565430
vt 1.561523 0.417480
vt 1.563477 0.411133
vt 1.564453 0.406250
vt 1.561523 0.404297
vt 1.562500 0.016602
vt 0.691406 0.113281
vt 0.691406 0.116699
vt 0.691406 0.112793
vt 0.691406 0.145508
vt 0.691406 0.148926
vt 0.690430 0.148926
vt 0.682617 0.148438
vt 0.683105 0.147461
vt 0.684082 0.144531
vt 0.689941 0.145508
vt 0.689941 0.113281
vt 0.876953 0.179199
vt 0.882812 0.210449
vt 0.877930 0.216309
vt 0.868164 0.179688
vt 0.880859 0.215820
vt 0.875977 0.220215
vt 0.875488 0.225586
vt 0.865234 0.226562
vt 0.864746 0.222656
vt 0.880859 0.177734
vt 0.892578 0.206543
vt 0.874512 0.212402
vt 0.864258 0.211914
vt 0.864258 0.180664
vt 0.864746 0.217285
vt 0.875977 0.217285
vt 0.864258 0.220215
vt 0.882324 0.177734
vt 0.731445 0.846069
vt 0.731445 0.840454
vt 0.741699 0.841553
vt 0.741211 0.845459
vt 0.747070 0.833130
vt 0.746094 0.836914
vt 0.744629 0.817627
vt 0.756836 0.830322
vt 0.750488 0.813965
vt 0.739746 0.838257
vt 0.740234 0.834473
vt 0.730957 0.835205
vt 0.737793 0.816772
vt 0.730957 0.817017
vt 0.742188 0.838013
vt 0.980469 0.061523
vt 0.990723 0.087402
vt 0.982910 0.089844
vt 0.978027 0.062500
vt 0.978027 0.091309
vt 0.971680 0.063965
vt 0.981445 0.093262
vt 0.978027 0.093750
vt 0.969238 0.096680
vt 0.978516 0.097168
vt 0.978027 0.101074
vt 0.970215 0.101562
vt 0.969727 0.094727
vt 0.977051 0.094238
vt 0.969238 0.091797
vt 0.976074 0.090820
vt 0.969238 0.064453
vt 0.878418 0.352051
vt 0.892578 0.348145
vt 0.884277 0.361328
vt 0.877441 0.354004
vt 0.878418 0.346191
vt 0.848145 0.314453
vt 0.878418 0.325195
vt 0.886230 0.323730
vt 0.886719 0.317383
vt 0.895508 0.293945
vt 0.897461 0.308105
vt 0.897461 0.333496
vt 0.898926 0.322266
vt 0.898926 0.304199
vt 0.897461 0.294922
vt 0.896484 0.291016
vt 0.866211 0.256836
vt 0.879395 0.291504
vt 0.864258 0.270996
vt 0.863770 0.252930
vt 0.862305 0.285156
vt 0.860352 0.286133
vt 0.880859 0.295898
vt 0.878418 0.297852
vt 0.875000 0.298340
vt 0.858887 0.293457
vt 0.856445 0.299805
vt 0.885254 0.321289
vt 0.852539 0.308594
vt 0.559082 0.065430
vt 0.551270 0.055664
vt 0.564453 0.046875
vt 0.564453 0.065430
vt 0.564941 0.074707
vt 0.554199 0.029785
vt 0.563965 0.035645
vt 0.550781 0.045410
vt 0.562500 0.028809
vt 0.563965 0.020508
vt 0.562500 0.016602
vt 0.564941 0.005371
vt 0.553223 0.008301
vt 0.553223 0.013184
vt 0.553223 0.003906
vt 0.550293 0.012695
vt 0.550781 0.007812
vt 0.554688 0.023438
vt 0.552734 0.019531
vt 0.549316 0.022949
vt 0.549316 0.020020
vt 0.553223 0.024902
vt 0.550293 0.030273
vt 0.720703 0.666748
vt 0.710449 0.639893
vt 0.712402 0.640869
vt 0.729004 0.626465
vt 0.730957 0.630615
vt 0.727539 0.626953
vt 0.732422 0.630859
vt 0.732910 0.636475
vt 0.730957 0.633545
vt 0.723633 0.635254
vt 0.731445 0.637207
vt 0.722656 0.633301
vt 0.728027 0.654785
vt 0.721191 0.634766
vt 0.725586 0.665771
vt 0.722656 0.666260
vt 0.719238 0.638672
vt 0.729004 0.665527
vt 0.732910 0.665283
vt 0.721191 0.629395
vt 0.239868 0.715820
vt 0.246216 0.731689
vt 0.244507 0.731689
vt 0.238159 0.713135
vt 0.248779 0.712402
vt 0.251709 0.729492
vt 0.253662 0.711426
vt 0.258545 0.728760
vt 0.255615 0.711182
vt 0.263916 0.710205
vt 0.265381 0.728271
vt 0.265381 0.709961
vt 0.263428 0.706299
vt 0.263916 0.703857
vt 0.260986 0.704834
vt 0.262939 0.700195
vt 0.254639 0.707764
vt 0.252930 0.706055
vt 0.261719 0.701904
vt 0.251953 0.701904
vt 0.260498 0.698486
vt 0.250488 0.708252
vt 0.253174 0.708008
vt 0.979004 0.243164
vt 0.973145 0.228516
vt 0.974609 0.227539
vt 0.989746 0.215820
vt 0.991211 0.220703
vt 0.989258 0.217773
vt 0.983887 0.222656
vt 0.991699 0.224609
vt 0.985352 0.226074
vt 0.993164 0.223633
vt 0.983887 0.218750
vt 0.981934 0.223633
vt 0.981445 0.227051
vt 0.979492 0.226562
vt 0.988281 0.242188
vt 0.982910 0.242188
vt 0.991699 0.241699
vt 0.993164 0.241211
vt 0.018631 0.320312
vt 0.008339 0.320801
vt 0.008675 0.277832
vt 0.012291 0.276855
vt 0.019974 0.320312
vt 0.006695 0.322754
vt 0.003906 0.325195
vt 0.003906 0.279785
vt 0.003906 0.278320
vt 0.006432 0.325195
vt 0.004478 0.328125
vt 0.016769 0.330078
vt 0.015945 0.332520
vt 0.017990 0.324707
vt 0.019348 0.324707
vt 0.837402 0.113770
vt 0.835449 0.114746
vt 0.833008 0.098633
vt 0.832031 0.097656
vt 0.841309 0.111816
vt 0.839355 0.096191
vt 0.843750 0.094238
vt 0.846191 0.111328
vt 0.851074 0.096191
vt 0.850586 0.111816
vt 0.851562 0.091797
vt 0.843262 0.089355
vt 0.850098 0.087402
vt 0.851562 0.110352
vt 0.851562 0.087402
vt 0.245850 0.697754
vt 0.242676 0.704346
vt 0.242065 0.697266
vt 0.254395 0.683105
vt 0.240723 0.683594
vt 0.261719 0.671875
vt 0.239868 0.671631
vt 0.239746 0.663330
vt 0.261475 0.662842
vt 0.239380 0.657715
vt 0.261230 0.657471
vt 0.238159 0.652588
vt 0.266357 0.649902
vt 0.266113 0.652344
vt 0.262695 0.659912
vt 0.266357 0.659180
vt 0.263428 0.660889
vt 0.755859 0.685303
vt 0.758301 0.685059
vt 0.757812 0.809570
vt 0.754883 0.793579
vt 0.760254 0.813232
vt 0.759277 0.684326
vt 0.760254 0.681396
vt 0.825684 0.681641
vt 0.825684 0.813232
vt 0.763672 0.814819
vt 0.826172 0.815063
vt 0.825684 0.818237
vt 0.763672 0.818237
vt 0.763672 0.679688
vt 0.826172 0.679688
vt 0.764160 0.676514
vt 0.826172 0.676270
vt 0.746094 0.342773
vt 0.746582 0.335449
vt 0.749023 0.342773
vt 0.754883 0.269531
vt 0.746582 0.269531
vt 0.732910 0.268066
vt 0.732910 0.255371
vt 0.738770 0.256348
vt 0.765625 0.255859
vt 0.742188 0.165039
vt 0.769043 0.166016
vt 0.714355 0.158691
vt 0.713867 0.165039
vt 0.797363 0.166992
vt 0.713379 0.120605
vt 0.798340 0.128906
vt 0.711426 0.122070
vt 0.705078 0.157715
vt 0.711914 0.118164
vt 0.715820 0.004883
vt 0.700195 0.108887
vt 0.700195 0.118164
vt 0.696777 0.060547
vt 0.687500 0.107910
vt 0.690430 0.056152
vt 0.690430 0.004883
vt 0.690430 0.060059
vt 0.687012 0.005371
vt 0.686523 0.055664
vt 0.691895 0.003906
vt 0.823242 0.004395
vt 0.799316 0.005371
vt 0.824707 0.005859
vt 0.823730 0.057129
vt 0.816895 0.061035
vt 0.828125 0.006348
vt 0.828125 0.056641
vt 0.823730 0.061035
vt 0.813477 0.109863
vt 0.825195 0.109863
vt 0.818359 0.061035
vt 0.817871 0.062500
vt 0.826172 0.107422
vt 0.801270 0.119629
vt 0.813477 0.119629
vt 0.809082 0.160156
vt 0.799805 0.126465
vt 0.800293 0.156738
vt 0.798340 0.159668
vt 0.766602 0.255859
vt 0.771484 0.256836
vt 0.769531 0.270996
vt 0.263672 0.555420
vt 0.263672 0.552246
vt 0.264893 0.557861
vt 0.266602 0.550781
vt 0.267090 0.557617
vt 0.266113 0.543945
vt 0.276611 0.544922
vt 0.277344 0.551025
vt 0.278320 0.559814
vt 0.269043 0.564453
vt 0.271729 0.568359
vt 0.282471 0.571289
vt 0.274170 0.573486
vt 0.283447 0.569824
vt 0.304443 0.569336
vt 0.299561 0.576660
vt 0.295166 0.587891
vt 0.290283 0.583984
vt 0.279541 0.590820
vt 0.294189 0.590332
vt 0.300537 0.598145
vt 0.296631 0.603516
vt 0.306641 0.606689
vt 0.282715 0.597656
vt 0.327148 0.614990
vt 0.353271 0.622559
vt 0.321045 0.598877
vt 0.324951 0.600586
vt 0.341309 0.597412
vt 0.347412 0.608887
vt 0.356201 0.625000
vt 0.320068 0.596191
vt 0.304688 0.582031
vt 0.322754 0.592041
vt 0.339600 0.583008
vt 0.339355 0.588379
vt 0.306641 0.580811
vt 0.302979 0.578857
vt 0.302002 0.576660
vt 0.301514 0.574707
vt 0.270752 0.575439
vt 0.290283 0.552979
vt 0.333984 0.562256
vt 0.334473 0.555176
vt 0.285889 0.547852
vt 0.284912 0.544434
vt 0.279053 0.528809
vt 0.290039 0.540283
vt 0.301025 0.493652
vt 0.296875 0.514160
vt 0.297119 0.517822
vt 0.302002 0.522461
vt 0.333008 0.532959
vt 0.302734 0.521240
vt 0.332520 0.525879
vt 0.299561 0.519043
vt 0.298340 0.515381
vt 0.303223 0.513184
vt 0.305908 0.511963
vt 0.335449 0.513428
vt 0.336182 0.511963
vt 0.317627 0.501465
vt 0.316650 0.497070
vt 0.308105 0.486816
vt 0.322510 0.494141
vt 0.304199 0.487305
vt 0.351562 0.473633
vt 0.343994 0.488770
vt 0.356201 0.472168
vt 0.339600 0.500488
vt 0.298096 0.494629
vt 0.293701 0.490723
vt 0.287842 0.508789
vt 0.281250 0.495117
vt 0.276123 0.503174
vt 0.280029 0.521973
vt 0.268066 0.518799
vt 0.272705 0.520264
vt 0.270996 0.521240
vt 0.270020 0.526855
vt 0.276855 0.535889
vt 0.268555 0.530762
vt 0.265137 0.527832
vt 0.265137 0.530029
vt 0.266357 0.526123
vt 0.267822 0.535156
vt 0.266602 0.537842
vt 0.263428 0.543213
vt 0.264160 0.537598
vt 0.262451 0.542236
vt 0.262451 0.538574
vt 0.336182 0.507324
vt 0.337646 0.506348
vt 0.268311 0.569092
vt 0.266357 0.565674
vt 0.266602 0.568848
vt 0.469727 0.887024
vt 0.485840 0.889526
vt 0.485352 0.893188
vt 0.469971 0.893433
vt 0.468262 0.894836
vt 0.484863 0.884277
vt 0.467041 0.883911
vt 0.470459 0.882080
vt 0.471436 0.875000
vt 0.487061 0.880859
vt 0.486572 0.879028
vt 0.466553 0.881653
vt 0.467773 0.873901
vt 0.462646 0.880249
vt 0.463867 0.874023
vt 0.464844 0.872314
vt 0.399414 0.737549
vt 0.395752 0.688232
vt 0.400635 0.688965
vt 0.400635 0.737305
vt 0.397217 0.738037
vt 0.396729 0.739258
vt 0.384521 0.739014
vt 0.395752 0.731934
vt 0.385498 0.730469
vt 0.392822 0.688232
vt 0.383545 0.731934
vt 0.385254 0.735840
vt 0.874512 0.166016
vt 0.873535 0.168457
vt 0.864258 0.171875
vt 0.864258 0.168945
vt 0.874023 0.173340
vt 0.865723 0.175781
vt 0.874023 0.164062
vt 0.862793 0.166992
vt 0.861328 0.161621
vt 0.871582 0.160156
vt 0.859863 0.162109
vt 0.859863 0.130371
vt 0.861816 0.129395
vt 0.866211 0.129395
vt 0.875977 0.165039
vt 0.878418 0.159180
vt 0.874512 0.126953
vt 0.879395 0.125488
vt 0.888672 0.156250
vt 0.880371 0.159180
vt 0.878418 0.164062
vt 0.642578 0.791138
vt 0.640625 0.791626
vt 0.644043 0.783936
vt 0.636719 0.790649
vt 0.643066 0.782837
vt 0.631836 0.790039
vt 0.628418 0.804443
vt 0.632812 0.798828
vt 0.633789 0.806763
vt 0.637207 0.802246
vt 0.636719 0.800537
vt 0.624023 0.804932
vt 0.624023 0.810303
vt 0.629395 0.814575
vt 0.619141 0.825195
vt 0.613281 0.819824
vt 0.597656 0.834839
vt 0.603516 0.827881
vt 0.602051 0.840332
vt 0.590332 0.839478
vt 0.610352 0.816650
vt 0.598633 0.829590
vt 0.583984 0.840210
vt 0.594727 0.830811
vt 0.592773 0.830078
vt 0.607910 0.814697
vt 0.583008 0.835327
vt 0.596191 0.824707
vt 0.621582 0.802490
vt 0.619141 0.801392
vt 0.612793 0.807007
vt 0.577148 0.726562
vt 0.622559 0.792236
vt 0.627441 0.788696
vt 0.627441 0.775757
vt 0.625977 0.762085
vt 0.629395 0.761230
vt 0.631348 0.775146
vt 0.616699 0.743896
vt 0.595215 0.720215
vt 0.622559 0.747314
vt 0.611328 0.732422
vt 0.623535 0.746094
vt 0.596680 0.717285
vt 0.610840 0.729980
vt 0.598145 0.716797
vt 0.586914 0.708740
vt 0.586914 0.707275
vt 0.585449 0.711426
vt 0.581543 0.708740
vt 0.581543 0.704590
vt 0.589844 0.705811
vt 0.600098 0.714111
vt 0.604492 0.707764
vt 0.614746 0.729980
vt 0.622559 0.723633
vt 0.609375 0.709473
vt 0.630859 0.735352
vt 0.626465 0.739258
vt 0.631836 0.733398
vt 0.626465 0.745117
vt 0.630371 0.745605
vt 0.633301 0.760132
vt 0.636230 0.743408
vt 0.635254 0.751343
vt 0.639648 0.748779
vt 0.637695 0.743652
vt 0.638672 0.760498
vt 0.635254 0.775513
vt 0.643066 0.760376
vt 0.645020 0.761230
vt 0.645020 0.768066
vt 0.640625 0.769409
vt 0.640137 0.776001
vt 0.641602 0.770630
vt 0.644531 0.769409
vt 0.641602 0.781006
vt 0.639648 0.782104
vt 0.628906 0.787842
vt 0.577148 0.837891
vt 0.578125 0.840332
vt 0.578125 0.841797
vt 0.578613 0.844971
vt 0.583008 0.842529
vt 0.586914 0.843506
vt 0.605957 0.839233
vt 0.621582 0.824707
vt 0.914062 0.676514
vt 0.919434 0.710693
vt 0.917969 0.708984
vt 0.890137 0.722656
vt 0.888184 0.721436
vt 0.890137 0.717773
vt 0.900391 0.718262
vt 0.899902 0.722656
vt 0.900879 0.715820
vt 0.889160 0.714844
vt 0.889648 0.708740
vt 0.899414 0.709717
vt 0.899414 0.713379
vt 0.888184 0.707031
vt 0.908203 0.709961
vt 0.905762 0.713867
vt 0.903809 0.714844
vt 0.900879 0.708984
vt 0.907227 0.708008
vt 0.900879 0.713379
vt 0.900879 0.678223
vt 0.895996 0.677979
vt 0.895508 0.676758
vt 0.907715 0.677734
vt 0.909180 0.677002
vt 0.912598 0.052246
vt 0.912109 0.058594
vt 0.907715 0.050781
vt 0.914062 0.037598
vt 0.900391 0.036621
vt 0.892578 0.025391
vt 0.913574 0.028809
vt 0.894043 0.016113
vt 0.914551 0.021973
vt 0.893066 0.014160
vt 0.891113 0.024414
vt 0.897461 0.010742
vt 0.915039 0.014648
vt 0.916992 0.006836
vt 0.888184 0.013672
vt 0.889160 0.004395
vt 0.888184 0.003906
vt 0.060028 0.932068
vt 0.058777 0.928650
vt 0.060242 0.928528
vt 0.040253 0.942352
vt 0.041748 0.943176
vt 0.050018 0.969055
vt 0.048645 0.940155
vt 0.052765 0.968201
vt 0.053497 0.935669
vt 0.052582 0.931702
vt 0.051361 0.936462
vt 0.054779 0.939240
vt 0.058960 0.967407
vt 0.061615 0.934692
vt 0.062012 0.939667
vt 0.063293 0.940796
vt 0.063721 0.935730
vt 0.062622 0.932495
vt 0.061127 0.967438
vt 0.063721 0.968018
vt 0.920898 0.171875
vt 0.921387 0.179199
vt 0.916992 0.173340
vt 0.906250 0.160156
vt 0.920410 0.159180
vt 0.917969 0.146973
vt 0.896973 0.150391
vt 0.908203 0.139648
vt 0.896973 0.147461
vt 0.895508 0.148926
vt 0.895508 0.137207
vt 0.894043 0.138184
vt 0.890137 0.137695
vt 0.890137 0.127441
vt 0.888184 0.136719
vt 0.890137 0.119141
vt 0.891602 0.117676
vt 0.895996 0.119141
vt 0.918457 0.119629
vt 0.917969 0.126465
vt 0.899414 0.113770
vt 0.895996 0.106445
vt 0.894531 0.107910
vt 0.904297 0.104980
vt 0.917969 0.109375
vt 0.907227 0.095703
vt 0.919922 0.097656
vt 0.919922 0.080566
vt 0.921387 0.084961
vt 0.916016 0.083496
vt 0.920898 0.076172
vt 0.905273 0.095703
vt 0.916016 0.131836
vt 0.917969 0.137695
vt 0.667480 0.560059
vt 0.671875 0.557129
vt 0.683594 0.586670
vt 0.673340 0.590088
vt 0.684570 0.586914
vt 0.655273 0.605713
vt 0.654297 0.605957
vt 0.654785 0.600342
vt 0.666504 0.600342
vt 0.666016 0.605713
vt 0.664062 0.598145
vt 0.654785 0.598633
vt 0.654785 0.595947
vt 0.665039 0.595703
vt 0.665039 0.592041
vt 0.654785 0.591797
vt 0.658203 0.560547
vt 0.654297 0.559570
vt 0.666016 0.591797
vt 0.659668 0.560547
vt 0.671387 0.595459
vt 0.666992 0.594971
vt 0.183594 0.969330
vt 0.181763 0.968445
vt 0.177612 0.952271
vt 0.178955 0.952271
vt 0.198486 0.936829
vt 0.199829 0.936218
vt 0.200806 0.940399
vt 0.192139 0.943726
vt 0.190308 0.939789
vt 0.201660 0.943146
vt 0.191162 0.945831
vt 0.202515 0.948242
vt 0.193726 0.949463
vt 0.203857 0.947662
vt 0.203857 0.965485
vt 0.202515 0.966370
vt 0.196411 0.966309
vt 0.189331 0.967804
vt 0.187256 0.949585
vt 0.188721 0.945557
vt 0.150513 0.911560
vt 0.150269 0.907715
vt 0.152222 0.911621
vt 0.178223 0.890076
vt 0.176636 0.889221
vt 0.162598 0.848267
vt 0.161865 0.849731
vt 0.166626 0.892761
vt 0.159180 0.850952
vt 0.161987 0.908020
vt 0.161133 0.902039
vt 0.164429 0.898560
vt 0.157715 0.893921
vt 0.161011 0.899048
vt 0.148804 0.904846
vt 0.148193 0.901611
vt 0.159912 0.898926
vt 0.146851 0.903137
vt 0.156494 0.894409
vt 0.146606 0.895447
vt 0.146484 0.850952
vt 0.149414 0.852539
vt 0.145264 0.851562
vt 0.145264 0.896851
vt 0.243896 0.844971
vt 0.239624 0.850464
vt 0.235352 0.852905
vt 0.231201 0.854126
vt 0.246948 0.839355
vt 0.239624 0.830200
vt 0.233521 0.838135
vt 0.230103 0.840088
vt 0.226074 0.836792
vt 0.229980 0.835571
vt 0.235229 0.805908
vt 0.226807 0.747559
vt 0.226074 0.747070
vt 0.236450 0.746338
vt 0.235229 0.830444
vt 0.236084 0.819946
vt 0.241089 0.746338
vt 0.250488 0.742920
vt 0.248779 0.800171
vt 0.250244 0.801758
vt 0.259766 0.747314
vt 0.260498 0.746094
vt 0.264160 0.746826
vt 0.261475 0.830078
vt 0.257568 0.830688
vt 0.265625 0.748047
vt 0.262695 0.829712
vt 0.283203 0.749268
vt 0.271973 0.837158
vt 0.279053 0.830200
vt 0.284424 0.747559
vt 0.279785 0.831421
vt 0.288818 0.748779
vt 0.283447 0.831665
vt 0.284668 0.831665
vt 0.290039 0.841675
vt 0.298584 0.744873
vt 0.294434 0.793091
vt 0.306641 0.750122
vt 0.296143 0.790771
vt 0.298340 0.742676
vt 0.293457 0.839111
vt 0.294434 0.805786
vt 0.303711 0.785400
vt 0.300537 0.833130
vt 0.305908 0.842407
vt 0.296875 0.849487
vt 0.291992 0.841064
vt 0.291992 0.832764
vt 0.307861 0.749756
vt 0.305908 0.782959
vt 0.304199 0.796021
vt 0.302002 0.833862
vt 0.304932 0.833984
vt 0.310059 0.840820
vt 0.311523 0.749512
vt 0.306396 0.833862
vt 0.318604 0.751099
vt 0.313965 0.842407
vt 0.314697 0.843140
vt 0.321289 0.751099
vt 0.309814 0.845825
vt 0.303467 0.856934
vt 0.305420 0.858154
vt 0.299805 0.854492
vt 0.276855 0.838501
vt 0.274658 0.853149
vt 0.281494 0.850098
vt 0.263672 0.852173
vt 0.250000 0.836914
vt 0.270508 0.854004
vt 0.270752 0.840454
vt 0.267090 0.836182
vt 0.265625 0.838989
vt 0.249023 0.822510
vt 0.248901 0.839600
vt 0.255859 0.846313
vt 0.198975 0.886658
vt 0.197266 0.886292
vt 0.191406 0.872925
vt 0.189087 0.869385
vt 0.197266 0.867676
vt 0.202637 0.884827
vt 0.204834 0.861938
vt 0.200806 0.867920
vt 0.208130 0.865723
vt 0.202148 0.869629
vt 0.212036 0.882446
vt 0.207520 0.882263
vt 0.215088 0.882080
vt 0.716309 0.247559
vt 0.729980 0.281250
vt 0.722168 0.284180
vt 0.717773 0.292969
vt 0.718262 0.296387
vt 0.709961 0.298340
vt 0.709473 0.294434
vt 0.708496 0.297852
vt 0.731445 0.282227
vt 0.714844 0.249512
vt 0.713867 0.248047
vt 0.708496 0.250488
vt 0.708496 0.249023
vt 0.706543 0.249512
vt 0.714844 0.285156
vt 0.707520 0.286133
vt 0.706543 0.287109
vt 0.708008 0.289551
vt 0.708008 0.292480
vt 0.717285 0.290527
vt 0.716309 0.287109
vt 0.721191 0.287598
vt 0.719238 0.289551
vt 0.459229 0.880066
vt 0.421875 0.879761
vt 0.458496 0.878845
vt 0.458496 0.875366
vt 0.412842 0.875427
vt 0.418457 0.883911
vt 0.413574 0.894104
vt 0.420166 0.884949
vt 0.421387 0.888367
vt 0.411865 0.882690
vt 0.459961 0.890076
vt 0.434814 0.899353
vt 0.430420 0.901855
vt 0.426025 0.912292
vt 0.417725 0.903076
vt 0.430420 0.905823
vt 0.435059 0.907593
vt 0.462891 0.901917
vt 0.448242 0.911255
vt 0.448975 0.915039
vt 0.443359 0.924377
vt 0.435791 0.920898
vt 0.441406 0.925110
vt 0.453369 0.916504
vt 0.476074 0.920715
vt 0.482422 0.925354
vt 0.459961 0.926392
vt 0.465576 0.908936
vt 0.466064 0.907043
vt 0.477539 0.920166
vt 0.462158 0.899048
vt 0.459229 0.887207
vt 0.432129 0.867798
vt 0.428955 0.862915
vt 0.434570 0.847900
vt 0.424805 0.856201
vt 0.442139 0.843750
vt 0.437012 0.843994
vt 0.447998 0.856201
vt 0.434814 0.859985
vt 0.440430 0.841431
vt 0.450684 0.841919
vt 0.477539 0.842896
vt 0.477539 0.841187
vt 0.482422 0.841187
vt 0.476318 0.847168
vt 0.465332 0.858276
vt 0.465576 0.860107
vt 0.451172 0.851318
vt 0.447754 0.852905
vt 0.462891 0.866333
vt 0.463135 0.864136
vt 0.461670 0.868042
vt 0.459961 0.874268
vt 0.771484 0.955383
vt 0.773438 0.956360
vt 0.772949 0.970215
vt 0.768066 0.970078
vt 0.767090 0.956116
vt 0.770508 0.971680
vt 0.769531 0.971954
vt 0.767578 0.974030
vt 0.769531 0.979370
vt 0.767578 0.978683
vt 0.768555 0.981110
vt 0.772949 0.980621
vt 0.768555 0.995071
vt 0.772461 0.995514
vt 0.763672 0.984489
vt 0.763672 0.994263
vt 0.757812 0.996094
vt 0.757812 0.989761
vt 0.750977 0.995930
vt 0.751953 0.987915
vt 0.753418 0.979965
vt 0.754395 0.974136
vt 0.753418 0.970657
vt 0.764160 0.965698
vt 0.754395 0.964508
vt 0.750977 0.954926
vt 0.751953 0.953644
vt 0.758789 0.960175
vt 0.761719 0.954620
vt 0.985352 0.167969
vt 0.987305 0.170898
vt 0.982910 0.172363
vt 0.986816 0.181152
vt 0.982910 0.181641
vt 0.989258 0.180664
vt 0.987305 0.157227
vt 0.989258 0.157227
vt 0.989258 0.166504
vt 0.987305 0.166504
vt 0.987305 0.168457
vt 0.966309 0.172363
vt 0.965820 0.165527
vt 0.983398 0.165527
vt 0.983398 0.157227
vt 0.965332 0.159180
vt 0.985352 0.155762
vt 0.964844 0.179688
vt 0.900391 0.424316
vt 0.896973 0.411133
vt 0.899414 0.415527
vt 0.903320 0.415527
vt 0.906250 0.420898
vt 0.901855 0.414062
vt 0.898438 0.426758
vt 0.891602 0.413574
vt 0.894043 0.428223
vt 0.888184 0.415527
vt 0.896484 0.425781
vt 0.900879 0.442383
vt 0.897461 0.443359
vt 0.900391 0.471680
vt 0.902832 0.440918
vt 0.902344 0.461426
vt 0.900391 0.483887
vt 0.897461 0.495117
vt 0.893066 0.495605
vt 0.895508 0.482422
vt 0.897949 0.460938
vt 0.895020 0.460938
vt 0.894531 0.443848
vt 0.892090 0.479492
vt 0.893555 0.451660
vt 0.843750 0.450684
vt 0.891113 0.432617
vt 0.884766 0.417480
vt 0.891602 0.429199
vt 0.886230 0.498047
vt 0.889648 0.494629
vt 0.889648 0.499512
vt 0.892090 0.502686
vt 0.898438 0.496582
vt 0.906738 0.484863
vt 0.911621 0.462402
vt 0.909668 0.480957
vt 0.904785 0.447754
vt 0.911621 0.448242
vt 0.904785 0.440918
vt 0.910645 0.437500
vt 0.903320 0.433594
vt 0.909180 0.432129
vt 0.905273 0.431641
vt 0.904297 0.431641
vt 0.902344 0.424805
vt 0.792480 0.891174
vt 0.786621 0.891479
vt 0.798340 0.885498
vt 0.796875 0.891846
vt 0.791504 0.883911
vt 0.788574 0.879639
vt 0.791992 0.876648
vt 0.788086 0.862671
vt 0.797363 0.861694
vt 0.797852 0.876099
vt 0.791504 0.839111
vt 0.784668 0.840942
vt 0.785156 0.848022
vt 0.783691 0.862549
vt 0.784668 0.880920
vt 0.780273 0.842285
vt 0.776855 0.828857
vt 0.781250 0.828247
vt 0.779785 0.825195
vt 0.793945 0.841919
vt 0.798340 0.860474
vt 0.775391 0.822266
vt 0.773438 0.825439
vt 0.773438 0.830566
vt 0.770020 0.827515
vt 0.730957 0.877197
vt 0.772949 0.907166
vt 0.779785 0.886353
vt 0.779785 0.857422
vt 0.781250 0.880859
vt 0.781738 0.896118
vt 0.778809 0.895508
vt 0.776855 0.909241
vt 0.780273 0.911072
vt 0.784668 0.899292
vt 0.785645 0.912659
vt 0.788574 0.908752
vt 0.794434 0.902100
vt 0.791992 0.909058
vt 0.789551 0.899658
vt 0.791504 0.892578
vt 0.976562 0.141602
vt 0.971191 0.105469
vt 0.977539 0.141602
vt 0.975586 0.146484
vt 0.976562 0.146973
vt 0.973633 0.151367
vt 0.968750 0.109375
vt 0.968750 0.105469
vt 0.970215 0.106934
vt 0.968750 0.142578
vt 0.966309 0.145996
vt 0.964844 0.106445
vt 0.964844 0.146973
vt 0.899902 0.939941
vt 0.900879 0.938599
vt 0.910645 0.965454
vt 0.909180 0.965302
vt 0.891113 0.979294
vt 0.889648 0.979630
vt 0.889648 0.976089
vt 0.897461 0.940460
vt 0.901855 0.967896
vt 0.895996 0.968353
vt 0.891602 0.941315
vt 0.888184 0.968384
vt 0.888184 0.941284
vt 0.897949 0.972183
vt 0.889160 0.972015
vt 0.889160 0.974121
vt 0.898438 0.974472
vt 0.900391 0.970795
vt 0.898438 0.977371
vt 0.077454 0.874023
vt 0.075195 0.872070
vt 0.079041 0.870972
vt 0.061035 0.881165
vt 0.070801 0.888000
vt 0.074890 0.889038
vt 0.087097 0.900818
vt 0.080505 0.869507
vt 0.080505 0.866089
vt 0.082458 0.870117
vt 0.086304 0.872559
vt 0.084717 0.872559
vt 0.094604 0.897583
vt 0.099121 0.896484
vt 0.087646 0.853394
vt 0.095825 0.859863
vt 0.098999 0.855835
vt 0.099121 0.848267
vt 0.091187 0.849976
vt 0.085083 0.853394
vt 0.079285 0.857422
vt 0.073242 0.863647
vt 0.064148 0.875549
vt 0.070679 0.892212
vt 0.078003 0.904602
vt 0.063354 0.918213
vt 0.060455 0.891479
vt 0.068359 0.915527
vt 0.061920 0.923157
vt 0.079773 0.905029
vt 0.781250 0.245117
vt 0.794434 0.256348
vt 0.792480 0.257324
vt 0.775879 0.240234
vt 0.777344 0.263184
vt 0.776855 0.278320
vt 0.786133 0.269531
vt 0.786621 0.273926
vt 0.790527 0.273438
vt 0.794434 0.288086
vt 0.801758 0.259766
vt 0.803223 0.261719
vt 0.797363 0.305664
vt 0.796387 0.292480
vt 0.800781 0.290039
vt 0.810547 0.264160
vt 0.814941 0.265137
vt 0.811523 0.301758
vt 0.812988 0.301270
vt 0.815918 0.266113
vt 0.814453 0.305176
vt 0.814941 0.313477
vt 0.815918 0.307129
vt 0.804688 0.310059
vt 0.810059 0.312500
vt 0.789062 0.297363
vt 0.780273 0.287109
vt 0.776367 0.281250
vt 0.775391 0.279297
vt 0.019424 0.050293
vt 0.019424 0.116699
vt 0.018234 0.124023
vt 0.016647 0.051270
vt 0.015343 0.050781
vt 0.016190 0.114746
vt 0.015533 0.122070
vt 0.014542 0.124512
vt 0.013794 0.114746
vt 0.003906 0.051270
vt 0.014053 0.108398
vt 0.007656 0.051758
vt 0.009232 0.054199
vt 0.846680 0.003906
vt 0.848145 0.003906
vt 0.846191 0.005371
vt 0.851074 0.008789
vt 0.852051 0.006348
vt 0.848633 0.019531
vt 0.837402 0.015137
vt 0.853516 0.011230
vt 0.856934 0.011719
vt 0.858398 0.016113
vt 0.861816 0.011719
vt 0.860352 0.010254
vt 0.857910 0.009766
vt 0.860352 0.015625
vt 0.864746 0.018555
vt 0.867676 0.016113
vt 0.880859 0.028320
vt 0.871582 0.037109
vt 0.860352 0.026367
vt 0.863281 0.029785
vt 0.850098 0.021484
vt 0.880859 0.049805
vt 0.884277 0.058594
vt 0.886230 0.056641
vt 0.887207 0.063965
vt 0.887207 0.060547
vt 0.889160 0.060547
vt 0.887207 0.082520
vt 0.866699 0.046875
vt 0.883789 0.105957
vt 0.864258 0.053223
vt 0.868652 0.070801
vt 0.874023 0.069336
vt 0.874512 0.074219
vt 0.863770 0.088867
vt 0.885742 0.109863
vt 0.873535 0.099121
vt 0.884766 0.113770
vt 0.858398 0.084961
vt 0.853027 0.082031
vt 0.863281 0.050781
vt 0.863281 0.046875
vt 0.861816 0.044922
vt 0.861816 0.041016
vt 0.860352 0.044434
vt 0.854980 0.046875
vt 0.844238 0.077148
vt 0.837402 0.075684
vt 0.841309 0.030273
vt 0.835938 0.074219
vt 0.835938 0.024902
vt 0.842773 0.004395
vt 0.887695 0.049316
vt 0.886230 0.033691
s 0
usemtl Material.005
f 1/1/1 2/2/1 4/3/1 3/4/1
f 3/4/2 4/3/2 8/5/2 7/6/2
f 7/6/3 8/5/3 6/7/3 5/8/3
f 5/9/4 6/10/4 2/11/4 1/12/4
f 3/13/5 7/6/5 5/8/5 1/14/5
f 8/5/6 4/15/6 2/16/6 6/7/6
s 1
f 10/17/7 9/18/8 11/19/9
f 10/17/7 11/19/9 12/20/10
f 10/17/7 12/20/10 13/21/11
f 14/22/12 13/21/11 12/20/10
f 15/23/13 14/22/12 12/20/10
f 12/20/10 16/24/14 15/23/13
f 16/24/14 12/20/10 17/25/15
f 18/26/16 16/24/14 17/25/15
f 19/27/17 16/24/14 18/26/16
f 16/24/14 19/27/17 20/28/18
f 20/28/18 21/29/19 16/24/14
f 20/28/18 22/30/20 21/29/19
f 22/30/20 23/31/21 21/29/19
f 23/31/21 24/32/22 21/29/19
f 21/29/19 24/32/22 25/33/23
f 24/32/22 26/34/24 25/33/23
f 21/29/19 25/33/23 27/35/25
f 21/29/19 27/35/25 28/36/26
f 28/36/26 27/35/25 29/37/27
f 28/36/26 15/23/13 21/29/19
f 15/23/13 16/24/14 21/29/19
f 30/38/28 14/22/12 15/23/13
f 31/39/29 14/22/12 30/38/28
f 32/40/30 14/22/12 31/39/29
f 14/22/12 32/40/30 13/21/11
f 34/41/31 33/42/32 35/43/33
f 34/41/31 35/43/33 36/44/34
f 37/45/35 34/41/31 36/44/34
f 37/45/35 36/44/34 38/46/36
f 37/45/35 38/46/36 42/47/37
f 41/48/38 38/46/36 39/49/39
f 39/49/39 38/46/36 40/50/40
f 38/46/36 41/48/38 42/47/37
f 42/47/37 41/48/38 43/51/41
f 42/47/37 43/51/41 44/52/42
f 46/53/43 37/45/35 42/47/37
f 45/54/44 42/47/37 44/52/42
f 48/55/45 42/47/37 45/54/44
f 47/56/46 46/53/43 42/47/37
f 48/55/45 47/56/46 42/47/37
f 48/55/45 49/57/47 47/56/46
f 52/58/48 48/55/45 45/54/44
f 48/55/45 50/59/49 49/57/47
f 50/59/49 48/55/45 51/60/50
f 51/60/50 48/55/45 52/58/48
f 53/61/51 52/58/48 45/54/44
f 56/62/52 51/60/50 52/58/48
f 54/63/53 52/58/48 53/61/51
f 52/58/48 54/63/53 55/64/54
f 60/65/55 52/58/48 55/64/54
f 57/66/56 56/62/52 52/58/48
f 58/67/57 57/66/56 52/58/48
f 59/68/58 58/67/57 52/58/48
f 59/68/58 52/58/48 60/65/55
f 59/68/58 60/65/55 61/69/59
f 61/69/59 60/65/55 62/70/60
f 63/71/61 60/65/55 55/64/54
f 62/70/60 60/65/55 63/71/61
f 59/68/58 61/69/59 64/72/62
f 58/67/57 59/68/58 64/72/62
f 58/67/57 64/72/62 65/73/63 66/74/64
f 57/66/56 58/67/57 66/74/64 67/75/65
f 57/66/56 68/76/66 56/62/52
f 56/62/52 68/76/66 69/77/67 70/78/68
f 51/60/50 56/62/52 70/78/68
f 53/61/51 45/54/44 71/79/69
f 53/61/51 71/79/69 72/80/70
f 73/81/71 53/61/51 72/80/70
f 50/59/49 74/82/72 49/57/47
f 74/82/72 75/83/73 46/53/43
f 74/82/72 46/53/43 47/56/46
f 49/57/47 74/82/72 47/56/46
f 75/83/73 76/84/74 46/53/43
f 46/53/43 76/84/74 37/45/35
f 77/85/75 45/54/44 44/52/42
f 43/51/41 41/48/38 78/86/76
f 41/48/38 39/49/39 78/86/76
f 80/87/77 79/88/78 81/89/79
f 79/90/78 82/91/80 81/89/79
f 83/92/81 81/89/79 82/91/80
f 83/92/81 82/91/80 84/93/82
f 82/91/80 85/94/83 84/93/82
f 86/95/84 85/94/83 82/91/80
f 86/95/84 87/96/85 85/94/83
f 88/97/86 85/94/83 87/96/85
f 85/94/83 88/97/86 89/98/87
f 89/98/87 90/99/88 85/94/83
f 90/99/88 91/100/89 85/94/83
f 85/94/83 91/100/89 84/93/82
f 91/100/89 92/101/90 93/102/90 84/93/82
f 94/103/91 83/92/81 84/93/82
f 94/103/91 84/93/82 95/104/92
f 95/104/92 84/93/82 96/105/93
f 104/106/94 95/104/92 96/105/93
f 99/107/95 96/105/93 97/108/96
f 97/108/96 96/105/93 98/109/97
f 100/110/98 96/105/93 99/107/95
f 101/111/99 96/105/93 100/110/98
f 101/111/99 102/112/100 96/105/93
f 103/113/101 96/105/93 102/112/100
f 103/113/101 104/106/94 96/105/93
f 104/106/94 103/113/101 107/114/102
f 105/115/103 95/104/92 104/106/94
f 104/106/94 106/116/104 132/117/105 105/115/103
f 106/116/104 104/106/94 107/114/102
f 108/118/106 110/119/107 107/114/102
f 108/118/106 107/114/102 103/113/101 94/103/91
f 107/114/102 109/120/108 106/116/104
f 110/119/107 109/120/108 107/114/102
f 111/121/109 114/122/110 110/119/107
f 128/123/111 111/121/109 110/119/107 112/124/112
f 108/118/106 112/124/112 110/119/107
f 113/125/113 109/120/108 110/119/107
f 113/125/113 110/119/107 114/122/110
f 116/126/114 113/125/113 114/122/110
f 111/121/109 115/127/115 114/122/110
f 115/127/115 116/126/114 114/122/110
f 116/126/114 115/127/115 117/128/116
f 116/126/114 118/129/117 113/125/113
f 117/128/116 118/129/117 116/126/114
f 119/130/118 113/125/113 118/129/117
f 120/131/119 118/129/117 117/128/116
f 118/129/117 121/132/120 131/133/121 119/130/118
f 122/134/122 118/129/117 120/131/119
f 122/134/122 121/132/120 118/129/117
f 123/135/123 121/132/120 122/134/122
f 123/135/123 122/134/122 120/131/119
f 124/136/124 121/132/120 123/135/123
f 124/136/124 123/135/123 125/137/125 126/138/126
f 120/131/119 125/137/125 123/135/123
f 125/137/125 120/131/119 126/138/126
f 126/138/126 127/139/127 121/132/120
f 127/139/127 126/138/126 120/131/119 117/128/116
f 126/138/126 121/132/120 124/136/124
f 128/123/111 127/139/127 117/128/116 111/121/109
f 131/133/121 121/132/120 127/139/127 128/123/111
f 112/124/112 129/140/128 128/123/111
f 130/141/129 128/123/111 129/140/128
f 128/123/111 130/141/129 131/133/121
f 131/133/121 130/141/129 119/130/118
f 130/141/129 129/140/128 119/130/118
f 129/140/128 132/117/105 109/120/108
f 108/118/106 132/117/105 129/140/128
f 108/118/106 129/140/128 112/124/112
f 119/130/118 129/140/128 109/120/108
f 134/142/130 133/143/131 132/117/105
f 132/117/105 133/143/131 105/115/103
f 132/117/105 108/118/106 134/142/130
f 109/120/108 132/117/105 106/116/104
f 94/103/91 133/143/131 134/142/130
f 108/118/106 94/103/91 134/142/130
f 94/103/91 95/104/92 133/143/131
f 133/143/131 95/104/92 105/115/103
f 113/125/113 119/130/118 109/120/108
f 117/128/116 115/127/115 111/121/109
f 103/113/101 135/144/132 152/145/133 94/103/91
f 135/144/132 103/113/101 136/146/134
f 136/146/134 103/113/101 102/112/100
f 136/146/134 102/112/100 137/147/135
f 140/148/136 136/146/134 138/149/137
f 138/149/137 136/146/134 139/150/138
f 140/148/136 141/151/139 136/146/134
f 141/151/139 135/144/132 136/146/134
f 142/152/140 147/153/141 141/151/139
f 143/154/142 142/152/140 141/151/139
f 140/148/136 143/154/142 141/151/139
f 144/155/143 135/144/132 141/151/139
f 145/156/144 144/155/143 141/151/139
f 141/151/139 146/157/145 145/156/144
f 146/157/145 141/151/139 147/153/141
f 147/153/141 142/152/140 148/158/146
f 146/157/145 147/153/141 148/158/146
f 142/152/140 149/159/147 148/158/146
f 148/158/146 149/159/147 150/160/148
f 146/157/145 148/158/146 150/160/148
f 146/157/145 150/160/148 151/161/149
f 151/161/149 150/160/148 152/145/133
f 149/159/147 152/145/133 150/160/148
f 151/161/149 152/145/133 135/144/132 144/155/143
f 152/145/133 83/92/81 94/103/91
f 149/159/147 83/92/81 152/145/133
f 146/157/145 151/161/149 155/162/150
f 154/163/151 151/161/149 153/164/152
f 153/164/152 151/161/149 144/155/143
f 155/162/150 151/161/149 154/163/151
f 156/165/153 155/162/150 154/163/151
f 157/166/154 146/157/145 155/162/150
f 158/167/155 155/162/150 156/165/153
f 158/167/155 157/166/154 155/162/150
f 159/168/156 161/169/157 158/167/155
f 166/170/158 159/168/156 158/167/155 156/165/153
f 160/171/159 158/167/155 161/169/157
f 158/167/155 160/171/159 174/172/160 157/166/154
f 160/171/159 161/169/157 162/173/161
f 161/169/157 159/168/156 163/174/162
f 161/169/157 163/174/162 162/173/161
f 164/175/163 162/173/161 163/174/162
f 164/175/163 163/174/162 165/176/164 167/177/165
f 163/174/162 159/168/156 165/176/164
f 165/176/164 159/168/156 166/170/158
f 165/176/164 166/170/158 168/178/166 167/177/165
f 167/177/165 168/178/166 162/173/161
f 167/177/165 162/173/161 164/175/163
f 168/178/166 166/170/158 171/179/167
f 169/180/168 168/178/166 171/179/167
f 168/178/166 169/180/168 170/181/169
f 162/173/161 168/178/166 170/181/169
f 172/182/170 169/180/168 171/179/167
f 171/179/167 154/163/151 153/164/152 172/182/170
f 154/163/151 171/179/167 156/165/153
f 156/165/153 171/179/167 166/170/158
f 173/183/171 169/180/168 172/182/170 153/164/152
f 170/181/169 169/180/168 160/171/159
f 162/173/161 170/181/169 160/171/159
f 169/180/168 173/183/171 174/172/160
f 169/180/168 174/172/160 160/171/159
f 146/157/145 157/166/154 174/172/160
f 146/157/145 174/172/160 145/156/144
f 174/172/160 173/183/171 145/156/144
f 173/183/171 153/164/152 144/155/143
f 145/156/144 173/183/171 144/155/143
f 149/159/147 142/152/140 192/184/172 83/92/81
f 175/185/173 142/152/140 143/154/142
f 175/185/173 143/154/142 176/186/174
f 176/186/174 143/154/142 177/187/175
f 177/187/175 143/154/142 178/188/176
f 178/188/176 143/154/142 140/148/136
f 178/188/176 140/148/136 179/189/177
f 179/189/177 140/148/136 180/190/178
f 180/190/178 181/191/179 179/189/177
f 180/190/178 184/192/180 182/193/181 181/191/179
f 184/192/180 183/194/182 182/193/181
f 184/192/180 185/195/183 183/194/182
f 184/192/180 138/149/137 185/195/183
f 180/190/178 138/149/137 184/192/180
f 138/149/137 186/196/184 185/195/183
f 180/190/178 140/148/136 138/149/137
f 187/197/185 175/185/173 176/186/174
f 175/185/173 187/197/185 188/198/186 189/199/187
f 142/152/140 175/185/173 189/199/187 190/200/188
f 190/200/188 191/201/189 142/152/140
f 191/201/189 192/184/172 142/152/140
f 193/202/190 192/184/172 191/201/189
f 192/184/172 193/202/190 83/92/81
f 137/147/135 102/112/100 194/203/191
f 194/203/191 102/112/100 195/204/192
f 102/112/100 196/205/193 195/204/192
f 196/205/193 102/112/100 101/111/99
f 196/205/193 101/111/99 197/206/194
f 197/206/194 101/111/99 198/207/195
f 101/111/99 100/110/98 198/207/195
f 80/87/77 81/89/79 83/92/81
f 200/208/196 199/209/197 201/210/198
f 202/211/199 201/210/198 199/209/197
f 203/212/200 202/211/199 199/209/197
f 204/213/201 202/211/199 203/212/200
f 204/213/201 203/212/200 205/214/202
f 204/213/201 205/214/202 206/215/203
f 204/213/201 206/215/203 202/211/199
f 202/211/199 207/216/204 201/210/198
f 202/211/199 208/217/205 207/216/204
f 202/211/199 209/218/206 208/217/205
f 210/219/207 209/218/206 202/211/199
f 211/220/208 209/218/206 210/219/207
f 211/220/208 212/221/209 209/218/206
f 209/218/206 212/221/209 213/222/210
f 214/223/211 215/224/212 213/222/210 212/221/209
f 213/222/210 215/224/212 216/225/213
f 215/224/212 218/226/214 216/225/213
f 215/224/212 217/227/215 218/226/214
f 218/226/214 221/228/216 219/229/217
f 218/226/214 219/229/217 223/230/218 220/231/219
f 216/225/213 218/226/214 220/231/219
f 222/232/220 219/229/217 221/228/216
f 220/231/219 223/230/218 224/233/221 208/217/205
f 216/225/213 220/231/219 208/217/205 213/222/210
f 223/230/218 225/234/222 224/233/221
f 223/230/218 219/229/217 227/235/223
f 223/230/218 226/236/224 225/234/222
f 223/230/218 227/235/223 226/236/224
f 227/235/223 219/229/217 228/237/225
f 219/229/217 229/238/226 228/237/225
f 219/229/217 230/239/227 229/238/226
f 231/240/228 208/217/205 224/233/221
f 207/216/204 208/217/205 231/240/228
f 207/216/204 231/240/228 232/241/229
f 233/242/230 232/241/229 231/240/228
f 232/241/229 233/242/230 234/243/231
f 232/241/229 234/243/231 235/244/232
f 236/245/233 232/241/229 235/244/232
f 236/245/233 207/216/204 232/241/229
f 208/217/205 209/218/206 213/222/210
f 238/246/234 237/247/235 239/248/236
f 238/246/234 239/248/236 240/249/237
f 241/250/238 242/251/239 238/246/234 240/249/237
f 242/251/239 241/250/238 243/252/240
f 244/253/241 245/254/242 243/252/240 241/250/238
f 243/252/240 245/254/242 246/255/243
f 243/252/240 246/255/243 242/251/239
f 242/251/239 246/255/243 247/256/244 238/246/234
f 253/257/245 248/258/246 249/259/247
f 250/260/248 255/261/249 249/259/247 248/258/246
f 248/258/246 254/262/250 250/260/248
f 251/263/251 248/258/246 252/264/252
f 253/257/245 252/264/252 248/258/246
f 250/260/248 256/265/253 255/261/249
f 255/261/249 256/265/253 257/266/254
f 259/267/255 262/268/256 255/261/249 257/266/254
f 257/266/254 258/269/257 259/267/255
f 259/267/255 258/269/257 260/270/258
f 260/270/258 264/271/259 259/267/255
f 259/267/255 263/272/260 261/273/261
f 259/267/255 261/273/261 262/268/256
f 259/267/255 264/271/259 263/272/260
f 264/271/259 260/270/258 265/274/262
f 264/271/259 266/275/263 263/272/260
f 264/271/259 265/274/262 267/276/264
f 266/275/263 264/271/259 268/277/265
f 264/271/259 267/276/264 268/277/265
f 269/278/266 261/273/261 263/272/260
f 270/279/267 261/273/261 269/278/266
f 261/273/261 270/279/267 271/280/268
f 271/280/268 272/281/269 262/268/256
f 271/280/268 262/268/256 261/273/261
f 262/268/256 272/281/269 273/282/270 255/261/249
f 255/261/249 274/283/271 249/259/247
f 276/284/272 275/285/273 277/286/274
f 275/287/273 278/288/275 277/286/274
f 275/287/273 279/289/276 278/288/275
f 280/290/277 279/289/276 275/287/273
f 280/290/277 281/291/278 279/289/276
f 282/292/279 279/289/276 281/291/278
f 283/293/280 284/294/281 279/289/276 282/292/279
f 285/295/282 284/294/281 283/293/280
f 285/295/282 286/296/283 284/294/281
f 287/297/284 286/296/283 285/295/282
f 288/298/285 286/296/283 287/297/284
f 289/299/286 286/296/283 288/298/285
f 289/299/286 290/300/287 286/296/283
f 286/296/283 290/300/287 292/301/288
f 290/300/287 291/302/289 292/301/288
f 286/296/283 292/301/288 293/303/290
f 292/301/288 294/304/291 293/303/290
f 294/304/291 295/305/292 293/303/290
f 295/305/292 296/306/293 298/307/294 297/308/295
f 293/303/290 295/305/292 297/308/295
f 297/308/295 298/307/294 300/309/296
f 293/303/290 297/308/295 299/310/297
f 297/308/295 300/309/296 299/310/297
f 298/307/294 296/306/293 300/309/296
f 296/306/293 301/311/298 300/309/296
f 300/309/296 301/311/298 299/310/297
f 301/311/298 302/312/299 299/310/297
f 302/312/299 303/313/300 304/314/301 299/310/297
f 303/313/300 305/315/302 304/314/301
f 306/316/303 307/317/304 304/314/301 305/315/302
f 306/316/303 308/318/305 307/317/304
f 308/318/305 309/319/306 311/320/307 310/321/308
f 307/317/304 308/318/305 310/321/308
f 310/321/308 311/320/307 312/322/309
f 310/321/308 312/322/309 307/317/304
f 312/322/309 313/323/310 278/288/275
f 313/323/310 312/322/309 314/324/311
f 314/324/311 312/322/309 315/325/312
f 279/289/276 312/322/309 278/288/275
f 315/325/312 312/322/309 318/326/313
f 279/289/276 307/317/304 312/322/309
f 311/320/307 316/327/314 312/322/309
f 316/327/314 317/328/315 312/322/309
f 312/322/309 317/328/315 318/326/313
f 317/328/315 319/329/316 318/326/313
f 319/329/316 320/330/317 318/326/313
f 315/325/312 318/326/313 321/331/318
f 320/330/317 322/332/319 318/326/313
f 318/326/313 323/333/320 321/331/318
f 318/326/313 322/332/319 324/334/321
f 323/333/320 318/326/313 324/334/321
f 323/333/320 324/334/321 325/335/322 327/336/323
f 325/335/322 324/334/321 326/337/324
f 324/334/321 322/332/319 326/337/324
f 328/338/325 323/333/320 327/336/323
f 328/338/325 327/336/323 329/339/326
f 330/340/327 328/338/325 329/339/326
f 315/325/312 321/331/318 330/340/327
f 331/341/328 315/325/312 330/340/327
f 330/340/327 321/331/318 328/338/325
f 328/338/325 321/331/318 323/333/320
f 311/320/307 309/319/306 316/327/314
f 314/324/311 315/325/312 332/342/329 333/343/330
f 313/323/310 314/324/311 333/343/330
f 334/344/331 313/323/310 333/343/330
f 277/286/274 313/323/310 334/344/331
f 335/345/332 277/286/274 334/344/331
f 335/345/332 276/284/272 277/286/274
f 278/288/275 313/323/310 277/286/274
f 299/310/297 304/314/301 307/317/304
f 307/317/304 279/289/276 299/310/297
f 293/303/290 299/310/297 279/289/276
f 284/294/281 286/296/283 293/303/290
f 279/289/276 284/294/281 293/303/290
f 337/41/333 336/42/32 338/43/33
f 337/41/333 338/43/33 339/44/334
f 340/45/35 337/41/333 339/44/334
f 340/45/35 339/44/334 341/46/36
f 340/45/35 341/46/36 345/47/37
f 344/48/38 341/46/36 342/49/39
f 342/49/39 341/46/36 343/50/40
f 341/46/36 344/48/38 345/47/37
f 345/47/37 344/48/38 346/51/41
f 345/47/37 346/51/41 347/52/42
f 349/53/43 340/45/35 345/47/37
f 348/54/44 345/47/37 347/52/42
f 351/55/335 345/47/37 348/54/44
f 350/56/336 349/53/43 345/47/37
f 351/55/335 350/56/336 345/47/37
f 351/55/335 352/57/47 350/56/336
f 355/58/48 351/55/335 348/54/44
f 351/55/335 353/59/49 352/57/47
f 353/59/49 351/55/335 354/60/50
f 354/60/50 351/55/335 355/58/48
f 356/61/51 355/58/48 348/54/44
f 359/62/337 354/60/50 355/58/48
f 357/63/53 355/58/48 356/61/51
f 355/58/48 357/63/53 358/64/54
f 363/65/55 355/58/48 358/64/54
f 360/66/338 359/62/337 355/58/48
f 361/67/339 360/66/338 355/58/48
f 362/68/340 361/67/339 355/58/48
f 362/68/340 355/58/48 363/65/55
f 362/68/340 363/65/55 364/69/341
f 364/69/341 363/65/55 365/70/60
f 366/71/61 363/65/55 358/64/54
f 365/70/60 363/65/55 366/71/61
f 362/68/340 364/69/341 367/72/342
f 361/67/339 367/72/342 368/74/343
f 369/73/344 368/74/343 367/72/342
f 361/67/339 362/68/340 367/72/342
f 368/74/343 360/66/338 361/67/339
f 370/75/345 360/66/338 368/74/343
f 360/66/338 371/76/346 359/62/337
f 359/62/337 371/76/346 372/78/347
f 373/77/348 372/78/347 371/76/346
f 354/60/50 359/62/337 372/78/347
f 356/61/51 348/54/44 374/79/349
f 356/61/51 374/79/349 375/80/70
f 376/81/71 356/61/51 375/80/70
f 353/59/49 377/82/72 352/57/47
f 377/82/72 378/83/73 349/53/43
f 377/82/72 349/53/43 350/56/336
f 352/57/47 377/82/72 350/56/336
f 378/83/73 379/84/74 349/53/43
f 349/53/43 379/84/74 340/45/35
f 380/85/75 348/54/44 347/52/42
f 346/51/41 344/48/38 381/86/76
f 344/48/38 342/49/39 381/86/76
f 383/87/77 382/88/78 384/89/79
f 382/90/78 385/91/80 384/89/79
f 386/92/350 384/89/79 385/91/80
f 386/92/350 385/91/80 387/93/351
f 385/91/80 388/94/83 387/93/351
f 389/95/84 388/94/83 385/91/80
f 389/95/84 390/96/85 388/94/83
f 391/97/352 388/94/83 390/96/85
f 388/94/83 391/97/352 392/98/353
f 392/98/353 393/99/88 388/94/83
f 393/99/88 394/100/354 388/94/83
f 394/100/354 395/101/355 387/93/351
f 388/94/83 394/100/354 387/93/351
f 396/102/356 387/93/351 395/101/355
f 397/103/357 386/92/350 387/93/351
f 397/103/357 387/93/351 398/104/92
f 398/104/92 387/93/351 399/105/358
f 407/106/359 398/104/92 399/105/358
f 402/107/95 399/105/358 400/108/96
f 400/108/96 399/105/358 401/109/97
f 403/110/98 399/105/358 402/107/95
f 404/111/99 399/105/358 403/110/98
f 404/111/99 405/112/100 399/105/358
f 406/113/360 399/105/358 405/112/100
f 406/113/360 407/106/359 399/105/358
f 407/106/359 406/113/360 411/114/361
f 408/115/362 398/104/92 407/106/359
f 409/117/363 408/115/362 407/106/359
f 409/117/363 407/106/359 410/116/364
f 410/116/364 407/106/359 411/114/361
f 411/114/361 412/120/108 410/116/364
f 406/113/360 397/103/357 411/114/361
f 414/119/365 412/120/108 411/114/361
f 413/118/366 411/114/361 397/103/357
f 413/118/366 414/119/365 411/114/361
f 413/118/366 415/124/367 414/119/365
f 416/125/368 412/120/108 414/119/365
f 417/121/369 414/119/365 415/124/367
f 416/125/368 414/119/365 418/122/110
f 417/121/369 418/122/110 414/119/365
f 420/126/370 416/125/368 418/122/110
f 417/121/369 419/127/115 418/122/110
f 419/127/115 420/126/370 418/122/110
f 420/126/370 419/127/115 421/128/371
f 420/126/370 422/129/372 416/125/368
f 421/128/371 422/129/372 420/126/370
f 423/130/373 416/125/368 422/129/372
f 425/131/374 422/129/372 421/128/371
f 422/129/372 424/132/375 423/130/373
f 426/134/376 424/132/375 422/129/372
f 426/134/376 422/129/372 425/131/374
f 427/135/377 424/132/375 426/134/376
f 427/135/377 426/134/376 425/131/374
f 428/136/378 424/132/375 427/135/377
f 429/137/379 428/136/378 427/135/377
f 425/131/374 429/137/379 427/135/377
f 429/137/379 425/131/374 430/138/380
f 429/137/379 430/138/380 428/136/378
f 431/139/381 430/138/380 425/131/374
f 430/138/380 431/139/381 424/132/375
f 430/138/380 424/132/375 428/136/378
f 431/139/381 432/123/382 433/133/383
f 421/128/371 432/123/382 431/139/381
f 425/131/374 421/128/371 431/139/381
f 431/139/381 433/133/383 424/132/375
f 433/133/383 434/141/129 423/130/373
f 432/123/382 434/141/129 433/133/383
f 433/133/383 423/130/373 424/132/375
f 434/141/129 432/123/382 435/140/128
f 434/141/129 435/140/128 423/130/373
f 435/140/128 409/117/363 412/120/108
f 413/118/366 409/117/363 435/140/128
f 413/118/366 435/140/128 415/124/367
f 423/130/373 435/140/128 412/120/108
f 415/124/367 435/140/128 432/123/382
f 432/123/382 417/121/369 415/124/367
f 432/123/382 421/128/371 417/121/369
f 416/125/368 423/130/373 412/120/108
f 421/128/371 419/127/115 417/121/369
f 413/118/366 397/103/357 436/142/130
f 409/117/363 413/118/366 436/142/130
f 436/142/130 437/143/131 409/117/363
f 397/103/357 437/143/131 436/142/130
f 397/103/357 398/104/92 437/143/131
f 437/143/131 398/104/92 408/115/362
f 409/117/363 437/143/131 408/115/362
f 412/120/108 409/117/363 410/116/364
f 438/146/134 406/113/360 405/112/100
f 440/144/384 406/113/360 438/146/134
f 439/145/385 397/103/357 406/113/360
f 439/145/385 406/113/360 440/144/384
f 442/155/386 440/144/384 441/151/139
f 441/151/139 440/144/384 438/146/134
f 439/145/385 440/144/384 442/155/386
f 443/156/144 442/155/386 441/151/139
f 444/161/387 439/145/385 442/155/386
f 443/156/144 445/183/388 442/155/386
f 446/164/389 444/161/387 442/155/386
f 445/183/388 446/164/389 442/155/386
f 447/182/390 446/164/389 445/183/388
f 448/163/391 444/161/387 446/164/389
f 449/179/392 446/164/389 447/182/390
f 449/179/392 448/163/391 446/164/389
f 447/182/390 450/180/393 449/179/392
f 448/163/391 449/179/392 451/165/394
f 450/180/393 452/178/395 449/179/392
f 451/165/394 449/179/392 453/170/396
f 452/178/395 453/170/396 449/179/392
f 455/177/397 453/170/396 452/178/395
f 453/170/396 454/168/398 451/165/394
f 456/176/399 454/168/398 453/170/396
f 456/176/399 453/170/396 455/177/397
f 457/174/400 454/168/398 456/176/399
f 458/175/163 456/176/399 455/177/397
f 458/175/163 457/174/400 456/176/399
f 458/175/163 459/173/161 457/174/400
f 455/177/397 459/173/161 458/175/163
f 460/169/157 457/174/400 459/173/161
f 461/171/401 460/169/157 459/173/161
f 459/173/161 462/181/169 461/171/401
f 459/173/161 452/178/395 462/181/169
f 455/177/397 452/178/395 459/173/161
f 452/178/395 450/180/393 462/181/169
f 462/181/169 450/180/393 461/171/401
f 461/171/401 463/167/402 460/169/157
f 464/172/403 463/167/402 461/171/401
f 450/180/393 464/172/403 461/171/401
f 465/157/145 466/166/404 464/172/403
f 465/157/145 464/172/403 443/156/144
f 464/172/403 445/183/388 443/156/144
f 450/180/393 445/183/388 464/172/403
f 466/166/404 463/167/402 464/172/403
f 466/166/404 465/157/145 467/162/150
f 463/167/402 466/166/404 467/162/150
f 465/157/145 444/161/387 467/162/150
f 467/162/150 444/161/387 448/163/391
f 451/165/394 467/162/150 448/163/391
f 463/167/402 467/162/150 451/165/394
f 465/157/145 441/151/139 470/153/141
f 441/151/139 465/157/145 443/156/144
f 465/157/145 469/158/146 468/160/148
f 465/157/145 468/160/148 444/161/387
f 465/157/145 470/153/141 469/158/146
f 470/153/141 471/152/405 469/158/146
f 471/152/405 470/153/141 441/151/139
f 472/184/406 386/92/350 471/152/405
f 473/201/189 472/184/406 471/152/405
f 474/200/407 473/201/189 471/152/405
f 476/159/408 471/152/405 386/92/350
f 474/200/407 471/152/405 475/199/409
f 475/199/409 471/152/405 477/185/410
f 471/152/405 476/159/408 469/158/146
f 477/185/410 471/152/405 478/154/142
f 478/154/142 471/152/405 441/151/139
f 477/185/410 478/154/142 479/186/174
f 479/186/174 478/154/142 480/187/411
f 480/187/411 478/154/142 481/188/176
f 481/188/176 478/154/142 482/148/136
f 482/148/136 478/154/142 441/151/139
f 481/188/176 482/148/136 483/189/177
f 483/189/177 482/148/136 484/190/412
f 482/148/136 441/151/139 438/146/134
f 484/190/412 482/148/136 485/149/137
f 482/148/136 438/146/134 485/149/137
f 485/149/137 438/146/134 486/150/138
f 484/190/412 485/149/137 487/192/413
f 487/192/413 485/149/137 488/195/183
f 485/149/137 489/196/414 488/195/183
f 487/192/413 488/195/183 490/194/182
f 487/192/413 490/194/182 491/193/415
f 491/193/415 484/190/412 487/192/413
f 484/190/412 491/193/415 492/191/416
f 484/190/412 492/191/416 483/189/177
f 493/197/417 477/185/410 479/186/174
f 494/198/418 477/185/410 493/197/417
f 477/185/410 494/198/418 475/199/409
f 476/159/408 386/92/350 439/145/385
f 476/159/408 439/145/385 468/160/148
f 469/158/146 476/159/408 468/160/148
f 495/202/190 472/184/406 473/201/189
f 472/184/406 495/202/190 386/92/350
f 444/161/387 468/160/148 439/145/385
f 454/168/398 463/167/402 451/165/394
f 454/168/398 460/169/157 463/167/402
f 460/169/157 454/168/398 457/174/400
f 447/182/390 445/183/388 450/180/393
f 439/145/385 386/92/350 397/103/357
f 438/146/134 405/112/100 496/147/135
f 496/147/135 405/112/100 497/203/191
f 497/203/191 405/112/100 498/204/192
f 405/112/100 499/205/193 498/204/192
f 499/205/193 405/112/100 404/111/99
f 499/205/193 404/111/99 500/206/194
f 500/206/194 404/111/99 501/207/419
f 404/111/99 403/110/98 501/207/419
f 383/87/77 384/89/79 386/92/350
f 503/208/420 502/209/197 504/210/198
f 505/211/199 504/210/198 502/209/197
f 506/212/200 505/211/199 502/209/197
f 507/213/201 505/211/199 506/212/200
f 507/213/201 506/212/200 508/214/202
f 507/213/201 508/214/202 509/215/203
f 507/213/201 509/215/203 505/211/199
f 505/211/199 510/216/421 504/210/198
f 505/211/199 511/217/422 510/216/421
f 505/211/199 512/218/206 511/217/422
f 513/219/423 512/218/206 505/211/199
f 514/220/424 512/218/206 513/219/423
f 514/220/424 515/221/425 512/218/206
f 512/218/206 515/221/425 516/222/426
f 515/221/425 517/223/427 516/222/426
f 517/223/427 518/224/428 516/222/426
f 516/222/426 518/224/428 519/225/429
f 518/224/428 521/226/430 519/225/429
f 518/224/428 520/227/431 521/226/430
f 519/225/429 521/226/430 522/231/432
f 521/226/430 523/229/433 522/231/432
f 521/226/430 524/228/216 523/229/433
f 525/232/220 523/229/433 524/228/216
f 526/230/434 522/231/432 523/229/433
f 526/230/434 523/229/433 527/235/223
f 527/235/223 523/229/433 528/237/435
f 523/229/433 529/238/436 528/237/435
f 523/229/433 530/239/227 529/238/436
f 526/230/434 527/235/223 531/236/224
f 526/230/434 531/236/224 532/234/437
f 526/230/434 532/234/437 533/233/438
f 522/231/432 526/230/434 533/233/438
f 511/217/422 522/231/432 533/233/438
f 534/240/228 511/217/422 533/233/438
f 510/216/421 511/217/422 534/240/228
f 510/216/421 534/240/228 535/241/229
f 536/242/439 535/241/229 534/240/228
f 535/241/229 536/242/439 537/243/231
f 535/241/229 537/243/231 538/244/440
f 539/245/441 535/241/229 538/244/440
f 539/245/441 510/216/421 535/241/229
f 519/225/429 522/231/432 511/217/422
f 516/222/426 519/225/429 511/217/422
f 511/217/422 512/218/206 516/222/426
f 541/246/442 540/247/443 542/248/444
f 541/246/442 542/248/444 543/249/237
f 541/246/442 543/249/237 544/250/445
f 541/246/442 544/250/445 545/251/446
f 545/251/446 544/250/445 546/252/447
f 544/250/445 547/253/448 546/252/447
f 546/252/447 547/253/448 548/254/449
f 546/252/447 548/254/449 549/255/450
f 546/252/447 549/255/450 545/251/446
f 545/251/446 549/255/450 550/256/451
f 541/246/442 545/251/446 550/256/451
f 552/263/452 551/258/453 553/264/252
f 554/257/245 553/264/252 551/258/453
f 554/257/245 551/258/453 555/259/454
f 551/258/453 557/260/455 555/259/454
f 551/258/453 556/262/250 557/260/455
f 555/259/454 557/260/455 558/261/456
f 557/260/455 559/265/253 558/261/456
f 558/261/456 559/265/253 560/266/457
f 558/261/456 560/266/457 561/267/458
f 560/266/457 562/269/257 561/267/458
f 561/267/458 562/269/257 563/270/258
f 563/270/258 564/271/259 561/267/458
f 564/271/259 563/270/258 565/274/262
f 564/271/259 565/274/262 566/276/459
f 564/271/259 566/276/459 567/277/265
f 568/275/263 564/271/259 567/277/265
f 564/271/259 568/275/263 569/272/260
f 561/267/458 569/272/260 570/273/261
f 571/278/266 570/273/261 569/272/260
f 561/267/458 564/271/259 569/272/260
f 572/279/460 570/273/261 571/278/266
f 570/273/261 572/279/460 573/280/268
f 573/280/268 574/281/461 575/268/462
f 573/280/268 575/268/462 570/273/261
f 575/268/462 574/281/461 558/261/456
f 558/261/456 561/267/458 575/268/462
f 561/267/458 570/273/261 575/268/462
f 576/282/463 558/261/456 574/281/461
f 558/261/456 577/283/271 555/259/454
f 579/284/272 578/285/273 580/286/274
f 578/287/273 581/288/275 580/286/274
f 578/287/273 582/289/464 581/288/275
f 583/290/465 582/289/464 578/287/273
f 583/290/465 584/291/278 582/289/464
f 585/292/466 582/289/464 584/291/278
f 582/289/464 585/292/466 586/294/467
f 587/293/468 586/294/467 585/292/466
f 588/295/282 586/294/467 587/293/468
f 588/295/282 589/296/283 586/294/467
f 590/297/284 589/296/283 588/295/282
f 591/298/285 589/296/283 590/297/284
f 592/299/286 589/296/283 591/298/285
f 592/299/286 593/300/287 589/296/283
f 589/296/283 593/300/287 595/301/288
f 593/300/287 594/302/289 595/301/288
f 589/296/283 595/301/288 596/303/290
f 595/301/288 597/304/291 596/303/290
f 597/304/291 598/305/469 596/303/290
f 596/303/290 598/305/469 599/308/470
f 599/308/470 598/305/469 600/307/471
f 598/305/469 601/306/472 600/307/471
f 600/307/471 601/306/472 602/309/296
f 601/306/472 603/311/473 602/309/296
f 602/309/296 603/311/473 604/310/474
f 603/311/473 605/312/475 604/310/474
f 604/310/474 605/312/475 606/314/476
f 605/312/475 607/313/477 606/314/476
f 607/313/477 608/315/478 606/314/476
f 608/315/478 609/316/479 606/314/476
f 606/314/476 609/316/479 610/317/480
f 609/316/479 611/318/481 610/317/480
f 610/317/480 611/318/481 612/321/482
f 612/321/482 611/318/481 613/320/483
f 611/318/481 614/319/484 613/320/483
f 613/320/483 614/319/484 615/327/314
f 613/320/483 615/327/314 616/322/309
f 615/327/314 617/328/315 616/322/309
f 616/322/309 617/328/315 618/326/313
f 617/328/315 619/329/316 618/326/313
f 619/329/316 620/330/317 618/326/313
f 620/330/317 621/332/319 618/326/313
f 618/326/313 621/332/319 622/334/485
f 622/334/485 621/332/319 623/337/486
f 624/335/487 622/334/485 623/337/486
f 625/336/488 622/334/485 624/335/487
f 626/333/489 622/334/485 625/336/488
f 627/338/325 626/333/489 625/336/488
f 627/338/325 625/336/488 628/339/326
f 629/340/327 627/338/325 628/339/326
f 630/325/490 632/331/318 629/340/327
f 631/341/328 630/325/490 629/340/327
f 629/340/327 632/331/318 627/338/325
f 630/325/490 618/326/313 632/331/318
f 618/326/313 626/333/489 632/331/318
f 627/338/325 632/331/318 626/333/489
f 633/324/491 616/322/309 630/325/490
f 633/324/491 630/325/490 634/342/492
f 630/325/490 616/322/309 618/326/313
f 633/324/491 634/342/492 635/343/493
f 636/323/310 633/324/491 635/343/493
f 637/344/331 636/323/310 635/343/493
f 580/286/274 636/323/310 637/344/331
f 638/345/494 580/286/274 637/344/331
f 638/345/494 579/284/272 580/286/274
f 581/288/275 636/323/310 580/286/274
f 616/322/309 636/323/310 581/288/275
f 636/323/310 616/322/309 633/324/491
f 626/333/489 618/326/313 622/334/485
f 582/289/464 616/322/309 581/288/275
f 582/289/464 610/317/480 616/322/309
f 612/321/482 616/322/309 610/317/480
f 612/321/482 613/320/483 616/322/309
f 604/310/474 606/314/476 610/317/480
f 610/317/480 582/289/464 604/310/474
f 599/308/470 602/309/296 604/310/474
f 596/303/290 599/308/470 604/310/474
f 596/303/290 604/310/474 582/289/464
f 599/308/470 600/307/471 602/309/296
f 586/294/467 589/296/283 596/303/290
f 582/289/464 586/294/467 596/303/290
f 640/41/495 639/42/496 641/43/497
f 640/41/495 641/43/497 642/44/498
f 643/45/499 640/41/495 642/44/498
f 643/45/499 642/44/498 644/46/500
f 643/45/499 644/46/500 648/47/501
f 647/48/502 644/46/500 645/49/503
f 645/49/503 644/46/500 646/50/504
f 644/46/500 647/48/502 648/47/501
f 648/47/501 647/48/502 649/51/505
f 648/47/501 649/51/505 650/52/506
f 652/53/507 643/45/499 648/47/501
f 651/54/508 648/47/501 650/52/506
f 654/55/509 648/47/501 651/54/508
f 653/56/510 652/53/507 648/47/501
f 654/55/509 653/56/510 648/47/501
f 654/55/509 655/57/511 653/56/510
f 658/58/512 654/55/509 651/54/508
f 654/55/509 656/59/513 655/57/511
f 656/59/513 654/55/509 657/60/514
f 657/60/514 654/55/509 658/58/512
f 659/61/515 658/58/512 651/54/508
f 662/62/516 657/60/514 658/58/512
f 660/63/517 658/58/512 659/61/515
f 658/58/512 660/63/517 661/64/518
f 666/65/519 658/58/512 661/64/518
f 663/66/520 662/62/516 658/58/512
f 664/67/521 663/66/520 658/58/512
f 665/68/522 664/67/521 658/58/512
f 665/68/522 658/58/512 666/65/519
f 665/68/522 666/65/519 667/69/523
f 667/69/523 666/65/519 668/70/524
f 669/71/525 666/65/519 661/64/518
f 668/70/524 666/65/519 669/71/525
f 665/68/522 667/69/523 670/72/526
f 664/67/521 670/72/526 671/74/527
f 672/73/528 671/74/527 670/72/526
f 664/67/521 665/68/522 670/72/526
f 671/74/527 663/66/520 664/67/521
f 673/75/529 663/66/520 671/74/527
f 663/66/520 674/76/530 662/62/516
f 662/62/516 674/76/530 675/78/531
f 676/77/532 675/78/531 674/76/530
f 657/60/514 662/62/516 675/78/531
f 659/61/515 651/54/508 677/79/533
f 659/61/515 677/79/533 678/80/534
f 679/81/535 659/61/515 678/80/534
f 656/59/513 680/82/536 655/57/511
f 680/82/536 681/83/537 652/53/507
f 680/82/536 652/53/507 653/56/510
f 655/57/511 680/82/536 653/56/510
f 681/83/537 682/84/538 652/53/507
f 652/53/507 682/84/538 643/45/499
f 683/85/539 651/54/508 650/52/506
f 649/51/505 647/48/502 684/86/540
f 647/48/502 645/49/503 684/86/540
f 686/87/541 685/88/542 687/89/543
f 685/90/542 688/91/544 687/89/543
f 689/92/545 687/89/543 688/91/544
f 689/92/545 688/91/544 690/93/546
f 688/91/544 691/94/547 690/93/546
f 692/95/548 691/94/547 688/91/544
f 692/95/548 693/96/549 691/94/547
f 694/97/550 691/94/547 693/96/549
f 691/94/547 694/97/550 695/98/551
f 695/98/551 696/99/552 691/94/547
f 696/99/552 697/100/553 691/94/547
f 697/100/553 698/101/554 690/93/546
f 691/94/547 697/100/553 690/93/546
f 699/102/555 690/93/546 698/101/554
f 700/103/556 689/92/545 690/93/546
f 700/103/556 690/93/546 701/104/557
f 701/104/557 690/93/546 702/105/558
f 710/106/559 701/104/557 702/105/558
f 705/107/560 702/105/558 703/108/561
f 703/108/561 702/105/558 704/109/562
f 706/110/563 702/105/558 705/107/560
f 707/111/564 702/105/558 706/110/563
f 707/111/564 708/112/565 702/105/558
f 709/113/566 702/105/558 708/112/565
f 709/113/566 710/106/559 702/105/558
f 710/106/559 709/113/566 714/114/567
f 711/115/568 701/104/557 710/106/559
f 712/117/569 711/115/568 710/106/559
f 712/117/569 710/106/559 713/116/570
f 713/116/570 710/106/559 714/114/567
f 714/114/567 715/120/571 713/116/570
f 709/113/566 700/103/556 714/114/567
f 717/119/572 715/120/571 714/114/567
f 716/118/573 714/114/567 700/103/556
f 716/118/573 717/119/572 714/114/567
f 716/118/573 718/124/574 717/119/572
f 719/125/575 715/120/571 717/119/572
f 720/121/576 717/119/572 718/124/574
f 719/125/575 717/119/572 721/122/577
f 720/121/576 721/122/577 717/119/572
f 723/126/578 719/125/575 721/122/577
f 720/121/576 722/127/579 721/122/577
f 722/127/579 723/126/578 721/122/577
f 723/126/578 722/127/579 724/128/580
f 723/126/578 725/129/581 719/125/575
f 724/128/580 725/129/581 723/126/578
f 726/130/582 719/125/575 725/129/581
f 728/131/583 725/129/581 724/128/580
f 725/129/581 727/132/584 726/130/582
f 729/134/585 727/132/584 725/129/581
f 729/134/585 725/129/581 728/131/583
f 730/135/586 727/132/584 729/134/585
f 730/135/586 729/134/585 728/131/583
f 731/136/587 727/132/584 730/135/586
f 732/137/588 731/136/587 730/135/586
f 728/131/583 732/137/588 730/135/586
f 732/137/588 728/131/583 733/138/589
f 732/137/588 733/138/589 731/136/587
f 734/139/590 733/138/589 728/131/583
f 733/138/589 734/139/590 727/132/584
f 733/138/589 727/132/584 731/136/587
f 734/139/590 735/123/591 736/133/592
f 724/128/580 735/123/591 734/139/590
f 728/131/583 724/128/580 734/139/590
f 734/139/590 736/133/592 727/132/584
f 736/133/592 737/141/593 726/130/582
f 735/123/591 737/141/593 736/133/592
f 736/133/592 726/130/582 727/132/584
f 737/141/593 735/123/591 738/140/594
f 737/141/593 738/140/594 726/130/582
f 738/140/594 712/117/569 715/120/571
f 716/118/573 712/117/569 738/140/594
f 716/118/573 738/140/594 718/124/574
f 726/130/582 738/140/594 715/120/571
f 718/124/574 738/140/594 735/123/591
f 735/123/591 720/121/576 718/124/574
f 735/123/591 724/128/580 720/121/576
f 719/125/575 726/130/582 715/120/571
f 724/128/580 722/127/579 720/121/576
f 716/118/573 700/103/556 739/142/595
f 712/117/569 716/118/573 739/142/595
f 739/142/595 740/143/596 712/117/569
f 700/103/556 740/143/596 739/142/595
f 700/103/556 701/104/557 740/143/596
f 740/143/596 701/104/557 711/115/568
f 712/117/569 740/143/596 711/115/568
f 715/120/571 712/117/569 713/116/570
f 741/146/597 709/113/566 708/112/565
f 743/144/598 709/113/566 741/146/597
f 742/145/599 700/103/556 709/113/566
f 742/145/599 709/113/566 743/144/598
f 745/155/600 743/144/598 744/151/601
f 744/151/601 743/144/598 741/146/597
f 742/145/599 743/144/598 745/155/600
f 746/156/602 745/155/600 744/151/601
f 747/161/603 742/145/599 745/155/600
f 746/156/602 748/183/604 745/155/600
f 749/164/605 747/161/603 745/155/600
f 748/183/604 749/164/605 745/155/600
f 750/182/606 749/164/605 748/183/604
f 751/163/607 747/161/603 749/164/605
f 752/179/608 749/164/605 750/182/606
f 752/179/608 751/163/607 749/164/605
f 750/182/606 753/180/609 752/179/608
f 751/163/607 752/179/608 754/165/610
f 753/180/609 755/178/611 752/179/608
f 754/165/610 752/179/608 756/170/612
f 755/178/611 756/170/612 752/179/608
f 758/177/613 756/170/612 755/178/611
f 756/170/612 757/168/614 754/165/610
f 759/176/615 757/168/614 756/170/612
f 759/176/615 756/170/612 758/177/613
f 760/174/616 757/168/614 759/176/615
f 761/175/617 759/176/615 758/177/613
f 761/175/617 760/174/616 759/176/615
f 761/175/617 762/173/618 760/174/616
f 758/177/613 762/173/618 761/175/617
f 763/169/619 760/174/616 762/173/618
f 764/171/620 763/169/619 762/173/618
f 762/173/618 765/181/621 764/171/620
f 762/173/618 755/178/611 765/181/621
f 758/177/613 755/178/611 762/173/618
f 755/178/611 753/180/609 765/181/621
f 765/181/621 753/180/609 764/171/620
f 764/171/620 766/167/622 763/169/619
f 767/172/623 766/167/622 764/171/620
f 753/180/609 767/172/623 764/171/620
f 768/157/624 769/166/625 767/172/623
f 768/157/624 767/172/623 746/156/602
f 767/172/623 748/183/604 746/156/602
f 753/180/609 748/183/604 767/172/623
f 769/166/625 766/167/622 767/172/623
f 769/166/625 768/157/624 770/162/626
f 766/167/622 769/166/625 770/162/626
f 768/157/624 747/161/603 770/162/626
f 770/162/626 747/161/603 751/163/607
f 754/165/610 770/162/626 751/163/607
f 766/167/622 770/162/626 754/165/610
f 768/157/624 744/151/601 773/153/627
f 744/151/601 768/157/624 746/156/602
f 768/157/624 772/158/628 771/160/629
f 768/157/624 771/160/629 747/161/603
f 768/157/624 773/153/627 772/158/628
f 773/153/627 774/152/630 772/158/628
f 774/152/630 773/153/627 744/151/601
f 775/184/631 689/92/545 774/152/630
f 776/201/632 775/184/631 774/152/630
f 777/200/633 776/201/632 774/152/630
f 779/159/634 774/152/630 689/92/545
f 777/200/633 774/152/630 778/199/635
f 778/199/635 774/152/630 780/185/636
f 774/152/630 779/159/634 772/158/628
f 780/185/636 774/152/630 781/154/637
f 781/154/637 774/152/630 744/151/601
f 780/185/636 781/154/637 782/186/638
f 782/186/638 781/154/637 783/187/639
f 783/187/639 781/154/637 784/188/640
f 784/188/640 781/154/637 785/148/641
f 785/148/641 781/154/637 744/151/601
f 784/188/640 785/148/641 786/189/642
f 786/189/642 785/148/641 787/190/643
f 785/148/641 744/151/601 741/146/597
f 787/190/643 785/148/641 788/149/644
f 785/148/641 741/146/597 788/149/644
f 788/149/644 741/146/597 789/150/645
f 787/190/643 788/149/644 790/192/646
f 790/192/646 788/149/644 791/195/647
f 788/149/644 792/196/648 791/195/647
f 790/192/646 791/195/647 793/194/649
f 790/192/646 793/194/649 794/193/650
f 794/193/650 787/190/643 790/192/646
f 787/190/643 794/193/650 795/191/651
f 787/190/643 795/191/651 786/189/642
f 796/197/652 780/185/636 782/186/638
f 797/198/653 780/185/636 796/197/652
f 780/185/636 797/198/653 778/199/635
f 779/159/634 689/92/545 742/145/599
f 779/159/634 742/145/599 771/160/629
f 772/158/628 779/159/634 771/160/629
f 798/202/654 775/184/631 776/201/632
f 775/184/631 798/202/654 689/92/545
f 747/161/603 771/160/629 742/145/599
f 757/168/614 766/167/622 754/165/610
f 757/168/614 763/169/619 766/167/622
f 763/169/619 757/168/614 760/174/616
f 750/182/606 748/183/604 753/180/609
f 742/145/599 689/92/545 700/103/556
f 741/146/597 708/112/565 799/147/655
f 799/147/655 708/112/565 800/203/656
f 800/203/656 708/112/565 801/204/657
f 708/112/565 802/205/658 801/204/657
f 802/205/658 708/112/565 707/111/564
f 802/205/658 707/111/564 803/206/659
f 803/206/659 707/111/564 804/207/660
f 707/111/564 706/110/563 804/207/660
f 686/87/541 687/89/543 689/92/545
f 806/208/661 805/209/662 807/210/663
f 808/211/664 807/210/663 805/209/662
f 809/212/665 808/211/664 805/209/662
f 810/213/666 808/211/664 809/212/665
f 810/213/666 809/212/665 811/214/667
f 810/213/666 811/214/667 812/215/668
f 810/213/666 812/215/668 808/211/664
f 808/211/664 813/216/669 807/210/663
f 808/211/664 814/217/670 813/216/669
f 808/211/664 815/218/671 814/217/670
f 816/219/672 815/218/671 808/211/664
f 817/220/673 815/218/671 816/219/672
f 817/220/673 818/221/674 815/218/671
f 815/218/671 818/221/674 819/222/675
f 818/221/674 820/223/676 819/222/675
f 820/223/676 821/224/677 819/222/675
f 819/222/675 821/224/677 822/225/678
f 821/224/677 824/226/679 822/225/678
f 821/224/677 823/227/680 824/226/679
f 822/225/678 824/226/679 825/231/681
f 824/226/679 826/229/682 825/231/681
f 824/226/679 827/228/683 826/229/682
f 828/232/684 826/229/682 827/228/683
f 829/230/685 825/231/681 826/229/682
f 829/230/685 826/229/682 830/235/686
f 830/235/686 826/229/682 831/237/687
f 826/229/682 832/238/688 831/237/687
f 826/229/682 833/239/689 832/238/688
f 829/230/685 830/235/686 834/236/690
f 829/230/685 834/236/690 835/234/691
f 829/230/685 835/234/691 836/233/692
f 825/231/681 829/230/685 836/233/692
f 814/217/670 825/231/681 836/233/692
f 837/240/693 814/217/670 836/233/692
f 813/216/669 814/217/670 837/240/693
f 813/216/669 837/240/693 838/241/694
f 839/242/695 838/241/694 837/240/693
f 838/241/694 839/242/695 840/243/696
f 838/241/694 840/243/696 841/244/697
f 842/245/698 838/241/694 841/244/697
f 842/245/698 813/216/669 838/241/694
f 822/225/678 825/231/681 814/217/670
f 819/222/675 822/225/678 814/217/670
f 814/217/670 815/218/671 819/222/675
f 844/246/699 843/247/700 845/248/701
f 844/246/699 845/248/701 846/249/702
f 844/246/699 846/249/702 847/250/703
f 844/246/699 847/250/703 848/251/704
f 848/251/704 847/250/703 849/252/705
f 847/250/703 850/253/706 849/252/705
f 849/252/705 850/253/706 851/254/707
f 849/252/705 851/254/707 852/255/708
f 849/252/705 852/255/708 848/251/704
f 848/251/704 852/255/708 853/256/709
f 844/246/699 848/251/704 853/256/709
f 855/263/710 854/258/711 856/264/712
f 857/257/713 856/264/712 854/258/711
f 857/257/713 854/258/711 858/259/714
f 854/258/711 860/260/715 858/259/714
f 854/258/711 859/262/716 860/260/715
f 858/259/714 860/260/715 861/261/717
f 860/260/715 862/265/718 861/261/717
f 861/261/717 862/265/718 863/266/719
f 861/261/717 863/266/719 864/267/720
f 863/266/719 865/269/721 864/267/720
f 864/267/720 865/269/721 866/270/722
f 866/270/722 867/271/723 864/267/720
f 867/271/723 866/270/722 868/274/724
f 867/271/723 868/274/724 869/276/725
f 867/271/723 869/276/725 870/277/726
f 871/275/727 867/271/723 870/277/726
f 867/271/723 871/275/727 872/272/728
f 864/267/720 872/272/728 873/273/729
f 874/278/730 873/273/729 872/272/728
f 864/267/720 867/271/723 872/272/728
f 875/279/731 873/273/729 874/278/730
f 873/273/729 875/279/731 876/280/732
f 876/280/732 877/281/733 878/268/734
f 876/280/732 878/268/734 873/273/729
f 878/268/734 877/281/733 861/261/717
f 861/261/717 864/267/720 878/268/734
f 864/267/720 873/273/729 878/268/734
f 879/282/735 861/261/717 877/281/733
f 861/261/717 880/283/736 858/259/714
f 882/284/737 881/285/738 883/286/739
f 881/287/738 884/288/740 883/286/739
f 881/287/738 885/289/741 884/288/740
f 886/290/742 885/289/741 881/287/738
f 886/290/742 887/291/743 885/289/741
f 888/292/744 885/289/741 887/291/743
f 885/289/741 888/292/744 889/294/745
f 890/293/746 889/294/745 888/292/744
f 891/295/747 889/294/745 890/293/746
f 891/295/747 892/296/748 889/294/745
f 893/297/749 892/296/748 891/295/747
f 894/298/750 892/296/748 893/297/749
f 895/299/751 892/296/748 894/298/750
f 895/299/751 896/300/752 892/296/748
f 892/296/748 896/300/752 898/301/753
f 896/300/752 897/302/754 898/301/753
f 892/296/748 898/301/753 899/303/755
f 898/301/753 900/304/756 899/303/755
f 900/304/756 901/305/757 899/303/755
f 899/303/755 901/305/757 902/308/758
f 902/308/758 901/305/757 903/307/759
f 901/305/757 904/306/760 903/307/759
f 903/307/759 904/306/760 905/309/761
f 904/306/760 906/311/762 905/309/761
f 905/309/761 906/311/762 907/310/763
f 906/311/762 908/312/764 907/310/763
f 907/310/763 908/312/764 909/314/765
f 908/312/764 910/313/766 909/314/765
f 910/313/766 911/315/767 909/314/765
f 911/315/767 912/316/768 909/314/765
f 909/314/765 912/316/768 913/317/769
f 912/316/768 914/318/770 913/317/769
f 913/317/769 914/318/770 915/321/771
f 915/321/771 914/318/770 916/320/772
f 914/318/770 917/319/773 916/320/772
f 916/320/772 917/319/773 918/327/774
f 916/320/772 918/327/774 919/322/775
f 918/327/774 920/328/776 919/322/775
f 919/322/775 920/328/776 921/326/777
f 920/328/776 922/329/778 921/326/777
f 922/329/778 923/330/779 921/326/777
f 923/330/779 924/332/780 921/326/777
f 921/326/777 924/332/780 925/334/781
f 925/334/781 924/332/780 926/337/782
f 927/335/783 925/334/781 926/337/782
f 928/336/784 925/334/781 927/335/783
f 929/333/785 925/334/781 928/336/784
f 930/338/786 929/333/785 928/336/784
f 930/338/786 928/336/784 931/339/787
f 932/340/788 930/338/786 931/339/787
f 933/325/789 935/331/790 932/340/788
f 934/341/791 933/325/789 932/340/788
f 932/340/788 935/331/790 930/338/786
f 933/325/789 921/326/777 935/331/790
f 921/326/777 929/333/785 935/331/790
f 930/338/786 935/331/790 929/333/785
f 936/324/792 919/322/775 933/325/789
f 936/324/792 933/325/789 937/342/793
f 933/325/789 919/322/775 921/326/777
f 936/324/792 937/342/793 938/343/794
f 939/323/795 936/324/792 938/343/794
f 940/344/796 939/323/795 938/343/794
f 883/286/739 939/323/795 940/344/796
f 941/345/797 883/286/739 940/344/796
f 941/345/797 882/284/737 883/286/739
f 884/288/740 939/323/795 883/286/739
f 919/322/775 939/323/795 884/288/740
f 939/323/795 919/322/775 936/324/792
f 929/333/785 921/326/777 925/334/781
f 885/289/741 919/322/775 884/288/740
f 885/289/741 913/317/769 919/322/775
f 915/321/771 919/322/775 913/317/769
f 915/321/771 916/320/772 919/322/775
f 907/310/763 909/314/765 913/317/769
f 913/317/769 885/289/741 907/310/763
f 902/308/758 905/309/761 907/310/763
f 899/303/755 902/308/758 907/310/763
f 899/303/755 907/310/763 885/289/741
f 902/308/758 903/307/759 905/309/761
f 889/294/745 892/296/748 899/303/755
f 885/289/741 889/294/745 899/303/755
f 3071/102/2046 3070/93/2046 3072/101/2046
f 3073/186/2047 3074/154/2047 3075/187/2047
f 3076/60/2048 3077/62/2048 3078/78/2048
usemtl Material.006
f 943/346/798 942/347/799 944/348/800
f 942/347/799 945/349/801 944/348/800
f 942/347/799 946/350/802 945/349/801
f 947/351/803 946/350/802 942/347/799
f 946/350/802 947/351/803 948/352/804 949/353/805
f 949/353/805 950/354/806 951/355/807 946/350/802
f 944/348/800 951/355/807 950/354/806 952/356/808
f 946/350/802 951/355/807 945/349/801
f 944/348/800 945/349/801 951/355/807
f 957/357/809 953/358/810 954/359/811 959/360/812
f 954/359/811 953/358/810 955/361/813
f 955/362/813 953/363/810 956/364/814 965/365/815
f 958/366/816 956/367/814 953/358/810 957/357/809
f 959/360/812 960/368/817 962/369/818 961/370/819
f 960/368/817 959/360/812 954/359/811
f 963/371/820 962/369/818 960/368/817 954/372/811
f 964/373/821 963/371/820 954/372/811 955/362/813
f 964/373/821 955/362/813 965/365/815
f 966/374/822 956/367/814 958/366/816
f 970/375/823 972/376/824 968/377/825 967/378/826
f 967/379/826 968/380/825 969/381/827
f 970/382/823 967/379/826 969/381/827 971/383/828
f 973/384/829 968/377/825 972/376/824
f 975/385/830 973/384/829 972/376/824 974/386/831
f 977/387/832 975/385/830 974/386/831 976/388/833
f 977/387/832 969/381/827 968/380/825 975/385/830
f 973/389/829 975/385/830 968/380/825
f 984/390/834 982/391/835 978/392/836 979/393/837
f 979/393/837 978/392/836 980/394/838 989/395/839
f 980/394/838 978/392/836 981/396/840 990/397/841
f 983/398/842 981/399/840 978/400/836 982/401/835
f 983/398/842 985/402/843 990/403/841 981/399/840
f 985/402/843 983/398/842 986/404/844
f 985/402/843 986/404/844 987/405/845 990/403/841
f 987/405/845 986/404/844 988/406/846 989/395/839
f 989/395/839 980/394/838 987/405/845
f 990/397/841 987/405/845 980/394/838
f 992/407/847 994/408/848 991/409/849
f 992/407/847 991/409/849 993/410/850
f 995/411/851 994/408/848 992/407/847
f 995/411/851 996/412/852 994/408/848
f 996/412/852 997/413/853 994/408/848
f 997/413/853 998/414/854 994/408/848
f 999/415/855 994/408/848 998/414/854
f 1000/416/856 994/408/848 999/415/855
f 1000/416/856 1001/417/857 994/408/848
f 1001/417/857 1002/418/858 994/408/848
f 1003/419/859 1002/418/858 1001/417/857
f 1001/417/857 1004/420/860 1003/419/859
f 1000/416/856 1004/420/860 1001/417/857
f 1004/420/860 1000/416/856 1005/421/861
f 1000/416/856 1006/422/862 1005/421/861
f 1007/423/863 1006/422/862 1000/416/856
f 1008/424/864 1007/423/863 1000/416/856
f 1009/425/865 1007/423/863 1008/424/864
f 1007/423/863 1009/425/865 1010/426/866
f 1009/425/865 1008/424/864 1011/427/867
f 1012/428/868 1009/425/865 1011/427/867
f 1012/428/868 1011/427/867 1008/424/864
f 1008/424/864 1000/416/856 1013/429/869
f 1013/429/869 1000/416/856 1014/430/870
f 1014/430/870 1000/416/856 999/415/855
f 1014/430/870 999/415/855 1015/431/871
f 1015/431/871 999/415/855 1016/432/872
f 1016/432/872 999/415/855 1017/433/873
f 998/414/854 1018/434/874 999/415/855
f 1019/435/875 997/413/853 996/412/852
f 1021/436/876 1025/437/877 1023/438/878 1020/439/879
f 1021/436/876 1020/439/879 1022/440/880
f 1027/441/881 1026/442/882 1023/438/878 1024/443/883
f 1024/443/883 1023/438/878 1025/437/877
f 1026/442/882 1027/441/881 1028/444/884
f 1026/442/882 1028/444/884 1029/445/885
f 1030/446/886 1029/445/885 1028/444/884
f 1029/445/885 1030/446/886 1031/447/887
f 1033/448/888 1031/447/887 1030/446/886 1034/449/889
f 1033/448/888 1032/450/890 1031/447/887
f 1036/451/891 1035/452/891 1033/448/888 1034/449/889
f 1037/453/892 1034/449/889 1030/446/886
f 1034/449/889 1037/453/892 1038/454/893
f 1038/454/893 1037/453/892 1040/455/894 1039/456/895
f 1041/457/896 1040/455/894 1037/453/892
f 1037/453/892 1027/441/881 1041/457/896
f 1027/441/881 1037/453/892 1028/444/884
f 1030/446/886 1028/444/884 1037/453/892
f 1042/458/897 1027/441/881 1024/443/883
f 1044/459/898 1043/460/899 1045/461/900
f 1043/462/899 1046/463/901 1045/464/900
f 1046/463/901 1043/462/899 1047/465/902
f 1047/465/902 1048/466/903 1049/467/904
f 1046/463/901 1047/465/902 1049/467/904
f 1051/468/905 1049/467/904 1050/469/906
f 1050/469/906 1049/467/904 1048/466/903
f 1052/470/907 1046/463/901 1049/467/904 1051/468/905
f 1053/471/908 1052/472/907 1051/468/905
f 1053/471/908 1051/468/905 1050/469/906
f 1056/473/909 1054/474/910 1053/471/908
f 1053/471/908 1054/474/910 1055/475/911
f 1053/471/908 1055/475/911 1052/472/907
f 1053/471/908 1057/476/912 1056/473/909
f 1057/476/912 1053/471/908 1058/477/913
f 1058/477/913 1053/471/908 1050/469/906
f 1048/466/903 1058/477/913 1050/469/906
f 1055/475/911 1054/474/910 1044/459/898 1045/461/900
f 1052/470/907 1055/478/911 1045/464/900 1046/463/901
f 1060/479/914 1062/480/915 1059/481/916
f 1060/479/914 1059/481/916 1061/482/917
f 1064/483/918 1063/484/919 1062/480/915 1060/479/914
f 1064/483/918 1066/485/920 1065/486/921 1063/484/919
f 1065/486/921 1066/485/920 1067/487/922
f 1067/487/922 1069/488/923 1068/489/924 1065/486/921
f 1068/489/924 1069/488/923 1070/490/925
f 1070/490/925 1069/488/923 1071/491/926
f 1070/490/925 1071/491/926 1072/492/927
f 1072/492/927 1071/491/926 1073/493/928
f 1072/492/927 1073/493/928 1061/494/917
f 1073/493/928 1071/491/926 1074/495/929
f 1074/495/929 1075/496/930 1073/493/928
f 1075/496/930 1076/497/931 1073/493/928
f 1061/494/917 1073/493/928 1076/497/931
f 1064/498/918 1060/499/914 1076/497/931 1075/496/930
f 1076/497/931 1060/499/914 1061/494/917
f 1064/483/918 1075/500/930 1066/485/920
f 1067/487/922 1066/485/920 1075/500/930 1074/501/929
f 1067/487/922 1074/495/929 1071/491/926 1069/488/923
f 1078/502/932 1077/503/933 1079/504/934
f 1077/505/933 1080/506/935 1079/507/934
f 1083/508/936 1080/506/935 1081/509/937 1086/510/938
f 1082/511/939 1081/509/937 1080/506/935
f 1085/512/940 1079/507/934 1080/506/935 1083/508/936
f 1083/513/936 1086/510/938 1084/514/941
f 1083/513/936 1084/514/941 1085/515/940
f 1086/510/938 1087/516/942 1089/517/943 1084/514/941
f 1081/509/937 1088/518/944 1087/516/942 1086/510/938
f 1085/515/940 1084/514/941 1089/517/943
f 1085/515/940 1089/517/943 1078/502/932 1079/504/934
f 1088/518/944 1081/509/937 1090/519/945
f 1081/509/937 1082/511/939 1090/519/945
f 1092/520/946 1097/521/947 1094/522/948 1091/523/949
f 1092/520/946 1091/523/949 1093/524/950
f 1098/525/951 1100/526/952 1095/527/953 1094/522/948
f 1094/522/948 1095/527/953 1096/528/954
f 1094/522/948 1097/521/947 1098/525/951
f 1097/521/947 1099/529/955 1098/525/951
f 1100/526/952 1098/525/951 1099/529/955
f 1101/530/956 1100/526/952 1099/529/955
f 1103/531/957 1102/532/958 1101/530/956 1099/529/955
f 1092/533/946 1093/534/950 1103/531/957
f 1092/533/946 1103/531/957 1099/529/955 1097/521/947
f 1107/535/959 1104/536/960 1105/537/961
f 1105/537/961 1104/536/960 1106/538/962
f 1108/539/963 1107/535/959 1105/537/961 1109/540/964
f 1109/540/964 1112/541/965 1110/542/966 1108/539/963
f 1112/541/965 1114/543/967 1111/544/968 1110/542/966
f 1112/541/965 1113/545/969 1114/543/967
f 1109/546/964 1105/547/961 1113/545/969 1112/541/965
f 1114/543/967 1115/548/970 1111/544/968
f 1113/545/969 1105/547/961 1106/549/962
f 1117/550/971 1116/551/972 1118/552/973
f 1120/553/974 1117/550/971 1118/552/973 1119/554/975
f 1122/555/976 1120/553/974 1119/554/975 1121/556/977
f 1121/556/977 1123/557/978 1124/558/979 1122/555/976
f 1123/557/978 1125/559/980 1127/560/981 1124/558/979
f 1128/561/982 1129/562/982 1126/563/983 1125/559/980
f 1125/559/980 1126/563/983 1127/560/981
f 1124/558/979 1127/560/981 1130/564/984
f 1130/564/984 1127/560/981 1131/565/985
f 1127/560/981 1126/563/983 1131/565/985
f 1132/566/986 1124/558/979 1130/564/984
f 1124/558/979 1132/566/986 1122/555/976
f 1134/567/987 1136/568/988 1133/569/989
f 1134/567/987 1133/569/989 1135/570/990
f 1137/571/991 1133/569/989 1136/568/988
f 1137/571/991 1136/568/988 1138/572/992
f 1139/573/993 1137/571/991 1138/572/992
f 1145/574/994 1141/575/995 1137/571/991 1139/573/993
f 1142/576/996 1137/571/991 1140/577/997
f 1140/577/997 1137/571/991 1141/575/995
f 1140/577/997 1144/578/998 1143/579/998 1142/576/996
f 1146/580/999 1147/581/1000 1145/574/994
f 1139/573/993 1146/580/999 1145/574/994
f 1149/582/1001 1148/583/1001 1147/581/1000 1146/580/999
f 1151/584/1002 1150/585/1003 1152/586/1004
f 1153/587/1005 1152/586/1004 1150/585/1003
f 1153/587/1005 1150/585/1003 1154/588/1006
f 1153/587/1005 1154/588/1006 1155/589/1007
f 1156/590/1008 1153/587/1005 1155/589/1007
f 1157/591/1009 1153/587/1005 1156/590/1008
f 1158/592/1010 1153/587/1005 1157/591/1009
f 1159/593/1011 1160/594/1012 1158/592/1010 1157/591/1009
f 1160/594/1012 1159/593/1011 1161/595/1013
f 1161/595/1013 1159/593/1011 1162/596/1014
f 1160/594/1012 1161/595/1013 1163/597/1015
f 1164/598/1016 1197/599/1017 1163/597/1015 1161/595/1013
f 1166/600/1018 1164/598/1016 1161/595/1013 1165/601/1019
f 1167/602/1020 1164/598/1016 1166/600/1018
f 1168/603/1021 1164/598/1016 1167/602/1020
f 1167/602/1020 1169/604/1022 1168/603/1021
f 1170/605/1023 1169/604/1022 1167/602/1020
f 1168/603/1021 1169/604/1022 1171/606/1024
f 1172/607/1025 1171/606/1024 1169/604/1022
f 1168/603/1021 1171/606/1024 1173/608/1026 1175/609/1027
f 1171/606/1024 1174/610/1028 1173/608/1026
f 1177/611/1029 1175/609/1027 1173/608/1026 1176/612/1029
f 1168/603/1021 1175/609/1027 1178/613/1030
f 1179/614/1031 1168/603/1021 1178/613/1030
f 1180/615/1032 1168/603/1021 1179/614/1031
f 1179/614/1031 1181/616/1033 1180/615/1032
f 1182/617/1034 1186/618/1035 1180/615/1032 1181/616/1033
f 1183/619/1036 1184/620/1036 1182/617/1034 1181/616/1033
f 1182/617/1034 1185/621/1037 1186/618/1035
f 1180/615/1032 1186/618/1035 1187/622/1038
f 1186/618/1035 1189/623/1039 1187/622/1038
f 1185/621/1037 1188/624/1040 1186/618/1035
f 1188/624/1040 1190/625/1041 1186/618/1035
f 1190/625/1041 1189/623/1039 1186/618/1035
f 1190/625/1041 1191/626/1042 1189/623/1039
f 1187/622/1038 1192/627/1043 1180/615/1032
f 1192/627/1043 1187/622/1038 1193/628/1044
f 1192/627/1043 1194/629/1045 1195/630/1046
f 1180/615/1032 1192/627/1043 1195/630/1046
f 1195/630/1046 1194/629/1045 1196/631/1047
f 1195/630/1046 1196/631/1047 1197/599/1017
f 1180/615/1032 1195/630/1046 1197/599/1017
f 1196/631/1047 1198/632/1048 1197/599/1017
f 1197/599/1017 1198/632/1048 1163/597/1015
f 1168/603/1021 1180/615/1032 1197/599/1017 1164/598/1016
f 1196/631/1047 1194/629/1045 1198/632/1048
f 1160/594/1012 1199/633/1049 1158/592/1010
f 1199/633/1049 1200/634/1050 1158/592/1010
f 1158/592/1010 1200/634/1050 1201/635/1051 1153/587/1005
f 1203/636/1052 1202/637/1053 1204/638/1054
f 1202/637/1053 1205/639/1055 1208/640/1056 1204/638/1054
f 1205/639/1055 1206/641/1057 1292/642/1058 1207/643/1059
f 1207/643/1059 1210/644/1060 1208/640/1056 1205/639/1055
f 1210/644/1060 1209/645/1061 1208/640/1056
f 1211/646/1062 1209/645/1061 1210/644/1060
f 1211/646/1062 1210/644/1060 1212/647/1063 1240/648/1064
f 1212/647/1063 1210/644/1060 1213/649/1065
f 1213/649/1065 1210/644/1060 1207/643/1059
f 1213/649/1065 1207/643/1059 1214/650/1066
f 1214/650/1066 1215/651/1067 1213/649/1065
f 1216/652/1068 1213/649/1065 1215/651/1067
f 1216/652/1068 1217/653/1069 1213/649/1065
f 1213/649/1065 1217/653/1069 1212/647/1063
f 1240/648/1064 1212/647/1063 1217/653/1069 1218/654/1070
f 1217/653/1069 1219/655/1071 1218/654/1070
f 1216/652/1068 1219/655/1071 1217/653/1069
f 1219/655/1071 1216/652/1068 1220/656/1072
f 1219/655/1071 1220/656/1072 1221/657/1073
f 1218/654/1070 1219/655/1071 1221/657/1073
f 1220/656/1072 1222/658/1074 1221/657/1073
f 1223/659/1075 1218/654/1070 1221/657/1073
f 1224/660/1076 1222/658/1074 1225/661/1077
f 1225/661/1077 1222/658/1074 1220/656/1072
f 1225/661/1077 1220/656/1072 1226/662/1078
f 1227/663/1079 1225/661/1077 1226/662/1078
f 1225/661/1077 1227/663/1079 1228/664/1080
f 1229/665/1081 1225/661/1077 1228/664/1080
f 1230/666/1082 1225/661/1077 1229/665/1081
f 1226/662/1078 1220/656/1072 1231/667/1083
f 1231/667/1083 1220/656/1072 1233/668/1084 1232/669/1085
f 1232/669/1085 1233/668/1084 1235/670/1086
f 1235/670/1086 1234/671/1087 1232/669/1085
f 1236/672/1088 1235/670/1086 1233/668/1084
f 1233/668/1084 1237/673/1089 1236/672/1088
f 1238/674/1090 1237/673/1089 1215/651/1067
f 1237/673/1089 1233/668/1084 1215/651/1067
f 1215/651/1067 1239/675/1091 1238/674/1090
f 1214/650/1066 1239/675/1091 1215/651/1067
f 1220/656/1072 1216/652/1068 1233/668/1084
f 1233/668/1084 1216/652/1068 1215/651/1067
f 1240/648/1064 1218/654/1070 1241/676/1092
f 1214/650/1066 1207/643/1059 1242/677/1093
f 1214/650/1066 1242/677/1093 1243/678/1094
f 1244/679/1095 1243/678/1094 1242/677/1093
f 1242/677/1093 1207/643/1059 1245/680/1096
f 1246/681/1097 1245/680/1096 1207/643/1059
f 1246/681/1097 1207/643/1059 1247/682/1098
f 1246/681/1097 1247/682/1098 1248/683/1099
f 1248/683/1099 1247/682/1098 1249/684/1100
f 1250/685/1101 1248/683/1099 1249/684/1100
f 1251/686/1102 1248/683/1099 1250/685/1101
f 1252/687/1103 1248/683/1099 1251/686/1102
f 1253/688/1104 1248/683/1099 1252/687/1103
f 1252/687/1103 1255/689/1105 1254/690/1106 1253/688/1104
f 1256/691/1107 1255/689/1105 1252/687/1103
f 1256/691/1107 1252/687/1103 1251/686/1102
f 1250/685/1101 1257/692/1108 1251/686/1102
f 1258/693/1109 1257/692/1108 1250/685/1101
f 1260/694/1110 1259/695/1111 1258/693/1109
f 1260/694/1110 1258/693/1109 1250/685/1101
f 1260/694/1110 1261/696/1112 1259/695/1111
f 1262/697/1113 1261/696/1112 1260/694/1110
f 1262/697/1113 1260/694/1110 1263/698/1114
f 1249/684/1100 1265/699/1115 1263/698/1114 1260/694/1110
f 1260/694/1110 1250/685/1101 1249/684/1100
f 1264/700/1116 1263/698/1114 1265/699/1115
f 1265/699/1115 1249/684/1100 1266/701/1117
f 1267/702/1118 1264/700/1116 1265/699/1115
f 1267/702/1118 1268/703/1119 1264/700/1116
f 1269/704/1120 1268/703/1119 1267/702/1118
f 1270/705/1121 1264/700/1116 1268/703/1119
f 1249/684/1100 1271/706/1122 1266/701/1117
f 1266/701/1117 1271/706/1122 1272/707/1123
f 1272/707/1123 1271/706/1122 1274/708/1124 1273/709/1125
f 1273/709/1125 1274/708/1124 1275/710/1126
f 1275/710/1126 1274/708/1124 1277/711/1127 1276/712/1128
f 1276/712/1128 1277/711/1127 1279/713/1129
f 1279/713/1129 1278/714/1130 1276/712/1128
f 1278/714/1130 1279/713/1129 1280/715/1131
f 1279/713/1129 1277/711/1127 1247/682/1098 1280/715/1131
f 1280/715/1131 1247/682/1098 1285/716/1132 1281/717/1133
f 1282/718/1134 1280/715/1131 1281/717/1133 1284/719/1135
f 1280/715/1131 1282/718/1134 1283/720/1136
f 1286/721/1137 1281/717/1133 1285/716/1132
f 1285/716/1132 1287/722/1138 1286/721/1137
f 1289/723/1139 1288/724/1140 1287/722/1138
f 1289/723/1139 1287/722/1138 1285/716/1132
f 1285/716/1132 1206/641/1057 1289/723/1139
f 1289/723/1139 1290/725/1141 1291/726/1142
f 1289/723/1139 1291/726/1142 1288/724/1140
f 1292/642/1058 1285/716/1132 1247/682/1098
f 1285/716/1132 1292/642/1058 1206/641/1057
f 1247/682/1098 1207/643/1059 1292/642/1058
f 1274/708/1124 1247/682/1098 1277/711/1127
f 1274/708/1124 1271/706/1122 1249/684/1100
f 1249/684/1100 1247/682/1098 1274/708/1124
f 1293/727/1143 1261/696/1112 1262/697/1113
f 1293/727/1143 1294/728/1144 1261/696/1112
f 1295/729/1145 1296/730/1146 1209/645/1061 1211/646/1062
f 1297/731/1147 1296/730/1146 1295/729/1145
f 1302/732/1148 1301/733/1149 1298/734/1150 1299/735/1151
f 1299/735/1151 1298/734/1150 1300/736/1152
f 1301/733/1149 1302/732/1148 1303/737/1153
f 1304/738/1154 1303/737/1153 1302/732/1148
f 1304/738/1154 1305/739/1155 1303/737/1153
f 1307/740/1156 1306/741/1157 1303/737/1153 1305/739/1155
f 1306/741/1157 1307/740/1156 1308/742/1158
f 1304/743/1154 1309/744/1159 1307/740/1156 1305/739/1155
f 1302/745/1148 1299/746/1151 1309/744/1159 1304/743/1154
f 1300/747/1152 1309/744/1159 1299/746/1151
f 1311/748/1160 1314/749/1161 1313/750/1162 1310/751/1163
f 1311/752/1160 1310/753/1163 1312/754/1164
f 1314/749/1161 1311/748/1160 1315/755/1165
f 1318/756/1166 1316/757/1167 1314/749/1161 1315/755/1165
f 1318/756/1166 1317/758/1168 1316/757/1167
f 1319/759/1169 1317/758/1168 1318/756/1166
f 1315/755/1165 1311/752/1160 1319/759/1169 1318/756/1166
f 1317/758/1168 1319/759/1169 1312/754/1164
f 1312/754/1164 1319/759/1169 1311/752/1160
f 1324/760/1170 1321/761/1171 1320/762/1172 1323/763/1173
f 1320/762/1172 1321/761/1171 1336/764/1174 1322/765/1175
f 1326/766/1176 1324/760/1170 1323/763/1173 1325/767/1177
f 1327/768/1178 1332/769/1179 1326/766/1176 1325/767/1177
f 1327/768/1178 1325/767/1177 1328/770/1180
f 1328/770/1180 1329/771/1181 1330/772/1182 1327/768/1178
f 1331/773/1183 1332/769/1179 1327/768/1178 1330/772/1182
f 1331/773/1183 1324/774/1170 1332/769/1179
f 1333/775/1184 1324/774/1170 1331/773/1183
f 1334/776/1185 1333/775/1184 1331/773/1183
f 1334/776/1185 1335/777/1186 1322/778/1175 1336/779/1174
f 1334/776/1185 1336/779/1174 1333/775/1184
f 1333/775/1184 1336/779/1174 1321/780/1171
f 1321/780/1171 1324/774/1170 1333/775/1184
f 1332/769/1179 1324/774/1170 1326/766/1176
f 1338/781/1187 1337/782/1188 1339/783/1189
f 1340/784/1190 1341/785/1191 1339/783/1189 1337/782/1188
f 1341/785/1191 1340/784/1190 1342/786/1192
f 1342/786/1192 1340/784/1190 1343/787/1193
f 1343/787/1193 1340/784/1190 1344/788/1194
f 1347/789/1195 1343/787/1193 1344/788/1194 1345/790/1196
f 1346/791/1197 1345/790/1196 1344/788/1194
f 1348/792/1198 1342/786/1192 1343/787/1193
f 1343/787/1193 1349/793/1199 1348/792/1198
f 1349/793/1199 1350/794/1200 1353/795/1201 1351/796/1202
f 1349/793/1199 1351/796/1202 1348/792/1198
f 1351/796/1202 1352/797/1203 1354/798/1204
f 1421/799/1205 1352/797/1203 1351/796/1202 1353/795/1201
f 1348/792/1198 1351/796/1202 1354/798/1204
f 1355/800/1206 1354/798/1204 1352/797/1203
f 1356/801/1207 1348/792/1198 1354/798/1204
f 1357/802/1208 1354/798/1204 1355/800/1206
f 1357/802/1208 1356/801/1207 1354/798/1204
f 1358/803/1209 1357/802/1208 1355/800/1206
f 1359/804/1210 1356/801/1207 1357/802/1208
f 1358/803/1209 1359/804/1210 1357/802/1208
f 1356/801/1207 1359/804/1210 1360/805/1211 1363/806/1212
f 1361/807/1213 1360/805/1211 1359/804/1210 1358/803/1209
f 1361/807/1213 1362/808/1214 1360/805/1211
f 1363/806/1212 1360/805/1211 1362/808/1214
f 1414/809/1215 1356/801/1207 1363/806/1212 1364/810/1216
f 1365/811/1217 1364/810/1216 1363/806/1212
f 1365/811/1217 1363/806/1212 1362/808/1214
f 1366/812/1218 1365/811/1217 1362/808/1214
f 1367/813/1219 1364/810/1216 1365/811/1217
f 1365/811/1217 1366/812/1218 1367/813/1219
f 1368/814/1220 1364/810/1216 1367/813/1219
f 1367/813/1219 1369/815/1221 1368/814/1220
f 1366/812/1218 1370/816/1222 1367/813/1219
f 1370/816/1222 1369/815/1221 1367/813/1219
f 1369/815/1221 1370/816/1222 1371/817/1223 1412/818/1224
f 1372/819/1225 1371/817/1223 1370/816/1222
f 1366/812/1218 1372/819/1225 1370/816/1222
f 1373/820/1226 1372/819/1225 1366/812/1218
f 1371/817/1223 1372/819/1225 1374/821/1227
f 1372/819/1225 1373/820/1226 1375/822/1228
f 1374/821/1227 1372/819/1225 1375/822/1228
f 1376/823/1229 1374/821/1227 1375/822/1228
f 1379/824/1230 1375/822/1228 1373/820/1226
f 1376/823/1229 1375/822/1228 1377/825/1231
f 1375/822/1228 1378/826/1232 1377/825/1231
f 1379/824/1230 1378/826/1232 1375/822/1228
f 1379/824/1230 1380/827/1233 1382/828/1234 1378/826/1232
f 1381/829/1235 1380/827/1233 1379/824/1230 1373/820/1226
f 1383/830/1236 1380/827/1233 1381/829/1235
f 1382/828/1234 1380/827/1233 1383/830/1236 1384/831/1237
f 1383/830/1236 1381/829/1235 1366/812/1218
f 1384/831/1237 1385/832/1238 1382/828/1234
f 1386/833/1239 1378/826/1232 1382/828/1234 1385/832/1238
f 1387/834/1240 1386/833/1239 1385/832/1238
f 1390/835/1241 1386/833/1239 1387/834/1240 1388/836/1242
f 1388/836/1242 1387/834/1240 1389/837/1243
f 1388/836/1242 1391/838/1244 1393/839/1245 1390/835/1241
f 1391/838/1244 1388/836/1242 1392/840/1246
f 1390/835/1241 1393/839/1245 1394/841/1247
f 1394/841/1247 1393/839/1245 1395/842/1248
f 1394/841/1247 1395/842/1248 1396/843/1249
f 1396/843/1249 1395/842/1248 1397/844/1250
f 1396/843/1249 1397/844/1250 1398/845/1251
f 1398/845/1251 1397/844/1250 1399/846/1252
f 1399/846/1252 1397/844/1250 1400/847/1253
f 1401/848/1254 1396/843/1249 1398/845/1251
f 1396/843/1249 1401/848/1254 1402/849/1255
f 1402/849/1255 1401/848/1254 1403/850/1256
f 1403/850/1256 1404/851/1257 1405/852/1258
f 1406/853/1259 1403/850/1256 1405/852/1258
f 1402/849/1255 1403/850/1256 1406/853/1259
f 1402/849/1255 1406/853/1259 1407/854/1260
f 1408/855/1261 1407/854/1260 1406/853/1259
f 1408/855/1261 1406/853/1259 1409/856/1262
f 1409/856/1262 1406/853/1259 1405/852/1258
f 1407/854/1260 1408/855/1261 1410/857/1263
f 1410/857/1263 1341/785/1191 1411/858/1264
f 1407/854/1260 1410/857/1263 1411/858/1264
f 1411/858/1264 1341/785/1191 1342/786/1192
f 1407/854/1260 1411/858/1264 1342/786/1192
f 1407/854/1260 1342/786/1192 1402/849/1255
f 1412/818/1224 1402/849/1255 1342/786/1192 1413/859/1265
f 1371/817/1223 1396/843/1249 1402/849/1255 1412/818/1224
f 1369/815/1221 1412/818/1224 1368/814/1220
f 1412/818/1224 1413/859/1265 1368/814/1220
f 1413/859/1265 1342/786/1192 1348/792/1198 1414/809/1215
f 1413/859/1265 1414/809/1215 1368/814/1220
f 1356/801/1207 1414/809/1215 1348/792/1198
f 1368/814/1220 1414/809/1215 1364/810/1216
f 1390/835/1241 1396/843/1249 1376/823/1229
f 1376/823/1229 1396/843/1249 1371/817/1223
f 1390/835/1241 1394/841/1247 1396/843/1249
f 1377/825/1231 1386/833/1239 1390/835/1241
f 1376/823/1229 1377/825/1231 1390/835/1241
f 1378/826/1232 1386/833/1239 1377/825/1231
f 1366/812/1218 1381/829/1235 1373/820/1226
f 1371/817/1223 1374/821/1227 1376/823/1229
f 1366/812/1218 1362/808/1214 1361/807/1213
f 1366/812/1218 1361/807/1213 1415/860/1266
f 1415/860/1266 1361/807/1213 1358/803/1209 1416/861/1267
f 1417/862/1268 1416/861/1267 1358/803/1209
f 1418/863/1269 1417/862/1268 1419/864/1270
f 1417/862/1268 1358/803/1209 1419/864/1270
f 1358/803/1209 1355/800/1206 1419/864/1270
f 1419/864/1270 1355/800/1206 1420/865/1271
f 1352/797/1203 1421/799/1205 1420/865/1271
f 1352/797/1203 1420/865/1271 1355/800/1206
f 1353/795/1201 1422/866/1272 1421/799/1205
f 1422/866/1272 1353/795/1201 1423/867/1273
f 1353/795/1201 1350/794/1200 1423/867/1273
f 1425/868/1274 1424/869/1275 1426/870/1276
f 1426/871/1276 1424/872/1275 1427/873/1277
f 1428/874/1278 1434/875/1279 1426/871/1276 1427/873/1277
f 1433/876/1280 1428/874/1278 1427/873/1277 1429/877/1281
f 1429/877/1281 1430/878/1282 1436/879/1283 1432/880/1284
f 1430/878/1282 1429/877/1281 1431/881/1285
f 1429/877/1281 1432/880/1284 1433/876/1280
f 1434/882/1279 1428/883/1278 1433/884/1280
f 1433/884/1280 1435/885/1286 1442/886/1287 1434/882/1279
f 1435/885/1286 1433/884/1280 1436/879/1283
f 1433/884/1280 1432/887/1284 1436/879/1283
f 1435/885/1286 1436/879/1283 1437/888/1288
f 1430/878/1282 1438/889/1289 1437/888/1288 1436/879/1283
f 1438/889/1289 1439/890/1290 1437/888/1288
f 1435/885/1286 1437/888/1288 1440/891/1291 1442/886/1287
f 1434/882/1279 1442/886/1287 1440/891/1291
f 1441/892/1292 1434/882/1279 1440/891/1291
f 1426/870/1276 1434/882/1279 1441/892/1292 1425/868/1274
f 1439/890/1290 1438/889/1289 1430/878/1282
f 1439/890/1290 1430/878/1282 1431/881/1285
f 1444/893/1293 1443/894/1294 1445/895/1295
f 1446/896/1296 1444/893/1293 1445/895/1295
f 1446/896/1296 1445/895/1295 1447/897/1297
f 1447/897/1297 1448/898/1298 1446/896/1296
f 1449/899/1299 1446/896/1296 1448/898/1298
f 1448/898/1298 1452/900/1300 1453/901/1301 1449/899/1299
f 1448/898/1298 1450/902/1302 1452/900/1300
f 1450/902/1302 1448/898/1298 1451/903/1303
f 1454/904/1304 1455/905/1305 1453/901/1301 1452/900/1300
f 1450/902/1302 1454/904/1304 1452/900/1300
f 1455/905/1305 1454/904/1304 1457/906/1306
f 1450/902/1302 1456/907/1307 1454/904/1304
f 1454/904/1304 1456/907/1307 1458/908/1308
f 1457/906/1306 1454/904/1304 1458/908/1308
f 1458/908/1308 1459/909/1309 1457/906/1306
f 1463/910/1310 1460/911/1311 1461/912/1312
f 1461/913/1312 1460/914/1311 1462/915/1313
f 1460/914/1311 1464/916/1314 1466/917/1315 1462/915/1313
f 1460/911/1311 1463/910/1310 1467/918/1316 1464/919/1314
f 1464/916/1314 1467/920/1316 1465/921/1317
f 1464/916/1314 1465/921/1317 1475/922/1318 1466/917/1315
f 1467/918/1316 1468/923/1319 1470/924/1320 1465/921/1317
f 1468/923/1319 1467/918/1316 1463/910/1310
f 1469/925/1321 1468/923/1319 1471/926/1322
f 1468/923/1319 1469/925/1321 1470/924/1320
f 1471/926/1322 1468/923/1319 1472/927/1323
f 1468/923/1319 1463/910/1310 1472/927/1323
f 1463/910/1310 1461/912/1312 1472/927/1323
f 1465/921/1317 1470/924/1320 1473/928/1324 1475/922/1318
f 1473/928/1324 1470/924/1320 1469/925/1321 1474/929/1325
f 1477/930/1326 1476/931/1327 1478/932/1328
f 1478/932/1328 1479/933/1329 1480/934/1330 1477/930/1326
f 1481/935/1331 1480/934/1330 1479/933/1329
f 1482/936/1332 1484/937/1333 1481/935/1331 1479/933/1329
f 1483/938/1334 1482/936/1332 1485/939/1335
f 1482/936/1332 1483/938/1334 1484/937/1333
f 1487/940/1336 1483/938/1334 1485/939/1335 1486/941/1337
f 1486/941/1337 1488/942/1338 1487/940/1336
f 1487/940/1336 1488/942/1338 1489/943/1339
f 1489/943/1339 1488/942/1338 1490/944/1340
f 1490/944/1340 1491/945/1341 1489/943/1339
f 1491/945/1341 1492/946/1342 1489/943/1339
f 1489/943/1339 1492/946/1342 1493/947/1343
f 1489/943/1339 1493/947/1343 1494/948/1344 1507/949/1345
f 1493/947/1343 1497/950/1346 1494/948/1344
f 1493/947/1343 1495/951/1347 1497/950/1346
f 1496/952/1348 1495/951/1347 1493/947/1343
f 1497/950/1346 1498/953/1349 1500/954/1350 1494/948/1344
f 1497/950/1346 1495/951/1347 1498/953/1349
f 1498/953/1349 1495/951/1347 1499/955/1351
f 1498/953/1349 1499/955/1351 1501/956/1352 1500/954/1350
f 1494/948/1344 1500/954/1350 1501/956/1352
f 1501/956/1352 1499/955/1351 1502/957/1353
f 1501/956/1352 1502/957/1353 1503/958/1354
f 1502/957/1353 1499/955/1351 1504/959/1355
f 1505/960/1356 1502/957/1353 1504/959/1355
f 1506/961/1357 1504/959/1355 1499/955/1351
f 1495/951/1347 1506/961/1357 1499/955/1351
f 1508/962/1358 1487/940/1336 1489/943/1339 1507/949/1345
f 1509/963/1359 1508/962/1358 1507/949/1345
f 1509/963/1359 1481/935/1331 1484/937/1333
f 1509/963/1359 1484/937/1333 1508/962/1358
f 1484/937/1333 1487/940/1336 1508/962/1358
f 1487/940/1336 1484/937/1333 1483/938/1334
f 1511/964/1360 1510/965/1361 1512/966/1362 1526/967/1363
f 1512/966/1362 1510/965/1361 1513/968/1364
f 1512/969/1362 1513/970/1364 1514/971/1365
f 1515/972/1366 1526/973/1363 1512/969/1362 1514/971/1365
f 1516/974/1367 1515/972/1366 1514/971/1365
f 1517/975/1368 1516/974/1367 1514/971/1365
f 1517/975/1368 1518/976/1369 1519/977/1370 1516/974/1367
f 1521/978/1371 1519/977/1370 1518/976/1369 1520/979/1372
f 1523/980/1373 1521/978/1371 1520/979/1372 1522/981/1374
f 1525/982/1375 1521/978/1371 1523/980/1373 1524/983/1376
f 1526/967/1363 1525/982/1375 1524/983/1376 1511/964/1360
f 1515/984/1366 1519/985/1370 1525/982/1375 1526/967/1363
f 1525/982/1375 1519/985/1370 1521/978/1371
f 1516/974/1367 1519/977/1370 1515/972/1366
f 1528/986/1377 1527/987/1378 1529/988/1379
f 1529/988/1379 1530/989/1380 1528/986/1377
f 1530/990/1380 1529/991/1379 1531/992/1381
f 1530/990/1380 1531/992/1381 1532/993/1382 1542/994/1383
f 1532/993/1382 1531/992/1381 1533/995/1384
f 1534/996/1385 1532/993/1382 1533/995/1384
f 1533/995/1384 1535/997/1386 1540/998/1387 1534/996/1385
f 1535/997/1386 1533/995/1384 1536/999/1388
f 1535/997/1386 1536/999/1388 1537/1000/1389 1538/1001/1390
f 1535/997/1386 1538/1001/1390 1539/1002/1391 1540/998/1387
f 1541/1003/1392 1540/998/1387 1539/1002/1391
f 1540/998/1387 1541/1003/1392 1534/996/1385
f 1542/1004/1383 1534/996/1385 1541/1003/1392
f 1542/1004/1383 1541/1003/1392 1528/986/1377 1530/989/1380
f 1542/1004/1383 1532/1005/1382 1534/996/1385
f 1544/1006/1393 1547/1007/1394 1543/1008/1395
f 1544/1009/1393 1543/1010/1395 1545/1011/1396
f 1545/1011/1396 1543/1010/1395 1546/1012/1397
f 1543/1010/1395 1548/1013/1398 1549/1014/1399 1546/1012/1397
f 1548/1015/1398 1543/1008/1395 1547/1007/1394 1550/1016/1400
f 1549/1014/1399 1548/1013/1398 1550/1017/1400
f 1549/1014/1399 1550/1017/1400 1551/1018/1401
f 1550/1017/1400 1552/1019/1402 1551/1018/1401
f 1550/1016/1400 1553/1020/1403 1555/1021/1404 1552/1022/1402
f 1553/1020/1403 1550/1016/1400 1547/1007/1394
f 1553/1020/1403 1554/1023/1405 1555/1021/1404
f 1544/1006/1393 1553/1020/1403 1547/1007/1394
f 1560/1024/1406 1552/1022/1402 1555/1021/1404 1556/1025/1407
f 1554/1023/1405 1556/1025/1407 1555/1021/1404
f 1557/1026/1408 1561/1027/1409 1560/1024/1406 1556/1025/1407
f 1558/1028/1410 1557/1026/1408 1556/1025/1407
f 1558/1028/1410 1556/1025/1407 1559/1029/1411
f 1559/1029/1411 1556/1025/1407 1554/1023/1405
f 1552/1022/1402 1560/1024/1406 1551/1018/1401
f 1551/1018/1401 1560/1024/1406 1561/1027/1409
f 1561/1027/1409 1549/1014/1399 1551/1018/1401
f 1563/1030/1412 1562/1031/1413 1564/1032/1414
f 1563/1030/1412 1564/1032/1414 1565/1033/1415
f 1566/1034/1416 1563/1030/1412 1565/1033/1415
f 1567/1035/1417 1566/1034/1416 1565/1033/1415
f 1567/1035/1417 1565/1033/1415 1568/1036/1418
f 1568/1036/1418 1565/1033/1415 1569/1037/1419
f 1569/1037/1419 1570/1038/1420 1571/1039/1421 1568/1036/1418
f 1571/1039/1421 1570/1038/1420 1574/1040/1422
f 1570/1038/1420 1572/1041/1423 1574/1040/1422
f 1572/1041/1423 1570/1038/1420 1573/1042/1424
f 1574/1040/1422 1572/1041/1423 1575/1043/1425
f 1574/1040/1422 1576/1044/1426 1571/1039/1421
f 1575/1043/1425 1577/1045/1427 1574/1040/1422
f 1577/1045/1427 1576/1044/1426 1574/1040/1422
f 1578/1046/1428 1577/1045/1427 1575/1043/1425
f 1577/1045/1427 1567/1035/1417 1576/1044/1426
f 1578/1046/1428 1567/1035/1417 1577/1045/1427
f 1578/1046/1428 1579/1047/1429 1567/1035/1417
f 1567/1035/1417 1579/1047/1429 1566/1034/1416
f 1580/1048/1430 1566/1034/1416 1579/1047/1429
f 1580/1048/1430 1579/1047/1429 1581/1049/1431
f 1579/1047/1429 1582/1050/1432 1581/1049/1431
f 1582/1050/1432 1579/1047/1429 1583/1051/1433
f 1582/1050/1432 1583/1051/1433 1584/1052/1434
f 1585/1053/1435 1635/1054/1436 1582/1050/1432 1584/1052/1434
f 1586/1055/1437 1587/1056/1438 1585/1053/1435 1584/1052/1434
f 1588/1057/1439 1589/1058/1440 1587/1056/1438 1586/1055/1437
f 1588/1057/1439 1590/1059/1441 1589/1058/1440
f 1588/1057/1439 1591/1060/1442 1590/1059/1441
f 1590/1059/1441 1591/1060/1442 1592/1061/1443
f 1593/1062/1444 1594/1063/1445 1592/1061/1443 1591/1060/1442
f 1593/1062/1444 1595/1064/1446 1594/1063/1445
f 1593/1062/1444 1596/1065/1447 1595/1064/1446
f 1597/1066/1448 1596/1065/1447 1593/1062/1444
f 1600/1067/1449 1596/1065/1447 1597/1066/1448
f 1597/1066/1448 1598/1068/1450 1601/1069/1451
f 1599/1070/1452 1598/1068/1450 1597/1066/1448
f 1597/1066/1448 1601/1069/1451 1600/1067/1449
f 1601/1069/1451 1598/1068/1450 1603/1071/1453
f 1600/1067/1449 1601/1069/1451 1602/1072/1454
f 1601/1069/1451 1603/1071/1453 1602/1072/1454
f 1608/1073/1455 1604/1074/1456 1603/1071/1453
f 1603/1071/1453 1604/1074/1456 1613/1075/1457 1605/1076/1458
f 1603/1071/1453 1605/1076/1458 1607/1077/1459
f 1602/1072/1454 1603/1071/1453 1606/1078/1460
f 1606/1078/1460 1603/1071/1453 1596/1065/1447
f 1603/1071/1453 1607/1077/1459 1596/1065/1447
f 1598/1068/1450 1608/1073/1455 1603/1071/1453
f 1598/1068/1450 1609/1079/1461 1608/1073/1455
f 1609/1079/1461 1610/1080/1462 1608/1073/1455
f 1608/1073/1455 1610/1080/1462 1611/1081/1463
f 1608/1073/1455 1611/1081/1463 1604/1074/1456
f 1611/1081/1463 1610/1080/1462 1612/1082/1464
f 1611/1081/1463 1612/1082/1464 1604/1074/1456
f 1612/1082/1464 1613/1075/1457 1604/1074/1456
f 1614/1083/1465 1625/1084/1466 1613/1075/1457 1612/1082/1464
f 1615/1085/1467 1614/1083/1465 1612/1082/1464
f 1615/1085/1467 1612/1082/1464 1610/1080/1462
f 1615/1085/1467 1610/1080/1462 1609/1079/1461
f 1615/1085/1467 1616/1086/1468 1614/1083/1465
f 1615/1085/1467 1617/1087/1469 1616/1086/1468
f 1616/1086/1468 1617/1087/1469 1618/1088/1470
f 1617/1087/1469 1619/1089/1471 1618/1088/1470
f 1620/1090/1472 1619/1089/1471 1617/1087/1469
f 1618/1088/1470 1619/1089/1471 1621/1091/1473
f 1625/1084/1466 1618/1088/1470 1621/1091/1473 1613/1075/1457
f 1621/1091/1473 1623/1092/1474 1605/1076/1458 1613/1075/1457
f 1621/1091/1473 1622/1093/1475 1623/1092/1474
f 1605/1076/1458 1623/1092/1474 1624/1094/1476
f 1616/1086/1468 1618/1088/1470 1625/1084/1466
f 1614/1083/1465 1616/1086/1468 1625/1084/1466
f 1606/1078/1460 1596/1065/1447 1600/1067/1449
f 1602/1072/1454 1606/1078/1460 1600/1067/1449
f 1595/1064/1446 1596/1065/1447 1626/1095/1477
f 1626/1095/1477 1596/1065/1447 1627/1096/1478
f 1596/1065/1447 1628/1097/1479 1627/1096/1478
f 1627/1096/1478 1629/1098/1480 1631/1099/1481
f 1630/1100/1482 1629/1098/1480 1627/1096/1478
f 1632/1101/1483 1627/1096/1478 1631/1099/1481
f 1626/1095/1477 1627/1096/1478 1632/1101/1483
f 1626/1095/1477 1632/1101/1483 1589/1058/1440
f 1634/1102/1484 1589/1058/1440 1632/1101/1483 1633/1103/1485
f 1632/1101/1483 1631/1099/1481 1633/1103/1485
f 1633/1103/1485 1635/1054/1436 1585/1053/1435 1634/1102/1484
f 1635/1054/1436 1633/1103/1485 1631/1099/1481
f 1582/1050/1432 1635/1054/1436 1631/1099/1481
f 1587/1056/1438 1589/1058/1440 1634/1102/1484
f 1634/1102/1484 1585/1053/1435 1587/1056/1438
f 1636/1104/1486 1581/1049/1431 1631/1099/1481
f 1636/1104/1486 1631/1099/1481 1566/1034/1416
f 1631/1099/1481 1637/1105/1487 1566/1034/1416
f 1582/1050/1432 1631/1099/1481 1581/1049/1431
f 1631/1099/1481 1638/1106/1488 1637/1105/1487
f 1631/1099/1481 1629/1098/1480 1638/1106/1488
f 1566/1034/1416 1637/1105/1487 1563/1030/1412
f 1636/1104/1486 1566/1034/1416 1580/1048/1430
f 1581/1049/1431 1636/1104/1486 1580/1048/1430
f 1594/1063/1445 1595/1064/1446 1626/1095/1477
f 1594/1063/1445 1626/1095/1477 1589/1058/1440 1592/1061/1443
f 1592/1061/1443 1589/1058/1440 1590/1059/1441
f 1571/1039/1421 1576/1044/1426 1567/1035/1417 1568/1036/1418
f 1640/1107/1489 1639/1108/1490 1641/1109/1491
f 1641/1109/1491 1643/1110/1492 1642/1111/1493
f 1641/1109/1491 1642/1111/1493 1650/1112/1494 1640/1107/1489
f 1642/1111/1493 1643/1113/1492 1644/1114/1495
f 1645/1115/1496 1648/1116/1497 1644/1114/1495 1643/1113/1492
f 1645/1115/1496 1646/1117/1498 1649/1118/1499 1648/1116/1497
f 1646/1117/1498 1645/1115/1496 1647/1119/1500
f 1648/1116/1497 1642/1111/1493 1644/1114/1495
f 1649/1118/1499 1650/1112/1494 1642/1111/1493 1648/1116/1497
f 1655/1120/1501 1651/1121/1502 1652/1122/1503
f 1668/1123/1504 1652/1124/1503 1651/1125/1502 1653/1126/1505
f 1654/1127/1506 1653/1126/1505 1651/1125/1502
f 1654/1128/1506 1651/1121/1502 1655/1120/1501
f 1656/1129/1507 1655/1120/1501 1652/1122/1503
f 1657/1130/1508 1655/1120/1501 1656/1129/1507
f 1659/1131/1509 1658/1132/1510 1657/1130/1508 1656/1129/1507
f 1658/1132/1510 1659/1131/1509 1660/1133/1511
f 1659/1131/1509 1661/1134/1512 1660/1133/1511
f 1660/1133/1511 1661/1134/1512 1662/1135/1513
f 1660/1133/1511 1662/1135/1513 1663/1136/1514
f 1663/1136/1514 1662/1135/1513 1664/1137/1515
f 1664/1137/1515 1665/1138/1516 1663/1136/1514
f 1668/1123/1504 1653/1126/1505 1665/1138/1516 1666/1139/1517
f 1666/1139/1517 1665/1138/1516 1664/1137/1515 1667/1140/1518
f 1668/1141/1504 1666/1142/1517 1667/1140/1518
f 1652/1122/1503 1668/1141/1504 1667/1140/1518
f 1664/1137/1515 1662/1135/1513 1661/1134/1512 1667/1140/1518
f 1652/1122/1503 1667/1140/1518 1659/1131/1509 1656/1129/1507
f 1659/1131/1509 1667/1140/1518 1661/1134/1512
f 1670/1143/1519 1669/1144/1520 1671/1145/1521
f 1672/1146/1522 1671/1145/1521 1669/1144/1520
f 1672/1146/1522 1669/1144/1520 1673/1147/1523
f 1669/1144/1520 1674/1148/1524 1673/1147/1523
f 1674/1148/1524 1677/1149/1525 1673/1147/1523
f 1674/1148/1524 1675/1150/1526 1676/1151/1527
f 1676/1151/1527 1677/1149/1525 1674/1148/1524
f 1673/1147/1523 1677/1149/1525 1678/1152/1528
f 1679/1153/1529 1677/1149/1525 1676/1151/1527
f 1679/1153/1529 1680/1154/1530 1677/1149/1525
f 1680/1154/1530 1681/1155/1531 1677/1149/1525
f 1682/1156/1532 1677/1149/1525 1681/1155/1531
f 1677/1149/1525 1682/1156/1532 1683/1157/1533
f 1684/1158/1534 1682/1156/1532 1681/1155/1531
f 1685/1159/1535 1682/1156/1532 1684/1158/1534
f 1686/1160/1536 1682/1156/1532 1685/1159/1535
f 1686/1160/1536 1687/1161/1537 1682/1156/1532
f 1688/1162/1538 1682/1156/1532 1687/1161/1537
f 1688/1162/1538 1689/1163/1539 1682/1156/1532
f 1682/1156/1532 1689/1163/1539 1690/1164/1540
f 1689/1163/1539 1691/1165/1541 1690/1164/1540
f 1692/1166/1542 1689/1163/1539 1688/1162/1538
f 1695/1167/1543 1689/1163/1539 1692/1166/1542
f 1694/1168/1544 1693/1169/1545 1689/1163/1539
f 1695/1167/1543 1694/1168/1544 1689/1163/1539
f 1695/1167/1543 1692/1166/1542 1696/1170/1546
f 1695/1167/1543 1696/1170/1546 1698/1171/1547 1697/1172/1548
f 1697/1172/1548 1694/1168/1544 1695/1167/1543
f 1696/1170/1546 1692/1166/1542 1698/1171/1547
f 1686/1160/1536 1685/1159/1535 1699/1173/1549
f 1700/1174/1550 1679/1153/1529 1676/1151/1527
f 1672/1146/1522 1673/1147/1523 1701/1175/1551
f 1701/1175/1551 1673/1147/1523 1702/1176/1552
f 1673/1147/1523 1703/1177/1553 1702/1176/1552
f 1703/1177/1553 1673/1147/1523 1704/1178/1554
f 1705/1179/1555 1703/1177/1553 1707/1180/1556
f 1703/1177/1553 1705/1179/1555 1718/1181/1557 1706/1182/1558
f 1706/1182/1558 1702/1176/1552 1703/1177/1553
f 1707/1180/1556 1708/1183/1559 1705/1179/1555
f 1709/1184/1560 1705/1179/1555 1708/1183/1559
f 1710/1185/1561 1705/1179/1555 1709/1184/1560
f 1710/1185/1561 1709/1184/1560 1711/1186/1562
f 1712/1187/1563 1710/1185/1561 1711/1186/1562
f 1712/1187/1563 1713/1188/1564 1710/1185/1561
f 1713/1188/1564 1714/1189/1565 1710/1185/1561
f 1714/1189/1565 1713/1188/1564 1715/1190/1566
f 1714/1189/1565 1716/1191/1567 1705/1179/1555
f 1710/1185/1561 1714/1189/1565 1705/1179/1555
f 1717/1192/1568 1705/1179/1555 1716/1191/1567
f 1717/1192/1568 1718/1181/1557 1705/1179/1555
f 1719/1193/1569 1706/1182/1558 1718/1181/1557
f 1719/1193/1569 1718/1181/1557 1720/1194/1570
f 1719/1193/1569 1721/1195/1571 1706/1182/1558
f 1672/1146/1522 1701/1175/1551 1722/1196/1572
f 1724/1197/1573 1723/1198/1574 1725/1199/1575
f 1726/1200/1576 1751/1201/1577 1724/1197/1573 1725/1199/1575
f 1727/1202/1578 1726/1200/1576 1725/1199/1575
f 1727/1202/1578 1728/1203/1579 1726/1200/1576
f 1726/1200/1576 1728/1203/1579 1729/1204/1580
f 1730/1205/1581 1729/1204/1580 1728/1203/1579
f 1729/1204/1580 1730/1205/1581 1731/1206/1582
f 1732/1207/1583 1731/1206/1582 1730/1205/1581
f 1730/1205/1581 1733/1208/1584 1732/1207/1583
f 1735/1209/1585 1732/1207/1583 1733/1208/1584 1734/1210/1586
f 1738/1211/1587 1732/1207/1583 1735/1209/1585 1736/1212/1588
f 1736/1212/1588 1739/1213/1589 1737/1214/1590
f 1736/1212/1588 1737/1214/1590 1738/1211/1587
f 1737/1214/1590 1739/1213/1589 1740/1215/1591
f 1737/1214/1590 1740/1215/1591 1741/1216/1592
f 1738/1211/1587 1737/1214/1590 1741/1216/1592 1742/1217/1593
f 1731/1206/1582 1738/1211/1587 1742/1217/1593
f 1731/1206/1582 1742/1217/1593 1743/1218/1594 1729/1204/1580
f 1729/1204/1580 1743/1218/1594 1744/1219/1595 1726/1200/1576
f 1726/1200/1576 1744/1219/1595 1745/1220/1596
f 1744/1219/1595 1746/1221/1597 1745/1220/1596
f 1746/1221/1597 1747/1222/1598 1749/1223/1599 1748/1224/1600
f 1745/1220/1596 1746/1221/1597 1748/1224/1600
f 1749/1223/1599 1750/1225/1601 1748/1224/1600
f 1745/1220/1596 1748/1224/1600 1750/1225/1601 1751/1201/1577
f 1726/1200/1576 1745/1220/1596 1751/1201/1577
f 1731/1206/1582 1732/1207/1583 1738/1211/1587
f 1757/1226/1602 1752/1227/1603 1753/1228/1604
f 1753/1228/1604 1752/1227/1603 1754/1229/1605 1766/1230/1606
f 1755/1231/1607 1754/1229/1605 1752/1227/1603
f 1761/1232/1608 1755/1233/1607 1752/1234/1603 1756/1235/1609
f 1752/1227/1603 1757/1226/1602 1756/1236/1609
f 1757/1226/1602 1753/1228/1604 1764/1237/1610 1758/1238/1611
f 1759/1239/1612 1757/1226/1602 1758/1238/1611
f 1756/1236/1609 1757/1226/1602 1759/1239/1612
f 1760/1240/1613 1761/1232/1608 1756/1235/1609 1759/1239/1612
f 1759/1239/1612 1758/1238/1611 1762/1241/1614 1760/1240/1613
f 1760/1240/1613 1763/1242/1615 1761/1232/1608
f 1762/1241/1614 1763/1242/1615 1760/1240/1613
f 1761/1232/1608 1763/1242/1615 1755/1233/1607
f 1753/1228/1604 1766/1230/1606 1765/1243/1616 1764/1237/1610
f 1768/1244/1617 1771/1245/1618 1767/1246/1619
f 1769/1247/1620 1812/1248/1621 1768/1244/1617 1767/1246/1619
f 1769/1247/1620 1767/1246/1619 1770/1249/1622
f 1772/1250/1623 1771/1245/1618 1768/1244/1617
f 1772/1250/1623 1773/1251/1624 1771/1245/1618
f 1776/1252/1625 1774/1253/1626 1773/1251/1624 1775/1254/1627
f 1772/1250/1623 1775/1254/1627 1773/1251/1624
f 1777/1255/1628 1778/1256/1629 1776/1252/1625 1775/1254/1627
f 1777/1255/1628 1775/1254/1627 1772/1250/1623
f 1781/1257/1630 1778/1256/1629 1777/1255/1628
f 1777/1255/1628 1772/1250/1623 1779/1258/1631
f 1779/1258/1631 1780/1259/1632 1777/1255/1628
f 1777/1255/1628 1780/1259/1632 1781/1257/1630
f 1782/1260/1633 1783/1261/1634 1781/1257/1630
f 1780/1259/1632 1782/1260/1633 1781/1257/1630
f 1784/1262/1635 1781/1257/1630 1783/1261/1634
f 1784/1262/1635 1785/1263/1636 1781/1257/1630
f 1786/1264/1637 1778/1256/1629 1781/1257/1630
f 1785/1263/1636 1786/1264/1637 1781/1257/1630
f 1787/1265/1638 1789/1266/1639 1778/1256/1629 1786/1264/1637
f 1788/1267/1640 1787/1265/1638 1786/1264/1637 1785/1263/1636
f 1787/1265/1638 1788/1267/1640 1790/1268/1641
f 1789/1266/1639 1787/1265/1638 1790/1268/1641
f 1791/1269/1642 1792/1270/1643 1790/1268/1641
f 1791/1269/1642 1790/1268/1641 1788/1267/1640
f 1790/1268/1641 1792/1270/1643 1789/1266/1639
f 1791/1269/1642 1794/1271/1644 1792/1270/1643
f 1789/1266/1639 1792/1270/1643 1793/1272/1645
f 1792/1270/1643 1794/1271/1644 1793/1272/1645
f 1793/1272/1645 1794/1271/1644 1774/1253/1626 1776/1252/1625
f 1789/1266/1639 1793/1272/1645 1776/1252/1625 1778/1256/1629
f 1791/1269/1642 1788/1267/1640 1795/1273/1646
f 1795/1273/1646 1788/1267/1640 1796/1274/1647
f 1795/1273/1646 1796/1274/1647 1784/1262/1635 1797/1275/1648
f 1797/1275/1648 1784/1262/1635 1798/1276/1649
f 1798/1276/1649 1784/1262/1635 1783/1261/1634
f 1798/1276/1649 1783/1261/1634 1799/1277/1650
f 1800/1278/1651 1799/1277/1650 1783/1261/1634 1782/1260/1633
f 1800/1278/1651 1782/1260/1633 1780/1259/1632 1801/1279/1652
f 1801/1279/1652 1802/1280/1653 1800/1278/1651
f 1801/1279/1652 1780/1259/1632 1804/1281/1654 1803/1282/1655
f 1805/1283/1656 1804/1281/1654 1779/1258/1631
f 1780/1259/1632 1779/1258/1631 1804/1281/1654
f 1779/1258/1631 1806/1284/1657 1805/1283/1656
f 1806/1284/1657 1779/1258/1631 1808/1285/1658 1807/1286/1659
f 1809/1287/1660 1807/1286/1659 1808/1285/1658
f 1809/1287/1660 1808/1285/1658 1810/1288/1661
f 1768/1244/1617 1811/1289/1662 1810/1288/1661
f 1810/1288/1661 1808/1285/1658 1768/1244/1617
f 1811/1289/1662 1768/1244/1617 1812/1248/1621
f 1808/1285/1658 1779/1258/1631 1772/1250/1623
f 1808/1285/1658 1772/1250/1623 1768/1244/1617
f 1796/1274/1647 1788/1267/1640 1785/1263/1636 1784/1262/1635
f 1814/1290/1663 1816/1291/1664 1813/1292/1665
f 1814/1290/1663 1813/1292/1665 1815/1293/1666
f 1813/1292/1665 1816/1291/1664 1817/1294/1667
f 1818/1295/1668 1817/1294/1667 1816/1291/1664
f 1818/1295/1668 1819/1296/1669 1817/1294/1667
f 1821/1297/1670 1822/1298/1671 1820/1299/1672 1819/1296/1669
f 1819/1296/1669 1818/1295/1668 1821/1297/1670
f 1831/1300/1673 1822/1298/1671 1821/1297/1670 1823/1301/1674
f 1821/1297/1670 1824/1302/1675 1823/1301/1674
f 1824/1302/1675 1821/1297/1670 1818/1295/1668
f 1826/1303/1676 1824/1302/1675 1825/1304/1677
f 1825/1304/1677 1824/1302/1675 1816/1291/1664
f 1818/1295/1668 1816/1291/1664 1824/1302/1675
f 1827/1305/1678 1824/1302/1675 1826/1303/1676
f 1828/1306/1679 1824/1302/1675 1827/1305/1678
f 1828/1306/1679 1829/1307/1680 1824/1302/1675
f 1829/1307/1680 1823/1301/1674 1824/1302/1675
f 1830/1308/1681 1829/1307/1680 1828/1306/1679
f 1823/1301/1674 1829/1307/1680 1831/1300/1673
f 1822/1298/1671 1831/1300/1673 1832/1309/1682
f 1822/1298/1671 1832/1309/1682 1833/1310/1683
f 1820/1299/1672 1822/1298/1671 1833/1310/1683
f 1834/1311/1684 1830/1308/1681 1828/1306/1679 1835/1312/1685
f 1835/1312/1685 1828/1306/1679 1837/1313/1686 1836/1314/1687
f 1838/1315/1688 1836/1314/1687 1837/1313/1686
f 1839/1316/1689 1838/1315/1688 1840/1317/1690
f 1841/1318/1691 1840/1317/1690 1838/1315/1688
f 1837/1313/1686 1841/1318/1691 1838/1315/1688
f 1840/1317/1690 1841/1318/1691 1842/1319/1692
f 1842/1319/1692 1841/1318/1691 1826/1303/1676
f 1826/1303/1676 1841/1318/1691 1827/1305/1678
f 1841/1318/1691 1837/1313/1686 1827/1305/1678
f 1825/1304/1677 1842/1319/1692 1826/1303/1676
f 1842/1319/1692 1825/1304/1677 1844/1320/1693 1843/1321/1694
f 1842/1319/1692 1843/1321/1694 1840/1317/1690
f 1839/1316/1689 1843/1321/1694 1844/1320/1693 1845/1322/1695
f 1840/1317/1690 1843/1321/1694 1839/1316/1689
f 1847/1323/1696 1845/1322/1695 1844/1320/1693 1846/1324/1697
f 1844/1320/1693 1825/1304/1677 1846/1324/1697
f 1846/1324/1697 1851/1325/1698 1847/1323/1696
f 1846/1324/1697 1848/1326/1699 1851/1325/1698
f 1848/1326/1699 1846/1324/1697 1849/1327/1700 1853/1328/1701
f 1846/1324/1697 1850/1329/1702 1849/1327/1700
f 1850/1329/1702 1846/1324/1697 1816/1291/1664 1852/1330/1703
f 1816/1291/1664 1846/1324/1697 1825/1304/1677
f 1852/1330/1703 1816/1291/1664 1814/1290/1663
f 1827/1305/1678 1837/1313/1686 1828/1306/1679
f 1855/1331/1704 1857/1332/1705 1854/1333/1706
f 1855/1334/1704 1854/1335/1706 1856/1336/1707
f 1859/1337/1708 1858/1338/1709 1857/1332/1705
f 1857/1332/1705 1860/1339/1710 1859/1337/1708
f 1857/1332/1705 1855/1331/1704 1860/1339/1710
f 1859/1337/1708 1860/1339/1710 1861/1340/1711
f 1861/1340/1711 1860/1339/1710 1855/1331/1704
f 1859/1337/1708 1861/1340/1711 1862/1341/1712
f 1862/1341/1712 1861/1340/1711 1855/1334/1704 1856/1336/1707
f 1864/1342/1713 1859/1337/1708 1862/1341/1712 1863/1343/1714
f 1856/1336/1707 1863/1343/1714 1862/1341/1712
f 1859/1337/1708 1864/1342/1713 1858/1338/1709
f 1870/1344/1715 1868/1345/1716 1865/1346/1717 1866/1347/1718
f 1866/1348/1718 1865/1349/1717 1867/1350/1719
f 1870/1344/1715 1869/1351/1720 1868/1345/1716
f 1869/1351/1720 1870/1344/1715 1866/1347/1718 1871/1352/1721
f 1873/1353/1722 1872/1354/1723 1869/1351/1720 1871/1352/1721
f 1873/1353/1722 1875/1355/1724 1874/1356/1725 1872/1354/1723
f 1873/1353/1722 1877/1357/1726 1876/1358/1727 1875/1355/1724
f 1878/1359/1728 1876/1358/1727 1877/1357/1726
f 1877/1357/1726 1879/1360/1729 1867/1350/1719 1878/1359/1728
f 1871/1352/1721 1879/1361/1729 1877/1357/1726
f 1871/1352/1721 1877/1357/1726 1873/1353/1722
f 1879/1360/1729 1871/1362/1721 1866/1348/1718 1867/1350/1719
f 1880/1363/1730 1881/1364/1731 1885/1365/1732
f 1902/1366/1733 1881/1364/1731 1880/1363/1730 1882/1367/1734
f 1883/1368/1735 1882/1367/1734 1880/1363/1730
f 1883/1368/1735 1880/1363/1730 1884/1369/1736
f 1885/1365/1732 1881/1364/1731 1886/1370/1737
f 1881/1364/1731 1887/1371/1738 1886/1370/1737
f 1888/1372/1739 1886/1370/1737 1887/1371/1738
f 1889/1373/1740 1888/1372/1739 1887/1371/1738
f 1890/1374/1741 1888/1372/1739 1889/1373/1740
f 1891/1375/1742 1890/1374/1741 1889/1373/1740 1892/1376/1743
f 1892/1376/1743 1889/1373/1740 1893/1377/1744
f 1892/1376/1743 1893/1377/1744 1894/1378/1745
f 1894/1378/1745 1893/1377/1744 1895/1379/1746
f 1895/1379/1746 1893/1377/1744 1896/1380/1747
f 1897/1381/1748 1896/1380/1747 1893/1377/1744
f 1893/1377/1744 1898/1382/1749 1897/1381/1748
f 1898/1382/1749 1893/1377/1744 1899/1383/1750
f 1900/1384/1751 1899/1383/1750 1893/1377/1744
f 1901/1385/1752 1900/1384/1751 1893/1377/1744
f 1901/1385/1752 1893/1377/1744 1902/1366/1733
f 1902/1366/1733 1893/1377/1744 1881/1364/1731
f 1902/1366/1733 1882/1367/1734 1903/1386/1753
f 1902/1366/1733 1903/1386/1753 1904/1387/1754
f 1902/1366/1733 1904/1387/1754 1905/1388/1755
f 1906/1389/1756 1902/1366/1733 1905/1388/1755
f 1907/1390/1757 1908/1391/1758 1905/1388/1755
f 1907/1390/1757 1905/1388/1755 1904/1387/1754
f 1909/1392/1759 1907/1390/1757 1904/1387/1754
f 1881/1364/1731 1893/1377/1744 1887/1371/1738
f 1887/1371/1738 1893/1377/1744 1889/1373/1740
f 1911/1393/1760 1910/1394/1761 1912/1395/1762
f 1911/1393/1760 1912/1395/1762 1913/1396/1763
f 1913/1396/1763 1912/1395/1762 1914/1397/1764
f 1912/1395/1762 1915/1398/1765 1914/1397/1764
f 1912/1395/1762 1916/1399/1766 1915/1398/1765
f 1916/1399/1766 1917/1400/1767 1915/1398/1765
f 1917/1400/1767 1918/1401/1768 1915/1398/1765
f 1919/1402/1769 1915/1398/1765 1918/1401/1768
f 1918/1401/1768 1920/1403/1770 1919/1402/1769
f 1921/1404/1771 1919/1402/1769 1920/1403/1770
f 1919/1402/1769 1922/1405/1772 1915/1398/1765
f 1919/1402/1769 1923/1406/1773 1922/1405/1772
f 1924/1407/1774 1922/1405/1772 1923/1406/1773
f 1924/1407/1774 1925/1408/1775 1922/1405/1772
f 1926/1409/1776 1927/1410/1777 1922/1405/1772 1925/1408/1775
f 1929/1411/1778 1927/1410/1777 1926/1409/1776 1928/1412/1779
f 1929/1411/1778 1930/1413/1780 1927/1410/1777
f 1930/1413/1780 1931/1414/1781 1927/1410/1777
f 1932/1415/1782 1931/1414/1781 1930/1413/1780
f 1927/1410/1777 1931/1414/1781 1922/1405/1772
f 1922/1405/1772 1931/1414/1781 1933/1416/1783
f 1933/1416/1783 1931/1414/1781 1934/1417/1784
f 1915/1398/1765 1922/1405/1772 1935/1418/1785
f 1915/1398/1765 1935/1418/1785 1936/1419/1786
f 1915/1398/1765 1936/1419/1786 1937/1420/1787
f 1915/1398/1765 1937/1420/1787 1938/1421/1788
f 1914/1397/1764 1915/1398/1765 1938/1421/1788
f 1940/1422/1789 1939/1423/1790 1941/1424/1791
f 1940/1422/1789 1941/1424/1791 1942/1425/1792
f 1942/1425/1792 1941/1424/1791 1943/1426/1793
f 1943/1426/1793 1941/1424/1791 1944/1427/1794
f 1944/1427/1794 1941/1424/1791 1945/1428/1795
f 1945/1428/1795 1941/1424/1791 1946/1429/1796
f 1947/1430/1797 1945/1428/1795 1946/1429/1796
f 1948/1431/1798 1947/1430/1797 1946/1429/1796
f 1948/1431/1798 1949/1432/1799 1947/1430/1797
f 1948/1431/1798 1950/1433/1800 1949/1432/1799
f 1950/1433/1800 1943/1426/1793 1951/1434/1801
f 1951/1434/1801 1949/1432/1799 1950/1433/1800
f 1951/1434/1801 1943/1426/1793 1944/1427/1794
f 1951/1434/1801 1944/1427/1794 1949/1432/1799
f 1949/1432/1799 1944/1427/1794 1947/1430/1797
f 1944/1427/1794 1945/1428/1795 1947/1430/1797
f 1955/1435/1802 1952/1436/1803 1953/1437/1804
f 1956/1438/1805 1953/1437/1804 1952/1436/1803 1954/1439/1806
f 1957/1440/1807 2002/1441/1808 1953/1437/1804 1956/1438/1805
f 1958/1442/1809 1957/1440/1807 1956/1438/1805
f 1958/1442/1809 1956/1438/1805 1959/1443/1810
f 1960/1444/1811 1958/1442/1809 1959/1443/1810
f 1963/1445/1812 1960/1444/1811 1959/1443/1810 1961/1446/1813
f 1961/1446/1813 1959/1443/1810 1962/1447/1814
f 1964/1448/1815 1960/1444/1811 1963/1445/1812
f 1960/1444/1811 1964/1448/1815 1965/1449/1816
f 1968/1450/1817 1966/1451/1818 1965/1449/1816
f 1965/1449/1816 1966/1451/1818 1969/1452/1819 1967/1453/1820
f 1960/1444/1811 1965/1449/1816 1967/1453/1820
f 1967/1453/1820 1969/1452/1819 1971/1454/1821
f 1960/1444/1811 1967/1453/1820 1958/1442/1809
f 1967/1453/1820 1957/1440/1807 1958/1442/1809
f 1970/1455/1822 1957/1440/1807 1967/1453/1820
f 1971/1454/1821 1970/1455/1822 1967/1453/1820
f 1972/1456/1823 1971/1454/1821 1969/1452/1819
f 1970/1455/1822 1971/1454/1821 1973/1457/1824
f 1973/1457/1824 1971/1454/1821 1972/1456/1823
f 1974/1458/1825 1973/1457/1824 1972/1456/1823
f 1976/1459/1826 1970/1455/1822 1973/1457/1824
f 1975/1460/1827 1973/1457/1824 1974/1458/1825
f 1976/1459/1826 1973/1457/1824 1975/1460/1827
f 1976/1459/1826 1975/1460/1827 1977/1461/1828
f 1978/1462/1829 1976/1459/1826 1977/1461/1828
f 1979/1463/1830 1970/1455/1822 1976/1459/1826
f 1984/1464/1831 1976/1459/1826 1978/1462/1829
f 1980/1465/1832 1979/1463/1830 1976/1459/1826
f 1976/1459/1826 1981/1466/1833 1980/1465/1832
f 1981/1466/1833 1976/1459/1826 1982/1467/1834
f 1983/1468/1835 1982/1467/1834 1976/1459/1826
f 1984/1464/1831 1983/1468/1835 1976/1459/1826
f 1985/1469/1836 1983/1468/1835 1984/1464/1831
f 1984/1464/1831 1978/1462/1829 1986/1470/1837
f 1987/1471/1838 1985/1469/1836 1984/1464/1831
f 1988/1472/1839 1984/1464/1831 1986/1470/1837
f 1988/1472/1839 1987/1471/1838 1984/1464/1831
f 1990/1473/1840 1989/1474/1841 1981/1466/1833
f 1981/1466/1833 1989/1474/1841 1980/1465/1832
f 1980/1465/1832 1989/1474/1841 1991/1475/1842
f 1991/1475/1842 1992/1476/1843 1980/1465/1832
f 1992/1476/1843 1993/1477/1844 1979/1463/1830
f 1980/1465/1832 1992/1476/1843 1979/1463/1830
f 1993/1477/1844 1994/1478/1845 1979/1463/1830
f 1995/1479/1846 1994/1478/1845 1993/1477/1844
f 1996/1480/1847 1994/1478/1845 1995/1479/1846
f 1994/1478/1845 1996/1480/1847 1970/1455/1822
f 1970/1455/1822 1996/1480/1847 1997/1481/1848
f 1998/1482/1849 1970/1455/1822 1997/1481/1848
f 1998/1482/1849 1999/1483/1850 1970/1455/1822
f 2000/1484/1851 1999/1483/1850 1998/1482/1849
f 2002/1441/1808 1970/1455/1822 1999/1483/1850 2001/1485/1852
f 1970/1455/1822 2002/1441/1808 1957/1440/1807
f 2002/1441/1808 2003/1486/1853 1953/1437/1804
f 1994/1478/1845 1970/1455/1822 1979/1463/1830
f 2004/1487/1854 1977/1461/1828 1975/1460/1827
f 2004/1487/1854 1974/1458/1825 1972/1456/1823
f 2004/1487/1854 1972/1456/1823 1969/1452/1819 1966/1451/1818
f 1966/1451/1818 2005/1488/1855 2004/1487/1854
f 1974/1458/1825 2004/1487/1854 1975/1460/1827
f 2007/346/798 2006/347/799 2008/348/800
f 2006/347/799 2009/349/1856 2008/348/800
f 2006/347/799 2010/350/802 2009/349/1856
f 2011/351/803 2010/350/802 2006/347/799
f 2010/350/802 2011/351/803 2012/352/804 2013/353/805
f 2013/353/805 2014/354/806 2015/355/807 2010/350/802
f 2008/348/800 2015/355/807 2014/354/806 2016/356/808
f 2010/350/802 2015/355/807 2009/349/1856
f 2008/348/800 2009/349/1856 2015/355/807
f 2021/357/1857 2017/358/810 2018/359/811 2023/360/812
f 2018/359/811 2017/358/810 2019/361/813
f 2019/362/813 2017/363/810 2020/364/814 2029/365/815
f 2022/366/816 2020/367/814 2017/358/810 2021/357/1857
f 2023/360/812 2024/368/817 2026/369/818 2025/370/819
f 2024/368/817 2023/360/812 2018/359/811
f 2027/371/820 2026/369/818 2024/368/817 2018/372/811
f 2028/373/821 2027/371/820 2018/372/811 2019/362/813
f 2028/373/821 2019/362/813 2029/365/815
f 2030/374/822 2020/367/814 2022/366/816
f 2034/375/823 2036/376/824 2032/377/825 2031/378/826
f 2031/379/826 2032/380/825 2033/381/1858
f 2034/382/823 2031/379/826 2033/381/1858 2035/383/828
f 2037/384/829 2032/377/825 2036/376/824
f 2039/385/830 2037/384/829 2036/376/824 2038/386/831
f 2041/387/832 2039/385/830 2038/386/831 2040/388/833
f 2041/387/832 2033/381/1858 2032/380/825 2039/385/830
f 2037/389/829 2039/385/830 2032/380/825
f 2048/390/834 2046/391/835 2042/392/1859 2043/393/837
f 2043/393/837 2042/392/1859 2044/394/838 2053/395/839
f 2044/394/838 2042/392/1859 2045/396/840 2054/397/841
f 2047/398/842 2045/399/840 2042/400/1859 2046/401/835
f 2047/398/842 2049/402/1860 2054/403/841 2045/399/840
f 2049/402/1860 2047/398/842 2050/404/844
f 2049/402/1860 2050/404/844 2051/405/845 2054/403/841
f 2051/405/845 2050/404/844 2052/406/846 2053/395/839
f 2053/395/839 2044/394/838 2051/405/845
f 2054/397/841 2051/405/845 2044/394/838
f 2056/407/1861 2058/408/848 2055/409/849
f 2056/407/1861 2055/409/849 2057/410/1862
f 2059/411/851 2058/408/848 2056/407/1861
f 2059/411/851 2060/412/852 2058/408/848
f 2060/412/852 2061/413/853 2058/408/848
f 2061/413/853 2062/414/854 2058/408/848
f 2063/415/855 2058/408/848 2062/414/854
f 2064/416/856 2058/408/848 2063/415/855
f 2064/416/856 2065/417/857 2058/408/848
f 2065/417/857 2066/418/858 2058/408/848
f 2067/419/1863 2066/418/858 2065/417/857
f 2065/417/857 2068/420/860 2067/419/1863
f 2064/416/856 2068/420/860 2065/417/857
f 2068/420/860 2064/416/856 2069/421/1864
f 2064/416/856 2070/422/862 2069/421/1864
f 2071/423/863 2070/422/862 2064/416/856
f 2072/424/864 2071/423/863 2064/416/856
f 2073/425/865 2071/423/863 2072/424/864
f 2071/423/863 2073/425/865 2074/426/866
f 2073/425/865 2072/424/864 2075/427/1865
f 2076/428/1866 2073/425/865 2075/427/1865
f 2076/428/1866 2075/427/1865 2072/424/864
f 2072/424/864 2064/416/856 2077/429/1867
f 2077/429/1867 2064/416/856 2078/430/870
f 2078/430/870 2064/416/856 2063/415/855
f 2078/430/870 2063/415/855 2079/431/871
f 2079/431/871 2063/415/855 2080/432/872
f 2080/432/872 2063/415/855 2081/433/873
f 2062/414/854 2082/434/1868 2063/415/855
f 2083/435/875 2061/413/853 2060/412/852
f 2085/436/876 2089/437/877 2087/438/878 2084/439/879
f 2085/436/876 2084/439/879 2086/440/880
f 2091/441/881 2090/442/882 2087/438/878 2088/443/883
f 2088/443/883 2087/438/878 2089/437/877
f 2090/442/882 2091/441/881 2092/444/884
f 2090/442/882 2092/444/884 2093/445/885
f 2094/446/886 2093/445/885 2092/444/884
f 2093/445/885 2094/446/886 2095/447/887
f 2097/448/888 2095/447/887 2094/446/886 2098/449/889
f 2097/448/888 2096/450/890 2095/447/887
f 2100/451/891 2099/452/891 2097/448/888 2098/449/889
f 2101/453/892 2098/449/889 2094/446/886
f 2098/449/889 2101/453/892 2102/454/893
f 2102/454/893 2101/453/892 2104/455/894 2103/456/895
f 2105/457/896 2104/455/894 2101/453/892
f 2101/453/892 2091/441/881 2105/457/896
f 2091/441/881 2101/453/892 2092/444/884
f 2094/446/886 2092/444/884 2101/453/892
f 2106/458/1869 2091/441/881 2088/443/883
f 2108/459/898 2107/460/1870 2109/461/900
f 2107/462/1870 2110/463/901 2109/464/900
f 2110/463/901 2107/462/1870 2111/465/902
f 2111/465/902 2112/466/903 2113/467/904
f 2110/463/901 2111/465/902 2113/467/904
f 2115/468/905 2113/467/904 2114/469/906
f 2114/469/906 2113/467/904 2112/466/903
f 2116/470/907 2110/463/901 2113/467/904 2115/468/905
f 2117/471/908 2116/472/907 2115/468/905
f 2117/471/908 2115/468/905 2114/469/906
f 2120/473/909 2118/474/1871 2117/471/908
f 2117/471/908 2118/474/1871 2119/475/1872
f 2117/471/908 2119/475/1872 2116/472/907
f 2117/471/908 2121/476/912 2120/473/909
f 2121/476/912 2117/471/908 2122/477/913
f 2122/477/913 2117/471/908 2114/469/906
f 2112/466/903 2122/477/913 2114/469/906
f 2119/475/1872 2118/474/1871 2108/459/898 2109/461/900
f 2116/470/907 2119/478/1872 2109/464/900 2110/463/901
f 2124/479/914 2126/480/1873 2123/481/916
f 2124/479/914 2123/481/916 2125/482/917
f 2128/483/918 2127/484/919 2126/480/1873 2124/479/914
f 2128/483/918 2130/485/920 2129/486/921 2127/484/919
f 2129/486/921 2130/485/920 2131/487/922
f 2131/487/922 2133/488/923 2132/489/924 2129/486/921
f 2132/489/924 2133/488/923 2134/490/1874
f 2134/490/1874 2133/488/923 2135/491/926
f 2134/490/1874 2135/491/926 2136/492/927
f 2136/492/927 2135/491/926 2137/493/928
f 2136/492/927 2137/493/928 2125/494/917
f 2137/493/928 2135/491/926 2138/495/929
f 2138/495/929 2139/496/930 2137/493/928
f 2139/496/930 2140/497/931 2137/493/928
f 2125/494/917 2137/493/928 2140/497/931
f 2128/498/918 2124/499/914 2140/497/931 2139/496/930
f 2140/497/931 2124/499/914 2125/494/917
f 2128/483/918 2139/500/930 2130/485/920
f 2131/487/922 2130/485/920 2139/500/930 2138/501/929
f 2131/487/922 2138/495/929 2135/491/926 2133/488/923
f 2142/502/932 2141/503/933 2143/504/934
f 2141/505/933 2144/506/935 2143/507/934
f 2147/508/936 2144/506/935 2145/509/937 2150/510/938
f 2146/511/939 2145/509/937 2144/506/935
f 2149/512/940 2143/507/934 2144/506/935 2147/508/936
f 2147/513/936 2150/510/938 2148/514/941
f 2147/513/936 2148/514/941 2149/515/940
f 2150/510/938 2151/516/942 2153/517/943 2148/514/941
f 2145/509/937 2152/518/1875 2151/516/942 2150/510/938
f 2149/515/940 2148/514/941 2153/517/943
f 2149/515/940 2153/517/943 2142/502/932 2143/504/934
f 2152/518/1875 2145/509/937 2154/519/945
f 2145/509/937 2146/511/939 2154/519/945
f 2156/520/1876 2161/521/947 2158/522/948 2155/523/949
f 2156/520/1876 2155/523/949 2157/524/1877
f 2162/525/951 2164/526/1878 2159/527/953 2158/522/948
f 2158/522/948 2159/527/953 2160/528/954
f 2158/522/948 2161/521/947 2162/525/951
f 2161/521/947 2163/529/955 2162/525/951
f 2164/526/1878 2162/525/951 2163/529/955
f 2165/530/956 2164/526/1878 2163/529/955
f 2167/531/957 2166/532/958 2165/530/956 2163/529/955
f 2156/533/1876 2157/534/1877 2167/531/957
f 2156/533/1876 2167/531/957 2163/529/955 2161/521/947
f 2171/535/1879 2168/536/1880 2169/537/961
f 2169/537/961 2168/536/1880 2170/538/962
f 2172/539/963 2171/535/1879 2169/537/961 2173/540/964
f 2173/540/964 2176/541/965 2174/542/966 2172/539/963
f 2176/541/965 2178/543/967 2175/544/968 2174/542/966
f 2176/541/965 2177/545/969 2178/543/967
f 2173/546/964 2169/547/961 2177/545/969 2176/541/965
f 2178/543/967 2179/548/970 2175/544/968
f 2177/545/969 2169/547/961 2170/549/962
f 2181/550/971 2180/551/972 2182/552/973
f 2184/553/974 2181/550/971 2182/552/973 2183/554/975
f 2186/555/976 2184/553/974 2183/554/975 2185/556/977
f 2185/556/977 2187/557/978 2188/558/979 2186/555/976
f 2187/557/978 2189/559/980 2191/560/981 2188/558/979
f 2192/561/982 2193/562/982 2190/563/983 2189/559/980
f 2189/559/980 2190/563/983 2191/560/981
f 2188/558/979 2191/560/981 2194/564/1881
f 2194/564/1881 2191/560/981 2195/565/985
f 2191/560/981 2190/563/983 2195/565/985
f 2196/566/986 2188/558/979 2194/564/1881
f 2188/558/979 2196/566/986 2186/555/976
f 2198/567/987 2200/568/988 2197/569/989
f 2198/567/987 2197/569/989 2199/570/990
f 2201/571/991 2197/569/989 2200/568/988
f 2201/571/991 2200/568/988 2202/572/992
f 2203/573/993 2201/571/991 2202/572/992
f 2209/574/994 2205/575/995 2201/571/991 2203/573/993
f 2206/576/996 2201/571/991 2204/577/997
f 2204/577/997 2201/571/991 2205/575/995
f 2204/577/997 2208/578/998 2207/579/998 2206/576/996
f 2210/580/1882 2211/581/1883 2209/574/994
f 2203/573/993 2210/580/1882 2209/574/994
f 2213/582/1001 2212/583/1001 2211/581/1883 2210/580/1882
f 2215/584/1884 2214/585/1003 2216/586/1885
f 2217/587/1005 2216/586/1885 2214/585/1003
f 2217/587/1005 2214/585/1003 2218/588/1886
f 2217/587/1005 2218/588/1886 2219/589/1007
f 2220/590/1008 2217/587/1005 2219/589/1007
f 2221/591/1009 2217/587/1005 2220/590/1008
f 2222/592/1010 2217/587/1005 2221/591/1009
f 2223/593/1011 2224/594/1012 2222/592/1010 2221/591/1009
f 2224/594/1012 2223/593/1011 2225/595/1013
f 2225/595/1013 2223/593/1011 2226/596/1014
f 2224/594/1012 2225/595/1013 2227/597/1015
f 2228/598/1016 2261/599/1017 2227/597/1015 2225/595/1013
f 2230/600/1018 2228/598/1016 2225/595/1013 2229/601/1019
f 2231/602/1020 2228/598/1016 2230/600/1018
f 2232/603/1021 2228/598/1016 2231/602/1020
f 2231/602/1020 2233/604/1022 2232/603/1021
f 2234/605/1023 2233/604/1022 2231/602/1020
f 2232/603/1021 2233/604/1022 2235/606/1024
f 2236/607/1025 2235/606/1024 2233/604/1022
f 2232/603/1021 2235/606/1024 2237/608/1026 2239/609/1027
f 2235/606/1024 2238/610/1028 2237/608/1026
f 2241/611/1029 2239/609/1027 2237/608/1026 2240/612/1029
f 2232/603/1021 2239/609/1027 2242/613/1030
f 2243/614/1887 2232/603/1021 2242/613/1030
f 2244/615/1888 2232/603/1021 2243/614/1887
f 2243/614/1887 2245/616/1033 2244/615/1888
f 2246/617/1034 2250/618/1035 2244/615/1888 2245/616/1033
f 2247/619/1036 2248/620/1036 2246/617/1034 2245/616/1033
f 2246/617/1034 2249/621/1037 2250/618/1035
f 2244/615/1888 2250/618/1035 2251/622/1038
f 2250/618/1035 2253/623/1039 2251/622/1038
f 2249/621/1037 2252/624/1889 2250/618/1035
f 2252/624/1889 2254/625/1041 2250/618/1035
f 2254/625/1041 2253/623/1039 2250/618/1035
f 2254/625/1041 2255/626/1042 2253/623/1039
f 2251/622/1038 2256/627/1043 2244/615/1888
f 2256/627/1043 2251/622/1038 2257/628/1044
f 2256/627/1043 2258/629/1045 2259/630/1046
f 2244/615/1888 2256/627/1043 2259/630/1046
f 2259/630/1046 2258/629/1045 2260/631/1047
f 2259/630/1046 2260/631/1047 2261/599/1017
f 2244/615/1888 2259/630/1046 2261/599/1017
f 2260/631/1047 2262/632/1890 2261/599/1017
f 2261/599/1017 2262/632/1890 2227/597/1015
f 2232/603/1021 2244/615/1888 2261/599/1017 2228/598/1016
f 2260/631/1047 2258/629/1045 2262/632/1890
f 2224/594/1012 2263/633/1891 2222/592/1010
f 2263/633/1891 2264/634/1050 2222/592/1010
f 2222/592/1010 2264/634/1050 2265/635/1051 2217/587/1005
f 2267/636/1052 2266/637/1053 2268/638/1054
f 2266/637/1053 2269/639/1055 2272/640/1056 2268/638/1054
f 2269/639/1055 2270/641/1057 2356/642/1058 2271/643/1059
f 2271/643/1059 2274/644/1060 2272/640/1056 2269/639/1055
f 2274/644/1060 2273/645/1061 2272/640/1056
f 2275/646/1062 2273/645/1061 2274/644/1060
f 2275/646/1062 2274/644/1060 2276/647/1063 2304/648/1064
f 2276/647/1063 2274/644/1060 2277/649/1065
f 2277/649/1065 2274/644/1060 2271/643/1059
f 2277/649/1065 2271/643/1059 2278/650/1066
f 2278/650/1066 2279/651/1067 2277/649/1065
f 2280/652/1068 2277/649/1065 2279/651/1067
f 2280/652/1068 2281/653/1069 2277/649/1065
f 2277/649/1065 2281/653/1069 2276/647/1063
f 2304/648/1064 2276/647/1063 2281/653/1069 2282/654/1070
f 2281/653/1069 2283/655/1071 2282/654/1070
f 2280/652/1068 2283/655/1071 2281/653/1069
f 2283/655/1071 2280/652/1068 2284/656/1072
f 2283/655/1071 2284/656/1072 2285/657/1073
f 2282/654/1070 2283/655/1071 2285/657/1073
f 2284/656/1072 2286/658/1074 2285/657/1073
f 2287/659/1075 2282/654/1070 2285/657/1073
f 2288/660/1076 2286/658/1074 2289/661/1077
f 2289/661/1077 2286/658/1074 2284/656/1072
f 2289/661/1077 2284/656/1072 2290/662/1078
f 2291/663/1079 2289/661/1077 2290/662/1078
f 2289/661/1077 2291/663/1079 2292/664/1080
f 2293/665/1081 2289/661/1077 2292/664/1080
f 2294/666/1082 2289/661/1077 2293/665/1081
f 2290/662/1078 2284/656/1072 2295/667/1083
f 2295/667/1083 2284/656/1072 2297/668/1084 2296/669/1085
f 2296/669/1085 2297/668/1084 2299/670/1086
f 2299/670/1086 2298/671/1087 2296/669/1085
f 2300/672/1088 2299/670/1086 2297/668/1084
f 2297/668/1084 2301/673/1892 2300/672/1088
f 2302/674/1090 2301/673/1892 2279/651/1067
f 2301/673/1892 2297/668/1084 2279/651/1067
f 2279/651/1067 2303/675/1091 2302/674/1090
f 2278/650/1066 2303/675/1091 2279/651/1067
f 2284/656/1072 2280/652/1068 2297/668/1084
f 2297/668/1084 2280/652/1068 2279/651/1067
f 2304/648/1064 2282/654/1070 2305/676/1092
f 2278/650/1066 2271/643/1059 2306/677/1093
f 2278/650/1066 2306/677/1093 2307/678/1094
f 2308/679/1095 2307/678/1094 2306/677/1093
f 2306/677/1093 2271/643/1059 2309/680/1096
f 2310/681/1097 2309/680/1096 2271/643/1059
f 2310/681/1097 2271/643/1059 2311/682/1098
f 2310/681/1097 2311/682/1098 2312/683/1099
f 2312/683/1099 2311/682/1098 2313/684/1100
f 2314/685/1101 2312/683/1099 2313/684/1100
f 2315/686/1102 2312/683/1099 2314/685/1101
f 2316/687/1103 2312/683/1099 2315/686/1102
f 2317/688/1104 2312/683/1099 2316/687/1103
f 2316/687/1103 2319/689/1105 2318/690/1106 2317/688/1104
f 2320/691/1107 2319/689/1105 2316/687/1103
f 2320/691/1107 2316/687/1103 2315/686/1102
f 2314/685/1101 2321/692/1108 2315/686/1102
f 2322/693/1893 2321/692/1108 2314/685/1101
f 2324/694/1894 2323/695/1895 2322/693/1893
f 2324/694/1894 2322/693/1893 2314/685/1101
f 2324/694/1894 2325/696/1112 2323/695/1895
f 2326/697/1113 2325/696/1112 2324/694/1894
f 2326/697/1113 2324/694/1894 2327/698/1114
f 2313/684/1100 2329/699/1115 2327/698/1114 2324/694/1894
f 2324/694/1894 2314/685/1101 2313/684/1100
f 2328/700/1116 2327/698/1114 2329/699/1115
f 2329/699/1115 2313/684/1100 2330/701/1896
f 2331/702/1118 2328/700/1116 2329/699/1115
f 2331/702/1118 2332/703/1119 2328/700/1116
f 2333/704/1120 2332/703/1119 2331/702/1118
f 2334/705/1121 2328/700/1116 2332/703/1119
f 2313/684/1100 2335/706/1122 2330/701/1896
f 2330/701/1896 2335/706/1122 2336/707/1123
f 2336/707/1123 2335/706/1122 2338/708/1124 2337/709/1897
f 2337/709/1897 2338/708/1124 2339/710/1126
f 2339/710/1126 2338/708/1124 2341/711/1127 2340/712/1128
f 2340/712/1128 2341/711/1127 2343/713/1898
f 2343/713/1898 2342/714/1130 2340/712/1128
f 2342/714/1130 2343/713/1898 2344/715/1131
f 2343/713/1898 2341/711/1127 2311/682/1098 2344/715/1131
f 2344/715/1131 2311/682/1098 2349/716/1132 2345/717/1133
f 2346/718/1134 2344/715/1131 2345/717/1133 2348/719/1135
f 2344/715/1131 2346/718/1134 2347/720/1899
f 2350/721/1137 2345/717/1133 2349/716/1132
f 2349/716/1132 2351/722/1138 2350/721/1137
f 2353/723/1139 2352/724/1140 2351/722/1138
f 2353/723/1139 2351/722/1138 2349/716/1132
f 2349/716/1132 2270/641/1057 2353/723/1139
f 2353/723/1139 2354/725/1141 2355/726/1142
f 2353/723/1139 2355/726/1142 2352/724/1140
f 2356/642/1058 2349/716/1132 2311/682/1098
f 2349/716/1132 2356/642/1058 2270/641/1057
f 2311/682/1098 2271/643/1059 2356/642/1058
f 2338/708/1124 2311/682/1098 2341/711/1127
f 2338/708/1124 2335/706/1122 2313/684/1100
f 2313/684/1100 2311/682/1098 2338/708/1124
f 2357/727/1143 2325/696/1112 2326/697/1113
f 2357/727/1143 2358/728/1900 2325/696/1112
f 2359/729/1145 2360/730/1146 2273/645/1061 2275/646/1062
f 2361/731/1901 2360/730/1146 2359/729/1145
f 2366/732/1148 2365/733/1149 2362/734/1902 2363/735/1151
f 2363/735/1151 2362/734/1902 2364/736/1903
f 2365/733/1149 2366/732/1148 2367/737/1153
f 2368/738/1154 2367/737/1153 2366/732/1148
f 2368/738/1154 2369/739/1155 2367/737/1153
f 2371/740/1156 2370/741/1904 2367/737/1153 2369/739/1155
f 2370/741/1904 2371/740/1156 2372/742/1905
f 2368/743/1154 2373/744/1159 2371/740/1156 2369/739/1155
f 2366/745/1148 2363/746/1151 2373/744/1159 2368/743/1154
f 2364/747/1903 2373/744/1159 2363/746/1151
f 2375/748/1906 2378/749/1161 2377/750/1162 2374/751/1163
f 2375/752/1906 2374/753/1163 2376/754/1164
f 2378/749/1161 2375/748/1906 2379/755/1907
f 2382/756/1166 2380/757/1167 2378/749/1161 2379/755/1907
f 2382/756/1166 2381/758/1168 2380/757/1167
f 2383/759/1169 2381/758/1168 2382/756/1166
f 2379/755/1907 2375/752/1906 2383/759/1169 2382/756/1166
f 2381/758/1168 2383/759/1169 2376/754/1164
f 2376/754/1164 2383/759/1169 2375/752/1906
f 2388/760/1170 2385/761/1171 2384/762/1172 2387/763/1173
f 2384/762/1172 2385/761/1171 2400/764/1174 2386/765/1175
f 2390/766/1176 2388/760/1170 2387/763/1173 2389/767/1177
f 2391/768/1178 2396/769/1179 2390/766/1176 2389/767/1177
f 2391/768/1178 2389/767/1177 2392/770/1908
f 2392/770/1908 2393/771/1181 2394/772/1182 2391/768/1178
f 2395/773/1183 2396/769/1179 2391/768/1178 2394/772/1182
f 2395/773/1183 2388/774/1170 2396/769/1179
f 2397/775/1184 2388/774/1170 2395/773/1183
f 2398/776/1185 2397/775/1184 2395/773/1183
f 2398/776/1185 2399/777/1186 2386/778/1175 2400/779/1174
f 2398/776/1185 2400/779/1174 2397/775/1184
f 2397/775/1184 2400/779/1174 2385/780/1171
f 2385/780/1171 2388/774/1170 2397/775/1184
f 2396/769/1179 2388/774/1170 2390/766/1176
f 2402/781/1187 2401/782/1188 2403/783/1189
f 2404/784/1190 2405/785/1191 2403/783/1189 2401/782/1188
f 2405/785/1191 2404/784/1190 2406/786/1192
f 2406/786/1192 2404/784/1190 2407/787/1193
f 2407/787/1193 2404/784/1190 2408/788/1194
f 2411/789/1195 2407/787/1193 2408/788/1194 2409/790/1196
f 2410/791/1909 2409/790/1196 2408/788/1194
f 2412/792/1198 2406/786/1192 2407/787/1193
f 2407/787/1193 2413/793/1199 2412/792/1198
f 2413/793/1199 2414/794/1200 2417/795/1201 2415/796/1202
f 2413/793/1199 2415/796/1202 2412/792/1198
f 2415/796/1202 2416/797/1203 2418/798/1910
f 2485/799/1205 2416/797/1203 2415/796/1202 2417/795/1201
f 2412/792/1198 2415/796/1202 2418/798/1910
f 2419/800/1206 2418/798/1910 2416/797/1203
f 2420/801/1207 2412/792/1198 2418/798/1910
f 2421/802/1208 2418/798/1910 2419/800/1206
f 2421/802/1208 2420/801/1207 2418/798/1910
f 2422/803/1209 2421/802/1208 2419/800/1206
f 2423/804/1210 2420/801/1207 2421/802/1208
f 2422/803/1209 2423/804/1210 2421/802/1208
f 2420/801/1207 2423/804/1210 2424/805/1211 2427/806/1212
f 2425/807/1213 2424/805/1211 2423/804/1210 2422/803/1209
f 2425/807/1213 2426/808/1911 2424/805/1211
f 2427/806/1212 2424/805/1211 2426/808/1911
f 2478/809/1215 2420/801/1207 2427/806/1212 2428/810/1216
f 2429/811/1217 2428/810/1216 2427/806/1212
f 2429/811/1217 2427/806/1212 2426/808/1911
f 2430/812/1218 2429/811/1217 2426/808/1911
f 2431/813/1219 2428/810/1216 2429/811/1217
f 2429/811/1217 2430/812/1218 2431/813/1219
f 2432/814/1220 2428/810/1216 2431/813/1219
f 2431/813/1219 2433/815/1221 2432/814/1220
f 2430/812/1218 2434/816/1222 2431/813/1219
f 2434/816/1222 2433/815/1221 2431/813/1219
f 2433/815/1221 2434/816/1222 2435/817/1223 2476/818/1224
f 2436/819/1225 2435/817/1223 2434/816/1222
f 2430/812/1218 2436/819/1225 2434/816/1222
f 2437/820/1226 2436/819/1225 2430/812/1218
f 2435/817/1223 2436/819/1225 2438/821/1227
f 2436/819/1225 2437/820/1226 2439/822/1228
f 2438/821/1227 2436/819/1225 2439/822/1228
f 2440/823/1229 2438/821/1227 2439/822/1228
f 2443/824/1230 2439/822/1228 2437/820/1226
f 2440/823/1229 2439/822/1228 2441/825/1231
f 2439/822/1228 2442/826/1232 2441/825/1231
f 2443/824/1230 2442/826/1232 2439/822/1228
f 2443/824/1230 2444/827/1233 2446/828/1234 2442/826/1232
f 2445/829/1235 2444/827/1233 2443/824/1230 2437/820/1226
f 2447/830/1912 2444/827/1233 2445/829/1235
f 2446/828/1234 2444/827/1233 2447/830/1912 2448/831/1237
f 2447/830/1912 2445/829/1235 2430/812/1218
f 2448/831/1237 2449/832/1238 2446/828/1234
f 2450/833/1239 2442/826/1232 2446/828/1234 2449/832/1238
f 2451/834/1240 2450/833/1239 2449/832/1238
f 2454/835/1241 2450/833/1239 2451/834/1240 2452/836/1242
f 2452/836/1242 2451/834/1240 2453/837/1243
f 2452/836/1242 2455/838/1244 2457/839/1245 2454/835/1241
f 2455/838/1244 2452/836/1242 2456/840/1246
f 2454/835/1241 2457/839/1245 2458/841/1247
f 2458/841/1247 2457/839/1245 2459/842/1248
f 2458/841/1247 2459/842/1248 2460/843/1249
f 2460/843/1249 2459/842/1248 2461/844/1250
f 2460/843/1249 2461/844/1250 2462/845/1913
f 2462/845/1913 2461/844/1250 2463/846/1252
f 2463/846/1252 2461/844/1250 2464/847/1253
f 2465/848/1254 2460/843/1249 2462/845/1913
f 2460/843/1249 2465/848/1254 2466/849/1255
f 2466/849/1255 2465/848/1254 2467/850/1914
f 2467/850/1914 2468/851/1257 2469/852/1915
f 2470/853/1259 2467/850/1914 2469/852/1915
f 2466/849/1255 2467/850/1914 2470/853/1259
f 2466/849/1255 2470/853/1259 2471/854/1260
f 2472/855/1261 2471/854/1260 2470/853/1259
f 2472/855/1261 2470/853/1259 2473/856/1262
f 2473/856/1262 2470/853/1259 2469/852/1915
f 2471/854/1260 2472/855/1261 2474/857/1263
f 2474/857/1263 2405/785/1191 2475/858/1916
f 2471/854/1260 2474/857/1263 2475/858/1916
f 2475/858/1916 2405/785/1191 2406/786/1192
f 2471/854/1260 2475/858/1916 2406/786/1192
f 2471/854/1260 2406/786/1192 2466/849/1255
f 2476/818/1224 2466/849/1255 2406/786/1192 2477/859/1265
f 2435/817/1223 2460/843/1249 2466/849/1255 2476/818/1224
f 2433/815/1221 2476/818/1224 2432/814/1220
f 2476/818/1224 2477/859/1265 2432/814/1220
f 2477/859/1265 2406/786/1192 2412/792/1198 2478/809/1215
f 2477/859/1265 2478/809/1215 2432/814/1220
f 2420/801/1207 2478/809/1215 2412/792/1198
f 2432/814/1220 2478/809/1215 2428/810/1216
f 2454/835/1241 2460/843/1249 2440/823/1229
f 2440/823/1229 2460/843/1249 2435/817/1223
f 2454/835/1241 2458/841/1247 2460/843/1249
f 2441/825/1231 2450/833/1239 2454/835/1241
f 2440/823/1229 2441/825/1231 2454/835/1241
f 2442/826/1232 2450/833/1239 2441/825/1231
f 2430/812/1218 2445/829/1235 2437/820/1226
f 2435/817/1223 2438/821/1227 2440/823/1229
f 2430/812/1218 2426/808/1911 2425/807/1213
f 2430/812/1218 2425/807/1213 2479/860/1266
f 2479/860/1266 2425/807/1213 2422/803/1209 2480/861/1917
f 2481/862/1268 2480/861/1917 2422/803/1209
f 2482/863/1269 2481/862/1268 2483/864/1270
f 2481/862/1268 2422/803/1209 2483/864/1270
f 2422/803/1209 2419/800/1206 2483/864/1270
f 2483/864/1270 2419/800/1206 2484/865/1271
f 2416/797/1203 2485/799/1205 2484/865/1271
f 2416/797/1203 2484/865/1271 2419/800/1206
f 2417/795/1201 2486/866/1272 2485/799/1205
f 2486/866/1272 2417/795/1201 2487/867/1273
f 2417/795/1201 2414/794/1200 2487/867/1273
f 2489/868/1274 2488/869/1275 2490/870/1276
f 2490/871/1276 2488/872/1275 2491/873/1277
f 2492/874/1918 2498/875/1279 2490/871/1276 2491/873/1277
f 2497/876/1919 2492/874/1918 2491/873/1277 2493/877/1281
f 2493/877/1281 2494/878/1282 2500/879/1283 2496/880/1284
f 2494/878/1282 2493/877/1281 2495/881/1920
f 2493/877/1281 2496/880/1284 2497/876/1919
f 2498/882/1279 2492/883/1918 2497/884/1919
f 2497/884/1919 2499/885/1286 2506/886/1287 2498/882/1279
f 2499/885/1286 2497/884/1919 2500/879/1283
f 2497/884/1919 2496/887/1284 2500/879/1283
f 2499/885/1286 2500/879/1283 2501/888/1288
f 2494/878/1282 2502/889/1289 2501/888/1288 2500/879/1283
f 2502/889/1289 2503/890/1921 2501/888/1288
f 2499/885/1286 2501/888/1288 2504/891/1922 2506/886/1287
f 2498/882/1279 2506/886/1287 2504/891/1922
f 2505/892/1292 2498/882/1279 2504/891/1922
f 2490/870/1276 2498/882/1279 2505/892/1292 2489/868/1274
f 2503/890/1921 2502/889/1289 2494/878/1282
f 2503/890/1921 2494/878/1282 2495/881/1920
f 2508/893/1293 2507/894/1923 2509/895/1295
f 2510/896/1296 2508/893/1293 2509/895/1295
f 2510/896/1296 2509/895/1295 2511/897/1297
f 2511/897/1297 2512/898/1298 2510/896/1296
f 2513/899/1299 2510/896/1296 2512/898/1298
f 2512/898/1298 2516/900/1924 2517/901/1301 2513/899/1299
f 2512/898/1298 2514/902/1302 2516/900/1924
f 2514/902/1302 2512/898/1298 2515/903/1925
f 2518/904/1304 2519/905/1305 2517/901/1301 2516/900/1924
f 2514/902/1302 2518/904/1304 2516/900/1924
f 2519/905/1305 2518/904/1304 2521/906/1306
f 2514/902/1302 2520/907/1307 2518/904/1304
f 2518/904/1304 2520/907/1307 2522/908/1308
f 2521/906/1306 2518/904/1304 2522/908/1308
f 2522/908/1308 2523/909/1309 2521/906/1306
f 2527/910/1310 2524/911/1311 2525/912/1312
f 2525/913/1312 2524/914/1311 2526/915/1313
f 2524/914/1311 2528/916/1314 2530/917/1315 2526/915/1313
f 2524/911/1311 2527/910/1310 2531/918/1316 2528/919/1314
f 2528/916/1314 2531/920/1316 2529/921/1317
f 2528/916/1314 2529/921/1317 2539/922/1318 2530/917/1315
f 2531/918/1316 2532/923/1319 2534/924/1320 2529/921/1317
f 2532/923/1319 2531/918/1316 2527/910/1310
f 2533/925/1321 2532/923/1319 2535/926/1322
f 2532/923/1319 2533/925/1321 2534/924/1320
f 2535/926/1322 2532/923/1319 2536/927/1323
f 2532/923/1319 2527/910/1310 2536/927/1323
f 2527/910/1310 2525/912/1312 2536/927/1323
f 2529/921/1317 2534/924/1320 2537/928/1324 2539/922/1318
f 2537/928/1324 2534/924/1320 2533/925/1321 2538/929/1325
f 2541/930/1326 2540/931/1327 2542/932/1328
f 2542/932/1328 2543/933/1329 2544/934/1330 2541/930/1326
f 2545/935/1926 2544/934/1330 2543/933/1329
f 2546/936/1332 2548/937/1333 2545/935/1926 2543/933/1329
f 2547/938/1334 2546/936/1332 2549/939/1335
f 2546/936/1332 2547/938/1334 2548/937/1333
f 2551/940/1336 2547/938/1334 2549/939/1335 2550/941/1927
f 2550/941/1927 2552/942/1338 2551/940/1336
f 2551/940/1336 2552/942/1338 2553/943/1928
f 2553/943/1928 2552/942/1338 2554/944/1929
f 2554/944/1929 2555/945/1341 2553/943/1928
f 2555/945/1341 2556/946/1342 2553/943/1928
f 2553/943/1928 2556/946/1342 2557/947/1343
f 2553/943/1928 2557/947/1343 2558/948/1344 2571/949/1345
f 2557/947/1343 2561/950/1346 2558/948/1344
f 2557/947/1343 2559/951/1930 2561/950/1346
f 2560/952/1931 2559/951/1930 2557/947/1343
f 2561/950/1346 2562/953/1349 2564/954/1350 2558/948/1344
f 2561/950/1346 2559/951/1930 2562/953/1349
f 2562/953/1349 2559/951/1930 2563/955/1351
f 2562/953/1349 2563/955/1351 2565/956/1352 2564/954/1350
f 2558/948/1344 2564/954/1350 2565/956/1352
f 2565/956/1352 2563/955/1351 2566/957/1932
f 2565/956/1352 2566/957/1932 2567/958/1933
f 2566/957/1932 2563/955/1351 2568/959/1934
f 2569/960/1935 2566/957/1932 2568/959/1934
f 2570/961/1936 2568/959/1934 2563/955/1351
f 2559/951/1930 2570/961/1936 2563/955/1351
f 2572/962/1358 2551/940/1336 2553/943/1928 2571/949/1345
f 2573/963/1359 2572/962/1358 2571/949/1345
f 2573/963/1359 2545/935/1926 2548/937/1333
f 2573/963/1359 2548/937/1333 2572/962/1358
f 2548/937/1333 2551/940/1336 2572/962/1358
f 2551/940/1336 2548/937/1333 2547/938/1334
f 2575/964/1360 2574/965/1361 2576/966/1937 2590/967/1363
f 2576/966/1937 2574/965/1361 2577/968/1364
f 2576/969/1937 2577/970/1364 2578/971/1365
f 2579/972/1938 2590/973/1363 2576/969/1937 2578/971/1365
f 2580/974/1939 2579/972/1938 2578/971/1365
f 2581/975/1368 2580/974/1939 2578/971/1365
f 2581/975/1368 2582/976/1369 2583/977/1370 2580/974/1939
f 2585/978/1371 2583/977/1370 2582/976/1369 2584/979/1372
f 2587/980/1373 2585/978/1371 2584/979/1372 2586/981/1374
f 2589/982/1375 2585/978/1371 2587/980/1373 2588/983/1376
f 2590/967/1363 2589/982/1375 2588/983/1376 2575/964/1360
f 2579/984/1938 2583/985/1370 2589/982/1375 2590/967/1363
f 2589/982/1375 2583/985/1370 2585/978/1371
f 2580/974/1939 2583/977/1370 2579/972/1938
f 2592/986/1377 2591/987/1378 2593/988/1940
f 2593/988/1940 2594/989/1380 2592/986/1377
f 2594/990/1380 2593/991/1940 2595/992/1381
f 2594/990/1380 2595/992/1381 2596/993/1382 2606/994/1383
f 2596/993/1382 2595/992/1381 2597/995/1384
f 2598/996/1385 2596/993/1382 2597/995/1384
f 2597/995/1384 2599/997/1386 2604/998/1941 2598/996/1385
f 2599/997/1386 2597/995/1384 2600/999/1942
f 2599/997/1386 2600/999/1942 2601/1000/1389 2602/1001/1390
f 2599/997/1386 2602/1001/1390 2603/1002/1391 2604/998/1941
f 2605/1003/1392 2604/998/1941 2603/1002/1391
f 2604/998/1941 2605/1003/1392 2598/996/1385
f 2606/1004/1383 2598/996/1385 2605/1003/1392
f 2606/1004/1383 2605/1003/1392 2592/986/1377 2594/989/1380
f 2606/1004/1383 2596/1005/1382 2598/996/1385
f 2608/1006/1393 2611/1007/1394 2607/1008/1943
f 2608/1009/1393 2607/1010/1943 2609/1011/1396
f 2609/1011/1396 2607/1010/1943 2610/1012/1397
f 2607/1010/1943 2612/1013/1398 2613/1014/1399 2610/1012/1397
f 2612/1015/1398 2607/1008/1943 2611/1007/1394 2614/1016/1400
f 2613/1014/1399 2612/1013/1398 2614/1017/1400
f 2613/1014/1399 2614/1017/1400 2615/1018/1401
f 2614/1017/1400 2616/1019/1402 2615/1018/1401
f 2614/1016/1400 2617/1020/1944 2619/1021/1945 2616/1022/1402
f 2617/1020/1944 2614/1016/1400 2611/1007/1394
f 2617/1020/1944 2618/1023/1946 2619/1021/1945
f 2608/1006/1393 2617/1020/1944 2611/1007/1394
f 2624/1024/1406 2616/1022/1402 2619/1021/1945 2620/1025/1407
f 2618/1023/1946 2620/1025/1407 2619/1021/1945
f 2621/1026/1408 2625/1027/1409 2624/1024/1406 2620/1025/1407
f 2622/1028/1947 2621/1026/1408 2620/1025/1407
f 2622/1028/1947 2620/1025/1407 2623/1029/1948
f 2623/1029/1948 2620/1025/1407 2618/1023/1946
f 2616/1022/1402 2624/1024/1406 2615/1018/1401
f 2615/1018/1401 2624/1024/1406 2625/1027/1409
f 2625/1027/1409 2613/1014/1399 2615/1018/1401
f 2627/1030/1412 2626/1031/1413 2628/1032/1949
f 2627/1030/1412 2628/1032/1949 2629/1033/1415
f 2630/1034/1416 2627/1030/1412 2629/1033/1415
f 2631/1035/1417 2630/1034/1416 2629/1033/1415
f 2631/1035/1417 2629/1033/1415 2632/1036/1418
f 2632/1036/1418 2629/1033/1415 2633/1037/1419
f 2633/1037/1419 2634/1038/1950 2635/1039/1421 2632/1036/1418
f 2635/1039/1421 2634/1038/1950 2638/1040/1422
f 2634/1038/1950 2636/1041/1423 2638/1040/1422
f 2636/1041/1423 2634/1038/1950 2637/1042/1424
f 2638/1040/1422 2636/1041/1423 2639/1043/1425
f 2638/1040/1422 2640/1044/1426 2635/1039/1421
f 2639/1043/1425 2641/1045/1427 2638/1040/1422
f 2641/1045/1427 2640/1044/1426 2638/1040/1422
f 2642/1046/1951 2641/1045/1427 2639/1043/1425
f 2641/1045/1427 2631/1035/1417 2640/1044/1426
f 2642/1046/1951 2631/1035/1417 2641/1045/1427
f 2642/1046/1951 2643/1047/1429 2631/1035/1417
f 2631/1035/1417 2643/1047/1429 2630/1034/1416
f 2644/1048/1430 2630/1034/1416 2643/1047/1429
f 2644/1048/1430 2643/1047/1429 2645/1049/1431
f 2643/1047/1429 2646/1050/1952 2645/1049/1431
f 2646/1050/1952 2643/1047/1429 2647/1051/1433
f 2646/1050/1952 2647/1051/1433 2648/1052/1434
f 2649/1053/1953 2699/1054/1436 2646/1050/1952 2648/1052/1434
f 2650/1055/1437 2651/1056/1954 2649/1053/1953 2648/1052/1434
f 2652/1057/1439 2653/1058/1440 2651/1056/1954 2650/1055/1437
f 2652/1057/1439 2654/1059/1955 2653/1058/1440
f 2652/1057/1439 2655/1060/1442 2654/1059/1955
f 2654/1059/1955 2655/1060/1442 2656/1061/1956
f 2657/1062/1444 2658/1063/1445 2656/1061/1956 2655/1060/1442
f 2657/1062/1444 2659/1064/1446 2658/1063/1445
f 2657/1062/1444 2660/1065/1447 2659/1064/1446
f 2661/1066/1957 2660/1065/1447 2657/1062/1444
f 2664/1067/1958 2660/1065/1447 2661/1066/1957
f 2661/1066/1957 2662/1068/1959 2665/1069/1451
f 2663/1070/1960 2662/1068/1959 2661/1066/1957
f 2661/1066/1957 2665/1069/1451 2664/1067/1958
f 2665/1069/1451 2662/1068/1959 2667/1071/1453
f 2664/1067/1958 2665/1069/1451 2666/1072/1454
f 2665/1069/1451 2667/1071/1453 2666/1072/1454
f 2672/1073/1961 2668/1074/1456 2667/1071/1453
f 2667/1071/1453 2668/1074/1456 2677/1075/1457 2669/1076/1458
f 2667/1071/1453 2669/1076/1458 2671/1077/1962
f 2666/1072/1454 2667/1071/1453 2670/1078/1460
f 2670/1078/1460 2667/1071/1453 2660/1065/1447
f 2667/1071/1453 2671/1077/1962 2660/1065/1447
f 2662/1068/1959 2672/1073/1961 2667/1071/1453
f 2662/1068/1959 2673/1079/1461 2672/1073/1961
f 2673/1079/1461 2674/1080/1462 2672/1073/1961
f 2672/1073/1961 2674/1080/1462 2675/1081/1463
f 2672/1073/1961 2675/1081/1463 2668/1074/1456
f 2675/1081/1463 2674/1080/1462 2676/1082/1464
f 2675/1081/1463 2676/1082/1464 2668/1074/1456
f 2676/1082/1464 2677/1075/1457 2668/1074/1456
f 2678/1083/1465 2689/1084/1963 2677/1075/1457 2676/1082/1464
f 2679/1085/1467 2678/1083/1465 2676/1082/1464
f 2679/1085/1467 2676/1082/1464 2674/1080/1462
f 2679/1085/1467 2674/1080/1462 2673/1079/1461
f 2679/1085/1467 2680/1086/1468 2678/1083/1465
f 2679/1085/1467 2681/1087/1469 2680/1086/1468
f 2680/1086/1468 2681/1087/1469 2682/1088/1964
f 2681/1087/1469 2683/1089/1965 2682/1088/1964
f 2684/1090/1472 2683/1089/1965 2681/1087/1469
f 2682/1088/1964 2683/1089/1965 2685/1091/1473
f 2689/1084/1963 2682/1088/1964 2685/1091/1473 2677/1075/1457
f 2685/1091/1473 2687/1092/1474 2669/1076/1458 2677/1075/1457
f 2685/1091/1473 2686/1093/1966 2687/1092/1474
f 2669/1076/1458 2687/1092/1474 2688/1094/1476
f 2680/1086/1468 2682/1088/1964 2689/1084/1963
f 2678/1083/1465 2680/1086/1468 2689/1084/1963
f 2670/1078/1460 2660/1065/1447 2664/1067/1958
f 2666/1072/1454 2670/1078/1460 2664/1067/1958
f 2659/1064/1446 2660/1065/1447 2690/1095/1477
f 2690/1095/1477 2660/1065/1447 2691/1096/1478
f 2660/1065/1447 2692/1097/1479 2691/1096/1478
f 2691/1096/1478 2693/1098/1480 2695/1099/1481
f 2694/1100/1482 2693/1098/1480 2691/1096/1478
f 2696/1101/1483 2691/1096/1478 2695/1099/1481
f 2690/1095/1477 2691/1096/1478 2696/1101/1483
f 2690/1095/1477 2696/1101/1483 2653/1058/1440
f 2698/1102/1484 2653/1058/1440 2696/1101/1483 2697/1103/1485
f 2696/1101/1483 2695/1099/1481 2697/1103/1485
f 2697/1103/1485 2699/1054/1436 2649/1053/1953 2698/1102/1484
f 2699/1054/1436 2697/1103/1485 2695/1099/1481
f 2646/1050/1952 2699/1054/1436 2695/1099/1481
f 2651/1056/1954 2653/1058/1440 2698/1102/1484
f 2698/1102/1484 2649/1053/1953 2651/1056/1954
f 2700/1104/1486 2645/1049/1431 2695/1099/1481
f 2700/1104/1486 2695/1099/1481 2630/1034/1416
f 2695/1099/1481 2701/1105/1487 2630/1034/1416
f 2646/1050/1952 2695/1099/1481 2645/1049/1431
f 2695/1099/1481 2702/1106/1488 2701/1105/1487
f 2695/1099/1481 2693/1098/1480 2702/1106/1488
f 2630/1034/1416 2701/1105/1487 2627/1030/1412
f 2700/1104/1486 2630/1034/1416 2644/1048/1430
f 2645/1049/1431 2700/1104/1486 2644/1048/1430
f 2658/1063/1445 2659/1064/1446 2690/1095/1477
f 2658/1063/1445 2690/1095/1477 2653/1058/1440 2656/1061/1956
f 2656/1061/1956 2653/1058/1440 2654/1059/1955
f 2635/1039/1421 2640/1044/1426 2631/1035/1417 2632/1036/1418
f 2704/1107/1489 2703/1108/1490 2705/1109/1491
f 2705/1109/1491 2707/1110/1492 2706/1111/1967
f 2705/1109/1491 2706/1111/1967 2714/1112/1494 2704/1107/1489
f 2706/1111/1967 2707/1113/1492 2708/1114/1495
f 2709/1115/1496 2712/1116/1497 2708/1114/1495 2707/1113/1492
f 2709/1115/1496 2710/1117/1968 2713/1118/1499 2712/1116/1497
f 2710/1117/1968 2709/1115/1496 2711/1119/1969
f 2712/1116/1497 2706/1111/1967 2708/1114/1495
f 2713/1118/1499 2714/1112/1494 2706/1111/1967 2712/1116/1497
f 2719/1120/1501 2715/1121/1502 2716/1122/1970
f 2732/1123/1504 2716/1124/1970 2715/1125/1502 2717/1126/1505
f 2718/1127/1506 2717/1126/1505 2715/1125/1502
f 2718/1128/1506 2715/1121/1502 2719/1120/1501
f 2720/1129/1507 2719/1120/1501 2716/1122/1970
f 2721/1130/1508 2719/1120/1501 2720/1129/1507
f 2723/1131/1509 2722/1132/1510 2721/1130/1508 2720/1129/1507
f 2722/1132/1510 2723/1131/1509 2724/1133/1511
f 2723/1131/1509 2725/1134/1512 2724/1133/1511
f 2724/1133/1511 2725/1134/1512 2726/1135/1513
f 2724/1133/1511 2726/1135/1513 2727/1136/1514
f 2727/1136/1514 2726/1135/1513 2728/1137/1515
f 2728/1137/1515 2729/1138/1516 2727/1136/1514
f 2732/1123/1504 2717/1126/1505 2729/1138/1516 2730/1139/1971
f 2730/1139/1971 2729/1138/1516 2728/1137/1515 2731/1140/1972
f 2732/1141/1504 2730/1142/1971 2731/1140/1972
f 2716/1122/1970 2732/1141/1504 2731/1140/1972
f 2728/1137/1515 2726/1135/1513 2725/1134/1512 2731/1140/1972
f 2716/1122/1970 2731/1140/1972 2723/1131/1509 2720/1129/1507
f 2723/1131/1509 2731/1140/1972 2725/1134/1512
f 2734/1143/1519 2733/1144/1520 2735/1145/1521
f 2736/1146/1973 2735/1145/1521 2733/1144/1520
f 2736/1146/1973 2733/1144/1520 2737/1147/1523
f 2733/1144/1520 2738/1148/1524 2737/1147/1523
f 2738/1148/1524 2741/1149/1525 2737/1147/1523
f 2738/1148/1524 2739/1150/1526 2740/1151/1527
f 2740/1151/1527 2741/1149/1525 2738/1148/1524
f 2737/1147/1523 2741/1149/1525 2742/1152/1528
f 2743/1153/1529 2741/1149/1525 2740/1151/1527
f 2743/1153/1529 2744/1154/1530 2741/1149/1525
f 2744/1154/1530 2745/1155/1531 2741/1149/1525
f 2746/1156/1532 2741/1149/1525 2745/1155/1531
f 2741/1149/1525 2746/1156/1532 2747/1157/1533
f 2748/1158/1534 2746/1156/1532 2745/1155/1531
f 2749/1159/1535 2746/1156/1532 2748/1158/1534
f 2750/1160/1536 2746/1156/1532 2749/1159/1535
f 2750/1160/1536 2751/1161/1537 2746/1156/1532
f 2752/1162/1538 2746/1156/1532 2751/1161/1537
f 2752/1162/1538 2753/1163/1539 2746/1156/1532
f 2746/1156/1532 2753/1163/1539 2754/1164/1540
f 2753/1163/1539 2755/1165/1541 2754/1164/1540
f 2756/1166/1542 2753/1163/1539 2752/1162/1538
f 2759/1167/1543 2753/1163/1539 2756/1166/1542
f 2758/1168/1544 2757/1169/1545 2753/1163/1539
f 2759/1167/1543 2758/1168/1544 2753/1163/1539
f 2759/1167/1543 2756/1166/1542 2760/1170/1974
f 2759/1167/1543 2760/1170/1974 2762/1171/1547 2761/1172/1548
f 2761/1172/1548 2758/1168/1544 2759/1167/1543
f 2760/1170/1974 2756/1166/1542 2762/1171/1547
f 2750/1160/1536 2749/1159/1535 2763/1173/1549
f 2764/1174/1550 2743/1153/1529 2740/1151/1527
f 2736/1146/1973 2737/1147/1523 2765/1175/1551
f 2765/1175/1551 2737/1147/1523 2766/1176/1552
f 2737/1147/1523 2767/1177/1553 2766/1176/1552
f 2767/1177/1553 2737/1147/1523 2768/1178/1554
f 2769/1179/1555 2767/1177/1553 2771/1180/1556
f 2767/1177/1553 2769/1179/1555 2782/1181/1557 2770/1182/1558
f 2770/1182/1558 2766/1176/1552 2767/1177/1553
f 2771/1180/1556 2772/1183/1559 2769/1179/1555
f 2773/1184/1560 2769/1179/1555 2772/1183/1559
f 2774/1185/1975 2769/1179/1555 2773/1184/1560
f 2774/1185/1975 2773/1184/1560 2775/1186/1562
f 2776/1187/1976 2774/1185/1975 2775/1186/1562
f 2776/1187/1976 2777/1188/1977 2774/1185/1975
f 2777/1188/1977 2778/1189/1565 2774/1185/1975
f 2778/1189/1565 2777/1188/1977 2779/1190/1566
f 2778/1189/1565 2780/1191/1567 2769/1179/1555
f 2774/1185/1975 2778/1189/1565 2769/1179/1555
f 2781/1192/1568 2769/1179/1555 2780/1191/1567
f 2781/1192/1568 2782/1181/1557 2769/1179/1555
f 2783/1193/1978 2770/1182/1558 2782/1181/1557
f 2783/1193/1978 2782/1181/1557 2784/1194/1570
f 2783/1193/1978 2785/1195/1571 2770/1182/1558
f 2736/1146/1973 2765/1175/1551 2786/1196/1979
f 2788/1197/1573 2787/1198/1574 2789/1199/1575
f 2790/1200/1576 2815/1201/1577 2788/1197/1573 2789/1199/1575
f 2791/1202/1578 2790/1200/1576 2789/1199/1575
f 2791/1202/1578 2792/1203/1579 2790/1200/1576
f 2790/1200/1576 2792/1203/1579 2793/1204/1580
f 2794/1205/1980 2793/1204/1580 2792/1203/1579
f 2793/1204/1580 2794/1205/1980 2795/1206/1582
f 2796/1207/1583 2795/1206/1582 2794/1205/1980
f 2794/1205/1980 2797/1208/1584 2796/1207/1583
f 2799/1209/1585 2796/1207/1583 2797/1208/1584 2798/1210/1586
f 2802/1211/1587 2796/1207/1583 2799/1209/1585 2800/1212/1588
f 2800/1212/1588 2803/1213/1589 2801/1214/1590
f 2800/1212/1588 2801/1214/1590 2802/1211/1587
f 2801/1214/1590 2803/1213/1589 2804/1215/1981
f 2801/1214/1590 2804/1215/1981 2805/1216/1592
f 2802/1211/1587 2801/1214/1590 2805/1216/1592 2806/1217/1593
f 2795/1206/1582 2802/1211/1587 2806/1217/1593
f 2795/1206/1582 2806/1217/1593 2807/1218/1594 2793/1204/1580
f 2793/1204/1580 2807/1218/1594 2808/1219/1595 2790/1200/1576
f 2790/1200/1576 2808/1219/1595 2809/1220/1596
f 2808/1219/1595 2810/1221/1597 2809/1220/1596
f 2810/1221/1597 2811/1222/1598 2813/1223/1599 2812/1224/1600
f 2809/1220/1596 2810/1221/1597 2812/1224/1600
f 2813/1223/1599 2814/1225/1601 2812/1224/1600
f 2809/1220/1596 2812/1224/1600 2814/1225/1601 2815/1201/1577
f 2790/1200/1576 2809/1220/1596 2815/1201/1577
f 2795/1206/1582 2796/1207/1583 2802/1211/1587
f 2821/1226/1602 2816/1227/1603 2817/1228/1982
f 2817/1228/1982 2816/1227/1603 2818/1229/1605 2830/1230/1606
f 2819/1231/1983 2818/1229/1605 2816/1227/1603
f 2825/1232/1608 2819/1233/1983 2816/1234/1603 2820/1235/1609
f 2816/1227/1603 2821/1226/1602 2820/1236/1609
f 2821/1226/1602 2817/1228/1982 2828/1237/1610 2822/1238/1611
f 2823/1239/1612 2821/1226/1602 2822/1238/1611
f 2820/1236/1609 2821/1226/1602 2823/1239/1612
f 2824/1240/1613 2825/1232/1608 2820/1235/1609 2823/1239/1612
f 2823/1239/1612 2822/1238/1611 2826/1241/1614 2824/1240/1613
f 2824/1240/1613 2827/1242/1615 2825/1232/1608
f 2826/1241/1614 2827/1242/1615 2824/1240/1613
f 2825/1232/1608 2827/1242/1615 2819/1233/1983
f 2817/1228/1982 2830/1230/1606 2829/1243/1616 2828/1237/1610
f 2832/1244/1617 2835/1245/1984 2831/1246/1619
f 2833/1247/1620 2876/1248/1621 2832/1244/1617 2831/1246/1619
f 2833/1247/1620 2831/1246/1619 2834/1249/1622
f 2836/1250/1623 2835/1245/1984 2832/1244/1617
f 2836/1250/1623 2837/1251/1624 2835/1245/1984
f 2840/1252/1625 2838/1253/1985 2837/1251/1624 2839/1254/1627
f 2836/1250/1623 2839/1254/1627 2837/1251/1624
f 2841/1255/1986 2842/1256/1987 2840/1252/1625 2839/1254/1627
f 2841/1255/1986 2839/1254/1627 2836/1250/1623
f 2845/1257/1630 2842/1256/1987 2841/1255/1986
f 2841/1255/1986 2836/1250/1623 2843/1258/1631
f 2843/1258/1631 2844/1259/1632 2841/1255/1986
f 2841/1255/1986 2844/1259/1632 2845/1257/1630
f 2846/1260/1633 2847/1261/1634 2845/1257/1630
f 2844/1259/1632 2846/1260/1633 2845/1257/1630
f 2848/1262/1635 2845/1257/1630 2847/1261/1634
f 2848/1262/1635 2849/1263/1636 2845/1257/1630
f 2850/1264/1988 2842/1256/1987 2845/1257/1630
f 2849/1263/1636 2850/1264/1988 2845/1257/1630
f 2851/1265/1638 2853/1266/1639 2842/1256/1987 2850/1264/1988
f 2852/1267/1989 2851/1265/1638 2850/1264/1988 2849/1263/1636
f 2851/1265/1638 2852/1267/1989 2854/1268/1641
f 2853/1266/1639 2851/1265/1638 2854/1268/1641
f 2855/1269/1642 2856/1270/1990 2854/1268/1641
f 2855/1269/1642 2854/1268/1641 2852/1267/1989
f 2854/1268/1641 2856/1270/1990 2853/1266/1639
f 2855/1269/1642 2858/1271/1644 2856/1270/1990
f 2853/1266/1639 2856/1270/1990 2857/1272/1991
f 2856/1270/1990 2858/1271/1644 2857/1272/1991
f 2857/1272/1991 2858/1271/1644 2838/1253/1985 2840/1252/1625
f 2853/1266/1639 2857/1272/1991 2840/1252/1625 2842/1256/1987
f 2855/1269/1642 2852/1267/1989 2859/1273/1646
f 2859/1273/1646 2852/1267/1989 2860/1274/1647
f 2859/1273/1646 2860/1274/1647 2848/1262/1635 2861/1275/1648
f 2861/1275/1648 2848/1262/1635 2862/1276/1649
f 2862/1276/1649 2848/1262/1635 2847/1261/1634
f 2862/1276/1649 2847/1261/1634 2863/1277/1992
f 2864/1278/1651 2863/1277/1992 2847/1261/1634 2846/1260/1633
f 2864/1278/1651 2846/1260/1633 2844/1259/1632 2865/1279/1652
f 2865/1279/1652 2866/1280/1653 2864/1278/1651
f 2865/1279/1652 2844/1259/1632 2868/1281/1654 2867/1282/1655
f 2869/1283/1656 2868/1281/1654 2843/1258/1631
f 2844/1259/1632 2843/1258/1631 2868/1281/1654
f 2843/1258/1631 2870/1284/1657 2869/1283/1656
f 2870/1284/1657 2843/1258/1631 2872/1285/1658 2871/1286/1659
f 2873/1287/1660 2871/1286/1659 2872/1285/1658
f 2873/1287/1660 2872/1285/1658 2874/1288/1661
f 2832/1244/1617 2875/1289/1662 2874/1288/1661
f 2874/1288/1661 2872/1285/1658 2832/1244/1617
f 2875/1289/1662 2832/1244/1617 2876/1248/1621
f 2872/1285/1658 2843/1258/1631 2836/1250/1623
f 2872/1285/1658 2836/1250/1623 2832/1244/1617
f 2860/1274/1647 2852/1267/1989 2849/1263/1636 2848/1262/1635
f 2878/1290/1663 2880/1291/1664 2877/1292/1993
f 2878/1290/1663 2877/1292/1993 2879/1293/1666
f 2877/1292/1993 2880/1291/1664 2881/1294/1667
f 2882/1295/1994 2881/1294/1667 2880/1291/1664
f 2882/1295/1994 2883/1296/1669 2881/1294/1667
f 2885/1297/1670 2886/1298/1995 2884/1299/1672 2883/1296/1669
f 2883/1296/1669 2882/1295/1994 2885/1297/1670
f 2895/1300/1673 2886/1298/1995 2885/1297/1670 2887/1301/1996
f 2885/1297/1670 2888/1302/1675 2887/1301/1996
f 2888/1302/1675 2885/1297/1670 2882/1295/1994
f 2890/1303/1997 2888/1302/1675 2889/1304/1677
f 2889/1304/1677 2888/1302/1675 2880/1291/1664
f 2882/1295/1994 2880/1291/1664 2888/1302/1675
f 2891/1305/1678 2888/1302/1675 2890/1303/1997
f 2892/1306/1998 2888/1302/1675 2891/1305/1678
f 2892/1306/1998 2893/1307/1999 2888/1302/1675
f 2893/1307/1999 2887/1301/1996 2888/1302/1675
f 2894/1308/1681 2893/1307/1999 2892/1306/1998
f 2887/1301/1996 2893/1307/1999 2895/1300/1673
f 2886/1298/1995 2895/1300/1673 2896/1309/2000
f 2886/1298/1995 2896/1309/2000 2897/1310/2001
f 2884/1299/1672 2886/1298/1995 2897/1310/2001
f 2898/1311/1684 2894/1308/1681 2892/1306/1998 2899/1312/1685
f 2899/1312/1685 2892/1306/1998 2901/1313/1686 2900/1314/1687
f 2902/1315/1688 2900/1314/1687 2901/1313/1686
f 2903/1316/1689 2902/1315/1688 2904/1317/2002
f 2905/1318/1691 2904/1317/2002 2902/1315/1688
f 2901/1313/1686 2905/1318/1691 2902/1315/1688
f 2904/1317/2002 2905/1318/1691 2906/1319/1692
f 2906/1319/1692 2905/1318/1691 2890/1303/1997
f 2890/1303/1997 2905/1318/1691 2891/1305/1678
f 2905/1318/1691 2901/1313/1686 2891/1305/1678
f 2889/1304/1677 2906/1319/1692 2890/1303/1997
f 2906/1319/1692 2889/1304/1677 2908/1320/2003 2907/1321/2004
f 2906/1319/1692 2907/1321/2004 2904/1317/2002
f 2903/1316/1689 2907/1321/2004 2908/1320/2003 2909/1322/1695
f 2904/1317/2002 2907/1321/2004 2903/1316/1689
f 2911/1323/2005 2909/1322/1695 2908/1320/2003 2910/1324/1697
f 2908/1320/2003 2889/1304/1677 2910/1324/1697
f 2910/1324/1697 2915/1325/1698 2911/1323/2005
f 2910/1324/1697 2912/1326/1699 2915/1325/1698
f 2912/1326/1699 2910/1324/1697 2913/1327/1700 2917/1328/1701
f 2910/1324/1697 2914/1329/1702 2913/1327/1700
f 2914/1329/1702 2910/1324/1697 2880/1291/1664 2916/1330/2006
f 2880/1291/1664 2910/1324/1697 2889/1304/1677
f 2916/1330/2006 2880/1291/1664 2878/1290/1663
f 2891/1305/1678 2901/1313/1686 2892/1306/1998
f 2919/1331/2007 2921/1332/1705 2918/1333/1706
f 2919/1334/2007 2918/1335/1706 2920/1336/1707
f 2923/1337/1708 2922/1338/1709 2921/1332/1705
f 2921/1332/1705 2924/1339/2008 2923/1337/1708
f 2921/1332/1705 2919/1331/2007 2924/1339/2008
f 2923/1337/1708 2924/1339/2008 2925/1340/1711
f 2925/1340/1711 2924/1339/2008 2919/1331/2007
f 2923/1337/1708 2925/1340/1711 2926/1341/1712
f 2926/1341/1712 2925/1340/1711 2919/1334/2007 2920/1336/1707
f 2928/1342/1713 2923/1337/1708 2926/1341/1712 2927/1343/1714
f 2920/1336/1707 2927/1343/1714 2926/1341/1712
f 2923/1337/1708 2928/1342/1713 2922/1338/1709
f 2934/1344/1715 2932/1345/1716 2929/1346/1717 2930/1347/1718
f 2930/1348/1718 2929/1349/1717 2931/1350/1719
f 2934/1344/1715 2933/1351/1720 2932/1345/1716
f 2933/1351/1720 2934/1344/1715 2930/1347/1718 2935/1352/1721
f 2937/1353/1722 2936/1354/1723 2933/1351/1720 2935/1352/1721
f 2937/1353/1722 2939/1355/2009 2938/1356/1725 2936/1354/1723
f 2937/1353/1722 2941/1357/1726 2940/1358/1727 2939/1355/2009
f 2942/1359/2010 2940/1358/1727 2941/1357/1726
f 2941/1357/1726 2943/1360/2011 2931/1350/1719 2942/1359/2010
f 2935/1352/1721 2943/1361/2011 2941/1357/1726
f 2935/1352/1721 2941/1357/1726 2937/1353/1722
f 2943/1360/2011 2935/1362/1721 2930/1348/1718 2931/1350/1719
f 2944/1363/2012 2945/1364/1731 2949/1365/2013
f 2966/1366/1733 2945/1364/1731 2944/1363/2012 2946/1367/1734
f 2947/1368/1735 2946/1367/1734 2944/1363/2012
f 2947/1368/1735 2944/1363/2012 2948/1369/1736
f 2949/1365/2013 2945/1364/1731 2950/1370/1737
f 2945/1364/1731 2951/1371/1738 2950/1370/1737
f 2952/1372/2014 2950/1370/1737 2951/1371/1738
f 2953/1373/2015 2952/1372/2014 2951/1371/1738
f 2954/1374/1741 2952/1372/2014 2953/1373/2015
f 2955/1375/2016 2954/1374/1741 2953/1373/2015 2956/1376/2017
f 2956/1376/2017 2953/1373/2015 2957/1377/2018
f 2956/1376/2017 2957/1377/2018 2958/1378/1745
f 2958/1378/1745 2957/1377/2018 2959/1379/1746
f 2959/1379/1746 2957/1377/2018 2960/1380/1747
f 2961/1381/1748 2960/1380/1747 2957/1377/2018
f 2957/1377/2018 2962/1382/2019 2961/1381/1748
f 2962/1382/2019 2957/1377/2018 2963/1383/1750
f 2964/1384/1751 2963/1383/1750 2957/1377/2018
f 2965/1385/1752 2964/1384/1751 2957/1377/2018
f 2965/1385/1752 2957/1377/2018 2966/1366/1733
f 2966/1366/1733 2957/1377/2018 2945/1364/1731
f 2966/1366/1733 2946/1367/1734 2967/1386/1753
f 2966/1366/1733 2967/1386/1753 2968/1387/1754
f 2966/1366/1733 2968/1387/1754 2969/1388/1755
f 2970/1389/1756 2966/1366/1733 2969/1388/1755
f 2971/1390/1757 2972/1391/2020 2969/1388/1755
f 2971/1390/1757 2969/1388/1755 2968/1387/1754
f 2973/1392/1759 2971/1390/1757 2968/1387/1754
f 2945/1364/1731 2957/1377/2018 2951/1371/1738
f 2951/1371/1738 2957/1377/2018 2953/1373/2015
f 2975/1393/1760 2974/1394/1761 2976/1395/2021
f 2975/1393/1760 2976/1395/2021 2977/1396/1763
f 2977/1396/1763 2976/1395/2021 2978/1397/1764
f 2976/1395/2021 2979/1398/1765 2978/1397/1764
f 2976/1395/2021 2980/1399/2022 2979/1398/1765
f 2980/1399/2022 2981/1400/1767 2979/1398/1765
f 2981/1400/1767 2982/1401/1768 2979/1398/1765
f 2983/1402/1769 2979/1398/1765 2982/1401/1768
f 2982/1401/1768 2984/1403/1770 2983/1402/1769
f 2985/1404/2023 2983/1402/1769 2984/1403/1770
f 2983/1402/1769 2986/1405/1772 2979/1398/1765
f 2983/1402/1769 2987/1406/2024 2986/1405/1772
f 2988/1407/1774 2986/1405/1772 2987/1406/2024
f 2988/1407/1774 2989/1408/1775 2986/1405/1772
f 2990/1409/1776 2991/1410/1777 2986/1405/1772 2989/1408/1775
f 2993/1411/1778 2991/1410/1777 2990/1409/1776 2992/1412/1779
f 2993/1411/1778 2994/1413/1780 2991/1410/1777
f 2994/1413/1780 2995/1414/1781 2991/1410/1777
f 2996/1415/2025 2995/1414/1781 2994/1413/1780
f 2991/1410/1777 2995/1414/1781 2986/1405/1772
f 2986/1405/1772 2995/1414/1781 2997/1416/1783
f 2997/1416/1783 2995/1414/1781 2998/1417/2026
f 2979/1398/1765 2986/1405/1772 2999/1418/2027
f 2979/1398/1765 2999/1418/2027 3000/1419/2028
f 2979/1398/1765 3000/1419/2028 3001/1420/1787
f 2979/1398/1765 3001/1420/1787 3002/1421/1788
f 2978/1397/1764 2979/1398/1765 3002/1421/1788
f 3004/1422/1789 3003/1423/1790 3005/1424/1791
f 3004/1422/1789 3005/1424/1791 3006/1425/1792
f 3006/1425/1792 3005/1424/1791 3007/1426/1793
f 3007/1426/1793 3005/1424/1791 3008/1427/1794
f 3008/1427/1794 3005/1424/1791 3009/1428/1795
f 3009/1428/1795 3005/1424/1791 3010/1429/1796
f 3011/1430/1797 3009/1428/1795 3010/1429/1796
f 3012/1431/1798 3011/1430/1797 3010/1429/1796
f 3012/1431/1798 3013/1432/1799 3011/1430/1797
f 3012/1431/1798 3014/1433/2029 3013/1432/1799
f 3014/1433/2029 3007/1426/1793 3015/1434/1801
f 3015/1434/1801 3013/1432/1799 3014/1433/2029
f 3015/1434/1801 3007/1426/1793 3008/1427/1794
f 3015/1434/1801 3008/1427/1794 3013/1432/1799
f 3013/1432/1799 3008/1427/1794 3011/1430/1797
f 3008/1427/1794 3009/1428/1795 3011/1430/1797
f 3019/1435/1802 3016/1436/1803 3017/1437/1804
f 3020/1438/2030 3017/1437/1804 3016/1436/1803 3018/1439/1806
f 3021/1440/1807 3066/1441/1808 3017/1437/1804 3020/1438/2030
f 3022/1442/1809 3021/1440/1807 3020/1438/2030
f 3022/1442/1809 3020/1438/2030 3023/1443/1810
f 3024/1444/1811 3022/1442/1809 3023/1443/1810
f 3027/1445/1812 3024/1444/1811 3023/1443/1810 3025/1446/2031
f 3025/1446/2031 3023/1443/1810 3026/1447/2032
f 3028/1448/2033 3024/1444/1811 3027/1445/1812
f 3024/1444/1811 3028/1448/2033 3029/1449/1816
f 3032/1450/1817 3030/1451/1818 3029/1449/1816
f 3029/1449/1816 3030/1451/1818 3033/1452/1819 3031/1453/1820
f 3024/1444/1811 3029/1449/1816 3031/1453/1820
f 3031/1453/1820 3033/1452/1819 3035/1454/2034
f 3024/1444/1811 3031/1453/1820 3022/1442/1809
f 3031/1453/1820 3021/1440/1807 3022/1442/1809
f 3034/1455/1822 3021/1440/1807 3031/1453/1820
f 3035/1454/2034 3034/1455/1822 3031/1453/1820
f 3036/1456/1823 3035/1454/2034 3033/1452/1819
f 3034/1455/1822 3035/1454/2034 3037/1457/1824
f 3037/1457/1824 3035/1454/2034 3036/1456/1823
f 3038/1458/2035 3037/1457/1824 3036/1456/1823
f 3040/1459/1826 3034/1455/1822 3037/1457/1824
f 3039/1460/1827 3037/1457/1824 3038/1458/2035
f 3040/1459/1826 3037/1457/1824 3039/1460/1827
f 3040/1459/1826 3039/1460/1827 3041/1461/2036
f 3042/1462/2037 3040/1459/1826 3041/1461/2036
f 3043/1463/1830 3034/1455/1822 3040/1459/1826
f 3048/1464/1831 3040/1459/1826 3042/1462/2037
f 3044/1465/2038 3043/1463/1830 3040/1459/1826
f 3040/1459/1826 3045/1466/1833 3044/1465/2038
f 3045/1466/1833 3040/1459/1826 3046/1467/2039
f 3047/1468/1835 3046/1467/2039 3040/1459/1826
f 3048/1464/1831 3047/1468/1835 3040/1459/1826
f 3049/1469/1836 3047/1468/1835 3048/1464/1831
f 3048/1464/1831 3042/1462/2037 3050/1470/2040
f 3051/1471/2041 3049/1469/1836 3048/1464/1831
f 3052/1472/1839 3048/1464/1831 3050/1470/2040
f 3052/1472/1839 3051/1471/2041 3048/1464/1831
f 3054/1473/1840 3053/1474/1841 3045/1466/1833
f 3045/1466/1833 3053/1474/1841 3044/1465/2038
f 3044/1465/2038 3053/1474/1841 3055/1475/1842
f 3055/1475/1842 3056/1476/2042 3044/1465/2038
f 3056/1476/2042 3057/1477/1844 3043/1463/1830
f 3044/1465/2038 3056/1476/2042 3043/1463/1830
f 3057/1477/1844 3058/1478/2043 3043/1463/1830
f 3059/1479/2044 3058/1478/2043 3057/1477/1844
f 3060/1480/1847 3058/1478/2043 3059/1479/2044
f 3058/1478/2043 3060/1480/1847 3034/1455/1822
f 3034/1455/1822 3060/1480/1847 3061/1481/1848
f 3062/1482/1849 3034/1455/1822 3061/1481/1848
f 3062/1482/1849 3063/1483/1850 3034/1455/1822
f 3064/1484/2045 3063/1483/1850 3062/1482/1849
f 3066/1441/1808 3034/1455/1822 3063/1483/1850 3065/1485/1852
f 3034/1455/1822 3066/1441/1808 3021/1440/1807
f 3066/1441/1808 3067/1486/1853 3017/1437/1804
f 3058/1478/2043 3034/1455/1822 3043/1463/1830
f 3068/1487/1854 3041/1461/2036 3039/1460/1827
f 3068/1487/1854 3038/1458/2035 3036/1456/1823
f 3068/1487/1854 3036/1456/1823 3033/1452/1819 3030/1451/1818
f 3030/1451/1818 3069/1488/1855 3068/1487/1854
f 3038/1458/2035 3068/1487/1854 3039/1460/1827
f 3080/1100/1482 3079/1098/1482 3081/1096/1482
