# Blender 3.6.22
# www.blender.org
mtllib rueda_nosillas.mtl
o Brazo_mini.001_Cylinder.009
v 1.430441 2.455137 -4.978269
v 1.581861 2.306709 -4.936091
v 1.279022 2.603573 -4.936091
v 17.064560 18.403908 -4.978273
v 1.430441 2.455137 -4.789012
v 1.530141 2.357407 -4.761242
v 1.330742 2.552871 -4.761242
v 1.430441 2.455139 -4.424187
v 1.246221 2.635727 -4.682158
v 1.189745 2.691086 -4.563800
v 1.150655 2.729408 -4.815982
v 1.064882 2.813488 -4.636225
v 16.699001 18.762253 -4.636231
v 16.784773 18.678173 -4.815989
v 16.913141 18.552338 -4.936095
v 17.019690 19.089394 -4.636231
v 17.105461 19.005314 -4.815989
v 17.233829 18.879478 -4.936095
v 17.076199 19.033997 -4.603452
v 17.148712 18.962914 -4.755424
v 17.257236 18.856533 -4.856966
v 17.385244 18.731041 -4.424192
v 17.385248 18.731049 -4.892623
v 17.513262 18.605560 -4.856966
v 17.385248 18.731049 -4.978273
v 17.536669 18.582611 -4.936095
v 17.665035 18.456779 -4.815989
v 17.215981 18.255470 -4.936095
v 17.344347 18.129639 -4.815989
v 1.710228 2.180874 -4.815982
v 1.796001 2.096794 -4.636225
v 17.430120 18.045559 -4.636231
v 17.750809 18.372700 -4.636231
v 17.780928 18.343174 -4.424192
v 17.621786 18.499176 -4.755424
v 17.694300 18.428093 -4.603452
v 17.719763 18.403130 -4.424192
v 17.694300 18.428093 -4.244930
v 17.750809 18.372700 -4.212154
v 17.430120 18.045559 -4.212154
v 17.665035 18.456779 -4.032396
v 17.621786 18.499176 -4.092961
v 17.344347 18.129639 -4.032396
v 1.796001 2.096794 -4.212149
v 1.710228 2.180874 -4.032393
v 1.581861 2.306709 -3.912282
v 17.215981 18.255470 -3.912287
v 17.536669 18.582611 -3.912288
v 17.385248 18.731049 -3.870111
v 17.513262 18.605560 -3.991418
v 17.064560 18.403908 -3.870111
v 1.430441 2.455139 -3.870105
v 1.279022 2.603573 -3.912282
v 16.913141 18.552338 -3.912288
v 17.233829 18.879478 -3.912288
v 17.105461 19.005314 -4.032396
v 17.385248 18.731049 -3.955762
v 17.257236 18.856533 -3.991418
v 17.148712 18.962914 -4.092961
v 17.076199 19.033997 -4.244930
v 17.019690 19.089394 -4.212154
v 17.050735 19.058960 -4.424192
v 16.989571 19.118919 -4.424192
v 16.668882 18.791779 -4.424192
v 16.699001 18.762253 -4.212154
v 1.034763 2.843014 -4.424187
v 1.064882 2.813488 -4.212150
v 1.169914 2.710529 -4.424187
v 1.189745 2.691086 -4.284575
v 1.150655 2.729408 -4.032393
v 1.246221 2.635727 -4.166216
v 1.330742 2.552872 -4.087132
v 1.430441 2.455139 -4.059361
v 1.530141 2.357407 -4.087132
v 1.614662 2.274551 -4.166216
v 1.671138 2.219193 -4.284575
v 1.690969 2.199753 -4.424187
v 1.826120 2.067268 -4.424187
v 1.671138 2.219193 -4.563800
v 1.614662 2.274551 -4.682158
v 17.460239 18.016033 -4.424192
v 16.784773 18.678173 -4.032396
v 20.158684 0.880718 3.139081
v 20.105158 0.880718 3.338841
v 19.985258 3.526695 3.139081
v 20.105158 0.880718 2.939322
v 19.932190 3.519707 2.939322
v 19.985258 -1.765255 3.139081
v 19.932190 -1.758270 3.338841
v 19.416245 -4.352097 3.338842
v 19.274994 -4.314250 3.485076
v 19.787207 -1.739182 3.485075
v 19.958925 0.880718 3.485075
v 19.759165 0.880718 3.538601
v 19.589157 -1.713108 3.538601
v 19.082041 -4.262548 3.538602
v 18.889088 -4.210845 3.485076
v 19.391108 -1.687035 3.485075
v 19.246124 -1.667946 3.338841
v 19.559406 0.880718 3.485075
v 18.747837 -4.172998 3.338842
v 18.061937 -6.647560 3.485077
v 17.926834 -6.591599 3.338842
v 17.877382 -6.571115 3.139083
v 18.696135 -4.159145 3.139083
v 19.193056 -1.660957 3.139081
v 18.747837 -4.173000 2.939323
v 17.926834 -6.591599 2.939323
v 18.061937 -6.647560 2.793089
v 18.889088 -4.210846 2.793089
v 19.246124 -1.667946 2.939322
v 19.391108 -1.687035 2.793088
v 19.082041 -4.262550 2.739563
v 19.589157 -1.713108 2.739562
v 19.559406 0.880718 2.793087
v 19.246124 3.429386 2.939322
v 19.391108 3.448471 2.793087
v 19.413172 0.880718 2.939322
v 19.759165 0.880718 2.739562
v 19.787207 -1.739182 2.793088
v 19.958925 0.880718 2.793087
v 19.589157 3.474548 2.739562
v 19.787207 3.500622 2.793087
v 19.082039 6.023991 2.739562
v 18.061939 8.408989 2.793085
v 18.889086 5.972290 2.793087
v 18.246494 8.485435 2.739560
v 18.431047 8.561882 2.793085
v 19.274992 6.075691 2.793087
v 19.416245 6.113541 2.939322
v 18.566149 8.617840 2.939319
v 19.467945 6.127396 3.139081
v 18.615601 8.638325 3.139079
v 18.566149 8.617840 3.338838
v 19.416245 6.113543 3.338840
v 18.431047 8.561882 3.485073
v 19.274992 6.075693 3.485075
v 19.787207 3.500622 3.485075
v 19.932190 3.519707 3.338840
v 19.082039 6.023993 3.538599
v 19.589157 3.474548 3.538599
v 19.391108 3.448471 3.485075
v 18.889086 5.972291 3.485075
v 19.246124 3.429386 3.338840
v 19.413172 0.880718 3.338841
v 19.359646 0.880718 3.139081
v 19.193056 3.422398 3.139081
v 18.747837 5.934443 3.338840
v 18.696135 5.920589 3.139081
v 17.877386 8.332546 3.139079
v 17.926838 8.353031 2.939320
v 18.747837 5.934441 2.939322
v 17.926838 8.353031 3.338838
v 16.923813 10.716885 3.485071
v 16.797171 10.643768 3.338836
v 18.061939 8.408989 3.485073
v 16.750816 10.617004 3.139077
v 15.378173 12.767448 3.338836
v 15.378173 12.767448 2.939317
v 16.797171 10.643768 2.939317
v 15.335707 12.734863 3.139077
v 13.694111 14.687752 3.338836
v 13.656262 14.649902 3.139077
v 11.773814 16.371803 3.338836
v 11.741229 16.329338 3.139077
v 13.694111 14.687752 2.939317
v 11.773814 16.371803 2.939317
v 15.494188 12.856468 2.793083
v 13.797514 14.791153 2.793083
v 11.862835 16.487820 2.793083
v 13.938766 14.932404 2.739557
v 11.984441 16.646301 2.739556
v 9.723243 17.917450 2.793082
v 9.650126 17.790810 2.939316
v 7.338914 18.871021 3.139075
v 9.623362 17.744453 3.139075
v 7.359397 18.920471 2.939316
v 7.415358 19.055573 2.793081
v 4.940807 19.741470 2.939316
v 4.978655 19.882721 2.793081
v 7.491803 19.240128 2.739556
v 9.823122 18.090446 2.739556
v 9.923002 18.263443 2.793082
v 7.568248 19.424683 2.793081
v 9.996118 18.390087 2.939316
v 12.195068 16.920795 2.939317
v 12.106048 16.804779 2.793083
v 14.183419 15.177059 2.939317
v 14.080017 15.073654 2.793083
v 15.811148 13.099682 2.793083
v 15.927162 13.188702 2.939317
v 15.969627 13.221287 3.139077
v 17.396448 10.989761 2.939317
v 17.269808 10.916641 2.793083
v 17.442802 11.016525 3.139077
v 17.396448 10.989761 3.338836
v 15.927162 13.188702 3.338836
v 15.811148 13.099682 3.485071
v 17.269808 10.916641 3.485071
v 17.096809 10.816765 3.538596
v 18.246494 8.485435 3.538597
v 15.652667 12.978073 3.538596
v 15.494188 12.856468 3.485071
v 13.938766 14.932404 3.538595
v 13.797514 14.791153 3.485070
v 11.862835 16.487820 3.485070
v 9.723243 17.917450 3.485069
v 9.650126 17.790810 3.338835
v 11.984441 16.646301 3.538595
v 12.106048 16.804779 3.485070
v 9.923002 18.263443 3.485069
v 9.823122 18.090446 3.538594
v 7.568248 19.424683 3.485069
v 7.491803 19.240128 3.538594
v 5.030357 20.075676 3.538594
v 7.415358 19.055573 3.485069
v 4.978655 19.882721 3.485069
v 4.940807 19.741470 3.338835
v 7.359397 18.920471 3.338835
v 2.435744 20.239761 3.338835
v 2.454832 20.384743 3.485069
v 2.428758 20.186691 3.139075
v 4.926954 19.689774 3.139075
v -0.112916 20.353283 3.139075
v 2.435744 20.239761 2.939316
v -0.112916 20.406807 2.939316
v -0.112916 20.553040 2.793080
v 2.454832 20.384743 2.793081
v 2.480906 20.582794 2.739554
v 5.030357 20.075676 2.739556
v 5.082058 20.268631 2.793081
v 2.506979 20.780846 2.793080
v 2.526067 20.925827 2.939315
v 5.119906 20.409882 2.939316
v 5.133760 20.461582 3.139075
v 7.624209 19.559784 2.939316
v 7.644693 19.609234 3.139075
v 10.022882 18.436443 3.139075
v 9.996118 18.390087 3.338835
v 7.624209 19.559784 3.338835
v 5.119906 20.409882 3.338835
v 5.082058 20.268631 3.485069
v 2.526067 20.925827 3.338834
v 2.533053 20.978897 3.139074
v -0.112916 21.098793 3.338834
v 2.506979 20.780846 3.485068
v -0.112916 20.952560 3.485068
v -0.112916 20.752800 3.538593
v 2.480906 20.582794 3.538593
v -2.706748 20.582794 3.538593
v -0.112916 20.553040 3.485068
v -2.680674 20.384743 3.485069
v -0.112916 20.406807 3.338835
v -2.654600 20.186691 3.139075
v -2.661587 20.239761 3.338835
v -5.204487 19.882725 3.485069
v -5.166639 19.741474 3.338835
v -5.152785 19.689774 3.139075
v -7.564747 18.871021 3.139075
v -2.661587 20.239761 2.939316
v -5.166639 19.741474 2.939316
v -2.680674 20.384743 2.793081
v -5.204487 19.882725 2.793081
v -7.585230 18.920471 2.939316
v -9.875960 17.790810 2.939316
v -7.641192 19.055573 2.793081
v -7.717636 19.240128 2.739556
v -9.949077 17.917454 2.793082
v -12.088670 16.487823 2.793083
v -10.048957 18.090446 2.739556
v -12.210276 16.646301 2.739556
v -10.148837 18.263447 2.793082
v -12.331882 16.804783 2.793083
v -14.305858 15.073650 2.793083
v -14.409259 15.177055 2.939317
v -12.420903 16.920799 2.939317
v -10.248716 18.436443 3.139075
v -10.221953 18.390091 2.939316
v -12.453488 16.963261 3.139076
v -14.409259 15.177055 3.338836
v -12.420903 16.920799 3.338836
v -14.447109 15.214905 3.139077
v -16.152996 13.188705 2.939317
v -16.195459 13.221291 3.139077
v -17.668636 11.016525 3.139077
v -16.152996 13.188705 3.338836
v -17.622282 10.989761 3.338836
v -16.036982 13.099682 3.485071
v -14.305858 15.073650 3.485070
v -17.495642 10.916645 3.485071
v -17.322643 10.816765 3.538596
v -18.472328 8.485439 3.538597
v -18.656881 8.561882 3.485073
v -18.791985 8.617844 3.338838
v -19.642080 6.113543 3.338840
v -19.500830 6.075693 3.485075
v -20.158026 3.519711 3.338840
v -20.013041 3.500622 3.485075
v -19.307877 6.023993 3.538599
v -19.114923 5.972291 3.485075
v -19.814991 3.474548 3.538599
v -20.184761 0.880722 3.485075
v -19.985001 0.880722 3.538601
v -19.785240 0.880722 3.485075
v -19.616941 3.448475 3.485075
v -18.973673 5.934443 3.338840
v -19.471958 3.429390 3.338840
v -19.639008 0.880722 3.338841
v -18.921970 5.920586 3.139081
v -19.418890 3.422401 3.139081
v -19.585482 0.880722 3.139081
v -19.471958 3.429390 2.939322
v -19.639008 0.880722 2.939322
v -19.616941 3.448475 2.793087
v -18.973673 5.934441 2.939322
v -19.114923 5.972290 2.793087
v -18.287773 8.408993 2.793085
v -19.307877 6.023991 2.739562
v -18.152672 8.353031 2.939320
v -18.103220 8.332550 3.139079
v -17.023005 10.643768 2.939317
v -17.149647 10.716885 2.793083
v -16.976650 10.617004 3.139077
v -15.561541 12.734863 3.139077
v -15.604006 12.767448 2.939317
v -14.023355 14.791149 2.793083
v -13.919950 14.687744 2.939317
v -15.720020 12.856472 2.793083
v -15.878501 12.978077 2.739558
v -14.164606 14.932400 2.739557
v -16.036982 13.099682 2.793083
v -17.322643 10.816765 2.739558
v -17.495642 10.916645 2.793083
v -18.472328 8.485439 2.739560
v -18.791985 8.617844 2.939319
v -18.656881 8.561882 2.793085
v -17.622282 10.989761 2.939317
v -18.841434 8.638329 3.139079
v -19.693783 6.127396 3.139081
v -19.642080 6.113541 2.939322
v -20.211092 3.526699 3.139081
v -20.158026 3.519711 2.939322
v -20.384520 0.880722 3.139081
v -20.211092 -1.765259 3.139081
v -20.158026 -1.758270 3.338841
v -20.330994 0.880722 2.939322
v -20.330994 0.880722 3.338841
v -20.158026 -1.758270 2.939322
v -20.013041 -1.739185 2.793088
v -19.642080 -4.352100 2.939323
v -20.184761 0.880722 2.793087
v -20.013041 3.500622 2.793087
v -19.814991 -1.713112 2.739562
v -19.985001 0.880722 2.739562
v -19.785240 0.880722 2.793087
v -19.814991 3.474548 2.739562
v -19.616941 -1.687035 2.793088
v -19.471958 -1.667950 2.939322
v -19.114923 -4.210850 2.793089
v -18.152676 -6.591583 2.939323
v -18.287777 -6.647545 2.793089
v -18.472332 -6.723989 2.739564
v -19.307877 -4.262550 2.739563
v -18.973673 -4.173004 2.939323
v -18.921970 -4.159149 3.139083
v -18.103224 -6.571102 3.139083
v -18.152676 -6.591581 3.338842
v -16.976654 -8.855558 3.139085
v -17.023010 -8.882320 3.338845
v -17.023010 -8.882320 2.939325
v -17.149652 -8.955437 2.793091
v -15.604006 -11.006012 2.939327
v -15.720020 -11.095032 2.793092
v -15.561541 -10.973427 3.139086
v -13.882103 -12.888458 3.139086
v -13.919950 -12.926308 2.939327
v -14.023355 -13.029709 2.793093
v -11.999657 -14.610363 2.939327
v -12.088678 -14.726377 2.793093
v -14.164606 -13.170961 2.739567
v -16.036982 -11.338243 2.793092
v -15.878501 -11.216637 2.739567
v -12.210284 -14.884857 2.739567
v -14.305858 -13.312214 2.793093
v -12.331890 -15.043339 2.793093
v -14.409259 -13.415615 2.939327
v -12.420912 -15.159353 2.939327
v -12.453497 -15.201818 3.139087
v -14.447109 -13.453465 3.139086
v -16.152996 -11.427265 2.939327
v -16.195459 -11.459850 3.139086
v -16.152996 -11.427265 3.338846
v -17.668642 -9.255077 3.139085
v -14.409259 -13.415615 3.338846
v -12.420912 -15.159353 3.338846
v -14.305858 -13.312214 3.485080
v -12.331890 -15.043339 3.485080
v -12.210284 -14.884857 3.538606
v -14.164606 -13.170961 3.538606
v -16.036982 -11.338243 3.485080
v -15.878501 -11.216637 3.538605
v -17.322647 -9.055317 3.538604
v -17.495646 -9.155197 3.485079
v -17.622288 -9.228313 3.338845
v -18.656885 -6.800434 3.485077
v -18.841440 -6.876879 3.139083
v -18.791986 -6.856396 3.338845
v -19.500830 -4.314255 3.485076
v -19.693783 -4.365955 3.139083
v -19.642080 -4.352098 3.338842
v -20.013041 -1.739185 3.485075
v -19.307877 -4.262548 3.538602
v -19.814991 -1.713112 3.538601
v -19.616941 -1.687035 3.485075
v -19.114923 -4.210848 3.485076
v -18.472332 -6.723989 3.538604
v -19.471958 -1.667950 3.338841
v -18.973673 -4.173004 3.338842
v -18.287777 -6.647543 3.485077
v -17.149652 -8.955437 3.485079
v -15.604006 -11.006012 3.338846
v -15.720020 -11.095032 3.485080
v -14.023355 -13.029709 3.485080
v -11.999657 -14.610363 3.338846
v -12.088678 -14.726377 3.485080
v -13.919950 -12.926308 3.338846
v -10.048957 -16.329012 3.538606
v -9.949077 -16.156015 3.485081
v -9.875960 -16.029373 3.338846
v -7.585230 -17.159035 3.338846
v -11.967072 -14.567898 3.139086
v -9.849197 -15.983019 3.139087
v -7.564747 -17.109583 3.139087
v -9.875960 -16.029373 2.939328
v -9.949077 -16.156015 2.793093
v -7.585230 -17.159035 2.939328
v -5.152794 -17.928331 3.139087
v -5.166647 -17.980034 2.939328
v -5.204496 -18.121284 2.793093
v -7.641192 -17.294138 2.793093
v -5.256198 -18.314238 2.739569
v -7.717636 -17.478691 2.739569
v -5.307899 -18.507191 2.793093
v -10.048957 -16.329012 2.739568
v -10.148837 -16.502008 2.793093
v -7.794082 -17.663246 2.793093
v -7.850042 -17.798347 2.939328
v -10.221953 -16.628651 2.939328
v -7.870526 -17.847797 3.139087
v -10.248716 -16.675007 3.139087
v -10.221953 -16.628651 3.338846
v -7.850042 -17.798347 3.338846
v -7.794082 -17.663246 3.485081
v -10.148837 -16.502008 3.485081
v -7.717636 -17.478691 3.538606
v -5.307899 -18.507191 3.485081
v -5.345747 -18.648441 3.338846
v -5.359601 -18.700144 3.139087
v -2.758905 -19.217455 3.139087
v -2.751919 -19.164387 3.338846
v -2.732831 -19.019405 3.485081
v -0.112916 -19.337357 3.338846
v 2.506979 -19.019405 3.485081
v -0.112916 -19.191124 3.485081
v 2.526067 -19.164389 3.338846
v 2.533053 -19.217457 3.139087
v -0.112916 -19.390882 3.139087
v -0.112916 -19.337357 2.939328
v 2.506979 -19.019405 2.793093
v -0.112916 -19.191124 2.793093
v -2.732831 -19.019405 2.793093
v -2.751919 -19.164387 2.939328
v 2.526067 -19.164389 2.939328
v 5.082049 -18.507195 2.793093
v 5.119897 -18.648445 2.939328
v 5.133750 -18.700148 3.139087
v 7.624209 -17.798346 2.939328
v 7.644693 -17.847797 3.139087
v 7.624209 -17.798346 3.338846
v 5.119897 -18.648445 3.338846
v 5.082049 -18.507195 3.485081
v 7.491803 -17.478689 3.538606
v 7.568248 -17.663244 3.485081
v 5.030347 -18.314241 3.538606
v 2.480906 -18.821356 3.538606
v 2.454832 -18.623306 3.485081
v -0.112916 -18.991364 3.538606
v -0.112916 -18.791605 3.485081
v -0.112916 -18.645370 3.338846
v -2.680683 -18.623302 3.485081
v -2.661596 -18.478319 3.338846
v -5.166647 -17.980034 3.338846
v -2.706757 -18.821354 3.538606
v -5.204496 -18.121284 3.485081
v -5.256198 -18.314238 3.538606
v -7.641192 -17.294138 3.485081
v -2.654609 -18.425253 3.139087
v -0.112916 -18.645370 2.939328
v -2.661596 -18.478319 2.939328
v -0.112916 -18.591845 3.139087
v 2.435744 -18.478323 3.338846
v 2.428758 -18.425255 3.139087
v 2.435744 -18.478323 2.939328
v 4.926944 -17.928335 3.139087
v 7.338914 -17.109583 3.139087
v 4.940798 -17.980036 2.939328
v 4.940798 -17.980036 3.338846
v 4.978646 -18.121288 3.485081
v 7.415358 -17.294136 3.485081
v 7.359397 -17.159033 3.338846
v 9.723243 -16.156013 3.485081
v 9.650126 -16.029371 3.338846
v 9.623362 -15.983017 3.139087
v 11.741222 -14.567907 3.139086
v 7.359397 -17.159033 2.939328
v 9.650126 -16.029371 2.939328
v 11.773808 -14.610374 2.939327
v 9.723243 -16.156013 2.793093
v 7.415358 -17.294136 2.793093
v 4.978646 -18.121288 2.793093
v 7.491803 -17.478689 2.739569
v 5.030347 -18.314241 2.739569
v 7.568248 -17.663244 2.793093
v 2.480906 -18.821356 2.739569
v -0.112916 -18.991364 2.739569
v 2.454832 -18.623306 2.793093
v -0.112916 -18.791605 2.793093
v -2.680683 -18.623302 2.793093
v -2.706757 -18.821354 2.739569
v 9.823122 -16.329010 2.739568
v 9.923002 -16.502007 2.793093
v 9.996118 -16.628649 2.939328
v 12.195062 -15.159361 2.939327
v 12.227646 -15.201828 3.139087
v 10.022882 -16.675005 3.139087
v 9.996118 -16.628649 3.338846
v 12.195062 -15.159361 3.338846
v 9.923002 -16.502007 3.485081
v 12.106040 -15.043346 3.485080
v 11.984434 -14.884869 3.538606
v 9.823122 -16.329010 3.538606
v 11.862828 -14.726387 3.485080
v 13.938760 -13.170975 3.538606
v 14.080011 -13.312225 3.485080
v 13.797508 -13.029722 3.485080
v 15.652667 -11.216637 3.538605
v 17.096809 -9.055325 3.538604
v 15.494188 -11.095030 3.485080
v 15.811148 -11.338242 3.485080
v 17.269808 -9.155205 3.485079
v 15.927162 -11.427263 3.338846
v 17.396448 -9.228321 3.338845
v 18.566145 -6.856411 3.338845
v 18.431044 -6.800447 3.485077
v 18.246490 -6.724005 3.538604
v 16.923813 -8.955444 3.485079
v 16.797171 -8.882328 3.338845
v 15.378173 -11.006008 3.338846
v 15.335707 -10.973423 3.139086
v 13.694105 -12.926319 3.338846
v 13.656257 -12.888470 3.139086
v 15.378173 -11.006008 2.939327
v 13.694105 -12.926319 2.939327
v 13.797508 -13.029722 2.793093
v 11.862828 -14.726387 2.793093
v 11.984434 -14.884869 2.739567
v 13.938760 -13.170975 2.739567
v 12.106040 -15.043346 2.793093
v 14.080011 -13.312225 2.793093
v 14.183414 -13.415627 2.939327
v 15.652667 -11.216637 2.739567
v 15.811148 -11.338242 2.793092
v 17.396448 -9.228321 2.939325
v 17.269808 -9.155205 2.793091
v 15.927162 -11.427263 2.939327
v 17.442802 -9.255085 3.139085
v 14.221261 -13.453476 3.139086
v 15.969627 -11.459846 3.139086
v 14.183414 -13.415627 3.338846
v 18.615599 -6.876894 3.139083
v 18.566145 -6.856411 2.939323
v 18.431044 -6.800449 2.793089
v 19.416245 -4.352097 2.939323
v 19.274994 -4.314251 2.793089
v 19.932190 -1.758270 2.939322
v 19.467947 -4.365952 3.139083
v 17.096809 -9.055325 2.739566
v 18.246490 -6.724005 2.739564
v 16.923813 -8.955444 2.793091
v 15.494188 -11.095030 2.793092
v 16.797171 -8.882328 2.939325
v 16.750816 -8.855564 3.139085
v 11.773808 -14.610374 3.338846
v -5.345747 -18.648441 2.939328
v -19.418890 -1.660961 3.139081
v -18.791986 -6.856396 2.939323
v -17.622288 -9.228313 2.939325
v -18.656885 -6.800434 2.793089
v -19.500830 -4.314255 2.793089
v -17.495646 -9.155197 2.793091
v -17.322647 -9.055317 2.739566
v -19.500830 6.075691 2.793087
v -11.999649 16.371807 2.939317
v -11.967064 16.329342 3.139077
v -13.882103 14.649895 3.139077
v -15.604006 12.767448 3.338836
v -13.919950 14.687744 3.338836
v -15.720020 12.856472 3.485071
v -11.999649 16.371807 3.338836
v -14.023355 14.791149 3.485070
v -14.164606 14.932400 3.538595
v -12.088670 16.487823 3.485070
v -12.210276 16.646301 3.538595
v -10.048957 18.090446 3.538594
v -12.331882 16.804783 3.485070
v -10.148837 18.263447 3.485069
v -10.221953 18.390091 3.338835
v -7.794082 19.424683 3.485069
v -7.717636 19.240128 3.538594
v -5.256188 20.075676 3.538594
v -5.307890 20.268631 3.485069
v -7.641192 19.055573 3.485069
v -9.949077 17.917454 3.485069
v -9.875960 17.790810 3.338835
v -7.585230 18.920471 3.338835
v -9.849197 17.744453 3.139075
v -5.345738 20.409882 3.338835
v -7.850042 19.559784 3.338835
v -2.732822 20.780842 3.485068
v -2.751909 20.925827 3.338834
v -0.112916 21.152321 3.139074
v -2.758896 20.978893 3.139074
v -5.359592 20.461586 3.139075
v -5.345738 20.409882 2.939316
v -7.870526 19.609238 3.139075
v -7.850042 19.559784 2.939316
v -5.307890 20.268631 2.793081
v -7.794082 19.424683 2.793081
v -5.256188 20.075676 2.739556
v -2.732822 20.780842 2.793080
v -2.751909 20.925827 2.939315
v -2.706748 20.582794 2.739554
v -0.112916 20.952560 2.793080
v -0.112916 20.752800 2.739554
v -0.112916 21.098793 2.939315
v -15.878501 12.978077 3.538596
v -17.149647 10.716885 3.485071
v -17.023005 10.643768 3.338836
v -18.287773 8.408993 3.485073
v -18.152672 8.353031 3.338838
v 12.195068 16.920795 3.338836
v 14.183419 15.177059 3.338836
v 12.227654 16.963257 3.139076
v 14.221268 15.214909 3.139077
v 14.080017 15.073654 3.485070
v 17.096809 10.816765 2.739558
v 15.652667 12.978073 2.739558
v 16.923813 10.716885 2.793083
v -1.656396 2.455029 -4.978267
v -1.504988 2.603472 -4.936090
v -1.807804 2.306581 -4.936091
v -17.291718 18.402615 -4.978271
v -17.443125 18.254173 -4.936093
v -1.656396 2.455029 -4.789012
v -1.556704 2.552768 -4.761241
v -1.756088 2.357286 -4.761241
v -1.840603 2.274429 -4.682158
v -1.656395 2.455029 -4.424186
v -1.415717 2.690994 -4.563799
v -1.897074 2.219063 -4.284574
v -1.395887 2.710438 -4.424186
v -1.916904 2.199619 -4.424186
v -1.415717 2.690994 -4.284574
v -1.897074 2.219063 -4.563799
v -1.472189 2.635628 -4.166215
v -1.556704 2.552769 -4.087132
v -1.656396 2.455029 -4.059361
v -1.756088 2.357288 -4.087132
v -1.472189 2.635628 -4.682158
v -1.840603 2.274429 -4.166215
v -1.807804 2.306583 -3.912282
v -1.936162 2.180740 -4.032392
v -2.021928 2.096653 -4.212148
v -17.571484 18.128326 -4.032394
v -17.443125 18.254173 -3.912284
v -17.657249 18.044243 -4.212152
v -17.892195 18.455444 -4.032394
v -17.763836 18.581291 -3.912284
v -17.977961 18.371361 -4.212152
v -17.740431 18.604237 -3.991417
v -17.848948 18.497845 -4.092959
v -17.612427 18.729729 -4.424191
v -17.921455 18.426758 -4.244928
v -17.946917 18.401794 -4.424191
v -18.008078 18.341831 -4.424191
v -17.921455 18.426758 -4.603449
v -17.977961 18.371361 -4.636229
v -17.657249 18.044243 -4.636227
v -17.892195 18.455444 -4.815983
v -17.848948 18.497845 -4.755418
v -17.740431 18.604237 -4.856961
v -17.763836 18.581291 -4.936093
v -17.612429 18.729733 -4.978271
v -17.612429 18.729733 -4.892619
v -17.461020 18.878178 -4.936092
v -17.484425 18.855232 -4.856961
v -17.375910 18.961620 -4.755418
v -17.332663 19.004021 -4.815983
v -17.303400 19.032707 -4.603448
v -17.246897 19.088108 -4.636229
v -17.277939 19.057671 -4.424191
v -17.216780 19.117638 -4.424191
v -16.896069 18.790520 -4.424191
v -17.246897 19.088108 -4.212152
v -16.926186 18.760990 -4.212152
v -17.332663 19.004021 -4.032394
v -17.303400 19.032707 -4.244927
v -17.375910 18.961620 -4.092959
v -17.484425 18.855232 -3.991417
v -17.461020 18.878174 -3.912284
v -17.612429 18.729733 -3.955760
v -17.612429 18.729733 -3.870108
v -17.291718 18.402615 -3.870108
v -1.656396 2.455029 -3.870105
v -17.140308 18.551056 -3.912284
v -1.376630 2.729317 -4.032392
v -1.504988 2.603474 -3.912282
v -17.011951 18.676903 -4.032394
v -1.290864 2.813404 -4.212148
v -1.260747 2.842930 -4.424186
v -1.290864 2.813404 -4.636224
v -1.376630 2.729316 -4.815981
v -17.011951 18.676903 -4.815983
v -16.926186 18.760990 -4.636229
v -17.140308 18.551060 -4.936092
v -17.571484 18.128326 -4.815983
v -1.936162 2.180740 -4.815981
v -2.021928 2.096653 -4.636224
v -2.052045 2.067127 -4.424186
v -17.687366 18.014713 -4.424191
v 1.430441 2.455139 3.616292
v 1.581861 2.306709 3.658469
v 1.279022 2.603573 3.658469
v 17.064560 18.403908 3.616287
v 1.430441 2.455139 3.805548
v 1.530141 2.357407 3.833319
v 1.330742 2.552872 3.833319
v 1.430441 2.455139 4.170374
v 1.671138 2.219193 4.309987
v 1.189745 2.691086 4.030761
v 1.614662 2.274551 4.428344
v 1.246221 2.635727 3.912403
v 1.530141 2.357407 4.507429
v 1.430441 2.455139 4.535199
v 1.330742 2.552872 4.507429
v 1.614662 2.274551 3.912403
v 1.246221 2.635727 4.428345
v 1.671138 2.219193 4.030761
v 1.189745 2.691086 4.309987
v 1.690969 2.199753 4.170374
v 1.169914 2.710529 4.170374
v 1.064882 2.813488 3.958336
v 1.064882 2.813488 4.382411
v 1.034763 2.843014 4.170374
v 16.699001 18.762253 4.382407
v 16.668882 18.791779 4.170370
v 16.699001 18.762253 3.958331
v 16.784773 18.678173 3.778573
v 16.989571 19.118919 4.170370
v 17.019690 19.089394 3.958331
v 17.105461 19.005314 3.778573
v 17.050735 19.058960 4.170370
v 17.076199 19.033997 3.991107
v 17.148712 18.962914 3.839138
v 17.385244 18.731041 4.170370
v 17.513262 18.605560 3.737595
v 17.385248 18.731049 3.701939
v 17.621786 18.499176 3.839138
v 17.694300 18.428093 3.991109
v 17.719763 18.403130 4.170370
v 17.694300 18.428093 4.349627
v 17.621786 18.499176 4.501598
v 17.513262 18.605560 4.603143
v 17.385248 18.731049 4.638800
v 17.257236 18.856533 4.603143
v 17.148712 18.962914 4.501598
v 17.076199 19.033997 4.349627
v 17.257236 18.856533 3.737595
v 17.233829 18.879478 3.658463
v 16.913141 18.552338 3.658463
v 17.385248 18.731049 3.616287
v 17.536669 18.582611 3.658463
v 17.665035 18.456779 3.778573
v 17.215981 18.255470 3.658463
v 17.344347 18.129639 3.778573
v 1.710228 2.180874 3.778579
v 1.796001 2.096794 3.958336
v 17.430120 18.045559 3.958331
v 1.826120 2.067268 4.170374
v 17.460239 18.016033 4.170370
v 17.750809 18.372700 3.958331
v 17.780928 18.343174 4.170370
v 17.430120 18.045559 4.382407
v 17.750809 18.372700 4.382407
v 17.665035 18.456779 4.562163
v 17.344347 18.129639 4.562163
v 17.536669 18.582611 4.682274
v 17.215981 18.255470 4.682274
v 17.385248 18.731049 4.724451
v 17.064560 18.403908 4.724451
v 1.581861 2.306709 4.682279
v 1.430441 2.455139 4.724455
v 1.279022 2.603573 4.682279
v 16.913141 18.552338 4.682274
v 17.233829 18.879478 4.682274
v 17.105461 19.005314 4.562163
v 16.784773 18.678173 4.562163
v 17.019690 19.089394 4.382407
v 1.150655 2.729408 4.562169
v 1.710228 2.180874 4.562169
v 1.796001 2.096794 4.382411
v 1.150655 2.729408 3.778579
v 2.091792 0.881809 3.616292
v 2.091896 0.669769 3.658469
v 2.091687 1.093845 3.658469
v 24.425369 0.892841 3.616292
v 24.425474 0.680801 3.658469
v 2.091792 0.881809 3.805548
v 2.091860 0.742195 3.833319
v 2.091919 0.623837 3.912403
v 2.091791 0.881809 4.170374
v 2.091958 0.544754 4.309987
v 2.091625 1.218864 4.030761
v 2.091919 0.623837 4.428344
v 2.091664 1.139778 3.912403
v 2.091860 0.742195 4.507429
v 2.091723 1.021420 3.833319
v 2.091792 0.881809 4.535199
v 2.091723 1.021420 4.507429
v 2.091664 1.139778 4.428345
v 2.091958 0.544754 4.030761
v 2.091625 1.218864 4.309987
v 2.091972 0.516983 4.170374
v 2.091611 1.246632 4.170374
v 2.091518 1.435890 4.170374
v 2.091539 1.393711 4.382411
v 2.091539 1.393711 3.958336
v 24.425095 1.446922 4.170374
v 24.425116 1.404747 4.382411
v 24.425116 1.404747 3.958336
v 24.883202 1.447147 4.170374
v 24.883223 1.404972 4.382411
v 24.883223 1.404972 3.958336
v 24.883263 1.325840 4.349634
v 24.883245 1.361496 4.170374
v 24.883263 1.325840 3.991113
v 24.883312 1.224297 3.839144
v 24.883284 1.284863 3.778579
v 24.883472 0.893066 4.170374
v 24.883564 0.713806 3.737601
v 24.883476 0.893066 3.701944
v 24.883640 0.561836 3.839144
v 24.883690 0.460293 3.991114
v 24.883707 0.424637 4.170374
v 24.883690 0.460293 4.349634
v 24.883640 0.561836 4.501604
v 24.883564 0.713806 4.603147
v 24.883476 0.893066 4.638803
v 24.883389 1.072327 4.603147
v 24.883312 1.224297 4.501604
v 24.883389 1.072327 3.737601
v 24.883371 1.105106 3.658469
v 24.883476 0.893066 3.616292
v 24.425264 1.104877 3.658469
v 24.883581 0.681030 3.658469
v 24.883669 0.501274 3.778579
v 24.425562 0.501045 3.778579
v 24.883730 0.381165 3.958336
v 24.425623 0.380936 3.958336
v 2.092045 0.369904 3.958336
v 2.092065 0.327728 4.170374
v 24.425644 0.338760 4.170374
v 2.092045 0.369904 4.382411
v 24.425623 0.380936 4.382411
v 24.883751 0.338985 4.170374
v 24.883730 0.381165 4.382411
v 24.883669 0.501274 4.562169
v 24.425562 0.501045 4.562169
v 24.883581 0.681030 4.682279
v 24.425474 0.680801 4.682279
v 2.091896 0.669769 4.682279
v 2.091792 0.881809 4.724455
v 24.425369 0.892841 4.724455
v 24.425264 1.104877 4.682279
v 24.883476 0.893066 4.724455
v 24.883371 1.105106 4.682279
v 24.883284 1.284863 4.562169
v 24.425177 1.284637 4.562169
v 2.091598 1.273602 4.562169
v 2.091687 1.093845 4.682279
v 2.091985 0.490013 4.562169
v 2.091985 0.490013 3.778579
v 24.425177 1.284637 3.778579
v 2.091598 1.273602 3.778579
v 1.447453 -0.676838 3.616292
v 1.297656 -0.826904 3.658469
v 1.597251 -0.526768 3.658469
v 17.253954 -16.454773 3.616297
v 17.403751 -16.304705 3.658475
v 1.447453 -0.676838 3.805548
v 1.546085 -0.578026 3.833319
v 1.724243 -0.399548 3.778579
v 1.629701 -0.494259 3.912403
v 1.447453 -0.676838 4.170374
v 1.209335 -0.915386 4.030761
v 1.685571 -0.438290 4.309987
v 1.189716 -0.935040 4.170374
v 1.705191 -0.418633 4.170374
v 1.209335 -0.915386 4.309987
v 1.685571 -0.438290 4.030761
v 1.265206 -0.859413 4.428344
v 1.348822 -0.775646 4.507429
v 1.447453 -0.676838 4.535199
v 1.348822 -0.775646 3.833319
v 1.546085 -0.578026 4.507429
v 1.265206 -0.859413 3.912403
v 1.629701 -0.494259 4.428345
v 1.724243 -0.399548 4.562169
v 1.597251 -0.526768 4.682279
v 1.809097 -0.314537 4.382411
v 17.403751 -16.304705 4.682283
v 17.530743 -16.177483 4.562174
v 17.615597 -16.092476 4.382416
v 17.854965 -16.501120 4.562174
v 17.727974 -16.628342 4.682283
v 17.939819 -16.416113 4.382416
v 17.704817 -16.651539 4.603150
v 17.812180 -16.543983 4.501609
v 17.578175 -16.778408 4.170378
v 17.883915 -16.472116 4.349640
v 17.909107 -16.446880 4.170378
v 17.969616 -16.386261 4.170378
v 17.645393 -16.062624 4.170378
v 17.939819 -16.416113 3.958340
v 17.883915 -16.472116 3.991119
v 17.615597 -16.092476 3.958340
v 1.809097 -0.314537 3.958336
v 17.530743 -16.177483 3.778584
v 17.854965 -16.501120 3.778584
v 17.727974 -16.628342 3.658475
v 17.812180 -16.543983 3.839149
v 17.704817 -16.651541 3.737605
v 17.578176 -16.778410 3.616297
v 17.578176 -16.778410 3.701948
v 17.428379 -16.928480 3.658475
v 17.451534 -16.905281 3.737605
v 17.344173 -17.012836 3.839149
v 17.301386 -17.055702 3.778584
v 17.272436 -17.084703 3.991119
v 17.216532 -17.140709 3.958340
v 17.247246 -17.109940 4.170378
v 17.186735 -17.170559 4.170378
v 16.892309 -16.817072 3.958340
v 16.862513 -16.846922 4.170378
v 17.216532 -17.140709 4.382416
v 17.272436 -17.084703 4.349640
v 16.892309 -16.817072 4.382416
v 1.085810 -1.039135 4.382411
v 1.170663 -0.954128 4.562169
v 16.977163 -16.732065 4.562174
v 1.297656 -0.826904 4.682279
v 17.104156 -16.604843 4.682283
v 17.301386 -17.055702 4.562174
v 17.428379 -16.928480 4.682283
v 17.344173 -17.012836 4.501609
v 17.451534 -16.905281 4.603150
v 17.578176 -16.778410 4.638807
v 17.578176 -16.778410 4.724460
v 17.253954 -16.454773 4.724460
v 1.447453 -0.676838 4.724455
v 1.056013 -1.068985 4.170374
v 1.085810 -1.039135 3.958336
v 1.170663 -0.954128 3.778579
v 16.977163 -16.732065 3.778584
v 17.104156 -16.604843 3.658475
v 1.838894 -0.284687 4.170374
v -0.138642 -1.323841 3.616292
v -0.350665 -1.321365 3.658469
v 0.073381 -1.326313 3.658469
v -0.399161 -23.655899 3.616300
v -0.611185 -23.653425 3.658476
v -0.187138 -23.658373 3.658476
v -0.138642 -1.323841 3.805548
v -0.278245 -1.322212 3.833319
v 0.000961 -1.325470 3.833319
v -0.138642 -1.323841 4.170374
v 0.000961 -1.325470 4.507429
v -0.396595 -1.320831 3.912403
v 0.119311 -1.326851 4.428344
v -0.475674 -1.319908 4.030761
v 0.198390 -1.327774 4.309987
v -0.503442 -1.319584 4.170374
v 0.226159 -1.328094 4.170374
v -0.475674 -1.319908 4.309987
v 0.198390 -1.327774 4.030761
v -0.396595 -1.320831 4.428344
v 0.119311 -1.326851 3.912403
v -0.278245 -1.322212 4.507429
v -0.138642 -1.323841 4.535199
v -0.138642 -1.323841 4.724455
v -0.350665 -1.321365 4.682279
v 0.073382 -1.326313 4.682279
v -0.611185 -23.653425 4.682285
v -0.399161 -23.655899 4.724462
v -0.187138 -23.658373 4.682285
v -0.616528 -24.111500 4.682285
v -0.404505 -24.113974 4.724462
v -0.192482 -24.116447 4.682285
v -0.404505 -24.113974 4.638812
v -0.404505 -24.113970 4.170381
v -0.583753 -24.111883 4.603153
v -0.225257 -24.116064 4.603153
v -0.073298 -24.117838 4.501611
v -0.012737 -24.118544 4.562176
v 0.028238 -24.119022 4.349641
v 0.107364 -24.119947 4.382419
v 0.112708 -23.661871 4.382419
v 0.149539 -24.120438 4.170381
v 0.063893 -24.119438 4.170381
v 0.154882 -23.662363 4.170381
v 0.415402 -1.330303 4.170374
v 0.112708 -23.661871 3.958343
v 0.373228 -1.329811 3.958336
v 0.253126 -1.328411 3.778579
v -0.007393 -23.660469 3.778586
v -0.012737 -24.118544 3.778586
v 0.107364 -24.119947 3.958343
v -0.192482 -24.116447 3.658476
v -0.073298 -24.117838 3.839151
v -0.225257 -24.116064 3.737608
v -0.404505 -24.113974 3.616300
v -0.404505 -24.113974 3.701951
v -0.583753 -24.111883 3.737608
v -0.616529 -24.111500 3.658476
v -0.735713 -24.110109 3.839151
v -0.796273 -24.109404 3.778586
v -0.837249 -24.108925 3.991121
v -0.916375 -24.108002 3.958343
v -0.911031 -23.649927 3.958343
v -0.958549 -24.107510 4.170381
v -0.953205 -23.649435 4.170381
v -0.916375 -24.108002 4.382419
v -0.872903 -24.108509 4.170381
v -0.837249 -24.108925 4.349641
v -0.911031 -23.649927 4.382419
v -0.692685 -1.317375 4.170374
v -0.650511 -1.317867 4.382411
v -0.790929 -23.651329 4.562176
v -0.530410 -1.319271 4.562169
v -0.796273 -24.109404 4.562176
v -0.735713 -24.110109 4.501611
v -0.650511 -1.317867 3.958336
v -0.530410 -1.319271 3.778579
v -0.790929 -23.651329 3.778586
v 0.028238 -24.119022 3.991120
v 0.373228 -1.329811 4.382411
v 0.253126 -1.328411 4.562169
v -0.007393 -23.660469 4.562176
v -1.638112 -0.711304 3.616292
v -1.791225 -0.564621 3.658470
v -1.484999 -0.857990 3.658469
v -17.088165 -16.838444 3.616297
v -17.241280 -16.691759 3.658475
v -16.935053 -16.985128 3.658475
v -1.638112 -0.711304 3.805548
v -1.738927 -0.614723 3.833319
v -1.537297 -0.807888 3.833319
v -1.638111 -0.711304 4.170374
v -1.738927 -0.614723 4.507429
v -1.638112 -0.711304 4.535199
v -1.537297 -0.807888 4.507429
v -1.824393 -0.532845 3.912403
v -1.451831 -0.889763 4.428345
v -1.881500 -0.478134 4.030761
v -1.394724 -0.944473 4.309987
v -1.901553 -0.458923 4.170374
v -1.374670 -0.963684 4.170374
v -1.881500 -0.478134 4.309987
v -1.394724 -0.944473 4.030761
v -1.824393 -0.532845 4.428345
v -1.451831 -0.889763 3.912403
v -1.355196 -0.982342 3.778579
v -1.268464 -1.065434 3.958336
v -16.718519 -17.192572 3.958340
v -16.805250 -17.109482 3.778584
v -17.122162 -17.440281 3.778585
v -17.035431 -17.523371 3.958340
v -17.251965 -17.315928 3.658475
v -17.165895 -17.398382 3.839150
v -17.405075 -17.169241 4.170378
v -17.092571 -17.468628 3.991119
v -17.275633 -17.293251 3.737605
v -17.405077 -17.169243 3.616297
v -17.405077 -17.169243 3.701948
v -17.534523 -17.045233 3.737605
v -17.558191 -17.022558 3.658475
v -17.644260 -16.940102 3.839149
v -17.687994 -16.898205 3.778584
v -17.371082 -16.567406 3.778584
v -17.774725 -16.815115 3.958340
v -17.457813 -16.484316 3.958340
v -2.007760 -0.357178 3.958336
v -17.488270 -16.455137 4.170378
v -2.038216 -0.327999 4.170374
v -2.007759 -0.357178 4.382412
v -17.457813 -16.484316 4.382416
v -17.805182 -16.785936 4.170378
v -17.774725 -16.815115 4.382416
v -17.717585 -16.869856 3.991119
v -17.743332 -16.845190 4.170378
v -17.717585 -16.869856 4.349640
v -17.644260 -16.940102 4.501609
v -17.558191 -17.022558 4.682283
v -17.687994 -16.898205 4.562174
v -17.534521 -17.045233 4.603150
v -17.405077 -17.169243 4.638807
v -17.405077 -17.169243 4.724460
v -17.241280 -16.691759 4.682283
v -17.088165 -16.838444 4.724460
v -17.251965 -17.315928 4.682283
v -16.935053 -16.985128 4.682283
v -17.122162 -17.440281 4.562174
v -17.275633 -17.293253 4.603150
v -16.805250 -17.109482 4.562174
v -1.484999 -0.857990 4.682279
v -1.355196 -0.982342 4.562169
v -16.718519 -17.192572 4.382416
v -1.268464 -1.065434 4.382411
v -1.238008 -1.094608 4.170374
v -16.688063 -17.221748 4.170378
v -17.004974 -17.552547 4.170378
v -17.035431 -17.523371 4.382416
v -17.066822 -17.493296 4.170378
v -17.092571 -17.468628 4.349640
v -17.165895 -17.398382 4.501609
v -1.638112 -0.711304 4.724455
v -1.791225 -0.564621 4.682279
v -1.921028 -0.440266 4.562169
v -17.371082 -16.567406 4.562174
v -1.921028 -0.440266 3.778579
v -2.317612 0.890404 3.616292
v -2.316681 1.102440 3.658470
v -2.318543 0.678368 3.658469
v -24.650978 0.988445 3.616292
v -24.650047 1.200481 3.658469
v -24.651909 0.776409 3.658469
v -2.317612 0.890404 3.805548
v -2.316999 1.030014 3.833319
v -2.318225 0.750793 3.833319
v -2.318744 0.632435 3.912403
v -2.317611 0.890404 4.170374
v -2.319091 0.553352 4.309987
v -2.316010 1.255226 4.170374
v -2.319213 0.525581 4.170374
v -2.316132 1.227455 4.309987
v -2.319091 0.553352 4.030761
v -2.316479 1.148373 4.428345
v -2.316999 1.030014 4.507429
v -2.317612 0.890404 4.535199
v -2.318225 0.750793 4.507429
v -2.316479 1.148373 3.912403
v -2.318744 0.632435 4.428345
v -2.316132 1.227455 4.030761
v -2.315364 1.402302 3.958336
v -24.649258 1.380238 3.778579
v -24.648731 1.500343 3.958336
v -2.315179 1.444481 4.170374
v -2.315892 1.282196 3.778579
v -24.648546 1.542522 4.170374
v -2.315365 1.402302 4.382412
v -24.648731 1.500343 4.382411
v -2.315892 1.282196 4.562169
v -2.316681 1.102440 4.682279
v -24.649258 1.380238 4.562169
v -24.650047 1.200481 4.682279
v -25.108149 1.202492 4.682279
v -24.650978 0.988445 4.724455
v -2.317612 0.890404 4.724455
v -25.107359 1.382248 4.562169
v -25.106833 1.502357 4.382411
v -25.107626 1.321682 4.501604
v -25.108292 1.169716 4.603147
v -25.109076 0.990456 4.170374
v -25.107180 1.423225 4.349634
v -25.106647 1.544533 4.170374
v -25.107023 1.458881 4.170374
v -25.107180 1.423225 3.991114
v -25.107626 1.321682 3.839144
v -25.107359 1.382248 3.778579
v -25.106833 1.502357 3.958336
v -25.108292 1.169716 3.737601
v -25.108149 1.202492 3.658469
v -25.109079 0.990456 3.616292
v -25.109079 0.990456 3.701944
v -25.109867 0.811199 3.737601
v -25.110533 0.659229 3.839144
v -25.110010 0.778419 3.658469
v -25.110800 0.598667 3.778579
v -24.652699 0.596657 3.778579
v -24.653225 0.476547 3.958336
v -25.111326 0.478558 3.958336
v -2.319332 0.498611 3.778579
v -2.319859 0.378506 3.958336
v -2.320044 0.336327 4.170374
v -24.653410 0.434368 4.170374
v -24.653225 0.476547 4.382411
v -25.111326 0.478558 4.382411
v -25.111511 0.436382 4.170374
v -25.111135 0.522030 4.170374
v -25.110979 0.557690 4.349634
v -25.110979 0.557690 3.991113
v -25.110533 0.659229 4.501604
v -25.110800 0.598667 4.562169
v -25.109867 0.811199 4.603147
v -25.110010 0.778419 4.682279
v -25.109079 0.990456 4.724455
v -25.109079 0.990456 4.638803
v -24.651909 0.776409 4.682279
v -2.318543 0.678368 4.682279
v -24.652699 0.596653 4.562169
v -2.319332 0.498611 4.562169
v -2.319859 0.378506 4.382411
v -1.656396 2.455029 3.616292
v -1.504988 2.603474 3.658470
v -1.807804 2.306583 3.658469
v -17.291718 18.402615 3.616290
v -17.443125 18.254173 3.658467
v -1.656396 2.455029 3.805549
v -1.556704 2.552769 3.833319
v -1.756088 2.357288 3.833319
v -1.840603 2.274429 3.912403
v -1.656395 2.455029 4.170374
v -1.415717 2.690994 4.030761
v -1.897074 2.219063 4.309987
v -1.395887 2.710438 4.170374
v -1.916904 2.199619 4.170374
v -1.415717 2.690994 4.309987
v -1.897074 2.219063 4.030761
v -1.472189 2.635628 4.428345
v -1.556704 2.552769 4.507429
v -1.656396 2.455029 4.535200
v -1.756088 2.357288 4.507429
v -1.472189 2.635628 3.912404
v -1.840603 2.274429 4.428345
v -1.807804 2.306583 4.682279
v -1.936162 2.180740 4.562169
v -17.571484 18.128326 4.562167
v -2.021928 2.096653 4.382412
v -2.052045 2.067127 4.170374
v -17.657249 18.044243 4.382409
v -17.687366 18.014713 4.170371
v -17.657249 18.044243 3.958332
v -18.008078 18.341831 4.170371
v -17.977961 18.371361 4.382409
v -17.977961 18.371361 3.958332
v -17.946917 18.401794 4.170371
v -17.921455 18.426758 4.349633
v -17.921455 18.426758 3.991111
v -17.612427 18.729729 4.170371
v -17.484425 18.855232 3.737597
v -17.612429 18.729733 3.701940
v -17.375910 18.961620 3.839141
v -17.303400 19.032707 3.991111
v -17.277939 19.057671 4.170371
v -17.303400 19.032707 4.349633
v -17.375910 18.961620 4.501602
v -17.484425 18.855232 4.603146
v -17.612429 18.729733 4.638802
v -17.740431 18.604237 4.603146
v -17.848948 18.497845 4.501602
v -17.848948 18.497845 3.839141
v -17.740431 18.604237 3.737597
v -17.892195 18.455444 3.778576
v -17.763836 18.581291 3.658467
v -17.612429 18.729733 3.616290
v -17.461020 18.878178 3.658467
v -17.332663 19.004021 3.778577
v -17.140308 18.551060 3.658467
v -17.011951 18.676903 3.778577
v -1.376630 2.729317 3.778579
v -1.290864 2.813404 3.958336
v -16.926186 18.760990 3.958332
v -16.896069 18.790520 4.170371
v -17.246897 19.088108 3.958332
v -17.216780 19.117638 4.170371
v -17.246897 19.088108 4.382409
v -16.926186 18.760990 4.382409
v -17.332663 19.004021 4.562167
v -17.011951 18.676903 4.562167
v -1.376630 2.729317 4.562169
v -17.140308 18.551056 4.682277
v -17.461020 18.878174 4.682277
v -17.612429 18.729733 4.724452
v -17.291718 18.402615 4.724452
v -1.656396 2.455029 4.724456
v -17.443125 18.254173 4.682277
v -17.763836 18.581291 4.682277
v -17.892195 18.455444 4.562167
v -1.504988 2.603474 4.682279
v -1.290864 2.813404 4.382412
v -1.260747 2.842930 4.170374
v -17.571484 18.128326 3.778576
v -1.936162 2.180740 3.778579
v -2.021928 2.096653 3.958336
v -0.113660 3.085433 -4.978269
v 0.098378 3.085505 -4.936091
v -0.325697 3.085361 -4.936091
v -0.121185 25.419014 -4.978276
v 0.090853 25.419083 -4.936099
v -0.333223 25.418941 -4.936099
v -0.113660 3.085433 -4.789012
v 0.025953 3.085479 -4.761242
v -0.253272 3.085387 -4.761242
v -0.371630 3.085346 -4.682158
v -0.113660 3.085434 -4.424187
v -0.253272 3.085388 -4.087132
v 0.144311 3.085522 -4.682158
v -0.371630 3.085346 -4.166216
v 0.223395 3.085548 -4.563800
v -0.450715 3.085320 -4.284575
v 0.251166 3.085556 -4.424187
v -0.478485 3.085312 -4.424187
v 0.223395 3.085548 -4.284575
v -0.450715 3.085320 -4.563800
v 0.144311 3.085522 -4.166216
v 0.025953 3.085480 -4.087132
v -0.113660 3.085434 -4.059361
v 0.098378 3.085506 -3.912282
v -0.113660 3.085434 -3.870105
v -0.325698 3.085361 -3.912282
v 0.090853 25.419083 -3.912290
v -0.121185 25.419014 -3.870113
v -0.333223 25.418941 -3.912290
v -0.512980 25.418880 -4.032400
v -0.333377 25.877048 -3.912290
v -0.505454 3.085300 -4.032393
v -0.625564 3.085262 -4.212150
v -0.667741 3.085247 -4.424187
v -0.633090 25.418839 -4.212157
v -0.675266 25.418823 -4.424195
v -0.513134 25.876987 -4.032400
v -0.633244 25.876945 -4.212157
v -0.675421 25.876930 -4.424195
v -0.554112 25.876976 -4.244934
v -0.589770 25.876961 -4.424195
v -0.121339 25.877113 -4.424195
v -0.554112 25.876976 -4.603455
v -0.633244 25.876945 -4.636233
v -0.452569 25.877007 -4.755425
v -0.513134 25.876987 -4.815990
v -0.300600 25.877060 -4.856968
v -0.121340 25.877121 -4.892625
v -0.333377 25.877048 -4.936099
v -0.121340 25.877121 -4.978276
v 0.090698 25.877190 -4.936099
v 0.270610 25.419144 -4.815990
v 0.270455 25.877251 -4.815990
v 0.057921 25.877182 -4.856968
v 0.209891 25.877232 -4.755425
v 0.311433 25.877266 -4.603455
v 0.390565 25.877289 -4.636233
v 0.390719 25.419182 -4.636233
v 0.432742 25.877304 -4.424195
v 0.432896 25.419197 -4.424195
v 0.440422 3.085621 -4.424187
v 0.398245 3.085606 -4.212150
v 0.390719 25.419182 -4.212157
v 0.278135 3.085567 -4.032393
v 0.270610 25.419144 -4.032400
v 0.390565 25.877289 -4.212157
v 0.270455 25.877251 -4.032400
v 0.347090 25.877277 -4.424195
v 0.311433 25.877266 -4.244934
v 0.209891 25.877232 -4.092965
v 0.057921 25.877182 -3.991422
v 0.090698 25.877190 -3.912290
v -0.121339 25.877121 -3.955765
v -0.121339 25.877121 -3.870113
v -0.300600 25.877060 -3.991422
v -0.452569 25.877007 -4.092965
v 0.398245 3.085606 -4.636225
v 0.278135 3.085567 -4.815982
v -0.512980 25.418880 -4.815990
v -0.633090 25.418839 -4.636233
v -0.505454 3.085299 -4.815982
v -0.625564 3.085262 -4.636225
v 2.091792 0.881809 -4.978268
v 2.091896 0.669769 -4.936091
v 2.091687 1.093845 -4.936091
v 24.425369 0.892841 -4.978268
v 24.425474 0.680801 -4.936091
v 24.425264 1.104877 -4.936091
v 2.091792 0.881809 -4.789012
v 2.091860 0.742195 -4.761241
v 2.091919 0.623837 -4.682157
v 2.091791 0.881809 -4.424186
v 2.091958 0.544754 -4.284574
v 2.091625 1.218864 -4.563799
v 2.091919 0.623837 -4.166216
v 2.091664 1.139778 -4.682158
v 2.091860 0.742195 -4.087132
v 2.091723 1.021420 -4.761241
v 2.091792 0.881809 -4.059361
v 2.091723 1.021420 -4.087131
v 2.091664 1.139778 -4.166216
v 2.091958 0.544754 -4.563799
v 2.091625 1.218864 -4.284575
v 2.091972 0.516983 -4.424186
v 2.091611 1.246632 -4.424186
v 2.091518 1.435890 -4.424186
v 2.091539 1.393711 -4.212149
v 2.091539 1.393711 -4.636224
v 24.425116 1.404747 -4.212149
v 24.425095 1.446922 -4.424186
v 24.425116 1.404747 -4.636224
v 24.883202 1.447147 -4.424186
v 24.883223 1.404972 -4.212149
v 24.883223 1.404972 -4.636224
v 24.883263 1.325840 -4.244926
v 24.883245 1.361496 -4.424186
v 24.883263 1.325840 -4.603447
v 24.883312 1.224297 -4.755416
v 24.883284 1.284863 -4.815981
v 24.883472 0.893066 -4.424186
v 24.883564 0.713806 -4.856959
v 24.883476 0.893066 -4.892616
v 24.883640 0.561836 -4.755416
v 24.883690 0.460293 -4.603447
v 24.883707 0.424637 -4.424186
v 24.883690 0.460293 -4.244926
v 24.883640 0.561836 -4.092956
v 24.883564 0.713806 -3.991413
v 24.883476 0.893066 -3.955756
v 24.883389 1.072327 -3.991413
v 24.883312 1.224297 -4.092956
v 24.883389 1.072327 -4.856959
v 24.883371 1.105106 -4.936091
v 24.883476 0.893066 -4.978268
v 24.883581 0.681030 -4.936091
v 24.883669 0.501274 -4.815981
v 24.883730 0.381165 -4.636224
v 24.425562 0.501045 -4.815981
v 24.425623 0.380936 -4.636224
v 2.091985 0.490013 -4.815981
v 2.092045 0.369904 -4.636224
v 2.092065 0.327728 -4.424186
v 24.425644 0.338760 -4.424186
v 2.092045 0.369904 -4.212149
v 24.883751 0.338985 -4.424186
v 24.883730 0.381165 -4.212149
v 24.425623 0.380936 -4.212149
v 2.091985 0.490013 -4.032392
v 24.425562 0.501045 -4.032392
v 24.883669 0.501274 -4.032392
v 24.883581 0.681030 -3.912282
v 24.425474 0.680801 -3.912282
v 2.091896 0.669769 -3.912282
v 2.091792 0.881809 -3.870105
v 24.425369 0.892841 -3.870105
v 2.091687 1.093845 -3.912282
v 24.883476 0.893066 -3.870105
v 24.425264 1.104877 -3.912282
v 24.425177 1.284637 -4.032391
v 24.883371 1.105106 -3.912282
v 2.091598 1.273602 -4.032391
v 24.883284 1.284863 -4.032391
v 24.425177 1.284637 -4.815981
v 2.091598 1.273602 -4.815981
v 1.447453 -0.676838 -4.978268
v 1.297656 -0.826904 -4.936091
v 1.597251 -0.526768 -4.936091
v 17.253954 -16.454773 -4.978262
v 17.403751 -16.304705 -4.936087
v 1.447453 -0.676838 -4.789012
v 1.348822 -0.775646 -4.761242
v 1.546085 -0.578026 -4.761242
v 1.629701 -0.494259 -4.682158
v 1.724243 -0.399548 -4.815982
v 1.447453 -0.676838 -4.424187
v 1.685571 -0.438290 -4.284574
v 1.209335 -0.915386 -4.563800
v 1.705191 -0.418633 -4.424187
v 1.189716 -0.935040 -4.424187
v 1.685571 -0.438290 -4.563800
v 1.209335 -0.915386 -4.284574
v 1.265206 -0.859413 -4.166216
v 1.348822 -0.775646 -4.087132
v 1.447453 -0.676838 -4.059361
v 1.546085 -0.578026 -4.087132
v 1.265206 -0.859413 -4.682157
v 1.629701 -0.494259 -4.166216
v 1.809097 -0.314537 -4.212149
v 1.724243 -0.399548 -4.032392
v 1.597251 -0.526768 -3.912282
v 17.403751 -16.304705 -3.912278
v 17.530743 -16.177483 -4.032388
v 17.615597 -16.092476 -4.212144
v 17.854965 -16.501120 -4.032388
v 17.727974 -16.628342 -3.912278
v 17.939819 -16.416113 -4.212144
v 17.812180 -16.543983 -4.092953
v 17.578175 -16.778408 -4.424181
v 17.704817 -16.651539 -3.991410
v 17.883915 -16.472116 -4.244922
v 17.909107 -16.446880 -4.424181
v 17.969616 -16.386261 -4.424181
v 17.645393 -16.062624 -4.424181
v 17.939819 -16.416113 -4.636220
v 17.883915 -16.472116 -4.603443
v 17.615597 -16.092476 -4.636220
v 1.809097 -0.314537 -4.636225
v 17.530743 -16.177483 -4.815978
v 17.854965 -16.501120 -4.815978
v 17.727974 -16.628342 -4.936087
v 17.812180 -16.543983 -4.755413
v 17.704817 -16.651541 -4.856955
v 17.578176 -16.778410 -4.978262
v 17.578176 -16.778410 -4.892612
v 17.451534 -16.905281 -4.856955
v 17.428379 -16.928480 -4.936087
v 17.344173 -17.012836 -4.755413
v 17.301386 -17.055702 -4.815978
v 17.272436 -17.084703 -4.603443
v 17.216532 -17.140709 -4.636220
v 17.247246 -17.109940 -4.424181
v 17.186735 -17.170559 -4.424181
v 16.892309 -16.817072 -4.636220
v 16.862513 -16.846922 -4.424181
v 17.216532 -17.140709 -4.212144
v 16.892309 -16.817072 -4.212144
v 1.085810 -1.039135 -4.212149
v 16.977163 -16.732065 -4.032388
v 1.170663 -0.954128 -4.032392
v 1.297656 -0.826904 -3.912282
v 17.104156 -16.604843 -3.912278
v 17.301386 -17.055702 -4.032388
v 17.428379 -16.928480 -3.912278
v 17.272436 -17.084703 -4.244922
v 17.344173 -17.012836 -4.092953
v 17.451534 -16.905281 -3.991410
v 17.578176 -16.778410 -3.955753
v 17.578176 -16.778410 -3.870101
v 17.253954 -16.454773 -3.870101
v 1.447453 -0.676838 -3.870105
v 1.056013 -1.068985 -4.424187
v 1.085810 -1.039135 -4.636225
v 1.170663 -0.954128 -4.815982
v 16.977163 -16.732065 -4.815978
v 17.104156 -16.604843 -4.936087
v 1.838894 -0.284687 -4.424187
v -0.138642 -1.323841 -4.978268
v -0.350665 -1.321365 -4.936091
v 0.073381 -1.326313 -4.936091
v -0.399161 -23.655901 -4.978261
v -0.611185 -23.653427 -4.936085
v -0.187138 -23.658375 -4.936085
v -0.138642 -1.323841 -4.789012
v -0.278245 -1.322212 -4.761241
v 0.000961 -1.325470 -4.761241
v -0.138642 -1.323841 -4.424186
v 0.000961 -1.325470 -4.087132
v -0.396595 -1.320831 -4.682157
v 0.119311 -1.326851 -4.166216
v -0.475674 -1.319908 -4.563799
v 0.198390 -1.327774 -4.284574
v -0.503442 -1.319584 -4.424186
v 0.226159 -1.328094 -4.424186
v -0.475674 -1.319908 -4.284574
v 0.198390 -1.327774 -4.563799
v -0.396595 -1.320831 -4.166216
v 0.119311 -1.326851 -4.682157
v -0.278245 -1.322212 -4.087132
v -0.138642 -1.323841 -4.059361
v -0.350665 -1.321365 -3.912282
v -0.138642 -1.323841 -3.870105
v 0.073382 -1.326313 -3.912282
v -0.611185 -23.653427 -3.912275
v -0.399161 -23.655901 -3.870098
v -0.187138 -23.658375 -3.912275
v -0.616528 -24.111502 -3.912275
v -0.404505 -24.113976 -3.870098
v -0.192482 -24.116449 -3.912275
v -0.583753 -24.111885 -3.991406
v -0.404505 -24.113976 -3.955749
v -0.225257 -24.116066 -3.991406
v -0.404505 -24.113972 -4.424179
v -0.073298 -24.117840 -4.092949
v -0.012737 -24.118546 -4.032385
v 0.028238 -24.119024 -4.244920
v 0.063893 -24.119440 -4.424179
v 0.107364 -24.119949 -4.212142
v 0.149539 -24.120440 -4.424179
v 0.154882 -23.662365 -4.424179
v 0.112708 -23.661873 -4.212142
v 0.415402 -1.330303 -4.424186
v 0.373228 -1.329811 -4.212149
v -0.007393 -23.660471 -4.032384
v 0.253126 -1.328411 -4.032392
v 0.373228 -1.329811 -4.636224
v 0.253126 -1.328411 -4.815981
v 0.112708 -23.661873 -4.636217
v 0.107364 -24.119949 -4.636217
v -0.012737 -24.118546 -4.815974
v -0.007393 -23.660471 -4.815974
v 0.028238 -24.119024 -4.603440
v -0.192482 -24.116449 -4.936085
v -0.073298 -24.117840 -4.755409
v -0.225257 -24.116066 -4.856952
v -0.404505 -24.113976 -4.892609
v -0.404505 -24.113976 -4.978261
v -0.583753 -24.111885 -4.856952
v -0.796273 -24.109406 -4.815974
v -0.616529 -24.111502 -4.936085
v -0.735713 -24.110111 -4.755409
v -0.837249 -24.108927 -4.603440
v -0.916375 -24.108004 -4.636217
v -0.872903 -24.108511 -4.424179
v -0.958549 -24.107512 -4.424179
v -0.911031 -23.649929 -4.636217
v -0.953205 -23.649437 -4.424179
v -0.916375 -24.108004 -4.212141
v -0.837249 -24.108927 -4.244920
v -0.911031 -23.649929 -4.212141
v -0.650511 -1.317867 -4.212149
v -0.530410 -1.319271 -4.032392
v -0.790929 -23.651331 -4.032385
v -0.796273 -24.109406 -4.032385
v -0.735713 -24.110111 -4.092949
v -0.692685 -1.317375 -4.424186
v -0.650511 -1.317867 -4.636224
v -0.530410 -1.319271 -4.815981
v -0.790929 -23.651331 -4.815974
v -1.638112 -0.711304 -4.978268
v -1.791225 -0.564621 -4.936091
v -1.484999 -0.857990 -4.936091
v -17.088165 -16.838444 -4.978262
v -1.638112 -0.711304 -4.789012
v -1.738927 -0.614723 -4.761241
v -1.537297 -0.807888 -4.761241
v -1.638111 -0.711304 -4.424186
v -1.738927 -0.614723 -4.087131
v -1.638112 -0.711304 -4.059361
v -1.537297 -0.807888 -4.087131
v -1.824393 -0.532845 -4.682157
v -1.451831 -0.889763 -4.166216
v -1.881500 -0.478134 -4.563799
v -1.394724 -0.944473 -4.284574
v -1.901553 -0.458923 -4.424186
v -1.374670 -0.963684 -4.424186
v -1.881500 -0.478134 -4.284574
v -1.394724 -0.944473 -4.563799
v -1.824393 -0.532845 -4.166216
v -1.451831 -0.889763 -4.682157
v -1.355196 -0.982342 -4.815981
v -1.268464 -1.065434 -4.636224
v -16.718519 -17.192572 -4.636219
v -16.805250 -17.109482 -4.815977
v -17.035431 -17.523371 -4.636219
v -17.122162 -17.440281 -4.815977
v -16.935053 -16.985128 -4.936087
v -17.405077 -17.169243 -4.978262
v -17.251965 -17.315928 -4.936087
v -17.405077 -17.169243 -4.892611
v -17.165895 -17.398382 -4.755413
v -17.275633 -17.293251 -4.856955
v -17.405075 -17.169241 -4.424181
v -17.534523 -17.045233 -4.856955
v -17.644260 -16.940102 -4.755412
v -17.717585 -16.869856 -4.603443
v -17.743332 -16.845190 -4.424181
v -17.717585 -16.869856 -4.244922
v -17.644260 -16.940102 -4.092952
v -17.534521 -17.045233 -3.991409
v -17.405077 -17.169243 -3.955752
v -17.275633 -17.293253 -3.991409
v -17.165895 -17.398382 -4.092952
v -17.092571 -17.468628 -4.244922
v -17.066822 -17.493296 -4.424181
v -17.092571 -17.468628 -4.603443
v -17.035431 -17.523371 -4.212144
v -17.004974 -17.552547 -4.424181
v -16.718519 -17.192572 -4.212144
v -16.688063 -17.221748 -4.424181
v -1.238008 -1.094608 -4.424186
v -1.268464 -1.065434 -4.212149
v -1.355196 -0.982342 -4.032392
v -16.805250 -17.109482 -4.032388
v -16.935053 -16.985128 -3.912278
v -17.122162 -17.440281 -4.032388
v -17.251965 -17.315928 -3.912278
v -17.405077 -17.169243 -3.870101
v -17.558191 -17.022558 -3.912278
v -17.241280 -16.691759 -3.912278
v -17.088165 -16.838444 -3.870101
v -1.638112 -0.711304 -3.870105
v -1.484999 -0.857990 -3.912282
v -1.791225 -0.564621 -3.912282
v -1.921028 -0.440266 -4.032392
v -17.371082 -16.567406 -4.032388
v -2.007759 -0.357178 -4.212148
v -17.457813 -16.484316 -4.212142
v -17.774725 -16.815115 -4.212142
v -17.687994 -16.898205 -4.032388
v -17.805182 -16.785936 -4.424181
v -17.457813 -16.484316 -4.636219
v -17.774725 -16.815115 -4.636219
v -17.488270 -16.455137 -4.424181
v -2.007760 -0.357178 -4.636224
v -2.038216 -0.327999 -4.424186
v -1.921028 -0.440266 -4.815981
v -17.371082 -16.567406 -4.815977
v -17.241280 -16.691759 -4.936087
v -17.687994 -16.898205 -4.815977
v -17.558191 -17.022558 -4.936087
v -2.317612 0.890404 -4.978268
v -2.316681 1.102440 -4.936091
v -2.318543 0.678368 -4.936091
v -24.650978 0.988445 -4.978268
v -24.651909 0.776409 -4.936091
v -2.317612 0.890404 -4.789012
v -2.318225 0.750793 -4.761241
v -2.318744 0.632435 -4.682157
v -2.317611 0.890404 -4.424186
v -2.316132 1.227455 -4.284575
v -2.319091 0.553352 -4.563799
v -2.316479 1.148373 -4.166216
v -2.316999 1.030014 -4.087131
v -2.317612 0.890404 -4.059361
v -2.316999 1.030014 -4.761241
v -2.318225 0.750793 -4.087131
v -2.316479 1.148373 -4.682158
v -2.318744 0.632435 -4.166216
v -2.316132 1.227455 -4.563799
v -2.319091 0.553352 -4.284574
v -2.316010 1.255226 -4.424186
v -2.319213 0.525581 -4.424186
v -2.319859 0.378506 -4.636224
v -2.319859 0.378506 -4.212149
v -2.320044 0.336327 -4.424186
v -24.653225 0.476547 -4.212149
v -24.653410 0.434368 -4.424186
v -24.653225 0.476547 -4.636224
v -25.111326 0.478558 -4.212149
v -25.111511 0.436382 -4.424186
v -25.111326 0.478558 -4.636224
v -25.111135 0.522030 -4.424186
v -25.109076 0.990456 -4.424186
v -25.110979 0.557690 -4.244926
v -25.110979 0.557690 -4.603447
v -25.110533 0.659229 -4.755417
v -25.110800 0.598667 -4.815981
v -24.652699 0.596657 -4.815981
v -25.110010 0.778419 -4.936091
v -25.109867 0.811199 -4.856959
v -25.109079 0.990456 -4.978268
v -25.108149 1.202492 -4.936091
v -25.109079 0.990456 -4.892616
v -25.108292 1.169716 -4.856959
v -25.107626 1.321682 -4.755416
v -25.107359 1.382248 -4.815981
v -24.650047 1.200481 -4.936091
v -24.649258 1.380238 -4.815981
v -25.106833 1.502357 -4.636224
v -24.648731 1.500343 -4.636224
v -2.315364 1.402302 -4.636224
v -2.315179 1.444481 -4.424186
v -24.648546 1.542522 -4.424186
v -2.315365 1.402302 -4.212148
v -24.648731 1.500343 -4.212148
v -25.106647 1.544533 -4.424186
v -25.106833 1.502357 -4.212148
v -25.107023 1.458881 -4.424186
v -25.107180 1.423225 -4.244926
v -25.107626 1.321682 -4.092956
v -25.107359 1.382248 -4.032393
v -25.108292 1.169716 -3.991413
v -25.108149 1.202492 -3.912282
v -24.650047 1.200481 -3.912282
v -25.109079 0.990456 -3.870105
v -25.109079 0.990456 -3.955756
v -24.650978 0.988445 -3.870105
v -2.317612 0.890404 -3.870105
v -2.318543 0.678368 -3.912282
v -24.651909 0.776409 -3.912282
v -24.652699 0.596653 -4.032392
v -25.110010 0.778419 -3.912282
v -2.319332 0.498611 -4.032392
v -25.110800 0.598667 -4.032392
v -25.109867 0.811199 -3.991413
v -25.110533 0.659229 -4.092956
v -2.316681 1.102440 -3.912282
v -2.315892 1.282196 -4.032393
v -24.649258 1.380238 -4.032393
v -25.107180 1.423225 -4.603447
v -2.315892 1.282196 -4.815981
v -2.319332 0.498611 -4.815981
v -0.113660 3.085434 3.616292
v 0.098378 3.085506 3.658469
v -0.325697 3.085361 3.658469
v -0.121185 25.419014 3.616284
v 0.090853 25.419083 3.658461
v -0.333223 25.418941 3.658461
v -0.113660 3.085434 3.805548
v 0.025953 3.085480 3.833319
v -0.253272 3.085388 3.833319
v -0.113660 3.085434 4.170374
v -0.253272 3.085388 4.507429
v 0.144311 3.085522 3.912403
v -0.371630 3.085346 4.428345
v 0.223395 3.085548 4.030761
v -0.450715 3.085320 4.309987
v 0.251166 3.085556 4.170374
v -0.478485 3.085312 4.170374
v 0.223395 3.085548 4.309987
v -0.450715 3.085320 4.030761
v 0.144311 3.085522 4.428344
v -0.371630 3.085346 3.912403
v 0.025953 3.085480 4.507429
v -0.113660 3.085434 4.535199
v -0.113660 3.085434 4.724455
v 0.098378 3.085506 4.682279
v -0.325698 3.085361 4.682279
v 0.090853 25.419083 4.682271
v -0.121185 25.419014 4.724447
v -0.333223 25.418941 4.682271
v -0.512980 25.418880 4.562161
v -0.333377 25.877048 4.682271
v -0.505454 3.085300 4.562169
v -0.625564 3.085262 4.382411
v -0.667741 3.085247 4.170374
v -0.633090 25.418839 4.382403
v -0.675266 25.418823 4.170366
v -0.513134 25.876987 4.562161
v -0.633244 25.876945 4.382403
v -0.675421 25.876930 4.170366
v -0.554112 25.876976 4.349626
v -0.589770 25.876961 4.170366
v -0.121339 25.877113 4.170366
v -0.554112 25.876976 3.991105
v -0.633244 25.876945 3.958328
v -0.633090 25.418839 3.958328
v -0.513134 25.876987 3.778571
v -0.512980 25.418880 3.778571
v -0.505454 3.085300 3.778579
v -0.625564 3.085262 3.958336
v -0.300600 25.877060 3.737593
v -0.333377 25.877048 3.658461
v -0.452569 25.877007 3.839136
v -0.121340 25.877121 3.616284
v -0.121340 25.877121 3.701936
v 0.090698 25.877190 3.658461
v 0.057921 25.877182 3.737593
v 0.270455 25.877251 3.778571
v 0.209891 25.877232 3.839136
v 0.311433 25.877266 3.991106
v 0.390565 25.877289 3.958328
v 0.270610 25.419144 3.778571
v 0.390719 25.419182 3.958328
v 0.432742 25.877304 4.170366
v 0.432896 25.419197 4.170366
v 0.440422 3.085621 4.170374
v 0.398245 3.085606 4.382411
v 0.390719 25.419182 4.382403
v 0.278135 3.085567 4.562169
v 0.270610 25.419144 4.562161
v 0.390565 25.877289 4.382403
v 0.270455 25.877251 4.562161
v 0.347090 25.877277 4.170366
v 0.311433 25.877266 4.349626
v 0.209891 25.877232 4.501596
v 0.057921 25.877182 4.603139
v -0.121339 25.877121 4.638796
v 0.090698 25.877190 4.682271
v -0.121339 25.877121 4.724447
v -0.300600 25.877060 4.603139
v -0.452569 25.877007 4.501596
v 0.398245 3.085606 3.958336
v 0.278135 3.085567 3.778579
v 18.225170 8.168224 2.204130
v 23.469671 10.252369 2.204128
v 18.310146 7.954388 2.249897
v 18.140194 8.382057 2.249897
v 23.384695 10.466202 2.249897
v 23.312654 10.647484 2.380239
v 18.020018 8.684464 2.575311
v 23.264519 10.768612 2.575309
v 18.068153 8.563339 2.380239
v 23.312654 10.647484 3.230580
v 23.247616 10.811146 2.805409
v 23.626688 9.857254 2.380239
v 23.554647 10.038536 2.249897
v 18.382187 7.773109 2.380239
v 18.430323 7.651981 2.575313
v 23.691727 9.693596 2.805409
v 23.626688 9.857254 3.230580
v 23.674824 9.736130 2.575309
v 18.430323 7.651981 3.035511
v 23.674824 9.736130 3.035510
v 18.382187 7.773109 3.230582
v 18.310146 7.954390 3.360922
v 23.554647 10.038536 3.360921
v 23.469671 10.252369 3.406691
v 18.140194 8.382057 3.360923
v 18.225170 8.168224 3.406692
v 23.384695 10.466206 3.360922
v 18.068153 8.563339 3.230581
v 18.020018 8.684464 3.035511
v 23.264519 10.768612 3.035510
v 18.003115 8.726997 2.805410
v 18.447226 7.609447 2.805412
v 17.987635 -6.978222 2.204130
v 23.164204 -9.225798 2.204132
v 17.895994 -7.189285 2.249902
v 18.079275 -6.767157 2.249902
v 23.255844 -9.014732 2.249901
v 18.156965 -6.588224 2.380241
v 23.333534 -8.835800 2.380243
v 22.994873 -9.615795 2.380244
v 23.403671 -8.674259 2.805413
v 23.385443 -8.716244 2.575313
v 23.333534 -8.835800 3.230583
v 23.164204 -9.225798 3.406695
v 23.255844 -9.014732 3.360925
v 18.156965 -6.588223 3.230583
v 22.994873 -9.615795 3.230585
v 23.385443 -8.716244 3.035514
v 18.208874 -6.468666 3.035513
v 18.227102 -6.426683 2.805413
v 18.208874 -6.468666 2.575312
v 18.079275 -6.767157 3.360924
v 17.895994 -7.189283 3.360924
v 17.766396 -7.487778 3.035513
v 17.818304 -7.368217 3.230583
v 17.766396 -7.487778 2.575312
v 23.072563 -9.436863 3.360925
v 17.987635 -6.978220 3.406694
v 17.818304 -7.368217 2.380244
v 22.942965 -9.735352 2.575314
v 17.748167 -7.529760 2.805413
v 22.924736 -9.777336 2.805415
v 22.942965 -9.735352 3.035515
v 23.072563 -9.436863 2.249902
v 7.258029 -17.423983 2.204132
v 9.366043 -22.658936 2.204135
v 7.044584 -17.509933 2.249903
v 9.152597 -22.744884 2.249905
v 7.471474 -17.338032 2.249903
v 9.579488 -22.572985 2.249905
v 9.760438 -22.500120 2.380246
v 9.923802 -22.434338 2.805417
v 7.773332 -17.216480 2.575313
v 9.881345 -22.451433 2.575316
v 7.652424 -17.265167 2.380244
v 8.971648 -22.817751 2.380247
v 9.760438 -22.500118 3.230587
v 9.366043 -22.658934 3.406699
v 9.579488 -22.572983 3.360929
v 7.652425 -17.265167 3.230584
v 8.971648 -22.817749 3.230587
v 9.881346 -22.451431 3.035518
v 7.773332 -17.216480 3.035516
v 7.815789 -17.199385 2.805414
v 7.471475 -17.338032 3.360926
v 7.044584 -17.509933 3.360926
v 6.742727 -17.631485 3.035517
v 6.863634 -17.582798 3.230584
v 6.742727 -17.631485 2.575313
v 9.152598 -22.744884 3.360929
v 7.258029 -17.423983 3.406698
v 6.863634 -17.582798 2.380245
v 6.700270 -17.648581 2.805414
v 8.808284 -22.883533 2.805417
v 8.850740 -22.866438 2.575316
v 8.850741 -22.866436 3.035518
v -7.692899 -17.338415 2.204132
v -9.860694 -22.548897 2.204135
v -7.905347 -17.250027 2.249903
v -10.073141 -22.460508 2.249905
v -7.480452 -17.426802 2.249903
v -9.648247 -22.637283 2.249905
v -7.300348 -17.501734 2.380245
v -9.468143 -22.712215 2.380246
v -9.305542 -22.779865 2.805417
v -9.347800 -22.762283 2.575316
v -9.468143 -22.712215 3.230587
v -10.253245 -22.385578 2.380247
v -8.085451 -17.175097 2.380244
v -8.205793 -17.125029 2.575313
v -10.373588 -22.335510 2.575316
v -10.415846 -22.317928 2.805417
v -10.253245 -22.385576 3.230587
v -10.373588 -22.335508 3.035518
v -8.085451 -17.175097 3.230584
v -9.860694 -22.548895 3.406699
v -10.073141 -22.460506 3.360929
v -7.905346 -17.250027 3.360926
v -7.692899 -17.338415 3.406697
v -7.480452 -17.426804 3.360926
v -7.300348 -17.501734 3.230584
v -9.648247 -22.637283 3.360929
v -7.180006 -17.551802 3.035517
v -7.137747 -17.569384 2.805414
v -7.180006 -17.551802 2.575313
v -9.347800 -22.762281 3.035518
v -8.205793 -17.125029 3.035516
v -8.248052 -17.107447 2.805414
v -18.168304 -7.081455 2.204130
v -23.331953 -9.358555 2.204132
v -18.261148 -6.870916 2.249902
v -23.424797 -9.148018 2.249902
v -18.075460 -7.291992 2.249902
v -23.239109 -9.569092 2.249902
v -23.160398 -9.747578 2.380244
v -23.089338 -9.908718 2.805414
v -23.107807 -9.866838 2.575314
v -23.503508 -8.969532 2.380243
v -23.160398 -9.747578 3.230585
v -17.996750 -7.470478 2.380241
v -17.944159 -7.589737 2.575311
v -17.944159 -7.589737 3.035513
v -17.925690 -7.631617 2.805413
v -23.107807 -9.866838 3.035515
v -18.075460 -7.291992 3.360924
v -18.261148 -6.870914 3.360924
v -17.996750 -7.470478 3.230583
v -23.239109 -9.569092 3.360927
v -23.331953 -9.358555 3.406695
v -23.503508 -8.969532 3.230583
v -23.424797 -9.148018 3.360925
v -18.168304 -7.081455 3.406694
v -18.339859 -6.692430 3.230583
v -18.392450 -6.573172 3.035513
v -23.556099 -8.850271 3.035514
v -18.410919 -6.531292 2.805413
v -23.574568 -8.808392 2.805413
v -23.556099 -8.850271 2.575313
v -18.392450 -6.573172 2.575312
v -18.339859 -6.692432 2.380244
v -18.285355 8.572014 2.204130
v -23.482479 10.771641 2.204128
v -18.195669 8.783916 2.249897
v -18.375040 8.360111 2.249897
v -23.572165 10.559738 2.249897
v -18.451073 8.180470 2.380239
v -23.648197 10.380096 2.380239
v -23.716839 10.217911 2.805409
v -18.501875 8.060436 2.575311
v -23.698999 10.260063 2.575309
v -23.316761 11.163185 2.380239
v -23.648197 10.380096 3.230580
v -23.482479 10.771641 3.406691
v -23.572165 10.559738 3.360922
v -18.451073 8.180470 3.230581
v -18.501875 8.060436 3.035511
v -23.316761 11.163185 3.230580
v -23.698999 10.260063 3.035510
v -18.519714 8.018288 2.805410
v -23.248119 11.325371 2.805410
v -23.265959 11.283218 3.035510
v -18.119637 8.963558 3.230581
v -18.195669 8.783916 3.360923
v -23.392794 10.983543 3.360922
v -18.285355 8.572014 3.406692
v -18.375040 8.360111 3.360923
v -18.068834 9.083591 3.035511
v -18.068834 9.083595 2.575311
v -18.119637 8.963562 2.380239
v -23.265959 11.283218 2.575309
v -18.050995 9.125744 2.805411
v -23.392794 10.983543 2.249897
v -7.710026 19.092731 2.204128
v -7.497662 19.181320 2.249897
v -7.922390 19.004143 2.249897
v -10.095083 24.212585 2.249895
v -9.882719 24.301174 2.204125
v -9.670355 24.389763 2.249895
v -9.490321 24.464863 2.380237
v -10.275117 24.137486 2.380236
v -10.437654 24.069687 2.805407
v -8.102425 18.929043 2.380238
v -10.275117 24.137486 3.230578
v -10.395411 24.087303 2.575307
v -8.264960 18.861244 2.805410
v -8.222719 18.878860 2.575309
v -8.222719 18.878860 3.035510
v -7.497662 19.181320 3.360922
v -10.395411 24.087303 3.035508
v -7.922390 19.004143 3.360922
v -8.102425 18.929043 3.230580
v -10.095083 24.212585 3.360919
v -9.882719 24.301174 3.406689
v -7.710026 19.092731 3.406691
v -9.490321 24.464863 3.230578
v -9.670355 24.389763 3.360920
v -7.197333 19.306602 3.035510
v -7.317628 19.256420 3.230581
v -9.327785 24.532661 2.805407
v -9.370027 24.515045 3.035508
v -7.197333 19.306602 2.575310
v -9.370027 24.515045 2.575307
v -7.155091 19.324219 2.805410
v -7.317628 19.256420 2.380238
v 18.225170 8.168224 -3.942407
v 18.310146 7.954388 -3.896637
v 23.554647 10.038536 -3.896638
v 18.140194 8.382057 -3.896637
v 23.384695 10.466202 -3.896638
v 23.469671 10.252369 -3.942408
v 23.312654 10.647484 -3.766297
v 23.626688 9.857254 -3.766297
v 23.312654 10.647484 -2.915955
v 18.382187 7.773108 -3.766294
v 18.430323 7.651979 -3.571224
v 23.674824 9.736130 -3.571227
v 23.691727 9.693596 -3.341126
v 23.626688 9.857254 -2.915956
v 23.469671 10.252369 -2.739844
v 18.430323 7.651981 -3.111022
v 23.674824 9.736130 -3.111025
v 18.382187 7.773109 -2.915953
v 23.554647 10.038536 -2.785614
v 18.310146 7.954388 -2.785613
v 18.225170 8.168224 -2.739843
v 18.140194 8.382057 -2.785613
v 18.020018 8.684464 -3.111025
v 18.068153 8.563339 -2.915955
v 23.264519 10.768612 -3.111025
v 18.003115 8.726997 -3.341126
v 18.020018 8.684464 -3.571227
v 23.247616 10.811146 -3.341126
v 23.264519 10.768612 -3.571227
v 18.068153 8.563339 -3.766297
v 23.384695 10.466206 -2.785614
v 18.447226 7.609447 -3.341125
v 17.987635 -6.978222 -3.942405
v 23.164204 -9.225798 -3.942403
v 17.895994 -7.189285 -3.896635
v 23.072563 -9.436863 -3.896634
v 18.079275 -6.767159 -3.896635
v 23.255844 -9.014732 -3.896634
v 18.156965 -6.588224 -3.766294
v 23.333534 -8.835800 -3.766292
v 23.403671 -8.674259 -3.341122
v 23.385443 -8.716244 -3.571221
v 22.994873 -9.615795 -3.766292
v 23.333534 -8.835800 -2.915950
v 23.164204 -9.225798 -2.739839
v 23.255844 -9.014732 -2.785609
v 18.156965 -6.588224 -2.915951
v 23.385443 -8.716244 -3.111020
v 22.994873 -9.615795 -2.915950
v 22.924736 -9.777336 -3.341121
v 17.766396 -7.487778 -3.111022
v 22.942965 -9.735352 -3.111020
v 17.818304 -7.368217 -2.915951
v 23.072563 -9.436863 -2.785609
v 17.895994 -7.189285 -2.785609
v 17.766396 -7.487780 -3.571223
v 17.987635 -6.978222 -2.739841
v 18.079275 -6.767157 -2.785609
v 18.208874 -6.468666 -3.111022
v 18.227102 -6.426683 -3.341123
v 18.208874 -6.468668 -3.571223
v 17.818304 -7.368217 -3.766294
v 22.942965 -9.735352 -3.571221
v 17.748167 -7.529760 -3.341123
v 7.258029 -17.423983 -3.942403
v 9.366043 -22.658936 -3.942400
v 7.044584 -17.509933 -3.896634
v 7.471474 -17.338032 -3.896634
v 9.579488 -22.572985 -3.896632
v 7.652424 -17.265167 -3.766292
v 9.760438 -22.500120 -3.766290
v 9.923802 -22.434338 -3.341119
v 7.773332 -17.216480 -3.571222
v 9.881345 -22.451433 -3.571219
v 8.971648 -22.817751 -3.766290
v 9.760438 -22.500120 -2.915948
v 9.366043 -22.658936 -2.739837
v 9.579488 -22.572985 -2.785606
v 7.652425 -17.265167 -2.915951
v 8.971648 -22.817751 -2.915948
v 7.773332 -17.216480 -3.111021
v 9.881346 -22.451433 -3.111018
v 7.815789 -17.199385 -3.341122
v 7.471475 -17.338032 -2.785609
v 7.044584 -17.509933 -2.785608
v 6.742727 -17.631485 -3.111021
v 6.863634 -17.582798 -2.915950
v 6.742727 -17.631485 -3.571222
v 9.152598 -22.744884 -2.785606
v 7.258029 -17.423983 -2.739840
v 6.863634 -17.582798 -3.766292
v 8.850740 -22.866438 -3.571219
v 6.700270 -17.648581 -3.341120
v 8.808284 -22.883533 -3.341118
v 8.850741 -22.866438 -3.111018
v 9.152597 -22.744884 -3.896630
v -7.692899 -17.338415 -3.942403
v -9.860694 -22.548897 -3.942400
v -7.905347 -17.250027 -3.896633
v -7.480452 -17.426802 -3.896634
v -9.648247 -22.637283 -3.896632
v -7.300348 -17.501734 -3.766292
v -9.468143 -22.712215 -3.766290
v -9.305542 -22.779865 -3.341119
v -9.347800 -22.762283 -3.571219
v -9.468143 -22.712215 -2.915948
v -10.253245 -22.385578 -3.766290
v -10.073141 -22.460508 -3.896630
v -8.085451 -17.175097 -3.766292
v -10.373588 -22.335510 -3.571219
v -10.253245 -22.385578 -2.915948
v -10.415846 -22.317928 -3.341118
v -8.248052 -17.107447 -3.341121
v -10.373588 -22.335510 -3.111018
v -8.205793 -17.125029 -3.571222
v -7.905346 -17.250027 -2.785609
v -8.205793 -17.125029 -3.111021
v -8.085451 -17.175097 -2.915951
v -10.073141 -22.460508 -2.785606
v -7.692899 -17.338415 -2.739840
v -9.860694 -22.548897 -2.739837
v -9.648247 -22.637285 -2.785606
v -7.480452 -17.426804 -2.785608
v -7.300348 -17.501734 -2.915950
v -7.180006 -17.551802 -3.111021
v -9.347800 -22.762283 -3.111018
v -7.137747 -17.569384 -3.341122
v -7.180006 -17.551802 -3.571222
v -18.168304 -7.081457 -3.942405
v -23.331953 -9.358555 -3.942403
v -18.261148 -6.870916 -3.896635
v -23.424797 -9.148018 -3.896634
v -18.075460 -7.291994 -3.896635
v -23.239109 -9.569092 -3.896634
v -23.160398 -9.747578 -3.766291
v -23.089338 -9.908718 -3.341121
v -23.107807 -9.866838 -3.571222
v -17.996750 -7.470479 -3.766294
v -23.503508 -8.969532 -3.766292
v -23.160398 -9.747578 -2.915950
v -23.331953 -9.358555 -2.739839
v -18.075460 -7.291992 -2.785609
v -23.239109 -9.569092 -2.785609
v -17.996750 -7.470478 -2.915951
v -23.503508 -8.969532 -2.915950
v -17.944159 -7.589737 -3.111022
v -23.107807 -9.866838 -3.111020
v -18.261148 -6.870916 -2.785609
v -17.925690 -7.631618 -3.341123
v -17.944159 -7.589737 -3.571223
v -18.392450 -6.573172 -3.111022
v -18.392450 -6.573174 -3.571223
v -23.424797 -9.148018 -2.785609
v -18.339859 -6.692432 -2.915951
v -18.168304 -7.081455 -2.739841
v -23.556099 -8.850271 -3.111020
v -23.574568 -8.808392 -3.341122
v -23.556099 -8.850271 -3.571221
v -18.410919 -6.531292 -3.341123
v -18.339859 -6.692432 -3.766293
v -18.285355 8.572014 -3.942408
v -23.482479 10.771641 -3.942408
v -18.195669 8.783916 -3.896638
v -18.375040 8.360111 -3.896637
v -23.572165 10.559738 -3.896638
v -23.648197 10.380096 -3.766297
v -18.451073 8.180470 -3.766296
v -23.698999 10.260063 -3.571227
v -18.501875 8.060436 -3.571226
v -18.501875 8.060436 -3.111024
v -18.519714 8.018288 -3.341125
v -23.716839 10.217911 -3.341126
v -23.648197 10.380096 -2.915956
v -23.698999 10.260063 -3.111025
v -18.451073 8.180470 -2.915955
v -23.572165 10.559738 -2.785614
v -18.375040 8.360111 -2.785613
v -23.482479 10.771641 -2.739844
v -18.195669 8.783916 -2.785613
v -18.285355 8.572014 -2.739844
v -23.392794 10.983543 -2.785614
v -23.316761 11.163185 -2.915955
v -23.316761 11.163185 -3.766296
v -18.068834 9.083591 -3.111025
v -18.119637 8.963558 -2.915955
v -23.248119 11.325371 -3.341126
v -23.265959 11.283218 -3.111025
v -23.265959 11.283218 -3.571226
v -18.050995 9.125744 -3.341126
v -18.068834 9.083595 -3.571226
v -18.119637 8.963562 -3.766296
v -23.392794 10.983543 -3.896638
v -7.710026 19.092731 -3.942407
v -9.882719 24.301174 -3.942410
v -7.497662 19.181320 -3.896638
v -7.922390 19.004143 -3.896638
v -8.222719 18.878860 -3.571225
v -8.102425 18.929043 -3.766296
v -10.275117 24.137486 -3.766299
v -7.197333 19.306602 -3.571225
v -7.497662 19.181320 -2.785614
v -8.222719 18.878860 -3.111024
v -10.095083 24.212585 -3.896640
v -7.922390 19.004143 -2.785615
v -8.102425 18.929043 -2.915956
v -10.395411 24.087303 -3.111028
v -8.264960 18.861244 -3.341126
v -10.437654 24.069687 -3.341128
v -10.395411 24.087303 -3.571229
v -10.275117 24.137486 -2.915958
v -9.882719 24.301174 -2.739846
v -10.095083 24.212585 -2.785616
v -9.490321 24.464863 -3.766299
v -9.490321 24.464863 -2.915958
v -9.327785 24.532661 -3.341128
v -7.197333 19.306602 -3.111024
v -9.370027 24.515045 -3.111027
v -7.317628 19.256420 -2.915956
v -9.670355 24.389763 -2.785616
v -7.155091 19.324219 -3.341126
v -9.370027 24.515045 -3.571229
v -9.670355 24.389763 -3.896640
v -7.317628 19.256420 -3.766296
v -7.710026 19.092731 -2.739843
v 7.350191 19.148048 -3.847649
v 9.484562 24.372314 -3.847652
v 7.563200 19.061028 -3.801879
v 7.137182 19.235077 -3.801879
v 9.271553 24.459335 -3.801882
v 9.090972 24.533112 -3.671540
v 8.927942 24.599720 -3.246370
v 6.835941 19.358147 -3.476467
v 6.956601 19.308853 -3.671537
v 9.090972 24.533112 -2.821199
v 9.878152 24.211510 -3.671540
v 8.970312 24.582409 -3.476470
v 6.793570 19.375458 -3.246368
v 6.835941 19.358147 -3.016265
v 8.970312 24.582409 -3.016269
v 7.137181 19.235077 -2.690856
v 6.956601 19.308853 -2.821196
v 7.563200 19.061028 -2.690856
v 9.878152 24.211510 -2.821199
v 7.743781 18.987251 -2.821196
v 9.697571 24.285286 -2.690858
v 7.864440 18.937954 -3.016265
v 7.350191 19.148048 -2.645084
v 7.864440 18.937954 -3.476467
v 7.743781 18.987251 -3.671537
v 9.998812 24.162216 -3.476470
v 7.906810 18.920643 -3.246368
v 10.041183 24.144905 -3.246370
v 9.998812 24.162216 -3.016269
v 9.484562 24.372314 -2.645088
v 9.271553 24.459335 -2.690858
v 9.697571 24.285286 -3.801882
v 7.350191 19.148048 2.204127
v 9.484562 24.372314 2.204124
v 7.563200 19.061028 2.249896
v 7.137182 19.235077 2.249896
v 6.835941 19.358147 2.575308
v 6.956601 19.308853 2.380238
v 9.090972 24.533112 2.380235
v 7.864440 18.937954 2.575308
v 7.563200 19.061028 3.360919
v 6.835941 19.358147 3.035509
v 9.271553 24.459335 2.249893
v 7.137181 19.235077 3.360921
v 9.090972 24.533112 3.230576
v 8.970312 24.582409 3.035506
v 6.793570 19.375458 2.805407
v 6.956601 19.308853 3.230579
v 9.271553 24.459335 3.360918
v 9.484562 24.372314 3.406687
v 9.878152 24.211510 3.230576
v 9.697571 24.285286 3.360917
v 7.350191 19.148048 3.406691
v 9.878152 24.211510 2.380235
v 10.041183 24.144905 2.805405
v 9.998812 24.162216 3.035506
v 7.743781 18.987251 3.230579
v 7.864440 18.937954 3.035509
v 7.906810 18.920643 2.805407
v 9.998812 24.162216 2.575305
v 7.743781 18.987251 2.380238
v 9.697571 24.285286 2.249893
v 8.927942 24.599720 2.805405
v 8.970312 24.582409 2.575305
v 9.370742 -22.014864 -0.141648
v 17.410603 -16.642801 -0.141652
v -0.112920 -23.901283 -0.141648
v -9.596583 -22.014864 -0.141648
v -17.636444 -16.642801 -0.141652
v -23.008507 -8.602940 -0.141651
v -24.894926 0.880722 -0.141654
v -23.008507 10.364384 -0.141658
v -17.636444 18.404243 -0.141657
v -9.596583 23.776306 -0.141661
v -0.112920 25.662727 -0.141660
v 9.370742 23.776306 -0.141661
v 17.410603 18.404243 -0.141657
v 22.782665 10.364384 -0.141658
v 24.669085 0.880722 -0.141654
v 22.782665 -8.602940 -0.141651
v -24.941256 0.872356 -0.141654
v -24.713392 -2.495792 -0.141655
v -24.715664 4.240662 -0.141654
v -24.056314 7.471638 -0.141656
v -22.992823 10.535652 -0.141658
v -21.554802 13.403076 -0.141657
v -19.771870 16.044270 -0.141657
v -17.673635 18.429604 -0.141657
v -15.289716 20.529446 -0.141661
v -12.649721 22.314159 -0.141661
v -9.783268 23.754112 -0.141661
v -6.719968 24.819664 -0.141660
v -3.489436 25.481194 -0.141660
v -0.121286 25.709057 -0.141660
v 3.247018 25.483467 -0.141660
v 6.477994 24.824116 -0.141660
v 9.542009 23.760624 -0.141661
v 12.409432 22.322601 -0.141661
v 15.050628 20.539673 -0.141661
v 17.435963 18.441437 -0.141657
v 19.535803 16.057518 -0.141657
v 21.320517 13.417522 -0.141657
v 22.760468 10.551071 -0.141658
v 23.826023 7.487770 -0.141656
v 24.487551 4.257236 -0.141654
v 24.715414 0.889088 -0.141654
v 24.489822 -2.479218 -0.141655
v 23.830473 -5.710194 -0.141654
v 22.766981 -8.774208 -0.141651
v 21.328960 -11.641632 -0.141651
v 19.546028 -14.282825 -0.141651
v 17.447794 -16.668161 -0.141652
v 15.063874 -18.768002 -0.141651
v 12.423880 -20.552715 -0.141649
v 9.557426 -21.992666 -0.141648
v 6.494127 -23.058222 -0.141648
v 3.263595 -23.719749 -0.141648
v -0.104555 -23.947613 -0.141648
v -3.472859 -23.722021 -0.141648
v -6.703835 -23.062672 -0.141648
v -9.767851 -21.999180 -0.141648
v -12.635274 -20.561159 -0.141649
v -15.276469 -18.778227 -0.141651
v -17.661804 -16.679993 -0.141652
v -19.761644 -14.296074 -0.141651
v -21.546358 -11.656078 -0.141651
v -22.986309 -8.789625 -0.141651
v -24.051865 -5.726326 -0.141654
v 20.352716 0.880718 -3.422390
v 20.298679 0.880718 -3.220718
v 20.298679 0.880718 -3.624062
v 20.177631 3.552021 -3.422390
v 20.124054 3.544968 -3.220719
v 20.177631 -1.790581 -3.422390
v 20.124054 -1.783527 -3.220718
v 20.124054 3.544968 -3.624062
v 20.151045 0.880718 -3.771696
v 19.977684 3.525696 -3.771696
v 19.460567 6.125420 -3.771698
v 19.603170 6.163628 -3.624063
v 19.655367 6.177610 -3.422391
v 18.608543 8.635403 -3.771700
v 18.744938 8.691898 -3.624066
v 18.794865 8.712578 -3.422395
v 17.564043 11.086521 -3.624066
v 17.610840 11.113541 -3.422395
v 17.436188 11.012703 -3.771700
v 15.963568 13.216637 -3.771700
v 16.080692 13.306511 -3.624067
v 16.123564 13.339405 -3.422395
v 14.358469 15.352108 -3.422395
v 14.320259 15.313896 -3.624067
v 14.215867 15.209503 -3.771701
v 12.223003 16.957199 -3.771701
v 12.312877 17.074326 -3.624067
v 12.345773 17.117195 -3.422395
v 10.019062 18.429825 -3.771701
v 10.092879 18.557678 -3.624068
v 10.119898 18.604477 -3.422396
v 7.698266 19.738571 -3.624069
v 7.718946 19.788498 -3.422396
v 7.641769 19.602180 -3.771703
v 5.183979 20.649002 -3.422398
v 5.169993 20.596809 -3.624070
v 5.131783 20.454205 -3.771703
v 2.558380 21.171268 -3.422399
v 2.551326 21.117691 -3.624070
v 2.532056 20.971321 -3.771704
v -0.112916 21.144684 -3.771704
v 2.505733 20.771378 -3.825742
v 5.079586 20.259403 -3.825740
v 2.479409 20.571426 -3.771704
v -0.112916 20.741341 -3.771704
v -0.112916 20.943008 -3.825742
v -2.731575 20.771374 -3.825742
v -2.757899 20.971321 -3.771704
v -2.705252 20.571426 -3.771704
v -5.253222 20.064606 -3.771703
v -5.305418 20.259407 -3.825740
v -7.713250 19.229538 -3.771703
v -5.357615 20.454205 -3.771703
v -7.790426 19.415859 -3.825739
v -10.144061 18.255173 -3.825739
v -7.867603 19.602180 -3.771703
v -7.924099 19.738575 -3.624069
v -10.244897 18.429829 -3.771701
v -10.318713 18.557682 -3.624068
v -10.345733 18.604481 -3.422396
v -12.448837 16.957199 -3.771701
v -12.538711 17.074326 -3.624067
v -7.944779 19.788498 -3.422396
v -5.395825 20.596809 -3.220727
v -5.395825 20.596809 -3.624070
v -7.924099 19.738575 -3.220726
v -10.318713 18.557682 -3.220724
v -5.409811 20.649006 -3.422398
v -2.784222 21.171265 -3.422399
v -0.112916 21.292313 -3.624070
v -0.112916 21.346352 -3.422399
v -2.777169 21.117691 -3.624070
v -0.112916 21.292313 -3.220727
v -2.777169 21.117691 -3.220727
v -2.757899 20.971321 -3.073093
v -5.357615 20.454205 -3.073092
v -5.305418 20.259407 -3.019054
v -7.867603 19.602180 -3.073092
v -7.790426 19.415859 -3.019054
v -5.253222 20.064606 -3.073092
v -10.244897 18.429829 -3.073092
v -10.144061 18.255173 -3.019054
v -7.713250 19.229538 -3.073092
v -7.656753 19.093143 -3.220726
v -10.043225 18.080521 -3.073090
v -9.969409 17.952667 -3.220724
v -9.942389 17.905869 -3.422396
v -12.203298 16.637207 -3.073090
v -12.113424 16.520081 -3.220724
v -12.080528 16.477211 -3.422395
v -12.113424 16.520081 -3.624067
v -14.013897 14.781689 -3.422395
v -14.052107 14.819901 -3.624067
v -9.969409 17.952667 -3.624068
v -7.656753 19.093143 -3.624069
v -10.043225 18.080521 -3.771701
v -12.203298 16.637207 -3.771701
v -12.326067 16.797203 -3.825739
v -14.156500 14.924294 -3.771701
v -15.869406 12.971100 -3.771700
v -14.299104 15.066898 -3.825738
v -15.752280 12.881226 -3.624067
v -17.138063 10.710197 -3.422395
v -15.709410 12.848328 -3.422395
v -17.184862 10.737217 -3.624066
v -17.312716 10.811035 -3.771700
v -18.325342 8.424553 -3.624066
v -18.461737 8.481049 -3.771700
v -18.275415 8.403873 -3.422394
v -18.325342 8.424553 -3.220722
v -19.154202 5.982813 -3.220721
v -17.184862 10.737217 -3.220723
v -19.102003 5.968824 -3.422390
v -19.154202 5.982813 -3.624063
v -19.296804 6.021021 -3.771698
v -19.657255 3.453785 -3.624062
v -19.771866 0.880722 -3.422390
v -19.603680 3.446732 -3.422390
v -19.825905 0.880722 -3.624062
v -19.803627 3.473053 -3.771696
v -20.003572 3.499378 -3.825733
v -19.973537 0.880722 -3.771696
v -20.175209 0.880722 -3.825733
v -19.803627 -1.711613 -3.771695
v -19.154202 -4.221375 -3.624061
v -20.003572 -1.737938 -3.825733
v -19.296804 -4.259586 -3.771695
v -19.657255 -1.692345 -3.624061
v -19.102003 -4.207390 -3.422390
v -19.603680 -1.685291 -3.422390
v -19.154202 -4.221375 -3.220718
v -19.657255 -1.692345 -3.220718
v -19.296804 -4.259586 -3.073084
v -19.803627 -1.711613 -3.073084
v -19.825905 0.880722 -3.220718
v -19.657255 3.453785 -3.220719
v -19.973537 0.880722 -3.073084
v -20.175209 0.880722 -3.019047
v -20.003572 3.499378 -3.019047
v -20.003572 -1.737938 -3.019047
v -19.803627 3.473053 -3.073085
v -19.296804 6.021023 -3.073087
v -19.491604 6.073219 -3.019047
v -18.648058 8.558228 -3.019051
v -18.461737 8.481049 -3.073089
v -17.312716 10.811035 -3.073089
v -17.487370 10.911869 -3.019051
v -15.869406 12.971100 -3.073089
v -16.029404 13.093868 -3.019052
v -15.752280 12.881226 -3.220723
v -14.052107 14.819901 -3.220723
v -14.156500 14.924294 -3.073090
v -14.299104 15.066898 -3.019052
v -12.448837 16.957199 -3.073090
v -12.326067 16.797203 -3.019052
v -14.441708 15.209499 -3.073090
v -16.189400 13.216637 -3.073089
v -16.306524 13.306511 -3.220723
v -17.662022 11.012707 -3.073089
v -17.789877 11.086521 -3.220723
v -18.834379 8.635403 -3.073089
v -18.970774 8.691902 -3.220723
v -19.020699 8.712582 -3.422395
v -19.881205 6.177610 -3.422391
v -19.829006 6.163628 -3.220721
v -19.686403 6.125416 -3.073087
v -20.403465 3.552025 -3.422390
v -20.349890 3.544971 -3.220719
v -20.203518 3.525700 -3.073085
v -20.524513 0.880722 -3.220718
v -20.578552 0.880722 -3.422390
v -20.403465 -1.790585 -3.422390
v -20.349890 3.544971 -3.624062
v -20.524513 0.880722 -3.624062
v -20.376881 0.880722 -3.771696
v -20.203518 -1.764259 -3.771695
v -20.349890 -1.783531 -3.624061
v -19.829006 -4.402187 -3.624061
v -19.881205 -4.416176 -3.422390
v -20.349890 -1.783531 -3.220718
v -19.829006 -4.402187 -3.220718
v -18.970778 -6.930452 -3.624058
v -19.020702 -6.951132 -3.422388
v -18.970778 -6.930452 -3.220716
v -17.789881 -9.325073 -3.624057
v -17.836679 -9.352093 -3.422385
v -16.306524 -11.545073 -3.624057
v -16.349396 -11.577969 -3.422385
v -17.789881 -9.325073 -3.220714
v -18.834381 -6.873957 -3.073081
v -17.662027 -9.251259 -3.073080
v -16.306524 -11.545073 -3.220713
v -16.189400 -11.455200 -3.073080
v -14.546099 -13.552456 -3.220713
v -14.441708 -13.448063 -3.073079
v -12.538719 -15.312881 -3.220713
v -14.584311 -13.590668 -3.422385
v -12.448846 -15.195757 -3.073079
v -12.326076 -15.035761 -3.019041
v -10.318713 -16.796244 -3.220713
v -10.244897 -16.668390 -3.073079
v -10.144061 -16.493736 -3.019041
v -7.867603 -17.840742 -3.073079
v -7.924099 -17.977137 -3.220713
v -5.409820 -18.887564 -3.422384
v -5.395834 -18.835367 -3.220711
v -7.944779 -18.027061 -3.422384
v -10.345733 -16.843042 -3.422385
v -7.924099 -17.977137 -3.624056
v -5.395834 -18.835367 -3.624055
v -7.867603 -17.840742 -3.771690
v -5.357623 -18.692764 -3.771688
v -2.784231 -19.409826 -3.422383
v -2.777178 -19.356253 -3.624055
v -2.757908 -19.209881 -3.771688
v -0.112916 -19.584915 -3.422383
v -0.112916 -19.383244 -3.771688
v -0.112916 -19.530878 -3.624055
v 2.532056 -19.209883 -3.771688
v 2.551326 -19.356253 -3.624055
v 2.558380 -19.409830 -3.422383
v 5.169983 -18.835371 -3.624055
v 5.183969 -18.887569 -3.422384
v 5.131773 -18.692768 -3.771688
v 7.641769 -17.840740 -3.771690
v 7.698266 -17.977135 -3.624056
v 7.718946 -18.027060 -3.422384
v 10.119898 -16.843042 -3.422385
v 10.092879 -16.796242 -3.624056
v 10.019062 -16.668388 -3.771690
v 12.345765 -15.355764 -3.422385
v 12.222996 -15.195766 -3.771690
v 12.312869 -15.312891 -3.624056
v 14.320252 -13.552467 -3.624057
v 16.080692 -11.545071 -3.624057
v 14.358463 -13.590679 -3.422385
v 14.215861 -13.448074 -3.771690
v 16.123564 -11.577967 -3.422385
v 16.080692 -11.545071 -3.220713
v 14.320252 -13.552467 -3.220713
v 17.564043 -9.325081 -3.624057
v 17.610840 -9.352100 -3.422385
v 17.564043 -9.325081 -3.220714
v 18.744936 -6.930470 -3.624058
v 18.794861 -6.951149 -3.422388
v 19.655369 -4.416173 -3.422390
v 18.744936 -6.930470 -3.220716
v 19.603170 -4.402184 -3.220718
v 18.608540 -6.873970 -3.073081
v 19.460569 -4.363976 -3.073084
v 18.422220 -6.796795 -3.019045
v 19.265768 -4.311779 -3.019046
v 19.777739 -1.737934 -3.019047
v 19.977684 -1.764259 -3.073084
v 20.151045 0.880718 -3.073084
v 19.949373 0.880718 -3.019047
v 19.977684 3.525696 -3.073085
v 19.777739 3.499374 -3.019047
v 19.460567 6.125420 -3.073087
v 18.744938 8.691898 -3.220723
v 19.603170 6.163628 -3.220721
v 19.265766 6.073219 -3.019047
v 18.422224 8.558224 -3.019051
v 18.608543 8.635403 -3.073089
v 17.436188 11.012703 -3.073089
v 17.261536 10.911869 -3.019051
v 15.963568 13.216637 -3.073089
v 17.564043 11.086521 -3.220723
v 16.080692 13.306511 -3.220723
v 14.320259 15.313896 -3.220723
v 12.223003 16.957199 -3.073090
v 14.215867 15.209503 -3.073090
v 12.312877 17.074326 -3.220724
v 10.092879 18.557678 -3.220724
v 10.019062 18.429825 -3.073092
v 7.698266 19.738571 -3.220726
v 7.641769 19.602180 -3.073092
v 7.564593 19.415855 -3.019054
v 9.918226 18.255173 -3.019054
v 12.100233 16.797203 -3.019052
v 7.487417 19.229538 -3.073092
v 9.817390 18.080521 -3.073090
v 11.977463 16.637207 -3.073090
v 9.743574 17.952667 -3.220724
v 7.430920 19.093140 -3.220726
v 9.716555 17.905869 -3.422396
v 7.410241 19.043217 -3.422396
v 4.989180 19.922001 -3.220726
v 2.479409 20.571426 -3.073093
v 4.975193 19.869804 -3.422396
v 5.027390 20.064606 -3.073092
v 2.460139 20.425056 -3.220726
v 2.453086 20.371483 -3.422396
v -0.112916 20.593704 -3.220727
v -0.112916 20.539665 -3.422398
v 2.460139 20.425056 -3.624069
v -2.678928 20.371483 -3.422396
v -0.112916 20.593704 -3.624070
v -2.685982 20.425056 -3.624069
v -5.201025 19.869804 -3.422396
v -5.215011 19.922005 -3.624069
v -5.215011 19.922005 -3.220726
v -7.636073 19.043217 -3.422396
v -2.685982 20.425056 -3.220726
v -2.705252 20.571426 -3.073093
v -2.731575 20.771374 -3.019055
v -0.112916 20.741341 -3.073093
v -0.112916 20.943008 -3.019055
v 2.505733 20.771378 -3.019055
v -0.112916 21.144684 -3.073093
v 5.079586 20.259403 -3.019054
v 2.532056 20.971321 -3.073093
v 5.131783 20.454205 -3.073092
v 2.551326 21.117691 -3.220727
v 5.169993 20.596809 -3.220727
v 5.027390 20.064606 -3.771703
v 4.989180 19.922001 -3.624069
v 7.430920 19.093140 -3.624069
v 7.487417 19.229538 -3.771703
v 9.817390 18.080521 -3.771701
v 9.918226 18.255173 -3.825739
v 7.564593 19.415855 -3.825739
v 12.100233 16.797203 -3.825739
v 14.073263 15.066902 -3.825738
v 11.977463 16.637207 -3.771701
v 13.930660 14.924297 -3.771701
v 11.887589 16.520081 -3.624067
v 9.743574 17.952667 -3.624068
v 11.854693 16.477207 -3.422395
v 13.826267 14.819908 -3.624067
v 15.526448 12.881226 -3.624067
v 13.788056 14.781693 -3.422395
v 15.483576 12.848328 -3.422395
v 13.826267 14.819908 -3.220723
v 15.526448 12.881226 -3.220723
v 15.643574 12.971096 -3.073089
v 13.930660 14.924297 -3.073090
v 16.959028 10.737213 -3.220723
v 16.912230 10.710197 -3.422395
v 18.099508 8.424553 -3.220722
v 18.049582 8.403873 -3.422394
v 17.086882 10.811031 -3.073089
v 18.235903 8.481049 -3.073089
v 19.070967 6.021027 -3.073087
v 19.577793 3.473049 -3.073085
v 18.928366 5.982813 -3.220721
v 19.431421 3.453781 -3.220719
v 19.600069 0.880718 -3.220718
v 19.546030 0.880718 -3.422390
v 19.377846 3.446728 -3.422390
v 18.876167 5.968824 -3.422390
v 18.928366 5.982813 -3.624063
v 18.099508 8.424553 -3.624066
v 19.070967 6.021027 -3.771698
v 16.959028 10.737213 -3.624066
v 18.235903 8.481049 -3.771700
v 17.086882 10.811031 -3.771700
v 17.261536 10.911869 -3.825738
v 18.422224 8.558224 -3.825738
v 19.265766 6.073217 -3.825737
v 19.577793 3.473049 -3.771696
v 19.777739 3.499374 -3.825733
v 19.949373 0.880718 -3.825733
v 19.777739 -1.737934 -3.825733
v 19.577793 -1.711609 -3.771695
v 19.747702 0.880718 -3.771696
v 19.977684 -1.764259 -3.771695
v 19.460569 -4.363976 -3.771695
v 19.603170 -4.402184 -3.624061
v 20.124054 -1.783527 -3.624061
v 19.265768 -4.311779 -3.825733
v 18.422220 -6.796795 -3.825732
v 19.070969 -4.259583 -3.771695
v 18.235901 -6.719618 -3.771693
v 18.928366 -4.221373 -3.624061
v 18.099503 -6.663120 -3.624058
v 16.912230 -8.948757 -3.422385
v 18.876167 -4.207386 -3.422390
v 16.959028 -8.975777 -3.624057
v 17.086882 -9.049591 -3.771691
v 18.049580 -6.642441 -3.422388
v 18.099503 -6.663120 -3.220716
v 16.959028 -8.975777 -3.220714
v 18.235901 -6.719618 -3.073081
v 19.070969 -4.259583 -3.073084
v 18.928366 -4.221373 -3.220718
v 17.086882 -9.049591 -3.073080
v 15.643574 -11.209656 -3.073080
v 17.261536 -9.150429 -3.019042
v 15.963568 -11.455196 -3.073080
v 15.803570 -11.332428 -3.019042
v 17.436188 -9.251263 -3.073080
v 14.215861 -13.448074 -3.073079
v 14.073257 -13.305471 -3.019042
v 13.930655 -13.162868 -3.073079
v 11.977456 -14.875774 -3.073079
v 13.826262 -13.058475 -3.220713
v 15.526448 -11.119785 -3.220713
v 12.100225 -15.035770 -3.019041
v 9.918226 -16.493734 -3.019041
v 12.222996 -15.195766 -3.073079
v 10.092879 -16.796242 -3.220713
v 10.019062 -16.668388 -3.073079
v 12.312869 -15.312891 -3.220713
v 7.641769 -17.840740 -3.073079
v 7.564593 -17.654419 -3.019041
v 5.079577 -18.497969 -3.019040
v 7.487417 -17.468100 -3.073079
v 9.817390 -16.319084 -3.073079
v 7.430920 -17.331703 -3.220713
v 9.743574 -16.191229 -3.220713
v 7.410241 -17.281780 -3.422385
v 9.716555 -16.144430 -3.422385
v 11.887582 -14.758648 -3.220713
v 11.854687 -14.715776 -3.422385
v 11.887582 -14.758648 -3.624056
v 13.788051 -13.020264 -3.422385
v 13.826262 -13.058475 -3.624057
v 15.526448 -11.119785 -3.624057
v 13.930655 -13.162868 -3.771690
v 14.073257 -13.305471 -3.825728
v 15.643574 -11.209656 -3.771691
v 15.803570 -11.332428 -3.825728
v 11.977456 -14.875774 -3.771690
v 12.100225 -15.035770 -3.825728
v 9.817390 -16.319084 -3.771690
v 9.918226 -16.493734 -3.825728
v 7.564593 -17.654419 -3.825727
v 7.487417 -17.468100 -3.771690
v 5.079577 -18.497969 -3.825726
v 5.027380 -18.303169 -3.771688
v 2.505733 -19.009937 -3.825726
v -0.112916 -19.181572 -3.825726
v 2.479409 -18.809992 -3.771688
v -0.112916 -18.979900 -3.771688
v 2.460139 -18.663620 -3.624055
v 2.453086 -18.610044 -3.422384
v 4.975184 -18.108368 -3.422384
v 4.989170 -18.160564 -3.624055
v -0.112916 -18.832268 -3.624055
v -0.112916 -18.778229 -3.422384
v -2.678937 -18.610043 -3.422384
v -0.112916 -18.832268 -3.220711
v 2.460139 -18.663620 -3.220711
v 2.479409 -18.809992 -3.073078
v 5.027380 -18.303169 -3.073078
v 4.989170 -18.160564 -3.220711
v 2.505733 -19.009937 -3.019040
v -0.112916 -19.181572 -3.019040
v 2.532056 -19.209883 -3.073078
v 5.131773 -18.692768 -3.073078
v 7.698266 -17.977135 -3.220713
v 5.169983 -18.835371 -3.220711
v 2.551326 -19.356253 -3.220711
v -0.112916 -19.530878 -3.220711
v -0.112916 -19.383244 -3.073078
v -2.757908 -19.209881 -3.073078
v -2.777178 -19.356253 -3.220711
v -5.357623 -18.692764 -3.073078
v -2.731585 -19.009935 -3.019040
v -5.305427 -18.497965 -3.019040
v -2.705261 -18.809988 -3.073078
v -5.215020 -18.160563 -3.220711
v -2.685991 -18.663618 -3.220711
v -0.112916 -18.979900 -3.073078
v -5.253231 -18.303165 -3.073078
v -7.713250 -17.468100 -3.073079
v -7.790426 -17.654421 -3.019041
v -10.043225 -16.319084 -3.073079
v -9.969409 -16.191231 -3.220713
v -7.656753 -17.331705 -3.220713
v -7.636073 -17.281780 -3.422385
v -5.201034 -18.108366 -3.422384
v -9.942389 -16.144432 -3.422385
v -9.969409 -16.191231 -3.624056
v -12.080536 -14.715767 -3.422385
v -12.113432 -14.758636 -3.624056
v -12.113432 -14.758636 -3.220713
v -7.656753 -17.331705 -3.624056
v -5.253231 -18.303165 -3.771688
v -5.215020 -18.160563 -3.624055
v -7.713250 -17.468100 -3.771690
v -7.790426 -17.654421 -3.825727
v -10.043225 -16.319084 -3.771690
v -10.144061 -16.493736 -3.825728
v -10.244897 -16.668390 -3.771690
v -12.448846 -15.195757 -3.771690
v -12.326076 -15.035761 -3.825728
v -14.299104 -13.305458 -3.825728
v -12.203306 -14.875763 -3.771690
v -14.052107 -13.058464 -3.624057
v -14.156500 -13.162857 -3.771690
v -15.869406 -11.209660 -3.771691
v -15.752280 -11.119785 -3.624057
v -17.138069 -8.948750 -3.422385
v -17.184868 -8.975769 -3.624057
v -17.312721 -9.049587 -3.771691
v -14.013897 -13.020252 -3.422385
v -15.709410 -11.086889 -3.422385
v -15.752280 -11.119785 -3.220713
v -15.869406 -11.209660 -3.073080
v -17.184868 -8.975769 -3.220714
v -14.052107 -13.058464 -3.220713
v -17.312721 -9.049587 -3.073080
v -17.487373 -9.150421 -3.019042
v -18.461740 -6.719604 -3.073081
v -16.029404 -11.332428 -3.019042
v -14.299104 -13.305458 -3.019042
v -14.156500 -13.162857 -3.073079
v -12.203306 -14.875763 -3.073079
v -18.648062 -6.796780 -3.019045
v -18.325344 -6.663107 -3.220716
v -18.275421 -6.642427 -3.422388
v -18.325344 -6.663107 -3.624058
v -18.461740 -6.719604 -3.771693
v -17.487373 -9.150421 -3.825728
v -18.648062 -6.796782 -3.825732
v -19.491604 -4.311783 -3.825733
v -18.834381 -6.873959 -3.771693
v -19.686403 -4.363979 -3.771695
v -17.662027 -9.251259 -3.771691
v -16.029404 -11.332428 -3.825728
v -16.189400 -11.455200 -3.771691
v -14.441708 -13.448063 -3.771690
v -14.546099 -13.552456 -3.624057
v -12.538719 -15.312881 -3.624056
v -12.571616 -15.355755 -3.422385
v -10.318713 -16.796244 -3.624056
v -19.491604 -4.311783 -3.019046
v -19.686403 -4.363979 -3.073084
v -20.203518 -1.764259 -3.073084
v -20.376881 0.880722 -3.073084
v -5.305427 -18.497965 -3.825726
v -2.705261 -18.809988 -3.771688
v -2.731585 -19.009935 -3.825726
v -2.685991 -18.663618 -3.624055
v 7.430920 -17.331703 -3.624056
v 9.743574 -16.191229 -3.624056
v 15.963568 -11.455196 -3.771691
v 17.261536 -9.150429 -3.825728
v 18.608540 -6.873971 -3.771693
v 17.436188 -9.251263 -3.771691
v 15.483576 -11.086887 -3.422385
v 19.431421 -1.692341 -3.220718
v 19.577793 -1.711609 -3.073084
v 19.747702 0.880718 -3.073084
v 19.377846 -1.685287 -3.422390
v 19.431421 -1.692341 -3.624061
v 19.600069 0.880718 -3.624062
v 19.431421 3.453781 -3.624062
v 15.803570 13.093864 -3.825738
v 15.643574 12.971096 -3.771700
v 15.803570 13.093864 -3.019052
v 14.073263 15.066902 -3.019052
v 11.887589 16.520081 -3.220724
v -20.203518 3.525700 -3.771696
v -19.686403 6.125414 -3.771698
v -18.834379 8.635403 -3.771700
v -19.491604 6.073217 -3.825737
v -19.829006 6.163628 -3.624063
v -18.970774 8.691902 -3.624066
v -17.789877 11.086521 -3.624066
v -17.836674 11.113541 -3.422395
v -16.349396 13.339409 -3.422395
v -16.306524 13.306511 -3.624067
v -14.584311 15.352104 -3.422395
v -14.441708 15.209499 -3.771701
v -14.546099 15.313896 -3.624067
v -16.189400 13.216637 -3.771700
v -17.662022 11.012707 -3.771700
v -16.029404 13.093868 -3.825738
v -17.487370 10.911869 -3.825738
v -18.648058 8.558228 -3.825738
v -12.571608 17.117195 -3.422395
v -12.538711 17.074326 -3.220724
v -14.546099 15.313896 -3.220723
v 25.257078 0.880718 -3.422390
v 24.973619 4.183422 -3.172390
v 25.190090 0.880718 -3.172390
v 24.973619 4.183422 -3.672390
v 25.190090 0.880718 -3.672390
v 25.040035 4.192169 -3.422390
v 25.040035 -2.430729 -3.422390
v 24.392618 -5.685513 -3.422389
v 24.327911 -5.668177 -3.172388
v 24.327911 -5.668177 -3.672389
v 24.973619 -2.421986 -3.172390
v 24.973619 -2.421986 -3.672390
v 24.792173 -2.398098 -3.855402
v 25.007078 0.880718 -3.855403
v 24.151136 -5.620810 -3.855401
v 24.544313 -2.365467 -3.922390
v 24.507078 0.880718 -3.855403
v 24.757078 0.880718 -3.922390
v 23.909655 -5.556105 -3.922388
v 24.296452 -2.332836 -3.855402
v 23.668173 -5.491398 -3.855401
v 24.115005 -2.308945 -3.672390
v 24.324066 0.880718 -3.672390
v 24.257078 0.880718 -3.422390
v 24.048590 4.061642 -3.422390
v 24.115005 4.070385 -3.672390
v 24.296452 4.094273 -3.855403
v 24.544313 4.126904 -3.922390
v 23.491396 7.205473 -3.672391
v 23.668171 7.252841 -3.855404
v 22.463913 10.232346 -3.672395
v 23.909653 7.317545 -3.922391
v 22.632994 10.302383 -3.855407
v 22.863964 10.398052 -3.922395
v 21.050129 13.099213 -3.672395
v 21.208622 13.190720 -3.855408
v 21.425129 13.315720 -3.922395
v 21.641636 13.440720 -3.855408
v 19.617779 16.020611 -3.922395
v 19.419441 15.868420 -3.855408
v 17.296047 18.289684 -3.855409
v 17.472824 18.466461 -3.922396
v 17.649601 18.643238 -3.855409
v 19.816118 16.172798 -3.855408
v 19.961311 16.284210 -3.672395
v 21.800129 13.532227 -3.672395
v 21.858141 13.565720 -3.422395
v 23.264013 10.563759 -3.672395
v 24.392616 7.446957 -3.422391
v 23.325903 10.589394 -3.422395
v 24.151134 7.382252 -3.855404
v 24.327911 7.429617 -3.672391
v 23.094933 10.493725 -3.855407
v 24.792173 4.159534 -3.855403
v 23.264013 10.563759 -3.172395
v 23.094933 10.493725 -2.989382
v 24.151134 7.382252 -2.989379
v 24.327911 7.429617 -3.172391
v 21.800129 13.532227 -3.172395
v 19.961311 16.284210 -3.172395
v 19.816118 16.172798 -2.989382
v 21.641636 13.440720 -2.989382
v 21.425129 13.315720 -2.922395
v 21.208622 13.190720 -2.989382
v 19.617779 16.020611 -2.922395
v 22.863964 10.398052 -2.922395
v 22.632994 10.302383 -2.989382
v 23.668171 7.252842 -2.989379
v 23.491396 7.205473 -3.172391
v 22.463913 10.232346 -3.172395
v 21.050129 13.099213 -3.172395
v 19.221102 15.716228 -3.422395
v 22.402023 10.206711 -3.422395
v 19.274248 15.757011 -3.172395
v 20.992117 13.065720 -3.422395
v 19.419441 15.868420 -2.989382
v 17.296047 18.289684 -2.989384
v 17.472824 18.466461 -2.922396
v 14.874788 20.413071 -2.989384
v 17.166637 18.160278 -3.172396
v 15.026978 20.611408 -2.922398
v 12.447079 22.635273 -2.989387
v 12.322079 22.418766 -2.922400
v 17.649601 18.643238 -2.989384
v 15.179170 20.809746 -2.989386
v 17.779009 18.772648 -3.172396
v 15.290580 20.954941 -3.172399
v 15.331360 21.008087 -3.422399
v 12.572079 22.851780 -3.422400
v 12.538585 22.793766 -3.172400
v 17.826376 18.820015 -3.422396
v 20.014456 16.324989 -3.422395
v 15.290580 20.954941 -3.672398
v 17.779009 18.772648 -3.672396
v 15.179170 20.809746 -3.855411
v 15.026978 20.611408 -3.922398
v 12.322079 22.418766 -3.922400
v 12.447079 22.635273 -3.855412
v 12.538585 22.793766 -3.672400
v 9.404423 23.857597 -3.922400
v 9.500093 24.088566 -3.855412
v 9.570129 24.257645 -3.672400
v 9.595765 24.319534 -3.422400
v 6.435985 25.321548 -3.672400
v 6.453322 25.386253 -3.422400
v 3.189783 25.967255 -3.172400
v 6.435985 25.321548 -3.172400
v 9.570129 24.257645 -3.172400
v 3.189783 25.967255 -3.672400
v 3.198527 26.033669 -3.422400
v -0.112915 26.183723 -3.672400
v -0.112915 26.250717 -3.422400
v -3.415626 25.967255 -3.172400
v -3.415626 25.967255 -3.672400
v -3.424370 26.033669 -3.422400
v -0.112915 26.183723 -3.172400
v -0.112915 26.000713 -2.989387
v 3.165895 25.785809 -2.989387
v -0.112915 25.750713 -2.922400
v 6.388617 25.144768 -2.989387
v 3.133264 25.537949 -2.922400
v 6.323913 24.903290 -2.922400
v 6.259208 24.661804 -2.989387
v 3.100632 25.290085 -2.989387
v 3.076745 25.108643 -3.172400
v 6.211841 24.485031 -3.172400
v -0.112915 25.500713 -2.989387
v -0.112915 25.317703 -3.172400
v -3.326475 25.290085 -2.989387
v -6.485037 24.661808 -2.989387
v -6.549742 24.903290 -2.922400
v -3.302587 25.108639 -3.172400
v -3.359107 25.537949 -2.922400
v -3.391738 25.785805 -2.989387
v -6.661814 25.321548 -3.172400
v -6.614447 25.144772 -2.989387
v -9.795961 24.257648 -3.172400
v -9.725926 24.088570 -2.989387
v -12.764418 22.793770 -3.172400
v -12.672912 22.635277 -2.989387
v -9.630255 23.857597 -2.922400
v -12.547912 22.418770 -2.922400
v -9.534584 23.626625 -2.989387
v -9.464548 23.457546 -3.172400
v -12.331406 22.043770 -3.172400
v -12.422912 22.202263 -2.989387
v -15.100621 20.413071 -2.989384
v -14.989211 20.267879 -3.172396
v -15.252810 20.611412 -2.922398
v -15.405002 20.809750 -2.989386
v -17.875441 18.643234 -2.989384
v -17.698664 18.466454 -2.922396
v -20.041948 16.172802 -2.989382
v -19.843611 16.020615 -2.922395
v -17.521887 18.289680 -2.989384
v -19.645271 15.868423 -2.989382
v -17.392477 18.160271 -3.172396
v -19.500078 15.757011 -3.172395
v -17.345110 18.112900 -3.422396
v -19.446934 15.716232 -3.422395
v -21.217949 13.065723 -3.422395
v -21.275961 13.099216 -3.172395
v -21.434454 13.190723 -2.989382
v -22.858826 10.302383 -2.989382
v -22.689745 10.232349 -3.172395
v -23.089796 10.398056 -2.922395
v -21.650961 13.315723 -2.922395
v -23.320766 10.493729 -2.989382
v -21.867468 13.440723 -2.989382
v -22.025961 13.532227 -3.172395
v -22.083973 13.565723 -3.422395
v -23.551735 10.589397 -3.422395
v -23.489847 10.563763 -3.172395
v -20.187141 16.284214 -3.172395
v -18.052217 18.820007 -3.422396
v -18.004848 18.772644 -3.172396
v -20.240286 16.324993 -3.422395
v -20.187141 16.284214 -3.672395
v -17.875441 18.643234 -3.855409
v -18.004848 18.772644 -3.672396
v -20.041948 16.172802 -3.855408
v -21.867468 13.440723 -3.855408
v -22.025961 13.532227 -3.672395
v -23.320766 10.493729 -3.855407
v -23.489847 10.563763 -3.672395
v -24.376970 7.382246 -3.855404
v -24.553745 7.429615 -3.672391
v -24.618452 7.446951 -3.422391
v -25.265867 4.192173 -3.422390
v -25.018005 4.159536 -3.855403
v -25.199453 4.183424 -3.672390
v -25.415924 0.880722 -3.672390
v -25.482912 0.880722 -3.422390
v -25.232912 0.880722 -3.855403
v -24.982912 0.880722 -3.922390
v -24.770145 -2.365471 -3.922390
v -25.018005 -2.398102 -3.855402
v -25.199453 -2.421989 -3.672390
v -25.265867 -2.430733 -3.422390
v -24.553745 -5.668180 -3.672389
v -24.618452 -5.685516 -3.422389
v -24.376970 -5.620811 -3.855401
v -23.320770 -8.732277 -3.855399
v -23.489851 -8.802313 -3.672386
v -23.551741 -8.827950 -3.422385
v -22.025967 -11.770779 -3.672385
v -22.083981 -11.804274 -3.422385
v -21.867474 -11.679274 -3.855398
v -20.187141 -14.522776 -3.672385
v -20.041948 -14.411366 -3.855398
v -20.240286 -14.563557 -3.422385
v -18.052217 -17.058573 -3.422385
v -17.875441 -16.881796 -3.855397
v -18.004848 -17.011206 -3.672385
v -15.516423 -19.193499 -3.672383
v -15.405012 -19.048306 -3.855396
v -17.698664 -16.705019 -3.922385
v -15.252822 -18.849968 -3.922383
v -12.672912 -20.873838 -3.855393
v -12.764418 -21.032331 -3.672381
v -12.797912 -21.090345 -3.422381
v -9.821597 -22.558100 -3.422381
v -9.725926 -22.327131 -3.855393
v -9.795961 -22.496212 -3.672381
v -15.557203 -19.246645 -3.422383
v -18.004848 -17.011206 -3.172385
v -15.516423 -19.193499 -3.172383
v -12.764418 -21.032331 -3.172381
v -9.725926 -22.327131 -2.989368
v -15.405012 -19.048306 -2.989371
v -12.672912 -20.873838 -2.989368
v -9.795961 -22.496212 -3.172381
v -6.661825 -23.560108 -3.172380
v -6.679163 -23.624813 -3.422380
v -3.424381 -24.272230 -3.422380
v -6.661825 -23.560108 -3.672380
v -3.415638 -24.205816 -3.172380
v -3.415638 -24.205816 -3.672380
v -3.391750 -24.024370 -3.855393
v -6.614458 -23.383331 -3.855393
v -0.112915 -24.422289 -3.672380
v 3.165895 -24.024372 -3.855393
v 3.189783 -24.205818 -3.672380
v -0.112915 -24.239277 -3.855393
v -0.112915 -24.489277 -3.422380
v 3.189783 -24.205818 -3.172380
v 3.198527 -24.272234 -3.422380
v -0.112915 -24.422289 -3.172380
v -3.391750 -24.024370 -2.989367
v -0.112915 -24.239277 -2.989367
v 3.165895 -24.024372 -2.989367
v -0.112915 -23.989277 -2.922380
v -3.359118 -23.776508 -2.922380
v -6.485048 -22.900370 -2.989367
v -3.326486 -23.528646 -2.989367
v -6.549753 -23.141853 -2.922380
v -9.534584 -21.865191 -2.989368
v -9.630255 -22.096161 -2.922381
v -6.614458 -23.383331 -2.989367
v -12.547912 -20.657331 -2.922381
v -12.422912 -20.440826 -2.989370
v -15.100632 -18.651628 -2.989371
v -14.989221 -18.506435 -3.172384
v -12.331406 -20.282333 -3.172383
v -15.252822 -18.849968 -2.922384
v -17.698664 -16.705019 -2.922385
v -17.521887 -16.528242 -2.989372
v -17.392477 -16.398834 -3.172385
v -19.500078 -13.995575 -3.172385
v -19.645271 -14.106983 -2.989372
v -21.275969 -11.337769 -3.172385
v -21.434462 -11.429274 -2.989372
v -19.843611 -14.259174 -2.922385
v -21.867474 -11.679274 -2.989372
v -21.650967 -11.554274 -2.922385
v -20.041948 -14.411366 -2.989372
v -20.187141 -14.522776 -3.172385
v -17.875441 -16.881796 -2.989372
v -22.025967 -11.770779 -3.172385
v -23.489851 -8.802313 -3.172385
v -23.320770 -8.732277 -2.989374
v -24.376970 -5.620811 -2.989376
v -24.135489 -5.556107 -2.922389
v -23.089800 -8.636608 -2.922386
v -22.858829 -8.540936 -2.989374
v -22.689749 -8.470901 -3.172386
v -23.894007 -5.491402 -2.989376
v -23.717232 -5.444036 -3.172388
v -24.274422 -2.300205 -3.422390
v -23.652525 -5.426697 -3.422389
v -24.522284 -2.332840 -2.989377
v -24.340837 -2.308949 -3.172390
v -24.732912 0.880722 -2.989377
v -24.549900 0.880722 -3.172390
v -24.482912 0.880722 -3.422390
v -24.549900 0.880722 -3.672390
v -24.274422 4.061646 -3.422390
v -23.652525 7.188131 -3.422391
v -24.340837 4.070387 -3.672390
v -24.340837 4.070387 -3.172390
v -24.522284 4.094276 -2.989378
v -23.717232 7.205471 -3.172391
v -23.894007 7.252838 -2.989379
v -22.627855 10.206715 -3.422395
v -23.717232 7.205471 -3.672391
v -21.275961 13.099216 -3.672395
v -22.689745 10.232349 -3.672395
v -22.858826 10.302383 -3.855407
v -24.135489 7.317543 -3.922391
v -23.089796 10.398056 -3.922395
v -21.434454 13.190723 -3.855408
v -23.894007 7.252838 -3.855404
v -24.522284 4.094275 -3.855403
v -24.770145 4.126905 -3.922390
v -24.732912 0.880722 -3.855403
v -24.340837 -2.308949 -3.672390
v -24.522284 -2.332840 -3.855402
v -23.717232 -5.444036 -3.672389
v -24.135489 -5.556108 -3.922388
v -23.894007 -5.491404 -3.855401
v -22.858829 -8.540936 -3.855399
v -21.434462 -11.429274 -3.855398
v -23.089800 -8.636608 -3.922386
v -22.689749 -8.470901 -3.672386
v -21.275969 -11.337769 -3.672385
v -21.217955 -11.304274 -3.422385
v -19.500078 -13.995575 -3.672385
v -19.446934 -13.954794 -3.422385
v -17.345110 -16.351465 -3.422385
v -14.948442 -18.453291 -3.422384
v -17.392477 -16.398834 -3.672385
v -14.989221 -18.506435 -3.672384
v -17.521887 -16.528242 -3.855397
v -15.100632 -18.651628 -3.855396
v -19.645271 -14.106983 -3.855398
v -19.843611 -14.259174 -3.922385
v -21.650967 -11.554274 -3.922385
v -12.422912 -20.440826 -3.855396
v -12.547912 -20.657331 -3.922381
v -9.464548 -21.696110 -3.672381
v -9.534584 -21.865191 -3.855393
v -12.331406 -20.282333 -3.672383
v -9.438913 -21.634220 -3.422381
v -12.297912 -20.224319 -3.422383
v -9.464548 -21.696110 -3.172381
v -6.420343 -22.658888 -3.422381
v -6.437681 -22.723593 -3.672381
v -3.302598 -23.347198 -3.672380
v -6.485048 -22.900370 -3.855393
v -3.293855 -23.280787 -3.422380
v -0.112915 -23.489277 -3.422380
v -3.302598 -23.347198 -3.172380
v -6.437681 -22.723593 -3.172381
v -0.112915 -23.739277 -2.989367
v -0.112915 -23.556265 -3.172380
v 3.100632 -23.528650 -2.989367
v 3.076745 -23.347204 -3.172380
v 6.259196 -22.900373 -2.989367
v 6.211829 -22.723597 -3.172381
v 6.194491 -22.658892 -3.422381
v 3.068001 -23.280788 -3.422380
v 3.076745 -23.347204 -3.672380
v 6.259196 -22.900373 -3.855393
v 6.211829 -22.723597 -3.672381
v 3.100632 -23.528650 -3.855393
v -0.112915 -23.556265 -3.672380
v -3.326486 -23.528646 -3.855393
v -0.112915 -23.739277 -3.855393
v -0.112915 -23.989277 -3.922380
v 3.133264 -23.776512 -3.922380
v -3.359118 -23.776508 -3.922380
v -6.549753 -23.141853 -3.922380
v -9.630255 -22.096161 -3.922381
v 6.323901 -23.141855 -3.922380
v 6.388606 -23.383337 -3.855393
v 9.404423 -22.096159 -3.922381
v 9.308752 -21.865189 -3.855393
v 12.197079 -20.440825 -3.855396
v 12.322079 -20.657330 -3.922381
v 9.500093 -22.327129 -3.855393
v 12.447079 -20.873837 -3.855393
v 9.570129 -22.496210 -3.672381
v 6.435972 -23.560112 -3.672380
v 6.453310 -23.624819 -3.422380
v 6.435972 -23.560112 -3.172380
v 9.570129 -22.496210 -3.172381
v 9.595765 -22.558098 -3.422381
v 12.572079 -21.090343 -3.422381
v 12.538585 -21.032330 -3.172381
v 15.331350 -19.246656 -3.422383
v 12.538585 -21.032330 -3.672381
v 15.179160 -19.048317 -3.855396
v 15.290571 -19.193510 -3.672383
v 17.779001 -17.011219 -3.672385
v 17.826368 -17.058588 -3.422385
v 15.290571 -19.193510 -3.172383
v 20.014456 -14.563553 -3.422385
v 17.779001 -17.011219 -3.172385
v 19.961311 -14.522774 -3.172385
v 17.649593 -16.881811 -2.989372
v 15.179160 -19.048317 -2.989371
v 17.472816 -16.705034 -2.922385
v 19.816118 -14.411362 -2.989372
v 19.617779 -14.259171 -2.922385
v 21.800129 -11.770786 -3.172385
v 21.641636 -11.679281 -2.989372
v 21.425129 -11.554281 -2.922385
v 22.632990 -8.540955 -2.989374
v 21.208622 -11.429281 -2.989372
v 22.863958 -8.636625 -2.922386
v 23.094929 -8.732296 -2.989374
v 23.909655 -5.556103 -2.922389
v 24.151136 -5.620808 -2.989376
v 23.668173 -5.491398 -2.989376
v 24.544313 -2.365467 -2.922390
v 24.296452 -2.332836 -2.989377
v 24.115005 -2.308945 -3.172390
v 24.507078 0.880718 -2.989377
v 24.324066 0.880718 -3.172390
v 23.491398 -5.444031 -3.172388
v 22.463907 -8.470919 -3.172386
v 22.402020 -8.445284 -3.422386
v 23.426691 -5.426693 -3.422389
v 24.048590 -2.300201 -3.422390
v 23.491398 -5.444031 -3.672389
v 22.463907 -8.470919 -3.672386
v 20.992117 -11.304281 -3.422385
v 21.208622 -11.429281 -3.855398
v 22.632990 -8.540955 -3.855399
v 21.050129 -11.337776 -3.672385
v 19.419441 -14.106981 -3.855398
v 19.274248 -13.995571 -3.672385
v 19.221102 -13.954792 -3.422385
v 17.166630 -16.398848 -3.672385
v 17.296040 -16.528257 -3.855397
v 14.874780 -18.651642 -3.855396
v 17.472816 -16.705034 -3.922385
v 15.026970 -18.849979 -3.922383
v 19.617779 -14.259171 -3.922385
v 19.816118 -14.411362 -3.855398
v 17.649593 -16.881811 -3.855397
v 19.961311 -14.522774 -3.672385
v 21.641636 -11.679281 -3.855398
v 21.800129 -11.770786 -3.672385
v 23.264009 -8.802332 -3.672386
v 21.425129 -11.554281 -3.922385
v 22.863958 -8.636625 -3.922386
v 23.094929 -8.732296 -3.855399
v 23.325899 -8.827969 -3.422385
v 21.858141 -11.804281 -3.422385
v 23.264009 -8.802332 -3.172385
v 14.763369 -18.506449 -3.672384
v 17.119263 -16.351480 -3.422385
v 12.105573 -20.282331 -3.672383
v 14.722589 -18.453302 -3.422384
v 17.166630 -16.398848 -3.172385
v 14.763369 -18.506449 -3.172384
v 12.072079 -20.224318 -3.422383
v 12.105573 -20.282331 -3.172383
v 9.213081 -21.634220 -3.422381
v 9.238716 -21.696108 -3.672381
v 9.238716 -21.696108 -3.172381
v 9.308752 -21.865189 -2.989368
v 12.197079 -20.440825 -2.989370
v 12.322079 -20.657330 -2.922381
v 9.404423 -22.096159 -2.922381
v 9.500093 -22.327129 -2.989368
v 12.447079 -20.873837 -2.989368
v 6.323901 -23.141855 -2.922380
v 3.133264 -23.776512 -2.922380
v 6.388606 -23.383337 -2.989367
v 15.026970 -18.849979 -2.922384
v 14.874780 -18.651642 -2.989371
v 17.296040 -16.528257 -2.989372
v 19.419441 -14.106981 -2.989372
v 19.274248 -13.995571 -3.172385
v 21.050129 -11.337776 -3.172385
v 24.296452 4.094273 -2.989378
v 24.115005 4.070385 -3.172390
v 23.909653 7.317547 -2.922391
v 24.544313 4.126904 -2.922390
v 24.757078 0.880718 -2.922390
v 24.792173 -2.398098 -2.989377
v 25.007078 0.880718 -2.989377
v 24.792173 4.159534 -2.989378
v -22.627861 -8.445267 -3.422386
v -21.650961 13.315723 -3.922395
v -19.843611 16.020615 -3.922395
v -19.645271 15.868423 -3.855408
v -19.500078 15.757011 -3.672395
v -17.392477 18.160271 -3.672396
v -17.521887 18.289680 -3.855409
v -14.948431 20.214737 -3.422396
v -14.989211 20.267879 -3.672396
v -15.100621 20.413071 -3.855409
v -12.297912 21.985756 -3.422400
v -12.331406 22.043770 -3.672400
v -9.464548 23.457546 -3.672400
v -9.534584 23.626625 -3.855412
v -12.422912 22.202263 -3.855412
v -15.252810 20.611412 -3.922398
v -12.547912 22.418770 -3.922400
v -9.725926 24.088570 -3.855412
v -12.672912 22.635277 -3.855412
v -9.630255 23.857597 -3.922400
v -15.405002 20.809750 -3.855411
v -12.764418 22.793770 -3.672400
v -15.516413 20.954941 -3.672398
v -15.557193 21.008087 -3.422399
v -12.797912 22.851784 -3.422400
v -15.516413 20.954941 -3.172399
v -9.795961 24.257648 -3.672400
v -9.821597 24.319534 -3.422400
v -6.679152 25.386253 -3.422400
v -6.661814 25.321548 -3.672400
v -6.614447 25.144772 -3.855412
v -3.391738 25.785805 -3.855413
v -6.549742 24.903290 -3.922400
v -6.485037 24.661808 -3.855412
v -3.326475 25.290085 -3.855413
v -3.359107 25.537949 -3.922400
v -0.112915 26.000713 -3.855413
v -0.112915 25.750713 -3.922400
v -0.112915 25.500713 -3.855413
v 3.100632 25.290085 -3.855413
v 3.133264 25.537949 -3.922400
v 3.165895 25.785809 -3.855413
v 6.388617 25.144768 -3.855412
v 6.323913 24.903290 -3.922400
v 6.259208 24.661804 -3.855412
v 9.308752 23.626625 -3.855412
v 6.211841 24.485031 -3.672400
v 9.238716 23.457542 -3.672400
v 9.213081 23.395657 -3.422400
v 12.105573 22.043770 -3.672400
v 14.722598 20.214729 -3.422396
v 14.763378 20.267876 -3.672396
v 14.874788 20.413071 -3.855409
v 12.197079 22.202263 -3.855412
v 12.072079 21.985756 -3.422400
v 12.105573 22.043770 -3.172400
v 14.763378 20.267876 -3.172396
v 12.197079 22.202263 -2.989387
v 9.308752 23.626625 -2.989387
v 9.238716 23.457542 -3.172400
v 9.404423 23.857597 -2.922400
v 9.500093 24.088566 -2.989387
v 17.166637 18.160278 -3.672396
v 17.119270 18.112907 -3.422396
v 19.274248 15.757011 -3.672395
v 6.194503 24.420326 -3.422400
v 3.068001 25.042225 -3.422400
v -0.112915 25.250713 -3.422400
v 3.076745 25.108643 -3.672400
v -0.112915 25.317703 -3.672400
v -3.302587 25.108639 -3.672400
v -3.293843 25.042221 -3.422400
v -6.437670 24.485031 -3.672400
v -6.420332 24.420326 -3.422400
v -6.437670 24.485031 -3.172400
v -9.438913 23.395657 -3.422400
v -17.698664 18.466454 -3.922396
v -24.770145 4.126907 -2.922390
v -24.135489 7.317543 -2.922391
v -24.376970 7.382248 -2.989379
v -25.018005 4.159538 -2.989378
v -24.553745 7.429615 -3.172391
v -25.199453 4.183424 -3.172390
v -25.415924 0.880722 -3.172390
v -25.232912 0.880722 -2.989377
v -25.199453 -2.421989 -3.172390
v -25.018005 -2.398102 -2.989377
v -24.553745 -5.668180 -3.172388
v -24.770145 -2.365471 -2.922390
v -24.982912 0.880722 -2.922390
v 23.426691 7.188137 -3.422391
v 25.257078 0.880718 3.139081
v 25.190090 0.880718 3.389081
v 25.190090 0.880718 2.889081
v 25.040035 4.192169 3.139081
v 24.973619 4.183424 3.389081
v 24.973619 4.183422 2.889081
v 24.973619 -2.421986 3.389082
v 24.973619 -2.421986 2.889082
v 25.040035 -2.430729 3.139081
v 24.392618 -5.685513 3.139083
v 24.327911 -5.668175 2.889083
v 24.327911 -5.668175 3.389083
v 23.325899 -8.827969 3.139085
v 23.264009 -8.802332 3.389085
v 23.264009 -8.802332 2.889085
v 21.800129 -11.770786 2.889086
v 23.094929 -8.732296 2.706072
v 24.151136 -5.620808 2.706070
v 23.909655 -5.556103 2.639083
v 24.792173 -2.398098 2.706069
v 25.007078 0.880718 2.706069
v 24.544313 -2.365467 2.639082
v 24.757078 0.880718 2.639081
v 24.296452 -2.332836 2.706069
v 24.507078 0.880718 2.706069
v 23.668173 -5.491398 2.706070
v 24.115005 -2.308945 2.889081
v 24.324066 0.880718 2.889081
v 23.491398 -5.444031 2.889083
v 22.402020 -8.445284 3.139085
v 22.463907 -8.470919 2.889085
v 22.632990 -8.540955 2.706072
v 23.426691 -5.426693 3.139083
v 24.048590 -2.300201 3.139081
v 24.115005 -2.308945 3.389082
v 23.491398 -5.444029 3.389083
v 24.257078 0.880718 3.139081
v 24.324066 0.880718 3.389081
v 24.048590 4.061642 3.139081
v 24.115005 4.070385 3.389081
v 23.426691 7.188137 3.139081
v 24.115005 4.070385 2.889081
v 23.491396 7.205475 3.389081
v 23.491396 7.205475 2.889081
v 24.296452 4.094273 2.706068
v 23.668171 7.252842 2.706068
v 22.402023 10.206711 3.139077
v 22.463913 10.232346 2.889077
v 20.992117 13.065720 3.139077
v 21.050129 13.099213 2.889077
v 22.632994 10.302383 2.706064
v 21.208622 13.190720 2.706064
v 21.425129 13.315720 2.639077
v 19.419441 15.868420 2.706064
v 22.863964 10.398052 2.639077
v 23.909653 7.317547 2.639081
v 24.151134 7.382252 2.706068
v 23.094933 10.493725 2.706064
v 23.264013 10.563759 2.889077
v 21.641636 13.440720 2.706064
v 21.800129 13.532227 2.889077
v 21.858141 13.565720 3.139077
v 19.816118 16.172798 2.706064
v 19.961311 16.284210 2.889077
v 20.014456 16.324989 3.139077
v 17.649601 18.643238 2.706063
v 17.779009 18.772648 2.889075
v 17.826376 18.820015 3.139075
v 15.179170 20.809746 2.706060
v 15.331360 21.008087 3.139074
v 15.290580 20.954941 2.889074
v 12.447079 22.635273 2.706059
v 12.572079 22.851780 3.139072
v 12.538585 22.793766 2.889072
v 9.570129 24.257645 2.889072
v 6.435985 25.321548 2.889072
v 9.500093 24.088566 2.706059
v 6.453322 25.386253 3.139072
v 9.595765 24.319534 3.139072
v 9.570129 24.257645 3.389072
v 6.388617 25.144768 3.572085
v 6.435985 25.321548 3.389072
v 9.500093 24.088566 3.572085
v 12.447079 22.635273 3.572085
v 12.538585 22.793766 3.389072
v 15.290580 20.954941 3.389074
v 15.179170 20.809746 3.572087
v 17.649601 18.643238 3.572088
v 17.779009 18.772648 3.389075
v 19.816118 16.172798 3.572089
v 19.961311 16.284210 3.389077
v 21.800129 13.532227 3.389077
v 21.641636 13.440720 3.572089
v 23.094933 10.493725 3.572089
v 21.425129 13.315720 3.639077
v 22.863964 10.398052 3.639077
v 22.632994 10.302383 3.572089
v 21.208622 13.190720 3.572089
v 19.617779 16.020611 3.639077
v 19.419441 15.868420 3.572089
v 17.296047 18.289684 3.572088
v 17.472824 18.466461 3.639075
v 15.026978 20.611408 3.639074
v 14.874788 20.413071 3.572088
v 12.322079 22.418766 3.639072
v 12.197079 22.202263 3.572085
v 9.404423 23.857597 3.639072
v 6.323913 24.903290 3.639072
v 9.308752 23.626625 3.572085
v 12.105573 22.043770 3.389074
v 9.238716 23.457542 3.389072
v 6.259208 24.661804 3.572085
v 6.211841 24.485031 3.389072
v 3.133264 25.537949 3.639072
v 3.100632 25.290085 3.572085
v 3.076745 25.108643 3.389072
v -0.112915 25.750713 3.639072
v -0.112915 25.500713 3.572085
v -0.112915 25.317703 3.389072
v -3.326475 25.290085 3.572085
v -3.302587 25.108639 3.389072
v -6.549742 24.903290 3.639072
v -6.485037 24.661808 3.572085
v -3.359107 25.537949 3.639072
v -0.112915 26.000713 3.572084
v -3.391738 25.785805 3.572084
v -3.415626 25.967255 3.389072
v -6.661814 25.321548 3.389072
v -6.614447 25.144772 3.572085
v -9.725926 24.088570 3.572085
v -9.795961 24.257648 3.389072
v -6.679152 25.386253 3.139072
v -9.821597 24.319534 3.139072
v -12.764418 22.793770 3.389072
v -12.672912 22.635277 3.572085
v -12.797912 22.851784 3.139072
v -9.795961 24.257648 2.889072
v -15.516413 20.954941 3.389074
v -12.764418 22.793770 2.889072
v -15.516413 20.954941 2.889074
v -15.557193 21.008087 3.139074
v -18.004848 18.772644 3.389075
v -18.004848 18.772644 2.889075
v -18.052217 18.820007 3.139075
v -20.187141 16.284214 2.889077
v -20.240286 16.324993 3.139077
v -20.187141 16.284214 3.389077
v -22.025961 13.532227 3.389077
v -22.083973 13.565723 3.139077
v -17.875441 18.643234 3.572088
v -20.041948 16.172802 3.572089
v -21.867468 13.440723 3.572089
v -19.843611 16.020615 3.639077
v -19.645271 15.868423 3.572089
v -17.698664 18.466454 3.639075
v -21.650961 13.315723 3.639077
v -21.434454 13.190723 3.572089
v -23.089796 10.398056 3.639077
v -19.500078 15.757011 3.389077
v -21.275961 13.099216 3.389077
v -22.858826 10.302383 3.572089
v -23.894007 7.252840 3.572093
v -23.717232 7.205472 3.389081
v -22.689745 10.232349 3.389077
v -22.627855 10.206715 3.139077
v -22.689745 10.232349 2.889077
v -21.217949 13.065723 3.139077
v -21.275961 13.099216 2.889077
v -23.652525 7.188133 3.139081
v -24.340837 4.070389 3.389081
v -24.274422 4.061646 3.139081
v -23.717232 7.205471 2.889081
v -24.340837 4.070389 2.889081
v -23.894007 7.252838 2.706068
v -24.522284 4.094276 2.706068
v -24.549900 0.880722 2.889081
v -24.732912 0.880722 2.706069
v -24.340837 -2.308949 2.889081
v -24.522284 -2.332840 2.706069
v -24.982912 0.880722 2.639081
v -24.770145 4.126907 2.639081
v -24.135489 7.317543 2.639081
v -24.376970 7.382248 2.706068
v -25.018005 4.159538 2.706068
v -24.553745 7.429615 2.889081
v -25.199453 4.183426 2.889081
v -25.232912 0.880722 2.706069
v -24.770145 -2.365471 2.639082
v -25.415924 0.880722 2.889081
v -25.018005 -2.398102 2.706069
v -24.553745 -5.668179 2.889083
v -25.199453 -2.421989 2.889082
v -24.135489 -5.556107 2.639083
v -24.376970 -5.620811 2.706070
v -23.089800 -8.636608 2.639085
v -23.320770 -8.732277 2.706072
v -23.489851 -8.802313 2.889085
v -21.650967 -11.554274 2.639086
v -21.867474 -11.679274 2.706074
v -19.843611 -14.259174 2.639086
v -20.041948 -14.411366 2.706074
v -20.187141 -14.522776 2.889086
v -22.025967 -11.770779 2.889086
v -22.083981 -11.804274 3.139086
v -23.551741 -8.827950 3.139085
v -24.618452 -5.685516 3.139083
v -24.553745 -5.668179 3.389083
v -23.489851 -8.802313 3.389085
v -22.025967 -11.770779 3.389086
v -21.867474 -11.679274 3.572099
v -20.187141 -14.522776 3.389086
v -20.240286 -14.563557 3.139086
v -20.041948 -14.411366 3.572099
v -18.004848 -17.011206 3.389087
v -17.875441 -16.881796 3.572099
v -17.698664 -16.705019 3.639087
v -15.405012 -19.048306 3.572100
v -15.516423 -19.193499 3.389087
v -15.252822 -18.849968 3.639087
v -12.672912 -20.873838 3.572102
v -12.764418 -21.032331 3.389089
v -12.547912 -20.657331 3.639089
v -9.630255 -22.096159 3.639089
v -9.725926 -22.327129 3.572104
v -9.795961 -22.496210 3.389091
v -6.614458 -23.383329 3.572104
v -6.661825 -23.560106 3.389091
v -6.549753 -23.141851 3.639091
v -3.415638 -24.205814 3.389091
v -3.391750 -24.024368 3.572104
v -3.359118 -23.776506 3.639091
v -0.112915 -24.239275 3.572104
v -0.112915 -24.422287 3.389091
v -0.112915 -23.989275 3.639091
v 3.165895 -24.024370 3.572104
v 3.189783 -24.205816 3.389091
v 3.133264 -23.776510 3.639091
v 6.435972 -23.560110 3.389091
v 6.388606 -23.383335 3.572104
v 9.404423 -22.096157 3.639089
v 6.323901 -23.141853 3.639091
v 9.500093 -22.327126 3.572104
v 12.322079 -20.657330 3.639089
v 12.447079 -20.873837 3.572102
v 9.570129 -22.496208 3.389091
v 9.595765 -22.558096 3.139091
v 12.538585 -21.032330 3.389089
v 6.453310 -23.624817 3.139091
v 12.572079 -21.090343 3.139089
v 15.331350 -19.246656 3.139087
v 12.538585 -21.032330 2.889089
v 9.570129 -22.496210 2.889091
v 12.447079 -20.873837 2.706076
v 9.500093 -22.327129 2.706078
v 6.388606 -23.383337 2.706078
v 6.435972 -23.560112 2.889091
v 3.165895 -24.024372 2.706079
v 3.189783 -24.205818 2.889091
v -0.112915 -24.489275 3.139091
v -0.112915 -24.422289 2.889091
v 3.198527 -24.272232 3.139091
v -0.112915 -24.239277 2.706079
v -3.424381 -24.272228 3.139091
v -3.391750 -24.024370 2.706079
v -3.415638 -24.205816 2.889091
v -6.679163 -23.624811 3.139091
v -6.661825 -23.560108 2.889091
v -6.614458 -23.383331 2.706078
v -9.821597 -22.558098 3.139091
v -9.795961 -22.496212 2.889091
v -12.797912 -21.090345 3.139089
v -12.764418 -21.032331 2.889089
v -9.725926 -22.327131 2.706078
v -12.672912 -20.873838 2.706076
v -9.630255 -22.096161 2.639089
v -12.547912 -20.657331 2.639089
v -9.534584 -21.865191 2.706076
v -6.485048 -22.900370 2.706078
v -6.549753 -23.141853 2.639091
v -3.326486 -23.528646 2.706078
v -3.359118 -23.776508 2.639091
v -0.112915 -23.739277 2.706078
v -0.112915 -23.989277 2.639091
v 3.100632 -23.528650 2.706078
v 3.133264 -23.776512 2.639091
v 6.259196 -22.900373 2.706078
v 6.323901 -23.141855 2.639091
v 9.308752 -21.865189 2.706076
v 9.404423 -22.096159 2.639089
v 12.197079 -20.440825 2.706075
v 12.322079 -20.657330 2.639089
v 14.874780 -18.651642 2.706075
v 15.026970 -18.849979 2.639087
v 15.179160 -19.048317 2.706075
v 17.472816 -16.705034 2.639087
v 17.296040 -16.528257 2.706074
v 14.763369 -18.506449 2.889087
v 19.419441 -14.106981 2.706074
v 17.166630 -16.398848 2.889087
v 17.119263 -16.351480 3.139087
v 19.221102 -13.954792 3.139086
v 19.274248 -13.995571 2.889086
v 20.992117 -11.304281 3.139086
v 21.050129 -11.337776 2.889086
v 21.208622 -11.429281 2.706074
v 21.425129 -11.554281 2.639086
v 21.641636 -11.679281 2.706074
v 22.863958 -8.636625 2.639085
v 19.617779 -14.259171 2.639086
v 17.649593 -16.881811 2.706074
v 19.816118 -14.411362 2.706074
v 17.779001 -17.011219 2.889087
v 19.961311 -14.522774 2.889086
v 20.014456 -14.563553 3.139086
v 17.826368 -17.058588 3.139087
v 21.800129 -11.770786 3.389086
v 19.961311 -14.522774 3.389086
v 17.779001 -17.011219 3.389087
v 21.858141 -11.804281 3.139086
v 17.649593 -16.881811 3.572099
v 15.290571 -19.193510 3.389087
v 15.179160 -19.048317 3.572100
v 15.026970 -18.849979 3.639087
v 14.874780 -18.651642 3.572100
v 17.472816 -16.705034 3.639087
v 12.197079 -20.440825 3.572100
v 9.308752 -21.865189 3.572102
v 9.238716 -21.696108 3.389089
v 12.105573 -20.282331 3.389087
v 9.213081 -21.634220 3.139089
v 12.072079 -20.224318 3.139087
v 14.763369 -18.506449 3.389087
v 17.166630 -16.398848 3.389087
v 14.722589 -18.453302 3.139087
v 17.296040 -16.528257 3.572099
v 19.617779 -14.259171 3.639086
v 19.419441 -14.106981 3.572099
v 21.425129 -11.554281 3.639086
v 21.208622 -11.429281 3.572099
v 21.050129 -11.337776 3.389086
v 19.274248 -13.995571 3.389086
v 22.632990 -8.540955 3.572098
v 22.463907 -8.470919 3.389085
v 23.668173 -5.491396 3.572095
v 24.296452 -2.332836 3.572094
v 23.909655 -5.556103 3.639083
v 22.863958 -8.636625 3.639085
v 24.544313 -2.365467 3.639082
v 24.792173 -2.398098 3.572094
v 24.151136 -5.620808 3.572095
v 23.094929 -8.732296 3.572098
v 21.641636 -11.679281 3.572099
v 19.816118 -14.411362 3.572099
v 25.007078 0.880718 3.572094
v 24.757078 0.880718 3.639081
v 24.792173 4.159534 3.572093
v 24.151134 7.382254 3.572093
v 24.544313 4.126904 3.639081
v 24.327911 7.429619 3.389081
v 23.909653 7.317547 3.639081
v 24.296452 4.094275 3.572093
v 23.668171 7.252842 3.572093
v 22.463913 10.232346 3.389077
v 21.050129 13.099213 3.389077
v 19.221102 15.716228 3.139077
v 19.274248 15.757011 3.389077
v 17.119270 18.112907 3.139075
v 17.166637 18.160278 3.389075
v 14.763378 20.267876 3.389075
v 14.722598 20.214729 3.139075
v 12.105573 22.043770 2.889074
v 14.763378 20.267876 2.889075
v 17.166637 18.160278 2.889075
v 12.072079 21.985756 3.139074
v 9.213081 23.395657 3.139072
v 9.238716 23.457542 2.889072
v 6.211841 24.485031 2.889072
v 6.194503 24.420326 3.139072
v 3.068001 25.042225 3.139072
v 3.076745 25.108643 2.889072
v -0.112915 25.250713 3.139072
v -0.112915 25.317703 2.889072
v -3.302587 25.108639 2.889072
v -3.293843 25.042221 3.139072
v -6.437670 24.485031 2.889072
v -6.420332 24.420326 3.139072
v -6.437670 24.485031 3.389072
v -9.464548 23.457546 3.389072
v -9.534584 23.626625 3.572085
v -12.331406 22.043770 3.389074
v -12.297912 21.985756 3.139074
v -9.438913 23.395657 3.139072
v -9.464548 23.457546 2.889072
v -12.331406 22.043770 2.889074
v -9.534584 23.626625 2.706059
v -6.485037 24.661808 2.706059
v -9.630255 23.857597 2.639072
v -6.549742 24.903290 2.639072
v -3.326475 25.290085 2.706059
v -3.359107 25.537949 2.639072
v -0.112915 25.750713 2.639072
v -0.112915 25.500713 2.706059
v 3.100632 25.290085 2.706059
v 3.133264 25.537949 2.639072
v 6.323913 24.903290 2.639072
v 6.259208 24.661804 2.706059
v 9.404423 23.857597 2.639072
v 9.308752 23.626625 2.706059
v 12.197079 22.202263 2.706059
v 12.322079 22.418766 2.639072
v 14.874788 20.413071 2.706062
v 17.296047 18.289684 2.706063
v 15.026978 20.611408 2.639074
v 17.472824 18.466461 2.639075
v 19.617779 16.020611 2.639077
v 19.274248 15.757011 2.889077
v 6.388617 25.144768 2.706059
v 3.165895 25.785809 2.706059
v 3.189783 25.967255 2.889072
v -0.112915 26.183723 2.889072
v -0.112915 26.000713 2.706059
v -3.391738 25.785805 2.706059
v -3.415626 25.967255 2.889072
v -6.661814 25.321548 2.889072
v -6.614447 25.144772 2.706059
v -9.725926 24.088570 2.706059
v -12.672912 22.635277 2.706059
v -15.405002 20.809750 2.706060
v -15.252810 20.611412 2.639074
v -12.547912 22.418770 2.639072
v -12.422912 22.202263 2.706059
v -14.989211 20.267879 2.889075
v -15.100621 20.413071 2.706062
v -17.698664 18.466454 2.639075
v -17.521887 18.289680 2.706063
v -19.645271 15.868423 2.706064
v -17.392477 18.160271 2.889075
v -14.948431 20.214737 3.139075
v -19.500078 15.757011 2.889077
v -17.345110 18.112900 3.139075
v -17.392477 18.160271 3.389075
v -19.446934 15.716232 3.139077
v -14.989211 20.267879 3.389075
v -17.521887 18.289680 3.572088
v -15.100621 20.413071 3.572088
v -15.252810 20.611412 3.639074
v -12.422912 22.202263 3.572085
v -12.547912 22.418770 3.639072
v -15.405002 20.809750 3.572087
v -9.630255 23.857597 3.639072
v -21.434454 13.190723 2.706064
v -21.650961 13.315723 2.639077
v -22.858826 10.302383 2.706064
v -23.089796 10.398056 2.639077
v -19.843611 16.020615 2.639077
v -20.041948 16.172802 2.706064
v -21.867468 13.440723 2.706064
v -17.875441 18.643234 2.706063
v -23.320766 10.493729 2.706064
v -22.025961 13.532227 2.889077
v -23.489847 10.563763 2.889077
v -23.551735 10.589397 3.139077
v -24.618452 7.446953 3.139081
v -23.489847 10.563763 3.389077
v -25.265867 4.192173 3.139081
v -24.553745 7.429615 3.389081
v -23.320766 10.493729 3.572089
v -24.376970 7.382248 3.572093
v -25.199453 4.183426 3.389081
v -25.415924 0.880722 3.389081
v -25.232912 0.880722 3.572094
v -25.482912 0.880722 3.139081
v -25.018005 4.159538 3.572093
v -24.770145 4.126907 3.639081
v -24.982912 0.880722 3.639081
v -24.135489 7.317544 3.639081
v -24.522284 4.094276 3.572093
v -24.732912 0.880722 3.572094
v -24.549900 0.880722 3.389081
v -24.340837 -2.308949 3.389082
v -24.522284 -2.332840 3.572094
v -24.770145 -2.365471 3.639082
v -24.135489 -5.556107 3.639083
v -23.894007 -5.491402 3.572095
v -24.376970 -5.620811 3.572095
v -25.018005 -2.398102 3.572094
v -25.199453 -2.421989 3.389082
v -25.265867 -2.430733 3.139081
v -23.320770 -8.732277 3.572098
v -23.089800 -8.636608 3.639085
v -21.434462 -11.429274 3.572099
v -21.650967 -11.554274 3.639086
v -22.858829 -8.540936 3.572098
v -22.689749 -8.470901 3.389085
v -21.275969 -11.337769 3.389086
v -19.645271 -14.106983 3.572099
v -22.627861 -8.445267 3.139085
v -21.217955 -11.304274 3.139086
v -19.446934 -13.954794 3.139086
v -19.500078 -13.995575 3.389086
v -17.345110 -16.351465 3.139087
v -17.392477 -16.398834 3.389087
v -17.521887 -16.528242 3.572099
v -15.100632 -18.651628 3.572100
v -12.422912 -20.440826 3.572100
v -14.989221 -18.506435 3.389087
v -12.331406 -20.282333 3.389087
v -9.534584 -21.865191 3.572102
v -9.464548 -21.696110 3.389089
v -14.948442 -18.453291 3.139087
v -12.297912 -20.224319 3.139087
v -9.438913 -21.634220 3.139089
v -6.420343 -22.658886 3.139091
v -6.437681 -22.723593 2.889091
v -9.464548 -21.696110 2.889089
v -12.331406 -20.282333 2.889087
v -14.989221 -18.506435 2.889087
v -15.100632 -18.651628 2.706075
v -12.422912 -20.440826 2.706075
v -15.252822 -18.849968 2.639087
v -17.698664 -16.705019 2.639087
v -15.405012 -19.048306 2.706075
v -17.875441 -16.881796 2.706074
v -18.004848 -17.011206 2.889087
v -15.516423 -19.193499 2.889087
v -15.557203 -19.246645 3.139087
v -18.052217 -17.058573 3.139087
v -17.521887 -16.528242 2.706074
v -19.500078 -13.995575 2.889086
v -19.645271 -14.106983 2.706074
v -17.392477 -16.398834 2.889087
v -21.434462 -11.429274 2.706074
v -21.275969 -11.337769 2.889086
v -22.689749 -8.470901 2.889085
v -23.717232 -5.444035 2.889083
v -22.858829 -8.540936 2.706072
v -23.894007 -5.491402 2.706070
v -23.652525 -5.426697 3.139083
v -23.717232 -5.444035 3.389083
v -24.274422 -2.300205 3.139081
v -24.482912 0.880722 3.139081
v -3.302598 -23.347198 2.889091
v -3.293855 -23.280785 3.139091
v -0.112915 -23.489275 3.139091
v -3.302598 -23.347198 3.389091
v -6.437681 -22.723591 3.389091
v -6.485048 -22.900368 3.572104
v -3.326486 -23.528645 3.572104
v -0.112915 -23.739275 3.572104
v 3.100632 -23.528648 3.572104
v -0.112915 -23.556263 3.389091
v 3.076745 -23.347202 3.389091
v 6.259196 -22.900372 3.572104
v 6.194491 -22.658890 3.139091
v 6.211829 -22.723595 3.389091
v 3.068001 -23.280788 3.139091
v 3.076745 -23.347204 2.889091
v -0.112915 -23.556265 2.889091
v 6.211829 -22.723597 2.889091
v 9.238716 -21.696108 2.889089
v 12.105573 -20.282331 2.889087
v -19.843611 -14.259174 3.639086
v -3.424370 26.033669 3.139072
v -0.112915 26.183723 3.389072
v -0.112915 26.250717 3.139072
v 3.198527 26.033669 3.139072
v 3.189783 25.967255 3.389072
v 3.165895 25.785809 3.572084
v 24.507078 0.880718 3.572094
v 23.264013 10.563759 3.389077
v 23.325903 10.589394 3.139077
v 24.392616 7.446957 3.139081
v 24.327911 7.429619 2.889081
v 24.792173 4.159534 2.706068
v 24.544313 4.126904 2.639081
v 15.290571 -19.193510 2.889087
vn -0.0000 -0.0000 -1.0000
vn -0.2621 -0.6753 -0.6894
vn -0.4660 -0.4754 -0.7462
vn -0.7000 -0.7141 -0.0000
vn -0.6699 -0.2755 -0.6894
vn -0.8428 -0.1060 -0.5276
vn -0.9583 0.0072 -0.2856
vn -0.5050 0.4950 -0.7071
vn -0.6598 0.6467 -0.3827
vn -0.2733 0.2679 -0.9239
vn -0.0263 0.9580 -0.2856
vn 0.0892 0.8448 -0.5276
vn 0.2621 0.6753 -0.6894
vn 0.7000 0.7141 -0.0000
vn 0.4660 0.4754 -0.7462
vn 0.6699 0.2755 -0.6894
vn 0.8428 0.1060 -0.5276
vn 0.5050 -0.4950 -0.7071
vn 0.2733 -0.2679 -0.9239
vn -0.0892 -0.8448 -0.5276
vn 0.9583 -0.0072 -0.2856
vn 0.0263 -0.9580 -0.2856
vn 0.6598 -0.6467 -0.3827
vn 0.9989 -0.0470 -0.0000
vn 0.9583 -0.0072 0.2856
vn 0.5050 -0.4950 0.7071
vn 0.6598 -0.6467 0.3827
vn 0.8428 0.1060 0.5276
vn 0.0263 -0.9580 0.2856
vn 0.6699 0.2755 0.6894
vn -0.0892 -0.8448 0.5276
vn -0.2621 -0.6753 0.6894
vn 0.2733 -0.2679 0.9239
vn -0.0000 -0.0000 1.0000
vn 0.4660 0.4754 0.7462
vn -0.4660 -0.4754 0.7462
vn 0.2621 0.6753 0.6894
vn -0.6699 -0.2755 0.6894
vn -0.2733 0.2679 0.9239
vn 0.0892 0.8448 0.5276
vn -0.0263 0.9580 0.2856
vn -0.0668 0.9978 -0.0000
vn -0.7141 0.7000 -0.0000
vn -0.6598 0.6467 0.3827
vn -0.9989 0.0470 -0.0000
vn -0.9583 0.0072 0.2856
vn -0.8428 -0.1060 0.5276
vn 0.0669 -0.9978 -0.0000
vn 0.7141 -0.7000 -0.0000
vn -0.5050 0.4950 0.7071
vn 0.9914 0.1305 -0.0000
vn 0.8687 -0.0000 0.4954
vn 1.0000 -0.0000 -0.0000
vn 0.8612 -0.1134 0.4954
vn 0.8612 0.1134 -0.4954
vn 0.8687 -0.0000 -0.4954
vn 0.9914 -0.1305 -0.0000
vn 0.5037 -0.0663 0.8614
vn 0.8391 -0.2248 0.4954
vn 0.4907 -0.1315 0.8614
vn 0.0107 -0.0014 0.9999
vn 0.5080 -0.0000 0.8614
vn 0.0108 -0.0000 0.9999
vn 0.0104 -0.0028 0.9999
vn -0.4876 0.0642 0.8707
vn -0.4751 0.1273 0.8707
vn -0.4918 -0.0000 0.8707
vn -0.8339 0.2234 0.5047
vn -0.8559 0.1127 0.5047
vn -0.9659 0.2588 -0.0000
vn -0.4544 0.1882 0.8707
vn -0.7976 0.3304 0.5047
vn -0.9239 0.3827 -0.0000
vn -0.9914 0.1305 -0.0000
vn -0.8339 0.2234 -0.5047
vn -0.4544 0.1882 -0.8707
vn -0.7976 0.3304 -0.5047
vn -0.4751 0.1273 -0.8707
vn -0.4876 0.0642 -0.8707
vn -0.8559 0.1127 -0.5047
vn 0.0104 -0.0028 -0.9999
vn -0.4918 -0.0000 -0.8707
vn 0.0107 -0.0014 -0.9999
vn -0.8633 -0.0000 -0.5047
vn -0.8559 -0.1127 -0.5047
vn -0.4876 -0.0642 -0.8707
vn 0.0108 -0.0000 -0.9999
vn 0.5037 -0.0663 -0.8614
vn 0.5080 -0.0000 -0.8614
vn 0.0107 0.0014 -0.9999
vn 0.5037 0.0663 -0.8614
vn 0.0104 0.0028 -0.9999
vn -0.4544 -0.1882 -0.8707
vn 0.0100 0.0041 -0.9999
vn -0.4751 -0.1273 -0.8707
vn 0.4907 0.1315 -0.8614
vn 0.4693 0.1944 -0.8614
vn 0.8391 0.2248 -0.4954
vn 0.8025 0.3324 -0.4954
vn 0.9659 0.2588 -0.0000
vn 0.8391 0.2248 0.4954
vn 0.9239 0.3827 -0.0000
vn 0.8025 0.3324 0.4954
vn 0.4693 0.1944 0.8614
vn 0.4907 0.1315 0.8614
vn 0.5037 0.0663 0.8614
vn 0.8612 0.1134 0.4954
vn 0.0104 0.0028 0.9999
vn 0.0107 0.0014 0.9999
vn -0.4876 -0.0642 0.8707
vn -0.8633 -0.0000 0.5047
vn -0.4751 -0.1273 0.8707
vn -0.8559 -0.1127 0.5047
vn -1.0000 -0.0000 -0.0000
vn -0.9914 -0.1305 -0.0000
vn -0.8339 -0.2234 0.5047
vn -0.9659 -0.2588 -0.0000
vn -0.9239 -0.3827 -0.0000
vn -0.7976 -0.3304 -0.5047
vn -0.7976 -0.3304 0.5047
vn -0.8339 -0.2234 -0.5047
vn -0.4259 -0.2459 0.8707
vn -0.4544 -0.1882 0.8707
vn -0.7476 -0.4316 0.5047
vn -0.8660 -0.5000 -0.0000
vn -0.6849 -0.5255 0.5047
vn -0.7934 -0.6088 -0.0000
vn -0.6849 -0.5255 -0.5047
vn -0.7476 -0.4316 -0.5047
vn -0.6104 -0.6104 0.5047
vn -0.7071 -0.7071 -0.0000
vn -0.5255 -0.6849 0.5047
vn -0.6088 -0.7934 -0.0000
vn -0.6104 -0.6104 -0.5047
vn -0.5255 -0.6849 -0.5047
vn -0.2994 -0.3902 -0.8707
vn -0.3902 -0.2994 -0.8707
vn -0.3478 -0.3478 -0.8707
vn 0.0076 0.0076 -0.9999
vn 0.0066 0.0086 -0.9999
vn -0.2459 -0.4259 -0.8707
vn -0.4316 -0.7476 -0.5047
vn -0.3827 -0.9239 -0.0000
vn -0.3304 -0.7976 -0.5047
vn -0.5000 -0.8660 -0.0000
vn -0.1882 -0.4544 -0.8707
vn -0.2234 -0.8339 -0.5047
vn -0.1273 -0.4751 -0.8707
vn 0.0054 0.0093 -0.9999
vn 0.0041 0.0100 -0.9999
vn 0.2540 0.4399 -0.8614
vn 0.3093 0.4030 -0.8614
vn 0.1944 0.4693 -0.8614
vn 0.4343 0.7523 -0.4954
vn 0.5288 0.6892 -0.4954
vn 0.6142 0.6142 -0.4954
vn 0.3592 0.3592 -0.8614
vn 0.6892 0.5288 -0.4954
vn 0.4030 0.3093 -0.8614
vn 0.7934 0.6088 -0.0000
vn 0.7523 0.4343 -0.4954
vn 0.4399 0.2540 -0.8614
vn 0.8660 0.5000 -0.0000
vn 0.7523 0.4343 0.4954
vn 0.6892 0.5288 0.4954
vn 0.4030 0.3093 0.8614
vn 0.4399 0.2540 0.8614
vn 0.0093 0.0054 0.9999
vn 0.0100 0.0041 0.9999
vn 0.0086 0.0066 0.9999
vn -0.3902 -0.2994 0.8707
vn 0.0076 0.0076 0.9999
vn -0.3478 -0.3478 0.8707
vn -0.2994 -0.3902 0.8707
vn 0.0066 0.0086 0.9999
vn -0.2459 -0.4259 0.8707
vn -0.4316 -0.7476 0.5047
vn 0.3093 0.4030 0.8614
vn 0.2540 0.4399 0.8614
vn 0.0054 0.0093 0.9999
vn 0.1944 0.4693 0.8614
vn 0.0041 0.0100 0.9999
vn 0.0028 0.0104 0.9999
vn -0.1882 -0.4544 0.8707
vn -0.1273 -0.4751 0.8707
vn -0.2234 -0.8339 0.5047
vn -0.3304 -0.7976 0.5047
vn -0.1127 -0.8559 0.5047
vn -0.1305 -0.9914 -0.0000
vn -0.0642 -0.4876 0.8707
vn -0.2588 -0.9659 -0.0000
vn -0.0000 -1.0000 -0.0000
vn -0.1127 -0.8559 -0.5047
vn -0.0000 -0.8633 -0.5047
vn -0.0000 -0.4918 -0.8707
vn -0.0642 -0.4876 -0.8707
vn 0.0014 0.0107 -0.9999
vn 0.0028 0.0104 -0.9999
vn 0.1315 0.4907 -0.8614
vn 0.0663 0.5037 -0.8614
vn 0.1134 0.8612 -0.4954
vn 0.2248 0.8391 -0.4954
vn 0.2588 0.9659 -0.0000
vn 0.3324 0.8026 -0.4954
vn 0.3827 0.9239 -0.0000
vn 0.3324 0.8026 0.4954
vn 0.5000 0.8660 -0.0000
vn 0.4343 0.7523 0.4954
vn 0.2248 0.8391 0.4954
vn 0.1134 0.8612 0.4954
vn 0.1315 0.4907 0.8614
vn 0.1305 0.9914 -0.0000
vn -0.0000 0.8687 0.4954
vn 0.0663 0.5037 0.8614
vn -0.0000 0.5080 0.8614
vn -0.0000 0.0108 0.9999
vn 0.0014 0.0107 0.9999
vn -0.0014 0.0107 0.9999
vn -0.0000 -0.4918 0.8707
vn 0.0642 -0.4876 0.8707
vn -0.0000 -0.8633 0.5047
vn 0.1127 -0.8559 0.5047
vn 0.1305 -0.9914 -0.0000
vn 0.1273 -0.4751 0.8707
vn 0.2234 -0.8339 0.5047
vn 0.2588 -0.9659 -0.0000
vn 0.3827 -0.9239 -0.0000
vn 0.2234 -0.8339 -0.5047
vn 0.1127 -0.8559 -0.5047
vn 0.3304 -0.7976 -0.5047
vn 0.0642 -0.4876 -0.8707
vn 0.1273 -0.4751 -0.8707
vn 0.4316 -0.7476 -0.5047
vn 0.1882 -0.4544 -0.8707
vn 0.2459 -0.4259 -0.8707
vn -0.0041 0.0100 -0.9999
vn 0.2994 -0.3902 -0.8707
vn -0.0054 0.0093 -0.9999
vn -0.0066 0.0086 -0.9999
vn -0.3093 0.4030 -0.8614
vn -0.2540 0.4399 -0.8614
vn -0.3592 0.3592 -0.8614
vn -0.6142 0.6142 -0.4954
vn -0.5288 0.6892 -0.4954
vn -0.5000 0.8660 -0.0000
vn -0.4343 0.7523 -0.4954
vn -0.6088 0.7934 -0.0000
vn -0.6142 0.6142 0.4954
vn -0.5288 0.6892 0.4954
vn -0.7071 0.7071 -0.0000
vn -0.6892 0.5288 -0.4954
vn -0.7934 0.6088 -0.0000
vn -0.8660 0.5000 -0.0000
vn -0.6892 0.5288 0.4954
vn -0.3592 0.3592 0.8614
vn -0.7523 0.4343 0.4954
vn -0.4399 0.2540 0.8614
vn -0.4030 0.3093 0.8614
vn -0.0093 0.0054 0.9999
vn -0.0100 0.0041 0.9999
vn -0.4693 0.1944 0.8614
vn -0.8025 0.3324 0.4954
vn -0.8391 0.2248 0.4954
vn -0.4907 0.1315 0.8614
vn -0.8612 0.1134 0.4954
vn -0.5037 0.0663 0.8614
vn -0.0104 0.0028 0.9999
vn -0.0107 0.0014 0.9999
vn 0.4751 -0.1273 0.8707
vn -0.5080 -0.0000 0.8614
vn -0.0108 -0.0000 0.9999
vn 0.4918 -0.0000 0.8707
vn 0.4876 -0.0642 0.8707
vn 0.8339 -0.2234 0.5047
vn 0.8559 -0.1127 0.5047
vn 0.8633 -0.0000 0.5047
vn 0.9659 -0.2588 -0.0000
vn 0.8559 -0.1127 -0.5047
vn 0.8633 -0.0000 -0.5047
vn 0.4876 -0.0642 -0.8707
vn 0.4751 -0.1273 -0.8707
vn 0.8339 -0.2234 -0.5047
vn 0.7976 -0.3304 -0.5047
vn 0.4544 -0.1882 -0.8707
vn -0.0104 0.0028 -0.9999
vn 0.9239 -0.3827 -0.0000
vn 0.7476 -0.4316 -0.5047
vn 0.4259 -0.2459 -0.8707
vn 0.6849 -0.5255 -0.5047
vn 0.8660 -0.5000 -0.0000
vn 0.7934 -0.6088 -0.0000
vn 0.3902 -0.2994 -0.8707
vn 0.6104 -0.6104 -0.5047
vn 0.3478 -0.3478 -0.8707
vn -0.0086 0.0066 -0.9999
vn -0.0076 0.0076 -0.9999
vn -0.4030 0.3093 -0.8614
vn -0.0093 0.0054 -0.9999
vn -0.4399 0.2540 -0.8614
vn -0.0100 0.0041 -0.9999
vn -0.4693 0.1944 -0.8614
vn -0.8025 0.3324 -0.4954
vn -0.7523 0.4343 -0.4954
vn -0.8391 0.2248 -0.4954
vn -0.8612 0.1134 -0.4954
vn -0.8687 -0.0000 -0.4954
vn -0.8612 -0.1134 0.4954
vn -0.8612 -0.1134 -0.4954
vn -0.8687 -0.0000 0.4954
vn -0.5037 -0.0663 -0.8614
vn -0.8391 -0.2248 -0.4954
vn -0.5080 -0.0000 -0.8614
vn -0.5037 0.0663 -0.8614
vn -0.0108 -0.0000 -0.9999
vn -0.0107 -0.0014 -0.9999
vn 0.4876 0.0642 -0.8707
vn 0.4918 -0.0000 -0.8707
vn -0.0107 0.0014 -0.9999
vn 0.8559 0.1127 -0.5047
vn 0.4751 0.1273 -0.8707
vn 0.7976 0.3304 -0.5047
vn 0.8339 0.2234 -0.5047
vn 0.4544 0.1882 -0.8707
vn -0.0100 -0.0041 -0.9999
vn -0.0104 -0.0028 -0.9999
vn 0.7476 0.4316 -0.5047
vn 0.7976 0.3304 0.5047
vn 0.7476 0.4316 0.5047
vn 0.4259 0.2459 -0.8707
vn 0.6849 0.5255 -0.5047
vn 0.3478 0.3478 -0.8707
vn 0.3902 0.2994 -0.8707
vn 0.7071 0.7071 -0.0000
vn 0.6104 0.6104 -0.5047
vn 0.5255 0.6849 -0.5047
vn 0.2994 0.3902 -0.8707
vn -0.0076 -0.0076 -0.9999
vn -0.0066 -0.0086 -0.9999
vn -0.0086 -0.0066 -0.9999
vn -0.3592 -0.3592 -0.8614
vn -0.4030 -0.3093 -0.8614
vn -0.3093 -0.4030 -0.8614
vn -0.6142 -0.6142 -0.4954
vn -0.5288 -0.6892 -0.4954
vn -0.6892 -0.5288 -0.4954
vn -0.6142 -0.6142 0.4954
vn -0.6892 -0.5288 0.4954
vn -0.5288 -0.6892 0.4954
vn -0.3592 -0.3592 0.8614
vn -0.3093 -0.4030 0.8614
vn -0.0066 -0.0086 0.9999
vn -0.0076 -0.0076 0.9999
vn -0.4030 -0.3092 0.8614
vn -0.0086 -0.0066 0.9999
vn -0.0093 -0.0054 0.9999
vn -0.4399 -0.2540 0.8614
vn -0.7523 -0.4343 0.4954
vn -0.4693 -0.1944 0.8614
vn -0.8025 -0.3324 0.4954
vn -0.4907 -0.1315 0.8614
vn -0.8391 -0.2248 0.4954
vn -0.5037 -0.0663 0.8614
vn -0.0104 -0.0028 0.9999
vn -0.0107 -0.0014 0.9999
vn 0.4876 0.0642 0.8707
vn 0.4751 0.1273 0.8707
vn -0.0100 -0.0041 0.9999
vn 0.4544 0.1882 0.8707
vn 0.8559 0.1127 0.5047
vn 0.8339 0.2234 0.5047
vn 0.4259 0.2459 0.8707
vn 0.3902 0.2994 0.8707
vn 0.6849 0.5255 0.5047
vn 0.3478 0.3478 0.8707
vn 0.2994 0.3902 0.8707
vn 0.5255 0.6849 0.5047
vn 0.6104 0.6104 0.5047
vn -0.0054 -0.0093 0.9999
vn 0.2459 0.4259 0.8707
vn 0.4316 0.7476 0.5047
vn 0.3304 0.7976 0.5047
vn 0.6088 0.7934 -0.0000
vn 0.4316 0.7476 -0.5047
vn 0.3304 0.7976 -0.5047
vn 0.2459 0.4259 -0.8707
vn 0.2234 0.8339 -0.5047
vn 0.1273 0.4751 -0.8707
vn 0.1882 0.4544 -0.8707
vn -0.0028 -0.0104 -0.9999
vn -0.0041 -0.0100 -0.9999
vn -0.0054 -0.0093 -0.9999
vn -0.1315 -0.4907 -0.8614
vn -0.1944 -0.4693 -0.8614
vn -0.2540 -0.4399 -0.8614
vn -0.4343 -0.7523 -0.4954
vn -0.3324 -0.8025 -0.4954
vn -0.4343 -0.7523 0.4954
vn -0.3324 -0.8026 0.4954
vn -0.1944 -0.4693 0.8614
vn -0.2540 -0.4399 0.8614
vn -0.2248 -0.8391 0.4954
vn -0.0041 -0.0100 0.9999
vn -0.1315 -0.4907 0.8614
vn -0.1134 -0.8612 0.4954
vn -0.0000 -0.8687 0.4954
vn -0.0663 -0.5037 0.8614
vn 0.0663 -0.5037 0.8614
vn -0.0000 -0.5080 0.8614
vn 0.1134 -0.8612 0.4954
vn -0.0000 -0.8687 -0.4954
vn 0.1134 -0.8612 -0.4954
vn 0.0663 -0.5037 -0.8614
vn -0.0000 -0.5080 -0.8614
vn -0.0663 -0.5037 -0.8614
vn -0.1134 -0.8612 -0.4954
vn 0.1315 -0.4907 -0.8614
vn 0.2248 -0.8391 -0.4954
vn 0.3324 -0.8025 -0.4954
vn 0.2248 -0.8391 0.4954
vn 0.3324 -0.8025 0.4954
vn 0.1315 -0.4907 0.8614
vn 0.1944 -0.4693 0.8614
vn 0.0041 -0.0100 0.9999
vn 0.0028 -0.0104 0.9999
vn 0.0014 -0.0107 0.9999
vn -0.0642 0.4876 0.8707
vn -0.0000 0.4918 0.8707
vn -0.0000 -0.0108 0.9999
vn -0.0000 0.8633 0.5047
vn 0.0642 0.4876 0.8707
vn 0.1127 0.8559 0.5047
vn 0.2234 0.8339 0.5047
vn 0.1273 0.4751 0.8707
vn -0.0014 -0.0107 0.9999
vn -0.0028 -0.0104 0.9999
vn 0.1882 0.4544 0.8707
vn -0.0000 0.8633 -0.5047
vn 0.1127 0.8559 -0.5047
vn -0.0000 1.0000 -0.0000
vn -0.1127 0.8559 0.5047
vn -0.1305 0.9914 -0.0000
vn -0.2588 0.9659 -0.0000
vn -0.1127 0.8559 -0.5047
vn -0.2234 0.8339 0.5047
vn -0.3827 0.9239 -0.0000
vn -0.2234 0.8339 -0.5047
vn -0.1273 0.4751 0.8707
vn -0.3304 0.7976 0.5047
vn -0.1882 0.4544 0.8707
vn -0.2459 0.4259 0.8707
vn -0.4316 0.7476 0.5047
vn -0.4316 0.7476 -0.5047
vn -0.3304 0.7976 -0.5047
vn -0.5255 0.6849 -0.5047
vn -0.2459 0.4259 -0.8707
vn -0.1882 0.4544 -0.8707
vn 0.0041 -0.0100 -0.9999
vn -0.1273 0.4751 -0.8707
vn 0.0028 -0.0104 -0.9999
vn 0.1944 -0.4693 -0.8614
vn 0.0014 -0.0107 -0.9999
vn -0.0000 -0.0108 -0.9999
vn -0.0642 0.4876 -0.8707
vn -0.0000 0.4918 -0.8707
vn 0.0642 0.4876 -0.8707
vn -0.0014 -0.0107 -0.9999
vn 0.0054 -0.0093 -0.9999
vn 0.2540 -0.4399 -0.8614
vn 0.4343 -0.7523 -0.4954
vn 0.5288 -0.6892 -0.4954
vn 0.6088 -0.7934 -0.0000
vn 0.5000 -0.8660 -0.0000
vn 0.4343 -0.7523 0.4954
vn 0.5288 -0.6892 0.4954
vn 0.2540 -0.4399 0.8614
vn 0.3093 -0.4030 0.8614
vn 0.0066 -0.0086 0.9999
vn 0.0054 -0.0093 0.9999
vn 0.0076 -0.0076 0.9999
vn -0.2994 0.3902 0.8707
vn 0.3592 -0.3592 0.8614
vn 0.0086 -0.0066 0.9999
vn -0.3478 0.3478 0.8707
vn -0.3902 0.2994 0.8707
vn 0.4399 -0.2540 0.8614
vn 0.0093 -0.0054 0.9999
vn 0.4030 -0.3093 0.8614
vn 0.6892 -0.5288 0.4954
vn 0.7523 -0.4343 0.4954
vn 0.8025 -0.3324 0.4954
vn 0.4693 -0.1944 0.8614
vn 0.0100 -0.0041 0.9999
vn -0.4259 0.2459 0.8707
vn -0.7476 0.4316 0.5047
vn -0.6849 0.5255 0.5047
vn -0.6104 0.6104 0.5047
vn -0.6849 0.5255 -0.5047
vn -0.6104 0.6104 -0.5047
vn -0.3478 0.3478 -0.8707
vn -0.2994 0.3902 -0.8707
vn 0.0066 -0.0086 -0.9999
vn 0.0076 -0.0076 -0.9999
vn 0.3093 -0.4030 -0.8614
vn 0.3592 -0.3592 -0.8614
vn 0.0086 -0.0066 -0.9999
vn 0.4030 -0.3093 -0.8614
vn 0.6142 -0.6142 -0.4954
vn 0.7523 -0.4343 -0.4954
vn 0.6892 -0.5288 -0.4954
vn 0.4399 -0.2540 -0.8614
vn 0.7071 -0.7071 -0.0000
vn 0.6142 -0.6142 0.4954
vn 0.8025 -0.3324 -0.4954
vn 0.8391 -0.2248 -0.4954
vn 0.4693 -0.1944 -0.8614
vn 0.4907 -0.1315 -0.8614
vn 0.8612 -0.1134 -0.4954
vn 0.0093 -0.0054 -0.9999
vn 0.0100 -0.0041 -0.9999
vn -0.4259 0.2459 -0.8707
vn -0.3902 0.2994 -0.8707
vn -0.7476 0.4316 -0.5047
vn -0.5255 0.6849 0.5047
vn -0.2248 -0.8391 -0.4954
vn -0.8025 -0.3324 -0.4954
vn -0.4693 -0.1944 -0.8614
vn -0.7523 -0.4343 -0.4954
vn -0.4907 -0.1315 -0.8614
vn -0.0093 -0.0054 -0.9999
vn -0.4399 -0.2540 -0.8614
vn -0.4907 0.1315 -0.8614
vn 0.5255 -0.6849 -0.5047
vn 0.6849 -0.5255 0.5047
vn 0.6104 -0.6104 0.5047
vn 0.3902 -0.2994 0.8707
vn 0.3478 -0.3478 0.8707
vn 0.5255 -0.6849 0.5047
vn -0.0076 0.0076 0.9999
vn -0.0066 0.0086 0.9999
vn 0.2994 -0.3902 0.8707
vn -0.3093 0.4030 0.8614
vn -0.0054 0.0093 0.9999
vn -0.2540 0.4399 0.8614
vn -0.0041 0.0100 0.9999
vn -0.4343 0.7523 0.4954
vn -0.1944 0.4693 0.8614
vn -0.0028 0.0104 0.9999
vn -0.1315 0.4907 0.8614
vn 0.2459 -0.4259 0.8707
vn 0.1882 -0.4544 0.8707
vn 0.4316 -0.7476 0.5047
vn 0.3304 -0.7976 0.5047
vn -0.0663 0.5037 0.8614
vn -0.2248 0.8391 0.4954
vn -0.3324 0.8025 0.4954
vn -0.1134 0.8612 0.4954
vn -0.2248 0.8391 -0.4954
vn -0.3324 0.8025 -0.4954
vn -0.1315 0.4907 -0.8614
vn -0.1944 0.4693 -0.8614
vn -0.0028 0.0104 -0.9999
vn -0.0663 0.5037 -0.8614
vn -0.1134 0.8612 -0.4954
vn -0.0000 0.5080 -0.8614
vn -0.0014 0.0107 -0.9999
vn -0.0000 0.0108 -0.9999
vn -0.0000 0.8687 -0.4954
vn -0.0086 0.0066 0.9999
vn 0.4259 -0.2459 0.8707
vn 0.7976 -0.3304 0.5047
vn 0.7476 -0.4316 0.5047
vn 0.4544 -0.1882 0.8707
vn 0.5288 0.6892 0.4954
vn 0.6142 0.6142 0.4954
vn 0.3592 0.3592 0.8614
vn 0.0093 0.0054 -0.9999
vn 0.0086 0.0066 -0.9999
vn -0.4259 -0.2459 -0.8707
vn 0.4661 -0.4754 -0.7462
vn 0.6700 -0.2754 -0.6894
vn 0.7001 -0.7141 -0.0000
vn 0.2622 -0.6753 -0.6894
vn -0.2733 -0.2679 -0.9239
vn 0.2622 -0.6753 0.6894
vn 0.0893 -0.8448 0.5276
vn -0.5049 -0.4950 0.7071
vn -0.0262 -0.9580 0.2856
vn -0.6597 -0.6468 0.3827
vn -0.2733 -0.2679 0.9239
vn -0.8428 0.1060 0.5276
vn -0.9583 -0.0073 0.2856
vn -0.6700 0.2755 0.6894
vn -0.7001 0.7141 -0.0000
vn -0.9989 -0.0470 -0.0000
vn -0.9583 -0.0073 -0.2856
vn -0.6597 -0.6468 -0.3827
vn -0.8428 0.1060 -0.5276
vn -0.6700 0.2754 -0.6894
vn -0.4661 0.4754 -0.7462
vn -0.2621 0.6753 -0.6894
vn -0.0893 0.8448 -0.5276
vn 0.0262 0.9580 -0.2856
vn 0.0668 0.9978 -0.0000
vn -0.7001 0.7140 -0.0000
vn 0.7141 0.7001 -0.0000
vn 0.0262 0.9580 0.2856
vn 0.6597 0.6468 0.3827
vn -0.0893 0.8448 0.5276
vn -0.2621 0.6753 0.6894
vn -0.4661 0.4754 0.7462
vn 0.2733 0.2679 0.9239
vn 0.4661 -0.4754 0.7462
vn 0.8428 -0.1060 0.5276
vn 0.5049 0.4950 0.7071
vn 0.6700 -0.2754 0.6894
vn 0.9583 0.0073 0.2856
vn 0.9989 0.0470 -0.0000
vn 0.9583 0.0073 -0.2856
vn 0.8428 -0.1060 -0.5276
vn 0.5049 0.4950 -0.7071
vn 0.6597 0.6468 -0.3827
vn 0.2733 0.2679 -0.9239
vn -0.5049 -0.4950 -0.7071
vn 0.0893 -0.8448 -0.5276
vn -0.0262 -0.9580 -0.2856
vn -0.0668 -0.9978 -0.0000
vn -0.7141 -0.7001 -0.0000
vn 0.8428 0.1060 -0.5277
vn 0.8428 0.1060 0.5277
vn -0.6657 -0.0003 -0.7462
vn 0.0002 -0.3827 -0.9239
vn -0.6656 -0.2859 -0.6894
vn -1.0000 -0.0005 -0.0000
vn -0.6659 0.2852 -0.6894
vn -0.6661 0.7459 -0.0000
vn -0.6661 0.6891 0.2856
vn -0.0005 1.0000 -0.0000
vn -0.6661 0.6891 -0.2856
vn -0.0005 0.9239 0.3827
vn -0.0005 0.9239 -0.3827
vn 0.6653 0.7465 -0.0000
vn 1.0000 0.0005 -0.0000
vn 0.6654 0.6897 0.2856
vn 0.6654 0.6897 -0.2856
vn 0.6655 0.5280 -0.5276
vn 0.6657 0.0003 -0.7462
vn 0.6656 0.2859 -0.6894
vn 0.6659 -0.2852 -0.6894
vn -0.0002 0.3827 -0.9239
vn 0.6660 -0.5273 -0.5276
vn 0.0004 -0.7071 -0.7071
vn 0.0005 -0.9239 -0.3827
vn 0.6661 -0.6891 -0.2856
vn -0.6654 -0.6897 -0.2856
vn 0.0005 -1.0000 -0.0000
vn -0.6654 -0.7465 -0.0000
vn 0.6661 -0.7459 -0.0000
vn -0.6654 -0.6897 0.2856
vn 0.0005 -0.9239 0.3827
vn 0.6661 -0.6891 0.2856
vn 0.6660 -0.5273 0.5276
vn 0.6659 -0.2852 0.6894
vn 0.0004 -0.7071 0.7071
vn 0.0002 -0.3827 0.9239
vn -0.6656 -0.2859 0.6894
vn -0.6657 -0.0003 0.7462
vn -0.0002 0.3827 0.9239
vn 0.6657 0.0003 0.7462
vn 0.6656 0.2859 0.6894
vn 0.6655 0.5280 0.5276
vn -0.0003 0.7071 0.7071
vn -0.6660 0.5273 0.5276
vn -0.6659 0.2852 0.6894
vn -0.6655 -0.5280 0.5276
vn -0.6655 -0.5280 -0.5276
vn -0.0003 0.7071 -0.7071
vn -0.6660 0.5273 -0.5276
vn -0.6729 0.2682 -0.6894
vn -0.4712 0.4703 -0.7462
vn -0.7077 0.7065 -0.0000
vn 0.2704 0.2708 -0.9239
vn -0.2694 0.6724 -0.6894
vn -0.0984 0.8437 -0.5277
vn -0.0984 0.8437 0.5276
vn 0.0159 0.9582 0.2856
vn -0.2694 0.6724 0.6894
vn 0.2704 0.2708 0.9239
vn 0.4995 0.5005 0.7071
vn 0.8439 -0.0969 0.5277
vn 0.6527 0.6539 0.3827
vn 0.6729 -0.2682 0.6894
vn 0.9582 0.0176 0.2855
vn 0.7077 -0.7065 -0.0000
vn 0.7078 -0.7065 -0.0000
vn 0.9983 0.0578 -0.0000
vn 0.7065 0.7077 -0.0000
vn 0.6527 0.6539 -0.3827
vn 0.9582 0.0176 -0.2856
vn 0.0159 0.9582 -0.2856
vn 0.8439 -0.0969 -0.5276
vn 0.4995 0.5005 -0.7071
vn 0.6729 -0.2682 -0.6894
vn 0.4712 -0.4703 -0.7462
vn 0.2694 -0.6724 -0.6894
vn 0.0984 -0.8438 -0.5276
vn -0.0159 -0.9582 -0.2856
vn -0.0560 -0.9984 -0.0000
vn -0.6527 -0.6539 -0.3827
vn -0.7065 -0.7077 -0.0000
vn -0.6527 -0.6539 0.3827
vn -0.0159 -0.9582 0.2856
vn -0.9582 -0.0176 0.2856
vn -0.4995 -0.5005 0.7071
vn -0.8439 0.0969 0.5276
vn 0.0984 -0.8438 0.5276
vn -0.6729 0.2682 0.6894
vn -0.2704 -0.2708 0.9239
vn 0.2694 -0.6724 0.6894
vn 0.4712 -0.4703 0.7462
vn -0.4712 0.4703 0.7462
vn -0.9983 -0.0578 -0.0000
vn -0.9582 -0.0176 -0.2856
vn -0.8439 0.0969 -0.5276
vn -0.4995 -0.5004 -0.7071
vn -0.2704 -0.2708 -0.9239
vn 0.0560 0.9984 -0.0000
vn 0.0078 0.6657 -0.7462
vn -0.3827 0.0045 -0.9239
vn -0.2778 0.6690 -0.6894
vn 0.0117 0.9999 -0.0000
vn 0.3827 -0.0045 -0.9239
vn 0.2933 0.6623 -0.6894
vn 0.0078 0.6657 0.7462
vn 0.2933 0.6623 0.6894
vn -0.2778 0.6690 0.6894
vn -0.3827 0.0045 0.9239
vn 0.3827 -0.0045 0.9239
vn -0.2933 -0.6623 0.6894
vn -0.0078 -0.6657 0.7462
vn 0.2778 -0.6690 0.6894
vn -0.0117 -0.9999 -0.0000
vn 0.6816 -0.6737 0.2856
vn 0.5198 -0.6718 0.5277
vn 0.9238 -0.0108 0.3827
vn 0.9999 -0.0117 -0.0000
vn 0.7384 -0.6744 -0.0000
vn 0.7539 0.6570 -0.0000
vn 0.9238 -0.0108 -0.3827
vn 0.6971 0.6576 -0.2856
vn 0.5354 0.6595 -0.5276
vn 0.7071 -0.0082 -0.7071
vn 0.5198 -0.6718 -0.5277
vn 0.6816 -0.6737 -0.2856
vn 0.2778 -0.6690 -0.6894
vn -0.0078 -0.6657 -0.7462
vn -0.2933 -0.6623 -0.6894
vn -0.5354 -0.6595 -0.5276
vn -0.6971 -0.6576 -0.2856
vn -0.9238 0.0108 -0.3827
vn -0.7539 -0.6570 -0.0000
vn -0.9999 0.0117 -0.0000
vn -0.9238 0.0108 0.3827
vn -0.6971 -0.6576 0.2856
vn -0.7384 0.6744 -0.0000
vn -0.7071 0.0082 0.7071
vn -0.6816 0.6737 0.2856
vn -0.5198 0.6718 0.5276
vn -0.5354 -0.6595 0.5276
vn -0.6816 0.6737 -0.2856
vn -0.5198 0.6718 -0.5276
vn -0.7071 0.0082 -0.7071
vn 0.6971 0.6576 0.2856
vn 0.5354 0.6595 0.5276
vn 0.7071 -0.0082 0.7071
vn 0.4605 0.4807 -0.7462
vn -0.2763 0.2647 -0.9239
vn 0.2543 0.6783 -0.6894
vn 0.6918 0.7221 -0.0000
vn 0.2763 -0.2647 -0.9239
vn 0.6667 0.2832 -0.6894
vn 0.8415 0.1157 -0.5276
vn 0.6671 -0.6391 -0.3827
vn 0.9584 0.0038 -0.2856
vn 0.5106 -0.4892 -0.7071
vn -0.0795 -0.8457 -0.5276
vn 0.0373 -0.9576 -0.2856
vn -0.6918 -0.7221 -0.0000
vn -0.2543 -0.6783 -0.6894
vn -0.4605 -0.4807 -0.7462
vn -0.6667 -0.2832 -0.6894
vn -0.8415 -0.1157 -0.5277
vn -0.9584 -0.0038 -0.2856
vn -0.6671 0.6391 -0.3827
vn -0.5106 0.4892 -0.7071
vn -0.0373 0.9576 -0.2856
vn -0.7221 0.6918 -0.0000
vn -0.9994 0.0355 -0.0000
vn -0.0783 0.9969 -0.0000
vn -0.0373 0.9576 0.2856
vn -0.6671 0.6391 0.3827
vn -0.9584 -0.0038 0.2856
vn -0.8415 -0.1157 0.5277
vn -0.6667 -0.2832 0.6894
vn -0.4605 -0.4807 0.7462
vn -0.2763 0.2647 0.9239
vn -0.2543 -0.6783 0.6894
vn 0.2763 -0.2647 0.9239
vn 0.5106 -0.4892 0.7071
vn -0.0795 -0.8457 0.5276
vn 0.6667 0.2832 0.6894
vn 0.6671 -0.6391 0.3827
vn 0.8415 0.1157 0.5276
vn 0.9584 0.0038 0.2856
vn 0.9994 -0.0355 -0.0000
vn 0.7221 -0.6918 -0.0000
vn 0.0783 -0.9969 -0.0000
vn 0.0373 -0.9576 0.2856
vn 0.4605 0.4807 0.7462
vn 0.2543 0.6783 0.6894
vn -0.5106 0.4892 0.7071
vn 0.0795 0.8457 0.5276
vn 0.0795 0.8457 -0.5276
vn 0.6657 -0.0029 -0.7462
vn 0.0017 0.3827 -0.9239
vn 0.6670 0.2826 -0.6894
vn 1.0000 -0.0044 -0.0000
vn -0.0017 -0.3827 -0.9239
vn 0.6645 -0.2885 -0.6894
vn 0.6687 0.6865 -0.2856
vn 0.6690 0.7433 -0.0000
vn 0.0031 0.7071 -0.7071
vn 0.6680 0.5247 -0.5276
vn 0.0041 0.9239 -0.3827
vn 0.0044 1.0000 -0.0000
vn 0.6687 0.6865 0.2856
vn 0.0041 0.9239 0.3827
vn 0.6680 0.5247 0.5276
vn 0.0017 0.3827 0.9239
vn 0.6670 0.2826 0.6894
vn 0.0031 0.7071 0.7071
vn -0.6645 0.2885 0.6894
vn -0.6634 0.5306 0.5277
vn 0.6657 -0.0029 0.7462
vn -0.6627 0.6923 0.2856
vn -1.0000 0.0044 -0.0000
vn -0.6624 0.7491 -0.0000
vn -0.6634 0.5306 -0.5276
vn -0.6627 0.6923 -0.2856
vn -0.6645 0.2885 -0.6894
vn -0.6657 0.0029 -0.7462
vn -0.6670 -0.2826 -0.6894
vn -0.6680 -0.5247 -0.5276
vn -0.0031 -0.7071 -0.7071
vn -0.6687 -0.6865 -0.2856
vn -0.0041 -0.9239 -0.3827
vn 0.6634 -0.5306 -0.5276
vn 0.6627 -0.6923 -0.2856
vn 0.6624 -0.7491 -0.0000
vn -0.0044 -1.0000 -0.0000
vn -0.0041 -0.9239 0.3827
vn -0.6687 -0.6865 0.2856
vn -0.6690 -0.7433 -0.0000
vn -0.6680 -0.5247 0.5276
vn -0.6670 -0.2826 0.6894
vn -0.6657 0.0029 0.7462
vn -0.0017 -0.3827 0.9239
vn 0.6634 -0.5306 0.5276
vn 0.6645 -0.2885 0.6894
vn -0.0031 -0.7071 0.7071
vn 0.6627 -0.6923 0.2856
vn -0.6700 0.2755 -0.6894
vn 0.0002 -0.6657 -0.7462
vn 0.3827 0.0001 -0.9239
vn 0.2858 -0.6656 -0.6894
vn 0.0003 -1.0000 -0.0000
vn -0.3827 -0.0001 -0.9239
vn -0.2853 -0.6658 -0.6894
vn 0.0002 -0.6657 0.7462
vn 0.2858 -0.6656 0.6894
vn -0.3827 -0.0001 0.9239
vn -0.2853 -0.6658 0.6894
vn 0.3827 0.0001 0.9239
vn -0.5274 -0.6659 0.5276
vn -0.2858 0.6656 0.6894
vn -0.7071 -0.0002 0.7071
vn -0.6892 -0.6659 0.2856
vn -0.9239 -0.0003 0.3827
vn -0.7460 -0.6660 -0.0000
vn -1.0000 -0.0003 -0.0000
vn -0.6896 0.6655 0.2856
vn -0.5279 0.6655 0.5276
vn -0.7464 0.6655 -0.0000
vn -0.0004 1.0000 -0.0000
vn -0.0003 1.0000 -0.0000
vn -0.6896 0.6655 -0.2856
vn -0.5279 0.6655 -0.5276
vn -0.2858 0.6656 -0.6894
vn -0.0002 0.6657 -0.7462
vn 0.2853 0.6658 -0.6894
vn 0.5274 0.6659 -0.5276
vn 0.7071 0.0002 -0.7071
vn 0.6892 0.6659 -0.2856
vn 1.0000 0.0003 -0.0000
vn 0.9239 0.0003 -0.3827
vn 0.7460 0.6660 -0.0000
vn 0.7464 -0.6655 -0.0000
vn 0.9239 0.0003 0.3827
vn 0.6896 -0.6655 0.2856
vn 0.6892 0.6659 0.2856
vn 0.5279 -0.6655 0.5276
vn 0.7071 0.0002 0.7071
vn 0.5274 0.6659 0.5276
vn 0.2853 0.6658 0.6894
vn -0.0002 0.6657 0.7462
vn 0.6896 -0.6655 -0.2856
vn 0.5279 -0.6655 -0.5276
vn -0.7071 -0.0002 -0.7071
vn -0.5274 -0.6659 -0.5276
vn -0.9239 -0.0003 -0.3827
vn -0.6892 -0.6659 -0.2856
vn 0.6654 0.7465 -0.0000
vn -0.0984 0.8437 -0.5276
vn -0.7078 0.7065 -0.0000
vn 0.8439 -0.0969 0.5276
vn 0.9582 0.0176 0.2856
vn 0.9582 0.0176 -0.2855
vn -0.4995 -0.5005 -0.7071
vn -0.6634 0.5306 -0.5277
vn -0.6634 0.5306 0.5276
vn 0.1413 -0.3556 -0.9239
vn -0.1413 0.3556 -0.9239
vn -0.9293 -0.3693 -0.0000
vn 0.9293 0.3693 -0.0000
vn -0.2611 0.6571 -0.7071
vn -0.3412 0.8586 -0.3827
vn 0.9293 0.3694 -0.0000
vn 0.2611 -0.6571 -0.7071
vn 0.3412 -0.8586 -0.3827
vn 0.3693 -0.9293 -0.0000
vn 0.3412 -0.8586 0.3827
vn 0.2611 -0.6571 0.7071
vn 0.1413 -0.3556 0.9239
vn -0.1413 0.3556 0.9239
vn -0.2611 0.6571 0.7071
vn -0.3412 0.8586 0.3827
vn -0.3693 0.9293 -0.0000
vn -0.1524 -0.3510 -0.9239
vn 0.1524 0.3510 -0.9239
vn -0.9173 0.3983 -0.0000
vn 0.9173 -0.3983 -0.0000
vn 0.2816 0.6486 -0.7071
vn 0.3679 0.8474 -0.3827
vn 0.1524 0.3510 0.9239
vn 0.2816 0.6486 0.7071
vn 0.3679 0.8474 0.3827
vn 0.3679 0.8475 0.3827
vn 0.3983 0.9173 -0.0000
vn -0.9173 0.3982 -0.0000
vn 0.3679 0.8475 -0.3827
vn -0.1524 -0.3510 0.9239
vn -0.2816 -0.6486 0.7071
vn 0.9173 -0.3982 -0.0000
vn -0.2816 -0.6486 -0.7071
vn -0.3679 -0.8474 -0.3827
vn -0.3983 -0.9173 -0.0000
vn -0.3679 -0.8474 0.3827
vn -0.3550 -0.1429 -0.9239
vn 0.3550 0.1429 -0.9239
vn -0.3735 0.9276 -0.0000
vn 0.3735 -0.9276 -0.0000
vn 0.3735 -0.9276 -0.0001
vn 0.6559 0.2641 -0.7071
vn 0.8570 0.3451 -0.3827
vn 0.3550 0.1429 0.9239
vn 0.6559 0.2641 0.7071
vn 0.8570 0.3451 0.3827
vn 0.9276 0.3735 -0.0000
vn -0.6559 -0.2641 0.7071
vn -0.3550 -0.1429 0.9239
vn 0.3735 -0.9276 0.0001
vn -0.6559 -0.2641 -0.7071
vn -0.8570 -0.3451 -0.3827
vn -0.9276 -0.3735 -0.0000
vn -0.8570 -0.3451 0.3827
vn -0.3533 0.1470 -0.9239
vn 0.3533 -0.1470 -0.9239
vn 0.3841 0.9233 -0.0000
vn -0.3841 -0.9233 -0.0000
vn 0.6529 -0.2716 -0.7071
vn 0.8530 -0.3549 -0.3827
vn -0.6529 0.2716 -0.7071
vn -0.8530 0.3549 -0.3827
vn -0.8530 0.3549 0.3827
vn -0.6529 0.2716 0.7071
vn -0.3533 0.1470 0.9239
vn 0.3533 -0.1470 0.9239
vn 0.6529 -0.2716 0.7071
vn 0.3841 0.9233 -0.0001
vn 0.8530 -0.3549 0.3827
vn 0.9233 -0.3841 -0.0000
vn -0.3841 -0.9233 -0.0001
vn -0.9233 0.3841 -0.0000
vn -0.1544 0.3501 -0.9239
vn 0.1544 -0.3501 -0.9239
vn -0.1544 0.3502 -0.9239
vn 0.9150 0.4035 -0.0000
vn -0.9150 -0.4035 -0.0000
vn 0.2853 -0.6470 -0.7071
vn 0.3728 -0.8453 -0.3827
vn 0.4035 -0.9150 -0.0000
vn 0.3728 -0.8453 0.3827
vn 0.2853 -0.6470 0.7071
vn 0.1544 -0.3501 0.9239
vn -0.1544 0.3501 0.9239
vn -0.2853 0.6470 0.7071
vn -0.3728 0.8453 0.3827
vn -0.4035 0.9150 -0.0000
vn -0.3728 0.8453 -0.3827
vn -0.2853 0.6470 -0.7071
vn 0.1492 0.3524 -0.9239
vn -0.1492 -0.3524 -0.9239
vn 0.9209 -0.3898 -0.0000
vn -0.9209 0.3898 -0.0000
vn -0.9209 0.3897 -0.0000
vn -0.2756 -0.6512 -0.7071
vn -0.3601 -0.8508 -0.3827
vn -0.1492 -0.3524 0.9239
vn -0.2756 -0.6512 0.7071
vn -0.3601 -0.8508 0.3827
vn -0.3898 -0.9209 -0.0000
vn 0.3601 0.8508 0.3827
vn 0.2756 0.6512 0.7071
vn 0.1492 0.3524 0.9239
vn 0.2756 0.6512 -0.7071
vn 0.3601 0.8508 -0.3827
vn 0.3898 0.9209 -0.0000
vn 0.3532 0.1473 -0.9239
vn 0.3850 -0.9229 -0.0000
vn -0.3532 -0.1473 -0.9239
vn -0.3850 0.9229 -0.0000
vn -0.6526 -0.2722 -0.7071
vn -0.3850 0.9229 -0.0001
vn -0.8527 -0.3557 -0.3827
vn -0.9229 -0.3850 -0.0000
vn 0.3849 -0.9229 -0.0000
vn -0.8527 -0.3557 0.3827
vn -0.6526 -0.2722 0.7071
vn -0.3532 -0.1473 0.9239
vn 0.3532 0.1473 0.9239
vn 0.3850 -0.9229 -0.0003
vn 0.6526 0.2722 0.7071
vn 0.8527 0.3557 0.3827
vn -0.3851 0.9229 -0.0000
vn 0.9229 0.3850 -0.0000
vn 0.8527 0.3557 -0.3827
vn 0.3849 -0.9230 -0.0000
vn 0.6526 0.2722 -0.7071
vn -0.9293 -0.3692 -0.0000
vn -0.9172 0.3983 -0.0000
vn -0.3679 -0.8475 -0.3827
vn 0.9150 0.4034 -0.0000
vn -0.9151 -0.4032 -0.0000
vn -0.3851 0.9229 -0.0001
vn 0.3543 -0.1447 -0.9239
vn -0.3543 0.1447 -0.9239
vn -0.3782 -0.9257 -0.0000
vn -0.3782 -0.9257 0.0001
vn 0.3782 0.9257 -0.0000
vn -0.6546 0.2674 -0.7071
vn -0.8553 0.3494 -0.3827
vn -0.9257 0.3782 -0.0000
vn -0.8553 0.3494 0.3827
vn -0.6546 0.2674 0.7071
vn 0.6546 -0.2674 0.7071
vn 0.3543 -0.1447 0.9239
vn 0.6546 -0.2674 -0.7071
vn 0.8553 -0.3494 -0.3827
vn 0.9257 -0.3782 -0.0000
vn 0.8553 -0.3494 0.3827
vn -0.3543 0.1447 0.9239
vn 0.3324 0.8025 -0.4954
vn -0.4030 -0.3093 0.8614
vn -0.3324 -0.8025 0.4954
vn -0.0663 -0.5036 -0.8614
vn 0.3324 0.8025 0.4954
vn -0.3324 0.8026 0.4954
vn 0.3324 -0.8026 -0.4954
vn 0.3324 -0.8026 0.4954
vn -0.3324 0.8026 -0.4954
vn -0.3324 -0.8026 -0.4954
vn -0.8026 0.3324 -0.4954
vt 1.000000 0.989950
vt 0.937500 0.500000
vt 1.000000 0.500000
vt 0.750000 0.490000
vt 0.841844 0.471731
vt 0.810473 0.395995
vt 0.062500 0.500000
vt 0.000000 0.989950
vt 0.000000 0.500000
vt 0.689527 0.395995
vt 0.658156 0.471731
vt 0.750000 0.408024
vt 0.750000 0.250000
vt 0.638260 0.361740
vt 0.604005 0.310473
vt 0.580294 0.419706
vt 0.528269 0.341844
vt 0.125000 0.989950
vt 0.125000 0.500000
vt 0.187500 0.989950
vt 0.187500 0.500000
vt 0.062500 0.989950
vt 0.187500 1.000000
vt 0.125000 1.000000
vt 0.062500 1.000000
vt 0.062545 0.327647
vt 0.080294 0.419706
vt 0.028269 0.341844
vt 0.172354 0.437455
vt 0.158156 0.471731
vt 0.106528 0.393472
vt 0.250000 0.452900
vt 0.250000 0.250000
vt 0.327646 0.437455
vt 0.250000 0.490000
vt 0.341844 0.471731
vt 1.000000 1.000000
vt 0.937500 1.000000
vt 0.000000 1.000000
vt 0.419706 0.419706
vt 0.875000 1.000000
vt 0.875000 0.989950
vt 0.937500 0.989950
vt 0.875000 0.500000
vt 0.812500 1.000000
vt 0.812500 0.500000
vt 0.812500 0.989950
vt 0.750000 1.000000
vt 0.452900 0.250000
vt 0.490000 0.250000
vt 0.471731 0.341844
vt 0.393472 0.393472
vt 0.437455 0.327647
vt 0.471731 0.158156
vt 0.437455 0.172353
vt 0.687500 1.000000
vt 0.625000 0.989950
vt 0.687500 0.989950
vt 0.625000 1.000000
vt 0.393472 0.106528
vt 0.419706 0.080294
vt 0.687500 0.500000
vt 0.562500 1.000000
vt 0.625000 0.500000
vt 0.562500 0.500000
vt 0.562500 0.989950
vt 0.500000 0.989950
vt 0.327647 0.062545
vt 0.250000 0.010000
vt 0.341844 0.028269
vt 0.500000 1.000000
vt 0.500000 0.500000
vt 0.437500 1.000000
vt 0.437500 0.500000
vt 0.437500 0.989950
vt 0.172354 0.062545
vt 0.080294 0.080294
vt 0.158156 0.028269
vt 0.375000 1.000000
vt 0.250000 0.047100
vt 0.106528 0.106528
vt 0.062545 0.172353
vt 0.028269 0.158156
vt 0.010000 0.250000
vt 0.047100 0.250000
vt 0.250000 1.000000
vt 0.250000 0.989950
vt 0.312500 1.000000
vt 0.312500 0.989950
vt 0.250000 0.500000
vt 0.312500 0.500000
vt 0.528269 0.158156
vt 0.510000 0.250000
vt 0.591976 0.250000
vt 0.604005 0.189527
vt 0.638260 0.138260
vt 0.580294 0.080294
vt 0.689527 0.104005
vt 0.658156 0.028269
vt 0.750000 0.091976
vt 0.810473 0.104005
vt 0.750000 0.010000
vt 0.861740 0.138260
vt 0.919706 0.080294
vt 0.841844 0.028269
vt 0.895995 0.189527
vt 0.971731 0.158156
vt 0.908024 0.250000
vt 0.971731 0.341844
vt 0.895995 0.310473
vt 0.990000 0.250000
vt 0.861740 0.361740
vt 0.919706 0.419706
vt 0.750000 0.500000
vt 0.750000 0.989950
vt 0.375000 0.989950
vt 0.375000 0.500000
vt 0.520833 0.500000
vt 0.500000 0.583333
vt 0.479167 0.583333
vt 0.520833 0.416667
vt 0.500000 0.416667
vt 0.479167 0.500000
vt 0.479167 0.666667
vt 0.458333 0.583333
vt 0.458333 0.666667
vt 0.479167 0.750000
vt 0.500000 0.666667
vt 0.500000 0.750000
vt 0.458333 0.750000
vt 0.479167 0.833333
vt 0.458333 0.833333
vt 0.500000 0.833333
vt 0.458333 0.916667
vt 0.479167 0.916667
vt 0.458333 1.000000
vt 0.437500 0.833333
vt 0.437500 0.916667
vt 0.479167 1.000000
vt 0.437500 0.000000
vt 0.458333 0.000000
vt 0.458333 0.083333
vt 0.479167 0.000000
vt 0.437500 0.166667
vt 0.437500 0.083333
vt 0.458333 0.166667
vt 0.479167 0.166667
vt 0.479167 0.083333
vt 0.458333 0.250000
vt 0.500000 0.166667
vt 0.479167 0.250000
vt 0.500000 0.083333
vt 0.520833 0.083333
vt 0.520833 0.166667
vt 0.500000 0.250000
vt 0.479167 0.333333
vt 0.500000 0.333333
vt 0.520833 0.250000
vt 0.520833 0.333333
vt 0.541667 0.250000
vt 0.562500 0.166667
vt 0.562500 0.250000
vt 0.541667 0.166667
vt 0.541667 0.333333
vt 0.562500 0.333333
vt 0.541667 0.416667
vt 0.562500 0.416667
vt 0.541667 0.500000
vt 0.541667 0.583333
vt 0.562500 0.583333
vt 0.562500 0.666667
vt 0.541667 0.666667
vt 0.520833 0.666667
vt 0.520833 0.583333
vt 0.541667 0.750000
vt 0.520833 0.750000
vt 0.520833 0.833333
vt 0.500000 0.916667
vt 0.541667 0.833333
vt 0.520833 0.916667
vt 0.520833 1.000000
vt 0.520833 0.000000
vt 0.500000 0.000000
vt 0.541667 0.916667
vt 0.541667 1.000000
vt 0.541667 0.000000
vt 0.562500 0.000000
vt 0.562500 0.083333
vt 0.562500 0.916667
vt 0.541667 0.083333
vt 0.583333 0.833333
vt 0.562500 0.833333
vt 0.583333 0.916667
vt 0.583333 1.000000
vt 0.604167 0.916667
vt 0.604167 1.000000
vt 0.583333 0.000000
vt 0.604167 0.000000
vt 0.604167 0.083333
vt 0.583333 0.083333
vt 0.625000 0.916667
vt 0.625000 0.000000
vt 0.645833 0.916667
vt 0.645833 1.000000
vt 0.645833 0.000000
vt 0.625000 0.083333
vt 0.645833 0.083333
vt 0.645833 0.166667
vt 0.604167 0.166667
vt 0.625000 0.166667
vt 0.625000 0.250000
vt 0.645833 0.250000
vt 0.666667 0.166667
vt 0.666667 0.083333
vt 0.687500 0.000000
vt 0.687500 0.083333
vt 0.666667 0.000000
vt 0.687500 0.166667
vt 0.708333 0.083333
vt 0.708333 0.166667
vt 0.666667 0.250000
vt 0.687500 0.250000
vt 0.666667 0.333333
vt 0.645833 0.333333
vt 0.687500 0.333333
vt 0.666667 0.416667
vt 0.645833 0.416667
vt 0.625000 0.416667
vt 0.625000 0.333333
vt 0.604167 0.416667
vt 0.604167 0.333333
vt 0.604167 0.500000
vt 0.583333 0.416667
vt 0.583333 0.333333
vt 0.583333 0.500000
vt 0.583333 0.583333
vt 0.604167 0.583333
vt 0.604167 0.666667
vt 0.583333 0.666667
vt 0.583333 0.750000
vt 0.562500 0.750000
vt 0.604167 0.750000
vt 0.604167 0.833333
vt 0.625000 0.750000
vt 0.625000 0.833333
vt 0.645833 0.833333
vt 0.645833 0.750000
vt 0.666667 0.833333
vt 0.666667 0.916667
vt 0.645833 0.666667
vt 0.666667 0.666667
vt 0.666667 0.750000
vt 0.687500 0.666667
vt 0.687500 0.750000
vt 0.708333 0.750000
vt 0.687500 0.833333
vt 0.708333 0.833333
vt 0.708333 0.916667
vt 0.687500 0.916667
vt 0.666667 1.000000
vt 0.729167 0.916667
vt 0.729167 1.000000
vt 0.729167 0.833333
vt 0.708333 1.000000
vt 0.708333 0.000000
vt 0.729167 0.000000
vt 0.750000 0.000000
vt 0.729167 0.083333
vt 0.750000 0.083333
vt 0.750000 0.166667
vt 0.729167 0.166667
vt 0.729167 0.250000
vt 0.708333 0.250000
vt 0.708333 0.333333
vt 0.729167 0.333333
vt 0.729167 0.416667
vt 0.708333 0.416667
vt 0.708333 0.500000
vt 0.687500 0.416667
vt 0.687500 0.583333
vt 0.666667 0.500000
vt 0.666667 0.583333
vt 0.708333 0.583333
vt 0.729167 0.583333
vt 0.708333 0.666667
vt 0.729167 0.500000
vt 0.750000 0.583333
vt 0.729167 0.666667
vt 0.750000 0.666667
vt 0.750000 0.750000
vt 0.729167 0.750000
vt 0.770833 0.750000
vt 0.750000 0.833333
vt 0.770833 0.833333
vt 0.750000 0.916667
vt 0.770833 0.916667
vt 0.770833 1.000000
vt 0.791667 0.833333
vt 0.791667 0.916667
vt 0.791667 1.000000
vt 0.812500 0.000000
vt 0.791667 0.083333
vt 0.791667 0.000000
vt 0.770833 0.083333
vt 0.770833 0.000000
vt 0.812500 0.083333
vt 0.770833 0.166667
vt 0.791667 0.166667
vt 0.833333 0.083333
vt 0.812500 0.166667
vt 0.833333 0.166667
vt 0.812500 0.250000
vt 0.854167 0.166667
vt 0.833333 0.250000
vt 0.854167 0.250000
vt 0.854167 0.333333
vt 0.833333 0.333333
vt 0.875000 0.333333
vt 0.875000 0.416667
vt 0.854167 0.416667
vt 0.833333 0.500000
vt 0.833333 0.416667
vt 0.854167 0.500000
vt 0.875000 0.583333
vt 0.854167 0.583333
vt 0.895833 0.416667
vt 0.895833 0.500000
vt 0.916667 0.500000
vt 0.895833 0.583333
vt 0.875000 0.666667
vt 0.916667 0.583333
vt 0.916667 0.666667
vt 0.895833 0.666667
vt 0.916667 0.750000
vt 0.937500 0.750000
vt 0.937500 0.666667
vt 0.937500 0.583333
vt 0.958333 0.583333
vt 0.958333 0.666667
vt 0.979167 0.583333
vt 0.979167 0.666667
vt 0.958333 0.750000
vt 0.979167 0.750000
vt 0.958333 0.833333
vt 1.000000 0.666667
vt 1.000000 0.750000
vt 1.000000 0.833333
vt 0.979167 0.833333
vt 0.958333 0.916667
vt 0.979167 0.916667
vt 1.000000 0.916667
vt 0.979167 1.000000
vt 0.958333 1.000000
vt 1.000000 0.000000
vt 0.979167 0.083333
vt 0.979167 0.000000
vt 0.958333 0.000000
vt 1.000000 0.083333
vt 0.979167 0.166667
vt 0.958333 0.166667
vt 0.958333 0.083333
vt 0.937500 0.083333
vt 0.937500 0.166667
vt 0.958333 0.250000
vt 0.937500 0.000000
vt 0.916667 0.083333
vt 0.916667 0.166667
vt 0.895833 0.083333
vt 0.916667 0.000000
vt 0.895833 0.000000
vt 0.895833 0.166667
vt 0.875000 0.083333
vt 0.875000 0.166667
vt 0.895833 0.250000
vt 0.875000 0.250000
vt 0.895833 0.333333
vt 0.916667 0.250000
vt 0.916667 0.333333
vt 0.937500 0.250000
vt 0.937500 0.333333
vt 0.937500 0.416667
vt 0.916667 0.416667
vt 0.958333 0.500000
vt 0.979167 0.500000
vt 0.958333 0.416667
vt 0.979167 0.416667
vt 1.000000 0.416667
vt 0.020833 0.500000
vt 0.020833 0.583333
vt 0.020833 0.416667
vt 0.000000 0.583333
vt 0.000000 0.416667
vt 1.000000 0.583333
vt 0.020833 0.333333
vt 0.041667 0.416667
vt 0.000000 0.333333
vt 1.000000 0.333333
vt 0.979167 0.333333
vt 1.000000 0.250000
vt 0.020833 0.250000
vt 0.000000 0.250000
vt 0.020833 0.166667
vt 0.000000 0.166667
vt 1.000000 0.166667
vt 0.979167 0.250000
vt 0.020833 0.083333
vt 0.041667 0.166667
vt 0.000000 0.083333
vt 0.062500 0.083333
vt 0.041667 0.083333
vt 0.062500 0.166667
vt 0.062500 0.250000
vt 0.041667 0.250000
vt 0.062500 0.000000
vt 0.041667 0.000000
vt 0.083333 0.083333
vt 0.062500 0.916667
vt 0.041667 1.000000
vt 0.083333 0.916667
vt 0.083333 1.000000
vt 0.083333 0.000000
vt 0.083333 0.166667
vt 0.104167 0.083333
vt 0.125000 0.166667
vt 0.104167 0.166667
vt 0.125000 0.000000
vt 0.104167 0.000000
vt 0.125000 0.083333
vt 0.145833 0.083333
vt 0.145833 0.166667
vt 0.125000 0.250000
vt 0.145833 0.250000
vt 0.104167 0.250000
vt 0.125000 0.333333
vt 0.104167 0.333333
vt 0.145833 0.333333
vt 0.125000 0.416667
vt 0.145833 0.416667
vt 0.145833 0.500000
vt 0.104167 0.500000
vt 0.104167 0.416667
vt 0.125000 0.583333
vt 0.104167 0.583333
vt 0.083333 0.500000
vt 0.145833 0.583333
vt 0.125000 0.666667
vt 0.145833 0.666667
vt 0.145833 0.750000
vt 0.125000 0.750000
vt 0.104167 0.666667
vt 0.104167 0.750000
vt 0.083333 0.750000
vt 0.083333 0.666667
vt 0.083333 0.583333
vt 0.062500 0.666667
vt 0.062500 0.583333
vt 0.041667 0.666667
vt 0.041667 0.583333
vt 0.041667 0.500000
vt 0.020833 0.666667
vt 0.041667 0.750000
vt 0.020833 0.750000
vt 0.000000 0.666667
vt 0.000000 0.750000
vt 0.020833 0.833333
vt 0.041667 0.833333
vt 0.062500 0.750000
vt 0.062500 0.833333
vt 0.020833 0.916667
vt 0.041667 0.916667
vt 0.083333 0.833333
vt 0.104167 0.833333
vt 0.104167 0.916667
vt 0.125000 0.833333
vt 0.145833 0.833333
vt 0.145833 0.916667
vt 0.125000 0.916667
vt 0.166667 0.750000
vt 0.166667 0.833333
vt 0.166667 0.916667
vt 0.187500 0.916667
vt 0.166667 1.000000
vt 0.145833 1.000000
vt 0.166667 0.000000
vt 0.145833 0.000000
vt 0.187500 0.000000
vt 0.166667 0.083333
vt 0.187500 0.083333
vt 0.166667 0.166667
vt 0.208333 0.000000
vt 0.208333 0.083333
vt 0.208333 0.166667
vt 0.187500 0.166667
vt 0.208333 0.250000
vt 0.187500 0.250000
vt 0.166667 0.250000
vt 0.208333 0.333333
vt 0.187500 0.333333
vt 0.166667 0.333333
vt 0.166667 0.416667
vt 0.187500 0.416667
vt 0.166667 0.500000
vt 0.166667 0.583333
vt 0.187500 0.583333
vt 0.187500 0.666667
vt 0.166667 0.666667
vt 0.208333 0.583333
vt 0.187500 0.750000
vt 0.208333 0.666667
vt 0.229167 0.500000
vt 0.208333 0.500000
vt 0.229167 0.583333
vt 0.250000 0.583333
vt 0.229167 0.666667
vt 0.270833 0.666667
vt 0.250000 0.666667
vt 0.270833 0.583333
vt 0.270833 0.500000
vt 0.250000 0.416667
vt 0.270833 0.416667
vt 0.270833 0.333333
vt 0.250000 0.333333
vt 0.229167 0.333333
vt 0.229167 0.416667
vt 0.291667 0.333333
vt 0.291667 0.416667
vt 0.291667 0.500000
vt 0.312500 0.416667
vt 0.291667 0.583333
vt 0.312500 0.583333
vt 0.291667 0.666667
vt 0.312500 0.666667
vt 0.312500 0.750000
vt 0.291667 0.750000
vt 0.270833 0.750000
vt 0.270833 0.833333
vt 0.250000 0.833333
vt 0.250000 0.750000
vt 0.250000 0.916667
vt 0.229167 0.833333
vt 0.229167 0.916667
vt 0.208333 0.916667
vt 0.208333 0.833333
vt 0.229167 0.750000
vt 0.208333 0.750000
vt 0.187500 0.833333
vt 0.208333 1.000000
vt 0.229167 1.000000
vt 0.229167 0.000000
vt 0.250000 0.083333
vt 0.229167 0.083333
vt 0.250000 0.000000
vt 0.270833 0.916667
vt 0.270833 1.000000
vt 0.270833 0.000000
vt 0.291667 1.000000
vt 0.270833 0.083333
vt 0.291667 0.000000
vt 0.291667 0.916667
vt 0.312500 0.000000
vt 0.291667 0.083333
vt 0.291667 0.833333
vt 0.312500 0.916667
vt 0.312500 0.833333
vt 0.333333 0.833333
vt 0.333333 0.916667
vt 0.333333 1.000000
vt 0.354167 0.000000
vt 0.333333 0.083333
vt 0.333333 0.000000
vt 0.354167 1.000000
vt 0.312500 0.083333
vt 0.354167 0.083333
vt 0.333333 0.166667
vt 0.312500 0.166667
vt 0.312500 0.250000
vt 0.291667 0.166667
vt 0.291667 0.250000
vt 0.312500 0.333333
vt 0.270833 0.250000
vt 0.270833 0.166667
vt 0.250000 0.166667
vt 0.229167 0.166667
vt 0.229167 0.250000
vt 0.333333 0.250000
vt 0.333333 0.333333
vt 0.333333 0.416667
vt 0.354167 0.416667
vt 0.354167 0.500000
vt 0.333333 0.500000
vt 0.333333 0.583333
vt 0.354167 0.583333
vt 0.333333 0.666667
vt 0.354167 0.666667
vt 0.354167 0.750000
vt 0.333333 0.750000
vt 0.375000 0.750000
vt 0.354167 0.833333
vt 0.375000 0.666667
vt 0.395833 0.750000
vt 0.375000 0.833333
vt 0.395833 0.833333
vt 0.416667 0.666667
vt 0.416667 0.750000
vt 0.395833 0.666667
vt 0.395833 0.583333
vt 0.416667 0.583333
vt 0.437500 0.583333
vt 0.437500 0.666667
vt 0.437500 0.750000
vt 0.416667 0.833333
vt 0.416667 0.916667
vt 0.395833 0.916667
vt 0.375000 0.916667
vt 0.395833 1.000000
vt 0.375000 0.000000
vt 0.395833 0.000000
vt 0.395833 0.083333
vt 0.375000 0.083333
vt 0.375000 0.166667
vt 0.354167 0.166667
vt 0.354167 0.250000
vt 0.375000 0.250000
vt 0.354167 0.333333
vt 0.375000 0.333333
vt 0.395833 0.250000
vt 0.395833 0.333333
vt 0.375000 0.416667
vt 0.416667 0.416667
vt 0.395833 0.416667
vt 0.416667 0.333333
vt 0.416667 0.500000
vt 0.395833 0.500000
vt 0.375000 0.583333
vt 0.437500 0.416667
vt 0.458333 0.416667
vt 0.437500 0.333333
vt 0.458333 0.333333
vt 0.479167 0.416667
vt 0.458333 0.500000
vt 0.416667 0.250000
vt 0.437500 0.250000
vt 0.416667 0.166667
vt 0.395833 0.166667
vt 0.416667 0.083333
vt 0.416667 0.000000
vt 0.416667 1.000000
vt 0.354167 0.916667
vt 0.208333 0.416667
vt 0.104167 1.000000
vt 0.020833 1.000000
vt 0.000000 0.000000
vt 0.020833 0.000000
vt 0.000000 0.916667
vt 0.000000 0.833333
vt 0.062500 0.416667
vt 0.062500 0.333333
vt 0.083333 0.416667
vt 0.041667 0.333333
vt 0.083333 0.250000
vt 0.083333 0.333333
vt 0.958333 0.333333
vt 0.854167 0.083333
vt 0.854167 0.000000
vt 0.875000 0.000000
vt 0.895833 0.916667
vt 0.895833 1.000000
vt 0.875000 0.916667
vt 0.854167 1.000000
vt 0.895833 0.833333
vt 0.875000 0.833333
vt 0.854167 0.916667
vt 0.875000 0.750000
vt 0.854167 0.750000
vt 0.854167 0.833333
vt 0.854167 0.666667
vt 0.833333 0.750000
vt 0.833333 0.666667
vt 0.812500 0.750000
vt 0.833333 0.583333
vt 0.812500 0.666667
vt 0.791667 0.750000
vt 0.791667 0.666667
vt 0.833333 0.833333
vt 0.812500 0.833333
vt 0.833333 0.916667
vt 0.812500 0.916667
vt 0.833333 1.000000
vt 0.833333 0.000000
vt 0.770833 0.666667
vt 0.791667 0.583333
vt 0.812500 0.583333
vt 0.770833 0.583333
vt 0.791667 0.500000
vt 0.770833 0.500000
vt 0.791667 0.416667
vt 0.812500 0.416667
vt 0.791667 0.333333
vt 0.812500 0.333333
vt 0.791667 0.250000
vt 0.770833 0.333333
vt 0.770833 0.416667
vt 0.750000 0.333333
vt 0.770833 0.250000
vt 0.750000 0.416667
vt 0.895833 0.750000
vt 0.916667 0.833333
vt 0.937500 0.916667
vt 0.916667 0.916667
vt 0.937500 0.833333
vt 0.916667 1.000000
vt 0.645833 0.583333
vt 0.625000 0.583333
vt 0.645833 0.500000
vt 0.625000 0.666667
vt 0.583333 0.250000
vt 0.604167 0.250000
vt 0.583333 0.166667
s 1
usemtl Morado_clarito.003
f 4/1/1 2/2/2 1/3/3
f 1/4/3 2/5/2 6/6/4
f 3/7/5 4/8/1 1/9/3
f 1/4/3 7/10/4 3/11/5
f 1/4/3 6/6/4 5/12/4
f 1/4/3 5/12/4 7/10/4
f 5/12/4 8/13/4 7/10/4
f 9/14/4 7/10/4 8/13/4
f 3/11/5 7/10/4 9/14/4
f 9/14/4 8/13/4 10/15/4
f 11/16/6 9/14/4 10/15/4
f 3/11/5 9/14/4 11/16/6
f 11/16/6 10/15/4 12/17/7
f 14/18/8 3/7/5 11/19/6
f 13/20/9 11/19/6 12/21/7
f 13/20/9 14/18/8 11/19/6
f 14/18/8 15/22/10 3/7/5
f 16/23/11 14/18/8 13/20/9
f 17/24/12 15/22/10 14/18/8
f 16/23/11 17/24/12 14/18/8
f 17/24/12 18/25/13 15/22/10
f 19/26/14 17/27/12 16/28/11
f 21/29/14 18/30/13 17/27/12
f 19/26/14 20/31/14 17/27/12
f 21/29/14 17/27/12 20/31/14
f 23/32/14 18/30/13 21/29/14
f 22/33/14 21/29/14 20/31/14
f 23/32/14 21/29/14 22/33/14
f 24/34/14 25/35/15 23/32/14
f 23/32/14 22/33/14 24/34/14
f 23/32/14 25/35/15 18/30/13
f 24/34/14 26/36/16 25/35/15
f 4/1/1 25/37/15 26/38/16
f 18/25/13 25/39/15 4/8/1
f 24/34/14 27/40/17 26/36/16
f 26/38/16 27/41/17 29/42/18
f 26/38/16 29/42/18 28/43/19
f 4/1/1 26/38/16 28/43/19
f 2/2/2 29/42/18 30/44/20
f 2/2/2 28/43/19 29/42/18
f 29/42/18 27/41/17 33/45/21
f 29/42/18 31/46/22 30/44/20
f 29/42/18 32/47/23 31/46/22
f 29/42/18 33/45/21 32/47/23
f 32/47/23 33/45/21 34/48/24
f 37/49/14 34/50/24 33/51/21
f 35/52/14 36/53/14 33/51/21
f 35/52/14 33/51/21 27/40/17
f 37/49/14 33/51/21 36/53/14
f 37/49/14 39/54/25 34/50/24
f 22/33/14 37/49/14 36/53/14
f 37/49/14 38/55/14 39/54/25
f 22/33/14 38/55/14 37/49/14
f 39/56/25 43/57/26 40/58/27
f 34/48/24 39/56/25 40/58/27
f 39/56/25 41/59/28 43/57/26
f 42/60/14 41/61/28 39/54/25
f 42/60/14 39/54/25 38/55/14
f 44/62/29 40/58/27 43/57/26
f 43/57/26 41/59/28 48/63/30
f 44/62/29 43/57/26 45/64/31
f 43/57/26 46/65/32 45/64/31
f 43/57/26 47/66/33 46/65/32
f 43/57/26 48/63/30 47/66/33
f 48/63/30 51/67/34 47/66/33
f 50/68/14 49/69/35 48/70/30
f 48/63/30 49/71/35 51/67/34
f 42/60/14 50/68/14 48/70/30
f 42/60/14 48/70/30 41/61/28
f 47/66/33 51/67/34 52/72/36
f 51/67/34 49/71/35 55/73/37
f 51/67/34 53/74/38 52/72/36
f 51/67/34 54/75/39 53/74/38
f 51/67/34 55/73/37 54/75/39
f 58/76/14 56/77/40 55/78/37
f 54/75/39 55/73/37 56/79/40
f 57/80/14 58/76/14 55/78/37
f 57/80/14 55/78/37 49/69/35
f 58/76/14 59/81/14 56/77/40
f 22/33/14 58/76/14 57/80/14
f 22/33/14 59/81/14 58/76/14
f 60/82/14 56/77/40 59/81/14
f 22/33/14 60/82/14 59/81/14
f 60/82/14 61/83/41 56/77/40
f 60/82/14 63/84/42 61/83/41
f 60/82/14 62/85/14 63/84/42
f 22/33/14 62/85/14 60/82/14
f 63/86/42 13/20/9 64/87/43
f 61/88/41 63/86/42 64/87/43
f 62/85/14 16/28/11 63/84/42
f 63/86/42 16/23/11 13/20/9
f 61/88/41 64/87/43 65/89/44
f 65/89/44 64/87/43 66/90/45
f 66/90/45 64/87/43 13/20/9
f 65/89/44 66/90/45 67/91/46
f 67/92/46 66/93/45 68/94/4
f 12/17/7 68/94/4 66/93/45
f 66/90/45 13/20/9 12/21/7
f 68/94/4 10/15/4 8/13/4
f 68/94/4 8/13/4 69/95/4
f 12/17/7 10/15/4 68/94/4
f 67/92/46 68/94/4 69/95/4
f 71/96/4 69/95/4 8/13/4
f 70/97/47 67/92/46 69/95/4
f 70/97/47 69/95/4 71/96/4
f 71/96/4 8/13/4 72/98/4
f 53/99/38 71/96/4 72/98/4
f 53/99/38 70/97/47 71/96/4
f 73/100/4 72/98/4 8/13/4
f 53/99/38 72/98/4 73/100/4
f 73/100/4 8/13/4 74/101/4
f 52/102/36 73/100/4 74/101/4
f 53/99/38 73/100/4 52/102/36
f 75/103/4 74/101/4 8/13/4
f 45/104/31 74/101/4 75/103/4
f 52/102/36 74/101/4 46/105/32
f 45/104/31 46/105/32 74/101/4
f 75/103/4 8/13/4 76/106/4
f 44/107/29 75/103/4 76/106/4
f 44/107/29 45/104/31 75/103/4
f 77/108/4 76/106/4 8/13/4
f 44/107/29 76/106/4 77/108/4
f 31/109/22 77/108/4 79/110/4
f 31/109/22 78/111/48 77/108/4
f 77/108/4 8/13/4 79/110/4
f 44/107/29 77/108/4 78/111/48
f 31/109/22 79/110/4 80/112/4
f 80/112/4 79/110/4 8/13/4
f 31/109/22 80/112/4 30/113/20
f 80/112/4 8/13/4 6/6/4
f 30/113/20 80/112/4 6/6/4
f 32/47/23 78/114/48 31/46/22
f 32/47/23 81/115/49 78/114/48
f 81/115/49 44/62/29 78/114/48
f 32/47/23 34/48/24 81/115/49
f 34/48/24 40/58/27 81/115/49
f 81/115/49 40/58/27 44/62/29
f 82/116/50 67/91/46 70/117/47
f 53/74/38 82/116/50 70/117/47
f 82/116/50 56/79/40 61/88/41
f 54/75/39 56/79/40 82/116/50
f 82/116/50 61/88/41 65/89/44
f 82/116/50 65/89/44 67/91/46
f 53/74/38 54/75/39 82/116/50
f 62/85/14 19/26/14 16/28/11
f 22/33/14 19/26/14 62/85/14
f 50/68/14 57/80/14 49/69/35
f 22/33/14 57/80/14 50/68/14
f 47/66/33 52/72/36 46/65/32
f 22/33/14 50/68/14 42/60/14
f 22/33/14 42/60/14 38/55/14
f 22/33/14 36/53/14 35/52/14
f 22/33/14 35/52/14 24/34/14
f 24/34/14 35/52/14 27/40/17
f 30/113/20 6/6/4 2/5/2
f 4/1/1 28/43/19 2/2/2
f 22/33/14 20/31/14 19/26/14
f 18/25/13 4/8/1 15/22/10
f 3/7/5 15/22/10 4/8/1
f 5/12/4 6/6/4 8/13/4
f 659/4/579 660/5/580 665/6/581
f 662/1/1 660/2/580 659/3/579
f 659/4/579 666/10/581 661/11/582
f 663/22/583 659/9/579 661/7/582
f 663/22/583 662/8/1 659/9/579
f 659/4/579 664/12/581 666/10/581
f 659/4/579 665/6/581 664/12/581
f 667/14/581 666/10/581 668/13/581
f 661/11/582 666/10/581 667/14/581
f 664/12/581 668/13/581 666/10/581
f 679/112/581 669/110/581 668/13/581
f 671/108/581 668/13/581 669/110/581
f 680/96/581 670/95/581 668/13/581
f 672/94/581 668/13/581 670/95/581
f 671/108/581 673/106/581 668/13/581
f 672/94/581 674/15/581 668/13/581
f 675/103/581 668/13/581 673/106/581
f 667/14/581 668/13/581 674/15/581
f 675/103/581 676/101/581 668/13/581
f 677/100/581 668/13/581 676/101/581
f 664/12/581 665/6/581 668/13/581
f 677/100/581 678/98/581 668/13/581
f 679/112/581 668/13/581 665/6/581
f 680/96/581 668/13/581 678/98/581
f 681/99/584 682/97/585 680/96/581
f 681/99/584 680/96/581 678/98/581
f 682/97/585 670/95/581 680/96/581
f 681/74/584 684/116/586 682/117/585
f 682/97/585 683/92/587 670/95/581
f 684/116/586 683/91/587 682/117/585
f 684/116/586 686/89/588 683/91/587
f 681/74/584 685/75/589 684/116/586
f 685/75/589 687/79/590 684/116/586
f 687/79/590 686/89/588 684/116/586
f 687/79/590 689/88/591 686/89/588
f 685/75/589 688/73/592 687/79/590
f 690/76/593 687/77/590 688/78/592
f 691/81/593 689/83/591 687/77/590
f 690/76/593 691/81/593 687/77/590
f 691/81/593 693/82/593 689/83/591
f 692/33/593 693/82/593 691/81/593
f 692/33/593 691/81/593 690/76/593
f 694/85/593 689/83/591 693/82/593
f 692/33/593 694/85/593 693/82/593
f 694/85/593 695/84/594 689/83/591
f 694/85/593 697/28/595 695/84/594
f 692/33/593 696/26/593 694/85/593
f 694/85/593 696/26/593 697/28/595
f 695/86/594 697/23/595 698/20/596
f 698/20/596 697/23/595 699/24/597
f 700/31/593 699/27/597 697/28/595
f 700/31/593 697/28/595 696/26/593
f 692/33/593 700/31/593 696/26/593
f 701/29/593 699/27/597 700/31/593
f 692/33/593 701/29/593 700/31/593
f 701/29/593 702/30/598 699/27/597
f 701/29/593 703/35/599 702/30/598
f 704/32/593 701/29/593 692/33/593
f 701/29/593 704/32/593 703/35/599
f 704/32/593 706/34/593 705/36/600
f 704/32/593 705/36/600 703/35/599
f 704/32/593 692/33/593 706/34/593
f 707/52/593 705/36/600 706/34/593
f 692/33/593 707/52/593 706/34/593
f 707/52/593 708/40/601 705/36/600
f 692/33/593 709/53/593 707/52/593
f 709/53/593 708/40/601 707/52/593
f 709/53/593 710/51/602 708/40/601
f 709/53/593 712/50/603 710/51/602
f 709/53/593 711/49/604 712/50/603
f 692/33/593 711/49/604 709/53/593
f 710/45/602 712/48/603 713/115/605
f 713/115/605 712/48/603 714/56/606
f 711/49/604 714/54/606 712/50/603
f 713/115/605 714/56/606 715/58/607
f 715/58/607 714/56/606 716/59/608
f 717/55/593 716/61/608 714/54/606
f 711/49/604 717/55/593 714/54/606
f 692/33/593 717/55/593 711/49/604
f 717/55/593 718/60/593 716/61/608
f 692/33/593 718/60/593 717/55/593
f 719/68/593 716/61/608 718/60/593
f 692/33/593 719/68/593 718/60/593
f 719/68/593 720/70/609 716/61/608
f 721/80/593 720/70/609 719/68/593
f 692/33/593 721/80/593 719/68/593
f 721/80/593 722/69/610 720/70/609
f 690/76/593 722/69/610 721/80/593
f 692/33/593 690/76/593 721/80/593
f 720/63/609 722/71/610 723/67/34
f 723/67/34 722/71/610 688/73/592
f 690/76/593 688/78/592 722/69/610
f 725/66/611 723/67/34 724/72/612
f 724/72/612 723/67/34 685/75/589
f 720/63/609 723/67/34 725/66/611
f 723/67/34 688/73/592 685/75/589
f 726/64/613 728/57/614 725/66/611
f 726/64/613 725/66/611 727/65/615
f 725/66/611 724/72/612 727/65/615
f 728/57/614 720/63/609 725/66/611
f 715/58/607 728/57/614 726/64/613
f 715/58/607 716/59/608 728/57/614
f 728/57/614 716/59/608 720/63/609
f 727/105/615 675/103/581 726/104/613
f 724/102/612 676/101/581 727/105/615
f 727/105/615 676/101/581 675/103/581
f 726/104/613 673/106/581 729/107/616
f 715/58/607 726/64/613 729/62/616
f 726/104/613 675/103/581 673/106/581
f 729/107/616 671/108/581 730/111/617
f 713/115/605 729/62/616 730/114/617
f 713/115/605 715/58/607 729/62/616
f 729/107/616 673/106/581 671/108/581
f 731/46/618 713/115/605 730/114/617
f 731/109/618 730/111/617 671/108/581
f 732/113/619 731/109/618 669/110/581
f 733/42/620 731/46/618 732/44/619
f 733/42/620 734/47/621 731/46/618
f 731/46/618 734/47/621 713/115/605
f 731/109/618 671/108/581 669/110/581
f 710/45/602 713/115/605 734/47/621
f 708/41/601 710/45/602 734/47/621
f 708/41/601 734/47/621 733/42/620
f 735/43/622 733/42/620 732/44/619
f 735/43/622 708/41/601 733/42/620
f 662/1/1 735/43/622 660/2/580
f 703/37/599 735/43/622 662/1/1
f 735/43/622 732/44/619 660/2/580
f 735/43/622 705/38/600 708/41/601
f 703/37/599 705/38/600 735/43/622
f 660/5/580 732/113/619 679/112/581
f 732/113/619 669/110/581 679/112/581
f 724/102/612 681/99/584 678/98/581
f 724/72/612 685/75/589 681/74/584
f 724/102/612 677/100/581 676/101/581
f 724/102/612 678/98/581 677/100/581
f 663/22/583 702/25/598 703/39/599
f 663/22/583 703/39/599 662/8/1
f 699/24/597 702/25/598 663/22/583
f 698/20/596 699/24/597 736/18/623
f 699/24/597 663/22/583 736/18/623
f 698/20/596 736/18/623 737/19/624
f 737/19/624 736/18/623 663/22/583
f 737/16/624 674/15/581 738/17/625
f 698/20/596 737/19/624 738/21/625
f 661/11/582 667/14/581 737/16/624
f 737/19/624 663/22/583 661/7/582
f 737/16/624 667/14/581 674/15/581
f 738/17/625 672/94/581 739/93/626
f 740/87/627 738/21/625 739/90/626
f 740/87/627 698/20/596 738/21/625
f 738/17/625 674/15/581 672/94/581
f 686/89/588 740/87/627 739/90/626
f 686/89/588 695/86/594 740/87/627
f 695/86/594 698/20/596 740/87/627
f 683/92/587 739/93/626 672/94/581
f 686/89/588 739/90/626 683/91/587
f 686/89/588 689/88/591 695/86/594
f 683/92/587 672/94/581 670/95/581
f 660/5/580 679/112/581 665/6/581
f 742/5/2 745/12/4 741/4/3
f 744/1/1 742/2/2 741/3/3
f 743/11/5 741/4/3 745/12/4
f 743/7/5 744/8/1 741/9/3
f 743/11/5 745/12/4 747/10/4
f 745/12/4 746/6/4 748/13/4
f 742/5/2 746/6/4 745/12/4
f 745/12/4 748/13/4 747/10/4
f 760/108/4 749/106/4 748/13/4
f 751/103/4 748/13/4 749/106/4
f 761/94/4 750/15/4 748/13/4
f 752/14/4 748/13/4 750/15/4
f 751/103/4 753/101/4 748/13/4
f 752/14/4 747/10/4 748/13/4
f 754/100/4 748/13/4 753/101/4
f 754/100/4 755/98/4 748/13/4
f 756/112/4 748/13/4 746/6/4
f 757/96/4 748/13/4 755/98/4
f 756/112/4 758/110/4 748/13/4
f 757/96/4 759/95/4 748/13/4
f 760/108/4 748/13/4 758/110/4
f 761/94/4 748/13/4 759/95/4
f 762/17/7 750/15/4 761/94/4
f 762/17/7 761/94/4 764/93/45
f 763/92/46 761/94/4 759/95/4
f 763/92/46 764/93/45 761/94/4
f 765/89/44 764/90/45 763/91/46
f 764/90/45 767/20/9 762/21/7
f 765/89/44 766/87/43 764/90/45
f 764/90/45 766/87/43 767/20/9
f 762/21/7 767/20/9 768/18/8
f 770/23/11 768/18/8 767/20/9
f 769/86/42 770/23/11 767/20/9
f 769/86/42 767/20/9 766/87/43
f 770/23/11 771/24/12 768/18/8
f 773/26/14 771/27/12 770/28/11
f 772/85/14 773/26/14 770/28/11
f 772/85/14 770/28/11 769/84/42
f 773/26/14 774/31/14 771/27/12
f 775/33/14 774/31/14 773/26/14
f 775/33/14 773/26/14 772/85/14
f 777/32/14 775/33/14 776/34/14
f 775/33/14 778/52/14 776/34/14
f 777/32/14 788/29/14 775/33/14
f 775/33/14 779/53/14 778/52/14
f 775/33/14 780/49/14 779/53/14
f 775/33/14 781/55/14 780/49/14
f 775/33/14 782/60/14 781/55/14
f 775/33/14 783/68/14 782/60/14
f 775/33/14 784/80/14 783/68/14
f 775/33/14 785/76/14 784/80/14
f 775/33/14 786/81/14 785/76/14
f 775/33/14 787/82/14 786/81/14
f 775/33/14 772/85/14 787/82/14
f 775/33/14 788/29/14 774/31/14
f 788/29/14 789/30/13 771/27/12
f 788/29/14 771/27/12 774/31/14
f 777/32/14 789/30/13 788/29/14
f 768/18/8 771/24/12 789/25/13
f 768/18/8 789/25/13 790/22/10
f 777/32/14 791/35/15 789/30/13
f 789/25/13 744/8/1 790/22/10
f 789/25/13 791/39/15 744/8/1
f 744/1/1 791/37/15 792/38/16
f 776/34/14 792/36/16 791/35/15
f 776/34/14 791/35/15 777/32/14
f 744/1/1 792/38/16 794/43/19
f 778/52/14 793/40/628 792/36/16
f 794/43/19 792/38/16 793/41/628
f 778/52/14 792/36/16 776/34/14
f 744/1/1 794/43/19 742/2/2
f 742/2/2 794/43/19 795/42/18
f 794/43/19 793/41/628 795/42/18
f 742/2/2 795/42/18 796/44/20
f 795/42/18 797/46/22 796/44/20
f 795/42/18 798/47/23 797/46/22
f 793/41/628 798/47/23 795/42/18
f 798/47/23 799/114/48 797/46/22
f 798/47/23 800/115/49 799/114/48
f 798/47/23 802/48/24 800/115/49
f 793/41/628 801/45/21 798/47/23
f 798/47/23 801/45/21 802/48/24
f 802/48/24 804/56/25 803/58/27
f 802/48/24 803/58/27 800/115/49
f 780/49/14 802/50/24 801/51/21
f 780/49/14 804/54/25 802/50/24
f 803/58/27 804/56/25 805/59/629
f 782/60/14 805/61/629 804/54/25
f 780/49/14 781/55/14 804/54/25
f 782/60/14 804/54/25 781/55/14
f 803/58/27 805/59/629 806/57/26
f 806/57/26 805/59/629 807/63/30
f 782/60/14 807/70/30 805/61/629
f 806/57/26 807/63/30 808/66/33
f 807/63/30 810/67/34 808/66/33
f 807/63/30 809/71/35 810/67/34
f 783/68/14 809/69/35 807/70/30
f 782/60/14 783/68/14 807/70/30
f 811/65/32 808/66/33 810/67/34
f 811/65/32 810/67/34 812/72/36
f 810/67/34 813/74/38 812/72/36
f 810/67/34 814/75/39 813/74/38
f 810/67/34 815/73/37 814/75/39
f 810/67/34 809/71/35 815/73/37
f 784/80/14 815/78/37 809/69/35
f 814/75/39 815/73/37 816/79/40
f 785/76/14 816/77/40 815/78/37
f 784/80/14 785/76/14 815/78/37
f 814/75/39 816/79/40 817/116/50
f 816/79/40 765/89/44 817/116/50
f 816/79/40 818/88/41 765/89/44
f 786/81/14 818/83/41 816/77/40
f 785/76/14 786/81/14 816/77/40
f 818/88/41 766/87/43 765/89/44
f 818/88/41 769/86/42 766/87/43
f 787/82/14 769/84/42 818/83/41
f 786/81/14 787/82/14 818/83/41
f 814/75/39 817/116/50 819/117/47
f 819/117/47 817/116/50 765/89/44
f 813/99/38 819/97/47 757/96/4
f 814/75/39 819/117/47 813/74/38
f 819/97/47 763/92/46 759/95/4
f 819/117/47 765/89/44 763/91/46
f 819/97/47 759/95/4 757/96/4
f 812/102/36 813/99/38 755/98/4
f 813/99/38 757/96/4 755/98/4
f 812/102/36 753/101/4 811/105/32
f 812/102/36 754/100/4 753/101/4
f 812/102/36 755/98/4 754/100/4
f 820/104/31 811/105/32 753/101/4
f 806/57/26 811/65/32 820/64/31
f 806/57/26 808/66/33 811/65/32
f 803/58/27 806/57/26 820/64/31
f 803/58/27 820/64/31 821/62/29
f 821/107/29 820/104/31 751/103/4
f 820/104/31 753/101/4 751/103/4
f 821/107/29 760/108/4 799/111/48
f 800/115/49 821/62/29 799/114/48
f 800/115/49 803/58/27 821/62/29
f 821/107/29 749/106/4 760/108/4
f 821/107/29 751/103/4 749/106/4
f 783/68/14 784/80/14 809/69/35
f 778/52/14 801/51/21 793/40/628
f 778/52/14 779/53/14 801/51/21
f 780/49/14 801/51/21 779/53/14
f 797/109/22 799/111/48 760/108/4
f 797/109/22 756/112/4 796/113/20
f 797/109/22 758/110/4 756/112/4
f 797/109/22 760/108/4 758/110/4
f 796/113/20 746/6/4 742/5/2
f 796/113/20 756/112/4 746/6/4
f 768/18/8 790/22/10 743/7/5
f 743/7/5 790/22/10 744/8/1
f 787/82/14 772/85/14 769/84/42
f 762/21/7 768/18/8 822/19/6
f 768/18/8 743/7/5 822/19/6
f 822/16/6 750/15/4 762/17/7
f 743/11/5 752/14/4 822/16/6
f 822/16/6 752/14/4 750/15/4
f 743/11/5 747/10/4 752/14/4
f 823/3/630 827/43/631 824/2/632
f 823/4/630 824/5/632 829/6/633
f 825/7/634 826/8/1 823/9/630
f 825/11/634 823/4/630 828/12/633
f 823/3/630 826/1/1 827/43/631
f 823/4/630 829/6/633 828/12/633
f 828/12/633 829/6/633 831/13/633
f 830/112/633 831/13/633 829/6/633
f 824/5/632 830/112/633 829/6/633
f 828/12/633 831/13/633 837/10/633
f 830/112/633 841/110/633 831/13/633
f 834/103/633 831/13/633 832/106/633
f 843/108/633 832/106/633 831/13/633
f 835/14/633 831/13/633 833/15/633
f 844/94/633 833/15/633 831/13/633
f 834/103/633 836/101/633 831/13/633
f 835/14/633 837/10/633 831/13/633
f 838/100/633 831/13/633 836/101/633
f 838/100/633 839/98/633 831/13/633
f 840/96/633 831/13/633 839/98/633
f 840/96/633 842/95/633 831/13/633
f 843/108/633 831/13/633 841/110/633
f 844/94/633 831/13/633 842/95/633
f 845/93/635 833/15/633 844/94/633
f 845/93/635 844/94/633 842/95/633
f 846/91/636 848/87/637 845/90/635
f 845/93/635 842/95/633 846/92/636
f 848/87/637 847/21/638 845/90/635
f 845/93/635 847/17/638 833/15/633
f 846/91/636 849/89/639 848/87/637
f 848/87/637 850/20/640 847/21/638
f 849/89/639 851/86/641 848/87/637
f 851/86/641 850/20/640 848/87/637
f 854/82/642 851/84/641 852/83/643
f 849/89/639 852/88/643 851/86/641
f 856/26/642 853/28/644 851/84/641
f 851/86/641 853/23/644 850/20/640
f 854/82/642 855/85/642 851/84/641
f 856/26/642 851/84/641 855/85/642
f 856/26/642 858/27/645 853/28/644
f 859/33/642 856/26/642 855/85/642
f 859/33/642 857/31/642 856/26/642
f 856/26/642 857/31/642 858/27/645
f 859/33/642 862/52/642 860/34/642
f 861/32/642 859/33/642 860/34/642
f 861/32/642 871/29/642 859/33/642
f 859/33/642 863/53/642 862/52/642
f 859/33/642 864/49/642 863/53/642
f 859/33/642 865/55/642 864/49/642
f 859/33/642 866/60/642 865/55/642
f 859/33/642 867/68/642 866/60/642
f 859/33/642 868/80/642 867/68/642
f 859/33/642 869/76/642 868/80/642
f 859/33/642 870/81/642 869/76/642
f 859/33/642 854/82/642 870/81/642
f 859/33/642 871/29/642 857/31/642
f 859/33/642 855/85/642 854/82/642
f 871/29/642 861/32/642 873/35/646
f 871/29/642 873/35/646 872/30/647
f 857/31/642 871/29/642 872/30/647
f 861/32/642 875/36/648 873/35/646
f 874/22/649 872/25/647 873/39/646
f 874/22/649 873/39/646 826/8/1
f 826/1/1 873/37/646 875/38/648
f 827/43/631 875/38/648 876/41/650
f 826/1/1 875/38/648 827/43/631
f 860/34/642 876/40/650 875/36/648
f 861/32/642 860/34/642 875/36/648
f 827/43/631 876/41/650 877/42/651
f 860/34/642 862/52/642 876/40/650
f 876/41/650 879/47/652 877/42/651
f 862/52/642 878/51/653 876/40/650
f 876/41/650 878/45/653 879/47/652
f 877/42/651 879/47/652 880/46/654
f 878/45/653 882/115/655 879/47/652
f 879/47/652 881/114/656 880/46/654
f 879/47/652 882/115/655 881/114/656
f 878/45/653 885/48/657 882/115/655
f 882/115/655 883/62/658 881/114/656
f 882/115/655 884/58/659 883/62/658
f 882/115/655 886/56/660 884/58/659
f 882/115/655 885/48/657 886/56/660
f 884/58/659 886/56/660 887/59/661
f 865/55/642 886/54/660 885/50/657
f 866/60/642 887/61/661 886/54/660
f 866/60/642 886/54/660 865/55/642
f 867/68/642 887/61/661 866/60/642
f 867/68/642 889/70/662 887/61/661
f 884/58/659 887/59/661 888/57/663
f 887/59/661 890/66/664 888/57/663
f 887/59/661 889/63/662 890/66/664
f 888/57/663 890/66/664 891/65/665
f 889/63/662 893/67/34 890/66/664
f 890/66/664 892/72/666 891/65/665
f 890/66/664 893/67/34 892/72/666
f 892/72/666 893/67/34 894/75/667
f 895/71/668 894/75/667 893/67/34
f 889/63/662 895/71/668 893/67/34
f 869/76/642 895/69/668 868/80/642
f 868/80/642 895/69/668 889/70/662
f 869/76/642 896/78/669 895/69/668
f 895/71/668 896/73/669 894/75/667
f 870/81/642 896/78/669 869/76/642
f 870/81/642 897/77/670 896/78/669
f 896/73/669 898/116/671 894/75/667
f 896/73/669 897/79/670 898/116/671
f 898/116/671 897/79/670 852/88/643
f 898/116/671 852/88/643 849/89/639
f 898/116/671 849/89/639 846/91/636
f 898/116/671 846/91/636 899/117/672
f 894/75/667 898/116/671 899/117/672
f 894/75/667 899/117/672 900/74/673
f 900/99/673 899/97/672 840/96/633
f 899/97/672 846/92/636 842/95/633
f 899/97/672 842/95/633 840/96/633
f 892/72/666 894/75/667 900/74/673
f 892/102/666 900/99/673 839/98/633
f 900/99/673 840/96/633 839/98/633
f 854/82/642 852/83/643 897/77/670
f 854/82/642 897/77/670 870/81/642
f 892/102/666 836/101/633 891/105/665
f 892/102/666 838/100/633 836/101/633
f 892/102/666 839/98/633 838/100/633
f 888/57/663 891/65/665 901/64/674
f 901/104/674 891/105/665 836/101/633
f 883/107/658 901/104/674 834/103/633
f 884/58/659 901/64/674 883/62/658
f 901/104/674 836/101/633 834/103/633
f 884/58/659 888/57/663 901/64/674
f 868/80/642 889/70/662 867/68/642
f 863/53/642 885/50/657 878/51/653
f 863/53/642 864/49/642 885/50/657
f 865/55/642 885/50/657 864/49/642
f 883/107/658 832/106/633 843/108/633
f 883/107/658 843/108/633 881/111/656
f 883/107/658 834/103/633 832/106/633
f 881/111/656 843/108/633 841/110/633
f 881/111/656 841/110/633 880/109/654
f 877/42/651 880/46/654 902/44/675
f 880/109/654 841/110/633 830/112/633
f 880/109/654 830/112/633 902/113/675
f 827/43/631 877/42/651 902/44/675
f 827/43/631 902/44/675 824/2/632
f 824/5/632 902/113/675 830/112/633
f 862/52/642 863/53/642 878/51/653
f 903/18/676 872/25/647 874/22/649
f 825/7/634 874/22/649 826/8/1
f 903/18/676 874/22/649 825/7/634
f 853/23/644 858/24/645 903/18/676
f 853/23/644 903/18/676 850/20/640
f 903/18/676 825/7/634 904/19/677
f 850/20/640 903/18/676 904/19/677
f 903/18/676 858/24/645 872/25/647
f 904/16/677 835/14/633 833/15/633
f 825/11/634 835/14/633 904/16/677
f 850/20/640 904/19/677 847/21/638
f 904/16/677 833/15/633 847/17/638
f 857/31/642 872/30/647 858/27/645
f 825/11/634 837/10/633 835/14/633
f 825/11/634 828/12/633 837/10/633
f 908/1/1 906/2/678 905/3/679
f 906/5/678 910/12/680 905/4/679
f 909/22/681 905/9/679 907/7/682
f 905/4/679 911/10/680 907/11/682
f 909/22/681 908/8/1 905/9/679
f 905/4/679 910/12/680 911/10/680
f 912/16/683 907/11/682 911/10/680
f 910/12/680 914/13/680 911/10/680
f 912/16/683 911/10/680 913/14/680
f 913/14/680 911/10/680 914/13/680
f 910/12/680 924/6/680 914/13/680
f 913/14/680 914/13/680 920/15/680
f 917/108/680 914/13/680 915/110/680
f 926/112/680 915/110/680 914/13/680
f 918/94/680 914/13/680 916/95/680
f 927/96/680 916/95/680 914/13/680
f 917/108/680 919/106/680 914/13/680
f 918/94/680 920/15/680 914/13/680
f 921/103/680 914/13/680 919/106/680
f 921/103/680 922/101/680 914/13/680
f 923/100/680 914/13/680 922/101/680
f 923/100/680 925/98/680 914/13/680
f 926/112/680 914/13/680 924/6/680
f 927/96/680 914/13/680 925/98/680
f 928/97/684 916/95/680 927/96/680
f 928/97/684 927/96/680 925/98/680
f 928/97/684 930/92/685 916/95/680
f 928/97/684 925/98/680 929/99/686
f 931/75/687 928/117/684 929/74/686
f 932/116/688 930/91/685 928/117/684
f 931/75/687 932/116/688 928/117/684
f 931/75/687 934/79/689 932/116/688
f 934/79/689 933/89/690 932/116/688
f 932/116/688 933/89/690 930/91/685
f 931/75/687 935/73/691 934/79/689
f 934/79/689 936/88/692 933/89/690
f 937/76/693 934/77/689 935/78/691
f 938/81/693 936/83/692 934/77/689
f 937/76/693 938/81/693 934/77/689
f 938/81/693 940/82/693 936/83/692
f 939/33/693 938/81/693 937/76/693
f 939/33/693 940/82/693 938/81/693
f 939/33/693 941/85/694 940/82/693
f 940/82/693 941/85/694 942/84/695
f 940/82/693 942/84/695 936/83/692
f 933/89/690 942/86/695 943/87/696
f 933/89/690 936/88/692 942/86/695
f 945/26/693 942/84/695 941/85/694
f 942/86/695 946/20/697 943/87/696
f 942/86/695 944/23/698 946/20/697
f 945/26/693 944/28/698 942/84/695
f 943/87/696 946/20/697 947/21/699
f 946/20/697 944/23/698 949/24/700
f 946/20/697 948/18/701 912/19/683
f 946/20/697 912/19/683 947/21/699
f 946/20/697 949/24/700 948/18/701
f 949/24/700 909/22/681 948/18/701
f 951/31/693 950/30/702 949/27/700
f 949/24/700 950/25/702 909/22/681
f 951/31/693 949/27/700 944/28/698
f 939/33/693 952/29/693 951/31/693
f 939/33/693 951/31/693 945/26/693
f 951/31/693 952/29/693 950/30/702
f 951/31/693 944/28/698 945/26/693
f 954/32/693 952/29/693 939/33/693
f 952/29/693 953/35/703 950/30/702
f 952/29/693 954/32/693 953/35/703
f 954/32/693 939/33/693 956/34/694
f 954/32/693 955/36/704 953/35/703
f 954/32/693 956/34/694 955/36/704
f 939/33/693 957/52/694 956/34/694
f 957/52/694 955/36/704 956/34/694
f 939/33/693 959/53/693 957/52/694
f 957/52/694 958/40/705 955/36/704
f 959/53/693 958/40/705 957/52/694
f 939/33/693 961/49/693 959/53/693
f 959/53/693 960/51/706 958/40/705
f 959/53/693 962/50/707 960/51/706
f 959/53/693 961/49/693 962/50/707
f 963/47/708 960/45/706 962/48/707
f 966/55/693 962/50/707 961/49/693
f 963/47/708 962/48/707 964/115/709
f 962/48/707 967/58/710 964/115/709
f 962/48/707 965/56/711 967/58/710
f 966/55/693 965/54/711 962/50/707
f 964/115/709 967/58/710 968/62/712
f 965/56/711 970/57/713 967/58/710
f 967/58/710 969/64/714 968/62/712
f 967/58/710 970/57/713 969/64/714
f 965/56/711 973/59/715 970/57/713
f 970/57/713 971/65/716 969/64/714
f 970/57/713 972/66/717 971/65/716
f 973/59/715 972/66/717 970/57/713
f 973/59/715 974/63/718 972/66/717
f 966/55/693 973/61/715 965/54/711
f 975/60/694 974/70/718 973/61/715
f 966/55/693 975/60/694 973/61/715
f 939/33/693 976/68/694 975/60/694
f 939/33/693 975/60/694 966/55/693
f 975/60/694 976/68/694 974/70/718
f 939/33/693 977/80/693 976/68/694
f 977/80/693 974/70/718 976/68/694
f 939/33/693 937/76/693 977/80/693
f 977/80/693 978/69/719 974/70/718
f 937/76/693 978/69/719 977/80/693
f 978/71/719 935/73/691 931/75/687
f 978/71/719 931/75/687 979/67/34
f 972/66/717 978/71/719 979/67/34
f 972/66/717 974/63/718 978/71/719
f 937/76/693 935/78/691 978/69/719
f 979/67/34 931/75/687 929/74/686
f 971/65/716 979/67/34 980/72/720
f 971/65/716 972/66/717 979/67/34
f 979/67/34 929/74/686 980/72/720
f 980/102/720 925/98/680 923/100/680
f 980/102/720 923/100/680 922/101/680
f 980/102/720 922/101/680 971/105/716
f 980/102/720 929/99/686 925/98/680
f 971/105/716 922/101/680 921/103/680
f 971/105/716 921/103/680 969/104/714
f 969/104/714 921/103/680 919/106/680
f 969/104/714 919/106/680 968/107/712
f 964/115/709 968/62/712 981/114/721
f 968/107/712 919/106/680 917/108/680
f 968/107/712 917/108/680 981/111/721
f 963/47/708 981/114/721 982/46/722
f 963/47/708 964/115/709 981/114/721
f 982/109/722 981/111/721 917/108/680
f 982/109/722 917/108/680 915/110/680
f 983/113/723 982/109/722 915/110/680
f 984/42/724 963/47/708 982/46/722
f 984/42/724 982/46/722 983/44/723
f 984/42/724 960/45/706 963/47/708
f 984/42/724 958/41/705 960/45/706
f 985/43/725 958/41/705 984/42/724
f 985/43/725 984/42/724 983/44/723
f 953/37/703 955/38/704 985/43/725
f 985/43/725 955/38/704 958/41/705
f 953/37/703 985/43/725 908/1/1
f 908/1/1 985/43/725 906/2/678
f 985/43/725 983/44/723 906/2/678
f 983/113/723 915/110/680 926/112/680
f 906/5/678 983/113/723 926/112/680
f 939/33/693 966/55/693 961/49/693
f 909/22/681 953/39/703 908/8/1
f 909/22/681 950/25/702 953/39/703
f 948/18/701 909/22/681 907/7/682
f 948/18/701 907/7/682 912/19/683
f 943/87/696 947/21/699 986/90/726
f 947/17/699 918/94/680 986/93/726
f 947/17/699 920/15/680 918/94/680
f 947/17/699 913/14/680 920/15/680
f 947/17/699 912/16/683 913/14/680
f 930/92/685 986/93/726 918/94/680
f 930/91/685 943/87/696 986/90/726
f 939/33/693 945/26/693 941/85/694
f 930/91/685 933/89/690 943/87/696
f 930/92/685 918/94/680 916/95/680
f 906/5/678 926/112/680 924/6/680
f 906/5/678 924/6/680 910/12/680
f 987/3/727 991/43/728 988/2/729
f 988/5/729 993/12/730 987/4/727
f 992/22/731 987/9/727 989/7/732
f 989/11/732 987/4/727 993/12/730
f 992/22/731 990/8/1 987/9/727
f 987/3/727 990/1/1 991/43/728
f 988/5/729 994/6/730 993/12/730
f 989/11/732 993/12/730 995/10/730
f 993/12/730 994/6/730 996/13/730
f 993/12/730 996/13/730 995/10/730
f 1007/14/730 995/10/730 996/13/730
f 999/96/730 996/13/730 997/98/730
f 1009/100/730 997/98/730 996/13/730
f 998/112/730 1000/110/730 996/13/730
f 998/112/730 996/13/730 994/6/730
f 999/96/730 1001/95/730 996/13/730
f 1002/108/730 996/13/730 1000/110/730
f 1003/94/730 996/13/730 1001/95/730
f 1002/108/730 1004/106/730 996/13/730
f 1003/94/730 1005/15/730 996/13/730
f 1006/103/730 996/13/730 1004/106/730
f 1007/14/730 996/13/730 1005/15/730
f 1006/103/730 1008/101/730 996/13/730
f 1009/100/730 996/13/730 1008/101/730
f 1010/102/733 997/98/730 1009/100/730
f 1010/102/733 1009/100/730 1008/101/730
f 1010/102/733 1012/99/734 997/98/730
f 1010/102/733 1008/101/730 1011/105/735
f 1013/66/736 1010/72/733 1011/65/735
f 1014/67/34 1012/74/734 1010/72/733
f 1013/66/736 1014/67/34 1010/72/733
f 1014/67/34 1015/75/737 1012/74/734
f 1016/63/738 1014/67/34 1013/66/736
f 1017/71/739 1015/75/737 1014/67/34
f 1016/63/738 1017/71/739 1014/67/34
f 1017/71/739 1018/73/740 1015/75/737
f 1019/80/741 1017/69/739 1016/70/738
f 1019/80/741 1018/78/740 1017/69/739
f 1020/33/741 1019/80/741 1021/68/741
f 1020/33/741 1022/76/741 1019/80/741
f 1019/80/741 1016/70/738 1021/68/741
f 1019/80/741 1022/76/741 1018/78/740
f 1020/33/741 1023/81/741 1022/76/741
f 1023/81/741 1018/78/740 1022/76/741
f 1020/33/741 1025/82/741 1023/81/741
f 1023/81/741 1026/83/742 1024/77/743
f 1023/81/741 1024/77/743 1018/78/740
f 1023/81/741 1025/82/741 1026/83/742
f 1024/79/743 1026/88/742 1027/89/744
f 1029/85/741 1026/83/742 1025/82/741
f 1026/88/742 1030/87/745 1027/89/744
f 1026/88/742 1028/86/746 1030/87/745
f 1029/85/741 1028/84/746 1026/83/742
f 1027/89/744 1030/87/745 1031/90/747
f 1028/86/746 1032/20/748 1030/87/745
f 1030/87/745 1033/21/749 1031/90/747
f 1030/87/745 1032/20/748 1033/21/749
f 1034/16/750 1005/15/730 1033/17/749
f 1031/93/747 1033/17/749 1005/15/730
f 1032/20/748 1034/19/750 1033/21/749
f 1034/19/750 992/22/731 989/7/732
f 989/11/732 1007/14/730 1034/16/750
f 1034/16/750 1007/14/730 1005/15/730
f 1034/19/750 1035/18/751 992/22/731
f 1032/20/748 1035/18/751 1034/19/750
f 1036/24/752 992/22/731 1035/18/751
f 1032/20/748 1036/24/752 1035/18/751
f 1039/31/741 1036/27/752 1037/28/753
f 1032/20/748 1037/23/753 1036/24/752
f 1036/24/752 1038/25/754 992/22/731
f 1040/29/741 1038/30/754 1036/27/752
f 1040/29/741 1036/27/752 1039/31/741
f 1020/33/741 1040/29/741 1039/31/741
f 1042/32/741 1040/29/741 1020/33/741
f 1040/29/741 1041/35/755 1038/30/754
f 1040/29/741 1042/32/741 1041/35/755
f 1042/32/741 1020/33/741 1043/34/741
f 1043/34/741 1041/35/755 1042/32/741
f 1045/52/741 1044/36/756 1043/34/741
f 1043/34/741 1044/36/756 1041/35/755
f 1020/33/741 1045/52/741 1043/34/741
f 1045/52/741 1046/40/757 1044/36/756
f 1020/33/741 1047/53/741 1045/52/741
f 1045/52/741 1048/51/758 1046/40/757
f 1045/52/741 1047/53/741 1048/51/758
f 1046/41/757 1048/45/758 1049/47/759
f 1047/53/741 1050/50/760 1048/51/758
f 1049/47/759 1048/45/758 1050/48/760
f 1047/53/741 1053/49/741 1050/50/760
f 1049/47/759 1050/48/760 1051/115/761
f 1050/48/760 1055/58/762 1051/115/761
f 1050/48/760 1052/56/763 1055/58/762
f 1054/55/741 1052/54/763 1050/50/760
f 1054/55/741 1050/50/760 1053/49/741
f 1056/114/764 1051/115/761 1055/58/762
f 1052/56/763 1058/57/765 1055/58/762
f 1056/114/764 1055/58/762 1057/62/766
f 1055/58/762 1059/64/767 1057/62/766
f 1055/58/762 1058/57/765 1059/64/767
f 1059/64/767 1013/66/736 1011/65/735
f 1059/104/767 1011/105/735 1008/101/730
f 1059/104/767 1006/103/730 1004/106/730
f 1059/104/767 1004/106/730 1057/107/766
f 1059/64/767 1058/57/765 1013/66/736
f 1059/104/767 1008/101/730 1006/103/730
f 1052/56/763 1060/59/768 1058/57/765
f 1058/57/765 1016/63/738 1013/66/736
f 1058/57/765 1060/59/768 1016/63/738
f 1061/60/741 1060/61/768 1052/54/763
f 1021/68/741 1060/61/768 1061/60/741
f 1021/68/741 1016/70/738 1060/61/768
f 1061/60/741 1052/54/763 1054/55/741
f 1020/33/741 1061/60/741 1054/55/741
f 1020/33/741 1021/68/741 1061/60/741
f 1056/111/764 1057/107/766 1004/106/730
f 1049/47/759 1051/115/761 1056/114/764
f 1056/111/764 1004/106/730 1002/108/730
f 1049/47/759 1056/114/764 1062/46/769
f 1056/111/764 1000/110/730 1062/109/769
f 1056/111/764 1002/108/730 1000/110/730
f 1063/44/770 1049/47/759 1062/46/769
f 1062/109/769 998/112/730 1063/113/770
f 1062/109/769 1000/110/730 998/112/730
f 988/5/729 1063/113/770 998/112/730
f 991/43/728 1063/44/770 988/2/729
f 1063/44/770 1064/42/771 1049/47/759
f 991/43/728 1064/42/771 1063/44/770
f 1044/38/756 1046/41/757 1064/42/771
f 1044/38/756 1064/42/771 991/43/728
f 1046/41/757 1049/47/759 1064/42/771
f 1020/33/741 1054/55/741 1053/49/741
f 1020/33/741 1053/49/741 1047/53/741
f 990/1/1 1041/37/755 1044/38/756
f 990/1/1 1044/38/756 991/43/728
f 992/22/731 1041/39/755 990/8/1
f 992/22/731 1038/25/754 1041/39/755
f 1020/33/741 1039/31/741 1065/26/741
f 1039/31/741 1037/28/753 1065/26/741
f 1020/33/741 1065/26/741 1029/85/741
f 1029/85/741 1065/26/741 1037/28/753
f 1029/85/741 1037/28/753 1028/84/746
f 1028/86/746 1037/23/753 1032/20/748
f 1031/93/747 1005/15/730 1003/94/730
f 1066/92/772 1031/93/747 1003/94/730
f 1027/89/744 1031/90/747 1066/91/772
f 1066/92/772 1003/94/730 1001/95/730
f 1067/117/773 1027/89/744 1066/91/772
f 1067/97/773 1066/92/772 1001/95/730
f 1067/117/773 1068/116/774 1027/89/744
f 1015/75/737 1068/116/774 1067/117/773
f 1067/97/773 997/98/730 1012/99/734
f 1015/75/737 1067/117/773 1012/74/734
f 1067/97/773 999/96/730 997/98/730
f 1067/97/773 1001/95/730 999/96/730
f 1024/79/743 1027/89/744 1068/116/774
f 1015/75/737 1024/79/743 1068/116/774
f 1020/33/741 1029/85/741 1025/82/741
f 1015/75/737 1018/73/740 1024/79/743
f 989/11/732 995/10/730 1007/14/730
f 988/5/729 998/112/730 994/6/730
f 1069/3/775 1073/43/776 1070/2/777
f 1070/5/777 1075/12/778 1069/4/775
f 1074/22/779 1069/9/775 1071/7/780
f 1071/11/780 1069/4/775 1075/12/778
f 1074/22/779 1072/8/1 1069/9/775
f 1069/3/775 1072/1/1 1073/43/776
f 1070/5/777 1076/6/778 1075/12/778
f 1075/12/778 1076/6/778 1078/13/778
f 1075/12/778 1078/13/778 1077/10/778
f 1071/11/780 1075/12/778 1077/10/778
f 1082/112/778 1078/13/778 1076/6/778
f 1091/14/778 1077/10/778 1078/13/778
f 1080/100/778 1078/13/778 1079/101/778
f 1090/103/778 1079/101/778 1078/13/778
f 1080/100/778 1081/98/778 1078/13/778
f 1083/96/778 1078/13/778 1081/98/778
f 1082/112/778 1084/110/778 1078/13/778
f 1083/96/778 1085/95/778 1078/13/778
f 1086/108/778 1078/13/778 1084/110/778
f 1087/94/778 1078/13/778 1085/95/778
f 1086/108/778 1088/106/778 1078/13/778
f 1087/94/778 1089/15/778 1078/13/778
f 1090/103/778 1078/13/778 1088/106/778
f 1091/14/778 1078/13/778 1089/15/778
f 1092/16/781 1077/10/778 1091/14/778
f 1092/16/781 1091/14/778 1089/15/778
f 1094/20/782 1092/19/781 1093/21/783
f 1092/16/781 1089/15/778 1093/17/783
f 1094/20/782 1095/18/784 1092/19/781
f 1095/18/784 1071/7/780 1092/19/781
f 1092/16/781 1071/11/780 1077/10/778
f 1094/20/782 1096/24/785 1095/18/784
f 1095/18/784 1074/22/779 1071/7/780
f 1096/24/785 1074/22/779 1095/18/784
f 1094/20/782 1097/23/786 1096/24/785
f 1099/31/787 1096/27/785 1097/28/786
f 1099/31/787 1098/30/788 1096/27/785
f 1096/24/785 1098/25/788 1074/22/779
f 1100/33/787 1099/31/787 1101/26/787
f 1100/33/787 1102/29/787 1099/31/787
f 1099/31/787 1097/28/786 1101/26/787
f 1099/31/787 1102/29/787 1098/30/788
f 1104/32/787 1102/29/787 1100/33/787
f 1102/29/787 1104/32/787 1103/35/789
f 1102/29/787 1103/35/789 1098/30/788
f 1104/32/787 1100/33/787 1105/34/787
f 1105/34/787 1103/35/789 1104/32/787
f 1100/33/787 1107/52/787 1105/34/787
f 1105/34/787 1106/36/790 1103/35/789
f 1105/34/787 1108/40/791 1106/36/790
f 1105/34/787 1107/52/787 1108/40/791
f 1107/52/787 1110/51/792 1108/40/791
f 1108/41/791 1111/47/793 1109/42/794
f 1106/38/790 1108/41/791 1109/42/794
f 1108/41/791 1110/45/792 1111/47/793
f 1109/42/794 1111/47/793 1112/46/795
f 1110/45/792 1113/115/796 1111/47/793
f 1112/46/795 1111/47/793 1113/115/796
f 1110/45/792 1117/48/797 1113/115/796
f 1112/46/795 1113/115/796 1114/114/798
f 1113/115/796 1115/62/799 1114/114/798
f 1113/115/796 1116/58/800 1115/62/799
f 1117/48/797 1116/58/800 1113/115/796
f 1117/48/797 1118/56/801 1116/58/800
f 1121/55/787 1118/54/801 1117/50/797
f 1119/53/787 1120/49/787 1117/50/797
f 1119/53/787 1117/50/797 1110/51/792
f 1121/55/787 1117/50/797 1120/49/787
f 1100/33/787 1122/60/787 1121/55/787
f 1100/33/787 1121/55/787 1120/49/787
f 1122/60/787 1118/54/801 1121/55/787
f 1100/33/787 1125/68/787 1122/60/787
f 1122/60/787 1124/61/802 1118/54/801
f 1122/60/787 1123/70/803 1124/61/802
f 1122/60/787 1125/68/787 1123/70/803
f 1125/68/787 1127/69/804 1123/70/803
f 1100/33/787 1126/80/787 1125/68/787
f 1125/68/787 1126/80/787 1127/69/804
f 1128/66/805 1123/63/803 1127/71/804
f 1126/80/787 1130/78/806 1127/69/804
f 1128/66/805 1127/71/804 1129/67/34
f 1129/67/34 1127/71/804 1130/73/806
f 1126/80/787 1133/76/787 1130/78/806
f 1129/67/34 1130/73/806 1131/75/807
f 1130/73/806 1134/116/808 1131/75/807
f 1133/76/787 1132/77/809 1130/78/806
f 1130/73/806 1132/79/809 1134/116/808
f 1135/74/810 1131/75/807 1134/116/808
f 1132/79/809 1137/89/811 1134/116/808
f 1135/74/810 1134/116/808 1136/117/812
f 1134/116/808 1138/91/813 1136/117/812
f 1134/116/808 1137/89/811 1138/91/813
f 1138/92/813 1087/94/778 1085/95/778
f 1136/97/812 1138/92/813 1085/95/778
f 1138/92/813 1139/93/814 1087/94/778
f 1138/91/813 1137/89/811 1140/87/815
f 1138/91/813 1140/87/815 1139/90/814
f 1140/87/815 1093/21/783 1139/90/814
f 1141/86/816 1094/20/782 1140/87/815
f 1137/89/811 1141/86/816 1140/87/815
f 1140/87/815 1094/20/782 1093/21/783
f 1143/85/787 1141/84/816 1142/83/817
f 1137/89/811 1142/88/817 1141/86/816
f 1143/85/787 1097/28/786 1141/84/816
f 1141/86/816 1097/23/786 1094/20/782
f 1100/33/787 1143/85/787 1144/82/787
f 1100/33/787 1101/26/787 1143/85/787
f 1143/85/787 1101/26/787 1097/28/786
f 1143/85/787 1142/83/817 1144/82/787
f 1100/33/787 1144/82/787 1145/81/787
f 1145/81/787 1144/82/787 1142/83/817
f 1100/33/787 1145/81/787 1133/76/787
f 1145/81/787 1142/83/817 1132/77/809
f 1133/76/787 1145/81/787 1132/77/809
f 1132/79/809 1142/88/817 1137/89/811
f 1139/93/814 1093/17/783 1089/15/778
f 1139/93/814 1089/15/778 1087/94/778
f 1136/97/812 1085/95/778 1083/96/778
f 1136/97/812 1083/96/778 1081/98/778
f 1136/97/812 1081/98/778 1135/99/810
f 1129/67/34 1131/75/807 1135/74/810
f 1129/67/34 1135/74/810 1146/72/818
f 1146/102/818 1135/99/810 1081/98/778
f 1146/102/818 1079/101/778 1147/105/819
f 1146/102/818 1080/100/778 1079/101/778
f 1146/102/818 1081/98/778 1080/100/778
f 1128/66/805 1146/72/818 1147/65/819
f 1128/66/805 1129/67/34 1146/72/818
f 1149/57/820 1147/65/819 1148/64/821
f 1147/105/819 1090/103/778 1148/104/821
f 1149/57/820 1128/66/805 1147/65/819
f 1147/105/819 1079/101/778 1090/103/778
f 1115/62/799 1149/57/820 1148/64/821
f 1115/62/799 1116/58/800 1149/57/820
f 1116/58/800 1124/59/802 1149/57/820
f 1124/59/802 1128/66/805 1149/57/820
f 1115/107/799 1148/104/821 1090/103/778
f 1100/33/787 1133/76/787 1126/80/787
f 1124/59/802 1123/63/803 1128/66/805
f 1116/58/800 1118/56/801 1124/59/802
f 1100/33/787 1120/49/787 1119/53/787
f 1107/52/787 1119/53/787 1110/51/792
f 1100/33/787 1119/53/787 1107/52/787
f 1115/107/799 1090/103/778 1088/106/778
f 1114/111/798 1115/107/799 1088/106/778
f 1114/111/798 1086/108/778 1084/110/778
f 1114/111/798 1084/110/778 1112/109/795
f 1114/111/798 1088/106/778 1086/108/778
f 1112/109/795 1084/110/778 1082/112/778
f 1109/42/794 1112/46/795 1150/44/822
f 1112/109/795 1082/112/778 1150/113/822
f 1070/2/777 1109/42/794 1150/44/822
f 1070/5/777 1150/113/822 1082/112/778
f 1070/2/777 1073/43/776 1109/42/794
f 1106/38/790 1109/42/794 1073/43/776
f 1103/37/789 1106/38/790 1073/43/776
f 1103/37/789 1073/43/776 1072/1/1
f 1074/22/779 1103/39/789 1072/8/1
f 1074/22/779 1098/25/788 1103/39/789
f 1070/5/777 1082/112/778 1076/6/778
f 1151/3/823 1155/43/824 1152/2/825
f 1151/4/823 1152/5/825 1158/6/826
f 1156/22/827 1151/9/823 1153/7/828
f 1151/4/823 1159/10/826 1153/11/828
f 1156/22/827 1154/8/1 1151/9/823
f 1151/3/823 1154/1/1 1155/43/824
f 1151/4/823 1158/6/826 1157/12/826
f 1151/4/823 1157/12/826 1159/10/826
f 1157/12/826 1161/13/826 1159/10/826
f 1153/11/828 1159/10/826 1160/14/826
f 1160/14/826 1159/10/826 1161/13/826
f 1157/12/826 1158/6/826 1161/13/826
f 1171/112/826 1161/13/826 1158/6/826
f 1160/14/826 1161/13/826 1166/15/826
f 1164/94/826 1161/13/826 1162/95/826
f 1172/96/826 1162/95/826 1161/13/826
f 1163/108/826 1161/13/826 1173/110/826
f 1163/108/826 1165/106/826 1161/13/826
f 1164/94/826 1166/15/826 1161/13/826
f 1167/103/826 1161/13/826 1165/106/826
f 1167/103/826 1168/101/826 1161/13/826
f 1169/100/826 1161/13/826 1168/101/826
f 1169/100/826 1170/98/826 1161/13/826
f 1172/96/826 1161/13/826 1170/98/826
f 1171/112/826 1173/110/826 1161/13/826
f 1174/109/829 1173/110/826 1171/112/826
f 1174/109/829 1163/108/826 1173/110/826
f 1174/109/829 1177/111/830 1163/108/826
f 1175/42/831 1174/46/829 1178/44/832
f 1175/42/831 1176/47/833 1174/46/829
f 1174/109/829 1171/112/826 1178/113/832
f 1176/47/833 1177/114/830 1174/46/829
f 1152/2/825 1175/42/831 1178/44/832
f 1178/113/832 1171/112/826 1158/6/826
f 1178/113/832 1158/6/826 1152/5/825
f 1179/115/834 1180/62/835 1177/114/830
f 1176/47/833 1179/115/834 1177/114/830
f 1180/107/835 1163/108/826 1177/111/830
f 1180/107/835 1165/106/826 1163/108/826
f 1179/115/834 1181/58/836 1180/62/835
f 1180/107/835 1167/103/826 1165/106/826
f 1180/107/835 1182/104/837 1167/103/826
f 1181/58/836 1182/64/837 1180/62/835
f 1182/64/837 1185/66/838 1183/65/839
f 1182/104/837 1183/105/839 1168/101/826
f 1182/64/837 1184/57/840 1185/66/838
f 1181/58/836 1184/57/840 1182/64/837
f 1182/104/837 1168/101/826 1167/103/826
f 1186/63/841 1187/67/34 1185/66/838
f 1189/59/842 1186/63/841 1185/66/838
f 1185/66/838 1187/67/34 1188/72/843
f 1185/66/838 1188/72/843 1183/65/839
f 1189/59/842 1185/66/838 1184/57/840
f 1181/58/836 1189/59/842 1184/57/840
f 1181/58/836 1190/56/844 1189/59/842
f 1191/60/845 1189/61/842 1190/54/844
f 1191/60/845 1186/70/841 1189/61/842
f 1191/60/845 1192/68/845 1186/70/841
f 1193/33/845 1192/68/845 1191/60/845
f 1193/33/845 1191/60/845 1194/55/845
f 1191/60/845 1190/54/844 1194/55/845
f 1194/55/845 1195/50/846 1196/49/845
f 1194/55/845 1190/54/844 1195/50/846
f 1193/33/845 1194/55/845 1196/49/845
f 1197/53/845 1196/49/845 1195/50/846
f 1193/33/845 1196/49/845 1197/53/845
f 1193/33/845 1197/53/845 1198/52/845
f 1197/53/845 1199/40/847 1198/52/845
f 1197/53/845 1200/51/848 1199/40/847
f 1197/53/845 1195/50/846 1200/51/848
f 1199/41/847 1200/45/848 1176/47/833
f 1200/45/848 1179/115/834 1176/47/833
f 1200/45/848 1195/48/846 1179/115/834
f 1201/34/845 1198/52/845 1199/40/847
f 1201/34/845 1199/40/847 1202/36/849
f 1199/41/847 1176/47/833 1175/42/831
f 1202/38/849 1199/41/847 1175/42/831
f 1154/1/1 1202/38/849 1155/43/824
f 1202/38/849 1175/42/831 1155/43/824
f 1204/32/845 1202/36/849 1203/35/850
f 1154/1/1 1203/37/850 1202/38/849
f 1204/32/845 1201/34/845 1202/36/849
f 1204/32/845 1205/29/845 1193/33/845
f 1205/29/845 1204/32/845 1203/35/850
f 1204/32/845 1193/33/845 1201/34/845
f 1206/31/845 1205/29/845 1207/30/851
f 1193/33/845 1205/29/845 1206/31/845
f 1205/29/845 1203/35/850 1207/30/851
f 1206/31/845 1207/30/851 1208/27/852
f 1209/18/853 1208/24/852 1207/25/851
f 1207/25/851 1154/8/1 1156/22/827
f 1209/18/853 1207/25/851 1156/22/827
f 1207/25/851 1203/39/850 1154/8/1
f 1211/23/854 1209/18/853 1210/20/855
f 1210/20/855 1209/18/853 1212/19/856
f 1211/23/854 1208/24/852 1209/18/853
f 1209/18/853 1156/22/827 1153/7/828
f 1209/18/853 1153/7/828 1212/19/856
f 1210/20/855 1212/19/856 1213/21/857
f 1213/17/857 1212/16/856 1160/14/826
f 1153/11/828 1160/14/826 1212/16/856
f 1213/17/857 1160/14/826 1166/15/826
f 1213/17/857 1166/15/826 1164/94/826
f 1213/17/857 1164/94/826 1214/93/858
f 1215/87/859 1213/21/857 1214/90/858
f 1215/87/859 1210/20/855 1213/21/857
f 1216/89/860 1215/87/859 1214/90/858
f 1217/88/861 1215/87/859 1216/89/860
f 1218/86/862 1210/20/855 1215/87/859
f 1217/88/861 1218/86/862 1215/87/859
f 1218/86/862 1211/23/854 1210/20/855
f 1219/85/845 1218/84/862 1217/83/861
f 1219/85/845 1211/28/854 1218/84/862
f 1219/85/845 1217/83/861 1220/82/845
f 1219/85/845 1221/26/845 1211/28/854
f 1193/33/845 1219/85/845 1220/82/845
f 1193/33/845 1221/26/845 1219/85/845
f 1206/31/845 1211/28/854 1221/26/845
f 1193/33/845 1206/31/845 1221/26/845
f 1222/81/845 1220/82/845 1217/83/861
f 1193/33/845 1220/82/845 1222/81/845
f 1222/81/845 1217/83/861 1223/77/863
f 1193/33/845 1222/81/845 1224/76/845
f 1224/76/845 1222/81/845 1223/77/863
f 1224/76/845 1223/77/863 1225/78/864
f 1224/76/845 1225/78/864 1226/69/865
f 1224/76/845 1226/69/865 1227/80/845
f 1193/33/845 1224/76/845 1227/80/845
f 1193/33/845 1227/80/845 1192/68/845
f 1227/80/845 1186/70/841 1192/68/845
f 1227/80/845 1226/69/865 1186/70/841
f 1186/63/841 1226/71/865 1187/67/34
f 1226/71/865 1228/75/866 1187/67/34
f 1226/71/865 1225/73/864 1228/75/866
f 1228/75/866 1231/117/867 1229/74/868
f 1187/67/34 1228/75/866 1229/74/868
f 1225/73/864 1230/116/869 1228/75/866
f 1228/75/866 1230/116/869 1231/117/867
f 1231/97/867 1162/95/826 1172/96/826
f 1231/97/867 1232/92/870 1162/95/826
f 1229/99/868 1231/97/867 1172/96/826
f 1230/116/869 1232/91/870 1231/117/867
f 1232/92/870 1164/94/826 1162/95/826
f 1232/92/870 1214/93/858 1164/94/826
f 1216/89/860 1214/90/858 1232/91/870
f 1230/116/869 1216/89/860 1232/91/870
f 1230/116/869 1217/88/861 1216/89/860
f 1230/116/869 1223/79/863 1217/88/861
f 1225/73/864 1223/79/863 1230/116/869
f 1229/99/868 1172/96/826 1170/98/826
f 1188/102/843 1229/99/868 1170/98/826
f 1187/67/34 1229/74/868 1188/72/843
f 1206/31/845 1208/27/852 1211/28/854
f 1193/33/845 1198/52/845 1201/34/845
f 1179/115/834 1195/48/846 1190/56/844
f 1179/115/834 1190/56/844 1181/58/836
f 1188/102/843 1170/98/826 1169/100/826
f 1183/105/839 1188/102/843 1169/100/826
f 1183/105/839 1169/100/826 1168/101/826
f 1152/2/825 1155/43/824 1175/42/831
f 1236/1/1 1234/2/580 1233/3/579
f 1233/4/579 1234/5/580 1239/6/581
f 1237/22/583 1233/9/579 1235/7/582
f 1233/4/579 1240/10/581 1235/11/582
f 1237/22/583 1236/8/1 1233/9/579
f 1233/4/579 1239/6/581 1238/12/581
f 1233/4/579 1238/12/581 1240/10/581
f 1235/11/582 1240/10/581 1241/14/581
f 1238/12/581 1242/13/581 1240/10/581
f 1241/14/581 1240/10/581 1242/13/581
f 1238/12/581 1239/6/581 1242/13/581
f 1253/112/581 1242/13/581 1239/6/581
f 1241/14/581 1242/13/581 1248/15/581
f 1245/108/581 1242/13/581 1243/110/581
f 1253/112/581 1243/110/581 1242/13/581
f 1246/94/581 1242/13/581 1244/95/581
f 1254/96/581 1244/95/581 1242/13/581
f 1245/108/581 1247/106/581 1242/13/581
f 1246/94/581 1248/15/581 1242/13/581
f 1249/103/581 1242/13/581 1247/106/581
f 1249/103/581 1250/101/581 1242/13/581
f 1251/100/581 1242/13/581 1250/101/581
f 1251/100/581 1252/98/581 1242/13/581
f 1254/96/581 1242/13/581 1252/98/581
f 1256/97/585 1244/95/581 1254/96/581
f 1255/99/584 1254/96/581 1252/98/581
f 1255/99/584 1256/97/585 1254/96/581
f 1256/97/585 1258/92/587 1244/95/581
f 1255/74/584 1257/116/586 1256/117/585
f 1257/116/586 1258/91/587 1256/117/585
f 1258/92/587 1246/94/581 1244/95/581
f 1258/92/587 1259/93/626 1246/94/581
f 1257/116/586 1260/89/588 1258/91/587
f 1258/91/587 1261/87/627 1259/90/626
f 1258/91/587 1260/89/588 1261/87/627
f 1259/90/626 1261/87/627 1262/20/596
f 1260/89/588 1263/86/594 1261/87/627
f 1263/86/594 1262/20/596 1261/87/627
f 1260/89/588 1264/88/591 1263/86/594
f 1263/86/594 1265/23/595 1262/20/596
f 1266/85/593 1263/84/594 1264/83/591
f 1266/85/593 1265/28/595 1263/84/594
f 1266/85/593 1264/83/591 1267/82/593
f 1266/85/593 1268/26/593 1265/28/595
f 1269/33/593 1266/85/593 1267/82/593
f 1269/33/593 1268/26/593 1266/85/593
f 1269/33/593 1267/82/593 1280/81/593
f 1269/33/593 1281/31/593 1268/26/593
f 1269/33/593 1272/52/593 1270/34/593
f 1271/32/593 1269/33/593 1270/34/593
f 1271/32/593 1282/29/593 1269/33/593
f 1269/33/593 1273/53/604 1272/52/593
f 1269/33/593 1274/49/604 1273/53/604
f 1269/33/593 1275/55/593 1274/49/604
f 1269/33/593 1276/60/593 1275/55/593
f 1269/33/593 1277/68/593 1276/60/593
f 1269/33/593 1278/80/593 1277/68/593
f 1269/33/593 1279/76/593 1278/80/593
f 1269/33/593 1280/81/593 1279/76/593
f 1269/33/593 1282/29/593 1281/31/593
f 1271/32/593 1284/30/871 1282/29/593
f 1282/29/593 1283/27/597 1281/31/593
f 1282/29/593 1284/30/871 1283/27/597
f 1283/24/597 1284/25/871 1237/22/583
f 1271/32/593 1285/35/599 1284/30/871
f 1237/22/583 1284/25/871 1285/39/599
f 1236/1/1 1285/37/599 1286/38/600
f 1237/22/583 1285/39/599 1236/8/1
f 1271/32/593 1286/36/600 1285/35/599
f 1236/1/1 1286/38/600 1288/43/622
f 1271/32/593 1270/34/593 1286/36/600
f 1270/34/593 1287/40/601 1286/36/600
f 1286/38/600 1287/41/601 1289/42/620
f 1286/38/600 1289/42/620 1288/43/622
f 1287/41/601 1292/47/621 1289/42/620
f 1288/43/622 1289/42/620 1290/44/619
f 1289/42/620 1291/46/618 1290/44/619
f 1289/42/620 1292/47/621 1291/46/618
f 1291/46/618 1292/47/621 1293/115/605
f 1294/45/602 1293/115/605 1292/47/621
f 1287/41/601 1294/45/602 1292/47/621
f 1294/45/602 1295/48/603 1293/115/605
f 1273/53/604 1295/50/603 1294/51/602
f 1273/53/604 1294/51/602 1287/40/601
f 1293/115/605 1295/48/603 1296/56/606
f 1274/49/604 1296/54/606 1295/50/603
f 1273/53/604 1274/49/604 1295/50/603
f 1274/49/604 1275/55/593 1296/54/606
f 1275/55/593 1298/61/608 1296/54/606
f 1293/115/605 1296/56/606 1297/58/607
f 1296/56/606 1299/57/614 1297/58/607
f 1296/56/606 1298/59/608 1299/57/614
f 1300/64/613 1299/57/614 1301/66/611
f 1297/58/607 1299/57/614 1300/64/613
f 1299/57/614 1302/63/609 1301/66/611
f 1299/57/614 1298/59/608 1302/63/609
f 1302/63/609 1304/67/34 1301/66/611
f 1278/80/593 1302/70/609 1277/68/593
f 1277/68/593 1302/70/609 1298/61/608
f 1302/63/609 1303/71/610 1304/67/34
f 1278/80/593 1303/69/610 1302/70/609
f 1301/66/611 1304/67/34 1305/72/612
f 1303/71/610 1306/75/589 1304/67/34
f 1305/72/612 1304/67/34 1306/75/589
f 1303/71/610 1307/73/592 1306/75/589
f 1255/74/584 1306/75/589 1257/116/586
f 1305/72/612 1306/75/589 1255/74/584
f 1306/75/589 1308/79/590 1257/116/586
f 1306/75/589 1307/73/592 1308/79/590
f 1279/76/593 1308/77/590 1307/78/592
f 1308/79/590 1260/89/588 1257/116/586
f 1308/79/590 1264/88/591 1260/89/588
f 1279/76/593 1280/81/593 1308/77/590
f 1280/81/593 1264/83/591 1308/77/590
f 1278/80/593 1279/76/593 1307/78/592
f 1278/80/593 1307/78/592 1303/69/610
f 1255/99/584 1251/100/581 1305/102/612
f 1309/105/615 1305/102/612 1251/100/581
f 1301/66/611 1305/72/612 1309/65/615
f 1309/105/615 1251/100/581 1250/101/581
f 1300/64/613 1301/66/611 1309/65/615
f 1309/105/615 1249/103/581 1300/104/613
f 1309/105/615 1250/101/581 1249/103/581
f 1297/58/607 1300/64/613 1310/62/616
f 1300/104/613 1247/106/581 1310/107/616
f 1300/104/613 1249/103/581 1247/106/581
f 1310/107/616 1247/106/581 1245/108/581
f 1310/107/616 1245/108/581 1311/111/617
f 1293/115/605 1297/58/607 1310/62/616
f 1293/115/605 1310/62/616 1311/114/617
f 1291/109/618 1311/111/617 1245/108/581
f 1291/46/618 1293/115/605 1311/114/617
f 1275/55/593 1276/60/593 1298/61/608
f 1277/68/593 1298/61/608 1276/60/593
f 1291/109/618 1245/108/581 1243/110/581
f 1290/113/619 1291/109/618 1243/110/581
f 1290/113/619 1243/110/581 1253/112/581
f 1290/113/619 1253/112/581 1239/6/581
f 1290/113/619 1239/6/581 1234/5/580
f 1288/43/622 1290/44/619 1234/2/580
f 1236/1/1 1288/43/622 1234/2/580
f 1270/34/593 1272/52/593 1287/40/601
f 1273/53/604 1287/40/601 1272/52/593
f 1283/24/597 1237/22/583 1312/18/623
f 1262/20/596 1283/24/597 1312/18/623
f 1262/20/596 1265/23/595 1283/24/597
f 1281/31/593 1283/27/597 1265/28/595
f 1312/18/623 1235/7/582 1313/19/624
f 1312/18/623 1237/22/583 1235/7/582
f 1262/20/596 1312/18/623 1313/19/624
f 1235/11/582 1241/14/581 1313/16/624
f 1262/20/596 1313/19/624 1314/21/625
f 1313/16/624 1241/14/581 1248/15/581
f 1313/16/624 1248/15/581 1314/17/625
f 1259/90/626 1262/20/596 1314/21/625
f 1259/93/626 1314/17/625 1248/15/581
f 1281/31/593 1265/28/595 1268/26/593
f 1280/81/593 1267/82/593 1264/83/591
f 1259/93/626 1248/15/581 1246/94/581
f 1255/99/584 1252/98/581 1251/100/581
f 1315/3/872 1319/43/873 1316/2/874
f 1315/4/872 1316/5/874 1322/6/875
f 1320/22/876 1315/9/872 1317/7/877
f 1315/4/872 1323/10/875 1317/11/877
f 1320/22/876 1318/8/1 1315/9/872
f 1315/3/872 1318/1/1 1319/43/873
f 1315/4/872 1322/6/875 1321/12/875
f 1315/4/872 1321/12/875 1323/10/875
f 1317/11/877 1323/10/875 1324/14/875
f 1324/14/875 1323/10/875 1325/13/875
f 1321/12/875 1325/13/875 1323/10/875
f 1324/14/875 1325/13/875 1334/15/875
f 1328/96/875 1325/13/875 1326/98/875
f 1337/100/875 1326/98/875 1325/13/875
f 1327/112/875 1329/110/875 1325/13/875
f 1327/112/875 1325/13/875 1322/6/875
f 1328/96/875 1330/95/875 1325/13/875
f 1331/108/875 1325/13/875 1329/110/875
f 1332/94/875 1325/13/875 1330/95/875
f 1331/108/875 1333/106/875 1325/13/875
f 1332/94/875 1334/15/875 1325/13/875
f 1335/103/875 1325/13/875 1333/106/875
f 1335/103/875 1336/101/875 1325/13/875
f 1337/100/875 1325/13/875 1336/101/875
f 1321/12/875 1322/6/875 1325/13/875
f 1339/102/878 1326/98/875 1337/100/875
f 1338/105/879 1337/100/875 1336/101/875
f 1338/105/879 1339/102/878 1337/100/875
f 1339/72/878 1343/75/880 1340/74/881
f 1339/102/878 1340/99/881 1326/98/875
f 1341/66/882 1342/67/34 1339/72/878
f 1341/66/882 1339/72/878 1338/65/879
f 1339/72/878 1342/67/34 1343/75/880
f 1343/75/880 1346/117/883 1340/74/881
f 1342/67/34 1345/73/884 1343/75/880
f 1345/73/884 1344/116/885 1343/75/880
f 1343/75/880 1344/116/885 1346/117/883
f 1340/99/881 1346/97/883 1328/96/875
f 1346/97/883 1330/95/875 1328/96/875
f 1344/116/885 1347/91/886 1346/117/883
f 1346/97/883 1347/92/886 1330/95/875
f 1349/89/887 1348/90/888 1347/91/886
f 1348/93/888 1330/95/875 1347/92/886
f 1344/116/885 1349/89/887 1347/91/886
f 1349/89/887 1350/87/889 1348/90/888
f 1352/88/890 1350/87/889 1349/89/887
f 1351/79/891 1352/88/890 1349/89/887
f 1351/79/891 1349/89/887 1344/116/885
f 1352/88/890 1353/86/892 1350/87/889
f 1354/82/893 1352/83/890 1351/77/891
f 1355/85/894 1353/84/892 1352/83/890
f 1355/85/894 1352/83/890 1354/82/893
f 1356/33/894 1355/85/894 1354/82/893
f 1356/33/894 1357/26/894 1355/85/894
f 1357/26/894 1353/84/892 1355/85/894
f 1356/33/894 1359/31/894 1357/26/894
f 1359/31/894 1358/28/895 1357/26/894
f 1357/26/894 1358/28/895 1353/84/892
f 1356/33/894 1361/29/894 1359/31/894
f 1359/31/894 1360/27/896 1358/28/895
f 1361/29/894 1360/27/896 1359/31/894
f 1362/32/894 1361/29/894 1356/33/894
f 1361/29/894 1363/30/897 1360/27/896
f 1362/32/894 1363/30/897 1361/29/894
f 1363/25/897 1364/39/898 1318/8/1
f 1362/32/894 1364/35/898 1363/30/897
f 1363/25/897 1318/8/1 1320/22/876
f 1360/24/896 1363/25/897 1320/22/876
f 1318/1/1 1364/37/898 1365/38/899
f 1362/32/894 1365/36/899 1364/35/898
f 1365/38/899 1367/41/900 1366/42/901
f 1365/38/899 1366/42/901 1319/43/873
f 1368/34/894 1367/40/900 1365/36/899
f 1362/32/894 1368/34/894 1365/36/899
f 1318/1/1 1365/38/899 1319/43/873
f 1356/33/894 1369/52/894 1368/34/894
f 1362/32/894 1356/33/894 1368/34/894
f 1368/34/894 1369/52/894 1367/40/900
f 1356/33/894 1370/53/894 1369/52/894
f 1369/52/894 1371/51/902 1367/40/900
f 1369/52/894 1370/53/894 1371/51/902
f 1371/45/902 1374/115/903 1372/47/904
f 1366/42/901 1371/45/902 1372/47/904
f 1370/53/894 1373/50/905 1371/51/902
f 1371/45/902 1373/48/905 1374/115/903
f 1366/42/901 1367/41/900 1371/45/902
f 1372/47/904 1374/115/903 1375/114/906
f 1373/48/905 1377/58/907 1374/115/903
f 1374/115/903 1376/62/908 1375/114/906
f 1374/115/903 1377/58/907 1376/62/908
f 1373/48/905 1380/56/909 1377/58/907
f 1377/58/907 1378/64/910 1376/62/908
f 1377/58/907 1379/57/911 1378/64/910
f 1380/56/909 1379/57/911 1377/58/907
f 1380/56/909 1381/59/912 1379/57/911
f 1384/60/894 1381/61/912 1380/54/909
f 1382/49/894 1383/55/894 1380/54/909
f 1382/49/894 1380/54/909 1373/50/905
f 1384/60/894 1380/54/909 1383/55/894
f 1356/33/894 1384/60/894 1383/55/894
f 1356/33/894 1385/68/894 1384/60/894
f 1385/68/894 1381/61/912 1384/60/894
f 1356/33/894 1387/80/894 1385/68/894
f 1385/68/894 1386/70/913 1381/61/912
f 1387/80/894 1386/70/913 1385/68/894
f 1387/80/894 1388/69/914 1386/70/913
f 1387/80/894 1345/78/884 1388/69/914
f 1387/80/894 1389/76/894 1345/78/884
f 1356/33/894 1389/76/894 1387/80/894
f 1356/33/894 1390/81/894 1389/76/894
f 1389/76/894 1390/81/894 1351/77/891
f 1389/76/894 1351/77/891 1345/78/884
f 1356/33/894 1354/82/893 1390/81/894
f 1354/82/893 1351/77/891 1390/81/894
f 1342/67/34 1388/71/914 1345/73/884
f 1386/63/913 1388/71/914 1342/67/34
f 1386/63/913 1342/67/34 1341/66/882
f 1381/59/912 1386/63/913 1341/66/882
f 1356/33/894 1383/55/894 1382/49/894
f 1356/33/894 1382/49/894 1370/53/894
f 1370/53/894 1382/49/894 1373/50/905
f 1381/59/912 1341/66/882 1379/57/911
f 1379/57/911 1341/66/882 1338/65/879
f 1379/57/911 1338/65/879 1378/64/910
f 1378/104/910 1336/101/875 1335/103/875
f 1376/107/908 1378/104/910 1335/103/875
f 1378/104/910 1338/105/879 1336/101/875
f 1376/107/908 1333/106/875 1331/108/875
f 1376/107/908 1331/108/875 1375/111/906
f 1376/107/908 1335/103/875 1333/106/875
f 1391/109/915 1375/111/906 1331/108/875
f 1372/47/904 1375/114/906 1391/46/915
f 1391/109/915 1331/108/875 1329/110/875
f 1366/42/901 1372/47/904 1391/46/915
f 1366/42/901 1391/46/915 1392/44/916
f 1392/113/916 1391/109/915 1329/110/875
f 1392/113/916 1322/6/875 1316/5/874
f 1319/43/873 1392/44/916 1316/2/874
f 1319/43/873 1366/42/901 1392/44/916
f 1392/113/916 1329/110/875 1327/112/875
f 1392/113/916 1327/112/875 1322/6/875
f 1358/23/895 1360/24/896 1393/18/917
f 1360/24/896 1320/22/876 1393/18/917
f 1393/18/917 1320/22/876 1317/7/877
f 1393/18/917 1317/7/877 1395/19/918
f 1358/23/895 1393/18/917 1394/20/919
f 1394/20/919 1393/18/917 1395/19/918
f 1394/20/919 1395/19/918 1396/21/920
f 1395/16/918 1334/15/875 1396/17/920
f 1395/16/918 1324/14/875 1334/15/875
f 1317/11/877 1324/14/875 1395/16/918
f 1350/87/889 1396/21/920 1348/90/888
f 1348/93/888 1396/17/920 1334/15/875
f 1350/87/889 1394/20/919 1396/21/920
f 1353/86/892 1394/20/919 1350/87/889
f 1353/86/892 1358/23/895 1394/20/919
f 1345/73/884 1351/79/891 1344/116/885
f 1348/93/888 1334/15/875 1332/94/875
f 1348/93/888 1332/94/875 1330/95/875
f 1340/99/881 1328/96/875 1326/98/875
f 1397/3/630 1401/43/631 1398/2/632
f 1397/4/630 1398/5/632 1404/6/633
f 1402/22/649 1397/9/630 1399/7/634
f 1399/11/634 1397/4/630 1403/12/633
f 1402/22/649 1400/8/1 1397/9/630
f 1397/3/630 1400/1/1 1401/43/631
f 1397/4/630 1404/6/633 1403/12/633
f 1403/12/633 1404/6/633 1406/13/633
f 1405/112/633 1406/13/633 1404/6/633
f 1398/5/632 1405/112/633 1404/6/633
f 1403/12/633 1406/13/633 1412/10/633
f 1405/112/633 1416/110/633 1406/13/633
f 1409/103/633 1406/13/633 1407/106/633
f 1418/108/633 1407/106/633 1406/13/633
f 1410/14/633 1406/13/633 1408/15/633
f 1419/94/633 1408/15/633 1406/13/633
f 1409/103/633 1411/101/633 1406/13/633
f 1410/14/633 1412/10/633 1406/13/633
f 1413/100/633 1406/13/633 1411/101/633
f 1413/100/633 1414/98/633 1406/13/633
f 1415/96/633 1406/13/633 1414/98/633
f 1415/96/633 1417/95/633 1406/13/633
f 1418/108/633 1406/13/633 1416/110/633
f 1419/94/633 1406/13/633 1417/95/633
f 1420/93/635 1419/94/633 1417/95/633
f 1420/93/635 1408/15/633 1419/94/633
f 1420/93/635 1417/95/633 1421/92/636
f 1423/89/639 1420/90/635 1421/91/636
f 1424/87/637 1422/21/638 1420/90/635
f 1420/93/635 1422/17/638 1408/15/633
f 1423/89/639 1424/87/637 1420/90/635
f 1424/87/637 1425/20/640 1422/21/638
f 1423/89/639 1426/86/921 1424/87/637
f 1426/86/921 1425/20/640 1424/87/637
f 1426/86/921 1428/23/644 1425/20/640
f 1429/82/642 1426/84/921 1427/83/643
f 1423/89/639 1427/88/643 1426/86/921
f 1431/26/642 1428/28/644 1426/84/921
f 1429/82/642 1430/85/642 1426/84/921
f 1431/26/642 1426/84/921 1430/85/642
f 1431/26/642 1433/27/645 1428/28/644
f 1434/33/642 1431/26/642 1430/85/642
f 1434/33/642 1432/31/642 1431/26/642
f 1431/26/642 1432/31/642 1433/27/645
f 1434/33/642 1437/52/642 1435/34/642
f 1436/32/642 1434/33/642 1435/34/642
f 1436/32/642 1446/29/642 1434/33/642
f 1434/33/642 1438/53/642 1437/52/642
f 1434/33/642 1439/49/642 1438/53/642
f 1434/33/642 1440/55/642 1439/49/642
f 1434/33/642 1441/60/642 1440/55/642
f 1434/33/642 1442/68/642 1441/60/642
f 1434/33/642 1443/80/642 1442/68/642
f 1434/33/642 1444/76/642 1443/80/642
f 1434/33/642 1445/81/642 1444/76/642
f 1434/33/642 1429/82/642 1445/81/642
f 1434/33/642 1446/29/642 1432/31/642
f 1434/33/642 1430/85/642 1429/82/642
f 1446/29/642 1436/32/642 1448/35/646
f 1446/29/642 1448/35/646 1447/30/647
f 1432/31/642 1446/29/642 1447/30/647
f 1402/22/649 1448/39/646 1400/8/1
f 1402/22/649 1447/25/647 1448/39/646
f 1436/32/642 1449/36/648 1448/35/646
f 1400/1/1 1448/37/646 1449/38/648
f 1400/1/1 1449/38/648 1401/43/631
f 1401/43/631 1449/38/648 1450/41/650
f 1435/34/642 1450/40/650 1449/36/648
f 1436/32/642 1435/34/642 1449/36/648
f 1401/43/631 1450/41/650 1452/42/651
f 1437/52/642 1451/51/653 1450/40/650
f 1450/41/650 1451/45/653 1453/47/652
f 1450/41/650 1453/47/652 1452/42/651
f 1435/34/642 1437/52/642 1450/40/650
f 1451/45/653 1457/115/655 1453/47/652
f 1454/44/675 1452/42/651 1453/47/652
f 1454/44/675 1453/47/652 1455/46/654
f 1453/47/652 1456/114/656 1455/46/654
f 1453/47/652 1457/115/655 1456/114/656
f 1457/115/655 1461/58/659 1458/62/658
f 1457/115/655 1458/62/658 1456/114/656
f 1457/115/655 1459/48/657 1460/56/660
f 1451/45/653 1459/48/657 1457/115/655
f 1457/115/655 1460/56/660 1461/58/659
f 1461/58/659 1462/64/674 1458/62/658
f 1461/58/659 1460/56/660 1464/59/661
f 1461/58/659 1463/57/663 1462/64/674
f 1461/58/659 1464/59/661 1463/57/663
f 1442/68/642 1464/61/661 1441/60/642
f 1441/60/642 1464/61/661 1460/54/660
f 1442/68/642 1465/70/662 1464/61/661
f 1464/59/661 1466/66/664 1463/57/663
f 1464/59/661 1465/63/662 1466/66/664
f 1465/63/662 1469/67/34 1466/66/664
f 1466/66/664 1468/72/666 1467/65/665
f 1462/64/674 1466/66/664 1467/65/665
f 1466/66/664 1469/67/34 1468/72/666
f 1462/64/674 1463/57/663 1466/66/664
f 1465/63/662 1471/71/668 1469/67/34
f 1469/67/34 1470/74/673 1468/72/666
f 1469/67/34 1472/75/667 1470/74/673
f 1471/71/668 1472/75/667 1469/67/34
f 1472/75/667 1475/117/672 1470/74/673
f 1471/71/668 1474/73/669 1472/75/667
f 1474/73/669 1473/116/671 1472/75/667
f 1472/75/667 1473/116/671 1475/117/672
f 1473/116/671 1421/91/636 1475/117/672
f 1421/92/636 1415/96/633 1475/97/672
f 1475/97/672 1415/96/633 1414/98/633
f 1475/97/672 1414/98/633 1470/99/673
f 1474/73/669 1476/79/670 1473/116/671
f 1445/81/642 1476/77/670 1474/78/669
f 1445/81/642 1474/78/669 1444/76/642
f 1444/76/642 1474/78/669 1471/69/668
f 1473/116/671 1476/79/670 1427/88/643
f 1429/82/642 1427/83/643 1476/77/670
f 1429/82/642 1476/77/670 1445/81/642
f 1473/116/671 1427/88/643 1423/89/639
f 1473/116/671 1423/89/639 1421/91/636
f 1443/80/642 1471/69/668 1465/70/662
f 1444/76/642 1471/69/668 1443/80/642
f 1468/102/666 1470/99/673 1414/98/633
f 1468/102/666 1413/100/633 1411/101/633
f 1468/102/666 1411/101/633 1467/105/665
f 1468/102/666 1414/98/633 1413/100/633
f 1467/105/665 1411/101/633 1409/103/633
f 1467/105/665 1409/103/633 1462/104/674
f 1443/80/642 1465/70/662 1442/68/642
f 1458/107/658 1462/104/674 1409/103/633
f 1441/60/642 1460/54/660 1440/55/642
f 1440/55/642 1460/54/660 1459/50/657
f 1438/53/642 1459/50/657 1451/51/653
f 1438/53/642 1439/49/642 1459/50/657
f 1440/55/642 1459/50/657 1439/49/642
f 1458/107/658 1409/103/633 1407/106/633
f 1456/111/656 1458/107/658 1407/106/633
f 1456/111/656 1407/106/633 1418/108/633
f 1456/111/656 1418/108/633 1416/110/633
f 1456/111/656 1416/110/633 1455/109/654
f 1455/109/654 1416/110/633 1405/112/633
f 1455/109/654 1405/112/633 1454/113/675
f 1401/43/631 1452/42/651 1454/44/675
f 1401/43/631 1454/44/675 1398/2/632
f 1398/5/632 1454/113/675 1405/112/633
f 1437/52/642 1438/53/642 1451/51/653
f 1432/31/642 1447/30/647 1433/27/645
f 1477/18/676 1433/24/645 1447/25/647
f 1477/18/676 1447/25/647 1402/22/649
f 1428/23/644 1477/18/676 1425/20/640
f 1422/21/638 1425/20/640 1477/18/676
f 1428/23/644 1433/24/645 1477/18/676
f 1477/18/676 1402/22/649 1399/7/634
f 1477/18/676 1399/7/634 1478/19/677
f 1422/21/638 1477/18/676 1478/19/677
f 1399/11/634 1410/14/633 1478/16/677
f 1478/16/677 1410/14/633 1408/15/633
f 1478/16/677 1408/15/633 1422/17/638
f 1421/92/636 1417/95/633 1415/96/633
f 1399/11/634 1412/10/633 1410/14/633
f 1399/11/634 1403/12/633 1412/10/633
f 1482/1/1 1480/2/678 1479/3/679
f 1479/4/679 1480/5/678 1485/6/680
f 1483/22/681 1479/9/679 1481/7/682
f 1479/4/679 1486/10/680 1481/11/682
f 1483/22/681 1482/8/1 1479/9/679
f 1479/4/679 1485/6/680 1484/12/680
f 1479/4/679 1484/12/680 1486/10/680
f 1488/16/922 1481/11/682 1486/10/680
f 1484/12/680 1489/13/680 1486/10/680
f 1488/16/922 1486/10/680 1487/14/680
f 1487/14/680 1486/10/680 1489/13/680
f 1492/94/923 1489/13/680 1490/95/923
f 1501/96/680 1490/95/923 1489/13/680
f 1493/108/680 1489/13/680 1491/110/680
f 1500/112/680 1491/110/680 1489/13/680
f 1492/94/923 1494/15/680 1489/13/680
f 1493/108/680 1495/106/680 1489/13/680
f 1487/14/680 1489/13/680 1494/15/680
f 1496/103/680 1489/13/680 1495/106/680
f 1496/103/680 1497/101/680 1489/13/680
f 1498/100/680 1489/13/680 1497/101/680
f 1498/100/680 1499/98/680 1489/13/680
f 1501/96/680 1489/13/680 1499/98/680
f 1500/112/680 1489/13/680 1485/6/680
f 1484/12/680 1485/6/680 1489/13/680
f 1502/92/685 1490/95/923 1501/96/680
f 1503/97/684 1501/96/680 1499/98/680
f 1502/92/685 1501/96/680 1503/97/684
f 1503/97/684 1499/98/680 1504/99/686
f 1506/116/688 1502/91/685 1503/117/684
f 1505/75/687 1503/117/684 1504/74/686
f 1505/75/687 1506/116/688 1503/117/684
f 1505/75/687 1508/79/924 1506/116/688
f 1508/79/924 1507/89/690 1506/116/688
f 1506/116/688 1507/89/690 1502/91/685
f 1505/75/687 1509/73/691 1508/79/924
f 1508/79/924 1510/88/925 1507/89/690
f 1511/81/693 1508/77/924 1509/78/691
f 1511/81/693 1510/83/925 1508/77/924
f 1511/81/693 1509/78/691 1513/76/693
f 1511/81/693 1514/82/693 1510/83/925
f 1512/33/693 1511/81/693 1513/76/693
f 1512/33/693 1514/82/693 1511/81/693
f 1512/33/693 1515/85/693 1514/82/693
f 1514/82/693 1515/85/693 1516/84/695
f 1514/82/693 1516/84/695 1510/83/925
f 1507/89/690 1516/86/695 1517/87/696
f 1507/89/690 1510/88/925 1516/86/695
f 1519/26/693 1516/84/695 1515/85/693
f 1516/86/695 1520/20/697 1517/87/696
f 1516/86/695 1518/23/926 1520/20/697
f 1519/26/693 1518/28/926 1516/84/695
f 1517/87/696 1520/20/697 1521/21/699
f 1520/20/697 1518/23/926 1523/24/700
f 1520/20/697 1522/18/701 1488/19/922
f 1520/20/697 1488/19/922 1521/21/699
f 1520/20/697 1523/24/700 1522/18/701
f 1523/24/700 1483/22/681 1522/18/701
f 1523/24/700 1524/25/702 1483/22/681
f 1525/31/693 1524/30/702 1523/27/700
f 1525/31/693 1523/27/700 1518/28/926
f 1525/31/693 1526/29/693 1524/30/702
f 1512/33/693 1526/29/693 1525/31/693
f 1525/31/693 1518/28/926 1519/26/693
f 1512/33/693 1525/31/693 1519/26/693
f 1526/29/693 1527/35/703 1524/30/702
f 1526/29/693 1528/32/693 1527/35/703
f 1528/32/693 1526/29/693 1512/33/693
f 1529/34/694 1527/35/703 1528/32/693
f 1528/32/693 1512/33/693 1529/34/694
f 1531/52/694 1530/36/704 1529/34/694
f 1529/34/694 1530/36/704 1527/35/703
f 1512/33/693 1531/52/694 1529/34/694
f 1531/52/694 1532/40/705 1530/36/704
f 1533/53/693 1532/40/705 1531/52/694
f 1512/33/693 1533/53/693 1531/52/694
f 1533/53/693 1534/51/706 1532/40/705
f 1533/53/693 1536/50/707 1534/51/706
f 1512/33/693 1535/49/693 1533/53/693
f 1533/53/693 1535/49/693 1536/50/707
f 1537/47/708 1534/45/706 1536/48/707
f 1535/49/693 1539/54/711 1536/50/707
f 1537/47/708 1536/48/707 1538/115/709
f 1536/48/707 1540/58/710 1538/115/709
f 1536/48/707 1539/56/711 1540/58/710
f 1538/115/709 1540/58/710 1541/62/712
f 1539/56/711 1542/57/713 1540/58/710
f 1541/62/712 1540/58/710 1542/57/713
f 1539/56/711 1546/59/715 1542/57/713
f 1541/62/712 1542/57/713 1543/64/714
f 1542/57/713 1544/65/716 1543/64/714
f 1542/57/713 1545/66/717 1544/65/716
f 1546/59/715 1545/66/717 1542/57/713
f 1546/59/715 1547/63/718 1545/66/717
f 1549/60/694 1547/70/718 1546/61/715
f 1548/55/693 1549/60/694 1546/61/715
f 1548/55/693 1546/61/715 1539/54/711
f 1549/60/694 1550/68/694 1547/70/718
f 1512/33/693 1549/60/694 1548/55/693
f 1512/33/693 1550/68/694 1549/60/694
f 1551/80/693 1547/70/718 1550/68/694
f 1512/33/693 1551/80/693 1550/68/694
f 1512/33/693 1513/76/693 1551/80/693
f 1513/76/693 1552/69/719 1551/80/693
f 1551/80/693 1552/69/719 1547/70/718
f 1552/71/719 1509/73/691 1505/75/687
f 1552/71/719 1505/75/687 1553/67/34
f 1513/76/693 1509/78/691 1552/69/719
f 1545/66/717 1552/71/719 1553/67/34
f 1545/66/717 1547/63/718 1552/71/719
f 1553/67/34 1505/75/687 1504/74/686
f 1545/66/717 1553/67/34 1554/72/720
f 1553/67/34 1504/74/686 1554/72/720
f 1545/66/717 1554/72/720 1544/65/716
f 1554/102/720 1499/98/680 1498/100/680
f 1544/105/716 1554/102/720 1498/100/680
f 1554/102/720 1504/99/686 1499/98/680
f 1535/49/693 1548/55/693 1539/54/711
f 1512/33/693 1548/55/693 1535/49/693
f 1544/105/716 1498/100/680 1497/101/680
f 1544/105/716 1497/101/680 1496/103/680
f 1544/105/716 1496/103/680 1543/104/714
f 1543/104/714 1495/106/680 1541/107/712
f 1543/104/714 1496/103/680 1495/106/680
f 1538/115/709 1541/62/712 1555/114/721
f 1541/107/712 1495/106/680 1493/108/680
f 1541/107/712 1493/108/680 1555/111/721
f 1537/47/708 1555/114/721 1556/46/722
f 1537/47/708 1538/115/709 1555/114/721
f 1556/109/722 1555/111/721 1493/108/680
f 1558/42/927 1537/47/708 1556/46/722
f 1556/109/722 1493/108/680 1491/110/680
f 1557/113/723 1556/109/722 1491/110/680
f 1558/42/927 1556/46/722 1557/44/723
f 1558/42/927 1534/45/706 1537/47/708
f 1558/42/927 1532/41/705 1534/45/706
f 1559/43/725 1532/41/705 1558/42/927
f 1480/2/678 1558/42/927 1557/44/723
f 1480/2/678 1559/43/725 1558/42/927
f 1527/37/703 1559/43/725 1482/1/1
f 1482/1/1 1559/43/725 1480/2/678
f 1527/37/703 1530/38/704 1559/43/725
f 1559/43/725 1530/38/704 1532/41/705
f 1557/113/723 1491/110/680 1500/112/680
f 1480/5/678 1557/113/723 1500/112/680
f 1483/22/681 1527/39/703 1482/8/1
f 1483/22/681 1524/25/702 1527/39/703
f 1522/18/701 1483/22/681 1481/7/682
f 1522/18/701 1481/7/682 1488/19/922
f 1517/87/696 1521/21/699 1560/90/726
f 1521/17/699 1492/94/923 1560/93/726
f 1521/17/699 1494/15/680 1492/94/923
f 1488/16/922 1494/15/680 1521/17/699
f 1502/92/685 1560/93/726 1492/94/923
f 1502/91/685 1517/87/696 1560/90/726
f 1512/33/693 1519/26/693 1515/85/693
f 1502/91/685 1507/89/690 1517/87/696
f 1502/92/685 1492/94/923 1490/95/923
f 1480/5/678 1500/112/680 1485/6/680
f 1488/16/922 1487/14/680 1494/15/680
f 1561/3/727 1565/43/728 1562/2/729
f 1562/5/729 1567/12/730 1561/4/727
f 1566/22/731 1561/9/727 1563/7/732
f 1563/11/732 1561/4/727 1567/12/730
f 1566/22/731 1564/8/1 1561/9/727
f 1561/3/727 1564/1/1 1565/43/728
f 1562/5/729 1568/6/730 1567/12/730
f 1563/11/732 1567/12/730 1569/10/730
f 1567/12/730 1568/6/730 1570/13/730
f 1567/12/730 1570/13/730 1569/10/730
f 1581/14/730 1569/10/730 1570/13/730
f 1573/96/730 1570/13/730 1571/98/730
f 1583/100/730 1571/98/730 1570/13/730
f 1572/112/730 1574/110/730 1570/13/730
f 1572/112/730 1570/13/730 1568/6/730
f 1573/96/730 1575/95/730 1570/13/730
f 1576/108/730 1570/13/730 1574/110/730
f 1577/94/730 1570/13/730 1575/95/730
f 1576/108/730 1578/106/730 1570/13/730
f 1577/94/730 1579/15/730 1570/13/730
f 1580/103/730 1570/13/730 1578/106/730
f 1581/14/730 1570/13/730 1579/15/730
f 1580/103/730 1582/101/730 1570/13/730
f 1583/100/730 1570/13/730 1582/101/730
f 1585/102/733 1571/98/730 1583/100/730
f 1584/105/735 1583/100/730 1582/101/730
f 1584/105/735 1585/102/733 1583/100/730
f 1588/67/34 1586/74/734 1585/72/733
f 1585/102/733 1586/99/734 1571/98/730
f 1587/66/736 1588/67/34 1585/72/733
f 1587/66/736 1585/72/733 1584/65/735
f 1588/67/34 1589/75/737 1586/74/734
f 1590/63/738 1588/67/34 1587/66/736
f 1591/71/739 1589/75/737 1588/67/34
f 1590/63/738 1591/71/739 1588/67/34
f 1591/71/739 1592/73/740 1589/75/737
f 1593/68/741 1591/69/739 1590/70/738
f 1595/76/741 1592/78/740 1591/69/739
f 1593/68/741 1594/80/741 1591/69/739
f 1595/76/741 1591/69/739 1594/80/741
f 1596/33/741 1595/76/741 1594/80/741
f 1596/33/741 1597/81/741 1595/76/741
f 1597/81/741 1592/78/740 1595/76/741
f 1596/33/741 1599/82/741 1597/81/741
f 1599/82/741 1598/77/743 1597/81/741
f 1597/81/741 1598/77/743 1592/78/740
f 1596/33/741 1600/85/741 1599/82/741
f 1599/82/741 1601/83/742 1598/77/743
f 1600/85/741 1601/83/742 1599/82/741
f 1598/79/743 1601/88/742 1604/89/744
f 1600/85/741 1602/84/746 1601/83/742
f 1601/88/742 1602/86/746 1603/87/745
f 1601/88/742 1603/87/745 1604/89/744
f 1604/89/744 1603/87/745 1605/90/747
f 1604/89/744 1605/90/747 1606/91/772
f 1598/79/743 1604/89/744 1607/116/774
f 1607/116/774 1604/89/744 1606/91/772
f 1607/116/774 1606/91/772 1608/117/773
f 1589/75/737 1607/116/774 1608/117/773
f 1589/75/737 1598/79/743 1607/116/774
f 1586/99/734 1608/97/773 1573/96/730
f 1589/75/737 1608/117/773 1586/74/734
f 1608/97/773 1575/95/730 1573/96/730
f 1608/97/773 1606/92/772 1575/95/730
f 1606/92/772 1577/94/730 1575/95/730
f 1606/92/772 1605/93/747 1577/94/730
f 1609/17/749 1577/94/730 1605/93/747
f 1603/87/745 1609/21/749 1605/90/747
f 1609/17/749 1579/15/730 1577/94/730
f 1610/16/750 1579/15/730 1609/17/749
f 1611/20/748 1610/19/750 1609/21/749
f 1603/87/745 1611/20/748 1609/21/749
f 1611/20/748 1612/23/753 1613/24/752
f 1603/87/745 1612/23/753 1611/20/748
f 1611/20/748 1613/24/752 1614/18/751
f 1611/20/748 1614/18/751 1610/19/750
f 1610/19/750 1614/18/751 1566/22/731
f 1613/24/752 1566/22/731 1614/18/751
f 1615/26/741 1617/31/741 1613/27/752
f 1615/26/741 1613/27/752 1612/28/753
f 1613/24/752 1616/25/754 1566/22/731
f 1618/29/741 1616/30/754 1613/27/752
f 1618/29/741 1613/27/752 1617/31/741
f 1619/32/741 1616/30/754 1618/29/741
f 1596/33/741 1618/29/741 1617/31/741
f 1619/32/741 1618/29/741 1596/33/741
f 1619/32/741 1620/35/755 1616/30/754
f 1621/34/741 1620/35/755 1619/32/741
f 1619/32/741 1596/33/741 1621/34/741
f 1596/33/741 1624/52/741 1621/34/741
f 1621/34/741 1623/36/756 1620/35/755
f 1621/34/741 1622/40/757 1623/36/756
f 1621/34/741 1624/52/741 1622/40/757
f 1625/53/741 1622/40/757 1624/52/741
f 1596/33/741 1625/53/741 1624/52/741
f 1625/53/741 1628/50/760 1626/51/758
f 1625/53/741 1626/51/758 1622/40/757
f 1625/53/741 1627/49/741 1628/50/760
f 1596/33/741 1627/49/741 1625/53/741
f 1629/47/759 1626/45/758 1628/48/760
f 1632/55/741 1628/50/760 1627/49/741
f 1629/47/759 1628/48/760 1630/115/761
f 1628/48/760 1633/58/762 1630/115/761
f 1628/48/760 1631/56/763 1633/58/762
f 1632/55/741 1631/54/763 1628/50/760
f 1633/58/762 1635/64/767 1634/62/766
f 1630/115/761 1633/58/762 1634/62/766
f 1633/58/762 1636/57/765 1635/64/767
f 1631/56/763 1636/57/765 1633/58/762
f 1636/57/765 1590/63/738 1587/66/736
f 1635/64/767 1636/57/765 1587/66/736
f 1636/57/765 1637/59/768 1590/63/738
f 1631/56/763 1637/59/768 1636/57/765
f 1638/60/741 1590/70/738 1637/61/768
f 1638/60/741 1637/61/768 1631/54/763
f 1638/60/741 1631/54/763 1632/55/741
f 1596/33/741 1638/60/741 1632/55/741
f 1638/60/741 1593/68/741 1590/70/738
f 1596/33/741 1593/68/741 1638/60/741
f 1634/107/766 1635/104/767 1580/103/730
f 1635/64/767 1587/66/736 1584/65/735
f 1584/105/735 1580/103/730 1635/104/767
f 1634/107/766 1580/103/730 1578/106/730
f 1639/111/764 1634/107/766 1578/106/730
f 1630/115/761 1634/62/766 1639/114/764
f 1639/111/764 1578/106/730 1576/108/730
f 1629/47/759 1630/115/761 1639/114/764
f 1629/47/759 1639/114/764 1640/46/769
f 1639/111/764 1576/108/730 1574/110/730
f 1639/111/764 1574/110/730 1640/109/769
f 1641/44/770 1629/47/759 1640/46/769
f 1640/109/769 1572/112/730 1641/113/770
f 1640/109/769 1574/110/730 1572/112/730
f 1641/44/770 1642/42/771 1629/47/759
f 1565/43/728 1642/42/771 1641/44/770
f 1641/113/770 1568/6/730 1562/5/729
f 1565/43/728 1641/44/770 1562/2/729
f 1641/113/770 1572/112/730 1568/6/730
f 1642/42/771 1622/41/757 1626/45/758
f 1642/42/771 1626/45/758 1629/47/759
f 1623/38/756 1642/42/771 1565/43/728
f 1623/38/756 1622/41/757 1642/42/771
f 1596/33/741 1632/55/741 1627/49/741
f 1620/37/755 1623/38/756 1565/43/728
f 1566/22/731 1616/25/754 1620/39/755
f 1566/22/731 1620/39/755 1564/8/1
f 1620/37/755 1565/43/728 1564/1/1
f 1596/33/741 1617/31/741 1615/26/741
f 1600/85/741 1615/26/741 1612/28/753
f 1596/33/741 1615/26/741 1600/85/741
f 1600/85/741 1612/28/753 1602/84/746
f 1603/87/745 1602/86/746 1612/23/753
f 1610/19/750 1566/22/731 1563/7/732
f 1563/11/732 1581/14/730 1610/16/750
f 1610/16/750 1581/14/730 1579/15/730
f 1589/75/737 1592/73/740 1598/79/743
f 1596/33/741 1594/80/741 1593/68/741
f 1586/99/734 1573/96/730 1571/98/730
f 1584/105/735 1582/101/730 1580/103/730
f 1563/11/732 1569/10/730 1581/14/730
f 1646/1/1 1644/2/777 1643/3/775
f 1644/5/777 1647/12/778 1643/4/775
f 1645/7/780 1646/8/1 1643/9/775
f 1645/11/780 1643/4/775 1647/12/778
f 1644/5/777 1648/6/778 1647/12/778
f 1645/11/780 1647/12/778 1649/10/778
f 1647/12/778 1648/6/778 1650/13/778
f 1647/12/778 1650/13/778 1649/10/778
f 1663/14/778 1649/10/778 1650/13/778
f 1652/100/778 1650/13/778 1651/101/778
f 1662/103/778 1651/101/778 1650/13/778
f 1652/100/778 1653/98/778 1650/13/778
f 1655/96/778 1650/13/778 1653/98/778
f 1654/112/778 1656/110/778 1650/13/778
f 1654/112/778 1650/13/778 1648/6/778
f 1655/96/778 1657/95/778 1650/13/778
f 1658/108/778 1650/13/778 1656/110/778
f 1659/94/778 1650/13/778 1657/95/778
f 1658/108/778 1660/106/778 1650/13/778
f 1659/94/778 1661/15/778 1650/13/778
f 1662/103/778 1650/13/778 1660/106/778
f 1663/14/778 1650/13/778 1661/15/778
f 1664/16/781 1649/10/778 1663/14/778
f 1664/16/781 1663/14/778 1661/15/778
f 1664/16/781 1645/11/780 1649/10/778
f 1667/18/784 1645/7/780 1664/19/781
f 1664/16/781 1661/15/778 1665/17/783
f 1666/20/782 1664/19/781 1665/21/783
f 1666/20/782 1667/18/784 1664/19/781
f 1668/23/786 1667/18/784 1666/20/782
f 1668/23/786 1669/24/785 1667/18/784
f 1669/24/785 1670/22/779 1667/18/784
f 1667/18/784 1670/22/779 1645/7/780
f 1645/7/780 1670/22/779 1646/8/1
f 1669/24/785 1672/25/788 1670/22/779
f 1670/22/779 1671/39/789 1646/8/1
f 1670/22/779 1672/25/788 1671/39/789
f 1674/31/787 1672/30/788 1669/27/785
f 1673/32/787 1671/35/789 1672/30/788
f 1673/32/787 1672/30/788 1675/29/787
f 1674/31/787 1675/29/787 1672/30/788
f 1673/32/787 1675/29/787 1676/33/787
f 1676/33/787 1675/29/787 1674/31/787
f 1673/32/787 1676/33/787 1677/34/787
f 1676/33/787 1674/31/787 1689/26/787
f 1676/33/787 1678/52/787 1677/34/787
f 1676/33/787 1679/53/787 1678/52/787
f 1676/33/787 1680/49/787 1679/53/787
f 1676/33/787 1681/55/787 1680/49/787
f 1676/33/787 1682/60/787 1681/55/787
f 1676/33/787 1683/68/787 1682/60/787
f 1676/33/787 1684/80/787 1683/68/787
f 1676/33/787 1685/76/787 1684/80/787
f 1676/33/787 1686/81/787 1685/76/787
f 1676/33/787 1687/82/787 1686/81/787
f 1676/33/787 1688/85/787 1687/82/787
f 1676/33/787 1689/26/787 1688/85/787
f 1674/31/787 1668/28/786 1689/26/787
f 1688/85/787 1689/26/787 1668/28/786
f 1688/85/787 1668/28/786 1691/84/816
f 1688/85/787 1690/83/817 1687/82/787
f 1688/85/787 1691/84/816 1690/83/817
f 1691/86/816 1666/20/782 1693/87/815
f 1691/86/816 1668/23/786 1666/20/782
f 1692/89/811 1690/88/817 1691/86/816
f 1692/89/811 1691/86/816 1693/87/815
f 1693/87/815 1666/20/782 1665/21/783
f 1693/87/815 1665/21/783 1694/90/814
f 1692/89/811 1693/87/815 1694/90/814
f 1665/17/783 1659/94/778 1694/93/814
f 1695/92/813 1694/93/814 1659/94/778
f 1692/89/811 1694/90/814 1695/91/813
f 1695/92/813 1659/94/778 1657/95/778
f 1696/97/812 1695/92/813 1657/95/778
f 1697/116/808 1692/89/811 1695/91/813
f 1697/116/808 1695/91/813 1696/117/812
f 1698/75/807 1699/79/809 1697/116/808
f 1698/75/807 1697/116/808 1696/117/812
f 1697/116/808 1699/79/809 1690/88/817
f 1697/116/808 1690/88/817 1692/89/811
f 1686/81/787 1690/83/817 1699/77/809
f 1698/75/807 1700/73/806 1699/79/809
f 1685/76/787 1699/77/809 1700/78/806
f 1685/76/787 1686/81/787 1699/77/809
f 1701/71/804 1700/73/806 1698/75/807
f 1685/76/787 1700/78/806 1701/69/804
f 1701/71/804 1698/75/807 1704/67/34
f 1683/68/787 1684/80/787 1701/69/804
f 1683/68/787 1701/69/804 1702/70/803
f 1685/76/787 1701/69/804 1684/80/787
f 1703/66/805 1702/63/803 1701/71/804
f 1703/66/805 1701/71/804 1704/67/34
f 1704/67/34 1698/75/807 1706/74/810
f 1707/65/819 1703/66/805 1704/67/34
f 1704/67/34 1706/74/810 1705/72/818
f 1707/65/819 1704/67/34 1705/72/818
f 1705/102/818 1651/101/778 1707/105/819
f 1707/105/819 1651/101/778 1662/103/778
f 1709/57/820 1707/65/819 1708/64/821
f 1707/105/819 1662/103/778 1708/104/821
f 1709/57/820 1703/66/805 1707/65/819
f 1710/62/799 1709/57/820 1708/64/821
f 1710/62/799 1711/58/800 1709/57/820
f 1712/56/801 1709/57/820 1711/58/800
f 1712/56/801 1713/59/802 1709/57/820
f 1713/59/802 1703/66/805 1709/57/820
f 1683/68/787 1713/61/802 1682/60/787
f 1682/60/787 1713/61/802 1712/54/801
f 1683/68/787 1702/70/803 1713/61/802
f 1713/59/802 1702/63/803 1703/66/805
f 1682/60/787 1712/54/801 1681/55/787
f 1681/55/787 1712/54/801 1714/50/797
f 1714/48/797 1712/56/801 1711/58/800
f 1681/55/787 1714/50/797 1680/49/787
f 1715/47/793 1714/48/797 1717/115/796
f 1715/47/793 1716/45/792 1714/48/797
f 1679/53/787 1714/50/797 1716/51/792
f 1714/48/797 1711/58/800 1717/115/796
f 1679/53/787 1680/49/787 1714/50/797
f 1718/46/795 1715/47/793 1717/115/796
f 1718/46/795 1717/115/796 1719/114/798
f 1717/115/796 1710/62/799 1719/114/798
f 1717/115/796 1711/58/800 1710/62/799
f 1719/111/798 1660/106/778 1658/108/778
f 1719/111/798 1658/108/778 1656/110/778
f 1719/111/798 1710/107/799 1660/106/778
f 1719/111/798 1656/110/778 1718/109/795
f 1721/42/794 1715/47/793 1718/46/795
f 1718/109/795 1656/110/778 1654/112/778
f 1718/109/795 1654/112/778 1720/113/822
f 1721/42/794 1718/46/795 1720/44/822
f 1722/43/776 1723/41/791 1721/42/794
f 1644/2/777 1722/43/776 1721/42/794
f 1723/41/791 1715/47/793 1721/42/794
f 1644/2/777 1721/42/794 1720/44/822
f 1722/43/776 1724/38/790 1723/41/791
f 1723/41/791 1716/45/792 1715/47/793
f 1678/52/787 1723/40/791 1724/36/790
f 1678/52/787 1716/51/792 1723/40/791
f 1673/32/787 1677/34/787 1724/36/790
f 1673/32/787 1724/36/790 1671/35/789
f 1671/37/789 1724/38/790 1722/43/776
f 1678/52/787 1724/36/790 1677/34/787
f 1646/1/1 1722/43/776 1644/2/777
f 1671/37/789 1722/43/776 1646/1/1
f 1644/5/777 1720/113/822 1654/112/778
f 1678/52/787 1679/53/787 1716/51/792
f 1710/107/799 1662/103/778 1660/106/778
f 1710/107/799 1708/104/821 1662/103/778
f 1705/102/818 1706/99/810 1653/98/778
f 1698/75/807 1696/117/812 1706/74/810
f 1696/97/812 1653/98/778 1706/99/810
f 1705/102/818 1652/100/778 1651/101/778
f 1705/102/818 1653/98/778 1652/100/778
f 1696/97/812 1657/95/778 1655/96/778
f 1696/97/812 1655/96/778 1653/98/778
f 1686/81/787 1687/82/787 1690/83/817
f 1674/31/787 1669/27/785 1668/28/786
f 1665/17/783 1661/15/778 1659/94/778
f 1644/5/777 1654/112/778 1648/6/778
f 1728/1/1 1726/2/825 1725/3/823
f 1726/5/825 1730/12/826 1725/4/823
f 1729/22/827 1725/9/823 1727/7/828
f 1725/4/823 1731/10/826 1727/11/828
f 1729/22/827 1728/8/1 1725/9/823
f 1725/4/823 1730/12/826 1731/10/826
f 1730/12/826 1733/13/826 1731/10/826
f 1727/11/828 1731/10/826 1732/14/826
f 1732/14/826 1731/10/826 1733/13/826
f 1730/12/826 1739/6/826 1733/13/826
f 1732/14/826 1733/13/826 1735/15/826
f 1736/103/826 1733/13/826 1734/106/826
f 1745/108/826 1734/106/826 1733/13/826
f 1746/94/826 1735/15/826 1733/13/826
f 1736/103/826 1737/101/826 1733/13/826
f 1738/100/826 1733/13/826 1737/101/826
f 1738/100/826 1740/98/826 1733/13/826
f 1741/112/826 1733/13/826 1739/6/826
f 1742/96/826 1733/13/826 1740/98/826
f 1741/112/826 1743/110/826 1733/13/826
f 1742/96/826 1744/95/826 1733/13/826
f 1745/108/826 1733/13/826 1743/110/826
f 1746/94/826 1733/13/826 1744/95/826
f 1747/17/857 1746/94/826 1749/93/858
f 1747/17/857 1735/15/826 1746/94/826
f 1748/92/870 1746/94/826 1744/95/826
f 1748/92/870 1749/93/858 1746/94/826
f 1751/87/859 1747/21/857 1749/90/858
f 1750/89/860 1749/90/858 1748/91/870
f 1750/89/860 1751/87/859 1749/90/858
f 1751/87/859 1752/20/855 1747/21/857
f 1753/88/861 1751/87/859 1750/89/860
f 1754/86/862 1752/20/855 1751/87/859
f 1753/88/861 1754/86/862 1751/87/859
f 1756/85/845 1754/84/862 1753/83/861
f 1756/85/845 1755/28/854 1754/84/862
f 1754/86/862 1755/23/854 1752/20/855
f 1756/85/845 1753/83/861 1758/82/845
f 1756/85/845 1759/26/845 1755/28/854
f 1757/33/845 1756/85/845 1758/82/845
f 1757/33/845 1759/26/845 1756/85/845
f 1759/26/845 1761/27/852 1755/28/854
f 1757/33/845 1760/31/845 1759/26/845
f 1759/26/845 1760/31/845 1761/27/852
f 1761/24/852 1763/25/851 1729/22/827
f 1761/24/852 1729/22/827 1762/18/853
f 1752/20/855 1761/24/852 1762/18/853
f 1760/31/845 1763/30/851 1761/27/852
f 1752/20/855 1755/23/854 1761/24/852
f 1763/25/851 1728/8/1 1729/22/827
f 1764/29/845 1765/35/850 1763/30/851
f 1760/31/845 1764/29/845 1763/30/851
f 1763/25/851 1765/39/850 1728/8/1
f 1764/29/845 1767/32/845 1765/35/850
f 1767/32/845 1766/36/849 1765/35/850
f 1728/1/1 1765/37/850 1766/38/849
f 1767/32/845 1764/29/845 1757/33/845
f 1767/32/845 1757/33/845 1768/34/845
f 1767/32/845 1768/34/845 1766/36/849
f 1757/33/845 1769/52/845 1768/34/845
f 1768/34/845 1770/40/928 1766/36/849
f 1768/34/845 1769/52/845 1770/40/928
f 1769/52/845 1773/51/848 1770/40/928
f 1771/43/824 1770/41/928 1772/42/831
f 1771/43/824 1766/38/849 1770/41/928
f 1770/41/928 1774/47/833 1772/42/831
f 1770/41/928 1773/45/848 1774/47/833
f 1772/42/831 1774/47/833 1775/46/829
f 1773/45/848 1777/115/834 1774/47/833
f 1774/47/833 1776/114/830 1775/46/829
f 1774/47/833 1777/115/834 1776/114/830
f 1777/115/834 1779/58/836 1778/62/835
f 1777/115/834 1778/62/835 1776/114/830
f 1780/48/846 1779/58/836 1777/115/834
f 1773/45/848 1780/48/846 1777/115/834
f 1780/48/846 1781/56/844 1779/58/836
f 1783/55/845 1781/54/844 1780/50/846
f 1783/55/845 1780/50/846 1782/49/845
f 1782/49/845 1780/50/846 1773/51/848
f 1757/33/845 1783/55/845 1782/49/845
f 1757/33/845 1784/60/845 1783/55/845
f 1784/60/845 1781/54/844 1783/55/845
f 1757/33/845 1786/68/845 1784/60/845
f 1784/60/845 1785/61/929 1781/54/844
f 1784/60/845 1787/70/841 1785/61/929
f 1784/60/845 1786/68/845 1787/70/841
f 1785/59/929 1787/63/841 1788/66/838
f 1790/80/845 1787/70/841 1786/68/845
f 1787/63/841 1791/67/34 1788/66/838
f 1787/63/841 1789/71/865 1791/67/34
f 1790/80/845 1789/69/865 1787/70/841
f 1788/66/838 1791/67/34 1792/72/843
f 1789/71/865 1794/75/866 1791/67/34
f 1791/67/34 1793/74/868 1792/72/843
f 1791/67/34 1794/75/866 1793/74/868
f 1794/75/866 1797/117/867 1793/74/868
f 1796/73/864 1795/116/869 1794/75/866
f 1794/75/866 1795/116/869 1797/117/867
f 1789/71/865 1796/73/864 1794/75/866
f 1793/99/868 1797/97/867 1742/96/826
f 1795/116/869 1748/91/870 1797/117/867
f 1797/97/867 1748/92/870 1744/95/826
f 1797/97/867 1744/95/826 1742/96/826
f 1796/73/864 1798/79/863 1795/116/869
f 1800/81/845 1798/77/863 1796/78/864
f 1800/81/845 1796/78/864 1799/76/845
f 1799/76/845 1796/78/864 1789/69/865
f 1757/33/845 1800/81/845 1799/76/845
f 1757/33/845 1758/82/845 1800/81/845
f 1758/82/845 1798/77/863 1800/81/845
f 1757/33/845 1799/76/845 1790/80/845
f 1799/76/845 1789/69/865 1790/80/845
f 1758/82/845 1753/83/861 1798/77/863
f 1795/116/869 1798/79/863 1753/88/861
f 1795/116/869 1753/88/861 1750/89/860
f 1795/116/869 1750/89/860 1748/91/870
f 1793/99/868 1742/96/826 1740/98/826
f 1792/102/843 1793/99/868 1740/98/826
f 1792/102/843 1738/100/826 1737/101/826
f 1792/102/843 1737/101/826 1801/105/839
f 1792/102/843 1740/98/826 1738/100/826
f 1788/66/838 1792/72/843 1801/65/839
f 1802/104/837 1801/105/839 1737/101/826
f 1803/57/840 1801/65/839 1802/64/837
f 1803/57/840 1788/66/838 1801/65/839
f 1785/59/929 1788/66/838 1803/57/840
f 1779/58/836 1785/59/929 1803/57/840
f 1779/58/836 1803/57/840 1802/64/837
f 1802/104/837 1737/101/826 1736/103/826
f 1778/107/835 1802/104/837 1736/103/826
f 1779/58/836 1802/64/837 1778/62/835
f 1757/33/845 1790/80/845 1786/68/845
f 1779/58/836 1781/56/844 1785/59/929
f 1757/33/845 1782/49/845 1804/53/845
f 1782/49/845 1773/51/848 1804/53/845
f 1769/52/845 1804/53/845 1773/51/848
f 1757/33/845 1804/53/845 1769/52/845
f 1778/107/835 1734/106/826 1745/108/826
f 1778/107/835 1745/108/826 1776/111/830
f 1778/107/835 1736/103/826 1734/106/826
f 1775/109/829 1776/111/830 1745/108/826
f 1775/109/829 1745/108/826 1743/110/826
f 1772/42/831 1775/46/829 1805/44/832
f 1775/109/829 1743/110/826 1741/112/826
f 1775/109/829 1741/112/826 1805/113/832
f 1805/113/832 1741/112/826 1739/6/826
f 1805/113/832 1739/6/826 1726/5/825
f 1771/43/824 1772/42/831 1805/44/832
f 1771/43/824 1805/44/832 1726/2/825
f 1728/1/1 1766/38/849 1771/43/824
f 1728/1/1 1771/43/824 1726/2/825
f 1757/33/845 1764/29/845 1760/31/845
f 1762/18/853 1729/22/827 1727/7/828
f 1762/18/853 1727/7/828 1806/19/856
f 1747/21/857 1762/18/853 1806/19/856
f 1747/21/857 1752/20/855 1762/18/853
f 1806/16/856 1735/15/826 1747/17/857
f 1806/16/856 1732/14/826 1735/15/826
f 1727/11/828 1732/14/826 1806/16/856
f 1726/5/825 1739/6/826 1730/12/826
f 1807/3/872 1811/43/873 1808/2/874
f 1808/5/874 1813/12/875 1807/4/872
f 1812/22/876 1807/9/872 1809/7/877
f 1809/11/877 1807/4/872 1813/12/875
f 1812/22/876 1810/8/1 1807/9/872
f 1807/3/872 1810/1/1 1811/43/873
f 1809/11/877 1813/12/875 1815/10/875
f 1808/5/874 1814/6/875 1813/12/875
f 1813/12/875 1814/6/875 1816/13/875
f 1813/12/875 1816/13/875 1815/10/875
f 1818/112/875 1816/13/875 1814/6/875
f 1827/14/875 1815/10/875 1816/13/875
f 1819/96/875 1816/13/875 1817/98/875
f 1829/100/875 1817/98/875 1816/13/875
f 1818/112/875 1820/110/875 1816/13/875
f 1819/96/875 1821/95/875 1816/13/875
f 1822/108/875 1816/13/875 1820/110/875
f 1823/94/875 1816/13/875 1821/95/875
f 1822/108/875 1824/106/875 1816/13/875
f 1823/94/875 1825/15/875 1816/13/875
f 1826/103/875 1816/13/875 1824/106/875
f 1827/14/875 1816/13/875 1825/15/875
f 1826/103/875 1828/101/875 1816/13/875
f 1829/100/875 1816/13/875 1828/101/875
f 1830/102/878 1817/98/875 1829/100/875
f 1830/102/878 1829/100/875 1828/101/875
f 1830/102/878 1832/99/881 1817/98/875
f 1830/102/878 1828/101/875 1831/105/879
f 1833/66/882 1830/72/878 1831/65/879
f 1830/72/878 1835/75/880 1832/74/881
f 1833/66/882 1834/67/34 1830/72/878
f 1830/72/878 1834/67/34 1835/75/880
f 1834/67/34 1837/73/884 1835/75/880
f 1837/73/884 1836/116/885 1835/75/880
f 1835/75/880 1836/116/885 1838/117/883
f 1835/75/880 1838/117/883 1832/74/881
f 1838/97/883 1821/95/875 1819/96/875
f 1832/99/881 1838/97/883 1819/96/875
f 1836/116/885 1839/91/886 1838/117/883
f 1838/97/883 1839/92/886 1821/95/875
f 1836/116/885 1841/89/887 1839/91/886
f 1840/93/888 1821/95/875 1839/92/886
f 1841/89/887 1840/90/888 1839/91/886
f 1844/88/890 1842/87/889 1841/89/887
f 1841/89/887 1842/87/889 1840/90/888
f 1843/79/891 1844/88/890 1841/89/887
f 1843/79/891 1841/89/887 1836/116/885
f 1844/88/890 1845/86/892 1842/87/889
f 1846/82/893 1844/83/890 1843/77/891
f 1847/85/894 1845/84/892 1844/83/890
f 1847/85/894 1844/83/890 1846/82/893
f 1847/85/894 1850/28/895 1845/84/892
f 1848/33/894 1847/85/894 1846/82/893
f 1848/33/894 1849/26/893 1847/85/894
f 1847/85/894 1849/26/893 1850/28/895
f 1849/26/893 1852/27/896 1850/28/895
f 1850/23/895 1853/18/917 1851/20/919
f 1845/86/892 1850/23/895 1851/20/919
f 1850/23/895 1852/24/896 1853/18/917
f 1853/18/917 1812/22/876 1809/7/877
f 1853/18/917 1809/7/877 1854/19/918
f 1851/20/919 1853/18/917 1854/19/918
f 1852/24/896 1812/22/876 1853/18/917
f 1809/11/877 1827/14/875 1854/16/918
f 1854/16/918 1827/14/875 1825/15/875
f 1854/16/918 1825/15/875 1855/17/920
f 1851/20/919 1854/19/918 1855/21/920
f 1840/93/888 1855/17/920 1825/15/875
f 1842/87/889 1851/20/919 1855/21/920
f 1842/87/889 1855/21/920 1840/90/888
f 1849/26/893 1858/31/894 1852/27/896
f 1852/24/896 1857/25/897 1812/22/876
f 1856/29/894 1857/30/897 1852/27/896
f 1856/29/894 1852/27/896 1858/31/894
f 1848/33/894 1858/31/894 1849/26/893
f 1848/33/894 1856/29/894 1858/31/894
f 1860/32/894 1857/30/897 1856/29/894
f 1857/25/897 1859/39/898 1810/8/1
f 1860/32/894 1859/35/898 1857/30/897
f 1857/25/897 1810/8/1 1812/22/876
f 1860/32/894 1856/29/894 1848/33/894
f 1860/32/894 1861/36/899 1859/35/898
f 1860/32/894 1862/34/894 1861/36/899
f 1860/32/894 1848/33/894 1862/34/894
f 1862/34/894 1863/40/900 1861/36/899
f 1862/34/894 1864/52/894 1863/40/900
f 1848/33/894 1864/52/894 1862/34/894
f 1864/52/894 1866/51/902 1863/40/900
f 1864/52/894 1865/53/894 1866/51/902
f 1848/33/894 1865/53/894 1864/52/894
f 1865/53/894 1869/50/905 1866/51/902
f 1867/42/901 1866/45/902 1868/47/904
f 1867/42/901 1863/41/900 1866/45/902
f 1866/45/902 1870/115/903 1868/47/904
f 1866/45/902 1869/48/905 1870/115/903
f 1868/47/904 1870/115/903 1871/114/906
f 1869/48/905 1873/58/907 1870/115/903
f 1870/115/903 1872/62/908 1871/114/906
f 1870/115/903 1873/58/907 1872/62/908
f 1873/58/907 1875/57/911 1874/64/910
f 1873/58/907 1874/64/910 1872/62/908
f 1876/56/909 1875/57/911 1873/58/907
f 1869/48/905 1876/56/909 1873/58/907
f 1876/56/909 1877/59/912 1875/57/911
f 1880/60/894 1877/61/912 1876/54/909
f 1878/49/894 1879/55/894 1876/54/909
f 1878/49/894 1876/54/909 1869/50/905
f 1880/60/894 1876/54/909 1879/55/894
f 1881/68/894 1877/61/912 1880/60/894
f 1848/33/894 1880/60/894 1879/55/894
f 1848/33/894 1881/68/894 1880/60/894
f 1882/80/894 1883/70/913 1881/68/894
f 1848/33/894 1882/80/894 1881/68/894
f 1881/68/894 1883/70/913 1877/61/912
f 1883/63/913 1834/67/34 1833/66/882
f 1877/59/912 1883/63/913 1833/66/882
f 1882/80/894 1884/69/914 1883/70/913
f 1883/63/913 1884/71/914 1834/67/34
f 1882/80/894 1837/78/884 1884/69/914
f 1834/67/34 1884/71/914 1837/73/884
f 1882/80/894 1885/76/894 1837/78/884
f 1848/33/894 1885/76/894 1882/80/894
f 1885/76/894 1843/77/891 1837/78/884
f 1885/76/894 1886/81/894 1843/77/891
f 1848/33/894 1886/81/894 1885/76/894
f 1846/82/893 1843/77/891 1886/81/894
f 1848/33/894 1846/82/893 1886/81/894
f 1848/33/894 1879/55/894 1878/49/894
f 1865/53/894 1878/49/894 1869/50/905
f 1848/33/894 1878/49/894 1865/53/894
f 1877/59/912 1833/66/882 1875/57/911
f 1875/57/911 1833/66/882 1831/65/879
f 1875/57/911 1831/65/879 1874/64/910
f 1874/104/910 1828/101/875 1826/103/875
f 1874/104/910 1826/103/875 1824/106/875
f 1874/104/910 1831/105/879 1828/101/875
f 1874/104/910 1824/106/875 1872/107/908
f 1872/107/908 1824/106/875 1822/108/875
f 1872/107/908 1822/108/875 1871/111/906
f 1868/47/904 1871/114/906 1887/46/915
f 1887/109/915 1871/111/906 1822/108/875
f 1887/109/915 1820/110/875 1818/112/875
f 1887/109/915 1818/112/875 1888/113/916
f 1867/42/901 1868/47/904 1887/46/915
f 1867/42/901 1887/46/915 1888/44/916
f 1887/109/915 1822/108/875 1820/110/875
f 1808/5/874 1888/113/916 1818/112/875
f 1811/43/873 1867/42/901 1888/44/916
f 1811/43/873 1888/44/916 1808/2/874
f 1861/38/899 1867/42/901 1811/43/873
f 1861/38/899 1863/41/900 1867/42/901
f 1810/1/1 1859/37/898 1861/38/899
f 1810/1/1 1861/38/899 1811/43/873
f 1845/86/892 1851/20/919 1842/87/889
f 1837/73/884 1843/79/891 1836/116/885
f 1840/93/888 1825/15/875 1823/94/875
f 1840/93/888 1823/94/875 1821/95/875
f 1832/99/881 1819/96/875 1817/98/875
f 1809/11/877 1815/10/875 1827/14/875
f 1808/5/874 1818/112/875 1814/6/875
usemtl Morado.003
f 1890/37/1 1891/2/930 1889/3/1
f 1893/25/931 1890/39/1 1889/9/1
f 1892/11/932 1889/4/932 1891/5/932
f 1893/25/931 1889/9/1 1892/7/931
f 1890/35/933 1893/30/933 1894/27/933
f 1894/24/934 1893/25/931 1892/7/931
f 1900/40/933 1890/35/933 1894/27/933
f 1894/24/934 1892/7/931 1897/19/934
f 1895/21/935 1894/24/934 1897/19/934
f 1895/21/935 1896/23/935 1894/24/934
f 1894/27/933 1896/28/936 1899/84/933
f 1900/40/933 1894/27/933 1898/77/933
f 1894/27/933 1899/84/933 1898/77/933
f 1900/40/933 1901/36/933 1890/35/933
f 1891/2/930 1900/41/937 1902/44/937
f 1891/2/930 1901/38/930 1900/41/937
f 1898/77/933 1905/61/933 1900/40/933
f 1900/41/937 1903/46/938 1902/44/937
f 1900/41/937 1906/45/938 1903/46/938
f 1904/50/933 1906/51/936 1900/40/933
f 1905/61/933 1904/50/933 1900/40/933
f 1903/46/938 1906/45/938 1904/48/939
f 1907/62/940 1905/59/941 1909/64/941
f 1907/62/940 1908/56/940 1905/59/941
f 1905/61/933 1908/54/936 1904/50/933
f 1905/59/941 1910/65/942 1909/64/941
f 1905/59/941 1911/63/942 1910/65/942
f 1912/69/933 1911/70/933 1905/61/933
f 1898/77/933 1912/69/933 1905/61/933
f 1898/77/933 1915/78/933 1912/69/933
f 1910/65/942 1911/63/942 1912/71/34
f 1910/65/942 1912/71/34 1914/72/34
f 1912/71/34 1915/73/943 1913/74/943
f 1912/71/34 1913/74/943 1914/72/34
f 1913/74/943 1915/73/943 1898/79/944
f 1910/105/932 1914/102/932 1913/99/932
f 1913/74/943 1898/79/944 1916/117/944
f 1913/99/932 1916/97/932 1917/92/932
f 1910/105/932 1913/99/932 1917/92/932
f 1910/105/932 1917/92/932 1892/11/932
f 1917/92/932 1895/17/932 1892/11/932
f 1916/117/944 1918/88/945 1917/91/945
f 1917/91/945 1918/88/945 1899/86/946
f 1917/91/945 1899/86/946 1919/90/946
f 1917/92/932 1919/93/932 1895/17/932
f 1899/86/946 1895/21/935 1919/90/946
f 1899/84/933 1918/83/936 1898/77/933
f 1916/117/944 1898/79/944 1918/88/945
f 1907/107/932 1909/104/932 1910/105/932
f 1903/109/932 1907/107/932 1910/105/932
f 1892/11/932 1903/109/932 1910/105/932
f 1904/48/939 1908/56/940 1907/62/940
f 1904/48/939 1907/62/940 1920/114/939
f 1903/109/932 1920/111/932 1907/107/932
f 1903/46/938 1904/48/939 1920/114/939
f 1891/5/932 1902/113/932 1903/109/932
f 1892/11/932 1891/5/932 1903/109/932
f 1890/37/1 1901/38/930 1891/2/930
f 1899/86/946 1896/23/935 1895/21/935
f 1895/17/932 1897/16/932 1892/11/932
f 1922/37/1 1923/2/947 1921/3/1
f 1925/25/948 1922/39/1 1921/9/1
f 1924/11/949 1921/4/949 1923/5/949
f 1925/25/948 1921/9/1 1924/7/948
f 1922/35/950 1925/30/950 1927/27/950
f 1926/19/951 1925/25/948 1924/7/948
f 1926/19/951 1927/24/951 1925/25/948
f 1928/40/950 1922/35/950 1927/27/950
f 1930/23/952 1927/24/951 1926/19/951
f 1928/40/950 1927/27/950 1931/77/950
f 1927/27/950 1930/28/950 1929/84/950
f 1927/27/950 1929/84/950 1931/77/950
f 1931/77/950 1935/61/950 1928/40/950
f 1931/77/950 1933/78/950 1932/69/950
f 1931/77/950 1932/69/950 1935/61/950
f 1933/73/953 1931/79/954 1934/117/954
f 1934/117/954 1931/79/954 1936/88/955
f 1929/84/950 1936/83/950 1931/77/950
f 1934/117/954 1936/88/955 1937/91/956
f 1936/88/955 1929/86/957 1938/90/957
f 1936/88/955 1938/90/957 1937/91/956
f 1937/92/949 1938/93/958 1939/17/949
f 1929/86/957 1939/21/959 1938/90/957
f 1930/23/952 1926/19/951 1939/21/959
f 1929/86/957 1930/23/952 1939/21/959
f 1937/92/949 1939/17/949 1924/11/949
f 1939/17/949 1926/16/949 1924/11/949
f 1940/99/949 1934/97/949 1937/92/949
f 1941/105/949 1940/99/949 1937/92/949
f 1941/105/949 1937/92/949 1924/11/949
f 1924/11/949 1944/109/949 1941/105/949
f 1941/65/960 1932/71/34 1946/72/34
f 1941/65/960 1945/63/960 1932/71/34
f 1941/105/949 1946/102/949 1940/99/949
f 1942/107/949 1943/104/949 1941/105/949
f 1944/109/949 1942/107/949 1941/105/949
f 1935/59/961 1941/65/960 1943/64/961
f 1935/59/961 1945/63/960 1941/65/960
f 1946/72/34 1932/71/34 1933/73/953
f 1946/72/34 1933/73/953 1940/74/953
f 1932/69/950 1945/70/962 1935/61/950
f 1928/41/963 1948/45/964 1944/46/964
f 1928/41/963 1944/46/964 1947/44/963
f 1923/5/949 1947/113/949 1944/109/949
f 1924/11/949 1923/5/949 1944/109/949
f 1944/109/949 1949/111/958 1942/107/949
f 1948/45/964 1949/114/965 1944/46/964
f 1948/45/964 1950/48/965 1949/114/965
f 1950/48/965 1942/62/966 1949/114/965
f 1950/50/950 1948/51/950 1928/40/950
f 1935/61/950 1950/50/950 1928/40/950
f 1935/61/950 1951/54/950 1950/50/950
f 1950/48/965 1951/56/966 1942/62/966
f 1942/62/966 1951/56/966 1935/59/961
f 1923/2/947 1928/41/963 1947/44/963
f 1942/62/966 1935/59/961 1943/64/961
f 1933/73/953 1934/117/954 1940/74/953
f 1928/40/950 1952/36/950 1922/35/950
f 1923/2/947 1952/38/947 1928/41/963
f 1922/37/1 1952/38/947 1923/2/947
f 1953/3/1 1954/37/1 1956/38/967
f 1958/25/968 1954/39/1 1953/9/1
f 1953/3/1 1956/38/967 1955/2/967
f 1957/11/969 1953/4/969 1955/5/969
f 1958/25/968 1953/9/1 1957/7/968
f 1954/35/970 1958/30/971 1959/27/970
f 1959/24/972 1958/25/968 1957/7/968
f 1964/40/970 1954/35/970 1959/27/970
f 1959/24/972 1957/7/968 1963/19/972
f 1959/27/970 1962/28/970 1960/84/970
f 1959/27/970 1960/84/970 1965/77/970
f 1961/21/973 1959/24/972 1963/19/972
f 1961/21/973 1962/23/973 1959/24/972
f 1964/40/970 1959/27/970 1965/77/970
f 1965/77/970 1969/61/970 1964/40/970
f 1965/77/970 1967/78/970 1966/69/970
f 1965/77/970 1966/69/970 1969/61/970
f 1967/73/974 1965/79/975 1968/117/975
f 1968/117/975 1965/79/975 1970/88/976
f 1960/84/970 1970/83/970 1965/77/970
f 1970/88/976 1972/90/977 1971/91/976
f 1968/117/975 1970/88/976 1971/91/976
f 1970/88/976 1960/86/977 1972/90/977
f 1972/90/977 1962/23/973 1961/21/973
f 1971/92/969 1972/93/969 1961/17/969
f 1972/90/977 1960/86/977 1962/23/973
f 1971/92/969 1961/17/969 1957/11/969
f 1973/99/969 1968/97/969 1971/92/969
f 1974/105/969 1973/99/969 1971/92/969
f 1974/105/969 1971/92/969 1957/11/969
f 1969/59/978 1978/63/979 1974/65/979
f 1969/59/978 1974/65/979 1976/64/978
f 1957/11/969 1977/109/969 1974/105/969
f 1974/105/969 1979/102/969 1973/99/969
f 1975/107/969 1976/104/969 1974/105/969
f 1977/109/969 1975/107/969 1974/105/969
f 1978/63/979 1979/72/34 1974/65/979
f 1978/63/979 1966/71/34 1979/72/34
f 1979/72/34 1967/73/974 1973/74/974
f 1979/72/34 1966/71/34 1967/73/974
f 1966/69/970 1978/70/980 1969/61/970
f 1980/44/981 1983/45/982 1977/46/982
f 1955/5/969 1980/113/969 1977/109/969
f 1977/46/982 1982/48/983 1981/114/983
f 1977/109/969 1981/111/969 1975/107/969
f 1977/46/982 1983/45/982 1982/48/983
f 1957/11/969 1955/5/969 1977/109/969
f 1982/50/970 1983/51/970 1964/40/970
f 1980/44/981 1964/41/981 1983/45/982
f 1969/61/970 1982/50/970 1964/40/970
f 1969/61/970 1984/54/970 1982/50/970
f 1982/48/983 1975/62/984 1981/114/983
f 1982/48/983 1984/56/984 1975/62/984
f 1975/62/984 1984/56/984 1969/59/978
f 1956/38/967 1980/44/981 1955/2/967
f 1956/38/967 1964/41/981 1980/44/981
f 1975/62/984 1969/59/978 1976/64/978
f 1967/73/974 1968/117/975 1973/74/974
f 1964/40/970 1956/36/970 1954/35/970
f 1961/17/969 1963/16/969 1957/11/969
f 1985/3/1 1986/37/1 1988/38/985
f 1990/25/986 1986/39/1 1985/9/1
f 1985/3/1 1988/38/985 1987/2/985
f 1989/11/987 1985/4/987 1987/5/987
f 1990/25/986 1985/9/1 1989/7/986
f 1986/35/988 1990/30/988 1992/27/988
f 1991/19/989 1990/25/986 1989/7/986
f 1991/19/989 1992/24/989 1990/25/986
f 1996/40/988 1986/35/988 1992/27/988
f 1994/23/990 1992/24/989 1991/19/989
f 1992/27/988 1994/28/988 1993/84/988
f 1992/27/988 1993/84/988 1995/77/988
f 1996/40/988 1992/27/988 1995/77/988
f 1996/40/988 1988/36/988 1986/35/988
f 1995/77/988 2001/61/988 1996/40/988
f 1988/38/985 1996/41/991 1997/44/991
f 1996/41/991 1998/46/992 1997/44/991
f 1996/41/991 1999/45/992 1998/46/992
f 2000/50/988 1999/51/988 1996/40/988
f 2001/61/988 2000/50/988 1996/40/988
f 2002/56/993 2001/59/994 2003/64/994
f 2001/61/988 2002/54/988 2000/50/988
f 2003/64/994 2001/59/994 2005/63/995
f 2004/69/988 2005/70/988 2001/61/988
f 1995/77/988 2004/69/988 2001/61/988
f 2003/64/994 2005/63/995 2006/65/995
f 2005/63/995 2004/71/34 2007/72/34
f 2005/63/995 2007/72/34 2006/65/995
f 2004/71/34 2008/74/996 2007/72/34
f 2006/105/987 2007/102/987 2008/99/987
f 2008/74/996 2010/73/996 1995/79/997
f 2008/74/996 1995/79/997 2009/117/997
f 2004/71/34 2010/73/996 2008/74/996
f 2006/105/987 2008/99/987 2011/92/987
f 2008/99/987 2009/97/998 2011/92/987
f 1995/79/997 2011/91/999 2009/117/997
f 1995/79/997 2014/88/999 2011/91/999
f 2014/88/999 2012/90/1000 2011/91/999
f 2011/92/987 2012/93/987 2013/17/987
f 2011/92/987 2013/17/987 1989/11/987
f 2006/105/987 2011/92/987 1989/11/987
f 2014/88/999 1993/86/1000 2012/90/1000
f 1993/84/988 2014/83/988 1995/77/988
f 1994/23/990 1991/19/989 2013/21/990
f 2012/90/1000 1994/23/990 2013/21/990
f 2013/17/987 1991/16/987 1989/11/987
f 2012/90/1000 1993/86/1000 1994/23/990
f 1995/77/988 2010/78/1001 2004/69/988
f 2015/107/987 2003/104/987 2006/105/987
f 1989/11/987 1998/109/987 2006/105/987
f 1998/109/987 2015/107/987 2006/105/987
f 2002/56/993 2003/64/994 2015/62/993
f 2000/48/1002 2002/56/993 2015/62/993
f 1998/109/987 2016/111/987 2015/107/987
f 2000/48/1002 2015/62/993 2016/114/1002
f 1998/46/992 2000/48/1002 2016/114/1002
f 1998/46/992 1999/45/992 2000/48/1002
f 1987/5/987 1997/113/987 1998/109/987
f 1989/11/987 1987/5/987 1998/109/987
f 1988/38/985 1997/44/991 1987/2/985
f 2017/3/1 2018/37/1 2020/38/1003
f 2022/25/1004 2018/39/1 2017/9/1
f 2017/3/1 2020/38/1003 2019/2/1005
f 2021/11/1006 2017/4/1006 2019/5/1006
f 2022/25/1004 2017/9/1 2021/7/1004
f 2018/35/1007 2022/30/1007 2023/27/1007
f 2023/24/1008 2022/25/1004 2021/7/1004
f 2026/40/1007 2018/35/1007 2023/27/1007
f 2023/24/1008 2021/7/1004 2028/19/1008
f 2023/27/1007 2025/28/1007 2024/84/1007
f 2023/27/1007 2024/84/1007 2027/77/1007
f 2025/23/1009 2023/24/1008 2028/19/1008
f 2026/40/1007 2023/27/1007 2027/77/1007
f 2025/23/1009 2028/19/1008 2029/21/1009
f 2029/17/1006 2028/16/1006 2021/11/1006
f 2024/86/1010 2025/23/1009 2029/21/1009
f 2030/92/1006 2029/17/1006 2021/11/1006
f 2030/92/1006 2031/93/1006 2029/17/1006
f 2024/86/1010 2029/21/1009 2031/90/1010
f 2032/88/1011 2031/90/1010 2030/91/1011
f 2032/88/1011 2024/86/1010 2031/90/1010
f 2027/79/1012 2032/88/1011 2030/91/1011
f 2024/84/1007 2032/83/1007 2027/77/1007
f 2033/99/1006 2035/97/1006 2030/92/1006
f 2034/105/1006 2033/99/1006 2030/92/1006
f 2034/105/1006 2030/92/1006 2021/11/1006
f 2027/79/1012 2030/91/1011 2035/117/1012
f 2036/73/1013 2027/79/1012 2035/117/1012
f 2036/73/1013 2035/117/1012 2033/74/1013
f 2027/77/1007 2036/78/1007 2037/69/1007
f 2037/71/34 2036/73/1013 2033/74/1013
f 2027/77/1007 2037/69/1007 2038/61/1007
f 2037/69/1007 2039/70/1007 2038/61/1007
f 2037/71/34 2033/74/1013 2040/72/34
f 2039/63/1014 2037/71/34 2040/72/34
f 2039/63/1014 2040/72/34 2034/65/1014
f 2034/105/1006 2040/102/1006 2033/99/1006
f 2041/64/1015 2039/63/1014 2034/65/1014
f 2041/64/1015 2038/59/1015 2039/63/1014
f 2042/107/1006 2041/104/1006 2034/105/1006
f 2043/56/1016 2041/64/1015 2042/62/1016
f 2043/56/1016 2038/59/1015 2041/64/1015
f 2044/114/1017 2043/56/1016 2042/62/1016
f 2044/114/1017 2045/48/1017 2043/56/1016
f 2038/61/1007 2043/54/1007 2045/50/1007
f 2038/61/1007 2045/50/1007 2026/40/1007
f 2045/50/1007 2046/51/1007 2026/40/1007
f 2046/45/1018 2045/48/1017 2044/114/1017
f 2046/45/1018 2044/114/1017 2047/46/1018
f 2048/44/1019 2046/45/1018 2047/46/1018
f 2048/44/1019 2026/41/1019 2046/45/1018
f 2019/5/1006 2048/113/1006 2047/109/1006
f 2019/2/1005 2026/41/1019 2048/44/1019
f 2047/109/1006 2044/111/1006 2042/107/1006
f 2021/11/1006 2019/5/1006 2047/109/1006
f 2021/11/1006 2047/109/1006 2034/105/1006
f 2047/109/1006 2042/107/1006 2034/105/1006
f 2027/77/1007 2038/61/1007 2026/40/1007
f 2026/40/1007 2020/36/1007 2018/35/1007
f 2019/2/1005 2020/38/1003 2026/41/1019
f 2050/37/1 2051/2/1020 2049/3/1
f 2053/25/1021 2050/39/1 2049/9/1
f 2052/11/1022 2049/4/1022 2051/5/1022
f 2053/25/1021 2049/9/1 2052/7/1021
f 2050/35/1023 2053/30/1024 2055/27/1023
f 2054/19/1025 2053/25/1021 2052/7/1021
f 2054/19/1025 2055/24/1025 2053/25/1021
f 2059/40/1023 2050/35/1023 2055/27/1023
f 2057/21/1026 2055/24/1025 2054/19/1025
f 2055/27/1023 2058/28/1023 2056/84/1023
f 2055/27/1023 2056/84/1023 2060/77/1023
f 2057/21/1026 2058/23/1026 2055/24/1025
f 2059/40/1023 2055/27/1023 2060/77/1023
f 2060/77/1023 2065/61/1023 2059/40/1023
f 2060/77/1023 2062/78/1024 2061/69/1023
f 2060/77/1023 2061/69/1023 2065/61/1023
f 2062/73/1027 2060/79/1028 2063/117/1028
f 2060/79/1028 2064/91/1029 2063/117/1028
f 2060/79/1028 2066/88/1029 2064/91/1029
f 2056/84/1023 2066/83/1023 2060/77/1023
f 2066/88/1029 2056/86/1030 2067/90/1030
f 2066/88/1029 2067/90/1030 2064/91/1029
f 2067/90/1030 2058/23/1026 2057/21/1026
f 2064/92/1022 2067/93/1022 2057/17/1022
f 2067/90/1030 2056/86/1030 2058/23/1026
f 2065/61/1023 2069/54/1023 2068/50/1023
f 2065/61/1023 2068/50/1023 2059/40/1023
f 2069/56/1031 2065/59/1032 2070/64/1032
f 2065/59/1032 2071/65/1033 2070/64/1032
f 2065/59/1032 2072/63/1033 2071/65/1033
f 2061/69/1023 2072/70/1023 2065/61/1023
f 2072/63/1033 2061/71/34 2073/72/34
f 2072/63/1033 2073/72/34 2071/65/1033
f 2071/105/1022 2073/102/1022 2074/99/1022
f 2061/71/34 2074/74/1027 2073/72/34
f 2061/71/34 2062/73/1027 2074/74/1027
f 2062/73/1027 2063/117/1028 2074/74/1027
f 2074/99/1022 2063/97/1022 2064/92/1022
f 2071/105/1022 2074/99/1022 2064/92/1022
f 2071/105/1022 2064/92/1022 2052/11/1022
f 2052/11/1022 2076/109/1022 2071/105/1022
f 2075/107/1022 2070/104/1022 2071/105/1022
f 2076/109/1022 2075/107/1022 2071/105/1022
f 2051/5/1022 2077/113/1022 2076/109/1022
f 2052/11/1022 2051/5/1022 2076/109/1022
f 2059/41/1034 2078/45/1035 2076/46/1035
f 2059/41/1034 2076/46/1035 2077/44/1034
f 2076/109/1022 2079/111/1022 2075/107/1022
f 2078/45/1035 2079/114/1036 2076/46/1035
f 2068/48/1036 2075/62/1031 2079/114/1036
f 2078/45/1035 2068/48/1036 2079/114/1036
f 2068/50/1023 2078/51/1023 2059/40/1023
f 2080/38/1020 2077/44/1034 2051/2/1020
f 2080/38/1020 2059/41/1034 2077/44/1034
f 2050/37/1 2080/38/1020 2051/2/1020
f 2059/40/1023 2080/36/1023 2050/35/1023
f 2068/48/1036 2069/56/1031 2075/62/1031
f 2069/56/1031 2070/64/1032 2075/62/1031
f 2064/92/1022 2057/17/1022 2052/11/1022
f 2057/17/1022 2054/16/1022 2052/11/1022
f 2085/37/1 2082/2/1037 2081/3/1
f 2083/11/1038 2081/4/1038 2082/5/1038
f 2084/25/1039 2081/9/1 2083/7/1039
f 2084/25/1039 2085/39/1 2081/9/1
f 2085/37/1 2086/38/1037 2082/2/1037
f 2085/35/1040 2084/30/1040 2088/27/1040
f 2087/40/1040 2086/36/1040 2085/35/1040
f 2087/40/1040 2085/35/1040 2088/27/1040
f 2088/24/1041 2084/25/1039 2083/7/1039
f 2088/24/1041 2083/7/1039 2090/19/1041
f 2087/40/1040 2088/27/1040 2091/77/1040
f 2088/27/1040 2092/28/1042 2089/84/1040
f 2088/27/1040 2089/84/1040 2091/77/1040
f 2092/23/1043 2088/24/1041 2090/19/1041
f 2093/90/1044 2089/86/1044 2092/23/1043
f 2092/23/1043 2090/19/1041 2094/21/1043
f 2093/90/1044 2092/23/1043 2094/21/1043
f 2095/92/1038 2094/17/1038 2083/11/1038
f 2095/92/1038 2093/93/1045 2094/17/1038
f 2094/17/1038 2090/16/1038 2083/11/1038
f 2096/105/1038 2095/92/1038 2083/11/1038
f 2096/105/1038 2098/99/1038 2095/92/1038
f 2097/88/1046 2093/90/1044 2095/91/1046
f 2091/79/1047 2097/88/1046 2095/91/1046
f 2098/99/1038 2099/97/1038 2095/92/1038
f 2091/79/1047 2095/91/1046 2099/117/1047
f 2100/73/1048 2091/79/1047 2099/117/1047
f 2100/73/1048 2099/117/1047 2098/74/1048
f 2091/77/1040 2100/78/1040 2101/69/1040
f 2102/72/34 2101/71/34 2100/73/1048
f 2102/72/34 2100/73/1048 2098/74/1048
f 2096/65/1049 2101/71/34 2102/72/34
f 2096/105/1038 2102/102/1050 2098/99/1038
f 2091/77/1040 2101/69/1040 2103/61/1040
f 2101/69/1040 2104/70/1040 2103/61/1040
f 2096/65/1049 2104/63/1049 2101/71/34
f 2103/59/1051 2104/63/1049 2096/65/1049
f 2091/77/1040 2103/61/1040 2087/40/1040
f 2103/61/1040 2107/50/1040 2087/40/1040
f 2103/59/1051 2096/65/1049 2106/64/1051
f 2105/62/1052 2103/59/1051 2106/64/1051
f 2105/62/1052 2108/56/1052 2103/59/1051
f 2103/61/1040 2108/54/1053 2107/50/1040
f 2107/48/1054 2108/56/1052 2105/62/1052
f 2109/46/1055 2107/48/1054 2111/114/1054
f 2109/46/1055 2110/45/1055 2107/48/1054
f 2107/50/1040 2110/51/1053 2087/40/1040
f 2107/48/1054 2105/62/1052 2111/114/1054
f 2109/109/1038 2111/111/1056 2105/107/1038
f 2087/41/1057 2110/45/1055 2109/46/1055
f 2087/41/1057 2109/46/1055 2112/44/1057
f 2082/5/1038 2112/113/1038 2109/109/1038
f 2083/11/1038 2082/5/1038 2109/109/1038
f 2083/11/1038 2109/109/1038 2096/105/1038
f 2109/109/1038 2105/107/1038 2096/105/1038
f 2086/38/1037 2112/44/1057 2082/2/1037
f 2086/38/1037 2087/41/1057 2112/44/1057
f 2105/107/1038 2106/104/1038 2096/105/1038
f 2097/88/1046 2089/86/1044 2093/90/1044
f 2089/84/1040 2097/83/1053 2091/77/1040
f 2113/3/1 2115/38/930 2114/2/930
f 2116/11/932 2113/4/932 2114/5/932
f 2113/3/1 2118/37/1 2115/38/930
f 2117/25/931 2113/9/1 2116/7/931
f 2117/25/931 2118/39/1 2113/9/1
f 2120/40/933 2115/36/933 2118/35/933
f 2118/35/933 2117/30/933 2119/27/933
f 2120/40/933 2118/35/933 2119/27/933
f 2121/77/933 2126/61/933 2120/40/933
f 2120/40/933 2119/27/933 2121/77/933
f 2115/38/930 2120/41/937 2122/44/937
f 2120/41/937 2123/46/938 2122/44/937
f 2120/41/937 2124/45/938 2123/46/938
f 2125/50/933 2124/51/936 2120/40/933
f 2126/61/933 2125/50/933 2120/40/933
f 2121/77/933 2127/69/933 2126/61/933
f 2127/69/933 2131/70/933 2126/61/933
f 2128/62/940 2126/59/941 2130/64/941
f 2128/62/940 2129/56/940 2126/59/941
f 2126/61/933 2129/54/936 2125/50/933
f 2126/59/941 2132/65/942 2130/64/941
f 2126/59/941 2131/63/942 2132/65/942
f 2128/107/932 2130/104/932 2132/105/932
f 2123/109/932 2128/107/932 2132/105/932
f 2132/105/932 2135/92/932 2116/11/932
f 2116/11/932 2123/109/932 2132/105/932
f 2132/65/942 2131/63/942 2127/71/34
f 2132/65/942 2127/71/34 2133/72/34
f 2132/105/932 2133/102/932 2134/99/932
f 2132/105/932 2134/99/932 2135/92/932
f 2134/99/932 2136/97/932 2135/92/932
f 2121/79/944 2135/91/945 2136/117/944
f 2135/91/945 2137/88/945 2140/86/946
f 2121/79/944 2137/88/945 2135/91/945
f 2135/91/945 2140/86/946 2138/90/946
f 2135/92/932 2138/93/932 2139/17/932
f 2135/92/932 2139/17/932 2116/11/932
f 2119/27/933 2141/28/936 2140/84/933
f 2119/27/933 2140/84/933 2121/77/933
f 2140/86/946 2141/23/935 2139/21/935
f 2140/84/933 2137/83/933 2121/77/933
f 2140/86/946 2139/21/935 2138/90/946
f 2141/23/935 2142/19/934 2139/21/935
f 2141/23/935 2119/24/934 2142/19/934
f 2139/17/932 2142/16/1058 2116/11/932
f 2119/24/934 2116/7/931 2142/19/934
f 2143/73/943 2136/117/944 2134/74/943
f 2143/73/943 2121/79/944 2136/117/944
f 2127/71/34 2143/73/943 2134/74/943
f 2121/77/933 2143/78/933 2127/69/933
f 2127/71/34 2134/74/943 2133/72/34
f 2125/48/939 2129/56/940 2128/62/940
f 2125/48/939 2128/62/940 2144/114/939
f 2123/109/932 2144/111/1058 2128/107/932
f 2124/45/938 2144/114/939 2123/46/938
f 2124/45/938 2125/48/939 2144/114/939
f 2114/5/932 2122/113/932 2123/109/932
f 2116/11/932 2114/5/932 2123/109/932
f 2115/38/930 2122/44/937 2114/2/930
f 2119/24/934 2117/25/931 2116/7/931
f 2145/3/1 2146/37/1 2148/38/947
f 2150/25/948 2146/39/1 2145/9/1
f 2145/3/1 2148/38/947 2147/2/947
f 2149/11/949 2145/4/949 2147/5/949
f 2150/25/948 2145/9/1 2149/7/948
f 2146/35/950 2150/30/962 2152/27/950
f 2151/19/951 2150/25/948 2149/7/948
f 2151/19/951 2152/24/951 2150/25/948
f 2155/40/950 2146/35/950 2152/27/950
f 2154/23/952 2152/24/951 2151/19/951
f 2152/27/950 2154/28/962 2153/84/950
f 2152/27/950 2153/84/950 2156/77/950
f 2155/40/950 2152/27/950 2156/77/950
f 2153/84/950 2160/83/950 2156/77/950
f 2156/77/950 2161/61/950 2155/40/950
f 2156/77/950 2158/78/950 2157/69/950
f 2156/77/950 2157/69/950 2161/61/950
f 2158/73/953 2156/79/954 2159/117/954
f 2159/117/954 2156/79/954 2160/88/955
f 2161/61/950 2164/54/950 2162/50/950
f 2161/61/950 2162/50/950 2155/40/950
f 2163/62/966 2161/59/961 2165/64/961
f 2163/62/966 2164/56/966 2161/59/961
f 2161/59/961 2167/65/960 2165/64/961
f 2161/59/961 2166/63/960 2167/65/960
f 2157/69/950 2166/70/950 2161/61/950
f 2163/107/949 2165/104/1059 2167/105/949
f 2168/109/949 2163/107/949 2167/105/949
f 2167/105/949 2171/92/949 2149/11/949
f 2149/11/949 2168/109/949 2167/105/949
f 2166/63/960 2169/72/34 2167/65/960
f 2167/105/949 2169/102/949 2170/99/949
f 2167/105/949 2170/99/949 2171/92/949
f 2171/91/956 2160/88/955 2153/86/957
f 2171/91/956 2153/86/957 2172/90/957
f 2170/99/949 2159/97/949 2171/92/949
f 2171/92/949 2172/93/958 2173/17/949
f 2171/92/949 2173/17/949 2149/11/949
f 2159/117/954 2160/88/955 2171/91/956
f 2153/86/957 2154/23/952 2173/21/952
f 2153/86/957 2173/21/952 2172/90/957
f 2154/23/952 2151/19/951 2173/21/952
f 2173/17/949 2151/16/949 2149/11/949
f 2157/71/34 2170/74/953 2169/72/34
f 2157/71/34 2158/73/953 2170/74/953
f 2158/73/953 2159/117/954 2170/74/953
f 2166/63/960 2157/71/34 2169/72/34
f 2168/46/964 2162/48/965 2176/114/965
f 2168/46/964 2175/45/1060 2162/48/965
f 2147/5/949 2174/113/1059 2168/109/949
f 2149/11/949 2147/5/949 2168/109/949
f 2155/41/963 2175/45/1060 2168/46/964
f 2155/41/963 2168/46/964 2174/44/963
f 2168/109/949 2176/111/958 2163/107/949
f 2162/48/965 2163/62/966 2176/114/965
f 2162/50/950 2175/51/950 2155/40/950
f 2148/38/947 2174/44/963 2147/2/947
f 2148/38/947 2155/41/963 2174/44/963
f 2162/48/965 2164/56/966 2163/62/966
f 2155/40/950 2148/36/950 2146/35/950
f 2178/37/1 2179/2/967 2177/3/1
f 2181/25/968 2178/39/1 2177/9/1
f 2180/11/969 2177/4/969 2179/5/969
f 2181/25/968 2177/9/1 2180/7/968
f 2178/35/970 2181/30/971 2183/27/970
f 2182/19/972 2181/25/968 2180/7/968
f 2182/19/972 2183/24/972 2181/25/968
f 2187/40/970 2178/35/970 2183/27/970
f 2185/21/973 2183/24/972 2182/19/972
f 2183/27/970 2186/28/970 2184/84/970
f 2183/27/970 2184/84/970 2188/77/970
f 2185/21/973 2186/23/973 2183/24/972
f 2187/40/970 2183/27/970 2188/77/970
f 2188/77/970 2192/61/970 2187/40/970
f 2188/77/970 2190/78/980 2189/69/970
f 2188/77/970 2189/69/970 2192/61/970
f 2190/73/974 2188/79/975 2191/117/975
f 2188/79/975 2193/91/976 2191/117/975
f 2188/79/975 2194/88/976 2193/91/976
f 2184/84/970 2194/83/970 2188/77/970
f 2194/88/976 2195/90/977 2193/91/976
f 2194/88/976 2184/86/977 2195/90/977
f 2195/90/977 2186/23/973 2185/21/973
f 2193/92/969 2195/93/969 2185/17/969
f 2195/90/977 2184/86/977 2186/23/973
f 2193/92/969 2185/17/969 2180/11/969
f 2196/99/969 2191/97/969 2193/92/969
f 2197/105/969 2196/99/969 2193/92/969
f 2197/105/969 2193/92/969 2180/11/969
f 2180/11/969 2200/109/969 2197/105/969
f 2197/105/969 2202/102/969 2196/99/969
f 2197/65/979 2189/71/34 2202/72/34
f 2197/65/979 2201/63/979 2189/71/34
f 2198/107/969 2199/104/969 2197/105/969
f 2200/109/969 2198/107/969 2197/105/969
f 2192/59/978 2197/65/979 2199/64/978
f 2192/59/978 2201/63/979 2197/65/979
f 2202/72/34 2190/73/974 2196/74/974
f 2202/72/34 2189/71/34 2190/73/974
f 2189/69/970 2201/70/970 2192/61/970
f 2179/5/969 2203/113/969 2200/109/969
f 2180/11/969 2179/5/969 2200/109/969
f 2187/41/981 2204/45/982 2200/46/982
f 2187/41/981 2200/46/982 2203/44/981
f 2200/109/969 2205/111/969 2198/107/969
f 2200/46/982 2204/45/982 2206/48/983
f 2200/46/982 2206/48/983 2205/114/983
f 2206/50/970 2204/51/970 2187/40/970
f 2192/61/970 2206/50/970 2187/40/970
f 2206/48/983 2198/62/984 2205/114/983
f 2206/48/983 2207/56/984 2198/62/984
f 2192/61/970 2207/54/970 2206/50/970
f 2198/62/984 2207/56/984 2192/59/978
f 2179/2/967 2187/41/981 2203/44/981
f 2198/62/984 2192/59/978 2199/64/978
f 2190/73/974 2191/117/975 2196/74/974
f 2187/40/970 2208/36/970 2178/35/970
f 2179/2/967 2208/38/967 2187/41/981
f 2178/37/1 2208/38/967 2179/2/967
f 2185/17/969 2182/16/969 2180/11/969
f 2210/37/1 2211/2/985 2209/3/1
f 2213/25/986 2210/39/1 2209/9/1
f 2212/11/987 2209/4/987 2211/5/987
f 2213/25/986 2209/9/1 2212/7/986
f 2210/35/988 2213/30/988 2215/27/988
f 2214/19/989 2213/25/986 2212/7/986
f 2214/19/989 2215/24/989 2213/25/986
f 2219/40/988 2210/35/988 2215/27/988
f 2217/23/990 2215/24/989 2214/19/989
f 2215/27/988 2217/28/988 2216/84/988
f 2215/27/988 2216/84/988 2218/77/988
f 2219/40/988 2215/27/988 2218/77/988
f 2219/40/988 2220/36/988 2210/35/988
f 2218/77/988 2223/61/988 2219/40/988
f 2220/38/985 2219/41/991 2221/44/991
f 2221/44/991 2219/41/991 2222/45/992
f 2224/50/988 2222/51/988 2219/40/988
f 2223/61/988 2224/50/988 2219/40/988
f 2227/46/992 2222/45/992 2224/48/1002
f 2223/61/988 2226/54/988 2224/50/988
f 2227/46/992 2224/48/1002 2225/114/1002
f 2225/114/1002 2224/48/1002 2226/56/993
f 2227/109/987 2225/111/987 2229/107/987
f 2211/5/987 2221/113/987 2227/109/987
f 2212/11/987 2211/5/987 2227/109/987
f 2227/109/987 2229/107/987 2228/105/987
f 2212/11/987 2227/109/987 2228/105/987
f 2221/44/991 2222/45/992 2227/46/992
f 2225/114/1002 2226/56/993 2229/62/993
f 2229/62/993 2226/56/993 2223/59/994
f 2229/107/987 2230/104/987 2228/105/987
f 2229/62/993 2223/59/994 2230/64/994
f 2230/64/994 2231/63/995 2228/65/995
f 2230/64/994 2223/59/994 2231/63/995
f 2231/63/995 2232/72/34 2228/65/995
f 2233/69/988 2231/70/988 2223/61/988
f 2231/63/995 2233/71/34 2232/72/34
f 2218/77/988 2234/78/988 2233/69/988
f 2233/71/34 2234/73/996 2235/74/996
f 2233/71/34 2235/74/996 2232/72/34
f 2218/77/988 2233/69/988 2223/61/988
f 2235/74/996 2218/79/997 2236/117/997
f 2235/74/996 2234/73/996 2218/79/997
f 2235/99/987 2236/97/998 2237/92/987
f 2228/105/987 2235/99/987 2237/92/987
f 2228/105/987 2232/102/987 2235/99/987
f 2228/105/987 2237/92/987 2212/11/987
f 2237/92/987 2240/17/987 2212/11/987
f 2236/117/997 2238/88/999 2237/91/999
f 2238/88/999 2239/90/1000 2237/91/999
f 2237/92/987 2239/93/987 2240/17/987
f 2217/23/990 2214/19/989 2240/21/990
f 2239/90/1000 2217/23/990 2240/21/990
f 2240/17/987 2214/16/987 2212/11/987
f 2239/90/1000 2216/86/1000 2217/23/990
f 2238/88/999 2216/86/1000 2239/90/1000
f 2216/84/988 2238/83/988 2218/77/988
f 2236/117/997 2218/79/997 2238/88/999
f 2220/38/985 2221/44/991 2211/2/985
f 2210/37/1 2220/38/985 2211/2/985
f 2241/3/1 2242/37/1 2244/38/1003
f 2246/25/1004 2242/39/1 2241/9/1
f 2241/3/1 2244/38/1003 2243/2/1005
f 2245/11/1006 2241/4/1006 2243/5/1006
f 2246/25/1004 2241/9/1 2245/7/1004
f 2242/35/1007 2246/30/1007 2247/27/1007
f 2247/24/1008 2246/25/1004 2245/7/1004
f 2251/40/1007 2242/35/1007 2247/27/1007
f 2247/24/1008 2245/7/1004 2250/19/1008
f 2247/27/1007 2249/28/1007 2248/84/1007
f 2247/27/1007 2248/84/1007 2252/77/1007
f 2249/23/1009 2247/24/1008 2250/19/1008
f 2251/40/1007 2247/27/1007 2252/77/1007
f 2252/77/1007 2257/61/1007 2251/40/1007
f 2252/77/1007 2255/78/1007 2253/69/1007
f 2252/77/1007 2253/69/1007 2257/61/1007
f 2254/74/1013 2252/79/1012 2256/117/1012
f 2254/74/1013 2255/73/1013 2252/79/1012
f 2252/79/1012 2258/91/1011 2256/117/1012
f 2252/79/1012 2259/88/1011 2258/91/1011
f 2248/84/1007 2259/83/1007 2252/77/1007
f 2258/91/1011 2259/88/1011 2248/86/1010
f 2260/105/1006 2258/92/1006 2245/11/1006
f 2260/105/1006 2254/99/1006 2258/92/1006
f 2258/91/1011 2248/86/1010 2261/90/1010
f 2258/92/1006 2261/93/1061 2262/17/1006
f 2258/92/1006 2262/17/1006 2245/11/1006
f 2254/99/1006 2256/97/1006 2258/92/1006
f 2249/23/1009 2250/19/1008 2262/21/1009
f 2248/86/1010 2249/23/1009 2262/21/1009
f 2262/17/1006 2250/16/1006 2245/11/1006
f 2248/86/1010 2262/21/1009 2261/90/1010
f 2263/107/1006 2266/104/1006 2260/105/1006
f 2264/109/1006 2263/107/1006 2260/105/1006
f 2245/11/1006 2264/109/1006 2260/105/1006
f 2260/65/1014 2265/63/1014 2253/71/34
f 2266/64/1015 2265/63/1014 2260/65/1014
f 2260/65/1014 2253/71/34 2267/72/34
f 2260/105/1006 2267/102/1006 2254/99/1006
f 2253/71/34 2254/74/1013 2267/72/34
f 2268/56/1016 2257/59/1015 2266/64/1015
f 2266/64/1015 2257/59/1015 2265/63/1014
f 2268/56/1016 2266/64/1015 2263/62/1016
f 2257/61/1007 2268/54/1007 2269/50/1007
f 2269/48/1017 2268/56/1016 2263/62/1016
f 2257/61/1007 2269/50/1007 2251/40/1007
f 2269/50/1007 2270/51/1062 2251/40/1007
f 2270/45/1018 2269/48/1017 2271/114/1017
f 2269/48/1017 2263/62/1016 2271/114/1017
f 2264/109/1006 2271/111/1061 2263/107/1006
f 2270/45/1018 2271/114/1017 2264/46/1018
f 2272/44/1019 2270/45/1018 2264/46/1018
f 2272/44/1019 2251/41/1019 2270/45/1018
f 2243/5/1006 2272/113/1006 2264/109/1006
f 2243/2/1005 2251/41/1019 2272/44/1019
f 2253/69/1007 2265/70/1007 2257/61/1007
f 2245/11/1006 2243/5/1006 2264/109/1006
f 2253/71/34 2255/73/1013 2254/74/1013
f 2251/40/1007 2244/36/1007 2242/35/1007
f 2243/2/1005 2244/38/1003 2251/41/1019
f 2274/37/1 2275/2/1020 2273/3/1
f 2277/25/1021 2274/39/1 2273/9/1
f 2276/11/1022 2273/4/1022 2275/5/1022
f 2277/25/1021 2273/9/1 2276/7/1021
f 2274/35/1023 2277/30/1024 2278/27/1023
f 2279/19/1025 2277/25/1021 2276/7/1021
f 2279/19/1025 2278/24/1025 2277/25/1021
f 2281/17/1022 2279/16/1022 2276/11/1022
f 2280/23/1026 2278/24/1025 2279/19/1025
f 2280/23/1026 2279/19/1025 2281/21/1026
f 2284/86/1030 2280/23/1026 2281/21/1026
f 2282/92/1022 2281/17/1022 2276/11/1022
f 2282/92/1022 2283/93/1022 2281/17/1022
f 2284/86/1030 2281/21/1026 2283/90/1030
f 2278/27/1023 2280/28/1023 2284/84/1023
f 2278/27/1023 2284/84/1023 2285/77/1023
f 2284/84/1023 2286/83/1023 2285/77/1023
f 2286/88/1029 2284/86/1030 2283/90/1030
f 2287/117/1028 2285/79/1028 2286/88/1029
f 2287/117/1028 2286/88/1029 2282/91/1029
f 2286/88/1029 2283/90/1030 2282/91/1029
f 2288/73/1027 2285/79/1028 2287/117/1028
f 2288/73/1027 2287/117/1028 2289/74/1027
f 2289/99/1022 2287/97/1022 2282/92/1022
f 2291/105/1022 2289/99/1022 2282/92/1022
f 2290/71/34 2288/73/1027 2289/74/1027
f 2290/71/34 2289/74/1027 2292/72/34
f 2291/105/1022 2292/102/1022 2289/99/1022
f 2293/63/1033 2290/71/34 2292/72/34
f 2293/63/1033 2292/72/34 2291/65/1033
f 2290/69/1023 2293/70/1024 2294/61/1023
f 2294/59/1032 2293/63/1033 2291/65/1033
f 2294/61/1023 2298/50/1023 2295/40/1023
f 2285/77/1023 2294/61/1023 2295/40/1023
f 2285/77/1023 2290/69/1023 2294/61/1023
f 2294/59/1032 2291/65/1033 2297/64/1032
f 2296/62/1031 2294/59/1032 2297/64/1032
f 2296/62/1031 2299/56/1031 2294/59/1032
f 2294/61/1023 2299/54/1023 2298/50/1023
f 2298/48/1036 2299/56/1031 2296/62/1031
f 2298/50/1023 2300/51/1023 2295/40/1023
f 2300/45/1035 2298/48/1036 2301/114/1036
f 2298/48/1036 2296/62/1031 2301/114/1036
f 2302/109/1022 2301/111/1022 2296/107/1022
f 2300/45/1035 2301/114/1036 2302/46/1035
f 2295/41/1034 2300/45/1035 2302/46/1035
f 2295/41/1034 2302/46/1035 2303/44/1034
f 2275/5/1022 2303/113/1022 2302/109/1022
f 2276/11/1022 2275/5/1022 2302/109/1022
f 2276/11/1022 2302/109/1022 2291/105/1022
f 2302/109/1022 2296/107/1022 2291/105/1022
f 2304/38/1020 2295/41/1034 2303/44/1034
f 2304/38/1020 2303/44/1034 2275/2/1020
f 2274/37/1 2304/38/1020 2275/2/1020
f 2295/40/1023 2304/36/1023 2274/35/1023
f 2296/107/1022 2297/104/1022 2291/105/1022
f 2295/40/1023 2278/27/1023 2285/77/1023
f 2295/40/1023 2274/35/1023 2278/27/1023
f 2291/105/1022 2282/92/1022 2276/11/1022
f 2285/77/1023 2288/78/1024 2290/69/1023
f 2306/37/1 2307/2/1037 2305/3/1
f 2308/7/1039 2306/39/1 2305/9/1
f 2308/11/1038 2305/4/1038 2307/5/1038
f 2308/7/1039 2315/25/1039 2306/39/1
f 2308/11/1038 2307/5/1038 2312/109/1038
f 2309/17/1038 2310/16/1038 2308/11/1038
f 2314/92/1038 2309/17/1038 2308/11/1038
f 2311/24/1041 2308/7/1039 2310/19/1041
f 2311/24/1041 2315/25/1039 2308/7/1039
f 2308/11/1038 2312/109/1038 2313/105/1038
f 2313/105/1038 2314/92/1038 2308/11/1038
f 2306/35/1040 2315/30/1040 2311/27/1040
f 2313/105/1038 2316/99/1038 2314/92/1038
f 2316/99/1038 2317/97/1038 2314/92/1038
f 2317/117/1047 2318/88/1046 2314/91/1046
f 2318/88/1046 2319/90/1044 2314/91/1046
f 2314/92/1038 2319/93/1045 2309/17/1038
f 2319/90/1044 2321/23/1043 2309/21/1043
f 2318/88/1046 2320/86/1044 2319/90/1044
f 2319/90/1044 2320/86/1044 2321/23/1043
f 2321/23/1043 2310/19/1041 2309/21/1043
f 2321/23/1043 2311/24/1041 2310/19/1041
f 2311/27/1040 2321/28/1063 2320/84/1040
f 2320/84/1040 2318/83/1040 2322/77/1040
f 2311/27/1040 2320/84/1040 2322/77/1040
f 2322/77/1040 2324/78/1040 2323/69/1040
f 2322/77/1040 2323/69/1040 2326/61/1040
f 2324/73/1048 2322/79/1047 2317/117/1047
f 2322/77/1040 2326/61/1040 2325/40/1040
f 2325/40/1040 2311/27/1040 2322/77/1040
f 2317/117/1047 2322/79/1047 2318/88/1046
f 2326/59/1051 2331/63/1049 2313/65/1049
f 2326/59/1051 2313/65/1049 2330/64/1051
f 2323/69/1040 2331/70/1040 2326/61/1040
f 2326/61/1040 2327/50/1040 2325/40/1040
f 2326/61/1040 2329/54/1040 2327/50/1040
f 2328/62/1052 2326/59/1051 2330/64/1051
f 2328/62/1052 2329/56/1052 2326/59/1051
f 2313/65/1049 2331/63/1049 2323/71/34
f 2328/107/1038 2330/104/1038 2313/105/1038
f 2327/48/1054 2329/56/1052 2328/62/1052
f 2312/109/1038 2328/107/1038 2313/105/1038
f 2327/48/1054 2328/62/1052 2332/114/1054
f 2312/109/1038 2332/111/1056 2328/107/1038
f 2312/46/1055 2327/48/1054 2332/114/1054
f 2327/50/1040 2333/51/1040 2325/40/1040
f 2312/46/1055 2333/45/1055 2327/48/1054
f 2325/41/1057 2333/45/1055 2312/46/1055
f 2325/40/1040 2334/36/1040 2306/35/1040
f 2325/40/1040 2306/35/1040 2311/27/1040
f 2334/38/1037 2325/41/1057 2335/44/1057
f 2325/41/1057 2312/46/1055 2335/44/1057
f 2334/38/1037 2335/44/1057 2307/2/1037
f 2307/5/1038 2335/113/1038 2312/109/1038
f 2306/37/1 2334/38/1037 2307/2/1037
f 2323/71/34 2324/73/1048 2316/74/1048
f 2324/73/1048 2317/117/1047 2316/74/1048
f 2313/65/1049 2323/71/34 2336/72/34
f 2323/71/34 2316/74/1048 2336/72/34
f 2313/105/1038 2336/102/1038 2316/99/1038
f 2338/37/1 2339/2/1064 2337/3/1
f 2341/25/1065 2338/39/1 2337/9/1
f 2340/11/1066 2337/4/1067 2339/5/1066
f 2341/25/1065 2337/9/1 2340/7/1065
f 2338/35/1068 2341/30/1068 2342/27/1068
f 2342/24/1069 2341/25/1065 2340/7/1065
f 2347/40/1068 2338/35/1068 2342/27/1068
f 2342/24/1069 2340/7/1065 2345/19/1069
f 2342/27/1068 2348/28/1068 2343/84/1068
f 2342/27/1068 2343/84/1068 2346/77/1068
f 2344/21/1070 2342/24/1069 2345/19/1069
f 2344/21/1070 2348/23/1070 2342/24/1069
f 2347/40/1068 2342/27/1068 2346/77/1068
f 2349/90/1071 2343/86/1071 2348/23/1070
f 2349/90/1071 2348/23/1070 2344/21/1070
f 2350/92/1066 2349/93/1066 2344/17/1066
f 2351/88/1072 2349/90/1071 2350/91/1072
f 2351/88/1072 2343/86/1071 2349/90/1071
f 2343/84/1068 2351/83/1068 2346/77/1068
f 2346/79/1073 2351/88/1072 2350/91/1072
f 2352/99/1066 2353/97/1066 2350/92/1066
f 2354/105/1066 2352/99/1066 2350/92/1066
f 2346/79/1073 2350/91/1072 2353/117/1073
f 2350/92/1066 2344/17/1066 2340/11/1066
f 2354/105/1066 2350/92/1066 2340/11/1066
f 2355/59/1074 2357/63/1075 2354/65/1075
f 2355/59/1074 2354/65/1075 2356/64/1074
f 2340/11/1066 2360/109/1066 2354/105/1066
f 2358/107/1066 2356/104/1066 2354/105/1066
f 2357/63/1075 2359/72/34 2354/65/1075
f 2360/109/1066 2358/107/1066 2354/105/1066
f 2354/105/1066 2359/102/1066 2352/99/1066
f 2339/5/1066 2361/113/1066 2360/109/1066
f 2340/11/1066 2339/5/1066 2360/109/1066
f 2347/41/1076 2362/45/1077 2360/46/1077
f 2347/41/1076 2360/46/1077 2361/44/1076
f 2362/45/1077 2363/114/1078 2360/46/1077
f 2360/109/1066 2363/111/1066 2358/107/1066
f 2362/45/1077 2364/48/1078 2363/114/1078
f 2364/48/1078 2358/62/1079 2363/114/1078
f 2355/61/1068 2365/54/1068 2364/50/1068
f 2355/61/1068 2364/50/1068 2347/40/1068
f 2364/48/1078 2365/56/1079 2358/62/1079
f 2364/50/1068 2362/51/1068 2347/40/1068
f 2365/56/1079 2355/59/1074 2356/64/1074
f 2365/56/1079 2356/64/1074 2358/62/1079
f 2339/2/1064 2347/41/1076 2361/44/1076
f 2366/71/34 2352/74/1080 2359/72/34
f 2357/63/1075 2366/71/34 2359/72/34
f 2346/77/1068 2366/69/1068 2355/61/1068
f 2366/69/1068 2357/70/1068 2355/61/1068
f 2346/77/1068 2367/78/1068 2366/69/1068
f 2366/71/34 2367/73/1080 2352/74/1080
f 2367/73/1080 2353/117/1073 2352/74/1080
f 2367/73/1080 2346/79/1073 2353/117/1073
f 2346/77/1068 2355/61/1068 2347/40/1068
f 2347/40/1068 2368/36/1068 2338/35/1068
f 2339/2/1064 2368/38/1064 2347/41/1076
f 2338/37/1 2368/38/1064 2339/2/1064
f 2344/17/1066 2345/16/1066 2340/11/1066
f 2370/37/1 2371/2/1064 2369/3/1
f 2372/7/1065 2370/39/1 2369/9/1
f 2372/11/1066 2369/4/1067 2371/5/1066
f 2372/7/1065 2379/25/1065 2370/39/1
f 2372/11/1066 2371/5/1066 2376/109/1066
f 2373/17/1066 2374/16/1066 2372/11/1066
f 2378/92/1066 2373/17/1066 2372/11/1066
f 2375/24/1069 2372/7/1065 2374/19/1069
f 2375/24/1069 2379/25/1065 2372/7/1065
f 2372/11/1066 2376/109/1066 2377/105/1066
f 2377/105/1066 2378/92/1066 2372/11/1066
f 2370/35/1068 2379/30/1068 2375/27/1068
f 2377/105/1066 2380/99/1066 2378/92/1066
f 2380/99/1066 2384/97/1066 2378/92/1066
f 2381/79/1073 2382/88/1072 2378/91/1072
f 2381/79/1073 2378/91/1072 2384/117/1073
f 2382/88/1072 2383/90/1071 2378/91/1072
f 2378/92/1066 2383/93/1066 2373/17/1066
f 2385/73/1080 2384/117/1073 2380/74/1080
f 2385/73/1080 2381/79/1073 2384/117/1073
f 2386/71/34 2385/73/1080 2380/74/1080
f 2381/77/1068 2385/78/1068 2386/69/1068
f 2386/69/1068 2388/70/1068 2387/61/1068
f 2381/77/1068 2386/69/1068 2387/61/1068
f 2388/63/1075 2386/71/34 2389/72/34
f 2386/71/34 2380/74/1080 2389/72/34
f 2377/105/1066 2389/102/1066 2380/99/1066
f 2388/63/1075 2389/72/34 2377/65/1075
f 2387/59/1074 2388/63/1075 2377/65/1075
f 2387/59/1074 2377/65/1075 2393/64/1074
f 2387/61/1068 2391/50/1068 2390/40/1068
f 2381/77/1068 2387/61/1068 2390/40/1068
f 2387/61/1068 2392/54/1068 2391/50/1068
f 2392/56/1079 2387/59/1074 2393/64/1074
f 2394/107/1066 2393/104/1066 2377/105/1066
f 2392/56/1079 2393/64/1074 2394/62/1079
f 2376/109/1066 2394/107/1066 2377/105/1066
f 2391/48/1078 2394/62/1079 2395/114/1078
f 2376/109/1066 2395/111/1066 2394/107/1066
f 2391/48/1078 2392/56/1079 2394/62/1079
f 2396/45/1077 2395/114/1078 2376/46/1077
f 2396/45/1077 2391/48/1078 2395/114/1078
f 2391/50/1068 2396/51/1068 2390/40/1068
f 2397/44/1076 2390/41/1076 2396/45/1077
f 2397/44/1076 2396/45/1077 2376/46/1077
f 2398/38/1064 2397/44/1076 2371/2/1064
f 2371/5/1066 2397/113/1066 2376/109/1066
f 2398/38/1064 2390/41/1076 2397/44/1076
f 2370/37/1 2398/38/1064 2371/2/1064
f 2390/40/1068 2398/36/1068 2370/35/1068
f 2390/40/1068 2370/35/1068 2375/27/1068
f 2390/40/1068 2375/27/1068 2381/77/1068
f 2383/90/1071 2400/23/1070 2373/21/1070
f 2382/88/1072 2399/86/1071 2383/90/1071
f 2383/90/1071 2399/86/1071 2400/23/1070
f 2375/27/1068 2400/28/1068 2399/84/1068
f 2373/21/1070 2400/23/1070 2375/24/1069
f 2399/84/1068 2382/83/1068 2381/77/1068
f 2375/27/1068 2399/84/1068 2381/77/1068
f 2373/21/1070 2375/24/1069 2374/19/1069
usemtl Azul_Clarito.003
f 85/118/51 84/119/52 83/72/53
f 83/72/53 84/119/52 89/120/54
f 87/121/55 85/118/51 83/72/53
f 87/121/55 83/72/53 86/122/56
f 86/122/56 83/72/53 88/123/57
f 83/72/53 89/120/54 88/123/57
f 84/119/52 92/124/58 89/120/54
f 88/123/57 89/120/54 90/125/59
f 89/120/54 91/126/60 90/125/59
f 89/120/54 92/124/58 91/126/60
f 91/126/60 92/124/58 95/127/61
f 92/124/58 93/128/62 94/129/63
f 84/119/52 93/128/62 92/124/58
f 92/124/58 94/129/63 95/127/61
f 91/126/60 95/127/61 96/130/64
f 94/129/63 98/131/65 95/127/61
f 95/127/61 97/132/66 96/130/64
f 95/127/61 98/131/65 97/132/66
f 94/129/63 100/133/67 98/131/65
f 98/131/65 101/134/68 97/132/66
f 100/133/67 99/135/69 98/131/65
f 98/131/65 99/135/69 101/134/68
f 99/135/69 105/136/70 101/134/68
f 102/137/71 101/134/68 103/138/72
f 102/137/71 97/132/66 101/134/68
f 101/134/68 104/73/73 103/138/72
f 101/134/68 105/136/70 104/73/73
f 99/135/69 106/139/74 105/136/70
f 104/140/73 105/141/70 107/142/75
f 106/143/74 107/142/75 105/141/70
f 107/142/75 109/144/76 108/145/77
f 104/140/73 107/142/75 108/145/77
f 107/142/75 110/146/78 109/144/76
f 107/142/75 112/147/79 110/146/78
f 107/142/75 111/148/80 112/147/79
f 106/143/74 111/148/80 107/142/75
f 112/147/79 113/149/81 110/146/78
f 111/148/80 115/150/82 112/147/79
f 112/147/79 114/151/83 113/149/81
f 115/150/82 114/151/83 112/147/79
f 111/148/80 118/152/84 115/150/82
f 116/153/85 115/150/82 118/152/84
f 116/153/85 117/154/86 115/150/82
f 117/154/86 119/155/87 115/150/82
f 115/150/82 119/155/87 114/151/83
f 119/155/87 120/156/88 114/151/83
f 119/155/87 121/157/89 120/156/88
f 122/158/90 121/157/89 119/155/87
f 117/154/86 122/158/90 119/155/87
f 122/158/90 123/159/91 121/157/89
f 117/154/86 124/160/92 122/158/90
f 124/160/92 123/159/91 122/158/90
f 125/161/93 127/162/94 124/160/92
f 125/161/93 124/160/92 126/163/95
f 117/154/86 126/163/95 124/160/92
f 124/160/92 129/164/96 123/159/91
f 124/160/92 127/162/94 128/165/97
f 124/160/92 128/165/97 129/164/96
f 128/165/97 130/166/98 129/164/96
f 129/164/96 130/166/98 87/121/55
f 129/164/96 87/121/55 123/159/91
f 128/165/97 131/167/99 130/166/98
f 130/166/98 85/118/51 87/121/55
f 130/166/98 132/168/100 85/118/51
f 131/167/99 132/168/100 130/166/98
f 85/118/51 132/168/100 135/169/101
f 131/167/99 133/65/102 132/168/100
f 132/168/100 133/65/102 134/170/103
f 132/168/100 134/170/103 135/169/101
f 135/169/101 136/171/104 137/172/105
f 135/169/101 134/170/103 136/171/104
f 135/169/101 137/172/105 138/173/106
f 135/169/101 138/173/106 139/174/107
f 85/118/51 135/169/101 139/174/107
f 139/174/107 93/128/62 84/119/52
f 85/118/51 139/174/107 84/119/52
f 139/174/107 138/173/106 93/128/62
f 138/173/106 137/172/105 140/175/108
f 138/173/106 94/129/63 93/128/62
f 138/173/106 141/176/109 94/129/63
f 138/173/106 140/175/108 141/176/109
f 140/175/108 142/177/110 141/176/109
f 94/129/63 141/176/109 142/177/110
f 94/129/63 142/177/110 100/133/67
f 142/177/110 145/178/111 100/133/67
f 140/175/108 143/179/112 142/177/110
f 143/179/112 144/180/113 142/177/110
f 142/177/110 144/180/113 145/178/111
f 145/178/111 106/139/74 99/135/69
f 100/133/67 145/178/111 99/135/69
f 144/180/113 146/71/114 145/178/111
f 145/178/111 146/71/114 106/139/74
f 144/180/113 147/181/115 146/71/114
f 147/182/115 118/152/84 146/183/114
f 106/143/74 146/183/114 118/152/84
f 148/184/116 147/181/115 144/180/113
f 148/184/116 149/185/117 147/181/115
f 147/182/115 116/153/85 118/152/84
f 149/186/117 116/153/85 147/182/115
f 149/186/117 150/187/118 151/188/119
f 153/189/120 150/63/118 149/185/117
f 153/189/120 149/185/117 148/184/116
f 149/186/117 151/188/119 152/190/121
f 149/186/117 152/190/121 116/153/85
f 154/191/122 153/189/120 156/192/123
f 154/191/122 155/193/124 153/189/120
f 153/189/120 155/193/124 157/194/125
f 143/179/112 156/192/123 153/189/120
f 143/179/112 153/189/120 148/184/116
f 153/189/120 157/194/125 150/63/118
f 158/195/126 161/196/127 157/194/125
f 158/195/126 157/194/125 155/193/124
f 157/197/125 161/198/127 159/199/128
f 157/197/125 159/199/128 160/200/129
f 157/197/125 151/188/119 150/187/118
f 157/197/125 160/200/129 151/188/119
f 162/201/130 161/196/127 158/195/126
f 162/201/130 163/59/131 161/196/127
f 163/202/131 159/199/128 161/198/127
f 164/203/132 163/59/131 162/201/130
f 164/203/132 165/204/133 163/59/131
f 165/205/133 166/206/134 163/202/131
f 163/202/131 166/206/134 159/199/128
f 166/206/134 167/207/135 170/208/136
f 165/205/133 167/207/135 166/206/134
f 166/206/134 168/209/137 159/199/128
f 166/206/134 169/210/138 168/209/137
f 166/206/134 170/208/136 169/210/138
f 170/208/136 171/211/139 169/210/138
f 170/208/136 172/212/140 171/211/139
f 173/213/141 172/212/140 170/208/136
f 174/214/142 173/213/141 170/208/136
f 174/214/142 170/208/136 167/207/135
f 175/215/143 177/216/144 174/214/142
f 175/215/143 174/214/142 176/217/145
f 176/217/145 174/214/142 167/207/135
f 174/214/142 177/216/144 178/218/146
f 174/214/142 178/218/146 173/213/141
f 179/219/147 178/218/146 177/216/144
f 179/219/147 180/220/148 178/218/146
f 178/218/146 182/221/149 173/213/141
f 180/220/148 181/222/150 178/218/146
f 178/218/146 181/222/150 182/221/149
f 181/222/150 183/223/151 182/221/149
f 172/212/140 182/221/149 183/223/151
f 173/213/141 182/221/149 172/212/140
f 172/212/140 183/223/151 187/224/152
f 184/225/153 185/226/154 183/223/151
f 181/222/150 184/225/153 183/223/151
f 183/223/151 185/226/154 186/227/155
f 183/223/151 186/227/155 187/224/152
f 187/224/152 186/227/155 188/228/156
f 187/224/152 188/228/156 189/229/157
f 171/211/139 187/224/152 189/229/157
f 171/211/139 172/212/140 187/224/152
f 189/229/157 188/228/156 191/230/158
f 171/211/139 189/229/157 190/231/159
f 189/229/157 191/230/158 190/231/159
f 188/228/156 192/232/160 191/230/158
f 193/233/161 191/230/158 192/232/160
f 190/231/159 191/230/158 193/233/161
f 190/231/159 193/233/161 194/234/162
f 128/165/97 194/234/162 193/233/161
f 193/233/161 192/232/160 195/235/163
f 131/167/99 193/233/161 195/235/163
f 128/165/97 193/233/161 131/167/99
f 192/232/160 196/236/164 195/235/163
f 195/235/163 196/236/164 134/170/103
f 131/167/99 195/235/163 133/65/102
f 195/235/163 134/170/103 133/65/102
f 192/232/160 197/237/165 196/236/164
f 196/236/164 197/237/165 198/238/166
f 196/236/164 198/238/166 199/239/167
f 196/236/164 199/239/167 136/171/104
f 196/236/164 136/171/104 134/170/103
f 198/238/166 200/240/168 199/239/167
f 199/239/167 200/240/168 201/241/169
f 199/239/167 201/241/169 136/171/104
f 136/171/104 201/241/169 140/175/108
f 140/175/108 201/241/169 156/192/123
f 200/240/168 156/192/123 201/241/169
f 198/238/166 202/242/170 200/240/168
f 200/240/168 202/242/170 203/243/171
f 200/240/168 203/243/171 154/191/122
f 200/240/168 154/191/122 156/192/123
f 204/244/172 203/243/171 202/242/170
f 204/244/172 205/245/173 203/243/171
f 205/245/173 158/195/126 203/243/171
f 203/243/171 158/195/126 155/193/124
f 203/243/171 155/193/124 154/191/122
f 204/244/172 206/246/174 205/245/173
f 205/245/173 162/201/130 158/195/126
f 206/246/174 162/201/130 205/245/173
f 209/247/175 207/248/176 206/246/174
f 206/246/174 207/248/176 208/249/177
f 206/246/174 208/249/177 164/203/132
f 204/244/172 209/247/175 206/246/174
f 206/246/174 164/203/132 162/201/130
f 210/250/178 209/247/175 204/244/172
f 211/251/179 209/247/175 210/250/178
f 211/251/179 212/252/180 209/247/175
f 209/247/175 212/252/180 207/248/176
f 213/253/181 214/254/182 212/252/180
f 213/253/181 212/252/180 211/251/179
f 214/254/182 207/248/176 212/252/180
f 213/253/181 215/255/183 214/254/182
f 215/255/183 216/256/184 214/254/182
f 214/254/182 216/256/184 207/248/176
f 215/255/183 217/257/185 216/256/184
f 216/256/184 217/257/185 218/258/186
f 216/256/184 218/258/186 219/259/187
f 216/256/184 219/259/187 208/249/177
f 216/256/184 208/249/177 207/248/176
f 218/258/186 175/56/143 219/259/187
f 219/259/187 175/56/143 176/260/145
f 219/259/187 176/260/145 208/249/177
f 218/258/186 220/261/188 222/262/189
f 221/263/190 220/261/188 218/258/186
f 221/263/190 218/258/186 217/257/185
f 218/258/186 222/262/189 223/264/191
f 218/258/186 223/264/191 175/56/143
f 223/265/191 177/216/144 175/215/143
f 223/265/191 179/219/147 177/216/144
f 222/266/189 179/219/147 223/265/191
f 220/261/188 224/48/192 222/262/189
f 224/267/192 225/268/193 222/266/189
f 222/266/189 225/268/193 179/219/147
f 224/267/192 226/269/194 225/268/193
f 225/268/193 226/269/194 227/270/195
f 225/268/193 227/270/195 228/271/196
f 225/268/193 228/271/196 180/220/148
f 225/268/193 180/220/148 179/219/147
f 228/271/196 229/272/197 230/273/198
f 227/270/195 229/272/197 228/271/196
f 228/271/196 230/273/198 180/220/148
f 229/272/197 231/274/199 230/273/198
f 230/273/198 231/274/199 184/225/153
f 180/220/148 230/273/198 181/222/150
f 230/273/198 184/225/153 181/222/150
f 229/272/197 232/275/200 231/274/199
f 231/274/199 232/275/200 233/276/201
f 231/274/199 233/276/201 234/277/202
f 184/225/153 231/274/199 234/277/202
f 233/276/201 235/278/203 234/277/202
f 236/279/204 234/277/202 235/278/203
f 184/225/153 234/277/202 236/279/204
f 236/279/204 235/278/203 237/62/205
f 184/225/153 236/279/204 185/226/154
f 185/226/154 236/279/204 237/62/205
f 235/278/203 240/280/206 237/62/205
f 185/226/154 237/62/205 238/281/207
f 237/62/205 239/282/208 238/281/207
f 237/62/205 240/280/206 239/282/208
f 235/278/203 241/283/209 240/280/206
f 239/282/208 240/280/206 213/253/181
f 241/283/209 213/253/181 240/280/206
f 243/284/210 242/285/211 241/283/209
f 241/283/209 242/285/211 213/253/181
f 235/278/203 243/284/210 241/283/209
f 235/278/203 244/286/212 243/284/210
f 244/286/212 245/287/213 243/284/210
f 245/287/213 246/288/214 243/284/210
f 243/284/210 246/288/214 242/285/211
f 246/288/214 247/289/215 248/290/216
f 245/287/213 247/289/215 246/288/214
f 246/288/214 248/290/216 249/291/217
f 242/285/211 246/288/214 249/291/217
f 242/285/211 249/291/217 215/255/183
f 248/290/216 221/263/190 249/291/217
f 215/255/183 249/291/217 221/263/190
f 247/289/215 250/292/218 248/290/216
f 250/292/218 251/293/219 248/290/216
f 248/290/216 251/293/219 221/263/190
f 250/292/218 252/294/220 251/293/219
f 252/294/220 253/295/221 251/293/219
f 251/293/219 220/261/188 221/263/190
f 251/293/219 253/295/221 220/261/188
f 252/294/220 255/296/222 253/295/221
f 253/295/221 255/296/222 254/297/223
f 253/295/221 254/297/223 224/48/192
f 220/261/188 253/295/221 224/48/192
f 256/298/224 255/296/222 252/294/220
f 256/298/224 257/299/225 255/296/222
f 255/296/222 257/299/225 258/300/226
f 255/296/222 258/300/226 254/297/223
f 259/301/227 261/302/228 258/303/226
f 257/299/225 259/45/227 258/300/226
f 258/303/226 260/304/229 254/305/223
f 258/303/226 261/302/228 260/304/229
f 259/301/227 264/306/230 261/302/228
f 261/302/228 262/307/231 260/304/229
f 261/302/228 263/308/232 262/307/231
f 264/306/230 263/308/232 261/302/228
f 259/301/227 265/309/233 264/306/230
f 265/309/233 266/310/234 264/306/230
f 264/306/230 266/310/234 263/308/232
f 265/309/233 268/311/235 266/310/234
f 263/308/232 266/310/234 267/312/236
f 268/311/235 267/312/236 266/310/234
f 265/309/233 269/313/237 268/311/235
f 269/313/237 270/314/238 268/311/235
f 268/311/235 270/314/238 267/312/236
f 269/313/237 271/315/239 270/314/238
f 270/314/238 271/315/239 273/316/240
f 267/312/236 270/314/238 272/317/241
f 270/314/238 273/316/240 272/317/241
f 271/315/239 274/318/242 273/316/240
f 273/316/240 274/318/242 275/319/243
f 273/316/240 275/319/243 276/320/244
f 272/317/241 273/316/240 276/320/244
f 276/320/244 277/321/245 278/322/246
f 276/320/244 279/323/247 277/321/245
f 272/317/241 276/320/244 278/322/246
f 275/319/243 279/323/247 276/320/244
f 279/323/247 280/324/248 281/325/249
f 279/323/247 282/44/250 280/324/248
f 277/321/245 279/323/247 281/325/249
f 275/319/243 282/44/250 279/323/247
f 283/326/251 282/44/250 275/319/243
f 283/326/251 284/327/252 282/44/250
f 284/327/252 280/324/248 282/44/250
f 285/328/253 286/329/254 284/327/252
f 283/326/251 285/328/253 284/327/252
f 284/327/252 286/329/254 280/324/248
f 286/329/254 289/330/255 280/324/248
f 286/329/254 287/331/256 290/332/257
f 285/328/253 287/331/256 286/329/254
f 286/329/254 290/332/257 288/333/258
f 286/329/254 288/333/258 289/330/255
f 288/333/258 290/332/257 291/334/259
f 290/332/257 292/335/260 291/334/259
f 290/332/257 293/336/261 292/335/260
f 287/331/256 293/336/261 290/332/257
f 287/331/256 294/337/262 293/336/261
f 295/338/263 293/336/261 294/337/262
f 295/338/263 296/339/264 293/336/261
f 296/339/264 292/335/260 293/336/261
f 297/340/265 298/341/266 296/339/264
f 297/340/265 296/339/264 295/338/263
f 298/341/266 299/342/267 296/339/264
f 296/339/264 299/342/267 292/335/260
f 298/341/266 301/343/268 299/342/267
f 292/335/260 299/342/267 300/344/269
f 301/343/268 300/344/269 299/342/267
f 302/345/270 303/346/271 301/343/268
f 302/345/270 301/343/268 298/341/266
f 301/343/268 303/346/271 304/347/272
f 301/343/268 304/347/272 305/348/273
f 301/343/268 305/348/273 300/344/269
f 305/348/273 306/349/274 300/344/269
f 305/348/273 307/350/275 306/349/274
f 304/347/272 307/350/275 305/348/273
f 304/347/272 308/351/276 307/350/275
f 308/351/276 310/352/57 307/350/275
f 307/350/275 309/353/277 306/349/274
f 307/350/275 310/352/57 309/353/277
f 311/354/53 312/355/278 310/356/57
f 308/351/276 311/37/53 310/352/57
f 309/357/277 310/356/57 312/355/278
f 313/358/279 314/359/280 312/355/278
f 311/354/53 313/358/279 312/355/278
f 312/355/278 314/359/280 316/360/281
f 309/357/277 312/355/278 315/361/282
f 312/355/278 316/360/281 315/361/282
f 319/362/283 316/360/281 317/363/284
f 317/363/284 316/360/281 318/364/285
f 314/359/280 318/364/285 316/360/281
f 319/362/283 315/361/282 316/360/281
f 320/365/286 319/362/283 321/366/287
f 320/365/286 315/361/282 319/362/283
f 321/366/287 319/362/283 317/363/284
f 321/366/287 317/363/284 322/367/288
f 325/368/289 321/366/287 322/367/288
f 320/365/286 321/366/287 323/369/290
f 324/370/291 323/369/290 321/366/287
f 324/370/291 321/366/287 325/368/289
f 325/368/289 322/367/288 328/371/292
f 324/370/291 325/368/289 327/372/293
f 325/368/289 328/371/292 326/373/294
f 325/368/289 326/373/294 327/372/293
f 322/367/288 329/374/295 328/371/292
f 326/373/294 328/371/292 329/374/295
f 330/375/296 329/374/295 331/376/297
f 326/373/294 329/374/295 330/375/296
f 322/367/288 332/377/298 329/374/295
f 329/374/295 333/378/299 331/376/297
f 329/374/295 332/377/298 333/378/299
f 334/379/300 333/378/299 332/377/298
f 334/379/300 336/380/301 333/378/299
f 333/378/299 335/381/302 337/382/303
f 333/378/299 336/380/301 335/381/302
f 331/376/297 333/378/299 337/382/303
f 337/382/303 338/2/73 285/328/253
f 337/382/303 335/381/302 338/2/73
f 283/326/251 337/382/303 285/328/253
f 331/376/297 337/382/303 283/326/251
f 338/2/73 287/331/256 285/328/253
f 338/2/73 294/337/262 287/331/256
f 339/383/70 294/337/262 338/2/73
f 335/381/302 339/383/70 338/2/73
f 339/383/70 295/338/263 294/337/262
f 341/384/74 295/338/263 339/383/70
f 340/385/304 341/384/74 339/383/70
f 335/381/302 340/385/304 339/383/70
f 342/386/305 343/3/114 341/384/74
f 340/385/304 342/386/305 341/384/74
f 341/384/74 297/340/265 295/338/263
f 343/3/114 297/340/265 341/384/74
f 342/386/305 346/387/306 343/3/114
f 343/9/114 344/388/115 345/389/307
f 348/390/308 344/388/115 343/9/114
f 343/9/114 345/389/307 347/391/309
f 348/390/308 343/9/114 346/392/306
f 343/3/114 347/393/309 297/340/265
f 349/394/310 350/395/311 348/390/308
f 351/396/312 349/394/310 348/390/308
f 350/395/311 344/388/115 348/390/308
f 351/396/312 348/390/308 346/392/306
f 351/397/312 342/386/305 352/398/313
f 354/399/314 351/397/312 352/398/313
f 351/397/312 346/387/306 342/386/305
f 353/400/315 349/394/310 351/396/312
f 353/400/315 351/396/312 354/401/314
f 357/402/316 354/401/314 355/403/317
f 355/404/317 354/399/314 356/405/318
f 357/402/316 353/400/315 354/401/314
f 354/399/314 352/398/313 356/405/318
f 358/406/319 359/407/320 357/402/316
f 313/408/279 358/406/319 357/402/316
f 359/407/320 353/400/315 357/402/316
f 313/408/279 357/402/316 355/403/317
f 360/409/321 359/407/320 364/410/322
f 360/409/321 361/411/323 359/407/320
f 359/407/320 361/411/323 362/412/324
f 359/407/320 362/412/324 363/413/325
f 359/407/320 363/413/325 353/400/315
f 358/406/319 364/410/322 359/407/320
f 366/414/102 364/410/322 365/415/100
f 365/415/100 364/410/322 358/406/319
f 366/414/102 360/409/321 364/410/322
f 366/414/102 370/416/326 360/409/321
f 367/417/327 366/25/102 365/418/100
f 369/419/328 366/25/102 367/417/327
f 369/419/328 368/420/163 366/25/102
f 366/414/102 368/421/163 370/416/326
f 360/409/321 370/416/326 371/422/329
f 372/423/330 371/422/329 370/416/326
f 368/421/163 372/423/330 370/416/326
f 372/423/330 377/424/331 373/425/332
f 372/423/330 373/425/332 371/422/329
f 375/426/333 372/423/330 374/427/160
f 368/421/163 374/427/160 372/423/330
f 375/426/333 376/428/334 372/423/330
f 372/423/330 376/428/334 377/424/331
f 378/429/335 377/424/331 376/428/334
f 378/429/335 379/430/336 377/424/331
f 379/430/336 380/431/337 377/424/331
f 373/425/332 377/424/331 380/431/337
f 379/430/336 383/432/338 380/431/337
f 373/425/332 380/431/337 382/433/339
f 380/431/337 384/434/340 381/435/341
f 380/431/337 381/435/341 382/433/339
f 383/432/338 384/434/340 380/431/337
f 383/432/338 385/436/342 384/434/340
f 381/435/341 384/434/340 386/437/343
f 385/436/342 386/437/343 384/434/340
f 385/436/342 387/438/344 386/437/343
f 386/437/343 387/438/344 388/439/133
f 386/437/343 388/439/133 389/19/131
f 386/437/343 389/19/131 391/440/127
f 381/435/341 386/437/343 390/441/345
f 386/437/343 391/440/127 390/441/345
f 391/440/127 394/442/346 392/443/347
f 393/444/125 391/440/127 392/443/347
f 390/441/345 391/440/127 393/444/125
f 391/440/127 389/19/131 394/442/346
f 388/439/133 395/445/348 394/442/346
f 388/439/133 394/442/346 389/19/131
f 392/443/347 394/442/346 396/446/349
f 395/445/348 396/446/349 394/442/346
f 395/445/348 397/447/350 396/446/349
f 396/446/349 397/447/350 398/448/351
f 396/446/349 398/448/351 399/449/352
f 400/450/353 396/446/349 399/449/352
f 392/443/347 396/446/349 400/450/353
f 400/450/353 401/451/354 402/452/355
f 400/450/353 399/449/352 401/451/354
f 400/450/353 402/452/355 403/453/356
f 404/454/357 400/450/353 403/453/356
f 404/454/357 392/443/347 400/450/353
f 404/454/357 405/455/358 407/456/359
f 404/454/357 403/453/356 405/455/358
f 393/444/125 392/443/347 404/454/357
f 406/7/118 393/444/125 404/454/357
f 406/7/118 404/454/357 407/456/359
f 407/456/359 405/455/358 408/457/360
f 407/456/359 408/457/360 410/458/361
f 409/459/117 406/7/118 407/456/359
f 409/459/117 407/456/359 410/458/361
f 410/458/361 408/457/360 411/460/362
f 344/388/115 409/459/117 410/458/361
f 344/388/115 410/458/361 345/389/307
f 410/458/361 411/460/362 345/389/307
f 411/460/362 408/457/360 412/461/363
f 411/460/362 412/461/363 413/462/364
f 345/389/307 411/460/362 302/463/270
f 411/460/362 303/464/271 302/463/270
f 411/460/362 413/462/364 303/464/271
f 303/464/271 413/462/364 414/465/365
f 413/462/364 412/461/363 415/466/366
f 413/462/364 415/466/366 414/465/365
f 416/467/367 419/468/368 415/466/366
f 416/467/367 415/466/366 412/461/363
f 415/466/366 417/469/369 414/465/365
f 415/466/366 418/470/370 417/469/369
f 419/468/368 418/470/370 415/466/366
f 416/467/367 420/471/371 419/468/368
f 420/471/371 367/417/327 419/468/368
f 419/468/368 367/417/327 418/470/370
f 401/451/354 422/472/372 420/471/371
f 401/451/354 420/471/371 402/452/355
f 416/467/367 402/452/355 420/471/371
f 420/471/371 369/419/328 367/417/327
f 420/471/371 421/473/373 369/419/328
f 420/471/371 422/472/372 421/473/373
f 399/449/352 422/472/372 401/451/354
f 399/449/352 423/474/374 422/472/372
f 423/474/374 421/473/373 422/472/372
f 423/474/374 425/475/375 424/476/376
f 423/474/374 424/476/376 426/477/377
f 399/449/352 425/475/375 423/474/374
f 423/474/374 426/477/377 421/473/373
f 424/476/376 375/24/333 426/477/377
f 421/473/373 426/477/377 375/24/333
f 427/478/378 425/475/375 398/448/351
f 427/478/378 428/479/379 425/475/375
f 425/475/375 428/479/379 429/480/380
f 425/475/375 429/480/380 424/476/376
f 399/449/352 398/448/351 425/475/375
f 430/481/381 432/482/207 429/480/380
f 428/479/379 430/481/381 429/480/380
f 429/480/380 431/483/382 424/476/376
f 429/480/380 432/482/207 431/483/382
f 430/481/381 433/23/205 432/482/207
f 432/484/207 378/429/335 431/485/382
f 433/486/205 434/487/383 432/484/207
f 432/484/207 434/487/383 378/429/335
f 436/488/384 435/489/385 434/487/383
f 434/487/383 435/489/385 379/430/336
f 433/486/205 436/488/384 434/487/383
f 434/487/383 379/430/336 378/429/335
f 437/490/203 438/491/386 436/488/384
f 437/490/203 436/488/384 433/486/205
f 436/488/384 438/491/386 439/492/387
f 436/488/384 439/492/387 440/493/388
f 436/488/384 440/493/388 435/489/385
f 440/493/388 439/492/387 441/494/389
f 440/493/388 441/494/389 442/495/390
f 435/489/385 440/493/388 442/495/390
f 435/489/385 442/495/390 444/496/391
f 442/495/390 441/494/389 443/497/392
f 442/495/390 443/497/392 446/498/393
f 442/495/390 445/499/394 444/496/391
f 442/495/390 446/498/393 445/499/394
f 446/498/393 448/500/395 445/499/394
f 446/498/393 447/501/396 448/500/395
f 443/497/392 447/501/396 446/498/393
f 448/500/395 447/501/396 449/21/143
f 448/500/395 449/21/143 450/502/145
f 385/436/342 445/499/394 448/500/395
f 385/436/342 448/500/395 387/438/344
f 448/500/395 450/502/145 388/439/133
f 448/500/395 388/439/133 387/438/344
f 450/502/145 451/503/397 395/445/348
f 450/502/145 395/445/348 388/439/133
f 449/21/143 451/503/397 450/502/145
f 449/21/143 452/504/398 451/503/397
f 451/503/397 452/504/398 453/505/399
f 451/503/397 453/505/399 454/506/400
f 451/503/397 454/506/400 397/447/350
f 451/503/397 397/447/350 395/445/348
f 453/505/399 427/478/378 454/506/400
f 454/506/400 427/478/378 398/448/351
f 454/506/400 398/448/351 397/447/350
f 457/507/401 453/505/399 452/504/398
f 453/505/399 455/508/402 427/478/378
f 456/509/403 455/508/402 453/505/399
f 457/507/401 456/509/403 453/505/399
f 459/510/189 457/507/401 458/511/191
f 458/511/191 457/507/401 452/504/398
f 459/510/189 460/512/404 457/507/401
f 460/512/404 456/509/403 457/507/401
f 462/513/405 461/514/406 460/512/404
f 460/512/404 461/514/406 456/509/403
f 459/510/189 462/513/405 460/512/404
f 462/513/405 463/515/407 464/516/408
f 462/513/405 465/517/409 463/515/407
f 462/513/405 464/516/408 461/514/406
f 466/518/223 465/517/409 462/513/405
f 466/518/223 462/513/405 467/90/192
f 459/510/189 467/90/192 462/513/405
f 468/519/410 466/518/223 467/90/192
f 468/519/410 467/90/192 459/510/189
f 468/519/410 473/520/411 466/518/223
f 469/521/412 468/519/410 470/522/413
f 469/521/412 473/520/411 468/519/410
f 471/523/414 470/522/413 468/519/410
f 471/523/414 468/519/410 472/524/415
f 468/519/410 459/510/189 472/524/415
f 474/525/416 473/520/411 469/521/412
f 474/525/416 475/526/417 473/520/411
f 473/520/411 475/526/417 476/527/226
f 473/520/411 476/527/226 466/518/223
f 477/528/418 476/527/226 475/526/417
f 477/528/418 478/91/227 476/527/226
f 476/527/226 480/529/419 465/517/409
f 476/527/226 465/517/409 466/518/223
f 476/527/226 478/91/227 479/530/420
f 476/527/226 479/530/420 480/529/419
f 479/530/420 481/531/421 480/529/419
f 465/517/409 480/529/419 481/531/421
f 479/530/420 483/532/422 481/531/421
f 481/531/421 482/533/423 484/534/424
f 481/531/421 483/532/422 482/533/423
f 465/517/409 481/531/421 463/515/407
f 481/531/421 485/535/425 463/515/407
f 481/531/421 484/534/424 485/535/425
f 485/535/425 486/536/426 488/537/427
f 484/534/424 486/536/426 485/535/425
f 485/535/425 488/537/427 487/538/428
f 463/515/407 485/535/425 487/538/428
f 486/536/426 489/539/429 488/537/427
f 490/540/430 488/537/427 489/539/429
f 487/538/428 488/537/427 490/540/430
f 490/540/430 489/539/429 491/541/431
f 490/540/430 491/541/431 492/542/432
f 490/540/430 492/542/432 494/543/433
f 487/538/428 490/540/430 493/544/434
f 495/545/435 493/544/434 490/540/430
f 495/545/435 490/540/430 494/543/433
f 455/508/402 495/545/435 494/543/433
f 456/509/403 495/545/435 455/508/402
f 461/514/406 495/545/435 456/509/403
f 461/514/406 493/544/434 495/545/435
f 494/543/433 492/542/432 430/481/381
f 494/543/433 430/481/381 496/546/436
f 455/508/402 494/543/433 496/546/436
f 428/479/379 496/546/436 430/481/381
f 455/508/402 496/546/436 428/479/379
f 464/516/408 493/544/434 461/514/406
f 464/516/408 487/538/428 493/544/434
f 491/541/431 437/547/203 492/542/432
f 430/481/381 492/542/432 437/547/203
f 491/541/431 497/548/212 437/547/203
f 489/539/429 497/548/212 491/541/431
f 497/549/212 498/550/437 499/551/438
f 497/549/212 500/552/439 498/550/437
f 497/549/212 499/551/438 438/491/386
f 489/539/429 500/86/439 497/548/212
f 497/549/212 438/491/386 437/490/203
f 501/553/440 502/554/441 500/86/439
f 501/553/440 500/86/439 489/539/429
f 502/555/441 498/550/437 500/552/439
f 501/553/440 504/556/442 502/554/441
f 502/555/441 503/557/443 498/550/437
f 504/558/442 503/557/443 502/555/441
f 507/559/444 505/88/445 504/556/442
f 505/560/445 506/561/446 504/558/442
f 504/558/442 506/561/446 503/557/443
f 501/553/440 507/559/444 504/556/442
f 508/562/447 507/559/444 501/553/440
f 507/559/444 510/563/448 505/88/445
f 509/564/449 507/559/444 508/562/447
f 509/564/449 510/563/448 507/559/444
f 511/565/450 510/563/448 509/564/449
f 511/565/450 512/566/451 510/563/448
f 510/563/448 512/566/451 513/567/245
f 510/563/448 513/567/245 505/88/445
f 514/568/247 516/569/452 513/570/245
f 512/566/451 514/571/247 513/567/245
f 513/570/245 515/572/453 505/560/445
f 513/570/245 516/569/452 515/572/453
f 514/568/247 517/573/454 516/569/452
f 517/573/454 518/574/455 516/569/452
f 516/569/452 519/575/456 515/572/453
f 516/569/452 518/574/455 519/575/456
f 506/561/446 515/572/453 519/575/456
f 518/574/455 521/576/457 519/575/456
f 506/561/446 519/575/456 520/577/458
f 519/575/456 522/578/459 520/577/458
f 519/575/456 521/576/457 522/578/459
f 522/578/459 521/576/457 523/579/460
f 522/578/459 523/579/460 474/525/416
f 522/578/459 474/525/416 469/521/412
f 520/577/458 522/578/459 524/580/461
f 522/578/459 469/521/412 524/580/461
f 525/33/462 524/580/461 469/521/412
f 526/581/463 524/580/461 525/33/462
f 520/577/458 524/580/461 526/581/463
f 526/581/463 525/33/462 527/582/464
f 503/557/443 520/577/458 526/581/463
f 503/557/443 526/581/463 527/582/464
f 528/583/465 527/582/464 525/33/462
f 498/550/437 527/582/464 528/583/465
f 503/557/443 527/582/464 498/550/437
f 528/583/465 525/33/462 529/584/466
f 528/583/465 441/494/389 439/492/387
f 438/491/386 528/583/465 439/492/387
f 498/550/437 528/583/465 499/551/438
f 438/491/386 499/551/438 528/583/465
f 528/583/465 529/584/466 441/494/389
f 525/33/462 471/523/414 529/584/466
f 529/584/466 471/523/414 443/497/392
f 529/584/466 443/497/392 441/494/389
f 525/33/462 469/521/412 470/522/413
f 525/33/462 470/522/413 471/523/414
f 530/585/467 523/579/460 521/576/457
f 530/585/467 531/586/468 523/579/460
f 523/579/460 531/586/468 532/587/469
f 523/579/460 475/526/417 474/525/416
f 523/579/460 477/528/418 475/526/417
f 523/579/460 532/587/469 477/528/418
f 532/587/469 533/588/470 534/589/471
f 531/586/468 533/588/470 532/587/469
f 532/587/469 534/589/471 535/590/472
f 532/587/469 535/590/472 478/91/227
f 532/587/469 478/91/227 477/528/418
f 534/589/471 536/591/473 535/590/472
f 535/590/472 536/591/473 479/530/420
f 535/590/472 479/530/420 478/91/227
f 534/589/471 537/592/474 536/591/473
f 537/592/474 538/593/475 536/591/473
f 536/591/473 538/593/475 483/532/422
f 536/591/473 483/532/422 479/530/420
f 537/592/474 539/594/476 538/593/475
f 538/593/475 539/594/476 540/595/477
f 538/593/475 540/595/477 541/596/478
f 483/532/422 538/593/475 541/596/478
f 483/532/422 541/596/478 482/533/423
f 541/596/478 509/564/449 482/533/423
f 541/596/478 511/565/450 509/564/449
f 540/595/477 511/565/450 541/596/478
f 539/594/476 543/597/479 540/595/477
f 540/595/477 542/598/480 511/565/450
f 543/597/479 542/598/480 540/595/477
f 544/599/481 546/600/482 543/597/479
f 539/594/476 544/599/481 543/597/479
f 543/597/479 545/601/483 542/598/480
f 546/600/482 545/601/483 543/597/479
f 546/600/482 548/602/484 545/601/483
f 550/603/485 547/604/486 546/600/482
f 547/604/486 548/602/484 546/600/482
f 544/599/481 549/605/487 546/600/482
f 550/603/485 546/600/482 549/605/487
f 551/606/488 552/607/489 550/603/485
f 551/606/488 550/603/485 549/605/487
f 553/608/490 550/603/485 552/607/489
f 553/608/490 554/609/491 550/603/485
f 554/609/491 547/604/486 550/603/485
f 91/126/60 555/610/492 554/609/491
f 553/608/490 91/126/60 554/609/491
f 554/609/491 555/610/492 547/604/486
f 91/126/60 96/130/64 555/610/492
f 96/130/64 102/137/71 555/610/492
f 555/610/492 102/137/71 556/611/493
f 555/610/492 556/611/493 547/604/486
f 102/137/71 557/612/494 556/611/493
f 547/604/486 556/611/493 548/602/484
f 556/611/493 557/612/494 558/613/495
f 556/611/493 558/613/495 548/602/484
f 548/602/484 558/613/495 560/614/496
f 557/612/494 559/615/252 558/613/495
f 558/613/495 559/615/252 561/79/250
f 558/613/495 561/79/250 560/614/496
f 561/616/250 559/617/252 562/618/497
f 561/616/250 562/618/497 563/619/498
f 560/614/496 561/79/250 514/571/247
f 514/568/247 561/616/250 563/619/498
f 562/618/497 564/620/499 563/619/498
f 563/619/498 564/620/499 565/621/500
f 514/568/247 563/619/498 517/573/454
f 563/619/498 565/621/500 517/573/454
f 564/620/499 566/622/501 565/621/500
f 517/573/454 565/621/500 518/574/455
f 518/574/455 565/621/500 566/622/501
f 564/620/499 567/623/502 566/622/501
f 567/623/502 568/624/503 566/622/501
f 518/574/455 566/622/501 530/585/467
f 566/622/501 531/586/468 530/585/467
f 566/622/501 568/624/503 531/586/468
f 567/623/502 569/625/504 568/624/503
f 569/625/504 533/588/470 568/624/503
f 531/586/468 568/624/503 533/588/470
f 571/626/505 569/625/504 567/623/502
f 572/627/506 570/628/507 569/625/504
f 569/625/504 570/628/507 533/588/470
f 571/626/505 572/627/506 569/625/504
f 572/627/506 573/629/508 575/630/509
f 572/627/506 574/631/510 573/629/508
f 571/626/505 574/631/510 572/627/506
f 572/627/506 575/630/509 570/628/507
f 575/630/509 576/632/290 578/633/291
f 575/630/509 573/629/508 576/632/290
f 575/630/509 577/117/511 570/628/507
f 575/630/509 578/633/291 577/117/511
f 577/117/511 578/633/291 551/606/488
f 576/632/290 551/606/488 578/633/291
f 533/588/470 570/628/507 577/117/511
f 577/117/511 551/606/488 579/634/512
f 577/117/511 579/634/512 537/592/474
f 533/588/470 577/117/511 534/589/471
f 577/117/511 537/592/474 534/589/471
f 551/606/488 544/599/481 579/634/512
f 579/634/512 544/599/481 539/594/476
f 579/634/512 539/594/476 537/592/474
f 576/632/290 580/74/286 553/608/490
f 581/635/513 580/74/286 576/632/290
f 581/635/513 576/632/290 573/629/508
f 576/632/290 552/607/489 551/606/488
f 576/632/290 553/608/490 552/607/489
f 583/636/514 580/74/286 581/635/513
f 582/637/515 581/635/513 573/629/508
f 582/637/515 583/636/514 581/635/513
f 582/637/515 584/638/516 583/636/514
f 584/638/516 585/639/517 583/636/514
f 583/636/514 88/123/57 586/640/277
f 583/636/514 585/639/517 88/123/57
f 583/636/514 586/640/277 580/74/286
f 88/123/57 90/125/59 586/640/277
f 586/640/277 90/125/59 553/608/490
f 586/640/277 553/608/490 580/74/286
f 584/638/516 120/156/88 585/639/517
f 86/122/56 88/123/57 585/639/517
f 120/156/88 86/122/56 585/639/517
f 114/151/83 120/156/88 584/638/516
f 114/151/83 584/638/516 113/149/81
f 113/149/81 584/638/516 582/637/515
f 587/641/518 582/637/515 574/631/510
f 587/641/518 588/642/519 582/637/515
f 582/637/515 573/629/508 574/631/510
f 113/149/81 582/637/515 588/642/519
f 110/146/78 588/642/519 109/144/76
f 109/144/76 588/642/519 587/641/518
f 110/146/78 113/149/81 588/642/519
f 109/144/76 587/641/518 589/643/520
f 571/626/505 587/641/518 574/631/510
f 590/644/521 589/643/520 587/641/518
f 590/644/521 587/641/518 571/626/505
f 562/618/497 590/644/521 564/620/499
f 562/618/497 589/643/520 590/644/521
f 590/644/521 567/623/502 564/620/499
f 590/644/521 571/626/505 567/623/502
f 108/145/77 109/144/76 589/643/520
f 108/145/77 589/643/520 591/645/522
f 562/618/497 591/645/522 589/643/520
f 104/140/73 108/145/77 591/645/522
f 104/140/73 591/645/522 592/646/253
f 592/646/253 591/645/522 562/618/497
f 103/138/72 592/647/253 557/612/494
f 557/612/494 592/647/253 559/615/252
f 592/646/253 562/618/497 559/617/252
f 103/138/72 104/73/73 592/647/253
f 542/598/480 560/614/496 593/648/523
f 542/598/480 545/601/483 560/614/496
f 548/602/484 560/614/496 545/601/483
f 560/614/496 514/571/247 593/648/523
f 511/565/450 542/598/480 593/648/523
f 512/566/451 593/648/523 514/571/247
f 511/565/450 593/648/523 512/566/451
f 102/137/71 103/138/72 557/612/494
f 553/608/490 90/125/59 91/126/60
f 551/606/488 549/605/487 544/599/481
f 518/574/455 530/585/467 521/576/457
f 503/557/443 506/561/446 520/577/458
f 505/560/445 515/572/453 506/561/446
f 482/533/423 509/564/449 508/562/447
f 508/562/447 501/553/440 486/536/426
f 482/533/423 508/562/447 484/534/424
f 484/534/424 508/562/447 486/536/426
f 486/536/426 501/553/440 489/539/429
f 463/515/407 487/538/428 464/516/408
f 471/523/414 472/524/415 594/649/524
f 472/524/415 458/511/191 594/649/524
f 472/524/415 459/510/189 458/511/191
f 471/523/414 594/649/524 443/497/392
f 443/497/392 594/649/524 447/501/396
f 447/501/396 594/649/524 458/511/191
f 447/501/396 458/511/191 449/21/143
f 458/511/191 452/504/398 449/21/143
f 455/508/402 428/479/379 427/478/378
f 383/432/338 444/496/391 445/499/394
f 383/432/338 445/499/394 385/436/342
f 435/489/385 444/496/391 383/432/338
f 430/481/381 437/547/203 433/23/205
f 435/489/385 383/432/338 379/430/336
f 424/476/376 431/483/382 375/24/333
f 375/426/333 431/485/382 378/429/335
f 421/473/373 368/420/163 369/419/328
f 421/473/373 374/650/160 368/420/163
f 421/473/373 375/24/333 374/650/160
f 418/470/370 365/418/100 595/651/51
f 418/470/370 595/651/51 417/469/369
f 367/417/327 365/418/100 418/470/370
f 311/652/53 595/653/51 358/406/319
f 308/654/276 595/651/51 311/39/53
f 365/415/100 358/406/319 595/653/51
f 308/654/276 417/469/369 595/651/51
f 414/465/365 417/469/369 308/654/276
f 408/457/360 416/467/367 412/461/363
f 408/457/360 405/455/358 416/467/367
f 403/453/356 416/467/367 405/455/358
f 403/453/356 402/452/355 416/467/367
f 303/464/271 414/465/365 304/655/272
f 414/465/365 308/654/276 304/655/272
f 596/656/525 406/7/118 409/459/117
f 596/656/525 409/459/117 350/395/311
f 350/395/311 409/459/117 344/388/115
f 598/657/526 597/658/527 596/656/525
f 597/658/527 406/7/118 596/656/525
f 598/657/526 596/656/525 350/395/311
f 598/657/526 350/395/311 599/659/528
f 362/412/324 598/657/526 599/659/528
f 601/660/529 600/661/530 598/657/526
f 598/657/526 600/661/530 597/658/527
f 601/660/529 598/657/526 362/412/324
f 601/660/529 381/435/341 600/661/530
f 601/660/529 382/433/339 381/435/341
f 371/422/329 601/660/529 362/412/324
f 373/425/332 601/660/529 371/422/329
f 373/425/332 382/433/339 601/660/529
f 381/435/341 597/658/527 600/661/530
f 363/413/325 599/659/528 349/394/310
f 349/394/310 599/659/528 350/395/311
f 362/412/324 599/659/528 363/413/325
f 381/435/341 390/441/345 597/658/527
f 390/441/345 393/444/125 597/658/527
f 597/658/527 393/444/125 406/7/118
f 375/426/333 378/429/335 376/428/334
f 371/422/329 362/412/324 361/411/323
f 360/409/321 371/422/329 361/411/323
f 363/413/325 349/394/310 353/400/315
f 311/652/53 358/406/319 313/408/279
f 314/359/280 356/405/318 318/364/285
f 355/404/317 356/405/318 314/359/280
f 356/405/318 602/662/531 318/364/285
f 356/405/318 352/398/313 602/662/531
f 602/662/531 352/398/313 342/386/305
f 602/662/531 342/386/305 340/385/304
f 602/662/531 340/385/304 335/381/302
f 602/662/531 335/381/302 336/380/301
f 318/364/285 602/662/531 336/380/301
f 313/358/279 355/404/317 314/359/280
f 297/340/265 347/393/309 302/345/270
f 345/389/307 302/463/270 347/391/309
f 318/364/285 336/380/301 334/379/300
f 317/363/284 318/364/285 334/379/300
f 322/367/288 317/363/284 334/379/300
f 322/367/288 334/379/300 332/377/298
f 274/318/242 331/376/297 283/326/251
f 330/375/296 331/376/297 274/318/242
f 271/315/239 330/375/296 274/318/242
f 326/373/294 330/375/296 271/315/239
f 603/663/532 327/372/293 326/373/294
f 604/664/471 327/372/293 603/663/532
f 604/664/471 605/665/511 327/372/293
f 324/370/291 327/372/293 605/665/511
f 606/666/533 324/667/291 605/41/511
f 606/666/533 605/41/511 607/668/534
f 607/668/534 605/41/511 604/669/471
f 608/670/535 606/666/533 607/668/534
f 608/670/535 607/668/534 610/671/536
f 610/671/536 607/668/534 609/672/537
f 607/668/534 604/669/471 609/672/537
f 611/673/538 608/670/535 610/671/536
f 613/674/539 611/673/538 610/671/536
f 610/671/536 609/672/537 612/675/540
f 613/674/539 610/671/536 612/675/540
f 289/330/255 613/674/539 615/676/541
f 289/330/255 611/673/538 613/674/539
f 615/676/541 613/674/539 614/677/542
f 614/677/542 613/674/539 612/675/540
f 280/324/248 289/330/255 615/676/541
f 280/324/248 615/676/541 281/325/249
f 615/676/541 614/677/542 616/678/543
f 281/325/249 615/676/541 616/678/543
f 616/678/543 614/677/542 619/679/544
f 281/325/249 616/678/543 617/680/545
f 617/680/545 616/678/543 618/681/546
f 616/678/543 619/679/544 618/681/546
f 619/679/544 256/298/224 620/682/547
f 621/683/548 619/679/544 620/682/547
f 619/679/544 614/677/542 623/684/549
f 621/683/548 618/681/546 619/679/544
f 619/679/544 622/685/550 256/298/224
f 619/679/544 623/684/549 622/685/550
f 614/677/542 612/675/540 623/684/549
f 612/675/540 624/686/551 623/684/549
f 623/684/549 624/686/551 625/687/552
f 623/684/549 625/687/552 622/685/550
f 625/687/552 624/686/551 626/688/472
f 625/687/552 626/688/472 259/45/227
f 257/299/225 625/687/552 259/45/227
f 622/685/550 625/687/552 257/299/225
f 609/672/537 604/669/471 626/688/472
f 609/672/537 626/688/472 624/686/551
f 259/301/227 626/689/472 265/309/233
f 626/689/472 603/663/532 265/309/233
f 626/689/472 604/664/471 603/663/532
f 612/675/540 609/672/537 624/686/551
f 622/685/550 257/299/225 256/298/224
f 629/690/553 621/683/548 620/682/547
f 627/691/554 621/683/548 629/690/553
f 628/692/555 621/683/548 627/691/554
f 628/692/555 618/681/546 621/683/548
f 627/691/554 629/690/553 630/693/556
f 630/693/556 629/690/553 247/289/215
f 629/690/553 620/682/547 250/292/218
f 247/289/215 629/690/553 250/292/218
f 633/694/442 627/691/554 630/693/556
f 630/693/556 247/289/215 245/287/213
f 631/114/439 632/695/441 630/693/556
f 631/114/439 630/693/556 245/287/213
f 633/694/442 630/693/556 632/695/441
f 634/696/557 633/694/442 632/695/441
f 634/696/557 635/46/445 633/694/442
f 635/46/445 627/691/554 633/694/442
f 277/321/245 628/692/555 635/46/445
f 636/697/558 277/321/245 635/46/445
f 634/696/557 636/697/558 635/46/445
f 635/46/445 628/692/555 627/691/554
f 636/697/558 278/322/246 277/321/245
f 637/698/559 636/697/558 634/696/557
f 637/698/559 638/699/560 636/697/558
f 638/699/560 278/322/246 636/697/558
f 267/312/236 638/699/560 637/698/559
f 638/699/560 272/317/241 278/322/246
f 267/312/236 272/317/241 638/699/560
f 639/700/561 637/698/559 640/701/562
f 267/312/236 637/698/559 639/700/561
f 640/701/562 637/698/559 634/696/557
f 640/701/562 634/696/557 641/702/563
f 643/703/564 640/701/562 641/702/563
f 639/700/561 640/701/562 642/704/565
f 642/704/565 640/701/562 643/703/564
f 642/704/565 643/703/564 644/13/566
f 644/13/566 643/703/564 232/275/200
f 232/275/200 643/703/564 645/705/567
f 643/703/564 641/702/563 645/705/567
f 232/275/200 645/705/567 233/276/201
f 645/705/567 244/286/212 233/276/201
f 645/705/567 631/114/439 244/286/212
f 641/702/563 631/114/439 645/705/567
f 644/13/566 232/275/200 229/272/197
f 227/270/195 644/13/566 229/272/197
f 262/307/231 642/704/565 644/13/566
f 262/307/231 644/13/566 227/270/195
f 262/307/231 639/700/561 642/704/565
f 634/696/557 632/695/441 641/702/563
f 641/702/563 632/695/441 631/114/439
f 262/307/231 263/308/232 639/700/561
f 263/308/232 267/312/236 639/700/561
f 244/286/212 631/114/439 245/287/213
f 277/321/245 617/680/545 628/692/555
f 617/680/545 618/681/546 628/692/555
f 620/682/547 256/298/224 252/294/220
f 620/682/547 252/294/220 250/292/218
f 277/321/245 281/325/249 617/680/545
f 289/330/255 646/706/568 611/673/538
f 611/673/538 646/706/568 608/670/535
f 289/330/255 288/333/258 646/706/568
f 291/334/259 608/670/535 646/706/568
f 288/333/258 291/334/259 646/706/568
f 647/707/569 606/666/533 608/670/535
f 291/334/259 647/707/569 608/670/535
f 647/707/569 650/708/570 648/709/571
f 647/707/569 648/709/571 606/666/533
f 292/335/260 647/707/569 291/334/259
f 292/335/260 649/710/572 647/707/569
f 647/707/569 649/710/572 650/708/570
f 300/344/269 650/708/570 649/710/572
f 300/344/269 306/349/274 650/708/570
f 306/349/274 320/38/286 650/708/570
f 650/708/570 320/38/286 323/711/290
f 650/708/570 323/711/290 648/709/571
f 292/335/260 300/344/269 649/710/572
f 648/709/571 324/667/291 606/666/533
f 648/709/571 323/711/290 324/667/291
f 265/309/233 603/663/532 269/313/237
f 603/663/532 326/373/294 269/313/237
f 326/373/294 271/315/239 269/313/237
f 306/349/274 309/353/277 320/38/286
f 320/365/286 309/357/277 315/361/282
f 297/340/265 302/345/270 298/341/266
f 274/318/242 283/326/251 275/319/243
f 260/304/229 262/307/231 227/270/195
f 254/305/223 260/304/229 226/269/194
f 260/304/229 227/270/195 226/269/194
f 254/305/223 226/269/194 224/267/192
f 233/276/201 244/286/212 235/278/203
f 213/253/181 242/285/211 215/255/183
f 238/281/207 239/282/208 651/712/573
f 239/282/208 213/253/181 211/251/179
f 651/712/573 239/282/208 211/251/179
f 651/712/573 211/251/179 210/250/178
f 652/713/574 651/712/573 210/250/178
f 653/714/382 651/712/573 652/713/574
f 238/281/207 651/712/573 653/714/382
f 653/714/382 652/713/574 654/64/333
f 186/227/155 238/281/207 653/714/382
f 186/227/155 653/714/382 654/64/333
f 192/232/160 654/64/333 652/713/574
f 188/228/156 654/64/333 192/232/160
f 186/227/155 654/64/333 188/228/156
f 652/713/574 210/250/178 655/715/575
f 197/237/165 652/713/574 655/715/575
f 192/232/160 652/713/574 197/237/165
f 655/715/575 204/244/172 202/242/170
f 210/250/178 204/244/172 655/715/575
f 197/237/165 655/715/575 198/238/166
f 655/715/575 202/242/170 198/238/166
f 186/227/155 185/226/154 238/281/207
f 215/255/183 221/263/190 217/257/185
f 164/203/132 208/249/177 176/260/145
f 127/162/94 656/716/576 194/234/162
f 656/716/576 190/231/159 194/234/162
f 127/162/94 194/234/162 128/165/97
f 656/716/576 657/717/577 190/231/159
f 658/718/578 657/717/577 656/716/576
f 125/161/93 658/718/578 656/716/576
f 125/161/93 656/716/576 127/162/94
f 159/199/128 168/209/137 658/718/578
f 658/718/578 168/209/137 657/717/577
f 159/199/128 658/718/578 160/200/129
f 160/200/129 658/718/578 125/161/93
f 169/210/138 657/717/577 168/209/137
f 169/210/138 171/211/139 657/717/577
f 171/211/139 190/231/159 657/717/577
f 176/217/145 167/207/135 165/205/133
f 164/203/132 176/260/145 165/204/133
f 160/200/129 125/161/93 151/188/119
f 140/175/108 156/192/123 143/179/112
f 151/188/119 126/163/95 152/190/121
f 152/190/121 117/154/86 116/153/85
f 152/190/121 126/163/95 117/154/86
f 151/188/119 125/161/93 126/163/95
f 143/179/112 148/184/116 144/180/113
f 136/171/104 140/175/108 137/172/105
f 121/157/89 123/159/91 87/121/55
f 120/156/88 121/157/89 86/122/56
f 121/157/89 87/121/55 86/122/56
f 106/143/74 118/152/84 111/148/80
f 96/130/64 97/132/66 102/137/71
f 2465/72/53 2469/174/107 2466/119/52
f 2465/72/53 2466/119/52 2471/120/54
f 2472/121/55 2465/72/53 2467/122/56
f 2467/122/56 2465/72/53 2470/123/57
f 2465/72/53 2468/118/51 2469/174/107
f 2472/121/55 2468/118/51 2465/72/53
f 2465/72/53 2471/120/54 2470/123/57
f 2473/157/89 2472/121/55 2467/122/56
f 2476/166/98 2468/118/51 2472/121/55
f 2473/157/89 2474/159/91 2472/121/55
f 2475/164/96 2472/121/55 2474/159/91
f 2475/164/96 2476/166/98 2472/121/55
f 2478/165/97 2476/166/98 2475/164/96
f 2476/166/98 2477/168/100 2468/118/51
f 2479/167/99 2477/168/100 2476/166/98
f 2478/165/97 2479/167/99 2476/166/98
f 2479/167/99 2480/65/102 2477/168/100
f 2478/165/97 2481/233/161 2479/167/99
f 2481/233/161 2480/65/102 2479/167/99
f 2485/230/158 2482/235/163 2481/233/161
f 2481/233/161 2482/235/163 2480/65/102
f 2484/231/159 2481/233/161 2483/234/162
f 2478/165/97 2483/234/162 2481/233/161
f 2484/231/159 2485/230/158 2481/233/161
f 2485/230/158 2486/232/160 2482/235/163
f 2484/231/159 2488/228/156 2485/230/158
f 2485/230/158 2487/64/333 2486/232/160
f 2485/230/158 2488/228/156 2487/64/333
f 2484/231/159 2489/229/157 2488/228/156
f 2491/227/155 2487/64/333 2488/228/156
f 2490/224/152 2488/228/156 2489/229/157
f 2490/224/152 2491/227/155 2488/228/156
f 2493/223/151 2491/227/155 2490/224/152
f 2494/226/154 2492/714/382 2491/227/155
f 2491/227/155 2492/714/382 2487/64/333
f 2493/223/151 2494/226/154 2491/227/155
f 2494/226/154 2495/281/207 2492/714/382
f 2493/223/151 2496/279/1081 2494/226/154
f 2496/279/1081 2495/281/207 2494/226/154
f 2493/223/151 2498/225/153 2496/279/1081
f 2496/279/1081 2497/62/205 2495/281/207
f 2496/279/1081 2499/278/203 2497/62/205
f 2498/225/153 2500/277/202 2496/279/1081
f 2496/279/1081 2500/277/202 2499/278/203
f 2498/225/153 2501/274/199 2500/277/202
f 2500/277/202 2502/286/212 2499/278/203
f 2504/275/200 2500/277/202 2501/274/199
f 2500/277/202 2503/276/201 2502/286/212
f 2504/275/200 2503/276/201 2500/277/202
f 2506/272/197 2504/275/200 2501/274/199
f 2505/703/564 2503/276/201 2504/275/200
f 2506/272/197 2505/703/564 2504/275/200
f 2506/272/197 2510/13/566 2505/703/564
f 2508/271/196 2506/272/197 2507/273/198
f 2506/272/197 2501/274/199 2507/273/198
f 2509/270/195 2506/272/197 2508/271/196
f 2509/270/195 2510/13/566 2506/272/197
f 2511/704/565 2505/703/564 2510/13/566
f 2509/270/195 2511/704/565 2510/13/566
f 2511/704/565 2512/701/562 2505/703/564
f 2515/700/561 2512/701/562 2511/704/565
f 2509/270/195 2513/307/231 2511/704/565
f 2514/308/232 2511/704/565 2513/307/231
f 2514/308/232 2515/700/561 2511/704/565
f 2516/310/234 2518/312/236 2515/700/561
f 2516/310/234 2515/700/561 2514/308/232
f 2518/312/236 2517/698/559 2515/700/561
f 2515/700/561 2517/698/559 2512/701/562
f 2516/310/234 2519/314/238 2518/312/236
f 2518/312/236 2520/699/560 2517/698/559
f 2519/314/238 2520/699/560 2518/312/236
f 2517/698/559 2520/699/560 2521/697/558
f 2519/314/238 2522/317/241 2520/699/560
f 2520/699/560 2523/322/246 2521/697/558
f 2520/699/560 2522/317/241 2523/322/246
f 2523/322/246 2527/46/445 2521/697/558
f 2525/316/240 2523/322/246 2522/317/241
f 2526/320/244 2524/321/245 2523/322/246
f 2523/322/246 2524/321/245 2527/46/445
f 2525/316/240 2526/320/244 2523/322/246
f 2527/46/445 2530/692/555 2528/691/554
f 2527/46/445 2528/691/554 2532/694/442
f 2527/46/445 2524/321/245 2531/680/545
f 2529/696/557 2521/697/558 2527/46/445
f 2529/696/557 2527/46/445 2532/694/442
f 2527/46/445 2531/680/545 2530/692/555
f 2533/695/441 2532/694/442 2528/691/554
f 2529/696/557 2532/694/442 2533/695/441
f 2534/705/567 2536/702/563 2533/695/441
f 2534/705/567 2533/695/441 2535/114/439
f 2533/695/441 2537/287/213 2535/114/439
f 2529/696/557 2533/695/441 2536/702/563
f 2533/695/441 2538/693/556 2537/287/213
f 2533/695/441 2528/691/554 2538/693/556
f 2538/693/556 2528/691/554 2540/683/548
f 2538/693/556 2540/683/548 2539/690/553
f 2537/287/213 2538/693/556 2539/690/553
f 2528/691/554 2542/681/546 2540/683/548
f 2539/690/553 2540/683/548 2541/682/547
f 2540/683/548 2543/679/544 2541/682/547
f 2540/683/548 2542/681/546 2543/679/544
f 2543/679/544 2544/298/224 2541/682/547
f 2545/678/543 2543/679/544 2542/681/546
f 2543/679/544 2547/685/550 2544/298/224
f 2545/678/543 2546/677/542 2543/679/544
f 2546/677/542 2547/685/550 2543/679/544
f 2544/298/224 2547/685/550 2548/687/552
f 2546/677/542 2549/684/549 2547/685/550
f 2547/685/550 2550/686/551 2548/687/552
f 2547/685/550 2549/684/549 2550/686/551
f 2548/687/552 2550/686/551 2551/688/472
f 2552/675/540 2550/686/551 2549/684/549
f 2550/686/551 2554/669/471 2551/688/472
f 2552/675/540 2553/672/537 2550/686/551
f 2550/686/551 2553/672/537 2554/669/471
f 2553/672/537 2556/41/511 2554/669/471
f 2554/664/471 2557/372/293 2555/663/532
f 2554/664/471 2555/663/532 2558/309/233
f 2554/664/471 2556/665/511 2557/372/293
f 2554/664/471 2558/309/233 2551/689/472
f 2558/309/233 2555/663/532 2561/313/237
f 2558/309/233 2516/310/234 2559/306/230
f 2551/689/472 2558/309/233 2559/306/230
f 2558/309/233 2560/311/235 2516/310/234
f 2558/309/233 2561/313/237 2560/311/235
f 2561/313/237 2519/314/238 2560/311/235
f 2561/313/237 2562/315/239 2519/314/238
f 2563/373/294 2562/315/239 2561/313/237
f 2557/372/293 2563/373/294 2561/313/237
f 2557/372/293 2561/313/237 2555/663/532
f 2563/373/294 2565/375/296 2562/315/239
f 2566/368/289 2564/371/292 2563/373/294
f 2564/371/292 2565/375/296 2563/373/294
f 2566/368/289 2563/373/294 2557/372/293
f 2568/370/291 2566/368/289 2557/372/293
f 2567/369/290 2569/366/287 2566/368/289
f 2567/369/290 2566/368/289 2568/370/291
f 2569/366/287 2564/371/292 2566/368/289
f 2569/366/287 2570/367/288 2564/371/292
f 2569/366/287 2572/363/284 2570/367/288
f 2569/366/287 2571/362/283 2572/363/284
f 2573/365/286 2571/362/283 2569/366/287
f 2573/365/286 2569/366/287 2567/369/290
f 2573/365/286 2578/361/282 2571/362/283
f 2575/349/274 2573/38/286 2574/708/570
f 2576/709/571 2574/708/570 2573/38/286
f 2575/349/274 2577/353/277 2573/38/286
f 2576/709/571 2573/38/286 2567/711/290
f 2573/365/286 2577/357/277 2578/361/282
f 2578/361/282 2579/360/281 2572/363/284
f 2580/355/278 2579/360/281 2578/361/282
f 2577/357/277 2580/355/278 2578/361/282
f 2578/361/282 2572/363/284 2571/362/283
f 2581/354/53 2583/358/279 2580/355/278
f 2581/354/53 2580/355/278 2582/356/57
f 2580/355/278 2584/359/280 2579/360/281
f 2577/357/277 2582/356/57 2580/355/278
f 2583/358/279 2584/359/280 2580/355/278
f 2579/360/281 2584/359/280 2585/405/318
f 2586/404/317 2585/405/318 2584/359/280
f 2583/358/279 2586/404/317 2584/359/280
f 2586/404/317 2587/399/314 2585/405/318
f 2583/408/279 2588/402/316 2586/403/317
f 2588/402/316 2587/401/314 2586/403/317
f 2588/402/316 2590/400/315 2587/401/314
f 2589/410/322 2588/402/316 2592/406/319
f 2589/410/322 2591/407/320 2588/402/316
f 2583/408/279 2592/406/319 2588/402/316
f 2591/407/320 2590/400/315 2588/402/316
f 2593/415/100 2589/410/322 2592/406/319
f 2593/415/100 2592/406/319 2594/653/51
f 2594/653/51 2592/406/319 2583/408/279
f 2595/470/370 2593/418/100 2594/651/51
f 2595/470/370 2594/651/51 2596/469/369
f 2596/469/369 2594/651/51 2581/39/53
f 2594/653/51 2583/408/279 2581/652/53
f 2597/466/366 2595/470/370 2596/469/369
f 2597/466/366 2596/469/369 2598/465/365
f 2598/465/365 2596/469/369 2599/654/276
f 2596/469/369 2581/39/53 2599/654/276
f 2601/347/272 2599/351/276 2600/350/275
f 2600/350/275 2599/351/276 2581/37/53
f 2598/465/365 2599/654/276 2601/655/272
f 2604/462/364 2601/655/272 2602/464/271
f 2603/343/268 2602/346/271 2601/347/272
f 2601/347/272 2600/350/275 2605/348/273
f 2603/343/268 2601/347/272 2605/348/273
f 2604/462/364 2598/465/365 2601/655/272
f 2606/344/269 2605/348/273 2600/350/275
f 2603/343/268 2605/348/273 2606/344/269
f 2603/343/268 2606/344/269 2607/342/267
f 2608/335/260 2607/342/267 2606/344/269
f 2606/344/269 2600/350/275 2575/349/274
f 2609/710/572 2606/344/269 2575/349/274
f 2608/335/260 2606/344/269 2609/710/572
f 2609/710/572 2574/708/570 2576/709/571
f 2609/710/572 2575/349/274 2574/708/570
f 2609/710/572 2576/709/571 2610/707/569
f 2608/335/260 2609/710/572 2610/707/569
f 2608/335/260 2610/707/569 2611/334/259
f 2613/706/568 2611/334/259 2610/707/569
f 2613/706/568 2610/707/569 2612/670/535
f 2610/707/569 2614/666/533 2612/670/535
f 2610/707/569 2576/709/571 2614/666/533
f 2576/709/571 2568/667/291 2614/666/533
f 2615/668/534 2614/666/533 2568/667/291
f 2616/671/536 2614/666/533 2615/668/534
f 2616/671/536 2612/670/535 2614/666/533
f 2616/671/536 2553/672/537 2552/675/540
f 2617/673/538 2616/671/536 2552/675/540
f 2616/671/536 2615/668/534 2553/672/537
f 2617/673/538 2612/670/535 2616/671/536
f 2618/676/541 2617/673/538 2619/674/539
f 2618/676/541 2620/330/255 2617/673/538
f 2617/673/538 2552/675/540 2619/674/539
f 2617/673/538 2613/706/568 2612/670/535
f 2621/333/258 2613/706/568 2617/673/538
f 2621/333/258 2617/673/538 2620/330/255
f 2622/329/254 2621/333/258 2620/330/255
f 2622/329/254 2623/332/257 2621/333/258
f 2621/333/258 2623/332/257 2611/334/259
f 2621/333/258 2611/334/259 2613/706/568
f 2626/337/262 2623/332/257 2624/331/256
f 2622/329/254 2624/331/256 2623/332/257
f 2625/336/261 2611/334/259 2623/332/257
f 2626/337/262 2625/336/261 2623/332/257
f 2627/2/73 2626/337/262 2624/331/256
f 2629/338/263 2625/336/261 2626/337/262
f 2628/383/70 2626/337/262 2627/2/73
f 2628/383/70 2629/338/263 2626/337/262
f 2629/338/263 2630/339/264 2625/336/261
f 2631/384/74 2629/338/263 2628/383/70
f 2632/340/265 2630/339/264 2629/338/263
f 2631/384/74 2632/340/265 2629/338/263
f 2632/340/265 2633/341/266 2630/339/264
f 2635/3/114 2632/340/265 2631/384/74
f 2634/393/309 2633/341/266 2632/340/265
f 2635/3/114 2634/393/309 2632/340/265
f 2637/386/305 2635/3/114 2631/384/74
f 2636/388/115 2634/391/309 2635/9/114
f 2638/392/306 2636/388/115 2635/9/114
f 2637/386/305 2638/387/306 2635/3/114
f 2639/397/312 2638/387/306 2637/386/305
f 2640/394/310 2638/392/306 2639/396/312
f 2640/394/310 2641/390/308 2638/392/306
f 2638/392/306 2641/390/308 2636/388/115
f 2640/394/310 2642/395/311 2641/390/308
f 2641/390/308 2643/459/117 2636/388/115
f 2641/390/308 2642/395/311 2643/459/117
f 2646/656/525 2643/459/117 2642/395/311
f 2643/459/117 2644/389/307 2636/388/115
f 2643/459/117 2645/458/361 2644/389/307
f 2647/7/118 2645/458/361 2643/459/117
f 2646/656/525 2647/7/118 2643/459/117
f 2649/658/527 2647/7/118 2646/656/525
f 2647/7/118 2648/456/359 2645/458/361
f 2650/444/125 2648/456/359 2647/7/118
f 2649/658/527 2650/444/125 2647/7/118
f 2651/441/345 2650/444/125 2649/658/527
f 2650/444/125 2653/454/357 2648/456/359
f 2651/441/345 2652/440/127 2650/444/125
f 2652/440/127 2653/454/357 2650/444/125
f 2653/454/357 2655/453/356 2654/455/358
f 2653/454/357 2654/455/358 2648/456/359
f 2652/440/127 2656/443/347 2653/454/357
f 2656/443/347 2655/453/356 2653/454/357
f 2656/443/347 2657/450/1082 2655/453/356
f 2658/442/346 2657/450/1082 2656/443/347
f 2652/440/127 2658/442/346 2656/443/347
f 2658/442/346 2659/446/349 2657/450/1082
f 2652/440/127 2661/19/131 2658/442/346
f 2658/442/346 2662/447/350 2659/446/349
f 2658/442/346 2660/445/348 2662/447/350
f 2661/19/131 2660/445/348 2658/442/346
f 2659/446/349 2662/447/350 2663/448/351
f 2665/506/400 2663/448/351 2662/447/350
f 2664/503/397 2662/447/350 2660/445/348
f 2664/503/397 2665/506/400 2662/447/350
f 2667/505/399 2666/478/378 2665/506/400
f 2665/506/400 2666/478/378 2663/448/351
f 2668/504/1083 2667/505/399 2665/506/400
f 2668/504/1083 2665/506/400 2664/503/397
f 2669/511/191 2668/504/1083 2671/21/143
f 2669/511/191 2670/507/401 2668/504/1083
f 2670/507/401 2667/505/399 2668/504/1083
f 2671/21/143 2668/504/1083 2664/503/397
f 2671/21/143 2664/503/397 2672/502/145
f 2673/501/396 2671/21/143 2672/502/145
f 2674/649/524 2671/21/143 2673/501/396
f 2674/649/524 2669/511/191 2671/21/143
f 2675/498/393 2676/497/392 2674/649/524
f 2675/498/393 2674/649/524 2673/501/396
f 2674/649/524 2677/510/189 2669/511/191
f 2676/497/392 2678/524/415 2674/649/524
f 2674/649/524 2678/524/415 2677/510/189
f 2676/497/392 2679/523/1084 2678/524/415
f 2678/524/415 2680/90/192 2677/510/189
f 2681/522/413 2678/524/415 2679/523/1084
f 2678/524/415 2682/519/410 2680/90/192
f 2681/522/413 2682/519/410 2678/524/415
f 2684/520/411 2680/90/192 2682/519/410
f 2683/521/412 2682/519/410 2681/522/413
f 2683/521/412 2684/520/411 2682/519/410
f 2683/521/412 2686/526/417 2684/520/411
f 2686/526/417 2685/518/223 2684/520/411
f 2684/520/411 2685/518/223 2680/90/192
f 2683/521/412 2688/525/416 2686/526/417
f 2686/526/417 2687/527/226 2685/518/223
f 2690/528/418 2687/527/226 2686/526/417
f 2689/579/460 2686/526/417 2688/525/416
f 2689/579/460 2690/528/418 2686/526/417
f 2690/528/418 2691/91/227 2687/527/226
f 2689/579/460 2693/587/469 2690/528/418
f 2690/528/418 2692/590/472 2691/91/227
f 2690/528/418 2693/587/469 2692/590/472
f 2693/587/469 2695/589/471 2692/590/472
f 2696/624/503 2693/587/469 2694/586/468
f 2689/579/460 2694/586/468 2693/587/469
f 2693/587/469 2697/588/470 2695/589/471
f 2696/624/503 2697/588/470 2693/587/469
f 2698/628/507 2695/589/471 2697/588/470
f 2696/624/503 2698/628/507 2697/588/470
f 2698/628/507 2700/117/511 2695/589/471
f 2696/624/503 2701/625/504 2698/628/507
f 2698/628/507 2699/630/509 2702/633/291
f 2701/625/504 2699/630/509 2698/628/507
f 2698/628/507 2702/633/291 2700/117/511
f 2702/633/291 2704/634/512 2700/117/511
f 2706/632/290 2703/606/488 2702/633/291
f 2702/633/291 2703/606/488 2704/634/512
f 2705/629/508 2702/633/291 2699/630/509
f 2705/629/508 2706/632/290 2702/633/291
f 2708/635/513 2706/632/290 2705/629/508
f 2709/74/286 2707/607/489 2706/632/290
f 2706/632/290 2707/607/489 2703/606/488
f 2708/635/513 2709/74/286 2706/632/290
f 2708/635/513 2710/640/277 2709/74/286
f 2710/640/277 2711/608/490 2709/74/286
f 2709/74/286 2711/608/490 2707/607/489
f 2711/608/490 2712/125/59 2714/126/60
f 2710/640/277 2712/125/59 2711/608/490
f 2707/607/489 2711/608/490 2713/609/491
f 2711/608/490 2714/126/60 2713/609/491
f 2714/126/60 2716/130/64 2715/610/492
f 2714/126/60 2715/610/492 2713/609/491
f 2712/125/59 2718/124/58 2714/126/60
f 2714/126/60 2717/127/61 2716/130/64
f 2714/126/60 2718/124/58 2717/127/61
f 2466/119/52 2718/124/58 2471/120/54
f 2466/119/52 2719/128/62 2718/124/58
f 2712/125/59 2471/120/54 2718/124/58
f 2719/128/62 2717/127/61 2718/124/58
f 2469/174/107 2719/128/62 2466/119/52
f 2469/174/107 2721/173/106 2719/128/62
f 2719/128/62 2720/129/63 2717/127/61
f 2721/173/106 2720/129/63 2719/128/62
f 2721/173/106 2722/176/109 2720/129/63
f 2469/174/107 2723/172/105 2721/173/106
f 2723/172/105 2722/176/109 2721/173/106
f 2724/170/103 2728/171/104 2723/172/105
f 2724/170/103 2723/172/105 2725/169/101
f 2469/174/107 2725/169/101 2723/172/105
f 2723/172/105 2727/241/169 2726/175/108
f 2723/172/105 2726/175/108 2722/176/109
f 2723/172/105 2728/171/104 2727/241/169
f 2729/239/167 2727/241/169 2728/171/104
f 2724/170/103 2729/239/167 2728/171/104
f 2729/239/167 2730/240/168 2727/241/169
f 2731/238/166 2730/240/168 2729/239/167
f 2732/236/164 2731/238/166 2729/239/167
f 2724/170/103 2732/236/164 2729/239/167
f 2732/236/164 2733/237/165 2731/238/166
f 2480/65/102 2482/235/163 2732/236/164
f 2482/235/163 2733/237/165 2732/236/164
f 2480/65/102 2732/236/164 2724/170/103
f 2734/713/574 2731/238/166 2733/237/165
f 2482/235/163 2486/232/160 2733/237/165
f 2487/64/333 2733/237/165 2486/232/160
f 2487/64/333 2734/713/574 2733/237/165
f 2734/713/574 2736/715/575 2731/238/166
f 2492/714/382 2734/713/574 2487/64/333
f 2492/714/382 2737/712/573 2734/713/574
f 2734/713/574 2735/250/178 2736/715/575
f 2734/713/574 2737/712/573 2735/250/178
f 2737/712/573 2738/282/208 2739/251/179
f 2495/281/207 2738/282/208 2737/712/573
f 2737/712/573 2739/251/179 2735/250/178
f 2495/281/207 2737/712/573 2492/714/382
f 2740/280/1085 2739/251/179 2738/282/208
f 2740/280/1085 2741/253/181 2739/251/179
f 2739/251/179 2741/253/181 2742/254/182
f 2739/251/179 2742/254/182 2743/252/180
f 2735/250/178 2739/251/179 2743/252/180
f 2735/250/178 2743/252/180 2744/247/175
f 2744/247/175 2743/252/180 2746/248/176
f 2743/252/180 2745/256/184 2746/248/176
f 2743/252/180 2742/254/182 2745/256/184
f 2744/247/175 2746/248/176 2747/246/174
f 2747/246/174 2746/248/176 2748/249/177
f 2746/248/176 2749/259/187 2748/249/177
f 2746/248/176 2745/256/184 2749/259/187
f 2749/259/187 2751/56/143 2750/260/145
f 2749/259/187 2750/260/145 2748/249/177
f 2745/256/184 2752/258/186 2749/259/187
f 2752/258/186 2751/56/143 2749/259/187
f 2745/256/184 2755/257/185 2752/258/186
f 2752/258/186 2754/264/191 2751/56/143
f 2753/263/190 2756/261/188 2752/258/186
f 2753/263/190 2752/258/186 2755/257/185
f 2756/261/188 2754/264/191 2752/258/186
f 2756/261/188 2759/48/192 2757/262/189
f 2756/261/188 2757/262/189 2754/264/191
f 2756/261/188 2758/295/221 2759/48/192
f 2753/263/190 2758/295/221 2756/261/188
f 2759/267/192 2760/268/193 2757/266/189
f 2758/295/221 2761/297/223 2759/48/192
f 2759/267/192 2762/269/194 2760/268/193
f 2761/305/223 2762/269/194 2759/267/192
f 2762/269/194 2509/270/195 2508/271/196
f 2762/269/194 2508/271/196 2760/268/193
f 2762/269/194 2513/307/231 2509/270/195
f 2761/305/223 2763/304/229 2762/269/194
f 2762/269/194 2763/304/229 2513/307/231
f 2764/303/226 2763/304/229 2761/305/223
f 2764/303/226 2765/302/228 2763/304/229
f 2765/302/228 2513/307/231 2763/304/229
f 2764/303/226 2559/306/230 2765/302/228
f 2559/306/230 2514/308/232 2765/302/228
f 2765/302/228 2514/308/232 2513/307/231
f 2548/687/552 2764/300/226 2766/299/225
f 2766/299/225 2764/300/226 2761/297/223
f 2764/303/226 2767/301/227 2559/306/230
f 2548/687/552 2767/45/227 2764/300/226
f 2548/687/552 2551/688/472 2767/45/227
f 2551/689/472 2559/306/230 2767/301/227
f 2544/298/224 2548/687/552 2766/299/225
f 2544/298/224 2766/299/225 2768/296/222
f 2766/299/225 2761/297/223 2768/296/222
f 2544/298/224 2768/296/222 2769/294/220
f 2758/295/221 2768/296/222 2761/297/223
f 2769/294/220 2768/296/222 2758/295/221
f 2541/682/547 2544/298/224 2769/294/220
f 2769/294/220 2758/295/221 2771/293/219
f 2770/292/218 2769/294/220 2771/293/219
f 2541/682/547 2769/294/220 2770/292/218
f 2753/263/190 2771/293/219 2758/295/221
f 2773/291/217 2771/293/219 2753/263/190
f 2770/292/218 2771/293/219 2772/290/216
f 2773/291/217 2772/290/216 2771/293/219
f 2774/289/215 2772/290/216 2773/291/217
f 2774/289/215 2773/291/217 2776/288/214
f 2773/291/217 2755/257/185 2775/255/183
f 2776/288/214 2773/291/217 2775/255/183
f 2773/291/217 2753/263/190 2755/257/185
f 2537/287/213 2774/289/215 2776/288/214
f 2776/288/214 2775/255/183 2777/285/211
f 2778/284/210 2776/288/214 2777/285/211
f 2537/287/213 2776/288/214 2778/284/210
f 2535/114/439 2537/287/213 2778/284/210
f 2535/114/439 2778/284/210 2502/286/212
f 2502/286/212 2778/284/210 2779/283/209
f 2778/284/210 2777/285/211 2779/283/209
f 2502/286/212 2779/283/209 2499/278/203
f 2499/278/203 2779/283/209 2740/280/1085
f 2779/283/209 2777/285/211 2741/253/181
f 2779/283/209 2741/253/181 2740/280/1085
f 2741/253/181 2777/285/211 2775/255/183
f 2741/253/181 2775/255/183 2742/254/182
f 2742/254/182 2775/255/183 2755/257/185
f 2539/690/553 2772/290/216 2774/289/215
f 2537/287/213 2539/690/553 2774/289/215
f 2539/690/553 2770/292/218 2772/290/216
f 2539/690/553 2541/682/547 2770/292/218
f 2760/268/193 2780/220/148 2781/219/147
f 2760/268/193 2508/271/196 2780/220/148
f 2754/265/191 2757/266/189 2760/268/193
f 2754/265/191 2760/268/193 2781/219/147
f 2781/219/147 2780/220/148 2783/218/146
f 2751/215/143 2781/219/147 2782/216/144
f 2751/215/143 2754/265/191 2781/219/147
f 2781/219/147 2783/218/146 2782/216/144
f 2782/216/144 2783/218/146 2784/213/141
f 2783/218/146 2785/221/149 2784/213/141
f 2783/218/146 2786/222/150 2785/221/149
f 2783/218/146 2507/273/198 2786/222/150
f 2783/218/146 2780/220/148 2507/273/198
f 2507/273/198 2498/225/153 2786/222/150
f 2786/222/150 2498/225/153 2493/223/151
f 2786/222/150 2493/223/151 2785/221/149
f 2785/221/149 2493/223/151 2490/224/152
f 2785/221/149 2490/224/152 2787/212/140
f 2784/213/141 2785/221/149 2787/212/140
f 2788/211/139 2787/212/140 2490/224/152
f 2789/208/136 2787/212/140 2788/211/139
f 2784/213/141 2787/212/140 2789/208/136
f 2791/207/135 2789/208/136 2790/210/138
f 2789/208/136 2788/211/139 2790/210/138
f 2792/214/142 2789/208/136 2791/207/135
f 2792/214/142 2784/213/141 2789/208/136
f 2750/217/145 2792/214/142 2791/207/135
f 2782/216/144 2784/213/141 2792/214/142
f 2750/217/145 2782/216/144 2792/214/142
f 2791/207/135 2790/210/138 2794/206/134
f 2793/205/133 2791/207/135 2794/206/134
f 2750/217/145 2791/207/135 2793/205/133
f 2795/199/128 2794/206/134 2790/210/138
f 2796/202/131 2794/206/134 2795/199/128
f 2793/205/133 2794/206/134 2796/202/131
f 2796/202/131 2795/199/128 2797/198/127
f 2799/195/126 2796/59/131 2797/196/127
f 2799/195/126 2798/201/130 2796/59/131
f 2798/201/130 2793/204/133 2796/59/131
f 2801/245/173 2799/195/126 2800/243/171
f 2800/243/171 2799/195/126 2802/193/124
f 2801/245/173 2798/201/130 2799/195/126
f 2802/193/124 2799/195/126 2797/196/127
f 2802/193/124 2797/196/127 2803/194/125
f 2802/193/124 2803/194/125 2805/63/118
f 2800/243/171 2802/193/124 2806/191/122
f 2802/193/124 2805/63/118 2804/189/120
f 2806/191/122 2802/193/124 2804/189/120
f 2806/191/122 2804/189/120 2807/192/123
f 2730/240/168 2806/191/122 2807/192/123
f 2730/240/168 2800/243/171 2806/191/122
f 2730/240/168 2807/192/123 2727/241/169
f 2727/241/169 2807/192/123 2808/179/112
f 2808/179/112 2807/192/123 2804/189/120
f 2722/176/109 2808/179/112 2809/177/110
f 2808/179/112 2811/180/113 2809/177/110
f 2722/176/109 2726/175/108 2808/179/112
f 2727/241/169 2808/179/112 2726/175/108
f 2808/179/112 2804/189/120 2810/184/116
f 2808/179/112 2810/184/116 2811/180/113
f 2809/177/110 2811/180/113 2812/178/111
f 2811/180/113 2813/71/114 2812/178/111
f 2811/180/113 2814/181/115 2813/71/114
f 2811/180/113 2810/184/116 2815/185/117
f 2811/180/113 2815/185/117 2814/181/115
f 2814/182/115 2815/186/117 2816/190/121
f 2815/186/117 2817/188/119 2816/190/121
f 2815/186/117 2805/187/118 2817/188/119
f 2810/184/116 2805/63/118 2815/185/117
f 2817/188/119 2818/163/95 2816/190/121
f 2817/188/119 2820/161/93 2818/163/95
f 2819/200/129 2820/161/93 2817/188/119
f 2805/187/118 2819/200/129 2817/188/119
f 2818/163/95 2820/161/93 2823/162/94
f 2819/200/129 2821/718/578 2820/161/93
f 2820/161/93 2821/718/578 2822/716/576
f 2820/161/93 2822/716/576 2823/162/94
f 2823/162/94 2478/165/97 2475/164/96
f 2823/162/94 2475/164/96 2824/160/92
f 2818/163/95 2823/162/94 2824/160/92
f 2822/716/576 2478/165/97 2823/162/94
f 2826/158/90 2824/160/92 2475/164/96
f 2825/154/86 2818/163/95 2824/160/92
f 2825/154/86 2824/160/92 2826/158/90
f 2825/154/86 2826/158/90 2827/155/87
f 2827/155/87 2826/158/90 2474/159/91
f 2826/158/90 2475/164/96 2474/159/91
f 2827/155/87 2474/159/91 2473/157/89
f 2827/155/87 2473/157/89 2831/156/88
f 2825/154/86 2827/155/87 2830/150/82
f 2829/147/79 2827/155/87 2828/151/83
f 2827/155/87 2831/156/88 2828/151/83
f 2829/147/79 2830/150/82 2827/155/87
f 2473/157/89 2834/639/517 2831/156/88
f 2835/149/81 2831/156/88 2832/638/516
f 2831/156/88 2833/636/514 2832/638/516
f 2831/156/88 2834/639/517 2833/636/514
f 2835/149/81 2828/151/83 2831/156/88
f 2836/642/519 2835/149/81 2832/638/516
f 2837/146/78 2835/149/81 2836/642/519
f 2829/147/79 2828/151/83 2835/149/81
f 2829/147/79 2835/149/81 2837/146/78
f 2839/142/75 2829/147/79 2837/146/78
f 2840/145/77 2837/146/78 2838/144/76
f 2837/146/78 2836/642/519 2838/144/76
f 2840/145/77 2839/142/75 2837/146/78
f 2842/141/70 2839/142/75 2840/145/77
f 2841/646/253 2845/140/73 2840/145/77
f 2841/646/253 2840/145/77 2843/645/522
f 2842/141/70 2840/145/77 2845/140/73
f 2840/145/77 2844/643/520 2843/645/522
f 2840/145/77 2838/144/76 2844/643/520
f 2846/138/72 2842/136/70 2845/73/73
f 2846/138/72 2845/73/73 2841/647/253
f 2851/611/493 2846/138/72 2847/612/494
f 2846/138/72 2841/647/253 2847/612/494
f 2849/132/66 2846/138/72 2848/137/71
f 2851/611/493 2848/137/71 2846/138/72
f 2849/132/66 2850/134/68 2846/138/72
f 2846/138/72 2850/134/68 2842/136/70
f 2852/602/484 2851/611/493 2847/612/494
f 2715/610/492 2848/137/71 2851/611/493
f 2853/604/486 2851/611/493 2852/602/484
f 2715/610/492 2851/611/493 2853/604/486
f 2854/605/487 2853/604/486 2855/600/482
f 2854/605/487 2856/603/485 2853/604/486
f 2853/604/486 2852/602/484 2855/600/482
f 2856/603/485 2715/610/492 2853/604/486
f 2856/603/485 2713/609/491 2715/610/492
f 2707/607/489 2856/603/485 2854/605/487
f 2707/607/489 2713/609/491 2856/603/485
f 2857/599/481 2854/605/487 2855/600/482
f 2857/599/481 2855/600/482 2858/597/479
f 2855/600/482 2859/601/483 2858/597/479
f 2855/600/482 2852/602/484 2859/601/483
f 2863/595/477 2859/601/483 2860/598/480
f 2860/598/480 2859/601/483 2861/614/496
f 2859/601/483 2862/613/495 2861/614/496
f 2859/601/483 2852/602/484 2862/613/495
f 2863/595/477 2858/597/479 2859/601/483
f 2864/596/478 2863/595/477 2860/598/480
f 2865/594/476 2863/595/477 2864/596/478
f 2865/594/476 2858/597/479 2863/595/477
f 2865/594/476 2857/599/481 2858/597/479
f 2704/634/512 2857/599/481 2865/594/476
f 2865/594/476 2864/596/478 2867/593/475
f 2866/591/473 2865/594/476 2867/593/475
f 2866/591/473 2868/592/474 2865/594/476
f 2704/634/512 2865/594/476 2868/592/474
f 2700/117/511 2868/592/474 2695/589/471
f 2700/117/511 2704/634/512 2868/592/474
f 2695/589/471 2868/592/474 2866/591/473
f 2867/593/475 2870/533/423 2869/532/422
f 2866/591/473 2867/593/475 2869/532/422
f 2867/593/475 2864/596/478 2870/533/423
f 2871/534/424 2870/533/423 2872/564/449
f 2869/532/422 2870/533/423 2871/534/424
f 2870/533/423 2864/596/478 2873/565/450
f 2870/533/423 2873/565/450 2872/564/449
f 2873/565/450 2874/563/448 2872/564/449
f 2873/565/450 2875/566/451 2874/563/448
f 2864/596/478 2860/598/480 2873/565/450
f 2860/598/480 2875/566/451 2873/565/450
f 2875/566/451 2877/567/245 2876/88/445
f 2875/566/451 2876/88/445 2874/563/448
f 2878/648/523 2877/567/245 2875/566/451
f 2860/598/480 2878/648/523 2875/566/451
f 2860/598/480 2861/614/496 2878/648/523
f 2861/614/496 2879/571/247 2878/648/523
f 2878/648/523 2879/571/247 2877/567/245
f 2879/568/247 2882/619/498 2880/573/454
f 2877/570/245 2879/568/247 2880/573/454
f 2861/614/496 2881/79/250 2879/571/247
f 2879/568/247 2881/616/250 2882/619/498
f 2880/573/454 2882/619/498 2884/620/499
f 2881/616/250 2883/618/497 2882/619/498
f 2883/618/497 2884/620/499 2882/619/498
f 2880/573/454 2884/620/499 2888/621/500
f 2884/620/499 2885/623/502 2889/622/501
f 2884/620/499 2887/626/505 2885/623/502
f 2884/620/499 2886/644/521 2887/626/505
f 2883/618/497 2886/644/521 2884/620/499
f 2884/620/499 2889/622/501 2888/621/500
f 2889/622/501 2696/624/503 2694/586/468
f 2889/622/501 2694/586/468 2891/585/467
f 2890/574/455 2888/621/500 2889/622/501
f 2890/574/455 2889/622/501 2891/585/467
f 2885/623/502 2696/624/503 2889/622/501
f 2892/576/457 2891/585/467 2694/586/468
f 2890/574/455 2891/585/467 2892/576/457
f 2890/574/455 2892/576/457 2893/575/456
f 2893/575/456 2892/576/457 2894/578/459
f 2894/578/459 2892/576/457 2689/579/460
f 2892/576/457 2694/586/468 2689/579/460
f 2895/577/458 2894/578/459 2896/580/461
f 2893/575/456 2894/578/459 2895/577/458
f 2896/580/461 2894/578/459 2688/525/416
f 2894/578/459 2689/579/460 2688/525/416
f 2896/580/461 2688/525/416 2683/521/412
f 2897/33/462 2896/580/461 2683/521/412
f 2895/577/458 2896/580/461 2898/581/463
f 2898/581/463 2896/580/461 2897/33/462
f 2900/557/443 2895/577/458 2898/581/463
f 2898/581/463 2897/33/462 2899/582/464
f 2900/557/443 2898/581/463 2899/582/464
f 2902/558/442 2900/557/443 2901/555/441
f 2905/552/439 2901/555/441 2900/557/443
f 2902/558/442 2903/561/446 2900/557/443
f 2900/557/443 2903/561/446 2895/577/458
f 2900/557/443 2899/582/464 2904/550/437
f 2905/552/439 2900/557/443 2904/550/437
f 2908/553/440 2901/554/441 2905/86/439
f 2906/549/212 2905/552/439 2904/550/437
f 2907/539/429 2905/86/439 2906/548/212
f 2908/553/440 2905/86/439 2907/539/429
f 2909/536/426 2908/553/440 2907/539/429
f 2910/562/447 2908/553/440 2909/536/426
f 2910/562/447 2911/559/444 2908/553/440
f 2911/559/444 2901/554/441 2908/553/440
f 2872/564/449 2911/559/444 2910/562/447
f 2872/564/449 2874/563/448 2911/559/444
f 2911/559/444 2874/563/448 2876/88/445
f 2911/559/444 2876/88/445 2902/556/442
f 2911/559/444 2902/556/442 2901/554/441
f 2912/535/425 2910/562/447 2909/536/426
f 2912/535/425 2871/534/424 2910/562/447
f 2871/534/424 2872/564/449 2910/562/447
f 2914/515/407 2912/535/425 2913/538/428
f 2913/538/428 2912/535/425 2909/536/426
f 2915/531/421 2912/535/425 2914/515/407
f 2915/531/421 2871/534/424 2912/535/425
f 2916/530/420 2869/532/422 2915/531/421
f 2916/530/420 2915/531/421 2917/529/419
f 2917/529/419 2915/531/421 2914/515/407
f 2869/532/422 2871/534/424 2915/531/421
f 2687/527/226 2916/530/420 2917/529/419
f 2687/527/226 2917/529/419 2918/517/409
f 2917/529/419 2914/515/407 2918/517/409
f 2687/527/226 2918/517/409 2685/518/223
f 2680/90/192 2685/518/223 2918/517/409
f 2680/90/192 2918/517/409 2919/513/405
f 2918/517/409 2920/516/408 2919/513/405
f 2918/517/409 2914/515/407 2920/516/408
f 2914/515/407 2913/538/428 2920/516/408
f 2921/514/406 2920/516/408 2913/538/428
f 2919/513/405 2920/516/408 2921/514/406
f 2921/514/406 2913/538/428 2924/544/434
f 2919/513/405 2921/514/406 2922/512/404
f 2922/512/404 2921/514/406 2923/509/403
f 2923/509/403 2921/514/406 2924/544/434
f 2925/545/435 2924/544/434 2926/540/430
f 2923/509/403 2924/544/434 2925/545/435
f 2913/538/428 2926/540/430 2924/544/434
f 2926/540/430 2927/542/432 2930/543/433
f 2926/540/430 2928/541/431 2927/542/432
f 2925/545/435 2926/540/430 2930/543/433
f 2929/537/427 2928/541/431 2926/540/430
f 2913/538/428 2929/537/427 2926/540/430
f 2932/508/402 2930/543/433 2931/546/436
f 2931/546/436 2930/543/433 2927/542/432
f 2932/508/402 2925/545/435 2930/543/433
f 2667/505/399 2932/508/402 2666/478/378
f 2666/478/378 2932/508/402 2931/546/436
f 2667/505/399 2925/545/435 2932/508/402
f 2666/478/378 2931/546/436 2933/479/379
f 2931/546/436 2934/480/380 2933/479/379
f 2931/546/436 2935/481/381 2934/480/380
f 2931/546/436 2927/542/432 2935/481/381
f 2935/481/381 2938/482/207 2934/480/380
f 2935/481/381 2937/547/203 2936/23/205
f 2935/481/381 2936/23/205 2938/482/207
f 2935/481/381 2927/542/432 2937/547/203
f 2938/484/207 2936/486/205 2943/488/384
f 2938/484/207 2939/487/383 2941/429/335
f 2938/484/207 2943/488/384 2939/487/383
f 2938/484/207 2941/429/335 2940/485/382
f 2942/476/376 2938/482/207 2940/483/382
f 2942/476/376 2934/480/380 2938/482/207
f 2943/488/384 2944/492/387 2946/493/388
f 2943/488/384 2945/491/386 2944/492/387
f 2937/490/203 2943/488/384 2936/486/205
f 2937/490/203 2945/491/386 2943/488/384
f 2939/487/383 2943/488/384 2946/493/388
f 2944/492/387 2947/495/390 2946/493/388
f 2946/493/388 2947/495/390 2949/496/391
f 2939/487/383 2946/493/388 2948/489/385
f 2946/493/388 2949/496/391 2948/489/385
f 2947/495/390 2950/499/394 2949/496/391
f 2949/496/391 2950/499/394 2951/436/342
f 2949/496/391 2951/436/342 2952/432/338
f 2948/489/385 2949/496/391 2952/432/338
f 2954/430/336 2952/432/338 2953/431/337
f 2953/431/337 2952/432/338 2951/436/342
f 2948/489/385 2952/432/338 2954/430/336
f 2939/487/383 2948/489/385 2954/430/336
f 2939/487/383 2954/430/336 2941/429/335
f 2955/428/334 2941/429/335 2954/430/336
f 2955/428/334 2954/430/336 2956/424/331
f 2954/430/336 2953/431/337 2956/424/331
f 2957/425/332 2956/424/331 2953/431/337
f 2958/423/330 2956/424/331 2957/425/332
f 2958/423/330 2955/428/334 2956/424/331
f 2958/423/330 2957/425/332 2961/422/329
f 2959/421/163 2963/427/160 2958/423/330
f 2959/421/163 2958/423/330 2960/416/326
f 2958/423/330 2961/422/329 2960/416/326
f 2962/426/333 2955/428/334 2958/423/330
f 2962/426/333 2958/423/330 2963/427/160
f 2964/473/373 2963/650/160 2959/420/163
f 2964/473/373 2962/24/333 2963/650/160
f 2964/473/373 2967/477/377 2962/24/333
f 2968/471/371 2965/472/372 2964/473/373
f 2965/472/372 2967/477/377 2964/473/373
f 2964/473/373 2959/420/163 2966/419/328
f 2968/471/371 2964/473/373 2966/419/328
f 2971/451/354 2968/471/371 2969/452/355
f 2969/452/355 2968/471/371 2970/468/368
f 2970/468/368 2968/471/371 2966/419/328
f 2971/451/354 2965/472/372 2968/471/371
f 2655/453/356 2657/450/1082 2971/451/354
f 2655/453/356 2971/451/354 2969/452/355
f 2657/450/1082 2972/449/352 2971/451/354
f 2972/449/352 2965/472/372 2971/451/354
f 2657/450/1082 2659/446/349 2972/449/352
f 2972/449/352 2973/474/374 2965/472/372
f 2659/446/349 2663/448/351 2972/449/352
f 2663/448/351 2973/474/374 2972/449/352
f 2965/472/372 2973/474/374 2967/477/377
f 2974/475/375 2967/477/377 2973/474/374
f 2663/448/351 2974/475/375 2973/474/374
f 2663/448/351 2933/479/379 2974/475/375
f 2974/475/375 2942/476/376 2967/477/377
f 2933/479/379 2942/476/376 2974/475/375
f 2975/467/367 2970/468/368 2597/466/366
f 2969/452/355 2970/468/368 2975/467/367
f 2597/466/366 2970/468/368 2976/417/327
f 2970/468/368 2966/419/328 2976/417/327
f 2597/466/366 2976/417/327 2595/470/370
f 2976/417/327 2593/418/100 2595/470/370
f 2966/419/328 2977/25/102 2976/417/327
f 2976/417/327 2977/25/102 2593/418/100
f 2966/419/328 2959/420/163 2977/25/102
f 2977/414/102 2959/421/163 2960/416/326
f 2977/414/102 2960/416/326 2978/409/321
f 2593/415/100 2977/414/102 2978/409/321
f 2978/409/321 2591/407/320 2589/410/322
f 2978/409/321 2979/411/323 2591/407/320
f 2593/415/100 2978/409/321 2589/410/322
f 2960/416/326 2979/411/323 2978/409/321
f 2960/416/326 2961/422/329 2979/411/323
f 2979/411/323 2961/422/329 2980/660/529
f 2979/411/323 2980/660/529 2981/412/324
f 2979/411/323 2981/412/324 2982/413/325
f 2979/411/323 2982/413/325 2591/407/320
f 2982/413/325 2981/412/324 2983/657/526
f 2591/407/320 2982/413/325 2590/400/315
f 2590/400/315 2982/413/325 2984/659/528
f 2982/413/325 2983/657/526 2984/659/528
f 2590/400/315 2984/659/528 2640/394/310
f 2640/394/310 2984/659/528 2642/395/311
f 2984/659/528 2646/656/525 2642/395/311
f 2984/659/528 2983/657/526 2646/656/525
f 2983/657/526 2649/658/527 2646/656/525
f 2980/660/529 2983/657/526 2981/412/324
f 2980/660/529 2985/661/530 2983/657/526
f 2983/657/526 2985/661/530 2649/658/527
f 2985/661/530 2651/441/345 2649/658/527
f 2986/433/339 2987/435/341 2985/661/530
f 2986/433/339 2985/661/530 2980/660/529
f 2985/661/530 2987/435/341 2651/441/345
f 2988/434/340 2651/441/345 2987/435/341
f 2953/431/337 2987/435/341 2986/433/339
f 2953/431/337 2988/434/340 2987/435/341
f 2988/434/340 2989/437/343 2651/441/345
f 2951/436/342 2989/437/343 2988/434/340
f 2953/431/337 2951/436/342 2988/434/340
f 2989/437/343 2652/440/127 2651/441/345
f 2989/437/343 2661/19/131 2652/440/127
f 2990/438/344 2661/19/131 2989/437/343
f 2951/436/342 2990/438/344 2989/437/343
f 2990/438/344 2991/439/133 2661/19/131
f 2950/499/394 2990/438/344 2951/436/342
f 2992/500/395 2991/439/133 2990/438/344
f 2950/499/394 2992/500/395 2990/438/344
f 2992/500/395 2672/502/145 2991/439/133
f 2675/498/393 2992/500/395 2950/499/394
f 2673/501/396 2672/502/145 2992/500/395
f 2675/498/393 2673/501/396 2992/500/395
f 2672/502/145 2660/445/348 2991/439/133
f 2661/19/131 2991/439/133 2660/445/348
f 2957/425/332 2953/431/337 2986/433/339
f 2961/422/329 2957/425/332 2986/433/339
f 2961/422/329 2986/433/339 2980/660/529
f 2654/455/358 2969/452/355 2975/467/367
f 2654/455/358 2975/467/367 2993/461/363
f 2975/467/367 2597/466/366 2993/461/363
f 2993/461/363 2598/465/365 2604/462/364
f 2994/457/360 2993/461/363 2604/462/364
f 2654/455/358 2993/461/363 2994/457/360
f 2993/461/363 2597/466/366 2598/465/365
f 2645/458/361 2994/457/360 2995/460/362
f 2994/457/360 2604/462/364 2995/460/362
f 2648/456/359 2994/457/360 2645/458/361
f 2648/456/359 2654/455/358 2994/457/360
f 2645/458/361 2995/460/362 2644/389/307
f 2634/391/309 2644/389/307 2995/460/362
f 2995/460/362 2604/462/364 2602/464/271
f 2995/460/362 2602/464/271 2996/463/270
f 2634/391/309 2995/460/362 2996/463/270
f 2633/341/266 2996/345/270 2602/346/271
f 2634/393/309 2996/345/270 2633/341/266
f 2654/455/358 2655/453/356 2969/452/355
f 2942/476/376 2962/24/333 2967/477/377
f 2940/485/382 2955/428/334 2962/426/333
f 2942/476/376 2940/483/382 2962/24/333
f 2940/485/382 2941/429/335 2955/428/334
f 2947/495/390 2675/498/393 2950/499/394
f 2944/492/387 2997/494/389 2947/495/390
f 2997/494/389 2675/498/393 2947/495/390
f 2999/584/466 2676/497/392 2997/494/389
f 2997/494/389 2676/497/392 2675/498/393
f 2998/583/465 2997/494/389 2944/492/387
f 2998/583/465 2999/584/466 2997/494/389
f 2999/584/466 2679/523/1084 2676/497/392
f 2897/33/462 2679/523/1084 2999/584/466
f 2899/582/464 2897/33/462 2999/584/466
f 2899/582/464 2999/584/466 2998/583/465
f 2904/550/437 2899/582/464 2998/583/465
f 2904/550/437 2998/583/465 3000/551/438
f 3000/551/438 2998/583/465 2944/492/387
f 2906/549/212 2904/550/437 3000/551/438
f 2937/490/203 2906/549/212 3000/551/438
f 3000/551/438 2944/492/387 2945/491/386
f 2937/490/203 3000/551/438 2945/491/386
f 2933/479/379 2934/480/380 2942/476/376
f 2927/542/432 2906/548/212 2937/547/203
f 2663/448/351 2666/478/378 2933/479/379
f 2913/538/428 2909/536/426 2929/537/427
f 2909/536/426 2907/539/429 2929/537/427
f 2929/537/427 2907/539/429 2928/541/431
f 2927/542/432 2928/541/431 2906/548/212
f 2907/539/429 2906/548/212 2928/541/431
f 2667/505/399 2923/509/403 2925/545/435
f 2670/507/401 2923/509/403 2667/505/399
f 2922/512/404 2923/509/403 2670/507/401
f 2669/511/191 2922/512/404 2670/507/401
f 2669/511/191 2677/510/189 2922/512/404
f 2677/510/189 2919/513/405 2922/512/404
f 2677/510/189 2680/90/192 2919/513/405
f 2692/590/472 2916/530/420 2691/91/227
f 2687/527/226 2691/91/227 2916/530/420
f 2692/590/472 2866/591/473 2916/530/420
f 2866/591/473 2869/532/422 2916/530/420
f 2876/560/445 2903/561/446 2902/558/442
f 2876/560/445 3001/572/453 2903/561/446
f 2903/561/446 3001/572/453 2893/575/456
f 2903/561/446 2893/575/456 2895/577/458
f 2877/570/245 3001/572/453 2876/560/445
f 2877/570/245 3002/569/452 3001/572/453
f 3001/572/453 3002/569/452 2890/574/455
f 3001/572/453 2890/574/455 2893/575/456
f 3002/569/452 2880/573/454 2888/621/500
f 2877/570/245 2880/573/454 3002/569/452
f 3002/569/452 2888/621/500 2890/574/455
f 2897/33/462 2683/521/412 2681/522/413
f 2897/33/462 2681/522/413 2679/523/1084
f 2887/626/505 3003/627/506 2701/625/504
f 2887/626/505 2701/625/504 2885/623/502
f 3004/641/518 3003/627/506 2887/626/505
f 2886/644/521 3004/641/518 2887/626/505
f 2886/644/521 2844/643/520 3004/641/518
f 3004/641/518 2836/642/519 3005/637/515
f 3004/641/518 3005/637/515 3006/631/510
f 2838/144/76 3004/641/518 2844/643/520
f 2838/144/76 2836/642/519 3004/641/518
f 3004/641/518 3006/631/510 3003/627/506
f 3003/627/506 3006/631/510 2705/629/508
f 3005/637/515 2705/629/508 3006/631/510
f 2832/638/516 2708/635/513 3005/637/515
f 3005/637/515 2708/635/513 2705/629/508
f 2836/642/519 2832/638/516 3005/637/515
f 2701/625/504 3003/627/506 2699/630/509
f 3003/627/506 2705/629/508 2699/630/509
f 2843/645/522 2844/643/520 2886/644/521
f 2843/645/522 2886/644/521 2883/618/497
f 2885/623/502 2701/625/504 2696/624/503
f 2841/646/253 2843/645/522 2883/618/497
f 2841/646/253 2883/618/497 3007/617/252
f 2881/616/250 3007/617/252 2883/618/497
f 2847/612/494 2841/647/253 3007/615/252
f 2847/612/494 3007/615/252 2862/613/495
f 2862/613/495 3007/615/252 2881/79/250
f 2862/613/495 2881/79/250 2861/614/496
f 2695/589/471 2866/591/473 2692/590/472
f 2852/602/484 2847/612/494 2862/613/495
f 2703/606/488 2857/599/481 2704/634/512
f 2703/606/488 2854/605/487 2857/599/481
f 2707/607/489 2854/605/487 2703/606/488
f 3008/135/69 2842/136/70 2850/134/68
f 3009/131/65 3008/135/69 2850/134/68
f 3009/131/65 2850/134/68 2849/132/66
f 2720/129/63 3010/133/67 3009/131/65
f 2720/129/63 3009/131/65 2717/127/61
f 3009/131/65 3010/133/67 2812/178/111
f 3009/131/65 2812/178/111 3008/135/69
f 2717/127/61 3009/131/65 2849/132/66
f 2720/129/63 2809/177/110 3010/133/67
f 2809/177/110 2812/178/111 3010/133/67
f 3008/135/69 3011/139/74 2842/136/70
f 2812/178/111 3011/139/74 3008/135/69
f 3011/143/74 3012/148/80 2839/142/75
f 3011/143/74 2839/142/75 2842/141/70
f 2812/178/111 2813/71/114 3011/139/74
f 2813/183/114 3012/148/80 3011/143/74
f 3013/152/84 2829/147/79 3012/148/80
f 2839/142/75 3012/148/80 2829/147/79
f 2813/183/114 3013/152/84 3012/148/80
f 3013/152/84 2830/150/82 2829/147/79
f 3013/152/84 2825/154/86 2830/150/82
f 2814/182/115 3013/152/84 2813/183/114
f 2814/182/115 3014/153/85 3013/152/84
f 3013/152/84 3014/153/85 2825/154/86
f 2814/182/115 2816/190/121 3014/153/85
f 3014/153/85 2818/163/95 2825/154/86
f 3014/153/85 2816/190/121 2818/163/95
f 2716/130/64 2849/132/66 2848/137/71
f 2717/127/61 2849/132/66 2716/130/64
f 2716/130/64 2848/137/71 2715/610/492
f 2473/157/89 2467/122/56 2834/639/517
f 2467/122/56 2470/123/57 2834/639/517
f 2833/636/514 2834/639/517 2470/123/57
f 2832/638/516 2833/636/514 2708/635/513
f 2708/635/513 2833/636/514 2710/640/277
f 2833/636/514 2470/123/57 2710/640/277
f 2822/716/576 2484/231/159 2483/234/162
f 2822/716/576 2483/234/162 2478/165/97
f 3016/209/137 2822/716/576 2821/718/578
f 2822/716/576 3015/717/577 2484/231/159
f 3016/209/137 3015/717/577 2822/716/576
f 2795/199/128 3016/209/137 2821/718/578
f 2795/199/128 2790/210/138 3016/209/137
f 2790/210/138 3015/717/577 3016/209/137
f 3015/717/577 2489/229/157 2484/231/159
f 3015/717/577 2788/211/139 2489/229/157
f 2790/210/138 2788/211/139 3015/717/577
f 2795/199/128 2821/718/578 2819/200/129
f 2803/197/125 2795/199/128 2819/200/129
f 2805/187/118 2803/197/125 2819/200/129
f 2810/184/116 2804/189/120 2805/63/118
f 2720/129/63 2722/176/109 2809/177/110
f 2803/197/125 2797/198/127 2795/199/128
f 3017/242/170 3018/244/172 2801/245/173
f 3017/242/170 2801/245/173 2800/243/171
f 2744/247/175 2801/245/173 3018/244/172
f 2801/245/173 3019/203/132 2798/201/130
f 2744/247/175 2747/246/174 2801/245/173
f 2801/245/173 2747/246/174 3019/203/132
f 2798/201/130 3019/203/132 2793/204/133
f 2747/246/174 2748/249/177 3019/203/132
f 2748/249/177 2793/204/133 3019/203/132
f 2731/238/166 3018/244/172 3017/242/170
f 2731/238/166 2736/715/575 3018/244/172
f 2735/250/178 2744/247/175 3018/244/172
f 2735/250/178 3018/244/172 2736/715/575
f 2731/238/166 3017/242/170 2730/240/168
f 2730/240/168 3017/242/170 2800/243/171
f 2748/249/177 2750/260/145 2793/204/133
f 2788/211/139 2490/224/152 2489/229/157
f 2750/217/145 2751/215/143 2782/216/144
f 2508/271/196 2507/273/198 2780/220/148
f 2742/254/182 2755/257/185 2745/256/184
f 2499/278/203 2740/280/1085 2497/62/205
f 2495/281/207 2497/62/205 2740/280/1085
f 2495/281/207 2740/280/1085 2738/282/208
f 2477/168/100 2725/169/101 2469/174/107
f 2480/65/102 2724/170/103 2725/169/101
f 2480/65/102 2725/169/101 2477/168/100
f 2470/123/57 2712/125/59 2710/640/277
f 2470/123/57 2471/120/54 2712/125/59
f 2672/502/145 2664/503/397 2660/445/348
f 2636/388/115 2644/389/307 2634/391/309
f 2587/401/314 2590/400/315 2640/394/310
f 2587/401/314 2640/394/310 2639/396/312
f 2587/399/314 2639/397/312 3020/398/313
f 2639/397/312 2637/386/305 3020/398/313
f 3021/662/531 3020/398/313 2637/386/305
f 2585/405/318 3020/398/313 3021/662/531
f 2587/399/314 3020/398/313 2585/405/318
f 3022/380/301 3021/662/531 3024/385/304
f 3023/364/285 3021/662/531 3022/380/301
f 2585/405/318 3021/662/531 3023/364/285
f 3021/662/531 2637/386/305 3024/385/304
f 2637/386/305 2628/383/70 3024/385/304
f 3022/380/301 3024/385/304 3025/381/302
f 3024/385/304 2627/2/73 3025/381/302
f 3024/385/304 2628/383/70 2627/2/73
f 3022/380/301 3025/381/302 3026/382/303
f 3025/381/302 3027/328/253 3026/382/303
f 3025/381/302 2627/2/73 3027/328/253
f 3027/328/253 2624/331/256 2622/329/254
f 3027/328/253 2622/329/254 3028/327/252
f 3029/326/251 3027/328/253 3028/327/252
f 3029/326/251 3026/382/303 3027/328/253
f 2627/2/73 2624/331/256 3027/328/253
f 3029/326/251 3030/44/250 3032/319/243
f 3029/326/251 3028/327/252 3030/44/250
f 3034/378/299 3026/382/303 3029/326/251
f 3031/318/242 3029/326/251 3032/319/243
f 3031/318/242 3033/376/297 3029/326/251
f 3034/378/299 3029/326/251 3033/376/297
f 3035/374/295 3034/378/299 3033/376/297
f 3035/374/295 3036/377/298 3034/378/299
f 3037/379/300 3034/378/299 3036/377/298
f 3037/379/300 3022/380/301 3034/378/299
f 3022/380/301 3026/382/303 3034/378/299
f 2572/363/284 3023/364/285 3037/379/300
f 2572/363/284 3037/379/300 3036/377/298
f 3023/364/285 3022/380/301 3037/379/300
f 2570/367/288 3036/377/298 3035/374/295
f 2572/363/284 3036/377/298 2570/367/288
f 2570/367/288 3035/374/295 2564/371/292
f 2564/371/292 3035/374/295 2565/375/296
f 3035/374/295 3031/318/242 2565/375/296
f 3035/374/295 3033/376/297 3031/318/242
f 2525/316/240 3032/319/243 2526/320/244
f 2525/316/240 3031/318/242 3032/319/243
f 3032/319/243 3038/323/247 2526/320/244
f 3032/319/243 3030/44/250 3038/323/247
f 2526/320/244 3038/323/247 2524/321/245
f 2524/321/245 3038/323/247 3039/325/249
f 3038/323/247 3040/324/248 3039/325/249
f 3038/323/247 3030/44/250 3040/324/248
f 3040/324/248 2620/330/255 2618/676/541
f 3040/324/248 2618/676/541 3039/325/249
f 3030/44/250 2622/329/254 3040/324/248
f 2622/329/254 2620/330/255 3040/324/248
f 2524/321/245 3039/325/249 2531/680/545
f 3039/325/249 2618/676/541 2545/678/543
f 3039/325/249 2545/678/543 2531/680/545
f 2565/375/296 3031/318/242 2525/316/240
f 3030/44/250 3028/327/252 2622/329/254
f 2579/360/281 2585/405/318 3023/364/285
f 2572/363/284 2579/360/281 3023/364/285
f 2637/386/305 2631/384/74 2628/383/70
f 2633/341/266 2607/342/267 2630/339/264
f 2633/341/266 2602/346/271 2603/343/268
f 2633/341/266 2603/343/268 2607/342/267
f 2630/339/264 2608/335/260 2625/336/261
f 2630/339/264 2607/342/267 2608/335/260
f 2625/336/261 2608/335/260 2611/334/259
f 2619/674/539 2552/675/540 2549/684/549
f 2618/676/541 2619/674/539 2546/677/542
f 2619/674/539 2549/684/549 2546/677/542
f 2618/676/541 2546/677/542 2545/678/543
f 2553/672/537 2615/668/534 2556/41/511
f 2615/668/534 2568/667/291 2556/41/511
f 2600/350/275 2581/37/53 2582/352/57
f 2575/349/274 2600/350/275 2582/352/57
f 2575/349/274 2582/352/57 2577/353/277
f 2576/709/571 2567/711/290 2568/667/291
f 2568/370/291 2557/372/293 2556/665/511
f 2565/375/296 2525/316/240 2562/315/239
f 2519/314/238 2562/315/239 2525/316/240
f 2516/310/234 2560/311/235 2519/314/238
f 2559/306/230 2516/310/234 2514/308/232
f 2531/680/545 2545/678/543 2542/681/546
f 2528/691/554 2530/692/555 2542/681/546
f 2531/680/545 2542/681/546 2530/692/555
f 2512/701/562 2536/702/563 2534/705/567
f 2512/701/562 2529/696/557 2536/702/563
f 2534/705/567 2535/114/439 2502/286/212
f 2512/701/562 2534/705/567 2505/703/564
f 2505/703/564 2534/705/567 2503/276/201
f 2534/705/567 2502/286/212 2503/276/201
f 2512/701/562 2517/698/559 2529/696/557
f 2517/698/559 2521/697/558 2529/696/557
f 2519/314/238 2525/316/240 2522/317/241
f 2507/273/198 2501/274/199 2498/225/153
f 2477/168/100 2469/174/107 2468/118/51
f 3041/72/53 3046/118/51 3042/174/107
f 3041/72/53 3042/174/107 3043/119/52
f 3047/123/57 3041/72/53 3043/119/52
f 3044/121/55 3041/72/53 3045/122/56
f 3044/121/55 3046/118/51 3041/72/53
f 3045/122/56 3041/72/53 3047/123/57
f 3047/123/57 3043/119/52 3051/120/54
f 3045/122/56 3047/123/57 3052/639/517
f 3047/123/57 3049/125/59 3048/640/277
f 3050/636/514 3047/123/57 3048/640/277
f 3047/123/57 3051/120/54 3049/125/59
f 3050/636/514 3052/639/517 3047/123/57
f 3053/156/88 3052/639/517 3050/636/514
f 3053/156/88 3045/122/56 3052/639/517
f 3053/156/88 3050/636/514 3055/638/516
f 3053/156/88 3054/157/89 3045/122/56
f 3056/151/83 3054/157/89 3053/156/88
f 3056/151/83 3053/156/88 3055/638/516
f 3056/151/83 3058/155/87 3054/157/89
f 3056/151/83 3055/638/516 3059/149/81
f 3057/150/82 3056/151/83 3060/147/79
f 3057/150/82 3058/155/87 3056/151/83
f 3060/147/79 3056/151/83 3059/149/81
f 3063/152/84 3057/150/82 3060/147/79
f 3060/147/79 3059/149/81 3061/146/78
f 3062/148/80 3060/147/79 3061/146/78
f 3063/152/84 3060/147/79 3062/148/80
f 3063/152/84 3067/154/86 3057/150/82
f 3064/183/114 3063/152/84 3062/148/80
f 3065/182/115 3063/152/84 3064/183/114
f 3065/182/115 3066/153/85 3063/152/84
f 3063/152/84 3066/153/85 3067/154/86
f 3057/150/82 3067/154/86 3068/158/90
f 3069/190/121 3067/154/86 3066/153/85
f 3070/163/95 3068/158/90 3067/154/86
f 3069/190/121 3070/163/95 3067/154/86
f 3070/163/95 3072/160/92 3068/158/90
f 3071/188/119 3070/163/95 3069/190/121
f 3071/188/119 3073/161/93 3070/163/95
f 3073/161/93 3072/160/92 3070/163/95
f 3073/161/93 3077/716/576 3074/162/94
f 3073/161/93 3074/162/94 3072/160/92
f 3075/200/129 3076/718/578 3073/161/93
f 3075/200/129 3073/161/93 3071/188/119
f 3073/161/93 3076/718/578 3077/716/576
f 3074/162/94 3077/716/576 3078/234/162
f 3076/718/578 3079/717/577 3077/716/576
f 3079/717/577 3078/234/162 3077/716/576
f 3076/718/578 3080/209/137 3079/717/577
f 3079/717/577 3084/231/159 3078/234/162
f 3081/210/138 3079/717/577 3080/209/137
f 3081/210/138 3082/211/139 3079/717/577
f 3079/717/577 3082/211/139 3083/229/157
f 3079/717/577 3083/229/157 3084/231/159
f 3083/229/157 3085/230/158 3084/231/159
f 3084/231/159 3085/230/158 3086/233/161
f 3084/231/159 3086/233/161 3078/234/162
f 3088/167/99 3086/233/161 3087/235/163
f 3085/230/158 3087/235/163 3086/233/161
f 3078/234/162 3086/233/161 3088/167/99
f 3088/167/99 3087/235/163 3090/65/102
f 3088/167/99 3089/168/100 3092/166/98
f 3088/167/99 3090/65/102 3089/168/100
f 3091/164/96 3088/167/99 3092/166/98
f 3091/164/96 3093/165/97 3088/167/99
f 3078/234/162 3088/167/99 3093/165/97
f 3074/162/94 3078/234/162 3093/165/97
f 3074/162/94 3093/165/97 3091/164/96
f 3092/166/98 3089/168/100 3046/118/51
f 3094/159/91 3092/166/98 3044/121/55
f 3092/166/98 3046/118/51 3044/121/55
f 3094/159/91 3091/164/96 3092/166/98
f 3058/155/87 3094/159/91 3054/157/89
f 3058/155/87 3068/158/90 3094/159/91
f 3054/157/89 3094/159/91 3044/121/55
f 3068/158/90 3091/164/96 3094/159/91
f 3074/162/94 3091/164/96 3072/160/92
f 3068/158/90 3072/160/92 3091/164/96
f 3087/235/163 3095/170/103 3090/65/102
f 3089/168/100 3090/65/102 3095/170/103
f 3087/235/163 3099/236/164 3095/170/103
f 3099/236/164 3096/171/104 3095/170/103
f 3095/170/103 3096/171/104 3097/172/105
f 3095/170/103 3097/172/105 3098/169/101
f 3089/168/100 3095/170/103 3098/169/101
f 3087/235/163 3100/237/165 3099/236/164
f 3099/236/164 3100/237/165 3101/238/166
f 3099/236/164 3101/238/166 3102/239/167
f 3099/236/164 3102/239/167 3096/171/104
f 3096/171/104 3102/239/167 3103/240/168
f 3101/238/166 3103/240/168 3102/239/167
f 3103/240/168 3104/191/122 3107/192/123
f 3105/242/170 3104/191/122 3103/240/168
f 3101/238/166 3105/242/170 3103/240/168
f 3096/171/104 3103/240/168 3106/241/169
f 3103/240/168 3107/192/123 3106/241/169
f 3106/241/169 3107/192/123 3108/179/112
f 3107/192/123 3109/184/116 3108/179/112
f 3107/192/123 3110/189/120 3109/184/116
f 3107/192/123 3111/193/124 3110/189/120
f 3107/192/123 3104/191/122 3111/193/124
f 3111/193/124 3114/195/126 3112/196/127
f 3111/193/124 3112/196/127 3115/194/125
f 3111/193/124 3113/63/118 3110/189/120
f 3111/193/124 3115/194/125 3113/63/118
f 3116/243/171 3114/195/126 3111/193/124
f 3116/243/171 3111/193/124 3104/191/122
f 3105/242/170 3117/245/173 3116/243/171
f 3117/245/173 3114/195/126 3116/243/171
f 3105/242/170 3116/243/171 3104/191/122
f 3105/242/170 3118/244/172 3117/245/173
f 3121/247/175 3117/245/173 3118/244/172
f 3119/246/174 3120/201/130 3117/245/173
f 3121/247/175 3119/246/174 3117/245/173
f 3117/245/173 3120/201/130 3114/195/126
f 3122/251/179 3121/247/175 3125/250/178
f 3122/251/179 3123/252/180 3121/247/175
f 3123/252/180 3119/246/174 3121/247/175
f 3124/715/575 3121/247/175 3118/244/172
f 3124/715/575 3125/250/178 3121/247/175
f 3126/713/574 3127/712/573 3125/250/178
f 3126/713/574 3125/250/178 3124/715/575
f 3127/712/573 3122/251/179 3125/250/178
f 3129/281/207 3127/712/573 3128/714/382
f 3131/64/333 3128/714/382 3127/712/573
f 3129/281/207 3130/282/208 3127/712/573
f 3127/712/573 3130/282/208 3122/251/179
f 3131/64/333 3127/712/573 3126/713/574
f 3132/232/160 3131/64/333 3126/713/574
f 3134/228/156 3131/64/333 3132/232/160
f 3133/227/155 3131/64/333 3134/228/156
f 3133/227/155 3128/714/382 3131/64/333
f 3135/224/152 3134/228/156 3083/229/157
f 3083/229/157 3134/228/156 3085/230/158
f 3135/224/152 3133/227/155 3134/228/156
f 3134/228/156 3132/232/160 3085/230/158
f 3136/212/140 3135/224/152 3083/229/157
f 3137/221/149 3135/224/152 3136/212/140
f 3137/221/149 3138/223/151 3135/224/152
f 3138/223/151 3133/227/155 3135/224/152
f 3140/222/150 3138/223/151 3137/221/149
f 3138/223/151 3139/226/154 3133/227/155
f 3138/223/151 3142/279/1081 3139/226/154
f 3140/222/150 3141/225/153 3138/223/151
f 3138/223/151 3141/225/153 3142/279/1081
f 3142/279/1081 3145/278/203 3143/62/205
f 3142/279/1081 3143/62/205 3129/281/207
f 3142/279/1081 3144/277/202 3145/278/203
f 3141/225/153 3144/277/202 3142/279/1081
f 3142/279/1081 3129/281/207 3139/226/154
f 3149/276/201 3145/278/203 3144/277/202
f 3145/278/203 3150/286/212 3146/284/210
f 3145/278/203 3146/284/210 3147/283/209
f 3145/278/203 3147/283/209 3148/280/1085
f 3145/278/203 3148/280/1085 3143/62/205
f 3149/276/201 3150/286/212 3145/278/203
f 3151/705/567 3150/286/212 3149/276/201
f 3152/114/439 3146/284/210 3150/286/212
f 3151/705/567 3152/114/439 3150/286/212
f 3152/114/439 3153/693/556 3156/287/213
f 3152/114/439 3155/695/441 3153/693/556
f 3154/702/563 3155/695/441 3152/114/439
f 3154/702/563 3152/114/439 3151/705/567
f 3152/114/439 3156/287/213 3146/284/210
f 3156/287/213 3157/289/215 3158/288/214
f 3153/693/556 3157/289/215 3156/287/213
f 3156/287/213 3158/288/214 3146/284/210
f 3158/288/214 3157/289/215 3159/290/216
f 3147/283/209 3146/284/210 3158/288/214
f 3158/288/214 3159/290/216 3161/291/217
f 3147/283/209 3158/288/214 3160/285/211
f 3160/285/211 3158/288/214 3161/291/217
f 3160/285/211 3161/291/217 3162/255/183
f 3161/291/217 3163/257/185 3162/255/183
f 3161/291/217 3164/263/190 3163/257/185
f 3159/290/216 3164/263/190 3161/291/217
f 3167/293/219 3165/261/188 3164/263/190
f 3164/263/190 3165/261/188 3166/258/186
f 3164/263/190 3166/258/186 3163/257/185
f 3159/290/216 3167/293/219 3164/263/190
f 3167/293/219 3168/295/221 3165/261/188
f 3169/294/220 3168/295/221 3167/293/219
f 3159/290/216 3169/294/220 3167/293/219
f 3171/682/547 3170/298/224 3169/294/220
f 3170/298/224 3172/296/222 3169/294/220
f 3169/294/220 3172/296/222 3168/295/221
f 3171/682/547 3169/294/220 3173/292/218
f 3159/290/216 3173/292/218 3169/294/220
f 3157/289/215 3173/292/218 3159/290/216
f 3174/690/553 3171/682/547 3173/292/218
f 3157/289/215 3174/690/553 3173/292/218
f 3153/693/556 3174/690/553 3157/289/215
f 3175/691/554 3174/690/553 3153/693/556
f 3175/691/554 3176/683/548 3174/690/553
f 3174/690/553 3176/683/548 3171/682/547
f 3177/692/1086 3176/683/548 3175/691/554
f 3177/692/1086 3178/681/546 3176/683/548
f 3178/681/546 3171/682/547 3176/683/548
f 3179/680/545 3178/681/546 3177/692/1086
f 3179/680/545 3180/678/543 3178/681/546
f 3180/678/543 3181/679/544 3178/681/546
f 3178/681/546 3181/679/544 3171/682/547
f 3180/678/543 3182/677/542 3181/679/544
f 3182/677/542 3183/685/550 3181/679/544
f 3181/679/544 3170/298/224 3171/682/547
f 3181/679/544 3183/685/550 3170/298/224
f 3170/298/224 3183/685/550 3184/687/552
f 3183/685/550 3185/686/551 3184/687/552
f 3183/685/550 3186/684/549 3185/686/551
f 3182/677/542 3186/684/549 3183/685/550
f 3189/674/539 3187/675/540 3186/684/549
f 3186/684/549 3187/675/540 3188/672/537
f 3186/684/549 3188/672/537 3185/686/551
f 3189/674/539 3186/684/549 3182/677/542
f 3192/673/538 3187/675/540 3189/674/539
f 3180/678/543 3189/674/539 3182/677/542
f 3180/678/543 3190/676/541 3189/674/539
f 3191/330/255 3189/674/539 3190/676/541
f 3191/330/255 3192/673/538 3189/674/539
f 3193/333/258 3194/706/568 3192/673/538
f 3193/333/258 3192/673/538 3191/330/255
f 3194/706/568 3195/671/536 3192/673/538
f 3192/673/538 3195/671/536 3187/675/540
f 3195/671/536 3196/670/535 3198/666/533
f 3194/706/568 3196/670/535 3195/671/536
f 3195/671/536 3198/666/533 3197/668/534
f 3187/675/540 3195/671/536 3197/668/534
f 3198/666/533 3200/667/291 3199/41/511
f 3198/666/533 3199/41/511 3197/668/534
f 3198/666/533 3201/711/290 3200/667/291
f 3198/666/533 3202/709/571 3201/711/290
f 3203/707/569 3202/709/571 3198/666/533
f 3203/707/569 3198/666/533 3196/670/535
f 3203/707/569 3204/710/572 3205/708/570
f 3206/335/260 3204/710/572 3203/707/569
f 3203/707/569 3205/708/570 3202/709/571
f 3207/334/259 3203/707/569 3196/670/535
f 3206/335/260 3203/707/569 3207/334/259
f 3207/334/259 3196/670/535 3194/706/568
f 3208/336/261 3206/335/260 3207/334/259
f 3208/336/261 3207/334/259 3209/332/257
f 3193/333/258 3209/332/257 3207/334/259
f 3193/333/258 3207/334/259 3194/706/568
f 3210/331/256 3209/332/257 3193/333/258
f 3210/331/256 3208/336/261 3209/332/257
f 3212/2/73 3210/331/256 3211/328/253
f 3211/328/253 3210/331/256 3214/329/254
f 3212/2/73 3213/337/262 3210/331/256
f 3210/331/256 3213/337/262 3208/336/261
f 3210/331/256 3193/333/258 3214/329/254
f 3211/328/253 3214/329/254 3217/327/252
f 3214/329/254 3193/333/258 3191/330/255
f 3214/329/254 3191/330/255 3216/324/248
f 3215/44/250 3217/327/252 3214/329/254
f 3215/44/250 3214/329/254 3216/324/248
f 3218/326/251 3217/327/252 3215/44/250
f 3218/326/251 3211/328/253 3217/327/252
f 3219/318/242 3221/376/297 3218/326/251
f 3219/318/242 3218/326/251 3220/319/243
f 3218/326/251 3215/44/250 3220/319/243
f 3222/378/299 3218/326/251 3221/376/297
f 3218/326/251 3223/382/303 3211/328/253
f 3222/378/299 3223/382/303 3218/326/251
f 3223/382/303 3212/2/73 3211/328/253
f 3224/380/301 3223/382/303 3222/378/299
f 3224/380/301 3225/381/302 3223/382/303
f 3223/382/303 3225/381/302 3212/2/73
f 3227/385/304 3212/2/73 3225/381/302
f 3226/662/531 3225/381/302 3224/380/301
f 3226/662/531 3227/385/304 3225/381/302
f 3227/385/304 3228/383/70 3212/2/73
f 3230/398/313 3227/385/304 3226/662/531
f 3227/385/304 3229/384/74 3228/383/70
f 3227/385/304 3231/386/305 3229/384/74
f 3230/398/313 3231/386/305 3227/385/304
f 3231/386/305 3233/3/114 3229/384/74
f 3234/397/312 3231/386/305 3230/398/313
f 3234/397/312 3232/387/306 3231/386/305
f 3231/386/305 3232/387/306 3233/3/114
f 3235/399/314 3234/397/312 3230/398/313
f 3234/396/312 3238/390/308 3232/392/306
f 3236/400/315 3234/396/312 3235/401/314
f 3236/400/315 3237/394/310 3234/396/312
f 3234/396/312 3237/394/310 3238/390/308
f 3237/394/310 3240/395/311 3238/390/308
f 3240/395/311 3239/388/115 3238/390/308
f 3238/390/308 3239/388/115 3233/9/114
f 3238/390/308 3233/9/114 3232/392/306
f 3237/394/310 3242/659/528 3240/395/311
f 3240/395/311 3241/459/117 3239/388/115
f 3244/656/525 3241/459/117 3240/395/311
f 3243/657/526 3240/395/311 3242/659/528
f 3243/657/526 3244/656/525 3240/395/311
f 3246/658/527 3245/7/118 3244/656/525
f 3244/656/525 3245/7/118 3241/459/117
f 3243/657/526 3246/658/527 3244/656/525
f 3246/658/527 3247/444/125 3245/7/118
f 3249/441/345 3247/444/125 3246/658/527
f 3248/661/530 3249/441/345 3246/658/527
f 3243/657/526 3248/661/530 3246/658/527
f 3249/441/345 3251/440/127 3247/444/125
f 3248/661/530 3250/435/341 3249/441/345
f 3253/434/340 3249/441/345 3250/435/341
f 3249/441/345 3252/19/131 3251/440/127
f 3249/441/345 3254/437/343 3252/19/131
f 3253/434/340 3254/437/343 3249/441/345
f 3255/438/344 3252/19/131 3254/437/343
f 3256/436/342 3254/437/343 3253/434/340
f 3256/436/342 3255/438/344 3254/437/343
f 3257/431/337 3256/436/342 3253/434/340
f 3256/436/342 3260/500/395 3255/438/344
f 3257/431/337 3258/432/338 3256/436/342
f 3258/432/338 3259/499/394 3256/436/342
f 3256/436/342 3259/499/394 3260/500/395
f 3260/500/395 3262/21/143 3261/502/145
f 3260/500/395 3261/502/145 3265/439/133
f 3260/500/395 3264/501/396 3262/21/143
f 3263/498/393 3264/501/396 3260/500/395
f 3263/498/393 3260/500/395 3259/499/394
f 3260/500/395 3265/439/133 3255/438/344
f 3265/439/133 3266/442/346 3252/19/131
f 3255/438/344 3265/439/133 3252/19/131
f 3265/439/133 3261/502/145 3268/503/397
f 3265/439/133 3267/445/348 3266/442/346
f 3265/439/133 3268/503/397 3267/445/348
f 3268/503/397 3272/504/1083 3269/505/399
f 3268/503/397 3269/505/399 3271/506/400
f 3268/503/397 3270/447/350 3267/445/348
f 3268/503/397 3271/506/400 3270/447/350
f 3261/502/145 3272/504/1083 3268/503/397
f 3261/502/145 3262/21/143 3272/504/1083
f 3273/507/401 3269/505/399 3272/504/1083
f 3274/511/191 3273/507/401 3272/504/1083
f 3274/511/191 3272/504/1083 3262/21/143
f 3276/649/524 3274/511/191 3262/21/143
f 3274/511/191 3275/510/189 3277/512/404
f 3278/524/415 3275/510/189 3274/511/191
f 3274/511/191 3277/512/404 3273/507/401
f 3278/524/415 3274/511/191 3276/649/524
f 3279/523/414 3281/519/410 3278/524/415
f 3280/497/392 3279/523/414 3278/524/415
f 3280/497/392 3278/524/415 3276/649/524
f 3281/519/410 3275/510/189 3278/524/415
f 3282/521/412 3283/520/411 3281/519/410
f 3282/521/412 3281/519/410 3284/522/413
f 3283/520/411 3285/90/192 3281/519/410
f 3281/519/410 3285/90/192 3275/510/189
f 3279/523/414 3284/522/413 3281/519/410
f 3285/90/192 3286/517/409 3288/513/405
f 3285/90/192 3287/518/223 3286/517/409
f 3283/520/411 3287/518/223 3285/90/192
f 3285/90/192 3277/512/404 3275/510/189
f 3285/90/192 3288/513/405 3277/512/404
f 3288/513/405 3290/516/408 3289/514/406
f 3288/513/405 3289/514/406 3277/512/404
f 3286/517/409 3290/516/408 3288/513/405
f 3291/515/407 3292/538/428 3290/516/408
f 3286/517/409 3291/515/407 3290/516/408
f 3290/516/408 3292/538/428 3293/544/434
f 3290/516/408 3293/544/434 3289/514/406
f 3293/544/434 3294/543/433 3296/545/435
f 3293/544/434 3295/540/430 3294/543/433
f 3289/514/406 3293/544/434 3296/545/435
f 3292/538/428 3295/540/430 3293/544/434
f 3296/545/435 3297/546/436 3298/508/402
f 3296/545/435 3294/543/433 3297/546/436
f 3299/509/403 3296/545/435 3298/508/402
f 3289/514/406 3296/545/435 3299/509/403
f 3299/509/403 3298/508/402 3269/505/399
f 3273/507/401 3289/514/406 3299/509/403
f 3273/507/401 3299/509/403 3269/505/399
f 3298/508/402 3301/479/379 3300/478/378
f 3269/505/399 3298/508/402 3300/478/378
f 3298/508/402 3297/546/436 3301/479/379
f 3305/448/351 3300/478/378 3301/479/379
f 3301/479/379 3303/476/376 3302/475/375
f 3305/448/351 3301/479/379 3302/475/375
f 3301/479/379 3304/480/380 3303/476/376
f 3297/546/436 3304/480/380 3301/479/379
f 3271/506/400 3300/478/378 3305/448/351
f 3271/506/400 3305/448/351 3270/447/350
f 3270/447/350 3305/448/351 3306/449/352
f 3305/448/351 3307/474/374 3306/449/352
f 3305/448/351 3302/475/375 3307/474/374
f 3302/475/375 3308/477/377 3307/474/374
f 3307/474/374 3308/477/377 3309/473/373
f 3307/474/374 3309/473/373 3310/472/372
f 3306/449/352 3307/474/374 3310/472/372
f 3310/472/372 3309/473/373 3311/419/328
f 3310/472/372 3311/419/328 3312/471/371
f 3313/451/354 3310/472/372 3312/471/371
f 3306/449/352 3310/472/372 3313/451/354
f 3313/451/354 3312/471/371 3315/452/355
f 3314/453/356 3313/451/354 3315/452/355
f 3314/453/356 3316/450/1082 3313/451/354
f 3316/450/1082 3306/449/352 3313/451/354
f 3317/443/347 3318/446/349 3316/450/1082
f 3317/443/347 3316/450/1082 3314/453/356
f 3316/450/1082 3318/446/349 3306/449/352
f 3270/447/350 3306/449/352 3318/446/349
f 3266/442/346 3270/447/350 3318/446/349
f 3317/443/347 3266/442/346 3318/446/349
f 3252/19/131 3266/442/346 3317/443/347
f 3252/19/131 3317/443/347 3251/440/127
f 3317/443/347 3314/453/356 3319/454/357
f 3247/444/125 3317/443/347 3319/454/357
f 3247/444/125 3251/440/127 3317/443/347
f 3245/7/118 3319/454/357 3320/456/359
f 3245/7/118 3247/444/125 3319/454/357
f 3319/454/357 3321/455/358 3320/456/359
f 3319/454/357 3314/453/356 3321/455/358
f 3321/455/358 3315/452/355 3324/467/367
f 3321/455/358 3314/453/356 3315/452/355
f 3320/456/359 3321/455/358 3322/457/360
f 3321/455/358 3323/461/363 3322/457/360
f 3321/455/358 3324/467/367 3323/461/363
f 3324/467/367 3315/452/355 3312/471/371
f 3324/467/367 3312/471/371 3325/468/368
f 3323/461/363 3324/467/367 3325/468/368
f 3325/468/368 3326/417/327 3328/470/370
f 3312/471/371 3326/417/327 3325/468/368
f 3325/468/368 3328/470/370 3327/466/366
f 3323/461/363 3325/468/368 3327/466/366
f 3328/470/370 3329/651/51 3332/469/369
f 3328/470/370 3330/418/100 3329/651/51
f 3326/417/327 3330/418/100 3328/470/370
f 3331/465/365 3327/466/366 3328/470/370
f 3331/465/365 3328/470/370 3332/469/369
f 3332/469/369 3329/651/51 3335/39/53
f 3333/655/272 3331/465/365 3332/469/369
f 3333/655/272 3332/469/369 3334/654/276
f 3332/469/369 3335/39/53 3334/654/276
f 3329/653/51 3336/408/279 3335/652/53
f 3337/356/57 3335/354/53 3336/358/279
f 3334/351/276 3335/37/53 3337/352/57
f 3338/357/277 3337/356/57 3339/355/278
f 3340/350/275 3337/352/57 3338/353/277
f 3337/356/57 3336/358/279 3339/355/278
f 3334/351/276 3337/352/57 3340/350/275
f 3341/348/273 3334/351/276 3340/350/275
f 3341/348/273 3340/350/275 3342/349/274
f 3340/350/275 3338/353/277 3342/349/274
f 3204/710/572 3343/344/269 3342/349/274
f 3341/348/273 3342/349/274 3343/344/269
f 3204/710/572 3342/349/274 3205/708/570
f 3342/349/274 3344/38/286 3205/708/570
f 3342/349/274 3338/353/277 3344/38/286
f 3202/709/571 3205/708/570 3344/38/286
f 3344/365/286 3338/357/277 3345/361/282
f 3344/365/286 3345/361/282 3347/362/283
f 3344/365/286 3346/366/287 3201/369/290
f 3202/709/571 3344/38/286 3201/711/290
f 3344/365/286 3347/362/283 3346/366/287
f 3346/366/287 3347/362/283 3348/363/284
f 3345/361/282 3348/363/284 3347/362/283
f 3345/361/282 3352/360/281 3348/363/284
f 3348/363/284 3349/364/285 3350/379/300
f 3348/363/284 3352/360/281 3349/364/285
f 3351/367/288 3348/363/284 3350/379/300
f 3346/366/287 3348/363/284 3351/367/288
f 3339/355/278 3352/360/281 3345/361/282
f 3339/355/278 3353/359/280 3352/360/281
f 3352/360/281 3353/359/280 3354/405/318
f 3352/360/281 3354/405/318 3349/364/285
f 3355/404/317 3354/405/318 3353/359/280
f 3235/399/314 3230/398/313 3354/405/318
f 3354/405/318 3230/398/313 3226/662/531
f 3355/404/317 3235/399/314 3354/405/318
f 3354/405/318 3226/662/531 3349/364/285
f 3336/358/279 3355/404/317 3353/359/280
f 3355/403/317 3357/402/316 3236/400/315
f 3355/403/317 3236/400/315 3235/401/314
f 3356/406/319 3355/403/317 3336/408/279
f 3356/406/319 3357/402/316 3355/403/317
f 3357/402/316 3359/413/325 3236/400/315
f 3358/410/322 3360/407/320 3357/402/316
f 3358/410/322 3357/402/316 3356/406/319
f 3357/402/316 3360/407/320 3359/413/325
f 3361/411/323 3359/413/325 3360/407/320
f 3358/410/322 3361/411/323 3360/407/320
f 3365/416/326 3362/422/329 3361/411/323
f 3362/422/329 3363/412/324 3361/411/323
f 3361/411/323 3363/412/324 3359/413/325
f 3365/416/326 3361/411/323 3364/409/321
f 3358/410/322 3364/409/321 3361/411/323
f 3366/421/163 3365/416/326 3364/409/321
f 3368/427/160 3365/416/326 3366/421/163
f 3367/423/330 3362/422/329 3365/416/326
f 3368/427/160 3367/423/330 3365/416/326
f 3308/477/377 3369/24/333 3368/650/160
f 3308/477/377 3368/650/160 3309/473/373
f 3311/419/328 3309/473/373 3368/650/160
f 3311/419/328 3368/650/160 3366/420/163
f 3369/426/333 3367/423/330 3368/427/160
f 3370/485/382 3371/428/334 3369/426/333
f 3308/477/377 3370/483/382 3369/24/333
f 3369/426/333 3371/428/334 3367/423/330
f 3370/485/382 3372/429/335 3371/428/334
f 3372/429/335 3373/424/331 3371/428/334
f 3367/423/330 3371/428/334 3373/424/331
f 3372/429/335 3374/430/336 3373/424/331
f 3374/430/336 3257/431/337 3373/424/331
f 3373/424/331 3257/431/337 3376/433/339
f 3367/423/330 3373/424/331 3375/425/332
f 3373/424/331 3376/433/339 3375/425/332
f 3375/425/332 3376/433/339 3377/660/529
f 3376/433/339 3248/661/530 3377/660/529
f 3376/433/339 3250/435/341 3248/661/530
f 3257/431/337 3250/435/341 3376/433/339
f 3375/425/332 3377/660/529 3362/422/329
f 3362/422/329 3377/660/529 3363/412/324
f 3363/412/324 3377/660/529 3248/661/530
f 3367/423/330 3375/425/332 3362/422/329
f 3372/429/335 3378/489/385 3374/430/336
f 3374/430/336 3258/432/338 3257/431/337
f 3378/489/385 3258/432/338 3374/430/336
f 3372/429/335 3382/487/383 3378/489/385
f 3381/493/388 3379/496/391 3378/489/385
f 3378/489/385 3379/496/391 3258/432/338
f 3380/488/384 3378/489/385 3382/487/383
f 3380/488/384 3381/493/388 3378/489/385
f 3383/486/205 3380/488/384 3382/487/383
f 3383/486/205 3382/487/383 3384/484/207
f 3384/484/207 3382/487/383 3372/429/335
f 3384/484/207 3372/429/335 3370/485/382
f 3303/476/376 3384/482/207 3370/483/382
f 3304/480/380 3383/23/205 3384/482/207
f 3303/476/376 3304/480/380 3384/482/207
f 3385/481/381 3386/547/203 3383/23/205
f 3304/480/380 3385/481/381 3383/23/205
f 3383/486/205 3386/490/203 3387/491/386
f 3383/486/205 3387/491/386 3380/488/384
f 3390/549/212 3387/491/386 3386/490/203
f 3390/549/212 3388/551/438 3387/491/386
f 3388/551/438 3389/492/387 3387/491/386
f 3380/488/384 3387/491/386 3389/492/387
f 3392/541/431 3391/86/439 3390/548/212
f 3391/552/439 3388/551/438 3390/549/212
f 3393/542/432 3390/548/212 3386/547/203
f 3393/542/432 3392/541/431 3390/548/212
f 3294/543/433 3392/541/431 3393/542/432
f 3294/543/433 3393/542/432 3385/481/381
f 3385/481/381 3393/542/432 3386/547/203
f 3294/543/433 3295/540/430 3392/541/431
f 3394/537/427 3392/541/431 3295/540/430
f 3394/537/427 3395/539/429 3392/541/431
f 3392/541/431 3395/539/429 3391/86/439
f 3396/536/426 3397/553/440 3395/539/429
f 3396/536/426 3395/539/429 3394/537/427
f 3397/553/440 3391/86/439 3395/539/429
f 3398/562/447 3399/559/444 3397/553/440
f 3398/562/447 3397/553/440 3396/536/426
f 3397/553/440 3399/559/444 3400/556/442
f 3397/553/440 3400/556/442 3401/554/441
f 3397/553/440 3401/554/441 3391/86/439
f 3400/558/442 3402/557/443 3401/555/441
f 3391/552/439 3401/555/441 3402/557/443
f 3402/557/443 3403/577/458 3405/581/463
f 3402/557/443 3404/561/446 3403/577/458
f 3400/558/442 3404/561/446 3402/557/443
f 3406/550/437 3402/557/443 3405/581/463
f 3391/552/439 3402/557/443 3406/550/437
f 3406/550/437 3405/581/463 3408/582/464
f 3391/552/439 3406/550/437 3388/551/438
f 3406/550/437 3407/583/465 3388/551/438
f 3406/550/437 3408/582/464 3407/583/465
f 3405/581/463 3409/33/462 3408/582/464
f 3407/583/465 3408/582/464 3409/33/462
f 3405/581/463 3410/580/461 3409/33/462
f 3407/583/465 3409/33/462 3411/584/466
f 3409/33/462 3282/521/412 3284/522/413
f 3409/33/462 3410/580/461 3282/521/412
f 3411/584/466 3409/33/462 3284/522/413
f 3411/584/466 3284/522/413 3279/523/414
f 3407/583/465 3411/584/466 3412/494/389
f 3412/494/389 3411/584/466 3279/523/414
f 3412/494/389 3279/523/414 3280/497/392
f 3413/495/390 3412/494/389 3280/497/392
f 3389/492/387 3412/494/389 3413/495/390
f 3407/583/465 3412/494/389 3389/492/387
f 3379/496/391 3413/495/390 3263/498/393
f 3413/495/390 3280/497/392 3263/498/393
f 3381/493/388 3413/495/390 3379/496/391
f 3389/492/387 3413/495/390 3381/493/388
f 3414/578/459 3282/521/412 3410/580/461
f 3403/577/458 3410/580/461 3405/581/463
f 3403/577/458 3414/578/459 3410/580/461
f 3414/578/459 3415/525/416 3282/521/412
f 3416/576/457 3415/525/416 3414/578/459
f 3403/577/458 3416/576/457 3414/578/459
f 3416/576/457 3420/579/460 3415/525/416
f 3403/577/458 3417/575/456 3416/576/457
f 3418/574/455 3416/576/457 3417/575/456
f 3418/574/455 3419/585/467 3416/576/457
f 3419/585/467 3420/579/460 3416/576/457
f 3419/585/467 3421/586/468 3420/579/460
f 3421/586/468 3422/528/1087 3420/579/460
f 3420/579/460 3422/528/1087 3423/526/417
f 3420/579/460 3423/526/417 3415/525/416
f 3422/528/1087 3424/527/226 3423/526/417
f 3283/520/411 3423/526/417 3424/527/226
f 3282/521/412 3415/525/416 3423/526/417
f 3282/521/412 3423/526/417 3283/520/411
f 3424/527/226 3425/529/419 3286/517/409
f 3424/527/226 3286/517/409 3287/518/223
f 3283/520/411 3424/527/226 3287/518/223
f 3424/527/226 3426/530/1088 3425/529/419
f 3424/527/226 3427/91/227 3426/530/1088
f 3422/528/1087 3427/91/227 3424/527/226
f 3428/590/472 3426/530/1088 3427/91/227
f 3422/528/1087 3428/590/472 3427/91/227
f 3428/590/472 3429/591/473 3426/530/1088
f 3430/589/471 3429/591/473 3428/590/472
f 3431/587/469 3430/589/471 3428/590/472
f 3422/528/1087 3431/587/469 3428/590/472
f 3421/586/468 3431/587/469 3422/528/1087
f 3432/624/503 3431/587/469 3421/586/468
f 3432/624/503 3433/588/470 3431/587/469
f 3431/587/469 3433/588/470 3430/589/471
f 3432/624/503 3434/628/507 3433/588/470
f 3433/588/470 3435/117/511 3430/589/471
f 3433/588/470 3434/628/507 3435/117/511
f 3435/117/511 3436/592/474 3430/589/471
f 3435/117/511 3438/634/512 3436/592/474
f 3434/628/507 3437/633/291 3435/117/511
f 3437/633/291 3438/634/512 3435/117/511
f 3436/592/474 3438/634/512 3440/599/481
f 3439/606/488 3440/599/481 3438/634/512
f 3437/633/291 3439/606/488 3438/634/512
f 3436/592/474 3440/599/481 3441/594/476
f 3441/594/476 3440/599/481 3442/597/479
f 3443/605/487 3442/597/479 3440/599/481
f 3439/606/488 3443/605/487 3440/599/481
f 3443/605/487 3444/600/482 3442/597/479
f 3443/605/487 3447/604/486 3444/600/482
f 3445/607/489 3443/605/487 3439/606/488
f 3445/607/489 3446/603/485 3443/605/487
f 3443/605/487 3446/603/485 3447/604/486
f 3444/600/482 3447/604/486 3449/611/493
f 3447/604/486 3448/137/71 3449/611/493
f 3447/604/486 3450/610/492 3448/137/71
f 3446/603/485 3450/610/492 3447/604/486
f 3446/603/485 3451/609/491 3450/610/492
f 3451/609/491 3452/130/64 3450/610/492
f 3452/130/64 3448/137/71 3450/610/492
f 3453/126/60 3455/127/61 3452/130/64
f 3451/609/491 3453/126/60 3452/130/64
f 3452/130/64 3454/132/66 3448/137/71
f 3452/130/64 3456/131/65 3454/132/66
f 3452/130/64 3455/127/61 3456/131/65
f 3456/131/65 3460/134/68 3454/132/66
f 3455/127/61 3458/133/67 3456/131/65
f 3456/131/65 3459/178/111 3457/135/69
f 3456/131/65 3457/135/69 3460/134/68
f 3456/131/65 3458/133/67 3459/178/111
f 3460/134/68 3462/73/73 3461/138/72
f 3454/132/66 3460/134/68 3461/138/72
f 3460/134/68 3463/136/70 3462/73/73
f 3460/134/68 3464/139/74 3463/136/70
f 3460/134/68 3457/135/69 3464/139/74
f 3459/178/111 3064/71/114 3464/139/74
f 3459/178/111 3464/139/74 3457/135/69
f 3464/143/74 3465/142/75 3463/141/70
f 3464/143/74 3062/148/80 3465/142/75
f 3064/183/114 3062/148/80 3464/143/74
f 3463/141/70 3465/142/75 3466/145/77
f 3062/148/80 3061/146/78 3465/142/75
f 3466/145/77 3465/142/75 3061/146/78
f 3463/141/70 3466/145/77 3462/140/73
f 3467/646/253 3462/140/73 3466/145/77
f 3467/646/253 3466/145/77 3470/645/522
f 3466/145/77 3061/146/78 3469/144/76
f 3466/145/77 3468/643/520 3470/645/522
f 3466/145/77 3469/144/76 3468/643/520
f 3470/645/522 3468/643/520 3471/644/521
f 3470/645/522 3471/644/521 3472/618/497
f 3467/646/253 3470/645/522 3472/618/497
f 3467/646/253 3472/618/497 3473/617/252
f 3473/617/252 3472/618/497 3474/619/498
f 3472/618/497 3475/620/499 3474/619/498
f 3472/618/497 3471/644/521 3475/620/499
f 3474/619/498 3475/620/499 3476/621/500
f 3475/620/499 3478/622/501 3476/621/500
f 3471/644/521 3477/623/502 3475/620/499
f 3475/620/499 3477/623/502 3478/622/501
f 3477/623/502 3432/624/503 3478/622/501
f 3478/622/501 3421/586/468 3419/585/467
f 3476/621/500 3478/622/501 3419/585/467
f 3478/622/501 3432/624/503 3421/586/468
f 3471/644/521 3479/626/505 3477/623/502
f 3477/623/502 3479/626/505 3480/627/506
f 3477/623/502 3480/627/506 3481/625/504
f 3477/623/502 3481/625/504 3432/624/503
f 3480/627/506 3434/628/507 3481/625/504
f 3432/624/503 3481/625/504 3434/628/507
f 3480/627/506 3482/630/509 3434/628/507
f 3479/626/505 3483/631/510 3480/627/506
f 3483/631/510 3482/630/509 3480/627/506
f 3483/631/510 3484/629/508 3482/630/509
f 3483/631/510 3485/635/513 3484/629/508
f 3483/631/510 3488/637/515 3485/635/513
f 3479/626/505 3486/641/518 3483/631/510
f 3487/642/519 3483/631/510 3486/641/518
f 3487/642/519 3488/637/515 3483/631/510
f 3488/637/515 3050/636/514 3485/635/513
f 3488/637/515 3055/638/516 3050/636/514
f 3059/149/81 3055/638/516 3488/637/515
f 3059/149/81 3488/637/515 3487/642/519
f 3061/146/78 3487/642/519 3469/144/76
f 3469/144/76 3487/642/519 3486/641/518
f 3061/146/78 3059/149/81 3487/642/519
f 3468/643/520 3486/641/518 3479/626/505
f 3469/144/76 3486/641/518 3468/643/520
f 3050/636/514 3489/74/286 3485/635/513
f 3484/629/508 3485/635/513 3489/74/286
f 3489/74/286 3445/607/489 3490/632/290
f 3484/629/508 3489/74/286 3490/632/290
f 3050/636/514 3048/640/277 3489/74/286
f 3489/74/286 3491/608/490 3445/607/489
f 3048/640/277 3491/608/490 3489/74/286
f 3048/640/277 3049/125/59 3491/608/490
f 3049/125/59 3451/609/491 3491/608/490
f 3491/608/490 3446/603/485 3445/607/489
f 3491/608/490 3451/609/491 3446/603/485
f 3490/632/290 3439/606/488 3437/633/291
f 3490/632/290 3445/607/489 3439/606/488
f 3484/629/508 3490/632/290 3437/633/291
f 3484/629/508 3437/633/291 3482/630/509
f 3434/628/507 3482/630/509 3437/633/291
f 3468/643/520 3479/626/505 3471/644/521
f 3474/619/498 3476/621/500 3492/573/454
f 3492/573/454 3476/621/500 3418/574/455
f 3476/621/500 3419/585/467 3418/574/455
f 3493/616/250 3492/573/454 3495/568/247
f 3493/616/250 3474/619/498 3492/573/454
f 3492/573/454 3418/574/455 3494/569/452
f 3495/568/247 3492/573/454 3494/569/452
f 3496/614/496 3493/79/250 3495/571/247
f 3496/614/496 3495/571/247 3497/648/523
f 3497/648/523 3495/571/247 3498/567/245
f 3495/568/247 3494/569/452 3498/570/245
f 3497/648/523 3498/567/245 3499/566/451
f 3499/566/451 3498/567/245 3500/88/445
f 3500/560/445 3498/570/245 3494/569/452
f 3500/560/445 3494/569/452 3501/572/453
f 3500/560/445 3501/572/453 3404/561/446
f 3500/560/445 3404/561/446 3400/558/442
f 3499/566/451 3500/88/445 3502/563/448
f 3399/559/444 3502/563/448 3500/88/445
f 3399/559/444 3500/88/445 3400/556/442
f 3503/564/449 3499/566/451 3502/563/448
f 3503/564/449 3502/563/448 3399/559/444
f 3503/564/449 3504/565/450 3499/566/451
f 3505/596/478 3504/565/450 3503/564/449
f 3503/564/449 3399/559/444 3398/562/447
f 3505/596/478 3503/564/449 3506/533/423
f 3506/533/423 3503/564/449 3398/562/447
f 3508/593/475 3506/533/423 3507/532/422
f 3507/532/422 3506/533/423 3509/534/424
f 3508/593/475 3505/596/478 3506/533/423
f 3506/533/423 3398/562/447 3509/534/424
f 3509/534/424 3398/562/447 3396/536/426
f 3509/534/424 3396/536/426 3510/535/425
f 3511/531/421 3509/534/424 3510/535/425
f 3507/532/422 3509/534/424 3511/531/421
f 3511/531/421 3510/535/425 3291/515/407
f 3286/517/409 3511/531/421 3291/515/407
f 3286/517/409 3425/529/419 3511/531/421
f 3426/530/1088 3511/531/421 3425/529/419
f 3426/530/1088 3507/532/422 3511/531/421
f 3291/515/407 3510/535/425 3292/538/428
f 3510/535/425 3394/537/427 3292/538/428
f 3510/535/425 3396/536/426 3394/537/427
f 3429/591/473 3508/593/475 3507/532/422
f 3429/591/473 3441/594/476 3508/593/475
f 3508/593/475 3441/594/476 3512/595/477
f 3508/593/475 3512/595/477 3505/596/478
f 3441/594/476 3442/597/479 3512/595/477
f 3442/597/479 3513/598/480 3512/595/477
f 3512/595/477 3513/598/480 3504/565/450
f 3512/595/477 3504/565/450 3505/596/478
f 3442/597/479 3514/601/483 3513/598/480
f 3514/601/483 3497/648/523 3513/598/480
f 3504/565/450 3513/598/480 3497/648/523
f 3442/597/479 3515/602/484 3514/601/483
f 3515/602/484 3496/614/496 3514/601/483
f 3514/601/483 3496/614/496 3497/648/523
f 3444/600/482 3449/611/493 3515/602/484
f 3442/597/479 3444/600/482 3515/602/484
f 3515/602/484 3517/612/494 3516/613/495
f 3515/602/484 3516/613/495 3496/614/496
f 3515/602/484 3449/611/493 3517/612/494
f 3517/612/494 3473/615/252 3516/613/495
f 3449/611/493 3461/138/72 3517/612/494
f 3517/612/494 3467/647/253 3473/615/252
f 3461/138/72 3467/647/253 3517/612/494
f 3496/614/496 3516/613/495 3473/615/252
f 3429/591/473 3507/532/422 3426/530/1088
f 3504/565/450 3497/648/523 3499/566/451
f 3404/561/446 3501/572/453 3417/575/456
f 3494/569/452 3417/575/456 3501/572/453
f 3496/614/496 3473/615/252 3493/79/250
f 3494/569/452 3418/574/455 3417/575/456
f 3473/617/252 3474/619/498 3493/616/250
f 3461/138/72 3462/73/73 3467/647/253
f 3454/132/66 3461/138/72 3448/137/71
f 3449/611/493 3448/137/71 3461/138/72
f 3518/177/110 3519/180/113 3459/178/111
f 3518/177/110 3459/178/111 3458/133/67
f 3459/178/111 3519/180/113 3065/181/115
f 3459/178/111 3065/181/115 3064/71/114
f 3108/179/112 3109/184/116 3519/180/113
f 3109/184/116 3065/181/115 3519/180/113
f 3108/179/112 3519/180/113 3518/177/110
f 3522/129/63 3518/177/110 3458/133/67
f 3520/175/108 3108/179/112 3518/177/110
f 3520/175/108 3518/177/110 3521/176/109
f 3522/129/63 3521/176/109 3518/177/110
f 3523/124/58 3522/129/63 3455/127/61
f 3523/124/58 3524/128/62 3522/129/63
f 3455/127/61 3522/129/63 3458/133/67
f 3524/128/62 3521/176/109 3522/129/63
f 3043/119/52 3525/173/106 3524/128/62
f 3051/120/54 3043/119/52 3524/128/62
f 3051/120/54 3524/128/62 3523/124/58
f 3524/128/62 3525/173/106 3521/176/109
f 3042/174/107 3097/172/105 3525/173/106
f 3525/173/106 3097/172/105 3520/175/108
f 3043/119/52 3042/174/107 3525/173/106
f 3525/173/106 3520/175/108 3521/176/109
f 3453/126/60 3523/124/58 3455/127/61
f 3049/125/59 3523/124/58 3453/126/60
f 3049/125/59 3051/120/54 3523/124/58
f 3106/241/169 3108/179/112 3520/175/108
f 3097/172/105 3106/241/169 3520/175/108
f 3049/125/59 3453/126/60 3451/609/491
f 3429/591/473 3436/592/474 3441/594/476
f 3430/589/471 3436/592/474 3429/591/473
f 3404/561/446 3417/575/456 3403/577/458
f 3388/551/438 3407/583/465 3389/492/387
f 3292/538/428 3394/537/427 3295/540/430
f 3380/488/384 3389/492/387 3381/493/388
f 3294/543/433 3385/481/381 3297/546/436
f 3297/546/436 3385/481/381 3304/480/380
f 3379/496/391 3263/498/393 3259/499/394
f 3258/432/338 3379/496/391 3259/499/394
f 3308/477/377 3303/476/376 3370/483/382
f 3366/421/163 3364/409/321 3526/414/102
f 3326/417/327 3311/419/328 3366/420/163
f 3326/417/327 3366/420/163 3526/25/102
f 3330/415/100 3526/414/102 3364/409/321
f 3326/417/327 3526/25/102 3330/418/100
f 3330/415/100 3364/409/321 3358/410/322
f 3363/412/324 3242/659/528 3359/413/325
f 3363/412/324 3248/661/530 3243/657/526
f 3363/412/324 3243/657/526 3242/659/528
f 3359/413/325 3237/394/310 3236/400/315
f 3359/413/325 3242/659/528 3237/394/310
f 3329/653/51 3358/410/322 3356/406/319
f 3329/653/51 3330/415/100 3358/410/322
f 3329/653/51 3356/406/319 3336/408/279
f 3336/358/279 3353/359/280 3339/355/278
f 3351/367/288 3527/377/298 3528/374/295
f 3351/367/288 3350/379/300 3527/377/298
f 3351/367/288 3528/374/295 3529/371/292
f 3530/368/289 3351/367/288 3529/371/292
f 3530/368/289 3346/366/287 3351/367/288
f 3531/372/293 3530/368/289 3529/371/292
f 3201/369/290 3530/368/289 3200/370/291
f 3199/665/511 3200/370/291 3530/368/289
f 3199/665/511 3530/368/289 3531/372/293
f 3201/369/290 3346/366/287 3530/368/289
f 3531/372/293 3529/371/292 3532/373/294
f 3534/663/532 3531/372/293 3532/373/294
f 3533/664/471 3531/372/293 3534/663/532
f 3533/664/471 3199/665/511 3531/372/293
f 3536/689/472 3533/664/471 3534/663/532
f 3534/663/532 3532/373/294 3535/313/237
f 3537/309/233 3534/663/532 3535/313/237
f 3536/689/472 3534/663/532 3537/309/233
f 3536/689/472 3537/309/233 3538/306/230
f 3537/309/233 3539/310/234 3538/306/230
f 3537/309/233 3540/311/235 3539/310/234
f 3537/309/233 3535/313/237 3540/311/235
f 3539/310/234 3540/311/235 3542/314/238
f 3540/311/235 3541/315/239 3542/314/238
f 3540/311/235 3535/313/237 3541/315/239
f 3542/314/238 3543/699/560 3545/312/236
f 3542/314/238 3544/317/241 3543/699/560
f 3542/314/238 3546/316/240 3544/317/241
f 3539/310/234 3542/314/238 3545/312/236
f 3542/314/238 3541/315/239 3546/316/240
f 3546/316/240 3548/320/244 3547/322/246
f 3546/316/240 3547/322/246 3544/317/241
f 3541/315/239 3219/318/242 3546/316/240
f 3546/316/240 3220/319/243 3548/320/244
f 3546/316/240 3219/318/242 3220/319/243
f 3548/320/244 3215/44/250 3549/323/247
f 3547/322/246 3548/320/244 3549/323/247
f 3548/320/244 3220/319/243 3215/44/250
f 3549/323/247 3216/324/248 3551/325/249
f 3549/323/247 3215/44/250 3216/324/248
f 3547/322/246 3549/323/247 3550/321/245
f 3550/321/245 3549/323/247 3551/325/249
f 3550/321/245 3551/325/249 3179/680/545
f 3551/325/249 3180/678/543 3179/680/545
f 3551/325/249 3190/676/541 3180/678/543
f 3216/324/248 3190/676/541 3551/325/249
f 3552/697/558 3547/322/246 3550/321/245
f 3552/697/558 3550/321/245 3553/46/445
f 3550/321/245 3177/692/1086 3553/46/445
f 3550/321/245 3179/680/545 3177/692/1086
f 3552/697/558 3553/46/445 3554/694/442
f 3554/694/442 3553/46/445 3177/692/1086
f 3155/695/441 3554/694/442 3175/691/554
f 3555/696/557 3554/694/442 3155/695/441
f 3552/697/558 3554/694/442 3555/696/557
f 3554/694/442 3177/692/1086 3175/691/554
f 3556/698/559 3555/696/557 3154/702/563
f 3555/696/557 3155/695/441 3154/702/563
f 3543/699/560 3555/696/557 3556/698/559
f 3543/699/560 3552/697/558 3555/696/557
f 3558/700/561 3556/698/559 3557/701/562
f 3556/698/559 3154/702/563 3557/701/562
f 3545/312/236 3543/699/560 3556/698/559
f 3545/312/236 3556/698/559 3558/700/561
f 3558/700/561 3557/701/562 3561/704/565
f 3560/307/231 3559/308/232 3558/700/561
f 3559/308/232 3545/312/236 3558/700/561
f 3560/307/231 3558/700/561 3561/704/565
f 3561/704/565 3557/701/562 3562/703/564
f 3561/704/565 3562/703/564 3563/13/566
f 3560/307/231 3561/704/565 3563/13/566
f 3560/307/231 3563/13/566 3564/270/195
f 3565/271/196 3564/270/195 3563/13/566
f 3565/271/196 3563/13/566 3566/272/197
f 3563/13/566 3567/275/200 3566/272/197
f 3563/13/566 3562/703/564 3567/275/200
f 3566/272/197 3567/275/200 3568/274/199
f 3568/274/199 3567/275/200 3149/276/201
f 3567/275/200 3151/705/567 3149/276/201
f 3567/275/200 3562/703/564 3151/705/567
f 3568/274/199 3149/276/201 3144/277/202
f 3141/225/153 3568/274/199 3144/277/202
f 3566/272/197 3568/274/199 3569/273/198
f 3569/273/198 3568/274/199 3141/225/153
f 3569/273/198 3141/225/153 3140/222/150
f 3570/220/148 3569/273/198 3140/222/150
f 3565/271/196 3569/273/198 3570/220/148
f 3565/271/196 3566/272/197 3569/273/198
f 3570/220/148 3140/222/150 3571/218/146
f 3573/216/144 3570/220/148 3571/218/146
f 3572/219/147 3565/271/196 3570/220/148
f 3573/216/144 3572/219/147 3570/220/148
f 3575/214/142 3573/216/144 3571/218/146
f 3574/215/143 3572/219/147 3573/216/144
f 3574/215/143 3573/216/144 3575/214/142
f 3576/205/133 3575/214/142 3577/207/135
f 3576/205/133 3580/217/145 3575/214/142
f 3575/214/142 3578/208/136 3577/207/135
f 3575/214/142 3579/213/141 3578/208/136
f 3574/215/143 3575/214/142 3580/217/145
f 3575/214/142 3571/218/146 3579/213/141
f 3581/249/177 3580/260/145 3576/204/133
f 3581/249/177 3574/56/143 3580/260/145
f 3119/246/174 3583/248/176 3581/249/177
f 3119/246/174 3581/249/177 3582/203/132
f 3581/249/177 3576/204/133 3582/203/132
f 3584/256/184 3581/249/177 3583/248/176
f 3581/249/177 3585/259/187 3574/56/143
f 3584/256/184 3585/259/187 3581/249/177
f 3163/257/185 3585/259/187 3584/256/184
f 3163/257/185 3166/258/186 3585/259/187
f 3166/258/186 3574/56/143 3585/259/187
f 3586/254/182 3163/257/185 3584/256/184
f 3586/254/182 3584/256/184 3583/248/176
f 3586/254/182 3162/255/183 3163/257/185
f 3587/253/181 3162/255/183 3586/254/182
f 3586/254/182 3583/248/176 3123/252/180
f 3587/253/181 3586/254/182 3123/252/180
f 3130/282/208 3148/280/1085 3587/253/181
f 3130/282/208 3587/253/181 3122/251/179
f 3587/253/181 3123/252/180 3122/251/179
f 3147/283/209 3587/253/181 3148/280/1085
f 3147/283/209 3160/285/211 3587/253/181
f 3587/253/181 3160/285/211 3162/255/183
f 3123/252/180 3583/248/176 3119/246/174
f 3119/246/174 3582/203/132 3120/201/130
f 3120/201/130 3582/203/132 3576/204/133
f 3579/213/141 3140/222/150 3137/221/149
f 3578/208/136 3579/213/141 3137/221/149
f 3579/213/141 3571/218/146 3140/222/150
f 3578/208/136 3082/211/139 3081/210/138
f 3588/206/134 3578/208/136 3081/210/138
f 3578/208/136 3136/212/140 3082/211/139
f 3588/206/134 3577/207/135 3578/208/136
f 3578/208/136 3137/221/149 3136/212/140
f 3576/205/133 3577/207/135 3588/206/134
f 3576/205/133 3588/206/134 3589/202/131
f 3590/199/128 3588/206/134 3081/210/138
f 3589/202/131 3588/206/134 3590/199/128
f 3590/199/128 3081/210/138 3080/209/137
f 3589/202/131 3590/199/128 3112/198/127
f 3112/198/127 3590/199/128 3075/200/129
f 3075/200/129 3590/199/128 3080/209/137
f 3120/201/130 3576/204/133 3589/59/131
f 3114/195/126 3589/59/131 3112/196/127
f 3114/195/126 3120/201/130 3589/59/131
f 3574/215/143 3591/265/191 3572/219/147
f 3166/258/186 3591/264/191 3574/56/143
f 3165/261/188 3592/262/189 3591/264/191
f 3592/266/189 3572/219/147 3591/265/191
f 3165/261/188 3591/264/191 3166/258/186
f 3168/295/221 3592/262/189 3165/261/188
f 3168/295/221 3593/48/192 3592/262/189
f 3592/266/189 3593/267/192 3595/269/194
f 3592/266/189 3595/269/194 3594/268/193
f 3592/266/189 3594/268/193 3572/219/147
f 3596/304/229 3564/270/195 3595/269/194
f 3595/269/194 3564/270/195 3565/271/196
f 3595/269/194 3565/271/196 3594/268/193
f 3593/267/192 3596/304/229 3595/269/194
f 3596/304/229 3560/307/231 3564/270/195
f 3593/267/192 3597/305/223 3596/304/229
f 3597/305/223 3598/302/228 3596/304/229
f 3596/304/229 3559/308/232 3560/307/231
f 3596/304/229 3598/302/228 3559/308/232
f 3597/305/223 3599/303/226 3598/302/228
f 3538/306/230 3559/308/232 3598/302/228
f 3599/303/226 3538/306/230 3598/302/228
f 3600/299/225 3599/300/226 3597/297/223
f 3184/687/552 3601/45/227 3599/300/226
f 3184/687/552 3599/300/226 3600/299/225
f 3599/303/226 3601/301/227 3538/306/230
f 3184/687/552 3536/688/472 3601/45/227
f 3536/689/472 3538/306/230 3601/301/227
f 3170/298/224 3184/687/552 3600/299/225
f 3170/298/224 3600/299/225 3172/296/222
f 3600/299/225 3597/297/223 3172/296/222
f 3172/296/222 3597/297/223 3593/48/192
f 3572/219/147 3594/268/193 3565/271/196
f 3172/296/222 3593/48/192 3168/295/221
f 3557/701/562 3151/705/567 3562/703/564
f 3538/306/230 3539/310/234 3559/308/232
f 3559/308/232 3539/310/234 3545/312/236
f 3557/701/562 3154/702/563 3151/705/567
f 3544/317/241 3552/697/558 3543/699/560
f 3544/317/241 3547/322/246 3552/697/558
f 3541/315/239 3602/375/296 3219/318/242
f 3535/313/237 3602/375/296 3541/315/239
f 3529/371/292 3528/374/295 3602/375/296
f 3602/375/296 3528/374/295 3221/376/297
f 3602/375/296 3221/376/297 3219/318/242
f 3529/371/292 3602/375/296 3532/373/294
f 3535/313/237 3532/373/294 3602/375/296
f 3185/686/551 3533/669/471 3536/688/472
f 3184/687/552 3185/686/551 3536/688/472
f 3197/668/534 3199/41/511 3533/669/471
f 3197/668/534 3533/669/471 3188/672/537
f 3185/686/551 3188/672/537 3533/669/471
f 3527/377/298 3221/376/297 3528/374/295
f 3527/377/298 3224/380/301 3222/378/299
f 3527/377/298 3222/378/299 3221/376/297
f 3527/377/298 3350/379/300 3224/380/301
f 3349/364/285 3224/380/301 3350/379/300
f 3349/364/285 3226/662/531 3224/380/301
f 3338/357/277 3339/355/278 3345/361/282
f 3603/343/268 3341/348/273 3343/344/269
f 3603/343/268 3343/344/269 3604/342/267
f 3604/342/267 3343/344/269 3204/710/572
f 3605/339/264 3604/342/267 3206/335/260
f 3605/339/264 3603/343/268 3604/342/267
f 3604/342/267 3204/710/572 3206/335/260
f 3605/339/264 3606/341/266 3603/343/268
f 3605/339/264 3206/335/260 3208/336/261
f 3213/337/262 3605/339/264 3208/336/261
f 3213/337/262 3607/338/263 3605/339/264
f 3607/338/263 3606/341/266 3605/339/264
f 3229/384/74 3607/338/263 3228/383/70
f 3228/383/70 3607/338/263 3213/337/262
f 3229/384/74 3608/340/265 3607/338/263
f 3607/338/263 3608/340/265 3606/341/266
f 3233/3/114 3608/340/265 3229/384/74
f 3609/393/309 3606/341/266 3608/340/265
f 3233/3/114 3609/393/309 3608/340/265
f 3609/393/309 3610/345/270 3606/341/266
f 3611/389/307 3610/463/270 3609/391/309
f 3239/388/115 3611/389/307 3609/391/309
f 3239/388/115 3609/391/309 3233/9/114
f 3611/389/307 3322/457/360 3612/460/362
f 3611/389/307 3612/460/362 3610/463/270
f 3611/389/307 3613/458/361 3322/457/360
f 3239/388/115 3613/458/361 3611/389/307
f 3245/7/118 3320/456/359 3613/458/361
f 3245/7/118 3613/458/361 3241/459/117
f 3239/388/115 3241/459/117 3613/458/361
f 3320/456/359 3322/457/360 3613/458/361
f 3612/460/362 3615/464/271 3610/463/270
f 3612/460/362 3322/457/360 3323/461/363
f 3612/460/362 3323/461/363 3614/462/364
f 3612/460/362 3614/462/364 3615/464/271
f 3615/346/271 3333/347/272 3341/348/273
f 3614/462/364 3333/655/272 3615/464/271
f 3610/345/270 3615/346/271 3603/343/268
f 3615/346/271 3341/348/273 3603/343/268
f 3614/462/364 3331/465/365 3333/655/272
f 3323/461/363 3331/465/365 3614/462/364
f 3610/345/270 3603/343/268 3606/341/266
f 3341/348/273 3333/347/272 3334/351/276
f 3323/461/363 3327/466/366 3331/465/365
f 3312/471/371 3311/419/328 3326/417/327
f 3302/475/375 3303/476/376 3308/477/377
f 3269/505/399 3300/478/378 3271/506/400
f 3273/507/401 3277/512/404 3289/514/406
f 3280/497/392 3264/501/396 3263/498/393
f 3280/497/392 3276/649/524 3264/501/396
f 3276/649/524 3262/21/143 3264/501/396
f 3266/442/346 3267/445/348 3270/447/350
f 3257/431/337 3253/434/340 3250/435/341
f 3228/383/70 3213/337/262 3212/2/73
f 3216/324/248 3191/330/255 3190/676/541
f 3187/675/540 3197/668/534 3188/672/537
f 3155/695/441 3175/691/554 3153/693/556
f 3129/281/207 3143/62/205 3148/280/1085
f 3129/281/207 3148/280/1085 3130/282/208
f 3133/227/155 3139/226/154 3129/281/207
f 3136/212/140 3083/229/157 3082/211/139
f 3133/227/155 3129/281/207 3128/714/382
f 3087/235/163 3132/232/160 3100/237/165
f 3085/230/158 3132/232/160 3087/235/163
f 3132/232/160 3126/713/574 3100/237/165
f 3100/237/165 3126/713/574 3124/715/575
f 3100/237/165 3124/715/575 3101/238/166
f 3124/715/575 3118/244/172 3105/242/170
f 3124/715/575 3105/242/170 3101/238/166
f 3112/198/127 3075/200/129 3115/197/125
f 3115/197/125 3075/200/129 3071/188/119
f 3115/197/125 3071/188/119 3113/187/118
f 3109/184/116 3110/189/120 3113/63/118
f 3109/184/116 3113/63/118 3616/185/117
f 3616/186/117 3113/187/118 3071/188/119
f 3065/182/115 3616/186/117 3069/190/121
f 3109/184/116 3616/185/117 3065/181/115
f 3616/186/117 3071/188/119 3069/190/121
f 3097/172/105 3096/171/104 3106/241/169
f 3042/174/107 3098/169/101 3097/172/105
f 3089/168/100 3098/169/101 3042/174/107
f 3089/168/100 3042/174/107 3046/118/51
f 3075/200/129 3080/209/137 3076/718/578
f 3065/182/115 3069/190/121 3066/153/85
f 3057/150/82 3068/158/90 3058/155/87
f 3054/157/89 3044/121/55 3045/122/56
f 3617/72/53 3621/174/107 3618/119/52
f 3617/72/53 3618/119/52 3623/120/54
f 3622/121/55 3617/72/53 3619/122/56
f 3624/639/517 3619/122/56 3617/72/53
f 3617/72/53 3620/118/51 3621/174/107
f 3622/121/55 3620/118/51 3617/72/53
f 3617/72/53 3623/120/54 3625/123/57
f 3624/639/517 3617/72/53 3625/123/57
f 3626/640/277 3625/123/57 3623/120/54
f 3624/639/517 3625/123/57 3626/640/277
f 3624/639/517 3626/640/277 3627/636/514
f 3631/635/513 3627/636/514 3626/640/277
f 3626/640/277 3623/120/54 3628/125/59
f 3626/640/277 3628/125/59 3630/608/490
f 3626/640/277 3630/608/490 3629/74/286
f 3631/635/513 3626/640/277 3629/74/286
f 3634/638/516 3627/636/514 3631/635/513
f 3632/629/508 3631/635/513 3629/74/286
f 3633/637/515 3631/635/513 3632/629/508
f 3634/638/516 3631/635/513 3633/637/515
f 3635/149/81 3634/638/516 3633/637/515
f 3635/149/81 3636/156/88 3634/638/516
f 3636/156/88 3627/636/514 3634/638/516
f 3636/156/88 3624/639/517 3627/636/514
f 3636/156/88 3619/122/56 3624/639/517
f 3636/156/88 3637/157/89 3619/122/56
f 3635/149/81 3638/151/83 3636/156/88
f 3638/151/83 3637/157/89 3636/156/88
f 3640/147/79 3638/151/83 3635/149/81
f 3638/151/83 3639/155/87 3637/157/89
f 3640/147/79 3639/155/87 3638/151/83
f 3640/147/79 3635/149/81 3642/146/78
f 3640/147/79 3641/150/82 3639/155/87
f 3644/152/84 3641/150/82 3640/147/79
f 3645/142/75 3640/147/79 3642/146/78
f 3644/152/84 3640/147/79 3643/148/80
f 3645/142/75 3643/148/80 3640/147/79
f 3645/142/75 3642/146/78 3648/144/76
f 3650/143/74 3643/148/80 3645/142/75
f 3646/140/73 3645/142/75 3647/145/77
f 3646/140/73 3649/141/70 3645/142/75
f 3645/142/75 3648/144/76 3647/145/77
f 3650/143/74 3645/142/75 3649/141/70
f 3652/134/68 3650/139/74 3649/136/70
f 3651/135/69 3653/71/114 3650/139/74
f 3652/134/68 3651/135/69 3650/139/74
f 3653/183/114 3643/148/80 3650/143/74
f 3653/183/114 3644/152/84 3643/148/80
f 3651/135/69 3654/178/111 3653/71/114
f 3655/182/115 3644/152/84 3653/183/114
f 3654/178/111 3655/181/115 3653/71/114
f 3655/182/115 3658/153/85 3644/152/84
f 3654/178/111 3656/180/113 3655/181/115
f 3659/184/116 3655/181/115 3656/180/113
f 3659/184/116 3657/185/117 3655/181/115
f 3655/182/115 3657/186/117 3660/190/121
f 3655/182/115 3660/190/121 3658/153/85
f 3663/187/118 3660/190/121 3657/186/117
f 3660/190/121 3661/154/86 3658/153/85
f 3660/190/121 3662/163/95 3661/154/86
f 3664/188/119 3662/163/95 3660/190/121
f 3663/187/118 3664/188/119 3660/190/121
f 3664/188/119 3667/161/93 3662/163/95
f 3665/197/125 3664/188/119 3663/187/118
f 3665/197/125 3666/200/129 3664/188/119
f 3664/188/119 3666/200/129 3668/718/578
f 3664/188/119 3668/718/578 3667/161/93
f 3668/718/578 3671/162/94 3667/161/93
f 3666/200/129 3670/209/137 3668/718/578
f 3670/209/137 3669/716/576 3668/718/578
f 3668/718/578 3669/716/576 3671/162/94
f 3667/161/93 3671/162/94 3672/160/92
f 3669/716/576 3674/165/97 3671/162/94
f 3671/162/94 3673/164/96 3672/160/92
f 3671/162/94 3674/165/97 3673/164/96
f 3673/164/96 3674/165/97 3675/167/99
f 3674/165/97 3677/233/161 3675/167/99
f 3674/165/97 3676/234/162 3677/233/161
f 3669/716/576 3676/234/162 3674/165/97
f 3675/167/99 3677/233/161 3678/235/163
f 3679/231/159 3677/233/161 3676/234/162
f 3680/230/158 3678/235/163 3677/233/161
f 3679/231/159 3680/230/158 3677/233/161
f 3680/230/158 3681/232/160 3678/235/163
f 3682/229/157 3680/230/158 3679/231/159
f 3683/228/156 3681/232/160 3680/230/158
f 3682/229/157 3683/228/156 3680/230/158
f 3683/228/156 3684/64/333 3681/232/160
f 3685/224/152 3683/228/156 3682/229/157
f 3683/228/156 3686/714/382 3684/64/333
f 3685/224/152 3687/227/155 3683/228/156
f 3683/228/156 3687/227/155 3686/714/382
f 3688/223/151 3687/227/155 3685/224/152
f 3687/227/155 3689/281/207 3686/714/382
f 3688/223/151 3690/226/154 3687/227/155
f 3687/227/155 3690/226/154 3689/281/207
f 3688/223/151 3691/279/1081 3690/226/154
f 3691/279/1081 3689/281/207 3690/226/154
f 3688/223/151 3693/225/153 3691/279/1081
f 3691/279/1081 3692/277/202 3694/278/203
f 3693/225/153 3692/277/202 3691/279/1081
f 3691/279/1081 3694/278/203 3695/62/205
f 3691/279/1081 3695/62/205 3689/281/207
f 3694/278/203 3696/280/1085 3695/62/205
f 3689/281/207 3695/62/205 3696/280/1085
f 3696/280/1085 3697/285/211 3699/253/181
f 3696/280/1085 3698/283/209 3697/285/211
f 3694/278/203 3698/283/209 3696/280/1085
f 3696/280/1085 3699/253/181 3700/251/179
f 3696/280/1085 3700/251/179 3701/282/208
f 3689/281/207 3696/280/1085 3701/282/208
f 3689/281/207 3701/282/208 3702/712/573
f 3702/712/573 3701/282/208 3700/251/179
f 3702/712/573 3703/250/178 3704/715/575
f 3702/712/573 3700/251/179 3703/250/178
f 3702/712/573 3704/715/575 3705/713/574
f 3686/714/382 3702/712/573 3705/713/574
f 3689/281/207 3702/712/573 3686/714/382
f 3686/714/382 3705/713/574 3684/64/333
f 3684/64/333 3705/713/574 3707/237/165
f 3705/713/574 3704/715/575 3706/238/166
f 3705/713/574 3706/238/166 3707/237/165
f 3684/64/333 3707/237/165 3681/232/160
f 3678/235/163 3681/232/160 3707/237/165
f 3707/237/165 3709/239/167 3708/236/164
f 3678/235/163 3707/237/165 3708/236/164
f 3707/237/165 3706/238/166 3709/239/167
f 3710/171/104 3709/239/167 3711/240/168
f 3708/236/164 3709/239/167 3710/171/104
f 3706/238/166 3711/240/168 3709/239/167
f 3710/171/104 3711/240/168 3712/241/169
f 3711/240/168 3713/192/123 3712/241/169
f 3706/238/166 3715/242/170 3711/240/168
f 3711/240/168 3714/191/122 3713/192/123
f 3715/242/170 3714/191/122 3711/240/168
f 3715/242/170 3717/245/173 3716/243/171
f 3715/242/170 3716/243/171 3714/191/122
f 3715/242/170 3718/244/172 3717/245/173
f 3704/715/575 3718/244/172 3715/242/170
f 3704/715/575 3715/242/170 3706/238/166
f 3719/247/175 3717/245/173 3718/244/172
f 3704/715/575 3719/247/175 3718/244/172
f 3719/247/175 3720/246/174 3717/245/173
f 3704/715/575 3703/250/178 3719/247/175
f 3700/251/179 3719/247/175 3703/250/178
f 3700/251/179 3721/252/180 3719/247/175
f 3721/252/180 3720/246/174 3719/247/175
f 3721/252/180 3722/248/176 3720/246/174
f 3723/254/182 3722/248/176 3721/252/180
f 3699/253/181 3723/254/182 3721/252/180
f 3699/253/181 3721/252/180 3700/251/179
f 3723/254/182 3725/256/184 3722/248/176
f 3724/255/183 3725/256/184 3723/254/182
f 3699/253/181 3724/255/183 3723/254/182
f 3725/256/184 3726/249/177 3722/248/176
f 3725/256/184 3727/259/187 3726/249/177
f 3728/257/185 3727/259/187 3725/256/184
f 3724/255/183 3728/257/185 3725/256/184
f 3728/257/185 3729/258/186 3727/259/187
f 3731/263/190 3729/258/186 3728/257/185
f 3730/291/217 3728/257/185 3724/255/183
f 3730/291/217 3731/263/190 3728/257/185
f 3731/263/190 3732/261/188 3729/258/186
f 3733/290/216 3731/263/190 3730/291/217
f 3734/293/219 3732/261/188 3731/263/190
f 3733/290/216 3734/293/219 3731/263/190
f 3733/290/216 3736/294/220 3734/293/219
f 3736/294/220 3735/295/221 3734/293/219
f 3734/293/219 3735/295/221 3732/261/188
f 3733/290/216 3740/292/218 3736/294/220
f 3736/294/220 3737/296/222 3735/295/221
f 3739/298/224 3737/296/222 3736/294/220
f 3738/682/547 3736/294/220 3740/292/218
f 3738/682/547 3739/298/224 3736/294/220
f 3741/289/215 3740/292/218 3733/290/216
f 3742/690/553 3738/682/547 3740/292/218
f 3741/289/215 3742/690/553 3740/292/218
f 3743/693/556 3742/690/553 3741/289/215
f 3744/691/554 3742/690/553 3743/693/556
f 3744/691/554 3745/683/548 3742/690/553
f 3742/690/553 3745/683/548 3738/682/547
f 3747/692/1086 3745/683/548 3744/691/554
f 3747/692/1086 3746/681/546 3745/683/548
f 3746/681/546 3738/682/547 3745/683/548
f 3748/694/442 3747/692/1086 3744/691/554
f 3748/694/442 3749/46/445 3747/692/1086
f 3747/692/1086 3751/678/543 3746/681/546
f 3752/321/245 3747/692/1086 3749/46/445
f 3747/692/1086 3750/680/545 3751/678/543
f 3752/321/245 3750/680/545 3747/692/1086
f 3753/697/1089 3755/322/246 3752/321/245
f 3753/697/1089 3752/321/245 3749/46/445
f 3752/321/245 3754/325/249 3750/680/545
f 3752/321/245 3757/323/247 3754/325/249
f 3756/320/244 3752/321/245 3755/322/246
f 3756/320/244 3757/323/247 3752/321/245
f 3759/319/243 3757/323/247 3756/320/244
f 3757/323/247 3758/324/248 3754/325/249
f 3757/323/247 3760/44/250 3758/324/248
f 3759/319/243 3760/44/250 3757/323/247
f 3761/326/251 3760/44/250 3759/319/243
f 3760/44/250 3763/329/254 3758/324/248
f 3761/326/251 3762/327/252 3760/44/250
f 3760/44/250 3762/327/252 3763/329/254
f 3765/328/253 3764/331/256 3763/329/254
f 3764/331/256 3767/333/258 3763/329/254
f 3765/328/253 3763/329/254 3762/327/252
f 3763/329/254 3766/330/255 3758/324/248
f 3763/329/254 3767/333/258 3766/330/255
f 3764/331/256 3768/332/257 3767/333/258
f 3768/332/257 3769/706/568 3767/333/258
f 3766/330/255 3767/333/258 3769/706/568
f 3771/673/538 3769/706/568 3770/670/535
f 3769/706/568 3773/707/569 3770/670/535
f 3766/330/255 3769/706/568 3771/673/538
f 3768/332/257 3772/334/259 3769/706/568
f 3769/706/568 3772/334/259 3773/707/569
f 3774/335/260 3773/707/569 3772/334/259
f 3774/335/260 3777/710/572 3773/707/569
f 3773/707/569 3776/709/571 3775/666/533
f 3773/707/569 3775/666/533 3770/670/535
f 3777/710/572 3776/709/571 3773/707/569
f 3774/335/260 3778/344/269 3777/710/572
f 3777/710/572 3778/344/269 3779/349/274
f 3777/710/572 3779/349/274 3780/708/570
f 3777/710/572 3780/708/570 3776/709/571
f 3779/349/274 3781/38/286 3780/708/570
f 3776/709/571 3780/708/570 3781/38/286
f 3781/365/286 3782/362/283 3784/366/287
f 3785/357/277 3782/362/283 3781/365/286
f 3779/349/274 3785/353/277 3781/38/286
f 3776/709/571 3781/38/286 3783/711/290
f 3781/365/286 3784/366/287 3783/369/290
f 3786/350/275 3785/353/277 3779/349/274
f 3786/350/275 3787/352/57 3785/353/277
f 3785/357/277 3787/356/57 3789/355/278
f 3785/357/277 3788/361/282 3782/362/283
f 3785/357/277 3789/355/278 3788/361/282
f 3789/355/278 3790/360/281 3788/361/282
f 3789/355/278 3791/359/280 3790/360/281
f 3789/355/278 3793/404/317 3791/359/280
f 3789/355/278 3792/358/279 3793/404/317
f 3787/356/57 3792/358/279 3789/355/278
f 3793/404/317 3797/405/318 3791/359/280
f 3794/406/319 3793/403/317 3792/408/279
f 3794/406/319 3795/402/316 3793/403/317
f 3795/402/316 3796/401/314 3793/403/317
f 3793/404/317 3796/399/314 3797/405/318
f 3796/399/314 3800/398/313 3797/405/318
f 3797/405/318 3799/662/531 3798/364/285
f 3790/360/281 3797/405/318 3798/364/285
f 3797/405/318 3800/398/313 3799/662/531
f 3790/360/281 3791/359/280 3797/405/318
f 3796/399/314 3803/397/312 3800/398/313
f 3800/398/313 3802/386/305 3801/385/304
f 3800/398/313 3801/385/304 3799/662/531
f 3803/397/312 3802/386/305 3800/398/313
f 3804/400/315 3806/394/310 3803/396/312
f 3804/400/315 3803/396/312 3796/401/314
f 3806/394/310 3805/392/306 3803/396/312
f 3803/397/312 3805/387/306 3802/386/305
f 3809/413/325 3806/394/310 3804/400/315
f 3806/394/310 3808/390/308 3805/392/306
f 3806/394/310 3807/395/311 3808/390/308
f 3806/394/310 3810/659/528 3807/395/311
f 3809/413/325 3810/659/528 3806/394/310
f 3812/657/526 3807/395/311 3810/659/528
f 3811/412/324 3810/659/528 3809/413/325
f 3811/412/324 3812/657/526 3810/659/528
f 3814/660/529 3812/657/526 3811/412/324
f 3815/661/530 3813/656/525 3812/657/526
f 3812/657/526 3813/656/525 3807/395/311
f 3814/660/529 3815/661/530 3812/657/526
f 3815/661/530 3819/658/527 3813/656/525
f 3816/433/339 3815/661/530 3814/660/529
f 3816/433/339 3817/435/341 3815/661/530
f 3815/661/530 3817/435/341 3818/441/345
f 3815/661/530 3818/441/345 3819/658/527
f 3818/441/345 3820/444/125 3819/658/527
f 3819/658/527 3820/444/125 3821/7/118
f 3819/658/527 3821/7/118 3813/656/525
f 3821/7/118 3820/444/125 3825/454/357
f 3821/7/118 3823/458/361 3822/459/117
f 3813/656/525 3821/7/118 3822/459/117
f 3821/7/118 3824/456/359 3823/458/361
f 3821/7/118 3825/454/357 3824/456/359
f 3820/444/125 3827/443/347 3825/454/357
f 3824/456/359 3825/454/357 3826/453/356
f 3827/443/347 3826/453/356 3825/454/357
f 3828/440/127 3830/442/346 3827/443/347
f 3820/444/125 3828/440/127 3827/443/347
f 3827/443/347 3831/446/349 3829/450/1082
f 3827/443/347 3829/450/1082 3826/453/356
f 3827/443/347 3830/442/346 3831/446/349
f 3829/450/1082 3831/446/349 3832/449/352
f 3830/442/346 3833/447/350 3831/446/349
f 3833/447/350 3832/449/352 3831/446/349
f 3830/442/346 3834/445/348 3833/447/350
f 3833/447/350 3835/448/351 3832/449/352
f 3834/445/348 3836/506/400 3833/447/350
f 3836/506/400 3835/448/351 3833/447/350
f 3836/506/400 3838/478/378 3835/448/351
f 3837/503/397 3840/505/399 3836/506/400
f 3834/445/348 3837/503/397 3836/506/400
f 3836/506/400 3839/508/402 3838/478/378
f 3836/506/400 3840/505/399 3839/508/402
f 3837/503/397 3841/504/1083 3840/505/399
f 3842/509/403 3839/508/402 3840/505/399
f 3841/504/1083 3842/509/403 3840/505/399
f 3842/509/403 3844/545/435 3839/508/402
f 3841/504/1083 3843/507/401 3842/509/403
f 3845/512/404 3842/509/403 3843/507/401
f 3846/514/406 3844/545/435 3842/509/403
f 3845/512/404 3846/514/406 3842/509/403
f 3846/514/406 3847/544/434 3844/545/435
f 3845/512/404 3848/516/408 3846/514/406
f 3848/516/408 3847/544/434 3846/514/406
f 3845/512/404 3849/513/405 3848/516/408
f 3848/516/408 3850/538/428 3847/544/434
f 3849/513/405 3851/515/407 3848/516/408
f 3851/515/407 3850/538/428 3848/516/408
f 3854/529/419 3851/515/407 3852/517/409
f 3849/513/405 3852/517/409 3851/515/407
f 3855/531/421 3853/535/425 3851/515/407
f 3851/515/407 3853/535/425 3850/538/428
f 3854/529/419 3855/531/421 3851/515/407
f 3855/531/421 3857/534/424 3853/535/425
f 3854/529/419 3858/532/422 3855/531/421
f 3855/531/421 3856/533/423 3857/534/424
f 3855/531/421 3858/532/422 3856/533/423
f 3854/529/419 3861/530/420 3858/532/422
f 3858/532/422 3859/596/478 3856/533/423
f 3858/532/422 3860/593/475 3859/596/478
f 3861/530/420 3860/593/475 3858/532/422
f 3865/590/472 3861/530/420 3862/91/227
f 3864/527/226 3862/91/227 3861/530/420
f 3864/527/226 3861/530/420 3854/529/419
f 3865/590/472 3863/591/473 3861/530/420
f 3861/530/420 3863/591/473 3860/593/475
f 3866/589/471 3863/591/473 3865/590/472
f 3867/587/469 3866/589/471 3865/590/472
f 3868/528/1087 3867/587/469 3865/590/472
f 3868/528/1087 3865/590/472 3862/91/227
f 3869/586/468 3867/587/469 3868/528/1087
f 3869/586/468 3868/528/1087 3870/579/460
f 3871/525/416 3870/579/460 3868/528/1087
f 3868/528/1087 3864/527/226 3872/526/417
f 3868/528/1087 3862/91/227 3864/527/226
f 3871/525/416 3868/528/1087 3872/526/417
f 3873/521/412 3872/526/417 3874/520/411
f 3873/521/412 3871/525/416 3872/526/417
f 3874/520/411 3872/526/417 3864/527/226
f 3873/521/412 3874/520/411 3876/519/410
f 3874/520/411 3875/90/192 3876/519/410
f 3874/520/411 3877/518/223 3875/90/192
f 3874/520/411 3864/527/226 3877/518/223
f 3864/527/226 3852/517/409 3877/518/223
f 3875/90/192 3877/518/223 3852/517/409
f 3873/521/412 3876/519/410 3878/522/413
f 3876/519/410 3875/90/192 3879/510/189
f 3880/523/414 3878/522/413 3876/519/410
f 3876/519/410 3879/510/189 3881/524/415
f 3880/523/414 3876/519/410 3881/524/415
f 3881/524/415 3879/510/189 3882/511/191
f 3880/523/414 3881/524/415 3883/649/524
f 3881/524/415 3882/511/191 3883/649/524
f 3880/523/414 3883/649/524 3884/497/392
f 3883/649/524 3882/511/191 3885/21/143
f 3884/497/392 3883/649/524 3886/501/1090
f 3883/649/524 3885/21/143 3886/501/1090
f 3886/501/1090 3887/502/145 3888/500/395
f 3886/501/1090 3885/21/143 3887/502/145
f 3889/498/393 3886/501/1090 3888/500/395
f 3884/497/392 3886/501/1090 3889/498/393
f 3889/498/393 3888/500/395 3890/499/394
f 3891/495/390 3889/498/393 3890/499/394
f 3891/495/390 3884/497/392 3889/498/393
f 3891/495/390 3890/499/394 3892/496/391
f 3893/493/388 3891/495/390 3892/496/391
f 3894/492/387 3891/495/390 3893/493/388
f 3894/492/387 3895/494/389 3891/495/390
f 3891/495/390 3895/494/389 3884/497/392
f 3896/583/465 3895/494/389 3894/492/387
f 3896/583/465 3897/584/466 3895/494/389
f 3895/494/389 3897/584/466 3880/523/414
f 3895/494/389 3880/523/414 3884/497/392
f 3899/33/462 3880/523/414 3897/584/466
f 3898/582/464 3897/584/466 3896/583/465
f 3898/582/464 3899/33/462 3897/584/466
f 3900/581/463 3901/580/461 3899/33/462
f 3900/581/463 3899/33/462 3898/582/464
f 3899/33/462 3873/521/412 3878/522/413
f 3899/33/462 3878/522/413 3880/523/414
f 3899/33/462 3901/580/461 3873/521/412
f 3902/577/458 3901/580/461 3900/581/463
f 3902/577/458 3903/578/459 3901/580/461
f 3903/578/459 3873/521/412 3901/580/461
f 3904/575/456 3903/578/459 3902/577/458
f 3904/575/456 3905/576/457 3903/578/459
f 3905/576/457 3871/525/416 3903/578/459
f 3903/578/459 3871/525/416 3873/521/412
f 3906/574/455 3905/576/457 3904/575/456
f 3906/574/455 3907/585/467 3905/576/457
f 3907/585/467 3870/579/460 3905/576/457
f 3905/576/457 3870/579/460 3871/525/416
f 3908/621/500 3907/585/467 3906/574/455
f 3909/622/501 3869/586/468 3907/585/467
f 3907/585/467 3869/586/468 3870/579/460
f 3908/621/500 3909/622/501 3907/585/467
f 3911/623/502 3910/624/503 3909/622/501
f 3909/622/501 3910/624/503 3869/586/468
f 3912/620/499 3911/623/502 3909/622/501
f 3912/620/499 3909/622/501 3908/621/500
f 3913/573/454 3915/619/498 3912/620/499
f 3913/573/454 3912/620/499 3908/621/500
f 3914/644/521 3911/623/502 3912/620/499
f 3915/619/498 3914/644/521 3912/620/499
f 3916/616/250 3915/619/498 3913/573/454
f 3915/619/498 3918/618/497 3914/644/521
f 3917/617/252 3915/619/498 3916/616/250
f 3917/617/252 3918/618/497 3915/619/498
f 3919/646/253 3920/645/522 3918/618/497
f 3919/646/253 3918/618/497 3917/617/252
f 3920/645/522 3914/644/521 3918/618/497
f 3646/140/73 3920/645/522 3919/646/253
f 3647/145/77 3921/643/520 3920/645/522
f 3920/645/522 3921/643/520 3914/644/521
f 3646/140/73 3647/145/77 3920/645/522
f 3648/144/76 3922/641/518 3921/643/520
f 3914/644/521 3921/643/520 3922/641/518
f 3647/145/77 3648/144/76 3921/643/520
f 3922/641/518 3924/642/519 3633/637/515
f 3922/641/518 3633/637/515 3923/631/510
f 3914/644/521 3922/641/518 3925/626/505
f 3925/626/505 3922/641/518 3923/631/510
f 3648/144/76 3924/642/519 3922/641/518
f 3925/626/505 3926/625/504 3911/623/502
f 3914/644/521 3925/626/505 3911/623/502
f 3925/626/505 3923/631/510 3927/627/506
f 3925/626/505 3927/627/506 3926/625/504
f 3927/627/506 3928/628/507 3926/625/504
f 3927/627/506 3929/630/509 3928/628/507
f 3923/631/510 3929/630/509 3927/627/506
f 3928/628/507 3929/630/509 3930/633/291
f 3632/629/508 3930/633/291 3929/630/509
f 3923/631/510 3632/629/508 3929/630/509
f 3928/628/507 3930/633/291 3931/117/511
f 3930/633/291 3934/634/512 3931/117/511
f 3930/633/291 3932/607/489 3933/606/488
f 3930/633/291 3935/632/290 3932/607/489
f 3930/633/291 3933/606/488 3934/634/512
f 3632/629/508 3935/632/290 3930/633/291
f 3632/629/508 3629/74/286 3935/632/290
f 3629/74/286 3932/607/489 3935/632/290
f 3931/117/511 3934/634/512 3937/592/474
f 3933/606/488 3936/599/481 3934/634/512
f 3937/592/474 3934/634/512 3936/599/481
f 3937/592/474 3936/599/481 3938/594/476
f 3863/591/473 3937/592/474 3938/594/476
f 3866/589/471 3937/592/474 3863/591/473
f 3931/117/511 3937/592/474 3866/589/471
f 3936/599/481 3939/595/477 3938/594/476
f 3938/594/476 3939/595/477 3859/596/478
f 3863/591/473 3938/594/476 3860/593/475
f 3938/594/476 3859/596/478 3860/593/475
f 3939/595/477 3940/598/480 3942/565/450
f 3941/597/479 3940/598/480 3939/595/477
f 3936/599/481 3941/597/479 3939/595/477
f 3939/595/477 3942/565/450 3859/596/478
f 3942/565/450 3944/563/448 3943/564/449
f 3859/596/478 3942/565/450 3943/564/449
f 3942/565/450 3945/566/451 3944/563/448
f 3940/598/480 3945/566/451 3942/565/450
f 3945/566/451 3947/567/245 3946/88/445
f 3945/566/451 3946/88/445 3944/563/448
f 3948/648/523 3947/567/245 3945/566/451
f 3940/598/480 3948/648/523 3945/566/451
f 3948/648/523 3950/571/247 3947/567/245
f 3949/614/496 3950/571/247 3948/648/523
f 3951/601/483 3949/614/496 3948/648/523
f 3951/601/483 3948/648/523 3940/598/480
f 3941/597/479 3951/601/483 3940/598/480
f 3952/600/482 3951/601/483 3941/597/479
f 3952/600/482 3953/602/484 3951/601/483
f 3953/602/484 3949/614/496 3951/601/483
f 3954/604/486 3955/611/493 3953/602/484
f 3954/604/486 3953/602/484 3952/600/482
f 3953/602/484 3955/611/493 3956/612/494
f 3953/602/484 3956/612/494 3957/613/495
f 3953/602/484 3957/613/495 3949/614/496
f 3956/612/494 3917/615/252 3957/613/495
f 3949/614/496 3957/613/495 3917/615/252
f 3959/138/72 3919/647/253 3956/612/494
f 3956/612/494 3919/647/253 3917/615/252
f 3958/137/71 3956/612/494 3955/611/493
f 3958/137/71 3959/138/72 3956/612/494
f 3959/138/72 3646/73/73 3919/647/253
f 3960/132/66 3652/134/68 3959/138/72
f 3652/134/68 3646/73/73 3959/138/72
f 3960/132/66 3959/138/72 3958/137/71
f 3960/132/66 3961/131/65 3651/135/69
f 3962/130/64 3961/131/65 3960/132/66
f 3962/130/64 3960/132/66 3958/137/71
f 3960/132/66 3651/135/69 3652/134/68
f 3962/130/64 3958/137/71 3963/610/492
f 3967/609/491 3962/130/64 3963/610/492
f 3962/130/64 3964/127/61 3961/131/65
f 3965/124/58 3964/127/61 3962/130/64
f 3965/124/58 3962/130/64 3966/126/60
f 3967/609/491 3966/126/60 3962/130/64
f 3628/125/59 3966/126/60 3967/609/491
f 3968/603/485 3967/609/491 3963/610/492
f 3628/125/59 3967/609/491 3630/608/490
f 3630/608/490 3967/609/491 3968/603/485
f 3630/608/490 3968/603/485 3932/607/489
f 3933/606/488 3932/607/489 3968/603/485
f 3933/606/488 3968/603/485 3969/605/487
f 3968/603/485 3952/600/482 3969/605/487
f 3968/603/485 3954/604/486 3952/600/482
f 3968/603/485 3963/610/492 3954/604/486
f 3933/606/488 3969/605/487 3936/599/481
f 3969/605/487 3941/597/479 3936/599/481
f 3969/605/487 3952/600/482 3941/597/479
f 3628/125/59 3965/124/58 3966/126/60
f 3628/125/59 3623/120/54 3965/124/58
f 3970/128/62 3964/127/61 3965/124/58
f 3623/120/54 3970/128/62 3965/124/58
f 3621/174/107 3970/128/62 3618/119/52
f 3623/120/54 3618/119/52 3970/128/62
f 3972/173/106 3971/129/63 3970/128/62
f 3970/128/62 3971/129/63 3964/127/61
f 3621/174/107 3972/173/106 3970/128/62
f 3972/173/106 3973/172/105 3976/175/108
f 3975/169/101 3973/172/105 3972/173/106
f 3972/173/106 3976/175/108 3974/176/109
f 3972/173/106 3974/176/109 3971/129/63
f 3975/169/101 3972/173/106 3621/174/107
f 3976/175/108 3977/177/110 3974/176/109
f 3710/171/104 3976/175/108 3973/172/105
f 3976/175/108 3978/179/112 3977/177/110
f 3712/241/169 3978/179/112 3976/175/108
f 3710/171/104 3712/241/169 3976/175/108
f 3977/177/110 3978/179/112 3659/184/116
f 3712/241/169 3713/192/123 3978/179/112
f 3978/179/112 3713/192/123 3979/189/120
f 3978/179/112 3979/189/120 3659/184/116
f 3659/184/116 3979/189/120 3663/63/118
f 3714/191/122 3979/189/120 3713/192/123
f 3980/193/124 3663/63/118 3979/189/120
f 3714/191/122 3980/193/124 3979/189/120
f 3980/193/124 3981/196/127 3665/194/125
f 3980/193/124 3982/195/126 3981/196/127
f 3716/243/171 3982/195/126 3980/193/124
f 3716/243/171 3980/193/124 3714/191/122
f 3980/193/124 3665/194/125 3663/63/118
f 3717/245/173 3982/195/126 3716/243/171
f 3982/195/126 3983/59/131 3981/196/127
f 3982/195/126 3984/201/130 3983/59/131
f 3717/245/173 3984/201/130 3982/195/126
f 3720/246/174 3984/201/130 3717/245/173
f 3720/246/174 3985/203/132 3984/201/130
f 3984/201/130 3985/203/132 3986/204/133
f 3984/201/130 3986/204/133 3983/59/131
f 3726/249/177 3986/204/133 3985/203/132
f 3726/249/177 3990/260/145 3986/204/133
f 3986/205/133 3987/214/142 3988/207/135
f 3986/205/133 3990/217/145 3987/214/142
f 3986/205/133 3988/207/135 3989/206/134
f 3986/205/133 3989/206/134 3983/202/131
f 3726/249/177 3991/56/143 3990/260/145
f 3991/215/143 3987/214/142 3990/217/145
f 3729/258/186 3991/56/143 3727/259/187
f 3726/249/177 3727/259/187 3991/56/143
f 3729/258/186 3994/264/191 3991/56/143
f 3991/215/143 3993/219/147 3992/216/144
f 3991/215/143 3992/216/144 3987/214/142
f 3991/215/143 3994/265/191 3993/219/147
f 3732/261/188 3995/262/189 3994/264/191
f 3995/266/189 3993/219/147 3994/265/191
f 3732/261/188 3994/264/191 3729/258/186
f 3997/267/192 3996/268/193 3995/266/189
f 3995/266/189 3996/268/193 3993/219/147
f 3735/295/221 3997/48/192 3995/262/189
f 3735/295/221 3995/262/189 3732/261/188
f 3737/296/222 3997/48/192 3735/295/221
f 3997/267/192 3998/269/194 3996/268/193
f 3997/267/192 3999/304/229 3998/269/194
f 3997/267/192 4000/305/223 3999/304/229
f 3737/296/222 4000/297/223 3997/48/192
f 4003/299/225 4000/297/223 3737/296/222
f 4000/305/223 4001/302/228 3999/304/229
f 4000/305/223 4002/303/226 4001/302/228
f 4003/299/225 4002/300/226 4000/297/223
f 4004/687/552 4002/300/226 4003/299/225
f 3739/298/224 4003/299/225 3737/296/222
f 3739/298/224 4004/687/552 4003/299/225
f 4005/685/550 4006/686/551 4004/687/552
f 3739/298/224 4005/685/550 4004/687/552
f 4004/687/552 4006/686/551 4007/688/472
f 4004/687/552 4007/688/472 4008/45/227
f 4004/687/552 4008/45/227 4002/300/226
f 4002/303/226 4008/301/227 4009/306/230
f 4007/689/472 4009/306/230 4008/301/227
f 4002/303/226 4009/306/230 4001/302/228
f 4007/689/472 4010/309/233 4009/306/230
f 4010/309/233 4011/310/234 4009/306/230
f 4009/306/230 4011/310/234 4012/308/232
f 4009/306/230 4012/308/232 4001/302/228
f 4012/308/232 4011/310/234 4013/312/236
f 4012/308/232 4013/312/236 4014/700/561
f 3999/304/229 4001/302/228 4012/308/232
f 3999/304/229 4012/308/232 4015/307/231
f 4015/307/231 4012/308/232 4014/700/561
f 4015/307/231 4014/700/561 4016/704/565
f 3999/304/229 4015/307/231 4018/270/195
f 4015/307/231 4016/704/565 4017/13/566
f 4015/307/231 4017/13/566 4018/270/195
f 4019/271/196 4018/270/195 4017/13/566
f 3998/269/194 4018/270/195 4019/271/196
f 3999/304/229 4018/270/195 3998/269/194
f 4019/271/196 4017/13/566 4020/272/197
f 3998/269/194 4019/271/196 3996/268/193
f 3996/268/193 4019/271/196 4022/220/148
f 4019/271/196 4020/272/197 4021/273/198
f 4019/271/196 4021/273/198 4022/220/148
f 4022/220/148 4021/273/198 4023/222/150
f 4022/220/148 4023/222/150 4024/218/146
f 3992/216/144 4022/220/148 4024/218/146
f 3992/216/144 3993/219/147 4022/220/148
f 3996/268/193 4022/220/148 3993/219/147
f 3992/216/144 4024/218/146 4025/213/141
f 4025/213/141 4024/218/146 4023/222/150
f 4027/208/136 4025/213/141 4026/221/149
f 4025/213/141 4023/222/150 4026/221/149
f 3992/216/144 4025/213/141 3987/214/142
f 3987/214/142 4025/213/141 4027/208/136
f 4027/208/136 4026/221/149 4029/212/140
f 3987/214/142 4027/208/136 3988/207/135
f 3988/207/135 4027/208/136 4028/210/138
f 4027/208/136 4030/211/139 4028/210/138
f 4027/208/136 4029/212/140 4030/211/139
f 4028/210/138 4030/211/139 4031/717/577
f 4030/211/139 3685/224/152 3682/229/157
f 4031/717/577 4030/211/139 3682/229/157
f 4030/211/139 4029/212/140 3685/224/152
f 4028/210/138 4031/717/577 3670/209/137
f 4031/717/577 3682/229/157 3679/231/159
f 4031/717/577 3679/231/159 3676/234/162
f 4031/717/577 3676/234/162 3669/716/576
f 3670/209/137 4031/717/577 3669/716/576
f 4029/212/140 4026/221/149 3688/223/151
f 4029/212/140 3688/223/151 3685/224/152
f 4032/199/128 4028/210/138 3670/209/137
f 4032/199/128 3989/206/134 4028/210/138
f 3988/207/135 4028/210/138 3989/206/134
f 3666/200/129 4032/199/128 3670/209/137
f 3981/198/127 4032/199/128 3666/200/129
f 3983/202/131 3989/206/134 4032/199/128
f 3983/202/131 4032/199/128 3981/198/127
f 4026/221/149 3693/225/153 3688/223/151
f 4026/221/149 4023/222/150 3693/225/153
f 4021/273/198 3693/225/153 4023/222/150
f 4021/273/198 4033/274/199 3693/225/153
f 4020/272/197 4033/274/199 4021/273/198
f 3693/225/153 4033/274/199 3692/277/202
f 4034/275/200 3692/277/202 4033/274/199
f 4020/272/197 4034/275/200 4033/274/199
f 4034/275/200 4036/705/567 4035/276/201
f 4034/275/200 4035/276/201 3692/277/202
f 4034/275/200 4037/703/564 4036/705/567
f 4017/13/566 4037/703/564 4034/275/200
f 4017/13/566 4034/275/200 4020/272/197
f 4038/701/562 4036/705/567 4037/703/564
f 4016/704/565 4038/701/562 4037/703/564
f 4016/704/565 4037/703/564 4017/13/566
f 4038/701/562 4039/702/563 4036/705/567
f 4014/700/561 4038/701/562 4016/704/565
f 4014/700/561 4041/698/559 4038/701/562
f 4038/701/562 4040/696/557 4039/702/563
f 4038/701/562 4041/698/559 4040/696/557
f 4041/698/559 3753/697/1089 4040/696/557
f 4013/312/236 4042/699/560 4041/698/559
f 4013/312/236 4041/698/559 4014/700/561
f 4041/698/559 4042/699/560 3753/697/1089
f 4043/317/241 3753/697/1089 4042/699/560
f 4013/312/236 4043/317/241 4042/699/560
f 4043/317/241 3756/320/244 3755/322/246
f 4043/317/241 3755/322/246 3753/697/1089
f 4045/315/239 4044/316/240 4043/317/241
f 4043/317/241 4044/316/240 3756/320/244
f 4045/315/239 4043/317/241 4046/314/238
f 4013/312/236 4046/314/238 4043/317/241
f 4047/311/235 4045/315/239 4046/314/238
f 4011/310/234 4047/311/235 4046/314/238
f 4011/310/234 4046/314/238 4013/312/236
f 4047/311/235 4049/313/237 4045/315/239
f 4048/663/532 4047/311/235 4010/309/233
f 4010/309/233 4047/311/235 4011/310/234
f 4048/663/532 4049/313/237 4047/311/235
f 4049/313/237 4050/375/296 4045/315/239
f 4049/313/237 4051/373/294 4050/375/296
f 4048/663/532 4051/373/294 4049/313/237
f 4053/372/293 4052/371/292 4051/373/294
f 4052/371/292 4050/375/296 4051/373/294
f 4048/663/532 4053/372/293 4051/373/294
f 4053/372/293 4055/368/289 4052/371/292
f 4054/664/471 4053/372/293 4048/663/532
f 4054/664/471 4056/665/511 4053/372/293
f 4056/665/511 4055/368/289 4053/372/293
f 4057/668/534 4056/41/511 4054/669/471
f 3775/666/533 4056/41/511 4057/668/534
f 4056/665/511 4058/370/291 4055/368/289
f 3775/666/533 4058/667/291 4056/41/511
f 3775/666/533 3783/711/290 4058/667/291
f 3783/369/290 4055/368/289 4058/370/291
f 4060/671/536 4057/668/534 4059/672/537
f 4057/668/534 4054/669/471 4059/672/537
f 4060/671/536 3775/666/533 4057/668/534
f 4060/671/536 4059/672/537 4061/675/540
f 3771/673/538 4060/671/536 4061/675/540
f 3771/673/538 3770/670/535 4060/671/536
f 4060/671/536 3770/670/535 3775/666/533
f 4063/684/549 4061/675/540 4059/672/537
f 3771/673/538 4061/675/540 4062/674/539
f 4062/674/539 4061/675/540 4063/684/549
f 4062/674/539 4063/684/549 4064/677/542
f 4064/677/542 4063/684/549 4005/685/550
f 4005/685/550 4063/684/549 4006/686/551
f 4063/684/549 4059/672/537 4006/686/551
f 4065/676/541 4064/677/542 3751/678/543
f 3751/678/543 4064/677/542 4066/679/544
f 4065/676/541 4062/674/539 4064/677/542
f 4064/677/542 4005/685/550 4066/679/544
f 3751/678/543 4066/679/544 3746/681/546
f 4066/679/544 4005/685/550 3739/298/224
f 3746/681/546 4066/679/544 3738/682/547
f 4066/679/544 3739/298/224 3738/682/547
f 3754/325/249 4065/676/541 3751/678/543
f 3758/324/248 4065/676/541 3754/325/249
f 3766/330/255 4062/674/539 4065/676/541
f 3758/324/248 3766/330/255 4065/676/541
f 3766/330/255 3771/673/538 4062/674/539
f 4059/672/537 4007/688/472 4006/686/551
f 4059/672/537 4054/669/471 4007/688/472
f 3783/369/290 3784/366/287 4055/368/289
f 4055/368/289 3784/366/287 4067/367/288
f 4055/368/289 4067/367/288 4052/371/292
f 3782/362/283 4069/363/284 4067/367/288
f 3782/362/283 4067/367/288 3784/366/287
f 4067/367/288 4070/379/300 4068/377/298
f 4067/367/288 4068/377/298 4071/374/295
f 4067/367/288 4069/363/284 4070/379/300
f 4067/367/288 4071/374/295 4052/371/292
f 4071/374/295 4068/377/298 4073/378/299
f 4071/374/295 4073/378/299 4072/376/297
f 4071/374/295 4072/376/297 4074/318/242
f 4052/371/292 4071/374/295 4050/375/296
f 4071/374/295 4074/318/242 4050/375/296
f 4045/315/239 4074/318/242 4044/316/240
f 4044/316/240 4074/318/242 3759/319/243
f 4074/318/242 3761/326/251 3759/319/243
f 4045/315/239 4050/375/296 4074/318/242
f 4074/318/242 4072/376/297 3761/326/251
f 4073/378/299 4076/382/303 3761/326/251
f 4073/378/299 3761/326/251 4072/376/297
f 4073/378/299 4075/380/301 4077/381/1091
f 4070/379/300 4075/380/301 4073/378/299
f 4073/378/299 4077/381/1091 4076/382/303
f 4070/379/300 4073/378/299 4068/377/298
f 4076/382/303 4077/381/1091 4078/2/73
f 4075/380/301 3801/385/304 4077/381/1091
f 4077/381/1091 4079/383/70 4078/2/73
f 4077/381/1091 3801/385/304 4079/383/70
f 4079/383/70 4082/338/263 4080/337/262
f 4079/383/70 4080/337/262 4078/2/73
f 3801/385/304 4081/384/74 4079/383/70
f 4081/384/74 4082/338/263 4079/383/70
f 4082/338/263 4083/336/261 4080/337/262
f 4081/384/74 4085/340/265 4082/338/263
f 4082/338/263 4084/339/264 4083/336/261
f 4085/340/265 4084/339/264 4082/338/263
f 4088/3/114 4085/340/265 4081/384/74
f 4085/340/265 4089/341/266 4084/339/264
f 4085/340/265 4086/393/309 4087/345/270
f 4088/3/114 4086/393/309 4085/340/265
f 4085/340/265 4087/345/270 4089/341/266
f 4089/341/266 4090/343/268 4092/342/267
f 4089/341/266 4091/346/271 4090/343/268
f 4089/341/266 4087/345/270 4091/346/271
f 4089/341/266 4092/342/267 4084/339/264
f 3774/335/260 4092/342/267 3778/344/269
f 4084/339/264 4092/342/267 3774/335/260
f 4092/342/267 4090/343/268 4093/348/273
f 4092/342/267 4093/348/273 3778/344/269
f 4090/343/268 4094/347/272 4093/348/273
f 4094/347/272 3786/350/275 4093/348/273
f 3778/344/269 4093/348/273 3786/350/275
f 4094/347/272 4095/351/276 3786/350/275
f 4090/343/268 4091/346/271 4094/347/272
f 4098/462/364 4094/655/272 4091/464/271
f 4094/655/272 4096/469/369 4095/654/276
f 4094/655/272 4097/465/365 4096/469/369
f 4098/462/364 4097/465/365 4094/655/272
f 4098/462/364 4099/461/363 4100/466/366
f 4101/457/360 4099/461/363 4098/462/364
f 4098/462/364 4100/466/366 4097/465/365
f 4087/463/270 4098/462/364 4091/464/271
f 4101/457/360 4098/462/364 4102/460/362
f 4087/463/270 4102/460/362 4098/462/364
f 4103/389/307 4102/460/362 4087/463/270
f 3823/458/361 4102/460/362 4103/389/307
f 3823/458/361 4101/457/360 4102/460/362
f 4104/388/115 3823/458/361 4103/389/307
f 4104/388/115 4103/389/307 4086/391/309
f 4103/389/307 4087/463/270 4086/391/309
f 4104/388/115 4086/391/309 4088/9/114
f 3805/392/306 4104/388/115 4088/9/114
f 3805/392/306 3808/390/308 4104/388/115
f 3807/395/311 3822/459/117 4104/388/115
f 4104/388/115 3822/459/117 3823/458/361
f 3807/395/311 4104/388/115 3808/390/308
f 4105/455/358 4099/461/363 4101/457/360
f 3824/456/359 4105/455/358 4101/457/360
f 3824/456/359 4101/457/360 3823/458/361
f 4105/455/358 4106/467/367 4099/461/363
f 3824/456/359 3826/453/356 4105/455/358
f 3826/453/356 4106/467/367 4105/455/358
f 4106/467/367 4107/471/371 4109/468/368
f 4106/467/367 4108/452/355 4107/471/371
f 3826/453/356 4108/452/355 4106/467/367
f 4106/467/367 4100/466/366 4099/461/363
f 4106/467/367 4109/468/368 4100/466/366
f 4100/466/366 4109/468/368 4110/417/327
f 4109/468/368 4107/471/371 4111/419/328
f 4109/468/368 4111/419/328 4110/417/327
f 4112/472/372 4111/419/328 4107/471/371
f 4112/472/372 4116/473/373 4111/419/328
f 4111/419/328 4113/25/102 4110/417/327
f 4111/419/328 4114/420/163 4113/25/102
f 4111/419/328 4115/650/160 4114/420/163
f 4111/419/328 4116/473/373 4115/650/160
f 4116/473/373 4117/24/333 4115/650/160
f 4116/473/373 4118/477/377 4117/24/333
f 4119/474/374 4118/477/377 4116/473/373
f 4119/474/374 4116/473/373 4112/472/372
f 4120/475/375 4118/477/377 4119/474/374
f 3832/449/352 4119/474/374 4112/472/372
f 3832/449/352 4120/475/375 4119/474/374
f 4120/475/375 4121/479/379 4123/480/380
f 3838/478/378 4121/479/379 4120/475/375
f 3832/449/352 3835/448/351 4120/475/375
f 3838/478/378 4120/475/375 3835/448/351
f 4120/475/375 4123/480/380 4122/476/376
f 4120/475/375 4122/476/376 4118/477/377
f 4124/546/436 4125/481/381 4123/480/380
f 4124/546/436 4123/480/380 4121/479/379
f 4123/480/380 4125/481/381 4128/23/205
f 4123/480/380 4127/482/207 4126/483/382
f 4123/480/380 4126/483/382 4122/476/376
f 4123/480/380 4128/23/205 4127/482/207
f 4125/481/381 4129/547/203 4128/23/205
f 4128/486/205 4129/490/203 4130/491/386
f 4128/486/205 4130/491/386 4131/488/384
f 4128/486/205 4131/488/384 4132/487/383
f 4128/486/205 4132/487/383 4127/484/207
f 4132/487/383 4134/430/336 4133/429/335
f 4127/484/207 4132/487/383 4133/429/335
f 4132/487/383 4135/489/385 4134/430/336
f 4132/487/383 3893/493/388 4135/489/385
f 4132/487/383 4131/488/384 3893/493/388
f 4135/489/385 4136/432/338 4134/430/336
f 4135/489/385 3892/496/391 4136/432/338
f 3893/493/388 3892/496/391 4135/489/385
f 4134/430/336 4136/432/338 4137/431/337
f 4137/431/337 4136/432/338 4138/436/342
f 3892/496/391 4138/436/342 4136/432/338
f 3892/496/391 3890/499/394 4138/436/342
f 3890/499/394 4141/438/344 4138/436/342
f 4137/431/337 4138/436/342 4139/434/340
f 4138/436/342 4140/437/343 4139/434/340
f 4138/436/342 4141/438/344 4140/437/343
f 4140/437/343 4141/438/344 4142/439/133
f 3888/500/395 4142/439/133 4141/438/344
f 3890/499/394 3888/500/395 4141/438/344
f 4140/437/343 4142/439/133 4143/19/131
f 4142/439/133 3887/502/145 3837/503/397
f 3888/500/395 3887/502/145 4142/439/133
f 4142/439/133 3837/503/397 3834/445/348
f 4142/439/133 3830/442/346 4143/19/131
f 4142/439/133 3834/445/348 3830/442/346
f 4140/437/343 4143/19/131 3828/440/127
f 3828/440/127 4143/19/131 3830/442/346
f 4139/434/340 4140/437/343 3818/441/345
f 4140/437/343 3828/440/127 3818/441/345
f 4137/431/337 4139/434/340 3817/435/341
f 4139/434/340 3818/441/345 3817/435/341
f 4134/430/336 4137/431/337 4144/424/331
f 4137/431/337 3817/435/341 3816/433/339
f 4144/424/331 4137/431/337 3816/433/339
f 4147/428/334 4134/430/336 4144/424/331
f 4145/423/330 4144/424/331 4146/425/332
f 4145/423/330 4147/428/334 4144/424/331
f 4144/424/331 3816/433/339 4146/425/332
f 4126/485/382 4147/428/334 4117/426/333
f 4117/426/333 4147/428/334 4145/423/330
f 4126/485/382 4133/429/335 4147/428/334
f 4147/428/334 4133/429/335 4134/430/336
f 4146/425/332 3816/433/339 3814/660/529
f 4146/425/332 3814/660/529 4148/422/329
f 4149/416/326 4145/423/330 4146/425/332
f 4149/416/326 4146/425/332 4148/422/329
f 4114/421/163 4149/416/326 4150/409/321
f 4150/409/321 4149/416/326 4148/422/329
f 4115/427/160 4145/423/330 4149/416/326
f 4115/427/160 4149/416/326 4114/421/163
f 4113/414/102 4150/409/321 4151/410/322
f 4151/410/322 4150/409/321 4152/411/323
f 4150/409/321 4148/422/329 4152/411/323
f 4114/421/163 4150/409/321 4113/414/102
f 4148/422/329 3811/412/324 4152/411/323
f 4152/411/323 3811/412/324 3809/413/325
f 4151/410/322 4152/411/323 4153/407/320
f 4152/411/323 3809/413/325 4153/407/320
f 4151/410/322 4153/407/320 3795/402/316
f 3795/402/316 4153/407/320 3809/413/325
f 4151/410/322 3795/402/316 3794/406/319
f 4154/415/100 4151/410/322 3794/406/319
f 4113/414/102 4151/410/322 4154/415/100
f 4154/415/100 3794/406/319 4156/653/51
f 4110/417/327 4154/418/100 4155/470/370
f 4110/417/327 4113/25/102 4154/418/100
f 4155/470/370 4154/418/100 4156/651/51
f 4155/470/370 4156/651/51 4096/469/369
f 4096/469/369 4156/651/51 4157/39/53
f 4156/653/51 3794/406/319 3792/408/279
f 4156/653/51 3792/408/279 4157/652/53
f 3786/350/275 4095/351/276 4157/37/53
f 3786/350/275 4157/37/53 3787/352/57
f 3787/356/57 4157/354/53 3792/358/279
f 4096/469/369 4157/39/53 4095/654/276
f 4097/465/365 4100/466/366 4155/470/370
f 4100/466/366 4110/417/327 4155/470/370
f 4097/465/365 4155/470/370 4096/469/369
f 4148/422/329 3814/660/529 3811/412/324
f 4117/426/333 4145/423/330 4115/427/160
f 4127/484/207 4133/429/335 4126/485/382
f 4130/491/386 3893/493/388 4131/488/384
f 4159/549/212 4158/551/438 4130/491/386
f 4158/551/438 3894/492/387 4130/491/386
f 4130/491/386 3894/492/387 3893/493/388
f 4159/549/212 4130/491/386 4129/490/203
f 4160/552/439 4158/551/438 4159/549/212
f 4161/541/431 4160/86/439 4159/548/212
f 4162/542/432 4161/541/431 4159/548/212
f 4162/542/432 4159/548/212 4129/547/203
f 4163/543/433 4161/541/431 4162/542/432
f 4163/543/433 4162/542/432 4125/481/381
f 4125/481/381 4162/542/432 4129/547/203
f 3839/508/402 4163/543/433 4124/546/436
f 4163/543/433 4125/481/381 4124/546/436
f 3847/544/434 4163/543/433 3844/545/435
f 3839/508/402 3844/545/435 4163/543/433
f 4163/543/433 4164/540/430 4161/541/431
f 3847/544/434 4164/540/430 4163/543/433
f 4165/537/427 4161/541/431 4164/540/430
f 3850/538/428 4164/540/430 3847/544/434
f 3850/538/428 4165/537/427 4164/540/430
f 3853/535/425 4166/536/426 4165/537/427
f 4166/536/426 4167/539/429 4165/537/427
f 3853/535/425 4165/537/427 3850/538/428
f 4165/537/427 4167/539/429 4161/541/431
f 4166/536/426 4168/553/440 4167/539/429
f 4168/553/440 4160/86/439 4167/539/429
f 4161/541/431 4167/539/429 4160/86/439
f 4169/562/447 4168/553/440 4166/536/426
f 4169/562/447 4171/559/444 4168/553/440
f 4168/553/440 4171/559/444 4170/556/442
f 4168/553/440 4170/556/442 4172/554/441
f 4168/553/440 4172/554/441 4160/86/439
f 4172/555/441 4174/550/437 4160/552/439
f 4170/558/442 4173/557/443 4172/555/441
f 4172/555/441 4173/557/443 4174/550/437
f 4174/550/437 4173/557/443 3900/581/463
f 4174/550/437 3900/581/463 3898/582/464
f 4174/550/437 3896/583/465 4158/551/438
f 4174/550/437 3898/582/464 3896/583/465
f 4160/552/439 4174/550/437 4158/551/438
f 4170/558/442 4175/561/446 4173/557/443
f 4175/561/446 3900/581/463 4173/557/443
f 3946/560/445 4175/561/446 4170/558/442
f 3946/560/445 4176/572/453 4175/561/446
f 4175/561/446 4176/572/453 3904/575/456
f 4175/561/446 3902/577/458 3900/581/463
f 4175/561/446 3904/575/456 3902/577/458
f 3946/560/445 4177/569/452 4176/572/453
f 4176/572/453 4177/569/452 3906/574/455
f 4176/572/453 3906/574/455 3904/575/456
f 3946/560/445 3947/570/245 4177/569/452
f 3947/570/245 3913/573/454 4177/569/452
f 4177/569/452 3908/621/500 3906/574/455
f 4177/569/452 3913/573/454 3908/621/500
f 3943/564/449 4171/559/444 4169/562/447
f 3943/564/449 3944/563/448 4171/559/444
f 4171/559/444 3944/563/448 3946/88/445
f 4171/559/444 3946/88/445 4170/556/442
f 3857/534/424 4169/562/447 4166/536/426
f 3856/533/423 3943/564/449 4169/562/447
f 3856/533/423 4169/562/447 3857/534/424
f 3857/534/424 4166/536/426 3853/535/425
f 4158/551/438 3896/583/465 3894/492/387
f 4118/477/377 4126/483/382 4117/24/333
f 4118/477/377 4122/476/376 4126/483/382
f 3839/508/402 4124/546/436 4121/479/379
f 3839/508/402 4121/479/379 3838/478/378
f 4178/451/354 4112/472/372 4107/471/371
f 3832/449/352 4112/472/372 4178/451/354
f 3829/450/1082 3832/449/352 4178/451/354
f 3826/453/356 3829/450/1082 4178/451/354
f 4178/451/354 4107/471/371 4108/452/355
f 3826/453/356 4178/451/354 4108/452/355
f 3802/386/305 3805/387/306 4088/3/114
f 3802/386/305 4088/3/114 4081/384/74
f 4084/339/264 3774/335/260 4083/336/261
f 4083/336/261 3774/335/260 3772/334/259
f 3764/331/256 4083/336/261 3768/332/257
f 3764/331/256 4080/337/262 4083/336/261
f 4083/336/261 3772/334/259 3768/332/257
f 3801/385/304 3802/386/305 4081/384/74
f 4078/2/73 4080/337/262 3764/331/256
f 4078/2/73 3764/331/256 3765/328/253
f 4076/382/303 4078/2/73 3765/328/253
f 3761/326/251 4076/382/303 3765/328/253
f 4070/379/300 3799/662/531 4075/380/301
f 4075/380/301 3799/662/531 3801/385/304
f 3790/360/281 4070/379/300 4069/363/284
f 3790/360/281 3798/364/285 4070/379/300
f 4070/379/300 3798/364/285 3799/662/531
f 3788/361/282 4069/363/284 3782/362/283
f 3788/361/282 3790/360/281 4069/363/284
f 4007/689/472 4054/664/471 4048/663/532
f 4007/689/472 4048/663/532 4010/309/233
f 4044/316/240 3759/319/243 3756/320/244
f 4040/696/557 3748/694/442 4179/695/441
f 4040/696/557 4179/695/441 4039/702/563
f 3753/697/1089 3748/694/442 4040/696/557
f 4179/695/441 3748/694/442 3744/691/554
f 4179/695/441 3743/693/556 4180/287/213
f 4179/695/441 3744/691/554 3743/693/556
f 4179/695/441 4180/287/213 4181/114/439
f 4039/702/563 4179/695/441 4181/114/439
f 4181/114/439 4183/284/210 4182/286/212
f 4036/705/567 4181/114/439 4182/286/212
f 4039/702/563 4181/114/439 4036/705/567
f 4181/114/439 4180/287/213 4183/284/210
f 4180/287/213 4184/288/214 4183/284/210
f 4183/284/210 4184/288/214 3697/285/211
f 4183/284/210 3697/285/211 3698/283/209
f 3694/278/203 4183/284/210 3698/283/209
f 3694/278/203 4182/286/212 4183/284/210
f 4184/288/214 3741/289/215 3733/290/216
f 4180/287/213 3741/289/215 4184/288/214
f 4184/288/214 3733/290/216 3730/291/217
f 4184/288/214 3724/255/183 3697/285/211
f 4184/288/214 3730/291/217 3724/255/183
f 4036/705/567 4182/286/212 4035/276/201
f 4035/276/201 4182/286/212 3694/278/203
f 3743/693/556 3741/289/215 4180/287/213
f 4035/276/201 3694/278/203 3692/277/202
f 3720/246/174 3726/249/177 3985/203/132
f 3981/198/127 3666/200/129 3665/197/125
f 3977/177/110 3659/184/116 3656/180/113
f 3977/177/110 3654/178/111 4185/133/67
f 3974/176/109 3977/177/110 4185/133/67
f 3977/177/110 3656/180/113 3654/178/111
f 3971/129/63 4185/133/67 3961/131/65
f 4185/133/67 3651/135/69 3961/131/65
f 4185/133/67 3654/178/111 3651/135/69
f 3974/176/109 4185/133/67 3971/129/63
f 4188/168/100 3975/169/101 3621/174/107
f 4186/170/103 3973/172/105 3975/169/101
f 4187/65/102 4186/170/103 3975/169/101
f 4187/65/102 3975/169/101 4188/168/100
f 4188/168/100 3621/174/107 3620/118/51
f 4189/166/98 4188/168/100 3620/118/51
f 4189/166/98 4187/65/102 4188/168/100
f 3673/164/96 3675/167/99 4189/166/98
f 4190/159/91 3673/164/96 4189/166/98
f 4189/166/98 3675/167/99 4187/65/102
f 4189/166/98 3620/118/51 3622/121/55
f 4190/159/91 4189/166/98 3622/121/55
f 3672/160/92 3673/164/96 4190/159/91
f 3637/157/89 4190/159/91 3622/121/55
f 3639/155/87 4190/159/91 3637/157/89
f 3639/155/87 4191/158/90 4190/159/91
f 3672/160/92 4190/159/91 4191/158/90
f 3662/163/95 4191/158/90 3661/154/86
f 3661/154/86 4191/158/90 3639/155/87
f 3662/163/95 3672/160/92 4191/158/90
f 3675/167/99 3678/235/163 4187/65/102
f 3678/235/163 4186/170/103 4187/65/102
f 3708/236/164 3710/171/104 4186/170/103
f 3678/235/163 3708/236/164 4186/170/103
f 4186/170/103 3710/171/104 3973/172/105
f 3971/129/63 3961/131/65 3964/127/61
f 3963/610/492 3955/611/493 3954/604/486
f 3963/610/492 3958/137/71 3955/611/493
f 3916/616/250 3913/573/454 3950/568/247
f 3947/570/245 3950/568/247 3913/573/454
f 3949/614/496 3916/79/250 3950/571/247
f 3949/614/496 3917/615/252 3916/79/250
f 3859/596/478 3943/564/449 3856/533/423
f 3629/74/286 3630/608/490 3932/607/489
f 3928/628/507 3931/117/511 3866/589/471
f 3926/625/504 3928/628/507 4192/588/470
f 3928/628/507 3866/589/471 4192/588/470
f 3910/624/503 4192/588/470 3867/587/469
f 3867/587/469 4192/588/470 3866/589/471
f 3926/625/504 4192/588/470 3910/624/503
f 3911/623/502 3926/625/504 3910/624/503
f 3635/149/81 3633/637/515 3924/642/519
f 3648/144/76 3635/149/81 3924/642/519
f 3633/637/515 3632/629/508 3923/631/510
f 3910/624/503 3867/587/469 3869/586/468
f 3885/21/143 3837/503/397 3887/502/145
f 3885/21/143 3841/504/1083 3837/503/397
f 3882/511/191 3841/504/1083 3885/21/143
f 3882/511/191 3845/512/404 3843/507/401
f 3882/511/191 3843/507/401 3841/504/1083
f 3882/511/191 3879/510/189 3845/512/404
f 3879/510/189 3849/513/405 3845/512/404
f 3879/510/189 3875/90/192 3849/513/405
f 3875/90/192 3852/517/409 3849/513/405
f 3864/527/226 3854/529/419 3852/517/409
f 3818/441/345 3828/440/127 3820/444/125
f 3813/656/525 3822/459/117 3807/395/311
f 3795/402/316 3809/413/325 3804/400/315
f 3795/402/316 3804/400/315 3796/401/314
f 3778/344/269 3786/350/275 3779/349/274
f 3775/666/533 3776/709/571 3783/711/290
f 3761/326/251 3765/328/253 3762/327/252
f 3754/325/249 3751/678/543 3750/680/545
f 3753/697/1089 3749/46/445 3748/694/442
f 3720/246/174 3722/248/176 3726/249/177
f 3699/253/181 3697/285/211 3724/255/183
f 3667/161/93 3672/160/92 3662/163/95
f 3659/184/116 3663/63/118 3657/185/117
f 3644/152/84 3661/154/86 3641/150/82
f 3661/154/86 3639/155/87 3641/150/82
f 3644/152/84 3658/153/85 3661/154/86
f 3652/134/68 3649/136/70 3646/73/73
f 3648/144/76 3642/146/78 3635/149/81
f 3637/157/89 3622/121/55 3619/122/56
l 2401 2402
l 2403 2401
l 2404 2403
l 2405 2404
l 2406 2405
l 2407 2406
l 2408 2407
l 2409 2408
l 2410 2409
l 2411 2410
l 2412 2411
l 2413 2412
l 2414 2413
l 2415 2414
l 2416 2415
l 2402 2416
l 2417 2418
l 2419 2417
l 2420 2419
l 2421 2420
l 2422 2421
l 2423 2422
l 2424 2423
l 2425 2424
l 2426 2425
l 2427 2426
l 2428 2427
l 2429 2428
l 2430 2429
l 2431 2430
l 2432 2431
l 2433 2432
l 2434 2433
l 2435 2434
l 2436 2435
l 2437 2436
l 2438 2437
l 2439 2438
l 2440 2439
l 2441 2440
l 2442 2441
l 2443 2442
l 2444 2443
l 2445 2444
l 2446 2445
l 2447 2446
l 2448 2447
l 2449 2448
l 2450 2449
l 2451 2450
l 2452 2451
l 2453 2452
l 2454 2453
l 2455 2454
l 2456 2455
l 2457 2456
l 2458 2457
l 2459 2458
l 2460 2459
l 2461 2460
l 2462 2461
l 2463 2462
l 2464 2463
l 2418 2464
