# Blender 3.6.22
# www.blender.org
mtllib silla_rueda.mtl
o Brazo_mini.001_Cylinder.031
v -0.300815 -6.844872 0.290320
v -0.322346 -6.844872 0.303184
v -0.573573 -7.042603 -0.117098
v -0.277453 -6.844872 0.282398
v -0.277453 -2.337688 0.282396
v -0.300815 -2.337688 0.290318
v -0.473863 -7.042603 -0.176674
v -0.719259 -7.042603 -0.360820
v -0.365670 -7.042603 -0.213360
v -0.574214 -7.042603 -0.447483
v -0.864736 -7.042603 -0.604193
v -0.674419 -7.042603 -0.717904
v -0.416829 -7.042603 -0.500849
v -0.467913 -7.042603 -0.787927
v -0.253158 -7.042603 -0.518868
v -0.253158 -7.042603 -0.225747
v -0.253157 -6.844872 0.279723
v -0.140643 -7.042603 -0.213359
v -0.089484 -7.042603 -0.500848
v -0.038399 -7.042603 -0.787925
v 0.168106 -7.042603 -0.717903
v 0.067900 -7.042603 -0.447483
v -0.032451 -7.042603 -0.176672
v 0.212945 -7.042603 -0.360820
v 0.358422 -7.042603 -0.604192
v 0.525236 -7.042603 -0.451163
v 0.780690 -7.042603 -0.736714
v 0.559131 -7.042603 -0.939964
v 1.081671 -7.042603 -1.073154
v 0.306357 -7.042603 -1.090992
v 0.795611 -7.042603 -1.335575
v 1.324615 -7.042603 -1.344719
v 0.469247 -7.042603 -1.530572
v 0.986490 -7.042603 -1.654902
v 0.986490 -6.697117 -1.654902
v 0.600727 -7.042603 -1.885390
v 0.600727 -6.697117 -1.885390
v 0.600727 -5.937046 -1.885391
v 0.713761 -7.032764 -2.190427
v 0.713761 -6.692009 -2.190427
v 1.150590 -7.032764 -1.929429
v 0.713761 -5.939995 -2.190428
v 1.150590 -6.692009 -1.929429
v 1.533474 -7.032764 -1.578185
v 1.150590 -5.939995 -1.929430
v 1.533474 -6.692009 -1.578185
v 1.533474 -5.939995 -1.578186
v 1.847699 -7.032764 -1.150192
v 1.847699 -6.692009 -1.150192
v 2.081189 -6.692009 -0.661899
v 2.081189 -7.032764 -0.661899
v 1.847699 -5.939995 -1.150192
v 1.533474 -4.831490 -1.578186
v 1.847699 -4.831490 -1.150192
v 2.081189 -5.939995 -0.661899
v 2.081189 -4.831490 -0.661899
v 2.224972 -5.939995 -0.132070
v 2.224972 -6.692009 -0.132070
v 2.273521 -6.692009 0.418933
v 2.224972 -7.032764 -0.132070
v 2.273521 -7.032764 0.418933
v 2.224972 -7.032764 0.969937
v 2.273521 -7.267769 0.418933
v 2.224972 -7.267769 0.969937
v 2.081190 -7.267769 1.499765
v 1.792622 -7.267769 0.873807
v 1.673925 -7.267769 1.311197
v 1.481171 -7.267769 1.714301
v 1.266568 -7.267769 1.122587
v 1.114559 -7.267769 1.440478
v 0.820818 -7.267769 1.221085
v 0.660184 -7.267769 1.439879
v 0.909990 -7.267769 1.719113
v 0.464450 -7.267769 1.619436
v 0.660721 -7.267769 1.947785
v 1.221767 -7.267769 2.067623
v 0.905683 -7.267769 2.357586
v 1.533474 -7.267769 2.416052
v 1.847699 -7.267769 1.988060
v 2.081190 -7.032764 1.499765
v 1.847699 -7.032764 1.988060
v 1.533474 -7.032764 2.416052
v 2.081190 -6.692009 1.499765
v 1.847699 -6.692009 1.988060
v 1.847699 -5.939995 1.988060
v 1.533474 -6.692009 2.416052
v 2.081190 -5.939995 1.499765
v 2.224972 -4.831490 0.969936
v 2.081190 -4.831490 1.499764
v 2.224972 -5.939995 0.969937
v 2.273521 -4.831490 0.418933
v 2.273521 -5.939995 0.418933
v 2.224972 -6.692009 0.969937
v 2.224972 -4.831490 -0.132070
v 1.935275 -4.831490 -0.067657
v 1.808301 -4.831490 -0.535548
v 1.602106 -4.831490 -0.966759
v 1.808301 -5.937046 -0.535548
v 1.935275 -5.937046 -0.067657
v 1.306710 -5.937046 0.418933
v 1.978149 -5.937046 0.418933
v 1.263836 -5.937046 -0.067657
v 1.263836 -6.697117 -0.067656
v 1.136862 -5.937046 -0.535548
v 1.306710 -6.697117 0.418933
v 1.935276 -6.697117 0.905525
v 1.978149 -6.697117 0.418933
v 1.935275 -6.697117 -0.067656
v 1.263836 -6.697117 0.905525
v 1.136862 -6.697117 1.373416
v 1.808301 -6.697117 1.373416
v 1.263836 -5.937046 0.905524
v 1.136862 -5.937046 1.373416
v 1.935276 -5.937046 0.905524
v 1.808301 -5.937046 1.373416
v 1.602106 -5.937046 1.804628
v 1.935276 -4.831490 0.905524
v 1.808301 -4.831490 1.373415
v 1.602106 -4.831490 1.804628
v 1.324615 -5.937046 2.182587
v 1.847699 -4.831490 1.988060
v 1.324615 -4.831490 2.182587
v 0.986490 -4.831490 2.492771
v 0.986490 -5.937046 2.492771
v 1.533474 -4.831490 2.416051
v 1.150590 -5.939995 2.767297
v 1.150590 -4.831490 2.767297
v 1.533474 -5.939995 2.416052
v 1.150590 -6.692009 2.767297
v 1.150590 -7.032764 2.767297
v 0.713760 -6.692009 3.028296
v 0.713760 -7.032764 3.028296
v 0.600726 -7.042603 2.723258
v 0.713760 -7.267769 3.028296
v 0.239773 -7.267769 3.189016
v 0.239773 -7.032764 3.189016
v 0.182148 -7.042603 2.865192
v 0.600726 -6.697117 2.723258
v 0.600726 -5.937046 2.723258
v 0.986490 -6.697117 2.492771
v 1.324615 -6.697117 2.182587
v 0.986490 -7.042603 2.492771
v 1.324615 -7.042603 2.182587
v 0.795611 -7.042603 2.173443
v 0.469246 -7.042603 2.368441
v 0.306357 -7.042603 1.928861
v 0.115121 -7.042603 2.488518
v 0.032080 -7.042603 2.021863
v -0.253158 -7.042603 2.053267
v -0.253158 -7.042603 1.649438
v -0.038399 -7.042603 1.625794
v 0.168106 -7.042603 1.555771
v -0.089483 -7.042603 1.338718
v -0.253158 -7.042603 1.356737
v -0.467916 -7.042603 1.625794
v -0.253158 -7.042603 1.063614
v -0.416831 -7.042603 1.338718
v -0.365673 -7.042603 1.051226
v -0.674421 -7.042603 1.555770
v -0.574215 -7.042603 1.285350
v -0.864738 -7.042603 1.442061
v -0.473864 -7.042603 1.014541
v -0.719261 -7.042603 1.198689
v -0.573574 -7.042603 0.954965
v -0.846394 -7.042603 1.082060
v -1.031551 -7.042603 1.289032
v -1.287006 -7.042603 1.574581
v -1.168452 -7.042603 1.102564
v -1.468834 -7.042603 1.326920
v -1.822750 -7.042603 1.591259
v -1.603945 -7.042603 1.044365
v -1.997196 -7.042603 1.226444
v -2.441590 -7.042603 0.905522
v -2.104618 -7.042603 0.830598
v -2.314617 -7.042603 1.373415
v -2.108422 -7.042603 1.804627
v -2.108422 -6.697117 1.804627
v -2.314617 -6.697117 1.373415
v -1.643179 -6.697117 1.373415
v -1.770152 -6.697117 0.905522
v -2.441590 -6.697117 0.905522
v -1.813026 -6.697117 0.418932
v -2.484464 -6.697117 0.418932
v -2.484464 -7.042603 0.418932
v -2.441589 -7.042603 -0.067660
v -2.140890 -7.042603 0.418933
v -2.104617 -7.042603 0.007265
v -1.603943 -7.042603 -0.206499
v -1.997194 -7.042603 -0.388580
v -1.687145 -7.042603 0.100091
v -1.270177 -7.042603 -0.051960
v -1.715238 -7.042603 0.418933
v -1.332820 -7.042603 0.178874
v -1.075999 -7.042603 0.235977
v -1.353972 -7.042603 0.418933
v -1.028257 -7.042603 0.060052
v -0.785990 -7.042603 0.172225
v -0.732694 -7.042603 0.060768
v -0.950729 -7.042603 -0.102081
v -0.660969 -7.042603 -0.036925
v -0.846393 -7.042603 -0.244193
v -1.168450 -7.042603 -0.264698
v -1.031550 -7.042603 -0.451164
v -1.468832 -7.042603 -0.489053
v -1.287003 -7.042603 -0.736715
v -1.822748 -7.042603 -0.753394
v -2.314615 -7.042603 -0.535551
v -2.108420 -7.042603 -0.966762
v -1.587984 -7.042603 -1.073156
v -1.301923 -7.042603 -1.335577
v -1.065444 -7.042603 -0.939965
v -1.830927 -7.042603 -1.344721
v -1.492802 -7.042603 -1.654904
v -2.108420 -6.697117 -0.966762
v -1.830927 -6.697117 -1.344721
v -1.830927 -5.937046 -1.344721
v -1.492802 -5.937046 -1.654905
v -1.492802 -6.697117 -1.654904
v -1.436982 -6.697117 -0.966762
v -1.159489 -6.697117 -1.344721
v -1.159489 -5.937046 -1.344721
v -1.436982 -5.937046 -0.966762
v -2.108420 -5.937046 -0.966762
v -1.643177 -5.937046 -0.535551
v -1.770151 -5.937046 -0.067660
v -1.643177 -6.697117 -0.535551
v -2.314615 -5.937046 -0.535551
v -2.441589 -4.831490 -0.067661
v -2.441589 -5.937046 -0.067660
v -2.314615 -4.831490 -0.535552
v -2.731286 -4.831490 -0.132073
v -2.587503 -4.831490 -0.661903
v -2.108420 -4.831490 -0.966763
v -1.830927 -4.831490 -1.344721
v -2.354012 -4.831490 -1.150195
v -2.354012 -5.939995 -1.150195
v -2.039786 -5.939995 -1.578187
v -2.039786 -4.831490 -1.578187
v -1.656902 -4.831490 -1.929431
v -1.492802 -4.831490 -1.654905
v -1.656902 -5.939995 -1.929431
v -1.220072 -5.939995 -2.190429
v -1.220072 -6.692009 -2.190429
v -1.656902 -6.692009 -1.929431
v -1.220072 -7.032764 -2.190429
v -2.039786 -6.692009 -1.578186
v -1.656902 -7.032764 -1.929431
v -1.656902 -7.267769 -1.929431
v -2.039786 -7.032764 -1.578186
v -1.220072 -7.267769 -2.190429
v -1.051378 -7.267769 -1.735182
v -0.746084 -7.267769 -2.351150
v -0.660085 -7.267769 -1.867863
v -0.253158 -7.267769 -1.419799
v -0.574066 -7.267769 -1.384468
v -0.253157 -7.267769 -1.912664
v 0.153773 -7.267769 -1.867861
v -0.253157 -7.267769 -2.405418
v 0.239773 -7.267769 -2.351149
v 0.239773 -7.032764 -2.351149
v 0.713761 -7.267769 -2.190427
v 1.150590 -7.267769 -1.929429
v 0.545066 -7.267769 -1.735181
v 0.067754 -7.267769 -1.384468
v 0.376333 -7.267769 -1.279833
v 0.905683 -7.267769 -1.519718
v 1.533474 -7.267769 -1.578185
v 0.660722 -7.267769 -1.109916
v 1.221767 -7.267769 -1.229754
v 0.909990 -7.267769 -0.881246
v 1.481171 -7.267769 -0.876432
v 1.847699 -7.267769 -1.150191
v 2.081189 -7.267769 -0.661899
v 1.673924 -7.267769 -0.473329
v 2.224972 -7.267769 -0.132070
v 1.792622 -7.267769 -0.035937
v 1.832701 -7.267769 0.418933
v 1.266568 -7.267769 -0.284718
v 1.360174 -7.267769 0.060216
v 1.391781 -7.267769 0.418934
v 0.940180 -7.267769 -0.133597
v 1.013683 -7.267769 0.137256
v 1.038502 -7.267769 0.418934
v 0.565858 -7.267769 0.039718
v 0.616305 -7.267769 0.225612
v 0.633339 -7.267769 0.418934
v 0.297545 -7.267769 0.163951
v 0.331466 -7.267769 0.288946
v 0.342919 -7.267769 0.418934
v 0.126538 -7.267769 0.243130
v 0.149926 -7.267769 0.329310
v -0.253157 -7.267769 0.418934
v 0.157823 -7.267769 0.418934
v 0.149926 -7.267769 0.508558
v 0.331466 -7.267769 0.548923
v 0.126539 -7.267769 0.594739
v 0.297545 -7.267769 0.673916
v 0.088560 -7.267769 0.674162
v 0.037450 -7.267769 0.743779
v 0.242462 -7.267769 0.789111
v 0.565859 -7.267769 0.798148
v 0.168332 -7.267769 0.890081
v 0.483938 -7.267769 0.969470
v 0.940180 -7.267769 0.971464
v 0.373690 -7.267769 1.119633
v 0.078005 -7.267769 0.972944
v 0.239354 -7.267769 1.242869
v 0.086090 -7.267769 1.334439
v -0.025049 -7.267769 1.034516
v -0.136869 -7.267769 1.072433
v -0.095882 -7.267769 0.843364
v -0.172979 -7.267769 0.869505
v -0.253157 -7.267769 0.878332
v -0.333336 -7.267769 0.869505
v -0.253158 -7.267769 1.085235
v -0.369446 -7.267769 1.072433
v -0.481266 -7.267769 1.034516
v -0.426105 -7.267769 1.390830
v -0.592405 -7.267769 1.334439
v -0.745669 -7.267769 1.242868
v -0.747455 -7.267769 1.752861
v -0.970766 -7.267769 1.619436
v -1.416305 -7.267769 1.719112
v -1.167037 -7.267769 1.947784
v -1.166499 -7.267769 1.439878
v -1.327133 -7.267769 1.221085
v -0.880006 -7.267769 1.119632
v -1.620875 -7.267769 1.440477
v -1.772883 -7.267769 1.122586
v -1.987486 -7.267769 1.714298
v -2.180240 -7.267769 1.311195
v -2.298937 -7.267769 0.873804
v -2.587505 -7.267769 1.499765
v -2.731287 -7.267769 0.969935
v -2.779836 -7.267769 0.418932
v -2.587505 -7.032764 1.499765
v -2.731287 -7.032764 0.969935
v -2.731287 -6.692009 0.969935
v -2.779836 -7.032764 0.418932
v -2.587505 -6.692009 1.499765
v -2.354015 -5.939995 1.988059
v -2.587505 -5.939995 1.499765
v -2.354015 -6.692009 1.988059
v -2.039790 -5.939995 2.416051
v -2.039790 -6.692009 2.416051
v -2.354015 -7.032764 1.988059
v -2.039790 -7.032764 2.416051
v -2.354015 -7.267769 1.988059
v -2.039790 -7.267769 2.416051
v -1.728083 -7.267769 2.067621
v -1.411999 -7.267769 2.357586
v -1.051382 -7.267769 2.573050
v -0.882649 -7.267769 2.117702
v -1.656906 -7.267769 2.767295
v -1.220076 -7.032764 3.028295
v -1.220076 -7.267769 3.028295
v -1.656906 -7.032764 2.767295
v -1.220076 -6.692009 3.028295
v -1.656906 -6.692009 2.767295
v -1.220076 -5.939995 3.028295
v -1.656906 -5.939995 2.767294
v -1.220076 -4.831490 3.028295
v -1.656906 -4.831490 2.767294
v -2.039790 -4.831490 2.416050
v -1.492806 -4.831490 2.492769
v -1.107042 -4.831490 2.723257
v -1.492806 -5.937046 2.492769
v -1.107042 -5.937046 2.723257
v -1.107042 -6.697117 2.723257
v -1.492806 -6.697117 2.492769
v -1.830931 -7.042603 2.182585
v -1.830931 -6.697117 2.182585
v -1.492806 -7.042603 2.492769
v -1.107042 -7.042603 2.723257
v -0.975562 -7.042603 2.368440
v -1.301926 -7.042603 2.173442
v -0.812672 -7.042603 1.928859
v -1.065447 -7.042603 1.777831
v -1.587987 -7.042603 1.911020
v -0.538396 -7.042603 2.021863
v -0.621436 -7.042603 2.488518
v -0.688465 -7.042603 2.865191
v -0.253158 -7.042603 2.529063
v -0.253158 -7.042603 2.913116
v -0.746089 -7.032764 3.189016
v -0.253158 -7.032764 3.243286
v -0.746089 -7.267769 3.189016
v -0.253158 -7.267769 3.243286
v -0.253158 -7.267769 2.750532
v -0.660089 -7.267769 2.705731
v 0.153773 -7.267769 2.705731
v -0.253158 -7.267769 2.257667
v -0.574070 -7.267769 2.222335
v 0.067754 -7.267769 2.222335
v -0.253158 -7.267769 1.862766
v -0.253158 -7.267769 1.409871
v -0.001167 -7.267769 1.835023
v -0.505148 -7.267769 1.835023
v -0.080211 -7.267769 1.390831
v 0.376333 -7.267769 2.117702
v 0.241139 -7.267769 1.752862
v 0.545066 -7.267769 2.573050
v 1.150590 -7.267769 2.767297
v -1.830931 -5.937046 2.182585
v -1.436984 -6.697117 1.804627
v -1.159493 -5.937046 2.182585
v -1.159493 -6.697117 2.182585
v -1.436984 -5.937046 1.804627
v -2.108422 -5.937046 1.804627
v -1.643179 -5.937046 1.373415
v -1.770152 -5.937046 0.905522
v -2.314617 -5.937046 1.373415
v -2.108422 -4.831490 1.804626
v -2.314617 -4.831490 1.373415
v -2.441590 -5.937046 0.905522
v -1.813026 -5.937046 0.418931
v -2.484464 -5.937046 0.418931
v -2.441590 -4.831490 0.905522
v -2.484464 -4.831490 0.418931
v -2.731287 -4.831490 0.969935
v -2.779836 -4.831490 0.418931
v -2.779836 -5.939995 0.418931
v -2.731286 -5.939995 -0.132073
v -2.587503 -5.939995 -0.661902
v -2.731286 -6.692009 -0.132072
v -2.587503 -6.692009 -0.661901
v -2.354012 -7.032764 -1.150195
v -2.587503 -7.032764 -0.661901
v -2.354012 -6.692009 -1.150195
v -2.587503 -7.267769 -0.661901
v -2.354012 -7.267769 -1.150194
v -2.731286 -7.032764 -0.132072
v -2.731286 -7.267769 -0.132072
v -2.779836 -6.692009 0.418932
v -2.731287 -5.939995 0.969935
v -2.587505 -4.831490 1.499764
v -2.354015 -4.831490 1.988059
v -1.830931 -4.831490 2.182585
v -2.298936 -7.267769 -0.035941
v -2.180238 -7.267769 -0.473333
v -1.620873 -7.267769 -0.602612
v -1.772882 -7.267769 -0.284721
v -1.987484 -7.267769 -0.876434
v -1.416303 -7.267769 -0.881247
v -1.728080 -7.267769 -1.229757
v -2.039786 -7.267769 -1.578186
v -1.411996 -7.267769 -1.519720
v -1.167035 -7.267769 -1.109917
v -0.970763 -7.267769 -0.781569
v -0.882646 -7.267769 -1.279833
v -0.747452 -7.267769 -0.914993
v -0.505145 -7.267769 -0.997155
v -0.592404 -7.267769 -0.496572
v -0.426102 -7.267769 -0.552962
v -0.253158 -7.267769 -0.572003
v -0.253158 -7.267769 -0.247368
v -0.369444 -7.267769 -0.234564
v -0.253158 -7.267769 -0.040465
v -0.481265 -7.267769 -0.196649
v -0.333333 -7.267769 -0.031638
v -0.410432 -7.267769 -0.005495
v -0.584319 -7.267769 -0.135075
v -0.481485 -7.267769 0.036959
v -0.674646 -7.267769 -0.052212
v -0.543764 -7.267769 0.094090
v -0.748776 -7.267769 0.048756
v -0.594875 -7.267769 0.163705
v -0.803860 -7.267769 0.163951
v -0.632854 -7.267769 0.243131
v -0.656241 -7.267769 0.329310
v -0.837780 -7.267769 0.288945
v -0.849234 -7.267769 0.418933
v -1.139654 -7.267769 0.418933
v -1.122620 -7.267769 0.225611
v -1.544817 -7.267769 0.418933
v -1.072173 -7.267769 0.039718
v -1.519998 -7.267769 0.137255
v -1.898096 -7.267769 0.418933
v -1.866489 -7.267769 0.060213
v -1.446494 -7.267769 -0.133598
v -0.990252 -7.267769 -0.131601
v -1.327132 -7.267769 -0.383217
v -0.880004 -7.267769 -0.281764
v -1.166497 -7.267769 -0.602010
v -0.745668 -7.267769 -0.405000
v -2.339016 -7.267769 0.418932
v -1.866489 -7.267769 0.777652
v -1.446495 -7.267769 0.971464
v -1.519998 -7.267769 0.700610
v -1.072173 -7.267769 0.798148
v -1.122620 -7.267769 0.612255
v -0.803860 -7.267769 0.673916
v -0.837780 -7.267769 0.548923
v -0.656241 -7.267769 0.508558
v -0.632854 -7.267769 0.594739
v -0.594875 -7.267769 0.674162
v -0.543764 -7.267769 0.743779
v -0.748777 -7.267769 0.789111
v -0.674647 -7.267769 0.890081
v -0.990253 -7.267769 0.969468
v -0.481486 -7.267769 0.800910
v -0.584320 -7.267769 0.972944
v -0.410433 -7.267769 0.843362
v -0.664138 -7.267769 0.418933
v -0.136869 -7.267769 -0.234564
v -0.172980 -7.267769 -0.031638
v -0.025049 -7.267769 -0.196648
v -0.095882 -7.267769 -0.005495
v -0.024829 -7.267769 0.036959
v 0.078005 -7.267769 -0.135075
v 0.373691 -7.267769 -0.281763
v 0.168333 -7.267769 -0.052211
v 0.239354 -7.267769 -0.404999
v 0.086090 -7.267769 -0.496571
v 0.660184 -7.267769 -0.602009
v 0.464450 -7.267769 -0.781568
v 0.241139 -7.267769 -0.914992
v -0.001167 -7.267769 -0.997155
v -0.080211 -7.267769 -0.552962
v -0.253158 -7.267769 -1.024898
v 0.820818 -7.267769 -0.383217
v 1.114559 -7.267769 -0.602611
v 0.483938 -7.267769 -0.131601
v 0.242462 -7.267769 0.048756
v 0.088560 -7.267769 0.163705
v 0.037450 -7.267769 0.094091
v -1.770151 -6.697117 -0.067660
v -2.441589 -6.697117 -0.067660
v -2.314615 -6.697117 -0.535551
v -0.024829 -7.267769 0.800911
v 1.013683 -7.267769 0.700611
v 1.360174 -7.267769 0.777653
v 0.616306 -7.267769 0.612255
v -0.253759 -7.032764 -2.406764
v -0.253157 -7.042603 -2.075248
v 0.182149 -7.042603 -2.027323
v -0.253158 -7.042603 -1.691197
v 0.115121 -7.042603 -1.650651
v -0.253158 -7.042603 -1.215399
v 0.032080 -7.042603 -1.183995
v -0.253158 -7.042603 -0.811569
v -0.538392 -7.042603 -1.183996
v -0.812670 -7.042603 -1.090993
v -0.975559 -7.042603 -1.530574
v -0.621433 -7.042603 -1.650652
v -1.107038 -7.042603 -1.885391
v -0.688460 -7.042603 -2.027324
v -0.746084 -7.032764 -2.351150
v -1.107038 -6.697117 -1.885391
v -1.107038 -5.937046 -1.885391
v -1.220072 -4.831490 -2.190429
v -1.107038 -4.831490 -1.885391
v -0.341218 -6.844872 0.320497
v -0.341218 -2.337688 0.320495
v -0.322346 -2.337688 0.303182
v -0.356706 -6.844872 0.341591
v -0.368215 -6.844872 0.365659
v -0.356706 -2.337688 0.341590
v -1.888426 -2.721340 -0.802601
v -2.070170 -2.721340 -0.422523
v -0.368215 -2.337688 0.365657
v -0.375301 -2.337688 0.391772
v -0.375301 -6.844872 0.391774
v -2.182089 -2.721340 -0.010113
v -2.219880 -2.721340 0.418781
v -2.614040 -3.311314 0.418781
v -2.568675 -3.311314 -0.096069
v -2.677041 -3.330269 -0.120172
v -2.434326 -3.311314 -0.591132
v -2.724529 -3.330269 0.418774
v -2.776814 -2.955795 0.418774
v -2.677043 -3.330269 0.957716
v -2.568676 -3.311314 0.933629
v -2.434329 -3.311314 1.428691
v -2.070173 -2.721340 1.260081
v -2.182090 -2.721340 0.847672
v -0.368215 -2.337688 0.472203
v -0.375302 -2.337688 0.446089
v -0.375302 -6.844872 0.446091
v -0.377694 -2.337688 0.418931
v -0.368215 -6.844872 0.472205
v -0.356706 -6.844872 0.496272
v -0.785990 -7.042603 0.665643
v -0.818810 -7.042603 0.544705
v -1.076000 -7.042603 0.601889
v -1.092120 -7.042603 0.418933
v -0.829891 -7.042603 0.418933
v -0.377694 -6.844872 0.418933
v -0.818809 -7.042603 0.293162
v -1.332820 -7.042603 0.658993
v -1.028258 -7.042603 0.777815
v -0.732695 -7.042603 0.777099
v -0.950730 -7.042603 0.939950
v -1.270177 -7.042603 0.889827
v -1.687145 -7.042603 0.737775
v -0.660970 -7.042603 0.874791
v -0.322347 -6.844872 0.534680
v -0.341218 -6.844872 0.517367
v -0.356706 -2.337688 0.496271
v -0.341218 -2.337688 0.517366
v -1.643842 -2.721340 1.973302
v -0.322347 -2.337688 0.534679
v -1.888428 -2.721340 1.640161
v -2.216160 -3.311314 1.884943
v -2.536408 -3.330269 1.475947
v -1.922555 -3.311314 2.284852
v -2.308029 -3.330269 1.953552
v -2.000683 -3.330269 2.372176
v -2.584713 -2.955795 1.498313
v -2.351502 -2.955795 1.986023
v -2.037654 -2.955795 2.413503
v -2.118857 -2.636292 1.812260
v -1.839806 -2.636292 2.192346
v -0.322347 -1.746250 0.534679
v -0.341218 -1.746250 0.517366
v -1.499781 -2.636292 2.504272
v -1.111846 -2.636292 2.736056
v -1.655230 -2.955795 2.764325
v -0.300816 -1.746250 0.547543
v -0.277453 -1.746250 0.555465
v -0.322347 -0.337185 0.534679
v -0.300816 -0.337185 0.547543
v -0.277453 -0.337185 0.555465
v -0.300816 -0.337185 3.213231
v -0.322347 -0.337185 3.200367
v -0.322347 -0.121387 3.200367
v -0.341218 -0.121387 3.183054
v -0.341218 -0.337185 3.183054
v -0.356706 -0.121387 3.161959
v -0.356706 -0.337185 3.161959
v -0.341218 -0.337185 0.517366
v -0.356706 -0.337185 0.496271
v -0.356706 -0.121387 0.496271
v -0.356706 -1.746250 0.496271
v -0.368215 -0.337185 0.472203
v -0.368215 -0.121387 0.472203
v -0.253157 -0.121387 0.418931
v -0.375302 -0.121387 0.446089
v -0.377694 -0.121387 0.418931
v -0.375302 -0.337185 0.446089
v -0.368215 -1.746250 0.472203
v -0.377694 -0.337185 0.418931
v -0.375302 -1.746250 0.446089
v -0.377694 -1.746250 0.418931
v -2.497014 -2.636292 0.418773
v -2.453900 -2.636292 0.908101
v -2.728323 -2.955795 0.969118
v -2.326212 -2.636292 1.378623
v -2.453898 -2.636292 -0.070557
v -0.375301 -1.746250 0.391772
v -0.375301 -0.337185 0.391772
v -0.368215 -0.337185 0.365657
v -0.368215 -1.746250 0.365657
v -0.356706 -0.337185 0.341590
v -2.326209 -2.636292 -0.541080
v -0.356706 -1.746250 0.341590
v -2.118855 -2.636292 -0.974715
v -0.341218 -1.746250 0.320495
v -0.341218 -0.337185 0.320495
v -0.322346 -0.337185 0.303182
v -0.341218 -0.337185 -3.022820
v -0.356706 -0.337185 -3.001725
v -0.341218 -0.121387 -3.022820
v -0.356706 -0.121387 -3.001725
v -0.356706 -0.121387 0.341590
v -0.368215 -0.121387 0.365657
v -0.341218 -0.121387 0.320495
v -0.322346 -0.121387 0.303182
v -0.300815 -0.121387 0.290318
v -0.322346 -0.121387 -3.040133
v -0.322346 -0.337185 -3.040133
v -0.300815 -0.121387 -3.052997
v -0.277453 -0.121387 -3.060919
v -0.300815 -0.337185 -3.052997
v -0.277453 -0.121387 0.282396
v -0.253157 -0.121387 0.279721
v -0.228861 -0.121387 0.282396
v -0.228861 -0.121387 -3.060919
v -0.253157 -0.121387 -3.063594
v -0.277453 -0.337185 -3.060919
v -0.253157 -0.337185 -3.063594
v -0.228861 -0.337185 -3.060919
v -0.253157 -0.337185 0.279721
v -0.277453 -1.746250 0.282396
v -0.253157 -1.746250 0.279721
v -0.277453 -0.337185 0.282396
v -0.228861 -0.337185 0.282396
v -0.205499 -0.337185 0.290318
v -0.205499 -0.337185 -3.052997
v -0.228861 -1.746250 0.282396
v 0.184596 -2.636292 -2.041241
v -0.205499 -1.746250 0.290318
v 0.605529 -2.636292 -1.898510
v 0.712604 -2.955795 -2.187464
v 0.993463 -2.636292 -1.666726
v 1.148911 -2.955795 -1.926779
v 0.692596 -3.330269 -2.133468
v 1.531337 -2.955795 -1.575955
v 1.119863 -3.330269 -1.878184
v 1.494366 -3.330269 -1.534627
v 0.650313 -3.311314 -2.019356
v 1.058478 -3.311314 -1.775485
v 0.499475 -2.721340 -1.612299
v 0.839495 -2.721340 -1.409143
v 1.416238 -3.311314 -1.447288
v 1.801713 -3.330269 -1.116004
v 1.709844 -3.311314 -1.047380
v 1.137525 -2.721340 -1.135740
v 1.382113 -2.721340 -0.802599
v -0.165096 -2.337688 0.320495
v -0.183968 -2.337688 0.303182
v -0.183968 -6.844872 0.303184
v -0.205499 -6.844872 0.290320
v -0.205499 -2.337688 0.290318
v -0.228861 -2.337688 0.282396
v -0.228861 -6.844872 0.282398
v -0.253157 -2.337688 0.279721
v 0.130530 -2.721340 -1.737402
v 0.207426 -3.311314 -2.169533
v -0.253160 -2.721340 -1.779645
v -0.713734 -3.311314 -2.169534
v -0.253161 -3.311314 -2.220242
v -0.636839 -2.721340 -1.737404
v -1.005787 -2.721340 -1.612300
v -1.156625 -3.311314 -2.019357
v -1.198908 -3.330269 -2.133471
v -1.626176 -3.330269 -1.878186
v -1.564791 -3.311314 -1.775486
v -1.345808 -2.721340 -1.409144
v -1.922551 -3.311314 -1.447291
v -2.000679 -3.330269 -1.534631
v -2.308027 -3.330269 -1.116007
v -2.037650 -2.955795 -1.575957
v -2.351500 -2.955795 -1.148477
v -1.839802 -2.636292 -1.354800
v -2.584710 -2.955795 -0.660769
v -2.728322 -2.955795 -0.131574
v -2.536405 -3.330269 -0.638404
v -2.216158 -3.311314 -1.047382
v -1.643838 -2.721340 -1.135742
v -1.499775 -2.636292 -1.666728
v -0.322346 -1.746250 0.303182
v -0.300815 -1.746250 0.290318
v -0.300815 -0.337185 0.290318
v -1.111842 -2.636292 -1.898511
v -1.218916 -2.955795 -2.187467
v -0.690904 -2.636292 -2.041244
v -1.655223 -2.955795 -1.926781
v -0.745489 -2.955795 -2.347997
v -0.253161 -2.636292 -2.089437
v 0.239182 -2.955795 -2.347995
v -0.253161 -2.955795 -2.402200
v -0.253161 -3.330269 -2.343755
v -0.735289 -3.330269 -2.290675
v 0.228981 -3.330269 -2.290673
v 0.067259 -7.042603 -0.117098
v 0.154655 -7.042603 -0.036924
v 0.340079 -7.042603 -0.244193
v 0.444415 -7.042603 -0.102081
v 0.662136 -7.042603 -0.264697
v 0.962519 -7.042603 -0.489051
v 0.763863 -7.042603 -0.051959
v 1.097629 -7.042603 -0.206498
v 1.490880 -7.042603 -0.388577
v 1.598303 -7.042603 0.007269
v 1.180830 -7.042603 0.100092
v 0.826505 -7.042603 0.178875
v 1.208924 -7.042603 0.418934
v 1.634575 -7.042603 0.418934
v 1.180831 -7.042603 0.737777
v 1.978149 -7.042603 0.418933
v 1.598303 -7.042603 0.830600
v 1.935276 -7.042603 0.905525
v 1.097630 -7.042603 1.044365
v 1.490880 -7.042603 1.226446
v 1.808301 -7.042603 1.373416
v 1.316435 -7.042603 1.591260
v 0.962519 -7.042603 1.326921
v 0.662137 -7.042603 1.102566
v 0.525236 -7.042603 1.289032
v 0.780690 -7.042603 1.574582
v 0.559131 -7.042603 1.777832
v 0.358422 -7.042603 1.442062
v 1.081671 -7.042603 1.911021
v 1.602106 -7.042603 1.804628
v 1.602106 -6.697117 1.804628
v 0.930667 -6.697117 1.804628
v 0.930667 -5.937046 1.804628
v 0.653175 -6.697117 2.182587
v 0.653175 -5.937046 2.182587
v 0.212945 -7.042603 1.198690
v 0.067900 -7.042603 1.285351
v -0.032451 -7.042603 1.014541
v -0.140642 -7.042603 1.051226
v -0.253157 -6.844872 0.558142
v -0.228861 -6.844872 0.555466
v -0.253157 -2.337688 0.558140
v -0.205499 -6.844872 0.547545
v -0.228861 -2.337688 0.555465
v 0.130533 -2.721340 2.574964
v 0.499475 -2.721340 2.449862
v -0.205499 -2.337688 0.547543
v 0.839493 -2.721340 2.246707
v -0.183968 -6.844872 0.534680
v -0.183968 -2.337688 0.534679
v -0.165096 -2.337688 0.517366
v -0.165096 -6.844872 0.517367
v 1.137525 -2.721340 1.973303
v 1.382113 -2.721340 1.640161
v 1.416238 -3.311314 2.284853
v 1.709845 -3.311314 1.884944
v 1.928013 -3.311314 1.428691
v 1.801714 -3.330269 1.953553
v 2.030092 -3.330269 1.475947
v 2.078397 -2.955795 1.498314
v 2.222008 -2.955795 0.969118
v 2.170728 -3.330269 0.957716
v 2.270500 -2.955795 0.418776
v 2.218215 -3.330269 0.418776
v 2.062361 -3.311314 0.933628
v 1.563857 -2.721340 1.260082
v 2.107725 -3.311314 0.418783
v 1.675775 -2.721340 0.847672
v -0.138100 -2.337688 0.472203
v 1.713565 -2.721340 0.418782
v -0.131013 -2.337688 0.446089
v -0.131013 -6.844872 0.446091
v -0.128620 -6.844872 0.418933
v -0.128620 -2.337688 0.418931
v -0.131013 -6.844872 0.391774
v -0.131013 -2.337688 0.391772
v -0.138100 -6.844872 0.365660
v 1.675775 -2.721340 -0.010110
v -0.138100 -2.337688 0.365658
v -0.149608 -6.844872 0.341591
v 1.563856 -2.721340 -0.422520
v -0.149608 -2.337688 0.341590
v -0.165096 -6.844872 0.320497
v 0.226380 -7.042603 0.060768
v 0.279675 -7.042603 0.172226
v 0.521943 -7.042603 0.060052
v 0.569685 -7.042603 0.235977
v 0.847657 -7.042603 0.418934
v 0.585806 -7.042603 0.418934
v 0.312495 -7.042603 0.293164
v 0.323577 -7.042603 0.418934
v 0.312495 -7.042603 0.544705
v 0.279676 -7.042603 0.665643
v -0.138100 -6.844872 0.472205
v 0.569685 -7.042603 0.601890
v 0.826505 -7.042603 0.658994
v 0.521943 -7.042603 0.777815
v 0.444415 -7.042603 0.939950
v 0.763863 -7.042603 0.889828
v 0.226380 -7.042603 0.777099
v 0.154655 -7.042603 0.874791
v -0.149608 -6.844872 0.496272
v -0.149608 -2.337688 0.496271
v 0.340079 -7.042603 1.082060
v 0.067259 -7.042603 0.954967
v 1.928012 -3.311314 -0.591128
v 2.062361 -3.311314 -0.096065
v 2.170728 -3.330269 -0.120167
v 2.222008 -2.955795 -0.131569
v 2.030092 -3.330269 -0.638400
v 2.078396 -2.955795 -0.660765
v 1.845186 -2.955795 -1.148474
v 1.612542 -2.636292 -0.974713
v 1.819895 -2.636292 -0.541076
v 1.947585 -2.636292 -0.070553
v -0.149608 -1.746250 0.341590
v -0.138100 -1.746250 0.365658
v -0.138100 -0.337185 0.365658
v -0.131013 -0.337185 0.391772
v -0.131013 -1.746250 0.391772
v 1.990700 -2.636292 0.418775
v -0.128620 -1.746250 0.418931
v -0.128620 -0.337185 0.418931
v -0.128620 -0.121387 0.418931
v -0.131013 -0.121387 0.446089
v -0.131013 -0.337185 0.446089
v -0.131013 -1.746250 0.446089
v -0.138100 -0.121387 0.472203
v -0.138100 -0.337185 0.472203
v -0.138100 -1.746250 0.472203
v -0.149608 -0.121387 0.496271
v -0.149608 -0.337185 0.496271
v -0.149608 -1.746250 0.496271
v -0.165096 -0.337185 0.517366
v -0.149608 -0.337185 3.161959
v -0.165096 -0.121387 3.183054
v -0.165096 -0.337185 3.183054
v -0.149608 -0.121387 3.161959
v -0.165096 -0.121387 0.517366
v -0.183968 -0.121387 0.534679
v -0.205499 -0.121387 0.547543
v -0.183968 -0.121387 3.200367
v -0.205499 -0.121387 3.213231
v -0.183968 -0.337185 3.200367
v -0.205499 -0.337185 3.213231
v -0.183968 -0.337185 0.534679
v -0.205499 -0.337185 0.547543
v -0.183968 -1.746250 0.534679
v -0.228861 -0.337185 0.555465
v -0.205499 -1.746250 0.547543
v -0.228861 -1.746250 0.555465
v 0.605530 -2.636292 2.736058
v 0.993461 -2.636292 2.504276
v 1.531337 -2.955795 2.413504
v 1.333489 -2.636292 2.192348
v 1.148909 -2.955795 2.764330
v 0.712605 -2.955795 3.025014
v 0.692596 -3.330269 2.971020
v 1.119861 -3.330269 2.715735
v 0.650314 -3.311314 2.856920
v 1.494366 -3.330269 2.372177
v 1.058476 -3.311314 2.613050
v 1.845187 -2.955795 1.986023
v 1.612542 -2.636292 1.812261
v 1.819896 -2.636292 1.378624
v -0.165096 -1.746250 0.517366
v 1.947585 -2.636292 0.908100
v 0.207430 -3.311314 3.007095
v -0.253159 -2.721340 2.617207
v 0.228985 -3.330269 3.128222
v -0.253159 -3.311314 3.057805
v -0.735299 -3.330269 3.128222
v -0.713743 -3.311314 3.007097
v -0.253159 -3.330269 3.181304
v 0.239186 -2.955795 3.185542
v -0.253159 -2.955795 3.239748
v -0.745499 -2.955795 3.185543
v -1.218921 -2.955795 3.025013
v -0.690913 -2.636292 2.878789
v -0.253159 -2.636292 2.926984
v -0.253157 -1.746250 0.558140
v 0.184599 -2.636292 2.878788
v -0.253157 -0.337185 0.558140
v -0.228861 -0.337185 3.221153
v -0.277453 -0.337185 3.221153
v -0.253157 -0.337185 3.223828
v -0.253157 -0.121387 3.223828
v -0.277453 -0.121387 3.221153
v -0.300816 -0.121387 3.213231
v -0.277453 -0.121387 0.555465
v -0.253157 -0.121387 0.558140
v -0.228861 -0.121387 0.555465
v -0.228861 -0.121387 3.221153
v -0.300816 -0.121387 0.547543
v -0.322347 -0.121387 0.534679
v -0.341218 -0.121387 0.517366
v -1.198912 -3.330269 2.971018
v -1.156630 -3.311314 2.856920
v -1.626182 -3.330269 2.715732
v -1.564797 -3.311314 2.613046
v -1.345813 -2.721340 2.246703
v -1.005791 -2.721340 2.449862
v -0.277453 -2.337688 0.555465
v -0.636846 -2.721340 2.574965
v -0.300816 -2.337688 0.547543
v -0.300816 -6.844872 0.547545
v -0.277453 -6.844872 0.555466
v -0.131013 -0.121387 0.391772
v -0.138100 -0.121387 0.365658
v -0.149608 -0.121387 0.341590
v -0.149608 -0.337185 0.341590
v -0.149608 -0.121387 -3.001725
v -0.149608 -0.337185 -3.001725
v -0.165096 -0.337185 0.320495
v -0.165096 -1.746250 0.320495
v -0.183968 -1.746250 0.303182
v 1.333489 -2.636292 -1.354798
v -0.183968 -0.337185 0.303182
v -0.183968 -0.337185 -3.040133
v -0.165096 -0.337185 -3.022820
v -0.165096 -0.121387 -3.022820
v -0.165096 -0.121387 0.320495
v -0.183968 -0.121387 0.303182
v -0.183968 -0.121387 -3.040133
v -0.205499 -0.121387 -3.052997
v -0.205499 -0.121387 0.290318
v 1.935275 -7.042603 -0.067656
v 1.808301 -6.697117 -0.535547
v 1.808301 -7.042603 -0.535547
v 1.602106 -6.697117 -0.966759
v 1.602106 -7.042603 -0.966759
v 1.316435 -7.042603 -0.753391
v 1.324615 -6.697117 -1.344719
v 0.930667 -6.697117 -0.966759
v 0.653175 -6.697117 -1.344719
v 1.324615 -5.937046 -1.344719
v 0.653175 -5.937046 -1.344719
v 0.930667 -5.937046 -0.966759
v 1.136862 -6.697117 -0.535547
v 1.602106 -5.937046 -0.966759
v 1.324615 -4.831490 -1.344720
v 0.986490 -4.831490 -1.654902
v 0.986490 -5.937046 -1.654902
v 0.600727 -4.831490 -1.885391
v 1.150590 -4.831490 -1.929430
v 0.713761 -4.831490 -2.190428
v -0.375301 -0.121387 0.391772
v 0.713760 -4.831490 3.028296
v 0.600726 -4.831490 2.723258
v 0.713760 -5.939995 3.028296
v 1.978149 -4.831490 0.418933
vn -0.5976 -0.0000 -0.8018
vn -0.4194 -0.0000 -0.9078
vn -0.1064 0.9838 -0.1445
vn -0.2269 0.9265 -0.3003
vn -0.1570 0.9290 -0.3352
vn -0.0731 0.9844 -0.1601
vn -0.2166 -0.0000 -0.9763
vn -0.0803 0.9307 -0.3569
vn -0.0000 1.0000 -0.0000
vn -0.0372 0.9848 -0.1696
vn -0.0000 0.9850 -0.1728
vn -0.0000 0.9313 -0.3643
vn 0.0372 0.9848 -0.1696
vn 0.0731 0.9844 -0.1601
vn -0.5976 -0.0000 0.8018
vn -0.7446 -0.0000 0.6675
vn -0.0034 0.9999 0.0101
vn -0.5129 -0.0000 0.8584
vn -0.9377 -0.0000 -0.3475
vn 0.5129 -0.0000 -0.8584
vn 0.5976 -0.0000 -0.8018
vn 0.4512 -0.0000 -0.8924
vn 0.7446 -0.0000 -0.6675
vn 0.8579 -0.0000 -0.5139
vn 0.9375 -0.0000 -0.3481
vn 0.9845 -0.0000 -0.1755
vn 1.0000 -0.0000 -0.0000
vn 0.9845 -0.0000 0.1755
vn 0.9375 -0.0000 0.3481
vn -0.0000 -1.0000 -0.0000
vn 0.8579 -0.0000 0.5139
vn 0.7446 -0.0000 0.6675
vn -0.9375 -0.0000 0.3481
vn -0.9845 -0.0000 0.1755
vn -0.8579 -0.0000 0.5139
vn -1.0000 -0.0000 -0.0000
vn -0.9845 -0.0000 -0.1755
vn -0.9375 -0.0000 -0.3481
vn -0.8579 -0.0000 -0.5139
vn -0.7224 -0.0000 -0.6915
vn -0.7446 -0.0000 -0.6675
vn 0.5976 -0.0000 0.8018
vn 0.4512 -0.0000 0.8924
vn 0.5129 -0.0000 0.8584
vn 0.4194 -0.0000 0.9078
vn -0.9377 -0.0000 0.3475
vn -0.0035 0.9999 -0.0156
vn -0.0097 0.9995 -0.0286
vn -0.0034 0.9999 -0.0101
vn 0.2166 -0.0000 0.9763
vn -0.0064 0.9996 -0.0292
vn -0.5129 -0.0000 -0.8584
vn -0.0000 0.9850 0.1728
vn -0.0372 0.9848 0.1696
vn -0.0731 0.9844 0.1601
vn -0.1064 0.9838 0.1445
vn -0.1785 0.9816 -0.0671
vn -0.1603 0.9823 -0.0972
vn -0.1359 0.9830 -0.1233
vn 0.7224 -0.0000 0.6915
vn -0.0000 -0.0000 -1.0000
vn 0.8061 -0.0000 0.5918
vn -0.4512 -0.0000 -0.8924
vn -0.2175 -0.0008 -0.9760
vn 0.0011 -0.0050 -1.0000
vn 0.2169 -0.0008 -0.9762
vn 0.2166 -0.0000 -0.9763
vn 0.4194 -0.0000 -0.9078
vn -0.4512 -0.0000 0.8924
vn -0.4194 -0.0000 0.9078
vn 0.9377 -0.0000 0.3475
vn 0.7224 -0.0000 -0.6915
vn 0.0034 0.9999 -0.0101
vn 0.0035 0.9999 -0.0156
vn -0.0000 0.9999 -0.0159
vn 0.0064 0.9996 -0.0292
vn -0.0000 0.9996 -0.0298
vn -0.0000 -0.0000 1.0000
vn -0.2166 -0.0000 0.9763
vn 0.0097 0.9995 -0.0286
vn 0.8061 -0.0000 -0.5918
vn -0.8579 -0.0000 -0.5138
vn -0.0097 0.9995 0.0286
vn -0.0064 0.9996 0.0292
vn -0.0035 0.9999 0.0156
vn 0.0007 -0.0049 -1.0000
vn -0.0000 0.9999 0.0159
vn -0.0000 0.9996 0.0297
vn 0.0035 0.9999 0.0156
vn 0.0034 0.9999 0.0101
vn 0.0097 0.9995 0.0286
vn 0.0064 0.9996 0.0292
vn -0.2179 -0.0000 -0.9760
vn 0.9377 -0.0000 -0.3475
vn -0.2872 0.9236 -0.2539
vn -0.3360 0.9207 -0.1985
vn -0.3716 0.9183 -0.1361
vn 0.1454 -0.9810 0.1284
vn 0.1704 -0.9802 0.1006
vn 0.1690 -0.9803 0.1025
vn 0.1881 -0.9796 0.0707
vn 0.1888 -0.9796 0.0692
vn 0.2001 -0.9791 0.0352
vn 0.1999 -0.9792 0.0361
vn 0.2039 -0.9790 -0.0000
vn 0.8178 -0.5570 0.1446
vn 0.8315 -0.5555 -0.0000
vn 0.7767 -0.5612 0.2860
vn 0.8174 -0.5570 0.1468
vn 0.1566 -0.9860 0.0573
vn 0.1659 -0.9857 0.0292
vn 0.1658 -0.9857 0.0299
vn 0.1691 -0.9856 -0.0000
vn 0.7752 -0.5613 0.2899
vn -0.9904 -0.1383 -0.0000
vn -0.9750 -0.1388 -0.1735
vn -0.9750 -0.1388 0.1735
vn 0.1659 -0.9857 -0.0292
vn 0.1658 -0.9857 -0.0299
vn 0.1566 -0.9860 -0.0573
vn 0.7767 -0.5612 -0.2860
vn 0.7752 -0.5613 -0.2899
vn 0.8174 -0.5570 -0.1468
vn 0.8178 -0.5570 -0.1446
vn 0.1888 -0.9796 -0.0692
vn 0.1881 -0.9796 -0.0707
vn 0.1999 -0.9792 -0.0361
vn 0.2001 -0.9791 -0.0351
vn 0.2039 -0.9790 0.0001
vn -0.1785 0.9816 0.0671
vn -0.3360 0.9207 0.1985
vn -0.3716 0.9183 0.1361
vn -0.1898 0.9812 0.0342
vn -0.3934 0.9168 0.0692
vn -0.1936 0.9811 -0.0000
vn -0.4006 0.9162 -0.0000
vn -0.3934 0.9168 -0.0692
vn -0.1898 0.9812 -0.0342
vn -0.1603 0.9823 0.0972
vn -0.1359 0.9830 0.1233
vn -0.2269 0.9265 0.3002
vn -0.2872 0.9236 0.2539
vn 0.1454 -0.9810 -0.1284
vn 0.1690 -0.9803 -0.1025
vn 0.1704 -0.9802 -0.1006
vn 0.1146 -0.9818 -0.1515
vn 0.1434 -0.9811 -0.1302
vn 0.7078 -0.5676 -0.4205
vn 0.7047 -0.5679 -0.4253
vn 0.6111 -0.5756 -0.5433
vn 0.1413 -0.9865 -0.0834
vn 0.1401 -0.9865 -0.0850
vn 0.1560 -0.9860 -0.0586
vn 0.6066 -0.5760 -0.5480
vn 0.1205 -0.9870 -0.1064
vn -0.9280 -0.1403 0.3452
vn -0.9284 -0.1403 0.3440
vn -0.8496 -0.1427 0.5078
vn 0.1189 -0.9870 -0.1079
vn -0.8487 -0.1427 0.5093
vn -0.7373 -0.1456 0.6597
vn -0.6999 0.6644 0.2621
vn -0.6348 0.6708 0.3835
vn -0.5001 0.8128 0.2987
vn -0.7360 -0.1456 0.6611
vn -0.5448 0.6785 0.4928
vn -0.4293 0.8177 0.3836
vn -0.2192 0.9316 0.2900
vn -0.3405 0.8226 0.4554
vn -0.2775 0.9289 0.2452
vn -0.1516 0.9340 0.3236
vn -0.2365 0.8269 0.5102
vn -0.4321 0.6864 0.5850
vn -0.0775 0.9356 0.3446
vn -0.4193 -0.0000 0.9078
vn -0.8061 -0.0000 0.5918
vn -0.9275 -0.0000 0.3737
vn -0.9752 -0.0000 0.2212
vn -0.3591 0.9240 0.1315
vn -0.3802 0.9225 0.0667
vn -0.5825 0.8062 0.1036
vn -0.3872 0.9220 -0.0000
vn -0.5929 0.8053 -0.0000
vn -0.7523 0.6588 -0.0000
vn -0.7392 0.6603 0.1329
vn -0.5515 0.8088 0.2042
vn -0.3246 0.9262 0.1918
vn -0.9749 -0.1388 0.1741
vn -0.3801 0.9225 -0.0667
vn -0.5825 0.8062 -0.1036
vn -0.3591 0.9240 -0.1314
vn -0.9275 -0.0000 -0.3737
vn -0.3246 0.9262 -0.1917
vn -0.5515 0.8088 -0.2042
vn -0.2775 0.9289 -0.2453
vn -0.5001 0.8128 -0.2987
vn -0.8061 -0.0000 -0.5918
vn -0.9752 -0.0000 -0.2212
vn -0.0000 0.9361 -0.3517
vn 0.0775 0.9355 -0.3446
vn 0.1213 0.8298 -0.5447
vn 0.2365 0.8269 -0.5102
vn 0.1516 0.9340 -0.3236
vn 0.3000 0.6932 -0.6553
vn 0.4321 0.6864 -0.5850
vn 0.3405 0.8226 -0.4554
vn 0.5901 -0.1487 -0.7935
vn 0.4152 -0.1515 -0.8970
vn 0.4138 -0.1515 -0.8977
vn 0.5917 -0.1487 -0.7923
vn 0.5448 0.6785 -0.4928
vn 0.7360 -0.1456 -0.6611
vn -0.0949 -0.9875 0.1255
vn -0.0932 -0.9876 0.1266
vn -0.1189 -0.9870 0.1079
vn 0.7373 -0.1456 -0.6597
vn -0.0656 -0.9880 0.1398
vn -0.0640 -0.9880 0.1404
vn -0.1205 -0.9870 0.1064
vn -0.3406 -0.5914 0.7309
vn -0.3360 -0.5916 0.7329
vn -0.4826 -0.5843 0.6525
vn -0.4877 -0.5840 0.6489
vn -0.6066 -0.5760 0.5480
vn -0.1401 -0.9865 0.0850
vn -0.6111 -0.5756 0.5433
vn -0.1413 -0.9865 0.0834
vn -0.7047 -0.5679 0.4253
vn -0.7078 -0.5676 0.4205
vn -0.1454 -0.9810 0.1284
vn -0.1434 -0.9811 0.1302
vn -0.1690 -0.9803 0.1025
vn -0.1146 -0.9818 0.1515
vn -0.1125 -0.9818 0.1528
vn -0.0791 -0.9825 0.1688
vn -0.0404 -0.9829 0.1795
vn -0.0773 -0.9825 0.1695
vn 0.0803 0.9307 -0.3569
vn 0.1570 0.9290 -0.3352
vn -0.0000 -0.9831 0.1831
vn -0.0394 -0.9829 0.1797
vn -0.1753 -0.5965 0.7832
vn -0.1725 -0.5966 0.7838
vn -0.0000 -0.5984 0.8012
vn 0.1725 -0.5966 0.7838
vn 0.1753 -0.5965 0.7832
vn 0.0394 -0.9829 0.1797
vn 0.0404 -0.9829 0.1795
vn 0.0773 -0.9825 0.1695
vn 0.3406 -0.5914 0.7309
vn 0.3360 -0.5916 0.7329
vn 0.0656 -0.9880 0.1398
vn 0.0932 -0.9876 0.1266
vn 0.0640 -0.9880 0.1404
vn 0.0335 -0.9883 0.1487
vn 0.0949 -0.9875 0.1255
vn 0.4826 -0.5843 0.6525
vn 0.4877 -0.5840 0.6489
vn 0.6066 -0.5760 0.5480
vn 0.1205 -0.9870 0.1064
vn 0.1189 -0.9870 0.1079
vn -0.7360 -0.1456 -0.6611
vn -0.5917 -0.1487 -0.7923
vn -0.7373 -0.1456 -0.6597
vn -0.8487 -0.1427 -0.5093
vn -0.8495 -0.1427 -0.5079
vn 0.1401 -0.9865 0.0850
vn -0.6348 0.6708 -0.3835
vn -0.4293 0.8177 -0.3836
vn -0.5448 0.6785 -0.4928
vn -0.6999 0.6644 -0.2621
vn -0.9280 -0.1403 -0.3452
vn -0.7392 0.6603 -0.1329
vn -0.9749 -0.1388 -0.1741
vn -0.9284 -0.1403 -0.3440
vn 0.1559 -0.9860 0.0586
vn 0.1413 -0.9865 0.0834
vn 0.6111 -0.5756 0.5433
vn 0.7047 -0.5679 0.4253
vn 0.7078 -0.5676 0.4205
vn 0.1434 -0.9811 0.1302
vn 0.1146 -0.9818 0.1515
vn 0.1125 -0.9818 0.1528
vn -0.3405 0.8226 -0.4554
vn -0.2191 0.9316 -0.2900
vn -0.1516 0.9340 -0.3236
vn -0.2365 0.8269 -0.5102
vn -0.0775 0.9356 -0.3445
vn -0.4321 0.6864 -0.5850
vn -0.3000 0.6932 -0.6553
vn -0.1213 0.8298 -0.5447
vn -0.5901 -0.1487 -0.7935
vn -0.4138 -0.1515 -0.8977
vn -0.4152 -0.1515 -0.8970
vn -0.1538 0.6979 -0.6995
vn -0.0000 0.8308 -0.5565
vn 0.1538 0.6979 -0.6995
vn -0.0000 0.6995 -0.7146
vn 0.2136 -0.1535 -0.9648
vn -0.0000 -0.1542 -0.9880
vn -0.2136 -0.1535 -0.9648
vn -0.2144 -0.1535 -0.9646
vn -0.0000 -0.9884 0.1517
vn 0.0326 -0.9883 0.1488
vn -0.0326 -0.9883 0.1488
vn 0.2144 -0.1535 -0.9646
vn -0.0335 -0.9883 0.1487
vn 0.0791 -0.9825 0.1688
vn 0.1064 0.9838 -0.1445
vn 0.2269 0.9265 -0.3003
vn 0.1359 0.9830 -0.1233
vn 0.0372 0.9848 0.1696
vn 0.0731 0.9844 0.1601
vn -0.0000 0.9313 0.3643
vn 0.0803 0.9307 0.3569
vn 0.1570 0.9290 0.3352
vn -0.0000 -0.9831 -0.1832
vn -0.0404 -0.9829 -0.1795
vn -0.0394 -0.9829 -0.1797
vn -0.0773 -0.9825 -0.1695
vn -0.0792 -0.9825 -0.1688
vn -0.1125 -0.9818 -0.1528
vn -0.1146 -0.9818 -0.1515
vn -0.1434 -0.9811 -0.1302
vn -0.1454 -0.9810 -0.1284
vn -0.4877 -0.5840 -0.6489
vn -0.6111 -0.5756 -0.5433
vn -0.6066 -0.5760 -0.5480
vn -0.1690 -0.9803 -0.1025
vn -0.7078 -0.5676 -0.4205
vn -0.7047 -0.5679 -0.4253
vn -0.7752 -0.5613 -0.2899
vn -0.1205 -0.9870 -0.1064
vn -0.1413 -0.9865 -0.0834
vn -0.1401 -0.9865 -0.0850
vn -0.1566 -0.9860 -0.0573
vn -0.1560 -0.9860 -0.0586
vn -0.1658 -0.9857 -0.0299
vn 0.9280 -0.1403 0.3452
vn 0.8495 -0.1427 0.5079
vn 0.9284 -0.1403 0.3440
vn 0.9749 -0.1388 0.1741
vn 0.9750 -0.1388 0.1735
vn 0.9904 -0.1383 -0.0000
vn -0.1659 -0.9857 -0.0291
vn -0.1691 -0.9856 -0.0000
vn -0.7767 -0.5612 -0.2860
vn -0.8174 -0.5570 -0.1468
vn -0.8178 -0.5570 -0.1446
vn -0.8315 -0.5555 -0.0000
vn -0.1888 -0.9796 -0.0691
vn -0.1999 -0.9792 -0.0361
vn -0.1881 -0.9796 -0.0707
vn -0.2001 -0.9791 -0.0352
vn -0.2039 -0.9790 -0.0000
vn -0.2001 -0.9791 0.0352
vn -0.1999 -0.9792 0.0361
vn -0.1888 -0.9796 0.0691
vn -0.1881 -0.9796 0.0707
vn 0.8579 -0.0000 -0.5138
vn -0.1704 -0.9802 0.1006
vn 0.1603 0.9823 -0.0972
vn 0.2872 0.9236 -0.2539
vn 0.3360 0.9207 -0.1984
vn 0.1785 0.9816 -0.0671
vn 0.1898 0.9812 -0.0342
vn 0.3716 0.9183 -0.1361
vn 0.1936 0.9811 -0.0000
vn 0.3934 0.9168 -0.0692
vn 0.4006 0.9162 -0.0000
vn 0.3934 0.9168 0.0692
vn 0.1898 0.9812 0.0343
vn 0.1785 0.9816 0.0671
vn 0.3716 0.9183 0.1361
vn 0.1603 0.9823 0.0972
vn 0.2873 0.9236 0.2539
vn 0.1359 0.9830 0.1233
vn 0.3360 0.9207 0.1984
vn 0.8579 -0.0000 0.5138
vn -0.1704 -0.9802 -0.1006
vn 0.1064 0.9838 0.1445
vn 0.2269 0.9265 0.3002
vn -0.7767 -0.5612 0.2860
vn -0.8174 -0.5570 0.1468
vn -0.8178 -0.5570 0.1446
vn -0.7752 -0.5613 0.2899
vn -0.1659 -0.9857 0.0291
vn -0.1658 -0.9857 0.0299
vn -0.1566 -0.9860 0.0573
vn 0.9750 -0.1388 -0.1735
vn 0.9749 -0.1388 -0.1741
vn -0.1559 -0.9860 0.0586
vn 0.9284 -0.1403 -0.3440
vn 0.9280 -0.1403 -0.3452
vn 0.8495 -0.1427 -0.5079
vn 0.7392 0.6603 -0.1329
vn 0.6999 0.6644 -0.2621
vn 0.5515 0.8088 -0.2042
vn 0.8487 -0.1427 -0.5093
vn 0.6348 0.6708 -0.3835
vn 0.5001 0.8128 -0.2987
vn 0.5825 0.8062 -0.1036
vn 0.3246 0.9262 -0.1917
vn 0.3591 0.9240 -0.1315
vn 0.3801 0.9225 -0.0668
vn 0.3872 0.9220 -0.0000
vn 0.5929 0.8053 -0.0000
vn 0.9752 -0.0000 0.2212
vn 0.9276 -0.0000 0.3737
vn 0.1516 0.9339 0.3237
vn 0.3405 0.8226 0.4554
vn 0.2191 0.9316 0.2900
vn 0.0775 0.9355 0.3446
vn 0.2365 0.8269 0.5102
vn 0.4293 0.8177 0.3836
vn 0.4321 0.6864 0.5850
vn 0.5448 0.6785 0.4928
vn 0.7360 -0.1456 0.6611
vn 0.5901 -0.1487 0.7935
vn 0.5917 -0.1487 0.7923
vn 0.3000 0.6932 0.6553
vn 0.4138 -0.1515 0.8977
vn 0.4152 -0.1515 0.8970
vn 0.7373 -0.1456 0.6597
vn -0.0656 -0.9880 -0.1398
vn -0.0932 -0.9876 -0.1266
vn -0.0641 -0.9880 -0.1404
vn -0.0950 -0.9875 -0.1255
vn -0.1189 -0.9870 -0.1079
vn -0.3406 -0.5914 -0.7309
vn -0.4826 -0.5843 -0.6525
vn -0.3360 -0.5916 -0.7329
vn 0.8487 -0.1427 0.5093
vn 0.6348 0.6708 0.3835
vn 0.5001 0.8128 0.2987
vn 0.6999 0.6644 0.2621
vn 0.2775 0.9289 0.2454
vn 0.3246 0.9262 0.1918
vn 0.5515 0.8088 0.2042
vn 0.3591 0.9240 0.1315
vn 0.7392 0.6603 0.1329
vn 0.5825 0.8062 0.1036
vn 0.7523 0.6588 -0.0000
vn 0.3802 0.9225 0.0669
vn -0.1753 -0.5965 -0.7832
vn -0.0335 -0.9883 -0.1487
vn -0.1725 -0.5966 -0.7838
vn -0.0000 -0.5984 -0.8012
vn -0.0326 -0.9883 -0.1489
vn -0.0000 -0.9884 -0.1517
vn 0.0326 -0.9883 -0.1489
vn 0.0335 -0.9883 -0.1487
vn 0.1725 -0.5966 -0.7838
vn 0.2136 -0.1535 0.9648
vn -0.0000 -0.1542 0.9880
vn 0.2144 -0.1535 0.9646
vn -0.2136 -0.1535 0.9648
vn -0.2144 -0.1535 0.9646
vn -0.4138 -0.1515 0.8977
vn -0.3000 0.6932 0.6553
vn -0.1538 0.6979 0.6995
vn -0.1213 0.8298 0.5448
vn -0.0000 0.6995 0.7146
vn -0.0000 0.8308 0.5566
vn -0.0000 0.9361 0.3517
vn 0.1213 0.8298 0.5448
vn 0.1538 0.6979 0.6995
vn -0.4152 -0.1515 0.8970
vn -0.5901 -0.1487 0.7935
vn 0.0641 -0.9880 -0.1404
vn 0.0656 -0.9880 -0.1398
vn 0.0932 -0.9876 -0.1266
vn -0.5917 -0.1487 0.7923
vn 0.0950 -0.9875 -0.1255
vn 0.3406 -0.5914 -0.7309
vn 0.3360 -0.5916 -0.7329
vn 0.4826 -0.5843 -0.6525
vn 0.4877 -0.5840 -0.6489
vn 0.0404 -0.9829 -0.1795
vn 0.0773 -0.9825 -0.1695
vn 0.0791 -0.9825 -0.1688
vn 0.0394 -0.9829 -0.1797
vn 0.1753 -0.5965 -0.7832
vn 0.1125 -0.9818 -0.1528
vn -0.0803 0.9307 0.3569
vn -0.1570 0.9290 0.3352
vn 0.9276 -0.0000 -0.3737
vn 0.9752 -0.0000 -0.2212
vn 0.2775 0.9289 -0.2453
vn 0.4293 0.8177 -0.3836
vn 0.2191 0.9316 -0.2900
vn 0.5975 -0.0000 -0.8018
vn -0.7224 -0.0000 0.6915
vt 0.219565 0.295549
vt 0.229036 0.300612
vt 0.239313 0.303729
vt 0.205727 0.316260
vt 0.219504 0.323624
vt 0.234453 0.328159
vt 0.191908 0.336940
vt 0.209986 0.346603
vt 0.229601 0.352553
vt 0.250000 0.329690
vt 0.250000 0.304782
vt 0.260687 0.303729
vt 0.265547 0.328159
vt 0.290014 0.346603
vt 0.270399 0.352553
vt 0.280496 0.323624
vt 0.270964 0.300612
vt 0.294273 0.316260
vt 0.308092 0.336940
vt 0.323937 0.323937
vt 0.348201 0.348201
vt 0.327156 0.365473
vt 0.376790 0.376790
vt 0.303146 0.378306
vt 0.349619 0.399090
vt 0.318619 0.415660
vt 0.399867 0.399867
vt 0.367750 0.426225
vt 0.331107 0.445810
vt 0.937500 0.548230
vt 0.937500 0.618164
vt 0.937500 0.772500
vt 0.906250 0.548230
vt 0.906250 0.618164
vt 0.875000 0.618164
vt 0.875000 0.548230
vt 0.906250 0.772500
vt 0.843750 0.548230
vt 0.875000 0.772500
vt 0.843750 0.618164
vt 0.843750 0.772500
vt 0.812500 0.618164
vt 0.812500 0.548230
vt 0.812500 0.772500
vt 0.875000 1.000000
vt 0.843750 1.000000
vt 0.781250 0.618164
vt 0.812500 1.000000
vt 0.781250 0.772500
vt 0.750000 0.618164
vt 0.750000 0.548230
vt 0.781250 0.548230
vt 0.718750 0.548230
vt 0.750000 0.500000
vt 0.718750 0.500000
vt 0.687500 0.500000
vt 0.944321 0.211347
vt 0.990000 0.250000
vt 0.985388 0.203178
vt 0.933047 0.174180
vt 0.971731 0.158156
vt 0.914737 0.139926
vt 0.894353 0.190207
vt 0.879914 0.163194
vt 0.860483 0.139517
vt 0.852013 0.181837
vt 0.836755 0.163245
vt 0.818163 0.147987
vt 0.836806 0.120086
vt 0.890098 0.109902
vt 0.860074 0.085263
vt 0.919706 0.080294
vt 0.949553 0.116663
vt 0.687500 0.548230
vt 0.656250 0.500000
vt 0.656250 0.548230
vt 0.625000 0.500000
vt 0.656250 0.618164
vt 0.625000 0.548230
vt 0.687500 0.618164
vt 0.625000 0.618164
vt 0.687500 0.772500
vt 0.656250 0.772500
vt 0.718750 0.772500
vt 0.687500 1.000000
vt 0.718750 1.000000
vt 0.718750 0.618164
vt 0.750000 1.000000
vt 0.750000 0.772500
vt 0.781250 1.000000
vt 0.457871 0.291348
vt 0.490000 0.250000
vt 0.485388 0.296822
vt 0.445810 0.331107
vt 0.471731 0.341844
vt 0.426225 0.367749
vt 0.461944 0.250000
vt 0.457871 0.208652
vt 0.445810 0.168893
vt 0.426225 0.132250
vt 0.485388 0.203178
vt 0.471731 0.158156
vt 0.399867 0.100133
vt 0.449553 0.116663
vt 0.367750 0.073775
vt 0.419706 0.080294
vt 0.625000 1.000000
vt 0.593750 0.772500
vt 0.625000 0.772500
vt 0.593750 1.000000
vt 0.656250 1.000000
vt 0.383337 0.050447
vt 0.593750 0.618164
vt 0.562500 0.548230
vt 0.593750 0.548230
vt 0.562500 0.618164
vt 0.562500 0.500000
vt 0.331107 0.054190
vt 0.291348 0.042129
vt 0.531250 0.500000
vt 0.531250 0.548230
vt 0.349619 0.100910
vt 0.318618 0.084340
vt 0.303146 0.121694
vt 0.277094 0.113791
vt 0.284981 0.074137
vt 0.270399 0.147447
vt 0.250000 0.111122
vt 0.250000 0.145438
vt 0.290014 0.153397
vt 0.265547 0.171841
vt 0.250000 0.170310
vt 0.250000 0.195218
vt 0.229601 0.147447
vt 0.234453 0.171841
vt 0.239313 0.196271
vt 0.219504 0.176376
vt 0.209986 0.153397
vt 0.205727 0.183740
vt 0.191908 0.163060
vt 0.229036 0.199388
vt 0.219565 0.204451
vt 0.193651 0.193651
vt 0.176063 0.176063
vt 0.151798 0.151799
vt 0.134527 0.172844
vt 0.163060 0.191908
vt 0.100910 0.150382
vt 0.084340 0.181382
vt 0.121694 0.196854
vt 0.074137 0.215019
vt 0.042129 0.208652
vt 0.054190 0.168893
vt 0.073775 0.132251
vt 0.038056 0.250000
vt 0.074137 0.284981
vt 0.042129 0.291348
vt 0.070691 0.250000
vt 0.121694 0.303146
vt 0.113791 0.277094
vt 0.084340 0.318619
vt 0.153397 0.290014
vt 0.147447 0.270399
vt 0.111122 0.250000
vt 0.176376 0.280496
vt 0.171841 0.265547
vt 0.145438 0.250000
vt 0.199388 0.270964
vt 0.204451 0.280435
vt 0.183740 0.294273
vt 0.211263 0.288737
vt 0.193651 0.306349
vt 0.163060 0.308092
vt 0.176063 0.323937
vt 0.134527 0.327157
vt 0.100910 0.349619
vt 0.151799 0.348202
vt 0.054190 0.331107
vt 0.123210 0.376791
vt 0.073775 0.367750
vt 0.150382 0.399090
vt 0.100134 0.399867
vt 0.172844 0.365473
vt 0.132251 0.426225
vt 0.014612 0.296822
vt 0.028269 0.341844
vt 0.050447 0.383337
vt 0.080295 0.419706
vt 0.156250 1.000000
vt 0.125000 0.772500
vt 0.156250 0.772500
vt 0.187500 1.000000
vt 0.125000 1.000000
vt 0.093750 0.772500
vt 0.093750 1.000000
vt 0.116663 0.449553
vt 0.093750 0.618164
vt 0.062500 0.772500
vt 0.062500 0.618164
vt 0.125000 0.618164
vt 0.062500 0.548230
vt 0.093750 0.548230
vt 0.062500 0.500000
vt 0.093750 0.500000
vt 0.125000 0.548230
vt 0.031250 0.500000
vt 0.674180 0.433047
vt 0.616663 0.449553
vt 0.658156 0.471731
vt 0.711348 0.444321
vt 0.703179 0.485389
vt 0.750000 0.406247
vt 0.750000 0.448128
vt 0.719518 0.403244
vt 0.750000 0.490000
vt 0.788653 0.444321
vt 0.796822 0.485388
vt 0.968750 0.548230
vt 0.968750 0.500000
vt 0.937500 0.500000
vt 0.841844 0.471731
vt 0.906250 0.500000
vt 0.825820 0.433047
vt 0.883337 0.449553
vt 0.780482 0.403244
vt 0.809793 0.394353
vt 0.860074 0.414738
vt 0.919706 0.419706
vt 0.890098 0.390098
vt 0.836806 0.379914
vt 0.949553 0.383337
vt 0.860483 0.360483
vt 0.914738 0.360074
vt 0.843750 0.500000
vt 0.875000 0.500000
vt 0.971731 0.341844
vt 0.812500 0.500000
vt 0.781250 0.500000
vt 0.933046 0.325820
vt 0.985388 0.296822
vt 0.944321 0.288653
vt 0.894353 0.309793
vt 0.948128 0.250000
vt 0.903244 0.280482
vt 0.906246 0.250000
vt 0.863351 0.296952
vt 0.870332 0.273936
vt 0.872690 0.250000
vt 0.832587 0.266428
vt 0.827795 0.282224
vt 0.834205 0.250000
vt 0.802309 0.271667
vt 0.805531 0.261046
vt 0.806619 0.250000
vt 0.786066 0.264939
vt 0.788287 0.257616
vt 0.750000 0.250000
vt 0.789038 0.250000
vt 0.788287 0.242384
vt 0.786066 0.235061
vt 0.805531 0.238954
vt 0.782459 0.228312
vt 0.802309 0.228333
vt 0.777604 0.222396
vt 0.797077 0.218544
vt 0.790036 0.209964
vt 0.827795 0.217776
vt 0.820014 0.203218
vt 0.863351 0.203049
vt 0.809542 0.190458
vt 0.781456 0.202923
vt 0.796782 0.179986
vt 0.771667 0.197691
vt 0.782224 0.172205
vt 0.761046 0.194469
vt 0.757616 0.211713
vt 0.764939 0.213934
vt 0.750000 0.210962
vt 0.742384 0.211713
vt 0.750000 0.193381
vt 0.738954 0.194469
vt 0.733572 0.167413
vt 0.717776 0.172205
vt 0.728333 0.197691
vt 0.703218 0.179986
vt 0.703048 0.136649
vt 0.681837 0.147987
vt 0.663245 0.163245
vt 0.663194 0.120086
vt 0.639517 0.139517
vt 0.620085 0.163194
vt 0.647987 0.181837
vt 0.690458 0.190458
vt 0.585263 0.139926
vt 0.605647 0.190207
vt 0.566953 0.174180
vt 0.514611 0.203179
vt 0.555679 0.211347
vt 0.528269 0.158156
vt 0.510000 0.250000
vt 0.312500 0.548230
vt 0.281250 0.500000
vt 0.312500 0.500000
vt 0.281250 0.548230
vt 0.250000 0.500000
vt 0.250000 0.548230
vt 0.312500 0.618164
vt 0.281250 0.618164
vt 0.343750 0.772500
vt 0.343750 0.618164
vt 0.312500 0.772500
vt 0.375000 0.772500
vt 0.375000 0.618164
vt 0.343750 0.548230
vt 0.343750 0.500000
vt 0.375000 0.548230
vt 0.375000 0.500000
vt 0.609902 0.109902
vt 0.580294 0.080294
vt 0.550447 0.116663
vt 0.639926 0.085263
vt 0.690207 0.105647
vt 0.616663 0.050447
vt 0.674179 0.066954
vt 0.406250 0.548230
vt 0.406250 0.500000
vt 0.658156 0.028269
vt 0.437500 0.548230
vt 0.437500 0.500000
vt 0.406250 0.618164
vt 0.437500 0.618164
vt 0.437500 0.772500
vt 0.406250 0.772500
vt 0.437500 1.000000
vt 0.406250 1.000000
vt 0.132250 0.073775
vt 0.080294 0.080294
vt 0.116663 0.050447
vt 0.375000 1.000000
vt 0.168893 0.054190
vt 0.158156 0.028269
vt 0.100133 0.100133
vt 0.150381 0.100910
vt 0.181381 0.084340
vt 0.196854 0.121694
vt 0.172844 0.134527
vt 0.123210 0.123210
vt 0.222906 0.113791
vt 0.215018 0.074137
vt 0.208652 0.042129
vt 0.250000 0.070691
vt 0.250000 0.038056
vt 0.468750 0.548230
vt 0.500000 0.548230
vt 0.468750 0.500000
vt 0.500000 0.500000
vt 0.750000 0.051872
vt 0.796822 0.014612
vt 0.750000 0.010000
vt 0.703178 0.014612
vt 0.711347 0.055679
vt 0.750000 0.093753
vt 0.788653 0.055679
vt 0.719518 0.096755
vt 0.750000 0.127310
vt 0.780482 0.096755
vt 0.726064 0.129667
vt 0.750000 0.165795
vt 0.773936 0.129667
vt 0.766428 0.167413
vt 0.796951 0.136649
vt 0.809793 0.105647
vt 0.825820 0.066953
vt 0.841844 0.028269
vt 0.883337 0.050447
vt 0.593750 0.500000
vt 0.010000 0.250000
vt 0.014611 0.203179
vt 0.281250 1.000000
vt 0.250000 1.000000
vt 0.250000 0.772500
vt 0.218750 1.000000
vt 0.218750 0.772500
vt 0.187500 0.772500
vt 0.187500 0.618164
vt 0.218750 0.618164
vt 0.156250 0.618164
vt 0.187500 0.548230
vt 0.156250 0.548230
vt 0.218750 0.548230
vt 0.156250 0.500000
vt 0.187500 0.500000
vt 0.250000 0.618164
vt 0.218750 0.500000
vt 0.281250 0.772500
vt 0.312500 1.000000
vt 0.028269 0.158156
vt 0.050447 0.116663
vt 0.343750 1.000000
vt 0.566954 0.325821
vt 0.555679 0.288653
vt 0.514612 0.296822
vt 0.528269 0.341844
vt 0.620086 0.336806
vt 0.605647 0.309793
vt 0.585263 0.360074
vt 0.639517 0.360483
vt 0.609903 0.390098
vt 0.550447 0.383337
vt 0.580295 0.419706
vt 0.639926 0.414738
vt 0.663194 0.379914
vt 0.690207 0.394353
vt 0.681837 0.352013
vt 0.703049 0.363351
vt 0.733573 0.332587
vt 0.726065 0.370333
vt 0.717776 0.327795
vt 0.750000 0.334205
vt 0.750000 0.306619
vt 0.738954 0.305531
vt 0.750000 0.289037
vt 0.728333 0.302309
vt 0.742384 0.288287
vt 0.735061 0.286066
vt 0.728312 0.282459
vt 0.718544 0.297077
vt 0.722396 0.277604
vt 0.709964 0.290036
vt 0.717541 0.271688
vt 0.702923 0.281456
vt 0.713934 0.264939
vt 0.697691 0.271667
vt 0.711713 0.257616
vt 0.694469 0.261046
vt 0.667413 0.266428
vt 0.693381 0.250000
vt 0.665795 0.250000
vt 0.672205 0.282224
vt 0.627310 0.250000
vt 0.629668 0.273936
vt 0.636649 0.296952
vt 0.593753 0.250000
vt 0.596756 0.280482
vt 0.679986 0.296782
vt 0.647987 0.318163
vt 0.690458 0.309542
vt 0.663245 0.336755
vt 0.703218 0.320014
vt 0.551872 0.250000
vt 0.596755 0.219518
vt 0.629668 0.226064
vt 0.636649 0.203049
vt 0.672205 0.217776
vt 0.667413 0.233572
vt 0.697691 0.228333
vt 0.694469 0.238954
vt 0.713934 0.235061
vt 0.711712 0.242384
vt 0.717541 0.228312
vt 0.722396 0.222396
vt 0.702923 0.218544
vt 0.709964 0.209964
vt 0.679986 0.203218
vt 0.728312 0.217542
vt 0.718544 0.202923
vt 0.735061 0.213934
vt 0.710963 0.250000
vt 0.761046 0.305531
vt 0.757616 0.288287
vt 0.771667 0.302309
vt 0.764939 0.286066
vt 0.771688 0.282458
vt 0.781456 0.297077
vt 0.790036 0.290036
vt 0.809542 0.309542
vt 0.796782 0.320014
vt 0.782224 0.327795
vt 0.818163 0.352013
vt 0.836755 0.336755
vt 0.796952 0.363351
vt 0.773936 0.370333
vt 0.766428 0.332587
vt 0.750000 0.372690
vt 0.852013 0.318163
vt 0.879915 0.336806
vt 0.820014 0.296782
vt 0.797077 0.281456
vt 0.782459 0.271688
vt 0.777604 0.277604
vt 0.125000 0.500000
vt 0.771688 0.217541
vt 0.870332 0.226064
vt 0.903244 0.219518
vt 0.832587 0.233572
vt 0.291348 0.457871
vt 0.513425 0.548230
vt 0.250000 0.461944
vt 0.250000 0.429309
vt 0.284981 0.425863
vt 0.277094 0.386209
vt 0.250000 0.388878
vt 0.250000 0.354562
vt 0.222907 0.386209
vt 0.196854 0.378306
vt 0.181382 0.415660
vt 0.215019 0.425863
vt 0.208652 0.457871
vt 0.168893 0.445810
vt 0.031250 0.548230
vt 0.062500 1.000000
vt 0.158156 0.471731
vt 0.196271 0.260687
vt 0.195218 0.250000
vt 0.196271 0.239312
vt 0.199388 0.229036
vt 0.204451 0.219565
vt 0.171841 0.234453
vt 0.170310 0.250000
vt 0.176376 0.219504
vt 0.147447 0.229601
vt 0.183740 0.205727
vt 0.153397 0.209986
vt 0.113791 0.222906
vt 0.211263 0.211263
vt 0.204450 0.219565
vt 0.250000 0.250000
vt 0.280435 0.295549
vt 0.288737 0.288736
vt 0.295549 0.280435
vt 0.306349 0.306349
vt 0.336940 0.308092
vt 0.316260 0.294273
vt 0.346603 0.290014
vt 0.365473 0.327156
vt 0.378306 0.303146
vt 0.415660 0.318618
vt 0.425863 0.284981
vt 0.386209 0.277094
vt 0.352553 0.270399
vt 0.388878 0.250000
vt 0.429309 0.250000
vt 0.386209 0.222906
vt 0.425864 0.215019
vt 0.378306 0.196854
vt 0.415660 0.181382
vt 0.365473 0.172844
vt 0.399090 0.150381
vt 0.336940 0.191908
vt 0.323937 0.176063
vt 0.348201 0.151798
vt 0.308092 0.163059
vt 0.327156 0.134527
vt 0.376790 0.123210
vt 0.294273 0.183740
vt 0.280496 0.176376
vt 0.260687 0.196271
vt 0.270964 0.199388
vt 0.280435 0.204450
vt 0.288737 0.211263
vt 0.295549 0.219565
vt 0.300612 0.229036
vt 0.303729 0.239313
vt 0.304782 0.250000
vt 0.303729 0.260687
vt 0.300612 0.270964
vt 0.323624 0.280496
vt 0.328159 0.265547
vt 0.354562 0.250000
vt 0.329690 0.250000
vt 0.328159 0.234453
vt 0.323624 0.219504
vt 0.352553 0.229601
vt 0.346603 0.209986
vt 0.316260 0.205727
vt 0.306349 0.193651
vt 0.399090 0.349619
vt 0.449553 0.383337
vt 0.419706 0.419706
vt 0.383337 0.449553
vt 0.341844 0.471731
vt 0.937500 1.000000
vt 0.906250 1.000000
vt 0.562500 1.000000
vt 0.562500 0.772500
vt 0.341844 0.028269
s 1
usemtl Coches.002
f 2/1/1 6/2/2 1/2/2
f 3/1/3 2/1/4 1/2/5
f 3/1/3 1/2/5 7/2/6
f 1/2/2 5/3/7 4/3/7
f 7/2/6 1/2/5 4/3/8
f 1/2/2 6/2/2 5/3/7
f 7/2/6 8/4/9 3/1/3
f 7/2/6 10/5/9 8/4/9
f 9/3/10 10/5/9 7/2/6
f 7/2/6 4/3/8 9/3/10
f 9/3/10 13/6/9 10/5/9
f 10/5/9 11/7/9 8/4/9
f 10/5/9 12/8/9 11/7/9
f 13/6/9 12/8/9 10/5/9
f 13/6/9 14/9/9 12/8/9
f 15/10/9 14/9/9 13/6/9
f 16/11/11 15/10/9 13/6/9
f 16/11/11 13/6/9 9/3/10
f 9/3/10 17/11/12 16/11/11
f 18/12/13 16/11/11 17/11/12
f 16/11/11 18/12/13 19/13/9
f 16/11/11 19/13/9 15/10/9
f 19/13/9 21/14/9 20/15/9
f 15/10/9 19/13/9 20/15/9
f 18/12/13 22/16/9 19/13/9
f 19/13/9 22/16/9 21/14/9
f 18/12/13 23/17/14 22/16/9
f 23/17/14 24/18/9 22/16/9
f 22/16/9 24/18/9 25/19/9
f 22/16/9 25/19/9 21/14/9
f 24/18/9 26/20/9 25/19/9
f 25/19/9 26/20/9 27/21/9
f 21/14/9 25/19/9 28/22/9
f 25/19/9 27/21/9 28/22/9
f 28/22/9 27/21/9 29/23/9
f 21/14/9 28/22/9 30/24/9
f 28/22/9 29/23/9 31/25/9
f 30/24/9 28/22/9 31/25/9
f 30/24/9 31/25/9 33/26/9
f 31/25/9 32/27/9 34/28/9
f 31/25/9 29/23/9 32/27/9
f 33/26/9 31/25/9 34/28/9
f 35/28/15 34/28/15 32/27/16
f 33/26/9 34/28/9 36/29/17
f 37/29/18 34/28/15 35/28/15
f 37/29/18 36/29/18 34/28/15
f 38/29/18 37/29/18 35/28/15
f 37/29/19 39/30/19 36/29/19
f 38/29/19 40/31/19 37/29/19
f 37/29/19 40/31/19 39/30/19
f 38/29/19 42/32/19 40/31/19
f 40/31/20 41/33/21 39/30/22
f 40/31/20 43/34/21 41/33/21
f 42/32/20 43/34/21 40/31/20
f 43/34/21 46/35/23 44/36/23
f 43/34/21 44/36/23 41/33/21
f 42/32/20 45/37/21 43/34/21
f 45/37/21 46/35/23 43/34/21
f 46/35/23 48/38/24 44/36/23
f 45/37/21 47/39/23 46/35/23
f 47/39/23 49/40/24 46/35/23
f 46/35/23 49/40/24 48/38/24
f 52/41/24 50/42/25 49/40/24
f 49/40/24 50/42/25 51/43/25
f 49/40/24 51/43/25 48/38/24
f 47/39/23 52/41/24 49/40/24
f 52/41/24 55/44/25 50/42/25
f 53/45/23 52/41/24 47/39/23
f 53/45/23 54/46/24 52/41/24
f 54/46/24 55/44/25 52/41/24
f 55/44/25 58/47/26 50/42/25
f 54/46/24 56/48/25 55/44/25
f 56/48/25 57/49/26 55/44/25
f 55/44/25 57/49/26 58/47/26
f 57/49/26 59/50/27 58/47/26
f 58/47/26 59/50/27 61/51/27
f 58/47/26 61/51/27 60/52/26
f 50/42/25 58/47/26 60/52/26
f 59/50/27 62/53/28 61/51/27
f 60/52/26 61/51/27 63/54/27
f 61/51/27 62/53/28 64/55/28
f 61/51/27 64/55/28 63/54/27
f 62/53/28 65/56/29 64/55/28
f 66/57/30 63/58/30 64/59/30
f 67/60/30 64/59/30 65/61/30
f 67/60/30 66/57/30 64/59/30
f 68/62/30 67/60/30 65/61/30
f 69/63/30 66/57/30 67/60/30
f 70/64/30 67/60/30 68/62/30
f 70/64/30 69/63/30 67/60/30
f 73/65/30 70/64/30 68/62/30
f 71/66/30 69/63/30 70/64/30
f 72/67/30 71/66/30 70/64/30
f 72/67/30 70/64/30 73/65/30
f 74/68/30 73/65/30 75/69/30
f 74/68/30 72/67/30 73/65/30
f 75/69/30 73/65/30 76/70/30
f 73/65/30 68/62/30 76/70/30
f 75/69/30 76/70/30 77/71/30
f 77/71/30 76/70/30 78/72/30
f 76/70/30 79/73/30 78/72/30
f 76/70/30 68/62/30 79/73/30
f 68/62/30 65/61/30 79/73/30
f 80/74/29 79/75/31 65/56/29
f 81/76/31 78/77/32 79/75/31
f 80/74/29 81/76/31 79/75/31
f 84/78/31 82/79/32 81/76/31
f 81/76/31 82/79/32 78/77/32
f 83/80/29 84/78/31 81/76/31
f 83/80/29 81/76/31 80/74/29
f 84/78/31 86/81/32 82/79/32
f 87/82/29 84/78/31 83/80/29
f 85/83/31 86/81/32 84/78/31
f 87/82/29 85/83/31 84/78/31
f 90/84/28 87/82/29 83/80/29
f 89/85/29 85/83/31 87/82/29
f 88/86/28 87/82/29 90/84/28
f 88/86/28 89/85/29 87/82/29
f 90/84/28 83/80/29 93/87/28
f 91/88/27 88/86/28 90/84/28
f 91/88/27 90/84/28 92/89/27
f 92/89/27 90/84/28 93/87/28
f 93/87/28 83/80/29 80/74/29
f 59/50/27 93/87/28 62/53/28
f 92/89/27 93/87/28 59/50/27
f 93/87/28 80/74/29 62/53/28
f 94/90/26 92/89/27 57/49/26
f 57/49/26 92/89/27 59/50/27
f 94/90/26 91/88/27 92/89/27
f 56/48/25 94/90/26 57/49/26
f 95/91/9 91/92/9 94/93/9
f 96/94/9 95/91/9 94/93/9
f 96/94/9 94/93/9 56/95/9
f 96/94/33 99/91/34 95/91/34
f 97/96/35 98/94/33 96/94/33
f 97/96/9 96/94/9 56/95/9
f 96/94/33 98/94/33 99/91/34
f 95/91/34 99/91/34 101/97/36
f 99/91/9 102/91/9 100/97/9
f 99/91/9 100/97/9 101/97/9
f 98/94/9 102/91/9 99/91/9
f 104/94/33 103/91/34 102/91/34
f 102/91/34 103/91/34 105/97/36
f 98/94/9 104/94/9 102/91/9
f 102/91/34 105/97/36 100/97/36
f 106/98/30 109/98/30 105/97/30
f 106/98/30 105/97/30 107/97/30
f 108/91/30 107/97/30 105/97/30
f 108/91/30 105/97/30 103/91/30
f 100/97/36 105/97/36 109/98/37
f 111/99/30 110/99/30 109/98/30
f 112/98/37 109/98/37 110/99/38
f 111/99/30 109/98/30 106/98/30
f 100/97/36 109/98/37 112/98/37
f 112/98/37 110/99/38 113/99/38
f 115/99/9 112/98/9 113/99/9
f 114/98/9 100/97/9 112/98/9
f 115/99/9 114/98/9 112/98/9
f 116/100/9 115/99/9 113/99/9
f 118/99/38 115/99/38 116/100/39
f 117/98/37 114/98/37 115/99/38
f 117/98/37 115/99/38 118/99/38
f 118/99/9 88/101/9 117/98/9
f 118/99/9 89/102/9 88/101/9
f 119/100/9 89/102/9 118/99/9
f 118/99/38 116/100/39 119/100/39
f 119/100/39 120/103/40 122/103/41
f 119/100/39 116/100/39 120/103/40
f 119/100/9 121/104/9 89/102/9
f 122/103/9 121/104/9 119/100/9
f 123/105/9 125/106/9 122/103/9
f 122/103/41 124/105/1 123/105/1
f 122/103/41 120/103/40 124/105/1
f 122/103/9 125/106/9 121/104/9
f 125/107/32 126/108/42 128/109/32
f 125/107/32 127/110/42 126/108/42
f 121/111/31 125/107/32 128/109/32
f 123/105/9 127/112/9 125/106/9
f 121/111/31 128/109/32 85/83/31
f 85/83/31 128/109/32 86/81/32
f 128/109/32 129/113/42 86/81/32
f 128/109/32 126/108/42 129/113/42
f 129/113/42 132/114/43 130/115/42
f 86/81/32 129/113/42 130/115/42
f 126/108/42 131/116/44 129/113/42
f 129/113/42 131/116/44 132/114/43
f 130/115/42 132/114/43 134/117/45
f 132/114/46 131/116/46 138/118/46
f 132/114/46 138/118/46 133/118/46
f 137/119/47 132/114/48 133/118/49
f 132/114/43 135/120/50 134/117/45
f 132/114/43 136/121/50 135/120/50
f 137/119/47 136/121/51 132/114/48
f 131/116/46 139/118/46 138/118/46
f 124/105/1 138/118/52 139/118/52
f 124/105/1 140/105/1 138/118/52
f 140/105/1 133/118/52 138/118/52
f 120/103/40 140/105/1 124/105/1
f 140/105/1 142/105/1 133/118/52
f 120/103/40 141/103/40 140/105/1
f 141/103/40 142/105/1 140/105/1
f 141/103/40 143/103/41 142/105/1
f 144/122/9 142/105/9 143/103/9
f 145/123/9 133/118/49 142/105/9
f 145/123/9 142/105/9 144/122/9
f 146/124/9 145/123/9 144/122/9
f 148/125/9 145/123/9 146/124/9
f 147/126/9 133/118/49 145/123/9
f 148/125/9 147/126/9 145/123/9
f 151/127/9 148/125/9 146/124/9
f 149/128/9 147/126/9 148/125/9
f 150/129/9 149/128/9 148/125/9
f 150/129/9 148/125/9 151/127/9
f 151/127/9 146/124/9 152/130/9
f 153/131/9 151/127/9 152/130/9
f 154/132/9 150/129/9 151/127/9
f 154/132/9 151/127/9 153/131/9
f 156/133/53 154/132/9 153/131/9
f 154/132/9 155/134/9 150/129/9
f 154/132/9 157/135/9 155/134/9
f 156/133/53 157/135/9 154/132/9
f 156/133/53 158/136/54 157/135/9
f 158/136/54 160/137/9 157/135/9
f 157/135/9 159/138/9 155/134/9
f 157/135/9 160/137/9 159/138/9
f 160/137/9 163/139/9 161/140/9
f 160/137/9 161/140/9 159/138/9
f 158/136/54 162/141/55 160/137/9
f 162/141/55 163/139/9 160/137/9
f 162/141/55 164/142/56 163/139/9
f 164/142/56 165/143/9 163/139/9
f 163/139/9 165/143/9 166/144/9
f 163/139/9 166/144/9 161/140/9
f 161/140/9 166/144/9 167/145/9
f 166/144/9 169/146/9 167/145/9
f 165/143/9 168/147/9 166/144/9
f 166/144/9 168/147/9 169/146/9
f 167/145/9 169/146/9 170/148/9
f 169/146/9 172/149/9 170/148/9
f 168/147/9 171/150/9 169/146/9
f 169/146/9 171/150/9 172/149/9
f 172/149/9 174/151/9 173/152/9
f 172/149/9 173/152/9 175/153/9
f 171/150/9 174/151/9 172/149/9
f 170/148/9 172/149/9 175/153/9
f 170/148/9 175/153/9 176/154/9
f 177/154/24 176/154/24 175/153/25
f 177/154/24 175/153/25 178/153/25
f 178/153/25 175/153/25 173/152/26
f 178/153/30 180/152/30 179/153/30
f 177/154/30 178/153/30 179/153/30
f 178/153/25 173/152/26 181/152/26
f 178/153/30 181/152/30 180/152/30
f 181/152/30 182/155/30 180/152/30
f 181/152/30 183/155/30 182/155/30
f 181/152/26 184/155/27 183/155/27
f 181/152/26 173/152/26 184/155/27
f 187/156/9 185/157/9 184/155/9
f 183/155/27 184/155/27 185/157/28
f 174/151/9 184/155/9 173/152/9
f 174/151/9 186/158/9 184/155/9
f 187/156/9 184/155/9 186/158/9
f 188/159/9 187/156/9 190/160/9
f 188/159/9 189/161/9 187/156/9
f 190/160/9 187/156/9 186/158/9
f 189/161/9 185/157/9 187/156/9
f 191/162/9 190/160/9 193/163/9
f 191/162/9 188/159/9 190/160/9
f 190/160/9 186/158/9 192/164/9
f 193/163/9 190/160/9 192/164/9
f 196/165/9 191/162/9 193/163/9
f 196/165/9 193/163/9 194/166/9
f 194/166/9 193/163/9 195/167/9
f 193/163/9 192/164/9 195/167/9
f 197/168/57 196/165/9 194/166/9
f 198/169/58 196/165/9 197/168/57
f 199/170/9 191/162/9 196/165/9
f 198/169/58 199/170/9 196/165/9
f 200/171/59 199/170/9 198/169/58
f 200/171/59 201/172/9 199/170/9
f 201/172/9 202/173/9 199/170/9
f 199/170/9 202/173/9 191/162/9
f 201/172/9 203/174/9 202/173/9
f 203/174/9 204/175/9 202/173/9
f 202/173/9 188/159/9 191/162/9
f 202/173/9 204/175/9 188/159/9
f 204/175/9 189/161/9 188/159/9
f 204/175/9 206/176/9 189/161/9
f 205/177/9 206/176/9 204/175/9
f 203/174/9 205/177/9 204/175/9
f 206/176/9 207/178/9 189/161/9
f 205/177/9 209/179/9 206/176/9
f 206/176/9 208/180/9 207/178/9
f 209/179/9 208/180/9 206/176/9
f 210/181/9 212/182/9 209/179/9
f 211/183/9 210/181/9 209/179/9
f 211/183/9 209/179/9 205/177/9
f 209/179/9 212/182/9 208/180/9
f 210/181/9 213/184/9 212/182/9
f 215/182/60 212/182/32 213/184/42
f 214/180/31 212/182/32 215/182/60
f 214/180/31 208/180/31 212/182/32
f 215/182/60 213/184/42 218/184/42
f 215/182/30 219/180/30 214/180/30
f 217/184/42 216/182/60 215/182/60
f 215/182/61 216/182/61 221/182/61
f 217/184/42 215/182/60 218/184/42
f 215/182/30 220/182/30 219/180/30
f 215/182/61 221/182/61 220/182/61
f 222/180/31 220/182/62 221/182/62
f 216/182/9 222/180/9 221/182/9
f 222/180/31 219/180/31 220/182/62
f 224/178/29 219/180/31 222/180/31
f 223/180/9 224/178/9 222/180/9
f 216/182/9 223/180/9 222/180/9
f 224/178/29 226/178/29 219/180/31
f 223/180/9 227/178/9 224/178/9
f 225/157/28 226/178/29 224/178/29
f 227/178/9 225/157/9 224/178/9
f 227/178/9 229/157/9 225/157/9
f 228/157/28 227/178/29 230/178/29
f 228/157/28 229/157/28 227/178/29
f 230/178/29 227/178/29 223/180/31
f 230/178/9 231/185/9 228/157/9
f 230/178/9 232/186/9 231/185/9
f 233/180/9 232/186/9 230/178/9
f 230/178/29 223/180/31 233/180/31
f 234/182/9 235/187/9 233/180/9
f 233/180/31 216/182/60 234/182/32
f 233/180/9 235/187/9 232/186/9
f 233/180/31 223/180/31 216/182/60
f 234/182/9 238/188/9 235/187/9
f 235/189/39 237/190/41 236/191/39
f 232/192/38 235/189/39 236/191/39
f 235/189/39 238/193/41 237/190/41
f 240/184/9 238/188/9 234/182/9
f 238/193/41 241/194/1 237/190/41
f 238/193/41 239/195/1 241/194/1
f 240/184/9 239/196/9 238/188/9
f 237/190/41 241/194/1 244/197/1
f 239/195/1 242/198/52 241/194/1
f 241/194/1 242/198/52 243/199/52
f 241/194/1 243/199/52 244/197/1
f 237/190/41 244/197/1 246/200/41
f 244/197/1 243/199/52 245/201/63
f 244/197/1 245/201/63 247/202/1
f 246/200/41 244/197/1 247/202/1
f 247/202/1 245/201/63 250/203/2
f 247/202/1 250/203/2 248/204/1
f 249/205/41 247/202/1 248/204/1
f 246/200/41 247/202/1 249/205/41
f 245/201/63 252/206/64 250/203/2
f 251/207/30 248/208/30 250/209/30
f 253/210/30 251/207/30 250/209/30
f 253/210/30 250/209/30 252/211/30
f 254/212/30 253/210/30 256/213/30
f 254/212/30 255/214/30 253/210/30
f 255/214/30 251/207/30 253/210/30
f 256/213/30 253/210/30 252/211/30
f 256/213/30 252/211/30 258/215/30
f 254/212/30 256/213/30 257/216/30
f 256/213/30 259/217/30 257/216/30
f 256/213/30 258/215/30 259/217/30
f 258/215/65 260/218/66 259/219/67
f 260/218/66 261/220/68 259/219/67
f 257/216/30 259/217/30 261/221/30
f 39/30/22 262/222/21 261/220/68
f 260/218/66 39/30/22 261/220/68
f 263/223/30 261/221/30 262/224/30
f 257/216/30 261/221/30 263/223/30
f 264/225/30 257/216/30 263/223/30
f 264/225/30 263/223/30 265/226/30
f 265/226/30 263/223/30 266/227/30
f 263/223/30 262/224/30 266/227/30
f 266/227/30 267/228/30 269/229/30
f 266/227/30 262/224/30 267/228/30
f 265/226/30 266/227/30 268/230/30
f 268/230/30 266/227/30 269/229/30
f 269/229/30 267/228/30 272/231/30
f 270/232/30 269/229/30 271/233/30
f 268/230/30 269/229/30 270/232/30
f 269/229/30 272/231/30 271/233/30
f 44/36/23 272/234/24 267/235/23
f 44/36/23 48/38/24 272/234/24
f 271/233/30 272/231/30 273/236/30
f 48/38/24 273/237/25 272/234/24
f 48/38/24 51/43/25 273/237/25
f 51/43/25 275/238/26 273/237/25
f 271/233/30 273/236/30 274/239/30
f 274/239/30 273/236/30 275/240/30
f 274/239/30 275/240/30 276/241/30
f 276/241/30 275/240/30 63/58/30
f 51/43/25 60/52/26 275/238/26
f 60/52/26 63/54/27 275/238/26
f 278/242/30 274/239/30 276/241/30
f 276/241/30 63/58/30 277/243/30
f 279/244/30 276/241/30 277/243/30
f 278/242/30 276/241/30 279/244/30
f 279/244/30 277/243/30 280/245/30
f 281/246/30 278/242/30 279/244/30
f 282/247/30 279/244/30 280/245/30
f 281/246/30 279/244/30 282/247/30
f 282/247/30 280/245/30 283/248/30
f 285/249/30 282/247/30 283/248/30
f 284/250/30 282/247/30 285/249/30
f 284/250/30 281/246/30 282/247/30
f 285/249/30 283/248/30 286/251/30
f 287/252/30 284/250/30 285/249/30
f 288/253/30 285/249/30 286/251/30
f 287/252/30 285/249/30 288/253/30
f 288/253/30 286/251/30 289/254/30
f 290/255/30 287/252/30 288/253/30
f 291/256/30 288/253/30 289/254/30
f 290/255/30 288/253/30 291/256/30
f 291/256/30 292/257/30 290/255/30
f 291/256/30 293/258/30 292/257/30
f 291/256/30 289/254/30 293/258/30
f 294/259/30 292/257/30 293/258/30
f 294/259/30 293/258/30 289/254/30
f 294/259/30 296/260/30 292/257/30
f 296/260/30 294/259/30 295/261/30
f 294/259/30 289/254/30 295/261/30
f 298/262/30 292/257/30 296/260/30
f 296/260/30 295/261/30 297/263/30
f 298/262/30 296/260/30 297/263/30
f 298/262/30 299/264/30 292/257/30
f 298/262/30 297/263/30 300/265/30
f 299/264/30 298/262/30 300/265/30
f 299/264/30 300/265/30 302/266/30
f 300/265/30 301/267/30 303/268/30
f 300/265/30 297/263/30 301/267/30
f 302/266/30 300/265/30 303/268/30
f 303/268/30 301/267/30 304/269/30
f 302/266/30 303/268/30 305/270/30
f 303/268/30 304/269/30 71/66/30
f 305/270/30 303/268/30 71/66/30
f 306/271/30 302/266/30 305/270/30
f 305/270/30 71/66/30 72/67/30
f 306/271/30 305/270/30 307/272/30
f 307/272/30 305/270/30 72/67/30
f 309/273/30 307/272/30 308/274/30
f 308/274/30 307/272/30 74/68/30
f 309/273/30 306/271/30 307/272/30
f 307/272/30 72/67/30 74/68/30
f 310/275/30 309/273/30 308/274/30
f 312/276/30 309/273/30 310/275/30
f 312/276/30 311/277/30 309/273/30
f 311/277/30 306/271/30 309/273/30
f 312/276/30 292/257/30 311/277/30
f 312/276/30 313/278/30 292/257/30
f 313/278/30 312/276/30 310/275/30
f 314/279/30 292/257/30 313/278/30
f 313/278/30 310/275/30 315/280/30
f 313/278/30 316/281/30 314/279/30
f 313/278/30 315/280/30 316/281/30
f 315/280/30 318/282/30 316/281/30
f 316/281/30 319/283/30 317/284/30
f 314/279/30 316/281/30 317/284/30
f 316/281/30 318/282/30 319/283/30
f 317/284/30 319/283/30 320/285/30
f 318/282/30 321/286/30 319/283/30
f 319/283/30 322/287/30 320/285/30
f 319/283/30 321/286/30 322/287/30
f 320/285/30 322/287/30 325/288/30
f 321/286/30 324/289/30 322/287/30
f 322/287/30 323/290/30 325/288/30
f 322/287/30 324/289/30 323/290/30
f 325/288/30 323/290/30 328/291/30
f 325/288/30 328/291/30 326/292/30
f 327/293/30 325/288/30 326/292/30
f 320/285/30 325/288/30 327/293/30
f 323/290/30 330/294/30 328/291/30
f 326/292/30 328/291/30 329/295/30
f 328/291/30 331/296/30 329/295/30
f 328/291/30 330/294/30 331/296/30
f 331/296/30 334/297/30 332/298/30
f 329/295/30 331/296/30 332/298/30
f 331/296/30 333/299/30 334/297/30
f 330/294/30 333/299/30 331/296/30
f 332/298/30 334/297/30 335/300/30
f 336/301/33 334/302/34 333/303/33
f 337/304/34 335/305/36 334/302/34
f 336/301/33 337/304/34 334/302/34
f 337/304/34 339/306/36 335/305/36
f 340/307/33 337/304/34 336/301/33
f 338/308/34 339/306/36 337/304/34
f 340/307/33 338/308/34 337/304/34
f 341/309/35 340/307/33 343/310/35
f 341/309/35 342/311/33 340/307/33
f 342/311/33 338/308/34 340/307/33
f 343/310/35 340/307/33 336/301/33
f 344/312/16 341/309/35 343/310/35
f 344/312/16 343/310/35 345/313/16
f 345/313/16 343/310/35 346/314/35
f 343/310/35 336/301/33 346/314/35
f 346/314/35 333/303/33 348/315/35
f 346/314/35 336/301/33 333/303/33
f 345/313/16 346/314/35 347/316/16
f 347/316/16 346/314/35 348/315/35
f 347/316/16 348/315/35 349/317/16
f 350/318/30 349/319/30 348/320/30
f 350/318/30 348/320/30 330/294/30
f 330/294/30 348/320/30 333/299/30
f 324/289/30 350/318/30 323/290/30
f 323/290/30 350/318/30 330/294/30
f 324/289/30 351/321/30 350/318/30
f 351/321/30 349/319/30 350/318/30
f 353/322/30 351/321/30 324/289/30
f 351/321/30 354/323/30 349/319/30
f 352/324/30 354/323/30 351/321/30
f 353/322/30 352/324/30 351/321/30
f 357/325/15 349/317/16 354/326/15
f 352/324/30 356/327/30 354/323/30
f 355/328/69 354/326/15 356/329/70
f 355/328/69 357/325/15 354/326/15
f 357/325/15 347/316/16 349/317/16
f 359/330/15 347/316/16 357/325/15
f 358/331/18 357/325/15 355/328/69
f 358/331/18 359/330/15 357/325/15
f 359/330/15 345/313/16 347/316/16
f 360/332/18 361/333/15 359/330/15
f 360/332/18 359/330/15 358/331/18
f 361/333/15 345/313/16 359/330/15
f 362/334/18 363/335/15 361/333/15
f 362/334/18 361/333/15 360/332/18
f 363/335/15 344/312/16 361/333/15
f 361/333/15 344/312/16 345/313/16
f 365/336/9 364/337/9 363/338/9
f 363/335/15 364/339/16 344/312/16
f 366/340/9 365/336/9 363/338/9
f 366/340/9 363/338/9 362/341/9
f 366/340/20 368/340/20 367/336/21
f 366/340/20 367/336/21 365/336/21
f 362/334/71 368/340/71 366/340/71
f 362/334/71 360/332/71 368/340/71
f 368/340/71 358/331/71 369/340/71
f 368/340/20 369/340/20 370/336/21
f 368/340/71 360/332/71 358/331/71
f 368/340/20 370/336/21 367/336/21
f 370/336/21 373/336/21 371/342/23
f 370/336/21 371/342/23 372/342/72
f 372/342/72 367/336/21 370/336/21
f 369/340/20 373/336/21 370/336/21
f 376/343/9 371/342/9 373/336/9
f 369/340/20 374/340/20 373/336/21
f 375/344/9 373/336/9 374/340/73
f 375/344/9 376/343/9 373/336/9
f 377/345/9 376/343/9 375/344/9
f 377/345/9 378/346/9 376/343/9
f 378/346/9 379/347/9 376/343/9
f 376/343/9 379/347/9 371/342/9
f 379/347/9 176/154/9 371/342/9
f 167/145/9 170/148/9 379/347/9
f 379/347/9 170/148/9 176/154/9
f 378/346/9 167/145/9 379/347/9
f 159/138/9 161/140/9 378/346/9
f 159/138/9 378/346/9 377/345/9
f 161/140/9 167/145/9 378/346/9
f 380/348/9 377/345/9 375/344/9
f 155/134/9 377/345/9 380/348/9
f 155/134/9 159/138/9 377/345/9
f 150/129/9 155/134/9 380/348/9
f 150/129/9 380/348/9 149/128/9
f 380/348/9 375/344/9 381/349/9
f 149/128/9 380/348/9 381/349/9
f 381/349/9 374/340/73 382/350/74
f 383/351/9 381/349/9 382/350/74
f 149/128/9 381/349/9 383/351/9
f 381/349/9 375/344/9 374/340/73
f 383/351/9 137/119/47 147/126/9
f 383/351/9 384/352/75 137/119/47
f 383/351/9 382/350/74 384/352/75
f 149/128/9 383/351/9 147/126/9
f 384/352/75 136/121/51 137/119/47
f 385/353/76 384/352/75 382/350/74
f 385/353/76 386/354/77 384/352/75
f 384/352/75 386/354/77 136/121/51
f 386/354/78 385/353/79 387/355/79
f 386/354/78 387/355/79 388/356/78
f 136/121/50 386/354/78 388/356/78
f 136/121/50 388/356/78 135/120/50
f 389/357/30 135/358/30 388/359/30
f 389/357/30 388/359/30 387/360/30
f 389/357/30 387/360/30 390/361/30
f 392/362/30 389/357/30 390/361/30
f 392/362/30 391/363/30 389/357/30
f 389/357/30 391/363/30 135/358/30
f 392/362/30 390/361/30 393/364/30
f 395/365/30 392/362/30 393/364/30
f 395/365/30 394/366/30 392/362/30
f 392/362/30 394/366/30 391/363/30
f 395/365/30 393/364/30 398/367/30
f 396/368/30 397/369/30 395/365/30
f 396/368/30 395/365/30 398/367/30
f 395/365/30 397/369/30 394/366/30
f 398/367/30 393/364/30 353/322/30
f 396/368/30 398/367/30 318/282/30
f 318/282/30 398/367/30 321/286/30
f 398/367/30 353/322/30 321/286/30
f 396/368/30 399/370/30 397/369/30
f 399/370/30 401/371/30 397/369/30
f 397/369/30 400/372/30 394/366/30
f 397/369/30 401/371/30 400/372/30
f 308/274/30 74/68/30 401/371/30
f 401/371/30 74/68/30 75/69/30
f 399/370/30 308/274/30 401/371/30
f 401/371/30 75/69/30 400/372/30
f 400/372/30 75/69/30 77/71/30
f 400/372/30 77/71/30 402/373/30
f 394/366/30 400/372/30 402/373/30
f 394/366/30 402/373/30 391/363/30
f 391/363/30 402/373/30 134/374/30
f 402/373/30 403/375/30 134/374/30
f 402/373/30 77/71/30 403/375/30
f 82/79/32 130/115/42 403/376/42
f 130/115/42 134/117/45 403/376/42
f 82/79/32 403/376/42 78/77/32
f 77/71/30 78/72/30 403/375/30
f 315/280/30 310/275/30 399/370/30
f 315/280/30 399/370/30 396/368/30
f 310/275/30 308/274/30 399/370/30
f 315/280/30 396/368/30 318/282/30
f 393/364/30 390/361/30 352/324/30
f 393/364/30 352/324/30 353/322/30
f 391/363/30 134/374/30 135/358/30
f 390/361/30 356/327/30 352/324/30
f 390/361/30 387/360/30 356/327/30
f 385/353/79 356/329/70 387/355/79
f 355/328/80 385/353/76 382/350/74
f 385/353/79 355/328/69 356/329/70
f 355/328/80 382/350/74 374/340/73
f 369/340/71 355/328/71 374/340/71
f 372/342/72 371/342/23 176/154/24
f 372/342/72 404/342/72 367/336/21
f 406/342/78 404/342/78 372/342/78
f 372/342/30 405/154/30 407/342/30
f 372/342/30 177/154/30 405/154/30
f 406/342/78 372/342/78 407/342/78
f 372/342/72 176/154/24 177/154/24
f 406/342/81 407/342/81 405/154/24
f 404/342/9 406/342/9 408/154/9
f 406/342/81 405/154/24 408/154/24
f 404/342/9 408/154/9 409/154/9
f 408/154/24 405/154/24 179/153/25
f 408/154/24 179/153/25 410/153/25
f 409/154/9 408/154/9 410/153/9
f 410/153/25 179/153/25 180/152/26
f 409/154/9 410/153/9 412/153/9
f 410/153/25 180/152/26 411/152/26
f 412/153/9 410/153/9 411/152/9
f 413/154/24 409/154/24 412/153/25
f 412/153/9 411/152/9 415/152/9
f 413/154/24 412/153/25 414/153/25
f 414/153/25 412/153/25 415/152/26
f 415/152/9 416/155/9 417/155/9
f 415/152/9 411/152/9 416/155/9
f 418/152/26 415/152/26 417/155/27
f 414/153/25 415/152/26 418/152/26
f 418/152/26 417/155/27 419/155/27
f 418/152/9 419/155/9 421/377/9
f 418/152/9 421/377/9 420/378/9
f 414/153/9 418/152/9 420/378/9
f 228/157/9 231/185/9 421/377/9
f 228/157/9 421/377/9 419/155/9
f 420/379/34 421/380/36 422/381/36
f 421/380/36 231/382/37 423/383/37
f 421/380/36 423/383/37 422/381/36
f 423/383/37 424/384/38 426/385/38
f 231/382/37 424/384/38 423/383/37
f 423/383/37 426/385/38 425/386/37
f 422/381/36 423/383/37 425/386/37
f 424/384/38 429/387/39 426/385/38
f 425/386/37 426/385/38 428/388/38
f 426/385/38 429/387/39 427/389/39
f 426/385/38 427/389/39 428/388/38
f 424/384/38 236/191/39 429/387/39
f 236/191/39 246/200/41 429/387/39
f 429/387/39 249/205/41 427/389/39
f 429/387/39 246/200/41 249/205/41
f 425/386/37 428/388/38 432/390/37
f 428/388/38 427/389/39 431/391/82
f 432/390/37 428/388/38 430/392/38
f 428/388/38 431/391/82 430/392/38
f 434/393/36 432/390/37 339/306/36
f 339/306/36 432/390/37 433/394/37
f 432/390/37 430/392/38 433/394/37
f 434/393/36 425/386/37 432/390/37
f 338/308/34 434/393/36 339/306/36
f 422/381/36 425/386/37 434/393/36
f 435/395/34 434/393/36 338/308/34
f 435/395/34 422/381/36 434/393/36
f 436/396/33 435/395/34 342/311/33
f 436/396/33 420/379/34 435/395/34
f 342/311/33 435/395/34 338/308/34
f 420/379/34 422/381/36 435/395/34
f 413/154/9 436/397/9 437/398/9
f 437/399/35 436/396/33 342/311/33
f 414/153/9 420/378/9 436/397/9
f 413/154/9 414/153/9 436/397/9
f 438/342/9 437/398/9 364/337/9
f 364/339/16 437/399/35 341/309/35
f 437/399/35 342/311/33 341/309/35
f 438/342/9 413/154/9 437/398/9
f 438/342/23 409/154/24 413/154/24
f 438/342/23 404/342/72 409/154/24
f 365/336/21 404/342/72 438/342/23
f 365/336/9 438/342/9 364/337/9
f 339/306/36 433/394/37 335/305/36
f 440/400/30 439/401/30 433/402/30
f 439/401/30 335/300/30 433/402/30
f 440/400/30 433/402/30 430/403/30
f 441/404/30 442/405/30 440/400/30
f 441/404/30 440/400/30 443/406/30
f 442/405/30 439/401/30 440/400/30
f 443/406/30 440/400/30 430/403/30
f 444/407/30 441/404/30 443/406/30
f 444/407/30 443/406/30 445/408/30
f 443/406/30 430/403/30 431/409/30
f 445/408/30 443/406/30 431/409/30
f 445/408/30 431/409/30 446/410/30
f 447/411/30 445/408/30 446/410/30
f 448/412/30 445/408/30 447/411/30
f 448/412/30 444/407/30 445/408/30
f 450/413/30 448/412/30 447/411/30
f 449/414/30 444/407/30 448/412/30
f 451/415/30 449/414/30 448/412/30
f 451/415/30 448/412/30 450/413/30
f 454/416/30 451/415/30 452/417/30
f 452/417/30 451/415/30 450/413/30
f 453/418/30 449/414/30 451/415/30
f 454/416/30 453/418/30 451/415/30
f 455/419/30 454/416/30 452/417/30
f 456/420/30 454/416/30 455/419/30
f 456/420/30 457/421/30 454/416/30
f 457/421/30 453/418/30 454/416/30
f 458/422/30 457/421/30 456/420/30
f 457/421/30 459/423/30 453/418/30
f 458/422/30 460/424/30 457/421/30
f 460/424/30 459/423/30 457/421/30
f 460/424/30 292/257/30 461/425/30
f 460/424/30 458/422/30 292/257/30
f 460/424/30 461/425/30 459/423/30
f 463/426/30 461/425/30 292/257/30
f 461/425/30 462/427/30 459/423/30
f 461/425/30 463/426/30 462/427/30
f 463/426/30 292/257/30 465/428/30
f 463/426/30 464/429/30 462/427/30
f 463/426/30 465/428/30 464/429/30
f 467/430/30 465/428/30 292/257/30
f 465/428/30 466/431/30 464/429/30
f 465/428/30 467/430/30 466/431/30
f 467/430/30 292/257/30 469/432/30
f 467/430/30 468/433/30 466/431/30
f 467/430/30 469/432/30 468/433/30
f 470/434/30 469/432/30 292/257/30
f 469/432/30 471/435/30 468/433/30
f 469/432/30 470/434/30 471/435/30
f 468/433/30 471/435/30 474/436/30
f 470/434/30 472/437/30 471/435/30
f 471/435/30 472/437/30 473/438/30
f 471/435/30 473/438/30 474/436/30
f 468/433/30 474/436/30 476/439/30
f 474/436/30 473/438/30 475/440/30
f 474/436/30 475/440/30 477/441/30
f 476/439/30 474/436/30 477/441/30
f 476/439/30 477/441/30 480/442/30
f 477/441/30 478/443/30 479/444/30
f 477/441/30 475/440/30 478/443/30
f 480/442/30 477/441/30 479/444/30
f 481/445/30 476/439/30 480/442/30
f 480/442/30 479/444/30 442/405/30
f 482/446/30 480/442/30 442/405/30
f 481/445/30 480/442/30 482/446/30
f 482/446/30 442/405/30 441/404/30
f 483/447/30 481/445/30 482/446/30
f 484/448/30 482/446/30 441/404/30
f 483/447/30 482/446/30 484/448/30
f 484/448/30 441/404/30 444/407/30
f 485/449/30 483/447/30 484/448/30
f 485/449/30 484/448/30 449/414/30
f 449/414/30 484/448/30 444/407/30
f 462/427/30 483/447/30 485/449/30
f 459/423/30 462/427/30 485/449/30
f 453/418/30 485/449/30 449/414/30
f 459/423/30 485/449/30 453/418/30
f 462/427/30 464/429/30 483/447/30
f 464/429/30 481/445/30 483/447/30
f 466/431/30 476/439/30 481/445/30
f 464/429/30 466/431/30 481/445/30
f 479/444/30 478/443/30 486/450/30
f 479/444/30 486/450/30 439/401/30
f 442/405/30 479/444/30 439/401/30
f 332/298/30 335/300/30 486/450/30
f 487/451/30 332/298/30 486/450/30
f 487/451/30 486/450/30 478/443/30
f 439/401/30 486/450/30 335/300/30
f 329/295/30 332/298/30 487/451/30
f 489/452/30 487/451/30 478/443/30
f 488/453/30 487/451/30 489/452/30
f 488/453/30 329/295/30 487/451/30
f 489/452/30 478/443/30 475/440/30
f 490/454/30 488/453/30 489/452/30
f 490/454/30 489/452/30 491/455/30
f 491/455/30 489/452/30 475/440/30
f 492/456/30 490/454/30 491/455/30
f 492/456/30 491/455/30 493/457/30
f 493/457/30 491/455/30 473/438/30
f 491/455/30 475/440/30 473/438/30
f 495/458/30 492/456/30 493/457/30
f 495/458/30 493/457/30 494/459/30
f 494/459/30 493/457/30 472/437/30
f 493/457/30 473/438/30 472/437/30
f 496/460/30 495/458/30 292/257/30
f 494/459/30 292/257/30 495/458/30
f 496/460/30 492/456/30 495/458/30
f 496/460/30 292/257/30 497/461/30
f 496/460/30 498/462/30 492/456/30
f 497/461/30 498/462/30 496/460/30
f 497/461/30 499/463/30 498/462/30
f 498/462/30 500/464/30 490/454/30
f 498/462/30 490/454/30 492/456/30
f 499/463/30 500/464/30 498/462/30
f 500/464/30 488/453/30 490/454/30
f 499/463/30 327/293/30 500/464/30
f 500/464/30 326/292/30 488/453/30
f 327/293/30 326/292/30 500/464/30
f 501/465/30 499/463/30 497/461/30
f 501/465/30 502/466/30 499/463/30
f 502/466/30 327/293/30 499/463/30
f 317/284/30 320/285/30 502/466/30
f 503/467/30 317/284/30 502/466/30
f 503/467/30 502/466/30 501/465/30
f 502/466/30 320/285/30 327/293/30
f 501/465/30 292/257/30 503/467/30
f 314/279/30 503/467/30 292/257/30
f 314/279/30 317/284/30 503/467/30
f 501/465/30 497/461/30 292/257/30
f 494/459/30 504/468/30 292/257/30
f 494/459/30 472/437/30 504/468/30
f 470/434/30 292/257/30 504/468/30
f 470/434/30 504/468/30 472/437/30
f 326/292/30 329/295/30 488/453/30
f 466/431/30 468/433/30 476/439/30
f 458/422/30 456/420/30 505/469/30
f 458/422/30 505/469/30 506/470/30
f 506/470/30 292/257/30 458/422/30
f 506/470/30 505/469/30 507/471/30
f 506/470/30 507/471/30 508/472/30
f 506/470/30 508/472/30 292/257/30
f 509/473/30 292/257/30 508/472/30
f 508/472/30 510/474/30 509/473/30
f 508/472/30 507/471/30 510/474/30
f 509/473/30 510/474/30 512/475/30
f 510/474/30 511/476/30 512/475/30
f 510/474/30 513/477/30 511/476/30
f 507/471/30 513/477/30 510/474/30
f 514/478/30 516/479/30 513/477/30
f 507/471/30 514/478/30 513/477/30
f 513/477/30 515/480/30 511/476/30
f 513/477/30 516/479/30 515/480/30
f 516/479/30 270/232/30 515/480/30
f 516/479/30 268/230/30 270/232/30
f 517/481/30 268/230/30 516/479/30
f 514/478/30 517/481/30 516/479/30
f 517/481/30 265/226/30 268/230/30
f 518/482/30 265/226/30 517/481/30
f 519/483/30 518/482/30 517/481/30
f 519/483/30 517/481/30 514/478/30
f 456/420/30 455/419/30 519/483/30
f 455/419/30 518/482/30 519/483/30
f 505/469/30 519/483/30 514/478/30
f 456/420/30 519/483/30 505/469/30
f 520/484/30 264/225/30 518/482/30
f 518/482/30 264/225/30 265/226/30
f 455/419/30 520/484/30 518/482/30
f 520/484/30 255/214/30 254/212/30
f 520/484/30 254/212/30 264/225/30
f 455/419/30 452/417/30 520/484/30
f 520/484/30 452/417/30 255/214/30
f 511/476/30 515/480/30 521/485/30
f 515/480/30 522/486/30 521/485/30
f 515/480/30 270/232/30 522/486/30
f 522/486/30 271/233/30 274/239/30
f 522/486/30 274/239/30 278/242/30
f 270/232/30 271/233/30 522/486/30
f 521/485/30 522/486/30 278/242/30
f 511/476/30 521/485/30 523/487/30
f 521/485/30 278/242/30 281/246/30
f 523/487/30 521/485/30 281/246/30
f 523/487/30 281/246/30 284/250/30
f 524/488/30 523/487/30 284/250/30
f 512/475/30 511/476/30 523/487/30
f 512/475/30 523/487/30 524/488/30
f 524/488/30 284/250/30 287/252/30
f 525/489/30 524/488/30 287/252/30
f 526/490/30 524/488/30 525/489/30
f 526/490/30 512/475/30 524/488/30
f 509/473/30 526/490/30 292/257/30
f 525/489/30 292/257/30 526/490/30
f 509/473/30 512/475/30 526/490/30
f 525/489/30 290/255/30 292/257/30
f 525/489/30 287/252/30 290/255/30
f 505/469/30 514/478/30 507/471/30
f 452/417/30 450/413/30 255/214/30
f 255/214/30 450/413/30 251/207/30
f 450/413/30 447/411/30 251/207/30
f 447/411/30 446/410/30 248/208/30
f 251/207/30 447/411/30 248/208/30
f 249/205/41 248/204/1 446/491/41
f 427/389/39 249/205/41 446/491/41
f 427/389/39 446/491/41 431/391/82
f 232/192/38 236/191/39 424/384/38
f 231/382/37 232/192/38 424/384/38
f 419/155/27 417/155/27 229/157/28
f 419/155/27 229/157/28 228/157/28
f 229/157/9 417/155/9 416/155/9
f 229/157/9 416/155/9 225/157/9
f 416/155/27 527/157/28 225/157/28
f 411/152/26 182/155/27 416/155/27
f 416/155/27 182/155/27 527/157/28
f 528/157/30 527/157/30 182/155/30
f 225/157/28 527/157/28 226/178/29
f 529/178/30 527/157/30 528/157/30
f 529/178/30 226/178/30 527/157/30
f 214/180/30 226/178/30 529/178/30
f 528/157/28 207/178/29 529/178/29
f 529/178/29 208/180/31 214/180/31
f 529/178/29 207/178/29 208/180/31
f 528/157/30 182/155/30 183/155/30
f 183/155/27 185/157/28 528/157/28
f 528/157/28 185/157/28 207/178/29
f 411/152/26 180/152/26 182/155/27
f 177/154/30 179/153/30 405/154/30
f 365/336/21 367/336/21 404/342/72
f 369/340/71 358/331/71 355/328/71
f 364/339/16 341/309/35 344/312/16
f 321/286/30 353/322/30 324/289/30
f 530/492/30 311/277/30 292/257/30
f 311/277/30 530/492/30 306/271/30
f 530/492/30 292/257/30 299/264/30
f 530/492/30 299/264/30 302/266/30
f 530/492/30 302/266/30 306/271/30
f 301/267/30 531/493/30 304/269/30
f 71/66/30 304/269/30 69/63/30
f 304/269/30 532/494/30 69/63/30
f 304/269/30 531/493/30 532/494/30
f 531/493/30 280/245/30 532/494/30
f 69/63/30 532/494/30 66/57/30
f 532/494/30 277/243/30 66/57/30
f 532/494/30 280/245/30 277/243/30
f 301/267/30 533/495/30 531/493/30
f 533/495/30 283/248/30 531/493/30
f 531/493/30 283/248/30 280/245/30
f 533/495/30 286/251/30 283/248/30
f 297/263/30 533/495/30 301/267/30
f 297/263/30 295/261/30 533/495/30
f 295/261/30 286/251/30 533/495/30
f 295/261/30 289/254/30 286/251/30
f 66/57/30 277/243/30 63/58/30
f 41/33/21 44/36/23 267/235/23
f 41/33/21 267/235/23 262/222/21
f 254/212/30 257/216/30 264/225/30
f 39/30/22 41/33/21 262/222/21
f 39/30/83 260/218/84 536/496/85
f 258/215/65 534/497/86 260/218/66
f 535/498/87 260/218/84 534/497/88
f 535/498/87 536/496/85 260/218/84
f 39/30/83 536/496/85 36/29/17
f 537/499/9 536/496/85 535/498/87
f 537/499/9 538/500/9 536/496/85
f 538/500/9 36/29/17 536/496/85
f 538/500/9 33/26/9 36/29/17
f 540/501/9 33/26/9 538/500/9
f 539/502/9 538/500/9 537/499/9
f 539/502/9 540/501/9 538/500/9
f 541/503/9 20/15/9 540/501/9
f 541/503/9 540/501/9 539/502/9
f 20/15/9 30/24/9 540/501/9
f 540/501/9 30/24/9 33/26/9
f 541/503/9 542/504/9 14/9/9
f 541/503/9 539/502/9 542/504/9
f 15/10/9 20/15/9 541/503/9
f 15/10/9 541/503/9 14/9/9
f 14/9/9 542/504/9 543/505/9
f 542/504/9 544/506/9 543/505/9
f 542/504/9 545/507/9 544/506/9
f 539/502/9 545/507/9 542/504/9
f 545/507/9 547/508/89 546/509/90
f 545/507/9 546/509/90 544/506/9
f 537/499/9 547/508/89 545/507/9
f 539/502/9 537/499/9 545/507/9
f 547/508/89 245/201/91 546/509/90
f 547/508/89 548/510/92 245/201/91
f 535/498/87 548/510/92 547/508/89
f 537/499/9 535/498/87 547/508/89
f 245/201/63 548/510/93 252/206/64
f 534/497/86 252/211/64 548/510/93
f 535/498/87 534/497/88 548/510/92
f 245/201/94 549/509/94 546/509/94
f 218/184/42 546/509/44 549/509/44
f 218/184/42 213/184/42 546/509/44
f 544/506/9 546/509/90 213/184/9
f 217/184/42 218/184/42 549/509/44
f 217/184/42 549/509/44 550/509/44
f 243/199/94 550/509/94 549/509/94
f 245/201/94 243/199/94 549/509/94
f 240/184/42 217/184/42 550/509/44
f 551/511/94 550/509/94 242/198/94
f 551/511/94 552/509/94 550/509/94
f 243/199/94 242/198/94 550/509/94
f 240/184/42 550/509/44 552/509/44
f 552/509/9 239/196/9 240/184/9
f 552/509/9 551/512/9 239/196/9
f 239/195/1 551/511/52 242/198/52
f 544/506/9 213/184/9 210/181/9
f 543/505/9 544/506/9 210/181/9
f 543/505/9 210/181/9 211/183/9
f 12/8/9 543/505/9 211/183/9
f 14/9/9 543/505/9 12/8/9
f 534/497/86 258/215/65 252/211/64
f 236/191/39 237/190/41 246/200/41
f 234/182/32 217/184/42 240/184/42
f 234/182/32 216/182/60 217/184/42
f 214/180/30 219/180/30 226/178/30
f 11/7/9 211/183/9 205/177/9
f 12/8/9 211/183/9 11/7/9
f 189/161/9 207/178/9 185/157/9
f 11/7/9 205/177/9 203/174/9
f 8/4/9 203/174/9 201/172/9
f 8/4/9 11/7/9 203/174/9
f 3/1/3 201/172/9 200/171/59
f 3/1/3 8/4/9 201/172/9
f 198/169/58 553/171/95 200/171/59
f 200/171/59 553/171/95 2/1/4
f 200/171/59 2/1/4 3/1/3
f 198/169/58 556/169/96 553/171/95
f 556/169/39 554/171/41 553/171/41
f 553/171/41 554/171/41 555/1/1
f 553/171/41 555/1/1 2/1/1
f 557/168/38 558/169/39 556/169/39
f 197/168/57 557/168/97 556/169/96
f 197/168/57 556/169/96 198/169/58
f 556/169/39 558/169/39 554/171/41
f 554/171/98 558/169/99 559/169/100
f 557/168/38 561/168/38 558/169/39
f 558/169/99 560/168/101 559/169/100
f 558/169/99 561/168/102 560/168/101
f 563/513/37 561/168/38 557/168/38
f 563/513/37 562/513/37 561/168/38
f 561/168/102 562/513/103 564/513/104
f 561/168/102 564/513/104 560/168/101
f 562/513/103 565/514/105 564/513/104
f 564/513/106 565/514/107 566/514/107
f 560/168/108 564/513/106 567/513/109
f 564/513/106 566/514/107 567/513/109
f 569/168/110 567/513/111 568/513/112
f 567/513/111 570/514/113 568/513/112
f 567/513/111 566/514/113 570/514/113
f 560/168/108 567/513/109 569/168/114
f 571/514/115 568/513/116 570/514/115
f 571/514/115 570/514/115 572/515/117
f 573/515/118 570/514/113 566/514/113
f 573/515/118 572/515/119 570/514/113
f 574/516/120 572/515/119 573/515/118
f 575/516/121 574/516/122 573/515/123
f 575/516/121 573/515/123 576/515/124
f 576/515/124 573/515/123 566/514/107
f 577/516/125 575/516/126 576/515/127
f 577/516/125 576/515/127 578/515/128
f 576/515/124 566/514/107 565/514/107
f 578/515/128 576/515/127 565/514/105
f 581/516/33 578/515/34 579/515/34
f 579/515/34 578/515/34 580/514/36
f 578/515/128 565/514/105 580/514/129
f 581/516/33 577/516/33 578/515/34
f 583/516/130 582/517/131 581/516/132
f 582/517/35 577/516/33 581/516/33
f 584/515/133 583/516/130 581/516/132
f 584/515/133 581/516/132 579/515/134
f 583/516/130 584/515/133 585/518/9
f 584/515/133 586/519/9 585/518/9
f 584/515/133 587/514/135 586/519/9
f 587/514/135 584/515/133 579/515/134
f 587/514/135 579/515/134 588/514/136
f 587/514/135 588/514/136 563/513/137
f 587/514/135 563/513/137 589/513/138
f 589/513/138 586/519/9 587/514/135
f 589/513/138 194/166/9 586/519/9
f 589/513/138 557/168/97 197/168/57
f 589/513/138 563/513/137 557/168/97
f 197/168/57 194/166/9 589/513/138
f 579/515/34 580/514/36 588/514/36
f 588/514/36 580/514/36 562/513/37
f 588/514/36 562/513/37 563/513/37
f 194/166/9 195/167/9 586/519/9
f 585/518/9 586/519/9 195/167/9
f 591/520/9 585/518/9 590/521/9
f 585/518/9 195/167/9 590/521/9
f 583/516/130 585/518/9 591/520/9
f 592/517/139 583/516/130 591/520/9
f 592/517/139 591/520/9 593/522/9
f 591/520/9 590/521/9 594/523/9
f 593/522/9 591/520/9 594/523/9
f 594/523/9 590/521/9 595/524/9
f 593/522/9 594/523/9 168/147/9
f 168/147/9 594/523/9 171/150/9
f 594/523/9 595/524/9 171/150/9
f 590/521/9 192/164/9 595/524/9
f 595/524/9 186/158/9 174/151/9
f 171/150/9 595/524/9 174/151/9
f 595/524/9 192/164/9 186/158/9
f 596/525/140 592/517/139 593/522/9
f 165/143/9 593/522/9 168/147/9
f 596/525/140 593/522/9 165/143/9
f 596/525/140 597/142/141 598/525/142
f 596/525/140 164/142/56 597/142/141
f 164/142/56 596/525/140 165/143/9
f 592/517/139 596/525/140 598/525/142
f 592/517/139 598/525/142 582/517/131
f 598/525/16 600/525/16 599/517/35
f 598/525/16 599/517/35 582/517/35
f 597/142/15 600/525/16 598/525/16
f 600/525/143 603/526/144 599/517/145
f 602/142/146 601/525/147 600/525/143
f 600/525/143 601/525/147 603/526/144
f 597/142/15 602/142/15 600/525/16
f 603/526/148 604/526/149 574/516/122
f 603/526/148 574/516/122 575/516/121
f 599/517/145 603/526/144 575/516/126
f 601/525/150 604/526/149 603/526/148
f 604/526/151 607/517/152 605/516/153
f 604/526/151 605/516/153 574/516/120
f 601/525/150 606/525/154 604/526/149
f 606/525/155 607/517/152 604/526/151
f 609/516/156 605/516/157 607/517/158
f 606/525/155 608/525/159 607/517/152
f 610/517/160 607/517/158 608/525/161
f 609/516/156 607/517/158 610/517/160
f 609/516/162 610/517/163 612/526/164
f 610/517/160 608/525/161 611/525/165
f 610/517/163 611/525/166 613/525/167
f 610/517/163 613/525/167 612/526/164
f 614/142/168 613/525/167 616/142/169
f 614/142/168 615/525/170 613/525/167
f 615/525/170 612/526/164 613/525/167
f 611/525/166 616/142/169 613/525/167
f 619/141/171 614/142/168 616/142/169
f 619/141/171 616/142/169 617/141/172
f 618/142/173 617/141/172 616/142/169
f 611/525/166 618/142/173 616/142/169
f 619/141/70 621/142/15 614/142/15
f 620/136/174 619/141/171 617/141/172
f 620/136/79 622/141/70 619/141/70
f 619/141/70 622/141/70 621/142/15
f 620/136/79 623/136/79 622/141/70
f 623/136/30 624/141/30 622/141/30
f 622/141/30 624/141/30 625/142/30
f 622/141/30 625/142/30 621/142/30
f 625/142/15 626/142/15 627/525/16
f 624/141/175 626/142/15 625/142/15
f 625/142/15 627/525/16 628/525/16
f 621/142/30 625/142/30 628/525/30
f 628/525/16 627/525/16 629/526/176
f 628/525/16 629/526/176 630/526/176
f 621/142/30 628/525/30 631/525/30
f 631/525/30 628/525/30 630/526/30
f 614/142/15 621/142/15 631/525/16
f 631/525/30 630/526/30 632/526/30
f 614/142/15 631/525/16 615/525/16
f 615/525/16 631/525/16 632/526/177
f 632/526/177 633/526/178 636/516/33
f 632/526/177 629/526/36 633/526/178
f 615/525/16 632/526/177 634/526/35
f 634/526/35 632/526/177 635/516/33
f 632/526/177 636/516/33 635/516/33
f 632/526/177 630/526/36 629/526/36
f 637/527/9 636/516/9 633/526/9
f 637/527/9 638/515/9 636/516/9
f 635/516/33 636/516/33 638/515/34
f 637/527/9 639/514/9 638/515/9
f 640/515/34 638/515/34 639/514/36
f 635/516/33 638/515/34 640/515/34
f 641/516/33 635/516/33 640/515/34
f 640/515/34 639/514/36 642/514/36
f 641/516/33 640/515/34 643/515/34
f 643/515/34 640/515/34 642/514/36
f 641/516/179 643/515/180 646/515/181
f 643/515/34 642/514/36 644/514/36
f 643/515/180 644/514/182 645/514/183
f 643/515/180 645/514/183 646/515/181
f 571/514/184 646/515/181 645/514/183
f 571/514/184 647/515/185 646/515/181
f 647/515/185 648/516/186 646/515/181
f 641/516/179 646/515/181 648/516/186
f 647/515/185 609/516/162 648/516/186
f 609/516/162 612/526/164 648/516/186
f 634/526/187 648/516/186 612/526/164
f 634/526/187 641/516/179 648/516/186
f 571/514/115 572/515/117 647/515/188
f 647/515/188 572/515/117 605/516/157
f 647/515/188 605/516/157 609/516/156
f 650/513/189 645/514/183 644/514/182
f 571/514/184 645/514/183 649/513/190
f 650/513/189 649/513/190 645/514/183
f 644/514/36 651/513/37 650/513/37
f 650/513/37 651/513/37 652/168/38
f 650/513/37 652/168/38 653/168/38
f 653/168/191 649/513/190 650/513/189
f 653/168/38 652/168/38 654/169/192
f 653/168/38 654/169/192 656/169/39
f 656/169/193 655/168/194 653/168/191
f 653/168/191 655/168/194 649/513/190
f 658/171/195 657/169/196 656/169/193
f 656/169/193 657/169/196 655/168/194
f 656/169/39 659/171/41 658/171/41
f 656/169/39 654/169/192 659/171/41
f 659/171/30 654/169/30 662/169/30
f 658/171/41 659/171/41 660/1/1
f 660/1/30 659/171/30 661/171/30
f 659/171/30 662/169/30 661/171/30
f 662/169/197 663/171/41 661/171/41
f 662/169/197 664/169/197 663/171/41
f 665/169/198 664/169/36 662/169/36
f 665/169/198 662/169/36 654/169/192
f 637/527/9 667/171/9 665/169/9
f 637/527/9 665/169/9 666/168/9
f 652/168/38 666/168/38 665/169/198
f 667/171/9 664/169/9 665/169/9
f 652/168/38 665/169/198 654/169/192
f 668/1/9 663/171/9 667/171/9
f 637/527/9 668/1/9 667/171/9
f 667/171/9 663/171/9 664/169/9
f 669/2/9 670/1/9 668/1/9
f 637/527/9 669/2/9 668/1/9
f 668/1/9 670/1/9 663/171/9
f 671/1/1 670/1/1 672/2/2
f 661/171/41 670/1/1 671/1/1
f 661/171/41 663/171/41 670/1/1
f 669/2/9 672/2/9 670/1/9
f 674/2/2 672/2/2 673/3/7
f 675/3/9 673/3/9 672/2/9
f 671/1/1 672/2/2 674/2/2
f 675/3/9 672/2/9 669/2/9
f 637/527/9 675/3/9 669/2/9
f 637/527/9 676/11/9 675/3/9
f 676/11/9 673/3/9 675/3/9
f 637/527/9 677/12/9 676/11/9
f 676/11/9 677/12/9 678/12/9
f 676/11/9 678/12/9 679/11/9
f 676/11/9 679/11/9 673/3/9
f 680/3/7 673/3/7 679/11/61
f 680/3/7 679/11/61 681/11/61
f 681/11/61 679/11/61 678/12/67
f 683/11/30 681/11/30 682/12/30
f 681/11/61 678/12/67 682/12/67
f 683/11/30 680/3/30 681/11/30
f 684/3/7 686/3/7 683/11/61
f 684/3/7 683/11/61 685/11/61
f 685/11/61 683/11/61 687/12/67
f 683/11/30 686/3/30 680/3/30
f 683/11/30 682/12/30 687/12/30
f 687/12/30 689/17/30 688/17/30
f 690/12/67 687/12/67 688/17/68
f 687/12/30 682/12/30 689/17/30
f 685/11/61 687/12/67 690/12/67
f 685/11/199 690/12/200 691/12/201
f 690/12/200 693/17/202 691/12/201
f 690/12/67 688/17/68 692/17/68
f 690/12/200 692/17/203 693/17/202
f 694/17/204 691/12/201 693/17/202
f 696/528/205 694/17/204 693/17/202
f 692/17/203 695/528/206 693/17/202
f 696/528/205 693/17/202 695/528/206
f 696/528/207 697/17/208 694/17/209
f 696/528/207 699/528/210 697/17/208
f 698/529/211 696/528/205 695/528/206
f 698/529/212 699/528/210 696/528/207
f 702/528/213 699/528/214 700/529/215
f 698/529/212 700/529/216 699/528/210
f 701/17/217 699/528/214 702/528/213
f 701/17/217 697/17/218 699/528/214
f 702/528/213 700/529/215 705/529/219
f 703/17/220 701/17/221 702/528/222
f 703/17/220 702/528/222 704/528/223
f 704/528/223 702/528/222 705/529/224
f 705/529/219 700/529/215 706/530/225
f 704/528/223 705/529/224 708/529/226
f 705/529/219 706/530/225 707/530/227
f 708/529/226 705/529/224 707/530/228
f 708/529/226 707/530/228 709/530/229
f 710/529/230 708/529/231 709/530/232
f 711/528/233 708/529/231 710/529/230
f 711/528/233 704/528/234 708/529/231
f 712/528/21 711/528/21 710/529/23
f 713/17/68 711/528/21 712/528/21
f 713/17/68 714/17/68 711/528/21
f 714/17/235 704/528/234 711/528/233
f 716/12/67 715/12/67 714/17/68
f 715/12/236 703/17/237 714/17/235
f 716/12/67 714/17/68 713/17/68
f 714/17/235 703/17/237 704/528/234
f 17/11/61 715/12/67 716/12/67
f 23/17/14 18/12/13 716/12/238
f 18/12/13 17/11/12 716/12/238
f 23/17/14 716/12/238 713/17/239
f 717/11/240 718/12/241 715/12/236
f 17/11/61 717/11/61 715/12/67
f 715/12/236 718/12/241 703/17/237
f 717/11/240 720/11/240 718/12/241
f 718/12/242 719/12/243 701/17/221
f 720/11/244 719/12/243 718/12/242
f 718/12/242 701/17/221 703/17/220
f 720/11/244 721/3/245 722/11/244
f 720/11/244 723/3/246 721/3/245
f 720/11/244 722/11/244 719/12/243
f 717/11/240 723/3/247 720/11/240
f 717/11/240 5/3/248 723/3/247
f 5/3/248 724/2/249 723/3/247
f 723/3/246 724/2/250 725/2/251
f 723/3/246 725/2/251 721/3/245
f 725/2/252 727/1/253 726/2/254
f 721/3/255 725/2/252 726/2/254
f 725/2/252 728/1/256 727/1/253
f 724/2/250 728/1/257 725/2/251
f 729/1/258 730/171/259 728/1/257
f 724/2/250 729/1/258 728/1/257
f 728/1/256 730/171/260 731/171/261
f 728/1/256 731/171/261 727/1/253
f 733/171/262 727/1/263 731/171/264
f 734/169/265 731/171/264 732/169/266
f 730/171/260 732/169/267 731/171/261
f 734/169/265 733/171/262 731/171/264
f 734/169/268 735/171/269 733/171/270
f 734/169/268 657/169/196 735/171/269
f 736/168/271 657/169/196 734/169/268
f 736/168/272 734/169/265 732/169/266
f 737/513/273 655/168/194 736/168/271
f 737/513/274 736/168/272 738/168/275
f 736/168/271 655/168/194 657/169/196
f 736/168/272 732/169/266 738/168/275
f 737/513/274 738/168/275 568/513/116
f 569/168/110 568/513/112 738/168/276
f 739/169/277 569/168/110 738/168/276
f 739/169/277 738/168/276 732/169/267
f 740/171/278 739/169/279 730/171/259
f 740/171/278 559/169/280 739/169/279
f 559/169/280 569/168/114 739/169/279
f 730/171/260 739/169/277 732/169/267
f 554/171/98 559/169/100 740/171/281
f 555/1/282 554/171/98 740/171/281
f 729/1/258 740/171/278 730/171/259
f 555/1/282 740/171/281 729/1/283
f 571/514/184 649/513/190 737/513/273
f 737/513/273 649/513/190 655/168/194
f 571/514/115 737/513/274 568/513/116
f 733/171/270 735/171/269 741/1/284
f 742/1/285 741/1/284 735/171/269
f 658/171/195 735/171/269 657/169/196
f 742/1/285 735/171/269 658/171/195
f 658/171/41 660/1/1 742/1/1
f 743/2/286 741/1/284 742/1/285
f 742/1/1 744/2/2 743/2/2
f 742/1/1 660/1/1 744/2/2
f 744/2/30 660/1/30 671/1/30
f 686/3/30 744/2/30 674/2/30
f 744/2/30 671/1/30 674/2/30
f 743/2/2 744/2/2 686/3/7
f 743/2/286 745/2/287 741/1/284
f 684/3/288 745/2/287 743/2/286
f 743/2/2 686/3/7 684/3/7
f 748/1/289 745/2/287 746/2/290
f 746/2/290 745/2/287 747/3/291
f 684/3/288 747/3/291 745/2/287
f 748/1/289 741/1/284 745/2/287
f 733/171/262 748/1/292 727/1/263
f 733/171/270 741/1/284 748/1/289
f 748/1/292 746/2/293 726/2/294
f 748/1/292 726/2/294 727/1/263
f 749/3/295 747/3/291 750/11/296
f 746/2/290 747/3/291 749/3/295
f 685/11/199 747/3/291 684/3/288
f 685/11/199 750/11/296 747/3/291
f 751/12/297 750/11/296 691/12/201
f 751/12/297 752/11/298 750/11/296
f 749/3/295 750/11/296 752/11/298
f 685/11/199 691/12/201 750/11/296
f 751/12/299 753/11/300 752/11/300
f 749/3/301 752/11/300 753/11/300
f 749/3/301 753/11/300 754/3/302
f 722/11/303 754/3/304 753/11/303
f 722/11/303 753/11/303 755/12/305
f 751/12/299 755/12/306 753/11/300
f 719/12/307 755/12/305 697/17/218
f 722/11/303 755/12/305 719/12/307
f 694/17/209 697/17/208 755/12/306
f 694/17/209 755/12/306 751/12/299
f 746/2/293 754/3/302 726/2/294
f 721/3/255 726/2/254 754/3/304
f 722/11/303 721/3/255 754/3/304
f 746/2/293 749/3/301 754/3/302
f 694/17/204 751/12/297 691/12/201
f 6/2/308 729/1/283 724/2/249
f 6/2/308 555/1/282 729/1/283
f 5/3/248 6/2/308 724/2/249
f 719/12/307 697/17/218 701/17/217
f 4/3/7 5/3/7 717/11/61
f 4/3/7 717/11/61 17/11/61
f 756/528/309 713/17/239 712/528/310
f 756/528/309 23/17/14 713/17/239
f 23/17/14 756/528/309 24/18/9
f 757/529/311 756/528/309 712/528/310
f 756/528/309 757/529/311 758/531/9
f 756/528/309 758/531/9 24/18/9
f 24/18/9 758/531/9 26/20/9
f 758/531/9 760/532/9 26/20/9
f 757/529/311 759/533/9 758/531/9
f 758/531/9 759/533/9 760/532/9
f 759/533/9 762/534/9 760/532/9
f 26/20/9 760/532/9 761/535/9
f 760/532/9 763/536/9 761/535/9
f 760/532/9 762/534/9 763/536/9
f 761/535/9 763/536/9 764/537/9
f 763/536/9 765/538/9 764/537/9
f 762/534/9 766/539/9 763/536/9
f 763/536/9 766/539/9 765/538/9
f 762/534/9 767/540/9 766/539/9
f 767/540/9 768/541/9 766/539/9
f 766/539/9 768/541/9 769/542/9
f 766/539/9 769/542/9 765/538/9
f 770/543/9 769/542/9 768/541/9
f 770/543/9 772/544/9 769/542/9
f 765/538/9 769/542/9 771/97/9
f 772/544/9 771/97/9 769/542/9
f 774/545/9 772/544/9 770/543/9
f 772/544/9 773/98/9 771/97/9
f 775/546/9 773/98/9 772/544/9
f 774/545/9 775/546/9 772/544/9
f 778/547/9 775/546/9 774/545/9
f 777/548/9 776/99/9 775/546/9
f 775/546/9 776/99/9 773/98/9
f 778/547/9 777/548/9 775/546/9
f 779/549/9 778/547/9 774/545/9
f 780/550/9 778/547/9 779/549/9
f 780/550/9 781/551/9 778/547/9
f 781/551/9 777/548/9 778/547/9
f 783/552/9 782/553/9 781/551/9
f 782/553/9 784/554/9 781/551/9
f 783/552/9 781/551/9 780/550/9
f 781/551/9 784/554/9 777/548/9
f 784/554/9 785/100/9 777/548/9
f 784/554/9 143/103/9 785/100/9
f 144/122/9 143/103/9 784/554/9
f 782/553/9 144/122/9 784/554/9
f 786/100/39 785/100/39 143/103/41
f 111/99/38 785/100/39 786/100/39
f 111/99/38 776/99/38 785/100/39
f 777/548/9 785/100/9 776/99/9
f 786/100/30 110/99/30 111/99/30
f 786/100/30 787/100/30 110/99/30
f 786/100/39 143/103/41 141/103/40
f 141/103/30 787/100/30 786/100/30
f 141/103/30 789/103/30 787/100/30
f 113/99/38 787/100/39 788/100/39
f 788/100/39 787/100/39 789/103/197
f 113/99/38 110/99/38 787/100/39
f 141/103/78 790/103/78 789/103/78
f 788/100/39 789/103/197 790/103/197
f 120/103/9 788/100/9 790/103/9
f 141/103/78 120/103/78 790/103/78
f 120/103/9 116/100/9 788/100/9
f 116/100/9 113/99/9 788/100/9
f 152/130/9 782/553/9 783/552/9
f 791/555/9 783/552/9 780/550/9
f 792/556/9 783/552/9 791/555/9
f 792/556/9 152/130/9 783/552/9
f 794/557/312 792/556/9 793/558/313
f 793/558/313 792/556/9 791/555/9
f 794/557/312 153/131/9 792/556/9
f 153/131/9 152/130/9 792/556/9
f 156/133/53 153/131/9 794/557/312
f 794/557/312 795/133/314 156/133/53
f 794/557/312 796/557/315 795/133/314
f 793/558/313 796/557/315 794/557/312
f 796/557/50 799/557/50 797/133/78
f 796/557/50 797/133/78 795/133/78
f 798/558/45 799/557/50 796/557/50
f 793/558/313 798/558/316 796/557/315
f 797/133/317 799/557/318 800/557/319
f 798/558/45 802/558/45 799/557/50
f 799/557/318 801/558/320 800/557/319
f 799/557/318 802/558/321 801/558/320
f 802/558/321 803/559/322 801/558/320
f 802/558/321 805/559/323 803/559/322
f 804/559/42 805/559/42 802/558/45
f 804/559/42 802/558/45 798/558/45
f 805/559/323 808/560/324 803/559/322
f 807/560/32 805/559/42 804/559/42
f 807/560/32 806/560/32 805/559/42
f 805/559/323 806/560/325 808/560/324
f 803/559/326 808/560/327 810/560/328
f 806/560/325 809/561/329 808/560/324
f 808/560/327 809/561/330 811/561/331
f 808/560/327 811/561/331 810/560/328
f 809/561/330 812/562/332 811/561/331
f 810/560/333 811/561/334 813/561/335
f 811/561/334 812/562/336 814/562/337
f 811/561/334 814/562/337 813/561/335
f 812/562/336 817/563/338 814/562/337
f 815/562/339 813/561/340 814/562/341
f 816/563/342 815/562/339 814/562/341
f 816/563/342 814/562/341 817/563/343
f 818/564/344 817/563/343 819/564/344
f 818/564/344 816/563/342 817/563/343
f 820/563/345 819/564/346 817/563/338
f 812/562/336 820/563/345 817/563/338
f 820/563/345 822/564/346 819/564/346
f 821/562/347 820/563/348 812/562/332
f 821/562/347 823/563/349 820/563/348
f 823/563/349 822/564/350 820/563/348
f 824/562/351 823/563/352 821/562/353
f 823/563/349 825/564/350 822/564/350
f 824/562/351 826/563/354 823/563/352
f 826/563/354 825/564/355 823/563/352
f 826/563/354 829/564/355 825/564/355
f 828/564/27 826/563/28 827/563/28
f 827/563/28 826/563/28 824/562/29
f 828/564/27 829/564/27 826/563/28
f 831/565/356 825/564/355 829/564/355
f 830/565/26 829/564/27 828/564/27
f 830/565/26 831/565/26 829/564/27
f 831/565/356 833/565/357 825/564/355
f 832/566/25 831/565/26 830/565/26
f 832/566/25 834/566/25 831/565/26
f 834/566/358 833/565/357 831/565/356
f 834/566/358 836/566/359 833/565/357
f 835/530/360 837/530/360 834/566/25
f 835/530/360 834/566/25 832/566/25
f 837/530/361 836/566/359 834/566/358
f 838/529/23 837/530/360 835/530/360
f 837/530/361 709/530/232 836/566/359
f 710/529/230 709/530/232 837/530/361
f 838/529/23 710/529/23 837/530/360
f 839/530/362 838/529/363 835/530/364
f 712/528/21 710/529/23 838/529/23
f 839/530/362 757/529/311 838/529/363
f 757/529/311 712/528/310 838/529/363
f 840/566/365 839/530/362 835/530/364
f 757/529/311 839/530/362 759/533/9
f 839/530/362 841/567/9 759/533/9
f 839/530/362 840/566/365 841/567/9
f 759/533/9 841/567/9 762/534/9
f 840/566/365 842/568/9 841/567/9
f 841/567/9 767/540/9 762/534/9
f 841/567/9 842/568/9 767/540/9
f 840/566/365 845/565/366 842/568/9
f 842/568/9 843/569/9 767/540/9
f 842/568/9 844/570/9 843/569/9
f 845/565/366 844/570/9 842/568/9
f 845/565/366 840/566/365 832/566/367
f 845/565/366 846/564/368 844/570/9
f 845/565/366 832/566/367 830/565/369
f 846/564/368 845/565/366 830/565/369
f 846/564/368 828/564/370 827/563/371
f 846/564/368 827/563/371 847/563/372
f 846/564/368 830/565/369 828/564/370
f 847/563/372 844/570/9 846/564/368
f 848/562/373 850/571/9 847/563/372
f 847/563/372 849/562/374 848/562/373
f 847/563/372 827/563/371 849/562/374
f 847/563/372 850/571/9 844/570/9
f 848/562/373 852/572/9 850/571/9
f 852/572/9 851/573/9 850/571/9
f 850/571/9 851/573/9 843/569/9
f 850/571/9 843/569/9 844/570/9
f 852/572/9 854/574/9 851/573/9
f 853/575/9 854/574/9 852/572/9
f 855/561/375 853/575/9 852/572/9
f 855/561/375 852/572/9 848/562/373
f 855/561/375 807/560/376 856/560/377
f 856/560/377 853/575/9 855/561/375
f 848/562/373 857/561/378 855/561/375
f 855/561/375 857/561/378 807/560/376
f 857/561/31 806/560/32 807/560/32
f 857/561/31 858/561/379 806/560/32
f 848/562/373 849/562/374 857/561/378
f 849/562/29 858/561/379 857/561/31
f 806/560/325 858/561/380 809/561/329
f 858/561/380 821/562/353 809/561/329
f 849/562/29 824/562/29 858/561/379
f 858/561/380 824/562/351 821/562/353
f 860/559/381 859/576/9 856/560/377
f 856/560/377 859/576/9 853/575/9
f 856/560/377 804/559/382 860/559/381
f 856/560/377 807/560/376 804/559/382
f 860/559/381 791/555/9 859/576/9
f 860/559/381 804/559/382 798/558/316
f 860/559/381 798/558/316 793/558/313
f 793/558/313 791/555/9 860/559/381
f 859/576/9 779/549/9 853/575/9
f 859/576/9 780/550/9 779/549/9
f 791/555/9 780/550/9 859/576/9
f 779/549/9 774/545/9 854/574/9
f 854/574/9 774/545/9 770/543/9
f 854/574/9 770/543/9 851/573/9
f 853/575/9 779/549/9 854/574/9
f 851/573/9 768/541/9 843/569/9
f 851/573/9 770/543/9 768/541/9
f 827/563/28 824/562/29 849/562/29
f 767/540/9 843/569/9 768/541/9
f 840/566/365 835/530/364 832/566/367
f 836/566/383 862/565/384 833/565/385
f 709/530/229 861/566/386 836/566/383
f 836/566/383 861/566/386 862/565/384
f 833/565/385 862/565/384 822/564/350
f 862/565/387 819/564/346 822/564/346
f 862/565/387 863/565/388 819/564/346
f 861/566/389 863/565/388 862/565/387
f 818/564/344 863/565/390 864/565/391
f 818/564/344 819/564/344 863/565/390
f 861/566/389 865/566/392 863/565/388
f 864/565/391 863/565/390 865/566/393
f 864/565/391 865/566/393 866/566/394
f 707/530/227 706/530/225 865/566/392
f 707/530/227 865/566/392 861/566/389
f 866/566/394 865/566/393 706/530/395
f 864/565/396 866/566/397 869/566/398
f 866/566/394 706/530/395 867/530/399
f 866/566/397 867/530/400 868/530/401
f 866/566/397 868/530/401 869/566/398
f 864/565/396 869/566/398 870/565/402
f 871/530/403 869/566/398 868/530/401
f 872/566/404 870/565/402 869/566/398
f 871/530/403 872/566/404 869/566/398
f 872/566/25 873/566/25 874/565/26
f 871/530/360 873/566/25 872/566/25
f 872/566/25 874/565/26 875/565/26
f 872/566/404 875/565/405 870/565/402
f 875/565/26 874/565/26 878/564/27
f 875/565/405 877/564/406 876/564/407
f 875/565/405 876/564/407 870/565/402
f 875/565/26 878/564/27 877/564/27
f 874/565/26 879/564/27 878/564/27
f 877/564/27 878/564/27 881/563/28
f 878/564/27 879/564/27 880/563/28
f 878/564/27 880/563/28 881/563/28
f 881/563/28 880/563/28 883/562/29
f 877/564/27 881/563/28 882/563/28
f 882/563/28 881/563/28 884/562/29
f 881/563/28 883/562/29 884/562/29
f 882/563/28 884/562/29 885/562/29
f 884/562/29 883/562/29 886/561/408
f 885/562/29 884/562/29 887/561/409
f 884/562/29 886/561/408 887/561/409
f 885/562/29 887/561/409 888/561/379
f 886/561/408 890/561/27 887/561/409
f 888/561/379 887/561/409 889/560/32
f 889/560/30 887/561/30 890/561/30
f 889/560/30 890/561/30 892/560/30
f 890/561/62 891/560/32 892/560/32
f 890/561/62 893/561/62 891/560/32
f 886/561/408 893/561/27 890/561/27
f 894/560/9 891/560/9 893/561/9
f 894/560/9 893/561/9 886/561/9
f 895/559/9 891/560/9 894/560/9
f 637/527/9 894/560/9 886/561/9
f 637/527/9 895/559/9 894/560/9
f 895/559/9 897/559/9 891/560/9
f 637/527/9 896/558/9 895/559/9
f 896/558/9 897/559/9 895/559/9
f 892/560/32 891/560/32 897/559/42
f 892/560/32 897/559/42 899/559/42
f 899/559/42 897/559/42 898/558/45
f 896/558/9 898/558/9 897/559/9
f 902/558/30 899/559/30 900/558/30
f 899/559/42 898/558/45 900/558/45
f 901/559/30 892/560/30 899/559/30
f 902/558/30 901/559/30 899/559/30
f 903/559/42 901/559/42 902/558/45
f 903/559/42 902/558/45 905/558/45
f 904/557/30 902/558/30 900/558/30
f 905/558/45 902/558/45 904/557/50
f 905/558/410 908/559/411 903/559/412
f 905/558/45 904/557/50 906/557/50
f 906/557/413 907/558/414 905/558/410
f 905/558/410 907/558/414 908/559/411
f 903/559/412 908/559/411 910/560/415
f 911/559/416 908/559/411 907/558/414
f 909/560/417 908/559/411 911/559/416
f 909/560/417 910/560/415 908/559/411
f 909/560/418 911/559/419 914/559/420
f 911/559/416 907/558/414 912/558/421
f 911/559/419 912/558/422 913/558/423
f 911/559/419 913/558/423 914/559/420
f 909/560/418 914/559/420 916/560/424
f 915/558/425 914/559/426 913/558/427
f 915/558/425 917/559/428 914/559/426
f 917/559/428 916/560/429 914/559/426
f 801/558/430 803/559/326 917/559/431
f 801/558/430 917/559/431 915/558/432
f 803/559/326 810/560/328 917/559/431
f 917/559/428 810/560/333 916/560/429
f 810/560/333 813/561/335 916/560/429
f 918/561/433 909/560/418 916/560/424
f 918/561/433 916/560/424 813/561/340
f 918/561/434 919/561/435 910/560/415
f 918/561/434 910/560/415 909/560/417
f 815/562/436 919/561/435 918/561/434
f 815/562/339 918/561/433 813/561/340
f 921/560/437 910/560/415 919/561/435
f 921/560/437 919/561/435 888/561/438
f 888/561/438 919/561/435 920/562/439
f 815/562/436 920/562/439 919/561/435
f 903/559/412 910/560/415 921/560/437
f 921/560/32 901/559/42 903/559/42
f 921/560/32 889/560/32 901/559/42
f 888/561/379 889/560/32 921/560/32
f 888/561/438 920/562/439 885/562/440
f 816/563/441 922/563/442 920/562/439
f 885/562/440 920/562/439 922/563/442
f 816/563/441 920/562/439 815/562/436
f 818/564/443 876/564/407 922/563/442
f 818/564/443 922/563/442 816/563/441
f 885/562/440 922/563/442 882/563/444
f 882/563/444 922/563/442 876/564/407
f 800/557/445 801/558/430 915/558/432
f 923/557/446 915/558/425 913/558/427
f 800/557/445 915/558/432 923/557/447
f 924/133/448 923/557/447 926/133/448
f 924/133/448 800/557/445 923/557/447
f 923/557/446 913/558/427 925/557/449
f 926/133/450 923/557/446 925/557/449
f 926/133/450 925/557/449 929/133/450
f 926/133/450 927/136/451 928/136/452
f 926/133/450 929/133/450 927/136/451
f 924/133/448 926/133/448 928/136/453
f 930/557/454 929/133/455 925/557/456
f 930/557/454 931/133/455 929/133/455
f 932/136/457 929/133/455 931/133/455
f 932/136/457 927/136/458 929/133/455
f 933/141/459 927/136/458 932/136/457
f 933/141/460 932/136/461 934/136/462
f 932/136/461 931/133/463 935/133/464
f 932/136/461 935/133/464 934/136/462
f 936/133/465 934/136/462 935/133/464
f 936/133/465 935/133/464 937/557/466
f 930/557/467 937/557/466 935/133/464
f 930/557/467 935/133/464 931/133/463
f 912/558/421 937/557/466 930/557/467
f 912/558/421 907/558/414 937/557/466
f 936/133/465 937/557/466 906/557/413
f 906/557/413 937/557/466 907/558/414
f 936/133/465 620/136/174 934/136/462
f 936/133/78 623/136/79 620/136/79
f 936/133/78 938/133/78 623/136/79
f 906/557/50 938/133/78 936/133/78
f 938/133/30 904/557/30 939/557/30
f 938/133/30 939/557/30 941/133/30
f 906/557/50 904/557/50 938/133/78
f 938/133/30 940/136/30 623/136/30
f 938/133/30 941/133/30 940/136/30
f 939/557/50 942/133/78 941/133/78
f 941/133/78 942/133/78 943/136/79
f 941/133/78 943/136/79 940/136/79
f 946/133/9 943/136/9 942/133/9
f 940/136/79 943/136/79 944/141/70
f 945/136/9 944/141/9 943/136/9
f 946/133/9 945/136/9 943/136/9
f 637/527/9 945/136/9 946/133/9
f 637/527/9 946/133/9 947/557/9
f 946/133/9 948/557/9 947/557/9
f 946/133/9 942/133/9 948/557/9
f 939/557/50 948/557/50 942/133/78
f 900/558/45 948/557/50 939/557/50
f 900/558/45 898/558/45 948/557/50
f 947/557/9 948/557/9 898/558/9
f 637/527/9 947/557/9 896/558/9
f 947/557/9 898/558/9 896/558/9
f 637/527/9 949/141/9 945/136/9
f 945/136/9 949/141/9 944/141/9
f 637/527/9 950/142/9 949/141/9
f 949/141/9 950/142/9 626/142/9
f 949/141/9 626/142/9 944/141/9
f 637/527/9 951/525/9 950/142/9
f 950/142/9 627/525/9 626/142/9
f 950/142/9 951/525/9 627/525/9
f 637/527/9 633/526/9 951/525/9
f 951/525/9 633/526/9 629/526/9
f 951/525/9 629/526/9 627/525/9
f 940/136/79 944/141/70 624/141/175
f 624/141/175 944/141/70 626/142/15
f 623/136/30 940/136/30 624/141/30
f 904/557/30 900/558/30 939/557/30
f 620/136/174 617/141/172 934/136/462
f 933/141/460 934/136/462 617/141/172
f 933/141/459 952/141/468 927/136/458
f 618/142/469 952/141/468 933/141/459
f 618/142/173 933/141/460 617/141/172
f 928/136/452 952/141/470 953/141/471
f 953/141/471 952/141/470 954/142/472
f 618/142/469 954/142/473 952/141/468
f 928/136/452 927/136/451 952/141/470
f 953/141/471 954/142/472 955/142/474
f 955/142/474 954/142/472 608/525/159
f 611/525/165 954/142/473 618/142/469
f 611/525/165 608/525/161 954/142/473
f 957/141/475 953/141/476 955/142/477
f 955/142/474 608/525/159 606/525/155
f 957/141/475 955/142/477 956/142/478
f 956/142/478 955/142/477 606/525/154
f 958/136/479 957/141/480 960/141/481
f 958/136/479 959/136/482 957/141/480
f 959/136/483 953/141/476 957/141/475
f 960/141/481 957/141/480 956/142/484
f 962/136/79 960/141/70 961/141/70
f 961/141/70 960/141/70 602/142/15
f 962/136/79 958/136/79 960/141/70
f 960/141/481 956/142/484 602/142/146
f 795/133/78 958/136/79 962/136/79
f 162/141/55 962/136/485 961/141/486
f 162/141/55 158/136/54 962/136/485
f 158/136/54 795/133/314 962/136/485
f 164/142/56 961/141/486 597/142/141
f 961/141/70 602/142/15 597/142/15
f 164/142/56 162/141/55 961/141/486
f 797/133/317 959/136/482 958/136/479
f 797/133/317 924/133/317 959/136/482
f 924/133/448 928/136/453 959/136/483
f 959/136/483 928/136/453 953/141/476
f 795/133/78 797/133/78 958/136/79
f 956/142/478 606/525/154 601/525/150
f 602/142/146 956/142/484 601/525/147
f 912/558/422 930/557/454 925/557/456
f 912/558/422 925/557/456 913/558/423
f 797/133/317 800/557/319 924/133/317
f 901/559/30 889/560/30 892/560/30
f 637/527/9 886/561/9 883/562/9
f 637/527/9 883/562/9 880/563/9
f 882/563/444 876/564/407 877/564/406
f 637/527/9 880/563/9 879/564/9
f 874/565/26 963/565/26 879/564/27
f 637/527/9 879/564/9 963/565/9
f 637/527/9 963/565/9 964/566/9
f 873/566/25 963/565/26 874/565/26
f 873/566/25 964/566/25 963/565/26
f 637/527/9 964/566/9 965/530/9
f 966/530/487 964/566/25 873/566/25
f 966/530/487 965/530/488 964/566/25
f 966/530/487 968/530/27 967/530/27
f 966/530/487 967/530/27 965/530/488
f 969/529/30 968/530/30 966/530/30
f 970/529/23 969/529/23 966/530/487
f 970/529/23 966/530/487 871/530/360
f 871/530/360 966/530/487 873/566/25
f 971/528/21 969/529/23 970/529/23
f 970/529/489 868/530/401 972/529/490
f 970/529/489 871/530/403 868/530/401
f 971/528/491 970/529/489 972/529/490
f 971/528/491 972/529/490 695/528/206
f 867/530/400 698/529/211 972/529/490
f 867/530/400 972/529/490 868/530/401
f 698/529/211 695/528/206 972/529/490
f 971/528/21 973/528/21 969/529/23
f 692/17/68 973/528/21 971/528/21
f 692/17/203 971/528/491 695/528/206
f 692/17/68 688/17/68 973/528/21
f 688/17/30 974/528/30 973/528/30
f 973/528/30 974/528/30 975/529/30
f 973/528/30 975/529/30 969/529/30
f 975/529/23 976/529/23 967/530/81
f 974/528/21 976/529/23 975/529/23
f 975/529/23 967/530/81 968/530/81
f 969/529/30 975/529/30 968/530/30
f 977/529/9 967/530/9 976/529/9
f 978/528/9 977/529/9 976/529/9
f 978/528/9 976/529/9 979/528/9
f 974/528/21 979/528/492 976/529/23
f 689/17/68 979/528/492 974/528/21
f 689/17/68 980/17/68 979/528/492
f 981/17/9 979/528/9 980/17/9
f 981/17/9 978/528/9 979/528/9
f 637/527/9 978/528/9 981/17/9
f 637/527/9 981/17/9 677/12/9
f 677/12/9 981/17/9 980/17/9
f 682/12/67 678/12/67 980/17/68
f 682/12/67 980/17/68 689/17/68
f 677/12/9 980/17/9 678/12/9
f 637/527/9 977/529/9 978/528/9
f 637/527/9 965/530/9 977/529/9
f 977/529/9 965/530/9 967/530/9
f 688/17/30 689/17/30 974/528/30
f 818/564/443 870/565/402 876/564/407
f 818/564/443 864/565/396 870/565/402
f 867/530/399 706/530/395 700/529/216
f 867/530/399 700/529/216 698/529/212
f 709/530/229 707/530/228 861/566/386
f 833/565/385 822/564/350 825/564/350
f 809/561/330 821/562/347 812/562/332
f 158/136/54 156/133/53 795/133/314
f 146/124/9 144/122/9 782/553/9
f 152/130/9 146/124/9 782/553/9
f 106/98/37 776/99/38 111/99/38
f 106/98/37 773/98/37 776/99/38
f 107/97/36 771/97/36 773/98/37
f 107/97/36 773/98/37 106/98/37
f 765/538/9 771/97/9 982/91/9
f 108/91/34 771/97/36 107/97/36
f 108/91/34 982/91/34 771/97/36
f 983/94/33 982/91/34 108/91/34
f 983/94/33 984/94/33 982/91/34
f 764/537/9 765/538/9 982/91/9
f 764/537/9 982/91/9 984/94/9
f 985/96/35 986/96/35 984/94/33
f 985/96/35 984/94/33 983/94/33
f 987/577/9 984/94/9 986/96/9
f 987/577/9 764/537/9 984/94/9
f 761/535/9 764/537/9 987/577/9
f 27/21/9 761/535/9 987/577/9
f 27/21/9 987/577/9 29/23/9
f 29/23/9 987/577/9 986/96/9
f 988/27/493 32/27/16 986/96/35
f 988/27/493 986/96/35 985/96/35
f 29/23/9 986/96/9 32/27/9
f 988/27/30 989/96/30 990/27/30
f 988/27/30 985/96/30 989/96/30
f 992/27/61 988/27/61 990/27/61
f 35/28/15 32/27/16 988/27/493
f 35/28/15 988/27/493 991/27/493
f 992/27/61 991/27/61 988/27/61
f 992/27/176 989/96/35 993/96/35
f 991/27/9 992/27/9 993/96/9
f 992/27/176 990/27/176 989/96/35
f 995/96/9 993/96/9 104/94/9
f 993/96/35 994/94/33 104/94/33
f 993/96/35 989/96/35 994/94/33
f 991/27/9 993/96/9 995/96/9
f 995/96/9 104/94/9 98/94/9
f 996/27/16 995/96/35 97/96/35
f 996/27/16 991/27/493 995/96/35
f 97/96/35 995/96/35 98/94/33
f 996/27/9 54/578/9 53/579/9
f 997/28/9 996/27/9 53/579/9
f 996/27/9 97/96/9 54/578/9
f 997/28/15 991/27/493 996/27/16
f 997/28/9 53/579/9 1000/580/9
f 999/29/18 998/28/15 997/28/15
f 997/28/15 998/28/15 991/27/493
f 999/29/9 997/28/9 1000/580/9
f 999/29/9 1000/580/9 1001/581/9
f 1001/582/20 1000/583/21 45/37/21
f 1000/583/21 53/45/23 47/39/23
f 1000/583/21 47/39/23 45/37/21
f 1001/582/19 42/32/19 38/29/19
f 1001/582/19 38/29/19 999/29/19
f 1001/582/20 45/37/21 42/32/20
f 999/29/18 38/29/18 998/28/15
f 38/29/18 35/28/15 998/28/15
f 35/28/15 991/27/493 998/28/15
f 983/94/30 103/91/30 994/94/30
f 104/94/33 994/94/33 103/91/34
f 985/96/30 983/94/30 994/94/30
f 985/96/30 994/94/30 989/96/30
f 983/94/30 108/91/30 103/91/30
f 26/20/9 761/535/9 27/21/9
f 686/3/30 674/2/30 680/3/30
f 674/2/2 673/3/7 680/3/7
f 660/1/30 661/171/30 671/1/30
f 637/527/9 666/168/9 1002/513/9
f 651/513/37 1002/513/37 666/168/38
f 651/513/37 666/168/38 652/168/38
f 637/527/9 1002/513/9 639/514/9
f 642/514/36 639/514/36 1002/513/37
f 642/514/36 1002/513/37 651/513/37
f 644/514/36 642/514/36 651/513/37
f 634/526/35 635/516/33 641/516/33
f 615/525/170 634/526/187 612/526/164
f 574/516/120 605/516/153 572/515/119
f 582/517/35 599/517/35 577/516/33
f 599/517/145 575/516/126 577/516/125
f 583/516/130 592/517/139 582/517/131
f 590/521/9 195/167/9 192/164/9
f 562/513/103 580/514/129 565/514/105
f 559/169/280 560/168/108 569/168/114
f 2/1/1 555/1/1 6/2/2
f 147/126/9 137/119/47 133/118/49
f 1003/584/46 1004/118/46 139/118/46
f 1003/584/46 139/118/46 1005/585/46
f 123/105/1 139/118/52 1004/118/52
f 123/105/1 124/105/1 139/118/52
f 131/116/46 1005/585/46 139/118/46
f 126/108/42 1005/585/44 131/116/44
f 127/110/42 1005/585/44 126/108/42
f 127/110/42 1003/584/44 1005/585/44
f 1004/118/9 1003/586/9 127/112/9
f 1004/118/9 127/112/9 123/105/9
f 86/81/32 130/115/42 82/79/32
f 89/85/29 121/111/31 85/83/31
f 117/98/9 91/92/9 1006/97/9
f 1006/97/36 114/98/37 117/98/37
f 117/98/9 88/101/9 91/92/9
f 95/91/9 1006/97/9 91/92/9
f 95/91/34 101/97/36 1006/97/36
f 1006/97/36 101/97/36 114/98/37
f 114/98/9 101/97/9 100/97/9
f 97/96/9 56/95/9 54/578/9
f 62/53/28 80/74/29 65/56/29
f 50/42/25 60/52/26 51/43/25
f 20/15/9 21/14/9 30/24/9
f 9/3/10 4/3/8 17/11/12
