# Blender 3.6.22
# www.blender.org
mtllib sillasvoladoras_base.mtl
o body2.012
v 4.777493 39.357037 11.022123
v 3.765242 39.331848 10.989081
v 3.703466 39.216778 11.548479
v 4.780216 39.353111 11.667792
v 4.778625 39.212536 10.454916
v 4.926541 39.257797 10.937241
v 5.063951 38.899693 10.690016
v 4.940357 39.141895 10.554871
v 4.947054 39.246044 11.530583
v 5.116083 38.885342 11.272367
v 5.261588 38.062412 11.605554
v 5.234489 38.126598 10.768392
v 5.067564 38.796402 11.958902
v 4.979313 38.749535 12.588650
v 4.893707 39.103565 12.129811
v 4.817847 38.987103 12.625732
v 4.654452 39.084332 12.643698
v 4.630441 38.972897 13.207604
v 4.783476 38.791523 13.247702
v 4.485686 38.990742 13.851499
v 4.889191 38.323528 13.286270
v 4.539785 38.654797 13.987115
v 4.101919 38.570007 14.729640
v 4.406075 38.002705 14.184064
v 4.686468 37.560230 13.557891
v 4.206234 38.987537 14.459009
v 3.911651 39.351650 14.803836
v 4.199309 39.214558 14.273013
v 3.807663 39.121113 15.078251
v 3.564297 39.538158 15.245728
v 3.589701 39.009453 15.196648
v 3.402488 39.451710 15.323099
v 3.238076 38.934048 15.190071
v 3.159300 39.389988 15.312171
v 3.068781 40.021149 15.347255
v 3.050936 40.246960 15.254783
v 3.283575 40.074383 15.293944
v 2.869838 40.018230 15.236711
v 2.914655 39.385506 15.255613
v 2.762572 39.429348 15.134822
v 2.688068 39.525478 14.914863
v 2.690589 38.969501 14.923717
v 2.606997 39.174580 14.623361
v 2.594089 39.311733 14.448511
v 2.517580 38.986324 14.040361
v 2.520943 38.758816 14.225867
v 2.424435 38.367702 13.694484
v 2.654777 38.373600 14.529448
v 2.422882 38.710781 13.566138
v 2.359787 38.462585 12.912413
v 2.464981 38.679005 12.908039
v 2.522265 38.880005 13.551350
v 2.652638 38.942879 13.556945
v 2.598187 38.783810 12.924535
v 2.583113 39.095219 13.999753
v 2.704178 39.141010 13.971768
v 2.641258 39.389271 14.375807
v 2.751535 39.430786 14.356342
v 2.691677 39.618301 14.756311
v 2.718710 39.676052 14.666831
v 2.804541 39.704166 14.639122
v 2.843808 39.965275 14.924353
v 2.854592 39.987286 15.053924
v 2.931065 40.093563 15.038815
v 3.200512 39.742336 14.668628
v 3.274282 39.492947 14.380053
v 3.585664 39.810169 14.747181
v 3.259842 40.138187 15.084298
v 3.404869 40.041420 15.001969
v 3.354547 40.055138 15.123088
v 3.666918 39.658337 15.050273
v 3.681573 39.752644 14.893256
v 3.889724 39.558720 14.548512
v 3.934378 39.493626 14.633926
v 3.665243 39.804516 14.797773
v 3.781770 39.570602 14.498867
v 4.004045 39.317417 14.151590
v 3.350390 39.240124 14.077890
v 3.434374 39.037823 13.669246
v 4.214313 39.154823 13.772984
v 3.536633 38.911167 13.054361
v 3.609186 38.942467 12.499099
v 4.475079 39.038540 13.184182
v 4.353179 39.128494 13.804630
v 4.120852 39.303921 14.212477
v 4.736382 39.215580 12.198171
v 2.637190 39.062260 11.371335
v 2.563937 38.800602 12.354504
v 2.576379 38.922428 11.899362
v 2.474006 38.775158 11.795077
v 2.438650 38.439610 11.595224
v 2.547023 38.920319 11.198566
v 2.442586 38.664730 12.297147
v 2.364841 38.394703 12.226974
v 2.544919 37.693699 11.229745
v 2.403058 37.744640 12.089466
v 2.373877 37.982159 12.938308
v 2.826017 36.855793 11.943434
v 2.743892 37.077660 12.688643
v 2.689180 37.289150 13.281597
v 3.143381 36.973972 13.396428
v 3.026723 37.460682 14.045983
v 2.666540 37.766621 13.943420
v 2.916304 38.169018 14.694455
v 2.890418 38.914539 15.099914
v 3.404767 38.136906 14.767170
v 3.868833 38.298298 14.826221
v 4.124649 37.609692 14.197867
v 3.603117 37.364338 14.091267
v 4.316986 37.133255 13.558783
v 3.753790 36.913055 13.444799
v 4.501846 36.801723 12.824343
v 3.905212 36.568813 12.687943
v 3.254474 36.632420 12.651793
v 3.371893 36.431507 11.882797
v 4.049159 36.339474 11.872467
v 4.650554 36.605053 12.059679
v 4.725873 36.538967 11.281383
v 4.168925 36.266460 11.078293
v 3.526864 36.376236 11.115517
v 2.924011 36.821648 11.199988
v 3.642477 36.486435 10.377971
v 3.072560 36.892513 10.562263
v 4.251074 36.363796 10.388936
v 4.306584 36.599751 9.756188
v 4.786461 36.641689 10.536231
v 4.816244 36.862301 9.922786
v 5.159742 37.175785 10.851002
v 5.157142 37.316250 10.246739
v 5.153522 38.245975 10.218113
v 5.046267 37.555775 9.757639
v 4.809706 37.262547 9.518750
v 4.909616 37.828022 9.554942
v 4.807845 37.808094 9.392527
v 4.211182 37.842045 9.227076
v 4.291011 37.086082 9.391697
v 3.729820 37.115986 9.369360
v 3.622477 37.647221 9.228548
v 3.479548 37.633923 9.357116
v 3.369962 37.328274 9.525741
v 3.199342 37.050545 9.975899
v 3.720720 36.713619 9.771233
v 2.967116 37.949238 9.915653
v 2.776506 37.793007 10.428361
v 2.753341 38.586109 10.370368
v 2.553453 38.537548 10.917861
v 2.721199 38.958488 10.632159
v 2.810855 39.090130 10.750062
v 2.840658 38.856930 10.264400
v 2.998866 38.970989 10.208708
v 3.009706 38.577587 9.806243
v 3.923269 39.029758 10.143069
v 3.222826 38.653751 9.659791
v 3.431148 38.162197 9.352938
v 4.002260 38.832294 9.765808
v 3.219530 38.080154 9.515931
v 4.137318 38.321766 9.290403
v 4.817429 38.350346 9.544709
v 4.800233 38.867832 9.878002
v 4.991723 38.320671 9.761091
v 4.978810 38.844845 10.078636
v 5.146019 37.123211 11.507374
v 5.029740 37.154873 12.248291
v 5.150606 38.117546 12.469546
v 4.849161 37.363388 12.979880
v 5.189701 37.744411 8.138759
v 4.530110 37.935062 7.845687
v 4.470428 38.180042 8.097734
v 5.168336 37.978317 8.407850
v 5.113513 37.518124 8.010228
v 5.489538 37.224461 8.584119
v 5.367753 37.077271 8.387814
v 5.198019 36.563572 8.717805
v 5.034676 36.643009 8.622009
v 5.166750 37.042721 8.365272
v 4.968925 37.385803 8.071424
v 4.861711 36.826473 8.722576
v 4.963342 37.134018 8.525024
v 4.835195 37.316250 8.806108
v 4.811133 37.397984 8.298950
v 4.745218 37.043980 8.981019
v 4.472589 36.860363 9.048898
v 4.421765 37.005066 9.375301
v 4.729644 37.212368 9.298668
v 4.820992 37.267368 9.554134
v 4.420819 36.997890 9.653800
v 4.831276 37.519909 9.101118
v 4.679076 37.783749 8.875095
v 4.700418 37.549976 8.605926
v 4.953068 37.667080 9.297395
v 5.154050 37.701637 9.319951
v 4.984336 37.187935 9.649929
v 4.755225 38.010162 9.003545
v 4.344264 37.880573 8.726295
v 4.320065 38.135948 8.810175
v 4.899830 38.142490 8.942353
v 5.057639 38.130295 8.714835
v 4.340620 38.304150 8.693873
v 5.357475 37.610344 9.160198
v 5.273804 36.786983 9.290952
v 5.485625 37.428104 8.879101
v 5.157298 37.004478 9.549377
v 4.550733 36.596127 9.700335
v 4.631997 36.354820 9.450711
v 4.682795 36.210243 9.124254
v 3.953692 36.190510 8.966309
v 3.860514 36.334019 9.283558
v 3.821631 36.576286 9.542468
v 3.443194 36.568531 8.573462
v 3.320327 36.734097 8.867807
v 3.311131 36.954418 9.149540
v 3.390162 37.167633 8.129378
v 3.264221 37.367992 8.397944
v 3.258100 37.553516 8.705458
v 3.819412 37.707333 7.841951
v 3.718435 37.938999 8.093836
v 3.687349 38.093212 8.418030
v 4.398046 38.320942 8.421766
v 3.374129 37.653400 8.934443
v 3.738066 38.110981 8.690759
v 3.567983 37.629612 8.997370
v 3.851191 37.985600 8.807787
v 3.765632 37.491013 8.870310
v 3.983526 37.764992 8.724391
v 3.891573 37.290653 8.601746
v 4.084502 37.533337 8.472497
v 4.403943 37.635700 8.474168
v 4.115588 37.379124 8.148303
v 3.897698 37.105122 8.294219
v 3.816661 36.609959 8.358238
v 3.924604 36.801136 8.519587
v 3.781664 37.005264 8.065236
v 3.632761 36.521217 8.378750
v 3.587812 37.029034 8.002319
v 4.064877 37.361225 7.875649
v 4.533764 37.511600 7.878045
v 4.476327 37.494694 8.150217
v 3.951749 37.486614 7.758632
v 4.554303 37.679787 7.761749
v 4.065602 36.200581 8.711926
v 4.153457 36.360523 8.617467
v 4.683763 36.217304 8.845825
v 5.289361 36.618595 8.973300
v 4.634505 36.373524 8.721661
v 4.553827 36.619183 8.799220
v 4.183749 36.609154 8.719042
v 4.144861 36.851536 8.977885
v 3.915396 37.021450 8.801303
v 3.792548 37.186901 9.095732
v 4.051666 36.995045 9.295133
v 3.602979 37.234325 9.290360
v 3.419075 37.145576 9.310897
v 3.939774 36.984886 9.549590
v 3.851904 36.824924 9.644055
v 4.470079 36.841671 9.777948
v 6.305254 33.143963 1.530172
v 5.992801 33.935688 2.407501
v 6.097774 33.724438 2.550199
v 6.227606 32.914978 1.643598
v 6.437581 32.341911 0.619879
v 6.512721 32.563473 0.510131
v 6.203556 33.348595 1.391939
v 5.970129 33.433147 1.293580
v 5.751863 34.022930 2.305995
v 6.414315 32.761486 0.376373
v 6.188399 32.843346 0.281161
v 5.714181 33.358086 1.281093
v 5.940674 32.770668 0.269094
v 5.555468 33.158436 1.360381
v 5.787079 32.577511 0.345787
v 5.568262 32.927704 1.494287
v 5.799450 32.354263 0.475353
v 5.746555 32.773914 1.620122
v 5.972019 32.205360 0.597174
v 6.006949 32.768925 1.679068
v 6.224043 32.200401 0.654300
v 6.017611 33.488163 2.667226
v 5.789881 33.337315 2.703900
v 5.572793 33.905727 3.728733
v 5.521110 33.342449 2.643066
v 5.807634 34.061245 3.690938
v 5.597661 34.634319 4.714636
v 5.682810 34.885403 4.590264
v 5.890291 34.304920 3.570240
v 5.571309 35.109791 4.438689
v 5.782065 34.522694 3.423137
v 5.315344 35.202534 4.330821
v 5.533594 34.612736 3.318413
v 5.261172 34.532772 3.305164
v 5.034666 35.120167 4.317159
v 4.960458 35.311604 4.644808
v 5.244655 35.395020 4.658633
v 4.860637 34.901283 4.404074
v 4.874655 34.648251 4.550920
v 5.092244 34.320385 3.389487
v 4.784208 35.089985 4.732800
v 4.704309 35.287258 5.076613
v 4.882834 35.511845 4.987422
v 4.798405 34.833851 4.881449
v 4.718682 35.027771 5.227206
v 4.996403 34.663021 5.021216
v 5.070179 34.479637 4.688896
v 5.355725 34.474133 4.753555
v 5.295646 33.910992 3.666020
v 5.105858 34.074818 3.532002
v 5.337053 33.501259 2.513137
v 5.323860 33.739349 2.374960
v 5.487681 33.945366 2.293157
v 5.285538 34.657417 5.086708
v 5.460337 35.013470 5.395146
v 5.212154 34.849083 5.435108
v 4.919250 34.854755 5.368769
v 4.753329 35.278851 6.127042
v 4.549842 35.454487 5.983361
v 4.587384 35.703056 6.885267
v 4.535239 35.717747 5.830571
v 4.380987 35.881084 6.739602
v 4.421463 36.127159 7.643538
v 4.212131 36.307796 7.495752
v 4.366186 36.148159 6.584604
v 4.716378 35.945477 5.740160
v 4.197122 36.578533 7.338625
v 4.549913 36.379242 6.492839
v 4.846193 36.466152 6.507282
v 5.008471 36.031246 5.754348
v 4.383456 36.812885 7.245569
v 4.028069 37.009048 8.092578
v 4.216994 37.246635 7.998241
v 4.683919 36.901062 7.260193
v 4.521658 37.335968 8.013131
v 4.957952 36.801849 7.375638
v 5.116413 36.368298 6.621133
v 5.274862 35.934704 5.866624
v 5.390906 35.701199 6.024360
v 5.234115 36.131416 6.781143
v 5.302297 35.439907 6.153786
v 5.077327 36.561604 7.537920
v 5.144237 35.866352 6.912441
v 4.986181 36.292789 7.671077
v 5.050493 35.273170 6.194305
v 4.888816 35.697163 6.953572
v 4.727155 36.121246 7.712768
v 4.828117 36.719341 8.429649
v 4.565477 36.545330 8.471964
v 4.165751 36.780323 8.811769
v 4.478136 36.774403 8.882452
v 4.255543 36.551243 8.401819
v 3.951836 36.964993 8.660708
v 4.043295 36.734386 8.251983
v 3.936495 37.241711 8.500111
v 4.126896 37.481121 8.405055
v 4.433959 37.571239 8.419998
v 4.713996 37.469845 8.537994
v 4.799507 37.235416 8.130139
v 4.835973 37.224380 8.703783
v 4.920538 36.991810 8.294688
v 4.742834 36.949734 8.839828
v 5.547695 35.271008 5.267584
v 5.433306 35.501156 5.112115
v 5.170734 35.596218 5.001500
v 2.840340 38.031162 9.098366
v 3.089796 38.160480 8.766007
v 3.234461 37.741875 8.830979
v 2.846817 38.806034 8.974799
v 2.494333 38.589100 9.454937
v 2.657865 37.792286 9.654818
v 2.502099 37.588909 10.378243
v 3.081401 37.349941 9.315815
v 2.884804 37.152924 9.873008
v 2.309619 38.319290 10.019942
v 2.161859 39.420589 10.070729
v 1.948551 39.103001 10.649329
v 2.186247 38.075558 10.830859
v 2.532000 37.460857 10.852868
v 2.253938 37.959332 11.328596
v 1.973076 38.739815 11.364305
v 2.092019 38.605556 11.759470
v 1.986917 39.205936 12.168820
v 1.818004 39.383625 11.931082
v 1.718300 40.338276 12.247728
v 1.724014 39.781479 11.441005
v 1.811007 39.859188 12.539554
v 1.929244 40.211773 13.276542
v 2.009284 39.672192 12.676105
v 1.855651 40.624142 13.121795
v 1.795466 40.867542 12.027237
v 1.842561 41.128487 13.030792
v 2.037114 40.736324 13.849044
v 2.018650 41.122066 13.879455
v 2.162132 41.516506 13.935455
v 2.333667 41.276722 14.661819
v 2.241492 41.058636 14.554029
v 2.242946 40.758526 14.478910
v 2.519757 41.012707 15.179337
v 2.936543 40.651386 15.676291
v 2.729854 40.526485 15.589166
v 2.433169 40.680523 14.993635
v 2.719370 41.182449 15.240847
v 2.918988 41.234646 15.230977
v 2.604166 41.480015 14.784198
v 2.929287 41.573654 14.823934
v 3.115168 41.236164 15.295602
v 3.265953 41.569836 14.875746
v 3.491239 41.973293 14.069560
v 2.504628 41.839390 13.933075
v 2.996987 41.988274 13.927744
v 2.488539 41.982845 12.887532
v 3.121602 42.158886 12.859534
v 3.747413 42.153698 13.061680
v 4.479060 41.817078 12.397166
v 3.961565 42.057011 12.143045
v 4.203902 41.923100 13.260426
v 4.911510 41.290447 12.458302
v 4.531961 41.493481 13.402843
v 3.892777 41.751385 14.174872
v 4.143984 41.410507 14.173470
v 3.602703 41.448952 14.837378
v 3.773986 41.266628 14.766026
v 3.361152 41.126911 15.295730
v 3.184176 40.588146 15.652016
v 3.577887 40.835888 15.151992
v 3.871182 40.979523 14.704149
v 3.933644 40.679394 14.674441
v 4.235887 41.034756 14.153208
v 4.278276 40.681927 14.173747
v 4.191274 40.528736 14.179911
v 4.625833 40.577755 13.649574
v 4.473463 40.379757 13.700308
v 4.285644 40.299301 13.691393
v 4.650628 39.944302 13.093713
v 4.852871 40.058109 13.069486
v 4.922877 39.523674 12.685208
v 5.130867 39.632633 12.603744
v 5.024283 40.295284 12.984071
v 4.627480 41.000324 13.505243
v 5.304442 39.856800 12.413389
v 5.062757 40.792171 12.710394
v 5.418228 40.282848 11.952055
v 5.471907 39.869812 10.528641
v 5.598552 39.598366 11.154264
v 5.279575 40.704235 11.434303
v 5.097182 40.542027 10.223162
v 4.907945 41.136440 10.909904
v 4.729712 41.592392 11.735678
v 4.185079 41.745426 11.312120
v 4.379374 41.292660 10.519774
v 3.608511 41.275551 10.206498
v 4.505359 40.683163 9.779367
v 3.796094 40.667576 9.446909
v 5.257434 39.867664 9.697243
v 3.966585 39.990128 8.879103
v 4.649171 39.947376 9.166190
v 5.289556 39.137550 9.312723
v 4.123668 39.219311 8.499874
v 4.765690 39.202877 8.794189
v 4.866612 38.468800 8.700812
v 5.288733 38.458927 9.070197
v 4.300240 37.562599 8.848843
v 4.230147 38.436928 8.497725
v 4.995912 37.842438 8.946995
v 5.246715 38.014984 9.109344
v 5.548684 38.184628 10.054725
v 5.465333 38.387432 9.461496
v 5.361932 37.659451 9.631296
v 5.128571 37.466221 9.435854
v 4.212950 37.058926 9.973993
v 5.210099 37.266918 10.068241
v 4.304879 37.150509 9.219613
v 3.400556 37.231686 9.196810
v 3.208433 36.995251 9.791338
v 3.555552 37.646950 8.747742
v 3.577250 38.293804 8.522447
v 3.453930 39.024837 8.612730
v 3.268053 39.759933 8.975131
v 3.045441 40.485020 9.577406
v 2.583066 39.504688 9.327285
v 2.415054 40.178001 9.852127
v 1.880468 40.242908 10.964084
v 2.251958 40.775967 10.542485
v 2.805430 41.079052 10.302036
v 2.077809 41.232479 11.368823
v 2.655918 41.537895 11.100578
v 2.560155 41.866806 11.949183
v 3.263297 42.072720 11.919770
v 3.426335 41.742931 11.064816
v 2.075140 41.490822 12.064616
v 2.072442 41.633816 12.965567
v 4.131459 37.188152 10.436263
v 2.943504 37.132969 10.484910
v 2.692219 37.257732 10.461274
v 2.683555 37.458027 11.041712
v 3.942991 37.614208 11.380650
v 3.805470 38.201675 11.798455
v 5.242493 37.805332 11.395702
v 5.234883 37.443958 10.801888
v 5.447271 37.500698 10.227492
v 5.441629 37.630878 10.841619
v 5.432672 37.854534 11.254139
v 5.553493 38.003029 10.800372
v 5.598459 38.538662 11.302895
v 5.433344 38.390842 11.768424
v 5.217671 38.376732 11.961496
v 5.095696 38.962898 12.337895
v 5.299591 39.040890 12.203192
v 3.554748 39.337994 12.495942
v 3.435410 39.779381 12.925597
v 2.265640 38.578800 11.946394
v 2.406223 37.995167 11.572568
v 2.220207 39.614452 12.757492
v 2.186617 39.152317 12.306679
v 2.108853 40.058842 13.373191
v 2.306214 40.030647 13.417568
v 2.407111 40.218395 13.911716
v 2.203755 40.258991 13.904962
v 3.294584 40.179443 13.551108
v 3.205889 40.330437 14.044145
v 4.011460 40.436131 14.133658
v 3.742687 40.457428 14.607864
v 3.889597 40.534016 14.642417
v 3.620258 40.475750 15.025547
v 3.627104 40.611858 15.075393
v 3.281260 40.394749 15.350661
v 3.267734 40.474697 15.481482
v 2.989151 40.305031 15.635838
v 2.946784 40.418919 15.830271
v 2.770733 40.325459 15.280038
v 2.650196 40.292976 14.866502
v 3.086240 40.344959 14.894770
v 3.511851 40.409924 14.985702
v 2.727503 40.401386 15.406746
v 2.466555 40.454342 14.914851
v 2.358884 40.326267 14.430664
v 2.521795 40.326656 14.873595
v 2.271456 40.453815 14.444495
v 2.084616 40.384212 13.870280
v 2.524398 40.292084 14.439329
v 3.144508 40.341885 14.476557
v 5.480165 39.215794 11.849466
v 5.636496 38.770809 10.480173
v 5.545237 39.003159 9.876995
v 9.149713 3.428201 -9.634038
v 9.149713 4.665859 -9.634038
v 10.013384 3.428201 -10.437182
v 1.503912 3.428200 -13.886078
v 12.836008 3.428203 -1.699974
v 11.154755 3.428206 6.885567
v 14.006809 3.428203 -1.842079
v 12.836008 4.665860 -1.699974
v 11.154755 4.665863 6.885566
v 4.748140 4.665863 12.843201
v 4.748140 3.428206 12.843201
v -3.936727 4.665863 13.897314
v -3.936727 3.428206 13.897314
v -11.582531 4.665863 9.645272
v -11.582531 3.428205 9.645272
v -15.268824 4.665860 1.711210
v -13.587574 4.665859 -6.874331
v -15.268824 3.428203 1.711210
v -13.587574 3.428201 -6.874331
v -16.439623 3.428203 1.853314
v -14.618298 3.428201 -7.447546
v -12.446201 3.428206 10.448416
v -17.059832 1.974315 1.928591
v -12.903711 1.974317 10.873868
v -15.164310 1.974313 -7.751194
v -16.439623 1.005058 1.853314
v -14.618298 1.005054 -7.447546
v -12.446199 1.005060 10.448418
v -4.163374 1.005060 15.054726
v -4.283438 1.974319 15.667844
v 5.245087 1.005060 13.912787
v 12.185480 1.005060 7.458781
v 5.508335 1.974319 14.479380
v 12.731485 1.974317 7.762432
v 5.245087 3.428207 13.912787
v -4.163374 3.428207 15.054726
v 12.185480 3.428206 7.458780
v 14.627020 1.974315 -1.917356
v 14.006811 1.005058 -1.842077
v 10.470896 1.974313 -10.862630
v 10.013384 1.005054 -10.437182
v 1.850622 1.974312 -15.656607
v 1.730562 3.428199 -15.043489
v 1.730562 1.005054 -15.043489
v -7.941150 1.974312 -14.468143
v -7.677906 3.428199 -13.901552
v -7.677906 1.005054 -13.901552
v -7.180955 3.428200 -12.831963
v -7.180955 4.665857 -12.831963
v 1.503912 4.665857 -13.886078
v -11.889183 29.700495 -0.635733
v -11.742720 29.836340 -0.626584
v -11.845669 29.459150 -0.438331
v -11.821062 29.459150 -0.845330
v -11.805004 29.471979 -1.159753
v -11.672482 29.587479 -0.842711
v -11.655920 29.600706 -1.166928
v -11.483656 29.536669 -0.824934
v -11.467600 29.549498 -1.139357
v -11.551779 29.778013 -0.615336
v -11.508263 29.536669 -0.417933
v -11.530195 29.549498 -0.103866
v -11.697851 29.587479 -0.423033
v -11.720469 29.600706 -0.099182
v -11.754700 29.217150 1.924788
v -11.867599 29.471979 -0.124263
v -11.900797 29.100008 1.838565
v -11.834404 28.514563 2.965275
v -11.686237 28.613466 3.086595
v -11.772142 28.086252 3.563171
v -11.622036 28.171812 3.703115
v -11.744429 27.823711 4.102548
v -11.513437 26.846447 3.995584
v -11.593460 27.901094 4.259294
v -11.355274 26.893389 4.148998
v -11.407026 27.901232 4.122944
v -11.434740 28.163771 3.583568
v -11.176031 26.923965 4.015981
v -10.924604 25.863005 3.889073
v -11.096012 25.799379 4.018137
v -10.674522 24.809977 3.754280
v -10.838139 24.713549 3.879145
v -10.542303 24.251535 3.689482
v -10.701803 24.137712 3.812328
v -10.458258 23.894978 3.654317
v -10.615137 23.770048 3.776068
v -10.441820 23.827005 3.640695
v -10.451019 23.883091 3.579798
v -10.598186 23.699957 3.762021
v -10.597878 23.748901 3.570921
v -10.779222 23.749485 3.620298
v -10.795660 23.817459 3.633920
v -10.788425 23.805573 3.559402
v -10.790289 23.857924 3.391255
v -10.598822 23.797245 3.402830
v -10.811218 24.028326 3.089885
v -10.849113 24.275120 2.778738
v -10.619759 23.967649 3.101460
v -10.657646 24.214443 2.790311
v -10.473818 24.105844 3.110282
v -10.452883 23.935442 3.411652
v -10.511705 24.352638 2.799134
v -10.564877 24.616476 2.675926
v -10.710815 24.478279 2.667103
v -10.584461 24.736078 2.545363
v -10.589428 24.802868 2.373701
v -10.730400 24.597883 2.536541
v -10.921865 24.658560 2.524967
v -10.735369 24.664671 2.364879
v -10.926834 24.725349 2.353305
v -10.730097 24.716698 2.079926
v -10.706535 24.688955 1.795618
v -10.584158 24.854895 2.088749
v -10.921562 24.777376 2.068352
v -10.897997 24.749632 1.784044
v -10.844530 24.603788 1.453853
v -10.654554 24.532919 1.528756
v -10.800838 24.437075 1.364655
v -10.724499 24.155210 1.173144
v -10.620476 24.408966 1.436116
v -10.541761 24.118319 1.238639
v -10.463432 24.514595 1.385052
v -10.387096 24.232729 1.193541
v -10.507128 24.681307 1.474251
v -10.560595 24.827150 1.804440
v -10.307743 23.963293 0.904931
v -10.264345 23.818632 0.736771
v -10.459940 23.840494 0.941040
v -10.645149 23.885775 0.884534
v -10.415186 23.691324 0.767641
v -10.601749 23.741114 0.716373
v -10.364384 23.539492 0.504347
v -10.215080 23.671387 0.481431
v -10.552483 23.593868 0.461034
v -10.312927 23.441463 0.025679
v -10.502579 23.498800 -0.003175
v -10.284369 23.420679 -0.367708
v -10.165176 23.576319 0.017223
v -10.137484 23.556162 -0.364280
v -10.124847 23.544538 -0.529076
v -10.116394 23.556162 -0.713066
v -10.271341 23.408693 -0.537636
v -10.262630 23.420679 -0.727358
v -10.462252 23.467020 -0.549472
v -10.474886 23.478643 -0.384676
v -10.453800 23.478643 -0.733462
v -10.435333 23.498800 -1.115522
v -10.428955 23.593866 -1.582363
v -10.243587 23.441462 -1.121319
v -10.237009 23.539492 -1.602699
v -10.097929 23.576319 -1.095125
v -10.091551 23.671387 -1.561965
v -10.109697 23.818632 -1.821381
v -10.255720 23.691322 -1.870196
v -10.132526 23.963293 -1.993544
v -10.176531 24.232729 -2.289611
v -10.279263 23.840492 -2.047722
v -10.469933 23.885775 -2.013941
v -10.324638 24.118319 -2.353011
v -10.513937 24.155209 -2.310008
v -10.378988 24.408966 -2.558533
v -10.405306 24.548847 -2.654825
v -10.566647 24.437075 -2.509321
v -10.229240 24.514595 -2.488924
v -10.261873 24.681307 -2.582737
v -10.275177 24.827150 -2.916963
v -10.421118 24.688955 -2.925785
v -10.264317 24.854895 -3.202039
v -10.410255 24.716698 -3.210860
v -10.235224 24.802868 -3.485551
v -10.381163 24.664671 -3.494373
v -10.209616 24.736078 -3.655364
v -10.174442 24.616474 -3.782618
v -10.355553 24.597883 -3.664187
v -10.320381 24.478277 -3.791440
v -10.547018 24.658560 -3.675763
v -10.511847 24.538956 -3.803015
v -10.572628 24.725349 -3.505949
v -10.601721 24.777376 -3.222434
v -10.612581 24.749632 -2.937361
v -10.599276 24.603788 -2.603133
v -10.444220 24.275118 -3.918920
v -10.369125 24.028326 -4.223236
v -10.252758 24.214441 -3.907344
v -10.106817 24.352636 -3.898523
v -10.177660 23.967649 -4.211662
v -10.031721 24.105844 -4.202841
v -10.120577 23.797245 -4.508315
v -10.079189 23.679966 -4.747190
v -10.312044 23.857924 -4.519890
v -9.974638 23.935442 -4.499495
v -9.952534 23.883091 -4.666191
v -9.937365 23.831011 -4.719149
v -10.071249 23.663841 -4.817245
v -9.936056 23.827003 -4.725534
v -10.069519 23.666700 -4.856752
v -9.937330 23.833876 -4.730594
v -10.077986 23.707043 -4.870031
v -9.950741 23.894978 -4.741039
v -10.029936 24.251535 -4.786073
v -10.091812 23.770048 -4.880801
v -10.288143 23.817457 -4.761436
v -10.173473 24.137712 -4.927237
v -10.367340 24.174017 -4.806468
v -10.300772 24.713549 -5.009992
v -10.540022 25.799379 -5.179037
v -10.490789 24.732456 -4.886724
v -10.153385 24.809975 -4.866326
v -10.385408 25.863005 -5.030264
v -10.619719 26.923964 -5.186535
v -10.781630 26.893389 -5.340175
v -10.836145 27.901230 -5.320548
v -10.928629 28.163771 -4.788439
v -11.004797 27.901094 -5.478363
v -11.100166 28.171812 -4.929677
v -11.173550 27.823709 -5.340944
v -10.957123 26.846445 -5.206932
v -11.266035 28.086250 -4.808835
v -11.399868 28.514563 -4.222793
v -11.238165 28.613466 -4.325379
v -11.601507 29.100008 -3.112286
v -11.446087 29.217150 -3.180280
v -11.264103 29.177528 -3.091890
v -11.062462 28.592081 -4.202396
v -10.722815 25.785486 -5.050661
v -10.274736 23.756355 -4.750990
v -10.273464 23.749485 -4.745933
v -10.270655 23.735518 -4.739297
v -10.280890 23.766050 -4.686041
v -10.447104 23.741112 -1.841777
v -10.902283 24.538958 2.655529
v -10.879709 24.174017 3.669086
v -11.011925 24.732458 3.733883
v -11.262009 25.785486 3.868676
v -11.496998 28.592081 2.985672
v -11.563393 29.177528 1.858961
v 7.993628 29.700495 5.443074
v 7.867449 29.836340 5.368153
v 8.044903 29.459152 5.247544
v 7.837435 29.459152 5.598558
v 7.679780 29.471979 5.871073
v 7.706390 29.587481 5.528480
v 7.543826 29.600708 5.809484
v 7.546443 29.536671 5.426566
v 7.702636 29.778013 5.271082
v 7.388788 29.549498 5.699080
v 6.317422 29.177530 7.344063
v 5.631627 28.592081 8.240482
v 6.439085 29.217150 7.505709
v 5.731928 28.613466 8.430052
v 6.608412 29.100010 7.516056
v 5.922619 28.514563 8.412477
v 5.536302 28.086252 8.873036
v 5.333578 28.171812 8.904957
v 5.211374 27.823711 9.304447
v 5.079856 26.846447 9.086497
v 4.998529 27.901094 9.349808
v 4.920383 27.901232 9.132455
v 4.862913 26.893389 9.125071
v 4.721353 25.799379 8.871494
v 4.788864 26.923965 8.914507
v 4.651579 25.863005 8.668591
v 4.519825 24.809977 8.416896
v 4.585494 24.713549 8.611958
v 4.446544 24.251535 8.289182
v 4.509932 24.137712 8.480265
v 4.396591 23.894978 8.212991
v 4.458423 23.770048 8.401704
v 4.389422 23.833876 8.197582
v 4.451029 23.707043 8.385814
v 4.390594 23.827005 8.192498
v 4.449548 23.666700 8.370135
v 4.394671 23.831013 8.187412
v 4.469102 23.663843 8.335763
v 4.432315 23.883091 8.147195
v 4.508110 23.679966 8.277034
v 4.527993 23.935442 8.008911
v 4.714057 24.105846 7.770915
v 4.653860 23.797247 8.083304
v 4.839921 23.967649 7.845308
v 4.818985 23.857924 8.180903
v 4.715505 23.766050 8.314575
v 5.005048 24.028326 7.942905
v 5.210638 24.275120 7.706304
v 5.323670 24.538958 7.633979
v 5.045513 24.214443 7.608706
v 5.158544 24.478279 7.536380
v 4.919648 24.352638 7.534311
v 5.032680 24.616476 7.461986
v 5.122004 24.736078 7.364767
v 5.222224 24.802870 7.225310
v 5.247868 24.597883 7.439160
v 5.412996 24.658560 7.536760
v 5.348089 24.664673 7.299704
v 5.513216 24.725351 7.397301
v 5.503248 24.716700 7.060639
v 5.642892 24.688955 6.811872
v 5.377383 24.854895 6.986246
v 5.668376 24.777376 7.158238
v 5.808019 24.749632 6.909471
v 5.948570 24.603788 6.605941
v 5.752366 24.548849 6.563506
v 5.962303 24.437077 6.507571
v 6.006267 24.155210 6.306147
v 5.772849 24.408968 6.465809
v 5.818181 24.118319 6.258111
v 5.671311 24.514597 6.335578
v 5.715274 24.232729 6.134156
v 5.657578 24.681307 6.433949
v 5.517029 24.827150 6.737479
v 5.811101 23.963295 5.850590
v 5.869282 23.818632 5.686954
v 5.916994 23.840494 5.965714
v 5.976987 23.691324 5.796981
v 6.102095 23.885775 6.022582
v 6.160274 23.741114 5.858947
v 6.262403 23.593868 5.619792
v 6.480935 23.498800 5.207211
v 6.082296 23.539494 5.550376
v 6.307637 23.441463 5.124942
v 5.971410 23.671387 5.447799
v 6.189943 23.576319 5.035218
v 6.380579 23.556162 4.703602
v 6.471992 23.544538 4.543702
v 6.504210 23.420679 4.782997
v 6.598468 23.408693 4.618117
v 6.671569 23.478643 4.875595
v 6.762982 23.467020 4.715695
v 6.849363 23.478643 4.574787
v 6.687541 23.420679 4.472818
v 7.047957 23.498800 4.247875
v 6.892320 23.441463 4.135724
v 7.304028 23.593868 3.857479
v 7.464295 23.741114 3.652688
v 7.156368 23.539494 3.733167
v 7.013036 23.671387 3.685488
v 7.321629 23.691324 3.521997
v 7.440521 23.840494 3.388077
v 7.173303 23.818632 3.480695
v 7.288604 23.963293 3.350822
v 7.490817 24.232729 3.130135
v 7.649033 24.118319 3.160517
v 7.646078 24.514597 2.994495
v 7.809129 24.408968 3.020651
v 7.725635 24.681307 2.935031
v 7.881697 24.532921 2.953740
v 7.923772 24.827150 2.665538
v 8.049637 24.688955 2.739931
v 8.074371 24.854895 2.423245
v 8.208988 24.802870 2.172040
v 8.200237 24.716700 2.497639
v 8.365364 24.777376 2.595238
v 8.334854 24.664673 2.246433
v 8.499980 24.725351 2.344032
v 8.408701 24.597883 2.091388
v 8.450800 24.478279 1.966256
v 8.573828 24.658560 2.188987
v 8.282835 24.736078 2.016995
v 8.324935 24.616476 1.891863
v 8.333790 24.352638 1.757965
v 8.441933 24.105844 1.463765
v 8.459656 24.214443 1.832358
v 8.624783 24.275120 1.929958
v 8.567801 23.967649 1.538158
v 8.732926 24.028326 1.635758
v 8.686579 23.797245 1.260393
v 8.762381 23.748901 1.110360
v 8.851706 23.857924 1.357992
v 8.560715 23.935442 1.186000
v 8.635723 23.883091 1.035499
v 8.655296 23.827005 0.977106
v 8.849785 23.699957 0.940419
v 8.676140 23.894978 0.972476
v 8.766973 24.251535 0.979499
v 8.871278 23.770048 0.935647
v 8.967131 23.817459 1.144469
v 8.964941 24.137712 0.942889
v 9.057966 24.174017 1.151493
v 9.116747 24.713549 0.945585
v 9.409630 25.799379 0.939457
v 9.205186 24.732458 1.154107
v 8.914194 24.809977 0.982114
v 9.198229 25.863005 0.976171
v 9.479862 26.923965 0.977861
v 9.734219 27.901232 0.987984
v 9.700039 26.893389 0.941200
v 9.770855 26.846447 1.149854
v 9.962317 27.901094 0.951637
v 9.734159 28.171812 1.459667
v 10.025211 27.823711 1.159977
v 9.803947 28.086252 1.652660
v 9.586748 28.514563 2.213179
v 9.510197 28.613466 2.037646
v 9.132118 29.100010 3.246230
v 8.207624 29.471979 4.978022
v 9.041405 29.217150 3.102878
v 8.088110 29.600708 4.888615
v 8.841127 29.177530 3.074237
v 7.916633 29.549498 4.806029
v 9.295757 28.592081 2.041186
v 9.512955 28.163771 1.480667
v 7.753912 29.536671 5.075551
v 7.920323 29.587481 5.166532
v 9.489220 25.785486 1.148165
v 8.946288 23.749485 1.149097
v 8.926716 23.805573 1.207492
v 8.615925 24.538958 2.063856
v 8.214766 24.749632 2.837531
v 8.016626 24.603788 3.107024
v 7.937070 24.437077 3.166488
v 7.781809 24.155210 3.302128
v 7.579597 23.885775 3.522815
v 6.756965 23.576319 4.075883
v 6.558372 23.556162 4.402794
v 4.682114 23.735518 8.357307
v 4.681586 23.749487 8.364491
v 4.680415 23.756357 8.369576
v 4.687583 23.817459 8.384983
v 4.737536 24.174017 8.461172
v 4.810816 24.732458 8.588888
v 4.942572 25.785486 8.840585
v 5.245309 28.163771 8.701044
v 11.147413 35.126530 -0.293062
v 11.454826 34.726376 0.233884
v 11.289125 34.797405 0.256989
v 11.007574 35.170750 -0.152642
v 10.618786 35.720333 -0.493944
v 10.741268 35.699268 -0.696796
v 11.445980 36.860859 -0.294331
v 10.998106 37.554630 -0.939916
v 9.852482 37.014267 -1.425072
v 10.094004 38.745449 -1.632034
v 9.836014 36.948879 -1.138037
v 11.661524 36.557644 0.180563
v 11.520769 34.627720 0.786210
v 11.777433 36.342594 0.800638
v 11.592739 36.557644 1.404198
v 11.325333 36.860859 1.851927
v 11.393320 34.726376 1.328032
v 11.360844 34.693188 0.777220
v 11.028790 35.126530 1.817223
v 11.231255 34.797405 1.286519
v 10.905569 35.170750 1.661999
v 10.480980 35.720333 1.957579
v 10.579952 35.699268 2.172896
v 9.615149 37.014267 2.796976
v 9.630955 36.948879 2.509887
v 10.807928 37.554630 2.443269
v 9.831730 38.745449 3.033740
v 10.099955 39.019756 -1.969165
v 10.318869 39.024235 -1.886036
v 9.899311 38.914761 -2.044367
v 10.265329 38.834381 -1.936733
v 10.060465 38.879547 -2.008004
v 10.001457 38.672886 -2.050325
v 10.206102 38.627872 -1.975183
v 10.136856 38.390656 -1.997576
v 10.358244 38.341362 -1.882839
v 10.424099 38.579475 -1.868585
v 10.533064 38.302269 -1.777052
v 10.663113 38.746143 -1.744473
v 10.602936 38.539619 -1.766057
v 10.480478 38.786785 -1.838764
v 10.518297 38.927376 -1.810586
v 10.727905 38.511608 -1.692926
v 10.701824 38.264610 -1.670490
v 10.589739 38.047615 -1.688142
v 10.411278 37.898167 -1.746962
v 10.465168 38.075474 -1.768652
v 10.294029 38.113667 -1.874665
v 10.069500 38.163723 -1.998496
v 10.197872 37.842201 -1.846566
v 10.217352 37.847393 -1.837553
v 9.986797 37.889431 -1.976942
v 9.813278 38.031570 -2.092824
v 9.705887 38.244106 -2.148615
v 9.865845 38.208893 -2.090951
v 9.932590 38.435688 -2.079199
v 9.840439 38.708248 -2.089130
v 9.771944 38.471035 -2.124633
v 9.751863 38.727474 -2.102176
v 9.683601 38.490257 -2.142117
v 9.800093 39.019756 3.365259
v 9.756500 38.879547 3.399429
v 9.968061 38.834381 3.351565
v 10.026945 39.024235 3.307187
v 9.592285 38.914761 3.417501
v 9.528767 38.708248 3.455384
v 9.439287 38.727474 3.458437
v 9.693119 38.672886 3.434869
v 9.621450 38.435688 3.455844
v 9.904896 38.627872 3.383135
v 9.833574 38.390656 3.397627
v 9.766542 38.163723 3.390993
v 10.003532 38.113667 3.293104
v 10.066429 38.341362 3.308424
v 10.133482 38.579475 3.301643
v 10.252003 38.302269 3.222896
v 10.185476 38.075474 3.206939
v 10.134357 37.898167 3.179346
v 10.318285 38.047615 3.140897
v 10.431641 38.264610 3.135920
v 10.455044 38.511608 3.161137
v 10.384882 38.746143 3.205097
v 10.322668 38.539619 3.219801
v 10.233572 38.927376 3.254564
v 10.192831 38.786785 3.278343
v 9.931499 37.847393 3.247634
v 9.911133 37.842201 3.254406
v 9.686775 37.889431 3.360307
v 9.501364 38.031570 3.456010
v 9.388393 38.244106 3.499432
v 9.553806 38.208893 3.460059
v 9.456724 38.470905 3.482988
v 9.366980 38.490257 3.490460
v 11.704502 38.954903 -0.699372
v 11.701836 38.733334 -0.714523
v 11.857327 38.719036 -0.523398
v 11.864294 39.027180 -0.492855
v 11.584555 38.747906 -0.839861
v 11.679773 38.466759 -0.719048
v 11.561413 38.481071 -0.845962
v 11.656078 38.255173 -0.716496
v 11.841438 38.451317 -0.529276
v 11.816729 38.157970 -0.511362
v 11.961916 38.227879 -0.312200
v 12.059875 38.437771 -0.188832
v 11.988842 38.437885 -0.316753
v 12.006809 38.706951 -0.314094
v 12.004440 38.932354 -0.310493
v 12.082422 38.707268 -0.191415
v 11.536842 38.954903 2.283206
v 11.401905 38.747906 2.409351
v 11.532497 38.733334 2.297948
v 11.718773 39.027180 2.095881
v 11.708427 38.719036 2.125453
v 11.880426 38.706951 1.934219
v 11.862274 38.437885 1.934848
v 11.691980 38.451317 2.129513
v 11.878475 38.932354 1.930375
v 11.969311 38.707268 1.820787
v 11.947193 38.437771 1.815694
v 11.836025 38.227879 1.927305
v 11.669436 38.157970 2.108927
v 11.486807 38.255173 2.294763
v 11.510065 38.466759 2.299970
v 11.378227 38.481071 2.412804
v 9.239540 35.096157 0.657977
v 9.239418 35.192364 0.172373
v 9.184864 35.192364 1.142867
v 9.388717 34.866329 0.666362
v 9.389050 34.866062 0.666381
v 9.438480 34.897217 1.479871
v 9.026575 35.546841 1.687989
v 8.766644 36.039841 1.834607
v 9.023827 35.591290 2.358098
v 9.496622 34.878994 2.223210
v 10.221844 33.898083 1.807134
v 9.680593 34.969975 2.494746
v 10.411184 34.007965 2.030915
v 10.706568 33.259480 1.602058
v 10.626011 34.248165 2.017168
v 10.884914 33.373108 1.708861
v 11.083805 33.008137 1.509521
v 11.229437 33.590057 1.594896
v 11.443211 33.267254 1.369191
v 10.865749 34.534191 1.982494
v 11.577597 33.396358 1.254300
v 11.566933 33.812511 1.344677
v 11.561823 34.201080 1.304568
v 11.656885 33.886936 0.793863
v 11.687674 33.243015 0.795593
v 11.629564 33.396358 0.329816
v 11.629099 33.812511 0.238799
v 11.619520 34.201084 0.278081
v 11.653778 34.124294 0.793689
v 11.678951 34.499126 0.795103
v 11.588509 34.604534 1.260647
v 11.641119 34.604534 0.324715
v 11.643576 34.764759 0.793115
v 11.583311 34.841717 1.179046
v 11.626810 34.841717 0.405218
v 11.092199 34.364590 0.762121
v 10.959795 34.459831 1.162852
v 9.155365 36.271061 0.653245
v 11.005407 34.459835 0.351437
v 10.643946 34.946430 -0.147745
v 11.288204 35.336166 -0.181203
v 9.137154 36.337833 0.100702
v 10.266420 35.729961 -0.608426
v 9.158981 39.061722 0.068809
v 9.167700 36.472218 -0.644619
v 9.412289 37.386616 -1.253047
v 9.850565 36.792637 -1.232043
v 9.266565 38.914738 -0.465360
v 9.567320 38.559338 -1.173607
v 10.153589 37.985405 -1.539757
v 10.275396 38.136944 -1.561012
v 10.466829 37.874714 -1.386603
v 10.410929 38.069698 -1.617702
v 10.606649 37.755962 -1.490839
v 10.696478 37.484982 -1.132973
v 11.176975 36.936695 -0.783711
v 11.025349 37.042202 -0.697478
v 10.850771 37.364838 -1.236690
v 10.703920 37.923431 -1.559828
v 10.965246 37.494366 -1.277545
v 11.416037 37.339046 -0.900337
v 11.044497 37.925591 -1.337311
v 11.286732 37.042755 -0.830781
v 11.576242 36.713139 -0.369398
v 11.490601 36.598061 -0.331140
v 11.555355 36.614819 0.167045
v 11.749262 36.375160 0.144126
v 11.289894 36.825294 -0.293968
v 11.834833 36.489056 0.155438
v 11.672421 36.414951 0.794737
v 11.846170 36.262241 0.804505
v 11.672421 36.414951 0.794737
v 11.675734 36.375156 1.452219
v 11.762032 36.489056 1.450570
v 11.919365 36.378582 0.808617
v 11.967117 36.673016 0.811304
v 12.088657 36.686066 0.025308
v 12.037186 36.665913 0.815239
v 11.999670 36.686066 1.608341
v 11.817295 36.863132 1.735385
v 11.921671 36.863132 -0.121393
v 11.891159 37.599594 -0.446838
v 12.137905 37.652134 0.179023
v 12.122463 37.031536 0.013091
v 12.222403 36.793274 0.113701
v 11.747965 36.972324 -0.426718
v 12.510321 36.588158 0.279616
v 12.381212 37.075336 0.218437
v 12.824270 37.061855 0.500784
v 12.919796 36.280087 0.570460
v 13.177689 35.827801 0.786911
v 13.218822 36.090099 0.754919
v 12.539726 36.304928 0.349259
v 12.910543 36.021469 0.609060
v 12.518862 36.296062 0.842317
v 12.922838 36.023529 0.865026
v 12.881802 36.021465 1.120361
v 13.167196 35.827801 0.973571
v 13.233206 35.809315 0.882473
v 13.282288 36.092709 0.885232
v 13.204485 36.090099 1.009972
v 13.164165 37.098949 0.878591
v 12.979780 38.106743 0.868228
v 13.085499 37.091145 0.691019
v 13.064842 37.091152 1.058542
v 12.783936 37.061855 1.218286
v 12.880623 38.099621 1.090274
v 12.606190 39.061146 1.128369
v 12.654552 37.996803 1.256616
v 12.419313 38.924145 1.366906
v 12.086309 37.826954 1.469648
v 12.065836 37.652134 1.461113
v 11.750504 37.599594 2.055362
v 12.312027 37.075336 1.449219
v 12.031895 37.031528 1.624271
v 11.809843 38.222820 2.034579
v 11.282198 38.729580 2.606159
v 11.286837 37.947674 2.553617
v 11.813242 38.315731 1.947763
v 11.970757 37.981014 1.524590
v 12.152992 38.815739 1.587757
v 12.035179 38.576229 1.606754
v 11.992569 39.162624 1.810278
v 12.080997 39.202618 1.749109
v 11.868740 39.881878 2.038023
v 11.862469 39.663631 2.084325
v 11.797171 39.589657 2.012432
v 11.844624 40.299191 1.918125
v 12.154749 39.707920 1.566603
v 12.274431 40.014332 1.297254
v 12.631664 39.453960 0.848657
v 12.326782 40.086159 1.233573
v 11.863285 40.821499 1.620875
v 11.858646 40.726555 1.680555
v 12.674599 39.122486 0.851072
v 12.637566 39.061146 0.570230
v 12.326824 40.014332 0.365210
v 12.371708 40.086155 0.434356
v 12.478600 38.924149 0.312236
v 11.969307 40.299191 -0.299913
v 12.238079 39.707920 0.084161
v 11.954536 40.821495 -0.002434
v 11.956615 40.726555 -0.062256
v 11.440821 41.207897 -0.411331
v 10.920040 41.452648 -0.668778
v 11.010138 40.926994 -0.947274
v 11.517801 40.749935 -0.644492
v 11.431374 41.309841 -0.361874
v 11.922274 40.951591 0.271463
v 11.369064 41.555996 0.014744
v 10.887506 41.589977 -0.609233
v 10.740433 41.917030 -0.244350
v 10.222841 41.615475 -1.003549
v 10.244259 41.471020 -1.020445
v 9.813471 41.391140 -1.239046
v 10.248587 41.089752 -1.308262
v 10.220627 40.641331 -1.513653
v 9.628222 41.099239 -1.533504
v 9.518055 40.613205 -1.800537
v 9.515669 41.127583 -1.616405
v 9.406330 40.674335 -1.872675
v 9.736572 41.519329 -1.279506
v 9.449814 41.705009 -1.152362
v 9.108791 41.762474 -0.716654
v 9.941124 42.028858 -0.467947
v 9.120855 41.203964 -1.587744
v 8.580927 41.268406 -0.911776
v 8.931416 40.707169 -1.796410
v 9.292986 40.124302 -2.006124
v 8.200555 39.830452 -1.465659
v 8.814112 40.144855 -1.935884
v 8.369139 40.640171 -1.120551
v 8.084417 40.648777 -0.322994
v 7.949691 39.736744 -0.413459
v 8.360325 39.161674 -1.640095
v 8.005821 38.660557 -0.436473
v 7.959762 40.656796 0.586039
v 7.822465 39.703091 0.578319
v 7.863008 38.673016 0.580599
v 7.890804 38.660557 1.609643
v 7.837604 39.736744 1.580481
v 7.968969 39.830452 2.654151
v 7.981624 40.648769 1.505671
v 8.175170 40.640171 2.330093
v 8.108182 39.161678 2.845395
v 8.559338 39.498211 3.324369
v 8.500807 39.771641 3.231416
v 7.949246 38.543442 2.787374
v 7.956837 39.231228 2.929846
v 7.694355 38.603619 2.831254
v 7.751958 37.777500 2.863008
v 7.261678 38.680340 3.394968
v 7.394727 38.147297 3.211363
v 7.787427 39.489613 3.084856
v 8.285870 39.725193 3.329864
v 7.578712 39.784130 3.423991
v 7.178573 39.198971 3.650523
v 7.151149 39.657558 3.937042
v 6.852717 39.073189 4.391362
v 6.885096 39.461014 4.473356
v 6.904145 39.903477 4.576286
v 7.141836 39.425068 4.706442
v 7.141114 38.964405 4.696150
v 7.203413 38.365589 4.740440
v 7.366550 39.329662 4.623549
v 7.484466 38.674786 4.678330
v 7.766128 37.868046 4.684514
v 7.847579 39.298756 4.282252
v 7.591238 39.780708 4.349850
v 8.052640 39.833248 3.918876
v 8.367508 39.421024 3.738489
v 8.207069 38.788349 4.163247
v 8.714165 39.050190 3.635499
v 8.669830 38.303699 3.771270
v 8.303489 37.477489 4.251725
v 8.942371 38.048824 3.643194
v 8.710043 37.390251 3.824187
v 8.243716 37.218060 4.095768
v 8.530453 37.174923 3.785136
v 8.934647 37.349098 3.567986
v 8.955147 36.897236 3.200936
v 8.791945 37.187771 3.459238
v 9.268723 37.103115 3.239563
v 9.817875 37.424816 3.217613
v 9.154998 37.890495 3.548201
v 9.696720 38.317696 3.419437
v 9.213622 38.612358 3.507828
v 9.030670 38.743328 3.548747
v 8.984232 39.318111 3.405858
v 9.532234 39.030590 3.421557
v 9.187195 39.214481 3.446002
v 9.760864 39.272846 3.355305
v 9.171856 39.638271 3.409602
v 9.170010 40.128292 3.295973
v 8.978245 39.697903 3.374186
v 9.720686 39.660107 3.247469
v 8.993947 40.124302 3.313661
v 9.240639 40.613209 3.134576
v 9.121533 40.674332 3.193753
v 8.525961 40.144855 3.190161
v 8.658155 40.707169 3.064747
v 8.869789 41.203964 2.878591
v 8.409016 41.268406 2.146407
v 8.261761 41.325020 1.421557
v 8.955426 41.762470 2.011654
v 9.245470 41.705009 2.482850
v 8.762611 41.845409 1.337300
v 9.810389 42.028858 1.857795
v 10.551836 42.071262 1.205574
v 10.629721 41.917027 1.725183
v 10.030302 41.615475 2.421609
v 9.651762 42.165737 1.267940
v 10.513386 42.104500 0.729583
v 9.616917 42.204952 0.679190
v 9.717390 42.165737 0.100414
v 8.841616 41.845409 -0.068143
v 8.740005 41.848324 0.629897
v 8.241299 41.342808 0.601863
v 8.353366 41.325020 -0.208017
v 10.604805 42.071262 0.263259
v 11.298923 41.697849 0.410939
v 11.254915 41.744167 0.771267
v 11.908897 40.966396 0.562472
v 11.258129 41.697849 1.136632
v 11.881245 40.966396 1.054399
v 11.924364 40.957947 0.808899
v 12.379635 40.189419 0.834492
v 12.573193 39.662586 0.845372
v 12.355532 40.170013 1.031405
v 12.377619 40.170013 0.638491
v 11.861921 40.951591 1.345073
v 11.303135 41.309841 1.919404
v 11.283426 41.555992 1.538193
v 10.734974 41.589977 2.104270
v 10.760630 41.452648 2.167068
v 10.049694 41.471020 2.440784
v 9.597122 41.391140 2.609729
v 10.021738 41.089752 2.727273
v 9.380037 41.099239 2.881585
v 10.818947 40.926994 2.453891
v 9.970938 40.641331 2.928239
v 10.478548 40.399426 2.814777
v 10.210575 40.376041 2.940143
v 10.853325 40.477428 2.662507
v 9.994423 40.218822 3.043869
v 9.880512 40.286747 3.043583
v 9.826860 40.076435 3.112022
v 9.899586 39.801228 3.180185
v 9.941420 39.985371 3.120062
v 9.902920 40.051441 3.205109
v 9.756887 40.320560 3.539031
v 9.841984 39.975552 3.289574
v 9.938766 40.250313 3.187738
v 10.090490 40.170700 3.204783
v 10.309032 40.065903 3.091123
v 10.175982 40.151409 3.104831
v 10.058289 40.021534 3.313867
v 10.179787 39.870258 3.161650
v 10.048569 39.671673 3.233264
v 10.173609 39.688862 3.109080
v 10.206339 39.827923 3.045131
v 10.314985 40.020504 2.956128
v 10.553492 40.071095 2.871641
v 10.344944 39.505104 3.059522
v 10.583822 40.133259 2.966938
v 10.851892 40.173641 2.790874
v 10.838770 40.085659 2.719511
v 10.391497 40.322124 3.155915
v 10.496424 40.369671 3.031350
v 10.146297 40.598110 3.346436
v 10.044214 40.678993 3.279876
v 9.948082 40.734013 3.347611
v 10.053518 40.661003 3.427495
v 10.062046 40.547604 3.347815
v 9.943214 40.620232 3.255678
v 10.151340 40.235001 3.179369
v 10.248341 40.251545 3.245961
v 10.788015 39.192932 2.864157
v 11.441486 40.011036 2.480034
v 11.377275 39.931484 2.400368
v 11.292704 38.815907 2.514174
v 11.377813 40.337433 2.409781
v 11.357346 40.749935 2.209929
v 11.306980 41.207897 1.969608
v 10.741238 39.127548 2.968972
v 10.276785 39.062790 3.203988
v 10.303135 39.454906 3.137883
v 10.818823 38.478741 2.924878
v 10.809378 37.925591 2.845342
v 10.442921 38.390636 3.151154
v 11.227551 37.339046 2.452757
v 10.446011 37.923431 3.028282
v 10.737326 37.494366 2.777067
v 11.106855 37.042755 2.369147
v 10.628149 37.364841 2.723659
v 11.003065 36.936695 2.310094
v 10.862057 37.042202 2.207406
v 11.365435 36.598057 1.895505
v 10.486450 37.484982 2.603281
v 10.229824 37.874714 2.829581
v 10.357082 37.755962 2.948845
v 9.140368 38.914742 1.779628
v 9.022036 36.472218 1.946675
v 9.093328 39.061726 1.236780
v 11.170156 36.825291 1.836072
v 9.359854 38.559338 2.517133
v 9.901396 37.985405 2.946682
v 10.020054 38.136944 2.981438
v 9.196898 37.386608 2.578663
v 9.567865 37.423626 2.876077
v 9.634764 36.792637 2.606931
v 10.372276 36.867744 2.589897
v 10.117889 35.729969 2.033846
v 10.681646 36.144131 2.217668
v 9.075212 36.337833 1.202626
v 10.544668 34.946423 1.618378
v 11.181118 35.336166 1.723844
v 11.176947 35.193722 1.857909
v 10.506676 35.775700 2.475406
v 10.653160 35.989964 2.389964
v 11.071596 34.898811 1.977580
v 10.203960 35.485115 2.538013
v 9.393287 36.081478 2.942405
v 9.957237 35.234852 2.537431
v 9.705873 36.285477 2.937572
v 10.071156 36.626804 2.897835
v 10.293497 36.803509 2.774719
v 10.073046 37.537838 3.094041
v 10.141462 37.916122 3.003131
v 10.174932 37.572285 2.912670
v 9.964354 38.124565 3.284684
v 10.148376 38.069695 3.052973
v 10.155319 38.283230 3.223330
v 10.088209 38.692074 3.309999
v 9.146265 35.799076 2.865578
v 8.669673 36.667721 3.198489
v 8.196209 37.414753 2.665692
v 8.450330 36.647289 2.471826
v 8.513487 37.081776 3.203029
v 8.163122 37.184490 3.088808
v 7.842775 37.287327 3.430432
v 7.506755 37.401791 3.782749
v 7.876799 37.307110 4.379505
v 7.590166 37.589108 4.685040
v 7.179199 37.619411 3.998192
v 7.003726 37.928242 4.227784
v 7.337034 38.023151 4.754533
v 6.797297 38.477375 4.285486
v 8.414689 36.874752 1.533998
v 8.599407 36.444603 1.781904
v 8.370487 37.060345 0.970559
v 8.061586 37.760906 1.596609
v 8.020027 37.835064 0.589423
v 8.410862 37.060341 0.252328
v 8.174067 37.760906 -0.404378
v 8.370470 37.092293 0.609125
v 8.427656 37.414753 -1.451644
v 8.517931 36.874752 -0.302609
v 8.195887 38.543442 -1.600250
v 7.947519 38.603619 -1.672433
v 8.008320 37.777500 -1.697520
v 7.566389 37.619411 -2.889740
v 7.867737 37.401791 -2.638945
v 7.692380 38.147297 -2.083732
v 8.162155 37.287319 -2.251175
v 8.302326 37.307110 -3.190454
v 8.635134 37.218060 -2.867383
v 8.442200 37.184490 -1.875831
v 8.803154 37.081776 -1.950033
v 9.108574 37.187771 -2.173422
v 8.885254 37.174923 -2.526608
v 9.262562 37.349098 -2.265509
v 9.068089 37.390255 -2.545266
v 9.278667 38.048828 -2.339377
v 9.022198 38.303699 -2.497191
v 8.712009 37.477489 -3.015658
v 8.051741 37.589108 -3.526202
v 8.226536 37.868050 -3.505945
v 8.262394 39.298756 -3.097106
v 8.606283 38.788349 -2.938562
v 7.945956 38.674782 -3.531367
v 7.807995 38.023151 -3.623631
v 7.673636 38.365589 -3.624598
v 7.219090 38.477375 -3.218025
v 7.286027 39.073189 -3.317020
v 7.606765 38.964405 -3.587571
v 7.822644 39.329662 -3.490160
v 7.608635 39.425068 -3.597716
v 7.327390 39.461014 -3.394854
v 7.357856 39.903477 -3.495022
v 7.526804 39.198971 -2.544349
v 7.531663 39.657558 -2.832119
v 7.479749 40.143421 -3.195209
v 7.771764 40.127811 -2.651474
v 7.899033 39.784130 -2.274385
v 8.591186 39.725185 -2.101579
v 8.068424 39.489613 -1.913996
v 8.217793 40.071056 -2.421697
v 8.005596 40.326153 -2.759543
v 8.178965 40.144871 -2.964499
v 8.425437 39.833248 -2.713023
v 8.718107 39.421024 -2.498485
v 8.015242 39.780708 -3.193009
v 7.756440 39.988468 -3.588627
v 7.756724 40.275326 -3.417876
v 7.879997 40.489758 -3.347190
v 7.644333 40.591942 -3.789465
v 7.418656 40.751118 -4.023303
v 7.451753 40.809399 -4.005723
v 7.581867 40.434521 -3.837028
v 7.642021 40.729069 -3.740320
v 7.458189 40.878300 -3.984394
v 7.546069 40.822052 -3.636069
v 7.373319 40.938972 -3.919826
v 7.279491 40.852619 -3.842124
v 7.165745 41.082394 -4.266693
v 7.025268 41.084858 -4.369046
v 7.133316 41.074005 -4.390193
v 7.204307 41.067200 -4.300661
v 7.071799 41.079964 -4.400067
v 6.993997 41.082897 -4.386224
v 7.242086 40.592190 -3.892199
v 7.332467 40.343246 -3.709936
v 7.506145 40.377804 -3.839436
v 7.376497 40.504452 -3.537226
v 7.363350 40.681923 -4.001958
v 7.416026 40.695255 -3.528486
v 7.585445 40.446667 -3.096222
v 7.751420 40.602093 -3.192404
v 7.615938 39.866589 -3.654696
v 9.051036 39.050190 -2.357307
v 8.862316 39.498211 -2.065469
v 9.293665 39.318111 -2.098829
v 9.355825 38.743328 -2.235630
v 8.793737 39.771641 -1.979685
v 9.284168 39.697895 -2.068042
v 8.219398 39.231228 -1.740961
v 9.480526 39.638271 -2.081525
v 9.465958 40.128292 -1.968832
v 10.059740 39.272846 -1.961591
v 10.007730 39.660107 -1.858920
v 9.499849 39.214481 -2.115990
v 9.839975 39.030590 -2.053034
v 9.533037 38.612225 -2.174446
v 10.003187 38.317696 -2.032477
v 9.479307 37.890495 -2.221139
v 10.100960 37.424816 -1.818342
v 9.557730 37.103115 -1.901733
v 10.254032 38.124569 -1.868594
v 10.316809 36.626804 -1.472210
v 10.523951 36.803509 -1.324937
v 10.340673 37.537830 -1.666972
v 10.398472 37.916122 -1.568981
v 10.421593 37.572285 -1.475305
v 10.581522 36.867748 -1.132466
v 9.814249 37.423618 -1.506979
v 10.838228 35.989964 -0.902315
v 10.847225 36.144131 -0.727909
v 11.299088 35.193729 -0.314903
v 10.702244 35.775700 -1.003651
v 11.207811 34.898811 -0.445630
v 10.408449 35.485111 -1.099774
v 11.003811 34.534191 -0.473583
v 11.321770 33.590054 -0.047669
v 10.769468 34.248165 -0.534912
v 10.163216 35.234852 -1.126844
v 9.648207 36.081474 -1.592468
v 9.394128 35.799080 -1.543794
v 9.883530 34.969975 -1.115428
v 9.215588 35.591290 -1.053234
v 9.670286 34.878994 -0.866207
v 10.557537 34.007965 -0.572643
v 10.344311 33.898083 -0.371492
v 10.992189 33.373108 -0.199508
v 10.802998 33.259476 -0.113386
v 11.167486 33.008137 0.020865
v 10.661697 33.157948 0.165083
v 10.949013 32.881573 0.243590
v 10.820564 32.858105 0.746852
v 11.083574 32.598312 0.761636
v 11.179251 32.659901 0.306502
v 11.349012 32.866695 0.096925
v 11.508900 33.267254 0.200587
v 11.632036 33.174820 0.317287
v 11.790579 32.620987 0.322416
v 12.022509 32.592533 0.424010
v 11.836489 32.856228 0.485745
v 12.021208 32.369961 0.530167
v 11.732578 32.392582 0.456068
v 11.998556 32.326111 0.813070
v 11.662800 32.334446 0.794196
v 11.694111 32.392582 1.140388
v 11.989227 32.369961 1.099090
v 11.127506 32.659901 1.226984
v 11.736769 32.620991 1.279684
v 11.978622 32.592533 1.204736
v 11.272711 32.866695 1.454283
v 11.578648 33.174820 1.267029
v 11.800692 32.856224 1.122528
v 11.828411 32.926853 0.803506
v 11.997116 32.790989 1.056879
v 12.207775 32.661861 1.159379
v 12.003740 32.848454 0.813362
v 12.198175 32.864849 0.824292
v 12.213524 32.821346 0.997502
v 12.417545 32.953465 0.915981
v 12.385752 32.973454 0.834835
v 12.478569 32.914673 1.079309
v 12.534483 33.155483 1.022546
v 12.647217 33.175404 0.945907
v 12.648148 32.836853 1.001984
v 12.311176 32.445938 1.062581
v 12.694422 32.809830 0.852187
v 12.685036 33.176033 0.851658
v 12.364300 32.417175 0.833631
v 12.337038 32.445934 0.602541
v 12.665096 32.836853 0.700507
v 12.245136 32.661861 0.494749
v 12.505251 32.914673 0.604663
v 12.657885 33.175404 0.756121
v 12.409561 33.371311 0.836175
v 12.410824 33.362511 0.789439
v 12.554449 33.155483 0.667333
v 12.459358 33.127209 0.838973
v 12.426306 32.953465 0.760125
v 12.385386 33.297604 0.752989
v 12.364134 33.250359 0.833621
v 12.172789 33.242519 0.822865
v 12.166973 33.250458 0.792001
v 12.240047 33.256302 0.826646
v 12.376083 33.297604 0.918482
v 12.405445 33.362511 0.885113
v 12.163418 33.250458 0.855240
v 12.160093 33.259060 0.822151
v 12.232708 32.821346 0.656264
v 12.024317 32.790989 0.573012
v 10.891670 32.881573 1.263698
v 10.597364 33.157948 1.309527
v 10.084219 33.832794 1.405242
v 10.557386 33.118172 0.732057
v 10.049194 33.804989 0.703490
v 9.529203 34.897221 -0.134083
v 10.162514 33.832794 0.012444
v 9.143221 35.546833 -0.387054
v 8.901243 36.039841 -0.559839
v 8.729267 36.444603 -0.528251
v 8.658449 36.647289 -1.230514
v 8.957850 36.667728 -1.928021
v 9.241798 36.897236 -1.898475
v 9.958279 36.285477 -1.552621
v 10.436918 38.283230 -1.786207
v 10.379944 38.692078 -1.879869
v 10.714621 38.390640 -1.682254
v 10.555452 39.062790 -1.753390
v 11.062799 38.478741 -1.415308
v 10.574228 39.454906 -1.684727
v 10.990641 39.127544 -1.467787
v 10.331951 39.671673 -1.808058
v 10.177961 39.801228 -1.772011
v 10.226723 39.953953 -1.951220
v 10.350645 40.021534 -1.887049
v 10.454321 39.870258 -1.722188
v 10.442291 39.688862 -1.670642
v 10.467648 39.827923 -1.603428
v 10.606993 39.505104 -1.602196
v 10.793171 40.071095 -1.392128
v 11.059603 40.085659 -1.209002
v 11.025379 39.192932 -1.358407
v 11.487665 38.815907 -0.954066
v 11.487534 38.729580 -1.046665
v 11.486254 37.947674 -0.993914
v 11.941441 38.315731 -0.332885
v 11.947796 38.222820 -0.419535
v 12.050541 37.981014 0.105273
v 12.159204 37.826954 0.172820
v 12.699995 37.996803 0.448193
v 12.238707 38.815739 0.062930
v 12.185249 39.202618 -0.105475
v 12.123781 38.576229 0.030850
v 12.104233 39.162624 -0.176168
v 11.932720 39.589661 -0.398930
v 11.558947 39.931484 -0.831497
v 11.631683 40.011036 -0.903467
v 12.005667 39.663631 -0.463071
v 12.006706 39.881878 -0.416359
v 11.560537 40.337437 -0.840792
v 11.067675 40.477428 -1.150694
v 11.080639 40.173641 -1.278426
v 10.712324 40.399426 -1.344001
v 10.833988 40.133251 -1.483428
v 10.754360 40.369671 -1.557225
v 10.441755 40.598114 -1.909562
v 10.332850 40.678993 -1.854861
v 10.664053 40.322121 -1.692748
v 10.531889 40.251545 -1.798270
v 10.574846 40.065903 -1.637623
v 10.358183 40.547604 -1.920362
v 10.358641 40.661003 -2.000507
v 10.244913 40.734013 -1.932928
v 10.460091 40.376041 -1.498626
v 10.229774 40.620232 -1.842121
v 10.256926 40.218830 -1.625908
v 10.370420 40.170700 -1.775060
v 10.143700 40.286747 -1.638389
v 10.428038 40.235004 -1.742985
v 10.444172 40.151413 -1.666155
v 10.098057 40.076435 -1.712428
v 10.184069 40.051437 -1.796401
v 10.212795 39.985371 -1.707579
v 10.217741 40.250313 -1.775108
v 10.076378 40.320560 -2.144572
v 10.132980 39.975552 -1.887151
v 10.565636 40.020504 -1.502811
v 12.906002 38.099621 0.638824
v 7.580744 38.680340 -2.281059
v 7.417752 37.928242 -3.137551
v 11.485615 36.614819 1.407727
v 9.174658 38.980846 0.654329
v 9.155514 36.287571 0.653255
v 11.656750 36.431492 0.793857
v 9.174658 38.980846 0.654329
v 11.656750 36.431492 0.793857
v 11.446249 36.713139 1.943117
v 11.610466 36.972328 2.019321
v 9.927956 39.953953 3.363730
v 9.516171 41.519329 2.641331
v 9.258905 41.127575 2.951334
v 7.779538 40.144871 4.141130
v 7.878953 40.071064 3.606102
v 7.630229 40.326153 3.918049
v 7.409986 40.127808 3.784441
v 7.174994 40.446667 4.205509
v 7.058871 40.143421 4.292020
v 6.854830 40.343243 4.787000
v 6.917938 40.504452 4.620317
v 6.958198 40.695255 4.616063
v 6.787373 40.852619 4.912437
v 6.744591 40.592190 4.957988
v 6.852792 40.681927 5.080646
v 7.012902 40.377811 4.935147
v 6.442700 41.082897 5.421096
v 6.518459 41.079964 5.443589
v 6.905354 40.751125 5.108055
v 6.580696 41.074009 5.440655
v 6.475699 41.084858 5.407517
v 6.626760 41.082394 5.321585
v 6.661275 41.067204 5.359628
v 6.940215 40.809399 5.094315
v 6.949001 40.878300 5.073821
v 6.871901 40.938972 5.000148
v 7.159028 40.729069 4.851890
v 7.439562 40.489758 4.487923
v 7.075363 40.822048 4.737558
v 7.155819 40.591942 4.900980
v 7.088416 40.434525 4.941245
v 7.289726 39.988468 4.713988
v 7.309146 40.275326 4.544345
v 7.142706 39.866581 4.763879
v 7.329142 40.602093 4.319701
v 12.142481 36.793274 1.535478
v 12.447178 36.588161 1.402891
v 12.484203 36.304928 1.336984
v 12.886669 36.280087 1.159752
v 7.008229 37.945232 5.725779
v 7.297891 37.408607 5.889140
v 7.551797 37.724392 4.371567
v 7.028667 38.266872 4.959223
v 6.357773 38.208675 6.184063
v 6.498583 37.842152 6.468487
v 6.852983 37.210369 6.580600
v 5.818808 38.122368 6.423292
v 5.771487 37.693188 6.722211
v 6.021094 37.022484 6.901307
v 5.178689 37.462246 6.447165
v 5.354000 36.701012 6.538295
v 5.030005 36.611774 6.024400
v 5.322641 36.113094 5.804812
v 5.621836 36.135448 6.290826
v 5.944157 35.770271 5.739490
v 5.612641 35.827885 5.384538
v 6.303591 36.274075 6.570022
v 7.152982 36.530144 6.362596
v 7.317259 36.099266 5.720717
v 6.652139 35.880711 6.024177
v 6.907108 35.659885 5.746133
v 7.496754 35.949833 5.508218
v 7.686992 35.658909 5.506678
v 7.993603 36.199036 5.151477
v 8.185718 35.910862 5.031747
v 8.387926 36.183376 4.114208
v 8.382256 35.436035 5.165757
v 8.624584 35.941734 4.055755
v 8.825198 35.372608 4.051997
v 8.503210 36.383961 2.982579
v 8.270752 36.375877 4.109704
v 8.726836 37.242840 1.742747
v 8.927402 36.353222 1.665146
v 8.831276 35.566174 2.850890
v 8.233198 37.107769 3.138301
v 8.450100 38.202469 1.729573
v 7.982441 38.191498 3.380263
v 8.012859 36.978664 4.037984
v 7.674659 36.754997 5.616961
v 7.918530 39.195393 2.885739
v 7.097749 38.738621 4.517228
v 8.250837 39.193378 1.751993
v 8.474087 39.184742 0.564226
v 8.372595 40.190170 0.557687
v 8.104521 40.182529 1.761819
v 8.313663 40.922962 0.553692
v 8.041953 40.877647 1.812425
v 7.796582 40.121220 2.942423
v 7.630186 40.090401 3.650470
v 7.748847 40.778347 2.988928
v 7.564915 40.354744 3.272383
v 7.376794 40.843800 3.973996
v 7.433678 40.513294 4.152874
v 6.396179 41.523243 5.022844
v 6.374928 41.155453 5.229800
v 6.986377 40.494999 4.426693
v 6.764863 40.517467 4.855051
v 6.526216 40.784138 4.981516
v 6.202587 40.748440 5.534179
v 5.825927 40.985989 5.426965
v 5.513375 41.312820 5.439831
v 5.688306 40.749107 5.756544
v 4.926602 41.076523 5.288585
v 5.242192 40.702709 5.264106
v 5.053158 40.593975 5.639782
v 5.487828 40.346554 6.368416
v 4.908963 40.247486 6.327676
v 4.719893 40.258068 5.404326
v 4.855859 40.446468 5.090572
v 4.547620 39.504932 6.155550
v 4.608712 40.072979 5.922694
v 4.577551 39.649502 5.221293
v 4.628725 39.938663 4.609544
v 4.796842 38.637836 4.564739
v 4.668303 40.635761 3.835477
v 4.657605 39.556561 3.401317
v 4.760992 38.354771 3.454202
v 4.510304 40.987072 4.815473
v 4.693234 40.739452 5.062263
v 4.578235 41.132618 4.413837
v 4.903831 41.585766 4.640445
v 4.816733 41.439022 5.083856
v 5.512473 41.862057 4.847989
v 5.450272 41.664467 5.253265
v 5.695104 41.938110 4.430530
v 6.437395 41.702343 4.675410
v 7.453082 41.267452 3.664172
v 6.745084 41.757526 4.181840
v 6.707325 42.017979 4.243025
v 7.464423 41.561321 3.535977
v 6.774219 42.473354 4.173543
v 5.678816 42.628437 4.373076
v 5.678953 42.218281 4.472044
v 4.934638 42.236633 4.277423
v 5.061090 41.826794 4.325035
v 5.113272 41.316349 4.126481
v 4.708437 41.537258 4.190168
v 4.645244 41.669041 3.912091
v 4.445340 41.053852 3.105892
v 4.648865 42.117130 3.336169
v 4.614754 41.941319 3.770426
v 4.944620 42.616703 4.003458
v 4.986821 42.756596 3.526402
v 5.687884 42.978783 4.041273
v 6.823946 42.811066 3.841058
v 5.762461 43.163944 3.638241
v 6.903600 43.059875 3.389524
v 5.872683 43.170078 3.109335
v 5.069637 42.674038 3.012138
v 4.764057 42.135036 2.821761
v 5.965158 43.052074 2.680589
v 5.160895 42.341381 2.584829
v 5.141908 42.646591 2.391259
v 4.860994 42.129612 2.564184
v 4.381408 41.417965 2.448353
v 4.707257 42.419712 2.193042
v 4.575929 42.547092 1.672345
v 4.666921 41.101452 0.350165
v 4.514986 42.793159 0.771265
v 4.517884 42.755810 1.263843
v 5.010314 43.262127 2.068014
v 4.475708 41.201187 1.745185
v 4.656543 40.300304 0.423572
v 4.544536 40.378109 1.864597
v 4.678432 39.423523 1.958000
v 4.822462 38.281567 2.071874
v 4.723149 39.353508 0.517559
v 4.888689 39.353741 -1.132695
v 4.751160 40.310455 -1.175096
v 4.885262 38.215115 0.585495
v 5.131121 36.923145 0.679789
v 4.990755 37.058563 2.195028
v 5.036561 38.227779 -1.044458
v 5.203945 38.155636 -2.597666
v 5.285128 36.937405 -0.963680
v 5.106393 39.323868 -2.386361
v 5.096230 39.835796 -3.939917
v 4.980968 39.384533 -4.091443
v 4.929537 40.260464 -2.432225
v 4.996141 41.158981 -3.065274
v 5.052003 40.420376 -3.553464
v 4.855327 41.097389 -2.456816
v 4.700006 41.105900 -1.109917
v 4.772922 41.716656 -2.634779
v 4.917901 41.568459 -3.163415
v 4.738725 42.253696 -1.443739
v 4.727201 42.223934 -2.788064
v 4.812701 41.930588 -3.028699
v 5.086159 42.265308 -3.412965
v 4.990342 42.676998 -3.048380
v 4.691128 42.343044 -2.268510
v 4.988834 42.845516 -2.417555
v 5.136319 42.809784 -1.712816
v 5.696961 43.262577 -2.446206
v 5.825593 43.217930 -1.776112
v 6.589213 43.207611 -1.789995
v 6.602412 43.053207 -1.248799
v 5.900054 43.086555 -1.281880
v 6.778607 43.212101 -1.145817
v 6.202709 43.225719 -1.123987
v 5.215394 42.683372 -1.219989
v 5.193371 42.994938 -1.115268
v 5.818812 43.227982 -1.128566
v 6.298107 43.563084 -0.768559
v 4.997935 43.277889 -0.656828
v 5.631438 43.528790 -0.785664
v 5.002282 43.550137 -0.112660
v 6.345860 43.979748 -0.034336
v 5.568938 43.885433 -0.071742
v 6.379745 44.103031 0.739591
v 5.581288 44.020321 0.762382
v 5.015065 43.642567 0.757657
v 4.559337 42.759258 0.135298
v 4.980930 43.574986 1.479091
v 5.609159 43.936146 1.535672
v 6.477587 44.042088 1.490698
v 5.601799 43.633030 2.136567
v 6.488513 43.681210 2.126890
v 5.930136 43.333591 2.466521
v 6.318804 43.377678 2.456764
v 7.124489 43.557339 2.009791
v 6.935874 43.259266 2.330253
v 6.986390 42.966671 2.572915
v 7.645290 42.687565 2.064303
v 7.619279 43.041019 1.780412
v 7.368356 42.319828 2.173879
v 7.826464 41.866749 1.910921
v 7.914999 42.319233 1.562914
v 7.990790 41.347515 1.786781
v 8.229086 41.507248 0.548389
v 8.023536 42.608799 0.989560
v 8.055815 42.657990 0.580818
v 7.713049 43.339813 1.239948
v 7.718400 43.408184 0.614857
v 7.165829 43.956135 0.710675
v 7.170906 43.910114 1.446779
v 7.082537 43.850628 -0.035363
v 7.663791 43.321545 -0.043325
v 6.987615 43.464397 -0.758934
v 7.537419 43.011417 -0.669106
v 7.433172 42.502087 -1.050070
v 7.976249 42.318027 -0.572514
v 8.061421 42.567406 0.016697
v 8.128447 41.439381 -0.699122
v 8.145552 40.881245 -0.675758
v 7.697238 42.098553 -0.916781
v 7.699080 42.097042 -1.428992
v 8.003406 40.802059 -1.503077
v 7.933778 41.406963 -1.519876
v 7.621119 42.106079 -1.792209
v 7.626511 41.721699 -2.248682
v 7.562571 41.240147 -2.452963
v 7.525224 41.949009 -2.056024
v 7.195397 42.547123 -2.908945
v 7.156346 42.782444 -2.745610
v 7.148785 42.964954 -2.343028
v 6.452707 43.097710 -2.974997
v 6.479403 43.285679 -2.445610
v 7.276155 42.920120 -1.764063
v 5.668982 43.061207 -3.133045
v 5.801046 42.708885 -3.541996
v 5.935920 42.198940 -3.610687
v 6.527518 42.772953 -3.328825
v 6.614233 42.283981 -3.373736
v 6.676118 41.903477 -3.415447
v 7.231776 42.139774 -3.075733
v 6.004875 41.884151 -3.575341
v 5.222828 41.450352 -3.838274
v 5.316543 41.402241 -3.216279
v 5.192715 41.921669 -3.629046
v 6.681051 41.728069 -3.701581
v 5.980245 41.769863 -3.955879
v 5.908625 41.381580 -4.524392
v 5.274697 41.117344 -4.458550
v 5.335542 40.544312 -4.529540
v 5.167362 40.315582 -4.271883
v 5.062814 40.669743 -4.097743
v 4.987664 41.090267 -3.628789
v 5.350390 40.160030 -4.237107
v 5.904578 40.441845 -4.579307
v 5.231061 39.998466 -4.671775
v 5.734209 39.750252 -5.491341
v 5.773657 40.160664 -4.960785
v 5.175778 39.558704 -5.084637
v 5.844028 38.907192 -5.777061
v 5.256925 38.813293 -5.371739
v 6.069178 38.074421 -5.638473
v 5.534492 37.926804 -5.279677
v 5.064411 38.537868 -4.288053
v 5.220605 37.946762 -4.226019
v 5.479552 37.558605 -3.835892
v 5.643225 37.297611 -3.745286
v 5.818752 37.376675 -4.157927
v 5.549920 37.020153 -2.766818
v 5.740294 37.531391 -4.803129
v 6.269724 37.680691 -5.165410
v 6.067031 37.416828 -4.585294
v 6.462522 37.526917 -4.835022
v 7.143712 37.470295 -4.653699
v 6.910308 37.645908 -4.626750
v 6.785160 37.828571 -4.822103
v 6.743535 37.270866 -5.072299
v 6.279252 37.091682 -4.997188
v 6.134896 36.356953 -5.016604
v 6.587170 36.476341 -5.249306
v 5.905258 37.016640 -4.753269
v 5.719718 36.935993 -4.116286
v 5.865970 36.403465 -4.228144
v 6.452003 35.787495 -4.858132
v 5.795584 35.749187 -2.385924
v 6.113449 35.808949 -3.952474
v 6.461730 35.336330 -3.215263
v 6.806490 35.297009 -4.323840
v 6.887322 35.077335 -3.674301
v 7.122833 35.116711 -3.837197
v 7.147041 35.313778 -4.545085
v 6.927224 35.813343 -5.047771
v 7.470298 35.952721 -5.136223
v 7.142352 36.620327 -5.361310
v 7.592879 36.921467 -4.853374
v 7.971648 36.329010 -4.657379
v 7.969727 37.295246 -3.821426
v 7.657174 37.674446 -3.704750
v 8.177176 37.497196 -2.774599
v 7.489664 37.867695 -3.669894
v 8.405030 37.929153 -1.518238
v 7.521245 38.009373 -3.852437
v 7.512437 38.281536 -3.273810
v 7.573662 38.397312 -4.481268
v 7.511387 39.106075 -4.616746
v 7.566430 39.038410 -3.264091
v 8.135020 39.067768 -1.524749
v 8.229002 40.088467 -0.638263
v 8.308948 39.153473 -0.593267
v 8.538185 38.114742 -0.479987
v 8.054451 39.993580 -1.542063
v 7.470680 39.723507 -3.333078
v 7.341155 39.822361 -4.336571
v 7.157077 40.243137 -3.660304
v 7.458330 40.510746 -2.846778
v 7.177959 40.748158 -3.636526
v 7.547024 40.875431 -2.642522
v 7.122162 40.472569 -3.624214
v 6.588468 40.246071 -4.529632
v 6.560202 40.454281 -4.082529
v 6.623425 40.800167 -4.205884
v 6.684898 41.310543 -4.101237
v 5.946893 40.791725 -4.630785
v 7.207553 41.127880 -3.433546
v 7.178013 41.503918 -3.124507
v 7.207593 41.578091 -2.911794
v 6.681567 39.802311 -5.143857
v 6.818955 39.047993 -5.409958
v 6.873720 38.270615 -5.326806
v 8.784243 37.049076 -0.459522
v 8.677733 36.946499 -1.448136
v 8.619108 38.228214 0.573294
v 8.899624 37.159447 0.590098
v 9.051197 36.125492 -0.384124
v 9.109337 36.360462 0.602652
v 9.260313 35.488796 0.611955
v 9.158445 35.468632 1.609578
v 9.275116 34.474628 2.651669
v 9.304667 34.294327 1.372239
v 9.350631 34.263523 2.162899
v 9.433149 33.846676 1.748748
v 9.467337 33.839565 2.374095
v 9.415941 34.022633 2.926342
v 9.278468 33.231525 3.324470
v 9.116667 33.650036 3.593168
v 9.267439 34.243122 3.184705
v 9.050938 34.940601 2.830617
v 8.955629 34.313366 3.456854
v 8.883562 33.927288 3.779051
v 8.912357 34.360878 3.832558
v 8.567568 33.888149 4.242182
v 7.889767 33.380466 3.907457
v 8.520779 33.149357 3.704021
v 7.158608 33.782757 3.359556
v 7.632473 33.006283 3.497704
v 7.089918 33.407475 3.969539
v 7.955842 33.497860 4.330843
v 7.894295 33.631210 5.313960
v 7.042826 33.520008 4.903329
v 6.760394 34.113674 5.462959
v 6.638904 33.643276 4.470435
v 7.578139 34.179249 5.854357
v 8.464925 34.012531 5.135301
v 8.217893 34.504452 5.653465
v 7.342881 34.875153 5.876637
v 6.956301 35.353691 5.647885
v 6.543890 34.869587 5.425884
v 7.990575 35.140759 5.697276
v 8.625683 34.879559 5.099848
v 8.793814 34.467159 4.650341
v 8.939805 35.014744 3.750193
v 6.410149 35.331024 5.288806
v 6.177706 34.840881 4.843815
v 6.365032 34.109001 4.880130
v 6.411016 34.350792 3.431992
v 6.437910 34.117920 2.588241
v 5.846574 35.060558 2.448807
v 6.736170 33.870190 3.214246
v 5.846668 35.182610 3.748287
v 5.340102 35.986851 2.320842
v 5.741966 35.633522 4.513140
v 6.068396 35.241375 4.722223
v 5.256536 36.118191 3.615270
v 5.101695 36.446423 4.755592
v 4.875175 37.177433 3.528242
v 4.801412 37.451908 4.685390
v 4.894524 37.680820 5.544340
v 4.876342 38.159901 5.645994
v 4.903082 37.214497 5.909504
v 5.045286 37.919750 6.172707
v 5.146780 38.198605 6.237050
v 5.804991 38.294846 6.468967
v 4.925805 38.778927 6.632085
v 5.430707 39.593952 6.804297
v 5.567111 38.822147 6.788130
v 4.813776 39.552784 6.681027
v 4.616062 38.777645 6.110726
v 6.264087 39.602806 6.587536
v 6.285648 38.888535 6.584713
v 6.842064 38.847759 5.848235
v 6.929338 38.441128 5.272984
v 6.306536 38.396080 6.296163
v 6.837986 39.573616 5.905928
v 7.025798 39.328350 4.556289
v 6.963193 39.687065 4.385752
v 7.032437 39.999252 4.139888
v 6.800985 40.206596 5.614403
v 6.251099 40.354126 6.150514
v 6.283379 35.701557 4.859904
v 5.438432 35.804821 0.837859
v 5.576348 35.814838 -0.848516
v 5.909730 34.884682 1.024320
v 6.066612 34.756641 -0.663475
v 6.705846 33.723804 1.166831
v 6.814666 33.557522 -0.419422
v 6.901398 33.041683 2.719724
v 7.243610 33.082291 1.444450
v 7.494769 32.508305 0.702847
v 7.527133 32.539799 0.304994
v 7.368306 32.643375 1.039388
v 7.518079 32.604183 1.370169
v 7.754659 32.284454 1.138463
v 8.046726 32.601337 1.454742
v 8.357433 32.145245 1.200449
v 7.896286 32.197918 0.680095
v 8.497209 32.058559 0.701157
v 8.526947 32.153633 0.243035
v 7.916566 32.293896 0.256160
v 8.448943 32.401150 -0.095397
v 7.821573 32.538364 -0.061411
v 7.624259 32.883904 -0.202630
v 8.046885 32.883068 -0.249231
v 8.863852 32.882820 -0.314550
v 7.879562 32.623524 -0.526060
v 8.262620 32.617085 -0.610070
v 8.990092 32.604984 -0.769630
v 8.324377 32.643024 -1.029658
v 7.997237 32.647999 -0.947036
v 7.971352 32.837185 -1.510778
v 7.422784 32.855442 -0.663632
v 7.405905 33.081593 -1.198365
v 7.656134 33.583965 -1.759486
v 7.886351 33.053135 -1.727343
v 8.214144 33.060139 -1.875515
v 7.983824 33.533073 -1.845610
v 8.669792 33.337330 -2.088212
v 8.082304 33.450977 -2.074897
v 7.846931 33.397141 -2.144866
v 7.922256 33.326679 -2.523817
v 7.314438 33.495499 -2.737771
v 7.248938 33.848904 -2.098273
v 8.251326 33.322308 -2.500805
v 8.896660 33.317196 -2.424692
v 9.015984 33.450001 -3.025959
v 8.298618 33.413651 -2.976808
v 8.856172 33.821873 -3.541656
v 8.161127 33.719830 -3.380455
v 8.575792 34.397526 -3.815593
v 7.233602 33.747387 -3.002638
v 7.951040 34.325794 -3.634575
v 7.088948 34.168648 -3.177453
v 8.226068 34.932514 -3.698370
v 7.696354 34.811207 -3.574733
v 6.895752 34.551464 -3.061350
v 7.955021 35.135998 -3.566310
v 7.366076 35.155865 -2.981776
v 7.093781 35.119934 -2.879138
v 6.599119 35.028973 -2.746927
v 6.502188 35.113712 -2.921493
v 6.636781 34.701656 -2.556108
v 6.197311 34.954765 -1.928185
v 6.707395 34.480785 -2.429944
v 6.950539 34.028107 -2.311100
v 6.515119 34.336647 -1.257940
v 8.786319 35.201466 -3.337399
v 8.630842 35.579056 -2.947317
v 7.818470 35.292667 -3.987293
v 8.467607 35.665409 -3.290005
v 8.566208 36.294849 -3.415610
v 8.781668 36.005093 -2.570035
v 8.228304 35.833447 -4.140508
v 7.717153 35.504898 -4.541357
v 8.311224 36.741772 -3.783692
v 8.676039 36.610195 -2.425876
v 8.475504 37.056843 -2.724791
v 9.066945 35.936691 -1.370286
v 8.977472 35.851681 -2.018828
v 9.406412 35.263157 -2.237355
v 9.141428 35.486126 -2.734163
v 9.361349 35.252804 -1.325400
v 9.273717 35.354572 -0.321227
v 9.437164 34.499607 -1.397278
v 9.479134 34.871769 -1.700914
v 9.490679 34.493980 -1.727486
v 9.573746 34.565540 -2.002525
v 9.574320 34.809517 -2.191530
v 9.650833 34.452190 -2.819970
v 9.433525 34.934429 -3.077860
v 9.385742 34.130241 -3.341555
v 9.143509 34.691536 -3.516938
v 9.483652 33.688660 -2.871006
v 9.457033 33.649998 -2.212422
v 9.696833 34.104630 -2.443584
v 9.633032 34.001842 -2.016696
v 9.316945 33.732906 -1.859113
v 9.399813 34.040417 -1.705106
v 9.193157 33.976833 -1.670654
v 9.491516 33.747772 -1.677118
v 9.362598 33.483311 -1.863864
v 9.624239 33.140121 -1.605849
v 9.068029 32.869305 -1.724359
v 8.922615 33.174671 -2.020876
v 8.380472 32.849155 -1.634046
v 9.040833 32.630363 -1.118062
v 9.719776 33.003040 -1.123316
v 9.785238 33.431873 -0.934571
v 9.728291 33.493595 -1.427236
v 9.641510 33.036896 -0.687575
v 9.442333 33.267849 -0.336070
v 9.694216 33.438847 -0.562466
v 9.613680 33.822208 -0.724142
v 9.515411 33.915722 -0.213667
v 9.677031 33.986637 -1.168541
v 9.566107 33.761654 0.206357
v 9.605494 33.020752 -0.136114
v 9.649408 33.620293 -0.168647
v 9.695353 32.808201 0.193003
v 9.695606 33.394958 0.225238
v 9.690155 32.758572 0.696125
v 9.680693 33.394348 0.647089
v 9.561865 33.747410 0.630523
v 9.488947 33.901379 1.037550
v 9.494730 33.894985 1.286347
v 9.614111 33.537083 1.150494
v 9.595982 32.878895 1.263937
v 9.420460 33.207455 1.557333
v 8.762386 32.603535 1.599317
v 8.476390 32.921932 1.677031
v 9.203175 33.545338 1.608558
v 9.341533 33.344601 1.977786
v 8.719217 32.786861 2.002277
v 9.365679 33.195621 2.601506
v 8.748154 32.732609 3.383120
v 8.882002 32.613583 2.718279
v 8.010252 32.514683 2.481359
v 7.980552 32.663097 1.868430
v 7.854163 32.603916 3.266991
v 7.220259 32.770672 3.030539
v 7.381928 32.621693 2.243218
v 7.048807 32.956394 1.947681
v 7.396347 32.735569 1.735547
v 7.612370 33.077415 1.533904
v 7.015926 33.150108 3.228540
v 9.024824 32.280098 1.295137
v 9.179247 32.193077 0.712928
v 9.196746 32.286453 0.185745
v 9.073481 32.539745 -0.183637
v 6.814296 33.634686 3.580124
v 7.765398 41.797600 2.557201
v 7.741573 41.469654 2.869543
v 7.529865 42.277027 2.922713
v 7.504487 41.946835 3.337125
v 7.489233 42.460304 2.467471
v 6.998973 43.042103 2.894354
v 4.607115 42.677128 -0.341029
v 4.772107 42.375042 -0.847072
v 4.914882 42.238815 -1.053066
v 7.444537 38.304062 -10.519476
v 7.496891 38.259312 -11.161590
v 6.406440 38.305088 -11.130021
v 6.442523 38.443623 -10.573717
v 7.377565 38.197193 -9.948027
v 7.568089 38.187801 -10.417267
v 7.719130 37.769497 -10.715865
v 7.532739 38.095406 -10.029907
v 7.632587 38.135708 -11.005262
v 7.624849 37.828526 -10.141675
v 7.671096 37.034729 -10.166775
v 7.484415 37.826504 -9.538084
v 7.568286 37.199818 -9.632174
v 7.385873 37.328018 -9.195239
v 7.207823 36.868813 -8.973047
v 7.313078 36.566010 -9.149422
v 7.420721 36.281597 -9.614620
v 7.013478 36.330063 -8.917925
v 6.985391 35.909389 -9.299655
v 7.447226 36.104897 -10.208710
v 6.967551 35.658352 -9.901768
v 6.428004 35.742897 -9.165403
v 6.949141 35.520126 -10.643419
v 6.383842 35.479671 -9.788221
v 6.340772 35.353695 -10.476472
v 5.730479 35.562412 -10.574886
v 5.804838 35.698708 -9.836377
v 5.430838 36.350662 -9.502713
v 5.325820 36.178516 -10.089407
v 5.871932 35.948032 -9.237041
v 5.915909 36.368156 -8.856199
v 5.609285 36.625145 -9.053604
v 5.754301 36.919247 -8.891311
v 6.497844 37.015144 -8.708374
v 6.464472 36.247349 -8.828039
v 5.887016 36.917492 -8.751567
v 5.793541 37.447651 -8.917361
v 5.584651 37.390526 -9.093945
v 6.509287 37.495579 -8.801437
v 6.497777 37.990307 -9.311345
v 5.693723 37.946003 -9.265010
v 6.482117 38.173801 -9.703295
v 5.483022 37.895943 -9.425543
v 5.568639 38.259968 -9.846300
v 5.326589 38.265591 -10.291213
v 5.445668 38.373440 -10.407066
v 5.398632 38.169472 -9.909892
v 5.276354 37.910038 -10.009599
v 5.346049 37.276932 -9.507207
v 5.172848 37.121418 -10.026282
v 5.114501 37.859890 -10.569391
v 5.038304 37.739319 -11.248543
v 5.193206 38.220371 -10.868076
v 4.991239 37.010433 -10.838942
v 5.217828 36.092617 -10.733330
v 5.007574 37.667271 -11.881346
v 5.185055 36.095196 -11.483327
v 4.927200 37.029415 -11.709216
v 5.003876 37.214809 -12.568025
v 5.176160 37.539043 -13.334962
v 5.226343 36.460060 -12.848020
v 5.067265 37.691944 -12.567122
v 5.199023 36.280277 -12.242806
v 5.629903 36.069580 -12.907179
v 5.647074 35.593559 -11.354544
v 5.624713 35.762043 -12.139793
v 6.223790 35.908695 -12.899104
v 6.296968 35.394985 -11.280703
v 6.256871 35.592808 -12.115917
v 6.892545 35.718060 -12.211084
v 6.946675 35.548466 -11.427624
v 7.338813 36.206028 -12.363137
v 6.822724 36.028187 -12.974256
v 6.200491 36.336834 -13.577661
v 6.762053 36.488243 -13.650333
v 7.256382 36.389622 -12.962171
v 7.326175 37.464436 -13.455872
v 7.560425 37.126083 -12.711794
v 7.102507 36.831142 -13.631407
v 6.673113 37.168148 -14.331713
v 6.939573 37.404503 -14.228659
v 6.544855 37.890186 -14.759593
v 7.089905 37.816059 -13.970838
v 6.768328 37.972668 -14.628281
v 6.887201 38.200321 -14.357525
v 6.610915 38.411991 -14.836647
v 6.443594 38.347916 -14.923481
v 6.186165 37.872684 -14.779985
v 6.193453 38.326771 -14.930777
v 6.211300 38.960827 -15.004613
v 6.223774 39.191929 -14.925271
v 6.006579 38.996780 -14.911823
v 5.947752 38.365124 -14.895598
v 5.796050 38.440266 -14.790828
v 6.427114 38.982189 -14.935470
v 6.480397 38.962570 -14.758333
v 6.716379 38.526192 -14.639141
v 6.734115 38.626591 -14.486270
v 6.919717 38.347202 -14.193469
v 6.879888 38.423832 -14.115579
v 7.106043 38.052471 -13.797550
v 7.038920 38.156879 -13.748554
v 7.071934 38.022610 -13.295782
v 7.206611 37.972416 -13.313873
v 6.921538 38.192715 -13.698811
v 6.277714 38.038872 -13.254792
v 6.260358 38.225967 -13.678658
v 6.771836 38.455959 -14.076177
v 6.250791 38.468258 -13.998374
v 6.637917 38.707806 -14.352126
v 6.719170 38.686298 -14.395246
v 6.518167 38.948597 -14.632770
v 6.397956 39.062000 -14.732084
v 6.241895 38.707623 -14.304205
v 5.843976 38.735363 -14.307473
v 6.063774 39.073589 -14.713291
v 5.947895 38.968391 -14.600697
v 5.972249 38.980206 -14.729758
v 5.721502 38.560711 -14.583194
v 5.727982 38.661510 -14.429688
v 5.557463 38.394482 -14.116860
v 5.757108 38.719688 -14.341140
v 5.610978 38.467861 -14.044222
v 5.600368 38.238567 -13.624514
v 5.475982 38.211117 -13.660659
v 5.724716 38.492306 -14.017289
v 5.396753 38.111805 -13.701422
v 5.345690 38.036995 -13.209225
v 5.484666 38.077686 -13.206521
v 6.309402 37.936291 -12.627846
v 5.355578 37.969402 -12.574207
v 5.280240 38.027195 -12.010850
v 6.342619 37.990337 -12.070591
v 5.206034 37.888550 -12.564251
v 5.221215 37.885300 -13.224276
v 5.134025 37.916401 -11.957668
v 5.143983 38.051647 -11.460820
v 5.318760 38.334896 -11.039103
v 5.277062 38.173771 -11.562901
v 5.376997 37.875511 -13.874512
v 5.561181 38.246330 -14.282962
v 5.632964 38.012070 -14.564432
v 5.468714 37.455544 -14.145953
v 5.704973 37.201740 -14.277274
v 5.334447 36.892506 -13.531975
v 5.834093 37.914845 -14.719622
v 5.646135 36.526966 -13.587582
v 6.185593 37.087254 -14.305462
v 7.468429 38.097721 -11.686135
v 7.263228 37.903194 -12.681486
v 7.405000 37.953468 -12.130333
v 7.406999 37.812168 -12.688021
v 7.548230 37.832630 -12.093436
v 7.603358 37.966305 -11.599123
v 7.710305 37.646587 -11.398808
v 7.664909 37.575054 -12.030784
v 7.752446 36.914623 -10.994213
v 7.719777 36.932514 -11.866256
v 7.424912 36.017460 -11.609286
v 7.476252 36.014244 -10.860335
v 7.530655 37.606453 -12.705657
v 7.317826 37.812542 -13.342180
v 7.296982 37.890369 -9.355169
v 7.202542 37.398758 -8.996596
v 7.091793 36.875683 -8.819318
v 7.104067 31.777758 0.325795
v 7.088599 32.315639 -0.748802
v 7.193906 32.535149 -0.639340
v 7.205978 31.990271 0.431780
v 6.873363 31.671862 0.277078
v 6.850232 32.206272 -0.799128
v 6.621834 31.722250 0.308431
v 6.590342 32.258312 -0.766741
v 6.467170 31.905401 0.405259
v 6.430521 32.447483 -0.666716
v 6.481744 32.135429 0.522127
v 6.445578 32.685215 -0.545936
v 6.658723 32.304836 0.604433
v 6.628452 32.860191 -0.460920
v 6.915309 32.334309 0.613652
v 7.131429 32.210049 0.545454
v 6.893571 32.890636 -0.451405
v 7.116881 32.762280 -0.521858
v 7.102341 33.314625 -1.589110
v 6.871839 33.447083 -1.516417
v 7.087791 33.866852 -2.656423
v 6.598180 33.415562 -1.526283
v 6.850099 34.003399 -2.581478
v 6.567916 33.971043 -2.591573
v 6.828369 34.559837 -3.646473
v 7.073243 34.419086 -3.723735
v 7.157691 34.170021 -3.852544
v 6.822369 34.723133 -3.955408
v 7.056268 34.753426 -4.363884
v 7.142826 34.499340 -4.498688
v 6.984311 34.653671 -5.416954
v 7.104350 34.905716 -5.294778
v 7.024506 34.250900 -4.619108
v 7.042229 33.929295 -3.972597
v 6.774281 33.963135 -4.341476
v 6.756662 34.124386 -4.668784
v 6.712565 34.525341 -5.467335
v 6.367945 34.982433 -6.220299
v 6.416291 34.580662 -5.422426
v 6.668484 34.926300 -6.265860
v 6.319617 35.384224 -7.018167
v 6.944124 35.056534 -6.214716
v 6.624403 35.327255 -7.064409
v 6.580322 35.728214 -7.862935
v 6.271287 35.786011 -7.816034
v 6.903946 35.459278 -7.012557
v 6.863760 35.862137 -7.810319
v 7.027429 35.718601 -6.886858
v 7.065903 35.312222 -6.090785
v 7.016545 35.163517 -5.157994
v 6.976820 35.573612 -5.952101
v 6.761950 35.306488 -5.070613
v 6.718561 35.718586 -5.863478
v 6.937088 35.983829 -6.746148
v 6.897366 36.393925 -7.540252
v 6.988956 36.124985 -7.682922
v 6.675196 36.130787 -6.656294
v 6.631806 36.542900 -7.449177
v 6.364275 36.090816 -6.659298
v 6.411987 35.679195 -5.866429
v 6.459702 35.267582 -5.073553
v 6.200522 35.473824 -5.959593
v 6.251235 35.065098 -5.165417
v 6.285021 34.388981 -4.507037
v 6.234081 34.793812 -5.303209
v 6.301939 34.656467 -4.371173
v 6.308501 34.227718 -4.188075
v 6.507415 34.855961 -4.280685
v 6.325199 34.491642 -4.054001
v 6.528130 34.687279 -3.962127
v 6.320620 34.073864 -3.882599
v 6.337117 34.334457 -3.750183
v 6.537644 34.526417 -3.656915
v 6.357251 33.531773 -2.810607
v 6.373277 33.784794 -2.682074
v 6.393890 32.989574 -1.738692
v 6.409427 33.235004 -1.613999
v 6.558847 32.794346 -1.841890
v 6.827103 32.740673 -1.875322
v 6.527336 33.330395 -2.917067
v 6.803963 33.274937 -2.951583
v 6.495842 33.866467 -3.992238
v 6.485855 34.019001 -4.301608
v 6.780834 33.809338 -4.027791
v 7.057679 33.391403 -2.897999
v 7.169778 33.625134 -2.781446
v 7.073149 32.853531 -1.823400
v 7.181843 33.080135 -1.710387
v 6.464620 34.178875 -4.624562
v 6.805314 34.894257 -4.277790
v 6.183142 35.198639 -6.099369
v 6.149828 35.882565 -6.753783
v 6.132185 35.603462 -6.895547
v 6.099132 36.291313 -7.547970
v 6.081246 36.008286 -7.691703
v 6.054111 36.227283 -8.122359
v 6.072148 36.512409 -7.977518
v 6.291431 36.723698 -7.878119
v 6.609372 36.762306 -7.870656
v 6.316560 36.502441 -7.452168
v 6.877168 36.610130 -7.958650
v 6.969552 36.338387 -8.100914
v 6.843265 36.074223 -8.230882
v 6.557412 35.941265 -8.287740
v 6.245753 36.001606 -8.244930
v 7.358973 36.830402 -7.535420
v 7.397547 37.047352 -7.816526
v 6.720429 37.377399 -7.578738
v 6.719070 37.142429 -7.310628
v 7.236731 36.627766 -7.403044
v 7.602756 36.242199 -7.926816
v 7.443409 36.129059 -7.734900
v 7.238342 36.128651 -7.728272
v 7.062571 35.739971 -7.975588
v 7.217540 35.629520 -8.052742
v 7.336347 35.653042 -8.301685
v 6.664781 35.362820 -8.207909
v 6.632420 35.532387 -8.096348
v 6.599683 35.782440 -8.192622
v 6.149193 35.603214 -8.033949
v 6.227893 35.836926 -8.144634
v 6.249836 36.065678 -8.417494
v 5.989230 36.080086 -7.978202
v 6.038482 36.280903 -8.270140
v 5.967945 36.445107 -8.581940
v 6.043895 36.562553 -8.086843
v 5.974050 36.763142 -8.374953
v 5.812489 36.923378 -8.525423
v 6.222100 37.007267 -8.224267
v 6.134880 37.240551 -8.329620
v 6.620886 37.313366 -8.298538
v 6.035210 37.389538 -8.229207
v 6.659755 37.483051 -8.189289
v 7.202305 37.218582 -8.379844
v 7.337696 37.195545 -8.139097
v 6.697787 37.507458 -7.914370
v 5.961163 37.397278 -7.961398
v 5.620904 36.981827 -8.480879
v 5.472494 36.916409 -8.258239
v 5.940996 37.260731 -7.628533
v 5.423931 36.751957 -7.942599
v 5.982439 37.032131 -7.357717
v 6.694182 36.892235 -7.212491
v 5.493768 36.551258 -7.654562
v 6.069652 36.798725 -7.252408
v 6.655312 36.722569 -7.321747
v 5.655330 36.391018 -7.504095
v 6.169322 36.649746 -7.352840
v 5.846915 36.332561 -7.548625
v 6.617290 36.698036 -7.596714
v 6.243378 36.642132 -7.620566
v 5.995326 36.397995 -7.771277
v 6.594640 36.828220 -7.932298
v 6.263546 36.778683 -7.953428
v 6.596015 37.063190 -8.200411
v 7.043073 37.107563 -8.446808
v 6.920822 36.904797 -8.314499
v 6.882256 36.687977 -8.033322
v 7.203918 36.719456 -8.705060
v 7.044573 36.606312 -8.513126
v 7.028146 36.330776 -8.952372
v 6.909338 36.307247 -8.703416
v 6.991827 36.423588 -8.209267
v 6.872089 36.158810 -8.377719
v 6.942106 36.539768 -7.710758
v 7.065847 36.241165 -7.909447
v 7.077498 36.516750 -7.470009
v 6.930614 35.942104 -8.099740
v 6.579043 36.017387 -8.460002
v 6.206617 36.202068 -8.748319
v 6.578409 36.147579 -8.796300
v 6.114769 36.194027 -9.010730
v 6.597994 36.123196 -9.073132
v 6.630338 35.953625 -9.184690
v 6.009353 36.044613 -9.104528
v 5.460440 36.289890 -8.666017
v 5.610703 36.450756 -8.826530
v 5.930655 35.810913 -8.993857
v 6.663101 35.703678 -9.088344
v 5.908718 35.582272 -8.720939
v 5.411188 36.089054 -8.374043
v 5.481717 35.924740 -8.062322
v 5.951938 35.445889 -8.390120
v 5.645129 35.859962 -7.849736
v 5.838966 35.919189 -7.817663
v 6.043779 35.453823 -8.127738
v 6.684375 35.338535 -8.484662
v 6.683733 35.468624 -8.821035
v 7.373580 35.801479 -8.627378
v 7.581480 36.607346 -8.530498
v 7.315072 36.018196 -8.905378
v 7.655499 36.424938 -8.230708
v 7.183115 36.220325 -9.029528
v 7.408985 36.719868 -8.711684
v 5.804540 36.510006 -8.794459
v 5.171245 37.428234 -8.707143
v 4.995838 37.187241 -9.264929
v 5.490200 37.096859 -8.392489
v 5.411930 37.536488 -8.361060
v 5.295793 38.198242 -8.621724
v 4.950898 38.010925 -9.119521
v 5.179198 38.906628 -9.029799
v 4.809175 38.844624 -9.802078
v 4.768837 37.739300 -9.684515
v 4.670565 37.468079 -10.490089
v 4.592180 38.529682 -10.380736
v 4.865533 36.966496 -9.988324
v 5.130520 36.507362 -9.430792
v 5.004307 36.604568 -10.038059
v 4.910834 36.805775 -10.451646
v 5.232638 36.439907 -10.033537
v 4.756761 37.311508 -10.973717
v 4.931408 37.307095 -11.204947
v 5.074104 36.766834 -10.626174
v 6.358844 37.272068 -11.317902
v 6.364576 36.697544 -10.861309
v 7.561572 36.359074 -10.164508
v 7.674963 36.676586 -10.772435
v 6.405962 36.306904 -9.884302
v 5.416339 36.305294 -9.313563
v 6.428726 36.195553 -9.410880
v 7.450810 36.234692 -9.427977
v 7.734981 36.416977 -9.577252
v 7.354215 36.483765 -8.815672
v 7.630771 36.624454 -8.999312
v 7.934033 37.085281 -9.430162
v 7.535416 37.025890 -8.507500
v 7.839260 37.335655 -8.857177
v 7.646921 37.458939 -8.486742
v 7.204711 37.559498 -8.156490
v 7.247719 36.906315 -8.359353
v 6.509903 36.748444 -8.308518
v 6.475393 36.318348 -8.656787
v 6.557836 37.642864 -8.008331
v 5.597863 36.544704 -8.716908
v 5.783736 36.957115 -8.277025
v 5.894219 37.604977 -8.082794
v 6.582349 38.430492 -8.058221
v 5.900590 38.339199 -8.219337
v 5.867330 39.070370 -8.632270
v 6.584635 39.191181 -8.487161
v 5.815036 39.782520 -9.286575
v 6.573026 39.850216 -9.100302
v 6.548086 40.431576 -9.902437
v 5.733537 40.360737 -10.057835
v 5.165988 39.563946 -9.599877
v 4.737792 39.643738 -10.755916
v 5.158116 40.135746 -10.330286
v 5.126609 40.561508 -11.190107
v 4.840159 40.206024 -11.851992
v 5.220869 40.772762 -11.895348
v 5.750760 41.072636 -11.756718
v 5.724476 40.786533 -10.887844
v 6.473773 41.164623 -11.676298
v 6.512994 40.867268 -10.795200
v 7.278714 40.732590 -10.975250
v 7.333260 40.305225 -10.147794
v 7.175138 41.023216 -11.836812
v 7.821973 40.467976 -11.341681
v 8.192606 39.523846 -10.950200
v 8.007256 40.096111 -12.030096
v 7.664186 40.687981 -12.032753
v 7.857615 40.042068 -10.482088
v 7.892091 39.469349 -9.753178
v 7.897413 38.812305 -9.182653
v 8.173452 38.727875 -9.991272
v 7.298881 39.731022 -9.370022
v 7.271082 39.021656 -8.711204
v 7.233850 38.292942 -8.294311
v 7.778580 38.112072 -8.761351
v 8.051783 37.903309 -9.293903
v 8.150234 37.621952 -9.874669
v 8.138697 37.347729 -10.685123
v 7.966949 36.858852 -10.162739
v 8.301996 38.400928 -10.589365
v 8.299810 39.054043 -11.432542
v 8.153631 38.623638 -11.880515
v 8.176701 37.999416 -11.272573
v 7.960822 38.418697 -12.074018
v 7.997890 37.833874 -11.631661
v 7.988270 37.199375 -11.155439
v 7.859044 36.703461 -10.617440
v 7.788946 37.207928 -11.365644
v 6.354164 38.387909 -12.089757
v 7.795057 37.781277 -11.779621
v 7.744713 38.339649 -12.167956
v 7.578259 38.771946 -12.618712
v 7.793989 38.853168 -12.582583
v 7.523211 39.191242 -13.259127
v 7.701726 39.365044 -13.205112
v 7.994985 39.064686 -12.494321
v 7.761789 39.790161 -13.082266
v 8.093449 39.565159 -12.243114
v 7.741239 40.297634 -13.012846
v 7.406163 40.229733 -13.809340
v 7.432961 39.846123 -13.762684
v 7.108247 39.815609 -14.339932
v 7.064864 40.110126 -14.424094
v 7.418044 39.490475 -13.762069
v 7.307725 39.353199 -13.768367
v 7.117832 39.511875 -14.290278
v 6.831085 39.693027 -14.804025
v 6.836564 39.469318 -14.712615
v 7.048035 39.377670 -14.254984
v 6.888265 39.327938 -14.229643
v 7.112033 39.293705 -13.733465
v 6.803499 39.339409 -14.656805
v 6.482181 39.293552 -15.005850
v 6.682924 39.294498 -14.623483
v 6.270844 39.318245 -14.145451
v 6.246673 39.304371 -14.566794
v 6.202390 39.234158 -15.310756
v 6.194702 39.340870 -15.513389
v 5.980358 39.496742 -15.297695
v 5.943166 39.385384 -15.110364
v 5.963286 39.311558 -14.976673
v 5.807164 39.324886 -14.574236
v 6.442108 39.480717 -15.323665
v 6.492246 39.366325 -15.141241
v 6.210953 39.581242 -15.372630
v 6.677202 40.005421 -14.980248
v 6.932078 40.312702 -14.518984
v 6.453373 40.152485 -15.006935
v 6.255179 40.186470 -14.959667
v 6.623928 40.483349 -14.592455
v 6.289486 40.544327 -14.570437
v 5.846323 40.930058 -13.734139
v 6.354575 40.998135 -13.693244
v 5.951278 40.506691 -14.554634
v 6.849120 40.895260 -13.790534
v 6.051091 40.166447 -14.984308
v 5.642261 40.357468 -14.446449
v 5.822016 40.035091 -14.932158
v 5.507255 40.164173 -14.336504
v 5.667623 39.733398 -14.738596
v 5.453308 39.873020 -14.246869
v 5.198171 39.923664 -13.637012
v 5.188451 39.567860 -13.636687
v 5.428389 39.570503 -14.195269
v 5.656976 39.510250 -14.646285
v 5.492237 39.431660 -14.167497
v 5.287618 39.423298 -13.654764
v 5.481408 39.350292 -13.641764
v 5.312758 39.212460 -13.149539
v 5.119850 39.274651 -13.123972
v 4.960929 39.460155 -13.050985
v 4.903803 38.953472 -12.420045
v 5.108009 38.857674 -12.479794
v 6.343142 38.814823 -12.549252
v 4.963614 38.436165 -12.011556
v 4.918603 37.881100 -11.617861
v 4.765363 38.529587 -11.894320
v 4.737750 37.947010 -11.448327
v 4.612138 38.123119 -11.072117
v 4.610060 38.746616 -11.681238
v 4.545057 39.184345 -11.221384
v 4.729068 39.178020 -12.310662
v 4.694169 39.683132 -12.051946
v 4.944538 39.887936 -12.923832
v 5.007749 40.392506 -12.859123
v 5.246016 40.304699 -13.687863
v 5.456496 40.666786 -13.750602
v 5.312057 40.857533 -12.799047
v 5.772657 41.139553 -12.702306
v 6.421944 41.213310 -12.628047
v 7.052162 41.095154 -12.774260
v 7.478446 40.782356 -12.920877
v 7.215505 40.605759 -13.849516
v 6.319444 39.192234 -13.203578
v 7.324564 39.142651 -13.262671
v 6.295575 39.324261 -13.709296
v 5.650026 39.370907 -14.160010
v 5.687015 39.378147 -14.594023
v 7.798794 36.507595 -10.195208
v 5.312865 36.704891 -8.868965
v 7.606906 28.487856 1.302539
v 7.617760 28.486443 0.566811
v 7.350828 30.220205 0.551806
v 7.361476 30.215979 1.175148
v 7.052188 30.208441 1.972057
v 7.160339 28.486326 2.218609
v 6.347702 28.496111 2.769420
v 6.281408 30.219025 2.467347
v 5.307336 28.496078 2.960678
v 3.903071 28.494064 1.441836
v 3.964734 30.288538 1.477605
v 3.809345 28.494448 0.352729
v 4.401449 28.496161 2.469047
v 4.446577 30.273809 2.293366
v 3.857753 30.325499 1.494560
v 4.399236 30.307077 2.415301
v 5.282948 30.251476 2.608439
v 5.268064 30.271397 2.760850
v 6.319870 30.252108 2.623757
v 6.352400 31.369585 2.503174
v 5.313618 31.388044 2.624149
v 4.479314 31.411726 2.330427
v 4.540688 31.429129 2.190446
v 3.965847 31.436071 1.455131
v 4.089856 31.435186 1.435299
v 4.026978 31.438334 0.364963
v 4.277604 32.438068 1.381981
v 4.603777 33.374126 1.303557
v 4.229474 32.445206 0.376346
v 4.711815 32.380234 2.121742
v 4.998988 33.262112 2.050059
v 5.484778 32.281780 2.283287
v 5.323874 31.397860 2.356000
v 6.305887 31.382902 2.286873
v 6.956930 31.363646 1.857857
v 6.422304 32.187023 2.207009
v 7.173109 31.345236 2.009824
v 7.520940 30.244038 1.322241
v 7.530149 31.346617 1.282072
v 7.308826 31.343039 1.182172
v 7.179718 30.236631 2.035197
v 7.323050 32.111614 1.145602
v 6.982426 32.107121 1.806986
v 7.390074 31.364676 0.554012
v 7.594581 31.345968 0.565508
v 7.592571 30.250093 0.565396
v 7.379729 31.343039 -0.079163
v 7.610853 31.346617 -0.153630
v 7.337623 31.345236 -0.916793
v 7.606205 30.244038 -0.194578
v 7.213232 30.208441 -0.892833
v 7.431260 30.215979 -0.066282
v 7.347032 30.236631 -0.941267
v 6.577374 31.369585 -1.499014
v 6.558563 30.252108 -1.622500
v 6.502815 30.219025 -1.471369
v 5.528748 30.271397 -1.876608
v 5.558696 31.388044 -1.735662
v 4.696730 31.411726 -1.537291
v 4.626667 30.307077 -1.630588
v 5.526458 30.251476 -1.723472
v 4.660044 30.273809 -1.504117
v 5.590168 28.496078 -2.070775
v 4.634889 28.496161 -1.683747
v 6.602545 28.496111 -1.764108
v 4.024530 28.494064 -0.718862
v 4.089811 30.288538 -0.747495
v 3.985406 30.325499 -0.776333
v 3.895730 30.303482 0.357585
v 3.785219 30.341194 0.351373
v 3.898571 31.439447 0.357745
v 4.088400 31.436071 -0.725039
v 4.209406 31.435186 -0.691434
v 4.742028 31.429129 -1.391298
v 4.389997 32.438068 -0.617427
v 4.705325 33.374126 -0.502926
v 4.904379 32.380234 -1.303865
v 5.538834 31.397860 -1.468036
v 5.690575 32.281780 -1.377748
v 5.181709 33.262112 -1.200450
v 5.262689 34.291615 -0.378569
v 5.911906 33.071659 -1.260829
v 5.702114 34.123699 -1.054635
v 6.187912 34.811996 -0.853327
v 6.271618 33.815792 -1.120180
v 6.717407 34.500458 -0.969760
v 6.731987 32.894722 -1.097769
v 6.918272 33.546040 -0.969086
v 7.233714 34.177601 -0.831993
v 7.183235 32.774166 -0.676198
v 7.312050 33.387791 -0.618119
v 7.439938 32.748241 -0.012206
v 7.548779 33.332291 0.017198
v 7.552963 33.940952 -0.518019
v 7.737587 33.880676 0.079933
v 7.902867 34.481819 -0.422625
v 7.649985 34.732265 -0.709800
v 7.235243 35.087505 -0.792219
v 8.272911 34.972889 -0.315134
v 8.037521 35.202816 -0.607792
v 8.161066 36.008640 -0.569527
v 7.685540 35.580357 -0.659113
v 8.493008 35.610462 -0.554851
v 8.717285 35.372601 -0.261133
v 8.806484 35.887035 -0.513894
v 8.998436 35.531498 -0.284684
v 8.901243 36.039845 -0.559839
v 8.582617 36.325123 -0.519878
v 8.310339 36.747391 -0.239972
v 8.729268 36.444607 -0.528252
v 7.858314 36.424175 -0.326554
v 7.687348 36.600910 0.122646
v 7.301377 35.973591 -0.471855
v 6.748420 35.456474 -0.622734
v 7.078774 36.164108 -0.003389
v 6.971523 36.222820 0.530484
v 6.465857 35.661884 -0.113833
v 5.838841 35.012852 -0.256673
v 6.333694 35.717274 0.494630
v 6.396825 35.661884 1.114204
v 5.757752 35.012852 1.185873
v 5.690929 35.087070 0.458498
v 5.088957 34.344387 0.424660
v 5.171566 34.291615 1.242432
v 4.549875 33.436367 0.394356
v 5.532455 34.123699 1.963502
v 6.037755 34.811996 1.817890
v 6.550866 34.500458 1.992931
v 6.091028 33.815792 2.092443
v 6.620575 35.456474 1.651583
v 7.085338 35.087505 1.874544
v 7.186958 35.973591 1.563608
v 7.018260 36.164108 1.073145
v 7.637123 36.600910 1.016109
v 8.135993 36.908306 0.994380
v 8.215551 36.747391 1.446262
v 7.756669 36.424175 1.481639
v 7.608987 36.662052 0.566318
v 8.107060 36.949627 0.594315
v 8.180637 36.908306 0.200163
v 8.517931 36.874752 -0.302610
v 8.410861 37.060345 0.252325
v 8.370470 37.092297 0.609123
v 8.370613 37.060345 0.968348
v 8.414814 36.874752 1.531770
v 8.599531 36.444607 1.779677
v 8.454742 36.325123 1.754936
v 8.766882 36.039845 1.830354
v 8.894300 35.531498 1.567825
v 8.677871 35.887035 1.774063
v 9.026699 35.546841 1.685777
v 9.184973 35.192364 1.140639
v 9.021875 35.401455 1.085182
v 9.239541 35.096157 0.657975
v 9.057915 35.376095 0.647766
v 8.784364 35.257816 0.213498
v 9.071117 35.401455 0.209199
v 8.766640 35.245338 0.631392
v 8.737409 35.257816 1.048789
v 9.239419 35.192364 0.172372
v 9.143221 35.546841 -0.387055
v 8.617561 35.372601 1.512898
v 8.333448 34.890232 1.034366
v 8.325758 34.899319 0.606609
v 7.971326 34.404118 0.586685
v 8.381330 34.890232 0.182559
v 8.018715 34.400673 0.126189
v 7.700839 33.863171 0.571481
v 7.529032 33.324368 0.561823
v 7.682260 33.880676 1.064183
v 7.966800 34.400673 1.049726
v 7.790176 34.481819 1.582099
v 8.169933 34.972889 1.516771
v 8.361778 35.610462 1.779630
v 7.903229 35.202816 1.781206
v 7.506703 34.732265 1.839124
v 7.079358 34.177601 1.913911
v 7.431784 33.940952 1.637694
v 7.487610 33.332291 1.105364
v 7.181170 33.387791 1.710148
v 7.376159 32.748241 1.122402
v 7.046659 32.774166 1.753424
v 6.750539 33.546040 2.014788
v 6.551007 32.894722 2.121768
v 5.717818 33.071659 2.191910
v 7.393597 32.125046 0.554210
v 7.437113 32.765347 0.556657
v 7.389764 32.111614 -0.041212
v 7.125409 32.107121 -0.736621
v 6.613647 32.187023 -1.196897
v 7.105774 31.363646 -0.790013
v 6.506915 31.382902 -1.289305
v 7.547712 35.580357 1.792758
v 8.030284 36.008640 1.757028
v 7.348334 28.486326 -1.125712
v 7.689420 28.487856 -0.165348
v 6.824524 27.688875 3.540794
v 7.091833 27.843414 3.826946
v 6.315516 27.836758 2.864020
v 6.851459 27.481234 3.541108
v 6.993533 27.318857 3.545378
v 6.400270 27.694567 2.724419
v 6.312454 28.292662 2.674746
v 6.553888 28.294262 2.482082
v 6.642765 27.594284 2.471392
v 7.221056 27.258015 3.280874
v 6.712936 28.295275 2.304787
v 6.815544 27.589006 2.264501
v 6.952620 27.630463 2.035667
v 7.492134 27.242170 2.939245
v 7.694791 27.334551 2.693328
v 7.922493 27.634922 2.815872
v 7.832548 27.606981 2.390409
v 7.043756 27.750702 1.821068
v 7.935538 27.923145 2.152359
v 8.039604 28.397009 2.772566
v 8.032451 28.363808 2.062464
v 8.298300 27.970093 1.752761
v 8.290810 27.552378 1.727353
v 7.110527 27.844162 1.657739
v 7.953571 27.604650 2.110885
v 7.151641 27.649485 1.534505
v 8.002333 27.385260 1.980563
v 8.096092 27.205111 1.691472
v 8.218273 27.167849 1.245747
v 8.466531 27.474594 1.302972
v 7.208884 27.584297 1.325986
v 7.262188 27.570717 1.054672
v 8.275377 27.216942 0.823549
v 7.126781 28.297655 1.063479
v 7.309607 27.588093 0.747225
v 7.159857 28.297754 0.734506
v 7.330415 27.652979 0.490936
v 8.312800 27.394279 0.523690
v 8.316860 27.695051 0.453246
v 8.476368 28.035812 0.880952
v 8.312822 28.070078 0.465785
v 8.467277 27.597845 0.853221
v 7.333174 27.759487 0.419301
v 7.173390 28.297722 0.421104
v 7.332639 27.864916 0.410737
v 8.321674 27.888496 0.352490
v 7.172600 28.297623 0.174535
v 7.337267 27.783253 0.204461
v 7.160034 28.297440 -0.084362
v 7.349986 27.780323 -0.045831
v 8.331694 27.753996 0.112579
v 8.557041 28.069096 -0.230670
v 8.505390 28.070211 0.133995
v 8.383030 27.746357 -0.243203
v 8.312151 27.862934 -0.491910
v 8.481738 28.054068 -0.542683
v 7.347663 27.857193 -0.226279
v 7.138613 28.297205 -0.303454
v 7.292104 27.766876 -0.374500
v 8.265854 27.709679 -0.747921
v 8.204254 27.411837 -1.033577
v 8.409592 27.767260 -1.082223
v 8.283016 28.001495 -0.762657
v 7.255857 27.658854 -0.561989
v 7.057883 28.296474 -0.751684
v 7.210068 27.603069 -0.743746
v 7.097446 28.296824 -0.574544
v 6.974938 28.295809 -1.006921
v 7.131153 27.568338 -1.012274
v 8.128828 27.183292 -1.292408
v 8.328579 27.526882 -1.834432
v 8.026609 27.089647 -1.659055
v 8.423048 27.520643 -1.436951
v 8.492126 28.063105 -1.499924
v 8.447074 28.134964 -1.114170
v 8.396896 28.757708 -1.103389
v 8.286530 28.284559 -0.776227
v 8.484730 28.744045 -1.502958
v 8.309166 29.213913 -1.079302
v 8.335255 29.326332 -1.410833
v 8.215096 29.347334 -1.782406
v 8.366928 28.782619 -1.919168
v 8.187618 28.119005 -2.307434
v 8.407455 28.044382 -1.910673
v 8.121778 28.795967 -2.287566
v 8.013775 29.312386 -2.153057
v 7.781170 29.225397 -2.240240
v 7.798173 28.709295 -2.371930
v 7.457018 29.173641 -2.566625
v 7.617294 28.621891 -2.726948
v 7.800136 28.172092 -2.379871
v 7.661144 28.921547 -2.263121
v 7.138384 29.273626 -2.088888
v 7.129254 28.778395 -1.809058
v 7.134863 28.931334 -1.663295
v 7.137977 29.077749 -1.473469
v 6.756703 28.798481 -1.408177
v 6.901031 29.085421 -1.149839
v 6.493020 29.199835 -2.358671
v 6.483623 28.796665 -1.579175
v 6.888357 29.312586 -2.231455
v 6.651888 28.998848 -2.969867
v 7.119545 29.165487 -2.833067
v 7.250864 28.617397 -3.014371
v 7.649634 27.903957 -2.738297
v 7.332550 27.800194 -3.085136
v 6.756992 28.530859 -3.165462
v 6.365175 28.409239 -2.889475
v 6.816611 27.935177 -3.216399
v 6.368403 28.624804 -2.875426
v 6.173043 28.708612 -3.390939
v 6.203922 29.199120 -3.202818
v 6.102558 29.399555 -2.576173
v 6.249072 28.896900 -2.270175
v 6.130345 28.794237 -1.536311
v 6.282687 28.795151 -1.571802
v 5.944829 28.887232 -1.507586
v 5.792222 29.535986 -2.673641
v 5.412187 29.491053 -2.609897
v 5.713985 28.885651 -1.483475
v 5.483244 28.883936 -1.465343
v 5.218042 29.114878 -2.365985
v 5.012410 28.930401 -3.045992
v 5.033267 29.046280 -2.943177
v 5.160786 29.205942 -2.384956
v 5.358467 28.883238 -1.412001
v 5.112716 29.383097 -2.385874
v 4.978684 29.200884 -2.946845
v 4.799239 29.446901 -2.905127
v 4.603368 29.596830 -2.823562
v 4.991323 29.601274 -2.385614
v 4.761815 29.104658 -3.121834
v 4.367427 29.162806 -3.057480
v 4.752808 28.583849 -3.223417
v 4.981759 28.588774 -3.185095
v 5.351042 28.847126 -3.417527
v 5.251443 28.055166 -3.450612
v 4.957141 28.263456 -3.240268
v 4.770454 28.122766 -3.234292
v 5.247622 27.536867 -3.374937
v 4.968429 27.971857 -3.163508
v 4.787349 27.677160 -3.171304
v 5.398994 27.512754 -2.320644
v 4.985897 27.747540 -3.044632
v 5.185038 27.778276 -2.185973
v 5.618342 28.286240 -1.545740
v 5.423837 28.284908 -1.544206
v 5.203669 27.641296 -2.110569
v 5.225570 27.526001 -2.145274
v 5.163296 27.411854 -2.192980
v 4.952499 27.536800 -3.104315
v 4.919741 27.372179 -3.010514
v 5.060570 27.333803 -2.195671
v 4.777926 27.244600 -2.994483
v 4.424558 27.483614 -3.145976
v 4.838672 27.284109 -2.090199
v 4.477557 27.163588 -2.961130
v 4.139261 27.169064 -2.741190
v 4.597153 27.282478 -1.997182
v 3.936500 27.321953 -2.453726
v 4.085814 27.472996 -2.897610
v 3.837032 27.530777 -2.576045
v 3.816644 28.107506 -2.656332
v 4.075466 28.103411 -3.023669
v 4.432352 28.096455 -3.268934
v 4.437743 28.576992 -3.276165
v 4.047576 29.140606 -2.799733
v 4.091265 29.556923 -2.548319
v 3.836823 29.402418 -2.294479
v 3.808782 29.069977 -2.473490
v 3.699200 28.194626 -2.123800
v 3.706264 28.812660 -1.931901
v 3.680927 29.104193 -1.900738
v 3.610974 28.998833 -1.502582
v 3.978092 29.303198 -1.448292
v 3.850988 29.054216 -1.308190
v 3.409481 28.750519 -1.719495
v 2.967935 28.230124 -1.287088
v 3.345895 28.229990 -1.855665
v 3.028395 28.815056 -1.190514
v 2.801008 28.837988 -0.516847
v 3.166614 29.124662 -1.087436
v 2.750280 28.243286 -0.559435
v 2.811047 27.427830 -0.553103
v 2.851334 27.680622 -0.014603
v 2.789402 28.249876 -0.033119
v 3.026045 28.741066 0.308698
v 2.999799 28.311918 0.336442
v 2.830303 28.807484 -0.047005
v 3.029327 27.894072 0.354971
v 3.028156 27.675213 0.414060
v 3.749445 27.595482 0.334827
v 3.745378 27.729116 0.343417
v 3.751300 27.603735 0.293528
v 3.031171 27.688660 0.346490
v 2.838101 27.925224 0.630865
v 2.810802 28.338295 0.611546
v 2.848883 27.958792 1.171173
v 2.926484 27.565159 0.627783
v 2.924467 27.592636 1.144602
v 3.094701 27.425632 1.420947
v 3.031390 27.340525 1.094274
v 3.056827 27.646406 1.515611
v 3.142345 27.621326 1.579773
v 2.982734 27.990362 1.583569
v 3.167545 27.823244 1.660465
v 3.175081 28.031569 1.766015
v 3.875093 27.749586 1.365789
v 3.843557 27.562813 1.307377
v 4.336303 28.278502 1.277438
v 4.260630 28.277819 0.888097
v 3.790505 27.442957 1.116944
v 3.741634 27.390852 0.845022
v 4.209741 28.277304 0.425826
v 3.029448 27.351774 0.631837
v 3.725414 27.397692 0.555665
v 4.189690 28.277035 0.122185
v 3.031386 27.483780 0.421242
v 3.727800 27.478321 0.408518
v 4.281125 28.277552 -0.179854
v 3.749445 27.483213 0.257436
v 3.764373 27.370749 0.080842
v 3.033880 27.491751 0.322306
v 3.054183 27.307524 0.063140
v 2.989034 27.169863 -0.489109
v 3.200204 27.173689 -1.240495
v 3.815721 27.316362 -0.296508
v 4.010383 27.330807 -0.839618
v 4.325768 28.277119 -0.381897
v 4.381903 28.266418 -0.813250
v 4.175951 27.353373 -1.216532
v 3.466377 27.298754 -1.714280
v 3.713853 27.510473 -1.951542
v 3.374081 27.580837 -1.886200
v 3.025826 27.438215 -1.292485
v 3.788645 27.723309 -2.044381
v 3.881022 27.500055 -2.255825
v 4.398926 27.489239 -1.595268
v 4.297580 27.470633 -1.420549
v 4.348899 27.591305 -1.501154
v 4.876968 28.281214 -1.334858
v 4.721062 28.280165 -1.273031
v 4.946847 28.281630 -1.482610
v 5.038549 28.282228 -1.593684
v 4.447917 27.420158 -1.710959
v 5.210481 28.283394 -1.647625
v 4.393050 28.278965 1.471512
v 3.872521 27.520725 1.434085
v 3.900491 27.324999 1.594188
v 3.185158 27.552462 1.739145
v 3.122051 27.875500 2.281500
v 3.240710 27.371447 2.289820
v 3.398947 27.261377 1.954099
v 3.599507 27.069212 2.382130
v 4.043046 27.207756 1.927050
v 3.793012 27.010416 2.863335
v 4.301686 27.189981 2.298606
v 4.483965 28.279716 1.795487
v 4.671207 28.281130 2.122426
v 4.589625 27.296492 2.673510
v 4.905656 28.282845 2.379045
v 5.038543 28.283842 2.560081
v 4.749367 27.496962 2.812985
v 4.294227 27.385160 3.462299
v 4.734016 27.613604 2.796954
v 4.262291 27.624088 3.540561
v 3.932569 27.539114 3.502157
v 4.360116 27.904690 3.377510
v 3.861430 27.968145 3.511026
v 3.374091 27.872305 2.983684
v 3.870216 28.350578 3.528189
v 4.247508 28.045763 3.523645
v 4.068239 28.322468 3.725604
v 4.231536 28.712374 3.760321
v 4.137129 28.577391 3.435000
v 4.210654 28.302332 3.867606
v 4.379117 28.046146 3.534960
v 4.618456 27.681053 4.051529
v 4.537213 28.121950 4.287869
v 5.007293 27.587675 4.222318
v 4.974936 28.031984 4.507343
v 4.601603 28.981241 4.195363
v 5.017200 29.055599 4.522603
v 5.062593 29.622059 4.313451
v 4.641183 29.443424 3.975466
v 4.382423 28.890659 3.521811
v 4.528229 29.116209 3.338723
v 4.288519 28.855211 3.377319
v 4.817824 29.543192 3.383470
v 5.184011 29.643660 3.609408
v 5.647265 28.792440 2.760299
v 5.187984 28.789494 2.648572
v 4.816946 28.786680 2.341405
v 4.702389 28.785933 2.091675
v 4.035620 29.726238 2.461817
v 4.275514 29.712957 2.750561
v 4.976167 28.787828 2.441831
v 4.456525 29.643976 2.929170
v 4.617841 29.428795 3.062000
v 4.692727 29.223600 3.052008
v 4.391215 29.354122 3.367774
v 4.370796 29.042301 3.348524
v 4.252341 29.495213 3.346617
v 3.867126 28.872305 3.440540
v 4.034290 29.575911 3.123573
v 3.745620 29.591354 2.769413
v 3.428889 28.938456 2.962162
v 3.843789 29.628798 2.162856
v 3.145228 28.922661 2.303889
v 3.514966 29.477257 2.409397
v 3.721568 29.424170 1.917496
v 3.367822 29.237812 2.117865
v 3.314744 29.078697 1.994603
v 3.677521 29.288021 1.812993
v 4.546329 28.784485 1.475128
v 3.619692 29.137411 1.741953
v 3.614559 29.390684 1.590416
v 3.246648 29.206625 1.818893
v 3.186003 28.883488 1.810399
v 3.055712 29.255270 1.561253
v 3.157622 28.408358 1.779485
v 2.992098 28.844112 1.578562
v 3.111703 28.399189 2.267200
v 3.350803 28.421738 2.967706
v 2.959759 28.376040 1.581877
v 2.911278 29.236547 1.139644
v 2.852006 28.811029 1.158613
v 2.823210 28.364557 1.166513
v 2.837644 28.762650 0.613505
v 2.897789 29.216009 0.628220
v 3.119552 29.605234 0.591597
v 3.004131 29.189449 0.268862
v 3.417673 28.992708 0.250138
v 3.413792 29.342442 0.218366
v 3.116333 29.426449 0.362128
v 3.410635 29.570236 0.294697
v 3.401621 29.722992 0.538080
v 3.448505 29.764065 0.934887
v 4.419041 28.783453 0.737536
v 4.353366 28.782619 0.104500
v 3.421956 29.171528 0.167138
v 4.528310 28.793488 -0.414016
v 3.443002 29.262924 -0.006813
v 3.372453 29.319309 -0.330459
v 2.971945 29.129440 -0.435964
v 3.035646 29.056965 0.010676
v 3.010296 28.989363 0.210787
v 3.561970 29.323984 -0.892945
v 4.599889 28.772419 -0.750358
v 3.747839 29.151806 -1.201943
v 4.696449 28.784683 -0.683958
v 4.795917 28.785316 -0.804496
v 4.927177 28.786165 -0.951232
v 4.123469 29.558287 -1.673593
v 4.311532 29.689976 -1.899743
v 5.014815 28.786880 -1.044565
v 5.119666 28.787529 -1.199770
v 5.244492 28.788345 -1.354218
v 4.632652 29.772619 -2.176804
v 4.829766 29.729465 -2.315471
v 4.432735 29.664894 -2.774331
v 4.498211 28.784136 1.075651
v 3.513921 29.732147 1.240143
v 3.578115 29.578108 1.480541
v 3.219842 29.615685 1.415397
v 3.142798 29.653097 1.029380
v 3.299528 29.435686 1.695686
v 4.649297 28.785482 1.865186
v 5.800758 28.793621 2.748525
v 6.012248 28.795235 2.780782
v 5.585278 29.696098 3.629631
v 5.909722 29.686232 3.653736
v 5.505271 29.631910 4.339786
v 5.483589 29.067898 4.599791
v 5.941091 29.564362 4.367768
v 6.232366 29.593086 3.550312
v 6.308544 29.434904 4.229275
v 5.923082 29.033098 4.571309
v 5.450031 28.072308 4.602539
v 5.873776 28.127409 4.544334
v 6.276932 28.880493 4.405565
v 6.121954 28.195641 4.424472
v 6.623134 29.156864 4.018270
v 6.576252 28.852932 4.200519
v 6.846097 28.820414 3.796915
v 6.817433 28.633442 3.851676
v 6.429615 28.258913 4.196793
v 6.718939 28.304596 3.886693
v 6.356861 27.903891 3.915328
v 6.675131 27.847191 3.796022
v 7.131795 28.385042 3.828576
v 6.187140 27.812527 3.078941
v 6.004907 27.662382 3.322655
v 6.140781 28.291533 2.791991
v 6.034487 28.290781 2.769447
v 5.855548 27.610260 3.391033
v 5.791226 28.289085 2.697184
v 5.572845 27.556789 3.417912
v 5.303372 27.539730 3.358827
v 5.597877 28.287737 2.665680
v 5.310021 28.285723 2.618446
v 4.887960 27.796665 2.813625
v 4.958158 27.600906 3.136986
v 5.479605 27.619062 4.313358
v 5.854642 27.705902 4.243347
v 6.060774 27.791025 4.123338
v 7.520274 28.400585 3.709517
v 7.144362 28.706367 3.767810
v 7.392967 27.649700 3.616636
v 7.730348 27.576809 3.285433
v 7.814231 28.385027 3.347522
v 7.778923 28.944231 3.351171
v 7.506557 28.907068 3.699128
v 8.014835 28.956013 2.736704
v 7.962117 29.258415 2.056410
v 7.701154 29.464760 3.247005
v 7.998926 28.802357 1.961703
v 7.920235 29.499092 2.727053
v 7.494801 29.769825 2.530905
v 7.696865 29.577324 2.104906
v 7.194156 29.193893 1.808888
v 7.045160 29.352093 2.131760
v 6.836350 28.800644 2.094820
v 6.832859 29.342506 2.439807
v 7.208280 29.730198 2.954824
v 6.818165 29.581154 3.226923
v 6.566456 29.259912 2.605749
v 6.688951 29.320356 3.510421
v 7.463182 29.285393 3.613182
v 7.044929 29.036894 3.661160
v 6.729849 29.005890 3.487418
v 6.365880 28.797449 2.539153
v 6.486244 28.729382 2.720301
v 6.460089 28.987482 2.731900
v 6.217091 28.796482 2.706839
v 6.447378 29.373096 3.384414
v 6.580326 29.002228 3.242040
v 6.656778 28.799513 2.372137
v 6.961249 28.801394 1.793195
v 7.323055 28.931667 1.696154
v 7.028368 28.801624 1.563762
v 7.352815 28.691523 1.606452
v 7.322857 28.874750 1.554663
v 7.071659 28.801859 1.375094
v 7.318111 29.035513 1.425002
v 7.117798 28.802208 1.103761
v 7.153241 28.802324 0.776605
v 7.360464 29.105192 1.143638
v 7.430621 29.095955 0.804699
v 7.488062 28.987499 0.616076
v 8.263253 29.316561 0.746243
v 8.032612 29.458950 0.909378
v 7.897462 29.469769 1.338806
v 7.857385 29.337547 1.656184
v 8.384516 29.239111 1.441292
v 8.394848 29.207823 0.906672
v 8.302532 28.916920 0.520446
v 8.204754 29.135298 0.584523
v 8.346985 28.408108 0.500609
v 8.486822 28.460732 0.869054
v 8.478828 28.450497 1.388438
v 8.214363 29.059677 1.796579
v 8.472403 28.009350 1.345890
v 8.305846 28.390734 1.778337
v 7.910464 29.164371 1.841402
v 8.004317 28.965750 1.942604
v 8.559578 28.359631 0.157109
v 8.675299 28.391317 -0.219306
v 8.584135 28.806635 0.171257
v 8.497177 29.130354 0.172737
v 8.643314 28.821131 -0.218170
v 8.468971 29.143967 -0.597840
v 8.550051 29.138161 -0.221929
v 8.562798 28.813509 -0.588681
v 8.595492 28.397408 -0.579926
v 8.279602 28.815722 -0.836240
v 8.274354 29.093410 -0.861187
v 8.154541 29.314232 -0.911560
v 7.476138 28.984287 -0.597778
v 8.176973 29.322321 -0.735982
v 7.485238 28.987183 -0.501374
v 7.491298 28.839952 -0.559071
v 7.107007 28.801374 -0.499700
v 7.410576 29.102695 -0.697588
v 7.131895 28.801743 -0.334284
v 7.046750 29.086571 -0.773662
v 6.978868 29.086020 -0.983748
v 7.370418 29.228693 -0.860895
v 8.051934 29.603220 -1.291764
v 7.290699 29.244434 -1.106816
v 8.103651 29.449633 -1.059801
v 7.947652 29.622210 -1.646892
v 7.186613 29.178915 -1.327237
v 7.792333 29.542177 -2.001156
v 7.762132 29.424236 -2.097879
v 7.485639 29.109201 -0.350187
v 7.157321 28.802023 -0.074047
v 7.170090 28.802225 0.219782
v 7.523012 29.122200 0.225920
v 7.533946 29.166218 -0.085412
v 8.250940 29.447119 -0.560324
v 8.313589 29.528748 -0.231638
v 8.321966 29.475161 0.155753
v 8.308737 29.304346 0.380415
v 7.541605 28.975950 0.424117
v 8.301968 29.122349 0.510330
v 7.539151 28.822710 0.498336
v 7.540378 28.651098 0.489571
v 7.169752 28.802176 0.437801
v 7.164552 28.802191 0.594657
v 7.503433 28.827271 0.524398
v 3.495409 27.364157 2.967235
v 4.179775 27.184225 3.384442
v 5.775653 28.287321 -1.579751
v 5.997574 27.483213 -2.269161
v 6.016109 28.288952 -1.617706
v 5.687691 27.451612 -2.388907
v 5.663403 27.436384 -3.474409
v 6.083925 27.487425 -3.264752
v 5.772617 27.973221 -3.623034
v 6.180435 27.818733 -3.456029
v 6.341367 27.812376 -2.793587
v 6.190563 27.681953 -2.048626
v 6.361884 28.188452 -2.903844
v 6.751654 27.586378 -3.036683
v 6.511543 27.544308 -2.200731
v 6.694079 27.670071 -1.788282
v 6.498754 28.292263 -1.685268
v 7.264647 27.474144 -2.898402
v 7.546254 27.513603 -2.613679
v 7.681727 27.814091 -2.290635
v 6.813923 27.694136 -1.615697
v 6.626768 28.293196 -1.547725
v 6.899443 27.803289 -1.456374
v 6.811790 28.292980 -1.285101
v 6.738000 28.292431 -1.387692
v 6.958605 27.637335 -1.329870
v 7.753459 27.355137 -2.233564
v 6.887391 28.295126 -1.181792
v 7.035543 27.583050 -1.213584
v 7.867973 27.204760 -2.046226
v 8.096888 27.633125 -2.209175
v 6.185403 28.290100 -1.659111
v 5.837173 28.833529 -3.518945
v 5.829958 29.347616 -3.284446
v 5.376167 29.296192 -3.199994
v 7.080845 28.297440 1.346591
v 7.017739 28.297123 1.617337
v 6.931229 28.296625 1.886900
v 6.844325 28.296108 2.086102
v 7.422559 29.815224 -0.647161
v 7.835843 29.818085 -0.623929
v 7.695173 29.818085 1.878522
v 7.281889 29.815224 1.855290
v 7.408837 30.163755 -0.446045
v 7.424452 29.867279 -0.687358
v 7.279266 29.867279 1.895447
v 7.840065 29.878647 -0.706466
v 7.426782 29.875799 -0.729698
v 7.414104 31.712759 -0.730411
v 7.400146 31.424803 -0.446535
v 7.409050 31.773336 -0.647920
v 7.827387 31.715620 -0.707179
v 7.411674 31.721281 -0.688076
v 7.822335 31.776197 -0.624688
v 7.679771 31.724142 1.917960
v 7.268381 31.773336 1.854531
v 7.681664 31.776197 1.877762
v 7.813431 31.427649 -0.423303
v 7.824959 31.724142 -0.664845
v 7.811831 31.315016 -0.380921
v 7.822120 30.166618 -0.422814
v 7.837736 29.870142 -0.664126
v 7.818959 30.279118 -0.380521
v 7.814754 30.218542 -0.297966
v 7.405676 30.276255 -0.403752
v 7.704077 30.166618 1.677136
v 7.710747 30.218542 1.552249
v 7.297463 30.215679 1.529017
v 7.401469 30.215679 -0.321198
v 7.705675 30.279118 1.634755
v 7.290792 30.163755 1.653904
v 7.292392 30.276255 1.611524
v 7.285263 31.312170 1.611122
v 7.702754 31.375593 1.551800
v 7.282103 31.424803 1.653415
v 7.289471 31.372732 1.528568
v 7.266488 31.721281 1.894728
v 7.698547 31.315016 1.634354
v 7.695386 31.427649 1.676647
v 7.677440 31.715620 1.960317
v 7.692550 29.870142 1.918679
v 7.690118 29.878647 1.961029
v 7.276834 29.875799 1.937797
v 7.264157 31.712759 1.937084
v 7.393476 31.372732 -0.321647
v 7.398547 31.312170 -0.404153
v 7.806760 31.375593 -0.298415
v 7.727058 30.674711 1.724665
v 7.465537 30.672598 0.911822
v 7.625638 30.673681 0.832896
v 7.887143 30.675795 1.645722
v 7.724879 30.989843 1.724543
v 7.884966 30.990911 1.645600
v 7.623462 30.988798 0.832773
v 7.463359 30.987730 0.911699
v -7.260323 29.700495 -8.815470
v -7.177652 29.836340 -8.694226
v -7.389459 29.459150 -8.659951
v -7.053044 29.459150 -8.890340
v -6.794959 29.471977 -9.070646
v -6.963912 29.587479 -8.771428
v -6.697789 29.600706 -8.957353
v -6.862051 29.536669 -8.611446
v -7.069333 29.778013 -8.536579
v -6.603967 29.549498 -8.791755
v -4.937588 29.177526 -9.829537
v -3.937111 28.592079 -10.351956
v -4.979505 29.217148 -10.027460
v -3.947861 28.613464 -10.566154
v -5.128580 29.100006 -10.108427
v -4.128101 28.514561 -10.630848
v -3.583293 28.086248 -10.884892
v -3.386081 28.171810 -10.828114
v -3.106439 27.823708 -11.138481
v -3.079399 26.846443 -10.885363
v -2.894374 27.901093 -11.089601
v -2.866492 26.893387 -10.828598
v -2.915448 27.901228 -10.859589
v -2.888406 26.923962 -10.606472
v -3.392305 28.163769 -10.606004
v -2.867964 25.863003 -10.325573
v -2.845412 25.799377 -10.538950
v -2.854978 24.809973 -10.041774
v -2.832019 24.713547 -10.246309
v -2.842564 24.251534 -9.895057
v -2.829507 23.894974 -9.804892
v -2.819220 24.137711 -10.095022
v -3.033555 24.174015 -10.173946
v -2.805756 23.770044 -10.002046
v -2.805773 23.707039 -9.984523
v -3.020496 23.817455 -10.083781
v -3.020514 23.756353 -10.066785
v -3.023727 23.749483 -10.062675
v -3.027241 23.735516 -10.056387
v -2.811060 23.666698 -9.969687
v -2.832738 23.827002 -9.783785
v -2.843312 23.663839 -9.946805
v -2.903493 23.679962 -9.910075
v -2.838580 23.831009 -9.780897
v -2.889698 23.883087 -9.760366
v -3.034869 23.935440 -9.675502
v -3.117479 23.797243 -9.796130
v -3.304107 24.105843 -9.538487
v -3.386716 23.967648 -9.659113
v -3.590452 24.352636 -9.410989
v -3.723462 24.616474 -9.393233
v -3.673063 24.214439 -9.531617
v -3.781443 24.275116 -9.689878
v -3.806071 24.478275 -9.513864
v -3.928123 24.597881 -9.463526
v -3.914453 24.538954 -9.672123
v -4.036502 24.658558 -9.621786
v -4.186285 24.725348 -9.537776
v -4.427968 24.777374 -9.386727
v -4.077905 24.664669 -9.379515
v -3.995295 24.802868 -9.258884
v -4.319588 24.716698 -9.228466
v -4.551311 24.688955 -9.062065
v -4.236976 24.854895 -9.107838
v -4.468701 24.827150 -8.941434
v -4.724400 24.681307 -8.725790
v -4.755525 24.548847 -8.883270
v -4.778433 24.514595 -8.642447
v -4.815390 24.408966 -8.803394
v -4.903432 24.232729 -8.478498
v -4.944285 24.118319 -8.634337
v -5.110161 23.963293 -8.262037
v -5.232067 23.818630 -8.138343
v -5.157450 23.840492 -8.411135
v -5.283154 23.691322 -8.283587
v -5.301152 23.885775 -8.540930
v -5.094425 24.155209 -8.757389
v -5.423058 23.741112 -8.417233
v -5.616721 23.593866 -8.243683
v -5.482850 23.539492 -8.104630
v -5.989193 23.498800 -7.962180
v -6.302156 23.478643 -7.742254
v -5.866925 23.441462 -7.814359
v -6.189635 23.420677 -7.587584
v -5.798203 23.576319 -7.683290
v -5.425730 23.671385 -7.964792
v -6.111166 23.556162 -7.463366
v -6.261606 23.544538 -7.357109
v -6.344766 23.408693 -7.478016
v -6.399465 23.556162 -7.265932
v -6.717648 23.576319 -7.053636
v -6.486915 23.420679 -7.384002
v -6.590454 23.478643 -7.544823
v -6.815012 23.441462 -7.165092
v -6.908638 23.498800 -7.332527
v -7.224493 23.539492 -6.911918
v -7.463536 23.691322 -6.790417
v -7.305748 23.593866 -7.087001
v -7.114757 23.671387 -6.808110
v -7.346580 23.818632 -6.690279
v -7.505976 23.963293 -6.621331
v -7.627897 23.840492 -6.719320
v -7.782531 24.232729 -6.506831
v -7.980579 24.514595 -6.449548
v -7.913065 24.118319 -6.601253
v -7.973524 24.155209 -6.785722
v -8.117283 24.408966 -6.542188
v -8.211336 24.532919 -6.512232
v -8.171570 24.437075 -6.728440
v -8.268808 24.603788 -6.708189
v -8.562300 24.749632 -6.547734
v -8.453920 24.688955 -6.389472
v -8.801218 24.777376 -6.391831
v -9.029415 24.725349 -6.221095
v -8.692839 24.716698 -6.233570
v -8.921036 24.664671 -6.062834
v -8.610226 24.854895 -6.112941
v -8.371309 24.827150 -6.268843
v -8.838423 24.802868 -5.942204
v -8.970898 24.736078 -5.832918
v -9.061953 24.616474 -5.737318
v -9.053509 24.597883 -5.953548
v -9.144564 24.478277 -5.857947
v -9.161888 24.658560 -6.111809
v -9.252943 24.538956 -6.016209
v -9.317579 24.275118 -5.898611
v -9.539965 24.028326 -5.677719
v -9.209202 24.214441 -5.740349
v -9.431587 23.967649 -5.519459
v -9.126589 24.352636 -5.619720
v -9.348974 24.105844 -5.398829
v -9.574051 23.935442 -5.197327
v -9.656660 23.797245 -5.317958
v -9.705654 23.883091 -5.092650
v -9.748081 23.827003 -5.048007
v -9.788782 23.748901 -5.214040
v -9.896645 23.805571 -5.371542
v -9.939840 23.699957 -5.096987
v -9.939072 23.749485 -5.326899
v -9.961334 23.770048 -5.101749
v -10.043156 24.137712 -5.147912
v -9.768927 23.894978 -5.052624
v -9.959915 23.817457 -5.331516
v -10.039265 24.174017 -5.376284
v -10.171576 24.732456 -5.440895
v -10.179586 24.713549 -5.214535
v -10.431490 25.785486 -5.555594
v -10.447598 25.799379 -5.332808
v -10.685999 26.846445 -5.676197
v -10.710037 26.893389 -5.457165
v -10.912226 27.823709 -5.792907
v -10.943310 27.901094 -5.577512
v -10.503412 28.086250 -6.145845
v -10.069605 28.514563 -6.561977
v -10.521761 28.171812 -5.941444
v -10.074438 28.613466 -6.370540
v -10.312422 28.163771 -5.866956
v -9.878613 28.592081 -6.283087
v -10.721235 27.901230 -5.514015
v -10.495008 26.923964 -5.397306
v -10.240498 25.863005 -5.276704
v -9.980583 24.809975 -5.162004
v -9.848274 24.251535 -5.097392
v -9.029856 29.177528 -7.027061
v -7.459877 29.549498 -8.205606
v -9.199247 29.217150 -7.137688
v -9.220846 29.100008 -7.305951
v -7.580364 29.600706 -8.352947
v -7.650868 29.471979 -8.484499
v -7.310813 29.587479 -8.533865
v -7.198471 29.536669 -8.381063
v -9.765041 23.857924 -5.476218
v -8.077816 24.681307 -6.429296
v -7.696967 23.885775 -6.900220
v -7.537571 23.741112 -6.969170
v -6.452596 23.467018 -7.635997
v -4.969424 24.437075 -8.921339
v -4.915392 24.603788 -9.004680
v -4.659692 24.749632 -9.220325
v -3.845511 24.736078 -9.342896
v -3.495097 24.028324 -9.817376
v -3.225860 23.857920 -9.954392
v -3.075567 23.766048 -10.031779
v -2.829524 23.833872 -9.787895
v -3.045970 24.732454 -10.320665
v -3.058955 25.785484 -10.604464
v 0.330119 29.700495 10.587112
v 0.309271 29.836340 10.441854
v 0.514536 29.459152 10.504332
v 0.111045 29.459152 10.563071
v -0.200066 29.471979 10.611336
v 0.083373 29.587481 10.417066
v -0.237429 29.600708 10.466831
v 0.062349 29.536671 10.228578
v 0.281427 29.778013 10.252615
v -0.248761 29.549498 10.276840
v -2.201847 29.177530 10.474957
v -3.330148 28.592081 10.503533
v -2.251354 29.217150 10.671122
v -2.153153 29.100010 10.809453
v -3.414804 28.613466 10.700588
v -3.281453 28.514563 10.838028
v -4.034539 28.171812 10.688454
v -3.882466 28.086252 10.826261
v -3.931161 28.163771 10.491766
v -4.591151 27.901094 10.706743
v -4.501271 26.893389 10.460124
v -4.422266 27.823711 10.843999
v -4.470959 27.901232 10.509504
v -4.383798 26.923965 10.270338
v -4.278477 25.863005 10.009128
v -4.392672 25.799379 10.190780
v -4.165189 24.809977 9.748597
v -4.275857 24.713549 9.922134
v -4.111740 24.251535 9.611399
v -4.220740 24.137712 9.780662
v -4.083766 23.894978 9.524693
v -4.191894 23.770048 9.691257
v -4.076264 23.833876 9.509441
v -4.071573 23.827005 9.507165
v -4.184160 23.707043 9.675529
v -4.027570 23.756357 9.843936
v -4.172882 23.666700 9.664539
v -4.022879 23.749487 9.841660
v -4.133851 23.663843 9.658194
v -4.063647 23.679966 9.651711
v -4.065055 23.831013 9.507146
v -4.016953 23.735518 9.837561
v -3.962732 23.766050 9.836743
v -3.793718 23.857924 9.833430
v -3.821347 23.797247 9.643617
v -3.491653 24.028326 9.828949
v -3.178421 24.275120 9.840543
v -3.519286 23.967649 9.639135
v -3.540347 24.105846 9.494452
v -3.206053 24.214443 9.650730
v -3.078811 24.478279 9.693351
v -3.227114 24.352638 9.506049
v -3.099874 24.616476 9.548670
v -2.968129 24.736078 9.557208
v -2.796655 24.802870 9.547724
v -2.947065 24.597883 9.701890
v -2.919433 24.658560 9.891703
v -2.775593 24.664673 9.692408
v -2.747962 24.725351 9.882219
v -2.492092 24.716700 9.663193
v -2.464460 24.777376 9.853004
v -2.210773 24.688955 9.615810
v -2.513154 24.854895 9.518512
v -2.231835 24.827150 9.471128
v -1.907308 24.681307 9.390086
v -1.948701 24.548849 9.545188
v -1.822101 24.514597 9.339046
v -1.859779 24.408968 9.499827
v -1.637685 24.232729 9.246877
v -1.669621 24.118319 9.404788
v -1.356769 23.963295 9.143542
v -1.192855 23.818632 9.086154
v -1.379953 23.840494 9.298232
v -1.308075 23.885775 9.478037
v -1.210931 23.691324 9.239056
v -1.144160 23.741114 9.420649
v -0.952843 23.539494 9.166299
v -0.480196 23.441463 9.074775
v -0.942561 23.671387 9.015594
v -0.893869 23.593868 9.350089
v -0.435498 23.498800 9.261330
v -0.057676 23.478643 9.201656
v 0.124185 23.467020 9.172488
v -0.090603 23.420679 9.013242
v -0.106370 23.556162 8.867163
v 0.096920 23.408693 8.983168
v 0.075492 23.544538 8.837994
v 0.265945 23.420679 8.961338
v 0.288103 23.478643 9.151320
v 0.656910 23.441463 8.909240
v 0.239409 23.556162 8.816825
v 0.618563 23.576319 8.766302
v 1.083213 23.671387 8.720693
v 1.136035 23.539494 8.862209
v 1.343233 23.818632 8.716964
v 1.404155 23.691324 8.858364
v 1.516707 23.963295 8.725233
v 1.583034 23.840494 8.866893
v 1.815427 24.232729 8.744188
v 1.891058 24.118319 8.886440
v 2.018466 24.514597 8.779954
v 2.114689 24.681307 8.804582
v 2.100420 24.408968 8.923318
v 2.198058 24.532921 8.937831
v 2.067161 24.437077 9.114449
v 2.163383 24.603788 9.139077
v 1.864122 24.155210 9.078683
v 1.565403 23.885775 9.059729
v 1.391928 23.741114 9.051456
v 1.131906 23.593868 9.055187
v 0.667256 23.498800 9.100797
v 2.497545 24.749632 9.124228
v 2.780697 24.777376 9.089439
v 2.469914 24.688955 8.934417
v 2.448852 24.827150 8.789734
v 2.753066 24.716700 8.899626
v 3.033129 24.664673 8.846798
v 2.732004 24.854895 8.754945
v 3.012066 24.802870 8.702117
v 3.179126 24.736078 8.662319
v 3.200189 24.597883 8.807001
v 3.302971 24.616476 8.616570
v 3.324033 24.478279 8.761254
v 3.412780 24.352638 8.539443
v 3.433842 24.214443 8.684123
v 3.709706 24.105846 8.439024
v 4.000509 23.935442 8.357199
v 3.730768 23.967649 8.583704
v 3.758400 24.028326 8.773519
v 4.021570 23.797247 8.501880
v 4.049202 23.857924 8.691694
v 4.185951 23.748903 8.466745
v 4.213451 23.805573 8.655650
v 4.373116 23.699959 8.428159
v 4.164757 23.883091 8.321156
v 4.222507 23.827005 8.299751
v 4.239190 23.894978 8.313076
v 4.390319 23.770048 8.441896
v 4.290722 24.251535 8.388205
v 4.381071 24.809977 8.504470
v 4.443458 24.137712 8.519366
v 4.536621 24.713549 8.639254
v 4.339415 24.174017 8.722700
v 4.287883 23.817459 8.647570
v 4.429766 24.732458 8.838965
v 4.612632 25.785486 9.056383
v 4.725183 25.799379 8.863444
v 4.788052 26.846447 9.276723
v 4.906067 26.893389 9.090646
v 4.939785 27.823711 9.481113
v 5.062529 27.901094 9.301404
v 4.417336 28.086252 9.618013
v 4.523804 28.171812 9.442569
v 3.844623 28.514563 9.800647
v 3.933250 28.613466 9.630891
v 2.755003 29.100010 10.094945
v 2.809690 29.217150 9.934357
v 0.826495 29.471979 10.461893
v 0.821107 29.600708 10.312735
v 0.499432 29.587481 10.356497
v 0.777799 29.549498 10.127398
v 0.465842 29.536671 10.169838
v 2.706308 29.177530 9.760450
v 3.795929 28.592081 9.466152
v 4.368643 28.163771 9.283519
v 4.891092 27.901232 9.146618
v 4.739357 26.923965 8.942227
v 4.563937 25.863005 8.721889
v 4.271200 23.749487 8.634247
v 3.461474 24.275120 8.873938
v 3.351665 24.538958 8.951065
v 3.227820 24.658560 8.996813
v 3.060761 24.725351 9.036611
v -0.484192 23.576319 8.926835
v -1.588992 24.155210 9.581371
v -1.773407 24.437077 9.673541
v -1.858615 24.603788 9.724581
v -2.183141 24.749632 9.805623
v -3.051178 24.538958 9.883164
v -3.842411 23.935442 9.498936
v -4.010120 23.883091 9.511217
v -4.035070 23.817459 9.859188
v -4.063044 24.174017 9.945891
v -4.116494 24.732458 10.083093
v -4.229784 25.785486 10.343621
v -4.335103 26.846447 10.604830
v 8.781166 29.700495 -3.795228
v 8.643877 29.836340 -3.743402
v 8.660399 29.459150 -3.957329
v 8.805162 29.459150 -3.576149
v 8.919684 29.471979 -3.282884
v 8.668619 29.587479 -3.517501
v 8.786709 29.600706 -3.215100
v 8.489162 29.536669 -3.456139
v 8.465166 29.778013 -3.675218
v 8.603683 29.549498 -3.162875
v 9.220254 29.177528 -1.299105
v 9.492609 28.592081 -0.203794
v 9.422483 29.217150 -1.293274
v 9.703323 28.613466 -0.163844
v 9.536253 29.100008 -1.419114
v 9.808609 28.514563 -0.323803
v 9.927336 28.086252 0.265484
v 10.061605 27.823711 0.788616
v 9.825748 28.171812 0.443800
v 9.964201 27.901094 0.983227
v 9.611336 28.163771 0.385494
v 9.745605 27.901232 0.908625
v 9.493233 26.923965 0.875350
v 9.215410 25.863005 0.829128
v 9.703968 26.893389 0.948916
v 9.417492 25.799379 0.901253
v 9.809233 26.846447 0.755343
v 9.531408 25.785486 0.709120
v 9.252522 24.732458 0.654968
v 9.129915 24.713549 0.845415
v 9.107002 24.174017 0.632512
v 8.979861 24.137712 0.822261
v 9.016296 23.817459 0.623988
v 8.999781 23.756357 0.619973
v 8.886330 23.770048 0.813471
v 8.869302 23.707043 0.809330
v 8.700296 23.894978 0.743998
v 8.791002 24.251535 0.752522
v 8.683781 23.833876 0.739982
v 8.680544 23.827005 0.735893
v 8.856127 23.666700 0.800701
v 8.679111 23.831011 0.729534
v 8.841476 23.663841 0.763971
v 8.671185 23.883091 0.675020
v 8.819938 23.679966 0.696838
v 8.622860 23.935442 0.513958
v 8.759540 23.797245 0.462049
v 8.553038 24.105844 0.220041
v 8.689719 23.967649 0.168132
v 8.496492 24.352636 -0.088263
v 8.510534 24.616474 -0.221717
v 8.633173 24.214443 -0.140172
v 8.812493 24.275118 -0.208273
v 8.647215 24.478277 -0.273626
v 8.627007 24.597883 -0.404093
v 8.826531 24.538956 -0.341727
v 8.806324 24.658560 -0.472194
v 8.759914 24.725349 -0.637538
v 8.669971 24.777376 -0.907975
v 8.580596 24.664671 -0.569438
v 8.443914 24.802868 -0.517529
v 8.490653 24.716698 -0.839875
v 8.383446 24.688955 -1.104246
v 8.353971 24.854895 -0.787966
v 8.246763 24.827150 -1.052338
v 8.097334 24.681307 -1.351597
v 8.257721 24.548847 -1.344794
v 8.029045 24.514595 -1.423723
v 8.194170 24.408966 -1.421774
v 7.899113 24.232729 -1.583788
v 8.060188 24.118319 -1.586826
v 7.737367 23.963293 -1.835644
v 7.645829 23.818632 -1.983231
v 7.893406 23.840494 -1.846524
v 7.799016 23.691324 -1.998711
v 8.053368 23.885775 -1.955652
v 8.215111 24.155210 -1.703797
v 7.961829 23.741114 -2.103240
v 7.838715 23.593868 -2.332300
v 7.672068 23.539492 -2.234906
v 7.652753 23.498800 -2.760552
v 7.512638 23.478643 -3.116470
v 7.480315 23.441463 -2.676498
v 7.335835 23.420679 -3.043502
v 7.336755 23.576319 -2.640543
v 7.522716 23.671387 -2.212292
v 7.196640 23.556162 -2.996461
v 7.128763 23.544538 -3.167683
v 7.265843 23.408693 -3.220058
v 7.072581 23.556162 -3.323121
v 6.941111 23.576319 -3.682322
v 7.207913 23.420679 -3.380338
v 7.388582 23.478643 -3.443130
v 7.072346 23.441462 -3.750726
v 7.257109 23.498800 -3.802330
v 6.922626 23.539492 -4.208282
v 7.111912 23.593866 -4.246063
v 6.860779 23.691322 -4.469202
v 6.795912 23.671387 -4.126053
v 6.735936 23.818632 -4.379092
v 6.706426 23.963293 -4.550236
v 6.660210 24.232729 -4.845966
v 6.830351 23.840492 -4.645677
v 7.022425 23.885775 -4.670245
v 6.782696 24.118319 -4.950620
v 6.976209 24.155209 -4.965977
v 6.773338 24.408966 -5.162999
v 6.651135 24.514595 -5.051931
v 6.766353 24.532919 -5.261461
v 6.967136 24.437075 -5.171942
v 6.970331 24.603788 -5.271214
v 6.883437 24.749632 -5.594221
v 6.704118 24.688955 -5.526122
v 6.788125 24.777376 -5.863112
v 6.675872 24.725349 -6.125076
v 6.608806 24.716698 -5.795011
v 6.496555 24.664671 -6.056976
v 6.472124 24.854895 -5.743104
v 6.359874 24.802868 -6.005068
v 6.567438 24.827150 -5.474213
v 6.654332 24.681307 -5.151206
v 6.284825 24.736078 -6.159537
v 6.213335 24.616474 -6.270526
v 6.421507 24.597883 -6.211444
v 6.350015 24.478277 -6.322435
v 6.600825 24.658560 -6.279544
v 6.529333 24.538956 -6.390534
v 6.430244 24.275118 -6.481027
v 6.267879 24.028326 -6.749141
v 6.250925 24.214441 -6.412925
v 6.088560 23.967649 -6.681039
v 6.114244 24.352636 -6.361017
v 5.951878 24.105844 -6.629133
v 5.808992 23.935442 -6.895301
v 5.945673 23.797245 -6.947207
v 5.738219 23.883091 -7.047840
v 5.704811 23.827003 -7.099577
v 5.875761 23.748901 -7.100072
v 6.054220 23.805571 -7.167849
v 5.797537 23.699957 -7.274430
v 6.020810 23.749485 -7.219587
v 5.807221 23.770048 -7.294201
v 5.871338 24.137712 -7.362863
v 5.714204 23.894978 -7.118752
v 6.030204 23.817457 -7.238761
v 6.092383 24.174017 -7.305347
v 6.186313 24.732456 -7.418741
v 5.968193 24.713549 -7.479788
v 6.358946 25.785486 -7.644371
v 6.146205 25.799379 -7.712446
v 6.536046 26.846445 -7.863362
v 6.328822 26.893389 -7.938258
v 6.702708 27.823709 -8.055776
v 6.500674 27.901094 -8.136667
v 6.949549 28.086250 -7.575397
v 7.251928 28.514563 -7.055856
v 6.755204 28.171812 -7.641324
v 7.067003 28.613466 -7.105599
v 6.633550 28.163771 -7.455387
v 6.935930 28.592081 -6.935846
v 6.386708 27.901230 -7.935767
v 6.220046 26.923964 -7.743352
v 6.042946 25.863005 -7.524359
v 5.870314 24.809975 -7.298732
v 5.776385 24.251535 -7.185338
v 7.459315 29.177528 -5.935872
v 8.235379 29.549498 -4.132675
v 7.606694 29.217150 -6.074474
v 7.775314 29.100008 -6.055880
v 8.406929 29.600706 -4.215107
v 8.551378 29.471979 -4.252683
v 8.519346 29.587479 -3.910553
v 8.344398 29.536669 -3.837321
v 6.124992 23.857924 -7.015309
v 7.051935 23.741112 -4.499101
v 7.444761 23.467020 -3.287692
v 8.345046 24.437075 -1.543732
v 8.413334 24.603788 -1.471606
v 8.562763 24.749632 -1.172347
v 8.490326 24.736078 -0.352186
v 8.869037 24.028326 0.100031
v 8.938858 23.857924 0.393948
v 8.978710 23.766050 0.558229
v 8.991258 23.735518 0.610988
v 8.996542 23.749485 0.615883
v 8.936522 24.809977 0.774978
v 1.922063 29.700493 -10.218147
v 1.878682 29.836340 -10.077959
v 1.719963 29.459148 -10.222338
v 2.109725 29.459150 -10.102590
v 2.072195 29.587479 -9.958802
v 2.411527 29.471979 -10.012946
v 2.383395 29.600706 -9.866366
v 4.261243 29.100008 -9.355415
v 5.293045 28.514563 -8.897960
v 4.290729 29.217150 -9.188354
v 5.354673 28.613466 -8.716647
v 4.161971 29.177528 -9.032302
v 2.312255 29.549498 -9.689831
v 5.193774 28.592081 -8.574846
v 5.731826 28.163771 -8.306783
v 5.909484 28.171812 -8.440235
v 6.227197 27.901230 -8.091603
v 6.420287 27.901094 -8.218352
v 6.045992 26.923964 -7.912817
v 5.838943 25.863005 -7.721892
v 6.233438 26.893389 -8.033997
v 6.019938 25.799379 -7.837127
v 6.145263 26.846445 -8.235932
v 5.938213 25.785486 -8.045009
v 6.326467 27.823709 -8.414718
v 5.831097 28.086250 -8.629897
v 5.724250 24.732456 -7.858110
v 5.799311 24.713549 -7.644406
v 5.617186 24.174017 -7.757027
v 5.554771 23.817457 -7.690660
v 5.688910 24.137712 -7.540174
v 5.624550 23.770048 -7.471743
v 5.517915 24.251535 -7.433913
v 5.455501 23.894978 -7.367546
v 5.624980 24.809975 -7.534995
v 5.442191 23.833876 -7.356976
v 5.610828 23.707043 -7.460843
v 5.436975 23.827003 -7.356930
v 5.595928 23.666700 -7.455741
v 5.431077 23.831011 -7.359704
v 5.557941 23.663841 -7.466727
v 5.383178 23.883091 -7.386915
v 5.491726 23.679966 -7.490938
v 5.226374 23.935442 -7.447649
v 4.951501 24.105844 -7.572980
v 5.269312 23.797245 -7.587406
v 5.325644 23.857924 -7.770763
v 4.994440 23.967649 -7.712737
v 5.050773 24.028326 -7.896094
v 4.716362 24.214441 -7.857380
v 4.673424 24.352636 -7.717621
v 4.772695 24.275118 -8.040737
v 4.619638 24.478277 -7.950395
v 4.675971 24.538956 -8.133749
v 4.576699 24.616474 -7.810636
v 4.504247 24.597883 -8.014541
v 4.345239 24.664671 -8.079416
v 4.461308 24.736078 -7.874783
v 4.560578 24.658560 -8.197896
v 4.401570 24.725349 -8.262772
v 4.132880 24.777376 -8.357804
v 3.858377 24.749632 -8.435483
v 4.076549 24.716698 -8.174448
v 3.802045 24.688955 -8.252129
v 4.033609 24.854895 -8.034692
v 4.302299 24.802868 -7.939658
v 3.759105 24.827150 -8.112370
v 3.431143 24.681307 -8.178139
v 3.332286 24.514595 -8.168516
v 3.534980 24.548847 -8.300565
v 3.435199 24.408966 -8.297661
v 3.530414 24.603788 -8.501253
v 3.431558 24.437075 -8.491630
v 3.225436 24.155209 -8.487332
v 3.222657 24.118319 -8.293231
v 2.927333 23.885775 -8.514279
v 2.915269 23.840492 -8.321016
v 2.754634 23.741112 -8.532634
v 2.737192 23.691322 -8.339939
v 2.498240 23.593866 -8.576078
v 2.472810 23.539492 -8.384739
v 2.046028 23.498800 -8.692204
v 1.679060 23.478643 -8.800111
v 2.006512 23.441462 -8.504481
v 1.946758 23.576319 -8.369088
v 1.628113 23.420677 -8.615752
v 1.445777 23.408693 -8.668893
v 1.579789 23.556162 -8.476998
v 1.402961 23.544538 -8.528537
v 1.245774 23.556162 -8.579616
v 1.283692 23.420677 -8.721567
v 0.881520 23.576319 -8.696362
v 0.442116 23.671385 -8.854168
v 0.908094 23.441462 -8.841948
v 0.980792 23.498800 -9.019475
v 0.455001 23.539492 -9.004670
v 0.211071 23.691322 -9.116038
v 0.541386 23.593866 -9.177282
v 0.304826 23.741112 -9.285287
v 0.151613 23.885775 -9.367064
v 0.053086 23.840492 -9.200364
v -0.110197 24.155209 -9.512141
v -0.278349 24.437075 -9.631425
v -0.216880 24.118319 -9.349961
v -0.390270 24.408966 -9.472961
v -0.209469 24.232729 -9.189026
v 0.052342 23.963293 -9.043949
v -0.377620 24.514595 -9.308311
v -0.454020 24.681307 -9.371779
v -0.472281 24.532919 -9.527894
v -0.762338 24.827150 -9.501493
v -0.719401 24.688955 -9.641252
v -1.033104 24.854895 -9.591335
v -0.990166 24.716698 -9.731096
v -1.308803 24.802868 -9.663559
v -1.476808 24.736076 -9.699150
v -1.265864 24.664669 -9.803316
v -1.209532 24.725348 -9.986672
v -1.433870 24.597881 -9.838908
v -1.377537 24.658558 -10.022265
v -1.565372 24.478275 -9.850616
v -1.509041 24.538954 -10.033973
v -1.608310 24.616472 -9.710856
v -1.697636 24.214439 -9.827955
v -1.641304 24.275116 -10.011311
v -2.008957 23.967648 -9.864392
v -1.740573 24.352634 -9.688197
v -2.051896 24.105843 -9.724635
v -2.349721 23.935440 -9.775252
v -2.306782 23.797243 -9.915013
v -2.513577 23.883087 -9.813036
v -2.470370 23.748899 -9.953675
v -2.574930 23.827002 -9.818431
v -2.584297 23.894974 -9.837616
v -2.656025 23.699955 -9.998970
v -2.475658 23.749483 -10.141543
v -2.665686 23.770044 -10.018754
v -2.485028 23.817455 -10.160730
v -2.680520 24.137711 -10.111518
v -2.499413 24.174015 -10.250693
v -2.598684 24.251534 -9.927577
v -2.713354 24.713547 -10.259754
v -2.787719 25.799377 -10.543104
v -2.531257 24.732454 -10.394452
v -2.630526 24.809973 -10.071337
v -2.702644 25.863003 -10.346127
v -2.766779 26.923962 -10.620367
v -2.853854 26.893387 -10.825889
v -2.816347 27.901228 -10.870052
v -2.285609 28.163769 -10.769980
v -2.904962 27.901093 -11.083351
v -2.357694 28.171810 -10.980162
v -2.717075 27.823708 -11.193169
v -2.667511 26.846443 -10.943484
v -2.186339 28.086248 -11.093096
v -1.590595 28.514561 -11.012822
v -1.743391 28.613464 -10.897388
v -0.479931 29.100006 -10.812050
v -0.598130 29.217148 -10.690361
v 1.419889 29.471977 -10.317606
v 1.360870 29.600704 -10.180515
v 1.320619 29.549498 -9.994492
v 1.670290 29.587477 -10.082280
v 1.620693 29.536669 -9.899223
v 1.822792 29.778013 -9.895033
v 2.010454 29.536669 -9.779476
v -0.579203 29.177526 -10.488935
v -1.689866 28.592079 -10.689706
v -2.603374 25.785484 -10.669242
v -2.414308 23.805569 -10.136151
v -2.250450 23.857920 -10.098369
v -1.952625 24.028324 -10.047750
v -0.933834 24.777374 -9.914452
v -0.663067 24.749630 -9.824608
v -0.354750 24.603788 -9.694894
v 0.205555 23.818630 -8.962173
v 1.345045 23.478643 -8.902730
v 1.502233 23.467018 -8.851648
v 2.398969 23.671387 -8.252964
v 2.655365 23.818632 -8.209516
v 2.828063 23.963293 -8.191165
v 3.126167 24.232729 -8.164218
v 5.479788 23.766050 -7.701365
v 5.529137 23.735518 -7.678877
v 5.536245 23.749485 -7.680046
v 5.541461 23.756355 -7.680090
v -8.542477 29.700495 7.793858
v -8.659847 29.459152 7.607320
v -8.441664 29.836340 7.687223
v -8.362989 29.459152 7.886843
v -8.135805 29.471979 8.104801
v -8.256586 29.587481 7.783103
v -8.022326 29.600708 8.007853
v -8.131268 29.536671 7.640748
v -8.310755 29.778013 7.547765
v -7.904082 29.549498 7.858707
v -6.417724 29.177530 9.141102
v -5.509800 28.592081 9.811592
v -6.489668 29.217150 9.330193
v -5.553461 28.613466 10.021570
v -6.649447 29.100010 9.387197
v -5.741525 28.514563 10.057689
v -5.242424 28.086252 10.392728
v -5.038810 28.171812 10.367047
v -4.810390 27.823711 10.716832
v -4.744630 26.846447 10.470917
v -4.593324 27.901094 10.701248
v -4.525516 26.893389 10.447671
v -4.578666 27.901232 10.470739
v -4.512907 26.923965 10.224822
v -5.010700 28.163771 10.146634
v -4.449380 25.863005 9.950440
v -4.460011 25.799379 10.164742
v -4.392774 24.809977 9.672041
v -4.401639 24.713549 9.877670
v -4.357879 24.251535 9.528995
v -4.365657 24.137712 9.730165
v -4.331068 23.894978 9.441921
v -4.338012 23.770048 9.640382
v -4.331006 23.827005 9.420571
v -4.383671 23.883091 9.388646
v -4.337946 23.699959 9.618366
v -4.562730 23.749487 9.666663
v -4.484530 23.748903 9.495760
v -4.615396 23.805573 9.634741
v -4.614243 23.797247 9.388848
v -4.859127 23.967649 9.211943
v -4.514016 23.935442 9.282403
v -4.745737 23.857924 9.528496
v -4.990621 24.028326 9.351592
v -5.253870 24.275120 9.181453
v -5.122377 24.214443 9.041804
v -5.382551 24.538958 9.143395
v -5.251057 24.478279 9.003745
v -5.495374 24.658560 9.074831
v -5.630409 24.725351 8.968724
v -5.363880 24.597883 8.935183
v -5.498913 24.664673 8.829075
v -5.263654 24.736078 8.828738
v -5.150828 24.616476 8.897302
v -5.398685 24.802870 8.722631
v -5.614178 24.854895 8.536111
v -5.714405 24.716700 8.642555
v -5.817460 24.827150 8.335958
v -6.036838 24.681307 8.083452
v -5.917690 24.688955 8.442404
v -6.049182 24.749632 8.582051
v -6.089378 24.532921 8.231591
v -6.268558 24.603788 8.329545
v -6.138709 24.408968 8.146093
v -6.077368 24.514597 7.992773
v -6.309091 24.437077 8.238867
v -6.239981 24.118319 7.959180
v -6.407306 24.155210 8.057600
v -6.416169 23.840494 7.705767
v -6.175582 24.232729 7.811507
v -6.346449 23.963295 7.565749
v -6.447815 23.818632 7.424730
v -6.612391 23.671387 7.223385
v -6.520697 23.691324 7.560357
v -6.679540 23.741114 7.670824
v -6.690399 23.539494 7.352738
v -6.844115 23.593868 7.469476
v -7.025104 23.441463 7.006697
v -7.168711 23.498800 7.133890
v -7.308971 23.420679 6.732859
v -6.936987 23.576319 6.887797
v -7.212276 23.556162 6.622232
v -7.330764 23.544538 6.507003
v -7.431147 23.408693 6.614042
v -7.466674 23.556162 6.382693
v -7.748301 23.576319 6.123857
v -7.571293 23.420679 6.485858
v -7.698397 23.478643 6.628784
v -7.861691 23.441463 6.218960
v -8.227222 23.539494 5.905655
v -7.980025 23.498800 6.369951
v -8.334513 23.593868 6.066109
v -8.545385 23.741114 5.913932
v -8.444664 23.691324 5.748736
v -8.692242 23.885775 5.821220
v -8.947823 24.155210 5.665434
v -8.596090 23.840494 5.653140
v -8.859638 24.118319 5.492499
v -8.460518 23.963295 5.575127
v -8.313662 23.818632 5.667837
v -8.716101 24.232729 5.419339
v -8.902943 24.514597 5.332195
v -8.995892 24.681307 5.297187
v -9.052298 24.408968 5.402639
v -9.134663 24.437077 5.578290
v -9.143110 24.548849 5.361194
v -9.227615 24.603788 5.543281
v -9.361355 24.688955 5.199827
v -9.261126 24.827150 5.093382
v -9.492849 24.749632 5.339476
v -9.573360 24.716700 5.008937
v -9.704857 24.777376 5.148586
v -9.772493 24.664673 4.805045
v -9.473133 24.854895 4.902493
v -9.672264 24.802870 4.698600
v -9.786299 24.736078 4.570190
v -9.861515 24.616476 4.461689
v -9.886528 24.597883 4.676635
v -9.961744 24.478279 4.568133
v -10.018019 24.658560 4.816283
v -9.903988 24.725351 4.944695
v -10.093239 24.538958 4.707782
v -10.138962 24.275120 4.581622
v -10.324612 24.028326 4.329072
v -10.007465 24.214443 4.441973
v -10.193119 23.967649 4.189423
v -9.907236 24.352638 4.335528
v -10.092890 24.105844 4.082977
v -10.284189 23.935442 3.849171
v -10.384420 23.797245 3.955615
v -10.398073 23.883091 3.725447
v -10.541393 23.679966 3.770864
v -10.429039 23.831011 3.679886
v -10.433105 23.827005 3.674794
v -10.590117 23.663841 3.719906
v -10.657936 23.735518 3.922978
v -10.619354 23.666700 3.693279
v -10.664831 23.749485 3.920888
v -10.634975 23.707043 3.691278
v -10.669529 23.756357 3.918626
v -10.652100 23.770048 3.694999
v -10.437807 23.833876 3.672532
v -10.454418 23.894978 3.676142
v -10.539721 24.251535 3.708133
v -10.680412 24.809977 3.751564
v -10.740061 24.137712 3.727988
v -10.771439 24.174017 3.954227
v -10.885138 24.713549 3.772771
v -11.168182 25.799379 3.848287
v -10.912132 24.732458 3.997658
v -11.186628 25.785486 4.070893
v -11.456697 26.846447 4.150793
v -11.446665 26.893389 3.930677
v -11.698219 27.823711 4.231212
v -11.695707 27.901094 4.013601
v -11.348736 28.086252 4.642984
v -10.984308 28.514563 5.121051
v -11.335340 28.171812 4.438201
v -10.959558 28.613466 4.931159
v -11.117014 28.163771 4.396892
v -10.752584 28.592081 4.874957
v -11.466496 27.901232 3.985118
v -11.224976 26.923965 3.904699
v -10.954906 25.863005 3.824799
v -10.028742 29.177530 5.740945
v -8.659342 29.549498 7.147552
v -10.213167 29.217150 5.824122
v -10.260468 29.100010 5.987041
v -8.801111 29.600708 7.274543
v -8.891064 29.471979 7.393645
v -8.562689 29.587481 7.494875
v -8.428122 29.536671 7.361228
v -10.686136 23.817459 3.922234
v -10.623587 23.766050 3.964943
v -10.515915 23.857924 4.095263
v -8.102789 23.671387 5.820016
v -7.562489 23.467020 6.753095
v -7.444000 23.478643 6.868326
v -6.578169 23.885775 7.811841
v -5.845899 24.777376 8.782206
v -5.022148 24.352638 8.935359
v -4.758896 24.105846 9.105499
v -4.562791 23.817459 9.688015
v -4.589600 24.174017 9.775085
v -4.624498 24.732458 9.918135
v -4.681106 25.785486 10.196534
v 10.133476 24.063416 7.174197
v 9.744841 31.736006 7.169851
v 10.291723 24.063417 -6.975579
v 10.207026 24.067142 7.175020
v 9.818390 31.739733 7.170673
v 10.365273 24.067142 -6.974756
v 9.976635 31.739733 -6.979104
v 9.903086 31.736010 -6.979927
v 6.319166 26.773230 -5.655269
v 2.479509 26.773230 -8.663738
v 8.140159 26.773230 -1.130028
v 4.030884 29.356070 -3.935902
v 6.237039 26.598852 -5.593558
v 8.038181 26.598852 -1.117651
v 5.558406 22.523348 -5.083642
v 2.439241 26.598852 -8.569231
v -2.337581 26.598852 -9.247344
v 2.106478 22.523348 -7.788314
v -2.235302 22.523346 -8.404666
v 4.549497 23.563593 -13.521535
v 2.910499 19.926748 -9.675170
v 10.540741 23.563597 -8.827246
v -2.986195 23.563593 -14.591287
v -2.482430 19.926746 -10.440743
v -10.047174 23.563593 -11.749885
v -7.535626 19.926748 -8.407288
v -14.741470 23.563597 -5.758656
v -6.303575 22.523348 -6.767557
v -6.813489 26.598852 -7.446194
v -9.008249 22.523348 -3.315636
v -9.789162 26.598852 -3.648403
v -9.624598 22.523348 1.026144
v -7.987492 22.523348 5.094415
v -15.811216 23.563599 1.777036
v -10.467278 26.598852 1.128422
v -8.666124 26.598852 5.604330
v -10.569254 26.773230 1.140799
v -8.748257 26.631142 5.666036
v -7.727858 29.356070 0.795928
v -9.883671 26.773230 -3.688673
v -7.250510 29.356070 -2.566639
v -6.875200 26.773230 -7.528324
v -2.349958 26.773230 -9.349319
v -5.155832 29.356070 -5.240040
v -2.005089 29.356070 -6.507924
v -4.428792 30.483198 -4.272423
v -6.137062 30.483198 -2.092182
v -1.859258 30.483198 -5.306425
v -3.525068 32.031338 -3.069663
v -4.753041 32.031338 -1.502427
v -1.677990 32.031338 -3.812949
v -1.214545 37.289463 0.005383
v -0.751101 32.031338 3.823718
v -2.722358 32.031338 3.543879
v -4.289597 32.031338 2.315906
v -5.032880 32.031338 0.468829
v 1.860504 32.031338 -2.305135
v 2.603788 32.031338 -0.458060
v 2.323948 32.031338 1.513197
v 1.095975 32.031338 3.080434
v 0.293266 32.031338 -3.533108
v 0.883021 30.483198 -4.917136
v 1.357478 29.356070 -6.030583
v 3.063262 30.483198 -3.208858
v 4.097265 30.483198 -0.639329
v 5.298765 29.356070 -0.785159
v 3.707975 30.483200 2.102953
v 4.821428 29.356070 2.577409
v 1.999697 30.483200 4.283188
v 2.726739 29.356070 5.250808
v -0.569833 30.483200 5.317196
v -3.312116 30.483200 4.927900
v -0.424002 29.356070 6.518696
v -3.786569 29.356070 6.041351
v -0.079132 26.631142 9.360092
v -4.908605 26.631142 8.674511
v -0.091509 26.598852 9.258117
v 4.446104 26.631142 7.539096
v 4.384398 26.598852 7.456967
v 7.454579 26.631142 3.699441
v 7.360075 26.598852 3.659173
v 6.579164 22.523348 3.326409
v 3.874484 22.523348 6.778332
v 12.312389 23.563599 5.769427
v 7.195506 22.523348 -1.015371
v 13.382126 23.563599 -1.766263
v 9.231573 19.926750 -1.262496
v 8.466013 19.926750 4.130429
v 7.198129 19.926750 -6.315697
v 4.406725 19.232578 -0.676887
v 3.994760 19.232578 2.225157
v 3.312486 19.232578 -3.396116
v 2.196439 16.783278 -0.408616
v 3.752992 14.739873 -0.597540
v 1.532452 16.783276 -2.058642
v 1.946455 16.783278 1.352344
v 0.849485 16.783278 2.752386
v 3.388932 14.739873 1.967007
v 1.791373 14.739873 4.005936
v 1.972000 12.249519 1.363229
v 2.224003 12.249519 -0.411960
v 1.167149 3.926346 1.020271
v 0.866164 12.249519 2.774586
v 0.340624 3.926347 2.075150
v -0.797197 12.249520 3.443939
v -0.902610 3.926347 2.575439
v -0.611618 14.739873 4.972927
v -2.572387 12.249519 3.191935
v -3.983741 12.249519 2.086098
v -3.176167 14.739873 4.608864
v -2.229426 3.926347 2.387085
v -3.284303 3.926346 1.560559
v -3.784595 3.926346 0.317326
v -4.653093 12.249519 0.422738
v -3.596240 3.926345 -1.009490
v -2.769714 3.926391 -2.064368
v -4.401091 12.249519 -1.352454
v -5.818019 14.739873 -1.956232
v -3.295257 12.249519 -2.763807
v -4.220467 14.739873 -3.995157
v -1.631896 12.249518 -3.433166
v -1.817474 14.739873 -4.962151
v 0.143295 12.249519 -3.181156
v -1.526482 3.926391 -2.564659
v -0.199664 3.926391 -2.376304
v 0.855215 3.926391 -1.549778
v 1.355503 3.926391 -0.306545
v 1.554651 12.249519 -2.075323
v 2.786004 14.739873 -3.000533
v 0.747073 14.739873 -4.598085
v 0.132410 16.783276 -3.155613
v -1.628549 16.783276 -3.405597
v 1.005224 19.232578 -5.203918
v -1.896820 19.232578 -5.615886
v -4.616050 19.232578 -4.521644
v -6.423852 19.232578 -2.214382
v -3.278574 16.783276 -2.741610
v -4.375545 16.783276 -1.341568
v -4.625531 16.783278 0.419391
v -3.961541 16.783278 2.069418
v -6.182084 14.739873 0.608315
v -6.835815 19.232578 0.687660
v -5.741579 19.232578 3.406891
v -11.660667 19.926750 1.273269
v -10.895107 19.926750 -4.119658
v -9.627224 19.926750 6.326468
v -5.339586 19.926750 9.685946
v -12.969820 23.563599 8.838018
v -6.978587 23.563599 13.532310
v 0.557104 23.563601 14.602060
v -4.535569 22.523348 7.799091
v -4.868333 26.598852 8.580004
v -0.193787 22.523348 8.415440
v 7.618086 23.563601 11.760660
v 0.053337 19.926750 10.451517
v 5.106538 19.926750 8.418064
v -0.532273 19.232580 5.626661
v -3.434316 19.232580 5.214694
v -0.800543 16.783278 3.416374
v 2.186957 19.232580 4.532420
v -2.561500 16.783278 3.166389
v -5.215092 14.739873 3.011308
v -6.459965 29.356070 3.946671
v -5.492349 30.483200 3.219629
v -6.526360 30.483198 0.650098
vn -0.1132 0.9827 -0.1464
vn 0.1766 0.9827 -0.0550
vn 0.2988 0.8853 -0.3564
vn -0.1533 0.9768 0.1494
vn 0.2993 0.9418 0.1530
vn 0.7153 0.6922 -0.0957
vn 0.8124 0.5740 0.1026
vn 0.7562 0.6116 -0.2328
vn 0.9447 0.3088 -0.1106
vn 0.9543 0.2988 0.0020
vn 0.9240 0.3498 0.1543
vn 0.9963 0.0391 0.0767
vn 0.9952 0.0698 -0.0685
vn 0.7194 0.6473 0.2518
vn 0.9252 0.3270 0.1927
vn 0.7343 0.6416 0.2218
vn 0.8565 0.4424 0.2661
vn 0.3037 0.9262 0.2235
vn 0.5825 0.7996 0.1464
vn 0.8150 0.5169 0.2619
vn 0.8919 0.1156 0.4372
vn 0.9444 0.0219 0.3281
vn 0.8580 0.2420 0.4531
vn 0.8127 -0.3185 0.4879
vn 0.7449 -0.0874 0.6614
vn 0.7550 -0.2558 0.6037
vn 0.8425 0.2821 0.4589
vn 0.6983 0.0449 0.7144
vn 0.8136 0.5299 0.2392
vn 0.6004 0.1616 0.7832
vn 0.2314 -0.0917 0.9685
vn 0.3576 -0.2394 0.9027
vn -0.1493 0.0971 0.9840
vn -0.0768 -0.3754 0.9237
vn -0.1118 -0.1738 0.9784
vn -0.4490 -0.1841 0.8744
vn -0.1545 0.9749 0.1605
vn -0.8295 0.2999 0.4712
vn 0.5653 0.4892 0.6641
vn -0.8081 -0.0296 0.5884
vn -0.9678 0.1707 0.1850
vn -0.8500 -0.1654 0.5002
vn -0.9776 0.0351 0.2073
vn -0.9595 0.2810 -0.0200
vn -0.9800 -0.0075 0.1988
vn -0.9571 0.2896 -0.0057
vn -0.8445 -0.3032 0.4415
vn -0.9611 0.2759 0.0162
vn -0.9741 -0.1377 0.1791
vn -0.9812 0.1929 0.0118
vn -0.7884 0.6136 -0.0433
vn -0.6957 0.6951 -0.1812
vn -0.3480 0.9338 -0.0827
vn -0.2462 0.9214 -0.3007
vn -0.6805 0.6674 -0.3025
vn -0.7050 0.6075 -0.3659
vn -0.2247 0.8421 -0.4903
vn -0.2219 0.7530 -0.6194
vn -0.6704 0.6205 -0.4069
vn -0.9384 0.3455 0.0068
vn -0.1982 0.7314 -0.6525
vn -0.7308 0.6235 -0.2778
vn -0.8795 0.4753 0.0244
vn -0.4062 0.7914 -0.4568
vn -0.0086 0.7440 -0.6681
vn -0.0105 0.7504 -0.6609
vn 0.1663 0.7809 -0.6021
vn 0.2915 0.8862 -0.3602
vn 0.5889 0.8026 -0.0952
vn 0.6849 0.6876 0.2409
vn 0.7782 0.5785 0.2443
vn 0.8038 0.4112 0.4299
vn 0.5680 0.7886 -0.2357
vn 0.8218 0.5228 0.2265
vn 0.5927 0.7836 -0.1863
vn 0.1742 0.8067 -0.5647
vn 0.1189 0.8887 -0.4428
vn -0.0330 0.8222 -0.5682
vn -0.0748 0.9268 -0.3680
vn 0.0675 0.9640 -0.2572
vn -0.1143 0.9837 -0.1391
vn -0.1550 0.9741 0.1648
vn 0.1007 0.9947 -0.0206
vn 0.5117 0.8590 -0.0141
vn 0.5373 0.8327 -0.1341
vn 0.2501 0.9241 0.2890
vn -0.5649 0.8245 0.0334
vn -0.5509 0.8154 0.1781
vn -0.5836 0.8058 0.1007
vn -0.9039 0.4270 0.0273
vn -0.9898 0.0900 -0.1104
vn -0.9311 0.3374 -0.1387
vn -0.9081 0.4188 -0.0054
vn -0.9951 0.0664 -0.0730
vn -0.9692 -0.2378 0.0634
vn -0.9548 -0.2257 -0.1933
vn -0.9697 -0.2381 -0.0545
vn -0.8345 -0.5510 0.0002
vn -0.7405 -0.6579 0.1375
vn -0.8007 -0.5375 0.2647
vn -0.3873 -0.8229 0.4157
vn -0.4110 -0.7009 0.5830
vn -0.7944 -0.4661 0.3894
vn -0.4438 -0.5396 0.7155
vn -0.5098 -0.3572 0.7826
vn -0.0279 -0.6053 0.7955
vn 0.3620 -0.4303 0.8269
vn 0.4092 -0.5896 0.6964
vn 0.0133 -0.7602 0.6495
vn 0.4637 -0.7074 0.5334
vn 0.0526 -0.8761 0.4793
vn -0.3033 -0.9105 0.2812
vn 0.4446 -0.8089 0.3847
vn 0.0773 -0.9316 0.3551
vn 0.1066 -0.9765 0.1876
vn -0.4706 -0.8791 0.0753
vn -0.3665 -0.9243 -0.1066
vn 0.6103 -0.7917 0.0284
vn 0.6465 -0.7275 0.2298
vn 0.1352 -0.9908 -0.0053
vn -0.7492 -0.6470 -0.1419
vn 0.1585 -0.9676 -0.1966
vn -0.7756 -0.5683 -0.2746
vn -0.4103 -0.8590 -0.3064
vn 0.1871 -0.8068 -0.5604
vn 0.6869 -0.7101 -0.1544
vn 0.7070 -0.6047 -0.3667
vn 0.9378 -0.2766 -0.2096
vn 0.9414 -0.3352 -0.0370
vn 0.8996 -0.0862 -0.4280
vn 0.9639 0.1113 -0.2418
vn 0.6364 -0.3369 -0.6939
vn 0.8554 0.0295 -0.5172
vn 0.6009 0.0157 -0.7991
vn 0.1386 -0.0117 -0.9903
vn 0.1785 -0.3980 -0.8998
vn -0.3172 -0.4663 -0.8258
vn -0.3484 -0.1132 -0.9305
vn -0.6633 -0.1765 -0.7273
vn -0.6977 -0.3031 -0.6491
vn -0.7416 -0.5046 -0.4420
vn -0.3999 -0.7549 -0.5198
vn -0.8587 -0.1360 -0.4940
vn -0.9231 -0.1905 -0.3340
vn -0.9275 0.0545 -0.3699
vn -0.9640 0.0386 -0.2632
vn -0.8191 0.4839 -0.3080
vn -0.4063 0.9036 -0.1357
vn -0.4137 0.7886 -0.4549
vn -0.7994 0.4005 -0.4479
vn -0.0591 0.8921 -0.4480
vn -0.7804 0.2469 -0.5744
vn -0.3778 0.5829 -0.7194
vn -0.7097 0.0080 -0.7044
vn -0.3559 0.2394 -0.9034
vn -0.0007 0.7160 -0.6981
vn 0.0652 0.4352 -0.8980
vn 0.5084 0.3567 -0.7838
vn 0.3898 0.6871 -0.6132
vn 0.8126 0.4631 -0.3540
vn 0.8441 0.2189 -0.4895
vn 0.9020 -0.4229 0.0865
vn 0.9182 -0.3130 0.2426
vn 0.9763 0.0261 0.2146
vn 0.8223 -0.4458 0.3537
vn 0.1542 0.5380 -0.8287
vn 0.7153 0.3763 -0.5889
vn 0.4428 -0.2029 -0.8734
vn 0.0946 0.8363 -0.5401
vn 0.7012 0.6560 -0.2791
vn 0.9714 -0.0679 -0.2275
vn 0.5922 -0.3994 -0.6998
vn -0.2609 -0.5464 -0.7959
vn 0.5421 -0.6451 -0.5384
vn -0.1514 -0.3054 -0.9401
vn -0.6538 0.1398 -0.7437
vn -0.1688 -0.7672 -0.6188
vn -0.8201 -0.3770 -0.4305
vn -0.5685 -0.8195 -0.0722
vn -0.8002 0.3972 -0.4493
vn -0.9793 -0.1691 -0.1113
vn -0.2464 0.7783 -0.5775
vn -0.3086 0.9291 -0.2040
vn -0.8087 0.5822 -0.0842
vn -0.3217 0.8262 0.4625
vn -0.5421 0.6451 0.5385
vn -0.9714 0.0679 0.2275
vn -0.5922 0.3994 0.6998
vn -0.7008 -0.6566 0.2789
vn -0.7153 -0.3763 0.5889
vn 0.1511 0.3055 0.9401
vn 0.2609 0.5464 0.7959
vn -0.4427 0.2029 0.8734
vn 0.1689 0.7672 0.6188
vn -0.1542 -0.5380 0.8287
vn -0.1601 0.1525 0.9753
vn 0.8201 0.3770 0.4305
vn -0.0768 0.8682 0.4902
vn 0.5685 0.8195 0.0722
vn 0.9793 0.1691 0.1111
vn 0.6538 -0.1398 0.7436
vn 0.7999 -0.3965 0.4506
vn 0.1405 -0.4871 0.8620
vn 0.2464 -0.7773 0.5789
vn 0.3085 -0.9291 0.2041
vn -0.4228 -0.7942 0.4363
vn -0.2982 -0.9512 0.0792
vn -0.7338 -0.6378 -0.2342
vn -0.8941 -0.4387 0.0899
vn -0.4769 -0.4959 0.7257
vn -0.9014 -0.1627 0.4013
vn -0.7945 -0.1301 -0.5932
vn -0.9466 0.1210 -0.2988
vn -0.9357 0.3500 0.0448
vn -0.5566 0.6244 -0.5481
vn -0.4449 0.3365 -0.8300
vn -0.5710 0.8015 -0.1778
vn -0.5627 0.6087 0.5594
vn 0.0208 0.9858 -0.1667
vn -0.3634 0.8062 0.4669
vn 0.1181 0.2744 0.9543
vn 0.2570 0.5076 0.8224
vn 0.7945 0.1301 0.5932
vn 0.4449 -0.3364 0.8300
vn 0.9467 -0.1213 0.2985
vn 0.5566 -0.6253 0.5470
vn 0.9357 -0.3499 -0.0449
vn -0.0945 -0.8367 0.5394
vn 0.5710 -0.8015 0.1778
vn 0.5815 -0.3632 -0.7280
vn 0.5627 -0.6087 -0.5593
vn 0.9013 0.1628 -0.4013
vn -0.1951 -0.7389 -0.6450
vn -0.2570 -0.5076 -0.8224
vn 0.3634 -0.8062 -0.4669
vn -0.1181 -0.2744 -0.9543
vn 0.0768 -0.8682 -0.4902
vn -0.0208 -0.9858 0.1667
vn 0.1601 -0.1525 -0.9753
vn 0.0329 -0.8629 -0.5043
vn 0.3217 -0.8262 -0.4626
vn 0.4050 -0.1841 -0.8956
vn 0.8087 -0.5822 0.0841
vn 0.1133 -0.1605 -0.9805
vn -0.1405 0.4871 -0.8620
vn 0.4769 0.4959 -0.7258
vn 0.4228 0.7944 -0.4360
vn 0.8939 0.4393 -0.0892
vn 0.7338 0.6378 0.2342
vn 0.1951 0.7389 0.6450
vn 0.2982 0.9512 -0.0792
vn -0.0329 0.8629 0.5043
vn -0.5816 0.3632 0.7279
vn -0.4049 0.1841 0.8956
vn -0.1134 0.1605 0.9805
vn 0.9836 0.1283 0.1270
vn 0.7231 0.6523 -0.2270
vn 0.9836 0.1282 0.1271
vn 0.7846 -0.4583 0.4176
vn 0.8507 -0.3651 0.3783
vn 0.9707 0.2312 0.0653
vn 0.6376 0.7167 -0.2825
vn 0.1253 0.8688 -0.4791
vn 0.1251 0.8688 -0.4792
vn 0.0070 0.8645 -0.5026
vn -0.5303 0.6763 -0.5112
vn -0.6259 0.6052 -0.4919
vn -0.9369 0.1649 -0.3083
vn -0.9650 0.0603 -0.2554
vn -0.9041 -0.4260 0.0346
vn -0.8516 -0.5153 0.0962
vn -0.4473 -0.8200 0.3572
vn -0.3388 -0.8523 0.3985
vn 0.2194 -0.8327 0.5084
vn 0.3336 -0.7929 0.5099
vn 0.2196 -0.8327 0.5083
vn 0.7846 -0.4583 0.4175
vn 0.7077 -0.5457 0.4488
vn 0.9825 0.0222 0.1847
vn 0.7232 0.6523 -0.2270
vn 0.7571 0.6206 -0.2039
vn 0.1960 0.8641 -0.4635
vn -0.4265 0.7362 -0.5254
vn -0.5304 0.6763 -0.5112
vn 0.1259 0.8671 -0.4819
vn -0.8946 0.2659 -0.3592
vn -0.5297 0.6746 -0.5141
vn -0.9430 -0.3316 -0.0300
vn -0.9368 0.1650 -0.3084
vn -0.9362 0.1633 -0.3114
vn -0.9034 -0.4276 0.0316
vn -0.9369 0.1650 -0.3083
vn -0.5303 0.6764 -0.5112
vn -0.5491 -0.7767 0.3087
vn -0.9041 -0.4260 0.0345
vn -0.4468 -0.8216 0.3541
vn 0.1030 -0.8615 0.4971
vn -0.9041 -0.4258 0.0345
vn -0.9041 -0.4259 0.0346
vn -0.5304 0.6762 -0.5112
vn 0.2200 -0.8344 0.5054
vn -0.4474 -0.8200 0.3569
vn 0.7528 -0.4966 0.4320
vn 0.1493 -0.8507 0.5040
vn -0.3395 -0.8506 0.4016
vn -0.8523 -0.5135 0.0994
vn -0.4481 -0.8184 0.3598
vn -0.9047 -0.4244 0.0374
vn -0.9657 0.0621 -0.2523
vn -0.4480 -0.8185 0.3598
vn -0.9047 -0.4243 0.0374
vn -0.9375 0.1667 -0.3054
vn -0.9375 0.1666 -0.3053
vn -0.6266 0.6071 -0.4887
vn -0.5310 0.6781 -0.5081
vn 0.0063 0.8663 -0.4995
vn -0.5311 0.6780 -0.5081
vn 0.1246 0.8706 -0.4760
vn -0.8956 0.2685 -0.3547
vn -0.4276 0.7390 -0.5206
vn 0.1245 0.8706 -0.4760
vn 0.2412 0.8619 -0.4461
vn 0.7225 0.6541 -0.2241
vn 0.7225 0.6540 -0.2241
vn 0.9830 0.1299 0.1298
vn 0.6368 0.7187 -0.2792
vn 0.9701 0.2328 0.0682
vn 0.8501 -0.3636 0.3810
vn 0.7842 -0.4567 0.4201
vn 0.3329 -0.7915 0.5125
vn 0.7841 -0.4568 0.4202
vn 0.2194 -0.8311 0.5109
vn 0.2189 -0.8313 0.5110
vn 0.1021 -0.8592 0.5014
vn 0.7069 -0.5437 0.4524
vn -0.5500 -0.7745 0.3126
vn 0.3330 -0.7915 0.5125
vn -0.3393 -0.8508 0.4012
vn -0.9440 -0.3291 -0.0254
vn -0.8522 -0.5137 0.0990
vn -0.9656 0.0620 -0.2523
vn -0.6265 0.6071 -0.4888
vn 0.6370 0.7184 -0.2796
vn 0.7977 0.5798 -0.1659
vn 0.9816 0.0247 0.1891
vn 0.8501 -0.3635 0.3810
vn 0.7231 0.6524 -0.2270
vn 0.1253 0.8688 -0.4790
vn -0.6479 0.0602 -0.7593
vn -0.5977 -0.1527 -0.7870
vn -0.7810 -0.2732 -0.5616
vn -0.5485 -0.4476 -0.7062
vn -0.8288 -0.3826 -0.4084
vn -0.8647 -0.1268 -0.4860
vn -0.9125 -0.2498 -0.3239
vn -0.6816 -0.6932 -0.2344
vn -0.8720 -0.4476 -0.1982
vn -0.6131 -0.6007 -0.5131
vn -0.9164 0.0274 -0.3994
vn -0.9253 -0.3666 -0.0974
vn -0.9672 -0.1695 -0.1893
vn -0.6858 -0.7013 0.1947
vn -0.8295 -0.5026 0.2435
vn -0.9465 -0.3106 0.0879
vn -0.7713 -0.4531 0.4469
vn -0.7790 -0.4689 0.4163
vn -0.9570 -0.2676 0.1122
vn -0.9141 -0.2947 0.2787
vn -0.9972 -0.0107 0.0746
vn -0.9899 -0.0129 -0.1414
vn -0.8792 -0.3455 0.3281
vn -0.9839 -0.0208 0.1776
vn -0.6140 -0.6050 0.5069
vn -0.9542 -0.0860 0.2864
vn -0.9655 0.2474 -0.0809
vn -0.9666 0.2330 0.1068
vn -0.9558 0.1184 0.2691
vn -0.8082 0.5279 0.2609
vn -0.8022 0.4222 0.4221
vn -0.9346 0.0296 0.3546
vn -0.8109 0.2169 0.5436
vn -0.9375 -0.0831 0.3379
vn -0.4198 0.6285 0.6548
vn -0.9084 -0.1798 0.3774
vn -0.1860 0.5215 0.8327
vn -0.8026 -0.1880 0.5661
vn -0.1902 0.6791 0.7089
vn -0.1848 0.8380 0.5134
vn -0.5204 0.7212 0.4572
vn 0.0504 0.6924 0.7198
vn -0.4789 0.8365 0.2664
vn 0.1721 0.8152 0.5530
vn 0.1544 0.9225 0.3539
vn -0.1625 0.9586 0.2338
vn -0.4676 0.8839 -0.0051
vn -0.1305 0.9910 -0.0292
vn 0.2038 0.9751 0.0878
vn 0.2587 0.9554 -0.1427
vn 0.5836 0.8115 0.0301
vn 0.5801 0.7853 0.2163
vn 0.8525 0.4941 0.1706
vn 0.5421 0.7112 0.4476
vn 0.8072 0.4737 0.3523
vn 0.7839 0.3545 0.5097
vn 0.5211 0.6018 0.6051
vn 0.7646 0.2601 0.5896
vn 0.5504 0.4017 0.7319
vn 0.8012 0.1530 0.5784
vn 0.6428 0.0083 0.7660
vn 0.7890 0.0506 0.6123
vn 0.8106 -0.1560 0.5645
vn 0.8106 -0.1444 0.5675
vn 0.8314 0.1563 0.5333
vn 0.5825 -0.6519 0.4855
vn 0.8185 -0.1150 0.5629
vn 0.5554 -0.5893 0.5867
vn 0.1803 -0.8504 0.4943
vn 0.5927 -0.4413 0.6738
vn 0.1956 -0.7100 0.6765
vn 0.3407 -0.4970 0.7981
vn 0.7342 -0.2636 0.6257
vn 0.8507 -0.0552 0.5228
vn 0.9278 -0.0117 0.3728
vn 0.8707 0.2309 0.4343
vn 0.9079 0.2478 0.3381
vn 0.9593 0.2516 0.1283
vn 0.8906 0.4483 -0.0767
vn 0.9494 0.2806 -0.1414
vn 0.9920 0.0964 0.0817
vn 0.6379 0.7537 -0.1581
vn 0.7378 0.5661 -0.3677
vn 0.6963 0.6575 -0.2878
vn 0.2454 0.9002 -0.3598
vn 0.4146 0.7890 -0.4534
vn -0.0332 0.8229 -0.5672
vn 0.4046 0.6852 -0.6056
vn -0.0004 0.7152 -0.6989
vn 0.0340 0.5793 -0.8144
vn 0.7822 0.4218 -0.4585
vn 0.5012 0.5011 -0.7055
vn 0.7877 0.2551 -0.5607
vn 0.0967 0.2650 -0.9594
vn 0.5546 0.3152 -0.7701
vn 0.5076 -0.0377 -0.8608
vn 0.8043 0.0376 -0.5931
vn 0.1577 -0.1708 -0.9726
vn 0.8143 -0.2627 -0.5177
vn 0.5025 -0.4306 -0.7497
vn 0.1861 -0.5242 -0.8310
vn 0.9457 -0.0389 -0.3227
vn 0.9778 -0.1374 -0.1585
vn 0.8627 -0.4004 -0.3089
vn 0.5398 -0.7079 -0.4556
vn 0.4886 -0.8718 -0.0349
vn 0.1411 -0.9887 -0.0498
vn 0.1806 -0.8771 -0.4452
vn -0.1941 -0.8075 -0.5571
vn -0.2160 -0.9674 -0.1325
vn -0.1535 -0.5197 -0.8405
vn -0.2315 -0.1380 -0.9630
vn -0.3915 0.1868 -0.9010
vn -0.4078 0.3778 -0.8312
vn -0.3930 0.5769 -0.7160
vn -0.7137 0.2187 -0.6654
vn -0.7344 0.3663 -0.5714
vn -0.9230 0.2021 -0.3276
vn -0.7411 0.4625 -0.4867
vn -0.4699 0.6690 -0.5759
vn -0.7467 0.5658 -0.3497
vn -0.3673 0.8170 -0.4445
vn -0.0629 0.9010 -0.4293
vn -0.4518 0.8590 -0.2411
vn -0.0909 0.9557 -0.2799
vn -0.7617 0.6289 -0.1560
vn -0.8013 0.5977 0.0253
vn 0.0856 -0.9470 0.3096
vn -0.2460 -0.9343 0.2579
vn -0.6800 -0.7332 0.0025
vn -0.2373 -0.7837 0.5740
vn 0.0270 -0.8040 0.5940
vn 0.4038 -0.8462 0.3478
vn -0.0270 -0.6091 0.7926
vn 0.2721 -0.7146 0.6445
vn 0.7677 -0.5040 0.3957
vn 0.8761 -0.4818 -0.0188
vn 0.8220 -0.5293 0.2102
vn 0.3538 -0.5446 0.7604
vn 0.9788 -0.1964 0.0577
vn 0.9802 -0.1081 0.1660
vn 0.8360 -0.2765 0.4739
vn -0.0280 -0.6048 0.7959
vn 0.7156 -0.2503 0.6521
vn 0.2977 -0.4531 0.8403
vn -0.3885 -0.6453 0.6577
vn 0.0255 -0.7994 0.6002
vn -0.1761 -0.7604 0.6251
vn -0.3988 -0.5974 0.6958
vn -0.3817 -0.5453 0.7463
vn -0.0767 -0.8853 0.4587
vn -0.5175 -0.7349 0.4384
vn -0.4992 -0.7988 0.3358
vn -0.0510 -0.9659 0.2538
vn 0.0692 -0.9148 0.3978
vn 0.2324 -0.9274 0.2930
vn 0.1117 -0.9816 0.1548
vn 0.6445 -0.6468 0.4077
vn 0.2997 -0.9454 0.1280
vn 0.6183 -0.6845 0.3862
vn 0.7730 -0.2599 0.5787
vn 0.7297 -0.4003 0.5544
vn 0.6250 -0.6498 0.4327
vn 0.0746 -0.9262 0.3696
vn 0.3309 -0.9358 0.1218
vn -0.1220 -0.1070 0.9867
vn -0.7199 -0.5971 0.3538
vn -0.5251 -0.8059 0.2736
vn -0.0946 -0.9935 0.0629
vn 0.1352 -0.9908 -0.0049
vn -0.8034 -0.4738 0.3607
vn -0.8616 -0.3830 0.3331
vn -0.5373 -0.8071 0.2446
vn -0.4975 -0.8359 0.2319
vn -0.8654 -0.3720 0.3357
vn -0.0648 -0.9949 0.0775
vn 0.1318 -0.9911 0.0187
vn 0.9358 -0.0552 0.3483
vn 0.9982 0.0096 -0.0595
vn 0.9648 0.1216 -0.2330
vn 0.9927 -0.0000 -0.1205
vn 0.7323 -0.0000 -0.6810
vn 0.1922 -0.0000 -0.9814
vn -0.0000 1.0000 -0.0000
vn 0.8739 -0.0000 0.4860
vn 0.4214 -0.0000 0.9069
vn -0.1922 -0.0000 0.9814
vn -0.7323 -0.0000 0.6810
vn -0.9927 -0.0000 0.1205
vn -0.8739 -0.0000 -0.4860
vn -0.9121 0.3948 0.1107
vn -0.8029 0.3948 -0.4465
vn -0.8739 0.0062 -0.4860
vn -0.9927 0.0062 0.1205
vn -0.6728 0.3948 0.6257
vn -0.7323 0.0062 0.6810
vn -0.8344 -0.5418 0.1013
vn -0.6155 -0.5418 0.5724
vn -0.7346 -0.5418 -0.4085
vn -0.1922 0.0062 0.9813
vn -0.1615 -0.5418 0.8249
vn 0.4213 0.0062 0.9069
vn 0.3542 -0.5418 0.7623
vn 0.8739 0.0062 0.4860
vn 0.7346 -0.5418 0.4085
vn 0.8029 0.3948 0.4465
vn 0.3871 0.3948 0.8332
vn -0.1766 0.3948 0.9016
vn 0.9121 0.3948 -0.1107
vn 0.9927 0.0062 -0.1205
vn 0.8344 -0.5418 -0.1013
vn 0.6728 0.3948 -0.6257
vn 0.7323 0.0062 -0.6810
vn 0.6155 -0.5418 -0.5724
vn 0.1922 0.0062 -0.9813
vn 0.1615 -0.5418 -0.8249
vn 0.1766 0.3948 -0.9016
vn -0.3871 0.3948 -0.8332
vn -0.4213 0.0062 -0.9069
vn -0.3542 -0.5418 -0.7623
vn -0.4214 -0.0000 -0.9069
vn -0.0999 0.6362 -0.7650
vn -0.4341 0.5177 -0.7372
vn -0.1852 0.6019 0.7768
vn -0.5009 0.4921 0.7120
vn -0.1853 0.6019 0.7768
vn -0.9729 -0.2235 -0.0588
vn -0.6536 0.7568 -0.0025
vn -0.2254 0.9738 0.0282
vn -0.2106 0.9620 -0.1736
vn -0.6479 0.7403 -0.1794
vn 0.2549 0.9656 0.0524
vn 0.2778 0.9527 -0.1234
vn 0.2469 0.6742 -0.6960
vn 0.9729 0.2235 0.0588
vn 0.1519 0.6420 0.7515
vn -0.2204 0.9738 -0.0552
vn -0.2299 0.9621 0.1470
vn 0.2603 0.9529 0.1560
vn 0.2593 0.9656 -0.0213
vn -0.6492 0.7568 -0.0762
vn -0.6653 0.7399 0.0999
vn -0.2307 0.9251 0.3016
vn 0.2841 0.9193 0.2725
vn -0.6848 0.6967 0.2139
vn -0.7105 0.5853 0.3907
vn -0.2216 0.8295 0.5127
vn -0.7108 0.5677 0.4153
vn -0.2220 0.8329 0.5070
vn -0.2265 0.8711 0.4357
vn -0.6870 0.6389 0.3463
vn -0.6410 -0.2316 0.7317
vn -0.6397 -0.2355 0.7316
vn -0.0322 -0.1209 0.9921
vn -0.0332 -0.1165 0.9926
vn 0.2961 0.8647 0.4057
vn 0.3404 0.8092 0.4789
vn 0.5901 0.0471 0.8060
vn 0.5895 0.0511 0.8061
vn -0.0301 -0.1299 0.9911
vn 0.5913 0.0406 0.8054
vn -0.0303 -0.1289 0.9912
vn 0.5911 0.0402 0.8056
vn -0.0336 -0.1145 0.9929
vn 0.5871 0.0495 0.8080
vn 0.5871 0.0501 0.8079
vn -0.0305 -0.1282 0.9913
vn -0.0134 -0.1996 0.9798
vn 0.6173 -0.0084 0.7867
vn 0.2288 -0.8956 -0.3814
vn 0.2302 -0.9153 -0.3305
vn 0.6305 -0.7317 -0.2590
vn 0.5381 -0.7711 -0.3404
vn -0.6387 -0.2315 0.7338
vn -0.6377 -0.2967 0.7109
vn -0.2152 -0.9260 -0.3101
vn -0.1062 -0.9191 -0.3793
vn -0.2498 -0.8753 -0.4141
vn 0.2279 -0.8843 -0.4075
vn 0.2185 -0.8068 -0.5490
vn -0.2228 -0.8073 -0.5464
vn -0.1458 -0.6088 -0.7798
vn 0.1961 -0.6637 -0.7218
vn 0.6127 -0.6153 -0.4959
vn 0.6512 -0.6682 -0.3597
vn 0.4843 -0.4640 -0.7417
vn 0.4857 -0.4657 -0.7397
vn 0.1626 -0.4809 -0.8616
vn 0.2180 -0.8025 -0.5554
vn 0.6399 -0.6496 -0.4105
vn 0.2311 -0.9390 -0.2546
vn 0.6825 -0.7096 -0.1749
vn -0.1466 -0.6110 -0.7779
vn -0.2421 -0.8522 -0.4639
vn -0.2809 -0.9310 -0.2331
vn 0.6874 -0.7263 0.0061
vn 0.2256 -0.9737 -0.0315
vn -0.2987 -0.9528 -0.0535
vn 0.1924 -0.9242 0.3299
vn 0.6803 -0.6778 0.2788
vn -0.3448 -0.9133 0.2168
vn 0.1708 -0.8668 0.4684
vn -0.3764 -0.8519 0.3642
vn 0.0670 -0.5162 0.8538
vn -0.4297 -0.5587 0.7094
vn -0.3973 -0.5767 0.7138
vn 0.0728 -0.5380 0.8398
vn 0.1032 -0.6477 0.7549
vn -0.3682 -0.6587 0.6562
vn 0.5403 -0.4499 0.7111
vn 0.5241 -0.3650 0.7695
vn 0.5456 -0.3347 0.7683
vn 0.6650 -0.6126 0.4272
vn 0.1242 -0.7201 0.6827
vn 0.5722 -0.5236 0.6312
vn 0.6031 -0.5825 0.5449
vn 0.1502 -0.8048 0.5742
vn -0.3556 -0.7367 0.5751
vn -0.3477 -0.8009 0.4875
vn 0.1926 -0.9247 0.3283
vn 0.6533 -0.6826 0.3275
vn -0.3240 -0.9072 0.2684
vn 0.6705 -0.7243 0.1605
vn 0.2127 -0.9654 0.1506
vn -0.3020 -0.9478 0.1018
vn -0.2936 -0.9553 0.0339
vn 0.2192 -0.9730 0.0729
vn 0.6739 -0.7330 0.0924
vn 0.2231 -0.9747 0.0134
vn 0.6781 -0.7338 0.0411
vn 0.2263 -0.9731 -0.0440
vn 0.6801 -0.7331 -0.0088
vn -0.2911 -0.9565 -0.0175
vn -0.2875 -0.9554 -0.0676
vn 0.2292 -0.9655 -0.1238
vn -0.2876 -0.9478 -0.1375
vn -0.2893 -0.9072 -0.3056
vn 0.2308 -0.9247 -0.3027
vn 0.6848 -0.7244 -0.0787
vn 0.6880 -0.6826 -0.2464
vn 0.6644 -0.5825 -0.4683
vn 0.2183 -0.8048 -0.5519
vn 0.2056 -0.7201 -0.6627
vn 0.6441 -0.5236 -0.5577
vn 0.6219 -0.4502 -0.6407
vn 0.1933 -0.6477 -0.7370
vn -0.2864 -0.8010 -0.5257
vn -0.2837 -0.7367 -0.6138
vn -0.2864 -0.6588 -0.6957
vn -0.3015 -0.5701 -0.7643
vn 0.1724 -0.5323 -0.8288
vn 0.6047 -0.3619 -0.7095
vn 0.6134 -0.3276 -0.7186
vn 0.1656 -0.4965 -0.8521
vn -0.3231 -0.5428 -0.7752
vn 0.6918 -0.6394 -0.3354
vn 0.2270 -0.8763 -0.4250
vn 0.2309 -0.9287 -0.2902
vn 0.6981 -0.6908 -0.1882
vn 0.6831 -0.7263 0.0768
vn 0.2201 -0.9737 0.0591
vn 0.1988 -0.9390 0.2806
vn 0.6565 -0.7096 0.2559
vn 0.1495 -0.8025 0.5776
vn 0.5859 -0.6496 0.4845
vn 0.3931 -0.4657 0.7928
vn 0.0576 -0.4809 0.8749
vn -0.2962 -0.8522 0.4312
vn -0.2392 -0.6110 0.7546
vn -0.3070 -0.9310 0.1976
vn -0.3030 -0.9528 0.0171
vn -0.3014 -0.9205 -0.2486
vn -0.3014 -0.8676 -0.3955
vn -0.2387 -0.6088 0.7566
vn 0.1078 -0.6637 0.7402
vn 0.1509 -0.8069 0.5711
vn -0.2871 -0.8073 0.5156
vn 0.3914 -0.4640 0.7947
vn 0.5485 -0.6153 0.5661
vn -0.2898 -0.8586 0.4229
vn 0.1984 -0.8541 0.4807
vn 0.6167 -0.6467 0.4489
vn 0.6671 -0.6388 0.3833
vn 0.2210 -0.8687 0.4433
vn -0.2730 -0.8789 0.3911
vn 0.1925 -0.9538 0.2305
vn 0.6230 -0.6565 0.4253
vn 0.1371 -0.9770 -0.1635
vn 0.7497 -0.6584 0.0661
vn 0.7065 -0.0023 -0.7077
vn 0.7499 -0.0993 -0.6541
vn 0.1333 -0.3348 -0.9328
vn 0.1091 -0.2197 -0.9695
vn 0.6779 0.0546 -0.7331
vn 0.0863 -0.1153 -0.9896
vn 0.0862 -0.1145 -0.9897
vn 0.6802 0.0494 -0.7314
vn -0.5490 -0.2908 -0.7836
vn -0.5453 -0.2265 -0.8070
vn -0.5452 -0.2321 -0.8055
vn 0.6839 0.0401 -0.7284
vn 0.0894 -0.1292 -0.9876
vn -0.5449 -0.2422 -0.8028
vn -0.5453 -0.2418 -0.8026
vn 0.0895 -0.1299 -0.9875
vn 0.6841 0.0406 -0.7283
vn 0.0875 -0.1209 -0.9888
vn 0.6829 0.0471 -0.7290
vn 0.0866 -0.1165 -0.9894
vn 0.6823 0.0511 -0.7292
vn 0.3428 0.8647 -0.3671
vn -0.1724 0.8711 -0.4598
vn -0.1593 0.8329 -0.5300
vn 0.3956 0.8092 -0.4344
vn -0.6403 0.6389 -0.4265
vn -0.6556 0.5677 -0.4979
vn -0.5482 -0.2316 -0.8036
vn -0.5470 -0.2355 -0.8034
vn -0.1582 0.8295 -0.5356
vn -0.6583 0.5852 -0.4734
vn -0.6540 0.6967 -0.2948
vn -0.1928 0.9251 -0.3272
vn 0.3149 0.9192 -0.2363
vn 0.3876 0.8256 -0.4102
vn -0.5517 -0.3984 -0.7328
vn -0.4590 -0.8381 -0.2948
vn -0.3252 -0.9345 0.1451
vn -0.6383 -0.2322 0.7339
vn -0.6376 -0.2424 0.7312
vn -0.6380 -0.2418 0.7311
vn 0.3353 0.8256 0.4539
vn -0.2599 0.6362 0.7264
vn 0.0503 0.5177 0.8541
vn 0.5190 0.6019 -0.6069
vn 0.7704 0.4921 -0.4053
vn 0.8391 -0.2235 0.4959
vn 0.5806 0.7568 0.3003
vn 0.2135 0.9738 0.0777
vn 0.1083 0.9620 0.2505
vn 0.4948 0.7403 0.4550
vn -0.5371 0.6742 0.5069
vn -0.2030 0.9655 -0.1629
vn -0.3035 0.9527 -0.0169
vn -0.8391 0.2235 -0.4959
vn -0.3880 0.9193 0.0666
vn 0.0224 0.9251 0.3791
vn -0.1034 0.8295 0.5488
vn -0.5320 0.8255 0.1884
vn 0.4477 0.6967 0.5605
vn 0.3700 0.5853 0.7215
vn -0.0998 0.8329 0.5443
vn 0.3564 0.5676 0.7421
vn -0.0562 0.8711 0.4878
vn 0.3754 0.6389 0.6715
vn 0.1215 -0.2316 0.9652
vn -0.5282 -0.1165 0.8411
vn -0.5288 -0.1209 0.8401
vn 0.1205 -0.2355 0.9644
vn -0.4724 0.8647 0.1704
vn -0.5501 0.8092 0.2062
vn -0.9398 0.0511 0.3379
vn -0.9402 0.0471 0.3375
vn -0.5299 -0.1299 0.8380
vn 0.1194 -0.2418 0.9630
vn -0.9409 0.0406 0.3363
vn -0.5299 -0.1290 0.8382
vn -0.9408 0.0401 0.3366
vn -0.9389 0.0492 0.3408
vn -0.5279 -0.1146 0.8415
vn -0.9376 0.0546 0.3434
vn -0.5280 -0.1153 0.8414
vn -0.9515 -0.0023 0.3077
vn -0.5391 -0.2197 0.8131
vn -0.9656 -0.0993 0.2402
vn -0.5440 -0.3348 0.7694
vn -0.1966 -0.9770 0.0830
vn -0.6371 -0.6584 -0.4008
vn -0.3606 -0.6565 -0.6626
vn -0.0662 -0.9539 -0.2928
vn -0.4189 -0.6388 -0.6453
vn 0.0054 -0.8687 -0.4952
vn -0.3442 -0.6467 -0.6807
vn 0.0427 -0.8541 -0.5183
vn -0.2300 -0.6153 -0.7540
vn 0.1263 -0.8068 -0.5772
vn 0.4506 -0.8586 -0.2443
vn 0.4212 -0.8789 -0.2237
vn 0.4905 -0.8074 -0.3279
vn 0.2416 -0.6637 -0.7079
vn 0.5573 -0.6088 -0.5646
vn 0.3476 -0.4809 -0.8049
vn 0.5570 -0.6110 -0.5625
vn 0.0117 -0.4657 -0.8849
vn 0.0140 -0.4640 -0.8857
vn -0.3004 -0.6496 -0.6984
vn 0.1304 -0.8025 -0.5823
vn -0.0489 -0.9390 -0.3404
vn -0.4676 -0.7096 -0.5271
vn 0.4602 -0.8523 -0.2487
vn 0.3633 -0.9310 -0.0359
vn -0.5730 -0.7263 -0.3798
vn -0.1688 -0.9737 -0.1532
vn 0.2775 -0.9528 0.1229
vn -0.7071 -0.6908 -0.1508
vn -0.3378 -0.9287 0.1530
vn 0.1549 -0.9205 0.3588
vn -0.3958 -0.8763 0.2747
vn 0.0880 -0.8676 0.4894
vn -0.5359 -0.4965 0.6829
vn -0.5314 -0.5323 0.6590
vn -0.0802 -0.5701 0.8176
vn -0.0659 -0.5428 0.8373
vn -0.5081 -0.6477 0.5678
vn -0.0623 -0.6587 0.7499
vn -0.8736 -0.3276 0.3599
vn -0.8617 -0.3619 0.3557
vn -0.8457 -0.4501 0.2867
vn -0.7687 -0.6394 -0.0169
vn -0.8275 -0.5236 0.2027
vn -0.4851 -0.7201 0.4961
vn -0.8048 -0.5825 0.1138
vn -0.4459 -0.8048 0.3917
vn 0.0152 -0.8009 0.5986
vn -0.0274 -0.7367 0.6756
vn -0.3434 -0.9247 0.1643
vn 0.1182 -0.9072 0.4038
vn -0.2605 -0.9654 0.0056
vn 0.1933 -0.9478 0.2535
vn -0.6454 -0.7244 -0.2422
vn -0.7247 -0.6826 -0.0944
vn -0.6094 -0.7331 -0.3019
vn -0.2213 -0.9731 -0.0641
vn -0.1924 -0.9747 -0.1138
vn -0.5848 -0.7338 -0.3456
vn 0.2511 -0.9565 0.1483
vn 0.2252 -0.9554 0.1911
vn -0.1618 -0.9730 -0.1648
vn 0.2768 -0.9553 0.1037
vn -0.1207 -0.9655 -0.2309
vn 0.3153 -0.9478 0.0471
vn -0.0217 -0.9247 -0.3801
vn 0.4108 -0.9072 -0.0912
vn 0.1281 -0.8048 -0.5795
vn 0.5317 -0.8010 -0.2753
vn -0.5234 -0.7244 -0.4486
vn -0.4321 -0.6826 -0.5893
vn -0.2884 -0.5825 -0.7600
vn 0.2007 -0.7201 -0.6642
vn 0.5787 -0.7367 -0.3498
vn -0.2214 -0.5236 -0.8227
vn -0.1566 -0.4501 -0.8792
vn 0.2523 -0.6477 -0.7189
vn -0.1155 -0.3651 -0.9238
vn 0.3181 -0.5380 -0.7806
vn -0.1353 -0.3347 -0.9326
vn 0.3297 -0.5162 -0.7905
vn -0.3971 -0.6126 -0.6834
vn -0.4785 -0.6778 -0.5583
vn -0.0208 -0.9242 -0.3814
vn 0.0615 -0.8668 -0.4948
vn -0.6090 -0.7263 -0.3188
vn -0.2154 -0.9737 -0.0745
vn -0.6872 -0.7096 -0.1555
vn -0.3218 -0.9390 0.1213
vn 0.2415 -0.9528 0.1838
vn 0.4057 -0.9133 -0.0357
vn 0.1437 -0.9310 0.3356
vn -0.7567 -0.6496 0.0735
vn -0.4473 -0.8025 0.3950
vn 0.0040 -0.8522 0.5232
vn -0.7696 -0.4657 0.4369
vn -0.5375 -0.4809 0.6927
vn -0.2242 -0.6110 0.7592
vn -0.7692 -0.4640 0.4394
vn -0.5036 -0.6637 0.5530
vn -0.7714 -0.6153 0.1620
vn -0.4448 -0.8068 0.3890
vn -0.2258 -0.6088 0.7605
vn -0.0508 -0.8073 0.5879
vn -0.3885 -0.8843 0.2589
vn 0.0336 -0.8753 0.4825
vn -0.7436 -0.6682 0.0231
vn -0.6792 -0.7317 -0.0570
vn -0.3556 -0.9153 0.1892
vn 0.0503 -0.9260 0.3742
vn -0.3776 -0.8956 0.2351
vn -0.6341 -0.7711 0.0576
vn -0.1542 0.0501 -0.9868
vn 0.4791 -0.1282 -0.8684
vn 0.4586 -0.1996 -0.8659
vn -0.1906 -0.0084 -0.9816
vn -0.1541 0.0495 -0.9868
vn 0.4827 -0.1144 -0.8683
vn 0.9030 -0.2315 -0.3620
vn 0.8917 -0.2967 -0.3419
vn 0.9027 -0.2322 -0.3621
vn -0.1589 0.0399 -0.9865
vn 0.4789 -0.1291 -0.8683
vn 0.9009 -0.2424 -0.3601
vn 0.9012 -0.2418 -0.3598
vn 0.4786 -0.1299 -0.8683
vn -0.1591 0.0406 -0.9864
vn -0.1577 0.0471 -0.9864
vn 0.4810 -0.1209 -0.8683
vn 0.4822 -0.1165 -0.8683
vn -0.1571 0.0511 -0.9863
vn 0.9030 -0.2355 -0.3594
vn 0.9042 -0.2316 -0.3590
vn -0.0785 0.8647 -0.4961
vn -0.0846 0.8092 -0.5815
vn 0.4287 0.8329 -0.3499
vn 0.4002 0.8711 -0.2845
vn 0.8220 0.5676 -0.0456
vn 0.7693 0.6389 0.0051
vn 0.4309 0.8295 -0.3552
vn 0.8105 0.5853 -0.0237
vn 0.7069 0.6967 0.1219
vn 0.3429 0.9251 -0.1632
vn 0.6377 0.7399 0.2144
vn 0.2717 0.9620 -0.0260
vn -0.1287 0.9193 -0.3720
vn -0.1606 0.9529 -0.2574
vn -0.0916 0.8256 -0.5568
vn 0.1710 0.9738 0.1496
vn -0.2405 0.9656 -0.0993
vn 0.2075 0.6420 -0.7381
vn 0.5430 0.7568 0.3638
vn -0.0784 -0.9191 0.3861
vn 0.5010 -0.8519 -0.1526
vn 0.7059 -0.5587 -0.4354
vn 0.6791 -0.5767 -0.4541
vn 0.6268 -0.6587 -0.4161
vn -0.5577 -0.7330 -0.3895
vn 0.3556 -0.9344 0.0193
vn 0.2740 -0.8381 0.4718
vn 0.1569 -0.3984 0.9037
vn 0.1314 -0.2908 0.9477
vn 0.1174 -0.2264 0.9669
vn 0.1180 -0.2320 0.9655
vn 0.1189 -0.2424 0.9629
vn 0.9068 -0.1248 -0.4026
vn 0.7085 -0.1519 -0.6892
vn 0.8123 -0.1273 -0.5691
vn -0.5620 -0.7457 -0.3580
vn -0.3985 -0.8920 -0.2134
vn -0.4625 -0.8415 -0.2793
vn -0.5879 -0.7260 -0.3569
vn -0.6862 -0.6570 -0.3122
vn -0.6652 -0.6688 -0.3319
vn 0.5032 -0.1804 -0.8451
vn 0.5564 -0.1660 -0.8142
vn 0.4521 -0.1729 -0.8751
vn 0.4504 -0.1677 -0.8769
vn -0.7354 -0.6246 -0.2627
vn -0.7843 -0.5938 -0.1795
vn 0.9513 -0.1246 -0.2820
vn 0.9896 -0.1326 0.0557
vn 0.9874 -0.1482 0.0554
vn 0.9137 -0.1246 0.3868
vn 0.8561 -0.1248 0.5016
vn 0.7434 -0.1273 0.6566
vn -0.3959 -0.9180 -0.0223
vn -0.3787 -0.9253 -0.0211
vn -0.4199 -0.8920 0.1674
vn 0.6268 -0.1519 0.7643
vn -0.4909 -0.8415 0.2257
vn -0.5985 -0.7457 0.2927
vn -0.6243 -0.7258 0.2888
vn -0.7169 -0.6570 0.2333
vn -0.6985 -0.6684 0.2555
vn -0.7602 -0.6246 0.1786
vn -0.7992 -0.5940 0.0913
vn 0.3511 -0.1725 0.9203
vn 0.4053 -0.1804 0.8962
vn 0.4617 -0.1660 0.8714
vn 0.4616 -0.1661 0.8714
vn 0.3493 -0.1678 0.9218
vn 0.3509 -0.1723 0.9204
vn 0.3200 0.1652 -0.9329
vn 0.3766 0.1384 -0.9160
vn 0.3921 0.0902 -0.9155
vn 0.3123 0.1276 -0.9414
vn 0.2346 0.1528 -0.9600
vn 0.3954 0.0134 -0.9184
vn 0.3047 0.0650 -0.9502
vn 0.4013 -0.0729 -0.9130
vn 0.4639 -0.1170 -0.8781
vn 0.4603 -0.0349 -0.8871
vn 0.4425 0.0345 -0.8961
vn 0.4868 -0.0769 -0.8701
vn 0.4936 -0.1382 -0.8586
vn 0.4774 -0.0127 -0.8786
vn 0.4329 0.0819 -0.8977
vn 0.4966 -0.0957 -0.8627
vn 0.5016 -0.1586 -0.8504
vn 0.4950 -0.2064 -0.8440
vn 0.4867 -0.2049 -0.8492
vn 0.4729 -0.2495 -0.8451
vn 0.4571 -0.2066 -0.8651
vn 0.4199 -0.1518 -0.8948
vn 0.4554 -0.2347 -0.8588
vn 0.4615 -0.2515 -0.8507
vn 0.4533 -0.2049 -0.8675
vn 0.3808 -0.1303 -0.9155
vn 0.3606 -0.0775 -0.9295
vn 0.2834 -0.0171 -0.9589
vn 0.3233 -0.0120 -0.9462
vn 0.2267 0.1002 -0.9688
vn 0.2292 0.0656 -0.9712
vn 0.2090 0.0731 -0.9752
vn 0.1862 0.1202 -0.9751
vn 0.2048 0.1276 0.9704
vn 0.2135 0.1652 0.9629
vn 0.1254 0.1528 0.9803
vn 0.2871 0.0902 0.9536
vn 0.2719 0.1383 0.9523
vn 0.1957 0.0654 0.9785
vn 0.1167 0.1002 0.9881
vn 0.0758 0.1202 0.9898
vn 0.2900 0.0134 0.9569
vn 0.2151 -0.0120 0.9765
vn 0.2964 -0.0729 0.9523
vn 0.3169 -0.1518 0.9362
vn 0.3625 -0.1170 0.9246
vn 0.3573 -0.2066 0.9108
vn 0.3581 -0.0350 0.9330
vn 0.3885 -0.2049 0.8984
vn 0.3943 -0.1379 0.9086
vn 0.3752 -0.2494 0.8928
vn 0.3972 -0.2066 0.8942
vn 0.4034 -0.1576 0.9014
vn 0.3967 -0.0958 0.9129
vn 0.3760 -0.0127 0.9265
vn 0.3862 -0.0769 0.9192
vn 0.3294 0.0819 0.9406
vn 0.3393 0.0345 0.9400
vn 0.3633 -0.2515 0.8971
vn 0.3564 -0.2348 0.9044
vn 0.3533 -0.2049 0.9128
vn 0.2758 -0.1303 0.9524
vn 0.2541 -0.0775 0.9641
vn 0.1740 -0.0170 0.9846
vn 0.1189 0.0655 0.9907
vn 0.0984 0.0730 0.9925
vn 0.7983 0.0028 -0.6023
vn 0.7544 -0.0122 -0.6563
vn 0.7643 0.0384 -0.6438
vn 0.7293 -0.0195 -0.6839
vn 0.7929 0.0423 -0.6079
vn 0.7383 -0.0659 -0.6713
vn 0.7258 -0.0684 -0.6846
vn 0.7457 -0.0950 -0.6594
vn 0.7869 -0.0766 -0.6124
vn 0.7906 -0.1035 -0.6035
vn 0.8346 -0.1140 -0.5389
vn 0.8387 -0.0754 -0.5393
vn 0.8638 -0.0838 -0.4969
vn 0.8412 -0.0286 -0.5399
vn 0.8232 0.0254 -0.5672
vn 0.8510 -0.0293 -0.5243
vn 0.6872 0.0384 0.7255
vn 0.6481 -0.0195 0.7613
vn 0.6761 -0.0122 0.7367
vn 0.7257 0.0027 0.6880
vn 0.7198 0.0423 0.6929
vn 0.7132 -0.0766 0.6967
vn 0.7544 0.0254 0.6559
vn 0.7730 -0.0754 0.6300
vn 0.7754 -0.0286 0.6308
vn 0.7868 -0.0293 0.6165
vn 0.8027 -0.0838 0.5905
vn 0.7689 -0.1140 0.6291
vn 0.7181 -0.1035 0.6882
vn 0.6672 -0.0950 0.7388
vn 0.6585 -0.0659 0.7497
vn 0.6445 -0.0683 0.7616
vn -0.7550 -0.6228 -0.2052
vn -0.7372 -0.6744 -0.0415
vn -0.8371 -0.5450 -0.0472
vn -0.7731 -0.6229 0.1194
vn -0.7613 -0.6470 -0.0428
vn -0.8239 -0.5554 0.1127
vn -0.8428 -0.5349 0.0599
vn -0.7085 -0.6160 0.3444
vn -0.8940 -0.4480 -0.0119
vn -0.7999 -0.5417 0.2583
vn -0.2170 -0.5119 0.8312
vn -0.6634 -0.6063 0.4385
vn -0.1730 -0.5157 0.8391
vn -0.3973 -0.6323 0.6651
vn 0.1808 -0.3647 0.9134
vn 0.3351 -0.2378 0.9117
vn 0.0835 -0.4476 0.8903
vn 0.5343 -0.1694 0.8282
vn 0.5487 -0.0538 0.8343
vn 0.8626 -0.0179 0.5056
vn 0.4997 -0.1863 0.8459
vn 0.8415 -0.0257 0.5397
vn 0.9089 -0.0441 0.4147
vn 0.9982 0.0203 0.0559
vn 0.9856 0.1596 0.0554
vn 0.9138 -0.0179 -0.4058
vn 0.8967 -0.0257 -0.4420
vn 0.9496 -0.0441 -0.3103
vn 0.9981 -0.0270 0.0561
vn 0.9969 -0.0554 0.0560
vn 0.9446 0.1701 0.2807
vn 0.9897 0.1322 0.0554
vn 0.9933 0.1012 0.0558
vn 0.8827 -0.0265 0.4693
vn 0.9297 -0.0265 -0.3674
vn 0.9701 0.1701 -0.1731
vn -0.4735 0.7465 -0.4675
vn -0.5859 0.8097 -0.0329
vn -0.1598 0.9871 -0.0089
vn 0.9415 0.1279 0.3118
vn -0.5229 0.7465 0.4115
vn 0.9705 0.1279 -0.2043
vn 0.2336 0.8772 -0.4195
vn 0.9227 0.3821 0.0519
vn 0.1851 0.8771 0.4431
vn 0.8389 0.5169 0.1703
vn -0.3161 0.5320 0.7855
vn 0.1500 0.6475 0.7472
vn 0.2057 0.6226 0.7550
vn 0.8719 0.2506 0.4206
vn 0.6432 -0.7606 0.0885
vn 0.6431 0.0509 0.7640
vn 0.2093 0.4580 0.8640
vn 0.4547 -0.6030 0.6555
vn -0.4037 -0.9049 0.1348
vn 0.3414 -0.0748 0.9369
vn -0.2190 -0.8404 0.4957
vn -0.6754 -0.6884 -0.2645
vn -0.4346 -0.6503 0.6230
vn -0.7269 -0.6161 -0.3033
vn -0.7080 -0.6648 -0.2384
vn -0.6483 -0.7363 -0.1938
vn -0.6984 -0.7131 -0.0611
vn -0.6930 -0.6774 -0.2468
vn 0.1722 -0.4526 -0.8749
vn 0.2628 -0.5315 -0.8053
vn 0.2400 -0.4876 -0.8394
vn -0.0236 -0.5012 -0.8650
vn 0.3020 -0.5933 -0.7462
vn 0.5427 -0.2769 -0.7930
vn 0.5959 -0.1416 -0.7905
vn 0.6147 -0.3017 -0.7288
vn 0.5535 -0.4116 -0.7240
vn 0.4974 -0.2260 -0.8376
vn 0.3390 -0.6019 -0.7230
vn 0.5930 -0.5030 -0.6287
vn 0.5706 -0.5504 -0.6095
vn 0.4427 -0.6065 -0.6604
vn -0.7205 -0.6914 0.0538
vn -0.7391 -0.6735 0.0117
vn -0.7396 -0.6728 0.0187
vn -0.7244 -0.6827 0.0962
vn 0.6926 -0.5595 -0.4552
vn -0.7194 -0.6934 -0.0405
vn 0.7856 -0.5282 -0.3222
vn 0.8247 -0.5636 0.0464
vn -0.6583 -0.7518 -0.0371
vn -0.7194 -0.6934 -0.0404
vn -0.6584 -0.7518 -0.0371
vn -0.7331 -0.6735 -0.0945
vn 0.7445 -0.5282 0.4082
vn 0.6373 -0.5595 0.5299
vn 0.8447 -0.5331 0.0470
vn 0.8556 -0.3518 0.3797
vn 0.9855 -0.1603 0.0554
vn 0.4586 -0.8883 0.0255
vn 0.8928 -0.3518 -0.2814
vn 0.6803 -0.3331 -0.6528
vn 0.0560 -0.7061 -0.7059
vn -0.4587 -0.8882 -0.0258
vn -0.0234 -0.7062 0.7076
vn 0.6029 -0.3331 0.7250
vn 0.6843 -0.3633 -0.6323
vn 0.8320 -0.1368 -0.5377
vn 0.6927 0.0261 -0.7208
vn 0.5753 -0.0330 -0.8173
vn 0.5640 0.0696 -0.8229
vn 0.5715 0.0636 -0.8181
vn 0.5268 -0.0370 -0.8492
vn 0.5532 0.0411 -0.8320
vn 0.5100 -0.0846 -0.8560
vn 0.7451 -0.0269 -0.6665
vn 0.4014 -0.6164 -0.6775
vn -0.2385 -0.8240 -0.5140
vn -0.0895 -0.7210 -0.6871
vn -0.5746 -0.8178 -0.0323
vn -0.5852 -0.8102 -0.0329
vn -0.2945 -0.8240 0.4840
vn 0.3228 -0.6164 0.7183
vn 0.2652 -0.9641 0.0149
vn 0.9944 -0.0899 0.0559
vn 0.6656 -0.0269 0.7458
vn 0.9892 0.1354 0.0556
vn 0.7523 0.1042 0.6505
vn 0.9735 0.2222 0.0547
vn 0.8206 0.1042 -0.5620
vn 0.4565 0.0412 0.8888
vn 0.7092 0.1295 0.6930
vn 0.8195 0.2003 0.5370
vn 0.4986 0.0307 0.8663
vn 0.5844 -0.0954 0.8058
vn 0.6792 0.0447 0.7326
vn 0.6075 0.0261 0.7939
vn 0.4681 0.0696 0.8809
vn 0.7664 -0.1368 0.6276
vn 0.7996 -0.0709 0.5964
vn 0.4762 0.0636 0.8770
vn 0.7678 0.4091 0.4931
vn 0.8920 0.3990 0.2124
vn 0.8787 0.3063 0.3662
vn 0.6263 -0.0486 0.7780
vn 0.6176 -0.0895 0.7814
vn 0.7753 0.1471 0.6143
vn 0.7200 0.3206 0.6155
vn 0.4509 -0.1767 0.8749
vn 0.5621 -0.2034 0.8017
vn 0.8783 -0.1574 0.4514
vn 0.8737 -0.1313 0.4684
vn 0.7999 -0.0801 0.5948
vn 0.4464 -0.3144 0.8378
vn 0.6095 -0.1604 0.7764
vn 0.7879 -0.0674 0.6121
vn 0.8921 0.0803 0.4447
vn 0.8098 0.1733 0.5606
vn 0.8117 0.0988 0.5756
vn 0.7882 0.2430 0.5655
vn -0.0416 -0.6768 0.7350
vn 0.1512 -0.5871 0.7953
vn 0.8201 0.0786 0.5668
vn 0.7587 -0.0370 0.6504
vn 0.8448 0.1864 0.5016
vn 0.8044 0.1116 0.5835
vn 0.9901 0.1287 0.0555
vn 0.9965 0.0623 0.0560
vn 0.7487 0.0406 0.6616
vn 0.7335 0.2693 0.6240
vn 0.7664 0.3145 0.5601
vn 0.7593 0.2970 0.5790
vn 0.9578 0.2824 0.0539
vn 0.8745 0.2003 -0.4417
vn 0.8957 0.1864 -0.4038
vn 0.8647 0.1116 -0.4898
vn 0.7569 0.0447 -0.6520
vn 0.8183 0.0406 -0.5734
vn 0.7988 0.2693 -0.5379
vn 0.8784 0.0786 -0.4714
vn 0.8466 0.2430 -0.4735
vn 0.8194 0.2970 -0.4903
vn 0.8243 0.3145 -0.4708
vn 0.6617 0.4149 -0.6245
vn 0.6760 0.3792 -0.6319
vn 0.5083 0.4262 -0.7483
vn 0.4719 0.4996 -0.7264
vn 0.6141 0.4008 -0.6799
vn 0.5092 0.4298 -0.7457
vn 0.6534 0.3988 -0.6434
vn 0.8156 0.5710 -0.0936
vn 0.8472 0.5018 -0.1743
vn 0.6934 0.6596 -0.2900
vn 0.6236 0.7404 -0.2508
vn 0.4977 0.7421 -0.4490
vn 0.4988 0.3556 -0.7904
vn 0.3931 0.8416 -0.3704
vn 0.2540 0.7935 -0.5530
vn 0.4553 0.2638 -0.8504
vn 0.4748 0.1203 -0.8718
vn 0.3700 0.4911 -0.7886
vn 0.3385 0.5695 -0.7490
vn 0.5511 0.1370 -0.8231
vn 0.2823 0.5827 -0.7621
vn 0.3154 0.4553 -0.8326
vn 0.3797 0.3268 -0.8655
vn 0.6420 0.2604 -0.7212
vn 0.4747 0.2218 -0.8517
vn 0.6052 0.2063 -0.7689
vn 0.3590 0.2857 -0.8885
vn 0.6141 0.2783 -0.7385
vn 0.6150 0.1771 -0.7684
vn -0.0286 0.7913 -0.6108
vn 0.1370 0.6950 -0.7058
vn 0.0537 0.5839 -0.8101
vn -0.4580 0.8161 -0.3524
vn -0.2969 0.6215 -0.7250
vn 0.0105 0.9411 -0.3379
vn -0.0740 0.3924 -0.9168
vn -0.4792 0.3893 -0.7866
vn -0.7223 0.5458 -0.4248
vn -0.8512 0.3392 -0.4006
vn -0.1342 0.2233 -0.9655
vn -0.3642 0.2017 -0.9092
vn -0.8085 0.1727 -0.5626
vn -0.9204 0.3175 -0.2284
vn -0.9748 0.0715 -0.2114
vn -0.9633 0.2660 0.0350
vn -0.9838 -0.0646 -0.1673
vn -0.9983 0.0182 -0.0562
vn -0.9720 0.2286 -0.0547
vn -0.9922 -0.1112 -0.0559
vn -0.9923 0.0715 0.1008
vn -0.9963 -0.0646 0.0560
vn -0.8665 0.1727 0.4684
vn -0.8907 0.3392 0.3026
vn -0.9533 0.2660 -0.1428
vn -0.9401 0.3175 0.1239
vn 0.2197 0.7148 0.6639
vn -0.5649 0.1292 0.8150
vn -0.0458 0.5123 -0.8576
vn -0.8003 -0.0163 -0.5993
vn -0.5044 0.1286 -0.8539
vn -0.6479 -0.3582 -0.6722
vn -0.8464 -0.1499 -0.5110
vn -0.8511 0.0473 -0.5229
vn -0.4494 0.4245 -0.7861
vn 0.4566 0.7801 -0.4278
vn -0.4629 0.5045 -0.7288
vn -0.8362 0.1940 -0.5130
vn -0.8496 0.2069 -0.4851
vn -0.9790 0.0484 0.1982
vn -0.9859 0.0418 0.1622
vn -0.9765 -0.0616 0.2063
vn -0.3075 -0.0917 0.9471
vn -0.2938 0.0098 0.9558
vn -0.3377 -0.0146 0.9411
vn 0.3171 0.1280 0.9397
vn 0.4552 0.0367 0.8896
vn 0.6068 0.2174 0.7646
vn 0.4447 0.0524 0.8942
vn 0.6977 0.1425 0.7021
vn 0.7730 0.4308 0.4658
vn 0.6405 0.2029 0.7406
vn 0.6993 0.4548 0.5516
vn 0.6357 0.0933 0.7663
vn 0.6172 0.3066 0.7246
vn 0.5733 -0.2779 0.7707
vn 0.6416 -0.2830 0.7129
vn 0.4531 0.0299 0.8909
vn 0.4437 -0.4523 0.7737
vn 0.1922 -0.8924 0.4082
vn 0.3506 -0.8659 0.3569
vn -0.0068 -0.8322 0.5545
vn 0.0789 -0.4070 0.9100
vn 0.2510 -0.3964 0.8831
vn 0.3386 -0.0663 0.9386
vn 0.4057 -0.2331 0.8838
vn 0.2137 0.0942 0.9723
vn 0.3015 -0.0619 0.9514
vn 0.3396 0.2624 0.9032
vn -0.0022 0.1699 0.9855
vn 0.0676 0.1074 0.9919
vn 0.1855 0.0776 0.9796
vn -0.1548 0.0792 0.9848
vn -0.1545 0.0790 0.9848
vn -0.0888 0.1330 0.9871
vn 0.2493 0.1607 0.9550
vn 0.2265 0.1986 0.9535
vn 0.0903 0.2644 0.9602
vn 0.1344 0.1938 0.9718
vn 0.2035 0.2415 0.9488
vn 0.2758 0.2390 0.9310
vn -0.1453 0.1120 0.9830
vn 0.3763 0.2218 0.8995
vn 0.5151 0.2063 0.8319
vn -0.2416 0.2234 0.9443
vn -0.1762 0.3924 0.9027
vn -0.5644 0.3893 0.7280
vn -0.4638 0.2017 0.8627
vn -0.2274 0.1543 0.9615
vn -0.3763 0.6214 0.6872
vn -0.7653 0.5458 0.3412
vn -0.7866 0.5985 0.1519
vn -0.4948 0.8162 0.2983
vn -0.0969 0.7913 0.6037
vn -0.0274 0.9412 0.3369
vn -0.4978 0.8567 0.1353
vn 0.3491 0.8416 0.4121
vn 0.3336 0.9293 0.1584
vn -0.0625 0.9879 0.1420
vn 0.1905 0.7935 0.5780
vn 0.2223 0.9749 0.0124
vn -0.2024 0.9792 -0.0115
vn -0.0462 0.9879 -0.1480
vn -0.4796 0.8566 -0.1902
vn -0.5542 0.8318 -0.0312
vn -0.8326 0.5519 -0.0468
vn -0.7646 0.5985 -0.2391
vn 0.3493 0.9293 -0.1201
vn 0.6220 0.7822 0.0350
vn 0.6658 0.7427 -0.0715
vn 0.8165 0.5771 -0.0153
vn 0.8121 0.5818 0.0457
vn 0.6536 0.7427 0.1457
vn 0.8097 0.5770 0.1067
vn 0.8890 0.4552 0.0499
vn 0.8866 0.4211 0.1915
vn 0.9498 0.3082 0.0534
vn 0.9025 0.4211 -0.0908
vn 0.9303 0.3206 -0.1780
vn 0.9045 0.3207 0.2811
vn 0.8224 0.5018 0.2681
vn 0.8000 0.5710 0.1844
vn 0.6565 0.6596 0.3660
vn 0.5916 0.7404 0.3192
vn 0.4442 0.7421 0.5019
vn 0.5342 0.4008 0.7443
vn 0.4070 0.3556 0.8414
vn 0.4223 0.4298 0.7981
vn 0.3741 0.1203 0.9195
vn 0.3571 0.2638 0.8961
vn 0.4555 0.1370 0.8796
vn 0.2792 0.4912 0.8251
vn 0.2525 0.5694 0.7823
vn 0.1958 0.5833 0.7883
vn 0.3877 0.4996 0.7747
vn 0.2802 0.3270 0.9026
vn 0.2203 0.4554 0.8626
vn 0.4213 0.4261 0.8006
vn 0.4029 0.7700 0.4948
vn -0.2303 0.9105 -0.3434
vn 0.3996 0.3648 0.8410
vn -0.4930 0.3522 0.7955
vn 0.2571 0.2858 0.9232
vn 0.2077 0.2543 0.9446
vn 0.2031 0.2620 0.9435
vn -0.6763 -0.0022 0.7367
vn -0.7762 0.3480 0.5258
vn -0.8797 0.0950 -0.4659
vn -0.4760 0.4468 0.7575
vn -0.9558 -0.2931 0.0250
vn -0.3687 0.8625 -0.3467
vn 0.6349 0.6588 0.4037
vn 0.6609 -0.0295 0.7499
vn 0.6868 0.0027 0.7269
vn 0.4500 -0.1557 0.8793
vn -0.1212 -0.1198 0.9854
vn 0.1904 -0.0878 0.9778
vn 0.8760 -0.2999 0.3778
vn 0.6932 0.1067 0.7128
vn 0.7864 0.1423 0.6011
vn 0.9279 -0.2284 0.2945
vn 0.6468 -0.6818 0.3417
vn 0.6363 -0.7224 0.2708
vn 0.3341 0.2040 0.9202
vn 0.4472 0.2306 0.8642
vn 0.4145 0.1966 0.8886
vn 0.3095 -0.8385 0.4485
vn 0.3763 -0.7997 0.4678
vn 0.4085 0.1469 0.9009
vn 0.2968 -0.7193 0.6281
vn 0.3648 -0.6184 0.6961
vn 0.6006 -0.0969 0.7936
vn 0.5174 0.4012 0.7559
vn 0.7172 0.5237 0.4597
vn 0.5896 -0.1293 0.7973
vn 0.7301 0.5399 0.4188
vn 0.3666 0.9033 -0.2230
vn -0.6865 0.7161 -0.1262
vn 0.4603 0.3015 0.8350
vn -0.4045 -0.4660 0.7869
vn 0.0060 -0.5228 0.8524
vn -0.9897 0.0404 -0.1371
vn -0.4355 -0.5992 0.6718
vn 0.5135 0.0947 0.8528
vn 0.4971 0.1112 0.8606
vn 0.6044 0.0555 0.7948
vn 0.1192 -0.7126 0.6914
vn 0.1015 -0.7434 0.6611
vn 0.7007 -0.0107 0.7134
vn 0.6692 0.0113 0.7430
vn 0.7710 0.4183 0.4802
vn 0.6787 0.4684 0.5656
vn 0.6636 0.2270 0.7128
vn 0.6084 0.3144 0.7287
vn 0.5772 0.3988 0.7126
vn 0.5875 0.4149 0.6948
vn 0.6009 0.3792 0.7037
vn 0.6428 0.4730 0.6026
vn 0.6251 0.4765 0.6182
vn 0.5137 0.0189 0.8578
vn 0.6214 0.4468 0.6436
vn 0.4301 0.1122 0.8958
vn 0.4048 0.0707 0.9117
vn 0.4878 -0.0642 0.8706
vn 0.5036 -0.1416 0.8523
vn 0.4578 -0.0896 0.8845
vn 0.4005 -0.2260 0.8880
vn 0.5291 -0.3017 0.7931
vn 0.4505 -0.2769 0.8488
vn 0.4689 -0.4116 0.7815
vn 0.1444 -0.4876 0.8611
vn 0.1709 -0.5316 0.8296
vn 0.0732 -0.4526 0.8887
vn 0.2165 -0.5934 0.7753
vn 0.2558 -0.6019 0.7565
vn -0.6660 -0.7363 0.1199
vn -0.7162 -0.6774 0.1676
vn -0.7302 -0.6648 0.1576
vn -0.7100 -0.6913 -0.1343
vn -0.7008 -0.7131 -0.0175
vn 0.3658 -0.6065 0.7059
vn -0.7008 -0.6884 0.1871
vn -0.3861 -0.9049 -0.1792
vn -0.7562 -0.6162 0.2201
vn 0.6490 -0.7606 -0.0158
vn 0.9136 0.2506 -0.3202
vn 0.5253 -0.6030 -0.6004
vn -0.7090 -0.6827 -0.1768
vn 0.4442 -0.0748 -0.8928
vn -0.1622 -0.8404 -0.5171
vn 0.7247 0.0509 -0.6872
vn 0.2337 0.2054 -0.9504
vn 0.3048 0.4580 -0.8351
vn -0.0517 0.4220 -0.9051
vn 0.2890 0.6226 -0.7272
vn 0.8527 0.5169 -0.0753
vn -0.0696 0.4510 -0.8898
vn 0.2328 0.6475 -0.7256
vn -0.2261 0.5320 -0.8160
vn 0.8793 0.3009 0.3691
vn 0.8815 0.2634 0.3918
vn 0.8859 0.2766 0.3725
vn 0.7110 -0.0387 0.7021
vn 0.5927 -0.1136 0.7974
vn 0.5179 -0.1482 0.8425
vn 0.6391 -0.1324 0.7577
vn 0.8881 0.2312 0.3973
vn 0.3370 -0.2615 0.9045
vn 0.2492 -0.2546 0.9344
vn 0.2412 -0.3040 0.9216
vn 0.1692 -0.2849 0.9435
vn 0.4354 -0.1932 0.8793
vn 0.5431 -0.1662 0.8230
vn 0.4972 -0.1994 0.8444
vn 0.8743 0.0114 0.4852
vn 0.8934 0.1362 0.4282
vn 0.8965 0.1268 0.4246
vn 0.4098 -0.1517 0.8995
vn 0.8728 -0.0118 0.4880
vn 0.8223 -0.1019 0.5598
vn 0.7468 -0.2617 0.6114
vn 0.3529 -0.5164 0.7803
vn 0.0722 -0.5606 0.8249
vn 0.3453 -0.1578 0.9251
vn -0.1204 -0.5012 0.8569
vn 0.3181 -0.0047 0.9480
vn -0.3621 -0.6502 -0.6679
vn 0.1757 0.1782 -0.9682
vn -0.0240 0.3309 -0.9434
vn -0.2397 -0.4988 0.8329
vn -0.5463 -0.4030 0.7342
vn -0.8468 -0.4878 -0.2121
vn -0.9082 -0.4138 0.0631
vn -0.4518 -0.6827 0.5743
vn -0.2794 -0.9599 -0.0243
vn -0.4879 -0.8492 -0.2023
vn -0.5612 -0.8236 -0.0822
vn -0.0531 -0.8987 0.4354
vn -0.2421 -0.6558 0.7150
vn -0.7816 -0.6044 -0.1541
vn -0.9172 -0.3969 0.0351
vn -0.4435 -0.2517 0.8602
vn -0.9595 -0.1833 0.2138
vn -0.9290 -0.3679 -0.0396
vn -0.9097 -0.4082 -0.0767
vn -0.9158 -0.4008 -0.0262
vn -0.9566 -0.2913 0.0110
vn -0.9510 -0.3046 -0.0535
vn -0.9128 -0.4010 -0.0767
vn -0.9493 -0.2913 -0.1182
vn -0.9027 -0.4272 -0.0508
vn -0.9276 -0.3679 -0.0648
vn -0.8652 -0.4878 0.1158
vn -0.8624 -0.0163 0.5060
vn -0.7192 -0.3582 0.5954
vn -0.5969 0.1286 0.7919
vn -0.7940 -0.6044 0.0656
vn -0.5669 -0.8235 0.0187
vn -0.8984 -0.1499 0.4129
vn -0.5076 -0.8491 0.1462
vn -0.2803 -0.9599 -0.0071
vn -0.0040 -0.8987 -0.4386
vn 0.2368 -0.8924 -0.3841
vn -0.3845 -0.6827 -0.6213
vn 0.0553 -0.8322 -0.5517
vn 0.3884 -0.8659 -0.3153
vn 0.7175 -0.2830 -0.6365
vn 0.5276 -0.4523 -0.7191
vn 0.5501 0.0299 -0.8346
vn 0.7175 0.0933 -0.6903
vn 0.6561 -0.2779 -0.7016
vn -0.1605 -0.6558 -0.7377
vn 0.5421 0.0524 -0.8387
vn -0.3443 -0.2517 -0.9045
vn 0.4204 0.1280 -0.8982
vn 0.6887 0.2174 -0.6917
vn 0.7195 0.2029 -0.6642
vn -0.2300 -0.0145 -0.9731
vn -0.9295 -0.1833 -0.3199
vn -0.9615 0.0418 -0.2716
vn -0.1849 0.0098 -0.9827
vn -0.9506 0.0484 -0.3066
vn 0.5522 0.0368 -0.8329
vn -0.1994 -0.0917 -0.9756
vn -0.9472 -0.0616 -0.3146
vn -0.8987 0.2069 0.3868
vn -0.8884 0.1940 0.4160
vn -0.9176 0.1275 0.3766
vn -0.5417 0.5045 0.6723
vn -0.6135 0.4864 0.6221
vn 0.4056 0.7801 0.4763
vn 0.3230 0.8276 0.4590
vn -0.5346 0.4245 0.7307
vn 0.8203 0.4308 -0.3762
vn 0.2696 0.8624 0.4285
vn 0.8510 0.3755 -0.3671
vn 0.7567 0.4548 -0.4697
vn 0.7728 0.1435 -0.6182
vn 0.7853 -0.0030 -0.6191
vn 0.8538 -0.0031 -0.5206
vn 0.8709 0.4230 -0.2503
vn 0.8276 -0.0165 -0.5610
vn 0.5227 -0.3198 -0.7902
vn 0.7710 0.0174 -0.6366
vn 0.4702 -0.2462 -0.8475
vn 0.8179 0.5003 -0.2842
vn 0.2197 0.9233 0.3149
vn 0.7532 0.6187 -0.2233
vn 0.2830 0.9312 0.2296
vn -0.6009 0.5868 0.5428
vn 0.1336 0.9751 0.1771
vn -0.1509 0.9684 0.1985
vn 0.3428 0.8422 -0.4161
vn 0.7560 0.4422 -0.4825
vn -0.5099 0.8521 0.1182
vn 0.0758 -0.5520 -0.8304
vn -0.7599 -0.5551 -0.3382
vn -0.1386 -0.4728 -0.8702
vn -0.9096 -0.3089 -0.2778
vn -0.9192 0.0720 0.3873
vn 0.0959 -0.5372 -0.8380
vn -0.6033 0.5737 0.5540
vn -0.6572 0.4805 0.5806
vn 0.0955 0.8913 0.4432
vn 0.0218 -0.2622 -0.9648
vn 0.6946 0.3066 -0.6508
vn 0.2927 0.7148 -0.6352
vn 0.1083 0.1699 -0.9795
vn 0.4387 0.2624 -0.8594
vn -0.1181 0.1542 -0.9810
vn -0.4701 0.1292 -0.8731
vn -0.1416 0.5123 0.8471
vn -0.0435 0.0792 -0.9959
vn -0.0342 0.1120 -0.9931
vn 0.0223 0.1330 -0.9909
vn 0.2424 0.1938 -0.9506
vn 0.1974 0.2645 -0.9440
vn 0.3320 0.1985 -0.9221
vn 0.3784 0.2391 -0.8942
vn 0.3086 0.2414 -0.9201
vn 0.1782 0.1074 -0.9781
vn 0.3548 0.1607 -0.9210
vn -0.0432 0.0790 -0.9959
vn 0.3213 0.0942 -0.9423
vn 0.2941 0.0776 -0.9526
vn 0.4416 -0.0664 -0.8947
vn 0.4063 -0.0619 -0.9116
vn 0.5022 -0.2331 -0.8327
vn 0.3484 -0.3964 -0.8494
vn 0.5313 -0.1931 -0.8249
vn 0.5080 -0.1517 -0.8479
vn 0.5886 -0.2000 -0.7833
vn 0.6320 -0.1662 -0.7569
vn 0.9232 0.0113 -0.3841
vn 0.8106 -0.2617 -0.5238
vn 0.8799 -0.1019 -0.4641
vn 0.9220 -0.0119 -0.3871
vn 0.9384 0.1267 -0.3214
vn 0.9357 0.1363 -0.3254
vn 0.1257 0.2054 0.9706
vn -0.1528 0.4220 0.8936
vn -0.1297 0.3311 0.9346
vn 0.9270 0.2312 -0.2952
vn 0.9221 0.2765 -0.2709
vn -0.1689 0.4510 0.8764
vn 0.9152 0.3009 -0.2682
vn 0.9199 0.2634 -0.2906
vn 0.7851 -0.0388 -0.6181
vn 0.7198 -0.1325 -0.6814
vn 0.6091 -0.1483 -0.7791
vn 0.6783 -0.1136 -0.7259
vn 0.5914 -0.1863 -0.7846
vn 0.4362 -0.2615 -0.8610
vn 0.6235 -0.1697 -0.7632
vn 0.4351 -0.2378 -0.8684
vn 0.3429 -0.3040 -0.8888
vn -0.1448 -0.4988 -0.8545
vn 0.2739 -0.2849 -0.9186
vn -0.1224 -0.5119 -0.8503
vn -0.7659 -0.5417 -0.3463
vn -0.6655 -0.6159 -0.4217
vn -0.0779 -0.5157 -0.8532
vn 0.2819 -0.3647 -0.8874
vn -0.3202 -0.6323 -0.7054
vn -0.6101 -0.6063 -0.5101
vn 0.1827 -0.4476 -0.8754
vn -0.4966 -0.7191 -0.4861
vn -0.6804 -0.6613 -0.3158
vn -0.5524 -0.8330 -0.0311
vn -0.6905 -0.7223 -0.0388
vn -0.2971 -0.7358 -0.6085
vn 0.1952 -0.3553 -0.9142
vn 0.6388 -0.0538 -0.7675
vn 0.8434 0.1959 -0.5004
vn 0.3621 -0.2183 -0.9062
vn 0.3846 0.1771 -0.9059
vn 0.6481 0.5704 -0.5046
vn 0.2598 -0.6745 -0.6910
vn -0.1222 -0.8833 -0.4526
vn 0.1068 -0.9943 0.0060
vn -0.2228 -0.9748 -0.0125
vn -0.1721 -0.8833 0.4360
vn 0.1807 -0.6745 0.7159
vn 0.2583 -0.2183 0.9411
vn -0.3634 -0.7358 0.5715
vn 0.5875 0.5704 0.5740
vn 0.2807 0.1771 0.9433
vn 0.7820 0.1958 0.5917
vn 0.0914 -0.3553 0.9303
vn 0.1683 0.8553 0.4900
vn 0.6838 0.7286 0.0385
vn 0.1521 0.1562 0.9759
vn -0.2959 0.8449 0.4456
vn 0.1679 0.9858 0.0094
vn -0.2166 0.9762 -0.0122
vn -0.7174 0.5754 0.3927
vn -0.6260 0.7790 -0.0351
vn -0.0698 0.4278 0.9012
vn -0.4221 0.3238 0.8467
vn 0.7412 -0.2107 0.6374
vn 0.6422 0.4781 0.5992
vn 0.4214 -0.7135 0.5597
vn 0.6211 -0.7829 0.0349
vn 0.9432 -0.3279 0.0530
vn 0.9398 0.3376 0.0528
vn 0.4815 -0.7134 -0.5091
vn 0.8080 -0.2106 -0.5502
vn 0.2605 0.1562 -0.9528
vn 0.0317 0.4278 -0.9033
vn 0.7053 0.4781 -0.5234
vn -0.3245 0.3238 -0.8887
vn -0.0146 0.8247 -0.5654
vn 0.2834 0.9589 0.0159
vn -0.2772 -0.6007 -0.7499
vn -0.9918 -0.1154 -0.0557
vn -0.6690 0.5754 -0.4705
vn -0.4667 -0.8841 -0.0262
vn 0.0853 -0.9963 0.0048
vn -0.6785 -0.0792 -0.7304
vn -0.1760 -0.9843 -0.0098
vn -0.3594 -0.6008 0.7141
vn -0.7560 -0.0791 0.6498
vn -0.0778 0.8247 0.5602
vn -0.8126 0.5810 -0.0457
vn -0.2440 0.8449 -0.4760
vn 0.2222 0.8553 -0.4680
vn -0.5479 -0.7191 0.4274
vn -0.7115 -0.6613 0.2376
vn -0.7540 -0.6555 -0.0424
vn -0.7983 -0.5649 0.2089
vn -0.8230 -0.5662 -0.0465
vn -0.8061 -0.5554 -0.2043
vn -0.7698 -0.5651 -0.2968
vn -0.7548 -0.6229 -0.2054
vn -0.8308 -0.5349 -0.1540
vn -0.8896 -0.4480 -0.0884
vn -0.8954 -0.4138 -0.1645
vn -0.9126 -0.4081 -0.0257
vn -0.4606 -0.4030 -0.7909
vn 0.1804 -0.4070 -0.8954
vn 0.3524 -0.2546 -0.9006
vn 0.0661 0.1782 0.9818
vn 0.4381 -0.5164 -0.7358
vn 0.4468 -0.1578 -0.8806
vn 0.1643 -0.5606 -0.8116
vn 0.4224 -0.0046 -0.9064
vn 0.5540 -0.0896 -0.8277
vn 0.5044 0.0707 -0.8606
vn 0.2988 -0.0877 -0.9503
vn 0.6066 0.0189 -0.7948
vn 0.5823 -0.0642 -0.8104
vn 0.5279 0.1122 -0.8418
vn -0.5895 -0.0022 -0.8078
vn -0.1510 -0.5029 -0.8510
vn 0.7407 -0.0296 -0.6711
vn 0.7639 0.0027 -0.6454
vn 0.8488 0.1423 -0.5092
vn 0.7689 0.1056 -0.6306
vn 0.9128 -0.3000 -0.2772
vn 0.6896 0.4467 -0.5701
vn 0.9551 -0.2284 -0.1887
vn 0.5415 0.1701 -0.8233
vn 0.6008 0.2564 -0.7572
vn 0.4720 0.2403 -0.8482
vn 0.6905 0.4764 -0.5443
vn 0.4567 0.1946 -0.8681
vn 0.6092 0.0944 -0.7874
vn 0.6324 0.1042 -0.7676
vn 0.7062 0.4730 -0.5268
vn 0.7378 0.4685 -0.4859
vn 0.8199 0.4183 -0.3908
vn 0.8182 0.4092 -0.4039
vn 0.7221 0.0342 -0.6910
vn 0.9142 0.3061 -0.2656
vn 0.7095 -0.0486 -0.7030
vn 0.7013 -0.0895 -0.7072
vn 0.8614 -0.0709 -0.5030
vn 0.9102 0.3990 -0.1110
vn 0.8393 0.1471 -0.5234
vn 0.7845 0.3206 -0.5309
vn 0.6710 -0.0954 -0.7353
vn 0.5462 -0.1767 -0.8188
vn 0.5925 0.0307 -0.8050
vn 0.8268 -0.0370 -0.5613
vn 0.9363 0.0803 -0.3420
vn 0.5375 -0.3144 -0.7825
vn 0.6483 -0.2034 -0.7337
vn 0.6927 -0.1605 -0.7032
vn 0.9234 -0.1574 -0.3502
vn 0.8615 -0.0801 -0.5014
vn 0.9207 -0.1314 -0.3675
vn 0.8515 -0.0674 -0.5200
vn 0.2394 -0.5871 -0.7733
vn 0.7763 -0.0108 -0.6303
vn 0.0409 -0.6768 -0.7350
vn 0.6923 0.0350 -0.7208
vn 0.1749 -0.7434 -0.6455
vn 0.1960 -0.7127 -0.6736
vn 0.8675 0.1733 -0.4663
vn 0.8712 0.0987 -0.4810
vn 0.7393 0.2270 -0.6339
vn 0.6861 0.3143 -0.6561
vn 0.5989 0.4012 -0.6931
vn 0.4914 0.3648 -0.7909
vn 0.4558 0.7700 -0.4465
vn 0.7642 0.5237 -0.3764
vn 0.4264 -0.7997 -0.4228
vn 0.4405 -0.6184 -0.6508
vn 0.3654 -0.7193 -0.5908
vn 0.6857 -0.0969 -0.7214
vn 0.7725 0.5399 -0.3343
vn 0.6752 -0.1293 -0.7262
vn 0.3393 0.9033 0.2626
vn 0.5458 -0.1557 -0.8233
vn 0.1016 -0.5228 -0.8464
vn -0.3139 -0.4659 -0.8273
vn 0.5509 0.3016 -0.7781
vn -0.6964 0.7160 0.0485
vn -0.2672 0.9105 0.3155
vn -0.9989 0.0403 0.0254
vn -0.4008 0.3522 -0.8458
vn -0.0100 -0.1197 -0.9928
vn 0.6761 0.6588 -0.3300
vn -0.4052 0.8625 0.3031
vn 0.3075 0.2621 -0.9147
vn 0.3115 0.2546 -0.9155
vn -0.3577 -0.5992 -0.7163
vn -0.7124 0.3480 -0.6095
vn -0.9264 0.0950 0.3644
vn -0.3881 0.4469 -0.8060
vn -0.9469 -0.2931 -0.1320
vn 0.6810 -0.6819 -0.2671
vn 0.6626 -0.7224 -0.1977
vn 0.3704 0.2750 -0.8872
vn 0.3582 -0.8386 -0.4104
vn 0.7824 0.1294 -0.6091
vn -0.9043 0.0473 0.4243
vn -0.9075 -0.3969 -0.1376
vn -0.7329 -0.6727 -0.1015
vn -0.2943 -0.9556 -0.0163
vn 0.9659 0.2415 0.0934
vn 0.9982 0.0069 0.0596
vn -0.2942 -0.9556 -0.0168
vn 0.9982 0.0071 0.0596
vn 0.4987 -0.5504 0.6696
vn 0.5188 -0.5030 0.6913
vn 0.6091 -0.3633 0.7050
vn 0.5121 0.2564 0.8197
vn -0.2455 -0.5029 0.8287
vn 0.5570 0.2604 0.7886
vn 0.5250 0.1771 0.8325
vn 0.5275 0.2786 0.8026
vn -0.0375 0.5839 0.8109
vn 0.0570 0.6950 0.7167
vn 0.9613 0.2703 0.0539
vn 0.8045 0.3755 0.4602
vn 0.3723 0.8276 -0.4200
vn -0.5400 0.4864 -0.6869
vn 0.3159 0.8624 -0.3956
vn -0.5880 0.4805 -0.6507
vn -0.8696 0.1275 -0.4771
vn -0.9350 -0.3089 0.1741
vn -0.8699 0.0720 -0.4879
vn -0.5363 0.5867 -0.6067
vn -0.5374 0.5737 -0.6181
vn -0.7930 -0.5551 0.2509
vn 0.0013 -0.5372 0.8435
vn -0.0179 -0.5522 0.8336
vn -0.2352 -0.4728 0.8492
vn -0.4935 0.8521 -0.1747
vn 0.4308 -0.3198 0.8439
vn 0.2939 0.8422 0.4520
vn -0.1276 0.9684 -0.2143
vn 0.1526 0.9751 -0.1609
vn 0.6973 0.4423 0.5641
vn 0.6948 0.0174 0.7190
vn 0.7235 0.6187 0.3062
vn 0.7809 0.5003 0.3741
vn 0.3070 0.9312 -0.1963
vn 0.7595 -0.0165 0.6503
vn 0.2536 0.9233 -0.2884
vn 0.8373 0.4230 0.3463
vn 0.3722 -0.2462 0.8949
vn 0.7109 -0.0030 0.7033
vn 0.7901 -0.0031 0.6130
vn -0.0865 -0.2622 0.9611
vn 0.1446 0.8913 -0.4297
vn 0.4800 -0.0330 0.8766
vn 0.4284 -0.0370 0.9028
vn -0.1660 -0.7210 0.6728
vn 0.4108 -0.0846 0.9078
vn 0.8007 0.4382 0.4084
vn 0.7040 0.6013 0.3778
vn 0.4512 0.5443 0.7072
vn 0.8637 0.3846 0.3257
vn 0.8732 0.2400 0.4241
vn 0.6307 0.3808 0.6762
vn -0.0417 0.1694 0.9847
vn 0.5595 0.2434 0.7923
vn -0.1358 0.3280 0.9349
vn -0.0031 -0.1808 0.9835
vn -0.7015 0.1305 0.7006
vn -0.5975 -0.3016 0.7430
vn -0.3762 -0.7194 0.5839
vn -0.8879 -0.3262 0.3245
vn -0.7029 -0.6639 0.2553
vn -0.4591 -0.8777 0.1373
vn -0.1708 -0.9239 0.3424
vn 0.1386 -0.6620 0.7366
vn 0.2771 -0.6495 0.7081
vn 0.5874 -0.2935 0.7542
vn 0.5193 -0.5281 0.6719
vn -0.0772 -0.4376 0.8958
vn 0.5366 -0.0935 0.8386
vn 0.3807 0.2842 0.8799
vn 0.6991 0.4037 0.5902
vn 0.8387 0.1148 0.5323
vn 0.7425 0.3966 0.5399
vn 0.7920 0.5492 0.2666
vn 0.8352 0.4839 0.2612
vn 0.9051 0.3746 0.2013
vn 0.9401 0.2920 0.1760
vn 0.9339 0.3084 0.1811
vn 0.8682 0.4287 0.2498
vn 0.9103 0.2769 0.3077
vn 0.9418 0.2428 0.2325
vn 0.9472 0.2398 0.2128
vn 0.8794 0.3981 0.2613
vn 0.9522 0.2048 0.2267
vn 0.8930 0.2224 0.3912
vn 0.8606 0.2244 0.4572
vn 0.9592 0.1584 0.2341
vn 0.9020 0.1245 0.4134
vn 0.9255 0.1429 0.3509
vn 0.9886 0.1492 0.0221
vn 0.9656 0.1017 0.2393
vn 0.9945 0.0974 0.0376
vn 0.9938 0.1034 0.0410
vn 0.9683 0.0948 0.2309
vn 0.9412 0.1503 0.3024
vn 0.9396 0.0439 0.3396
vn 0.8734 -0.0063 0.4869
vn 0.9402 0.1976 0.2775
vn 0.8534 0.0351 0.5201
vn 0.8875 0.2413 0.3926
vn 0.5493 0.6076 0.5736
vn 0.5063 0.0695 0.8595
vn 0.7459 -0.0345 0.6652
vn 0.7250 0.2954 0.6221
vn 0.8668 0.3077 0.3923
vn 0.0562 0.4664 0.8828
vn 0.5015 0.7390 0.4499
vn 0.0049 0.2422 0.9702
vn -0.3926 0.0215 0.9195
vn 0.0155 0.8341 0.5514
vn -0.4616 0.8510 0.2506
vn -0.6059 0.4124 0.6803
vn -0.0311 0.6771 0.7353
vn -0.8581 0.5133 0.0155
vn -0.6296 0.6259 0.4603
vn -0.8812 0.1209 0.4571
vn -0.9992 0.0123 0.0377
vn -0.9983 0.0384 -0.0438
vn -0.9860 0.0741 0.1495
vn -0.9034 0.3991 0.1569
vn -0.9773 0.0780 0.1971
vn -0.9921 -0.1220 -0.0308
vn -0.9959 -0.0899 -0.0032
vn -0.9937 0.0027 0.1121
vn -0.9962 -0.0763 0.0420
vn -0.6779 -0.1517 0.7193
vn -0.6707 0.5394 0.5091
vn -0.6298 0.7620 -0.1507
vn -0.7911 0.5044 -0.3460
vn -0.0604 0.6312 0.7732
vn -0.1040 0.9455 0.3086
vn 0.5169 0.7346 0.4395
vn -0.0597 0.5720 0.8181
vn 0.7996 0.1970 0.5673
vn 0.5113 0.3481 0.7857
vn 0.4183 0.0229 0.9080
vn -0.0384 0.0422 0.9984
vn 0.8455 0.1590 0.5098
vn 0.4764 0.3927 0.7866
vn -0.0545 0.4384 0.8971
vn -0.6021 0.2055 0.7715
vn -0.3518 -0.0701 0.9335
vn -0.7778 0.3888 0.4938
vn -0.9437 0.0807 0.3207
vn -0.5720 -0.0530 0.8185
vn -0.9619 0.1761 0.2092
vn -0.9923 -0.0376 0.1179
vn -0.9422 0.3333 -0.0337
vn -0.7029 0.5907 0.3963
vn -0.6548 0.7552 0.0295
vn -0.1106 0.8263 0.5522
vn -0.1714 0.9694 0.1756
vn 0.5521 0.6144 0.5636
vn -0.6241 0.7108 -0.3244
vn 0.5358 0.8009 0.2673
vn -0.1508 0.9787 -0.1394
vn -0.7371 0.6100 -0.2907
vn -0.2242 0.8968 0.3815
vn -0.6564 0.7533 0.0409
vn -0.6900 0.6356 0.3462
vn -0.5428 0.4750 0.6927
vn -0.9683 0.2447 0.0495
vn -0.6989 0.5267 0.4838
vn -0.9660 0.1893 0.1759
vn -0.9919 -0.0466 -0.1182
vn -0.9926 -0.0131 -0.1204
vn -0.9927 0.1187 -0.0220
vn -0.9528 0.2577 0.1603
vn -0.6830 0.4456 0.5788
vn -0.9955 -0.0633 -0.0706
vn -0.9907 -0.1271 -0.0478
vn -0.9924 -0.1203 -0.0242
vn -0.9906 -0.1303 -0.0407
vn -0.9913 -0.1186 -0.0574
vn -0.9848 -0.1584 -0.0714
vn -0.9927 -0.0815 -0.0892
vn -0.9805 -0.1513 -0.1256
vn -0.9688 -0.2419 -0.0544
vn -0.9822 -0.1542 -0.1073
vn -0.9680 -0.2400 -0.0739
vn -0.9639 -0.2422 -0.1111
vn -0.9781 -0.2029 -0.0457
vn -0.9953 -0.0775 -0.0575
vn -0.9956 0.0682 -0.0635
vn -0.9855 -0.1027 -0.1347
vn -0.9785 0.0722 -0.1933
vn -0.9786 -0.1191 -0.1677
vn -0.9936 -0.0660 -0.0912
vn -0.9553 -0.0178 -0.2953
vn -0.9818 -0.1352 -0.1335
vn -0.9998 0.0139 0.0173
vn -0.8178 -0.3053 -0.4879
vn -0.9511 0.2520 0.1786
vn -0.9797 0.0543 -0.1930
vn -0.9139 -0.0269 -0.4051
vn -0.9361 0.3490 0.0436
vn -0.6177 0.2791 -0.7352
vn -0.6500 0.6233 -0.4347
vn -0.7126 0.7015 -0.0028
vn -0.2705 0.9603 -0.0684
vn -0.6369 0.7375 0.2246
vn -0.2412 0.9486 0.2047
vn -0.2073 0.8601 -0.4660
vn 0.2110 0.9571 0.1986
vn 0.2594 0.9256 -0.2757
vn 0.2693 0.5763 -0.7716
vn 0.0256 0.7550 -0.6552
vn -0.1560 0.7086 -0.6881
vn -0.7262 0.6622 -0.1849
vn -0.5323 0.4259 -0.7316
vn 0.0587 0.8030 -0.5931
vn -0.6808 0.5617 -0.4701
vn -0.2334 0.8063 -0.5435
vn 0.0451 0.9445 -0.3254
vn -0.6558 0.7135 -0.2468
vn -0.3095 0.9196 -0.2420
vn -0.6948 0.7188 -0.0237
vn -0.0123 0.9993 -0.0355
vn -0.3394 0.9405 -0.0159
vn -0.9321 0.3431 -0.1163
vn -0.7179 0.6647 0.2068
vn -0.3184 0.9245 0.2096
vn -0.2691 0.7799 0.5652
vn 0.0565 0.9580 0.2812
vn 0.0957 0.7895 0.6063
vn -0.2442 0.5822 0.7755
vn 0.1358 0.6074 0.7827
vn 0.4928 0.6030 0.6274
vn 0.3900 0.5304 0.7527
vn 0.7331 0.2433 0.6351
vn 0.5925 0.7628 0.2590
vn 0.8330 0.4038 0.3782
vn 0.8319 0.4830 0.2733
vn 0.9323 0.1811 0.3131
vn 0.9057 0.3370 0.2573
vn 0.9488 0.2315 0.2149
vn 0.9613 0.1408 0.2370
vn 0.9906 0.1176 0.0697
vn 0.9454 0.3258 0.0093
vn 0.8432 0.5080 0.1757
vn 0.7916 0.6075 -0.0659
vn 0.5091 0.7883 0.3455
vn 0.4273 0.9033 -0.0391
vn 0.4203 0.8442 -0.3328
vn 0.3494 0.7452 -0.5680
vn 0.7723 0.5728 -0.2748
vn 0.6918 0.4838 -0.5361
vn 0.9334 0.3080 -0.1839
vn 0.7323 0.5911 -0.3383
vn 0.7914 0.3002 -0.5324
vn 0.9530 0.2046 -0.2234
vn 0.9857 0.0754 -0.1510
vn 0.9552 0.0866 -0.2831
vn 0.8272 0.4167 -0.3769
vn 0.8906 0.4467 -0.0856
vn 0.9269 0.2375 -0.2907
vn 0.9058 0.3103 -0.2885
vn 0.9150 0.3303 -0.2318
vn 0.8942 0.1134 -0.4330
vn 0.9290 0.2561 -0.2673
vn 0.7384 0.6226 -0.2590
vn 0.7875 0.3606 -0.4997
vn 0.7321 0.5601 -0.3878
vn 0.2847 0.8249 -0.4883
vn 0.6981 0.7152 0.0324
vn 0.2149 0.9668 -0.1379
vn -0.1788 0.8732 -0.4534
vn -0.1146 0.5334 -0.8381
vn 0.1017 0.1340 -0.9857
vn 0.4112 0.4392 -0.7988
vn 0.4008 0.1640 -0.9014
vn 0.5329 0.4180 -0.7357
vn -0.0037 0.5352 -0.8447
vn 0.7185 0.0582 -0.6930
vn 0.4199 0.7537 -0.5057
vn -0.1645 0.8860 -0.4334
vn -0.7125 0.6760 -0.1879
vn -0.7353 0.2076 -0.6452
vn -0.4281 -0.1681 -0.8880
vn -0.6880 0.3726 -0.6227
vn 0.0767 0.5052 -0.8596
vn -0.3373 -0.1952 -0.9209
vn -0.9591 0.0517 -0.2783
vn -0.8024 -0.2452 -0.5441
vn -0.9398 0.3312 -0.0840
vn -0.6461 -0.0751 -0.7596
vn 0.0667 0.3655 -0.9284
vn -0.7283 0.6201 -0.2916
vn -0.1201 0.8035 -0.5831
vn -0.1894 0.6458 -0.7397
vn -0.8076 0.2658 -0.5264
vn -0.1475 0.1524 -0.9772
vn -0.8190 -0.1236 -0.5603
vn -0.0074 -0.3943 -0.9189
vn -0.6422 -0.5716 -0.5108
vn -0.9719 -0.2312 -0.0446
vn -0.8407 -0.5326 -0.0980
vn -0.8787 -0.4724 -0.0689
vn -0.9464 -0.2888 -0.1449
vn -0.3740 -0.8674 -0.3282
vn -0.9243 -0.3056 -0.2286
vn -0.8702 -0.3215 -0.3733
vn -0.6547 -0.1205 -0.7462
vn 0.2012 -0.7762 -0.5975
vn 0.1156 -0.1288 -0.9849
vn 0.6306 -0.5384 -0.5589
vn -0.4613 0.3314 -0.8230
vn 0.4444 0.6487 -0.6178
vn -0.0337 0.5023 -0.8640
vn 0.6841 0.0179 -0.7292
vn -0.3048 -0.0959 -0.9476
vn -0.7508 -0.2022 -0.6289
vn -0.8137 0.2384 -0.5301
vn -0.9697 -0.0650 -0.2357
vn -0.9243 -0.3373 -0.1787
vn -0.8696 -0.4616 -0.1755
vn -0.5681 -0.6073 -0.5554
vn -0.7411 -0.6365 -0.2138
vn -0.4000 -0.8469 -0.3503
vn -0.7038 -0.6640 -0.2523
vn -0.1659 -0.5760 -0.8004
vn -0.2067 -0.9682 -0.1407
vn 0.0867 -0.9701 -0.2269
vn 0.0310 -0.8529 -0.5211
vn 0.4475 -0.3474 -0.8240
vn 0.2213 0.1665 -0.9609
vn 0.6553 0.4398 -0.6142
vn 0.8104 0.0709 -0.5815
vn 0.7641 0.5283 -0.3703
vn 0.6510 0.6527 -0.3875
vn 0.8014 0.5441 -0.2484
vn 0.8587 0.3651 -0.3596
vn 0.9063 0.3084 -0.2889
vn 0.9888 0.0444 -0.1426
vn 0.9092 -0.3318 -0.2515
vn 0.9579 0.1127 -0.2640
vn 0.9077 -0.2958 -0.2976
vn 0.9318 0.1086 -0.3464
vn 0.9842 0.0678 -0.1637
vn 0.9677 0.2088 -0.1414
vn 0.9400 0.2166 -0.2636
vn 0.9535 0.0900 -0.2876
vn 0.9831 0.0841 -0.1624
vn 0.9787 0.1284 -0.1601
vn 0.9196 0.0777 -0.3851
vn 0.8404 0.4334 -0.3253
vn 0.7956 0.4671 -0.3858
vn 0.9222 0.1170 -0.3686
vn 0.8022 0.2091 -0.5593
vn 0.8303 -0.0595 -0.5542
vn 0.6177 0.2217 -0.7545
vn 0.4015 0.7469 -0.5300
vn 0.6523 -0.0826 -0.7535
vn 0.8367 0.2464 -0.4891
vn 0.6528 0.3258 -0.6839
vn 0.2592 0.0294 -0.9654
vn 0.8032 0.4565 -0.3827
vn 0.7883 0.1818 -0.5878
vn 0.4512 0.5974 -0.6630
vn 0.5575 0.1694 -0.8127
vn 0.6253 -0.3693 -0.6875
vn 0.9322 0.3316 -0.1450
vn 0.9582 0.2637 -0.1107
vn 0.9757 0.2186 0.0160
vn 0.9685 0.2487 0.0067
vn 0.9649 0.2519 -0.0747
vn 0.9749 0.2184 0.0443
vn 0.9721 0.2015 0.1202
vn 0.9816 0.1818 0.0591
vn 0.9962 0.0840 -0.0212
vn 0.9333 0.3183 0.1661
vn 0.9732 0.2297 -0.0104
vn 0.9758 -0.0735 -0.2060
vn 0.9993 0.0233 0.0301
vn 0.9627 0.1725 0.2084
vn 0.8362 -0.3012 0.4583
vn 0.6489 -0.0783 0.7568
vn 0.8205 0.3426 0.4576
vn 0.9353 0.2514 0.2490
vn 0.8894 0.2170 0.4024
vn 0.7853 -0.1439 0.6022
vn 0.9617 -0.1780 0.2083
vn 0.6814 -0.6855 0.2565
vn 0.1353 -0.8179 0.5592
vn 0.1758 -0.4775 0.8609
vn -0.3664 -0.5001 0.7847
vn -0.1668 -0.9786 -0.1206
vn -0.4168 -0.8693 0.2656
vn 0.2487 -0.9536 0.1699
vn 0.3372 -0.8469 0.4112
vn -0.2413 -0.9006 0.3614
vn -0.7157 -0.6961 0.0568
vn -0.5727 -0.4628 0.6766
vn 0.0762 -0.4798 0.8741
vn -0.1475 0.0553 0.9875
vn 0.7495 -0.4912 0.4438
vn 0.6215 -0.0902 0.7782
vn -0.6897 -0.0803 0.7196
vn -0.2197 0.0642 0.9734
vn 0.4058 0.3281 0.8531
vn 0.8793 0.1454 0.4536
vn 0.9381 -0.1268 0.3224
vn 0.9800 0.1332 0.1478
vn -0.7610 0.0389 0.6476
vn -0.9183 -0.2383 0.3162
vn -0.8795 -0.3831 0.2822
vn -0.8657 -0.5005 0.0065
vn -0.8070 -0.5747 0.1359
vn -0.8627 -0.4984 0.0860
vn -0.8619 -0.5052 0.0431
vn -0.8621 -0.4936 0.1146
vn -0.9165 -0.3998 -0.0129
vn -0.8927 -0.4500 0.0252
vn -0.7182 -0.6290 0.2976
vn -0.8619 -0.1216 0.4923
vn -0.9748 -0.2197 -0.0379
vn -0.8911 -0.4537 0.0044
vn -0.9942 -0.0974 0.0455
vn -0.9756 -0.0676 0.2091
vn -0.9886 0.0072 0.1507
vn -0.9474 -0.2130 0.2388
vn -0.8122 0.1031 0.5741
vn -0.5466 -0.2964 0.7832
vn 0.0667 -0.4392 0.8959
vn -0.4860 -0.4154 0.7689
vn 0.0883 -0.2114 0.9734
vn -0.0331 0.1818 0.9828
vn -0.5994 0.1794 0.7801
vn -0.9277 -0.2746 0.2527
vn 0.5725 -0.3001 0.7630
vn 0.5016 0.2047 0.8405
vn 0.6440 -0.3056 0.7013
vn 0.9103 -0.1012 0.4014
vn 0.8807 -0.2507 0.4018
vn 0.9069 0.1676 0.3865
vn 0.9522 0.1512 0.2655
vn 0.9505 0.1883 0.2471
vn 0.8384 0.4487 0.3095
vn 0.8053 -0.1857 0.5630
vn 0.4646 0.6224 0.6299
vn -0.6140 -0.5839 0.5311
vn -0.9282 -0.3695 -0.0438
vn -0.8641 -0.5029 -0.0189
vn -0.9324 -0.3475 -0.0998
vn -0.8472 -0.5200 -0.1091
vn -0.8366 -0.5473 -0.0222
vn -0.7479 -0.6300 -0.2089
vn -0.6565 -0.6992 -0.2830
vn -0.9042 -0.4236 0.0536
vn -0.8151 -0.5792 -0.0146
vn -0.7818 -0.6029 0.1592
vn -0.7344 -0.6754 -0.0667
vn -0.4733 -0.8099 0.3466
vn -0.4500 -0.5397 0.7115
vn -0.1771 -0.4745 0.8622
vn -0.1173 -0.8569 0.5020
vn -0.3914 -0.9163 -0.0851
vn 0.0480 -0.9988 -0.0095
vn -0.0447 -0.9118 -0.4083
vn -0.3452 -0.8484 -0.4013
vn -0.3409 -0.6275 -0.7000
vn -0.0990 -0.6197 -0.7786
vn -0.4904 -0.8573 -0.1566
vn -0.0177 -0.9727 -0.2315
vn 0.2990 -0.9168 -0.2648
vn -0.1645 -0.9408 0.2964
vn 0.0329 -0.9586 0.2830
vn -0.2057 -0.9619 -0.1800
vn 0.2634 -0.9436 0.2005
vn -0.0524 -0.9788 -0.1980
vn -0.5773 -0.8138 -0.0667
vn -0.3100 -0.8484 -0.4291
vn -0.7086 -0.5418 -0.4520
vn -0.6220 -0.7101 -0.3300
vn -0.4719 -0.4446 -0.7614
vn -0.3010 -0.8414 -0.4489
vn -0.2299 -0.5408 -0.8092
vn 0.0938 -0.9530 -0.2880
vn -0.0268 -0.9620 0.2716
vn -0.1312 -0.9533 0.2721
vn -0.2884 -0.9560 0.0539
vn -0.0397 -0.9930 -0.1108
vn -0.4120 -0.8767 -0.2483
vn -0.5698 -0.8203 0.0503
vn 0.2917 -0.9565 0.0058
vn 0.2878 -0.8624 -0.4164
vn -0.0643 -0.8984 -0.4345
vn 0.2452 -0.5371 -0.8071
vn -0.2019 -0.6393 -0.7420
vn 0.0886 -0.0321 -0.9955
vn -0.3183 -0.2501 -0.9144
vn -0.6515 -0.5532 -0.5192
vn -0.7144 -0.3213 -0.6216
vn -0.0618 0.2903 -0.9549
vn -0.4686 0.1986 -0.8608
vn 0.2386 -0.1687 -0.9563
vn -0.4348 -0.5469 -0.7154
vn -0.6824 0.2199 -0.6971
vn -0.2805 -0.6763 -0.6811
vn -0.7950 -0.3120 -0.5202
vn -0.3938 -0.8716 -0.2919
vn -0.3551 -0.7478 -0.5609
vn -0.8373 -0.4893 -0.2440
vn -0.7548 -0.5888 -0.2892
vn -0.7793 -0.6256 -0.0355
vn -0.7570 -0.6281 -0.1801
vn 0.3021 0.6646 -0.6835
vn 0.7963 0.2327 -0.5584
vn 0.8566 -0.3390 -0.3890
vn 0.5171 -0.7576 -0.3984
vn 0.9502 0.0509 -0.3073
vn 0.8520 -0.2812 -0.4417
vn 0.9514 0.0516 -0.3035
vn 0.5170 -0.6864 -0.5114
vn 0.8889 0.2919 -0.3530
vn 0.9390 0.2903 -0.1845
vn 0.8769 0.4395 -0.1948
vn 0.9393 0.3309 -0.0910
vn 0.8234 0.5020 -0.2645
vn 0.9520 0.3027 0.0456
vn 0.5622 0.7052 -0.4320
vn 0.8894 0.4559 -0.0331
vn 0.9703 0.2419 0.0013
vn 0.9980 0.0623 -0.0109
vn 0.9744 0.1416 0.1746
vn 0.9576 -0.0226 0.2871
vn 0.9804 0.0778 0.1811
vn 0.9663 0.2545 0.0398
vn 0.9793 0.0664 -0.1913
vn 0.8437 0.3810 -0.3781
vn 0.5247 0.2835 -0.8027
vn 0.7281 -0.2119 -0.6519
vn 0.7779 -0.5731 -0.2576
vn 0.6681 -0.7188 0.1922
vn 0.9899 -0.1328 0.0492
vn 0.8669 -0.3150 0.3864
vn 0.4531 -0.6311 0.6296
vn 0.6586 -0.3963 0.6397
vn 0.9500 -0.2767 -0.1445
vn 0.6722 0.2689 -0.6898
vn 0.4522 0.0384 -0.8911
vn 0.7216 -0.3845 -0.5757
vn 0.2822 -0.7130 -0.6419
vn 0.1470 -0.5104 -0.8473
vn -0.0657 -0.8620 -0.5026
vn 0.2264 -0.9431 -0.2435
vn 0.8203 -0.5685 -0.0625
vn 0.7309 -0.5246 0.4365
vn 0.9648 0.1082 -0.2398
vn 0.9943 0.0403 0.0989
vn 0.9178 -0.0303 0.3958
vn 0.8770 -0.4598 0.1397
vn 0.9889 0.1303 -0.0713
vn 0.9670 0.2205 0.1280
vn 0.9734 0.2097 -0.0926
vn 0.9633 0.2679 0.0153
vn 0.9416 0.1440 -0.3043
vn 0.5760 -0.3085 -0.7570
vn 0.9086 -0.3656 -0.2019
vn 0.9852 0.1713 0.0116
vn 0.9824 0.1713 0.0741
vn 0.9294 -0.3475 0.1240
vn 0.9634 0.2641 0.0461
vn 0.9510 0.3002 0.0737
vn 0.9589 0.1671 0.2295
vn 0.8575 0.2725 0.4365
vn 0.8351 -0.2639 0.4826
vn 0.5648 -0.0365 0.8245
vn 0.1322 -0.4497 0.8833
vn 0.2938 -0.8976 0.3286
vn 0.8598 -0.1836 0.4765
vn 0.7213 -0.5125 -0.4659
vn 0.4789 -0.7799 -0.4029
vn 0.8743 -0.4848 -0.0241
vn 0.4542 -0.7420 0.4931
vn 0.3716 -0.9273 -0.0445
vn -0.1303 -0.8877 0.4417
vn -0.0190 -0.9948 -0.1005
vn 0.1196 -0.8553 -0.5042
vn -0.5807 -0.7534 0.3086
vn -0.3941 -0.9178 -0.0480
vn -0.8014 -0.5636 -0.2002
vn -0.2077 -0.8410 -0.4995
vn -0.1012 -0.9845 0.1435
vn -0.6302 -0.3762 0.6792
vn 0.4140 -0.7869 0.4577
vn 0.5452 -0.8376 0.0335
vn 0.4259 -0.8179 -0.3868
vn 0.2121 -0.5891 -0.7797
vn -0.3727 -0.8513 -0.3693
vn 0.9499 0.2474 0.1908
vn 0.9482 0.1340 0.2882
vn 0.8897 0.4058 0.2093
vn 0.8676 0.2877 0.4056
vn 0.7180 0.6618 -0.2158
vn 0.4660 0.8817 -0.0736
vn -0.9758 0.0679 -0.2077
vn -0.8769 0.0813 -0.4738
vn -0.9574 0.2068 -0.2014
vn 0.4616 0.8702 -0.1724
vn 0.3315 0.9432 0.0217
vn 0.8100 0.5732 0.1235
vn 0.0221 0.9775 -0.2100
vn 0.0395 0.9954 0.0874
vn 0.4119 0.8466 0.3370
vn 0.8262 0.4958 0.2674
vn 0.9877 0.1414 0.0663
vn 0.9014 0.4288 -0.0594
vn 0.9711 0.1596 0.1773
vn 0.9847 -0.0864 0.1516
vn 0.8477 0.3481 0.4003
vn 0.9472 -0.0297 0.3192
vn 0.8278 0.1111 0.5499
vn 0.8055 -0.0755 0.5877
vn 0.8369 -0.2023 0.5087
vn 0.8601 -0.4097 0.3039
vn 0.5159 -0.3904 0.7625
vn 0.5669 -0.6859 0.4562
vn 0.5462 -0.7999 0.2485
vn 0.8674 -0.4788 0.1353
vn 0.0071 -0.7895 0.6137
vn -0.0192 -0.9662 0.2571
vn 0.4716 -0.8795 0.0638
vn -0.5690 -0.7612 0.3112
vn -0.0309 -0.9974 0.0658
vn -0.5211 -0.8451 0.1196
vn -0.5583 -0.6469 0.5195
vn -0.8779 -0.4181 0.2335
vn -0.8469 -0.3504 0.3999
vn -0.4532 -0.3567 0.8169
vn -0.7867 -0.1460 0.5999
vn 0.0397 -0.3642 0.9305
vn -0.7380 -0.0220 0.6745
vn -0.4339 0.0029 0.9010
vn 0.0572 0.0284 0.9980
vn -0.3808 0.3495 0.8560
vn -0.7515 0.1658 0.6386
vn -0.3314 0.6799 0.6541
vn 0.0658 0.4748 0.8776
vn 0.0631 0.7493 0.6593
vn 0.0541 0.9163 0.3968
vn -0.3122 0.8717 0.3778
vn -0.7714 0.4043 0.4913
vn -0.2611 0.9638 0.0551
vn -0.7548 0.5508 0.3562
vn -0.7496 0.6273 0.2113
vn -0.9318 0.2256 0.2843
vn -0.9053 0.0347 0.4233
vn -0.9651 -0.0188 0.2612
vn -0.9619 0.2090 0.1760
vn -0.8706 0.4904 0.0403
vn -0.9670 0.2542 0.0191
vn -0.9911 -0.0572 0.1203
vn -0.8544 -0.5084 0.1077
vn -0.9114 -0.4090 -0.0458
vn -0.9732 0.2295 -0.0174
vn -0.9970 -0.0756 -0.0185
vn -0.9873 -0.0829 -0.1358
vn -0.9665 0.0093 -0.2563
vn -0.9320 0.3465 -0.1068
vn -0.8552 -0.4178 -0.3067
vn -0.8258 -0.5380 -0.1690
vn -0.4841 -0.7747 -0.4068
vn -0.4265 -0.8659 -0.2614
vn -0.6020 -0.7952 -0.0727
vn -0.0554 -0.9015 -0.4292
vn -0.0417 -0.9907 -0.1293
vn -0.0500 -0.9524 -0.3008
vn 0.3337 -0.8923 -0.3041
vn 0.5335 -0.8347 -0.1365
vn 0.7626 -0.5931 -0.2584
vn 0.3808 -0.8047 -0.4555
vn 0.7846 -0.4747 -0.3989
vn -0.0617 -0.7918 -0.6077
vn 0.3592 -0.6900 -0.6284
vn 0.9577 -0.1504 -0.2452
vn 0.7472 -0.4109 -0.5223
vn 0.9301 -0.0566 -0.3629
vn 0.3495 -0.5338 -0.7700
vn 0.7695 -0.2470 -0.5889
vn 0.3824 -0.3498 -0.8552
vn 0.7497 -0.1127 -0.6521
vn 0.9188 0.0725 -0.3879
vn 0.2880 -0.1882 -0.9390
vn 0.9106 0.1141 -0.3972
vn 0.6781 0.0138 -0.7348
vn -0.0540 0.0578 -0.9969
vn -0.0654 -0.4146 -0.9077
vn -0.0623 -0.2147 -0.9747
vn 0.6883 0.3496 -0.6356
vn -0.4036 -0.1641 -0.9001
vn 0.0214 0.9750 -0.2211
vn -0.7294 0.3988 -0.5559
vn -0.7535 0.0635 -0.6544
vn 0.8916 0.2492 -0.3780
vn 0.8056 0.5525 -0.2137
vn 0.8797 0.4298 -0.2037
vn 0.9119 0.3692 -0.1794
vn 0.6975 0.6886 0.1985
vn 0.6552 0.7425 0.1392
vn 0.9060 0.3766 -0.1932
vn 0.2290 0.8841 0.4074
vn 0.2055 0.9548 0.2145
vn 0.6438 0.7650 0.0165
vn 0.0506 0.9481 0.3140
vn 0.0589 0.8509 0.5220
vn 0.2601 0.8023 0.5373
vn 0.0620 0.7825 0.6196
vn 0.2454 0.7804 0.5751
vn 0.6702 0.7005 0.2451
vn 0.7040 0.7022 0.1065
vn 0.4047 0.8488 0.3403
vn 0.0621 0.7763 0.6273
vn -0.1250 0.7932 0.5960
vn -0.3045 0.8734 0.3801
vn -0.6373 0.7488 0.1820
vn -0.7844 0.6077 -0.1244
vn -0.9090 0.3117 -0.2768
vn -0.8651 0.4904 -0.1055
vn -0.8986 0.4319 -0.0776
vn -0.6215 0.7344 0.2727
vn -0.5885 0.7442 0.3159
vn -0.5826 0.7855 0.2088
vn -0.1424 0.8162 0.5599
vn -0.1202 0.8963 0.4269
vn -0.8938 0.4390 -0.0920
vn -0.5836 0.8076 0.0854
vn -0.1134 0.9660 0.2323
vn -0.1947 0.9808 0.0060
vn 0.0390 0.9960 0.0801
vn -0.4273 0.8835 -0.1917
vn 0.0211 0.9740 -0.2254
vn -0.6774 0.7335 -0.0558
vn -0.8242 0.5584 -0.0944
vn -0.8981 0.4248 -0.1135
vn -0.8161 0.5638 -0.1269
vn -0.4167 0.9007 -0.1230
vn -0.3932 0.8803 -0.2654
vn -0.9493 0.1374 -0.2829
vn -0.9394 0.1783 -0.2929
vn -0.8239 -0.0579 -0.5637
vn -0.8459 -0.1908 -0.4981
vn -0.8276 -0.3562 -0.4338
vn -0.4991 -0.3192 -0.8056
vn -0.4696 -0.5054 -0.7239
vn -0.4742 -0.6612 -0.5813
vn -0.0652 -0.6416 -0.7642
vn 0.4208 0.8521 -0.3112
vn 0.4631 0.8527 -0.2419
vn 0.2614 0.9650 -0.0196
vn 0.7158 0.6853 -0.1341
vn 0.8451 0.5004 -0.1883
vn 0.8338 0.5065 -0.2197
vn 0.9783 0.1867 -0.0902
vn 0.9786 0.1618 -0.1271
vn 0.9920 -0.1260 0.0086
vn 0.9810 -0.1443 -0.1297
vn 0.8701 -0.4708 -0.1460
vn 0.8239 -0.5666 0.0133
vn 0.9358 0.2818 -0.2118
vn 0.9070 0.3622 -0.2150
vn 0.4487 0.6528 0.6103
vn 0.4976 0.3191 0.8066
vn 0.5312 -0.0307 0.8467
vn 0.6408 -0.6827 -0.3510
vn 0.8057 -0.5249 -0.2744
vn 0.2368 -0.8682 -0.4362
vn 0.9843 -0.1526 -0.0887
vn 0.9979 0.0618 0.0202
vn -0.0024 -0.8957 -0.4447
vn -0.4429 -0.8076 -0.3894
vn -0.6444 -0.6920 -0.3254
vn -0.9153 -0.3714 -0.1559
vn -0.9848 -0.1664 -0.0502
vn -0.9593 0.2365 0.1545
vn -0.8643 0.4344 0.2535
vn -0.5543 0.7313 0.3975
vn -0.3392 0.8300 0.4427
vn 0.1102 0.8819 0.4584
vn 0.3445 0.8349 0.4292
vn 0.7231 0.6174 0.3096
vn 0.8673 0.4468 0.2194
vn 0.8011 0.5360 0.2665
vn 0.2289 0.8647 0.4471
vn 0.8010 0.5361 0.2665
vn 0.2291 0.8647 0.4471
vn -0.4500 0.7866 0.4228
vn -0.4499 0.7866 0.4229
vn 0.1578 0.8753 0.4572
vn 0.7698 0.5721 0.2831
vn 0.9983 -0.0434 -0.0392
vn 0.9979 -0.0357 -0.0538
vn 0.2308 0.8635 0.4484
vn 0.8018 0.5428 0.2499
vn 0.9975 -0.0307 -0.0639
vn 0.6928 -0.6339 -0.3438
vn 0.7280 -0.5966 -0.3379
vn 0.7297 -0.6064 -0.3159
vn 0.1198 -0.8895 -0.4410
vn 0.0458 -0.8932 -0.4473
vn 0.1181 -0.8848 -0.4508
vn -0.5468 -0.7606 -0.3499
vn -0.5469 -0.7606 -0.3499
vn 0.7281 -0.5965 -0.3378
vn 0.1180 -0.8848 -0.4508
vn -0.5471 -0.7605 -0.3498
vn 0.1180 -0.8849 -0.4505
vn 0.7280 -0.5965 -0.3378
vn 0.7280 -0.5968 -0.3373
vn 0.9975 -0.0306 -0.0638
vn 0.8004 0.5480 0.2430
vn 0.2289 0.8688 0.4391
vn 0.2290 0.8688 0.4391
vn 0.8004 0.5481 0.2430
vn 0.9975 -0.0311 -0.0631
vn 0.8003 0.5478 0.2437
vn 0.2288 0.8686 0.4395
vn -0.4495 0.7815 0.4327
vn -0.4495 0.7815 0.4328
vn -0.4496 0.7814 0.4327
vn -0.9174 0.3269 0.2268
vn -0.9559 -0.2821 -0.0823
vn -0.9556 -0.2840 -0.0783
vn -0.9171 0.3250 0.2309
vn -0.9559 -0.2805 -0.0874
vn -0.9177 0.3298 0.2216
vn -0.4492 0.7794 0.4368
vn -0.4494 0.7815 0.4328
vn -0.9184 0.3369 0.2074
vn -0.9569 -0.2718 -0.1018
vn -0.4500 0.7854 0.4251
vn -0.9570 -0.2706 -0.1041
vn -0.9184 0.3382 0.2052
vn -0.9570 -0.2707 -0.1042
vn -0.9184 0.3383 0.2052
vn -0.5475 -0.7552 -0.3605
vn 0.1182 -0.8884 -0.4436
vn -0.5478 -0.7550 -0.3604
vn 0.1181 -0.8884 -0.4436
vn -0.5477 -0.7562 -0.3581
vn -0.5469 -0.7616 -0.3477
vn 0.1182 -0.8895 -0.4414
vn 0.7287 -0.6082 -0.3149
vn 0.9984 -0.0457 -0.0345
vn 0.9984 -0.0458 -0.0345
vn 0.7286 -0.6083 -0.3149
vn -0.5466 -0.7624 -0.3463
vn 0.2290 0.8668 0.4430
vn -0.9174 0.3270 0.2268
vn -0.9174 0.3271 0.2265
vn -0.9559 -0.2819 -0.0827
vn -0.9582 0.2253 0.1765
vn -0.9142 -0.3821 -0.1348
vn -0.5537 0.7256 0.4086
vn 0.1101 0.8847 0.4529
vn 0.7225 0.6283 0.2884
vn 0.9971 0.0761 -0.0077
vn 0.8053 -0.5133 -0.2969
vn 0.2366 -0.8633 -0.4458
vn -0.4424 -0.8115 -0.3818
vn 0.7758 0.5512 0.3072
vn 0.7194 0.2930 0.6297
vn 0.9261 -0.2083 0.3144
vn 0.1886 0.8422 0.5052
vn 0.1758 0.5573 0.8115
vn 0.3336 -0.2161 0.9176
vn 0.4618 -0.4445 0.7675
vn 0.3846 -0.6886 0.6147
vn -0.4087 -0.4464 0.7961
vn -0.2724 -0.2177 0.9372
vn 0.7056 -0.7084 0.0153
vn 0.0085 -0.1148 0.9934
vn 0.1439 -0.8363 0.5290
vn -0.1250 0.5565 0.8214
vn 0.2979 -0.1901 0.9355
vn 0.4940 0.4577 0.7393
vn 0.5127 0.7422 0.4316
vn 0.8818 0.0410 0.4698
vn 0.9444 0.2951 0.1450
vn 0.8449 0.4959 -0.2005
vn 0.9340 -0.2899 -0.2089
vn 0.8488 -0.0364 -0.5274
vn 0.4005 0.4073 -0.8208
vn 0.2357 0.1915 -0.9528
vn 0.4467 -0.4548 -0.7705
vn -0.1879 0.8231 -0.5359
vn -0.0562 0.1147 -0.9918
vn 0.1059 0.8367 -0.5373
vn 0.3408 0.6898 -0.6387
vn 0.1701 0.9782 0.1192
vn 0.6998 0.7116 -0.0626
vn -0.4430 0.8922 0.0877
vn -0.4092 0.6547 -0.6355
vn -0.8588 0.4919 -0.1434
vn -0.4868 0.7391 0.4656
vn -0.9341 0.2896 0.2089
vn -0.4466 0.4548 0.7705
vn 0.0562 -0.1147 0.9918
vn -0.8489 0.0364 0.5273
vn -0.2358 -0.1915 0.9527
vn -0.1060 -0.8367 0.5372
vn -0.4005 -0.4073 0.8208
vn 0.1878 -0.8231 0.5359
vn -0.1701 -0.9782 -0.1192
vn 0.4093 -0.6547 0.6355
vn 0.4431 -0.8922 -0.0877
vn 0.8588 -0.4919 0.1434
vn 0.4868 -0.7397 -0.4646
vn -0.1890 -0.8428 -0.5039
vn -0.1758 -0.5572 -0.8116
vn -0.7194 -0.2930 -0.6297
vn -0.3337 0.2160 -0.9176
vn -0.7756 -0.5520 -0.3062
vn -0.4618 0.4445 -0.7675
vn -0.9262 0.2083 -0.3144
vn -0.3846 0.6886 -0.6148
vn -0.7056 0.7084 -0.0154
vn -0.9994 -0.0026 0.0336
vn -0.7563 0.5478 0.3578
vn -0.9021 -0.2129 0.3754
vn -0.6998 -0.7116 0.0626
vn -0.6777 0.2891 0.6761
vn -0.3408 -0.6899 0.6387
vn -0.1593 0.8420 0.5154
vn 0.4439 0.8942 0.0579
vn -0.1661 0.9774 0.1304
vn 0.1494 0.8236 -0.5471
vn -0.1439 0.8364 -0.5289
vn -0.0084 0.1147 -0.9934
vn -0.2979 0.1901 -0.9355
vn -0.4941 -0.4576 -0.7393
vn -0.8818 -0.0410 -0.4698
vn -0.4551 0.4053 -0.7928
vn -0.5128 -0.7420 -0.4319
vn 0.1250 -0.5564 -0.8215
vn -0.9445 -0.2945 -0.1458
vn -0.8449 -0.4959 0.2005
vn -0.4439 -0.8942 -0.0580
vn -0.3641 -0.6561 0.6610
vn 0.4551 -0.4053 0.7928
vn -0.1495 -0.8236 0.5471
vn 0.1660 -0.9775 -0.1304
vn 0.1589 -0.8413 -0.5167
vn 0.7562 -0.5470 -0.3591
vn 0.9994 0.0026 -0.0335
vn 0.6778 -0.2891 -0.6761
vn 0.9021 0.2129 -0.3754
vn 0.2724 0.2177 -0.9372
vn 0.4087 0.4465 -0.7960
vn 0.3640 0.6561 -0.6611
vn -0.6682 -0.3087 0.6769
vn -0.8567 -0.1087 0.5042
vn -0.9098 -0.2184 0.3530
vn -0.9090 0.0442 0.4144
vn -0.6743 -0.0052 0.7384
vn -0.6863 0.2108 0.6961
vn -0.7175 0.3716 0.5891
vn -0.9276 0.1990 0.3163
vn -0.9637 -0.0793 0.2550
vn -0.9937 -0.0001 0.1123
vn -0.9778 -0.2067 0.0343
vn -0.9466 -0.2888 0.1432
vn -0.8028 -0.5589 0.2078
vn -0.7893 -0.6135 -0.0257
vn -0.7748 -0.5931 -0.2190
vn -0.3759 -0.8971 -0.2321
vn -0.3178 -0.7700 -0.5533
vn -0.8795 -0.3774 -0.2898
vn -0.4373 -0.6147 -0.6565
vn -0.0598 -0.8336 -0.5492
vn -0.0652 -0.6454 -0.7611
vn 0.1999 -0.7880 -0.5823
vn 0.2846 -0.9200 -0.2693
vn -0.0479 -0.9660 -0.2540
vn 0.3339 -0.9349 0.1202
vn -0.3822 -0.9100 0.1606
vn -0.0282 -0.9935 0.1105
vn 0.7805 -0.6138 0.1188
vn 0.3785 -0.7553 0.5351
vn 0.7581 -0.5134 0.4022
vn 0.9263 -0.2822 0.2498
vn 0.7168 -0.3568 0.5990
vn 0.3645 -0.4577 0.8110
vn 0.8982 -0.1697 0.4054
vn 0.7507 -0.0547 0.6583
vn 0.4257 -0.0645 0.9025
vn 0.0317 -0.4940 0.8689
vn -0.0018 -0.8653 0.5013
vn -0.3674 -0.7294 0.5771
vn 0.0511 -0.1323 0.9899
vn -0.3254 -0.0384 0.9448
vn -0.3022 -0.4346 0.8484
vn -0.4243 0.3033 0.8532
vn 0.0640 0.3057 0.9500
vn -0.4035 0.4897 0.7729
vn 0.0655 0.6163 0.7848
vn -0.3471 0.6763 0.6497
vn -0.7062 0.5145 0.4863
vn 0.0631 0.7485 0.6601
vn 0.0588 0.8515 0.5210
vn -0.3966 0.7704 0.4991
vn -0.6903 0.6049 0.3970
vn -0.8997 0.3676 0.2355
vn -0.6681 0.6990 0.2550
vn -0.9148 0.4036 -0.0159
vn -0.6572 0.7515 0.0579
vn -0.3213 0.9337 0.1583
vn -0.2609 0.8916 0.3701
vn 0.0464 0.9736 0.2234
vn 0.0533 0.9245 0.3774
vn 0.3618 0.8700 0.3350
vn 0.7393 0.6501 0.1758
vn 0.5024 0.7392 0.4485
vn 0.4008 0.9086 0.1177
vn 0.7706 0.5542 0.3147
vn 0.9436 0.3037 0.1319
vn 0.9330 0.3394 -0.1198
vn 0.7100 0.7039 -0.0190
vn 0.7901 0.4624 0.4023
vn 0.4636 0.6481 0.6042
vn 0.8030 0.3187 0.5037
vn 0.9687 0.1331 0.2096
vn 0.5205 0.4576 0.7209
vn 0.5370 0.2699 0.7992
vn 0.7729 0.1602 0.6140
vn 0.9505 -0.0202 0.3099
vn 0.9784 -0.1468 0.1458
vn 0.9345 -0.3540 0.0372
vn 0.9589 -0.2739 -0.0748
vn 0.9976 -0.0692 0.0004
vn 0.9947 0.0861 -0.0564
vn 0.9393 -0.1838 -0.2896
vn 0.9381 -0.2262 -0.2622
vn 0.7272 -0.4170 -0.5452
vn 0.7123 -0.4031 -0.5746
vn 0.8133 -0.4361 -0.3851
vn 0.3174 -0.6409 -0.6989
vn 0.7025 -0.6444 -0.3021
vn -0.0652 -0.6412 -0.7646
vn 0.2835 -0.5468 -0.7878
vn 0.3152 -0.5943 -0.7399
vn 0.1279 -0.7732 -0.6211
vn 0.5624 -0.5720 -0.5971
vn 0.8681 -0.2234 -0.4433
vn 0.4946 -0.7063 -0.5064
vn 0.8297 -0.2798 -0.4831
vn 0.9280 0.0607 -0.3675
vn 0.9599 0.0774 -0.2694
vn 0.8993 0.3151 -0.3033
vn 0.8690 0.1916 -0.4562
vn 0.8848 -0.0127 -0.4657
vn 0.8174 -0.3078 -0.4869
vn 0.8407 0.0968 -0.5328
vn 0.8581 -0.0140 -0.5132
vn 0.5029 -0.7661 -0.4002
vn 0.8153 -0.3189 -0.4834
vn 0.5585 -0.7660 -0.3183
vn 0.8319 -0.1152 -0.5428
vn 0.7615 -0.4164 -0.4967
vn 0.0983 -0.9692 -0.2256
vn 0.5251 -0.7976 -0.2968
vn 0.1486 -0.9874 -0.0549
vn 0.1804 -0.9825 -0.0463
vn 0.5411 -0.7674 -0.3441
vn -0.0323 -0.9986 0.0417
vn -0.0507 -0.9475 -0.3157
vn -0.0310 -0.9974 0.0652
vn 0.6946 -0.5461 -0.4683
vn -0.2520 -0.9675 -0.0220
vn -0.0606 -0.1478 -0.9872
vn 0.6931 -0.1430 -0.7065
vn -0.7760 -0.0920 -0.6240
vn -0.7787 -0.4950 -0.3855
vn -0.6279 -0.7268 -0.2785
vn -0.0319 0.4914 -0.8704
vn 0.6645 0.2616 -0.7000
vn 0.6588 0.4713 -0.5864
vn 0.2198 0.6288 -0.7458
vn 0.3468 0.7407 -0.5754
vn -0.0197 0.6550 -0.7553
vn -0.0034 0.8229 -0.5682
vn -0.2580 0.6454 -0.7189
vn 0.3315 0.8617 -0.3841
vn -0.3122 0.8840 -0.3479
vn 0.0166 0.9557 -0.2939
vn -0.3571 0.7651 -0.5358
vn -0.6862 0.5181 -0.5106
vn -0.7190 0.3095 -0.6222
vn -0.8934 -0.0552 -0.4458
vn -0.8864 0.1567 -0.4357
vn -0.9091 0.0473 -0.4139
vn -0.9303 0.0504 -0.3634
vn -0.8844 -0.2600 -0.3877
vn -0.8861 -0.2487 -0.3911
vn -0.5964 -0.7279 -0.3383
vn -0.8393 -0.3609 -0.4066
vn -0.6422 -0.7242 -0.2511
vn -0.5959 -0.6685 -0.4451
vn -0.1897 -0.9592 -0.2095
vn -0.1855 -0.8885 -0.4196
vn -0.8959 -0.2199 -0.3859
vn -0.6640 -0.5294 -0.5281
vn -0.2499 -0.7601 -0.5998
vn -0.4364 -0.5682 -0.6976
vn -0.0600 -0.8293 -0.5556
vn -0.8108 -0.3632 -0.4591
vn -0.4070 -0.5229 -0.7490
vn -0.7983 -0.3507 -0.4897
vn -0.9750 -0.1598 -0.1547
vn -0.9763 -0.1172 -0.1819
vn -0.9256 -0.1612 -0.3424
vn -0.9864 0.1548 0.0550
vn -0.9764 0.1446 -0.1605
vn -0.9569 0.1260 -0.2615
vn -0.8993 0.2529 -0.3569
vn -0.9036 0.3778 -0.2020
vn -0.6872 0.6333 -0.3559
vn -0.6872 0.7157 -0.1244
vn -0.3143 0.9460 -0.0793
vn 0.0329 0.9990 -0.0310
vn 0.3681 0.9223 -0.1177
vn 0.7168 0.6670 -0.2033
vn 0.6852 0.5854 -0.4334
vn -0.0519 -0.9373 -0.3448
vn 0.0755 -0.8976 -0.4343
vn -0.0400 -0.9946 -0.0960
vn -0.2218 -0.9745 -0.0341
vn -0.6090 -0.7582 -0.2329
vn 0.7372 -0.6664 -0.1115
vn -0.7419 -0.4613 0.4866
vn 0.3263 -0.9451 0.0182
vn 0.9176 -0.3489 0.1907
vn 0.1715 -0.8860 0.4308
vn 0.9877 0.1462 0.0555
vn 0.9730 0.1510 0.1744
vn 0.8133 0.1482 0.5626
vn 0.6751 -0.1941 0.7117
vn -0.4307 -0.8945 0.1201
vn 0.3607 0.1763 0.9159
vn -0.1241 -0.3366 0.9334
vn -0.7462 -0.2697 0.6086
vn -0.9057 -0.4208 -0.0509
vn -0.9591 0.0446 0.2794
vn -0.5835 0.1222 0.8029
vn -0.1026 0.1943 0.9756
vn -0.3094 -0.9475 0.0812
vn -0.3140 -0.9457 0.0842
vn -0.2324 -0.9563 0.1777
vn -0.1617 -0.9730 0.1645
vn -0.0709 -0.9850 0.1571
vn -0.0314 -0.9880 0.1514
vn 0.0328 -0.9846 0.1720
vn -0.6377 0.1135 0.7619
vn -0.6452 0.1049 0.7567
vn -0.1140 0.1145 0.9869
vn 0.0769 -0.9777 0.1953
vn 0.3571 0.0899 0.9297
vn 0.3406 0.0804 0.9368
vn -0.1077 0.1251 0.9863
vn -0.9244 0.1030 0.3673
vn -0.0312 0.9965 0.0769
vn -0.0382 0.9967 0.0715
vn 0.0135 0.9978 0.0644
vn -0.0312 0.9990 0.0330
vn -0.9710 0.1033 0.2156
vn 0.0089 0.9999 0.0092
vn 0.0081 1.0000 0.0004
vn -0.9797 0.1926 -0.0551
vn -0.9379 0.1910 0.2897
vn -0.9270 0.2425 0.2863
vn -0.6781 0.1723 0.7145
vn -0.9584 0.2803 -0.0539
vn -0.8752 0.3917 0.2837
vn -0.5549 0.2147 0.8037
vn -0.5075 0.3258 0.7977
vn -0.0463 0.1101 0.9928
vn -0.1074 0.0975 0.9894
vn 0.2439 0.0544 0.9683
vn 0.0335 0.9983 0.0479
vn 0.0447 0.9978 0.0492
vn 0.0244 0.9987 0.0443
vn 0.3446 0.0527 0.9373
vn 0.0449 0.9987 0.0239
vn 0.0674 0.9974 0.0257
vn 0.6921 0.0139 0.7217
vn 0.0345 0.9993 0.0122
vn 0.6840 0.0380 0.7285
vn 0.8012 0.0161 0.5982
vn 0.9451 0.0066 0.3268
vn 0.9775 0.0006 0.2110
vn -0.0145 0.9999 -0.0037
vn 0.1342 -0.9830 0.1249
vn 0.1492 -0.9792 0.1372
vn 0.1601 -0.9862 0.0421
vn 0.9550 -0.0339 0.2947
vn 0.9352 -0.0016 0.3541
vn 0.9984 -0.0091 0.0561
vn 0.7584 -0.0011 0.6518
vn 0.0380 0.9993 0.0021
vn 0.0908 0.9959 0.0051
vn 0.0357 0.9993 -0.0083
vn 0.9950 0.0006 -0.1003
vn 0.9984 -0.0018 0.0561
vn 0.9984 -0.0029 0.0561
vn -0.0148 0.9999 0.0021
vn 0.8632 0.0161 -0.5046
vn 0.9758 0.0066 -0.2188
vn 0.0474 0.9987 -0.0186
vn 0.7614 0.0381 -0.6472
vn 0.1638 -0.9862 -0.0239
vn 0.1419 -0.9899 0.0020
vn 0.1473 -0.9831 -0.1090
vn 0.1637 -0.9792 -0.1197
vn 0.1441 -0.9895 0.0081
vn 0.4434 0.0804 -0.8927
vn 0.4590 0.0899 -0.8839
vn 0.0983 -0.9777 -0.1854
vn -0.0141 -0.9880 -0.1539
vn 0.0518 -0.9846 -0.1672
vn -0.0025 0.1147 -0.9934
vn 0.0035 0.1251 -0.9921
vn -0.5480 0.1135 -0.8287
vn -0.5564 0.1049 -0.8243
vn -0.1422 -0.9730 -0.1816
vn -0.0528 -0.9850 -0.1640
vn -0.2110 -0.9562 -0.2027
vn -0.4899 0.1222 -0.8632
vn 0.0074 0.1942 -0.9809
vn -0.0188 -0.3365 -0.9415
vn 0.4610 0.1763 -0.8697
vn -0.6734 -0.2697 -0.6884
vn -0.4145 -0.8945 -0.1676
vn 0.2185 -0.8860 -0.4090
vn -0.9218 0.0446 -0.3851
vn -0.2983 -0.9475 -0.1152
vn -0.3026 -0.9457 -0.1188
vn -0.3229 -0.9463 -0.0181
vn -0.9973 0.0478 -0.0561
vn -0.3220 -0.9466 -0.0181
vn -0.9408 0.1033 -0.3230
vn -0.8774 0.1029 -0.4687
vn -0.9933 0.1012 -0.0558
vn -0.9931 0.1028 -0.0558
vn 0.0098 0.9999 -0.0080
vn 0.0086 1.0000 0.0005
vn -0.0273 0.9990 -0.0363
vn -0.0299 0.9967 -0.0753
vn -0.8891 0.2425 -0.3883
vn -0.8995 0.1910 -0.3929
vn -0.0222 0.9965 -0.0800
vn -0.5937 0.1723 -0.7860
vn -0.4613 0.2147 -0.8609
vn -0.8379 0.3917 -0.3800
vn 0.0652 0.1101 -0.9918
vn 0.0041 0.0975 -0.9952
vn -0.4149 0.3258 -0.8495
vn -0.7254 0.5557 -0.4062
vn 0.0913 0.1351 -0.9866
vn -0.2818 0.3770 -0.8823
vn -0.3583 0.5124 -0.7804
vn 0.1157 0.1602 -0.9803
vn 0.1168 0.1859 -0.9756
vn 0.4731 -0.0058 -0.8810
vn 0.4697 0.0424 -0.8818
vn 0.4526 -0.0688 -0.8890
vn 0.8216 -0.0634 -0.5665
vn 0.7983 -0.1693 -0.5780
vn 0.7683 -0.3007 -0.5651
vn 0.9760 -0.1191 -0.1821
vn 0.9567 -0.2424 -0.1611
vn 0.9115 -0.3927 -0.1224
vn 0.7684 -0.4190 -0.4838
vn 0.4839 -0.1797 -0.8564
vn 0.6614 -0.4956 -0.5630
vn 0.1040 0.1774 -0.9786
vn 0.3086 -0.1092 -0.9449
vn 0.0113 0.1563 -0.9876
vn 0.3519 -0.2706 -0.8961
vn 0.0064 0.2472 -0.9689
vn 0.1554 -0.2456 -0.9568
vn 0.5142 -0.6800 -0.5227
vn -0.1619 0.1989 -0.9665
vn -0.1224 -0.7382 -0.6634
vn -0.1454 -0.2693 -0.9520
vn -0.2677 0.5467 -0.7934
vn -0.4182 0.5888 -0.6917
vn -0.2886 0.2209 -0.9316
vn -0.4874 0.7962 -0.3584
vn -0.2917 0.5764 -0.7633
vn -0.5174 0.7559 -0.4011
vn -0.2906 0.5443 -0.7869
vn -0.5916 0.8055 -0.0333
vn -0.5799 0.7198 -0.3816
vn -0.6790 0.6571 -0.3274
vn -0.6733 0.7384 -0.0378
vn -0.6191 0.7198 0.3141
vn -0.7114 0.6571 0.2491
vn -0.7381 0.6734 -0.0415
vn -0.8022 0.5954 -0.0451
vn -0.7663 0.5557 0.3224
vn -0.8899 0.4535 -0.0500
vn -0.3788 0.3770 0.8452
vn -0.4435 0.5124 0.7353
vn 0.0050 0.1602 0.9871
vn 0.0069 0.1859 0.9825
vn -0.3770 0.5443 0.7494
vn -0.3754 0.5765 0.7257
vn -0.0064 0.1774 0.9841
vn -0.5591 0.7559 0.3406
vn -0.5245 0.7963 0.3013
vn -0.4931 0.5888 0.6404
vn -0.5198 0.8263 0.2169
vn -0.5259 0.8501 -0.0296
vn -0.3550 0.5467 0.7583
vn -0.4867 0.8732 -0.0274
vn -0.4923 0.8263 -0.2738
vn -0.5093 0.6290 -0.5874
vn -0.4938 0.8331 -0.2490
vn -0.5046 0.8629 -0.0284
vn -0.5186 0.8331 0.1922
vn -0.5718 0.6290 0.5267
vn -0.3911 0.2209 0.8935
vn -0.2692 0.1990 0.9423
vn -0.2512 -0.2693 0.9297
vn -0.1959 -0.7382 0.6455
vn -0.4409 -0.6819 0.5836
vn 0.0471 -0.2456 0.9682
vn -0.7153 -0.6908 0.1053
vn -0.0803 -0.9818 0.1719
vn -0.2502 -0.9681 -0.0141
vn -0.8372 -0.5449 -0.0471
vn 0.5161 -0.8560 0.0290
vn 0.5488 -0.8321 -0.0806
vn -0.0605 -0.9818 -0.1799
vn 0.5363 -0.8321 0.1416
vn -0.6991 -0.6908 -0.1848
vn -0.3727 -0.6819 -0.6293
vn 0.4524 -0.6800 0.5770
vn 0.7323 -0.6606 0.1651
vn 0.7045 -0.7086 0.0396
vn 0.8370 -0.5452 0.0471
vn 0.7462 -0.6607 -0.0819
vn 0.8492 -0.5203 -0.0899
vn 0.9100 -0.4115 0.0512
vn 0.9625 -0.2658 0.0541
vn 0.8920 -0.3927 0.2238
vn 0.8337 -0.5204 0.1845
vn 0.5942 -0.4956 0.6335
vn 0.7093 -0.4190 0.5669
vn 0.2493 -0.2706 0.9299
vn 0.2008 -0.1092 0.9735
vn 0.3842 -0.1807 0.9054
vn 0.3501 -0.0688 0.9342
vn 0.7000 -0.3007 0.6477
vn 0.7284 -0.1693 0.6639
vn 0.9326 -0.2424 0.2674
vn 0.3714 -0.0058 0.9285
vn 0.9496 -0.1189 0.2900
vn 0.7531 -0.0634 0.6548
vn 0.3679 0.0424 0.9289
vn -0.0200 0.1351 0.9906
vn 0.9972 -0.0504 0.0561
vn 0.9888 -0.1383 0.0556
vn 0.9820 -0.0334 -0.1860
vn 0.8266 -0.0011 -0.5627
vn 0.9690 -0.0016 -0.2471
vn 0.4476 0.0529 -0.8927
vn 0.7686 0.0139 -0.6396
vn 0.0500 0.9978 -0.0438
vn 0.0696 0.9974 -0.0182
vn 0.3508 0.0544 -0.9349
vn 0.0386 0.9983 -0.0438
vn 0.0293 0.9987 -0.0412
vn -0.0994 0.1563 0.9827
vn -0.1022 0.2472 0.9636
vn 0.0206 0.9978 -0.0625
vn 0.7506 -0.1941 -0.6317
vn 0.9329 -0.3488 -0.0896
vn 0.8712 0.1482 -0.4680
vn 0.9864 0.1510 -0.0644
vn 0.1233 -0.9923 0.0070
vn 0.1413 -0.9899 0.0139
vn -0.2845 -0.7444 0.6041
vn -0.1502 -0.3708 0.9165
vn -0.6700 -0.2067 0.7130
vn -0.7113 -0.6861 -0.1524
vn -0.5311 -0.8181 0.2206
vn -0.6643 -0.3031 0.6833
vn -0.6585 -0.5901 -0.4671
vn -0.6782 -0.1193 -0.7251
vn -0.6156 -0.1546 -0.7727
vn -0.7001 -0.1076 -0.7059
vn 0.4338 -0.3736 -0.8199
vn 0.0239 -0.9913 0.1294
vn -0.8046 -0.0883 -0.5872
vn -0.4694 -0.7687 -0.4344
vn -0.5072 -0.6254 -0.5930
vn 0.3520 -0.9018 -0.2507
vn 0.3769 -0.9081 0.1823
vn 0.5391 -0.7181 -0.4402
vn 0.9001 -0.4139 0.1361
vn 0.8684 -0.4206 0.2625
vn -0.4279 -0.6409 -0.6373
vn 0.8972 -0.0025 0.4417
vn 0.9927 -0.0531 0.1085
vn 0.8402 -0.0434 0.5405
vn 0.7928 -0.2160 0.5699
vn 0.1964 -0.3861 0.9013
vn -0.8537 -0.5111 0.0994
vn 0.3789 -0.8444 0.3787
vn -0.8451 -0.4902 0.2134
vn -0.1574 -0.8166 0.5554
vn -0.6388 -0.7594 -0.1235
vn 0.2377 -0.9708 0.0315
vn 0.9151 -0.3469 0.2057
vn -0.7962 -0.6049 -0.0108
vn 0.5072 -0.8306 -0.2298
vn -0.9716 -0.1837 -0.1493
vn -0.7321 -0.6353 -0.2457
vn -0.9717 -0.2185 -0.0903
vn 0.1760 -0.7606 -0.6250
vn -0.6513 -0.5126 -0.5595
vn 0.6830 -0.2027 -0.7018
vn -0.2368 -0.2126 -0.9480
vn 0.9675 -0.2191 -0.1259
vn 0.9838 -0.0117 -0.1791
vn 0.9674 -0.1776 -0.1807
vn -0.8740 -0.2690 -0.4046
vn -0.6464 -0.7346 -0.2065
vn -0.9476 -0.3156 0.0489
vn 0.4126 -0.7067 0.5748
vn -0.5866 -0.7842 0.2024
vn 0.4946 -0.8431 0.2110
vn -0.9347 -0.3553 -0.0115
vn -0.4184 -0.8893 -0.1847
vn 0.8914 -0.3333 0.3070
vn 0.4709 -0.8581 -0.2048
vn 0.8802 -0.4701 -0.0654
vn 0.2707 -0.7566 -0.5953
vn 0.7818 -0.3961 -0.4815
vn -0.5919 -0.8033 0.0662
vn 0.5997 -0.6681 0.4404
vn -0.9066 -0.3431 0.2458
vn -0.6058 -0.6390 0.4740
vn -0.5534 -0.6742 0.4891
vn 0.4873 -0.7278 0.4826
vn 0.9267 -0.1811 0.3294
vn 0.9850 -0.0431 -0.1673
vn -0.6330 -0.6517 0.4179
vn -0.9424 -0.2501 0.2221
vn -0.9390 -0.2116 0.2710
vn 0.3589 -0.9016 0.2414
vn -0.9159 -0.1989 0.3487
vn -0.6677 -0.6909 0.2773
vn 0.2216 -0.9712 -0.0870
vn 0.9294 -0.3610 0.0769
vn 0.8295 -0.4472 -0.3346
vn 0.9709 -0.0171 0.2387
vn 0.9920 -0.0615 -0.1101
vn 0.9735 -0.0462 -0.2238
vn 0.9872 0.1589 -0.0151
vn 0.9454 0.0997 0.3102
vn 0.8774 0.3958 0.2713
vn 0.8472 0.5292 0.0476
vn 0.7658 0.5459 -0.3398
vn 0.9126 0.1432 -0.3829
vn 0.9115 -0.1111 -0.3961
vn 0.5719 -0.0501 -0.8188
vn 0.5611 0.2389 -0.7926
vn 0.3908 0.5566 -0.7331
vn -0.3250 0.4209 -0.8469
vn 0.4745 0.2584 -0.8415
vn 0.0750 0.9213 -0.3816
vn 0.6006 0.7245 -0.3381
vn 0.7820 0.1757 -0.5980
vn 0.6183 -0.1489 -0.7717
vn -0.6368 0.5450 -0.5454
vn 0.4279 0.7716 0.4706
vn 0.0062 0.9915 0.1297
vn -0.6310 0.6382 -0.4410
vn -0.3593 0.9280 0.0989
vn -0.4610 0.8522 -0.2475
vn -0.5829 0.8122 0.0226
vn -0.3431 0.8823 0.3222
vn -0.1092 0.9940 0.0051
vn -0.2685 0.6479 -0.7128
vn 0.1765 0.7582 -0.6277
vn 0.4583 0.2666 -0.8479
vn -0.1802 0.1707 -0.9687
vn 0.8638 -0.1405 -0.4838
vn 0.5022 -0.1845 -0.8449
vn 0.2908 0.5325 -0.7949
vn 0.3058 0.0505 -0.9507
vn -0.2961 -0.2015 -0.9337
vn 0.7308 0.1026 -0.6749
vn 0.6858 0.5503 -0.4762
vn 0.7350 0.6527 0.1838
vn 0.1080 0.9864 0.1243
vn 0.5182 0.8038 0.2922
vn 0.0130 0.9896 0.1436
vn 0.1822 0.8645 0.4685
vn 0.1373 0.9903 -0.0215
vn -0.4477 0.8688 0.2114
vn -0.1921 0.8826 0.4291
vn 0.3499 0.9363 0.0311
vn 0.3702 0.9156 0.1569
vn 0.0259 0.5809 -0.8136
vn 0.8866 0.2930 -0.3579
vn 0.8479 0.5060 -0.1579
vn 0.5960 0.7473 0.2937
vn 0.8772 0.4159 -0.2399
vn 0.7800 0.3812 -0.4963
vn 0.5040 0.5612 -0.6566
vn 0.1729 0.3705 -0.9126
vn 0.1947 0.7185 -0.6677
vn 0.6938 0.6911 -0.2025
vn -0.2863 0.4062 -0.8678
vn 0.0762 0.1596 -0.9842
vn -0.1764 0.2355 -0.9557
vn -0.4443 0.2515 -0.8598
vn -0.4418 -0.0114 -0.8970
vn -0.2968 -0.0348 -0.9543
vn 0.1070 -0.0972 -0.9895
vn -0.0952 -0.5406 -0.8359
vn -0.6178 -0.6299 -0.4707
vn 0.2466 -0.2522 -0.9357
vn -0.3745 -0.8178 0.4370
vn 0.8914 -0.0085 -0.4531
vn 0.6339 -0.7439 0.2117
vn -0.0554 -0.7268 0.6846
vn 0.6650 -0.5904 0.4573
vn 0.9242 0.1364 -0.3566
vn 0.9733 -0.1064 -0.2033
vn 0.7906 -0.6022 0.1108
vn 0.7578 -0.2611 -0.5979
vn 0.5484 -0.6362 -0.5427
vn 0.4088 -0.8221 0.3963
vn 0.3074 -0.7767 -0.5497
vn -0.2460 -0.3335 -0.9101
vn -0.0370 -0.8963 -0.4419
vn 0.2655 -0.8623 0.4312
vn -0.4106 -0.8704 -0.2719
vn 0.1093 -0.8684 0.4837
vn -0.6745 -0.7356 0.0627
vn -0.7307 -0.3118 -0.6074
vn -0.9205 -0.3360 -0.1996
vn -0.9107 -0.0381 -0.4113
vn -0.6819 -0.0373 -0.7305
vn -0.2435 -0.1003 -0.9647
vn -0.2673 0.1309 -0.9547
vn -0.7351 0.2543 -0.6285
vn -0.5641 0.7401 -0.3661
vn -0.7868 0.6042 -0.1263
vn -0.9390 0.1154 -0.3241
vn -0.8679 0.4875 -0.0958
vn -0.7917 0.0316 -0.6101
vn -0.8482 0.0749 -0.5244
vn -0.4604 0.7612 0.4567
vn -0.7118 0.3635 -0.6010
vn -0.3856 0.8521 -0.3539
vn -0.2045 0.9742 0.0956
vn -0.7993 0.3781 -0.4671
vn -0.7189 0.1314 -0.6826
vn -0.8948 0.0513 -0.4435
vn -0.5132 0.7474 -0.4219
vn -0.9940 0.0129 -0.1086
vn -0.9459 0.3051 -0.1108
vn -0.9374 -0.3304 -0.1101
vn -0.9302 -0.2195 0.2942
vn -0.9484 0.0133 0.3167
vn -0.9746 -0.2159 0.0593
vn -0.9939 0.1033 -0.0379
vn -0.9019 0.3480 0.2559
vn -0.9859 -0.0253 -0.1652
vn -0.0635 -0.2614 -0.9631
vn -0.5394 -0.2227 -0.8121
vn -0.9364 -0.1524 -0.3161
vn 0.1786 -0.8938 -0.4114
vn 0.2856 -0.2523 0.9245
vn -0.3806 -0.1293 0.9157
vn -0.9606 -0.0133 -0.2775
vn -0.9727 -0.1457 0.1804
vn -0.9368 -0.3012 0.1781
vn -0.9319 -0.2977 -0.2073
vn -0.4787 -0.6795 0.5560
vn -0.7797 -0.2879 0.5561
vn -0.4878 -0.8625 0.1349
vn -0.1152 -0.5782 0.8077
vn -0.1621 -0.3764 0.9122
vn -0.8147 -0.1788 0.5516
vn -0.9659 -0.1969 0.1678
vn 0.3922 -0.8334 0.3893
vn 0.5824 -0.5761 0.5735
vn 0.8561 -0.5130 -0.0634
vn 0.7844 -0.5899 -0.1916
vn 0.4600 -0.8355 0.3005
vn 0.5376 -0.8430 -0.0189
vn -0.3969 -0.8939 -0.2083
vn 0.8675 -0.4923 -0.0712
vn 0.4959 -0.8221 -0.2798
vn 0.8405 -0.5396 -0.0484
vn -0.4555 -0.5616 -0.6908
vn 0.2505 -0.5831 -0.7728
vn 0.4935 -0.4512 0.7436
vn 0.8693 -0.4315 0.2411
vn -0.4027 -0.5771 0.7105
vn 0.3870 -0.8393 0.3819
vn -0.4827 -0.7905 0.3771
vn -0.3303 -0.9350 0.1291
vn -0.4320 -0.8667 -0.2494
vn 0.5423 -0.8318 0.1183
vn 0.6503 -0.7346 0.1935
vn 0.8857 -0.4157 0.2067
vn 0.8567 -0.3819 0.3467
vn -0.1796 -0.8695 -0.4600
vn 0.6192 -0.7823 0.0676
vn 0.1502 -0.6986 -0.6996
vn -0.5781 -0.2593 -0.7736
vn -0.8224 -0.3697 -0.4324
vn -0.6219 -0.6541 -0.4306
vn -0.7101 -0.6385 0.2968
vn 0.0396 -0.7934 0.6074
vn 0.4191 -0.9020 0.1036
vn 0.6876 -0.7040 -0.1775
vn 0.6662 -0.5626 0.4896
vn 0.6875 -0.4364 0.5804
vn 0.6827 -0.5396 0.4927
vn 0.4822 -0.5085 0.7134
vn 0.1384 -0.8129 0.5657
vn 0.1195 -0.4954 0.8604
vn 0.0660 -0.4371 -0.8970
vn 0.7884 -0.4879 -0.3747
vn 0.3117 -0.7313 -0.6067
vn -0.7573 -0.4344 -0.4876
vn -0.9799 -0.1094 0.1670
vn -0.8338 -0.5449 0.0889
vn -0.4100 -0.8565 -0.3136
vn -0.4390 -0.8979 -0.0316
vn 0.3135 -0.8692 -0.3823
vn -0.1369 -0.9834 0.1192
vn 0.6021 -0.7390 -0.3023
vn 0.8086 -0.3983 -0.4330
vn 0.7629 -0.3683 -0.5313
vn 0.7548 -0.6367 -0.1577
vn 0.7500 -0.4107 -0.5185
vn 0.9106 -0.4118 0.0339
vn 0.9117 -0.2750 0.3052
vn 0.7099 0.0582 0.7019
vn 0.4983 -0.4701 0.7285
vn 0.5506 0.0170 0.8346
vn 0.2346 -0.4945 0.8369
vn -0.3038 -0.1732 0.9368
vn -0.3883 -0.2883 0.8753
vn -0.8123 -0.1043 0.5739
vn -0.5831 0.1790 0.7924
vn -0.6912 0.0130 0.7226
vn -0.0968 -0.7215 0.6856
vn -0.5517 0.5412 0.6346
vn -0.7208 -0.3980 0.5675
vn -0.8242 0.4111 0.3896
vn -0.3891 -0.8745 0.2897
vn -0.6009 -0.7760 0.1916
vn -0.6582 -0.1650 0.7346
vn -0.2757 -0.7968 0.5376
vn -0.3227 -0.2194 0.9207
vn -0.7283 0.2901 0.6208
vn -0.4108 0.1768 0.8944
vn -0.3512 0.7513 0.5588
vn -0.7106 0.6798 0.1814
vn -0.8150 0.5641 0.1323
vn -0.4349 0.7955 -0.4219
vn -0.4768 0.8048 0.3535
vn -0.1949 0.3165 0.9284
vn -0.1330 0.9174 -0.3751
vn 0.0967 0.7250 -0.6819
vn -0.0655 0.7880 -0.6122
vn 0.6143 0.6015 -0.5107
vn 0.9567 0.2810 -0.0761
vn 0.7388 0.6240 -0.2544
vn 0.3955 0.8777 -0.2706
vn 0.2685 0.9481 -0.1703
vn 0.7558 0.3457 0.5561
vn 0.4648 0.8716 0.1557
vn 0.7628 0.5240 0.3788
vn 0.5211 0.2110 0.8270
vn 0.0725 0.2528 0.9648
vn 0.1167 0.4790 0.8700
vn -0.3959 0.2718 0.8772
vn -0.3178 0.8166 0.4818
vn -0.5707 0.7583 0.3152
vn -0.7892 0.3181 0.5253
vn -0.9175 0.3779 0.1244
vn -0.0164 0.9349 -0.3546
vn -0.6839 0.7260 -0.0716
vn -0.3389 0.7417 -0.5788
vn -0.7154 0.6121 -0.3370
vn -0.6897 0.6081 -0.3931
vn -0.3955 0.5872 -0.7063
vn 0.5074 0.8505 -0.1386
vn -0.1219 0.9631 0.2399
vn 0.3563 0.4817 0.8006
vn -0.2787 0.3876 0.8787
vn -0.8927 0.2840 0.3500
vn -0.8189 0.2979 0.4906
vn -0.8648 0.0978 0.4925
vn -0.9989 0.0167 0.0445
vn -0.9125 0.0050 0.4090
vn -0.8653 0.0520 0.4985
vn -0.8488 0.0065 0.5286
vn -0.9807 0.1039 0.1655
vn -0.9203 0.3557 0.1632
vn -0.9857 0.0035 0.1684
vn -0.9732 0.0627 -0.2214
vn -0.9541 0.2785 -0.1101
vn -0.6509 0.2190 -0.7269
vn -0.6911 0.6919 -0.2090
vn -0.4767 0.5748 -0.6651
vn -0.3063 0.9186 -0.2497
vn -0.1688 0.1856 -0.9680
vn -0.0641 0.6014 -0.7964
vn 0.1264 0.9256 -0.3568
vn 0.4840 0.8503 -0.2066
vn 0.0804 0.9956 -0.0473
vn 0.6863 0.7181 -0.1154
vn -0.0142 0.9577 0.2873
vn -0.0598 0.7555 0.6524
vn 0.4366 0.8933 0.1070
vn -0.0083 0.9955 0.0948
vn -0.6261 0.7788 0.0378
vn -0.5700 0.7858 0.2399
vn -0.5163 0.5734 0.6361
vn 0.0790 0.9858 -0.1485
vn 0.0944 0.9574 -0.2728
vn 0.2414 0.8873 0.3930
vn -0.0238 0.8046 0.5933
vn 0.2291 0.8431 0.4865
vn -0.0698 0.8847 0.4609
vn 0.4259 0.8136 0.3958
vn 0.3969 0.7890 0.4689
vn -0.0598 0.9529 0.2972
vn 0.4709 0.7458 0.4712
vn 0.1499 0.9627 0.2253
vn 0.3076 0.7454 0.5914
vn 0.3471 0.9323 0.1016
vn -0.1469 0.8597 -0.4892
vn 0.3424 0.9292 0.1393
vn 0.6781 0.7250 -0.1208
vn 0.2855 0.7326 0.6179
vn -0.5300 0.7256 0.4388
vn -0.5667 0.8186 0.0936
vn -0.0237 0.6322 0.7745
vn 0.6641 0.6812 -0.3081
vn -0.0044 0.6975 -0.7166
vn -0.0280 0.6997 -0.7139
vn -0.0023 0.9342 -0.3567
vn 0.0193 0.8702 0.4924
vn 0.0543 0.9454 -0.3215
vn 0.2623 0.7499 0.6073
vn -0.0624 0.2268 0.9719
vn 0.4365 0.8827 -0.1742
vn 0.5975 0.5319 0.6001
vn 0.2796 0.1406 0.9498
vn 0.0602 -0.2907 0.9549
vn 0.3943 -0.3167 0.8627
vn 0.5307 0.0968 0.8420
vn 0.7100 0.0255 0.7038
vn 0.5637 -0.3482 0.7490
vn 0.8150 0.5001 0.2927
vn 0.7234 0.4904 0.4860
vn 0.5121 0.0339 0.8583
vn 0.6192 -0.3330 0.7111
vn 0.4716 -0.1304 0.8721
vn 0.1837 -0.7428 0.6438
vn 0.4156 -0.8184 0.3968
vn 0.2300 -0.0008 0.9732
vn -0.1848 -0.9372 -0.2959
vn 0.1853 -0.8957 -0.4042
vn -0.4581 -0.4966 -0.7373
vn 0.0867 -0.6735 -0.7341
vn 0.4339 -0.3734 -0.8199
vn 0.2198 -0.9138 -0.3416
vn 0.1478 -0.7052 -0.6934
vn 0.1629 -0.9570 -0.2401
vn 0.0601 -0.9308 -0.3606
vn 0.1200 -0.6998 -0.7042
vn 0.2948 -0.6486 -0.7017
vn -0.1729 -0.9023 -0.3949
vn -0.0794 -0.8346 -0.5452
vn 0.0686 -0.8558 0.5128
vn 0.3491 -0.8098 0.4716
vn 0.5134 -0.7611 0.3963
vn 0.0994 0.3086 0.9460
vn 0.4843 -0.0308 0.8744
vn 0.5255 -0.4240 0.7376
vn 0.7264 -0.4758 0.4960
vn 0.8556 -0.0479 0.5154
vn 0.8406 0.1563 0.5186
vn 0.5507 0.1207 0.8259
vn 0.9719 0.1161 0.2049
vn 0.5746 0.6608 0.4829
vn 0.9549 0.2789 0.1019
vn 0.7211 0.3905 -0.5723
vn 0.8044 0.5891 0.0771
vn 0.1182 0.9897 -0.0807
vn 0.2389 0.8112 -0.5338
vn -0.5535 0.6900 -0.4664
vn -0.3345 0.5209 -0.7854
vn -0.7963 0.3713 -0.4775
vn -0.6313 0.6167 -0.4703
vn -0.2472 0.9689 0.0113
vn -0.2778 0.8854 0.3727
vn -0.7923 0.5266 -0.3082
vn -0.7652 0.3397 0.5469
vn -0.2237 0.3280 0.9178
vn 0.2637 0.4566 0.8497
vn -0.7404 -0.1244 0.6605
vn -0.3921 0.7661 -0.5093
vn -0.9544 0.0893 0.2849
vn -0.8912 0.1600 0.4246
vn -0.6239 0.3145 -0.7155
vn 0.7522 0.6289 -0.1967
vn -0.1499 0.7391 -0.6567
vn 0.5416 0.7392 -0.4003
vn -0.5743 0.6330 -0.5191
vn 0.0750 0.4640 -0.8827
vn 0.0132 0.9576 -0.2877
vn -0.3096 0.4839 0.8185
vn -0.4651 0.4904 0.7370
vn -0.5582 0.8116 0.1722
vn -0.6612 0.6620 0.3529
vn -0.7365 0.6713 -0.0827
vn -0.6539 0.7563 0.0206
vn -0.5370 0.7594 -0.3673
vn -0.6249 0.7488 -0.2208
vn 0.1878 0.7659 -0.6149
vn -0.3326 0.7009 -0.6310
vn 0.1381 0.9639 -0.2275
vn -0.0578 0.9944 0.0882
vn 0.8390 0.5009 -0.2124
vn 0.7853 0.5547 0.2750
vn -0.1287 0.8605 0.4929
vn 0.9288 0.2408 0.2816
vn 0.2739 0.4884 -0.8285
vn 0.9998 0.0184 0.0093
vn 0.9833 0.0434 -0.1770
vn 0.9736 0.0364 0.2252
vn 0.6123 0.3680 0.6998
vn 0.9788 -0.0309 0.2027
vn 0.8103 0.0397 0.5847
vn -0.2252 0.5639 0.7945
vn -0.1503 0.2493 0.9567
vn 0.8795 -0.1024 0.4648
vn 0.9907 -0.1363 0.0004
vn 0.9233 0.0860 0.3744
vn 0.8928 0.2901 0.3446
vn 0.9778 0.2074 -0.0309
vn 0.8109 0.3529 -0.4667
vn 0.8938 0.4449 -0.0556
vn 0.8424 0.0923 -0.5309
vn 0.8206 -0.1387 -0.5544
vn 0.9492 0.0382 -0.3123
vn 0.8321 0.5546 0.0038
vn 0.3891 0.6295 0.6726
vn 0.1185 0.4425 0.8889
vn -0.1766 0.9800 0.0915
vn -0.0452 0.6923 -0.7202
vn -0.4709 0.5807 -0.6641
vn -0.2328 0.8416 0.4874
vn -0.5843 0.8003 -0.1347
vn -0.0823 0.7056 0.7038
vn -0.2514 0.8192 0.5155
vn -0.3704 0.9242 0.0932
vn -0.2542 0.8818 0.3974
vn -0.4414 0.8935 0.0829
vn 0.2390 0.9561 0.1697
vn 0.3749 0.7805 0.5003
vn 0.1034 0.9878 -0.1168
vn -0.1200 0.9068 -0.4042
vn -0.5464 0.8198 -0.1712
vn -0.4487 0.6247 -0.6391
vn -0.5745 0.7756 -0.2615
vn -0.6788 0.7335 0.0353
vn -0.5168 0.8561 0.0080
vn -0.5814 0.7911 0.1898
vn -0.5110 0.7930 0.3318
vn 0.2866 0.9549 -0.0778
vn 0.1944 0.9097 -0.3669
vn 0.3290 0.8929 0.3074
vn 0.2091 0.6965 0.6864
vn -0.3329 0.6724 0.6611
vn 0.3076 0.3389 0.8891
vn -0.0422 0.3574 0.9330
vn -0.0363 0.9967 0.0721
vn -0.2685 0.9049 -0.3304
vn -0.2486 0.9061 0.3423
vn -0.1262 0.3155 -0.9405
vn -0.7517 -0.4818 0.4504
vn 0.0713 -0.8378 0.5413
vn 0.0231 -0.6857 0.7275
vn 0.2434 -0.8521 0.4634
vn 0.0308 -0.5986 0.8005
vn -0.0738 -0.9610 0.2667
vn -0.0690 -0.6966 -0.7141
vn 0.4942 -0.7882 -0.3667
vn 0.0849 -0.1050 -0.9908
vn 0.8186 -0.1767 -0.5464
vn 0.2192 -0.8429 -0.4914
vn 0.0852 -0.7793 0.6208
vn -0.3599 -0.9119 0.1971
vn 0.3264 -0.1052 -0.9394
vn -0.3499 -0.7409 -0.5732
vn 0.1622 -0.8962 -0.4130
vn -0.4634 -0.4641 0.7549
vn -0.3554 -0.8552 0.3774
vn 0.5811 -0.8078 -0.0992
vn 0.3625 -0.7479 -0.5560
vn -0.2871 -0.7440 0.6034
vn -0.7375 -0.5715 0.3599
vn -0.7394 -0.3083 0.5986
vn -0.8824 -0.4704 -0.0131
vn -0.7702 -0.3307 0.5454
vn -0.8589 -0.2636 0.4392
vn -0.3102 -0.6450 -0.6984
vn -0.7157 -0.6845 0.1389
vn -0.8552 -0.2031 0.4768
vn 0.0680 -0.9100 -0.4090
vn 0.4831 -0.3286 -0.8116
vn 0.1399 -0.5332 0.8343
vn 0.1017 0.3081 -0.9459
vn 0.1064 0.7485 -0.6546
vn -0.3899 0.6981 -0.6006
vn -0.9655 -0.1690 -0.1981
vn -0.9639 -0.1977 -0.1785
vn -0.9111 -0.1627 -0.3786
vn -0.8850 -0.1171 -0.4505
vn 0.0532 -0.4521 -0.8904
vn 0.0240 -0.9504 -0.3101
vn 0.0240 -0.9504 -0.3102
vn -0.0109 -0.9504 0.3108
vn -0.0109 -0.9504 0.3109
vn -0.9984 -0.0070 -0.0561
vn -0.9984 -0.0070 -0.0560
vn -0.9984 -0.0071 -0.0562
vn -0.9984 -0.0070 -0.0563
vn -0.9984 -0.0069 -0.0560
vn 0.0469 0.4521 -0.8907
vn -0.9984 -0.0070 -0.0562
vn 0.0109 0.9504 -0.3109
vn 0.9984 0.0071 0.0562
vn 0.9984 0.0070 0.0563
vn 0.9984 0.0070 0.0561
vn 0.9984 0.0069 0.0562
vn -0.0240 0.9504 0.3101
vn 0.9984 0.0071 0.0560
vn 0.9984 0.0070 0.0559
vn 0.9984 0.0069 0.0563
vn 0.9984 0.0069 0.0561
vn 0.9984 0.0070 0.0562
vn -0.0532 0.4522 0.8904
vn -0.0532 0.4521 0.8904
vn 0.9984 0.0068 0.0561
vn 0.0109 0.9504 -0.3108
vn -0.9984 -0.0069 -0.0561
vn -0.9984 -0.0068 -0.0561
vn -0.9984 -0.0069 -0.0562
vn 0.0469 0.4522 -0.8907
vn 0.0532 -0.4522 -0.8903
vn -0.9984 -0.0071 -0.0563
vn 0.9984 0.0070 0.0560
vn -0.0469 -0.4521 0.8907
vn -0.0470 -0.4522 0.8907
vn -0.9984 -0.0070 -0.0564
vn 0.9984 0.0068 0.0562
vn -0.9519 -0.0065 0.3063
vn 0.0069 -1.0000 0.0004
vn 0.4423 0.0034 0.8969
vn 0.9519 0.0065 -0.3063
vn -0.0069 1.0000 -0.0004
vn -0.4421 -0.0034 -0.8969
vn 0.5426 0.6362 -0.5484
vn 0.3155 0.5177 -0.7952
vn -0.7269 0.6019 0.3305
vn -0.8696 0.4921 0.0416
vn -0.5507 -0.2235 -0.8042
vn -0.3992 0.7568 -0.5175
vn -0.1606 0.9738 -0.1607
vn 0.0078 0.9621 -0.2727
vn -0.2561 0.7403 -0.6216
vn 0.1151 0.9656 0.2334
vn 0.2679 0.9527 0.1437
vn 0.7011 0.6742 -0.2323
vn 0.5507 0.2235 0.8042
vn 0.3798 0.9193 0.1036
vn 0.1400 0.9251 -0.3530
vn 0.3257 0.8295 -0.4536
vn 0.5617 0.8256 0.0542
vn -0.1687 0.6967 -0.6973
vn -0.0304 0.5853 -0.8102
vn 0.3206 0.8329 -0.4511
vn -0.0092 0.5677 -0.8232
vn 0.2572 0.8711 -0.4183
vn -0.0563 0.6389 -0.7672
vn 0.2980 -0.2316 -0.9261
vn 0.8343 -0.1165 -0.5389
vn 0.8344 -0.1209 -0.5378
vn 0.2985 -0.2355 -0.9249
vn 0.5002 0.8647 0.0453
vn 0.5859 0.8091 0.0457
vn 0.9945 0.0511 0.0911
vn 0.9947 0.0471 0.0917
vn 0.8345 -0.1299 -0.5354
vn 0.9948 0.0406 0.0930
vn 0.8345 -0.1292 -0.5356
vn 0.9949 0.0404 0.0927
vn 0.9949 0.0494 0.0880
vn 0.8342 -0.1145 -0.5394
vn 0.9949 0.0546 0.0853
vn 0.8342 -0.1153 -0.5392
vn 0.3024 -0.2265 -0.9259
vn 0.3013 -0.2324 -0.9248
vn 0.2993 -0.2424 -0.9229
vn 0.9924 -0.0023 0.1234
vn 0.8323 -0.2197 -0.5089
vn 0.2817 -0.2908 -0.9144
vn 0.8183 -0.3349 -0.4673
vn 0.2399 -0.3984 -0.8853
vn -0.0489 -0.8380 -0.5434
vn 0.2133 -0.9770 0.0079
vn -0.0638 -0.9538 0.2934
vn -0.3141 -0.9344 -0.1678
vn 0.4080 -0.6584 0.6325
vn 0.0467 -0.6565 0.7529
vn 0.9766 -0.0994 0.1906
vn -0.2142 -0.8687 0.4466
vn -0.4763 -0.8789 0.0246
vn 0.1068 -0.6388 0.7619
vn 0.0241 -0.6467 0.7624
vn -0.2579 -0.8541 0.4517
vn -0.1104 -0.6153 0.7805
vn -0.3585 -0.8068 0.4697
vn -0.3871 -0.4640 0.7968
vn -0.5182 -0.6637 0.5394
vn -0.3847 -0.4657 0.7970
vn -0.6553 -0.4809 0.5825
vn -0.7438 -0.6088 0.2759
vn -0.5832 -0.8073 0.0899
vn -0.7426 -0.6110 0.2743
vn -0.0230 -0.6496 0.7599
vn -0.3643 -0.8025 0.4726
vn -0.5222 -0.8523 0.0308
vn -0.3444 -0.9310 -0.1211
vn -0.0995 -0.9390 0.3292
vn 0.0885 -0.9737 0.2100
vn -0.1995 -0.9528 -0.2287
vn 0.2009 -0.7096 0.6753
vn 0.3587 -0.7263 0.5864
vn 0.3708 -0.9287 0.0042
vn 0.0112 -0.9205 -0.3906
vn 0.5770 -0.6908 0.4357
vn 0.6894 -0.6394 0.3403
vn 0.4748 -0.8763 -0.0816
vn 0.9438 -0.3276 0.0432
vn 0.9313 -0.3619 0.0419
vn 0.7601 -0.5323 -0.3726
vn 0.7743 -0.4965 -0.3923
vn 0.8877 -0.4500 0.0977
vn 0.7005 -0.6477 -0.2997
vn 0.8356 -0.5236 0.1662
vn 0.6493 -0.7201 -0.2445
vn 0.7775 -0.5825 0.2371
vn 0.5697 -0.8048 -0.1665
vn 0.3105 -0.7367 -0.6007
vn 0.3734 -0.6588 -0.6531
vn 0.2392 -0.8010 -0.5488
vn 0.3806 -0.9247 -0.0037
vn 0.0635 -0.9072 -0.4160
vn 0.2385 -0.9654 0.1050
vn -0.0680 -0.9478 -0.3114
vn 0.1737 -0.9731 0.1515
vn -0.1234 -0.9554 -0.2683
vn 0.4825 -0.7244 0.4924
vn 0.6168 -0.6826 0.3918
vn 0.4243 -0.7331 0.5315
vn 0.1263 -0.9747 0.1844
vn 0.3838 -0.7338 0.5605
vn 0.3407 -0.7330 0.5887
vn 0.0769 -0.9730 0.2177
vn 0.2848 -0.7243 0.6279
vn 0.0118 -0.9655 0.2603
vn -0.1650 -0.9565 -0.2406
vn -0.2071 -0.9553 -0.2110
vn -0.2657 -0.9478 -0.1760
vn -0.1410 -0.9247 0.3536
vn -0.4108 -0.9072 -0.0911
vn 0.1424 -0.6826 0.7168
vn -0.0601 -0.5825 0.8106
vn -0.3611 -0.8048 0.4710
vn -0.5983 -0.8009 0.0247
vn -0.1472 -0.5236 0.8392
vn -0.4628 -0.7201 0.5170
vn -0.2297 -0.4501 0.8629
vn -0.5326 -0.6477 0.5448
vn -0.2858 -0.3651 0.8860
vn -0.6183 -0.5380 0.5730
vn -0.7440 -0.6587 0.1120
vn -0.6723 -0.7367 0.0723
vn -0.8074 -0.5767 0.1244
vn -0.2717 -0.3347 0.9023
vn -0.6330 -0.5162 0.5769
vn -0.8238 -0.5587 0.0962
vn -0.2650 -0.8668 0.4224
vn -0.1424 -0.9242 0.3544
vn -0.3829 -0.9133 -0.1391
vn -0.5186 -0.8519 -0.0736
vn 0.1639 -0.9737 0.1583
vn -0.1411 -0.9528 -0.2687
vn 0.3428 -0.9390 0.0262
vn 0.0116 -0.9310 -0.3648
vn 0.4171 -0.7263 0.5464
vn 0.1975 -0.6778 0.7082
vn 0.5570 -0.7096 0.4315
vn 0.7169 -0.6496 0.2533
vn 0.5723 -0.8025 -0.1689
vn 0.8821 -0.4657 -0.0706
vn 0.7800 -0.4809 -0.4005
vn 0.5242 -0.6110 -0.5932
vn 0.2176 -0.8522 -0.4758
vn 0.6902 -0.6637 -0.2882
vn 0.5262 -0.6088 -0.5937
vn 0.5675 -0.8068 -0.1644
vn 0.2946 -0.8073 -0.5113
vn 0.7676 -0.6154 0.1793
vn 0.8828 -0.4640 -0.0730
vn 0.6837 -0.6682 0.2934
vn 0.4616 -0.8843 -0.0703
vn 0.5914 -0.7317 0.3388
vn 0.4023 -0.9153 -0.0211
vn 0.4415 -0.8956 -0.0534
vn 0.5990 -0.7711 0.2159
vn 0.1127 -0.9260 -0.3603
vn 0.1736 -0.8753 -0.4514
vn 0.2343 -0.9191 -0.3167
vn -0.2774 0.0501 0.9594
vn -0.8013 -0.1282 0.5844
vn -0.7817 -0.1996 0.5908
vn -0.2423 -0.0084 0.9702
vn -0.9714 -0.2315 -0.0538
vn -0.9526 -0.2967 -0.0671
vn -0.2776 0.0494 0.9594
vn -0.8045 -0.1145 0.5828
vn -0.9711 -0.2324 -0.0535
vn -0.8011 -0.1291 0.5845
vn -0.9686 -0.2424 -0.0546
vn -0.9688 -0.2418 -0.0550
vn -0.8009 -0.1299 0.5846
vn -0.9703 -0.2355 -0.0560
vn -0.8030 -0.1209 0.5835
vn -0.9711 -0.2316 -0.0569
vn -0.8041 -0.1165 0.5830
vn -0.4830 0.8711 0.0886
vn -0.5365 0.8329 0.1358
vn -0.7641 0.5677 -0.3063
vn -0.6950 0.6389 -0.3298
vn -0.5407 0.8295 0.1397
vn -0.7445 0.5853 -0.3212
vn -0.1386 0.8647 0.4827
vn -0.1691 0.8091 0.5628
vn -0.1524 0.8256 0.5433
vn -0.2741 0.0471 0.9606
vn -0.2746 0.0511 0.9602
vn -0.2729 0.0406 0.9612
vn -0.2730 0.0400 0.9612
vn -0.0407 0.9193 0.3916
vn -0.3798 0.9251 0.0030
vn -0.2572 0.9620 -0.0913
vn 0.0366 0.9529 0.3012
vn -0.5891 0.6967 -0.4094
vn -0.4873 0.7399 -0.4639
vn -0.3382 0.7568 -0.5593
vn -0.0917 0.9738 -0.2079
vn 0.1760 0.9656 0.1917
vn -0.5001 0.6420 0.5811
vn 0.0709 -0.6126 0.7872
vn 0.4184 -0.5701 -0.7071
vn 0.4137 -0.5428 -0.7309
vn 0.1272 -0.8676 -0.4807
vn -0.5117 -0.8586 0.0309
vn 0.2989 -0.2418 -0.9231
vn -0.7287 0.6362 0.2535
vn -0.6334 0.5177 0.5751
vn 0.7982 0.6019 0.0233
vn 0.7991 0.4921 0.3455
vn 0.1404 -0.2235 0.9645
vn 0.1306 0.7568 0.6404
vn 0.0735 0.9738 0.2150
vn -0.1271 0.9620 0.2415
vn -0.0438 0.7403 0.6708
vn -0.7317 0.6742 -0.1001
vn -0.0006 0.9655 -0.2602
vn -0.1773 0.9527 -0.2469
vn -0.1404 0.2235 -0.9645
vn -0.2954 0.9193 -0.2602
vn -0.2812 0.9251 0.2553
vn -0.4922 0.8295 0.2639
vn -0.4805 0.8256 -0.2960
vn -0.1556 0.6967 0.7003
vn -0.3295 0.5853 0.7409
vn -0.5058 0.8092 -0.2989
vn -0.4864 0.8329 0.2638
vn -0.3541 0.5677 0.7432
vn -0.4151 0.8712 0.2623
vn -0.2873 0.6389 0.7137
vn -0.4291 0.8647 -0.2609
vn -0.9863 -0.1165 0.1166
vn -0.8528 0.0511 -0.5197
vn -0.8527 0.0471 -0.5202
vn -0.9859 -0.1209 0.1155
vn -0.6753 -0.2316 0.7003
vn -0.6752 -0.2355 0.6990
vn -0.9850 -0.1299 0.1133
vn -0.8523 0.0406 -0.5215
vn -0.9851 -0.1291 0.1135
vn -0.8524 0.0402 -0.5213
vn -0.8546 0.0496 -0.5170
vn -0.9865 -0.1146 0.1170
vn -0.8557 0.0546 -0.5145
vn -0.9864 -0.1153 0.1169
vn -0.8367 -0.0023 -0.5477
vn -0.9714 -0.2197 0.0905
vn -0.7930 -0.0993 -0.6010
vn -0.9404 -0.3348 0.0593
vn -0.6052 -0.3984 0.6893
vn -0.6555 -0.2908 0.6970
vn -0.6791 -0.2264 0.6982
vn -0.1880 -0.9770 -0.1009
vn -0.0878 -0.6584 -0.7475
vn 0.2896 -0.6565 -0.6965
vn 0.1865 -0.9539 -0.2352
vn -0.1954 -0.8381 0.5094
vn 0.2081 -0.9345 0.2890
vn 0.2396 -0.6388 -0.7311
vn 0.3890 -0.8687 -0.3066
vn 0.4385 -0.8789 0.1876
vn 0.4304 -0.8541 -0.2920
vn 0.4730 -0.8586 0.1976
vn 0.5287 -0.8067 -0.2639
vn 0.5633 -0.8073 0.1761
vn 0.7028 -0.6637 -0.2561
vn 0.7893 -0.6088 0.0797
vn 0.4427 -0.6153 -0.6522
vn 0.3140 -0.6467 -0.6951
vn 0.6984 -0.4640 -0.5449
vn 0.8449 -0.4809 -0.2344
vn 0.7875 -0.6110 0.0807
vn 0.6963 -0.4657 -0.5462
vn 0.3552 -0.6496 -0.6722
vn 0.5352 -0.8024 -0.2639
vn 0.2343 -0.9390 -0.2517
vn 0.1170 -0.7096 -0.6948
vn 0.4825 -0.8522 0.2022
vn 0.2559 -0.9310 0.2604
vn 0.0133 -0.9737 -0.2276
vn 0.0784 -0.9528 0.2932
vn -0.0639 -0.7263 -0.6844
vn -0.3310 -0.9287 -0.1670
vn -0.1820 -0.9205 0.3457
vn -0.3263 -0.6908 -0.6452
vn -0.4692 -0.6394 -0.6091
vn -0.4623 -0.8763 -0.1358
vn -0.8284 -0.3276 -0.4543
vn -0.8177 -0.3619 -0.4476
vn -0.8465 -0.5323 -0.0001
vn -0.8680 -0.4965 0.0113
vn -0.7540 -0.4500 -0.4785
vn -0.7609 -0.6477 -0.0393
vn -0.6771 -0.5236 -0.5171
vn -0.6906 -0.7201 -0.0664
vn -0.5937 -0.5825 -0.5552
vn -0.5848 -0.8048 -0.1014
vn -0.5432 -0.7367 0.4027
vn -0.6229 -0.6587 0.4220
vn -0.4564 -0.8010 0.3874
vn -0.3434 -0.9247 -0.1643
vn -0.2402 -0.9072 0.3454
vn -0.3813 -0.6826 -0.6234
vn -0.2164 -0.7244 -0.6545
vn -0.1679 -0.9654 -0.1993
vn -0.0761 -0.9478 0.3095
vn -0.0892 -0.9731 -0.2125
vn -0.0075 -0.9554 0.2953
vn 0.0423 -0.9565 0.2886
vn -0.0323 -0.9747 -0.2212
vn -0.1472 -0.7331 -0.6640
vn -0.0978 -0.7338 -0.6722
vn 0.0267 -0.9730 -0.2294
vn 0.0930 -0.9553 0.2806
vn -0.0467 -0.7330 -0.6786
vn 0.1041 -0.9655 -0.2389
vn 0.1611 -0.9478 0.2750
vn 0.0208 -0.7244 -0.6890
vn 0.1877 -0.6826 -0.7063
vn 0.2823 -0.9247 -0.2554
vn 0.4108 -0.5825 -0.7014
vn 0.5316 -0.8048 -0.2639
vn 0.5016 -0.5236 -0.6887
vn 0.6431 -0.7201 -0.2605
vn 0.5862 -0.4501 -0.6736
vn 0.7181 -0.6477 -0.2546
vn 0.6467 -0.3650 -0.6697
vn 0.8074 -0.5380 -0.2422
vn 0.6412 -0.3347 -0.6905
vn 0.8223 -0.5162 -0.2393
vn 0.7798 -0.5767 0.2437
vn 0.7174 -0.6587 0.2269
vn 0.7820 -0.5587 0.2763
vn 0.6355 -0.7367 0.2311
vn 0.5481 -0.8009 0.2412
vn 0.3287 -0.9072 0.2626
vn 0.4239 -0.8668 -0.2626
vn 0.2839 -0.9242 -0.2555
vn 0.2824 -0.9133 0.2934
vn 0.4332 -0.8519 0.2944
vn -0.0777 -0.9737 -0.2143
vn 0.0084 -0.9528 0.3034
vn 0.2829 -0.6126 -0.7380
vn 0.1345 -0.6778 -0.7229
vn -0.1339 -0.7263 -0.6742
vn -0.2963 -0.9390 -0.1745
vn -0.1711 -0.9310 0.3225
vn -0.3102 -0.7096 -0.6326
vn -0.5321 -0.6496 -0.5430
vn -0.5882 -0.8025 -0.1004
vn -0.8231 -0.4657 -0.3250
vn -0.8766 -0.4809 0.0162
vn -0.8248 -0.4640 -0.3232
vn -0.7466 -0.6637 -0.0451
vn -0.6103 -0.6153 -0.4989
vn -0.5817 -0.8069 -0.1023
vn -0.4847 -0.6682 -0.5644
vn -0.4454 -0.8843 -0.1401
vn -0.4897 -0.8073 0.3294
vn -0.7338 -0.6088 0.3014
vn -0.3546 -0.8752 0.3289
vn -0.3705 -0.9153 -0.1582
vn -0.2598 -0.9260 0.2739
vn -0.3818 -0.7317 -0.5646
vn -0.4200 -0.8957 -0.1464
vn -0.3498 -0.9191 0.1812
vn -0.4428 -0.7711 -0.4576
vn 0.6715 0.0501 -0.7393
vn 0.9767 -0.1282 -0.1719
vn 0.9620 -0.1996 -0.1863
vn 0.6447 -0.0084 -0.7644
vn 0.6716 0.0492 -0.7393
vn 0.9789 -0.1146 -0.1691
vn 0.6684 0.0400 -0.7428
vn 0.9766 -0.1292 -0.1721
vn 0.8484 -0.2322 0.4756
vn 0.8485 -0.2315 0.4759
vn 0.8457 -0.2425 0.4755
vn 0.8456 -0.2418 0.4759
vn 0.9764 -0.1299 -0.1723
vn 0.8465 -0.2355 0.4775
vn 0.9779 -0.1209 -0.1704
vn 0.8469 -0.2316 0.4787
vn 0.9786 -0.1165 -0.1695
vn 0.4726 0.8711 0.1331
vn 0.5415 0.8329 0.1142
vn 0.5514 0.5676 0.6114
vn 0.4788 0.6389 0.6021
vn 0.5470 0.8295 0.1126
vn 0.5271 0.5853 0.6162
vn 0.3488 0.6967 0.6269
vn 0.3423 0.9251 0.1645
vn 0.2332 0.7399 0.6310
vn 0.1907 0.9620 0.1952
vn 0.0575 0.7568 0.6511
vn -0.0092 0.9738 0.2270
vn 0.2089 0.9193 -0.3336
vn 0.0997 0.9529 -0.2866
vn -0.0737 0.9655 -0.2496
vn 0.3761 0.8256 -0.4207
vn 0.3995 0.8093 -0.4306
vn 0.3370 0.8647 -0.3724
vn 0.6690 0.0471 -0.7418
vn 0.6693 0.0511 -0.7412
vn 0.6682 0.0406 -0.7429
vn 0.7048 0.6420 -0.3016
vn 0.8258 -0.2967 0.4797
vn -0.7318 -0.6110 0.3019
vn -0.4048 -0.8522 0.3314
vn -0.6869 -0.5701 0.4507
vn -0.6933 -0.5428 0.4741
vn -0.3258 -0.8676 0.3756
vn -0.6777 -0.2322 0.6977
vn -0.6751 -0.2424 0.6968
vn -0.6748 -0.2418 0.6972
vn 0.4054 0.6362 0.6565
vn 0.6987 0.5177 0.4938
vn -0.1502 0.6019 -0.7843
vn 0.1642 0.4921 -0.8549
vn 0.9112 -0.2235 -0.3461
vn 0.5969 0.7568 -0.2662
vn 0.1940 0.9738 -0.1183
vn 0.2633 0.9620 0.0718
vn 0.6644 0.7403 -0.1026
vn 0.0608 0.6742 0.7361
vn -0.2539 0.9656 0.0569
vn -0.2026 0.9527 0.2266
vn -0.9112 0.2235 0.3461
vn -0.1900 0.9193 0.3447
vn 0.3102 0.9251 0.2191
vn 0.3643 0.8295 0.4233
vn -0.1849 0.8256 0.5332
vn 0.7174 0.6967 0.0001
vn 0.7947 0.5853 0.1611
vn 0.3630 0.8329 0.4177
vn 0.8023 0.5677 0.1847
vn 0.3460 0.8711 0.3484
vn 0.7590 0.6389 0.1258
vn -0.1617 0.8647 0.4755
vn -0.1822 0.8092 0.5585
vn 0.3275 -0.1165 0.9376
vn -0.3225 0.0511 0.9452
vn -0.3231 0.0471 0.9452
vn 0.3264 -0.1209 0.9375
vn 0.3240 -0.1299 0.9371
vn -0.3245 0.0406 0.9450
vn 0.8287 -0.2355 0.5077
vn 0.8269 -0.2418 0.5077
vn 0.8299 -0.2316 0.5075
vn 0.3242 -0.1292 0.9371
vn 0.8265 -0.2424 0.5080
vn 0.3280 -0.1146 0.9377
vn 0.8280 -0.2321 0.5104
vn 0.3278 -0.1153 0.9377
vn 0.8287 -0.2264 0.5118
vn 0.2988 -0.2197 0.9287
vn 0.8225 -0.2908 0.4889
vn -0.3169 0.0546 0.9469
vn -0.3197 0.0494 0.9462
vn -0.3534 -0.0023 0.9355
vn -0.4150 -0.0993 0.9044
vn 0.2616 -0.3348 0.9052
vn -0.0579 -0.9769 0.2055
vn -0.7107 -0.6584 0.2478
vn -0.7427 -0.6565 -0.1319
vn -0.2702 -0.9538 -0.1310
vn -0.7657 -0.6388 -0.0755
vn -0.3835 -0.8687 -0.3134
vn -0.7466 -0.6467 -0.1559
vn -0.3784 -0.8541 -0.3568
vn -0.7326 -0.6153 -0.2909
vn -0.3722 -0.8068 -0.4588
vn -0.6833 -0.4640 -0.5638
vn -0.4023 -0.6637 -0.6306
vn -0.6841 -0.4657 -0.5614
vn -0.4119 -0.4809 -0.7740
vn -0.0932 -0.6088 -0.7878
vn 0.0498 -0.8073 -0.5880
vn -0.0919 -0.6110 -0.7863
vn -0.7332 -0.6496 -0.2011
vn -0.3736 -0.8024 -0.4654
vn 0.0928 -0.8522 -0.5149
vn 0.1987 -0.9310 -0.3062
vn -0.2965 -0.9390 -0.1741
vn -0.2250 -0.9737 0.0365
vn 0.2692 -0.9528 -0.1401
vn -0.7036 -0.7096 0.0365
vn -0.6543 -0.7263 0.2106
vn -0.0914 -0.9287 0.3594
vn 0.3770 -0.9205 0.1027
vn -0.5592 -0.6908 0.4583
vn -0.4930 -0.6394 0.5900
vn -0.0324 -0.8763 0.4807
vn -0.2640 -0.3276 0.9072
vn -0.2598 -0.3619 0.8953
vn 0.1833 -0.5323 0.8265
vn 0.1991 -0.4965 0.8449
vn -0.3038 -0.4501 0.8397
vn 0.1265 -0.6477 0.7513
vn -0.3582 -0.5236 0.7730
vn 0.0849 -0.7201 0.6887
vn -0.4134 -0.5825 0.6999
vn 0.0277 -0.8048 0.5929
vn 0.4772 -0.8009 0.3617
vn 0.5108 -0.7367 0.4431
vn 0.5469 -0.6588 0.5166
vn -0.0861 -0.9247 0.3708
vn 0.3893 -0.9072 0.1597
vn -0.1582 -0.9654 0.2071
vn 0.3188 -0.9478 0.0071
vn -0.1882 -0.9731 0.1331
vn 0.2898 -0.9554 -0.0567
vn -0.5921 -0.7244 0.3531
vn -0.5260 -0.6826 0.5073
vn -0.6164 -0.7331 0.2874
vn -0.2090 -0.9747 0.0793
vn -0.6351 -0.7338 0.2411
vn -0.6523 -0.7330 0.1927
vn -0.2298 -0.9730 0.0234
vn -0.6772 -0.7244 0.1289
vn -0.2558 -0.9655 -0.0499
vn 0.2726 -0.9565 -0.1036
vn 0.2538 -0.9553 -0.1515
vn 0.2336 -0.9478 -0.2169
vn -0.7302 -0.6826 -0.0302
vn -0.3105 -0.9247 -0.2202
vn 0.1852 -0.9071 -0.3779
vn -0.3729 -0.8048 -0.4618
vn 0.1168 -0.8009 -0.5873
vn -0.7737 -0.5825 -0.2491
vn -0.7810 -0.5236 -0.3405
vn -0.3936 -0.7201 -0.5714
vn -0.7846 -0.4501 -0.4263
vn -0.4042 -0.6477 -0.6459
vn 0.0880 -0.7367 -0.6705
vn 0.0661 -0.6588 -0.7494
vn -0.4115 -0.5379 -0.7358
vn 0.0690 -0.5767 -0.8140
vn -0.7939 -0.3651 -0.4863
vn -0.8131 -0.3347 -0.4764
vn -0.4118 -0.5162 -0.7509
vn 0.1003 -0.5587 -0.8233
vn -0.3482 -0.8668 -0.3569
vn -0.3110 -0.9242 -0.2217
vn 0.2253 -0.9133 -0.3393
vn 0.1935 -0.8519 -0.4867
vn -0.1925 -0.9737 0.1222
vn 0.2943 -0.9528 -0.0739
vn -0.1062 -0.9390 0.3271
vn 0.3520 -0.9310 0.0972
vn -0.6292 -0.7263 0.2768
vn -0.7348 -0.6778 0.0253
vn -0.5504 -0.7096 0.4399
vn -0.7818 -0.6126 -0.1163
vn -0.4149 -0.6496 0.6371
vn 0.0294 -0.8025 0.5959
vn -0.1390 -0.4657 0.8740
vn 0.2057 -0.4809 0.8523
vn 0.4532 -0.6110 0.6490
vn 0.4112 -0.8522 0.3234
vn 0.1178 -0.6637 0.7387
vn 0.4532 -0.6088 0.6511
vn 0.0263 -0.8069 0.5902
vn 0.4276 -0.8073 0.4067
vn -0.3549 -0.6153 0.7039
vn -0.1367 -0.4640 0.8752
vn -0.4460 -0.6682 0.5955
vn -0.0403 -0.8843 0.4652
vn -0.4685 -0.7317 0.4951
vn -0.0741 -0.9153 0.3959
vn -0.0520 -0.8956 0.4417
vn -0.3508 -0.7711 0.5314
vn 0.3237 -0.9260 0.1943
vn 0.3979 -0.8753 0.2749
vn 0.2527 -0.9191 0.3022
vn -0.8672 0.0501 -0.4954
vn -0.3795 -0.1282 -0.9163
vn -0.3903 -0.1996 -0.8988
vn -0.8859 -0.0084 -0.4637
vn 0.2808 -0.2316 -0.9314
vn 0.2893 -0.2967 -0.9101
vn -0.8672 0.0495 -0.4955
vn -0.3772 -0.1148 -0.9190
vn 0.2804 -0.2321 -0.9314
vn -0.3796 -0.1290 -0.9161
vn 0.2810 -0.2424 -0.9286
vn 0.2814 -0.2418 -0.9286
vn -0.3797 -0.1299 -0.9159
vn 0.2827 -0.2355 -0.9298
vn -0.3782 -0.1209 -0.9178
vn 0.2838 -0.2316 -0.9305
vn -0.3775 -0.1165 -0.9187
vn 0.0275 0.8711 -0.4902
vn -0.0058 0.8329 -0.5534
vn 0.4775 0.5676 -0.6707
vn 0.4841 0.6389 -0.5979
vn -0.0086 0.8295 -0.5584
vn 0.4874 0.5853 -0.6480
vn -0.4366 0.8647 -0.2483
vn -0.5070 0.8093 -0.2967
vn -0.4922 0.8256 -0.2760
vn -0.8691 0.0471 -0.4924
vn -0.8686 0.0511 -0.4928
vn -0.8700 0.0406 -0.4914
vn -0.8699 0.0401 -0.4916
vn -0.3710 0.9193 -0.1317
vn 0.0865 0.9251 -0.3698
vn 0.1492 0.9620 -0.2284
vn -0.3013 0.9529 -0.0353
vn 0.5365 0.6967 -0.4763
vn 0.5655 0.7399 -0.3644
vn 0.6232 0.7568 -0.1972
vn 0.2236 0.9738 -0.0402
vn -0.2277 0.9656 0.1260
vn -0.4472 0.6420 -0.6228
vn 0.5888 -0.5701 0.5729
vn 0.6130 -0.5428 0.5741
vn 0.4373 -0.8676 0.2367
vn 0.0903 -0.8587 -0.5045
vn 0.0882 -0.8789 -0.4687
vn 0.2369 -0.9344 -0.2659
vn 0.5396 -0.8381 0.0804
vn 0.8040 -0.3984 0.4414
vn -0.3244 0.0399 0.9451
vn 0.7670 0.6362 0.0830
vn 0.8187 0.5177 -0.2484
vn -0.7113 0.6019 -0.3629
vn -0.5741 0.4921 -0.6545
vn 0.2863 -0.2235 -0.9317
vn 0.1563 0.7568 -0.6346
vn 0.0257 0.9738 -0.2258
vn 0.2182 0.9620 -0.1638
vn 0.3269 0.7403 -0.5875
vn 0.3634 0.9251 -0.1103
vn 0.4405 0.6967 -0.5662
vn 0.5578 0.8295 -0.0276
vn 0.6151 0.5853 -0.5283
vn 0.0544 0.9527 0.2991
vn 0.1554 0.9193 0.3616
vn 0.3074 0.8256 0.4732
vn -0.2863 0.2235 0.9317
vn 0.3290 0.8092 0.4868
vn 0.5526 0.8329 -0.0301
vn 0.2760 0.8647 0.4196
vn 0.4874 0.8711 -0.0592
vn 0.9412 -0.1165 0.3171
vn 0.5481 0.0511 0.8349
vn 0.5477 0.0471 0.8353
vn 0.9404 -0.1209 0.3179
vn 0.9386 -0.1299 0.3195
vn 0.5467 0.0406 0.8363
vn 0.9101 -0.2316 -0.3436
vn 0.9096 -0.2355 -0.3424
vn 0.9084 -0.2418 -0.3410
vn 0.5653 0.6389 -0.5218
vn 0.6383 0.5676 -0.5199
vn 0.9388 -0.1290 0.3194
vn 0.9085 -0.2424 -0.3405
vn 0.9416 -0.1145 0.3168
vn 0.9113 -0.2320 -0.3402
vn 0.9414 -0.1153 0.3169
vn 0.9128 -0.2264 -0.3400
vn 0.5528 0.0546 0.8315
vn 0.5507 0.0494 0.8332
vn 0.5470 0.0401 0.8362
vn 0.5215 -0.0023 0.8533
vn 0.9165 -0.2197 0.3343
vn 0.4591 -0.0994 0.8828
vn 0.8752 -0.3348 0.3492
vn 0.1266 -0.9769 0.1719
vn -0.2408 -0.6584 0.7131
vn -0.5600 -0.6565 0.5053
vn -0.2692 -0.9539 0.1328
vn -0.5297 -0.6388 0.5580
vn -0.4828 -0.8687 0.1104
vn -0.5815 -0.6467 0.4937
vn -0.5140 -0.8541 0.0795
vn -0.6794 -0.6153 0.3998
vn -0.5907 -0.8068 0.0121
vn -0.3428 -0.8586 -0.3811
vn -0.3159 -0.8789 -0.3573
vn -0.4336 -0.8073 -0.4004
vn -0.7448 -0.6637 -0.0696
vn -0.6791 -0.6088 -0.4101
vn -0.8645 -0.4640 0.1933
vn -0.8631 -0.4657 0.1953
vn -0.8639 -0.4809 -0.1500
vn -0.6770 -0.6110 -0.4102
vn -0.5966 -0.8025 0.0093
vn -0.3493 -0.8523 -0.3893
vn -0.6089 -0.6496 0.4553
vn -0.3195 -0.9390 0.1271
vn -0.4032 -0.7096 0.5778
vn -0.1198 -0.9310 -0.3449
vn -0.1089 -0.9737 0.2001
vn 0.0547 -0.9528 -0.2985
vn 0.2276 -0.9287 0.2927
vn 0.3125 -0.9205 -0.2345
vn -0.2355 -0.7263 0.6458
vn 0.0185 -0.6908 0.7228
vn 0.1631 -0.6394 0.7514
vn 0.3596 -0.8763 0.3207
vn 0.5540 -0.3276 0.7654
vn 0.5472 -0.3619 0.7547
vn 0.7650 -0.5323 0.3627
vn 0.7891 -0.4965 0.3616
vn 0.8138 -0.5701 -0.1130
vn 0.8295 -0.5428 -0.1315
vn 0.4553 -0.8676 -0.1998
vn 0.6707 -0.6477 0.3614
vn 0.7436 -0.6587 -0.1146
vn 0.5957 -0.7201 0.3558
vn 0.6633 -0.7367 -0.1312
vn 0.4850 -0.8048 0.3421
vn 0.5784 -0.8010 -0.1546
vn 0.2399 -0.9247 0.2956
vn 0.3650 -0.9072 -0.2093
vn 0.0663 -0.9655 0.2520
vn 0.2012 -0.9478 -0.2473
vn -0.0105 -0.9731 0.2302
vn 0.1332 -0.9554 -0.2636
vn -0.0848 -0.7244 0.6841
vn 0.0775 -0.6826 0.7267
vn -0.1516 -0.7331 0.6630
vn 0.0855 -0.9565 -0.2788
vn -0.0657 -0.9747 0.2137
vn -0.1996 -0.7338 0.6494
vn -0.2485 -0.7330 0.6332
vn -0.1224 -0.9730 0.1958
vn -0.3139 -0.7244 0.6137
vn -0.1964 -0.9654 0.1713
vn -0.4722 -0.6826 0.5578
vn -0.3644 -0.9247 0.1099
vn -0.1846 -0.9072 -0.3781
vn -0.0279 -0.9478 -0.3176
vn 0.0362 -0.9553 -0.2934
vn -0.6716 -0.5825 0.4579
vn -0.5934 -0.8048 0.0108
vn -0.3919 -0.8009 -0.4527
vn -0.6927 -0.7201 -0.0401
vn -0.4752 -0.7367 -0.4810
vn -0.7580 -0.6477 -0.0774
vn -0.5510 -0.6588 -0.5123
vn -0.8333 -0.5380 -0.1269
vn -0.6002 -0.5767 -0.5543
vn -0.8184 -0.4499 0.3574
vn -0.7482 -0.5236 0.4075
vn -0.8712 -0.3651 0.3281
vn -0.8752 -0.3347 0.3494
vn -0.8456 -0.5162 -0.1359
vn -0.5718 -0.6126 0.5457
vn -0.4312 -0.6778 0.5956
vn -0.3660 -0.9242 0.1093
vn -0.4955 -0.8668 0.0557
vn -0.1678 -0.7263 0.6666
vn -0.0219 -0.9737 0.2269
vn 0.0092 -0.7096 0.7045
vn 0.1930 -0.9390 0.2846
vn 0.2482 -0.6496 0.7186
vn 0.4885 -0.8025 0.3426
vn 0.2927 -0.9310 -0.2182
vn 0.5078 -0.8522 -0.1260
vn 0.1224 -0.9528 -0.2777
vn 0.6046 -0.4657 0.6462
vn 0.7991 -0.4809 0.3609
vn 0.7906 -0.6110 0.0408
vn 0.6553 -0.6637 0.3606
vn 0.7922 -0.6088 0.0419
vn 0.6069 -0.4640 0.6453
vn 0.4820 -0.8068 0.3417
vn 0.5835 -0.8073 -0.0879
vn 0.3378 -0.6153 0.7122
vn 0.1962 -0.6682 0.7176
vn 0.3424 -0.8843 0.3174
vn 0.1033 -0.7317 0.6738
vn 0.2670 -0.9153 0.3016
vn 0.3168 -0.8956 0.3122
vn 0.2041 -0.7711 0.6031
vn -0.9235 0.0501 0.3803
vn -0.9562 -0.1282 -0.2630
vn -0.9491 -0.1996 -0.2437
vn -0.9100 -0.0084 0.4146
vn 0.3521 -0.9260 -0.1362
vn 0.3937 -0.9191 -0.0139
vn -0.5628 -0.2315 -0.7935
vn -0.5407 -0.2967 -0.7871
vn -0.9235 0.0495 0.3803
vn -0.9570 -0.1148 -0.2664
vn -0.5630 -0.2320 -0.7932
vn -0.9562 -0.1290 -0.2629
vn -0.5606 -0.2424 -0.7918
vn -0.9221 0.0400 0.3849
vn -0.5603 -0.2418 -0.7922
vn -0.9561 -0.1299 -0.2626
vn -0.9220 0.0406 0.3851
vn -0.9222 0.0471 0.3837
vn -0.9567 -0.1209 -0.2649
vn -0.9569 -0.1165 -0.2660
vn -0.9223 0.0511 0.3831
vn -0.4640 0.8647 0.1922
vn -0.5456 0.8092 0.2181
vn -0.4404 0.8329 -0.3351
vn -0.3701 0.8711 -0.3227
vn -0.5602 -0.2316 -0.7953
vn -0.5604 -0.2355 -0.7940
vn -0.2363 0.5676 -0.7887
vn -0.1748 0.6389 -0.7492
vn -0.4460 0.8295 -0.3360
vn -0.2123 0.5853 -0.7825
vn -0.0466 0.6967 -0.7159
vn -0.2388 0.9251 -0.2953
vn 0.0596 0.7399 -0.6701
vn -0.0887 0.9620 -0.2581
vn 0.2270 0.7568 -0.6130
vn 0.1055 0.9738 -0.2012
vn -0.3317 0.9193 0.2120
vn -0.2128 0.9529 0.2162
vn -0.0403 0.9656 0.2570
vn -0.7661 0.6420 -0.0294
vn 0.6183 0.6742 0.4039
vn -0.1110 0.9656 0.2354
vn -0.5201 0.8256 0.2190
vn 0.4614 -0.8752 -0.1453
vn -0.1295 -0.9133 -0.3861
vn -0.2654 -0.8519 -0.4515
vn -0.5882 -0.5587 -0.5846
vn 0.2987 -0.5825 0.7560
vn 0.3904 -0.5236 0.7573
vn 0.4764 -0.4499 0.7554
vn -0.0644 -0.9345 -0.3502
vn 0.3947 -0.8381 -0.3766
vn 0.8420 -0.3984 -0.3637
vn 0.8908 -0.2908 -0.3491
vn -0.6516 0.6362 -0.4131
vn -0.8442 0.5177 -0.1386
vn -0.6682 -0.2235 0.7096
vn 0.4780 0.6019 0.6397
vn 0.2261 0.4921 0.8407
vn -0.4742 0.7568 0.4498
vn -0.3493 0.7399 0.5750
vn -0.0343 0.9621 0.2707
vn -0.1835 0.9738 0.1340
vn 0.6744 0.6420 0.3646
vn 0.2864 0.9529 -0.1000
vn 0.1497 0.9656 -0.2128
vn 0.6682 0.2235 -0.7096
vn 0.0839 0.9251 0.3704
vn 0.3912 0.9193 -0.0437
vn 0.2519 0.8295 0.4985
vn 0.5633 0.8256 0.0331
vn -0.2742 0.6967 0.6629
vn -0.1549 0.5853 0.7959
vn -0.1362 0.5677 0.8119
vn 0.2472 0.8329 0.4951
vn 0.1896 0.8712 0.4529
vn -0.1740 0.6389 0.7494
vn 0.1516 -0.2316 0.9609
vn 0.1523 -0.2355 0.9599
vn 0.7414 -0.1209 0.6601
vn 0.7411 -0.1165 0.6612
vn 0.9969 0.0471 0.0629
vn 0.9967 0.0511 0.0634
vn 0.5012 0.8647 0.0324
vn 0.5857 0.8093 0.0452
vn 0.7420 -0.1299 0.6577
vn 0.9973 0.0406 0.0615
vn 0.7420 -0.1290 0.6579
vn 0.9973 0.0401 0.0617
vn 0.7410 -0.1145 0.6617
vn 0.9966 0.0493 0.0664
vn 0.9965 0.0501 0.0664
vn 0.7419 -0.1282 0.6582
vn 0.7440 -0.1996 0.6377
vn 0.9995 -0.0084 0.0297
vn -0.1464 -0.8956 -0.4200
vn -0.1064 -0.9153 -0.3885
vn 0.2049 -0.7317 -0.6501
vn 0.0831 -0.7711 -0.6313
vn -0.3760 -0.9260 -0.0332
vn -0.3594 -0.9191 -0.1613
vn 0.1546 -0.2315 0.9605
vn 0.1377 -0.2967 0.9450
vn -0.4781 -0.8752 -0.0733
vn -0.1672 -0.8843 -0.4360
vn 0.1408 -0.6682 -0.7305
vn -0.2817 -0.8068 -0.5194
vn -0.5624 -0.8073 -0.1788
vn 0.0114 -0.6154 -0.7881
vn -0.6923 -0.6088 -0.3874
vn -0.4288 -0.6637 -0.6129
vn -0.5577 -0.4809 -0.6765
vn -0.6914 -0.6110 -0.3856
vn -0.5112 -0.8522 -0.1110
vn -0.2871 -0.8025 -0.5231
vn -0.3590 -0.9310 0.0664
vn -0.0475 -0.9390 -0.3406
vn 0.3027 -0.7096 -0.6362
vn 0.0945 -0.6496 -0.7544
vn -0.2571 -0.4657 -0.8468
vn 0.4448 -0.7263 -0.5241
vn 0.1197 -0.9737 -0.1941
vn 0.3766 -0.9242 0.0635
vn 0.6498 -0.6778 -0.3441
vn 0.7539 -0.6126 -0.2372
vn 0.4692 -0.8668 0.1688
vn -0.0542 -0.9133 0.4037
vn 0.0388 -0.8519 0.5223
vn -0.2324 -0.9528 0.1952
vn 0.6987 -0.5162 0.4953
vn 0.2697 -0.5587 0.7843
vn 0.2938 -0.5767 0.7623
vn 0.6917 -0.5380 0.4818
vn 0.9395 -0.3347 0.0729
vn 0.9266 -0.3650 0.0902
vn 0.8921 -0.4500 0.0404
vn 0.6459 -0.6477 0.4041
vn 0.2683 -0.6587 0.7029
vn 0.2140 -0.7368 0.6414
vn 0.6039 -0.7201 0.3418
vn 0.8512 -0.5237 -0.0354
vn 0.8048 -0.5825 -0.1143
vn 0.5372 -0.8048 0.2523
vn 0.3755 -0.9247 0.0623
vn 0.6699 -0.6826 -0.2921
vn 0.1518 -0.8009 0.5792
vn -0.0013 -0.9071 0.4208
vn 0.2518 -0.9654 -0.0670
vn -0.1152 -0.9478 0.2972
vn 0.5527 -0.7243 -0.4122
vn -0.1621 -0.9553 0.2472
vn 0.1963 -0.9730 -0.1216
vn 0.5025 -0.7330 -0.4585
vn 0.1532 -0.9747 -0.1627
vn 0.4657 -0.7338 -0.4945
vn 0.1111 -0.9731 -0.2019
vn 0.4286 -0.7331 -0.5281
vn 0.3781 -0.7244 -0.5764
vn 0.0517 -0.9655 -0.2554
vn -0.1999 -0.9565 0.2124
vn -0.2359 -0.9554 0.1777
vn -0.2897 -0.9478 0.1329
vn -0.4199 -0.9072 0.0266
vn -0.0848 -0.9247 -0.3711
vn 0.2513 -0.6826 -0.6862
vn -0.2842 -0.8048 -0.5211
vn -0.5873 -0.8009 -0.1167
vn -0.6531 -0.7367 -0.1751
vn -0.3775 -0.7201 -0.5822
vn -0.4423 -0.6476 -0.6204
vn -0.7178 -0.6587 -0.2255
vn 0.0657 -0.5825 -0.8102
vn -0.0159 -0.5236 -0.8518
vn -0.0939 -0.4501 -0.8880
vn -0.5262 -0.5323 -0.6632
vn -0.1578 -0.3619 -0.9188
vn -0.1592 -0.3276 -0.9313
vn -0.5484 -0.4965 -0.6728
vn -0.7801 -0.5701 -0.2579
vn -0.8023 -0.5428 -0.2482
vn -0.1810 -0.8763 -0.4465
vn -0.4967 -0.8676 -0.0217
vn -0.3840 -0.9205 0.0724
vn -0.0750 -0.9287 -0.3632
vn 0.1854 -0.6394 -0.7462
vn 0.3025 -0.6908 -0.6567
vn 0.4964 -0.7263 -0.4755
vn 0.1865 -0.9737 -0.1311
vn -0.1809 -0.9528 0.2437
vn -0.0448 -0.9310 0.3623
vn 0.3428 -0.9390 0.0270
vn 0.6169 -0.7096 -0.3404
vn 0.5394 -0.8025 0.2551
vn 0.7473 -0.6496 -0.1397
vn 0.8607 -0.4657 0.2058
vn 0.7089 -0.4809 0.5160
vn 0.1416 -0.8522 0.5036
vn 0.4264 -0.6110 0.6670
vn 0.4283 -0.6088 0.6678
vn 0.6375 -0.6637 0.3913
vn 0.5353 -0.8068 0.2499
vn 0.2123 -0.8073 0.5506
vn 0.7861 -0.6153 -0.0587
vn 0.8610 -0.4640 0.2083
vn 0.4963 -0.8541 0.1556
vn 0.7397 -0.6467 -0.1862
vn 0.7216 -0.6388 -0.2669
vn 0.4820 -0.8687 0.1141
vn 0.3002 -0.9539 -0.0002
vn 0.7255 -0.6566 -0.2061
vn -0.0378 -0.9770 -0.2100
vn 0.5308 -0.6584 -0.5336
vn 0.1256 -0.8789 0.4601
vn -0.0969 -0.9344 0.3427
vn -0.5204 -0.8381 0.1637
vn -0.0912 -0.0023 -0.9958
vn -0.0222 -0.0994 -0.9948
vn -0.6311 -0.3348 -0.6997
vn -0.6748 -0.2197 -0.7046
vn -0.9161 -0.3984 -0.0455
vn -0.9534 -0.2908 -0.0801
vn -0.7048 -0.1153 -0.7000
vn -0.9691 -0.2264 -0.0980
vn -0.1289 0.0546 -0.9901
vn -0.7050 -0.1145 -0.6999
vn -0.1263 0.0495 -0.9908
vn -0.1215 0.0399 -0.9918
vn -0.7014 -0.1291 -0.7010
vn -0.9678 -0.2322 -0.0970
vn -0.9654 -0.2425 -0.0956
vn -0.7011 -0.1299 -0.7011
vn -0.1213 0.0406 -0.9918
vn -0.9657 -0.2418 -0.0951
vn -0.9673 -0.2355 -0.0943
vn -0.7034 -0.1209 -0.7004
vn -0.9683 -0.2316 -0.0935
vn -0.7045 -0.1165 -0.7001
vn -0.4635 0.8711 -0.1620
vn -0.7376 0.6389 0.2187
vn -0.8023 0.5676 0.1847
vn -0.5091 0.8329 -0.2169
vn -0.5127 0.8295 -0.2215
vn -0.7851 0.5853 0.2025
vn -0.0669 0.8256 -0.5603
vn -0.0803 0.8092 -0.5820
vn -0.0624 0.8647 -0.4983
vn -0.1232 0.0511 -0.9911
vn -0.1227 0.0471 -0.9913
vn -0.3748 0.9251 -0.0615
vn 0.0202 0.9193 -0.3931
vn -0.2682 0.9620 0.0506
vn 0.0832 0.9527 -0.2923
vn -0.6452 0.6967 0.3135
vn -0.5526 0.7403 0.3828
vn -0.4205 0.7568 0.5004
vn -0.1227 0.9738 0.1912
vn 0.2035 0.9656 -0.1622
vn -0.3765 0.6742 -0.6354
vn 0.1393 -0.8586 0.4933
vn -0.2596 -0.4640 -0.8469
vn 0.1549 -0.2321 0.9603
vn 0.1534 -0.2424 0.9580
vn 0.1530 -0.2418 0.9582
vn -0.9987 -0.0506 -0.0112
vn -0.0112 -0.0000 0.9999
vn 0.0506 -0.9987 0.0006
vn 0.9987 0.0506 0.0112
vn 0.0112 -0.0000 -0.9999
vn -0.0506 0.9987 -0.0006
vn 0.1908 -0.9509 -0.2435
vn 0.1908 -0.9509 -0.2436
vn 0.7645 -0.2923 -0.5745
vn 0.3749 -0.2923 -0.8798
vn 0.5356 0.7424 -0.4024
vn 0.2626 0.7424 -0.6163
vn 0.2635 0.7403 -0.6185
vn 0.5375 0.7403 -0.4038
vn 0.2870 -0.9510 -0.1155
vn 0.2870 -0.9509 -0.1155
vn 0.9494 -0.2923 -0.1152
vn 0.6651 0.7424 -0.0807
vn 0.6674 0.7403 -0.0810
vn 0.7827 -0.2039 -0.5881
vn 0.9719 -0.2039 -0.1180
vn 0.3838 -0.2039 -0.9006
vn 0.0435 -0.9509 -0.3063
vn -0.1152 -0.2923 -0.9494
vn -0.1180 -0.2039 -0.9719
vn -0.1050 0.9854 0.1340
vn -0.0239 0.9854 0.1686
vn -0.0791 -0.7545 -0.6515
vn 0.2573 -0.7545 -0.6038
vn 0.5247 -0.7545 -0.3942
vn -0.3942 -0.7545 -0.5247
vn 0.0636 0.9854 0.1580
vn -0.6038 -0.7545 -0.2573
vn 0.1340 0.9854 0.1050
vn -0.9006 -0.2039 -0.3838
vn -0.5881 -0.2039 -0.7827
vn -0.9719 -0.2039 0.1180
vn 0.1686 0.9854 0.0239
vn 0.1580 0.9854 -0.0636
vn -0.7827 -0.2039 0.5881
vn -0.3063 -0.9509 -0.0435
vn -0.3063 -0.9509 -0.0436
vn -0.8798 -0.2923 -0.3749
vn -0.9494 -0.2923 0.1152
vn -0.2870 -0.9509 0.1155
vn -0.7645 -0.2923 0.5745
vn -0.6650 0.7424 0.0807
vn -0.5356 0.7424 0.4025
vn -0.5375 0.7403 0.4038
vn -0.6674 0.7403 0.0810
vn -0.6163 0.7424 -0.2626
vn -0.6185 0.7402 -0.2635
vn -0.2435 -0.9509 -0.1908
vn -0.5745 -0.2923 -0.7645
vn -0.4024 0.7424 -0.5356
vn -0.4038 0.7403 -0.5375
vn -0.0807 0.7424 -0.6651
vn -0.0810 0.7403 -0.6674
vn -0.1156 -0.9509 -0.2870
vn -0.1155 -0.9509 -0.2870
vn -0.6416 0.7167 -0.2734
vn -0.4189 0.7167 -0.5576
vn -0.0840 0.7167 -0.6923
vn -0.7032 0.6447 -0.2996
vn -0.4592 0.6447 -0.6111
vn -0.0921 0.6447 -0.7589
vn -0.2997 0.6447 0.7032
vn 0.0921 0.6447 0.7589
vn 0.4592 0.6447 0.6111
vn -0.6111 0.6447 0.4592
vn -0.7589 0.6447 0.0921
vn 0.2997 0.6447 -0.7033
vn 0.6111 0.6447 -0.4592
vn 0.7589 0.6447 -0.0921
vn 0.7032 0.6447 0.2997
vn 0.2734 0.7167 -0.6416
vn 0.5576 0.7167 -0.4189
vn 0.6923 0.7167 -0.0840
vn 0.6416 0.7167 0.2734
vn 0.6185 0.7403 0.2635
vn 0.4038 0.7403 0.5375
vn 0.4189 0.7167 0.5576
vn 0.0810 0.7403 0.6674
vn 0.0840 0.7167 0.6923
vn -0.2635 0.7403 0.6185
vn -0.2734 0.7167 0.6416
vn 0.0807 0.7424 0.6651
vn 0.4025 0.7424 0.5356
vn -0.2626 0.7424 0.6163
vn -0.0435 -0.9509 0.3064
vn -0.3749 -0.2923 0.8798
vn 0.1152 -0.2923 0.9494
vn 0.1155 -0.9509 0.2871
vn 0.5745 -0.2923 0.7646
vn 0.2436 -0.9509 0.1909
vn 0.5744 -0.2923 0.7646
vn 0.8798 -0.2923 0.3749
vn 0.6163 0.7424 0.2627
vn 0.3063 -0.9509 0.0435
vn 0.3063 -0.9509 0.0436
vn 0.8798 -0.2923 0.3750
vn 0.9006 -0.2039 0.3838
vn 0.5881 -0.2039 0.7827
vn -0.1340 0.9854 -0.1050
vn -0.1686 0.9854 -0.0239
vn -0.1580 0.9854 0.0636
vn 0.6515 -0.7545 -0.0791
vn 0.6038 -0.7545 0.2573
vn 0.1448 -0.9892 0.0206
vn 0.1357 -0.9892 -0.0546
vn 0.7346 -0.6727 -0.0892
vn 0.6807 -0.6727 0.2901
vn 0.5916 -0.6727 -0.4445
vn 0.7876 0.6088 -0.0956
vn 0.7299 0.6088 0.3110
vn 0.6343 0.6088 -0.4766
vn 0.4445 -0.6727 0.5916
vn 0.4766 0.6088 0.6343
vn 0.7824 -0.5260 0.3334
vn 0.5109 -0.5260 0.6799
vn 0.5803 -0.2585 0.7723
vn 0.8887 -0.2585 0.3787
vn 0.8443 -0.5260 -0.1025
vn 0.9590 -0.2585 -0.1164
vn 0.9149 -0.1045 0.3899
vn 0.9873 -0.1045 -0.1198
vn 0.5974 -0.1045 0.7951
vn 0.1025 -0.5260 0.8443
vn 0.1164 -0.2585 0.9590
vn 0.1198 -0.1045 0.9873
vn -0.3787 -0.2585 0.8887
vn -0.3899 -0.1045 0.9149
vn -0.3334 -0.5260 0.7824
vn -0.7723 -0.2585 0.5803
vn -0.7951 -0.1045 0.5974
vn -0.6799 -0.5260 0.5109
vn -0.9590 -0.2585 0.1164
vn -0.9873 -0.1045 0.1198
vn -0.8887 -0.2585 -0.3786
vn -0.9149 -0.1045 -0.3899
vn -0.5803 -0.2585 -0.7723
vn -0.5974 -0.1045 -0.7951
vn -0.8443 -0.5260 0.1025
vn -0.7824 -0.5260 -0.3334
vn -0.5109 -0.5260 -0.6799
vn -0.1025 -0.5260 -0.8443
vn -0.1164 -0.2585 -0.9590
vn -0.1198 -0.1045 -0.9873
vn 0.3334 -0.5260 -0.7824
vn 0.3787 -0.2585 -0.8887
vn 0.3899 -0.1045 -0.9149
vn 0.7723 -0.2585 -0.5803
vn 0.7951 -0.1045 -0.5974
vn 0.6799 -0.5260 -0.5109
vn 0.3110 0.6088 -0.7299
vn -0.0956 0.6088 -0.7876
vn 0.2901 -0.6727 -0.6807
vn -0.0892 -0.6727 -0.7346
vn 0.0206 -0.9892 -0.1448
vn 0.0902 -0.9892 -0.1151
vn -0.4445 -0.6727 -0.5916
vn -0.0546 -0.9892 -0.1357
vn -0.1151 -0.9892 -0.0902
vn -0.6807 -0.6727 -0.2901
vn -0.4766 0.6088 -0.6343
vn -0.7299 0.6088 -0.3110
vn -0.7876 0.6088 0.0956
vn -0.7346 -0.6727 0.0892
vn -0.6343 0.6088 0.4766
vn -0.5916 -0.6727 0.4445
vn -0.1448 -0.9892 -0.0206
vn -0.1357 -0.9892 0.0546
vn -0.6515 -0.7545 0.0791
vn -0.5247 -0.7545 0.3942
vn -0.0902 -0.9892 0.1151
vn -0.2573 -0.7545 0.6038
vn 0.1050 0.9854 -0.1340
vn 0.0239 0.9854 -0.1686
vn 0.0791 -0.7545 0.6515
vn -0.3838 -0.2039 0.9006
vn 0.1180 -0.2039 0.9719
vn -0.0636 0.9854 -0.1580
vn -0.1908 -0.9509 0.2436
vn -0.7646 -0.2923 0.5744
vn 0.3942 -0.7545 0.5247
vn -0.0206 -0.9892 0.1448
vn 0.0546 -0.9892 0.1357
vn 0.0892 -0.6727 0.7346
vn -0.2901 -0.6727 0.6807
vn 0.1151 -0.9892 0.0902
vn 0.0956 0.6088 0.7876
vn -0.3110 0.6088 0.7299
vn -0.5576 0.7167 0.4189
vn -0.6923 0.7167 0.0840
vt 1.405377 0.162267
vt 1.438032 0.138157
vt 1.426740 0.121982
vt 1.423078 0.183935
vt 1.455428 0.153417
vt 1.441389 0.133885
vt 1.458174 0.147923
vt 1.434675 0.122288
vt 1.446882 0.120762
vt 1.464278 0.135105
vt 1.485336 0.152501
vt 1.500900 0.126865
vt 1.475265 0.105502
vt 1.477706 0.162572
vt 1.503342 0.168981
vt 1.494491 0.175390
vt 1.519517 0.189123
vt 1.487777 0.179662
vt 1.509445 0.194311
vt 1.528062 0.212928
vt 1.544847 0.207739
vt 1.537217 0.178442
vt 1.546068 0.231544
vt 1.572619 0.168981
vt 1.570177 0.229408
vt 1.574755 0.198584
vt 1.543321 0.252297
vt 1.560717 0.255043
vt 1.531114 0.232459
vt 1.551561 0.272744
vt 1.560106 0.277017
vt 1.572619 0.259926
vt 1.542100 0.298990
vt 1.585437 0.266335
vt 1.567736 0.282510
vt 1.528977 0.301736
vt 1.535081 0.292581
vt 1.540269 0.269387
vt 1.532029 0.251686
vt 1.518906 0.217505
vt 1.502121 0.198279
vt 1.512802 0.221168
vt 1.523789 0.235206
vt 1.525926 0.252602
vt 1.517380 0.237648
vt 1.520432 0.255348
vt 1.526231 0.268166
vt 1.531419 0.268166
vt 1.522263 0.269692
vt 1.525620 0.284036
vt 1.529588 0.287698
vt 1.525620 0.291665
vt 1.508835 0.278542
vt 1.500595 0.266030
vt 1.493576 0.253517
vt 1.485031 0.240699
vt 1.470992 0.224220
vt 1.455428 0.211707
vt 1.473128 0.166539
vt 1.522263 0.150670
vt 1.550340 0.122288
vt 1.564074 0.147923
vt 1.595202 0.160436
vt 1.594897 0.191870
vt 1.586962 0.228492
vt 1.606189 0.230628
vt 1.617786 0.186682
vt 1.617786 0.150975
vt 1.585437 0.129612
vt 1.606494 0.114658
vt 1.586047 0.081393
vt 1.569262 0.101840
vt 1.547288 0.076815
vt 1.558275 0.054537
vt 1.530198 0.101535
vt 1.527146 0.036531
vt 1.509140 0.085055
vt 1.518906 0.059114
vt 1.491745 0.027070
vt 1.490219 0.049043
vt 1.485946 0.072848
vt 1.462447 0.065828
vt 1.454817 0.094211
vt 1.462752 0.050569
vt 1.445357 0.066439
vt 1.440168 0.063082
vt 1.420026 0.050874
vt 1.456954 0.031343
vt 1.389203 0.126255
vt 1.430708 0.104892
vt 1.421247 0.101840
vt 1.436811 0.085055
vt 1.427045 0.081393
vt 1.389203 0.102756
vt 1.400189 0.070406
vt 0.047914 0.305399
vt 0.070193 0.293802
vt 0.066225 0.290139
vt 0.048219 0.307535
vt 0.072024 0.295328
vt 0.079958 0.270608
vt 0.074465 0.270302
vt 0.067446 0.269997
vt 0.068056 0.250160
vt 0.062563 0.254433
vt 0.057985 0.257790
vt 0.061037 0.285257
vt 0.061953 0.269997
vt 0.057070 0.281594
vt 0.056154 0.259011
vt 0.059816 0.269692
vt 0.034181 0.148534
vt 0.043336 0.142735
vt 0.042726 0.140904
vt 0.046693 0.252907
vt 0.032655 0.147313
vt 0.031129 0.158605
vt 0.041810 0.135716
vt 0.028382 0.144261
vt 0.028993 0.158910
vt 0.023804 0.158910
vt 0.035096 0.168676
vt 0.033570 0.169897
vt 0.023194 0.140294
vt 0.017090 0.159215
vt 0.029603 0.173559
vt 0.025025 0.177831
vt 0.044252 0.175390
vt 0.043641 0.180578
vt 0.011902 0.159520
vt 0.042726 0.187292
vt 0.021058 0.181494
vt 0.009766 0.159520
vt 0.018921 0.136937
vt 0.017396 0.135716
vt 0.039064 0.124119
vt 0.038759 0.122288
vt 0.074160 0.245582
vt 0.051576 0.231239
vt 0.050966 0.233375
vt 0.063784 0.125645
vt 0.025941 0.236732
vt 0.025025 0.234596
vt 0.009156 0.255043
vt 0.080874 0.143956
vt 0.062868 0.127171
vt 0.007019 0.254128
vt 0.079043 0.144871
vt 0.007935 0.280068
vt 0.082095 0.168981
vt 0.005799 0.280679
vt 0.079958 0.168371
vt 0.066530 0.188818
vt 0.023194 0.299905
vt 0.022279 0.301736
vt 0.065615 0.187292
vt 0.041810 0.194311
vt 0.075076 0.166845
vt 0.042116 0.192480
vt 0.062563 0.182714
vt 0.059206 0.177221
vt 0.068667 0.165014
vt 0.063478 0.163182
vt 0.056154 0.172948
vt 0.061647 0.162572
vt 0.055239 0.171117
vt 0.034181 0.282815
vt 0.027161 0.273965
vt 0.025330 0.274575
vt 0.044557 0.173559
vt 0.045167 0.285257
vt 0.032960 0.284646
vt 0.020753 0.259926
vt 0.019837 0.276406
vt 0.025941 0.262062
vt 0.014344 0.257179
vt 0.013428 0.278542
vt 0.029908 0.289529
vt 0.026246 0.295328
vt 0.046388 0.292886
vt 0.045473 0.287393
vt 0.047304 0.299905
vt 0.055239 0.280068
vt 0.028687 0.241615
vt 0.049745 0.238868
vt 0.031739 0.247719
vt 0.072329 0.246803
vt 0.048524 0.245582
vt 0.047304 0.251076
vt 0.034486 0.252602
vt 0.035401 0.254433
vt 0.027772 0.262673
vt 0.063173 0.151280
vt 0.061342 0.152196
vt 0.054018 0.144261
vt 0.068056 0.149144
vt 0.054933 0.142430
vt 0.057375 0.137852
vt 0.074160 0.146702
vt 0.060427 0.132054
vt 0.040284 0.129307
vt 0.082095 0.270913
vt 0.019532 0.182714
vt 0.292367 0.067965
vt 0.292367 0.059420
vt 0.247810 0.059420
vt 0.247810 0.067965
vt 0.292367 0.076815
vt 0.336619 0.076815
vt 0.336619 0.067965
vt 0.336619 0.059420
vt 0.292367 0.050569
vt 0.247810 0.050569
vt 0.336619 0.050569
vt 0.292367 0.042024
vt 0.336619 0.042024
vt 0.292367 0.033174
vt 0.336619 0.033174
vt 0.292367 0.024323
vt 0.336619 0.024323
vt 0.292367 0.015778
vt 0.336619 0.015778
vt 0.292367 0.085360
vt 0.292367 0.094211
vt 0.336619 0.094211
vt 0.336619 0.085360
vt 0.247810 0.085360
vt 0.247810 0.076815
vt 0.203558 0.076815
vt 0.247810 0.094211
vt 0.203558 0.085360
vt 0.203558 0.067965
vt 0.159307 0.076815
vt 0.159307 0.067965
vt 0.203558 0.059420
vt 0.159307 0.059420
vt 0.159307 0.050569
vt 0.203558 0.050569
vt 0.159307 0.042024
vt 0.203558 0.042024
vt 0.140996 0.050569
vt 0.159307 0.033174
vt 0.140996 0.042024
vt 0.159307 0.024323
vt 0.203558 0.033174
vt 0.140996 0.033174
vt 0.140996 0.024323
vt 0.121769 0.033174
vt 0.121769 0.042024
vt 0.159307 0.015778
vt 0.121769 0.024323
vt 0.140996 0.015778
vt 0.140996 0.094211
vt 0.159307 0.094211
vt 0.159307 0.085360
vt 0.203558 0.024323
vt 0.203558 0.094211
vt 0.203558 0.015778
vt 0.247810 0.033174
vt 0.247810 0.024323
vt 0.247810 0.042024
vt 0.247810 0.015778
vt 0.140996 0.085360
vt 0.121769 0.094211
vt 0.121769 0.076815
vt 0.121769 0.085360
vt 0.121769 0.015778
vt 0.098270 0.094211
vt 0.098270 0.015778
vt 0.098270 0.024323
vt 0.075076 0.015778
vt 0.075076 0.024323
vt 0.098270 0.033174
vt 0.051576 0.015778
vt 0.051576 0.024323
vt 0.075076 0.033174
vt 0.051576 0.033174
vt 0.098270 0.042024
vt 0.075076 0.042024
vt 0.098270 0.050569
vt 0.051576 0.042024
vt 0.075076 0.050569
vt 0.028077 0.033174
vt 0.028077 0.042024
vt 0.051576 0.050569
vt 0.028077 0.050569
vt 0.051576 0.059420
vt 0.075076 0.059420
vt 0.075076 0.067965
vt 0.098270 0.059420
vt 0.098270 0.067965
vt 0.098270 0.076815
vt 0.075076 0.076815
vt 0.051576 0.067965
vt 0.098270 0.085360
vt 0.051576 0.076815
vt 0.075076 0.085360
vt 0.075076 0.094211
vt 0.051576 0.085360
vt 0.051576 0.094211
vt 0.028077 0.085360
vt 0.028077 0.076815
vt 0.028077 0.094211
vt 0.014649 0.085360
vt 0.014649 0.094211
vt 0.028077 0.015778
vt 0.028077 0.024323
vt 0.014649 0.015778
vt 0.014649 0.024323
vt 0.014649 0.033174
vt 0.014649 0.042024
vt 0.014649 0.050569
vt 0.014649 0.059420
vt 0.028077 0.059420
vt 0.014649 0.067965
vt 0.028077 0.067965
vt 0.014649 0.076815
vt 0.121769 0.067965
vt 0.121769 0.059420
vt 0.121769 0.050569
vt 1.755425 0.144566
vt 1.782281 0.113437
vt 1.800897 0.125034
vt 1.805475 0.097873
vt 1.832331 0.139378
vt 1.785028 0.159520
vt 1.818293 0.171422
vt 1.870785 0.124119
vt 1.867733 0.159825
vt 1.843013 0.106418
vt 1.766106 0.210486
vt 1.860103 0.192480
vt 1.803644 0.220252
vt 1.890927 0.168981
vt 1.884823 0.201941
vt 1.849116 0.231239
vt 1.873531 0.237037
vt 1.863460 0.270302
vt 1.840876 0.270608
vt 1.843013 0.305399
vt 1.806696 0.311502
vt 1.802118 0.268166
vt 1.857051 0.341411
vt 1.828974 0.349956
vt 1.864681 0.302347
vt 1.853999 0.378948
vt 1.772210 0.320963
vt 1.799982 0.361858
vt 1.833857 0.391156
vt 1.815851 0.407025
vt 1.857356 0.427168
vt 1.864376 0.415571
vt 1.891842 0.441511
vt 1.878719 0.403974
vt 1.886349 0.454634
vt 1.903439 0.422590
vt 1.933042 0.461348
vt 1.935789 0.446394
vt 1.883908 0.465621
vt 1.846675 0.463790
vt 1.851253 0.445479
vt 1.797235 0.426252
vt 1.783196 0.451582
vt 1.744743 0.395734
vt 1.719718 0.424726
vt 1.707205 0.360027
vt 1.740165 0.344157
vt 1.770989 0.378033
vt 1.894284 0.393597
vt 1.874142 0.368267
vt 1.885739 0.366131
vt 1.875057 0.339579
vt 1.889706 0.338359
vt 1.882992 0.300516
vt 1.882382 0.269997
vt 1.760918 0.266945
vt 1.725517 0.311808
vt 1.716361 0.224525
vt 1.713004 0.268471
vt 1.684622 0.316996
vt 1.673330 0.268166
vt 1.624195 0.273049
vt 1.673025 0.215674
vt 1.627857 0.207129
vt 1.649831 0.148839
vt 1.732536 0.182714
vt 1.691336 0.163182
vt 1.687674 0.100009
vt 1.721854 0.121982
vt 1.761223 0.093600
vt 1.737419 0.065523
vt 1.806391 0.082308
vt 1.804559 0.039888
vt 1.845149 0.089938
vt 1.877804 0.108860
vt 1.906491 0.057894
vt 1.853084 0.038972
vt 1.640675 0.335002
vt 1.672719 0.386273
vt 1.937010 0.085055
vt 1.896115 0.139683
vt 1.886349 0.149754
vt 1.900998 0.170507
vt 1.973327 0.142735
vt 1.981262 0.195227
vt 1.896725 0.206519
vt 1.973937 0.280374
vt 1.889401 0.237953
vt 1.962645 0.314249
vt 1.898251 0.363994
vt 1.951659 0.348735
vt 1.947691 0.369793
vt 1.902524 0.390851
vt 1.911374 0.390545
vt 1.919614 0.410993
vt 1.913816 0.414350
vt 1.937925 0.436628
vt 1.940367 0.429609
vt 1.959288 0.445479
vt 1.926023 0.410993
vt 1.953490 0.457991
vt 1.951964 0.406110
vt 1.948607 0.387493
vt 0.686105 0.359687
vt 0.686105 0.455493
vt 0.668408 0.449867
vt 0.668571 0.365753
vt 0.629491 0.532789
vt 0.618613 0.517739
vt 0.091951 0.760457
vt 0.091833 0.842365
vt 0.081319 0.845758
vt 0.081451 0.757022
vt 0.140189 0.694259
vt 0.133713 0.685309
vt 0.139880 0.908699
vt 0.133368 0.917624
vt 0.630239 0.283030
vt 0.619361 0.298089
vt 0.538352 0.543312
vt 0.458396 0.516775
vt 0.409326 0.448302
vt 0.409887 0.364095
vt 0.459836 0.296406
vt 0.540062 0.271237
vt 0.540282 0.252657
vt 0.448912 0.281392
vt 0.392184 0.358516
vt 0.391721 0.454178
vt 0.447522 0.531816
vt 0.344036 0.760822
vt 0.295989 0.694485
vt 0.302502 0.685561
vt 0.354550 0.757431
vt 0.343916 0.842731
vt 0.354416 0.846167
vt 0.315422 0.667315
vt 0.375726 0.750262
vt 0.375762 0.852813
vt 0.389846 0.745736
vt 0.389846 0.857450
vt 0.324185 0.655354
vt 0.315515 0.935801
vt 0.324184 0.947830
vt 0.217995 0.967527
vt 0.217939 0.982354
vt 0.120452 0.935872
vt 0.111691 0.947835
vt 0.217719 0.945171
vt 0.302151 0.917877
vt 0.217742 0.934123
vt 0.295676 0.908926
vt 0.060143 0.852930
vt 0.046024 0.857459
vt 0.060103 0.750379
vt 0.046018 0.745745
vt 0.120347 0.667387
vt 0.111675 0.655360
vt 0.218149 0.658009
vt 0.217873 0.635653
vt 0.217930 0.620826
vt 0.218126 0.669058
vt 0.538301 0.561876
vt 0.778079 0.350228
vt 0.784139 0.348184
vt 0.785947 0.353343
vt 0.778337 0.354062
vt 0.770776 0.354158
vt 0.771910 0.348883
vt 0.594978 0.159511
vt 0.591404 0.166085
vt 0.586622 0.160054
vt 0.580193 0.160810
vt 0.539369 0.153690
vt 0.515408 0.139866
vt 0.502527 0.129450
vt 0.491081 0.123296
vt 0.491893 0.097566
vt 0.492995 0.069618
vt 0.494270 0.041868
vt 0.494809 0.027160
vt 0.495026 0.017778
vt 0.495119 0.016166
vt 0.495209 0.015980
vt 0.495318 0.015606
vt 0.496472 0.016333
vt 0.500065 0.018513
vt 0.506494 0.022573
vt 0.513231 0.028619
vt 0.516134 0.035362
vt 0.518984 0.038320
vt 0.522603 0.039839
vt 0.528527 0.040821
vt 0.534324 0.039715
vt 0.540897 0.035456
vt 0.542492 0.030972
vt 0.546024 0.023336
vt 0.551567 0.015897
vt 0.554815 0.011885
vt 0.559848 0.007689
vt 0.569243 0.004580
vt 0.577047 0.003543
vt 0.580801 0.002994
vt 0.584208 0.003078
vt 0.592080 0.003095
vt 0.601799 0.004961
vt 0.607333 0.008470
vt 0.611073 0.012028
vt 0.617532 0.018687
vt 0.622024 0.025801
vt 0.624186 0.030041
vt 0.631254 0.033413
vt 0.637146 0.033759
vt 0.642893 0.032019
vt 0.646284 0.030043
vt 0.648727 0.026742
vt 0.650733 0.019680
vt 0.656631 0.012812
vt 0.662480 0.007954
vt 0.665828 0.006361
vt 0.666967 0.004813
vt 0.667382 0.006572
vt 0.668811 0.015848
vt 0.671250 0.030362
vt 0.676108 0.057714
vt 0.680819 0.085283
vt 0.684955 0.110691
vt 0.674403 0.118276
vt 0.662978 0.130272
vt 0.641009 0.147082
vt 0.601451 0.159427
vt 0.790587 0.347026
vt 0.792137 0.351868
vt 0.782208 0.342120
vt 0.789103 0.342128
vt 0.777786 0.346529
vt 0.797138 0.010180
vt 0.800500 0.009622
vt 0.804294 0.009643
vt 0.812166 0.009582
vt 0.821903 0.011350
vt 0.827472 0.014804
vt 0.831247 0.018324
vt 0.837773 0.024918
vt 0.842336 0.031987
vt 0.844540 0.036204
vt 0.851642 0.039506
vt 0.857537 0.039793
vt 0.863266 0.037995
vt 0.866638 0.035985
vt 0.869048 0.032660
vt 0.870982 0.025577
vt 0.876811 0.018651
vt 0.882611 0.013735
vt 0.885943 0.012108
vt 0.886942 0.010664
vt 0.887066 0.010549
vt 0.887182 0.010721
vt 0.887499 0.012304
vt 0.889021 0.021565
vt 0.891605 0.036054
vt 0.896737 0.063356
vt 0.901724 0.090877
vt 0.906114 0.116242
vt 0.895639 0.123931
vt 0.884335 0.136042
vt 0.862535 0.153071
vt 0.823103 0.165812
vt 0.816631 0.165961
vt 0.812736 0.172599
vt 0.808281 0.166588
vt 0.801859 0.167407
vt 0.760966 0.160697
vt 0.736868 0.147113
vt 0.723883 0.136827
vt 0.712377 0.130788
vt 0.712930 0.105051
vt 0.713752 0.077094
vt 0.714750 0.049332
vt 0.715141 0.034620
vt 0.715264 0.025236
vt 0.715429 0.023436
vt 0.716773 0.024810
vt 0.720310 0.025921
vt 0.726779 0.029915
vt 0.733577 0.035894
vt 0.736548 0.042608
vt 0.739427 0.045536
vt 0.743061 0.047020
vt 0.748994 0.047942
vt 0.754780 0.046778
vt 0.761309 0.042453
vt 0.762859 0.037954
vt 0.766315 0.030283
vt 0.771784 0.022788
vt 0.774991 0.018744
vt 0.779982 0.014498
vt 0.789346 0.011295
vt 0.772986 0.342674
vt 0.765273 0.348083
vt 0.766176 0.343019
vt 0.764301 0.353053
vt 0.723370 0.338336
vt 0.725808 0.333762
vt 0.722243 0.343346
vt 0.696577 0.327598
vt 0.698767 0.322639
vt 0.682230 0.316030
vt 0.684878 0.311144
vt 0.674857 0.303360
vt 0.670710 0.305523
vt 0.667010 0.279498
vt 0.672423 0.279384
vt 0.679323 0.301361
vt 0.689887 0.307437
vt 0.677960 0.278386
vt 0.672521 0.251742
vt 0.678002 0.251854
vt 0.672546 0.224297
vt 0.678151 0.225349
vt 0.672454 0.209714
vt 0.678206 0.211737
vt 0.678194 0.204285
vt 0.674329 0.201884
vt 0.675113 0.200895
vt 0.678167 0.203016
vt 0.677361 0.199424
vt 0.679516 0.203681
vt 0.670552 0.199358
vt 0.672756 0.197686
vt 0.674706 0.195686
vt 0.679665 0.194176
vt 0.680169 0.198773
vt 0.686878 0.199647
vt 0.688908 0.195324
vt 0.697898 0.200207
vt 0.694676 0.203270
vt 0.688008 0.205162
vt 0.682168 0.203572
vt 0.695183 0.208598
vt 0.700535 0.214271
vt 0.700641 0.207851
vt 0.704168 0.210163
vt 0.703989 0.216064
vt 0.708007 0.211583
vt 0.708145 0.217205
vt 0.703599 0.204384
vt 0.706433 0.205761
vt 0.709194 0.206717
vt 0.714865 0.217776
vt 0.714247 0.212288
vt 0.713498 0.206843
vt 0.720228 0.210832
vt 0.721329 0.216476
vt 0.717642 0.206272
vt 0.726081 0.206772
vt 0.722308 0.202968
vt 0.725002 0.200544
vt 0.728634 0.203601
vt 0.733865 0.195938
vt 0.729858 0.193350
vt 0.736433 0.200266
vt 0.731575 0.208058
vt 0.728950 0.212416
vt 0.740552 0.188350
vt 0.742888 0.193156
vt 0.746536 0.189443
vt 0.744736 0.184653
vt 0.736671 0.185180
vt 0.741413 0.181005
vt 0.750549 0.181096
vt 0.751784 0.185825
vt 0.748313 0.176681
vt 0.761010 0.183345
vt 0.760322 0.178306
vt 0.759331 0.173089
vt 0.768294 0.172277
vt 0.768589 0.177442
vt 0.768713 0.182796
vt 0.772162 0.177372
vt 0.772113 0.182484
vt 0.776143 0.177405
vt 0.775911 0.182771
vt 0.772173 0.172181
vt 0.776444 0.172209
vt 0.784368 0.177902
vt 0.785323 0.172676
vt 0.796377 0.175769
vt 0.794162 0.180189
vt 0.783702 0.182939
vt 0.792906 0.184886
vt 0.798102 0.188285
vt 0.799985 0.183564
vt 0.804162 0.187033
vt 0.801891 0.191816
vt 0.808469 0.198465
vt 0.810983 0.194168
vt 0.803274 0.179857
vt 0.808014 0.183770
vt 0.814968 0.191518
vt 0.819899 0.198546
vt 0.816309 0.201549
vt 0.813507 0.205896
vt 0.816232 0.210532
vt 0.819162 0.204980
vt 0.822487 0.200978
vt 0.824812 0.208534
vt 0.824239 0.214245
vt 0.830576 0.214722
vt 0.830448 0.209289
vt 0.836149 0.207507
vt 0.836811 0.213039
vt 0.839568 0.205333
vt 0.840404 0.211121
vt 0.843695 0.208572
vt 0.842677 0.202258
vt 0.836804 0.201453
vt 0.839224 0.199481
vt 0.834445 0.202933
vt 0.830706 0.203797
vt 0.827012 0.203814
vt 0.844138 0.194056
vt 0.847927 0.196381
vt 0.855241 0.191046
vt 0.852340 0.187246
vt 0.848312 0.201756
vt 0.855176 0.196723
vt 0.861305 0.184078
vt 0.861870 0.188648
vt 0.861002 0.193808
vt 0.863829 0.193305
vt 0.865734 0.188914
vt 0.867072 0.184919
vt 0.866579 0.189235
vt 0.865024 0.192439
vt 0.867052 0.189482
vt 0.865139 0.192357
vt 0.865206 0.192464
vt 0.867626 0.189878
vt 0.865222 0.193742
vt 0.868465 0.190605
vt 0.870792 0.198390
vt 0.865209 0.201444
vt 0.869322 0.186422
vt 0.871471 0.187434
vt 0.876056 0.198016
vt 0.865447 0.213585
vt 0.871146 0.212192
vt 0.876735 0.212831
vt 0.879716 0.241620
vt 0.874241 0.241641
vt 0.868777 0.242268
vt 0.877695 0.271850
vt 0.872071 0.271323
vt 0.878053 0.298368
vt 0.873425 0.296771
vt 0.868850 0.307809
vt 0.863740 0.304641
vt 0.882351 0.300152
vt 0.871672 0.312592
vt 0.883087 0.271390
vt 0.855269 0.319860
vt 0.857547 0.324756
vt 0.832708 0.340695
vt 0.831234 0.335814
vt 0.828519 0.331419
vt 0.851442 0.316077
vt 0.869042 0.186275
vt 0.868503 0.186086
vt 0.667009 0.210275
vt 0.667079 0.225530
vt 0.667085 0.252310
vt 0.702509 0.318752
vt 1.059603 0.135105
vt 1.109958 0.135105
vt 1.112400 0.242836
vt 1.061129 0.119846
vt 1.111789 0.120151
vt 1.170690 0.120151
vt 1.169164 0.135105
vt 1.177404 0.242836
vt 1.273232 0.135411
vt 1.282693 0.242836
vt 1.273537 0.120457
vt 1.060213 0.242531
vt 1.013214 0.135105
vt 1.012604 0.242531
vt 1.012909 0.119846
vt 0.744957 0.700308
vt 0.717185 0.700613
vt 0.725120 0.679250
vt 0.750755 0.684439
vt 0.770592 0.688406
vt 0.733360 0.655751
vt 0.759301 0.661245
vt 0.742210 0.628895
vt 0.713218 0.623096
vt 0.704978 0.650258
vt 0.697348 0.673452
vt 0.681173 0.645375
vt 0.689718 0.618519
vt 0.673544 0.668874
vt 0.692160 0.689322
vt 0.664388 0.642018
vt 0.666829 0.613941
vt 0.680563 0.589526
vt 0.697348 0.592883
vt 0.702841 0.572741
vt 0.720542 0.597461
vt 0.750145 0.603259
vt 0.730613 0.566332
vt 0.728172 0.566942
vt 0.758995 0.572131
vt 0.782495 0.588611
vt 0.776391 0.608448
vt 0.796533 0.612720
vt 0.768151 0.634388
vt 0.778832 0.665212
vt 0.787988 0.638356
vt 0.798669 0.640492
vt 0.789209 0.667348
vt 0.072329 0.823908
vt 0.107425 0.826044
vt 0.105594 0.856563
vt 0.132145 0.828181
vt 0.068361 0.866329
vt 0.110477 0.789422
vt 0.135502 0.791559
vt 0.112918 0.760430
vt 0.074770 0.787286
vt 0.075991 0.746696
vt 0.040895 0.756157
vt 0.038453 0.785150
vt 0.018311 0.784845
vt 0.036012 0.822077
vt 0.035707 0.853206
vt 0.015870 0.822077
vt 0.583209 0.300516
vt 0.574969 0.249245
vt 0.596637 0.267251
vt 0.569170 0.243141
vt 0.539567 0.296854
vt 0.600909 0.348430
vt 0.513016 0.338054
vt 0.653401 0.382916
vt 0.585345 0.388409
vt 0.500809 0.351787
vt 0.418714 0.253517
vt 0.407117 0.267861
vt 0.350352 0.202246
vt 0.339976 0.213233
vt 0.396435 0.283120
vt 0.306101 0.190649
vt 0.311594 0.236427
vt 0.284127 0.216895
vt 0.270699 0.229713
vt 0.379345 0.303568
vt 0.279855 0.252602
vt 0.285043 0.275491
vt 0.238655 0.261452
vt 0.222785 0.212928
vt 0.241096 0.274880
vt 0.241707 0.306619
vt 0.281381 0.309671
vt 0.240486 0.331034
vt 0.276803 0.331034
vt 0.238960 0.349345
vt 0.263375 0.348125
vt 0.265816 0.374371
vt 0.322886 0.405194
vt 0.340281 0.368572
vt 0.328074 0.382305
vt 0.386975 0.441816
vt 0.439772 0.503464
vt 0.318308 0.421064
vt 0.462661 0.524522
vt 0.446181 0.501633
vt 0.459609 0.530320
vt 0.428785 0.505905
vt 0.480667 0.553819
vt 0.473647 0.552904
vt 0.450453 0.537034
vt 0.483108 0.574877
vt 0.447401 0.547410
vt 0.414747 0.509262
vt 0.338145 0.479354
vt 0.359203 0.468062
vt 0.400708 0.514451
vt 0.446791 0.564806
vt 0.395215 0.527879
vt 0.400098 0.562975
vt 0.328990 0.513840
vt 0.332347 0.490341
vt 0.276803 0.458602
vt 0.280770 0.449446
vt 0.236213 0.423200
vt 0.274667 0.414350
vt 0.315867 0.439680
vt 0.215461 0.387188
vt 0.220344 0.433882
vt 0.193182 0.387188
vt 0.180670 0.401227
vt 0.180670 0.410382
vt 0.196539 0.449751
vt 0.172430 0.437544
vt 0.162664 0.396039
vt 0.265816 0.479354
vt 0.262764 0.533372
vt 0.198065 0.539476
vt 0.174566 0.460128
vt 0.192572 0.480880
vt 0.162053 0.487289
vt 0.137638 0.443342
vt 0.109867 0.486984
vt 0.083316 0.418928
vt 0.044557 0.402448
vt 0.042116 0.376202
vt 0.079653 0.392987
vt 0.124821 0.411603
vt 0.077212 0.364605
vt 0.123905 0.381085
vt 0.017396 0.359722
vt 0.028382 0.403974
vt 0.057375 0.491562
vt 0.075076 0.489425
vt 0.089114 0.578234
vt 0.107120 0.576708
vt 0.140385 0.660024
vt 0.136723 0.569384
vt 0.200812 0.551683
vt 0.169988 0.647206
vt 0.268258 0.579760
vt 0.351573 0.618824
vt 0.268868 0.587085
vt 0.337840 0.561449
vt 0.214545 0.566027
vt 0.207831 0.636219
vt 0.223090 0.612720
vt 0.229804 0.663686
vt 0.244148 0.660939
vt 0.266732 0.720145
vt 0.270089 0.702750
vt 0.261849 0.757073
vt 0.274972 0.698172
vt 0.209052 0.711905
vt 0.180670 0.742119
vt 0.119633 0.667043
vt 0.124516 0.696951
vt 0.173956 0.747917
vt 0.245979 0.799799
vt 0.247810 0.796442
vt 0.314646 0.835200
vt 0.385449 0.800104
vt 0.381481 0.846492
vt 0.313425 0.840083
vt 0.322886 0.790643
vt 0.238350 0.813837
vt 0.312815 0.857479
vt 0.383007 0.852901
vt 0.390027 0.879147
vt 0.460219 0.840388
vt 0.458388 0.837336
vt 0.469985 0.811701
vt 0.507218 0.830012
vt 0.536515 0.811090
vt 0.488296 0.776605
vt 0.562456 0.786676
vt 0.575274 0.787896
vt 0.546587 0.812311
vt 0.515763 0.831843
vt 0.538652 0.849239
vt 0.562456 0.880673
vt 0.583819 0.825434
vt 0.474868 0.891049
vt 0.621052 0.797662
vt 0.628376 0.867550
vt 0.669881 0.840999
vt 0.606403 0.756157
vt 0.652181 0.761650
vt 0.718406 0.788812
vt 0.705283 0.890133
vt 0.764183 0.840693
vt 0.744346 0.733879
vt 0.822474 0.772027
vt 0.805994 0.898373
vt 0.740989 0.943846
vt 0.877712 0.825129
vt 0.675069 0.707633
vt 0.671102 0.736015
vt 0.956755 0.913022
vt 0.963469 0.945982
vt 0.969878 0.912107
vt 0.782495 0.720756
vt 0.971099 0.880367
vt 0.952788 0.881588
vt 0.954619 0.845271
vt 0.934172 0.858699
vt 0.923185 0.880978
vt 0.941801 0.920652
vt 0.950957 0.943846
vt 0.923490 0.931028
vt 0.909452 0.902646
vt 0.897244 0.923399
vt 0.874660 0.913633
vt 0.878628 0.894711
vt 0.870693 0.934996
vt 0.921354 0.425947
vt 0.936613 0.382611
vt 0.901822 0.371929
vt 0.953703 0.342937
vt 0.910062 0.337138
vt 0.916776 0.275796
vt 0.880154 0.286477
vt 0.877102 0.354534
vt 0.813623 0.329203
vt 0.869472 0.202246
vt 0.828272 0.386578
vt 0.763573 0.369182
vt 0.788903 0.265725
vt 0.738243 0.315470
vt 0.744957 0.211097
vt 0.715659 0.263283
vt 0.811487 0.144566
vt 0.753807 0.115879
vt 0.695822 0.180273
vt 0.614948 0.593188
vt 0.636311 0.550157
vt 0.612201 0.550768
vt 0.823389 0.125034
vt 0.787683 0.097873
vt 0.732444 0.082308
vt 0.625935 0.547716
vt 0.604877 0.516892
vt 0.578021 0.524522
vt 0.759301 0.060945
vt 0.592059 0.577013
vt 0.524918 0.542222
vt 0.600909 0.630726
vt 0.549028 0.607532
vt 0.609760 0.636830
vt 0.639058 0.689932
vt 0.609455 0.682608
vt 0.571917 0.664296
vt 0.605792 0.714957
vt 0.544450 0.678030
vt 0.591449 0.753410
vt 0.540483 0.705191
vt 0.626545 0.722282
vt 0.650960 0.919431
vt 0.573443 0.927061
vt 0.386364 0.910886
vt 0.477920 0.928892
vt 0.381176 0.942320
vt 0.475173 0.967956
vt 0.573748 0.975890
vt 0.667745 0.976501
vt 0.299997 0.903867
vt 0.307321 0.881283
vt 0.224921 0.826960
vt 0.212409 0.839473
vt 0.153508 0.771416
vt 0.163274 0.760735
vt 0.123600 0.722892
vt 0.436415 0.757683
vt 0.469069 0.751274
vt 0.393994 0.763482
vt 0.498062 0.737541
vt 0.509659 0.744865
vt 0.522782 0.730827
vt 0.517289 0.687796
vt 0.512711 0.721061
vt 0.202948 0.896847
vt 0.204779 0.884030
vt 0.185858 0.869686
vt 0.231941 0.895627
vt 0.192267 0.945982
vt 0.187384 0.900815
vt 0.222785 0.910581
vt 0.157476 0.915159
vt 0.168462 0.928587
vt 0.158696 0.924619
vt 0.165410 0.900815
vt 0.156560 0.880062
vt 0.136113 0.897458
vt 0.145573 0.911191
vt 0.177313 0.862667
vt 0.482192 0.725639
vt 0.494400 0.703665
vt 0.480361 0.710990
vt 0.472427 0.720145
vt 0.456557 0.732963
vt 0.462966 0.738456
vt 0.456557 0.695425
vt 0.432142 0.736930
vt 0.430616 0.741813
vt 0.396741 0.737846
vt 0.398877 0.741508
vt 0.105289 0.896237
vt 0.075381 0.891964
vt 0.106510 0.924924
vt 0.120548 0.923093
vt 0.137638 0.961852
vt 0.138249 0.971313
vt 0.075076 0.913633
vt 0.081790 0.941099
vt 0.147099 0.981994
vt 0.145573 0.971618
vt 0.147099 0.958800
vt 0.138249 0.920042
vt 0.153813 0.970702
vt 0.146489 0.921262
vt 0.125431 0.979858
vt 0.067446 0.974975
vt 0.406507 0.663991
vt 0.333567 0.722587
vt 0.332957 0.729606
vt 0.349132 0.626148
vt 0.330821 0.755547
vt 0.418409 0.660329
vt 0.469069 0.692373
vt 0.484939 0.655141
vt 0.411695 0.605701
vt 0.461440 0.602039
vt 0.487075 0.551988
vt 0.458083 0.495224
vt 0.410169 0.433271
vt 0.349132 0.355144
vt 0.420545 0.420759
vt 0.434889 0.406720
vt 0.363170 0.331339
vt 0.463576 0.387188
vt 0.524613 0.456771
vt 0.483718 0.370708
vt 0.553911 0.446089
vt 0.489822 0.479659
vt 0.469069 0.490646
vt 0.500809 0.550462
vt 0.510575 0.593799
vt 0.492264 0.551683
vt 0.498672 0.573962
vt 0.493179 0.598376
vt 0.509659 0.632862
vt 0.571917 0.423505
vt 0.630207 0.498886
vt 0.719932 0.528489
vt 0.648213 0.439375
vt 0.655232 0.530320
vt 0.844447 0.046907
vt 0.804468 0.036531
vt 0.977508 0.828791
vt 0.970489 0.798273
vt 0.962249 0.812922
vt 0.943022 0.817499
vt 0.873135 0.079562
vt 0.924100 0.822687
vt 0.861232 0.151280
vt 0.910367 0.118625
vt 0.888089 0.187597
vt 0.947600 0.157994
vt 0.970489 0.211402
vt 0.909757 0.230934
vt 0.975066 0.277627
vt 0.895108 0.843440
vt 0.884732 0.867855
vt 0.909146 0.832759
vt 0.935392 0.670095
vt 0.919218 0.595935
vt 0.858180 0.659719
vt 0.744652 0.434797
vt 0.700095 0.400922
vt 0.953398 0.703970
vt 0.883816 0.722282
vt 0.922269 0.782403
vt 0.976897 0.731742
vt 0.882290 0.945982
vt 0.906400 0.945372
vt 0.926847 0.949034
vt 0.740379 0.400922
vt 0.705588 0.348430
vt 0.909757 0.958190
vt 0.791040 0.412519
vt 0.773949 0.437544
vt 0.870693 0.422895
vt 0.847804 0.446089
vt 0.827967 0.462874
vt 0.873135 0.488815
vt 0.902432 0.515061
vt 0.894498 0.519639
vt 0.885342 0.476913
vt 0.864589 0.501328
vt 0.855434 0.516282
vt 0.889004 0.526353
vt 0.884426 0.540391
vt 0.867946 0.979247
vt 0.852382 0.981994
vt 0.852382 0.976196
vt 0.830714 0.985656
vt 0.911893 0.562975
vt 0.826746 0.976501
vt 0.928068 0.560533
vt 0.924711 0.568468
vt 0.920743 0.555650
vt 0.941801 0.569079
vt 0.935392 0.563585
vt 0.824610 0.971618
vt 0.919523 0.501022
vt 0.853908 0.966735
vt 0.893277 0.474166
vt 0.913114 0.471725
vt 0.862758 0.956053
vt 0.867641 0.962462
vt 0.907315 0.510788
vt 0.867336 0.970702
vt 0.886258 0.959410
vt 0.888089 0.969481
vt 0.814234 0.480270
vt 0.891446 0.417096
vt 0.688192 0.315165
vt 0.679037 0.209876
vt 0.315867 0.165014
vt 0.356456 0.182409
vt 0.286569 0.119236
vt 0.327769 0.131138
vt 0.283212 0.151280
vt 0.281991 0.174474
vt 0.258187 0.198584
vt 0.218513 0.157384
vt 0.184027 0.156774
vt 0.214850 0.177526
vt 0.174871 0.138157
vt 0.212714 0.138462
vt 0.164495 0.120762
vt 0.210273 0.113132
vt 0.184942 0.175390
vt 0.201422 0.195227
vt 0.155950 0.164098
vt 0.158696 0.180578
vt 0.182501 0.192480
vt 0.162053 0.193701
vt 0.138554 0.193701
vt 0.142521 0.198279
vt 0.129704 0.187597
vt 0.122990 0.204382
vt 0.122074 0.185766
vt 0.118717 0.204382
vt 0.141606 0.149449
vt 0.130924 0.145787
vt 0.117801 0.185156
vt 0.115665 0.204993
vt 0.119938 0.215064
vt 0.117191 0.215980
vt 0.123905 0.215980
vt 0.131840 0.206519
vt 0.127873 0.215980
vt 0.129704 0.224830
vt 0.124821 0.223914
vt 0.127567 0.226966
vt 0.124821 0.229102
vt 0.369274 0.143040
vt 0.433363 0.229102
vt 0.455641 0.181799
vt 0.180975 0.897763
vt 0.264595 0.390851
vt 0.284433 0.393292
vt 0.214850 0.387188
vt 1.084018 0.757378
vt 1.084628 0.776299
vt 1.065096 0.780267
vt 1.118503 0.763176
vt 1.099277 0.785150
vt 1.066927 0.792474
vt 1.050447 0.799188
vt 1.068453 0.759514
vt 1.050752 0.786370
vt 1.054720 0.767449
vt 1.038545 0.790033
vt 1.041902 0.767449
vt 1.045259 0.749138
vt 1.030305 0.768059
vt 1.033357 0.748222
vt 1.036409 0.731132
vt 1.048616 0.731132
vt 1.058077 0.745476
vt 1.065096 0.728996
vt 1.072420 0.739372
vt 1.080660 0.724113
vt 1.071810 0.712516
vt 1.091342 0.714347
vt 1.091037 0.701224
vt 1.105991 0.702750
vt 1.108432 0.714957
vt 1.107822 0.688406
vt 1.127659 0.710379
vt 1.132542 0.700613
vt 1.156651 0.715567
vt 1.134373 0.683218
vt 1.162145 0.690237
vt 1.127354 0.719230
vt 1.151769 0.737541
vt 1.190222 0.736625
vt 1.192358 0.711295
vt 1.128269 0.735710
vt 1.189612 0.765618
vt 1.144139 0.770196
vt 1.090426 0.735099
vt 1.189306 0.794305
vt 1.156346 0.797052
vt 1.110874 0.795831
vt 1.222877 0.792474
vt 1.189917 0.822382
vt 1.223487 0.820551
vt 1.224097 0.839778
vt 1.189612 0.840999
vt 1.157262 0.823603
vt 1.157567 0.841304
vt 1.138340 0.825434
vt 1.147496 0.832453
vt 1.126438 0.837642
vt 1.133152 0.848323
vt 1.106906 0.878536
vt 1.101413 0.870296
vt 1.114536 0.842525
vt 1.100803 0.857479
vt 1.104160 0.846492
vt 1.088595 0.873043
vt 1.086459 0.860225
vt 1.092563 0.887692
vt 1.086154 0.894406
vt 1.077609 0.867244
vt 1.069979 0.875790
vt 1.077914 0.882809
vt 1.063875 0.859004
vt 1.064180 0.882809
vt 1.058382 0.865413
vt 1.070284 0.889828
vt 1.692557 0.913022
vt 1.679739 0.914243
vt 1.672719 0.906308
vt 1.687979 0.899594
vt 1.711478 0.895627
vt 1.705374 0.909360
vt 1.055940 0.873959
vt 1.677908 0.933775
vt 1.671194 0.872127
vt 1.643422 0.866024
vt 1.653188 0.923704
vt 1.642201 0.897153
vt 1.684011 0.925230
vt 1.090426 0.901120
vt 1.081271 0.904172
vt 1.078219 0.895627
vt 1.092868 0.907224
vt 1.083407 0.911191
vt 1.667837 0.936827
vt 1.095614 0.895016
vt 1.099887 0.900510
vt 1.113010 0.884030
vt 1.108432 0.907834
vt 1.141392 0.859920
vt 1.127659 0.882199
vt 1.127354 0.888913
vt 1.113926 0.916074
vt 1.145054 0.866329
vt 1.132237 0.899899
vt 1.120335 0.924009
vt 1.110569 0.935606
vt 1.099582 0.925535
vt 1.091952 0.918821
vt 1.098361 0.942625
vt 1.091037 0.932554
vt 1.109348 0.950865
vt 1.658376 0.942015
vt 1.655019 0.949644
vt 1.635182 0.937132
vt 1.640675 0.960936
vt 1.651662 0.956969
vt 1.124302 0.957884
vt 1.119419 0.940489
vt 1.128269 0.944456
vt 1.127354 0.930113
vt 1.133763 0.932554
vt 1.138340 0.906613
vt 1.139561 0.950255
vt 1.147191 0.911191
vt 1.144444 0.934690
vt 1.140172 0.963683
vt 1.158788 0.937437
vt 1.152074 0.958495
vt 1.149632 0.966735
vt 1.162755 0.961852
vt 1.621143 0.959410
vt 1.618702 0.947203
vt 1.627552 0.960631
vt 1.157567 0.975280
vt 1.615650 0.962767
vt 1.599170 0.973449
vt 1.181982 0.983520
vt 1.565905 0.937132
vt 1.601001 0.941099
vt 1.576586 0.980773
vt 1.588794 0.979553
vt 1.200293 0.985656
vt 1.183203 0.964293
vt 1.567736 0.917295
vt 1.604053 0.919736
vt 1.606189 0.894406
vt 1.608936 0.864193
vt 1.570177 0.892880
vt 1.571703 0.862667
vt 1.527757 0.917295
vt 1.528672 0.891964
vt 1.611683 0.831843
vt 1.530503 0.862056
vt 1.573534 0.827570
vt 1.532334 0.827265
vt 1.491440 0.859310
vt 1.496933 0.889218
vt 1.454207 0.893185
vt 1.496017 0.914548
vt 1.457869 0.902951
vt 1.495407 0.936216
vt 1.467635 0.917905
vt 1.480148 0.936522
vt 1.491134 0.952696
vt 1.529282 0.937742
vt 1.477706 0.947813
vt 1.521042 0.965819
vt 1.487167 0.966124
vt 1.481063 0.957884
vt 1.500290 0.969176
vt 1.339763 0.937437
vt 1.347392 0.944151
vt 1.334880 0.953612
vt 1.327860 0.946287
vt 1.314737 0.952696
vt 1.319620 0.962767
vt 1.309549 0.942015
vt 1.298257 0.956053
vt 1.295816 0.942320
vt 1.276894 0.942320
vt 1.291849 0.926756
vt 1.273232 0.922483
vt 1.267434 0.927366
vt 1.268960 0.941710
vt 1.269265 0.945677
vt 1.281777 0.960936
vt 1.274453 0.950255
vt 1.251869 0.939879
vt 1.247902 0.961241
vt 1.250038 0.951476
vt 1.232948 0.943236
vt 1.234474 0.962767
vt 1.232643 0.954833
vt 1.214942 0.965819
vt 1.215857 0.944151
vt 1.214637 0.956664
vt 1.237526 0.981689
vt 1.217994 0.985656
vt 1.198767 0.966124
vt 1.198462 0.955748
vt 1.184423 0.954222
vt 1.199683 0.941404
vt 1.183508 0.937132
vt 1.170690 0.943846
vt 1.171606 0.935911
vt 1.187170 0.923399
vt 1.178930 0.922483
vt 1.184423 0.895321
vt 1.169774 0.909055
vt 1.192053 0.903256
vt 1.177099 0.891049
vt 1.196631 0.880673
vt 1.185339 0.870602
vt 1.212500 0.886471
vt 1.190222 0.853511
vt 1.224097 0.854732
vt 1.223182 0.887387
vt 1.206397 0.908139
vt 1.221351 0.909665
vt 1.201209 0.928281
vt 1.217689 0.928892
vt 1.234474 0.929502
vt 1.254921 0.924314
vt 1.237220 0.909970
vt 1.253700 0.907224
vt 1.237220 0.885861
vt 1.268349 0.897763
vt 1.253395 0.882199
vt 1.257668 0.856563
vt 1.257363 0.841914
vt 1.280862 0.841914
vt 1.264687 0.881588
vt 1.277200 0.880367
vt 1.279946 0.858394
vt 1.286660 0.880978
vt 1.293680 0.877926
vt 1.306192 0.860836
vt 1.298563 0.871517
vt 1.301309 0.909665
vt 1.312296 0.900510
vt 1.309549 0.905393
vt 1.316263 0.924314
vt 1.287881 0.907834
vt 1.306192 0.927976
vt 1.322977 0.937132
vt 1.330912 0.928587
vt 1.338237 0.916684
vt 1.323283 0.916990
vt 1.328166 0.905087
vt 1.331828 0.892270
vt 1.344951 0.906308
vt 1.317484 0.891354
vt 1.340068 0.887082
vt 1.352580 0.898373
vt 1.364177 0.907224
vt 1.360515 0.919126
vt 1.349528 0.927976
vt 1.370281 0.893185
vt 1.362651 0.888302
vt 1.381268 0.881283
vt 1.381573 0.894406
vt 1.388592 0.883114
vt 1.465804 0.935301
vt 1.454207 0.924314
vt 1.373028 0.910886
vt 1.449629 0.914243
vt 1.369366 0.924619
vt 1.392865 0.876095
vt 1.402936 0.884335
vt 1.378216 0.866634
vt 1.400189 0.866329
vt 1.388287 0.857784
vt 1.394086 0.845271
vt 1.407819 0.850459
vt 1.439558 0.906003
vt 1.429182 0.895627
vt 1.393780 0.823603
vt 1.421857 0.876400
vt 1.406903 0.827265
vt 1.388592 0.800714
vt 1.398663 0.799799
vt 1.449324 0.871212
vt 1.423994 0.851375
vt 1.460311 0.841914
vt 1.450850 0.854732
vt 1.486862 0.827265
vt 1.438032 0.838557
vt 1.462447 0.833674
vt 1.451766 0.833674
vt 1.394391 0.773553
vt 1.405988 0.770806
vt 1.398663 0.782403
vt 1.383709 0.785150
vt 1.378826 0.774468
vt 1.369671 0.778130
vt 1.382183 0.764702
vt 1.361125 0.764397
vt 1.372723 0.763787
vt 1.364177 0.772332
vt 1.373943 0.749138
vt 1.383404 0.748833
vt 1.393475 0.763176
vt 1.409040 0.756462
vt 1.417585 0.767754
vt 1.400800 0.739982
vt 1.452986 0.823908
vt 1.449934 0.808954
vt 1.496323 0.792474
vt 1.376080 0.734794
vt 1.389813 0.720145
vt 1.456648 0.791253
vt 1.366924 0.718009
vt 1.474654 0.775384
vt 1.376995 0.696951
vt 1.368450 0.731132
vt 1.364483 0.700919
vt 1.363262 0.700919
vt 1.364483 0.715567
vt 1.365398 0.725944
vt 1.368450 0.744255
vt 1.359294 0.744255
vt 1.355022 0.724723
vt 1.336711 0.748527
vt 1.337016 0.764092
vt 1.312906 0.751885
vt 1.338542 0.771416
vt 1.282083 0.760430
vt 1.327250 0.781793
vt 1.343120 0.775079
vt 1.282388 0.795221
vt 1.354411 0.787896
vt 1.356243 0.806818
vt 1.325724 0.802545
vt 1.252480 0.763482
vt 1.329081 0.823298
vt 1.283609 0.820246
vt 1.256752 0.820246
vt 1.255531 0.794610
vt 1.319010 0.844356
vt 1.352275 0.827570
vt 1.340068 0.842525
vt 1.311686 0.852290
vt 1.340373 0.848933
vt 1.338542 0.855342
vt 1.358684 0.856868
vt 1.366009 0.849849
vt 1.355937 0.864498
vt 1.331523 0.864193
vt 1.348613 0.875790
vt 1.370586 0.875179
vt 1.323588 0.874569
vt 1.318705 0.876400
vt 1.374249 0.835810
vt 1.376080 0.815363
vt 1.375164 0.794916
vt 1.279336 0.730522
vt 1.251869 0.732047
vt 1.222571 0.765007
vt 1.222266 0.732963
vt 1.250038 0.704581
vt 1.221961 0.710074
vt 1.194494 0.686270
vt 1.221961 0.686880
vt 1.202429 0.652699
vt 1.170080 0.656667
vt 1.182897 0.651173
vt 1.193579 0.640187
vt 1.178625 0.641102
vt 1.165197 0.645985
vt 1.158177 0.630726
vt 1.148717 0.638661
vt 1.159398 0.658193
vt 1.162145 0.670400
vt 1.150243 0.658803
vt 1.139866 0.648427
vt 1.136814 0.655141
vt 1.123081 0.646596
vt 1.118503 0.631947
vt 1.141697 0.631031
vt 1.128574 0.622486
vt 1.093478 0.628895
vt 1.100497 0.614551
vt 1.110263 0.639882
vt 1.100803 0.654225
vt 1.087680 0.648732
vt 1.076693 0.644459
vt 1.078524 0.671010
vt 1.091647 0.669179
vt 1.085543 0.686270
vt 1.108127 0.655446
vt 1.099582 0.668874
vt 1.068148 0.692068
vt 1.075472 0.700919
vt 1.095614 0.685354
vt 1.111484 0.672231
vt 1.120335 0.660329
vt 1.141392 0.672536
vt 1.061129 0.703970
vt 1.054720 0.689627
vt 1.066927 0.667043
vt 1.641285 0.747917
vt 1.677602 0.741813
vt 1.676992 0.761956
vt 1.666921 0.727165
vt 1.635487 0.732353
vt 1.620228 0.742119
vt 1.617176 0.772332
vt 1.649831 0.774773
vt 1.614429 0.801324
vt 1.647084 0.804682
vt 1.669057 0.786676
vt 1.673940 0.773247
vt 1.645253 0.835505
vt 1.675771 0.814142
vt 1.674245 0.842525
vt 1.704764 0.834895
vt 1.695608 0.846797
vt 1.698355 0.858699
vt 1.025727 0.787591
vt 1.707511 0.818415
vt 1.029695 0.804071
vt 1.016572 0.802240
vt 1.029389 0.812311
vt 1.016572 0.819941
vt 1.047090 0.803156
vt 1.037324 0.833979
vt 1.045869 0.822993
vt 1.051057 0.842830
vt 1.046480 0.852901
vt 1.028169 0.844050
vt 1.042512 0.863277
vt 1.710257 0.876705
vt 1.058382 0.812922
vt 1.062044 0.830012
vt 1.062349 0.797357
vt 1.078219 0.802850
vt 1.088900 0.790033
vt 1.079440 0.821162
vt 1.111484 0.811701
vt 1.115452 0.821772
vt 1.087069 0.837642
vt 1.120945 0.828486
vt 1.073641 0.848323
vt 1.701712 0.802850
vt 1.691031 0.792474
vt 1.048616 0.711600
vt 1.032441 0.709769
vt 1.046480 0.700003
vt 1.577197 0.796442
vt 1.581469 0.768059
vt 1.535081 0.795831
vt 1.539048 0.764092
vt 1.584216 0.730216
vt 1.544542 0.725639
vt 1.561937 0.692068
vt 1.622974 0.710074
vt 1.590625 0.707938
vt 1.580248 0.696036
vt 1.571703 0.691458
vt 1.202734 0.591968
vt 1.192968 0.581286
vt 1.210364 0.579455
vt 1.188086 0.588916
vt 1.170385 0.584338
vt 1.193274 0.599292
vt 1.210669 0.601733
vt 1.216773 0.589831
vt 1.221656 0.600208
vt 1.230201 0.598987
vt 1.229286 0.587085
vt 1.228675 0.577013
vt 1.242409 0.583422
vt 1.239662 0.596851
vt 1.253395 0.577319
vt 1.254006 0.586169
vt 1.252480 0.605701
vt 1.263466 0.588916
vt 1.263466 0.596240
vt 1.274148 0.596240
vt 1.264992 0.609973
vt 1.273843 0.600818
vt 1.275063 0.580370
vt 1.290933 0.604175
vt 1.537828 0.701529
vt 1.549120 0.699698
vt 1.524400 0.707633
vt 1.297952 0.590442
vt 1.510056 0.717704
vt 1.302835 0.608448
vt 1.322062 0.608448
vt 1.316263 0.613330
vt 1.299783 0.612720
vt 1.301309 0.625233
vt 1.316874 0.619129
vt 1.322977 0.620655
vt 1.324503 0.631031
vt 1.318400 0.628285
vt 1.342204 0.635914
vt 1.347697 0.620045
vt 1.308023 0.629200
vt 1.314127 0.636525
vt 1.322977 0.638050
vt 1.321146 0.647816
vt 1.329081 0.648427
vt 1.326945 0.663076
vt 1.334880 0.665822
vt 1.347087 0.647206
vt 1.351970 0.662160
vt 1.332743 0.680471
vt 1.342509 0.680471
vt 1.338847 0.691153
vt 1.355632 0.687796
vt 1.358684 0.673147
vt 1.360820 0.686575
vt 1.372112 0.674062
vt 1.372417 0.689322
vt 1.370586 0.685965
vt 1.491134 0.757073
vt 1.494186 0.750969
vt 1.507309 0.768059
vt 1.486251 0.765923
vt 1.372417 0.661245
vt 1.361431 0.638966
vt 1.496933 0.736930
vt 1.523789 0.748833
vt 1.501816 0.728996
vt 1.481979 0.769280
vt 1.320231 0.682608
vt 1.315958 0.696341
vt 1.328166 0.701224
vt 1.350444 0.703055
vt 1.309244 0.704581
vt 1.346782 0.708853
vt 1.327860 0.714652
vt 1.359294 0.710685
vt 1.335490 0.729301
vt 1.304056 0.721366
vt 1.310770 0.735710
vt 1.276894 0.698782
vt 1.294900 0.697867
vt 1.275979 0.677114
vt 1.308023 0.684133
vt 1.296731 0.675588
vt 1.249428 0.683218
vt 1.280252 0.655446
vt 1.285440 0.664602
vt 1.287271 0.654530
vt 1.292764 0.655141
vt 1.295816 0.661550
vt 1.307718 0.650868
vt 1.310160 0.667043
vt 1.319926 0.663076
vt 1.316568 0.647816
vt 1.310770 0.635914
vt 1.301309 0.634388
vt 1.302225 0.642018
vt 1.296426 0.641102
vt 1.297342 0.637745
vt 1.289102 0.645985
vt 1.287881 0.644154
vt 1.281472 0.634693
vt 1.285134 0.629200
vt 1.276284 0.623096
vt 1.282388 0.618519
vt 1.291238 0.622791
vt 1.289102 0.609668
vt 1.270791 0.612110
vt 1.268654 0.621265
vt 1.261635 0.620655
vt 1.273537 0.628590
vt 1.263466 0.627674
vt 1.256447 0.627674
vt 1.250954 0.621570
vt 1.247291 0.640492
vt 1.258278 0.638356
vt 1.268654 0.640492
vt 1.236915 0.636525
vt 1.246986 0.632557
vt 1.243019 0.618519
vt 1.236610 0.615772
vt 1.237220 0.628285
vt 1.227454 0.629200
vt 1.228370 0.616382
vt 1.225623 0.636525
vt 1.214942 0.640797
vt 1.214332 0.631947
vt 1.207007 0.642018
vt 1.217078 0.618519
vt 1.206397 0.624317
vt 1.202734 0.610584
vt 1.188391 0.611499
vt 1.196936 0.631336
vt 1.186255 0.629810
vt 1.179540 0.617298
vt 1.172826 0.629505
vt 1.154820 0.626453
vt 1.166112 0.623707
vt 1.143834 0.621265
vt 1.160009 0.612720
vt 1.172216 0.606006
vt 1.134373 0.612720
vt 1.154515 0.602649
vt 1.151158 0.589831
vt 1.166112 0.595019
vt 1.175573 0.590747
vt 1.128880 0.602954
vt 1.603442 0.706717
vt 1.117588 0.612415
vt 1.095004 0.603870
vt 1.215857 0.608753
vt 1.225929 0.607532
vt 1.233558 0.607532
vt 1.241493 0.607227
vt 1.644642 0.725639
vt 1.084933 0.618824
vt 1.357463 0.932859
vt 1.170385 0.868465
vt 1.162755 0.859920
vt 1.160924 0.883724
vt 1.151463 0.874874
vt 1.170385 0.890744
vt 1.157872 0.911191
vt 1.252174 0.975890
vt 1.560717 0.979553
vt 1.548509 0.977416
vt 1.271706 0.972228
vt 1.535691 0.968261
vt 1.530503 0.963378
vt 1.282693 0.970397
vt 1.297037 0.971618
vt 1.071200 0.922788
vt 1.520127 0.682913
vt 1.534776 0.673757
vt 1.544237 0.635304
vt 1.383709 0.502243
vt 1.381878 0.542222
vt 1.450240 0.544664
vt 1.452071 0.515366
vt 1.457259 0.487899
vt 1.391339 0.467147
vt 1.546068 0.655141
vt 1.480148 0.611805
vt 1.467330 0.457381
vt 1.402936 0.431135
vt 1.420637 0.392071
vt 1.532029 0.616077
vt 1.508225 0.607227
vt 1.456954 0.623707
vt 1.523179 0.373760
vt 1.468856 0.326456
vt 1.443220 0.357891
vt 1.492965 0.298990
vt 1.502731 0.397870
vt 1.484115 0.424421
vt 1.375469 0.383831
vt 1.391644 0.383221
vt 1.391949 0.347514
vt 1.376385 0.347209
vt 1.391949 0.310892
vt 1.376995 0.311197
vt 1.391949 0.268777
vt 1.322367 0.346904
vt 1.376995 0.269082
vt 1.322367 0.269692
vt 1.322367 0.311502
vt 1.305582 0.346904
vt 1.305582 0.382611
vt 1.322062 0.382611
vt 1.305277 0.419233
vt 1.565600 0.363689
vt 1.540574 0.390240
vt 1.573534 0.417707
vt 1.522874 0.416486
vt 1.597034 0.394818
vt 1.603442 0.447310
vt 1.555223 0.439985
vt 1.582995 0.467147
vt 1.539354 0.466231
vt 1.508530 0.444868
vt 1.493271 0.480575
vt 1.305887 0.269692
vt 1.305582 0.311808
vt 1.521653 0.498886
vt 1.322367 0.233680
vt 1.305887 0.235206
vt 1.481979 0.506211
vt 1.305582 0.208655
vt 1.376690 0.232154
vt 1.376690 0.205298
vt 1.322367 0.207739
vt 1.391949 0.232459
vt 1.499680 0.543443
vt 1.470992 0.528794
vt 1.462752 0.547716
vt 1.509751 0.520859
vt 1.322062 0.183630
vt 1.305582 0.184240
vt 1.376080 0.182104
vt 1.391949 0.204382
vt 1.391949 0.420148
vt 1.547594 0.346904
vt 1.375164 0.420453
vt 1.321757 0.419538
vt 1.629994 0.485458
vt 1.565294 0.489731
vt 1.607105 0.501938
vt 1.626942 0.533372
vt 1.587878 0.517502
vt 1.607410 0.548021
vt 1.568957 0.537339
vt 1.546678 0.516892
vt 1.588794 0.562670
vt 1.534166 0.535813
vt 1.556444 0.552599
vt 1.574450 0.573351
vt 1.523179 0.556566
vt 1.543626 0.571215
vt 1.561327 0.588916
vt 1.590014 0.598071
vt 1.604053 0.590442
vt 1.601917 0.623707
vt 1.622364 0.579760
vt 1.615650 0.616077
vt 1.643422 0.635609
vt 1.624195 0.642628
vt 1.634571 0.607837
vt 1.629688 0.661245
vt 1.609546 0.649953
vt 1.648915 0.658498
vt 1.611988 0.665822
vt 1.634571 0.668569
vt 1.664785 0.630726
vt 1.670583 0.654836
vt 1.651051 0.667043
vt 1.681875 0.625843
vt 1.655324 0.599597
vt 1.673635 0.593188
vt 1.644032 0.567553
vt 1.691336 0.587695
vt 1.663869 0.559008
vt 1.648610 0.521470
vt 1.683706 0.550768
vt 1.671194 0.510788
vt 1.652882 0.470199
vt 1.626942 0.429609
vt 1.687063 0.651173
vt 1.696829 0.622181
vt 1.700186 0.647816
vt 1.670888 0.666128
vt 1.690420 0.663076
vt 1.702017 0.660939
vt 1.613208 0.674368
vt 1.590014 0.676809
vt 1.593677 0.667043
vt 1.578112 0.664907
vt 1.573840 0.675893
vt 1.579028 0.655446
vt 1.593371 0.654225
vt 1.587268 0.632557
vt 1.574755 0.636525
vt 1.564074 0.616382
vt 1.576281 0.609058
vt 1.549730 0.598987
vt 1.532945 0.584643
vt 1.491134 0.560839
vt 1.514023 0.572741
vt 1.391949 0.182714
vt 1.101108 0.473556
vt 1.092257 0.484542
vt 1.094699 0.470809
vt 1.086764 0.454634
vt 1.100497 0.451277
vt 1.099887 0.469283
vt 1.108127 0.452498
vt 1.087069 0.445479
vt 1.100497 0.438459
vt 1.106601 0.475082
vt 1.112095 0.436628
vt 1.116367 0.452803
vt 1.124302 0.453719
vt 1.118198 0.477218
vt 1.113926 0.475692
vt 1.126743 0.479049
vt 1.121860 0.488510
vt 1.138646 0.486373
vt 1.131321 0.454939
vt 1.142308 0.509873
vt 1.126743 0.510178
vt 1.150243 0.495224
vt 1.153905 0.483932
vt 1.145360 0.477828
vt 1.135594 0.457076
vt 1.155736 0.474166
vt 1.142918 0.454329
vt 1.150548 0.474776
vt 1.160314 0.450972
vt 1.159398 0.474776
vt 1.160314 0.486679
vt 1.152379 0.451888
vt 1.160924 0.475082
vt 1.157262 0.436018
vt 1.167638 0.452498
vt 1.173437 0.438459
vt 1.163671 0.475692
vt 1.173437 0.454634
vt 1.169469 0.479049
vt 1.177404 0.456465
vt 1.178625 0.488815
vt 1.170690 0.495834
vt 1.165502 0.484848
vt 1.185339 0.445479
vt 1.178930 0.459212
vt 1.187780 0.447310
vt 1.184118 0.482711
vt 1.184118 0.458296
vt 1.189306 0.480880
vt 1.190527 0.446089
vt 1.191748 0.457381
vt 1.187170 0.491562
vt 1.195715 0.481185
vt 1.195105 0.490951
vt 1.199683 0.480270
vt 1.201209 0.487289
vt 1.196936 0.457076
vt 1.210364 0.479049
vt 1.194189 0.444563
vt 1.202124 0.455245
vt 1.207617 0.452498
vt 1.219520 0.474166
vt 1.213111 0.485153
vt 1.206397 0.488205
vt 1.212195 0.449141
vt 1.198462 0.440291
vt 1.203955 0.436018
vt 1.224097 0.470809
vt 1.215857 0.431135
vt 1.220130 0.446394
vt 1.226234 0.470199
vt 1.219520 0.481796
vt 1.225013 0.482101
vt 1.211890 0.496445
vt 1.217994 0.494613
vt 1.206397 0.499191
vt 1.220435 0.511093
vt 1.213721 0.513840
vt 1.219825 0.526353
vt 1.225318 0.524827
vt 1.229896 0.523301
vt 1.228980 0.510178
vt 1.225929 0.493698
vt 1.234779 0.493393
vt 1.238441 0.509568
vt 1.235084 0.522080
vt 1.236610 0.522691
vt 1.242714 0.508652
vt 1.242409 0.518418
vt 1.249733 0.515671
vt 1.243934 0.503159
vt 1.238746 0.491256
vt 1.252785 0.536424
vt 1.254311 0.523911
vt 1.252174 0.533372
vt 1.252174 0.541002
vt 1.263161 0.540086
vt 1.254921 0.548936
vt 1.264992 0.522080
vt 1.267128 0.538865
vt 1.257973 0.522691
vt 1.261330 0.509262
vt 1.253700 0.512314
vt 1.249123 0.500107
vt 1.257973 0.497360
vt 1.237220 0.485458
vt 1.242714 0.481796
vt 1.268044 0.505600
vt 1.266213 0.495834
vt 1.253395 0.483322
vt 1.277810 0.499802
vt 1.281777 0.509568
vt 1.283303 0.521165
vt 1.272317 0.523911
vt 1.281167 0.542222
vt 1.272317 0.539476
vt 1.296426 0.541002
vt 1.288491 0.518113
vt 1.294900 0.515366
vt 1.306497 0.537645
vt 1.308329 0.515366
vt 1.313517 0.533677
vt 1.308939 0.500412
vt 1.036103 0.385052
vt 1.030915 0.365215
vt 1.036714 0.371014
vt 1.040986 0.384747
vt 1.027558 0.402142
vt 1.033051 0.405805
vt 1.045869 0.384442
vt 1.040376 0.371929
vt 1.049837 0.371624
vt 1.041597 0.361248
vt 1.053499 0.372845
vt 1.051668 0.383526
vt 1.050142 0.361248
vt 1.035798 0.345988
vt 1.029389 0.348735
vt 1.299478 0.497055
vt 1.310160 0.490341
vt 1.296121 0.481185
vt 1.308023 0.480575
vt 1.033357 0.332560
vt 1.038850 0.330424
vt 1.042512 0.318522
vt 1.288186 0.474166
vt 1.303140 0.473556
vt 1.050142 0.317911
vt 1.283303 0.457686
vt 1.047090 0.312113
vt 1.289407 0.455550
vt 1.047395 0.293496
vt 1.277810 0.436628
vt 1.286050 0.438154
vt 1.045259 0.272744
vt 1.054109 0.292276
vt 1.058687 0.293496
vt 1.062349 0.295938
vt 1.052889 0.313028
vt 1.058382 0.312113
vt 1.064791 0.296548
vt 1.064486 0.312113
vt 1.061129 0.319437
vt 1.069979 0.312723
vt 1.072115 0.294412
vt 1.073946 0.312418
vt 1.077914 0.294412
vt 1.075777 0.312418
vt 1.068758 0.320048
vt 1.074252 0.319437
vt 1.071810 0.336222
vt 1.061434 0.335612
vt 1.049532 0.333171
vt 1.045259 0.345378
vt 1.059603 0.362468
vt 1.061739 0.374065
vt 1.067232 0.374065
vt 1.068148 0.363689
vt 1.079134 0.374676
vt 1.081576 0.338664
vt 1.081271 0.361858
vt 1.076083 0.390851
vt 1.086764 0.362468
vt 1.087069 0.378948
vt 1.089816 0.390545
vt 1.100497 0.363384
vt 1.087985 0.342326
vt 1.102329 0.344768
vt 1.100192 0.374065
vt 1.119419 0.344157
vt 1.116672 0.362163
vt 1.120029 0.321574
vt 1.130100 0.323099
vt 1.130100 0.340800
vt 1.140172 0.324015
vt 1.132847 0.365520
vt 1.124912 0.361858
vt 1.137730 0.343547
vt 1.147191 0.298074
vt 1.147191 0.316691
vt 1.147496 0.327982
vt 1.141697 0.299295
vt 1.135289 0.296548
vt 1.134983 0.316691
vt 1.144444 0.343852
vt 1.161229 0.329203
vt 1.163976 0.317606
vt 1.152074 0.316691
vt 1.170690 0.309977
vt 1.172826 0.316080
vt 1.166723 0.310587
vt 1.173437 0.311502
vt 1.177404 0.315470
vt 1.172826 0.327372
vt 1.179846 0.322489
vt 1.180761 0.294412
vt 1.173131 0.292581
vt 1.163060 0.271828
vt 1.180151 0.273659
vt 1.170385 0.292581
vt 1.165807 0.294107
vt 1.156651 0.311808
vt 1.147801 0.277627
vt 1.156041 0.297464
vt 1.145970 0.278848
vt 1.151463 0.313334
vt 1.151769 0.297769
vt 1.132237 0.295328
vt 1.134678 0.269997
vt 1.130406 0.312723
vt 1.130100 0.294107
vt 1.127659 0.311197
vt 1.120335 0.313028
vt 1.108432 0.313028
vt 1.110874 0.290750
vt 1.123997 0.291971
vt 1.120335 0.266640
vt 1.102939 0.269997
vt 1.099887 0.313028
vt 1.099277 0.291971
vt 1.091037 0.313028
vt 1.093783 0.321879
vt 1.106601 0.322489
vt 1.084323 0.317301
vt 1.076388 0.311808
vt 1.080050 0.292581
vt 1.086459 0.295022
vt 1.092868 0.294107
vt 1.090426 0.273049
vt 1.090732 0.273354
vt 1.078524 0.269387
vt 1.066317 0.269387
vt 1.082186 0.292276
vt 1.055635 0.271523
vt 1.189306 0.291665
vt 1.182287 0.270302
vt 1.198767 0.289224
vt 1.188696 0.310587
vt 1.192358 0.325846
vt 1.197546 0.312418
vt 1.198767 0.303568
vt 1.207007 0.302652
vt 1.204871 0.288614
vt 1.211280 0.304788
vt 1.212195 0.288919
vt 1.197241 0.263894
vt 1.220130 0.263894
vt 1.220740 0.291055
vt 1.240272 0.272134
vt 1.249428 0.283731
vt 1.227760 0.292581
vt 1.230506 0.292886
vt 1.222877 0.307535
vt 1.229896 0.311197
vt 1.240883 0.312723
vt 1.231422 0.326151
vt 1.226539 0.315470
vt 1.210974 0.327982
vt 1.232643 0.342631
vt 1.242409 0.339274
vt 1.243629 0.323405
vt 1.236305 0.353618
vt 1.249733 0.338969
vt 1.245460 0.356975
vt 1.249733 0.322184
vt 1.273232 0.320963
vt 1.268960 0.337443
vt 1.286965 0.317301
vt 1.286965 0.336222
vt 1.263772 0.364910
vt 1.281777 0.368267
vt 1.276284 0.387799
vt 1.259499 0.382305
vt 1.238441 0.371929
vt 1.248817 0.396039
vt 1.235389 0.385662
vt 1.232337 0.370098
vt 1.260414 0.401532
vt 1.239357 0.421369
vt 1.223487 0.415571
vt 1.215247 0.404584
vt 1.215247 0.400922
vt 1.207923 0.414045
vt 1.191748 0.393597
vt 1.195715 0.393597
vt 1.221046 0.388104
vt 1.201514 0.388409
vt 1.211585 0.386578
vt 1.214942 0.379559
vt 1.226539 0.376812
vt 1.209754 0.379559
vt 1.221656 0.361248
vt 1.204260 0.381390
vt 1.197546 0.382000
vt 1.204260 0.360942
vt 1.185949 0.362774
vt 1.188086 0.392071
vt 1.189917 0.381085
vt 1.183508 0.391766
vt 1.179846 0.380779
vt 1.178625 0.377728
vt 1.180151 0.390851
vt 1.175878 0.416486
vt 1.174657 0.387799
vt 1.164586 0.390545
vt 1.172216 0.377728
vt 1.175573 0.367351
vt 1.167943 0.374371
vt 1.170080 0.361248
vt 1.188391 0.343852
vt 1.178015 0.343852
vt 1.208838 0.344462
vt 1.171911 0.343242
vt 1.158788 0.358806
vt 1.159398 0.372234
vt 1.159703 0.343547
vt 1.143834 0.360332
vt 1.147801 0.373455
vt 1.140172 0.377117
vt 1.151158 0.384136
vt 1.144749 0.382305
vt 1.127049 0.384442
vt 1.139561 0.388104
vt 1.145970 0.389019
vt 1.150853 0.388714
vt 1.123692 0.412824
vt 1.155736 0.390545
vt 1.145665 0.420148
vt 1.117588 0.386273
vt 1.119724 0.385968
vt 1.102329 0.414960
vt 1.112705 0.384136
vt 1.114536 0.373150
vt 1.122776 0.373760
vt 1.125217 0.372845
vt 1.100192 0.385968
vt 1.094089 0.389630
vt 1.088290 0.412519
vt 1.080660 0.409162
vt 1.075472 0.406415
vt 1.064180 0.389630
vt 1.070894 0.412519
vt 1.062960 0.414960
vt 1.061739 0.387188
vt 1.050142 0.414350
vt 1.056551 0.384442
vt 1.038850 0.410688
vt 1.055025 0.383221
vt 1.055330 0.374371
vt 1.156346 0.391461
vt 1.162145 0.420759
vt 1.159703 0.391461
vt 1.163671 0.385052
vt 1.158788 0.384747
vt 1.168554 0.383526
vt 1.193274 0.418317
vt 1.042512 0.548021
vt 1.035188 0.548631
vt 1.017487 0.523911
vt 1.053194 0.542528
vt 1.028474 0.524216
vt 1.015961 0.508957
vt 1.028779 0.510483
vt 1.036714 0.525742
vt 1.040681 0.511399
vt 1.033662 0.496750
vt 1.048616 0.529099
vt 1.051057 0.513840
vt 1.046175 0.498886
vt 1.041597 0.474471
vt 1.053194 0.478133
vt 1.057161 0.500107
vt 1.065706 0.505295
vt 1.059297 0.482101
vt 1.063875 0.516282
vt 1.078219 0.520859
vt 1.077914 0.508347
vt 1.068453 0.488205
vt 1.078219 0.495529
vt 1.082797 0.479965
vt 1.072115 0.475082
vt 1.088290 0.506211
vt 1.080050 0.455245
vt 1.069369 0.454939
vt 1.086154 0.444258
vt 1.083712 0.439680
vt 1.063875 0.451888
vt 1.076083 0.432966
vt 1.055635 0.448225
vt 1.048311 0.445174
vt 1.069063 0.428999
vt 1.247902 0.282510
vt 1.249428 0.276406
vt 1.276284 0.294717
vt 1.265908 0.298074
vt 1.254921 0.297769
vt 1.045869 0.463485
vt 1.033051 0.459212
vt 1.027863 0.470504
vt 1.055330 0.466536
vt 1.061739 0.469588
vt 1.088290 0.528794
vt 1.098361 0.509873
vt 1.101718 0.487899
vt 1.111789 0.488815
vt 1.111179 0.510178
vt 1.111179 0.526353
vt 1.099887 0.527573
vt 1.127049 0.527879
vt 1.113926 0.540391
vt 1.145665 0.532456
vt 1.136509 0.543138
vt 1.123081 0.541917
vt 1.121250 0.554125
vt 1.129795 0.551988
vt 1.129795 0.566942
vt 1.139866 0.562975
vt 1.139256 0.576098
vt 1.120640 0.569384
vt 1.113315 0.555345
vt 1.102939 0.557482
vt 1.111484 0.572436
vt 1.092563 0.559008
vt 1.091647 0.541612
vt 1.104770 0.538865
vt 1.083712 0.547716
vt 1.062654 0.538560
vt 1.104465 0.573351
vt 1.060823 0.544359
vt 1.082492 0.566332
vt 1.114536 0.583728
vt 1.127354 0.580981
vt 1.067843 0.533372
vt 1.057466 0.536119
vt 1.056246 0.530625
vt 1.146886 0.568468
vt 1.145054 0.558092
vt 1.149937 0.562365
vt 1.150853 0.554735
vt 1.155126 0.556871
vt 1.158177 0.565416
vt 1.158483 0.558397
vt 1.170080 0.565722
vt 1.167333 0.558702
vt 1.176489 0.555956
vt 1.180761 0.561449
vt 1.171606 0.538255
vt 1.182897 0.552904
vt 1.169469 0.542528
vt 1.164281 0.544969
vt 1.171911 0.531236
vt 1.162450 0.531541
vt 1.160314 0.544359
vt 1.185644 0.529099
vt 1.177099 0.536424
vt 1.180761 0.507126
vt 1.173437 0.510483
vt 1.160619 0.511399
vt 1.155431 0.531846
vt 1.160009 0.497971
vt 1.149937 0.511093
vt 1.157872 0.542222
vt 1.150853 0.536729
vt 1.187170 0.503464
vt 1.194800 0.502243
vt 1.190222 0.519639
vt 1.194494 0.530625
vt 1.196326 0.516282
vt 1.205176 0.526353
vt 1.198157 0.526353
vt 1.203345 0.515671
vt 1.200903 0.501328
vt 1.210974 0.516282
vt 1.213721 0.528489
vt 1.224097 0.532151
vt 1.220435 0.548326
vt 1.218909 0.548326
vt 1.205786 0.535203
vt 1.216773 0.549852
vt 1.221961 0.557482
vt 1.220435 0.559008
vt 1.225013 0.549852
vt 1.236305 0.555650
vt 1.246986 0.553209
vt 1.232337 0.549852
vt 1.241493 0.548326
vt 1.231117 0.533067
vt 1.228065 0.533067
vt 1.233558 0.531846
vt 1.234779 0.530015
vt 1.249428 0.544664
vt 1.232948 0.528794
vt 1.213111 0.552599
vt 1.213111 0.563280
vt 1.206702 0.555040
vt 1.200293 0.565111
vt 1.198767 0.556566
vt 1.201514 0.537339
vt 1.203040 0.536424
vt 1.199988 0.538255
vt 1.197852 0.539171
vt 1.191137 0.555040
vt 1.194800 0.537645
vt 1.188391 0.550462
vt 1.186865 0.548631
vt 1.185034 0.559618
vt 1.189001 0.562670
vt 1.185034 0.550462
vt 1.019623 0.494308
vt 1.210669 0.315165
vt 1.221656 0.306314
vt 1.268960 0.438154
vt 1.268044 0.458602
vt 1.264382 0.440291
vt 1.277200 0.457991
vt 1.282083 0.474471
vt 1.274453 0.474166
vt 1.282693 0.483322
vt 1.274148 0.480880
vt 1.261940 0.473861
vt 1.261635 0.456160
vt 1.253395 0.458602
vt 1.264077 0.487289
vt 1.251869 0.474776
vt 1.241798 0.475082
vt 1.254616 0.439375
vt 1.245460 0.451888
vt 1.239051 0.474776
vt 1.236610 0.476302
vt 1.240577 0.450667
vt 1.237526 0.447920
vt 1.250343 0.438154
vt 1.231727 0.446699
vt 1.245460 0.436018
vt 1.239967 0.432966
vt 1.228065 0.470504
vt 1.227454 0.445784
vt 1.229591 0.430219
vt 1.227760 0.470504
vt 1.230811 0.481185
vt 1.262551 0.440596
vt 1.286050 0.499496
vt 1.286965 0.508957
vt 1.296426 0.506211
vt 1.145054 0.439070
vt 1.138951 0.442427
vt 1.133457 0.439985
vt 1.124607 0.437544
vt 0.568865 0.028901
vt 0.563066 0.022797
vt 0.565508 0.018220
vt 0.446486 0.022187
vt 0.444044 0.017914
vt 0.592669 0.019745
vt 0.703452 0.019745
vt 0.704978 0.022797
vt 0.601520 0.040803
vt 0.590838 0.022797
vt 0.589007 0.023408
vt 0.584735 0.026154
vt 0.589007 0.134190
vt 0.584429 0.147313
vt 0.601520 0.116794
vt 0.568560 0.144871
vt 0.590838 0.134495
vt 0.564898 0.155248
vt 0.562456 0.150975
vt 0.592669 0.137852
vt 0.446181 0.150365
vt 0.444044 0.145177
vt 0.551775 0.126560
vt 0.443739 0.154942
vt 0.564592 0.145482
vt 0.552080 0.046907
vt 0.549333 0.118625
vt 0.565203 0.027985
vt 0.545976 0.050874
vt 0.549638 0.054842
vt 0.457167 0.046602
vt 0.549333 0.055147
vt 0.545671 0.051180
vt 0.463271 0.050569
vt 0.463576 0.050874
vt 0.603351 0.047517
vt 0.607013 0.043855
vt 0.688803 0.043855
vt 0.459609 0.054537
vt 0.459914 0.054842
vt 0.694296 0.040803
vt 0.692465 0.047517
vt 0.692465 0.110080
vt 0.459609 0.118015
vt 0.463271 0.122288
vt 0.462966 0.122288
vt 0.459609 0.118320
vt 0.694296 0.116794
vt 0.688803 0.113742
vt 0.704978 0.134495
vt 0.456862 0.126255
vt 0.444349 0.027680
vt 0.440077 0.144566
vt 0.440382 0.028291
vt 0.436110 0.025849
vt 0.707114 0.023408
vt 0.435499 0.147008
vt 0.707114 0.134190
vt 0.703452 0.137852
vt 0.545671 0.122288
vt 0.607013 0.113742
vt 0.603351 0.110080
vt 0.549028 0.118320
vt 0.545671 0.122593
vt 0.376904 0.021577
vt 0.415967 0.021577
vt 0.415967 0.060335
vt 0.374157 0.069491
vt 0.419630 0.069796
vt 0.414441 0.074984
vt 0.379650 0.074374
vt 0.379650 0.113132
vt 0.373852 0.118625
vt 0.414136 0.113437
vt 0.419324 0.119236
vt 0.376904 0.060335
vt 0.375000 0.000000
vt 0.625000 0.000000
vt 0.625000 0.250000
vt 0.375000 0.250000
vt 0.043771 0.503421
vt 0.037141 0.976235
vt -0.419730 0.966623
vt -0.413100 0.493809
vt -0.287410 0.500000
vt 0.111042 0.500000
vt 0.111042 0.750000
vt -0.287410 0.750000
vt 0.964470 0.553479
vt 0.957841 0.987744
vt 0.037141 0.969953
vt 0.043771 0.535688
vt 0.625000 0.500000
vt 0.375000 0.500000
vt 0.875000 0.500000
vt 0.875000 0.750000
vt 0.625000 0.750000
vt 0.224132 0.156047
vt 0.224144 0.096223
vt 0.226051 0.095670
vt 0.226051 0.156556
vt 0.186485 0.146874
vt 0.187073 0.107723
vt 0.193862 0.044921
vt 0.195176 0.043445
vt 0.167922 0.073887
vt 0.718278 0.747377
vt 0.663601 0.779027
vt 0.652204 0.740563
vt 0.689254 0.719660
vt 0.749971 0.692625
vt 0.710971 0.683111
vt 0.193784 0.207685
vt 0.195170 0.209106
vt 0.749971 0.629277
vt 0.711467 0.640591
vt 0.147898 0.379526
vt 0.127193 0.416727
vt 0.067615 0.402517
vt 0.103392 0.337471
vt 0.184355 0.357779
vt 0.166916 0.299038
vt 0.072260 0.301891
vt 0.157736 0.252657
vt 0.022860 0.387275
vt 0.241104 0.297543
vt 0.256330 0.252765
vt 0.226856 0.357140
vt 0.306091 0.333310
vt 0.341647 0.302114
vt 0.263986 0.377826
vt 0.663486 0.542907
vt 0.718235 0.574443
vt 0.690616 0.603538
vt 0.653988 0.581899
vt 0.600216 0.542836
vt 0.611477 0.581367
vt 0.285799 0.414294
vt 0.344512 0.396764
vt 0.286459 0.456792
vt 0.346078 0.470926
vt 0.545352 0.574514
vt 0.574404 0.602200
vt 0.030597 0.203991
vt 0.081452 0.235504
vt 0.080841 0.237393
vt 0.029078 0.205275
vt 0.003480 0.151724
vt 0.002499 0.151903
vt 0.041818 0.143807
vt 0.060133 0.177499
vt 0.092668 0.198307
vt 0.141433 0.236876
vt 0.141891 0.238807
vt 0.131755 0.199383
vt 0.166202 0.180514
vt 0.097336 0.183342
vt 0.128136 0.184242
vt 0.155347 0.169412
vt 0.102780 0.165069
vt 0.123611 0.165805
vt 0.142076 0.155927
vt 0.114907 0.126815
vt 0.076371 0.114993
vt 0.087311 0.097449
vt 0.105506 0.087633
vt 0.075567 0.135665
vt 0.085226 0.153972
vt 0.153134 0.138113
vt 0.153782 0.117219
vt 0.143894 0.098927
vt 0.126197 0.088148
vt 0.171457 0.142909
vt 0.172079 0.112012
vt 0.157129 0.085204
vt 0.130860 0.069737
vt 0.134602 0.054641
vt 0.096313 0.054337
vt 0.100470 0.069335
vt 0.063080 0.072853
vt 0.073971 0.083961
vt 0.043277 0.105363
vt 0.058145 0.109789
vt 0.034651 0.045022
vt 0.084654 0.016279
vt 0.005246 0.094372
vt 0.004291 0.094068
vt 0.033954 0.044304
vt 0.084384 0.015316
vt 0.142627 0.015752
vt 0.142837 0.014775
vt 0.600245 0.779102
vt 0.545375 0.747431
vt 0.573113 0.718410
vt 0.609690 0.740098
vt 0.149688 0.495768
vt 0.186829 0.516463
vt 0.172672 0.576093
vt 0.107603 0.540280
vt 0.127865 0.459261
vt 0.069153 0.476746
vt 0.072057 0.571440
vt 0.022778 0.485937
vt 0.508873 0.782949
vt 0.479479 0.782934
vt 0.466702 0.735364
vt 0.521592 0.735364
vt 0.454016 0.797617
vt 0.419166 0.762809
vt 0.320978 0.137041
vt 0.287093 0.137049
vt 0.294817 0.105775
vt 0.312024 0.106100
vt 0.350305 0.120106
vt 0.327087 0.097770
vt 0.389416 0.625696
vt 0.397795 0.639804
vt 0.382579 0.657231
vt 0.367511 0.633176
vt 0.389139 0.609206
vt 0.366460 0.604814
vt 0.257747 0.120106
vt 0.280079 0.096888
vt 0.412129 0.647775
vt 0.407674 0.670515
vt 0.399702 0.691822
vt 0.364954 0.671603
vt 0.345030 0.636750
vt 0.751141 0.891856
vt 0.751141 0.932037
vt 0.704624 0.919507
vt 0.705301 0.904621
vt 0.731053 0.966590
vt 0.697166 0.932802
vt 0.436029 0.669385
vt 0.439909 0.691779
vt 0.696267 0.986493
vt 0.683731 0.938635
vt 0.656671 0.986397
vt 0.668537 0.940316
vt 0.460020 0.654232
vt 0.474627 0.671680
vt 0.621873 0.966307
vt 0.655983 0.932287
vt 0.473226 0.629157
vt 0.494621 0.636985
vt 0.601994 0.931634
vt 0.648199 0.919180
vt 0.602150 0.891557
vt 0.649864 0.904629
vt 0.622031 0.857313
vt 0.656006 0.890630
vt 0.472148 0.600851
vt 0.457082 0.576881
vt 0.474666 0.562347
vt 0.494621 0.596987
vt 0.432055 0.563644
vt 0.440090 0.542291
vt 0.403753 0.564673
vt 0.400103 0.542166
vt 0.656829 0.837223
vt 0.669236 0.883773
vt 0.379709 0.579711
vt 0.365362 0.562039
vt 0.696796 0.837343
vt 0.684479 0.883584
vt 0.731426 0.857517
vt 0.696248 0.892302
vt 0.345199 0.596656
vt 0.397091 0.594977
vt 0.411153 0.586645
vt 0.367253 0.090769
vt 0.335979 0.083039
vt 0.367253 0.056883
vt 0.336307 0.065831
vt 0.439306 0.823065
vt 0.439291 0.852458
vt 0.391722 0.865235
vt 0.391721 0.810345
vt 0.350302 0.027542
vt 0.327984 0.050768
vt 0.453974 0.877921
vt 0.419166 0.912771
vt 0.479422 0.892631
vt 0.466703 0.940216
vt 0.320972 0.010612
vt 0.313239 0.041887
vt 0.427521 0.586366
vt 0.441822 0.594314
vt 0.450230 0.608351
vt 0.287092 0.010603
vt 0.296035 0.041553
vt 0.450485 0.624723
vt 0.257746 0.027547
vt 0.280969 0.049872
vt 0.508815 0.892647
vt 0.521592 0.940216
vt 0.534278 0.877963
vt 0.569129 0.912771
vt 0.390892 0.387483
vt 0.390892 0.486042
vt 0.548988 0.852515
vt 0.596573 0.865235
vt 0.310365 0.535962
vt 0.341627 0.571440
vt 0.265784 0.493935
vt 0.229298 0.515776
vt 0.246910 0.574458
vt 0.256230 0.620807
vt 0.513734 0.629419
vt 0.552742 0.638787
vt 0.513801 0.692601
vt 0.552317 0.681327
vt 0.157525 0.620856
vt 0.549004 0.823122
vt 0.596573 0.810345
vt 0.534320 0.797659
vt 0.569128 0.762809
vt 0.240815 0.090762
vt 0.240811 0.056897
vt 0.272085 0.064611
vt 0.271767 0.081822
vt 0.428492 0.647492
vt 0.442542 0.639054
vt 0.057056 0.140199
vt 0.071465 0.166991
s 1
usemtl new_carsoul
f 545/424/529 541/425/530 542/426/530 548/427/529
f 541/425/530 544/428/531 590/429/531 542/426/530
f 541/430/532 545/431/532 547/432/532 543/433/532
f 544/434/532 541/430/532 543/433/532 583/435/532
f 545/431/532 546/436/532 577/437/532 547/432/532
f 546/438/533 545/424/529 548/427/529 549/439/533
f 548/427/532 542/426/532 590/429/532 589/440/532 557/441/532 556/442/532 554/443/532 552/444/532 550/445/532 549/439/532
f 551/446/534 546/438/533 549/439/533 550/445/534
f 553/447/535 551/446/534 550/445/534 552/444/535
f 555/448/536 553/447/535 552/444/535 554/443/536
f 558/449/537 555/448/536 554/443/536 556/442/537
f 559/450/538 558/449/537 556/442/537 557/441/538
f 558/451/532 559/452/532 561/453/532 560/454/532
f 555/455/532 558/451/532 560/454/532 562/456/532
f 560/454/539 561/453/540 565/457/541 563/458/542
f 562/456/543 560/454/539 563/458/542 564/459/544
f 564/459/544 563/458/542 566/460/545 568/461/546
f 563/458/542 565/457/541 567/462/547 566/460/545
f 570/463/548 564/459/544 568/461/546 569/464/549
f 573/465/550 570/463/548 569/464/549 571/466/551
f 574/467/552 573/465/550 571/466/551 572/468/553
f 577/437/554 575/469/555 573/465/550 574/467/552
f 575/469/555 576/470/556 570/463/548 573/465/550
f 546/436/532 551/471/532 575/469/532 577/437/532
f 551/471/532 553/472/532 576/470/532 575/469/532
f 547/432/557 577/437/554 574/467/552 578/473/558
f 553/472/532 555/455/532 562/456/532 576/470/532
f 576/470/556 562/456/543 564/459/544 570/463/548
f 578/473/558 574/467/552 572/468/553 579/474/559
f 543/433/560 547/432/557 578/473/558 580/475/561
f 580/475/561 578/473/558 579/474/559 581/476/562
f 582/477/563 580/475/561 581/476/562 584/478/564
f 583/435/565 543/433/560 580/475/561 582/477/563
f 586/479/566 583/435/565 582/477/563 585/480/567
f 585/480/567 582/477/563 584/478/564 587/481/568
f 561/453/540 586/479/566 585/480/567 565/457/541
f 565/457/541 585/480/567 587/481/568 567/462/547
f 588/482/532 544/434/532 583/435/532 586/479/532
f 559/452/532 588/482/532 586/479/532 561/453/532
f 544/428/531 588/483/569 589/440/569 590/429/531
f 588/483/569 559/450/538 557/441/538 589/440/569
f 592/484/570 596/485/570 594/486/571 591/487/571
f 592/484/572 591/487/573 593/488/573 603/489/574
f 593/490/575 591/491/575 594/492/575 595/493/575 761/494/575 759/495/575 758/496/575 756/497/575 757/498/575 765/499/575 747/500/575 744/501/575 742/502/575 766/503/575 767/504/575 768/505/575 769/506/575 730/507/575 723/508/575 722/509/575 717/510/575 716/511/575 718/512/575 719/513/575 720/514/575 721/515/575 703/516/575 700/517/575 698/518/575 770/519/575 688/520/575 687/521/575 686/522/575 684/523/575 685/524/575 676/525/575 674/526/575 671/527/575 669/528/575 659/529/575 658/530/575 656/531/575 655/532/575 654/533/575 650/534/575 648/535/575 771/536/575 637/537/575 636/538/575 634/539/575 633/540/575 631/541/575 632/542/575 772/543/575 773/544/575 774/545/575 613/546/575 612/547/575 610/548/575 608/549/575 607/550/575 606/551/575
f 594/486/576 596/485/577 597/552/578 595/553/579
f 596/485/577 598/554/580 599/555/581 597/552/578
f 598/554/582 596/485/570 592/484/570 600/556/582
f 679/557/583 680/558/583 681/559/583 691/560/583 692/561/583 693/562/583 695/563/583 696/564/583 704/565/583 705/566/583 706/567/583 708/568/583 710/569/583 712/570/583 713/571/583 725/572/583 727/573/583 731/574/583 732/575/583 733/576/583 735/577/583 737/578/583 739/579/583 740/580/583 748/581/583 749/582/583 750/583/583 752/584/583 753/585/583 764/586/583 763/587/583 599/588/583 598/589/583 600/590/583 601/591/583 602/592/583 776/593/583 775/594/583 617/595/583 616/596/583 618/597/583 619/598/583 621/599/583 623/600/583 625/601/583 627/602/583 628/603/583 641/604/583 640/605/583 642/606/583 643/607/583 645/608/583 646/609/583 653/610/583 665/611/583 664/612/583 662/613/583 663/614/583 666/615/583 667/616/583 673/617/583 678/618/583
f 601/619/584 600/556/584 592/484/572 603/489/574
f 603/489/585 604/620/586 602/621/587 601/619/588
f 593/488/589 606/622/590 604/620/586 603/489/585
f 604/620/586 605/623/591 776/624/592 602/621/587
f 606/622/590 607/625/593 605/623/591 604/620/586
f 607/625/593 608/626/594 609/627/595 605/623/591
f 609/627/595 608/626/594 610/628/596 611/629/597
f 614/630/598 611/629/597 610/628/596 612/631/599
f 612/631/600 613/632/601 615/633/602 614/630/603
f 616/634/604 617/635/605 611/629/597 614/630/598
f 614/630/603 615/633/602 618/636/606 616/634/607
f 620/637/608 619/638/609 618/636/606 615/633/602
f 622/639/610 621/640/611 619/638/609 620/637/608
f 621/640/611 622/639/610 624/641/612 623/642/613
f 625/643/614 623/642/613 624/641/612 626/644/615
f 625/643/614 626/644/615 629/645/616 627/646/617
f 629/645/618 630/647/619 628/648/620 627/646/621
f 626/644/615 632/649/622 631/650/623 629/645/616
f 633/651/624 630/647/619 629/645/618 631/650/625
f 630/647/619 633/651/624 634/652/626 635/653/627
f 638/654/628 635/653/627 634/652/626 636/655/629
f 638/654/628 636/655/629 637/656/630 639/657/631
f 640/658/632 641/659/633 635/653/627 638/654/628
f 640/658/632 638/654/628 639/657/631 642/660/634
f 643/661/635 642/660/634 639/657/631 644/662/636
f 643/661/635 644/662/636 647/663/637 645/664/638
f 649/665/639 646/666/640 645/664/638 647/663/637
f 644/662/636 771/667/641 648/668/642 647/663/637
f 650/669/643 649/665/639 647/663/637 648/668/642
f 653/670/644 646/666/640 649/665/639 651/671/645
f 651/671/645 649/665/639 650/669/643 654/672/646
f 653/670/644 651/671/645 652/673/647 665/674/648
f 651/671/645 654/672/646 655/675/649 652/673/647
f 657/676/650 652/673/647 655/675/649 656/677/651
f 657/676/652 656/677/653 658/678/654 660/679/655
f 661/680/656 660/679/655 658/678/654 659/681/657
f 663/682/658 662/683/659 660/679/655 661/680/656
f 664/684/660 657/676/652 660/679/655 662/683/659
f 664/684/661 665/674/648 652/673/647 657/676/650
f 663/682/658 661/680/656 668/685/662 666/686/663
f 667/687/664 666/686/663 668/685/662 670/688/665
f 661/680/656 659/681/657 669/689/666 668/685/662
f 670/688/665 668/685/662 669/689/666 671/690/667
f 667/687/664 670/688/665 672/691/668 673/692/669
f 670/688/665 671/690/667 674/693/670 672/691/668
f 678/694/671 673/692/669 672/691/668 675/695/672
f 675/695/672 672/691/668 674/693/670 676/696/673
f 675/695/672 676/696/673 685/697/674 677/698/675
f 678/694/671 675/695/672 677/698/675 679/699/676
f 682/700/677 680/701/678 679/699/676 677/698/675
f 682/700/677 683/702/679 681/703/680 680/701/678
f 684/704/681 686/705/682 683/702/679 682/700/677
f 684/704/681 682/700/677 677/698/675 685/697/674
f 689/706/683 683/702/679 686/705/682 687/707/684
f 689/706/683 687/707/684 688/708/685 690/709/686
f 691/710/687 681/703/680 683/702/679 689/706/683
f 691/710/687 689/706/683 690/709/686 692/711/688
f 693/712/689 692/711/688 690/709/686 694/713/690
f 693/712/689 694/713/690 697/714/691 695/715/692
f 696/716/693 695/715/692 697/714/691 699/717/694
f 694/713/690 770/718/695 698/719/696 697/714/691
f 699/717/694 697/714/691 698/719/696 700/720/697
f 699/717/694 700/720/697 703/721/698 701/722/699
f 696/716/693 699/717/694 701/722/699 704/723/700
f 705/724/701 704/723/700 701/722/699 702/725/702
f 702/725/702 701/722/699 703/721/698 721/726/703
f 705/724/704 702/725/705 707/727/706 706/728/707
f 708/729/708 706/728/707 707/727/706 709/730/709
f 708/729/708 709/730/709 711/731/710 710/732/711
f 711/731/710 714/733/712 712/734/713 710/732/711
f 713/735/714 712/734/713 714/733/712 715/736/715
f 715/736/715 714/733/712 716/737/716 717/738/717
f 718/739/718 716/737/716 714/733/712 711/731/710
f 709/730/709 719/740/719 718/739/718 711/731/710
f 709/730/709 707/727/706 720/741/720 719/740/719
f 702/725/705 721/726/721 720/741/720 707/727/706
f 715/736/715 717/738/717 722/742/722 724/743/723
f 726/744/724 724/743/723 722/742/722 723/745/725
f 713/735/714 715/736/715 724/743/723 725/746/726
f 727/747/727 725/746/726 724/743/723 726/744/724
f 726/744/724 723/745/725 730/748/728 728/749/729
f 727/747/727 726/744/724 728/749/729 731/750/730
f 732/751/731 731/750/730 728/749/729 729/752/732
f 729/752/732 728/749/729 730/748/728 769/753/733
f 732/751/731 729/752/732 734/754/734 733/755/735
f 736/756/736 735/757/737 733/755/735 734/754/734
f 737/758/738 735/757/739 736/756/740 738/759/741
f 739/760/742 737/758/738 738/759/741 741/761/743
f 739/760/742 741/761/743 743/762/744 740/763/745
f 741/761/743 738/759/741 766/764/746 742/765/747
f 741/761/743 742/765/747 744/766/748 743/762/744
f 748/767/749 740/763/745 743/762/744 745/768/750
f 745/768/750 743/762/744 744/766/748 747/769/751
f 765/770/752 746/771/753 745/768/750 747/769/751
f 745/768/750 746/771/753 749/772/754 748/767/749
f 746/771/753 751/773/755 750/774/756 749/772/754
f 754/775/757 752/776/758 750/774/756 751/773/755
f 752/776/759 754/775/760 755/777/761 753/778/762
f 754/775/760 756/779/763 758/780/764 755/777/761
f 756/779/765 754/775/757 751/773/755 757/781/766
f 760/782/767 755/777/761 758/780/764 759/783/768
f 761/784/769 762/785/770 760/782/767 759/783/768
f 595/553/579 597/552/578 762/785/770 761/784/769
f 597/552/578 599/555/581 763/786/771 762/785/770
f 760/782/767 762/785/770 763/786/771 764/787/772
f 764/787/772 753/778/762 755/777/761 760/782/767
f 757/781/766 751/773/755 746/771/753 765/770/752
f 738/759/741 736/756/740 767/788/773 766/764/746
f 767/788/774 736/756/736 734/754/734 768/789/775
f 729/752/732 769/753/733 768/789/775 734/754/734
f 694/713/690 690/709/686 688/708/685 770/718/695
f 644/662/636 639/657/631 637/656/630 771/667/641
f 628/648/620 630/647/619 635/653/627 641/659/633
f 626/644/615 624/641/612 772/790/776 632/649/622
f 622/639/610 773/791/777 772/790/776 624/641/612
f 774/792/778 773/791/777 622/639/610 620/637/608
f 613/632/601 774/792/778 620/637/608 615/633/602
f 775/793/779 609/627/595 611/629/597 617/635/605
f 609/627/595 775/793/779 776/624/592 605/623/591
f 778/484/780 782/485/780 780/486/781 777/487/781
f 778/484/782 777/487/783 779/488/783 943/489/782
f 779/490/784 777/491/784 780/492/784 781/493/784 791/494/784 792/495/784 793/496/784 795/497/784 796/498/784 961/499/784 960/500/784 959/501/784 958/502/784 957/503/784 956/504/784 955/505/784 822/506/784 821/507/784 823/508/784 824/509/784 825/510/784 833/511/784 835/512/784 839/513/784 840/514/784 841/515/784 843/516/784 844/517/784 855/518/784 856/519/784 857/520/784 858/521/784 867/522/784 868/523/784 869/524/784 871/525/784 873/526/784 874/527/784 952/528/784 951/529/784 950/530/784 949/531/784 948/532/784 892/533/784 894/534/784 897/535/784 947/536/784 903/537/784 905/538/784 908/539/784 946/540/784 945/541/784 916/542/784 918/543/784 921/544/784 944/545/784 927/546/784 930/547/784 931/548/784 932/549/784 934/550/784 935/551/784
f 780/486/785 782/485/786 783/552/787 781/553/788
f 784/554/789 782/485/780 778/484/780 785/556/789
f 782/485/786 784/554/790 786/555/791 783/552/787
f 954/557/792 864/558/792 863/559/792 862/560/792 861/561/792 852/562/792 851/563/792 848/564/792 847/565/792 849/566/792 850/567/792 838/568/792 831/569/792 830/570/792 829/571/792 828/572/792 818/573/792 817/574/792 815/575/792 813/576/792 811/577/792 809/578/792 807/579/792 805/580/792 803/581/792 802/582/792 801/583/792 798/584/792 962/585/792 788/586/792 787/587/792 786/588/792 784/589/792 785/590/792 942/591/792 939/592/792 938/593/792 940/594/792 941/595/792 925/596/792 924/597/792 923/598/792 922/599/792 914/600/792 913/601/792 911/602/792 910/603/792 909/604/792 901/605/792 900/606/792 899/607/792 898/608/792 890/609/792 889/610/792 887/611/792 885/612/792 883/613/792 881/614/792 880/615/792 879/616/792 876/617/792 953/618/792
f 783/552/787 786/555/791 787/786/793 789/785/794
f 790/782/795 789/785/794 787/786/793 788/787/796
f 781/553/788 783/552/787 789/785/794 791/784/797
f 791/784/797 789/785/794 790/782/795 792/783/798
f 790/782/795 794/777/799 793/780/800 792/783/798
f 797/775/801 795/779/802 793/780/800 794/777/799
f 795/779/803 797/775/804 799/773/805 796/781/806
f 798/776/807 797/775/801 794/777/799 962/778/808
f 797/775/804 798/776/809 801/774/810 799/773/805
f 796/781/806 799/773/805 800/771/811 961/770/812
f 800/771/811 799/773/805 801/774/810 802/772/813
f 804/768/814 800/771/811 802/772/813 803/767/815
f 803/767/815 805/763/816 806/762/817 804/768/814
f 807/760/818 808/761/819 806/762/817 805/763/816
f 807/760/818 809/758/820 810/759/821 808/761/819
f 809/758/820 811/757/822 812/756/823 810/759/821
f 812/756/824 811/757/825 813/755/826 814/754/827
f 815/751/828 816/752/829 814/754/827 813/755/826
f 815/751/828 817/750/830 819/749/831 816/752/829
f 818/747/832 820/744/833 819/749/831 817/750/830
f 816/752/829 819/749/831 821/748/834 822/753/835
f 820/744/833 823/745/836 821/748/834 819/749/831
f 820/744/833 826/743/837 824/742/838 823/745/836
f 827/736/839 825/738/840 824/742/838 826/743/837
f 829/735/841 827/736/839 826/743/837 828/746/842
f 818/747/832 828/746/842 826/743/837 820/744/833
f 829/735/841 830/734/843 832/733/844 827/736/839
f 834/731/845 832/733/844 830/734/843 831/732/846
f 827/736/839 832/733/844 833/737/847 825/738/840
f 835/739/848 833/737/847 832/733/844 834/731/845
f 838/729/849 836/730/850 834/731/845 831/732/846
f 836/730/850 839/740/851 835/739/848 834/731/845
f 838/729/849 850/728/852 837/727/853 836/730/850
f 836/730/850 837/727/853 840/741/854 839/740/851
f 842/725/855 841/726/856 840/741/854 837/727/853
f 842/725/857 845/722/858 843/721/859 841/726/860
f 846/717/861 844/720/862 843/721/859 845/722/858
f 849/724/863 847/723/864 845/722/858 842/725/857
f 848/716/865 846/717/861 845/722/858 847/723/864
f 849/724/866 842/725/855 837/727/853 850/728/852
f 848/716/865 851/715/867 853/714/868 846/717/861
f 852/712/869 854/713/870 853/714/868 851/715/867
f 854/713/870 856/718/871 855/719/872 853/714/868
f 846/717/861 853/714/868 855/719/872 844/720/862
f 854/713/870 859/709/873 857/708/874 856/718/871
f 860/706/875 858/707/876 857/708/874 859/709/873
f 862/710/877 860/706/875 859/709/873 861/711/878
f 852/712/869 861/711/878 859/709/873 854/713/870
f 862/710/877 863/703/879 865/702/880 860/706/875
f 866/700/881 865/702/880 863/703/879 864/701/882
f 868/704/883 867/705/884 865/702/880 866/700/881
f 860/706/875 865/702/880 867/705/884 858/707/876
f 868/704/883 866/700/881 870/698/885 869/697/886
f 872/695/887 871/696/888 869/697/886 870/698/885
f 872/695/887 875/691/889 873/693/890 871/696/888
f 877/688/891 874/690/892 873/693/890 875/691/889
f 953/694/893 876/692/894 875/691/889 872/695/887
f 879/687/895 877/688/891 875/691/889 876/692/894
f 877/688/891 878/685/896 952/689/897 874/690/892
f 879/687/895 880/686/898 878/685/896 877/688/891
f 881/682/899 882/680/900 878/685/896 880/686/898
f 881/682/899 883/683/901 884/679/902 882/680/900
f 885/684/903 886/676/904 884/679/902 883/683/901
f 885/684/905 887/674/906 888/673/907 886/676/908
f 889/670/909 891/671/910 888/673/907 887/674/906
f 889/670/909 890/666/911 893/665/912 891/671/910
f 891/671/910 892/672/913 948/675/914 888/673/907
f 891/671/910 893/665/912 894/669/915 892/672/913
f 893/665/912 890/666/911 898/664/916 895/663/917
f 894/669/915 893/665/912 895/663/917 897/668/918
f 899/661/919 896/662/920 895/663/917 898/664/916
f 896/662/920 947/667/921 897/668/918 895/663/917
f 899/661/919 900/660/922 902/657/923 896/662/920
f 901/658/924 904/654/925 902/657/923 900/660/922
f 896/662/920 902/657/923 903/656/926 947/667/921
f 904/654/925 905/655/927 903/656/926 902/657/923
f 904/654/925 906/653/928 908/652/929 905/655/927
f 901/658/924 909/659/930 906/653/928 904/654/925
f 910/648/931 907/647/932 906/653/928 909/659/930
f 907/647/932 946/651/933 908/652/929 906/653/928
f 912/645/934 907/647/932 910/648/931 911/646/935
f 913/643/936 915/644/937 912/645/938 911/646/939
f 913/643/936 914/642/940 917/641/941 915/644/937
f 915/644/937 916/649/942 945/650/943 912/645/938
f 915/644/937 917/641/941 918/790/944 916/649/942
f 922/640/945 919/639/946 917/641/941 914/642/940
f 919/639/946 921/791/947 918/790/944 917/641/941
f 944/792/948 921/791/947 919/639/946 920/637/949
f 919/639/946 922/640/945 923/638/950 920/637/949
f 920/637/949 923/638/950 924/636/951 926/633/952
f 928/630/953 926/633/952 924/636/951 925/634/954
f 927/632/955 944/792/948 920/637/949 926/633/952
f 930/631/956 927/632/955 926/633/952 928/630/953
f 925/634/957 941/635/958 929/629/959 928/630/960
f 928/630/960 929/629/959 931/628/961 930/631/962
f 933/627/963 932/626/964 931/628/961 929/629/959
f 934/625/965 932/626/964 933/627/963 936/623/966
f 935/622/967 934/625/965 936/623/966 937/620/968
f 937/620/968 936/623/966 938/624/969 939/621/970
f 933/627/963 940/793/971 938/624/969 936/623/966
f 940/793/971 933/627/963 929/629/959 941/635/958
f 943/489/972 937/620/968 939/621/970 942/619/973
f 942/619/974 785/556/974 778/484/782 943/489/782
f 779/488/975 935/622/967 937/620/968 943/489/972
f 946/651/933 907/647/932 912/645/934 945/650/976
f 886/676/908 888/673/907 948/675/914 949/677/977
f 886/676/904 949/677/978 950/678/979 884/679/902
f 882/680/900 884/679/902 950/678/979 951/681/980
f 882/680/900 951/681/980 952/689/897 878/685/896
f 953/694/893 872/695/887 870/698/885 954/699/981
f 866/700/881 864/701/882 954/699/981 870/698/885
f 816/752/829 822/753/835 955/789/982 814/754/827
f 956/788/983 812/756/824 814/754/827 955/789/982
f 810/759/821 812/756/823 956/788/984 957/764/985
f 808/761/819 810/759/821 957/764/985 958/765/986
f 808/761/819 958/765/986 959/766/987 806/762/817
f 804/768/814 806/762/817 959/766/987 960/769/988
f 961/770/812 800/771/811 804/768/814 960/769/988
f 788/787/796 962/778/808 794/777/799 790/782/795
f 3687/484/3917 3691/485/3917 3689/486/3918 3686/487/3918
f 3687/484/3919 3686/487/3920 3688/488/3920 3855/489/3919
f 3688/490/3921 3686/491/3921 3689/492/3921 3690/493/3921 3700/494/3921 3701/495/3921 3702/496/3921 3704/497/3921 3705/498/3921 3871/499/3921 3870/500/3921 3718/501/3921 3721/502/3921 3722/503/3921 3723/504/3921 3724/505/3921 3868/506/3921 3867/507/3921 3866/508/3921 3738/509/3921 3741/510/3921 3742/511/3921 3743/512/3921 3744/513/3921 3864/514/3921 3863/515/3921 3862/516/3921 3762/517/3921 3761/518/3921 3763/519/3921 3764/520/3921 3766/521/3921 3767/522/3921 3861/523/3921 3778/524/3921 3780/525/3921 3783/526/3921 3860/527/3921 3859/528/3921 3791/529/3921 3794/530/3921 3795/531/3921 3796/532/3921 3798/533/3921 3799/534/3921 3809/535/3921 3810/536/3921 3811/537/3921 3812/538/3921 3857/539/3921 3822/540/3921 3824/541/3921 3828/542/3921 3829/543/3921 3830/544/3921 3832/545/3921 3834/546/3921 3836/547/3921 3838/548/3921 3839/549/3921 3852/550/3921 3854/551/3921
f 3689/486/3922 3691/485/3923 3692/552/3924 3690/553/3925
f 3691/485/3923 3693/554/3926 3695/555/3927 3692/552/3924
f 3693/554/3928 3691/485/3917 3687/484/3917 3694/556/3928
f 3775/557/3929 3773/558/3929 3772/559/3929 3770/560/3929 3771/561/3929 3758/562/3929 3757/563/3929 3755/564/3929 3753/565/3929 3751/566/3929 3750/567/3929 3749/568/3929 3746/569/3929 3865/570/3929 3736/571/3929 3735/572/3929 3733/573/3929 3731/574/3929 3730/575/3929 3729/576/3929 3726/577/3929 3869/578/3929 3716/579/3929 3715/580/3929 3713/581/3929 3711/582/3929 3709/583/3929 3708/584/3929 3710/585/3929 3697/586/3929 3696/587/3929 3695/588/3929 3693/589/3929 3694/590/3929 3856/591/3929 3850/592/3929 3849/593/3929 3843/594/3929 3842/595/3929 3844/596/3929 3845/597/3929 3846/598/3929 3847/599/3929 3848/600/3929 3827/601/3929 3820/602/3929 3819/603/3929 3817/604/3929 3816/605/3929 3815/606/3929 3806/607/3929 3805/608/3929 3804/609/3929 3802/610/3929 3803/611/3929 3858/612/3929 3789/613/3929 3788/614/3929 3786/615/3929 3785/616/3929 3784/617/3929 3776/618/3929
f 3692/552/3924 3695/555/3927 3696/786/3930 3698/785/3931
f 3699/782/3932 3698/785/3931 3696/786/3930 3697/787/3933
f 3690/553/3925 3692/552/3924 3698/785/3931 3700/784/3934
f 3700/784/3934 3698/785/3931 3699/782/3932 3701/783/3935
f 3699/782/3932 3703/777/3936 3702/780/3937 3701/783/3935
f 3706/775/3938 3704/779/3939 3702/780/3937 3703/777/3936
f 3704/779/3940 3706/775/3941 3707/773/3942 3705/781/3943
f 3708/776/3944 3706/775/3938 3703/777/3936 3710/778/3945
f 3706/775/3941 3708/776/3946 3709/774/3947 3707/773/3942
f 3697/787/3933 3710/778/3945 3703/777/3936 3699/782/3932
f 3712/771/3948 3707/773/3942 3709/774/3947 3711/772/3949
f 3714/768/3950 3712/771/3948 3711/772/3949 3713/767/3951
f 3713/767/3951 3715/763/3952 3717/762/3953 3714/768/3950
f 3716/760/3954 3719/761/3955 3717/762/3953 3715/763/3952
f 3719/761/3955 3721/765/3956 3718/766/3957 3717/762/3953
f 3714/768/3950 3717/762/3953 3718/766/3957 3870/769/3958
f 3716/760/3954 3869/758/3959 3720/759/3960 3719/761/3955
f 3719/761/3955 3720/759/3960 3722/764/3961 3721/765/3956
f 3720/759/3960 3725/756/3962 3723/788/3963 3722/764/3961
f 3723/788/3964 3725/756/3965 3727/754/3966 3724/789/3967
f 3725/756/3965 3726/757/3968 3729/755/3969 3727/754/3966
f 3869/758/3959 3726/757/3970 3725/756/3962 3720/759/3960
f 3728/752/3971 3868/753/3972 3724/789/3967 3727/754/3966
f 3730/751/3973 3728/752/3971 3727/754/3966 3729/755/3969
f 3730/751/3973 3731/750/3974 3732/749/3975 3728/752/3971
f 3733/747/3976 3734/744/3977 3732/749/3975 3731/750/3974
f 3733/747/3976 3735/746/3978 3737/743/3979 3734/744/3977
f 3736/735/3980 3739/736/3981 3737/743/3979 3735/746/3978
f 3734/744/3977 3737/743/3979 3738/742/3982 3866/745/3983
f 3739/736/3981 3741/738/3984 3738/742/3982 3737/743/3979
f 3736/735/3980 3865/734/3985 3740/733/3986 3739/736/3981
f 3739/736/3981 3740/733/3986 3742/737/3987 3741/738/3984
f 3743/739/3988 3742/737/3987 3740/733/3986 3745/731/3989
f 3747/730/3990 3744/740/3991 3743/739/3988 3745/731/3989
f 3745/731/3989 3740/733/3986 3865/734/3985 3746/732/3992
f 3749/729/3993 3747/730/3990 3745/731/3989 3746/732/3992
f 3747/730/3990 3748/727/3994 3864/741/3995 3744/740/3991
f 3749/729/3993 3750/728/3996 3748/727/3994 3747/730/3990
f 3751/724/3997 3752/725/3998 3748/727/3994 3750/728/3996
f 3751/724/3999 3753/723/4000 3754/722/4001 3752/725/4002
f 3755/716/4003 3756/717/4004 3754/722/4001 3753/723/4000
f 3755/716/4003 3757/715/4005 3759/714/4006 3756/717/4004
f 3758/712/4007 3760/713/4008 3759/714/4006 3757/715/4005
f 3756/717/4004 3759/714/4006 3761/719/4009 3762/720/4010
f 3760/713/4008 3763/718/4011 3761/719/4009 3759/714/4006
f 3760/713/4008 3765/709/4012 3764/708/4013 3763/718/4011
f 3768/706/4014 3766/707/4015 3764/708/4013 3765/709/4012
f 3768/706/4014 3769/702/4016 3767/705/4017 3766/707/4015
f 3770/710/4018 3768/706/4014 3765/709/4012 3771/711/4019
f 3770/710/4018 3772/703/4020 3769/702/4016 3768/706/4014
f 3774/700/4021 3769/702/4016 3772/703/4020 3773/701/4022
f 3774/700/4021 3773/701/4022 3775/699/4023 3777/698/4024
f 3776/694/4025 3779/695/4026 3777/698/4024 3775/699/4023
f 3861/704/4027 3774/700/4021 3777/698/4024 3778/697/4028
f 3779/695/4026 3780/696/4029 3778/697/4028 3777/698/4024
f 3779/695/4026 3781/691/4030 3783/693/4031 3780/696/4029
f 3776/694/4025 3784/692/4032 3781/691/4030 3779/695/4026
f 3785/687/4033 3782/688/4034 3781/691/4030 3784/692/4032
f 3782/688/4034 3860/690/4035 3783/693/4031 3781/691/4030
f 3785/687/4033 3786/686/4036 3787/685/4037 3782/688/4034
f 3788/682/4038 3790/680/4039 3787/685/4037 3786/686/4036
f 3788/682/4038 3789/683/4040 3792/679/4041 3790/680/4039
f 3790/680/4039 3791/681/4042 3859/689/4043 3787/685/4037
f 3790/680/4039 3792/679/4041 3794/678/4044 3791/681/4042
f 3858/684/4045 3793/676/4046 3792/679/4041 3789/683/4040
f 3793/676/4046 3795/677/4047 3794/678/4044 3792/679/4041
f 3793/676/4048 3797/673/4049 3796/675/4050 3795/677/4051
f 3800/671/4052 3798/672/4053 3796/675/4050 3797/673/4049
f 3800/671/4052 3801/665/4054 3799/669/4055 3798/672/4053
f 3802/670/4056 3800/671/4052 3797/673/4049 3803/674/4057
f 3802/670/4056 3804/666/4058 3801/665/4054 3800/671/4052
f 3801/665/4054 3804/666/4058 3805/664/4059 3807/663/4060
f 3806/661/4061 3808/662/4062 3807/663/4060 3805/664/4059
f 3808/662/4062 3810/667/4063 3809/668/4064 3807/663/4060
f 3799/669/4055 3801/665/4054 3807/663/4060 3809/668/4064
f 3808/662/4062 3813/657/4065 3811/656/4066 3810/667/4063
f 3814/654/4067 3812/655/4068 3811/656/4066 3813/657/4065
f 3816/658/4069 3814/654/4067 3813/657/4065 3815/660/4070
f 3806/661/4061 3815/660/4070 3813/657/4065 3808/662/4062
f 3816/658/4069 3817/659/4071 3818/653/4072 3814/654/4067
f 3819/648/4073 3821/647/4074 3818/653/4072 3817/659/4071
f 3823/645/4075 3821/647/4074 3819/648/4073 3820/646/4076
f 3821/647/4074 3822/651/4077 3857/652/4078 3818/653/4072
f 3822/651/4077 3821/647/4074 3823/645/4075 3824/650/4079
f 3827/643/4080 3825/644/4081 3823/645/4082 3820/646/4083
f 3825/644/4081 3828/649/4084 3824/650/4085 3823/645/4082
f 3827/643/4080 3848/642/4086 3826/641/4087 3825/644/4081
f 3825/644/4081 3826/641/4087 3829/790/4088 3828/649/4084
f 3831/639/4089 3830/791/4090 3829/790/4088 3826/641/4087
f 3832/792/4091 3830/791/4090 3831/639/4089 3833/637/4092
f 3834/632/4093 3832/792/4091 3833/637/4092 3835/633/4094
f 3836/631/4095 3834/632/4093 3835/633/4094 3837/630/4096
f 3837/630/4097 3840/629/4098 3838/628/4099 3836/631/4100
f 3841/627/4101 3839/626/4102 3838/628/4099 3840/629/4098
f 3844/634/4103 3842/635/4104 3840/629/4098 3837/630/4097
f 3843/793/4105 3841/627/4101 3840/629/4098 3842/635/4104
f 3837/630/4096 3835/633/4094 3845/636/4106 3844/634/4107
f 3833/637/4092 3846/638/4108 3845/636/4106 3835/633/4094
f 3831/639/4089 3847/640/4109 3846/638/4108 3833/637/4092
f 3847/640/4109 3831/639/4089 3826/641/4087 3848/642/4086
f 3841/627/4101 3843/793/4105 3849/624/4110 3851/623/4111
f 3853/620/4112 3851/623/4111 3849/624/4110 3850/621/4113
f 3852/625/4114 3839/626/4102 3841/627/4101 3851/623/4111
f 3854/622/4115 3852/625/4114 3851/623/4111 3853/620/4112
f 3688/488/4116 3854/622/4115 3853/620/4112 3855/489/4117
f 3855/489/4117 3853/620/4112 3850/621/4113 3856/619/4118
f 3856/619/4119 3694/556/4119 3687/484/3919 3855/489/3919
f 3814/654/4067 3818/653/4072 3857/652/4078 3812/655/4068
f 3858/684/4120 3803/674/4057 3797/673/4049 3793/676/4048
f 3782/688/4034 3787/685/4037 3859/689/4043 3860/690/4035
f 3861/704/4027 3767/705/4017 3769/702/4016 3774/700/4021
f 3758/712/4007 3771/711/4019 3765/709/4012 3760/713/4008
f 3756/717/4004 3762/720/4010 3862/721/4121 3754/722/4001
f 3752/725/4002 3754/722/4001 3862/721/4121 3863/726/4122
f 3752/725/3998 3863/726/4123 3864/741/3995 3748/727/3994
f 3734/744/3977 3866/745/3983 3867/748/4124 3732/749/3975
f 3728/752/3971 3732/749/3975 3867/748/4124 3868/753/3972
f 3871/770/4125 3712/771/3948 3714/768/3950 3870/769/3958
f 3705/781/3943 3707/773/3942 3712/771/3948 3871/770/4125
f 3873/484/4126 3877/485/4126 3875/486/4127 3872/487/4127
f 3873/484/4128 3872/487/4129 3874/488/4129 4031/489/4128
f 3874/490/4130 3872/491/4130 3875/492/4130 3876/493/4130 3885/494/4130 3887/495/4130 3889/496/4130 3893/497/4130 4057/498/4130 4056/499/4130 4055/500/4130 4054/501/4130 4053/502/4130 3907/503/4130 3909/504/4130 3913/505/4130 3914/506/4130 3915/507/4130 3917/508/4130 3918/509/4130 4050/510/4130 3928/511/4130 3930/512/4130 3932/513/4130 4049/514/4130 4048/515/4130 4047/516/4130 4046/517/4130 3945/518/4130 3947/519/4130 3951/520/4130 3952/521/4130 3953/522/4130 3954/523/4130 3960/524/4130 3982/525/4130 3981/526/4130 3980/527/4130 3979/528/4130 3978/529/4130 3976/530/4130 3977/531/4130 3983/532/4130 3984/533/4130 4044/534/4130 4043/535/4130 4042/536/4130 4041/537/4130 4000/538/4130 4002/539/4130 4004/540/4130 4040/541/4130 4015/542/4130 4014/543/4130 4016/544/4130 4017/545/4130 4019/546/4130 4021/547/4130 4023/548/4130 4025/549/4130 4027/550/4130 4029/551/4130
f 3875/486/4131 3877/485/4132 3878/552/4133 3876/553/4134
f 3879/554/4135 3877/485/4126 3873/484/4126 3880/556/4135
f 3877/485/4132 3879/554/4136 3881/555/4137 3878/552/4133
f 3962/557/4138 3958/558/4138 3956/559/4138 4045/560/4138 3950/561/4138 3943/562/4138 3942/563/4138 3940/564/4138 3938/565/4138 3936/566/4138 3935/567/4138 3934/568/4138 3926/569/4138 3925/570/4138 3924/571/4138 3923/572/4138 3920/573/4138 4051/574/4138 4052/575/4138 3912/576/4138 3905/577/4138 3904/578/4138 3902/579/4138 3900/580/4138 3898/581/4138 3896/582/4138 3895/583/4138 3894/584/4138 3890/585/4138 3883/586/4138 3882/587/4138 3881/588/4138 3879/589/4138 3880/590/4138 4033/591/4138 4032/592/4138 4034/593/4138 4035/594/4138 4036/595/4138 4037/596/4138 4038/597/4138 4039/598/4138 4011/599/4138 4010/600/4138 4008/601/4138 4007/602/4138 4006/603/4138 3998/604/4138 3997/605/4138 3995/606/4138 3993/607/4138 3991/608/4138 3990/609/4138 3989/610/4138 3986/611/4138 3973/612/4138 3972/613/4138 3970/614/4138 3968/615/4138 3966/616/4138 3964/617/4138 3963/618/4138
f 3878/552/4133 3881/555/4137 3882/786/4139 3884/785/4140
f 3886/782/4141 3884/785/4140 3882/786/4139 3883/787/4142
f 3885/784/4143 3884/785/4140 3886/782/4141 3887/783/4144
f 3876/553/4134 3878/552/4133 3884/785/4140 3885/784/4143
f 3883/787/4142 3890/778/4145 3888/777/4146 3886/782/4141
f 3886/782/4141 3888/777/4146 3889/780/4147 3887/783/4144
f 3891/775/4148 3893/779/4149 3889/780/4147 3888/777/4146
f 3894/776/4150 3891/775/4148 3888/777/4146 3890/778/4145
f 3891/775/4151 3894/776/4152 3895/774/4153 3892/773/4154
f 3893/779/4155 3891/775/4151 3892/773/4154 4057/781/4156
f 3897/771/4157 3892/773/4154 3895/774/4153 3896/772/4158
f 3899/768/4159 3897/771/4157 3896/772/4158 3898/767/4160
f 3898/767/4160 3900/763/4161 3901/762/4162 3899/768/4159
f 3902/760/4163 3903/761/4164 3901/762/4162 3900/763/4161
f 3902/760/4163 3904/758/4165 3906/759/4166 3903/761/4164
f 3904/758/4165 3905/757/4167 3908/756/4168 3906/759/4166
f 3906/759/4166 3908/756/4168 3909/788/4169 3907/764/4170
f 3903/761/4164 3906/759/4166 3907/764/4170 4053/765/4171
f 3908/756/4172 3905/757/4173 3912/755/4174 3910/754/4175
f 3909/788/4176 3908/756/4172 3910/754/4175 3913/789/4177
f 4052/751/4178 3911/752/4179 3910/754/4175 3912/755/4174
f 3911/752/4179 3914/753/4180 3913/789/4177 3910/754/4175
f 3911/752/4179 3916/749/4181 3915/748/4182 3914/753/4180
f 3919/744/4183 3917/745/4184 3915/748/4182 3916/749/4181
f 3919/744/4183 3921/743/4185 3918/742/4186 3917/745/4184
f 3920/747/4187 3919/744/4183 3916/749/4181 4051/750/4188
f 3920/747/4187 3923/746/4189 3921/743/4185 3919/744/4183
f 3922/736/4190 4050/738/4191 3918/742/4186 3921/743/4185
f 3924/735/4192 3922/736/4190 3921/743/4185 3923/746/4189
f 3924/735/4192 3925/734/4193 3927/733/4194 3922/736/4190
f 3929/731/4195 3927/733/4194 3925/734/4193 3926/732/4196
f 3922/736/4190 3927/733/4194 3928/737/4197 4050/738/4191
f 3930/739/4198 3928/737/4197 3927/733/4194 3929/731/4195
f 3931/730/4199 3932/740/4200 3930/739/4198 3929/731/4195
f 3934/729/4201 3931/730/4199 3929/731/4195 3926/732/4196
f 3931/730/4199 3933/727/4202 4049/741/4203 3932/740/4200
f 3934/729/4201 3935/728/4204 3933/727/4202 3931/730/4199
f 3936/724/4205 3937/725/4206 3933/727/4202 3935/728/4204
f 3936/724/4207 3938/723/4208 3939/722/4209 3937/725/4210
f 3940/716/4211 3941/717/4212 3939/722/4209 3938/723/4208
f 3940/716/4211 3942/715/4213 3944/714/4214 3941/717/4212
f 3943/712/4215 3946/713/4216 3944/714/4214 3942/715/4213
f 3941/717/4212 3944/714/4214 3945/719/4217 4046/720/4218
f 3946/713/4216 3947/718/4219 3945/719/4217 3944/714/4214
f 3946/713/4216 3948/709/4220 3951/708/4221 3947/718/4219
f 3943/712/4215 3950/711/4222 3948/709/4220 3946/713/4216
f 4045/710/4223 3949/706/4224 3948/709/4220 3950/711/4222
f 3949/706/4224 3952/707/4225 3951/708/4221 3948/709/4220
f 3949/706/4224 3955/702/4226 3953/705/4227 3952/707/4225
f 3954/704/4228 3953/705/4227 3955/702/4226 3957/700/4229
f 4045/710/4223 3956/703/4230 3955/702/4226 3949/706/4224
f 3957/700/4229 3955/702/4226 3956/703/4230 3958/701/4231
f 3954/704/4228 3957/700/4229 3959/698/4232 3960/697/4233
f 3957/700/4229 3958/701/4231 3962/699/4234 3959/698/4232
f 3961/695/4235 3982/696/4236 3960/697/4233 3959/698/4232
f 3963/694/4237 3961/695/4235 3959/698/4232 3962/699/4234
f 3963/694/4237 3964/692/4238 3965/691/4239 3961/695/4235
f 3966/687/4240 3967/688/4241 3965/691/4239 3964/692/4238
f 3966/687/4240 3968/686/4242 3969/685/4243 3967/688/4241
f 3970/682/4244 3971/680/4245 3969/685/4243 3968/686/4242
f 3970/682/4244 3972/683/4246 3974/679/4247 3971/680/4245
f 3973/684/4248 3975/676/4249 3974/679/4247 3972/683/4246
f 3971/680/4245 3974/679/4247 3976/678/4250 3978/681/4251
f 3975/676/4249 3977/677/4252 3976/678/4250 3974/679/4247
f 3971/680/4245 3978/681/4251 3979/689/4253 3969/685/4243
f 3967/688/4241 3969/685/4243 3979/689/4253 3980/690/4254
f 3967/688/4241 3980/690/4254 3981/693/4255 3965/691/4239
f 3961/695/4235 3965/691/4239 3981/693/4255 3982/696/4236
f 3975/676/4256 3985/673/4257 3983/675/4258 3977/677/4259
f 3987/671/4260 3984/672/4261 3983/675/4258 3985/673/4257
f 3973/684/4262 3986/674/4263 3985/673/4257 3975/676/4256
f 3989/670/4264 3987/671/4260 3985/673/4257 3986/674/4263
f 3987/671/4260 3988/665/4265 4044/669/4266 3984/672/4261
f 3989/670/4264 3990/666/4267 3988/665/4265 3987/671/4260
f 3988/665/4265 3990/666/4267 3991/664/4268 3992/663/4269
f 3993/661/4270 3994/662/4271 3992/663/4269 3991/664/4268
f 3993/661/4270 3995/660/4272 3996/657/4273 3994/662/4271
f 3997/658/4274 3999/654/4275 3996/657/4273 3995/660/4272
f 3997/658/4274 3998/659/4276 4001/653/4277 3999/654/4275
f 3999/654/4275 4000/655/4278 4041/656/4279 3996/657/4273
f 3999/654/4275 4001/653/4277 4002/652/4280 4000/655/4278
f 4003/647/4281 4004/651/4282 4002/652/4280 4001/653/4277
f 4006/648/4283 4003/647/4281 4001/653/4277 3998/659/4276
f 4004/651/4282 4003/647/4281 4005/645/4284 4040/650/4285
f 4005/645/4284 4003/647/4281 4006/648/4283 4007/646/4286
f 4008/643/4287 4009/644/4288 4005/645/4289 4007/646/4290
f 4008/643/4287 4010/642/4291 4012/641/4292 4009/644/4288
f 4011/640/4293 4013/639/4294 4012/641/4292 4010/642/4291
f 4009/644/4288 4012/641/4292 4014/790/4295 4015/649/4296
f 4013/639/4294 4016/791/4297 4014/790/4295 4012/641/4292
f 4017/792/4298 4016/791/4297 4013/639/4294 4018/637/4299
f 4019/632/4300 4017/792/4298 4018/637/4299 4020/633/4301
f 4021/631/4302 4019/632/4300 4020/633/4301 4022/630/4303
f 4022/630/4304 4024/629/4305 4023/628/4306 4021/631/4307
f 4026/627/4308 4025/626/4309 4023/628/4306 4024/629/4305
f 4027/625/4310 4025/626/4309 4026/627/4308 4028/623/4311
f 4029/622/4312 4027/625/4310 4028/623/4311 4030/620/4313
f 3874/488/4314 4029/622/4312 4030/620/4313 4031/489/4315
f 4030/620/4313 4028/623/4311 4034/624/4316 4032/621/4317
f 4031/489/4315 4030/620/4313 4032/621/4317 4033/619/4318
f 4026/627/4308 4035/793/4319 4034/624/4316 4028/623/4311
f 4035/793/4319 4026/627/4308 4024/629/4305 4036/635/4320
f 4037/634/4321 4036/635/4320 4024/629/4305 4022/630/4304
f 4022/630/4303 4020/633/4301 4038/636/4322 4037/634/4323
f 4018/637/4299 4039/638/4324 4038/636/4322 4020/633/4301
f 4013/639/4294 4011/640/4293 4039/638/4324 4018/637/4299
f 4033/619/4325 3880/556/4325 3873/484/4128 4031/489/4128
f 4009/644/4288 4015/649/4296 4040/650/4326 4005/645/4289
f 3994/662/4271 3996/657/4273 4041/656/4279 4042/667/4327
f 3994/662/4271 4042/667/4327 4043/668/4328 3992/663/4269
f 4044/669/4266 3988/665/4265 3992/663/4269 4043/668/4328
f 3941/717/4212 4046/720/4218 4047/721/4329 3939/722/4209
f 3937/725/4210 3939/722/4209 4047/721/4329 4048/726/4330
f 3937/725/4206 4048/726/4331 4049/741/4203 3933/727/4202
f 4052/751/4178 4051/750/4188 3916/749/4181 3911/752/4179
f 3903/761/4164 4053/765/4171 4054/766/4332 3901/762/4162
f 3899/768/4159 3901/762/4162 4054/766/4332 4055/769/4333
f 4056/770/4334 3897/771/4157 3899/768/4159 4055/769/4333
f 4057/781/4156 3892/773/4154 3897/771/4157 4056/770/4334
f 4059/484/4335 4063/485/4335 4061/486/4336 4058/487/4336
f 4059/484/4337 4058/487/4338 4060/488/4338 4229/489/4337
f 4060/490/4339 4058/491/4339 4061/492/4339 4062/493/4339 4072/494/4339 4073/495/4339 4074/496/4339 4075/497/4339 4084/498/4339 4085/499/4339 4086/500/4339 4088/501/4339 4090/502/4339 4091/503/4339 4242/504/4339 4241/505/4339 4240/506/4339 4239/507/4339 4238/508/4339 4110/509/4339 4113/510/4339 4114/511/4339 4115/512/4339 4116/513/4339 4236/514/4339 4235/515/4339 4234/516/4339 4134/517/4339 4133/518/4339 4135/519/4339 4136/520/4339 4138/521/4339 4139/522/4339 4233/523/4339 4150/524/4339 4152/525/4339 4154/526/4339 4232/527/4339 4161/528/4339 4163/529/4339 4167/530/4339 4168/531/4339 4169/532/4339 4171/533/4339 4172/534/4339 4183/535/4339 4184/536/4339 4185/537/4339 4186/538/4339 4231/539/4339 4196/540/4339 4198/541/4339 4202/542/4339 4203/543/4339 4204/544/4339 4206/545/4339 4208/546/4339 4210/547/4339 4212/548/4339 4213/549/4339 4226/550/4339 4228/551/4339
f 4061/486/4340 4063/485/4341 4064/552/4342 4062/553/4343
f 4065/554/4344 4063/485/4335 4059/484/4335 4066/556/4344
f 4063/485/4341 4065/554/4345 4067/555/4346 4064/552/4342
f 4147/557/4347 4145/558/4347 4144/559/4347 4142/560/4347 4143/561/4347 4130/562/4347 4129/563/4347 4127/564/4347 4125/565/4347 4123/566/4347 4122/567/4347 4121/568/4347 4118/569/4347 4237/570/4347 4108/571/4347 4107/572/4347 4105/573/4347 4103/574/4347 4101/575/4347 4099/576/4347 4097/577/4347 4096/578/4347 4094/579/4347 4095/580/4347 4243/581/4347 4081/582/4347 4080/583/4347 4079/584/4347 4078/585/4347 4069/586/4347 4068/587/4347 4067/588/4347 4065/589/4347 4066/590/4347 4230/591/4347 4224/592/4347 4223/593/4347 4217/594/4347 4216/595/4347 4218/596/4347 4219/597/4347 4220/598/4347 4221/599/4347 4222/600/4347 4201/601/4347 4194/602/4347 4193/603/4347 4191/604/4347 4190/605/4347 4189/606/4347 4180/607/4347 4179/608/4347 4176/609/4347 4175/610/4347 4177/611/4347 4178/612/4347 4165/613/4347 4159/614/4347 4158/615/4347 4157/616/4347 4156/617/4347 4148/618/4347
f 4064/552/4342 4067/555/4346 4068/786/4348 4070/785/4349
f 4071/782/4350 4070/785/4349 4068/786/4348 4069/787/4351
f 4072/784/4352 4070/785/4349 4071/782/4350 4073/783/4353
f 4062/553/4343 4064/552/4342 4070/785/4349 4072/784/4352
f 4071/782/4350 4076/777/4354 4074/780/4355 4073/783/4353
f 4077/775/4356 4075/779/4357 4074/780/4355 4076/777/4354
f 4079/776/4358 4077/775/4356 4076/777/4354 4078/778/4359
f 4069/787/4351 4078/778/4359 4076/777/4354 4071/782/4350
f 4077/775/4360 4079/776/4361 4080/774/4362 4082/773/4363
f 4083/771/4364 4082/773/4363 4080/774/4362 4081/772/4365
f 4084/781/4366 4082/773/4363 4083/771/4364 4085/770/4367
f 4075/779/4368 4077/775/4360 4082/773/4363 4084/781/4366
f 4085/770/4367 4083/771/4364 4087/768/4369 4086/769/4370
f 4087/768/4369 4089/762/4371 4088/766/4372 4086/769/4370
f 4092/761/4373 4090/765/4374 4088/766/4372 4089/762/4371
f 4092/761/4373 4093/759/4375 4091/764/4376 4090/765/4374
f 4094/760/4377 4092/761/4373 4089/762/4371 4095/763/4378
f 4094/760/4377 4096/758/4379 4093/759/4375 4092/761/4373
f 4096/758/4379 4097/757/4380 4098/756/4381 4093/759/4375
f 4098/756/4382 4097/757/4383 4099/755/4384 4100/754/4385
f 4101/751/4386 4102/752/4387 4100/754/4385 4099/755/4384
f 4101/751/4386 4103/750/4388 4104/749/4389 4102/752/4387
f 4105/747/4390 4106/744/4391 4104/749/4389 4103/750/4388
f 4105/747/4390 4107/746/4392 4109/743/4393 4106/744/4391
f 4108/735/4394 4111/736/4395 4109/743/4393 4107/746/4392
f 4106/744/4391 4109/743/4393 4110/742/4396 4238/745/4397
f 4111/736/4395 4113/738/4398 4110/742/4396 4109/743/4393
f 4108/735/4394 4237/734/4399 4112/733/4400 4111/736/4395
f 4111/736/4395 4112/733/4400 4114/737/4401 4113/738/4398
f 4115/739/4402 4114/737/4401 4112/733/4400 4117/731/4403
f 4119/730/4404 4116/740/4405 4115/739/4402 4117/731/4403
f 4117/731/4403 4112/733/4400 4237/734/4399 4118/732/4406
f 4121/729/4407 4119/730/4404 4117/731/4403 4118/732/4406
f 4119/730/4404 4120/727/4408 4236/741/4409 4116/740/4405
f 4121/729/4407 4122/728/4410 4120/727/4408 4119/730/4404
f 4123/724/4411 4124/725/4412 4120/727/4408 4122/728/4410
f 4123/724/4413 4125/723/4414 4126/722/4415 4124/725/4416
f 4127/716/4417 4128/717/4418 4126/722/4415 4125/723/4414
f 4127/716/4417 4129/715/4419 4131/714/4420 4128/717/4418
f 4130/712/4421 4132/713/4422 4131/714/4420 4129/715/4419
f 4132/713/4422 4135/718/4423 4133/719/4424 4131/714/4420
f 4128/717/4418 4131/714/4420 4133/719/4424 4134/720/4425
f 4132/713/4422 4137/709/4426 4136/708/4427 4135/718/4423
f 4140/706/4428 4138/707/4429 4136/708/4427 4137/709/4426
f 4140/706/4428 4141/702/4430 4139/705/4431 4138/707/4429
f 4142/710/4432 4140/706/4428 4137/709/4426 4143/711/4433
f 4142/710/4432 4144/703/4434 4141/702/4430 4140/706/4428
f 4146/700/4435 4141/702/4430 4144/703/4434 4145/701/4436
f 4146/700/4435 4145/701/4436 4147/699/4437 4149/698/4438
f 4148/694/4439 4151/695/4440 4149/698/4438 4147/699/4437
f 4233/704/4441 4146/700/4435 4149/698/4438 4150/697/4442
f 4151/695/4440 4152/696/4443 4150/697/4442 4149/698/4438
f 4148/694/4439 4156/692/4444 4153/691/4445 4151/695/4440
f 4151/695/4440 4153/691/4445 4154/693/4446 4152/696/4443
f 4155/688/4447 4232/690/4448 4154/693/4446 4153/691/4445
f 4157/687/4449 4155/688/4447 4153/691/4445 4156/692/4444
f 4157/687/4449 4158/686/4450 4160/685/4451 4155/688/4447
f 4159/682/4452 4162/680/4453 4160/685/4451 4158/686/4450
f 4155/688/4447 4160/685/4451 4161/689/4454 4232/690/4448
f 4162/680/4453 4163/681/4455 4161/689/4454 4160/685/4451
f 4162/680/4453 4164/679/4456 4167/678/4457 4163/681/4455
f 4159/682/4452 4165/683/4458 4164/679/4456 4162/680/4453
f 4178/684/4459 4166/676/4460 4164/679/4456 4165/683/4458
f 4166/676/4460 4168/677/4461 4167/678/4457 4164/679/4456
f 4166/676/4462 4170/673/4463 4169/675/4464 4168/677/4465
f 4173/671/4466 4171/672/4467 4169/675/4464 4170/673/4463
f 4173/671/4466 4174/665/4468 4172/669/4469 4171/672/4467
f 4175/670/4470 4173/671/4466 4170/673/4463 4177/674/4471
f 4175/670/4470 4176/666/4472 4174/665/4468 4173/671/4466
f 4178/684/4473 4177/674/4471 4170/673/4463 4166/676/4462
f 4174/665/4468 4176/666/4472 4179/664/4474 4181/663/4475
f 4180/661/4476 4182/662/4477 4181/663/4475 4179/664/4474
f 4182/662/4477 4184/667/4478 4183/668/4479 4181/663/4475
f 4172/669/4469 4174/665/4468 4181/663/4475 4183/668/4479
f 4182/662/4477 4187/657/4480 4185/656/4481 4184/667/4478
f 4188/654/4482 4186/655/4483 4185/656/4481 4187/657/4480
f 4190/658/4484 4188/654/4482 4187/657/4480 4189/660/4485
f 4180/661/4476 4189/660/4485 4187/657/4480 4182/662/4477
f 4190/658/4484 4191/659/4486 4192/653/4487 4188/654/4482
f 4193/648/4488 4195/647/4489 4192/653/4487 4191/659/4486
f 4197/645/4490 4195/647/4489 4193/648/4488 4194/646/4491
f 4195/647/4489 4196/651/4492 4231/652/4493 4192/653/4487
f 4196/651/4492 4195/647/4489 4197/645/4490 4198/650/4494
f 4201/643/4495 4199/644/4496 4197/645/4497 4194/646/4498
f 4199/644/4496 4202/649/4499 4198/650/4500 4197/645/4497
f 4201/643/4495 4222/642/4501 4200/641/4502 4199/644/4496
f 4199/644/4496 4200/641/4502 4203/790/4503 4202/649/4499
f 4205/639/4504 4204/791/4505 4203/790/4503 4200/641/4502
f 4206/792/4506 4204/791/4505 4205/639/4504 4207/637/4507
f 4208/632/4508 4206/792/4506 4207/637/4507 4209/633/4509
f 4210/631/4510 4208/632/4508 4209/633/4509 4211/630/4511
f 4211/630/4512 4214/629/4513 4212/628/4514 4210/631/4515
f 4215/627/4516 4213/626/4517 4212/628/4514 4214/629/4513
f 4218/634/4518 4216/635/4519 4214/629/4513 4211/630/4512
f 4217/793/4520 4215/627/4516 4214/629/4513 4216/635/4519
f 4211/630/4511 4209/633/4509 4219/636/4521 4218/634/4522
f 4207/637/4507 4220/638/4523 4219/636/4521 4209/633/4509
f 4205/639/4504 4221/640/4524 4220/638/4523 4207/637/4507
f 4221/640/4524 4205/639/4504 4200/641/4502 4222/642/4501
f 4215/627/4516 4217/793/4520 4223/624/4525 4225/623/4526
f 4227/620/4527 4225/623/4526 4223/624/4525 4224/621/4528
f 4226/625/4529 4213/626/4517 4215/627/4516 4225/623/4526
f 4228/622/4530 4226/625/4529 4225/623/4526 4227/620/4527
f 4060/488/4531 4228/622/4530 4227/620/4527 4229/489/4532
f 4229/489/4532 4227/620/4527 4224/621/4528 4230/619/4533
f 4230/619/4534 4066/556/4534 4059/484/4337 4229/489/4337
f 4188/654/4482 4192/653/4487 4231/652/4493 4186/655/4483
f 4233/704/4441 4139/705/4431 4141/702/4430 4146/700/4435
f 4130/712/4421 4143/711/4433 4137/709/4426 4132/713/4422
f 4128/717/4418 4134/720/4425 4234/721/4535 4126/722/4415
f 4124/725/4416 4126/722/4415 4234/721/4535 4235/726/4536
f 4124/725/4412 4235/726/4537 4236/741/4409 4120/727/4408
f 4106/744/4391 4238/745/4397 4239/748/4538 4104/749/4389
f 4102/752/4387 4104/749/4389 4239/748/4538 4240/753/4539
f 4102/752/4387 4240/753/4539 4241/789/4540 4100/754/4385
f 4242/788/4541 4098/756/4382 4100/754/4385 4241/789/4540
f 4093/759/4375 4098/756/4381 4242/788/4542 4091/764/4376
f 4243/767/4543 4095/763/4378 4089/762/4371 4087/768/4369
f 4087/768/4369 4083/771/4364 4081/772/4365 4243/767/4543
f 4245/484/4544 4248/485/4544 4247/486/4545 4244/487/4545
f 4245/484/4546 4244/487/4547 4246/488/4547 4406/489/4546
f 4246/490/4548 4244/491/4548 4247/492/4548 4249/493/4548 4251/494/4548 4252/495/4548 4269/496/4548 4268/497/4548 4266/498/4548 4267/499/4548 4270/500/4548 4272/501/4548 4273/502/4548 4429/503/4548 4428/504/4548 4427/505/4548 4426/506/4548 4290/507/4548 4292/508/4548 4295/509/4548 4297/510/4548 4302/511/4548 4303/512/4548 4304/513/4548 4305/514/4548 4315/515/4548 4316/516/4548 4317/517/4548 4319/518/4548 4321/519/4548 4323/520/4548 4325/521/4548 4326/522/4548 4421/523/4548 4420/524/4548 4338/525/4548 4341/526/4548 4342/527/4548 4343/528/4548 4345/529/4548 4346/530/4548 4418/531/4548 4417/532/4548 4416/533/4548 4361/534/4548 4363/535/4548 4365/536/4548 4368/537/4548 4415/538/4548 4414/539/4548 4413/540/4548 4379/541/4548 4381/542/4548 4383/543/4548 4387/544/4548 4412/545/4548 4397/546/4548 4396/547/4548 4398/548/4548 4399/549/4548 4401/550/4548 4403/551/4548
f 4247/486/4549 4248/485/4550 4250/552/4551 4249/553/4552
f 4249/553/4552 4250/552/4551 4253/785/4553 4251/784/4554
f 4251/784/4554 4253/785/4553 4254/782/4555 4252/783/4556
f 4250/552/4551 4256/555/4557 4255/786/4558 4253/785/4553
f 4254/782/4555 4253/785/4553 4255/786/4558 4257/787/4559
f 4333/557/4560 4332/558/4560 4331/559/4560 4328/560/4560 4422/561/4560 4423/562/4560 4424/563/4560 4425/564/4560 4312/565/4560 4311/566/4560 4310/567/4560 4308/568/4560 4309/569/4560 4301/570/4560 4298/571/4560 4294/572/4560 4288/573/4560 4287/574/4560 4285/575/4560 4283/576/4560 4281/577/4560 4279/578/4560 4277/579/4560 4276/580/4560 4278/581/4560 4263/582/4560 4262/583/4560 4260/584/4560 4258/585/4560 4257/586/4560 4255/587/4560 4256/588/4560 4409/589/4560 4408/590/4560 4407/591/4560 4405/592/4560 4410/593/4560 4411/594/4560 4393/595/4560 4392/596/4560 4390/597/4560 4389/598/4560 4388/599/4560 4384/600/4560 4377/601/4560 4376/602/4560 4374/603/4560 4372/604/4560 4371/605/4560 4370/606/4560 4366/607/4560 4359/608/4560 4358/609/4560 4356/610/4560 4354/611/4560 4352/612/4560 4351/613/4560 4349/614/4560 4350/615/4560 4419/616/4560 4336/617/4560 4335/618/4560
f 4257/787/4559 4258/778/4561 4259/777/4562 4254/782/4555
f 4260/776/4563 4261/775/4564 4259/777/4562 4258/778/4561
f 4261/775/4565 4260/776/4566 4262/774/4567 4264/773/4568
f 4265/771/4569 4264/773/4568 4262/774/4567 4263/772/4570
f 4268/779/4571 4261/775/4565 4264/773/4568 4266/781/4572
f 4266/781/4572 4264/773/4568 4265/771/4569 4267/770/4573
f 4261/775/4564 4268/779/4574 4269/780/4575 4259/777/4562
f 4254/782/4555 4259/777/4562 4269/780/4575 4252/783/4556
f 4267/770/4573 4265/771/4569 4271/768/4576 4270/769/4577
f 4271/768/4576 4274/762/4578 4272/766/4579 4270/769/4577
f 4275/761/4580 4273/765/4581 4272/766/4579 4274/762/4578
f 4277/760/4582 4275/761/4580 4274/762/4578 4276/763/4583
f 4278/767/4584 4276/763/4583 4274/762/4578 4271/768/4576
f 4271/768/4576 4265/771/4569 4263/772/4570 4278/767/4584
f 4277/760/4582 4279/758/4585 4280/759/4586 4275/761/4580
f 4279/758/4585 4281/757/4587 4282/756/4588 4280/759/4586
f 4282/756/4589 4281/757/4590 4283/755/4591 4284/754/4592
f 4285/751/4593 4286/752/4594 4284/754/4592 4283/755/4591
f 4285/751/4593 4287/750/4595 4289/749/4596 4286/752/4594
f 4288/747/4597 4291/744/4598 4289/749/4596 4287/750/4595
f 4286/752/4594 4289/749/4596 4290/748/4599 4426/753/4600
f 4291/744/4598 4292/745/4601 4290/748/4599 4289/749/4596
f 4291/744/4598 4293/743/4602 4295/742/4603 4292/745/4601
f 4288/747/4597 4294/746/4604 4293/743/4602 4291/744/4598
f 4298/735/4605 4296/736/4606 4293/743/4602 4294/746/4604
f 4296/736/4606 4297/738/4607 4295/742/4603 4293/743/4602
f 4296/736/4606 4299/733/4608 4302/737/4609 4297/738/4607
f 4298/735/4605 4301/734/4610 4299/733/4608 4296/736/4606
f 4300/731/4611 4299/733/4608 4301/734/4610 4309/732/4612
f 4303/739/4613 4302/737/4609 4299/733/4608 4300/731/4611
f 4306/730/4614 4304/740/4615 4303/739/4613 4300/731/4611
f 4306/730/4614 4307/727/4616 4305/741/4617 4304/740/4615
f 4308/729/4618 4310/728/4619 4307/727/4616 4306/730/4614
f 4308/729/4618 4306/730/4614 4300/731/4611 4309/732/4612
f 4311/724/4620 4313/725/4621 4307/727/4616 4310/728/4619
f 4311/724/4622 4312/723/4623 4314/722/4624 4313/725/4625
f 4313/725/4625 4314/722/4624 4316/721/4626 4315/726/4627
f 4313/725/4621 4315/726/4628 4305/741/4617 4307/727/4616
f 4318/717/4629 4317/720/4630 4316/721/4626 4314/722/4624
f 4318/717/4629 4320/714/4631 4319/719/4632 4317/720/4630
f 4322/713/4633 4321/718/4634 4319/719/4632 4320/714/4631
f 4322/713/4633 4324/709/4635 4323/708/4636 4321/718/4634
f 4327/706/4637 4325/707/4638 4323/708/4636 4324/709/4635
f 4327/706/4637 4329/702/4639 4326/705/4640 4325/707/4638
f 4328/710/4641 4327/706/4637 4324/709/4635 4422/711/4642
f 4328/710/4641 4331/703/4643 4329/702/4639 4327/706/4637
f 4421/704/4644 4326/705/4640 4329/702/4639 4330/700/4645
f 4330/700/4645 4329/702/4639 4331/703/4643 4332/701/4646
f 4330/700/4645 4332/701/4646 4333/699/4647 4334/698/4648
f 4335/694/4649 4337/695/4650 4334/698/4648 4333/699/4647
f 4335/694/4649 4336/692/4651 4339/691/4652 4337/695/4650
f 4337/695/4650 4339/691/4652 4341/693/4653 4338/696/4654
f 4337/695/4650 4338/696/4654 4420/697/4655 4334/698/4648
f 4419/687/4656 4340/688/4657 4339/691/4652 4336/692/4651
f 4340/688/4657 4342/690/4658 4341/693/4653 4339/691/4652
f 4340/688/4657 4344/685/4659 4343/689/4660 4342/690/4658
f 4347/680/4661 4345/681/4662 4343/689/4660 4344/685/4659
f 4347/680/4661 4348/679/4663 4346/678/4664 4345/681/4662
f 4349/682/4665 4347/680/4661 4344/685/4659 4350/686/4666
f 4349/682/4665 4351/683/4667 4348/679/4663 4347/680/4661
f 4352/684/4668 4353/676/4669 4348/679/4663 4351/683/4667
f 4352/684/4670 4354/674/4671 4355/673/4672 4353/676/4673
f 4356/670/4674 4357/671/4675 4355/673/4672 4354/674/4671
f 4356/670/4674 4358/666/4676 4360/665/4677 4357/671/4675
f 4360/665/4677 4358/666/4676 4359/664/4678 4362/663/4679
f 4361/669/4680 4360/665/4677 4362/663/4679 4363/668/4681
f 4357/671/4675 4360/665/4677 4361/669/4680 4416/672/4682
f 4366/661/4683 4364/662/4684 4362/663/4679 4359/664/4678
f 4364/662/4684 4365/667/4685 4363/668/4681 4362/663/4679
f 4364/662/4684 4367/657/4686 4368/656/4687 4365/667/4685
f 4366/661/4683 4370/660/4688 4367/657/4686 4364/662/4684
f 4369/654/4689 4415/655/4690 4368/656/4687 4367/657/4686
f 4371/658/4691 4369/654/4689 4367/657/4686 4370/660/4688
f 4371/658/4691 4372/659/4692 4373/653/4693 4369/654/4689
f 4374/648/4694 4375/647/4695 4373/653/4693 4372/659/4692
f 4378/645/4696 4375/647/4695 4374/648/4694 4376/646/4697
f 4377/643/4698 4380/644/4699 4378/645/4700 4376/646/4701
f 4413/651/4702 4375/647/4695 4378/645/4696 4379/650/4703
f 4380/644/4699 4381/649/4704 4379/650/4705 4378/645/4700
f 4377/643/4698 4384/642/4706 4382/641/4707 4380/644/4699
f 4380/644/4699 4382/641/4707 4383/790/4708 4381/649/4704
f 4385/639/4709 4387/791/4710 4383/790/4708 4382/641/4707
f 4388/640/4711 4385/639/4709 4382/641/4707 4384/642/4706
f 4412/792/4712 4387/791/4710 4385/639/4709 4386/637/4713
f 4385/639/4709 4388/640/4711 4389/638/4714 4386/637/4713
f 4386/637/4713 4389/638/4714 4390/636/4715 4391/633/4716
f 4394/630/4717 4391/633/4716 4390/636/4715 4392/634/4718
f 4392/634/4719 4393/635/4720 4395/629/4721 4394/630/4722
f 4396/631/4723 4397/632/4724 4391/633/4716 4394/630/4717
f 4394/630/4722 4395/629/4721 4398/628/4725 4396/631/4726
f 4400/627/4727 4399/626/4728 4398/628/4725 4395/629/4721
f 4401/625/4729 4399/626/4728 4400/627/4727 4402/623/4730
f 4403/622/4731 4401/625/4729 4402/623/4730 4404/620/4732
f 4246/488/4733 4403/622/4731 4404/620/4732 4406/489/4734
f 4404/620/4732 4402/623/4730 4410/624/4735 4405/621/4736
f 4406/489/4734 4404/620/4732 4405/621/4736 4407/619/4737
f 4407/619/4738 4408/556/4738 4245/484/4546 4406/489/4546
f 4409/554/4739 4248/485/4544 4245/484/4544 4408/556/4739
f 4248/485/4550 4409/554/4740 4256/555/4557 4250/552/4551
f 4400/627/4727 4411/793/4741 4410/624/4735 4402/623/4730
f 4411/793/4741 4400/627/4727 4395/629/4721 4393/635/4720
f 4397/632/4724 4412/792/4712 4386/637/4713 4391/633/4716
f 4375/647/4695 4413/651/4702 4414/652/4742 4373/653/4693
f 4369/654/4689 4373/653/4693 4414/652/4742 4415/655/4690
f 4357/671/4675 4416/672/4682 4417/675/4743 4355/673/4672
f 4353/676/4673 4355/673/4672 4417/675/4743 4418/677/4744
f 4353/676/4669 4418/677/4745 4346/678/4664 4348/679/4663
f 4419/687/4656 4350/686/4666 4344/685/4659 4340/688/4657
f 4421/704/4644 4330/700/4645 4334/698/4648 4420/697/4655
f 4423/712/4746 4422/711/4642 4324/709/4635 4322/713/4633
f 4423/712/4746 4322/713/4633 4320/714/4631 4424/715/4747
f 4425/716/4748 4424/715/4747 4320/714/4631 4318/717/4629
f 4425/716/4748 4318/717/4629 4314/722/4624 4312/723/4623
f 4286/752/4594 4426/753/4600 4427/789/4749 4284/754/4592
f 4428/788/4750 4282/756/4589 4284/754/4592 4427/789/4749
f 4280/759/4586 4282/756/4588 4428/788/4751 4429/764/4752
f 4275/761/4580 4280/759/4586 4429/764/4752 4273/765/4581
f 4432/484/4753 4600/485/4753 4431/486/4754 4430/487/4754
f 4433/490/4755 4430/491/4755 4431/492/4755 4599/493/4755 4597/494/4755 4586/495/4755 4585/496/4755 4583/497/4755 4581/498/4755 4580/499/4755 4579/500/4755 4576/501/4755 4602/502/4755 4569/503/4755 4567/504/4755 4565/505/4755 4603/506/4755 4604/507/4755 4553/508/4755 4552/509/4755 4551/510/4755 4549/511/4755 4550/512/4755 4541/513/4755 4539/514/4755 4536/515/4755 4534/516/4755 4525/517/4755 4524/518/4755 4522/519/4755 4521/520/4755 4520/521/4755 4517/522/4755 4606/523/4755 4607/524/4755 4508/525/4755 4506/526/4755 4504/527/4755 4608/528/4755 4497/529/4755 4495/530/4755 4492/531/4755 4490/532/4755 4609/533/4755 4479/534/4755 4478/535/4755 4476/536/4755 4474/537/4755 4473/538/4755 4472/539/4755 4468/540/4755 4466/541/4755 4612/542/4755 4613/543/4755 4614/544/4755 4615/545/4755 4449/546/4755 4448/547/4755 4446/548/4755 4445/549/4755 4444/550/4755 4434/551/4755
f 4432/484/4756 4430/487/4757 4433/488/4757 4435/489/4756
f 4433/488/4758 4434/622/4759 4436/620/4760 4435/489/4761
f 4437/619/4762 4438/556/4762 4432/484/4756 4435/489/4756
f 4435/489/4761 4436/620/4760 4439/621/4763 4437/619/4764
f 4511/557/4765 4512/558/4765 4514/559/4765 4515/560/4765 4605/561/4765 4529/562/4765 4528/563/4765 4530/564/4765 4531/565/4765 4532/566/4765 4538/567/4765 4543/568/4765 4544/569/4765 4545/570/4765 4546/571/4765 4556/572/4765 4557/573/4765 4558/574/4765 4560/575/4765 4562/576/4765 4563/577/4765 4571/578/4765 4572/579/4765 4573/580/4765 4574/581/4765 4593/582/4765 4592/583/4765 4591/584/4765 4589/585/4765 4590/586/4765 4594/587/4765 4595/588/4765 4601/589/4765 4438/590/4765 4437/591/4765 4439/592/4765 4440/593/4765 4441/594/4765 4454/595/4765 4452/596/4765 4453/597/4765 4455/598/4765 4457/599/4765 4459/600/4765 4461/601/4765 4463/602/4765 4464/603/4765 4471/604/4765 4611/605/4765 4610/606/4765 4483/607/4765 4482/608/4765 4484/609/4765 4485/610/4765 4487/611/4765 4488/612/4765 4494/613/4765 4499/614/4765 4500/615/4765 4501/616/4765 4502/617/4765 4510/618/4765
f 4436/620/4760 4442/623/4766 4440/624/4767 4439/621/4763
f 4443/627/4768 4441/793/4769 4440/624/4767 4442/623/4766
f 4444/625/4770 4445/626/4771 4443/627/4768 4442/623/4766
f 4434/622/4759 4444/625/4770 4442/623/4766 4436/620/4760
f 4443/627/4768 4445/626/4771 4446/628/4772 4447/629/4773
f 4450/630/4774 4447/629/4773 4446/628/4772 4448/631/4775
f 4448/631/4776 4449/632/4777 4451/633/4778 4450/630/4779
f 4450/630/4779 4451/633/4778 4453/636/4780 4452/634/4781
f 4452/634/4782 4454/635/4783 4447/629/4773 4450/630/4774
f 4441/793/4769 4443/627/4768 4447/629/4773 4454/635/4783
f 4456/637/4784 4455/638/4785 4453/636/4780 4451/633/4778
f 4458/639/4786 4457/640/4787 4455/638/4785 4456/637/4784
f 4457/640/4787 4458/639/4786 4460/641/4788 4459/642/4789
f 4461/643/4790 4459/642/4789 4460/641/4788 4462/644/4791
f 4461/643/4790 4462/644/4791 4465/645/4792 4463/646/4793
f 4465/645/4794 4467/647/4795 4464/648/4796 4463/646/4797
f 4468/651/4798 4467/647/4795 4465/645/4794 4466/650/4799
f 4462/644/4791 4612/649/4800 4466/650/4801 4465/645/4792
f 4467/647/4795 4468/651/4798 4472/652/4802 4469/653/4803
f 4464/648/4796 4467/647/4795 4469/653/4803 4471/659/4804
f 4470/654/4805 4469/653/4803 4472/652/4802 4473/655/4806
f 4611/658/4807 4471/659/4804 4469/653/4803 4470/654/4805
f 4470/654/4805 4473/655/4806 4474/656/4808 4475/657/4809
f 4477/662/4810 4475/657/4809 4474/656/4808 4476/667/4811
f 4477/662/4810 4476/667/4811 4478/668/4812 4480/663/4813
f 4479/669/4814 4481/665/4815 4480/663/4813 4478/668/4812
f 4481/665/4815 4484/666/4816 4482/664/4817 4480/663/4813
f 4483/661/4818 4477/662/4810 4480/663/4813 4482/664/4817
f 4485/670/4819 4484/666/4816 4481/665/4815 4486/671/4820
f 4485/670/4819 4486/671/4820 4489/673/4821 4487/674/4822
f 4488/684/4823 4487/674/4822 4489/673/4821 4491/676/4824
f 4491/676/4824 4489/673/4821 4490/675/4825 4492/677/4826
f 4486/671/4820 4609/672/4827 4490/675/4825 4489/673/4821
f 4491/676/4828 4492/677/4829 4495/678/4830 4493/679/4831
f 4488/684/4832 4491/676/4828 4493/679/4831 4494/683/4833
f 4499/682/4834 4494/683/4833 4493/679/4831 4496/680/4835
f 4496/680/4835 4493/679/4831 4495/678/4830 4497/681/4836
f 4496/680/4835 4497/681/4836 4608/689/4837 4498/685/4838
f 4499/682/4834 4496/680/4835 4498/685/4838 4500/686/4839
f 4501/687/4840 4500/686/4839 4498/685/4838 4503/688/4841
f 4501/687/4840 4503/688/4841 4505/691/4842 4502/692/4843
f 4503/688/4841 4498/685/4838 4608/689/4837 4504/690/4844
f 4503/688/4841 4504/690/4844 4506/693/4845 4505/691/4842
f 4507/695/4846 4505/691/4842 4506/693/4845 4508/696/4847
f 4510/694/4848 4502/692/4843 4505/691/4842 4507/695/4846
f 4507/695/4846 4508/696/4847 4607/697/4849 4509/698/4850
f 4510/694/4848 4507/695/4846 4509/698/4850 4511/699/4851
f 4513/700/4852 4512/701/4853 4511/699/4851 4509/698/4850
f 4513/700/4852 4516/702/4854 4514/703/4855 4512/701/4853
f 4515/710/4856 4514/703/4855 4516/702/4854 4518/706/4857
f 4606/704/4858 4517/705/4859 4516/702/4854 4513/700/4852
f 4518/706/4857 4516/702/4854 4517/705/4859 4520/707/4860
f 4518/706/4857 4520/707/4860 4521/708/4861 4519/709/4862
f 4515/710/4856 4518/706/4857 4519/709/4862 4605/711/4863
f 4523/713/4864 4519/709/4862 4521/708/4861 4522/718/4865
f 4523/713/4864 4522/718/4865 4524/719/4866 4526/714/4867
f 4527/717/4868 4526/714/4867 4524/719/4866 4525/720/4869
f 4529/712/4870 4523/713/4864 4526/714/4867 4528/715/4871
f 4530/716/4872 4528/715/4871 4526/714/4867 4527/717/4868
f 4530/716/4872 4527/717/4868 4533/722/4873 4531/723/4874
f 4532/724/4875 4531/723/4874 4533/722/4873 4535/725/4876
f 4535/725/4876 4533/722/4873 4534/721/4877 4536/726/4878
f 4527/717/4868 4525/720/4869 4534/721/4877 4533/722/4873
f 4535/725/4879 4536/726/4880 4539/741/4881 4537/727/4882
f 4532/724/4883 4535/725/4879 4537/727/4882 4538/728/4884
f 4543/729/4885 4538/728/4884 4537/727/4882 4540/730/4886
f 4540/730/4886 4537/727/4882 4539/741/4881 4541/740/4887
f 4540/730/4886 4541/740/4887 4550/739/4888 4542/731/4889
f 4543/729/4885 4540/730/4886 4542/731/4889 4544/732/4890
f 4542/731/4889 4547/733/4891 4545/734/4892 4544/732/4890
f 4546/735/4893 4545/734/4892 4547/733/4891 4548/736/4894
f 4550/739/4888 4549/737/4895 4547/733/4891 4542/731/4889
f 4548/736/4894 4547/733/4891 4549/737/4895 4551/738/4896
f 4548/736/4894 4551/738/4896 4552/742/4897 4554/743/4898
f 4555/744/4899 4554/743/4898 4552/742/4897 4553/745/4900
f 4557/747/4901 4556/746/4902 4554/743/4898 4555/744/4899
f 4546/735/4893 4548/736/4894 4554/743/4898 4556/746/4902
f 4557/747/4901 4555/744/4899 4559/749/4903 4558/750/4904
f 4560/751/4905 4558/750/4904 4559/749/4903 4561/752/4906
f 4560/751/4905 4561/752/4906 4564/754/4907 4562/755/4908
f 4566/756/4909 4563/757/4910 4562/755/4908 4564/754/4907
f 4561/752/4906 4603/753/4911 4565/789/4912 4564/754/4907
f 4567/788/4913 4566/756/4909 4564/754/4907 4565/789/4912
f 4571/758/4914 4563/757/4915 4566/756/4916 4568/759/4917
f 4568/759/4917 4566/756/4916 4567/788/4918 4569/764/4919
f 4570/761/4920 4568/759/4917 4569/764/4919 4602/765/4921
f 4572/760/4922 4571/758/4914 4568/759/4917 4570/761/4920
f 4572/760/4922 4570/761/4920 4575/762/4923 4573/763/4924
f 4574/767/4925 4573/763/4924 4575/762/4923 4577/768/4926
f 4577/768/4926 4575/762/4923 4576/766/4927 4579/769/4928
f 4570/761/4920 4602/765/4921 4576/766/4927 4575/762/4923
f 4577/768/4926 4578/771/4929 4593/772/4930 4574/767/4925
f 4580/770/4931 4578/771/4929 4577/768/4926 4579/769/4928
f 4581/781/4932 4582/773/4933 4578/771/4929 4580/770/4931
f 4583/779/4934 4584/775/4935 4582/773/4933 4581/781/4932
f 4584/775/4936 4583/779/4937 4585/780/4938 4587/777/4939
f 4588/782/4940 4587/777/4939 4585/780/4938 4586/783/4941
f 4590/787/4942 4589/778/4943 4587/777/4939 4588/782/4940
f 4591/776/4944 4584/775/4936 4587/777/4939 4589/778/4943
f 4584/775/4935 4591/776/4945 4592/774/4946 4582/773/4933
f 4578/771/4929 4582/773/4933 4592/774/4946 4593/772/4930
f 4588/782/4940 4596/785/4947 4594/786/4948 4590/787/4942
f 4598/552/4949 4595/555/4950 4594/786/4948 4596/785/4947
f 4597/784/4951 4596/785/4947 4588/782/4940 4586/783/4941
f 4599/553/4952 4598/552/4949 4596/785/4947 4597/784/4951
f 4431/486/4953 4600/485/4954 4598/552/4949 4599/553/4952
f 4600/485/4954 4601/554/4955 4595/555/4950 4598/552/4949
f 4601/554/4956 4600/485/4753 4432/484/4753 4438/556/4956
f 4561/752/4906 4559/749/4903 4604/748/4957 4603/753/4911
f 4555/744/4899 4553/745/4900 4604/748/4957 4559/749/4903
f 4529/712/4870 4605/711/4863 4519/709/4862 4523/713/4864
f 4606/704/4858 4513/700/4852 4509/698/4850 4607/697/4849
f 4486/671/4820 4481/665/4815 4479/669/4814 4609/672/4827
f 4483/661/4818 4610/660/4958 4475/657/4809 4477/662/4810
f 4611/658/4807 4470/654/4805 4475/657/4809 4610/660/4958
f 4462/644/4791 4460/641/4788 4613/790/4959 4612/649/4800
f 4458/639/4786 4614/791/4960 4613/790/4959 4460/641/4788
f 4615/792/4961 4614/791/4960 4458/639/4786 4456/637/4784
f 4449/632/4777 4615/792/4961 4456/637/4784 4451/633/4778
usemtl Material.002
f 2/1/1 1/2/2 5/3/3
f 1/2/2 2/1/1 3/4/4
f 3/4/4 4/5/5 1/2/2
f 6/6/6 1/2/2 4/5/5
f 5/3/3 1/2/2 6/6/6
f 4/5/5 9/7/7 6/6/6
f 6/6/6 8/8/8 5/3/3
f 8/8/8 6/6/6 7/9/9
f 10/10/10 7/9/9 6/6/6
f 6/6/6 9/7/7 10/10/10
f 13/11/11 10/10/10 9/7/7
f 10/10/10 13/11/11 11/12/12
f 11/12/12 12/13/13 10/10/10
f 7/9/9 10/10/10 12/13/13
f 9/7/7 15/14/14 13/11/11
f 11/12/12 13/11/11 14/15/15
f 16/16/16 14/15/15 13/11/11
f 13/11/11 15/14/14 16/16/16
f 19/17/17 14/15/15 16/16/16
f 17/18/18 16/16/16 15/14/14
f 18/19/19 16/16/16 17/18/18
f 16/16/16 18/19/19 19/17/17
f 20/20/20 19/17/17 18/19/19
f 19/17/17 20/20/20 22/21/21
f 14/15/15 19/17/17 21/22/22
f 22/21/21 21/22/22 19/17/17
f 26/23/23 22/21/21 20/20/20
f 25/24/24 21/22/22 22/21/21
f 22/21/21 26/23/23 23/25/25
f 23/25/25 24/26/26 22/21/21
f 22/21/21 24/26/26 25/24/24
f 26/23/23 27/27/27 29/28/28
f 27/27/27 26/23/23 28/29/29
f 20/20/20 28/29/29 26/23/23
f 29/28/28 23/25/25 26/23/23
f 30/30/30 29/28/28 27/27/27
f 29/28/28 30/30/30 32/31/31
f 23/25/25 29/28/28 31/32/32
f 32/31/31 31/32/32 29/28/28
f 30/30/30 35/33/33 32/31/31
f 33/34/34 31/32/32 32/31/31
f 32/31/31 34/35/35 33/34/34
f 32/31/31 35/33/33 34/35/35
f 39/31/36 34/35/35 35/33/33
f 36/36/37 38/37/38 35/33/33
f 36/36/37 35/33/33 37/37/39
f 37/37/39 35/33/33 30/30/30
f 40/30/40 35/33/33 38/37/38
f 40/30/40 39/31/36 35/33/33
f 38/37/38 41/38/41 40/30/40
f 39/31/36 40/30/40 42/28/42
f 40/30/40 41/38/41 43/27/43
f 43/27/43 42/28/42 40/30/40
f 44/39/44 43/27/43 41/38/41
f 42/28/42 43/27/43 46/23/45
f 43/27/43 44/39/44 45/29/46
f 45/29/46 46/23/45 43/27/43
f 46/23/45 48/25/47 42/28/42
f 46/23/45 45/29/46 49/20/48
f 49/20/48 47/21/49 46/23/45
f 48/25/47 46/23/45 47/21/49
f 47/21/49 49/20/48 50/17/50
f 51/19/51 50/17/50 49/20/48
f 49/20/48 52/40/52 51/19/51
f 52/40/52 49/20/48 45/29/46
f 54/41/53 51/19/51 52/40/52
f 52/40/52 53/42/54 54/41/53
f 53/42/54 52/40/52 55/43/55
f 45/29/46 55/43/55 52/40/52
f 55/43/55 45/29/46 44/39/44
f 44/39/44 57/44/56 55/43/55
f 55/43/55 56/45/57 53/42/54
f 56/45/57 55/43/55 57/44/56
f 57/44/56 58/46/58 56/45/57
f 58/46/58 57/44/56 60/47/59
f 59/48/60 60/47/59 57/44/56
f 57/44/56 44/39/44 59/48/60
f 60/47/59 61/49/61 58/46/58
f 62/50/62 60/47/59 59/48/60
f 61/49/61 60/47/59 62/50/62
f 59/48/60 63/51/63 62/50/62
f 62/50/62 64/52/64 61/49/61
f 64/52/64 62/50/62 63/51/63
f 63/51/63 36/36/37 64/52/64
f 64/52/64 36/36/37 65/53/65
f 65/53/65 61/49/61 64/52/64
f 61/49/61 65/53/65 66/54/66
f 66/54/66 65/53/65 67/49/67
f 68/52/68 67/49/67 65/53/65
f 65/53/65 36/36/37 68/52/68
f 67/49/67 68/52/68 69/50/69
f 68/52/68 36/36/37 70/51/70
f 70/51/70 69/50/69 68/52/68
f 36/36/37 37/37/39 70/51/70
f 69/50/69 70/51/70 72/48/71
f 70/51/70 37/37/39 71/38/72
f 71/38/72 72/48/71 70/51/70
f 72/48/71 75/47/73 69/50/69
f 74/39/74 72/48/71 71/38/72
f 72/48/71 74/39/74 73/44/75
f 73/44/75 75/47/73 72/48/71
f 75/47/73 73/44/75 76/46/76
f 76/46/76 67/49/67 75/47/73
f 69/50/69 75/47/73 67/49/67
f 77/45/77 76/46/76 73/44/75
f 78/55/78 66/54/66 76/46/76
f 67/49/67 76/46/76 66/54/66
f 76/46/76 77/45/77 78/55/78
f 58/46/58 66/54/66 78/55/78
f 78/55/78 56/45/57 58/46/58
f 79/56/79 78/55/78 77/45/77
f 56/45/57 78/55/78 79/56/79
f 77/45/77 80/42/80 79/56/79
f 53/42/54 79/56/79 81/57/81
f 79/56/79 53/42/54 56/45/57
f 81/57/81 79/56/79 80/42/80
f 54/41/53 81/57/81 82/58/82
f 82/58/82 81/57/81 83/41/83
f 80/42/80 83/41/83 81/57/81
f 81/57/81 54/41/53 53/42/54
f 83/41/83 17/18/18 82/58/82
f 17/18/18 83/41/83 18/19/19
f 84/40/84 18/19/19 83/41/83
f 83/41/83 80/42/80 84/40/84
f 18/19/19 84/40/84 20/20/20
f 28/29/29 20/20/20 84/40/84
f 84/40/84 85/43/85 28/29/29
f 85/43/85 84/40/84 80/42/80
f 85/43/85 73/44/75 74/39/74
f 73/44/75 85/43/85 77/45/77
f 74/39/74 28/29/29 85/43/85
f 80/42/80 77/45/77 85/43/85
f 82/58/82 17/18/18 86/59/86
f 82/58/82 86/59/86 4/5/5
f 82/58/82 3/4/4 87/5/87
f 87/5/87 89/59/88 82/58/82
f 82/58/82 88/18/89 54/41/53
f 82/58/82 89/59/88 88/18/89
f 4/5/5 3/4/4 82/58/82
f 90/14/90 89/59/88 87/5/87
f 88/18/89 89/59/88 90/14/90
f 91/11/91 90/14/90 92/7/92
f 93/16/93 90/14/90 91/11/91
f 87/5/87 92/7/92 90/14/90
f 90/14/90 93/16/93 88/18/89
f 50/17/50 51/19/51 93/16/93
f 93/16/93 94/15/94 50/17/50
f 88/18/89 93/16/93 51/19/51
f 91/11/91 94/15/94 93/16/93
f 97/22/95 50/17/50 94/15/94
f 94/15/94 91/11/91 95/12/96
f 95/12/96 96/60/97 94/15/94
f 94/15/94 96/60/97 97/22/95
f 97/22/95 96/60/97 98/61/98
f 98/61/98 99/62/99 97/22/95
f 100/24/100 97/22/95 99/62/99
f 47/21/49 97/22/95 100/24/100
f 50/17/50 97/22/95 47/21/49
f 101/63/101 100/24/100 99/62/99
f 100/24/100 101/63/101 102/64/102
f 102/64/102 103/26/103 100/24/100
f 100/24/100 103/26/103 47/21/49
f 103/26/103 102/64/102 104/65/104
f 104/65/104 48/25/47 103/26/103
f 47/21/49 103/26/103 48/25/47
f 33/34/34 105/32/105 104/65/104
f 104/65/104 106/66/106 33/34/34
f 106/66/106 104/65/104 102/64/102
f 48/25/47 104/65/104 105/32/105
f 33/34/34 106/66/106 107/65/107
f 108/64/108 107/65/107 106/66/106
f 106/66/106 109/67/109 108/64/108
f 102/64/102 109/67/109 106/66/106
f 110/63/110 108/64/108 109/67/109
f 101/63/101 111/68/111 109/67/109
f 109/67/109 102/64/102 101/63/101
f 109/67/109 111/68/111 110/63/110
f 111/68/111 101/63/101 114/69/112
f 112/69/113 110/63/110 111/68/111
f 111/68/111 113/70/114 112/69/113
f 114/69/112 113/70/114 111/68/111
f 116/71/115 113/70/114 114/69/112
f 115/72/116 114/69/112 99/62/99
f 114/69/112 115/72/116 116/71/115
f 99/62/99 114/69/112 101/63/101
f 112/69/113 113/70/114 116/71/115
f 116/71/115 115/72/116 120/73/117
f 118/73/118 117/72/119 116/71/115
f 116/71/115 117/72/119 112/69/113
f 116/71/115 119/74/120 118/73/118
f 120/73/117 119/74/120 116/71/115
f 121/75/121 120/73/117 115/72/116
f 124/76/122 119/74/120 120/73/117
f 120/73/117 121/75/121 123/77/123
f 123/77/123 122/78/124 120/73/117
f 120/73/117 122/78/124 124/76/122
f 125/79/125 124/76/122 122/78/124
f 126/78/126 124/76/122 125/79/125
f 124/76/122 126/78/126 118/73/118
f 118/73/118 119/74/120 124/76/122
f 125/79/125 127/80/127 126/78/126
f 126/78/126 127/80/127 129/81/128
f 118/73/118 126/78/126 128/77/129
f 129/81/128 128/77/129 126/78/126
f 129/81/128 131/82/130 130/83/131
f 130/83/131 12/13/13 129/81/128
f 132/84/132 131/82/130 129/81/128
f 129/81/128 127/80/127 132/84/132
f 128/77/129 129/81/128 12/13/13
f 133/85/133 131/82/130 132/84/132
f 132/84/132 134/86/134 133/85/133
f 135/87/135 134/86/134 132/84/132
f 132/84/132 136/88/136 135/87/135
f 125/79/125 136/88/136 132/84/132
f 132/84/132 127/80/127 125/79/125
f 135/87/135 136/88/136 137/84/137
f 137/84/137 136/88/136 125/79/125
f 137/84/137 138/86/138 135/87/135
f 139/85/139 138/86/138 137/84/137
f 137/84/137 140/82/140 139/85/139
f 141/81/141 140/82/140 137/84/137
f 137/84/137 142/80/142 141/81/141
f 125/79/125 142/80/142 137/84/137
f 141/81/141 142/80/142 122/78/124
f 122/78/124 142/80/142 125/79/125
f 143/83/143 140/82/140 141/81/141
f 141/81/141 144/13/144 143/83/143
f 122/78/124 123/77/123 141/81/141
f 144/13/144 141/81/141 123/77/123
f 145/9/145 143/83/143 144/13/144
f 144/13/144 146/10/146 145/9/145
f 123/77/123 95/12/96 144/13/144
f 146/10/146 144/13/144 95/12/96
f 147/6/147 145/9/145 146/10/146
f 92/7/92 146/10/146 91/11/91
f 95/12/96 91/11/91 146/10/146
f 146/10/146 92/7/92 147/6/147
f 87/5/87 148/2/148 147/6/147
f 147/6/147 148/2/148 150/3/149
f 145/9/145 147/6/147 149/8/150
f 150/3/149 149/8/150 147/6/147
f 147/6/147 92/7/92 87/5/87
f 150/3/149 148/2/148 2/1/1
f 2/1/1 152/89/151 150/3/149
f 151/90/152 149/8/150 150/3/149
f 150/3/149 153/91/153 151/90/152
f 153/91/153 150/3/149 152/89/151
f 156/92/154 151/90/152 153/91/153
f 153/91/153 154/93/155 156/92/154
f 154/93/155 153/91/153 155/94/156
f 152/89/151 155/94/156 153/91/153
f 139/85/139 156/92/154 154/93/155
f 143/83/143 156/92/154 139/85/139
f 151/90/152 156/92/154 143/83/143
f 155/94/156 157/95/157 154/93/155
f 158/93/158 157/95/157 155/94/156
f 159/91/159 155/94/156 152/89/151
f 155/94/156 159/91/159 158/93/158
f 161/90/160 159/91/159 5/3/3
f 152/89/151 5/3/3 159/91/159
f 160/92/161 158/93/158 159/91/159
f 159/91/159 161/90/160 160/92/161
f 161/90/160 7/9/9 130/83/131
f 130/83/131 160/92/161 161/90/160
f 5/3/3 8/8/8 161/90/160
f 7/9/9 161/90/160 8/8/8
f 133/85/133 160/92/161 130/83/131
f 158/93/158 160/92/161 133/85/133
f 133/85/133 134/86/134 158/93/158
f 158/93/158 134/86/134 135/87/135
f 135/87/135 157/95/157 158/93/158
f 154/93/155 157/95/157 135/87/135
f 135/87/135 138/86/138 154/93/155
f 154/93/155 138/86/138 139/85/139
f 5/3/3 152/89/151 2/1/1
f 143/83/143 145/9/145 151/90/152
f 149/8/150 151/90/152 145/9/145
f 3/4/4 2/1/1 148/2/148
f 148/2/148 87/5/87 3/4/4
f 139/85/139 140/82/140 143/83/143
f 130/83/131 131/82/130 133/85/133
f 12/13/13 130/83/131 7/9/9
f 11/12/12 162/75/162 128/77/129
f 12/13/13 11/12/12 128/77/129
f 128/77/129 162/75/162 118/73/118
f 163/61/163 162/75/162 11/12/12
f 162/75/162 163/61/163 117/72/119
f 117/72/119 118/73/118 162/75/162
f 11/12/12 164/60/164 163/61/163
f 163/61/163 164/60/164 21/22/22
f 21/22/22 165/62/165 163/61/163
f 117/72/119 163/61/163 165/62/165
f 165/62/165 25/24/24 110/63/110
f 25/24/24 165/62/165 21/22/22
f 165/62/165 112/69/113 117/72/119
f 110/63/110 112/69/113 165/62/165
f 14/15/15 164/60/164 11/12/12
f 21/22/22 164/60/164 14/15/15
f 95/12/96 123/77/123 121/75/121
f 115/72/116 98/61/98 121/75/121
f 95/12/96 121/75/121 98/61/98
f 99/62/99 98/61/98 115/72/116
f 108/64/108 110/63/110 25/24/24
f 25/24/24 24/26/26 108/64/108
f 107/65/107 108/64/108 24/26/26
f 107/65/107 31/32/32 33/34/34
f 31/32/32 107/65/107 23/25/25
f 24/26/26 23/25/25 107/65/107
f 39/31/36 105/32/105 33/34/34
f 42/28/42 105/32/105 39/31/36
f 105/32/105 42/28/42 48/25/47
f 98/61/98 96/60/97 95/12/96
f 51/19/51 54/41/53 88/18/89
f 15/14/14 86/59/86 17/18/18
f 4/5/5 86/59/86 15/14/14
f 71/38/72 27/27/27 74/39/74
f 28/29/29 74/39/74 27/27/27
f 27/27/27 71/38/72 30/30/30
f 30/30/30 71/38/72 37/37/39
f 66/54/66 58/46/58 61/49/61
f 63/51/63 59/48/60 41/38/41
f 41/38/41 38/37/38 63/51/63
f 36/36/37 63/51/63 38/37/38
f 41/38/41 59/48/60 44/39/44
f 33/34/34 34/35/35 39/31/36
f 15/14/14 9/7/7 4/5/5
f 364/321/349 362/322/350 361/323/351
f 361/323/351 362/322/350 363/324/352
f 366/325/353 361/323/351 363/324/352
f 361/323/351 365/326/354 364/321/349
f 365/326/354 361/323/351 366/325/353
f 366/325/353 370/327/355 365/326/354
f 369/328/356 367/329/357 366/325/353
f 370/327/355 366/325/353 367/329/357
f 363/324/352 368/330/358 366/325/353
f 366/325/353 368/330/358 369/328/356
f 371/331/359 365/326/354 370/327/355
f 367/329/357 373/332/360 370/327/355
f 370/327/355 372/333/361 371/331/359
f 372/333/361 370/327/355 373/332/360
f 373/332/360 367/329/357 374/334/362
f 374/334/362 375/335/363 373/332/360
f 376/336/364 373/332/360 375/335/363
f 373/332/360 376/336/364 372/333/361
f 375/335/363 377/337/365 376/336/364
f 376/336/364 377/337/365 378/338/366
f 378/338/366 379/339/367 376/336/364
f 372/333/361 376/336/364 379/339/367
f 382/340/368 379/339/367 378/338/366
f 380/341/369 381/342/370 379/339/367
f 379/339/367 382/340/368 380/341/369
f 379/339/367 381/342/370 372/333/361
f 382/340/368 383/343/371 385/344/372
f 383/343/371 382/340/368 384/345/373
f 378/338/366 384/345/373 382/340/368
f 385/344/372 380/341/369 382/340/368
f 388/346/374 385/344/372 383/343/371
f 386/347/375 380/341/369 385/344/372
f 385/344/372 387/348/376 386/347/375
f 389/349/377 387/348/376 385/344/372
f 385/344/372 388/346/374 389/349/377
f 387/348/376 389/349/377 390/350/378
f 391/351/379 390/350/378 389/349/377
f 389/349/377 392/352/380 391/351/379
f 392/352/380 389/349/377 388/346/374
f 394/353/381 391/351/379 392/352/380
f 394/353/381 392/352/380 393/354/382
f 388/346/374 393/354/382 392/352/380
f 391/351/379 394/353/381 398/355/383
f 393/354/382 397/356/384 394/353/381
f 395/357/385 398/355/383 394/353/381
f 396/358/386 395/357/385 394/353/381
f 394/353/381 397/356/384 396/358/386
f 398/355/383 399/359/387 401/360/388
f 398/355/383 395/357/385 399/359/387
f 398/355/383 400/361/389 391/351/379
f 401/360/388 400/361/389 398/355/383
f 401/360/388 399/359/387 402/355/390
f 405/362/391 400/361/389 401/360/388
f 402/355/390 403/361/392 401/360/388
f 401/360/388 403/361/392 404/362/393
f 404/362/393 406/363/394 401/360/388
f 401/360/388 406/363/394 405/362/391
f 407/364/395 405/362/391 406/363/394
f 406/363/394 408/365/396 407/364/395
f 409/364/397 408/365/396 406/363/394
f 406/363/394 404/362/393 409/364/397
f 408/365/396 409/364/397 411/366/398
f 410/367/399 411/366/398 409/364/397
f 409/364/397 412/368/400 410/367/399
f 412/368/400 409/364/397 404/362/393
f 413/347/401 410/367/399 412/368/400
f 404/362/393 415/350/402 412/368/400
f 412/368/400 414/348/403 413/347/401
f 414/348/403 412/368/400 415/350/402
f 415/350/402 416/349/404 414/348/403
f 416/349/404 415/350/402 417/351/405
f 403/361/392 417/351/405 415/350/402
f 415/350/402 404/362/393 403/361/392
f 417/351/405 418/352/406 416/349/404
f 419/353/407 418/352/406 417/351/405
f 402/355/390 419/353/407 417/351/405
f 417/351/405 403/361/392 402/355/390
f 422/354/408 418/352/406 419/353/407
f 395/357/385 419/353/407 402/355/390
f 419/353/407 395/357/385 420/358/409
f 420/358/409 421/356/410 419/353/407
f 419/353/407 421/356/410 422/354/408
f 423/369/411 422/354/408 421/356/410
f 422/354/408 423/369/411 425/370/412
f 418/352/406 422/354/408 424/346/413
f 425/370/412 424/346/413 422/354/408
f 426/371/414 425/370/412 423/369/411
f 424/346/413 425/370/412 427/343/415
f 425/370/412 426/371/414 428/372/416
f 428/372/416 427/343/415 425/370/412
f 429/373/417 428/372/416 426/371/414
f 427/343/415 428/372/416 431/345/418
f 428/372/416 429/373/417 430/374/419
f 430/374/419 431/345/418 428/372/416
f 431/345/418 430/374/419 432/375/420
f 432/375/420 433/338/421 431/345/418
f 434/340/422 431/345/418 433/338/421
f 431/345/418 434/340/422 427/343/415
f 433/338/421 436/339/423 434/340/422
f 435/344/424 427/343/415 434/340/422
f 434/340/422 437/341/425 435/344/424
f 437/341/425 434/340/422 436/339/423
f 413/347/401 437/341/425 438/342/426
f 435/344/424 437/341/425 413/347/401
f 436/339/423 438/342/426 437/341/425
f 438/342/426 441/376/427 413/347/401
f 439/331/428 441/376/427 438/342/426
f 438/342/426 440/333/429 439/331/428
f 440/333/429 438/342/426 436/339/423
f 444/377/430 413/347/401 441/376/427
f 441/376/427 439/331/428 442/378/431
f 442/378/431 443/379/432 441/376/427
f 441/376/427 443/379/432 444/377/430
f 413/347/401 444/377/430 410/367/399
f 411/366/398 410/367/399 444/377/430
f 444/377/430 445/380/433 411/366/398
f 444/377/430 443/379/432 446/381/434
f 446/381/434 445/380/433 444/377/430
f 445/380/433 446/381/434 447/382/435
f 447/382/435 446/381/434 448/383/436
f 442/378/431 448/383/436 446/381/434
f 446/381/434 443/379/432 442/378/431
f 448/383/436 449/384/437 447/382/435
f 451/385/438 449/384/437 448/383/436
f 450/386/439 452/387/440 448/383/436
f 448/383/436 442/378/431 450/386/439
f 448/383/436 452/387/440 451/385/438
f 452/387/440 450/386/439 453/321/441
f 454/388/442 451/385/438 452/387/440
f 453/321/441 455/389/443 452/387/440
f 452/387/440 455/389/443 454/388/442
f 456/390/444 455/389/443 453/321/441
f 454/388/442 455/389/443 456/390/444
f 453/321/441 457/322/445 456/390/444
f 456/390/444 459/391/446 454/388/442
f 456/390/444 457/322/445 461/324/447
f 456/390/444 460/392/448 458/393/449
f 458/393/449 459/391/446 456/390/444
f 461/324/447 460/392/448 456/390/444
f 461/324/447 463/323/450 462/325/451
f 462/325/451 464/330/452 461/324/447
f 463/323/450 461/324/447 457/322/445
f 461/324/447 464/330/452 465/394/453
f 465/394/453 460/392/448 461/324/447
f 467/395/454 465/394/453 464/330/452
f 465/394/453 467/395/454 466/396/455
f 466/396/455 468/397/456 465/394/453
f 465/394/453 468/397/456 458/393/449
f 458/393/449 460/392/448 465/394/453
f 458/393/449 468/397/456 469/394/457
f 469/394/457 468/397/456 466/396/455
f 466/396/455 470/395/458 469/394/457
f 368/330/358 469/394/457 470/395/458
f 469/394/457 471/392/459 458/393/449
f 363/324/352 471/392/459 469/394/457
f 469/394/457 368/330/358 363/324/352
f 458/393/449 471/392/459 472/390/460
f 472/390/460 471/392/459 363/324/352
f 472/390/460 473/389/461 454/388/442
f 454/388/442 459/391/446 472/390/460
f 364/321/349 473/389/461 472/390/460
f 472/390/460 459/391/446 458/393/449
f 363/324/352 362/322/350 472/390/460
f 472/390/460 362/322/350 364/321/349
f 454/388/442 473/389/461 474/387/462
f 474/387/462 473/389/461 364/321/349
f 474/387/462 451/385/438 454/388/442
f 451/385/438 474/387/462 475/383/463
f 475/383/463 474/387/462 476/386/464
f 364/321/349 476/386/464 474/387/462
f 476/386/464 364/321/349 365/326/354
f 365/326/354 371/331/359 476/386/464
f 371/331/359 477/378/465 476/386/464
f 476/386/464 477/378/465 475/383/463
f 477/378/465 371/331/359 478/376/466
f 478/376/466 479/379/467 477/378/465
f 477/378/465 479/379/467 480/381/468
f 480/381/468 475/383/463 477/378/465
f 480/381/468 479/379/467 481/377/469
f 447/382/435 480/381/468 482/380/470
f 475/383/463 480/381/468 447/382/435
f 481/377/469 482/380/470 480/381/468
f 482/380/470 485/398/471 447/382/435
f 483/366/472 482/380/470 481/377/469
f 482/380/470 483/366/472 484/399/473
f 484/399/473 485/398/471 482/380/470
f 445/380/433 485/398/471 484/399/473
f 447/382/435 485/398/471 445/380/433
f 484/399/473 411/366/398 445/380/433
f 408/365/396 484/399/473 483/366/472
f 411/366/398 484/399/473 408/365/396
f 407/364/395 483/366/472 486/367/474
f 483/366/472 407/364/395 408/365/396
f 481/377/469 486/367/474 483/366/472
f 487/368/475 486/367/474 386/347/375
f 486/367/474 487/368/475 407/364/395
f 386/347/375 486/367/474 481/377/469
f 487/368/475 390/350/378 405/362/391
f 405/362/391 407/364/395 487/368/475
f 390/350/378 487/368/475 387/348/376
f 386/347/375 387/348/376 487/368/475
f 481/377/469 479/379/467 478/376/466
f 478/376/466 386/347/375 481/377/469
f 381/342/370 478/376/466 371/331/359
f 386/347/375 478/376/466 381/342/370
f 447/382/435 449/384/437 475/383/463
f 475/383/463 449/384/437 451/385/438
f 470/395/458 466/396/455 488/400/476
f 488/400/476 489/401/477 470/395/458
f 369/328/356 470/395/458 489/401/477
f 470/395/458 369/328/356 368/330/358
f 374/334/362 490/402/478 489/401/477
f 489/401/477 491/403/479 374/334/362
f 489/401/477 488/400/476 492/404/480
f 489/401/477 490/402/478 369/328/356
f 492/404/480 491/403/479 489/401/477
f 492/404/480 488/400/476 495/401/481
f 491/403/479 492/404/480 493/405/482
f 493/405/482 492/404/480 494/403/483
f 495/401/481 494/403/483 492/404/480
f 498/334/484 494/403/483 495/401/481
f 495/401/481 467/395/454 496/328/485
f 496/328/485 497/402/486 495/401/481
f 495/401/481 497/402/486 498/334/484
f 467/395/454 495/401/481 488/400/476
f 502/406/487 494/403/483 498/334/484
f 499/329/488 498/334/484 497/402/486
f 498/334/484 499/329/488 500/332/489
f 500/332/489 501/335/490 498/334/484
f 498/334/484 501/335/490 502/406/487
f 494/403/483 502/406/487 493/405/482
f 505/407/491 493/405/482 502/406/487
f 502/406/487 501/335/490 504/337/492
f 504/337/492 503/408/493 502/406/487
f 502/406/487 503/408/493 505/407/491
f 508/406/494 493/405/482 505/407/491
f 430/374/419 506/409/495 505/407/491
f 505/407/491 432/375/420 430/374/419
f 505/407/491 503/408/493 432/375/420
f 505/407/491 506/409/495 509/374/496
f 505/407/491 510/375/497 507/408/498
f 505/407/491 507/408/498 508/406/494
f 509/374/496 510/375/497 505/407/491
f 510/375/497 509/374/496 384/345/373
f 384/345/373 378/338/366 510/375/497
f 377/337/365 507/408/498 510/375/497
f 510/375/497 378/338/366 377/337/365
f 509/374/496 512/373/499 511/372/500
f 511/372/500 384/345/373 509/374/496
f 512/373/499 509/374/496 506/409/495
f 514/371/501 511/372/500 512/373/499
f 512/373/499 513/410/502 514/371/501
f 513/410/502 512/373/499 515/411/503
f 506/409/495 515/411/503 512/373/499
f 429/373/417 515/411/503 506/409/495
f 515/411/503 429/373/417 517/410/504
f 515/411/503 516/412/505 513/410/502
f 517/410/504 516/412/505 515/411/503
f 519/413/506 518/414/507 517/410/504
f 516/412/505 517/410/504 518/414/507
f 517/410/504 426/371/414 519/413/506
f 426/371/414 517/410/504 429/373/417
f 518/414/507 519/413/506 520/415/508
f 519/413/506 423/369/411 521/416/509
f 423/369/411 519/413/506 426/371/414
f 521/416/509 520/415/508 519/413/506
f 421/356/410 521/416/509 423/369/411
f 523/417/510 521/416/509 421/356/410
f 522/418/511 520/415/508 521/416/509
f 521/416/509 523/417/510 522/418/511
f 421/356/410 420/358/409 523/417/510
f 523/417/510 524/419/512 522/418/511
f 524/419/512 523/417/510 420/358/409
f 522/418/511 524/419/512 529/420/513
f 420/358/409 525/421/514 524/419/512
f 524/419/512 525/421/514 396/358/386
f 396/358/386 530/417/515 524/419/512
f 530/417/515 526/418/516 524/419/512
f 527/420/517 524/419/512 526/418/516
f 524/419/512 527/420/517 528/422/518
f 524/419/512 528/422/518 529/420/513
f 397/356/384 531/416/519 530/417/515
f 530/417/515 396/358/386 397/356/384
f 526/418/516 530/417/515 531/416/519
f 534/369/520 531/416/519 397/356/384
f 532/413/521 533/415/522 531/416/519
f 531/416/519 534/369/520 532/413/521
f 531/416/519 533/415/522 526/418/516
f 397/356/384 393/354/382 534/369/520
f 514/371/501 532/413/521 534/369/520
f 535/370/523 534/369/520 393/354/382
f 534/369/520 535/370/523 514/371/501
f 511/372/500 514/371/501 535/370/523
f 535/370/523 383/343/371 511/372/500
f 383/343/371 535/370/523 388/346/374
f 393/354/382 388/346/374 535/370/523
f 533/415/522 532/413/521 536/414/524
f 526/418/516 533/415/522 527/420/517
f 536/414/524 527/420/517 533/415/522
f 527/420/517 536/414/524 537/423/525
f 513/410/502 536/414/524 532/413/521
f 536/414/524 513/410/502 516/412/505
f 516/412/505 537/423/525 536/414/524
f 537/423/525 518/414/507 529/420/513
f 518/414/507 537/423/525 516/412/505
f 537/423/525 528/422/518 527/420/517
f 529/420/513 528/422/518 537/423/525
f 532/413/521 514/371/501 513/410/502
f 520/415/508 529/420/513 518/414/507
f 529/420/513 520/415/508 522/418/511
f 395/357/385 525/421/514 420/358/409
f 395/357/385 396/358/386 525/421/514
f 384/345/373 511/372/500 383/343/371
f 493/405/482 508/406/494 491/403/479
f 374/334/362 491/403/479 508/406/494
f 508/406/494 375/335/363 374/334/362
f 377/337/365 375/335/363 508/406/494
f 508/406/494 507/408/498 377/337/365
f 506/409/495 430/374/419 429/373/417
f 538/336/526 504/337/492 501/335/490
f 432/375/420 503/408/493 504/337/492
f 504/337/492 433/338/421 432/375/420
f 433/338/421 504/337/492 538/336/526
f 501/335/490 500/332/489 538/336/526
f 440/333/429 538/336/526 500/332/489
f 436/339/423 538/336/526 440/333/429
f 538/336/526 436/339/423 433/338/421
f 500/332/489 539/327/527 440/333/429
f 539/327/527 500/332/489 499/329/488
f 540/326/528 539/327/527 462/325/451
f 499/329/488 462/325/451 539/327/527
f 539/327/527 540/326/528 439/331/428
f 439/331/428 440/333/429 539/327/527
f 540/326/528 453/321/441 450/386/439
f 453/321/441 540/326/528 463/323/450
f 462/325/451 463/323/450 540/326/528
f 450/386/439 439/331/428 540/326/528
f 462/325/451 499/329/488 496/328/485
f 497/402/486 496/328/485 499/329/488
f 496/328/485 464/330/452 462/325/451
f 464/330/452 496/328/485 467/395/454
f 490/402/478 374/334/362 367/329/357
f 367/329/357 369/328/356 490/402/478
f 488/400/476 466/396/455 467/395/454
f 463/323/450 457/322/445 453/321/441
f 439/331/428 450/386/439 442/378/431
f 413/347/401 414/348/403 435/344/424
f 435/344/424 414/348/403 416/349/404
f 416/349/404 424/346/413 435/344/424
f 427/343/415 435/344/424 424/346/413
f 424/346/413 416/349/404 418/352/406
f 400/361/389 405/362/391 390/350/378
f 402/355/390 399/359/387 395/357/385
f 390/350/378 391/351/379 400/361/389
f 381/342/370 380/341/369 386/347/375
f 371/331/359 372/333/361 381/342/370
f 964/794/989 963/795/990 969/796/991
f 963/795/992 964/794/993 965/797/994
f 965/797/994 966/798/995 963/795/992
f 963/795/992 966/798/995 967/799/996
f 967/799/996 968/800/997 963/795/992
f 963/795/990 968/800/998 970/801/999
f 970/801/999 969/796/991 963/795/990
f 970/801/999 968/800/998 971/802/1000
f 971/802/1000 972/803/1001 970/801/999
f 971/802/1002 968/800/997 967/799/996
f 967/799/996 973/804/1003 971/802/1002
f 969/796/991 974/805/1004 964/794/989
f 975/806/1005 964/794/989 974/805/1004
f 974/805/1004 976/807/1006 975/806/1005
f 975/806/1005 976/807/1006 977/805/1007
f 977/805/1007 979/794/1008 975/806/1005
f 979/794/1008 977/805/1007 978/796/1009
f 980/808/1010 975/806/1011 979/794/1012
f 978/796/1009 981/795/1013 979/794/1008
f 979/794/1012 982/797/1014 980/808/1010
f 982/797/1014 979/794/1012 981/795/1015
f 981/795/1015 983/798/1016 982/797/1014
f 984/799/1017 983/798/1016 981/795/1015
f 981/795/1015 985/800/1018 984/799/1017
f 984/799/1017 985/800/1018 986/802/1019
f 986/802/1019 987/804/1020 984/799/1017
f 986/802/1021 985/800/1022 988/801/1023
f 988/801/1024 989/803/1025 986/802/1026
f 988/801/1023 985/800/1022 981/795/1013
f 981/795/1013 978/796/1009 988/801/1023
f 964/794/993 975/806/1011 980/808/1010
f 980/808/1010 965/797/994 964/794/993
f 1792/1286/1984 1791/1287/1985 1796/1288/1986
f 1791/1287/1985 1792/1286/1984 1793/1289/1987
f 1793/1289/1987 1794/1290/1988 1791/1287/1985
f 1791/1287/1985 1794/1290/1988 1795/1291/1989
f 1795/1291/1989 1796/1288/1986 1791/1287/1985
f 1796/1288/1986 1795/1291/1989 1798/1292/1990
f 1797/1293/1991 1796/1288/1986 1799/1294/1992
f 1796/1288/1986 1797/1293/1991 1792/1286/1984
f 1798/1292/1990 1799/1294/1992 1796/1288/1986
f 1799/1294/1992 1800/1295/1993 1797/1293/1991
f 1801/1296/1994 1799/1294/1992 1798/1292/1990
f 1802/1297/1995 1800/1295/1993 1799/1294/1992
f 1799/1294/1992 1801/1296/1994 1802/1297/1995
f 1800/1295/1993 1802/1297/1995 1805/1298/1996
f 1803/1299/1997 1802/1297/1995 1801/1296/1994
f 1802/1297/1995 1803/1299/1997 1804/1300/1998
f 1804/1300/1998 1805/1298/1996 1802/1297/1995
f 1805/1298/1996 1804/1300/1998 1807/1301/1999
f 1807/1301/1999 1806/1302/2000 1805/1298/1996
f 1808/1303/2001 1805/1298/1996 1806/1302/2000
f 1805/1298/1996 1808/1303/2001 1800/1295/1993
f 1806/1302/2000 1811/1304/2002 1808/1303/2001
f 1800/1295/1993 1808/1303/2001 1809/1305/2003
f 1810/1306/2004 1809/1305/2003 1808/1303/2001
f 1808/1303/2001 1811/1304/2002 1810/1306/2004
f 1812/1307/2005 1811/1304/2002 1806/1302/2000
f 1811/1304/2002 1812/1307/2005 1813/1308/2006
f 1813/1308/2006 1810/1306/2004 1811/1304/2002
f 1814/1309/2007 1813/1308/2006 1812/1307/2005
f 1813/1308/2006 1814/1309/2007 1816/1310/2008
f 1810/1306/2004 1813/1308/2006 1815/1311/2009
f 1816/1310/2008 1815/1311/2009 1813/1308/2006
f 1818/1312/2010 1816/1310/2008 1814/1309/2007
f 1815/1311/2009 1816/1310/2008 1817/1313/2011
f 1819/1314/2012 1817/1313/2011 1816/1310/2008
f 1816/1310/2008 1818/1312/2010 1819/1314/2012
f 1821/1315/2013 1819/1314/2012 1820/1316/2014
f 1820/1316/2014 1819/1314/2012 1818/1312/2010
f 1817/1313/2011 1819/1314/2012 1821/1315/2013
f 1820/1316/2014 1825/1317/2015 1821/1315/2013
f 1821/1315/2013 1822/1318/2016 1817/1313/2011
f 1822/1318/2016 1821/1315/2013 1826/1319/2017
f 1823/1320/2018 1826/1319/2017 1821/1315/2013
f 1821/1315/2013 1824/1321/2019 1823/1320/2018
f 1824/1321/2019 1821/1315/2013 1825/1317/2015
f 1826/1319/2017 1829/1322/2020 1822/1318/2016
f 1826/1319/2017 1823/1320/2018 1827/1323/2021
f 1826/1319/2017 1828/1324/2022 1793/1289/1987
f 1793/1289/1987 1829/1322/2020 1826/1319/2017
f 1827/1323/2021 1828/1324/2022 1826/1319/2017
f 1829/1322/2020 1830/1325/2023 1815/1311/2009
f 1792/1286/1984 1830/1325/2023 1829/1322/2020
f 1815/1311/2009 1822/1318/2016 1829/1322/2020
f 1829/1322/2020 1793/1289/1987 1792/1286/1984
f 1830/1325/2023 1792/1286/1984 1797/1293/1991
f 1797/1293/1991 1809/1305/2003 1830/1325/2023
f 1815/1311/2009 1830/1325/2023 1809/1305/2003
f 1828/1324/2022 1827/1323/2021 1833/1326/2024
f 1833/1326/2024 1831/1327/2025 1828/1324/2022
f 1832/1328/2026 1828/1324/2022 1831/1327/2025
f 1832/1328/2026 1794/1290/1988 1828/1324/2022
f 1794/1290/1988 1793/1289/1987 1828/1324/2022
f 1834/1329/2027 1833/1326/2024 1827/1323/2021
f 1831/1327/2025 1833/1326/2024 1836/1330/2028
f 1833/1326/2024 1834/1329/2027 1835/1331/2029
f 1835/1331/2029 1836/1330/2028 1833/1326/2024
f 1836/1330/2028 1835/1331/2029 1837/1332/2030
f 1837/1332/2030 1838/1333/2031 1836/1330/2028
f 1839/1334/2032 1836/1330/2028 1838/1333/2031
f 1836/1330/2028 1839/1334/2032 1831/1327/2025
f 1838/1333/2031 1841/1335/2033 1839/1334/2032
f 1831/1327/2025 1839/1334/2032 1840/1336/2034
f 1842/1337/2035 1840/1336/2034 1839/1334/2032
f 1839/1334/2032 1841/1335/2033 1842/1337/2035
f 1844/1338/2036 1840/1336/2034 1842/1337/2035
f 1843/1339/2037 1842/1337/2035 1841/1335/2033
f 1842/1337/2035 1843/1339/2037 1844/1338/2036
f 1844/1338/2036 1843/1339/2037 1845/1340/2038
f 1845/1340/2038 1846/1341/2039 1844/1338/2036
f 1847/1342/2040 1844/1338/2036 1846/1341/2039
f 1847/1342/2040 1840/1336/2034 1844/1338/2036
f 1846/1341/2039 1849/1343/2041 1847/1342/2040
f 1840/1336/2034 1847/1342/2040 1848/1344/2042
f 1848/1344/2042 1847/1342/2040 1849/1343/2041
f 1851/1345/2043 1849/1343/2041 1846/1341/2039
f 1849/1343/2041 1850/1346/2044 1848/1344/2042
f 1850/1346/2044 1849/1343/2041 1851/1345/2043
f 1846/1341/2039 1852/1347/2045 1851/1345/2043
f 1851/1345/2043 1852/1347/2045 1854/1348/2046
f 1851/1345/2043 1853/1349/2047 1850/1346/2044
f 1856/1350/2048 1853/1349/2047 1851/1345/2043
f 1854/1348/2046 1855/1351/2049 1851/1345/2043
f 1851/1345/2043 1855/1351/2049 1856/1350/2048
f 1857/1352/2050 1853/1349/2047 1856/1350/2048
f 1859/1353/2051 1856/1350/2048 1855/1351/2049
f 1856/1350/2048 1858/1354/2052 1857/1352/2050
f 1858/1354/2052 1856/1350/2048 1859/1353/2051
f 1855/1351/2049 1860/1355/2053 1859/1353/2051
f 1859/1356/2051 1860/1357/2053 1864/1358/2054
f 1859/1356/2051 1863/1359/2055 1861/1360/2056
f 1861/1360/2056 1862/1361/2057 1859/1356/2051
f 1859/1353/2051 1862/1362/2057 1858/1354/2052
f 1864/1358/2054 1863/1359/2055 1859/1356/2051
f 1869/1363/2058 1864/1358/2054 1860/1357/2053
f 1863/1359/2055 1864/1358/2054 1865/1364/2059
f 1868/1365/2060 1865/1364/2059 1864/1358/2054
f 1866/1366/2061 1864/1358/2054 1869/1363/2058
f 1867/1367/2062 1864/1358/2054 1866/1366/2061
f 1864/1358/2054 1867/1367/2062 1868/1365/2060
f 1860/1357/2053 1870/1368/2063 1869/1363/2058
f 1873/1369/2064 1869/1370/2058 1870/1371/2063
f 1872/1372/2065 1871/1373/2066 1869/1370/2058
f 1869/1363/2058 1871/1374/2066 1866/1366/2061
f 1869/1370/2058 1873/1369/2064 1872/1372/2065
f 1875/1375/2067 1873/1369/2064 1854/1348/2046
f 1870/1371/2063 1854/1348/2046 1873/1369/2064
f 1874/1376/2068 1872/1372/2065 1873/1369/2064
f 1873/1369/2064 1875/1375/2067 1874/1376/2068
f 1875/1375/2067 1852/1347/2045 1846/1341/2039
f 1854/1348/2046 1852/1347/2045 1875/1375/2067
f 1846/1341/2039 1845/1340/2038 1875/1375/2067
f 1874/1376/2068 1875/1375/2067 1845/1340/2038
f 1845/1340/2038 1877/1377/2069 1874/1376/2068
f 1872/1372/2065 1874/1376/2068 1876/1378/2070
f 1876/1378/2070 1874/1376/2068 1877/1377/2069
f 1843/1339/2037 1878/1379/2071 1877/1377/2069
f 1877/1377/2069 1845/1340/2038 1843/1339/2037
f 1877/1377/2069 1879/1380/2072 1876/1378/2070
f 1879/1380/2072 1877/1377/2069 1878/1379/2071
f 1876/1378/2070 1879/1380/2072 1880/1381/2073
f 1880/1381/2073 1879/1380/2072 1878/1379/2071
f 1880/1381/2073 1884/1382/2074 1876/1378/2070
f 1880/1381/2073 1878/1379/2071 1881/1383/2075
f 1881/1383/2075 1882/1384/2076 1880/1381/2073
f 1880/1381/2073 1882/1384/2076 1883/1385/2077
f 1883/1385/2077 1884/1382/2074 1880/1381/2073
f 1884/1382/2074 1883/1385/2077 1885/1386/2078
f 1885/1386/2078 1886/1387/2079 1884/1382/2074
f 1876/1378/2070 1884/1382/2074 1886/1387/2079
f 1886/1387/2079 1887/1388/2080 1876/1378/2070
f 1886/1387/2079 1885/1386/2078 1889/1389/2081
f 1887/1388/2080 1886/1387/2079 1888/1390/2082
f 1889/1389/2081 1888/1390/2082 1886/1387/2079
f 1892/1391/2083 1889/1389/2081 1885/1386/2078
f 1866/1366/2061 1888/1392/2082 1889/1393/2081
f 1889/1393/2081 1890/1394/2084 1866/1366/2061
f 1891/1395/2085 1890/1394/2084 1889/1393/2081
f 1889/1393/2081 1892/1396/2083 1891/1395/2085
f 1891/1397/2085 1892/1391/2083 1893/1398/2086
f 1885/1386/2078 1893/1398/2086 1892/1391/2083
f 1893/1398/2086 1894/1399/2087 1891/1397/2085
f 1893/1398/2086 1885/1386/2078 1883/1385/2077
f 1883/1385/2077 1895/1400/2088 1893/1398/2086
f 1894/1399/2087 1893/1398/2086 1895/1400/2088
f 1895/1400/2088 1883/1385/2077 1882/1384/2076
f 1895/1400/2088 1897/1401/2089 1894/1399/2087
f 1882/1384/2076 1896/1402/2090 1895/1400/2088
f 1897/1401/2089 1895/1400/2088 1896/1402/2090
f 1900/1403/2091 1894/1399/2087 1897/1401/2089
f 1896/1402/2090 1898/1404/2092 1897/1401/2089
f 1899/1405/2093 1897/1401/2089 1898/1404/2092
f 1897/1401/2089 1899/1405/2093 1900/1403/2091
f 1891/1397/2085 1894/1399/2087 1900/1403/2091
f 1900/1403/2091 1901/1406/2094 1891/1397/2085
f 1900/1403/2091 1899/1405/2093 1902/1407/2095
f 1901/1406/2094 1900/1403/2091 1903/1408/2096
f 1902/1407/2095 1903/1408/2096 1900/1403/2091
f 1903/1408/2096 1905/1409/2097 1901/1406/2094
f 1904/1410/2098 1903/1408/2096 1902/1407/2095
f 1904/1410/2098 1905/1409/2097 1903/1408/2096
f 1905/1411/2097 1906/1412/2099 1901/1413/2094
f 1904/1410/2098 1907/1414/2100 1905/1409/2097
f 1907/1415/2100 1906/1412/2099 1905/1411/2097
f 1906/1412/2099 1907/1415/2100 1908/1416/2101
f 1908/1417/2101 1907/1414/2100 1904/1410/2098
f 1908/1416/2101 1909/1418/2102 1913/1419/2103
f 1910/1420/2104 1909/1418/2102 1908/1416/2101
f 1908/1416/2101 1911/1421/2105 1910/1420/2104
f 1911/1422/2105 1908/1417/2101 1912/1423/2106
f 1904/1410/2098 1912/1423/2106 1908/1417/2101
f 1908/1416/2101 1913/1419/2103 1906/1412/2099
f 1913/1419/2103 1909/1418/2102 1914/1424/2107
f 1914/1424/2107 1915/1425/2108 1913/1419/2103
f 1906/1412/2099 1913/1419/2103 1915/1425/2108
f 1916/1426/2109 1915/1425/2108 1914/1424/2107
f 1890/1394/2084 1915/1425/2108 1916/1426/2109
f 1915/1425/2108 1890/1394/2084 1906/1412/2099
f 1916/1426/2109 1867/1367/2062 1890/1394/2084
f 1868/1365/2060 1867/1367/2062 1916/1426/2109
f 1916/1426/2109 1917/1427/2110 1868/1365/2060
f 1917/1427/2110 1916/1426/2109 1918/1428/2111
f 1914/1424/2107 1918/1428/2111 1916/1426/2109
f 1918/1428/2111 1921/1429/2112 1917/1427/2110
f 1920/1430/2113 1919/1431/2114 1918/1428/2111
f 1921/1429/2112 1918/1428/2111 1919/1431/2114
f 1918/1428/2111 1914/1424/2107 1920/1430/2113
f 1923/1432/2115 1917/1427/2110 1921/1429/2112
f 1919/1431/2114 1924/1433/2116 1921/1429/2112
f 1921/1429/2112 1922/1434/2117 1923/1432/2115
f 1922/1434/2117 1921/1429/2112 1924/1433/2116
f 1926/1435/2118 1924/1433/2116 1925/1436/2119
f 1927/1437/2120 1925/1436/2119 1924/1433/2116
f 1924/1433/2116 1926/1435/2118 1922/1434/2117
f 1924/1433/2116 1919/1431/2114 1927/1437/2120
f 1925/1436/2119 1927/1437/2120 1929/1438/2121
f 1930/1439/2122 1927/1437/2120 1919/1431/2114
f 1928/1440/2123 1927/1437/2120 1930/1439/2122
f 1928/1440/2123 1929/1438/2121 1927/1437/2120
f 1919/1431/2114 1920/1430/2113 1930/1439/2122
f 1933/1441/2124 1930/1439/2122 1920/1430/2113
f 1930/1439/2122 1932/1442/2125 1928/1440/2123
f 1931/1443/2126 1932/1442/2125 1930/1439/2122
f 1930/1439/2122 1933/1441/2124 1931/1443/2126
f 1931/1443/2126 1933/1441/2124 1935/1444/2127
f 1920/1430/2113 1934/1445/2128 1933/1441/2124
f 1935/1444/2127 1933/1441/2124 1934/1445/2128
f 1935/1444/2127 1936/1446/2129 1931/1443/2126
f 1934/1445/2128 1937/1447/2130 1935/1444/2127
f 1936/1446/2129 1935/1444/2127 1938/1448/2131
f 1938/1448/2131 1935/1444/2127 1937/1447/2130
f 1938/1448/2131 1939/1449/2132 1936/1446/2129
f 1937/1447/2130 1942/1450/2133 1938/1448/2131
f 1940/1451/2134 1939/1452/2132 1938/1453/2131
f 1938/1453/2131 1941/1454/2135 1940/1451/2134
f 1943/1455/2136 1941/1454/2135 1938/1453/2131
f 1938/1453/2131 1942/1456/2133 1943/1455/2136
f 1941/1454/2135 1943/1455/2136 1945/1457/2137
f 1944/1458/2138 1943/1455/2136 1942/1456/2133
f 1943/1455/2136 1944/1458/2138 1946/1459/2139
f 1946/1459/2139 1945/1457/2137 1943/1455/2136
f 1949/1460/2140 1946/1459/2139 1944/1458/2138
f 1945/1457/2137 1946/1459/2139 1947/1461/2141
f 1948/1462/2142 1947/1461/2141 1946/1459/2139
f 1946/1459/2139 1949/1460/2140 1948/1462/2142
f 1950/1463/2143 1948/1462/2142 1949/1460/2140
f 1949/1460/2140 1951/1464/2144 1950/1463/2143
f 1949/1460/2140 1954/1465/2145 1951/1464/2144
f 1944/1458/2138 1952/1466/2146 1949/1460/2140
f 1949/1460/2140 1952/1466/2146 1953/1467/2147
f 1953/1467/2147 1954/1465/2145 1949/1460/2140
f 1955/1468/2148 1951/1464/2144 1954/1465/2145
f 1954/1465/2145 1953/1467/2147 1956/1469/2149
f 1954/1465/2145 1957/1470/2150 1955/1468/2148
f 1956/1469/2149 1957/1470/2150 1954/1465/2145
f 1959/1471/2151 1955/1468/2148 1957/1470/2150
f 1957/1470/2150 1956/1469/2149 1958/1472/2152
f 1958/1472/2152 1960/1473/2153 1957/1470/2150
f 1957/1470/2150 1960/1473/2153 1959/1471/2151
f 1960/1473/2153 1958/1472/2152 1963/1474/2154
f 1961/1475/2155 1959/1471/2151 1960/1473/2153
f 1960/1473/2153 1962/1476/2156 1961/1475/2155
f 1963/1474/2154 1962/1476/2156 1960/1473/2153
f 1963/1474/2154 1958/1472/2152 1964/1477/2157
f 1964/1477/2157 1910/1478/2104 1963/1474/2154
f 1965/1479/2158 1963/1474/2154 1910/1478/2104
f 1963/1474/2154 1965/1479/2158 1966/1480/2159
f 1966/1480/2159 1962/1476/2156 1963/1474/2154
f 1968/1481/2160 1966/1480/2159 1965/1479/2158
f 1966/1480/2159 1967/1482/2161 1961/1475/2155
f 1967/1482/2161 1966/1480/2159 1968/1481/2160
f 1961/1475/2155 1962/1476/2156 1966/1480/2159
f 1965/1479/2158 1912/1423/2106 1968/1481/2160
f 1968/1481/2160 1969/1483/2162 1967/1482/2161
f 1969/1483/2162 1968/1481/2160 1970/1484/2163
f 1970/1484/2163 1968/1481/2160 1912/1423/2106
f 1902/1407/2095 1971/1485/2164 1970/1484/2163
f 1902/1407/2095 1970/1484/2163 1904/1410/2098
f 1912/1423/2106 1904/1410/2098 1970/1484/2163
f 1970/1484/2163 1971/1485/2164 1969/1483/2162
f 1972/1486/2165 1969/1483/2162 1971/1485/2164
f 1971/1485/2164 1973/1487/2166 1972/1486/2165
f 1973/1487/2166 1971/1485/2164 1902/1407/2095
f 1972/1486/2165 1973/1487/2166 1975/1488/2167
f 1902/1407/2095 1974/1489/2168 1973/1487/2166
f 1975/1488/2167 1973/1487/2166 1974/1489/2168
f 1975/1488/2167 1976/1490/2169 1972/1486/2165
f 1974/1489/2168 1977/1491/2170 1975/1488/2167
f 1979/1492/2171 1976/1490/2169 1975/1488/2167
f 1977/1491/2170 1978/1493/2172 1975/1488/2167
f 1975/1488/2167 1978/1493/2172 1979/1492/2171
f 1976/1490/2169 1979/1492/2171 1982/1494/2173
f 1979/1492/2171 1978/1493/2172 1980/1495/2174
f 1979/1492/2171 1980/1495/2174 1981/1496/2175
f 1981/1496/2175 1982/1494/2173 1979/1492/2171
f 1983/1497/2176 1982/1494/2173 1981/1496/2175
f 1984/1498/2177 1982/1494/2173 1983/1497/2176
f 1982/1494/2173 1984/1498/2177 1976/1490/2169
f 1983/1497/2176 1985/1499/2178 1984/1498/2177
f 1976/1490/2169 1984/1498/2177 1987/1500/2179
f 1984/1498/2177 1985/1499/2178 1986/1501/2180
f 1986/1501/2180 1987/1500/2179 1984/1498/2177
f 1967/1482/2161 1987/1500/2179 1986/1501/2180
f 1969/1483/2162 1972/1486/2165 1987/1500/2179
f 1987/1500/2179 1972/1486/2165 1976/1490/2169
f 1987/1500/2179 1967/1482/2161 1969/1483/2162
f 1988/1502/2181 1986/1501/2180 1985/1499/2178
f 1986/1501/2180 1988/1502/2181 1959/1471/2151
f 1959/1471/2151 1961/1475/2155 1986/1501/2180
f 1986/1501/2180 1961/1475/2155 1967/1482/2161
f 1988/1502/2181 1990/1503/2182 1955/1468/2148
f 1955/1468/2148 1959/1471/2151 1988/1502/2181
f 1985/1499/2178 1989/1504/2183 1988/1502/2181
f 1990/1503/2182 1988/1502/2181 1989/1504/2183
f 1951/1464/2144 1955/1468/2148 1990/1503/2182
f 1989/1504/2183 1991/1505/2184 1990/1503/2182
f 1950/1463/2143 1990/1503/2182 1991/1505/2184
f 1990/1503/2182 1950/1463/2143 1951/1464/2144
f 1991/1505/2184 1989/1504/2183 1994/1506/2185
f 1991/1505/2184 1992/1507/2186 1950/1463/2143
f 1992/1507/2186 1991/1505/2184 1993/1508/2187
f 1994/1506/2185 1993/1508/2187 1991/1505/2184
f 1994/1506/2185 1981/1496/2175 1995/1509/2188
f 1994/1506/2185 1983/1497/2176 1981/1496/2175
f 1995/1509/2188 1993/1508/2187 1994/1506/2185
f 1983/1497/2176 1994/1506/2185 1989/1504/2183
f 1996/1510/2189 1995/1509/2188 1981/1496/2175
f 1995/1509/2188 1996/1510/2189 1999/1511/2190
f 1993/1508/2187 1995/1509/2188 1997/1512/2191
f 1997/1512/2191 1995/1509/2188 1998/1513/2192
f 1998/1513/2192 1995/1509/2188 2000/1514/2193
f 1999/1511/2190 2000/1514/2193 1995/1509/2188
f 2000/1514/2193 2001/1515/2194 1998/1513/2192
f 2004/1516/2195 2001/1515/2194 2000/1514/2193
f 2000/1514/2193 1999/1511/2190 2003/1517/2196
f 2000/1514/2193 2002/1518/2197 2004/1516/2195
f 2003/1517/2196 2002/1518/2197 2000/1514/2193
f 2007/1519/2198 2001/1515/2194 2004/1516/2195
f 2004/1516/2195 2002/1518/2197 2005/1520/2199
f 2005/1520/2199 2006/1521/2200 2004/1516/2195
f 2004/1516/2195 2006/1521/2200 2007/1519/2198
f 2007/1519/2198 2006/1521/2200 2008/1522/2201
f 2001/1515/2194 2007/1519/2198 2010/1523/2202
f 2008/1522/2201 2009/1524/2203 2007/1519/2198
f 2010/1523/2202 2007/1519/2198 2009/1524/2203
f 2009/1524/2203 1947/1461/2141 2010/1523/2202
f 1992/1507/2186 2010/1523/2202 1947/1461/2141
f 2010/1523/2202 1998/1513/2192 2001/1515/2194
f 1998/1513/2192 2010/1523/2202 1992/1507/2186
f 1947/1461/2141 2009/1524/2203 1945/1457/2137
f 2009/1524/2203 2008/1522/2201 2011/1525/2204
f 2011/1525/2204 1945/1457/2137 2009/1524/2203
f 2012/1526/2205 2011/1525/2204 2008/1522/2201
f 1941/1454/2135 2011/1525/2204 2012/1526/2205
f 1945/1457/2137 2011/1525/2204 1941/1454/2135
f 1940/1451/2134 2012/1526/2205 2013/1527/2206
f 2012/1526/2205 1940/1451/2134 1941/1454/2135
f 2008/1522/2201 2014/1528/2207 2012/1526/2205
f 2013/1527/2206 2012/1526/2205 2014/1528/2207
f 2006/1521/2200 2005/1520/2199 2014/1528/2207
f 2014/1528/2207 2008/1522/2201 2006/1521/2200
f 2014/1528/2207 2015/1529/2208 2013/1527/2206
f 2015/1529/2208 2014/1528/2207 2005/1520/2199
f 2015/1529/2208 2016/1530/2209 2018/1531/2210
f 2016/1530/2209 2015/1529/2208 2017/1532/2211
f 2005/1520/2199 2017/1532/2211 2015/1529/2208
f 2018/1531/2210 2013/1527/2206 2015/1529/2208
f 2018/1531/2210 2016/1530/2209 2022/1533/2212
f 2018/1531/2210 2023/1534/2213 2019/1535/2214
f 2019/1535/2214 2020/1536/2215 2018/1531/2210
f 2018/1531/2210 2020/1536/2215 2021/1537/2216
f 2021/1537/2216 2013/1527/2206 2018/1531/2210
f 2022/1533/2212 2023/1534/2213 2018/1531/2210
f 2025/1538/2217 2019/1535/2214 2023/1534/2213
f 2024/1539/2218 2023/1534/2213 2022/1533/2212
f 2023/1534/2213 2024/1539/2218 2025/1538/2217
f 2026/1540/2219 2025/1538/2217 2024/1539/2218
f 2019/1535/2214 2025/1538/2217 2028/1541/2220
f 2025/1538/2217 2026/1540/2219 2027/1542/2221
f 2027/1542/2221 2028/1541/2220 2025/1538/2217
f 2029/1543/2222 2028/1544/2220 1932/1442/2125
f 2028/1541/2220 2029/1545/2222 2019/1535/2214
f 1932/1442/2125 2028/1544/2220 2027/1546/2221
f 1932/1442/2125 1931/1443/2126 2029/1543/2222
f 2029/1545/2222 1931/1547/2126 2020/1536/2215
f 2020/1536/2215 2019/1535/2214 2029/1545/2222
f 2027/1546/2221 1928/1440/2123 1932/1442/2125
f 2030/1548/2223 1928/1549/2123 2027/1542/2221
f 2027/1542/2221 2026/1540/2219 2030/1548/2223
f 2031/1550/2224 2030/1548/2223 2026/1540/2219
f 2032/1551/2225 2030/1548/2223 2031/1550/2224
f 2032/1551/2225 1928/1549/2123 2030/1548/2223
f 2031/1550/2224 2034/1552/2226 2032/1551/2225
f 2033/1553/2227 2035/1554/2228 2032/1551/2225
f 2032/1551/2225 2034/1552/2226 2033/1553/2227
f 2032/1555/2225 2035/1556/2228 1929/1438/2121
f 1929/1438/2121 1928/1440/2123 2032/1555/2225
f 2035/1554/2228 2033/1553/2227 2036/1557/2229
f 1929/1438/2121 2035/1556/2228 2037/1558/2230
f 2036/1557/2229 2037/1559/2230 2035/1554/2228
f 2037/1559/2230 2036/1557/2229 2038/1560/2231
f 2038/1560/2231 2039/1561/2232 2037/1559/2230
f 2040/1562/2233 2037/1558/2230 2039/1563/2232
f 2037/1558/2230 2040/1562/2233 1929/1438/2121
f 1929/1438/2121 2040/1562/2233 1925/1436/2119
f 2042/1564/2234 1925/1436/2119 2040/1562/2233
f 2039/1563/2232 2041/1565/2235 2040/1562/2233
f 2040/1562/2233 2041/1565/2235 2042/1564/2234
f 2045/1566/2236 1925/1436/2119 2042/1564/2234
f 2046/1567/2237 2042/1564/2234 2041/1565/2235
f 2042/1564/2234 2043/1568/2238 2045/1566/2236
f 2044/1569/2239 2043/1568/2238 2042/1564/2234
f 2042/1564/2234 2046/1567/2237 2044/1569/2239
f 2048/1570/2240 2044/1571/2239 2046/1572/2237
f 2047/1573/2241 2046/1572/2237 2039/1561/2232
f 2046/1572/2237 2047/1573/2241 2049/1574/2242
f 2049/1574/2242 2048/1570/2240 2046/1572/2237
f 2041/1565/2235 2039/1563/2232 2046/1567/2237
f 2049/1574/2242 2047/1573/2241 2052/1575/2243
f 2054/1576/2244 2048/1570/2240 2049/1574/2242
f 2050/1577/2245 2053/1578/2246 2049/1574/2242
f 2049/1574/2242 2051/1579/2247 2050/1577/2245
f 2052/1575/2243 2051/1579/2247 2049/1574/2242
f 2049/1574/2242 2053/1578/2246 2054/1576/2244
f 2056/1580/2248 2054/1576/2244 2053/1578/2246
f 2054/1576/2244 2056/1580/2248 2055/1581/2249
f 2055/1581/2249 2057/1582/2250 2054/1576/2244
f 2048/1570/2240 2054/1576/2244 2057/1582/2250
f 2044/1571/2239 2057/1582/2250 2058/1583/2251
f 2057/1582/2250 2044/1571/2239 2048/1570/2240
f 2058/1583/2251 2057/1582/2250 2055/1581/2249
f 2058/1583/2251 2043/1584/2238 2044/1571/2239
f 2055/1581/2249 2059/1585/2252 2058/1583/2251
f 2043/1568/2238 2058/1586/2251 2059/1587/2252
f 2061/1588/2253 2045/1566/2236 2059/1587/2252
f 2059/1587/2252 2045/1566/2236 2043/1568/2238
f 2059/1585/2252 2055/1581/2249 2060/1589/2254
f 2060/1589/2254 2062/1590/2255 2059/1585/2252
f 2059/1587/2252 2062/1591/2255 2061/1588/2253
f 2062/1590/2255 2060/1589/2254 2064/1592/2256
f 2061/1588/2253 2062/1591/2255 2063/1593/2257
f 2064/1592/2256 2063/1594/2257 2062/1590/2255
f 2064/1592/2256 2060/1589/2254 2068/1595/2258
f 2063/1594/2257 2064/1592/2256 2065/1596/2259
f 2066/1597/2260 2065/1596/2259 2064/1592/2256
f 2064/1592/2256 2067/1598/2261 2066/1597/2260
f 2068/1595/2258 2067/1598/2261 2064/1592/2256
f 2067/1598/2261 2068/1595/2258 2069/1599/2262
f 2070/1600/2263 2069/1599/2262 2068/1595/2258
f 2068/1595/2258 2056/1580/2248 2070/1600/2263
f 2056/1580/2248 2068/1595/2258 2060/1589/2254
f 2069/1599/2262 2070/1600/2263 2071/1601/2264
f 2070/1600/2263 2053/1578/2246 2050/1577/2245
f 2053/1578/2246 2070/1600/2263 2056/1580/2248
f 2050/1577/2245 2071/1601/2264 2070/1600/2263
f 2071/1601/2264 2072/1602/2265 2069/1599/2262
f 2072/1602/2265 2071/1601/2264 2073/1603/2266
f 2074/1604/2267 2073/1603/2266 2071/1601/2264
f 2071/1601/2264 2050/1577/2245 2074/1604/2267
f 2075/1605/2268 2073/1603/2266 2074/1604/2267
f 2074/1604/2267 2076/1606/2269 2075/1605/2268
f 2076/1606/2269 2074/1604/2267 2050/1577/2245
f 2075/1605/2268 2076/1606/2269 2077/1607/2270
f 2077/1607/2270 2076/1606/2269 2079/1608/2271
f 2078/1609/2272 2076/1606/2269 2051/1579/2247
f 2079/1608/2271 2076/1606/2269 2078/1609/2272
f 2050/1577/2245 2051/1579/2247 2076/1606/2269
f 2083/1610/2273 2077/1607/2270 2079/1608/2271
f 2078/1609/2272 2080/1611/2274 2079/1608/2271
f 2079/1608/2271 2080/1611/2274 2081/1612/2275
f 2081/1612/2275 2082/1613/2276 2079/1608/2271
f 2079/1608/2271 2082/1613/2276 2083/1610/2273
f 2086/1614/2277 2077/1607/2270 2083/1610/2273
f 2083/1610/2273 2082/1613/2276 2088/1615/2278
f 2083/1610/2273 2087/1616/2279 2084/1617/2280
f 2084/1617/2280 2085/1618/2281 2083/1610/2273
f 2083/1610/2273 2085/1618/2281 2086/1614/2277
f 2087/1616/2279 2083/1610/2273 2088/1615/2278
f 2088/1615/2278 2091/1619/2282 2087/1616/2279
f 2089/1620/2283 2088/1615/2278 2082/1613/2276
f 2088/1615/2278 2089/1620/2283 2090/1621/2284
f 2090/1621/2284 2091/1619/2282 2088/1615/2278
f 2087/1616/2279 2091/1619/2282 2093/1622/2285
f 2094/1623/2286 2091/1619/2282 2090/1621/2284
f 2092/1624/2287 2091/1619/2282 2094/1623/2286
f 2093/1622/2285 2091/1619/2282 2092/1624/2287
f 2092/1624/2287 2094/1623/2286 2096/1625/2288
f 2095/1626/2289 2096/1625/2288 2094/1623/2286
f 2094/1623/2286 2090/1621/2284 2095/1626/2289
f 2096/1625/2288 2097/1627/2290 2092/1624/2287
f 2031/1550/2224 2096/1625/2288 2095/1626/2289
f 2097/1627/2290 2096/1625/2288 2031/1550/2224
f 2100/1628/2291 2092/1624/2287 2097/1627/2290
f 2097/1627/2290 2098/1629/2292 2100/1628/2291
f 2098/1629/2292 2097/1627/2290 2099/1630/2293
f 2031/1550/2224 2099/1630/2293 2097/1627/2290
f 2092/1624/2287 2100/1628/2291 2093/1622/2285
f 2093/1622/2285 2100/1628/2291 2101/1631/2294
f 2101/1631/2294 2100/1628/2291 2098/1629/2292
f 2101/1631/2294 2022/1533/2212 2016/1530/2209
f 2098/1629/2292 2022/1533/2212 2101/1631/2294
f 2016/1530/2209 2102/1632/2295 2101/1631/2294
f 2101/1631/2294 2003/1517/2196 2093/1622/2285
f 2102/1632/2295 2003/1517/2196 2101/1631/2294
f 2017/1532/2211 2102/1632/2295 2016/1530/2209
f 2017/1532/2211 2003/1517/2196 2102/1632/2295
f 2099/1630/2293 2024/1539/2218 2098/1629/2292
f 2024/1539/2218 2099/1630/2293 2026/1540/2219
f 2026/1540/2219 2099/1630/2293 2031/1550/2224
f 2022/1533/2212 2098/1629/2292 2024/1539/2218
f 2095/1626/2289 2034/1552/2226 2031/1550/2224
f 2095/1626/2289 2103/1633/2296 2033/1553/2227
f 2103/1633/2296 2095/1626/2289 2090/1621/2284
f 2033/1553/2227 2034/1552/2226 2095/1626/2289
f 2036/1557/2229 2033/1553/2227 2103/1633/2296
f 2103/1633/2296 2104/1634/2297 2036/1557/2229
f 2090/1621/2284 2089/1620/2283 2103/1633/2296
f 2104/1634/2297 2103/1633/2296 2089/1620/2283
f 2038/1560/2231 2036/1557/2229 2104/1634/2297
f 2105/1635/2298 2104/1634/2297 2081/1612/2275
f 2104/1634/2297 2105/1635/2298 2038/1560/2231
f 2089/1620/2283 2081/1612/2275 2104/1634/2297
f 2052/1575/2243 2105/1635/2298 2080/1611/2274
f 2105/1635/2298 2052/1575/2243 2047/1573/2241
f 2047/1573/2241 2038/1560/2231 2105/1635/2298
f 2081/1612/2275 2080/1611/2274 2105/1635/2298
f 1999/1511/2190 2087/1616/2279 2093/1622/2285
f 2093/1622/2285 2003/1517/2196 1999/1511/2190
f 2082/1613/2276 2081/1612/2275 2089/1620/2283
f 1996/1510/2189 2084/1617/2280 2087/1616/2279
f 2087/1616/2279 1999/1511/2190 1996/1510/2189
f 2107/1636/2299 2077/1607/2270 2086/1614/2277
f 2086/1614/2277 2085/1618/2281 1834/1329/2027
f 2106/1637/2300 2086/1614/2277 2108/1638/2301
f 2086/1614/2277 2106/1637/2300 2107/1636/2299
f 1834/1329/2027 2108/1638/2301 2086/1614/2277
f 1827/1323/2021 2108/1638/2301 1834/1329/2027
f 2108/1638/2301 1827/1323/2021 1823/1320/2018
f 2108/1638/2301 2109/1639/2302 2106/1637/2300
f 1823/1320/2018 2109/1639/2302 2108/1638/2301
f 2110/1640/2303 2106/1637/2300 2109/1639/2302
f 2109/1639/2302 1823/1320/2018 1824/1321/2019
f 1824/1321/2019 2111/1641/2304 2109/1639/2302
f 2109/1639/2302 2111/1641/2304 2110/1640/2303
f 2111/1641/2304 1824/1321/2019 2113/1642/2305
f 2110/1640/2303 2111/1641/2304 2112/1643/2306
f 2113/1642/2305 2112/1643/2306 2111/1641/2304
f 2112/1643/2306 2113/1642/2305 2115/1644/2307
f 2114/1645/2308 2113/1642/2305 1825/1317/2015
f 2114/1645/2308 2116/1646/2309 2113/1642/2305
f 2116/1646/2309 2115/1644/2307 2113/1642/2305
f 1825/1317/2015 2113/1642/2305 1824/1321/2019
f 2117/1647/2310 2115/1644/2307 2116/1646/2309
f 2116/1646/2309 2118/1648/2311 2117/1647/2310
f 2119/1649/2312 2118/1648/2311 2116/1646/2309
f 2116/1646/2309 2114/1645/2308 2119/1649/2312
f 2118/1648/2311 2119/1649/2312 2120/1650/2313
f 2121/1651/2314 2120/1650/2313 2119/1649/2312
f 2119/1649/2312 2122/1652/2315 2121/1651/2314
f 2122/1652/2315 2119/1649/2312 2114/1645/2308
f 2114/1645/2308 2123/1653/2316 2122/1652/2315
f 2122/1652/2315 2123/1653/2316 2124/1654/2317
f 2122/1652/2315 2124/1654/2317 2125/1655/2318
f 2125/1655/2318 2121/1651/2314 2122/1652/2315
f 2125/1655/2318 2124/1654/2317 2126/1656/2319
f 2126/1656/2319 2127/1657/2320 2125/1655/2318
f 2121/1651/2314 2125/1655/2318 2128/1658/2321
f 2128/1658/2321 2125/1655/2318 2127/1657/2320
f 2128/1658/2321 2129/1659/2322 2121/1651/2314
f 2131/1660/2323 2129/1659/2322 2128/1658/2321
f 2132/1661/2324 2130/1662/2325 2128/1658/2321
f 2128/1658/2321 2130/1662/2325 2131/1660/2323
f 2128/1658/2321 2133/1663/2326 2132/1661/2324
f 2127/1657/2320 2133/1663/2326 2128/1658/2321
f 2134/1664/2327 2133/1663/2326 2127/1657/2320
f 2133/1663/2326 2134/1664/2327 2135/1665/2328
f 2135/1665/2328 2132/1661/2324 2133/1663/2326
f 2137/1666/2329 2135/1665/2328 2136/1667/2330
f 2138/1668/2331 2136/1667/2330 2135/1665/2328
f 2132/1661/2324 2135/1665/2328 2137/1666/2329
f 2135/1665/2328 2134/1664/2327 2138/1668/2331
f 2136/1667/2330 2138/1668/2331 2141/1669/2332
f 2138/1668/2331 2134/1664/2327 2139/1670/2333
f 2139/1670/2333 2140/1671/2334 2138/1668/2331
f 2141/1669/2332 2138/1668/2331 2140/1671/2334
f 2143/1672/2335 2141/1669/2332 2142/1673/2336
f 2142/1673/2336 2141/1669/2332 2144/1674/2337
f 2141/1669/2332 2143/1672/2335 2136/1667/2330
f 2140/1671/2334 2144/1674/2337 2141/1669/2332
f 2144/1674/2337 1814/1309/2007 2142/1673/2336
f 1814/1309/2007 2144/1674/2337 1818/1312/2010
f 2144/1674/2337 2140/1671/2334 2145/1675/2338
f 2145/1675/2338 1818/1312/2010 2144/1674/2337
f 2146/1676/2339 2145/1675/2338 2140/1671/2334
f 2145/1675/2338 2146/1676/2339 2147/1677/2340
f 1818/1312/2010 2145/1675/2338 1820/1316/2014
f 2147/1677/2340 1820/1316/2014 2145/1675/2338
f 1825/1317/2015 1820/1316/2014 2147/1677/2340
f 2147/1677/2340 2123/1653/2316 1825/1317/2015
f 2126/1656/2319 2123/1653/2316 2147/1677/2340
f 2147/1677/2340 2146/1676/2339 2126/1656/2319
f 2126/1656/2319 2146/1676/2339 2139/1670/2333
f 2140/1671/2334 2139/1670/2333 2146/1676/2339
f 2142/1673/2336 2148/1678/2341 2143/1672/2335
f 2149/1679/2342 2143/1672/2335 2148/1678/2341
f 2143/1672/2335 2149/1679/2342 2150/1680/2343
f 2150/1680/2343 2136/1667/2330 2143/1672/2335
f 2136/1667/2330 2150/1680/2343 2137/1666/2329
f 2151/1681/2344 2150/1682/2343 2149/1683/2342
f 2137/1684/2329 2150/1682/2343 2151/1681/2344
f 2154/1685/2345 2151/1681/2344 2152/1686/2346
f 2153/1687/2347 2152/1686/2346 2151/1681/2344
f 2151/1681/2344 2155/1688/2348 2153/1687/2347
f 2137/1684/2329 2151/1681/2344 2154/1685/2345
f 2149/1683/2342 2155/1688/2348 2151/1681/2344
f 2156/1689/2349 2153/1687/2347 2155/1688/2348
f 2155/1688/2348 2159/1690/2350 2156/1689/2349
f 2159/1690/2350 2155/1688/2348 2157/1691/2351
f 2158/1692/2352 2157/1691/2351 2155/1688/2348
f 2155/1688/2348 2149/1683/2342 2158/1692/2352
f 1923/1432/2115 2156/1689/2349 2159/1690/2350
f 2159/1690/2350 2161/1693/2353 1923/1432/2115
f 2157/1691/2351 2160/1694/2354 2159/1690/2350
f 2161/1693/2353 2159/1690/2350 2160/1694/2354
f 1917/1427/2110 1923/1432/2115 2161/1693/2353
f 2161/1693/2353 1868/1365/2060 1917/1427/2110
f 1868/1365/2060 2161/1693/2353 2162/1695/2355
f 2160/1694/2354 2162/1695/2355 2161/1693/2353
f 2162/1695/2355 1865/1364/2059 1868/1365/2060
f 2165/1696/2356 2163/1697/2357 2162/1695/2355
f 2162/1695/2355 2163/1697/2357 2164/1698/2358
f 2164/1698/2358 1865/1364/2059 2162/1695/2355
f 2162/1695/2355 2160/1694/2354 2165/1696/2356
f 1801/1296/1994 2165/1699/2356 1803/1299/1997
f 1803/1700/1997 2165/1696/2356 2160/1694/2354
f 2166/1701/2359 2163/1702/2357 2165/1699/2356
f 2165/1699/2356 1801/1296/1994 2166/1701/2359
f 1798/1292/1990 2166/1701/2359 1801/1296/1994
f 2167/1703/2360 2166/1701/2359 1798/1292/1990
f 2164/1704/2358 2163/1702/2357 2166/1701/2359
f 2166/1701/2359 2167/1703/2360 2164/1704/2358
f 1798/1292/1990 2168/1705/2361 2167/1703/2360
f 2164/1704/2358 2167/1703/2360 2169/1706/2362
f 2169/1706/2362 2167/1703/2360 2168/1705/2361
f 2168/1705/2361 2171/1707/2363 2169/1706/2362
f 2169/1706/2362 2171/1707/2363 2170/1708/2364
f 2170/1708/2364 2172/1709/2365 2169/1706/2362
f 2173/1710/2366 2169/1706/2362 2172/1709/2365
f 2169/1706/2362 2173/1710/2366 2164/1704/2358
f 2172/1709/2365 1861/1711/2056 2173/1710/2366
f 1865/1364/2059 2173/1712/2366 1861/1360/2056
f 2164/1698/2358 2173/1712/2366 1865/1364/2059
f 2172/1709/2365 2170/1708/2364 1857/1352/2050
f 1861/1711/2056 2172/1709/2365 1858/1354/2052
f 1857/1352/2050 1858/1354/2052 2172/1709/2365
f 2175/1713/2367 2171/1707/2363 2168/1705/2361
f 2174/1714/2368 2170/1708/2364 2171/1707/2363
f 2171/1707/2363 2175/1713/2367 2174/1714/2368
f 2168/1705/2361 2178/1715/2369 2175/1713/2367
f 2174/1714/2368 2175/1713/2367 2176/1716/2370
f 2177/1717/2371 2176/1716/2370 2175/1713/2367
f 2175/1713/2367 2178/1715/2369 2177/1717/2371
f 2178/1715/2369 2168/1705/2361 1798/1292/1990
f 2178/1715/2369 1795/1291/1989 1794/1290/1988
f 1798/1292/1990 1795/1291/1989 2178/1715/2369
f 1794/1290/1988 2177/1717/2371 2178/1715/2369
f 1832/1328/2026 2176/1716/2370 2177/1717/2371
f 2177/1717/2371 1794/1290/1988 1832/1328/2026
f 2176/1716/2370 2179/1718/2372 2174/1714/2368
f 2180/1719/2373 2179/1718/2372 2176/1716/2370
f 2176/1716/2370 1832/1328/2026 2180/1719/2373
f 2179/1718/2372 2180/1719/2373 2181/1720/2374
f 1831/1327/2025 2180/1719/2373 1832/1328/2026
f 2181/1720/2374 2180/1719/2373 1831/1327/2025
f 2181/1720/2374 2183/1721/2375 2179/1718/2372
f 2182/1722/2376 2181/1720/2374 1831/1327/2025
f 2181/1720/2374 2182/1722/2376 1848/1344/2042
f 1848/1344/2042 2183/1721/2375 2181/1720/2374
f 2179/1718/2372 2183/1721/2375 2184/1723/2377
f 2183/1721/2375 1848/1344/2042 1850/1346/2044
f 1850/1346/2044 2184/1723/2377 2183/1721/2375
f 2184/1723/2377 1850/1346/2044 1853/1349/2047
f 1853/1349/2047 1857/1352/2050 2184/1723/2377
f 2184/1723/2377 2174/1714/2368 2179/1718/2372
f 2174/1714/2368 2184/1723/2377 1857/1352/2050
f 1840/1336/2034 2182/1722/2376 1831/1327/2025
f 1848/1344/2042 2182/1722/2376 1840/1336/2034
f 1857/1352/2050 2170/1708/2364 2174/1714/2368
f 1804/1724/1998 1803/1700/1997 2160/1694/2354
f 2160/1694/2354 1807/1725/1999 1804/1724/1998
f 2160/1694/2354 2157/1691/2351 1807/1725/1999
f 2185/1726/2378 2157/1727/2351 2158/1728/2352
f 2158/1728/2352 2148/1678/2341 2185/1726/2378
f 2148/1678/2341 2158/1728/2352 2149/1679/2342
f 1807/1301/1999 2157/1727/2351 2185/1726/2378
f 1812/1307/2005 2185/1726/2378 2148/1678/2341
f 1806/1302/2000 2185/1726/2378 1812/1307/2005
f 2185/1726/2378 1806/1302/2000 1807/1301/1999
f 2156/1689/2349 1923/1432/2115 1922/1434/2117
f 2153/1687/2347 2156/1689/2349 2186/1729/2379
f 1922/1434/2117 2186/1729/2379 2156/1689/2349
f 2186/1729/2379 2188/1730/2380 2153/1687/2347
f 2186/1729/2379 1922/1434/2117 1926/1435/2118
f 1926/1435/2118 2187/1731/2381 2186/1729/2379
f 2188/1730/2380 2186/1729/2379 2187/1731/2381
f 2187/1731/2381 2189/1732/2382 2188/1730/2380
f 2190/1733/2383 2188/1730/2380 2189/1732/2382
f 2188/1730/2380 2190/1733/2383 2152/1686/2346
f 2152/1686/2346 2153/1687/2347 2188/1730/2380
f 2189/1732/2382 2191/1734/2384 2190/1733/2383
f 2190/1733/2383 2191/1734/2384 2195/1735/2385
f 2192/1736/2386 2152/1686/2346 2190/1733/2383
f 2192/1736/2386 2190/1733/2383 2193/1737/2387
f 2196/1738/2388 2193/1737/2387 2190/1733/2383
f 2195/1735/2385 2194/1739/2389 2190/1733/2383
f 2190/1733/2383 2194/1739/2389 2196/1738/2388
f 2198/1740/2390 2196/1741/2388 2194/1742/2389
f 2197/1743/2391 2193/1744/2387 2196/1741/2388
f 2196/1741/2388 2198/1740/2390 2197/1743/2391
f 2199/1745/2392 2197/1743/2391 2198/1740/2390
f 2198/1740/2390 2200/1746/2393 2199/1745/2392
f 2200/1746/2393 2198/1740/2390 2201/1747/2394
f 2194/1742/2389 2201/1747/2394 2198/1740/2390
f 2201/1747/2394 2202/1748/2395 2200/1746/2393
f 2203/1749/2396 2202/1748/2395 2201/1747/2394
f 2201/1747/2394 2204/1750/2397 2203/1749/2396
f 2201/1747/2394 2194/1742/2389 2195/1751/2385
f 2195/1751/2385 2204/1750/2397 2201/1747/2394
f 2206/1752/2398 2204/1750/2397 2195/1751/2385
f 2205/1753/2399 2203/1749/2396 2204/1750/2397
f 2204/1750/2397 2206/1752/2398 2205/1753/2399
f 2195/1751/2385 2207/1754/2400 2206/1752/2398
f 2208/1755/2401 2205/1753/2399 2206/1752/2398
f 2206/1752/2398 2207/1754/2400 2208/1755/2401
f 2205/1753/2399 2208/1755/2401 2209/1756/2402
f 2208/1755/2401 2207/1754/2400 2210/1757/2403
f 2209/1756/2402 2208/1755/2401 2211/1758/2404
f 2210/1757/2403 2211/1758/2404 2208/1755/2401
f 2211/1758/2404 2210/1757/2403 2214/1759/2405
f 2211/1758/2404 2212/1760/2406 2209/1756/2402
f 2212/1760/2406 2211/1758/2404 2213/1761/2407
f 2214/1759/2405 2213/1761/2407 2211/1758/2404
f 2216/1762/2408 2214/1759/2405 2210/1757/2403
f 2213/1761/2407 2214/1759/2405 2215/1763/2409
f 2215/1763/2409 2214/1759/2405 2216/1762/2408
f 2210/1757/2403 2207/1754/2400 2216/1762/2408
f 2216/1764/2408 2207/1765/2400 2191/1734/2384
f 2191/1734/2384 2217/1766/2410 2216/1764/2408
f 2216/1762/2408 2217/1767/2410 2215/1763/2409
f 2218/1768/2411 2217/1766/2410 2191/1734/2384
f 2219/1769/2412 2215/1763/2409 2217/1767/2410
f 2217/1767/2410 2218/1770/2411 2219/1769/2412
f 2219/1769/2412 2218/1770/2411 2221/1771/2413
f 2221/1771/2413 2220/1772/2414 2219/1769/2412
f 2215/1763/2409 2219/1769/2412 2220/1772/2414
f 2220/1772/2414 2221/1771/2413 2222/1773/2415
f 2223/1774/2416 2222/1773/2415 2221/1771/2413
f 2224/1775/2417 2223/1774/2416 2221/1771/2413
f 2221/1771/2413 2218/1770/2411 2224/1775/2417
f 2225/1776/2418 2224/1775/2417 2218/1770/2411
f 2223/1774/2416 2224/1775/2417 2225/1776/2418
f 2228/1777/2419 2225/1776/2418 2226/1778/2420
f 2227/1779/2421 2226/1778/2420 2225/1776/2418
f 2218/1770/2411 2227/1779/2421 2225/1776/2418
f 2225/1776/2418 2228/1777/2419 2223/1774/2416
f 2228/1777/2419 2229/1780/2422 2222/1773/2415
f 2222/1773/2415 2223/1774/2416 2228/1777/2419
f 2230/1781/2423 2229/1780/2422 2228/1777/2419
f 2228/1777/2419 2231/1782/2424 2230/1781/2423
f 2226/1778/2420 2231/1782/2424 2228/1777/2419
f 2232/1783/2425 2230/1781/2423 2231/1782/2424
f 2231/1782/2424 2233/1784/2426 2232/1783/2425
f 2233/1784/2426 2231/1782/2424 2226/1778/2420
f 2234/1785/2427 2232/1783/2425 2233/1784/2426
f 2233/1784/2426 2236/1786/2428 2234/1785/2427
f 2226/1778/2420 2235/1787/2429 2233/1784/2426
f 2236/1786/2428 2233/1784/2426 2235/1787/2429
f 2235/1787/2429 2237/1788/2430 2236/1786/2428
f 2238/1789/2431 2234/1785/2427 2236/1786/2428
f 2239/1790/2432 2236/1786/2428 2237/1788/2430
f 2236/1786/2428 2239/1790/2432 2238/1789/2431
f 2241/1791/2433 2238/1789/2431 2239/1790/2432
f 2242/1792/2434 2239/1790/2432 2240/1793/2435
f 2237/1788/2430 2240/1793/2435 2239/1790/2432
f 2239/1790/2432 2242/1792/2434 2241/1791/2433
f 2240/1793/2435 2243/1794/2436 2242/1792/2434
f 2241/1791/2433 2242/1792/2434 2066/1597/2260
f 2242/1792/2434 2243/1794/2436 2065/1596/2259
f 2065/1596/2259 2066/1597/2260 2242/1792/2434
f 2243/1794/2436 2240/1793/2435 2246/1795/2437
f 2245/1796/2438 2065/1596/2259 2243/1794/2436
f 2246/1795/2437 2244/1797/2439 2243/1794/2436
f 2243/1794/2436 2244/1797/2439 2245/1796/2438
f 2246/1798/2437 2248/1799/2440 2247/1800/2441
f 2247/1800/2441 2244/1801/2439 2246/1798/2437
f 2246/1795/2437 2240/1793/2435 2237/1788/2430
f 2237/1788/2430 2248/1802/2440 2246/1795/2437
f 2235/1787/2429 2249/1803/2442 2248/1802/2440
f 2248/1799/2440 2249/1804/2442 2250/1805/2443
f 2248/1802/2440 2237/1788/2430 2235/1787/2429
f 2250/1805/2443 2247/1800/2441 2248/1799/2440
f 2189/1732/2382 2247/1800/2441 2250/1805/2443
f 2250/1805/2443 2191/1734/2384 2189/1732/2382
f 2227/1806/2421 2191/1734/2384 2250/1805/2443
f 2250/1805/2443 2249/1804/2442 2227/1806/2421
f 2226/1778/2420 2227/1779/2421 2249/1803/2442
f 2249/1803/2442 2235/1787/2429 2226/1778/2420
f 2061/1588/2253 2247/1800/2441 2189/1732/2382
f 2063/1593/2257 2247/1800/2441 2061/1588/2253
f 2247/1800/2441 2063/1593/2257 2245/1807/2438
f 2245/1807/2438 2244/1801/2439 2247/1800/2441
f 2065/1596/2259 2245/1796/2438 2063/1594/2257
f 2251/1808/2444 2238/1789/2431 2241/1791/2433
f 2241/1791/2433 2252/1809/2445 2251/1808/2444
f 2254/1810/2446 2252/1809/2445 2241/1791/2433
f 2066/1597/2260 2253/1811/2447 2241/1791/2433
f 2241/1791/2433 2253/1811/2447 2254/1810/2446
f 2252/1809/2445 2254/1810/2446 2256/1812/2448
f 2257/1813/2449 2254/1810/2446 2253/1811/2447
f 2255/1814/2450 2256/1812/2448 2254/1810/2446
f 2254/1810/2446 2257/1813/2449 2255/1814/2450
f 2253/1811/2447 2258/1815/2451 2257/1813/2449
f 2072/1602/2265 2257/1813/2449 2258/1815/2451
f 2257/1813/2449 2072/1602/2265 2259/1816/2452
f 2259/1816/2452 2255/1814/2450 2257/1813/2449
f 2260/1817/2453 2255/1814/2450 2259/1816/2452
f 2259/1816/2452 2261/1818/2454 2260/1817/2453
f 2261/1818/2454 2259/1816/2452 2073/1603/2266
f 2073/1603/2266 2259/1816/2452 2072/1602/2265
f 2260/1817/2453 2261/1818/2454 2107/1636/2299
f 2107/1636/2299 2261/1818/2454 2075/1605/2268
f 2073/1603/2266 2075/1605/2268 2261/1818/2454
f 2260/1817/2453 2107/1636/2299 2262/1819/2455
f 2262/1819/2455 2263/1820/2456 2260/1817/2453
f 2260/1817/2453 2263/1820/2456 2256/1812/2448
f 2256/1812/2448 2255/1814/2450 2260/1817/2453
f 2263/1820/2456 2262/1819/2455 2266/1821/2457
f 2263/1820/2456 2265/1822/2458 2251/1808/2444
f 2251/1808/2444 2252/1809/2445 2263/1820/2456
f 2256/1812/2448 2263/1820/2456 2252/1809/2445
f 2266/1821/2457 2264/1823/2459 2263/1820/2456
f 2265/1822/2458 2263/1820/2456 2264/1823/2459
f 2267/1824/2460 2266/1821/2457 2262/1819/2455
f 2268/1825/2461 2266/1821/2457 2267/1824/2460
f 2264/1823/2459 2266/1821/2457 2269/1826/2462
f 2269/1826/2462 2266/1821/2457 2268/1825/2461
f 2268/1825/2461 2270/1827/2463 2269/1826/2462
f 2270/1827/2463 2271/1828/2464 2269/1826/2462
f 2269/1826/2462 2272/1829/2465 2264/1823/2459
f 2269/1826/2462 2271/1828/2464 2272/1829/2465
f 2273/1830/2466 2272/1829/2465 2271/1828/2464
f 2272/1829/2465 2273/1830/2466 2274/1831/2467
f 2274/1831/2467 2264/1823/2459 2272/1829/2465
f 2264/1823/2459 2274/1831/2467 2265/1822/2458
f 2265/1822/2458 2274/1831/2467 2276/1832/2468
f 2274/1831/2467 2273/1830/2466 2275/1833/2469
f 2275/1833/2469 2276/1832/2468 2274/1831/2467
f 2276/1832/2468 2275/1833/2469 2232/1783/2425
f 2276/1832/2468 2251/1808/2444 2265/1822/2458
f 2251/1808/2444 2276/1832/2468 2234/1785/2427
f 2232/1783/2425 2234/1785/2427 2276/1832/2468
f 2275/1833/2469 2277/1834/2470 2230/1781/2423
f 2230/1781/2423 2232/1783/2425 2275/1833/2469
f 2277/1834/2470 2275/1833/2469 2273/1830/2466
f 2277/1834/2470 2278/1835/2471 2229/1780/2422
f 2278/1835/2471 2277/1834/2470 2279/1836/2472
f 2273/1830/2466 2279/1836/2472 2277/1834/2470
f 2229/1780/2422 2230/1781/2423 2277/1834/2470
f 2279/1836/2472 2280/1837/2473 2278/1835/2471
f 2270/1827/2463 2280/1837/2473 2279/1836/2472
f 2279/1836/2472 2271/1828/2464 2270/1827/2463
f 2271/1828/2464 2279/1836/2472 2273/1830/2466
f 2281/1838/2474 2278/1835/2471 2280/1837/2473
f 2280/1837/2473 2282/1839/2475 2281/1838/2474
f 2282/1839/2475 2280/1837/2473 2270/1827/2463
f 2270/1827/2463 2268/1825/2461 2282/1839/2475
f 2283/1840/2476 2282/1839/2475 2268/1825/2461
f 2283/1840/2476 2281/1838/2474 2282/1839/2475
f 2283/1840/2476 2268/1825/2461 2284/1841/2477
f 2284/1841/2477 2285/1842/2478 2283/1840/2476
f 2222/1773/2415 2283/1840/2476 2285/1842/2478
f 2222/1773/2415 2281/1838/2474 2283/1840/2476
f 2286/1843/2479 2285/1842/2478 2284/1841/2477
f 2285/1842/2478 2286/1843/2479 2287/1844/2480
f 2287/1844/2480 2288/1845/2481 2285/1842/2478
f 2285/1842/2478 2288/1845/2481 2222/1773/2415
f 2288/1845/2481 2287/1844/2480 2289/1846/2482
f 2289/1846/2482 2220/1772/2414 2288/1845/2481
f 2222/1773/2415 2288/1845/2481 2220/1772/2414
f 2289/1846/2482 2287/1844/2480 2290/1847/2483
f 2215/1763/2409 2289/1846/2482 2213/1761/2407
f 2290/1847/2483 2213/1761/2407 2289/1846/2482
f 2220/1772/2414 2289/1846/2482 2215/1763/2409
f 2290/1847/2483 2287/1844/2480 2286/1843/2479
f 2213/1761/2407 2290/1847/2483 2212/1760/2406
f 2212/1760/2406 2290/1847/2483 2291/1848/2484
f 2286/1843/2479 2291/1848/2484 2290/1847/2483
f 2291/1848/2484 2294/1849/2485 2212/1760/2406
f 2293/1850/2486 2292/1851/2487 2291/1848/2484
f 2294/1849/2485 2291/1848/2484 2292/1851/2487
f 2291/1848/2484 2286/1843/2479 2293/1850/2486
f 2209/1756/2402 2212/1760/2406 2294/1849/2485
f 2292/1851/2487 2296/1852/2488 2294/1849/2485
f 2294/1849/2485 2295/1853/2489 2209/1756/2402
f 2295/1853/2489 2294/1849/2485 2296/1852/2488
f 2296/1852/2488 2298/1854/2490 2295/1853/2489
f 2297/1855/2491 2298/1854/2490 2296/1852/2488
f 2296/1852/2488 2292/1851/2487 2297/1855/2491
f 2299/1856/2492 2267/1824/2460 2298/1854/2490
f 2300/1857/2493 2298/1854/2490 2267/1824/2460
f 2298/1854/2490 2297/1855/2491 2299/1856/2492
f 2302/1858/2494 2298/1854/2490 2300/1857/2493
f 2301/1859/2495 2295/1853/2489 2298/1854/2490
f 2298/1854/2490 2302/1858/2494 2301/1859/2495
f 2303/1860/2496 2301/1859/2495 2302/1858/2494
f 2300/1857/2493 2304/1861/2497 2302/1858/2494
f 2302/1858/2494 2304/1861/2497 2303/1860/2496
f 2304/1861/2497 2306/1862/2498 2305/1863/2499
f 2305/1863/2499 2303/1860/2496 2304/1861/2497
f 2304/1861/2497 2300/1857/2493 2307/1864/2500
f 2307/1864/2500 2306/1862/2498 2304/1861/2497
f 2306/1862/2498 2307/1864/2500 2308/1865/2501
f 2112/1643/2306 2307/1864/2500 2300/1857/2493
f 2308/1865/2501 2307/1864/2500 2112/1643/2306
f 2308/1865/2501 2310/1866/2502 2306/1862/2498
f 2115/1644/2307 2308/1865/2501 2112/1643/2306
f 2308/1865/2501 2115/1644/2307 2309/1867/2503
f 2309/1867/2503 2310/1866/2502 2308/1865/2501
f 2306/1862/2498 2310/1866/2502 2311/1868/2504
f 2312/1869/2505 2311/1868/2504 2310/1866/2502
f 2310/1866/2502 2309/1867/2503 2312/1869/2505
f 2311/1868/2504 2312/1869/2505 2313/1870/2506
f 2314/1871/2507 2313/1870/2506 2312/1869/2505
f 2312/1869/2505 2315/1872/2508 2314/1871/2507
f 2315/1872/2508 2312/1869/2505 2309/1867/2503
f 2309/1867/2503 2115/1644/2307 2315/1872/2508
f 2316/1873/2509 2315/1872/2508 2115/1644/2307
f 2314/1871/2507 2315/1872/2508 2316/1873/2509
f 2115/1644/2307 2117/1647/2310 2316/1873/2509
f 2317/1874/2510 2316/1873/2509 2318/1875/2511
f 2316/1873/2509 2317/1874/2510 2314/1871/2507
f 2318/1875/2511 2316/1873/2509 2117/1647/2310
f 2318/1875/2511 2120/1650/2313 2319/1876/2512
f 2319/1876/2512 2320/1877/2513 2318/1875/2511
f 2117/1647/2310 2118/1648/2311 2318/1875/2511
f 2318/1875/2511 2320/1877/2513 2317/1874/2510
f 2120/1650/2313 2318/1875/2511 2118/1648/2311
f 2320/1877/2513 2319/1876/2512 2323/1878/2514
f 2323/1878/2514 2321/1879/2515 2320/1877/2513
f 2320/1877/2513 2321/1879/2515 2322/1880/2516
f 2322/1880/2516 2317/1874/2510 2320/1877/2513
f 2324/1881/2517 2323/1878/2514 2131/1660/2323
f 2129/1659/2322 2131/1660/2323 2323/1878/2514
f 2323/1878/2514 2324/1881/2517 2325/1882/2518
f 2325/1882/2518 2321/1879/2515 2323/1878/2514
f 2323/1878/2514 2319/1876/2512 2129/1659/2322
f 2326/1883/2519 2325/1882/2518 2324/1881/2517
f 2327/1884/2520 2325/1882/2518 2326/1883/2519
f 2321/1879/2515 2325/1882/2518 2327/1884/2520
f 2327/1884/2520 2322/1880/2516 2321/1879/2515
f 2328/1885/2521 2322/1880/2516 2327/1884/2520
f 2327/1884/2520 2193/1744/2387 2328/1885/2521
f 2326/1883/2519 2193/1744/2387 2327/1884/2520
f 2328/1885/2521 2193/1744/2387 2197/1743/2391
f 2197/1743/2391 2199/1745/2392 2328/1885/2521
f 2314/1871/2507 2328/1885/2521 2199/1745/2392
f 2322/1880/2516 2328/1885/2521 2314/1871/2507
f 2324/1881/2517 2192/1886/2386 2326/1883/2519
f 2193/1737/2387 2326/1887/2519 2192/1736/2386
f 2192/1886/2386 2324/1881/2517 2329/1888/2522
f 2131/1660/2323 2329/1888/2522 2324/1881/2517
f 2329/1888/2522 2154/1889/2345 2192/1886/2386
f 2130/1662/2325 2154/1889/2345 2329/1888/2522
f 2329/1888/2522 2131/1660/2323 2130/1662/2325
f 2314/1871/2507 2317/1874/2510 2322/1880/2516
f 2129/1659/2322 2319/1876/2512 2120/1650/2313
f 2199/1745/2392 2313/1870/2506 2314/1871/2507
f 2313/1870/2506 2199/1745/2392 2200/1746/2393
f 2200/1746/2393 2330/1890/2523 2313/1870/2506
f 2313/1870/2506 2330/1890/2523 2311/1868/2504
f 2305/1863/2499 2311/1868/2504 2330/1890/2523
f 2330/1890/2523 2331/1891/2524 2305/1863/2499
f 2202/1748/2395 2331/1891/2524 2330/1890/2523
f 2330/1890/2523 2200/1746/2393 2202/1748/2395
f 2303/1860/2496 2305/1863/2499 2331/1891/2524
f 2332/1892/2525 2331/1891/2524 2202/1748/2395
f 2331/1891/2524 2332/1892/2525 2303/1860/2496
f 2202/1748/2395 2203/1749/2396 2332/1892/2525
f 2301/1859/2495 2303/1860/2496 2332/1892/2525
f 2332/1892/2525 2333/1893/2526 2301/1859/2495
f 2333/1893/2526 2332/1892/2525 2203/1749/2396
f 2301/1859/2495 2333/1893/2526 2209/1756/2402
f 2209/1756/2402 2333/1893/2526 2205/1753/2399
f 2203/1749/2396 2205/1753/2399 2333/1893/2526
f 2311/1868/2504 2305/1863/2499 2306/1862/2498
f 2209/1756/2402 2295/1853/2489 2301/1859/2495
f 2300/1857/2493 2267/1824/2460 2112/1643/2306
f 2267/1824/2460 2299/1856/2492 2268/1825/2461
f 2293/1850/2486 2299/1856/2492 2297/1855/2491
f 2284/1841/2477 2268/1825/2461 2299/1856/2492
f 2299/1856/2492 2293/1850/2486 2284/1841/2477
f 2297/1855/2491 2292/1851/2487 2293/1850/2486
f 2284/1841/2477 2293/1850/2486 2286/1843/2479
f 2278/1835/2471 2281/1838/2474 2222/1773/2415
f 2222/1773/2415 2229/1780/2422 2278/1835/2471
f 2112/1643/2306 2267/1824/2460 2110/1640/2303
f 2262/1819/2455 2110/1640/2303 2267/1824/2460
f 2106/1637/2300 2110/1640/2303 2262/1819/2455
f 2262/1819/2455 2107/1636/2299 2106/1637/2300
f 2258/1815/2451 2069/1599/2262 2072/1602/2265
f 2069/1599/2262 2258/1815/2451 2067/1598/2261
f 2258/1815/2451 2253/1811/2447 2066/1597/2260
f 2066/1597/2260 2067/1598/2261 2258/1815/2451
f 2234/1785/2427 2238/1789/2431 2251/1808/2444
f 2227/1806/2421 2218/1768/2411 2191/1734/2384
f 2191/1734/2384 2207/1765/2400 2195/1735/2385
f 2152/1686/2346 2192/1736/2386 2154/1685/2345
f 2189/1732/2382 2187/1731/2381 2061/1588/2253
f 2187/1731/2381 1926/1435/2118 2045/1566/2236
f 2045/1566/2236 2061/1588/2253 2187/1731/2381
f 2154/1685/2345 2334/1894/2527 2137/1684/2329
f 2334/1895/2527 2154/1889/2345 2130/1662/2325
f 2137/1666/2329 2334/1895/2527 2132/1661/2324
f 2130/1662/2325 2132/1661/2324 2334/1895/2527
f 2148/1678/2341 2142/1673/2336 1812/1307/2005
f 1812/1307/2005 2142/1673/2336 1814/1309/2007
f 2127/1657/2320 2139/1670/2333 2134/1664/2327
f 2139/1670/2333 2127/1657/2320 2126/1656/2319
f 2120/1650/2313 2121/1651/2314 2129/1659/2322
f 2124/1654/2317 2123/1653/2316 2126/1656/2319
f 1825/1317/2015 2123/1653/2316 2114/1645/2308
f 2075/1605/2268 2077/1607/2270 2107/1636/2299
f 2085/1618/2281 2084/1617/2280 1835/1331/2029
f 1835/1331/2029 1834/1329/2027 2085/1618/2281
f 1837/1332/2030 1835/1331/2029 2084/1617/2280
f 2084/1617/2280 1996/1510/2189 1837/1332/2030
f 2080/1611/2274 2078/1609/2272 2052/1575/2243
f 2051/1579/2247 2052/1575/2243 2078/1609/2272
f 2060/1589/2254 2055/1581/2249 2056/1580/2248
f 2039/1561/2232 2038/1560/2231 2047/1573/2241
f 1925/1436/2119 2045/1566/2236 1926/1435/2118
f 2021/1537/2216 1936/1896/2129 1939/1452/2132
f 1939/1452/2132 1940/1451/2134 2021/1537/2216
f 2013/1527/2206 2021/1537/2216 1940/1451/2134
f 1936/1896/2129 2021/1537/2216 2020/1536/2215
f 2020/1536/2215 1931/1547/2126 1936/1896/2129
f 2017/1532/2211 2005/1520/2199 2002/1518/2197
f 2002/1518/2197 2003/1517/2196 2017/1532/2211
f 1992/1507/2186 1997/1512/2191 1998/1513/2192
f 1993/1508/2187 1997/1512/2191 1992/1507/2186
f 1981/1496/2175 1837/1332/2030 1996/1510/2189
f 1947/1461/2141 1948/1462/2142 1992/1507/2186
f 1948/1462/2142 1950/1463/2143 1992/1507/2186
f 1989/1504/2183 1985/1499/2178 1983/1497/2176
f 1981/1496/2175 1980/1495/2174 1838/1333/2031
f 1838/1333/2031 1837/1332/2030 1981/1496/2175
f 1980/1495/2174 1978/1493/2172 2335/1897/2528
f 2335/1897/2528 2336/1898/2529 1980/1495/2174
f 1980/1495/2174 2336/1898/2529 1841/1335/2033
f 1841/1335/2033 1838/1333/2031 1980/1495/2174
f 2336/1898/2529 2335/1897/2528 2337/1899/2530
f 2337/1899/2530 2338/1900/2531 2336/1898/2529
f 2336/1898/2529 2338/1900/2531 1881/1383/2075
f 1881/1383/2075 1841/1335/2033 2336/1898/2529
f 2338/1900/2531 2337/1899/2530 1898/1404/2092
f 1881/1383/2075 2338/1900/2531 1896/1402/2090
f 1898/1404/2092 1896/1402/2090 2338/1900/2531
f 1978/1493/2172 2339/1901/2532 2337/1899/2530
f 2337/1899/2530 2335/1897/2528 1978/1493/2172
f 2337/1899/2530 2339/1901/2532 2340/1902/2533
f 2340/1902/2533 1898/1404/2092 2337/1899/2530
f 1898/1404/2092 2340/1902/2533 1899/1405/2093
f 1902/1407/2095 1899/1405/2093 2340/1902/2533
f 1974/1489/2168 2340/1902/2533 2339/1901/2532
f 2340/1902/2533 1974/1489/2168 1902/1407/2095
f 2339/1901/2532 1978/1493/2172 1977/1491/2170
f 2339/1901/2532 1977/1491/2170 1974/1489/2168
f 1910/1478/2104 1911/1422/2105 1965/1479/2158
f 1912/1423/2106 1965/1479/2158 1911/1422/2105
f 1964/1477/2157 1958/1472/2152 1956/1469/2149
f 1956/1469/2149 2341/1903/2534 1964/1477/2157
f 1910/1420/2104 1964/1904/2157 2341/1905/2534
f 2342/1906/2535 2341/1903/2534 1956/1469/2149
f 2341/1905/2534 2342/1907/2535 1909/1418/2102
f 2341/1905/2534 1909/1418/2102 1910/1420/2104
f 1956/1469/2149 1953/1467/2147 2342/1906/2535
f 2342/1907/2535 2343/1908/2536 1909/1418/2102
f 2343/1909/2536 2342/1906/2535 1953/1467/2147
f 2343/1908/2536 1934/1445/2128 1909/1418/2102
f 2343/1908/2536 1937/1447/2130 1934/1445/2128
f 1937/1910/2130 2343/1909/2536 1952/1466/2146
f 1953/1467/2147 1952/1466/2146 2343/1909/2536
f 1952/1466/2146 1944/1458/2138 1937/1910/2130
f 1942/1456/2133 1937/1910/2130 1944/1458/2138
f 1909/1418/2102 1934/1445/2128 1920/1430/2113
f 1920/1430/2113 1914/1424/2107 1909/1418/2102
f 1906/1412/2099 1890/1394/2084 1891/1395/2085
f 1891/1395/2085 1901/1413/2094 1906/1412/2099
f 1896/1402/2090 1882/1384/2076 1881/1383/2075
f 1866/1366/2061 1890/1394/2084 1867/1367/2062
f 1888/1390/2082 1866/1911/2061 1887/1388/2080
f 1876/1378/2070 1887/1388/2080 1872/1372/2065
f 1887/1388/2080 1866/1911/2061 1871/1373/2066
f 1871/1373/2066 1872/1372/2065 1887/1388/2080
f 1878/1379/2071 1841/1335/2033 1881/1383/2075
f 1841/1335/2033 1878/1379/2071 1843/1339/2037
f 1870/1371/2063 1860/1355/2053 1855/1351/2049
f 1855/1351/2049 1854/1348/2046 1870/1371/2063
f 1861/1360/2056 1863/1359/2055 1865/1364/2059
f 1858/1354/2052 1862/1362/2057 1861/1711/2056
f 1817/1313/2011 1822/1318/2016 1815/1311/2009
f 1809/1305/2003 1810/1306/2004 1815/1311/2009
f 1809/1305/2003 1797/1293/1991 1800/1295/1993
f 2345/5/2537 2344/2/2538 2349/6/2539
f 2344/2/2538 2345/5/2537 2346/4/2540
f 2346/4/2540 2347/1/2541 2344/2/2538
f 2348/3/2542 2344/2/2538 2347/1/2541
f 2349/6/2539 2344/2/2538 2348/3/2542
f 2348/3/2542 2351/8/2543 2349/6/2539
f 2350/10/2544 2352/7/2545 2349/6/2539
f 2349/6/2539 2353/9/2546 2350/10/2544
f 2353/9/2546 2349/6/2539 2351/8/2543
f 2349/6/2539 2352/7/2545 2345/5/2537
f 2354/13/2547 2350/10/2544 2353/9/2546
f 2351/8/2543 2355/90/2548 2353/9/2546
f 2353/9/2546 2356/83/2549 2354/13/2547
f 2356/83/2549 2353/9/2546 2355/90/2548
f 2355/90/2548 2357/92/2550 2356/83/2549
f 2356/83/2549 2357/92/2550 2358/85/2551
f 2358/85/2551 2359/82/2552 2356/83/2549
f 2356/83/2549 2359/82/2552 2360/81/2553
f 2360/81/2553 2354/13/2547 2356/83/2549
f 2360/81/2553 2359/82/2552 2361/84/2554
f 2361/84/2554 2362/80/2555 2360/81/2553
f 2360/81/2553 2362/80/2555 2364/78/2556
f 2354/13/2547 2360/81/2553 2363/77/2557
f 2364/78/2556 2363/77/2557 2360/81/2553
f 2364/78/2556 2362/80/2555 2365/79/2558
f 2365/79/2558 2367/76/2559 2364/78/2556
f 2363/77/2557 2364/78/2556 2366/73/2560
f 2366/73/2560 2364/78/2556 2367/76/2559
f 2370/78/2561 2367/76/2559 2365/79/2558
f 2367/76/2559 2368/74/2562 2366/73/2560
f 2369/73/2563 2368/74/2562 2367/76/2559
f 2367/76/2559 2370/78/2561 2369/73/2563
f 2365/79/2558 2373/80/2564 2370/78/2561
f 2369/73/2563 2370/78/2561 2372/77/2565
f 2371/81/2566 2372/77/2565 2370/78/2561
f 2370/78/2561 2373/80/2564 2371/81/2566
f 2371/81/2566 2373/80/2564 2374/84/2567
f 2374/84/2567 2373/80/2564 2365/79/2558
f 2374/84/2567 2375/82/2568 2371/81/2566
f 2365/79/2558 2378/88/2569 2374/84/2567
f 2376/85/2570 2375/82/2568 2374/84/2567
f 2374/84/2567 2379/86/2571 2376/85/2570
f 2377/87/2572 2379/86/2571 2374/84/2567
f 2374/84/2567 2378/88/2569 2377/87/2572
f 2376/85/2570 2379/86/2571 2380/93/2573
f 2380/93/2573 2379/86/2571 2377/87/2572
f 2381/92/2574 2380/93/2573 2384/91/2575
f 2380/93/2573 2381/92/2574 2376/85/2570
f 2377/87/2572 2382/95/2576 2380/93/2573
f 2380/93/2573 2382/95/2576 2383/94/2577
f 2383/94/2577 2384/91/2575 2380/93/2573
f 2384/91/2575 2383/94/2577 2385/89/2578
f 2385/89/2578 2387/3/2579 2384/91/2575
f 2386/90/2580 2384/91/2575 2387/3/2579
f 2384/91/2575 2386/90/2580 2381/92/2574
f 2347/1/2541 2389/2/2581 2387/3/2579
f 2387/3/2579 2385/89/2578 2347/1/2541
f 2387/3/2579 2390/8/2582 2386/90/2580
f 2387/3/2579 2389/2/2581 2388/6/2583
f 2388/6/2583 2390/8/2582 2387/3/2579
f 2390/8/2582 2388/6/2583 2391/9/2584
f 2391/9/2584 2386/90/2580 2390/8/2582
f 2386/90/2580 2391/9/2584 2392/83/2585
f 2393/13/2586 2392/83/2585 2391/9/2584
f 2391/9/2584 2394/10/2587 2393/13/2586
f 2394/10/2587 2391/9/2584 2388/6/2583
f 2388/6/2583 2396/7/2588 2394/10/2587
f 2395/11/2589 2394/10/2587 2396/7/2588
f 2394/10/2587 2395/11/2589 2397/12/2590
f 2397/12/2590 2393/13/2586 2394/10/2587
f 2393/13/2586 2397/12/2590 2372/77/2565
f 2397/12/2590 2398/75/2591 2372/77/2565
f 2400/61/2592 2398/75/2591 2397/12/2590
f 2397/12/2590 2395/11/2589 2399/15/2593
f 2399/15/2593 2401/60/2594 2397/12/2590
f 2397/12/2590 2401/60/2594 2400/61/2592
f 2402/22/2595 2401/60/2594 2399/15/2593
f 2400/61/2592 2401/60/2594 2402/22/2595
f 2403/21/2596 2402/22/2595 2405/17/2597
f 2404/24/2598 2402/22/2595 2403/21/2596
f 2404/24/2598 2406/62/2599 2402/22/2595
f 2399/15/2593 2405/17/2597 2402/22/2595
f 2402/22/2595 2406/62/2599 2400/61/2592
f 2406/62/2599 2404/24/2598 2407/63/2600
f 2407/63/2600 2409/69/2601 2406/62/2599
f 2406/62/2599 2409/69/2601 2408/72/2602
f 2408/72/2602 2400/61/2592 2406/62/2599
f 2409/69/2601 2407/63/2600 2410/68/2603
f 2411/71/2604 2408/72/2602 2409/69/2601
f 2410/68/2603 2412/70/2605 2409/69/2601
f 2409/69/2601 2412/70/2605 2411/71/2604
f 2413/69/2606 2412/70/2605 2410/68/2603
f 2411/71/2604 2412/70/2605 2413/69/2606
f 2413/69/2606 2414/72/2607 2411/71/2604
f 2414/72/2607 2413/69/2606 2415/62/2608
f 2415/62/2608 2413/69/2606 2416/63/2609
f 2410/68/2603 2416/63/2609 2413/69/2606
f 2416/63/2609 2419/24/2610 2415/62/2608
f 2416/63/2609 2410/68/2603 2417/67/2611
f 2417/67/2611 2418/64/2612 2416/63/2609
f 2419/24/2610 2416/63/2609 2418/64/2612
f 2419/24/2610 2421/22/2613 2415/62/2608
f 2418/64/2612 2422/26/2614 2419/24/2610
f 2419/24/2610 2422/26/2614 2420/21/2615
f 2420/21/2615 2421/22/2613 2419/24/2610
f 2422/26/2614 2418/64/2612 2423/65/2616
f 2423/65/2616 2424/25/2617 2422/26/2614
f 2420/21/2615 2422/26/2614 2424/25/2617
f 2424/25/2617 2423/65/2616 2425/32/2618
f 2425/32/2618 2427/28/2619 2424/25/2617
f 2424/25/2617 2426/23/2620 2420/21/2615
f 2426/23/2620 2424/25/2617 2427/28/2619
f 2427/28/2619 2425/32/2618 2430/31/2621
f 2427/28/2619 2428/27/2622 2426/23/2620
f 2428/27/2622 2427/28/2619 2429/30/2623
f 2430/31/2621 2429/30/2623 2427/28/2619
f 2429/30/2623 2430/31/2621 2433/33/2624
f 2430/31/2621 2425/32/2618 2431/34/2625
f 2431/34/2625 2432/35/2626 2430/31/2621
f 2430/31/2621 2432/35/2626 2433/33/2624
f 2429/30/2623 2433/33/2624 2438/37/2627
f 2436/31/2628 2433/33/2624 2432/35/2626
f 2434/36/2629 2433/33/2624 2435/37/2630
f 2434/36/2629 2438/37/2627 2433/33/2624
f 2435/37/2630 2433/33/2624 2437/30/2631
f 2437/30/2631 2433/33/2624 2436/31/2628
f 2438/37/2627 2440/38/2632 2429/30/2623
f 2434/36/2629 2439/51/2633 2438/37/2627
f 2440/38/2632 2438/37/2627 2439/51/2633
f 2429/30/2623 2440/38/2632 2428/27/2622
f 2439/51/2633 2441/48/2634 2440/38/2632
f 2440/38/2632 2441/48/2634 2442/39/2635
f 2442/39/2635 2428/27/2622 2440/38/2632
f 2443/44/2636 2442/39/2635 2441/48/2634
f 2442/39/2635 2443/44/2636 2445/43/2637
f 2428/27/2622 2442/39/2635 2444/29/2638
f 2445/43/2637 2444/29/2638 2442/39/2635
f 2445/43/2637 2448/45/2639 2446/42/2640
f 2446/42/2640 2447/40/2641 2445/43/2637
f 2444/29/2638 2445/43/2637 2447/40/2641
f 2448/45/2639 2445/43/2637 2443/44/2636
f 2449/56/2642 2446/42/2640 2448/45/2639
f 2448/45/2639 2450/55/2643 2449/56/2642
f 2450/55/2643 2448/45/2639 2451/46/2644
f 2443/44/2636 2451/46/2644 2448/45/2639
f 2451/46/2644 2452/54/2645 2450/55/2643
f 2452/54/2645 2451/46/2644 2453/49/2646
f 2454/47/2647 2453/49/2646 2451/46/2644
f 2451/46/2644 2443/44/2636 2454/47/2647
f 2453/49/2646 2454/47/2647 2455/50/2648
f 2455/50/2648 2454/47/2647 2441/48/2634
f 2441/48/2634 2454/47/2647 2443/44/2636
f 2455/50/2648 2456/52/2649 2453/49/2646
f 2456/52/2649 2455/50/2648 2439/51/2633
f 2441/48/2634 2439/51/2633 2455/50/2648
f 2457/53/2650 2453/49/2646 2456/52/2649
f 2439/51/2633 2434/36/2629 2456/52/2649
f 2456/52/2649 2434/36/2629 2457/53/2650
f 2453/49/2646 2457/53/2650 2452/54/2645
f 2452/54/2645 2457/53/2650 2458/49/2651
f 2459/52/2652 2458/49/2651 2457/53/2650
f 2457/53/2650 2434/36/2629 2459/52/2652
f 2458/49/2651 2459/52/2652 2460/50/2653
f 2459/52/2652 2434/36/2629 2461/51/2654
f 2461/51/2654 2460/50/2653 2459/52/2652
f 2461/51/2654 2435/37/2630 2462/38/2655
f 2462/38/2655 2463/48/2656 2461/51/2654
f 2460/50/2653 2461/51/2654 2463/48/2656
f 2434/36/2629 2435/37/2630 2461/51/2654
f 2464/39/2657 2463/48/2656 2462/38/2655
f 2463/48/2656 2464/39/2657 2466/44/2658
f 2463/48/2656 2465/47/2659 2460/50/2653
f 2466/44/2658 2465/47/2659 2463/48/2656
f 2468/43/2660 2466/44/2658 2464/39/2657
f 2465/47/2659 2466/44/2658 2469/46/2661
f 2466/44/2658 2468/43/2660 2467/45/2662
f 2467/45/2662 2469/46/2661 2466/44/2658
f 2469/46/2661 2458/49/2651 2465/47/2659
f 2458/49/2651 2469/46/2661 2452/54/2645
f 2450/55/2643 2452/54/2645 2469/46/2661
f 2469/46/2661 2467/45/2662 2450/55/2643
f 2464/39/2657 2470/29/2663 2468/43/2660
f 2471/40/2664 2468/43/2660 2470/29/2663
f 2468/43/2660 2471/40/2664 2472/42/2665
f 2472/42/2665 2467/45/2662 2468/43/2660
f 2472/42/2665 2474/41/2666 2473/57/2667
f 2473/57/2667 2449/56/2642 2472/42/2665
f 2474/41/2666 2472/42/2665 2471/40/2664
f 2467/45/2662 2472/42/2665 2449/56/2642
f 2474/41/2666 2475/18/2668 2476/58/2669
f 2475/18/2668 2474/41/2666 2477/19/2670
f 2476/58/2669 2473/57/2667 2474/41/2666
f 2471/40/2664 2477/19/2670 2474/41/2666
f 2477/19/2670 2479/16/2671 2475/18/2668
f 2477/19/2670 2471/40/2664 2478/20/2672
f 2479/16/2671 2477/19/2670 2405/17/2597
f 2478/20/2672 2405/17/2597 2477/19/2670
f 2395/11/2589 2480/14/2673 2479/16/2671
f 2479/16/2671 2399/15/2593 2395/11/2589
f 2475/18/2668 2479/16/2671 2480/14/2673
f 2405/17/2597 2399/15/2593 2479/16/2671
f 2396/7/2588 2480/14/2673 2395/11/2589
f 2480/14/2673 2396/7/2588 2481/5/2674
f 2481/5/2674 2482/59/2675 2480/14/2673
f 2480/14/2673 2482/59/2675 2475/18/2668
f 2476/58/2669 2482/59/2675 2481/5/2674
f 2476/58/2669 2475/18/2668 2482/59/2675
f 2481/5/2674 2396/7/2588 2388/6/2583
f 2388/6/2583 2389/2/2581 2481/5/2674
f 2481/5/2674 2346/4/2540 2476/58/2669
f 2346/4/2540 2481/5/2674 2389/2/2581
f 2470/29/2663 2478/20/2672 2471/40/2664
f 2405/17/2597 2478/20/2672 2403/21/2596
f 2478/20/2672 2470/29/2663 2483/23/2676
f 2483/23/2676 2403/21/2596 2478/20/2672
f 2483/23/2676 2484/27/2677 2485/28/2678
f 2484/27/2677 2483/23/2676 2470/29/2663
f 2485/28/2678 2486/25/2679 2483/23/2676
f 2403/21/2596 2483/23/2676 2486/25/2679
f 2486/25/2679 2488/26/2680 2403/21/2596
f 2489/32/2681 2487/65/2682 2486/25/2679
f 2488/26/2680 2486/25/2679 2487/65/2682
f 2486/25/2679 2485/28/2678 2489/32/2681
f 2436/31/2628 2489/32/2681 2485/28/2678
f 2487/65/2682 2489/32/2681 2431/34/2625
f 2431/34/2625 2489/32/2681 2436/31/2628
f 2403/21/2596 2488/26/2680 2404/24/2598
f 2487/65/2682 2490/64/2683 2488/26/2680
f 2404/24/2598 2488/26/2680 2490/64/2683
f 2407/63/2600 2490/64/2683 2417/67/2611
f 2490/64/2683 2407/63/2600 2404/24/2598
f 2490/64/2683 2487/65/2682 2491/66/2684
f 2491/66/2684 2417/67/2611 2490/64/2683
f 2491/66/2684 2423/65/2616 2418/64/2612
f 2423/65/2616 2491/66/2684 2431/34/2625
f 2431/34/2625 2491/66/2684 2487/65/2682
f 2418/64/2612 2417/67/2611 2491/66/2684
f 2437/30/2631 2485/28/2678 2484/27/2677
f 2485/28/2678 2437/30/2631 2436/31/2628
f 2484/27/2677 2462/38/2655 2437/30/2631
f 2470/29/2663 2464/39/2657 2484/27/2677
f 2462/38/2655 2484/27/2677 2464/39/2657
f 2345/5/2537 2492/59/2685 2476/58/2669
f 2476/58/2669 2492/59/2685 2494/18/2686
f 2493/41/2687 2473/57/2667 2476/58/2669
f 2476/58/2669 2494/18/2686 2493/41/2687
f 2476/58/2669 2346/4/2540 2345/5/2537
f 2495/19/2688 2493/41/2687 2494/18/2686
f 2494/18/2686 2496/16/2689 2495/19/2688
f 2497/14/2690 2496/16/2689 2494/18/2686
f 2494/18/2686 2492/59/2685 2497/14/2690
f 2496/16/2689 2497/14/2690 2498/11/2691
f 2498/11/2691 2497/14/2690 2352/7/2545
f 2345/5/2537 2352/7/2545 2497/14/2690
f 2497/14/2690 2492/59/2685 2345/5/2537
f 2498/11/2691 2499/15/2692 2496/16/2689
f 2499/15/2692 2498/11/2691 2500/12/2693
f 2500/12/2693 2498/11/2691 2350/10/2544
f 2352/7/2545 2350/10/2544 2498/11/2691
f 2500/12/2693 2501/60/2694 2499/15/2692
f 2502/61/2695 2501/60/2694 2500/12/2693
f 2500/12/2693 2503/75/2696 2502/61/2695
f 2500/12/2693 2363/77/2557 2503/75/2696
f 2350/10/2544 2354/13/2547 2500/12/2693
f 2363/77/2557 2500/12/2693 2354/13/2547
f 2414/72/2607 2502/61/2695 2503/75/2696
f 2503/75/2696 2366/73/2560 2414/72/2607
f 2366/73/2560 2503/75/2696 2363/77/2557
f 2421/22/2613 2501/60/2694 2502/61/2695
f 2502/61/2695 2415/62/2608 2421/22/2613
f 2415/62/2608 2502/61/2695 2414/72/2607
f 2499/15/2692 2501/60/2694 2421/22/2613
f 2421/22/2613 2504/17/2697 2499/15/2692
f 2496/16/2689 2499/15/2692 2504/17/2697
f 2504/17/2697 2421/22/2613 2420/21/2615
f 2504/17/2697 2495/19/2688 2496/16/2689
f 2495/19/2688 2504/17/2697 2505/20/2698
f 2420/21/2615 2505/20/2698 2504/17/2697
f 2505/20/2698 2447/40/2641 2495/19/2688
f 2447/40/2641 2505/20/2698 2444/29/2638
f 2505/20/2698 2420/21/2615 2426/23/2620
f 2426/23/2620 2444/29/2638 2505/20/2698
f 2493/41/2687 2495/19/2688 2447/40/2641
f 2473/57/2667 2493/41/2687 2446/42/2640
f 2447/40/2641 2446/42/2640 2493/41/2687
f 2446/42/2640 2449/56/2642 2473/57/2667
f 2449/56/2642 2450/55/2643 2467/45/2662
f 2460/50/2653 2465/47/2659 2458/49/2651
f 2437/30/2631 2462/38/2655 2435/37/2630
f 2444/29/2638 2426/23/2620 2428/27/2622
f 2436/31/2628 2432/35/2626 2431/34/2625
f 2431/34/2625 2425/32/2618 2423/65/2616
f 2417/67/2611 2410/68/2603 2407/63/2600
f 2411/71/2604 2414/72/2607 2366/73/2560
f 2366/73/2560 2368/74/2562 2411/71/2604
f 2369/73/2563 2408/72/2602 2411/71/2604
f 2411/71/2604 2368/74/2562 2369/73/2563
f 2398/75/2591 2400/61/2592 2408/72/2602
f 2408/72/2602 2369/73/2563 2398/75/2591
f 2372/77/2565 2398/75/2591 2369/73/2563
f 2392/83/2585 2393/13/2586 2371/81/2566
f 2372/77/2565 2371/81/2566 2393/13/2586
f 2371/81/2566 2375/82/2568 2392/83/2585
f 2392/83/2585 2381/92/2574 2386/90/2580
f 2376/85/2570 2381/92/2574 2392/83/2585
f 2392/83/2585 2375/82/2568 2376/85/2570
f 2389/2/2581 2347/1/2541 2346/4/2540
f 2347/1/2541 2385/89/2578 2348/3/2542
f 2506/91/2699 2348/3/2542 2385/89/2578
f 2385/89/2578 2383/94/2577 2506/91/2699
f 2348/3/2542 2506/91/2699 2355/90/2548
f 2357/92/2550 2355/90/2548 2506/91/2699
f 2506/91/2699 2507/93/2700 2357/92/2550
f 2507/93/2700 2506/91/2699 2383/94/2577
f 2377/87/2572 2508/86/2701 2507/93/2700
f 2507/93/2700 2508/86/2701 2358/85/2551
f 2358/85/2551 2357/92/2550 2507/93/2700
f 2507/93/2700 2382/95/2576 2377/87/2572
f 2383/94/2577 2382/95/2576 2507/93/2700
f 2361/84/2554 2508/86/2701 2377/87/2572
f 2358/85/2551 2508/86/2701 2361/84/2554
f 2361/84/2554 2378/88/2569 2365/79/2558
f 2377/87/2572 2378/88/2569 2361/84/2554
f 2365/79/2558 2362/80/2555 2361/84/2554
f 2361/84/2554 2359/82/2552 2358/85/2551
f 2355/90/2548 2351/8/2543 2348/3/2542
f 2706/324/2888 2704/323/2889 2705/325/2890
f 2705/325/2890 2704/323/2889 2709/326/2891
f 2704/323/2889 2706/324/2888 2707/322/2892
f 2704/323/2889 2707/322/2892 2708/321/2893
f 2708/321/2893 2709/326/2891 2704/323/2889
f 2709/326/2891 2708/321/2893 2710/386/2894
f 2710/386/2894 2711/331/2895 2709/326/2891
f 2712/327/2896 2709/326/2891 2711/331/2895
f 2709/326/2891 2712/327/2896 2705/325/2890
f 2711/331/2895 2714/333/2897 2712/327/2896
f 2713/332/2898 2712/327/2896 2714/333/2897
f 2712/327/2896 2713/332/2898 2715/329/2899
f 2715/329/2899 2705/325/2890 2712/327/2896
f 2705/325/2890 2715/329/2899 2716/328/2900
f 2717/402/2901 2716/328/2900 2715/329/2899
f 2715/329/2899 2718/334/2902 2717/402/2901
f 2718/334/2902 2715/329/2899 2713/332/2898
f 2719/401/2903 2717/402/2901 2718/334/2902
f 2718/334/2902 2722/403/2904 2719/401/2903
f 2713/332/2898 2720/335/2905 2718/334/2902
f 2718/334/2902 2720/335/2905 2721/406/2906
f 2721/406/2906 2722/403/2904 2718/334/2902
f 2719/401/2903 2722/403/2904 2724/404/2907
f 2722/403/2904 2721/406/2906 2723/405/2908
f 2723/405/2908 2724/404/2907 2722/403/2904
f 2726/403/2909 2724/404/2907 2723/405/2908
f 2725/401/2910 2727/400/2911 2724/404/2907
f 2724/404/2907 2726/403/2909 2725/401/2910
f 2724/404/2907 2727/400/2911 2719/401/2903
f 2727/400/2911 2725/401/2910 2730/395/2912
f 2728/395/2913 2719/401/2903 2727/400/2911
f 2727/400/2911 2729/396/2914 2728/395/2913
f 2730/395/2912 2729/396/2914 2727/400/2911
f 2731/328/2915 2730/395/2912 2725/401/2910
f 2729/396/2914 2730/395/2912 2732/394/2916
f 2730/395/2912 2731/328/2915 2733/330/2917
f 2733/330/2917 2732/394/2916 2730/395/2912
f 2734/325/2918 2733/330/2917 2731/328/2915
f 2732/394/2916 2733/330/2917 2735/324/2919
f 2735/324/2919 2733/330/2917 2734/325/2918
f 2735/324/2919 2739/392/2920 2732/394/2916
f 2734/325/2918 2736/323/2921 2735/324/2919
f 2736/323/2921 2737/322/2922 2735/324/2919
f 2735/324/2919 2737/322/2922 2738/390/2923
f 2738/390/2923 2739/392/2920 2735/324/2919
f 2740/393/2924 2739/392/2920 2738/390/2923
f 2732/394/2916 2739/392/2920 2740/393/2924
f 2740/393/2924 2741/397/2925 2732/394/2916
f 2743/394/2926 2741/397/2925 2740/393/2924
f 2738/390/2923 2742/391/2927 2740/393/2924
f 2740/393/2924 2742/391/2927 2745/390/2928
f 2740/393/2924 2744/392/2929 2743/394/2926
f 2745/390/2928 2744/392/2929 2740/393/2924
f 2745/390/2928 2707/322/2892 2706/324/2888
f 2708/321/2893 2707/322/2892 2745/390/2928
f 2745/390/2928 2747/389/2930 2708/321/2893
f 2745/390/2928 2742/391/2927 2746/388/2931
f 2706/324/2888 2744/392/2929 2745/390/2928
f 2746/388/2931 2747/389/2930 2745/390/2928
f 2708/321/2893 2747/389/2930 2748/387/2932
f 2748/387/2932 2747/389/2930 2746/388/2931
f 2746/388/2931 2749/385/2933 2748/387/2932
f 2750/383/2934 2748/387/2932 2749/385/2933
f 2710/386/2894 2748/387/2932 2750/383/2934
f 2748/387/2932 2710/386/2894 2708/321/2893
f 2750/383/2934 2754/378/2935 2710/386/2894
f 2749/385/2933 2751/384/2936 2750/383/2934
f 2750/383/2934 2751/384/2936 2752/382/2937
f 2752/382/2937 2753/381/2938 2750/383/2934
f 2754/378/2935 2750/383/2934 2753/381/2938
f 2754/378/2935 2756/379/2939 2755/376/2940
f 2755/376/2940 2711/331/2895 2754/378/2935
f 2753/381/2938 2756/379/2939 2754/378/2935
f 2711/331/2895 2710/386/2894 2754/378/2935
f 2755/376/2940 2756/379/2939 2757/377/2941
f 2757/377/2941 2756/379/2939 2753/381/2938
f 2757/377/2941 2758/347/2942 2755/376/2940
f 2758/347/2942 2757/377/2941 2759/367/2943
f 2760/366/2944 2759/367/2943 2757/377/2941
f 2757/377/2941 2761/380/2945 2760/366/2944
f 2753/381/2938 2761/380/2945 2757/377/2941
f 2761/380/2945 2753/381/2938 2752/382/2937
f 2762/399/2946 2760/366/2944 2761/380/2945
f 2752/382/2937 2763/398/2947 2761/380/2945
f 2761/380/2945 2763/398/2947 2762/399/2946
f 2764/380/2948 2763/398/2947 2752/382/2937
f 2762/399/2946 2763/398/2947 2764/380/2948
f 2767/377/2949 2764/380/2948 2765/381/2950
f 2752/382/2937 2765/381/2950 2764/380/2948
f 2764/380/2948 2766/366/2951 2762/399/2946
f 2766/366/2951 2764/380/2948 2767/377/2949
f 2765/381/2950 2771/379/2952 2767/377/2949
f 2768/376/2953 2769/347/2954 2767/377/2949
f 2767/377/2949 2771/379/2952 2768/376/2953
f 2769/347/2954 2770/367/2955 2767/377/2949
f 2767/377/2949 2770/367/2955 2766/366/2951
f 2772/378/2956 2771/379/2952 2765/381/2950
f 2768/376/2953 2771/379/2952 2772/378/2956
f 2765/381/2950 2775/383/2957 2772/378/2956
f 2773/386/2958 2772/378/2956 2775/383/2957
f 2774/331/2959 2772/378/2956 2773/386/2958
f 2772/378/2956 2774/331/2959 2768/376/2953
f 2749/385/2933 2776/387/2960 2775/383/2957
f 2775/383/2957 2776/387/2960 2773/386/2958
f 2775/383/2957 2751/384/2936 2749/385/2933
f 2752/382/2937 2751/384/2936 2775/383/2957
f 2775/383/2957 2765/381/2950 2752/382/2937
f 2746/388/2931 2777/389/2961 2776/387/2960
f 2776/387/2960 2749/385/2933 2746/388/2931
f 2776/387/2960 2777/389/2961 2778/321/2962
f 2778/321/2962 2773/386/2958 2776/387/2960
f 2778/321/2962 2777/389/2961 2738/390/2923
f 2773/386/2958 2778/321/2962 2779/326/2963
f 2736/323/2921 2779/326/2963 2778/321/2962
f 2778/321/2962 2737/322/2922 2736/323/2921
f 2738/390/2923 2737/322/2922 2778/321/2962
f 2779/326/2963 2774/331/2959 2773/386/2958
f 2734/325/2918 2780/327/2964 2779/326/2963
f 2779/326/2963 2736/323/2921 2734/325/2918
f 2774/331/2959 2779/326/2963 2780/327/2964
f 2782/329/2965 2781/332/2966 2780/327/2964
f 2783/333/2967 2780/327/2964 2781/332/2966
f 2780/327/2964 2734/325/2918 2782/329/2965
f 2780/327/2964 2783/333/2967 2774/331/2959
f 2774/331/2959 2783/333/2967 2784/342/2968
f 2785/339/2969 2784/342/2968 2783/333/2967
f 2783/333/2967 2786/336/2970 2785/339/2969
f 2781/332/2966 2786/336/2970 2783/333/2967
f 2787/338/2971 2785/339/2969 2786/336/2970
f 2786/336/2970 2788/337/2972 2787/338/2971
f 2789/335/2973 2788/337/2972 2786/336/2970
f 2786/336/2970 2781/332/2966 2789/335/2973
f 2788/337/2972 2789/335/2973 2791/406/2974
f 2790/334/2975 2789/335/2973 2781/332/2966
f 2791/406/2974 2789/335/2973 2790/334/2975
f 2791/406/2974 2723/405/2908 2792/407/2976
f 2723/405/2908 2791/406/2974 2726/403/2909
f 2791/406/2974 2793/408/2977 2788/337/2972
f 2790/334/2975 2726/403/2909 2791/406/2974
f 2792/407/2976 2793/408/2977 2791/406/2974
f 2788/337/2972 2793/408/2977 2794/375/2978
f 2792/407/2976 2794/375/2978 2793/408/2977
f 2795/374/2979 2794/375/2978 2792/407/2976
f 2794/375/2978 2795/374/2979 2796/345/2980
f 2796/345/2980 2787/338/2971 2794/375/2978
f 2794/375/2978 2787/338/2971 2788/337/2972
f 2787/338/2971 2796/345/2980 2799/340/2981
f 2797/372/2982 2796/345/2980 2795/374/2979
f 2796/345/2980 2797/372/2982 2798/343/2983
f 2798/343/2983 2799/340/2981 2796/345/2980
f 2799/340/2981 2798/343/2983 2800/344/2984
f 2800/344/2984 2801/341/2985 2799/340/2981
f 2799/340/2981 2785/339/2969 2787/338/2971
f 2785/339/2969 2799/340/2981 2801/341/2985
f 2801/341/2985 2784/342/2968 2785/339/2969
f 2784/342/2968 2801/341/2985 2769/347/2954
f 2769/347/2954 2801/341/2985 2800/344/2984
f 2800/344/2984 2802/348/2986 2769/347/2954
f 2803/349/2987 2802/348/2986 2800/344/2984
f 2804/346/2988 2800/344/2984 2798/343/2983
f 2800/344/2984 2804/346/2988 2803/349/2987
f 2798/343/2983 2807/370/2989 2804/346/2988
f 2806/352/2990 2803/349/2987 2804/346/2988
f 2805/354/2991 2804/346/2988 2807/370/2989
f 2804/346/2988 2805/354/2991 2806/352/2990
f 2797/372/2982 2808/371/2992 2807/370/2989
f 2809/369/2993 2807/370/2989 2808/371/2992
f 2807/370/2989 2798/343/2983 2797/372/2982
f 2807/370/2989 2809/369/2993 2805/354/2991
f 2808/371/2992 2812/413/2994 2809/369/2993
f 2810/356/2995 2805/354/2991 2809/369/2993
f 2809/369/2993 2811/416/2996 2810/356/2995
f 2811/416/2996 2809/369/2993 2812/413/2994
f 2812/413/2994 2808/371/2992 2814/410/2997
f 2812/413/2994 2815/415/2998 2811/416/2996
f 2815/415/2998 2812/413/2994 2813/414/2999
f 2814/410/2997 2813/414/2999 2812/413/2994
f 2813/414/2999 2817/420/3000 2815/415/2998
f 2816/418/3001 2815/415/2998 2817/420/3000
f 2811/416/2996 2815/415/2998 2816/418/3001
f 2817/420/3000 2813/414/2999 2818/423/3002
f 2817/420/3000 2820/419/3003 2816/418/3001
f 2818/423/3002 2819/422/3004 2817/420/3000
f 2820/419/3003 2817/420/3000 2819/422/3004
f 2827/417/3005 2816/418/3001 2820/419/3003
f 2820/419/3003 2819/422/3004 2825/420/3006
f 2820/419/3003 2821/421/3007 2826/358/3008
f 2822/358/3009 2821/421/3007 2820/419/3003
f 2820/419/3003 2823/417/3010 2822/358/3009
f 2823/417/3010 2820/419/3003 2824/418/3011
f 2824/418/3011 2820/419/3003 2825/420/3006
f 2826/358/3008 2827/417/3005 2820/419/3003
f 2816/418/3001 2827/417/3005 2811/416/2996
f 2827/417/3005 2826/358/3008 2810/356/2995
f 2810/356/2995 2811/416/2996 2827/417/3005
f 2828/357/3012 2826/358/3008 2821/421/3007
f 2829/353/3013 2810/356/2995 2826/358/3008
f 2826/358/3008 2828/357/3012 2829/353/3013
f 2829/353/3013 2830/351/3014 2806/352/2990
f 2829/353/3013 2806/352/2990 2805/354/2991
f 2830/351/3014 2829/353/3013 2831/355/3015
f 2828/357/3012 2831/355/3015 2829/353/3013
f 2805/354/2991 2810/356/2995 2829/353/3013
f 2831/355/3015 2833/361/3016 2830/351/3014
f 2831/355/3015 2832/359/3017 2834/360/3018
f 2831/355/3015 2828/357/3012 2832/359/3017
f 2834/360/3018 2833/361/3016 2831/355/3015
f 2834/360/3018 2832/359/3017 2839/355/3019
f 2838/362/3020 2833/361/3016 2834/360/3018
f 2835/362/3021 2836/363/3022 2834/360/3018
f 2834/360/3018 2837/361/3023 2835/362/3021
f 2834/360/3018 2836/363/3022 2838/362/3020
f 2839/355/3019 2837/361/3023 2834/360/3018
f 2840/351/3024 2837/361/3023 2839/355/3019
f 2839/355/3019 2841/353/3025 2840/351/3024
f 2828/357/3012 2841/353/3025 2839/355/3019
f 2839/355/3019 2832/359/3017 2828/357/3012
f 2841/353/3025 2828/357/3012 2822/358/3009
f 2822/358/3009 2843/356/3026 2841/353/3025
f 2841/353/3025 2842/352/3027 2840/351/3024
f 2844/354/3028 2842/352/3027 2841/353/3025
f 2841/353/3025 2843/356/3026 2844/354/3028
f 2842/352/3027 2844/354/3028 2845/346/3029
f 2847/369/3030 2844/354/3028 2843/356/3026
f 2846/370/3031 2845/346/3029 2844/354/3028
f 2844/354/3028 2847/369/3030 2846/370/3031
f 2850/371/3032 2846/370/3031 2847/369/3030
f 2843/356/3026 2848/416/3033 2847/369/3030
f 2849/413/3034 2847/369/3030 2848/416/3033
f 2847/369/3030 2849/413/3034 2850/371/3032
f 2846/370/3031 2850/371/3032 2853/372/3035
f 2851/410/3036 2850/371/3032 2849/413/3034
f 2850/371/3032 2851/410/3036 2852/373/3037
f 2852/373/3037 2853/372/3035 2850/371/3032
f 2853/372/3035 2854/343/3038 2846/370/3031
f 2854/343/3038 2853/372/3035 2855/345/3039
f 2856/374/3040 2855/345/3039 2853/372/3035
f 2853/372/3035 2852/373/3037 2856/374/3040
f 2855/345/3039 2856/374/3040 2858/375/3041
f 2792/407/2976 2858/375/3041 2856/374/3040
f 2856/374/3040 2857/409/3042 2792/407/2976
f 2857/409/3042 2856/374/3040 2852/373/3037
f 2858/375/3041 2860/338/3043 2855/345/3039
f 2792/407/2976 2859/408/3044 2858/375/3041
f 2858/375/3041 2859/408/3044 2861/337/3045
f 2861/337/3045 2860/338/3043 2858/375/3041
f 2860/338/3043 2861/337/3045 2862/336/3046
f 2862/336/3046 2861/337/3045 2720/335/2905
f 2721/406/2906 2720/335/2905 2861/337/3045
f 2861/337/3045 2859/408/3044 2721/406/2906
f 2862/336/3046 2863/339/3047 2860/338/3043
f 2863/339/3047 2862/336/3046 2714/333/2897
f 2720/335/2905 2713/332/2898 2862/336/3046
f 2714/333/2897 2862/336/3046 2713/332/2898
f 2860/338/3043 2863/339/3047 2865/340/3048
f 2714/333/2897 2864/342/3049 2863/339/3047
f 2863/339/3047 2864/342/3049 2866/341/3050
f 2866/341/3050 2865/340/3048 2863/339/3047
f 2758/347/2942 2866/341/3050 2864/342/3049
f 2865/340/3048 2866/341/3050 2867/344/3051
f 2867/344/3051 2866/341/3050 2758/347/2942
f 2869/349/3052 2845/346/3029 2867/344/3051
f 2854/343/3038 2867/344/3051 2845/346/3029
f 2867/344/3051 2854/343/3038 2865/340/3048
f 2758/347/2942 2868/348/3053 2867/344/3051
f 2867/344/3051 2868/348/3053 2869/349/3052
f 2845/346/3029 2869/349/3052 2842/352/3027
f 2869/349/3052 2870/350/3054 2840/351/3024
f 2840/351/3024 2842/352/3027 2869/349/3052
f 2870/350/3054 2869/349/3052 2868/348/3053
f 2837/361/3023 2840/351/3024 2870/350/3054
f 2870/350/3054 2835/362/3021 2837/361/3023
f 2868/348/3053 2871/368/3055 2870/350/3054
f 2835/362/3021 2870/350/3054 2871/368/3055
f 2758/347/2942 2759/367/2943 2871/368/3055
f 2871/368/3055 2868/348/3053 2758/347/2942
f 2872/364/3056 2871/368/3055 2759/367/2943
f 2871/368/3055 2872/364/3056 2835/362/3021
f 2873/365/3057 2872/364/3056 2760/366/2944
f 2759/367/2943 2760/366/2944 2872/364/3056
f 2872/364/3056 2873/365/3057 2836/363/3022
f 2836/363/3022 2835/362/3021 2872/364/3056
f 2760/366/2944 2762/399/2946 2873/365/3057
f 2873/365/3057 2762/399/2946 2766/366/2951
f 2766/366/2951 2874/364/3058 2873/365/3057
f 2836/363/3022 2873/365/3057 2874/364/3058
f 2770/367/2955 2875/368/3059 2874/364/3058
f 2838/362/3020 2874/364/3058 2875/368/3059
f 2874/364/3058 2838/362/3020 2836/363/3022
f 2874/364/3058 2766/366/2951 2770/367/2955
f 2875/368/3059 2876/350/3060 2838/362/3020
f 2876/350/3060 2875/368/3059 2802/348/2986
f 2769/347/2954 2802/348/2986 2875/368/3059
f 2875/368/3059 2770/367/2955 2769/347/2954
f 2833/361/3016 2838/362/3020 2876/350/3060
f 2830/351/3014 2876/350/3060 2803/349/2987
f 2876/350/3060 2830/351/3014 2833/361/3016
f 2802/348/2986 2803/349/2987 2876/350/3060
f 2865/340/3048 2855/345/3039 2860/338/3043
f 2855/345/3039 2865/340/3048 2854/343/3038
f 2711/331/2895 2755/376/2940 2864/342/3049
f 2864/342/3049 2714/333/2897 2711/331/2895
f 2864/342/3049 2755/376/2940 2758/347/2942
f 2721/406/2906 2859/408/3044 2792/407/2976
f 2792/407/2976 2857/409/3042 2795/374/2979
f 2857/409/3042 2877/411/3061 2878/373/3062
f 2852/373/3037 2877/411/3061 2857/409/3042
f 2878/373/3062 2795/374/2979 2857/409/3042
f 2878/373/3062 2814/410/2997 2808/371/2992
f 2814/410/2997 2878/373/3062 2877/411/3061
f 2808/371/2992 2797/372/2982 2878/373/3062
f 2795/374/2979 2878/373/3062 2797/372/2982
f 2877/411/3061 2879/412/3063 2814/410/2997
f 2851/410/3036 2879/412/3063 2877/411/3061
f 2877/411/3061 2852/373/3037 2851/410/3036
f 2879/412/3063 2818/423/3002 2813/414/2999
f 2813/414/2999 2814/410/2997 2879/412/3063
f 2879/412/3063 2851/410/3036 2880/414/3064
f 2880/414/3064 2818/423/3002 2879/412/3063
f 2880/414/3064 2849/413/3034 2881/415/3065
f 2849/413/3034 2880/414/3064 2851/410/3036
f 2881/415/3065 2825/420/3006 2880/414/3064
f 2818/423/3002 2880/414/3064 2825/420/3006
f 2824/418/3011 2881/415/3065 2848/416/3033
f 2848/416/3033 2881/415/3065 2849/413/3034
f 2825/420/3006 2881/415/3065 2824/418/3011
f 2845/346/3029 2846/370/3031 2854/343/3038
f 2848/416/3033 2823/417/3010 2824/418/3011
f 2823/417/3010 2848/416/3033 2843/356/3026
f 2843/356/3026 2822/358/3009 2823/417/3010
f 2803/349/2987 2806/352/2990 2830/351/3014
f 2828/357/3012 2821/421/3007 2822/358/3009
f 2825/420/3006 2819/422/3004 2818/423/3002
f 2792/407/2976 2723/405/2908 2721/406/2906
f 2725/401/2910 2726/403/2909 2790/334/2975
f 2790/334/2975 2882/402/3066 2725/401/2910
f 2781/332/2966 2782/329/2965 2790/334/2975
f 2882/402/3066 2790/334/2975 2782/329/2965
f 2725/401/2910 2882/402/3066 2731/328/2915
f 2782/329/2965 2731/328/2915 2882/402/3066
f 2784/342/2968 2768/376/2953 2774/331/2959
f 2769/347/2954 2768/376/2953 2784/342/2968
f 2731/328/2915 2782/329/2965 2734/325/2918
f 2738/390/2923 2777/389/2961 2746/388/2931
f 2746/388/2931 2742/391/2927 2738/390/2923
f 2743/394/2926 2744/392/2929 2706/324/2888
f 2729/396/2914 2741/397/2925 2743/394/2926
f 2728/395/2913 2743/394/2926 2883/330/3067
f 2706/324/2888 2883/330/3067 2743/394/2926
f 2743/394/2926 2728/395/2913 2729/396/2914
f 2716/328/2900 2883/330/3067 2705/325/2890
f 2883/330/3067 2716/328/2900 2728/395/2913
f 2705/325/2890 2883/330/3067 2706/324/2888
f 2732/394/2916 2741/397/2925 2729/396/2914
f 2719/401/2903 2728/395/2913 2716/328/2900
f 2716/328/2900 2717/402/2901 2719/401/2903
f 2885/1912/3068 2884/1913/3069 2890/1914/3070
f 2884/1915/3069 2885/1916/3068 2886/1917/3071
f 2886/1917/3071 2887/1918/3072 2884/1915/3069
f 2884/1915/3069 2887/1918/3072 2888/1919/3073
f 2888/1919/3073 2889/1920/3074 2884/1915/3069
f 2884/1913/3069 2889/1921/3074 2890/1914/3070
f 2893/1922/3075 2885/1912/3068 2890/1914/3070
f 2891/1923/3076 2890/1924/3070 2889/1920/3074
f 2892/1925/3077 2890/1924/3070 2891/1923/3076
f 2893/1922/3075 2890/1914/3070 2892/1926/3077
f 2893/1922/3075 2892/1926/3077 2896/1927/3078
f 2893/1922/3075 2895/1928/3079 2885/1912/3068
f 2894/1929/3080 2893/1930/3075 2896/1931/3078
f 2895/1932/3079 2893/1930/3075 2894/1929/3080
f 2897/1933/3081 2896/1931/3078 2892/1925/3077
f 2896/1931/3078 2897/1933/3081 2894/1929/3080
f 2892/1925/3077 2900/1934/3082 2897/1933/3081
f 2898/1935/3083 2894/1936/3084 2897/1937/3085
f 2897/1937/3085 2899/1938/3086 2898/1935/3083
f 2899/1938/3086 2897/1937/3085 2900/1939/3087
f 2900/1939/3087 2901/1940/3088 2899/1938/3086
f 2901/1940/3088 2900/1939/3087 2891/1941/3089
f 2891/1923/3076 2900/1934/3082 2892/1925/3077
f 2905/1942/3090 2899/1938/3091 2901/1940/3092
f 2891/1941/3089 2902/1943/3093 2901/1940/3088
f 2901/1940/3092 2902/1943/3094 2903/1944/3095
f 2903/1944/3095 2904/1945/3096 2901/1940/3092
f 2901/1940/3092 2904/1945/3096 2905/1942/3090
f 2898/1935/3097 2899/1938/3091 2905/1942/3090
f 2906/1946/3098 2905/1942/3099 2904/1945/3100
f 2905/1942/3099 2906/1946/3098 2908/1947/3101
f 2905/1942/3090 2907/1948/3102 2898/1935/3097
f 2908/1947/3101 2907/1948/3103 2905/1942/3099
f 2907/1948/3103 2908/1947/3101 2909/1949/3104
f 2909/1950/3105 2908/1951/3106 2910/1952/3107
f 2910/1952/3107 2908/1951/3106 2906/1953/3108
f 2910/1952/3107 2912/1954/3109 2909/1950/3105
f 2911/1955/3110 2910/1952/3107 2913/1956/3111
f 2912/1954/3109 2910/1952/3107 2911/1955/3110
f 2906/1953/3108 2913/1956/3111 2910/1952/3107
f 2913/1956/3111 2914/1957/3112 2911/1955/3110
f 2914/1957/3112 2913/1956/3111 2915/1958/3113
f 2916/1959/3114 2915/1958/3113 2913/1956/3111
f 2913/1956/3111 2906/1953/3108 2916/1959/3114
f 2915/1958/3113 2916/1959/3114 2917/1960/3115
f 2903/1944/3116 2917/1961/3117 2916/1962/3118
f 2916/1962/3118 2904/1945/3100 2903/1944/3116
f 2904/1945/3100 2916/1962/3118 2906/1946/3098
f 2917/1960/3115 2919/1963/3119 2915/1958/3113
f 2920/1964/3120 2918/1965/3121 2917/1961/3117
f 2919/1963/3119 2917/1960/3115 2918/1966/3122
f 2917/1961/3117 2903/1944/3116 2920/1964/3120
f 2923/1967/3123 2918/1965/3121 2920/1964/3120
f 2924/1968/3124 2920/1964/3125 2903/1944/3095
f 2920/1964/3125 2924/1968/3124 2921/1969/3126
f 2921/1969/3126 2922/1970/3127 2920/1964/3125
f 2920/1964/3120 2922/1970/3128 2923/1967/3123
f 2888/1971/3129 2924/1968/3130 2902/1943/3093
f 2903/1944/3095 2902/1943/3094 2924/1968/3124
f 2921/1969/3131 2924/1968/3130 2888/1971/3129
f 2925/1972/3132 2923/1973/3133 2927/1974/3134
f 2923/1973/3133 2925/1972/3132 2926/1975/3135
f 2926/1975/3135 2918/1966/3122 2923/1973/3133
f 2928/1976/3136 2927/1977/3137 2923/1967/3123
f 2923/1967/3123 2922/1970/3128 2928/1976/3136
f 2930/1967/3138 2927/1977/3137 2928/1976/3136
f 2931/1970/3139 2928/1976/3140 2929/1978/3141
f 2929/1978/3141 2928/1976/3140 2922/1970/3127
f 2928/1976/3136 2931/1970/3142 2930/1967/3138
f 2932/1964/3143 2931/1970/3139 2933/1969/3144
f 2930/1967/3138 2931/1970/3142 2932/1964/3145
f 2929/1978/3141 2933/1969/3144 2931/1970/3139
f 2933/1969/3144 2936/1968/3146 2932/1964/3143
f 2933/1969/3147 2935/1979/3148 2934/1971/3149
f 2934/1971/3149 2936/1968/3150 2933/1969/3147
f 2935/1979/3148 2933/1969/3147 2929/1978/3151
f 2937/1944/3152 2932/1964/3143 2936/1968/3146
f 2936/1968/3146 2938/1943/3153 2937/1944/3152
f 2938/1943/3154 2936/1968/3150 2934/1971/3149
f 2940/1940/3155 2938/1943/3154 2939/1941/3156
f 2934/1971/3149 2939/1941/3156 2938/1943/3154
f 2937/1944/3152 2938/1943/3153 2940/1940/3157
f 2940/1940/3157 2941/1945/3158 2937/1944/3152
f 2942/1942/3159 2941/1945/3158 2940/1940/3157
f 2940/1940/3157 2943/1938/3160 2942/1942/3159
f 2943/1938/3161 2940/1940/3155 2944/1939/3162
f 2939/1941/3156 2944/1939/3162 2940/1940/3155
f 2944/1939/3162 2945/1937/3163 2943/1938/3161
f 2945/1933/3164 2944/1934/3165 2946/1925/3166
f 2946/1925/3166 2944/1934/3165 2939/1923/3167
f 2946/1925/3166 2947/1931/3168 2945/1933/3164
f 2949/1922/3169 2947/1927/3168 2946/1926/3166
f 2939/1923/3167 2948/1924/3170 2946/1925/3166
f 2949/1922/3169 2946/1926/3166 2948/1914/3170
f 2949/1922/3169 2948/1914/3170 2885/1912/3068
f 2949/1922/3169 2885/1912/3068 2895/1928/3079
f 2947/1931/3168 2949/1930/3169 2950/1929/3171
f 2950/1929/3171 2949/1930/3169 2895/1932/3079
f 2951/1935/3172 2950/1936/3173 2952/1980/3174
f 2945/1937/3163 2950/1936/3173 2951/1935/3172
f 2895/1932/3079 2952/1981/3175 2950/1929/3171
f 2950/1929/3171 2945/1933/3164 2947/1931/3168
f 2952/1980/3174 2953/1982/3176 2951/1935/3172
f 2898/1935/3083 2953/1982/3176 2952/1980/3174
f 2894/1929/3080 2952/1981/3175 2895/1932/3079
f 2952/1980/3174 2894/1936/3084 2898/1935/3083
f 2955/1948/3177 2951/1935/3178 2953/1982/3179
f 2953/1982/3179 2898/1935/3097 2907/1948/3102
f 2907/1948/3102 2954/1983/3180 2953/1982/3179
f 2953/1982/3179 2954/1983/3180 2955/1948/3177
f 2955/1948/3181 2954/1983/3182 2909/1949/3104
f 2909/1949/3104 2956/1947/3183 2955/1948/3181
f 2942/1942/3184 2955/1948/3181 2956/1947/3183
f 2951/1935/3178 2955/1948/3177 2942/1942/3159
f 2958/1952/3185 2956/1951/3186 2909/1950/3105
f 2956/1947/3183 2957/1946/3187 2942/1942/3184
f 2957/1953/3188 2956/1951/3186 2958/1952/3185
f 2960/1956/3189 2958/1952/3185 2959/1955/3190
f 2959/1955/3190 2958/1952/3185 2912/1954/3109
f 2958/1952/3185 2960/1956/3189 2957/1953/3188
f 2909/1950/3105 2912/1954/3109 2958/1952/3185
f 2960/1956/3189 2962/1958/3191 2961/1959/3192
f 2961/1959/3192 2957/1953/3188 2960/1956/3189
f 2959/1955/3190 2963/1957/3193 2960/1956/3189
f 2962/1958/3191 2960/1956/3189 2963/1957/3193
f 2963/1957/3193 2959/1955/3190 2964/1984/3194
f 2963/1957/3193 2965/1985/3195 2962/1958/3191
f 2964/1984/3194 2966/1986/3196 2963/1957/3193
f 2965/1985/3195 2963/1957/3193 2966/1986/3196
f 2967/1987/3197 2966/1986/3196 2964/1984/3194
f 2966/1986/3196 2968/1988/3198 2965/1985/3195
f 2968/1988/3198 2966/1986/3196 2967/1987/3197
f 2967/1987/3197 2969/1989/3199 2968/1988/3198
f 2971/1990/3200 2968/1988/3198 2969/1989/3199
f 2970/1991/3201 2965/1985/3195 2968/1988/3198
f 2968/1988/3198 2971/1990/3200 2970/1991/3201
f 2969/1989/3199 2972/1992/3202 2971/1990/3200
f 2973/1993/3203 2970/1991/3201 2971/1990/3200
f 2974/1994/3204 2971/1990/3200 2972/1992/3202
f 2971/1990/3200 2974/1994/3204 2973/1993/3203
f 2972/1992/3202 2977/1995/3205 2974/1994/3204
f 2975/1996/3206 2973/1993/3203 2974/1994/3204
f 2974/1994/3204 2976/1997/3207 2975/1996/3206
f 2976/1997/3207 2974/1994/3204 2977/1995/3205
f 2977/1995/3205 2978/1998/3208 2976/1997/3207
f 2978/1998/3208 2977/1995/3205 2979/1999/3209
f 2980/2000/3210 2979/1999/3209 2977/1995/3205
f 2977/1995/3205 2972/1992/3202 2980/2000/3210
f 2982/2001/3211 2979/1999/3209 2980/2000/3210
f 2981/2002/3212 2980/2000/3210 2972/1992/3202
f 2983/2003/3213 2980/2000/3210 2981/2002/3212
f 2980/2000/3210 2983/2003/3213 2982/2001/3211
f 2984/2004/3214 2986/2005/3215 2983/2003/3213
f 2983/2003/3213 2985/2006/3216 2984/2004/3214
f 2981/2002/3212 2985/2006/3216 2983/2003/3213
f 2982/2001/3211 2983/2003/3213 2986/2005/3215
f 2988/2007/3217 2986/2005/3215 2984/2004/3214
f 2986/2005/3215 2987/2008/3218 2982/2001/3211
f 2987/2008/3218 2986/2005/3215 2988/2007/3217
f 2984/2004/3214 2991/2009/3219 2988/2007/3217
f 2988/2007/3217 2989/2010/3220 2987/2008/3218
f 2989/2010/3220 2988/2007/3217 2990/2011/3221
f 2990/2011/3221 2988/2007/3217 2991/2009/3219
f 2994/2012/3222 2992/2013/3223 2991/2009/3219
f 2993/2014/3224 2991/2009/3219 2992/2013/3223
f 2991/2009/3219 2993/2014/3224 2990/2011/3221
f 2991/2009/3219 2984/2004/3214 2994/2012/3222
f 2995/2015/3225 2994/2012/3222 2996/2016/3226
f 2992/2013/3223 2994/2012/3222 2995/2015/3225
f 2985/2006/3216 2996/2016/3226 2994/2012/3222
f 2994/2012/3222 2984/2004/3214 2985/2006/3216
f 2998/2017/3227 2996/2016/3226 2997/2018/3228
f 2981/2002/3212 2997/2018/3228 2996/2016/3226
f 2996/2016/3226 2985/2006/3216 2981/2002/3212
f 2996/2016/3226 2998/2017/3227 2995/2015/3225
f 2995/2015/3225 2998/2017/3227 2999/2019/3229
f 2999/2019/3229 2998/2017/3227 3000/2020/3230
f 2997/2018/3228 3000/2020/3230 2998/2017/3227
f 2967/1987/3197 3001/2021/3231 3000/2020/3230
f 3000/2020/3230 2997/2018/3228 2967/1987/3197
f 3002/2022/3232 3000/2020/3230 3001/2021/3231
f 3000/2020/3230 3002/2022/3232 2999/2019/3229
f 2999/2019/3229 3002/2022/3232 3003/2020/3233
f 3004/2021/3234 3003/2020/3233 3002/2022/3232
f 3002/2022/3232 3005/2023/3235 3004/2021/3234
f 3001/2021/3231 3005/2023/3235 3002/2022/3232
f 3004/2021/3234 3005/2023/3235 3006/2024/3236
f 3006/2024/3236 3005/2023/3235 3001/2021/3231
f 3006/2024/3236 3007/1984/3237 3004/2021/3234
f 3007/1984/3237 3006/2024/3236 3008/2025/3238
f 3008/2025/3238 3006/2024/3236 2964/1984/3194
f 3001/2021/3231 2964/1984/3194 3006/2024/3236
f 3008/2025/3238 2911/1955/3110 3007/1984/3237
f 2964/1984/3194 2959/1955/3190 3008/2025/3238
f 2912/1954/3109 3008/2025/3238 2959/1955/3190
f 2911/1955/3110 3008/2025/3238 2912/1954/3109
f 3007/1984/3237 3009/1986/3239 3010/1987/3240
f 2914/1957/3112 3009/1986/3239 3007/1984/3237
f 3010/1987/3240 3004/2021/3234 3007/1984/3237
f 3007/1984/3237 2911/1955/3110 2914/1957/3112
f 3012/1988/3241 3011/1989/3242 3010/1987/3240
f 3013/2018/3243 3010/1987/3240 3011/1989/3242
f 3010/1987/3240 3009/1986/3239 3012/1988/3241
f 3003/2020/3233 3004/2021/3234 3010/1987/3240
f 3010/1987/3240 3013/2018/3243 3003/2020/3233
f 3015/2016/3244 3013/2018/3243 3014/2002/3245
f 3011/1989/3242 3014/2002/3245 3013/2018/3243
f 3016/2017/3246 3003/2020/3233 3013/2018/3243
f 3013/2018/3243 3015/2016/3244 3016/2017/3246
f 3003/2020/3233 3016/2017/3246 2999/2019/3229
f 2999/2019/3229 3016/2017/3246 3017/2015/3247
f 3017/2015/3247 3016/2017/3246 3015/2016/3244
f 3019/2013/3248 3018/2026/3249 3017/2015/3247
f 3021/2027/3250 3017/2015/3247 3018/2026/3249
f 3017/2015/3247 3020/2012/3251 3019/2013/3248
f 3015/2016/3244 3020/2012/3251 3017/2015/3247
f 3017/2015/3247 3021/2027/3250 2999/2019/3229
f 3021/2027/3250 3022/2028/3252 3023/2026/3253
f 3018/2026/3249 3022/2028/3252 3021/2027/3250
f 2999/2019/3229 3021/2027/3250 2995/2015/3225
f 3023/2026/3253 2995/2015/3225 3021/2027/3250
f 3024/2029/3254 2992/2013/3223 3023/2026/3253
f 2995/2015/3225 3023/2026/3253 2992/2013/3223
f 3023/2026/3253 3025/2030/3255 3024/2029/3254
f 3023/2026/3253 3022/2028/3252 3026/2031/3256
f 3026/2031/3256 3025/2030/3255 3023/2026/3253
f 3026/2031/3256 3022/2028/3252 3018/2026/3249
f 3018/2026/3249 3027/2030/3257 3026/2031/3256
f 3028/2029/3258 3027/2030/3257 3018/2026/3249
f 3018/2026/3249 3019/2013/3248 3028/2029/3258
f 3029/2014/3259 3028/2029/3258 3019/2013/3248
f 3019/2013/3248 3030/2009/3260 3029/2014/3259
f 3031/2011/3261 3029/2014/3259 3030/2009/3260
f 3032/2010/3262 3034/2032/3263 3031/2011/3261
f 3031/2011/3261 3033/2007/3264 3032/2010/3262
f 3030/2009/3260 3033/2007/3264 3031/2011/3261
f 3035/2033/3265 3034/2032/3263 3032/2010/3262
f 3032/2010/3262 3036/2034/3266 3035/2033/3265
f 3035/2033/3265 3036/2034/3266 3038/2035/3267
f 3038/2035/3267 3037/2036/3268 3035/2033/3265
f 3038/2035/3267 3041/2037/3269 3039/2038/3270
f 3039/2038/3270 3040/2034/3271 3038/2035/3267
f 3038/2035/3267 3036/2034/3266 3042/2038/3272
f 3043/2033/3273 3037/2036/3268 3038/2035/3267
f 3038/2035/3267 3040/2034/3271 3043/2033/3273
f 3042/2038/3272 3041/2037/3269 3038/2035/3267
f 2989/2010/3220 3044/2032/3274 3043/2033/3273
f 3043/2033/3273 3040/2034/3271 2989/2010/3220
f 2990/2011/3221 3044/2032/3274 2989/2010/3220
f 3045/2008/3275 3042/2038/3272 3036/2034/3266
f 3046/2039/3276 3042/2038/3272 3045/2008/3275
f 3042/2038/3272 3046/2039/3276 3047/2040/3277
f 3047/2040/3277 3041/2037/3269 3042/2038/3272
f 3048/2041/3278 3047/2040/3277 3046/2039/3276
f 3049/2039/3279 3047/2040/3277 3048/2041/3278
f 3047/2040/3277 3049/2039/3279 3039/2038/3270
f 3039/2038/3270 3041/2037/3269 3047/2040/3277
f 3048/2041/3278 3050/2042/3280 3049/2039/3279
f 2987/2008/3218 3039/2038/3270 3049/2039/3279
f 3049/2039/3279 2982/2001/3211 2987/2008/3218
f 2982/2001/3211 3049/2039/3279 3050/2042/3280
f 3051/2043/3281 2978/1998/3208 3050/2042/3280
f 2979/1999/3209 3050/2042/3280 2978/1998/3208
f 3050/2042/3280 2979/1999/3209 2982/2001/3211
f 3050/2042/3280 3048/2041/3278 3051/2043/3281
f 2978/1998/3208 3051/2043/3281 3052/2044/3282
f 3052/2044/3282 3051/2043/3281 3053/1998/3283
f 3054/2042/3284 3053/1998/3283 3051/2043/3281
f 3051/2043/3281 3048/2041/3278 3054/2042/3284
f 3056/2001/3285 3055/1999/3286 3054/2042/3284
f 3053/1998/3283 3054/2042/3284 3055/1999/3286
f 3054/2042/3284 3046/2039/3276 3056/2001/3285
f 3046/2039/3276 3054/2042/3284 3048/2041/3278
f 3057/2005/3287 3058/2003/3288 3056/2001/3285
f 3056/2001/3285 3045/2008/3275 3057/2005/3287
f 3056/2001/3285 3058/2003/3288 3059/2000/3289
f 3059/2000/3289 3055/1999/3286 3056/2001/3285
f 3045/2008/3275 3056/2001/3285 3046/2039/3276
f 3014/2002/3245 3059/2000/3289 3058/2003/3288
f 3060/1992/3290 3059/2000/3289 3014/2002/3245
f 3059/2000/3289 3060/1992/3290 3061/1995/3291
f 3061/1995/3291 3055/1999/3286 3059/2000/3289
f 3063/1994/3292 3061/1995/3291 3060/1992/3290
f 3055/1999/3286 3061/1995/3291 3053/1998/3283
f 3062/1997/3293 3053/1998/3283 3061/1995/3291
f 3061/1995/3291 3063/1994/3292 3062/1997/3293
f 3060/1992/3290 3066/1990/3294 3063/1994/3292
f 3064/1996/3295 3062/1997/3293 3063/1994/3292
f 3063/1994/3292 3065/1993/3296 3064/1996/3295
f 3065/1993/3296 3063/1994/3292 3066/1990/3294
f 3066/1990/3294 3067/1991/3297 3065/1993/3296
f 3067/1991/3297 3066/1990/3294 3012/1988/3241
f 3066/1990/3294 3060/1992/3290 3011/1989/3242
f 3011/1989/3242 3012/1988/3241 3066/1990/3294
f 2926/1975/3135 3065/1993/3296 3067/1991/3297
f 3012/1988/3241 3068/1985/3298 3067/1991/3297
f 2919/1963/3119 3067/1991/3297 3068/1985/3298
f 3067/1991/3297 2919/1963/3119 2926/1975/3135
f 3068/1985/3298 2915/1958/3113 2919/1963/3119
f 2915/1958/3113 3068/1985/3298 2914/1957/3112
f 3068/1985/3298 3012/1988/3241 3009/1986/3239
f 3009/1986/3239 2914/1957/3112 3068/1985/3298
f 2925/1972/3132 3064/1996/3295 3065/1993/3296
f 3065/1993/3296 2926/1975/3135 2925/1972/3132
f 3064/1996/3295 2925/1972/3132 3069/2045/3299
f 3069/2045/3299 3070/2046/3300 3064/1996/3295
f 3062/1997/3293 3064/1996/3295 3070/2046/3300
f 2975/1996/3206 3070/2046/3300 3069/2045/3299
f 3070/2046/3300 2975/1996/3206 2976/1997/3207
f 2976/1997/3207 3052/2044/3282 3070/2046/3300
f 3070/2046/3300 3052/2044/3282 3062/1997/3293
f 3069/2045/3299 3071/1972/3301 2975/1996/3206
f 2927/1974/3134 3069/2045/3299 2925/1972/3132
f 3071/1972/3301 3069/2045/3299 2927/1974/3134
f 2973/1993/3203 2975/1996/3206 3071/1972/3301
f 3071/1972/3301 3072/1975/3302 2973/1993/3203
f 3072/1975/3302 3071/1972/3301 2930/1973/3303
f 2927/1974/3134 2930/1973/3303 3071/1972/3301
f 3072/1975/3302 3073/1963/3304 2970/1991/3201
f 3073/1963/3304 3072/1975/3302 3074/1966/3305
f 2970/1991/3201 2973/1993/3203 3072/1975/3302
f 2930/1973/3303 3074/1966/3305 3072/1975/3302
f 3075/1961/3306 3074/1965/3307 2932/1964/3145
f 2932/1964/3145 3074/1965/3307 2930/1967/3138
f 3074/1966/3305 3075/1960/3308 3073/1963/3304
f 2932/1964/3145 2937/1944/3309 3075/1961/3306
f 2962/1958/3191 3073/1963/3304 3075/1960/3308
f 2961/1962/3310 3075/1961/3306 2937/1944/3309
f 3075/1960/3308 2961/1959/3192 2962/1958/3191
f 2965/1985/3195 2970/1991/3201 3073/1963/3304
f 3073/1963/3304 2962/1958/3191 2965/1985/3195
f 3053/1998/3283 3062/1997/3293 3052/2044/3282
f 3014/2002/3245 3011/1989/3242 3060/1992/3290
f 3077/2004/3311 3076/2006/3312 3058/2003/3288
f 3058/2003/3288 3076/2006/3312 3014/2002/3245
f 3058/2003/3288 3057/2005/3287 3077/2004/3311
f 3076/2006/3312 3077/2004/3311 3020/2012/3251
f 3020/2012/3251 3077/2004/3311 3030/2009/3260
f 3077/2004/3311 3057/2005/3287 3033/2007/3264
f 3033/2007/3264 3030/2009/3260 3077/2004/3311
f 3020/2012/3251 3015/2016/3244 3076/2006/3312
f 3014/2002/3245 3076/2006/3312 3015/2016/3244
f 3033/2007/3264 3057/2005/3287 3045/2008/3275
f 3052/2044/3282 2976/1997/3207 2978/1998/3208
f 3036/2034/3266 3032/2010/3262 3045/2008/3275
f 3045/2008/3275 3032/2010/3262 3033/2007/3264
f 3040/2034/3271 3039/2038/3270 2987/2008/3218
f 2987/2008/3218 2989/2010/3220 3040/2034/3271
f 3030/2009/3260 3019/2013/3248 3020/2012/3251
f 2992/2013/3223 3024/2029/3254 2993/2014/3224
f 2964/1984/3194 3001/2021/3231 2967/1987/3197
f 2969/1989/3199 2967/1987/3197 2997/2018/3228
f 2997/2018/3228 2981/2002/3212 2969/1989/3199
f 2972/1992/3202 2969/1989/3199 2981/2002/3212
f 2937/1944/3309 2941/1945/3313 2961/1962/3310
f 2957/1946/3187 2961/1962/3310 2941/1945/3313
f 2941/1945/3313 2942/1942/3184 2957/1946/3187
f 2909/1949/3104 2954/1983/3182 2907/1948/3103
f 2951/1935/3172 2943/1938/3161 2945/1937/3163
f 2942/1942/3159 2943/1938/3160 2951/1935/3178
f 3078/1920/3314 2948/1924/3170 2939/1923/3167
f 2948/1914/3170 3078/1921/3314 3079/1913/3315
f 2948/1914/3170 3079/1913/3315 2885/1912/3068
f 3079/1915/3315 3078/1920/3314 2934/1919/3316
f 2886/1917/3071 2885/1916/3068 3079/1915/3315
f 3079/1915/3315 2935/1918/3317 2886/1917/3071
f 2934/1919/3316 2935/1918/3317 3079/1915/3315
f 2939/1923/3167 2934/1919/3316 3078/1920/3314
f 2929/1978/3151 2886/2047/3318 2935/1979/3148
f 2887/1979/3319 2886/2047/3318 2929/1978/3151
f 2929/1978/3151 2921/1969/3131 2887/1979/3319
f 2922/1970/3127 2921/1969/3126 2929/1978/3141
f 2918/1966/3122 2926/1975/3135 2919/1963/3119
f 2888/1971/3129 2887/1979/3319 2921/1969/3131
f 2902/1943/3093 2891/1941/3089 2888/1971/3129
f 2889/1920/3074 2888/1919/3073 2891/1923/3076
f 3084/2048/3320 3081/2049/3321 3080/2050/3322
f 3080/2050/3322 3081/2049/3321 3082/2051/3323
f 3080/2050/3322 3082/2051/3323 3085/2052/3324
f 3085/2052/3324 3083/2053/3325 3080/2050/3322
f 3080/2050/3322 3083/2053/3325 3084/2048/3320
f 3085/2052/3324 3084/2048/3320 3083/2053/3325
f 3084/2048/3320 3085/2052/3324 3088/2054/3326
f 3085/2052/3327 3086/2055/3328 3087/2056/3329
f 3085/2052/3324 3082/2051/3323 3086/2055/3330
f 3087/2056/3329 3088/2054/3326 3085/2052/3327
f 3088/2054/3326 3089/2057/3331 3084/2048/3320
f 3088/2054/3326 3087/2056/3329 3090/2058/3332
f 3089/2057/3331 3088/2054/3326 3091/2059/3333
f 3090/2058/3332 3091/2059/3333 3088/2054/3326
f 3091/2059/3333 3092/2060/3334 3094/2061/3335
f 3092/2060/3334 3091/2059/3333 3090/2058/3332
f 3091/2059/3333 3093/2062/3336 3089/2057/3331
f 3094/2061/3335 3093/2062/3336 3091/2059/3333
f 3096/2063/3337 3094/2061/3335 3092/2060/3334
f 3093/2062/3336 3094/2061/3335 3095/2064/3338
f 3095/2064/3338 3094/2061/3335 3096/2063/3337
f 3098/2065/3339 3096/2063/3337 3097/2066/3340
f 3092/2060/3334 3097/2066/3340 3096/2063/3337
f 3096/2063/3337 3098/2065/3339 3095/2064/3338
f 3098/2065/3339 3100/2067/3341 3099/2068/3342
f 3099/2068/3342 3095/2064/3338 3098/2065/3339
f 3100/2067/3341 3098/2065/3339 3101/2069/3343
f 3102/2070/3344 3101/2069/3343 3098/2065/3339
f 3098/2065/3339 3104/2071/3345 3102/2070/3344
f 3097/2066/3340 3103/2072/3346 3098/2065/3339
f 3103/2072/3346 3104/2071/3345 3098/2065/3339
f 3107/2073/3347 3102/2070/3344 3104/2071/3345
f 3104/2071/3345 3103/2072/3346 3105/2074/3348
f 3105/2074/3348 3106/2075/3349 3104/2071/3345
f 3104/2071/3345 3106/2075/3349 3107/2073/3347
f 3111/2076/3350 3108/2077/3351 3107/2073/3347
f 3107/2073/3347 3108/2077/3351 3109/2078/3352
f 3109/2078/3352 3102/2070/3344 3107/2073/3347
f 3110/2079/3353 3107/2073/3347 3106/2075/3349
f 3107/2073/3347 3110/2079/3353 3111/2076/3350
f 3112/2080/3354 3108/2077/3351 3111/2076/3350
f 3113/2081/3355 3111/2076/3350 3110/2079/3353
f 3111/2076/3350 3114/2082/3356 3112/2080/3354
f 3114/2082/3356 3111/2076/3350 3113/2081/3355
f 3113/2081/3355 3115/2083/3357 3114/2082/3356
f 3117/2084/3358 3112/2080/3354 3114/2082/3356
f 3116/2085/3359 3114/2082/3356 3115/2083/3357
f 3114/2082/3356 3116/2085/3359 3117/2084/3358
f 3118/2086/3360 3117/2084/3358 3116/2085/3359
f 3112/2080/3354 3117/2084/3358 3118/2086/3360
f 3116/2085/3359 3122/2087/3361 3118/2086/3360
f 3118/2086/3360 3120/2088/3362 3119/2089/3363
f 3119/2089/3363 3121/2090/3364 3118/2086/3360
f 3120/2088/3362 3118/2086/3360 3122/2087/3361
f 3118/2086/3360 3121/2090/3364 3112/2080/3354
f 3123/2091/3365 3122/2087/3361 3116/2085/3359
f 3122/2087/3361 3124/2092/3366 3120/2088/3362
f 3123/2091/3365 3124/2092/3366 3122/2087/3361
f 3124/2092/3366 3123/2091/3365 3126/2093/3367
f 3125/2094/3368 3124/2092/3366 3127/2095/3369
f 3124/2092/3366 3125/2094/3368 3120/2088/3362
f 3126/2093/3367 3127/2095/3369 3124/2092/3366
f 3127/2095/3369 3130/2096/3370 3125/2094/3368
f 3127/2095/3369 3126/2093/3367 3128/2097/3371
f 3128/2097/3371 3129/2098/3372 3127/2095/3369
f 3130/2096/3370 3127/2095/3369 3129/2098/3372
f 3125/2094/3368 3130/2096/3370 3132/2099/3373
f 3129/2098/3372 3133/2100/3374 3130/2096/3370
f 3131/2101/3375 3132/2099/3373 3130/2096/3370
f 3130/2096/3370 3133/2100/3374 3131/2101/3375
f 3131/2101/3375 3133/2100/3374 3134/2102/3376
f 3134/2102/3376 3133/2100/3374 3129/2098/3372
f 3134/2102/3376 3135/2103/3377 3131/2101/3375
f 3136/2104/3378 3135/2103/3377 3134/2102/3376
f 3129/2098/3372 3136/2104/3378 3134/2102/3376
f 3139/2105/3379 3135/2103/3377 3136/2104/3378
f 3136/2104/3378 3129/2098/3372 3128/2097/3371
f 3128/2097/3371 3137/2106/3380 3136/2104/3378
f 3137/2106/3380 3138/2107/3381 3136/2104/3378
f 3136/2104/3378 3138/2107/3381 3139/2105/3379
f 3143/2108/3382 3140/2109/3383 3139/2105/3379
f 3139/2105/3379 3140/2109/3383 3141/2110/3384
f 3141/2110/3384 3142/2111/3385 3139/2105/3379
f 3135/2103/3377 3139/2105/3379 3142/2111/3385
f 3139/2105/3379 3138/2107/3381 3143/2108/3382
f 3140/2109/3383 3143/2108/3382 3145/2112/3386
f 3143/2108/3382 3146/2113/3387 3144/2114/3388
f 3144/2114/3388 3145/2112/3386 3143/2108/3382
f 3146/2113/3387 3143/2108/3382 3138/2107/3381
f 3138/2107/3381 3137/2106/3380 3146/2113/3387
f 3145/2112/3386 3149/2115/3389 3140/2109/3383
f 3145/2112/3386 3144/2114/3388 3147/2116/3390
f 3147/2116/3390 3148/2117/3391 3145/2112/3386
f 3149/2115/3389 3145/2112/3386 3148/2117/3391
f 3148/2117/3391 3151/2118/3392 3149/2115/3389
f 3140/2109/3383 3149/2115/3389 3152/2119/3393
f 3150/2120/3394 3152/2119/3393 3149/2115/3389
f 3149/2115/3389 3151/2118/3392 3150/2120/3394
f 3152/2119/3393 3141/2110/3384 3140/2109/3383
f 3154/2121/3395 3141/2110/3384 3152/2119/3393
f 3153/2122/3396 3152/2119/3393 3150/2120/3394
f 3152/2119/3393 3153/2122/3396 3154/2121/3395
f 3141/2110/3384 3154/2121/3395 3156/2123/3397
f 3154/2121/3395 3153/2122/3396 3157/2124/3398
f 3156/2123/3397 3154/2121/3395 3155/2125/3399
f 3157/2124/3398 3155/2125/3399 3154/2121/3395
f 3158/2126/3400 3155/2125/3399 3157/2124/3398
f 3157/2124/3398 3159/2127/3401 3158/2126/3400
f 3160/2128/3402 3159/2127/3401 3157/2124/3398
f 3157/2124/3398 3161/2129/3403 3160/2128/3402
f 3161/2129/3403 3157/2124/3398 3153/2122/3396
f 3161/2129/3403 3163/2130/3404 3162/2131/3405
f 3162/2131/3405 3164/2132/3406 3161/2129/3403
f 3153/2122/3396 3163/2130/3404 3161/2129/3403
f 3160/2128/3402 3161/2129/3403 3164/2132/3406
f 3164/2132/3406 3165/2133/3407 3160/2128/3402
f 3166/2134/3408 3165/2133/3407 3164/2132/3406
f 3164/2132/3406 3167/2135/3409 3166/2134/3408
f 3167/2135/3409 3164/2132/3406 3162/2131/3405
f 3166/2134/3408 3167/2135/3409 3171/2136/3410
f 3168/2137/3411 3171/2136/3410 3167/2135/3409
f 3167/2135/3409 3169/2138/3412 3168/2137/3411
f 3169/2138/3412 3167/2135/3409 3170/2139/3413
f 3162/2131/3405 3170/2139/3413 3167/2135/3409
f 3174/2140/3414 3166/2134/3408 3171/2136/3410
f 3171/2136/3410 3168/2137/3411 3172/2141/3415
f 3172/2141/3415 3173/2142/3416 3171/2136/3410
f 3171/2136/3410 3173/2142/3416 3174/2140/3414
f 3166/2134/3408 3174/2140/3414 3175/2143/3417
f 3176/2144/3418 3175/2143/3417 3174/2140/3414
f 3176/2144/3418 3174/2140/3414 3173/2142/3416
f 3175/2143/3417 3176/2144/3418 3177/2145/3419
f 3178/2146/3420 3179/2147/3421 3176/2144/3418
f 3176/2144/3418 3180/2148/3422 3178/2146/3420
f 3176/2144/3418 3172/2141/3415 3180/2148/3422
f 3176/2144/3418 3173/2142/3416 3172/2141/3415
f 3181/2149/3423 3178/2146/3420 3180/2148/3422
f 3180/2148/3422 3182/2150/3424 3181/2149/3423
f 3180/2148/3422 3172/2141/3415 3168/2137/3411
f 3168/2137/3411 3182/2150/3424 3180/2148/3422
f 3181/2149/3423 3182/2150/3424 3183/2151/3425
f 3183/2151/3425 3182/2150/3424 3168/2137/3411
f 3183/2151/3425 3186/2152/3426 3181/2149/3423
f 3168/2137/3411 3169/2138/3412 3183/2151/3425
f 3183/2151/3425 3169/2138/3412 3184/2153/3427
f 3184/2153/3427 3185/2154/3428 3183/2151/3425
f 3186/2152/3426 3183/2151/3425 3185/2154/3428
f 3189/2155/3429 3181/2149/3423 3186/2152/3426
f 3187/2156/3430 3186/2152/3426 3188/2157/3431
f 3186/2152/3426 3187/2156/3430 3189/2155/3429
f 3185/2154/3428 3188/2157/3431 3186/2152/3426
f 3189/2155/3429 3187/2156/3430 3190/2158/3432
f 3190/2158/3432 3191/2159/3433 3189/2155/3429
f 3189/2155/3429 3191/2159/3433 3192/2160/3434
f 3192/2160/3434 3193/2161/3435 3189/2155/3429
f 3189/2155/3429 3193/2161/3435 3178/2146/3420
f 3178/2146/3420 3181/2149/3423 3189/2155/3429
f 3193/2161/3435 3192/2160/3434 3194/2162/3436
f 3194/2162/3436 3195/2163/3437 3193/2161/3435
f 3179/2147/3421 3178/2146/3420 3193/2161/3435
f 3193/2161/3435 3195/2163/3437 3179/2147/3421
f 3196/2164/3438 3194/2162/3436 3192/2160/3434
f 3192/2160/3434 3197/2165/3439 3196/2164/3438
f 3196/2164/3438 3197/2165/3439 3198/2166/3440
f 3198/2166/3440 3199/2167/3441 3196/2164/3438
f 3201/2168/3442 3200/2169/3443 3199/2167/3441
f 3199/2167/3441 3198/2166/3440 3201/2168/3442
f 3202/2170/3444 3201/2168/3442 3198/2166/3440
f 3201/2171/3442 3202/2172/3444 3203/2173/3445
f 3203/2173/3445 3204/2174/3446 3201/2171/3442
f 3200/2175/3443 3201/2171/3442 3204/2174/3446
f 3204/2174/3446 3205/2176/3447 3200/2175/3443
f 3205/2176/3447 3204/2174/3446 3206/2177/3448
f 3207/2178/3449 3206/2177/3448 3204/2174/3446
f 3204/2174/3446 3203/2173/3445 3207/2178/3449
f 3207/2178/3449 3203/2173/3445 3202/2172/3444
f 3202/2172/3444 3208/2179/3450 3207/2178/3449
f 3206/2177/3448 3207/2178/3449 3208/2179/3450
f 3211/2180/3451 3209/2181/3452 3208/2179/3450
f 3210/2182/3453 3208/2179/3450 3209/2181/3452
f 3208/2179/3450 3202/2172/3444 3211/2180/3451
f 3208/2179/3450 3210/2182/3453 3206/2177/3448
f 3209/2181/3452 3211/2180/3451 3212/2183/3454
f 3212/2183/3454 3211/2180/3451 3213/2184/3455
f 3214/2185/3456 3213/2184/3455 3211/2180/3451
f 3211/2180/3451 3202/2172/3444 3214/2185/3456
f 3215/2186/3457 3214/2187/3456 3202/2170/3444
f 3214/2187/3456 3215/2186/3457 3216/2188/3458
f 3216/2188/3458 3217/2189/3459 3214/2187/3456
f 3213/2184/3455 3214/2185/3456 3217/2190/3459
f 3217/2190/3459 3218/2191/3460 3213/2184/3455
f 3218/2191/3460 3217/2190/3459 3220/2192/3461
f 3217/2189/3459 3216/2188/3458 3219/2193/3462
f 3219/2193/3462 3220/2194/3461 3217/2189/3459
f 3220/2192/3461 3221/2195/3463 3218/2191/3460
f 3220/2194/3461 3219/2193/3462 3222/2196/3464
f 3221/2195/3463 3220/2192/3461 3223/2197/3465
f 3222/2196/3464 3224/2198/3466 3220/2194/3461
f 3223/2197/3465 3220/2192/3461 3224/2199/3466
f 3224/2198/3466 3222/2196/3464 3225/2200/3467
f 3225/2200/3467 3226/2201/3468 3224/2198/3466
f 3226/2202/3468 3227/2203/3469 3224/2199/3466
f 3224/2199/3466 3227/2203/3469 3223/2197/3465
f 3226/2202/3468 3228/2204/3470 3227/2203/3469
f 3223/2197/3465 3227/2203/3469 3228/2204/3470
f 3226/2202/3468 3229/2205/3471 3228/2204/3470
f 3230/2206/3472 3228/2204/3470 3229/2205/3471
f 3228/2204/3470 3230/2206/3472 3223/2197/3465
f 3221/2195/3463 3230/2206/3472 3231/2207/3473
f 3223/2197/3465 3230/2206/3472 3221/2195/3463
f 3229/2205/3471 3231/2207/3473 3230/2206/3472
f 3231/2207/3473 3229/2205/3471 3232/2208/3474
f 3232/2208/3474 3233/2209/3475 3231/2207/3473
f 3231/2207/3473 3233/2209/3475 3221/2195/3463
f 3234/2210/3476 3221/2195/3463 3233/2209/3475
f 3233/2209/3475 3236/2211/3477 3234/2210/3476
f 3235/2212/3478 3236/2211/3477 3233/2209/3475
f 3233/2209/3475 3232/2208/3474 3235/2212/3478
f 3234/2210/3476 3236/2211/3477 3237/2213/3479
f 3237/2213/3479 3236/2211/3477 3235/2212/3478
f 3235/2212/3478 3238/2214/3480 3237/2213/3479
f 3239/2215/3481 3237/2213/3479 3238/2214/3480
f 3240/2216/3482 3237/2213/3479 3239/2215/3481
f 3237/2213/3479 3240/2216/3482 3234/2210/3476
f 3239/2215/3481 3241/2217/3483 3240/2216/3482
f 3240/2216/3482 3241/2217/3483 3242/2218/3484
f 3242/2218/3484 3243/2219/3485 3240/2216/3482
f 3234/2210/3476 3240/2216/3482 3243/2219/3485
f 3243/2219/3485 3244/2220/3486 3234/2210/3476
f 3245/2221/3487 3244/2220/3486 3243/2219/3485
f 3245/2221/3487 3243/2219/3485 3246/2222/3488
f 3246/2222/3488 3243/2219/3485 3242/2218/3484
f 3246/2222/3488 3212/2183/3454 3245/2221/3487
f 3212/2183/3454 3246/2222/3488 3247/2223/3489
f 3248/2224/3490 3247/2223/3489 3246/2222/3488
f 3246/2222/3488 3249/2225/3491 3248/2224/3490
f 3242/2218/3484 3249/2225/3491 3246/2222/3488
f 3252/2226/3492 3248/2224/3490 3249/2225/3491
f 3249/2225/3491 3242/2218/3484 3250/2227/3493
f 3250/2227/3493 3251/2228/3494 3249/2225/3491
f 3249/2225/3491 3251/2228/3494 3252/2226/3492
f 3248/2224/3490 3252/2226/3492 3254/2229/3495
f 3252/2226/3492 3251/2228/3494 3256/2230/3496
f 3252/2226/3492 3253/2231/3497 3255/2232/3498
f 3256/2230/3496 3253/2231/3497 3252/2226/3492
f 3255/2232/3498 3254/2229/3495 3252/2226/3492
f 3253/2231/3497 3256/2230/3496 3259/2233/3499
f 3256/2230/3496 3258/2234/3500 3257/2235/3501
f 3257/2235/3501 3259/2233/3499 3256/2230/3496
f 3250/2227/3493 3258/2234/3500 3256/2230/3496
f 3256/2230/3496 3251/2228/3494 3250/2227/3493
f 3259/2233/3499 3261/2236/3502 3253/2231/3497
f 3259/2233/3499 3257/2235/3501 3262/2237/3503
f 3262/2237/3503 3260/2238/3504 3259/2233/3499
f 3261/2236/3502 3259/2233/3499 3260/2238/3504
f 3263/2239/3505 3262/2237/3503 3257/2235/3501
f 3262/2237/3503 3263/2239/3505 3264/2240/3506
f 3264/2240/3506 3265/2241/3507 3262/2237/3503
f 3260/2238/3504 3262/2237/3503 3265/2241/3507
f 3269/2242/3508 3265/2241/3507 3264/2240/3506
f 3266/2243/3509 3268/2244/3510 3265/2241/3507
f 3265/2241/3507 3267/2245/3511 3266/2243/3509
f 3267/2245/3511 3265/2241/3507 3269/2242/3508
f 3265/2241/3507 3268/2244/3510 3260/2238/3504
f 3271/2246/3512 3270/2247/3513 3269/2242/3508
f 3275/2248/3514 3269/2242/3508 3270/2247/3513
f 3269/2242/3508 3272/2249/3515 3271/2246/3512
f 3273/2250/3516 3272/2249/3515 3269/2242/3508
f 3269/2242/3508 3274/2251/3517 3273/2250/3516
f 3264/2240/3506 3274/2251/3517 3269/2242/3508
f 3267/2245/3511 3269/2242/3508 3275/2248/3514
f 3275/2248/3514 3276/2252/3518 3267/2245/3511
f 3276/2252/3518 3275/2248/3514 3277/2253/3519
f 3279/2254/3520 3277/2253/3519 3275/2248/3514
f 3270/2247/3513 3278/2255/3521 3275/2248/3514
f 3275/2248/3514 3278/2255/3521 3279/2254/3520
f 3280/2256/3522 3282/2257/3523 3279/2254/3520
f 3279/2254/3520 3281/2258/3524 3280/2256/3522
f 3277/2253/3519 3279/2254/3520 3282/2257/3523
f 3281/2258/3524 3279/2254/3520 3278/2255/3521
f 3283/2259/3525 3285/2260/3526 3282/2257/3523
f 3282/2257/3523 3280/2256/3522 3283/2259/3525
f 3282/2257/3523 3284/2261/3527 3277/2253/3519
f 3284/2261/3527 3282/2257/3523 3285/2260/3526
f 3285/2260/3526 3286/2262/3528 3284/2261/3527
f 3287/2263/3529 3286/2262/3528 3285/2260/3526
f 3288/2264/3530 3287/2263/3529 3285/2260/3526
f 3285/2260/3526 3283/2259/3525 3288/2264/3530
f 3290/2265/3531 3289/2266/3532 3288/2264/3530
f 3289/2266/3532 3287/2263/3529 3288/2264/3530
f 3288/2264/3530 3291/2267/3533 3290/2265/3531
f 3291/2267/3533 3288/2264/3530 3283/2259/3525
f 3283/2259/3525 3280/2256/3522 3291/2267/3533
f 3291/2267/3533 3280/2256/3522 3281/2258/3524
f 3281/2258/3524 3292/2268/3534 3291/2267/3533
f 3290/2265/3531 3291/2267/3533 3292/2268/3534
f 3292/2268/3534 3281/2258/3524 3294/2269/3535
f 3292/2268/3534 3293/2270/3536 3290/2265/3531
f 3293/2270/3536 3292/2268/3534 3295/2271/3537
f 3294/2269/3535 3295/2271/3537 3292/2268/3534
f 3295/2271/3537 3296/2272/3538 3293/2270/3536
f 3295/2271/3537 3294/2269/3535 3297/2273/3539
f 3296/2272/3538 3295/2271/3537 3298/2274/3540
f 3297/2273/3539 3298/2274/3540 3295/2271/3537
f 3296/2272/3538 3298/2274/3540 3271/2246/3512
f 3298/2274/3540 3297/2273/3539 3270/2247/3513
f 3270/2247/3513 3271/2246/3512 3298/2274/3540
f 3278/2255/3521 3270/2247/3513 3297/2273/3539
f 3297/2273/3539 3294/2269/3535 3278/2255/3521
f 3296/2272/3538 3271/2246/3512 3272/2249/3515
f 3296/2272/3538 3272/2249/3515 3273/2250/3516
f 3296/2272/3538 3273/2250/3516 3300/2275/3541
f 3299/2276/3542 3296/2272/3538 3300/2275/3541
f 3300/2275/3541 3273/2250/3516 3274/2251/3517
f 3274/2251/3517 3302/2277/3543 3300/2275/3541
f 3301/2278/3544 3300/2275/3541 3302/2277/3543
f 3300/2275/3541 3301/2278/3544 3299/2276/3542
f 3302/2277/3543 3274/2251/3517 3264/2240/3506
f 3302/2277/3543 3303/2279/3545 3301/2278/3544
f 3264/2240/3506 3303/2279/3545 3302/2277/3543
f 3304/2280/3546 3303/2279/3545 3264/2240/3506
f 3301/2278/3544 3303/2279/3545 3304/2280/3546
f 3304/2280/3546 3305/2281/3547 3307/2282/3548
f 3305/2281/3547 3304/2280/3546 3263/2239/3505
f 3264/2240/3506 3263/2239/3505 3304/2280/3546
f 3304/2280/3546 3306/2283/3549 3301/2278/3544
f 3307/2282/3548 3306/2283/3549 3304/2280/3546
f 3308/2284/3550 3306/2283/3549 3307/2282/3548
f 3307/2282/3548 3309/2285/3551 3308/2284/3550
f 3307/2282/3548 3305/2281/3547 3311/2286/3552
f 3309/2285/3551 3307/2282/3548 3310/2287/3553
f 3311/2286/3552 3310/2287/3553 3307/2282/3548
f 3310/2287/3553 3311/2286/3552 3312/2288/3554
f 3312/2288/3554 3311/2286/3552 3313/2289/3555
f 3314/2290/3556 3313/2289/3555 3311/2286/3552
f 3311/2286/3552 3305/2281/3547 3314/2290/3556
f 3313/2289/3555 3314/2290/3556 3257/2235/3501
f 3263/2239/3505 3314/2290/3556 3305/2281/3547
f 3257/2235/3501 3314/2290/3556 3263/2239/3505
f 3313/2289/3555 3315/2291/3557 3312/2288/3554
f 3250/2227/3493 3315/2291/3557 3313/2289/3555
f 3313/2289/3555 3258/2234/3500 3250/2227/3493
f 3257/2235/3501 3258/2234/3500 3313/2289/3555
f 3242/2218/3484 3241/2217/3483 3315/2291/3557
f 3316/2292/3558 3315/2291/3557 3241/2217/3483
f 3315/2291/3557 3316/2292/3558 3317/2293/3559
f 3315/2291/3557 3250/2227/3493 3242/2218/3484
f 3317/2293/3559 3319/2294/3560 3315/2291/3557
f 3318/2295/3561 3312/2288/3554 3315/2291/3557
f 3315/2291/3557 3319/2294/3560 3318/2295/3561
f 3320/2296/3562 3318/2295/3561 3319/2294/3560
f 3320/2296/3562 3319/2294/3560 3317/2293/3559
f 3318/2295/3561 3320/2296/3562 3321/2297/3563
f 3322/2298/3564 3320/2296/3562 3317/2293/3559
f 3323/2299/3565 3322/2298/3564 3324/2300/3566
f 3317/2293/3559 3324/2300/3566 3322/2298/3564
f 3324/2300/3566 3317/2293/3559 3316/2292/3558
f 3316/2292/3558 3239/2215/3481 3324/2300/3566
f 3324/2300/3566 3238/2214/3480 3323/2299/3565
f 3238/2214/3480 3324/2300/3566 3239/2215/3481
f 3235/2212/3478 3325/2301/3567 3323/2299/3565
f 3323/2299/3565 3238/2214/3480 3235/2212/3478
f 3325/2301/3567 3235/2212/3478 3232/2208/3474
f 3232/2208/3474 3226/2202/3468 3325/2301/3567
f 3310/2287/3553 3321/2297/3563 3309/2285/3551
f 3321/2297/3563 3310/2287/3553 3318/2295/3561
f 3312/2288/3554 3318/2295/3561 3310/2287/3553
f 3241/2217/3483 3239/2215/3481 3316/2292/3558
f 3306/2283/3549 3308/2284/3550 3299/2276/3542
f 3299/2276/3542 3301/2278/3544 3306/2283/3549
f 3278/2255/3521 3294/2269/3535 3281/2258/3524
f 3327/2302/3568 3289/2266/3532 3326/2303/3569
f 3289/2266/3532 3327/2302/3568 3287/2263/3529
f 3326/2303/3569 3328/2304/3570 3327/2302/3568
f 3329/2305/3571 3327/2302/3568 3328/2304/3570
f 3286/2262/3528 3287/2263/3529 3327/2302/3568
f 3327/2302/3568 3329/2305/3571 3286/2262/3528
f 3330/2306/3572 3286/2262/3528 3329/2305/3571
f 3329/2305/3571 3331/2307/3573 3330/2306/3572
f 3331/2307/3573 3329/2305/3571 3332/2308/3574
f 3328/2304/3570 3332/2308/3574 3329/2305/3571
f 3332/2308/3574 3333/2309/3575 3331/2307/3573
f 3334/2310/3576 3333/2309/3575 3332/2308/3574
f 3332/2308/3574 3328/2304/3570 3334/2310/3576
f 3335/2311/3577 3333/2309/3575 3334/2310/3576
f 3334/2310/3576 3336/2312/3578 3335/2311/3577
f 3336/2312/3578 3334/2310/3576 3337/2313/3579
f 3337/2313/3579 3334/2310/3576 3328/2304/3570
f 3337/2313/3579 3338/2314/3580 3336/2312/3578
f 3328/2304/3570 3326/2303/3569 3337/2313/3579
f 3339/2315/3581 3336/2312/3578 3338/2314/3580
f 3338/2314/3580 3340/2316/3582 3339/2315/3581
f 3340/2316/3582 3341/2317/3583 3342/2318/3584
f 3342/2318/3584 3339/2315/3581 3340/2316/3582
f 3341/2317/3583 3344/2319/3585 3342/2318/3584
f 3339/2315/3581 3342/2318/3584 3343/2320/3586
f 3345/2321/3587 3343/2320/3586 3342/2318/3584
f 3342/2318/3584 3344/2319/3585 3345/2321/3587
f 3341/2317/3583 3347/2322/3588 3345/2321/3587
f 3345/2321/3587 3344/2319/3585 3341/2317/3583
f 3348/2323/3589 3346/2324/3590 3345/2321/3587
f 3343/2320/3586 3345/2321/3587 3346/2324/3590
f 3345/2321/3587 3347/2322/3588 3348/2323/3589
f 3349/2325/3591 3348/2323/3589 3350/2326/3592
f 3346/2324/3590 3348/2323/3589 3349/2325/3591
f 3352/2327/3593 3350/2326/3592 3348/2323/3589
f 3351/2328/3594 3348/2323/3589 3347/2322/3588
f 3348/2323/3589 3351/2328/3594 3352/2327/3593
f 3354/2329/3595 3350/2326/3592 3352/2327/3593
f 3355/2330/3596 3352/2327/3593 3351/2328/3594
f 3352/2327/3593 3355/2330/3596 3353/2331/3597
f 3353/2331/3597 3354/2329/3595 3352/2327/3593
f 3355/2330/3596 3356/2332/3598 3357/2333/3599
f 3351/2328/3594 3356/2332/3598 3355/2330/3596
f 3357/2333/3599 3358/2334/3600 3355/2330/3596
f 3353/2331/3597 3355/2330/3596 3358/2334/3600
f 3358/2334/3600 3357/2333/3599 3359/2335/3601
f 3359/2335/3601 3360/2336/3602 3358/2334/3600
f 3361/2337/3603 3358/2334/3600 3360/2336/3602
f 3358/2334/3600 3361/2337/3603 3353/2331/3597
f 3360/2336/3602 3362/2338/3604 3361/2337/3603
f 3361/2337/3603 3362/2338/3604 3363/2339/3605
f 3363/2339/3605 3364/2340/3606 3361/2337/3603
f 3361/2337/3603 3364/2340/3606 3365/2341/3607
f 3365/2341/3607 3353/2331/3597 3361/2337/3603
f 3354/2329/3595 3353/2331/3597 3365/2341/3607
f 3368/2342/3608 3366/2343/3609 3365/2341/3607
f 3366/2343/3609 3367/2344/3610 3365/2341/3607
f 3365/2341/3607 3367/2344/3610 3354/2329/3595
f 3365/2341/3607 3364/2340/3606 3368/2342/3608
f 3369/2345/3611 3368/2342/3608 3364/2340/3606
f 3368/2342/3608 3369/2345/3611 3370/2346/3612
f 3370/2346/3612 3371/2347/3613 3368/2342/3608
f 3366/2343/3609 3368/2342/3608 3371/2347/3613
f 3371/2347/3613 3372/2348/3614 3366/2343/3609
f 3372/2348/3614 3376/2349/3615 3366/2343/3609
f 3372/2348/3614 3373/2350/3616 3374/2351/3617
f 3374/2351/3617 3375/2352/3618 3372/2348/3614
f 3376/2349/3615 3372/2348/3614 3375/2352/3618
f 3376/2349/3615 3379/2353/3619 3366/2343/3609
f 3375/2352/3618 3377/2354/3620 3376/2349/3615
f 3376/2349/3615 3377/2354/3620 3378/2355/3621
f 3376/2349/3615 3378/2355/3621 3379/2353/3619
f 3379/2353/3619 3378/2355/3621 3380/2356/3622
f 3380/2356/3622 3381/2357/3623 3379/2353/3619
f 3366/2343/3609 3379/2353/3619 3381/2357/3623
f 3381/2357/3623 3367/2344/3610 3366/2343/3609
f 3382/2358/3624 3367/2344/3610 3381/2357/3623
f 3381/2357/3623 3380/2356/3622 3382/2358/3624
f 3383/2359/3625 3367/2344/3610 3382/2358/3624
f 3382/2358/3624 3384/2360/3626 3383/2359/3625
f 3384/2360/3626 3382/2358/3624 3377/2354/3620
f 3378/2355/3621 3377/2354/3620 3382/2358/3624
f 3382/2358/3624 3380/2356/3622 3378/2355/3621
f 3383/2359/3625 3384/2360/3626 3385/2361/3627
f 3385/2361/3627 3384/2360/3626 3375/2352/3618
f 3377/2354/3620 3375/2352/3618 3384/2360/3626
f 3385/2361/3627 3386/2362/3628 3383/2359/3625
f 3388/2363/3629 3386/2362/3628 3385/2361/3627
f 3375/2352/3618 3374/2351/3617 3385/2361/3627
f 3385/2361/3627 3374/2351/3617 3387/2364/3630
f 3387/2364/3630 3389/2365/3631 3385/2361/3627
f 3385/2361/3627 3389/2365/3631 3388/2363/3629
f 3390/2366/3632 3391/2367/3633 3389/2365/3631
f 3389/2365/3631 3387/2364/3630 3390/2366/3632
f 3389/2365/3631 3391/2367/3633 3388/2363/3629
f 3391/2367/3633 3392/2368/3634 3388/2363/3629
f 3393/2369/3635 3392/2368/3634 3391/2367/3633
f 3391/2367/3633 3390/2366/3632 3393/2369/3635
f 3394/2370/3636 3393/2369/3635 3390/2366/3632
f 3394/2370/3636 3395/2371/3637 3393/2369/3635
f 3392/2368/3634 3393/2369/3635 3395/2371/3637
f 3394/2370/3636 3396/2372/3638 3395/2371/3637
f 3395/2371/3637 3396/2372/3638 3397/2373/3639
f 3397/2373/3639 3398/2374/3640 3395/2371/3637
f 3395/2371/3637 3398/2374/3640 3392/2368/3634
f 3398/2374/3640 3397/2373/3639 3399/2375/3641
f 3399/2375/3641 3401/2376/3642 3398/2374/3640
f 3392/2368/3634 3398/2374/3640 3388/2363/3629
f 3402/2377/3643 3388/2363/3629 3398/2374/3640
f 3398/2374/3640 3400/2378/3644 3402/2377/3643
f 3400/2378/3644 3398/2374/3640 3401/2376/3642
f 3402/2377/3643 3400/2378/3644 3286/2262/3528
f 3286/2262/3528 3330/2306/3572 3402/2377/3643
f 3403/2379/3645 3402/2377/3643 3330/2306/3572
f 3388/2363/3629 3402/2377/3643 3403/2379/3645
f 3403/2379/3645 3350/2326/3592 3383/2359/3625
f 3350/2326/3592 3403/2379/3645 3349/2325/3591
f 3383/2359/3625 3386/2362/3628 3403/2379/3645
f 3403/2379/3645 3386/2362/3628 3388/2363/3629
f 3330/2306/3572 3349/2325/3591 3403/2379/3645
f 3404/2380/3646 3401/2376/3642 3406/2381/3647
f 3401/2376/3642 3404/2380/3646 3400/2378/3644
f 3405/2382/3648 3406/2381/3647 3401/2376/3642
f 3401/2376/3642 3399/2375/3641 3405/2382/3648
f 3406/2381/3647 3407/2383/3649 3404/2380/3646
f 3407/2383/3649 3406/2381/3647 3408/2384/3650
f 3409/2385/3651 3408/2384/3650 3406/2381/3647
f 3406/2381/3647 3405/2382/3648 3409/2385/3651
f 3408/2384/3650 3409/2385/3651 3411/2386/3652
f 3410/2387/3653 3409/2385/3651 3405/2382/3648
f 3411/2386/3652 3409/2385/3651 3410/2387/3653
f 3411/2386/3652 3266/2243/3509 3408/2384/3650
f 3410/2387/3653 3414/2388/3654 3411/2386/3652
f 3412/2389/3655 3266/2243/3509 3411/2386/3652
f 3411/2386/3652 3413/2390/3656 3412/2389/3655
f 3413/2390/3656 3411/2386/3652 3414/2388/3654
f 3414/2388/3654 3415/2391/3657 3413/2390/3656
f 3416/2392/3658 3415/2391/3657 3414/2388/3654
f 3414/2388/3654 3410/2387/3653 3416/2392/3658
f 3419/2393/3659 3415/2391/3657 3416/2392/3658
f 3417/2394/3660 3416/2392/3658 3410/2387/3653
f 3416/2392/3658 3417/2394/3660 3418/2395/3661
f 3418/2395/3661 3419/2393/3659 3416/2392/3658
f 3419/2393/3659 3413/2390/3656 3415/2391/3657
f 3419/2393/3659 3412/2389/3655 3413/2390/3656
f 3422/2396/3662 3420/2397/3663 3419/2393/3659
f 3419/2393/3659 3420/2397/3663 3412/2389/3655
f 3419/2393/3659 3421/2398/3664 3422/2396/3662
f 3421/2398/3664 3423/2399/3665 3422/2396/3662
f 3422/2396/3662 3423/2399/3665 3424/2400/3666
f 3424/2400/3666 3425/2401/3667 3422/2396/3662
f 3420/2397/3663 3422/2396/3662 3425/2401/3667
f 3268/2244/3510 3425/2401/3667 3424/2400/3666
f 3426/2402/3668 3425/2401/3667 3268/2244/3510
f 3425/2401/3667 3426/2402/3668 3420/2397/3663
f 3268/2244/3510 3266/2243/3509 3426/2402/3668
f 3426/2402/3668 3266/2243/3509 3412/2389/3655
f 3412/2389/3655 3420/2397/3663 3426/2402/3668
f 3427/2403/3669 3261/2236/3502 3424/2400/3666
f 3260/2238/3504 3424/2400/3666 3261/2236/3502
f 3424/2400/3666 3423/2399/3665 3427/2403/3669
f 3424/2400/3666 3260/2238/3504 3268/2244/3510
f 3261/2236/3502 3427/2403/3669 3429/2404/3670
f 3421/2398/3664 3428/2405/3671 3427/2403/3669
f 3427/2403/3669 3423/2399/3665 3421/2398/3664
f 3429/2404/3670 3427/2403/3669 3428/2405/3671
f 3429/2404/3670 3253/2231/3497 3261/2236/3502
f 3430/2406/3672 3255/2232/3498 3429/2404/3670
f 3428/2405/3671 3430/2406/3672 3429/2404/3670
f 3255/2232/3498 3253/2231/3497 3429/2404/3670
f 3430/2406/3672 3431/2407/3673 3254/2229/3495
f 3254/2229/3495 3255/2232/3498 3430/2406/3672
f 3433/2408/3674 3254/2229/3495 3431/2407/3673
f 3431/2407/3673 3432/2409/3675 3433/2408/3674
f 3254/2229/3495 3433/2408/3674 3248/2224/3490
f 3433/2408/3674 3432/2409/3675 3435/2410/3676
f 3248/2224/3490 3433/2408/3674 3434/2411/3677
f 3435/2410/3676 3434/2411/3677 3433/2408/3674
f 3434/2411/3677 3435/2410/3676 3436/2412/3678
f 3436/2412/3678 3438/2413/3679 3434/2411/3677
f 3438/2413/3679 3436/2412/3678 3437/2414/3680
f 3437/2414/3680 3439/2415/3681 3438/2413/3679
f 3440/2416/3682 3438/2413/3679 3439/2415/3681
f 3438/2413/3679 3440/2416/3682 3247/2223/3489
f 3247/2223/3489 3434/2411/3677 3438/2413/3679
f 3212/2183/3454 3440/2416/3682 3209/2181/3452
f 3247/2223/3489 3440/2416/3682 3212/2183/3454
f 3439/2415/3681 3209/2181/3452 3440/2416/3682
f 3439/2415/3681 3437/2414/3680 3205/2176/3447
f 3209/2181/3452 3439/2415/3681 3210/2182/3453
f 3205/2176/3447 3210/2182/3453 3439/2415/3681
f 3434/2411/3677 3247/2223/3489 3248/2224/3490
f 3418/2395/3661 3417/2394/3660 3442/2417/3683
f 3442/2417/3683 3441/2418/3684 3418/2395/3661
f 3394/2370/3636 3441/2418/3684 3442/2417/3683
f 3442/2417/3683 3443/2419/3685 3394/2370/3636
f 3443/2419/3685 3442/2417/3683 3444/2420/3686
f 3445/2421/3687 3444/2420/3686 3442/2417/3683
f 3442/2417/3683 3417/2394/3660 3445/2421/3687
f 3444/2420/3686 3445/2421/3687 3405/2382/3648
f 3405/2382/3648 3445/2421/3687 3410/2387/3653
f 3410/2387/3653 3445/2421/3687 3417/2394/3660
f 3444/2420/3686 3446/2422/3688 3443/2419/3685
f 3397/2373/3639 3446/2422/3688 3444/2420/3686
f 3444/2420/3686 3399/2375/3641 3397/2373/3639
f 3405/2382/3648 3399/2375/3641 3444/2420/3686
f 3396/2372/3638 3443/2419/3685 3446/2422/3688
f 3446/2422/3688 3397/2373/3639 3396/2372/3638
f 3394/2370/3636 3443/2419/3685 3396/2372/3638
f 3408/2384/3650 3276/2252/3518 3407/2383/3649
f 3276/2252/3518 3408/2384/3650 3266/2243/3509
f 3277/2253/3519 3407/2383/3649 3276/2252/3518
f 3407/2383/3649 3277/2253/3519 3284/2261/3527
f 3284/2261/3527 3404/2380/3646 3407/2383/3649
f 3404/2380/3646 3284/2261/3527 3286/2262/3528
f 3286/2262/3528 3400/2378/3644 3404/2380/3646
f 3387/2364/3630 3447/2423/3689 3394/2370/3636
f 3394/2370/3636 3390/2366/3632 3387/2364/3630
f 3374/2351/3617 3373/2350/3616 3447/2423/3689
f 3447/2423/3689 3387/2364/3630 3374/2351/3617
f 3354/2329/3595 3367/2344/3610 3383/2359/3625
f 3383/2359/3625 3350/2326/3592 3354/2329/3595
f 3448/2424/3690 3370/2425/3612 3369/2426/3611
f 3449/2427/3691 3448/2424/3690 3450/2428/3692
f 3369/2426/3611 3450/2428/3692 3448/2424/3690
f 3363/2429/3605 3452/2430/3693 3450/2428/3692
f 3450/2428/3692 3369/2426/3611 3363/2429/3605
f 3450/2428/3692 3451/2431/3694 3449/2427/3691
f 3451/2431/3694 3450/2428/3692 3452/2430/3693
f 3454/2432/3695 3452/2430/3693 3453/2433/3696
f 3453/2433/3696 3452/2430/3693 3363/2429/3605
f 3452/2430/3693 3454/2432/3695 3451/2431/3694
f 3455/2434/3697 3451/2431/3694 3454/2432/3695
f 3454/2432/3695 3456/2435/3698 3455/2434/3697
f 3456/2435/3698 3454/2432/3695 3457/2436/3699
f 3453/2433/3696 3457/2436/3699 3454/2432/3695
f 3458/2437/3700 3459/2438/3701 3457/2436/3699
f 3457/2436/3699 3453/2433/3696 3458/2437/3700
f 3460/2439/3702 3457/2436/3699 3459/2438/3701
f 3457/2436/3699 3460/2439/3702 3456/2435/3698
f 3463/2440/3703 3460/2439/3702 3461/2441/3704
f 3459/2438/3701 3461/2441/3704 3460/2439/3702
f 3462/2442/3705 3456/2435/3698 3460/2439/3702
f 3460/2439/3702 3463/2440/3703 3462/2442/3705
f 3464/2443/3706 3462/2442/3705 3463/2440/3703
f 3463/2440/3703 3465/2444/3707 3464/2443/3706
f 3465/2444/3707 3463/2440/3703 3466/2445/3708
f 3461/2441/3704 3466/2445/3708 3463/2440/3703
f 3466/2445/3708 3467/2446/3709 3465/2444/3707
f 3469/2447/3710 3467/2446/3709 3466/2445/3708
f 3468/2448/3711 3466/2445/3708 3461/2441/3704
f 3466/2445/3708 3468/2448/3711 3469/2447/3710
f 3470/2449/3712 3467/2446/3709 3469/2447/3710
f 3469/2447/3710 3081/2049/3321 3470/2449/3712
f 3469/2447/3710 3468/2448/3711 3471/2450/3713
f 3471/2450/3713 3082/2051/3323 3469/2447/3710
f 3081/2049/3321 3469/2447/3710 3082/2051/3323
f 3472/2451/3714 3471/2450/3713 3468/2448/3711
f 3473/2452/3715 3471/2450/3713 3472/2451/3714
f 3082/2051/3323 3471/2450/3713 3473/2452/3715
f 3474/2453/3716 3473/2452/3715 3472/2451/3714
f 3473/2452/3715 3086/2055/3717 3082/2051/3323
f 3472/2451/3714 3475/2454/3718 3474/2453/3716
f 3476/2455/3719 3474/2453/3716 3475/2454/3718
f 3475/2454/3718 3477/2456/3720 3476/2455/3719
f 3476/2455/3719 3477/2456/3720 3478/2457/3721
f 3478/2457/3721 3479/2458/3722 3476/2455/3719
f 3480/2459/3723 3479/2460/3722 3478/2461/3721
f 3478/2461/3721 3482/2462/3724 3480/2459/3723
f 3481/2463/3725 3341/2317/3583 3480/2459/3723
f 3480/2459/3723 3482/2462/3724 3481/2463/3725
f 3356/2332/3598 3481/2463/3725 3482/2462/3724
f 3482/2462/3724 3357/2333/3599 3356/2332/3598
f 3357/2333/3599 3482/2462/3724 3478/2461/3721
f 3341/2317/3583 3481/2463/3725 3347/2322/3588
f 3347/2322/3588 3481/2463/3725 3356/2332/3598
f 3478/2457/3721 3477/2456/3720 3483/2464/3726
f 3478/2461/3721 3359/2335/3601 3357/2333/3599
f 3483/2464/3726 3359/2465/3601 3478/2457/3721
f 3360/2466/3602 3359/2465/3601 3483/2464/3726
f 3483/2464/3726 3458/2437/3700 3360/2466/3602
f 3484/2467/3727 3483/2464/3726 3477/2456/3720
f 3458/2437/3700 3483/2464/3726 3484/2467/3727
f 3484/2467/3727 3459/2438/3701 3458/2437/3700
f 3459/2438/3701 3484/2467/3727 3485/2468/3728
f 3485/2468/3728 3484/2467/3727 3475/2454/3718
f 3477/2456/3720 3475/2454/3718 3484/2467/3727
f 3475/2454/3718 3472/2451/3714 3485/2468/3728
f 3485/2468/3728 3461/2441/3704 3459/2438/3701
f 3461/2441/3704 3485/2468/3728 3468/2448/3711
f 3468/2448/3711 3485/2468/3728 3472/2451/3714
f 3465/2444/3707 3467/2446/3709 3470/2449/3712
f 3487/2469/3729 3470/2449/3712 3486/2470/3730
f 3488/2471/3731 3486/2470/3730 3470/2449/3712
f 3465/2444/3707 3470/2449/3712 3487/2469/3729
f 3470/2449/3712 3081/2049/3321 3488/2471/3731
f 3488/2471/3731 3081/2049/3321 3084/2048/3320
f 3084/2048/3320 3089/2057/3331 3488/2471/3731
f 3488/2471/3731 3089/2057/3331 3093/2062/3336
f 3093/2062/3336 3489/2472/3732 3488/2471/3731
f 3488/2471/3731 3489/2472/3732 3490/2473/3733
f 3490/2473/3733 3486/2470/3730 3488/2471/3731
f 3490/2473/3733 3489/2472/3732 3095/2064/3338
f 3095/2064/3338 3099/2068/3342 3490/2473/3733
f 3490/2473/3733 3491/2474/3734 3492/2475/3735
f 3493/2476/3736 3491/2474/3734 3490/2473/3733
f 3492/2475/3735 3486/2470/3730 3490/2473/3733
f 3490/2473/3733 3099/2068/3342 3493/2476/3736
f 3495/2477/3737 3491/2474/3734 3493/2476/3736
f 3493/2476/3736 3496/2478/3738 3494/2479/3739
f 3494/2479/3739 3497/2480/3740 3493/2476/3736
f 3493/2476/3736 3497/2480/3740 3495/2477/3737
f 3496/2478/3738 3493/2476/3736 3099/2068/3342
f 3495/2477/3737 3497/2480/3740 3498/2481/3741
f 3499/2482/3742 3498/2481/3741 3497/2480/3740
f 3497/2480/3740 3494/2479/3739 3499/2482/3742
f 3501/2483/3743 3498/2481/3741 3499/2482/3742
f 3500/2484/3744 3499/2482/3742 3494/2479/3739
f 3499/2482/3742 3500/2484/3744 3501/2483/3743
f 3502/2485/3745 3501/2483/3743 3500/2484/3744
f 3503/2486/3746 3501/2483/3743 3502/2485/3745
f 3504/2487/3747 3498/2481/3741 3501/2483/3743
f 3501/2483/3743 3503/2486/3746 3504/2487/3747
f 3505/2488/3748 3504/2487/3747 3503/2486/3746
f 3495/2477/3737 3504/2487/3747 3505/2488/3748
f 3498/2481/3741 3504/2487/3747 3495/2477/3737
f 3503/2486/3746 3506/2489/3749 3505/2488/3748
f 3507/2490/3750 3505/2488/3748 3506/2489/3749
f 3509/2491/3751 3505/2488/3748 3507/2490/3750
f 3505/2488/3748 3508/2492/3752 3495/2477/3737
f 3505/2488/3748 3509/2491/3751 3508/2492/3752
f 3507/2490/3750 3510/2493/3753 3509/2491/3751
f 3508/2492/3752 3509/2491/3751 3487/2469/3729
f 3510/2493/3753 3487/2469/3729 3509/2491/3751
f 3511/2494/3754 3487/2469/3729 3510/2493/3753
f 3510/2493/3753 3507/2490/3750 3513/2495/3755
f 3510/2493/3753 3512/2496/3756 3511/2494/3754
f 3513/2495/3755 3512/2497/3756 3510/2493/3753
f 3506/2489/3749 3513/2495/3755 3507/2490/3750
f 3511/2498/3754 3513/2495/3755 3506/2489/3749
f 3511/2498/3754 3512/2497/3756 3513/2495/3755
f 3517/2499/3757 3511/2498/3754 3506/2489/3749
f 3487/2469/3729 3511/2494/3754 3516/2500/3758
f 3511/2494/3754 3514/2501/3759 3515/2502/3760
f 3515/2502/3760 3516/2500/3758 3511/2494/3754
f 3502/2485/3745 3517/2499/3757 3503/2486/3746
f 3506/2489/3749 3503/2486/3746 3517/2499/3757
f 3516/2500/3758 3515/2502/3760 3462/2442/3705
f 3462/2442/3705 3464/2443/3706 3516/2500/3758
f 3516/2500/3758 3464/2443/3706 3487/2469/3729
f 3514/2501/3759 3455/2434/3697 3515/2502/3760
f 3462/2442/3705 3515/2502/3760 3455/2434/3697
f 3514/2501/3759 3449/2427/3691 3451/2431/3694
f 3451/2431/3694 3455/2434/3697 3514/2501/3759
f 3487/2469/3729 3492/2475/3735 3508/2492/3752
f 3508/2492/3752 3492/2475/3735 3491/2474/3734
f 3491/2474/3734 3495/2477/3737 3508/2492/3752
f 3500/2484/3744 3518/2503/3761 3502/2485/3745
f 3519/2504/3762 3520/2505/3763 3518/2503/3761
f 3518/2503/3761 3500/2484/3744 3519/2504/3762
f 3520/2505/3763 3521/2506/3764 3522/2507/3765
f 3521/2506/3764 3520/2505/3763 3496/2478/3738
f 3523/2508/3766 3520/2505/3763 3522/2507/3765
f 3496/2478/3738 3520/2505/3763 3519/2504/3762
f 3522/2507/3765 3524/2509/3767 3523/2508/3766
f 3525/2510/3768 3523/2508/3766 3524/2509/3767
f 3524/2509/3767 3527/2511/3769 3525/2510/3768
f 3528/2512/3770 3526/2513/3771 3525/2510/3768
f 3525/2510/3768 3527/2511/3769 3528/2512/3770
f 3530/2514/3772 3529/2515/3773 3528/2512/3770
f 3526/2513/3771 3528/2512/3770 3529/2515/3773
f 3528/2512/3770 3531/2516/3774 3530/2514/3772
f 3532/2517/3775 3531/2516/3774 3528/2512/3770
f 3528/2512/3770 3527/2511/3769 3532/2517/3775
f 3535/2518/3776 3531/2516/3774 3532/2517/3775
f 3534/2519/3777 3532/2517/3775 3533/2520/3778
f 3533/2520/3778 3532/2517/3775 3527/2511/3769
f 3532/2517/3775 3534/2519/3777 3535/2518/3776
f 3536/2521/3779 3537/2522/3780 3535/2518/3776
f 3538/2523/3781 3536/2521/3779 3535/2518/3776
f 3535/2518/3776 3537/2522/3780 3530/2514/3772
f 3535/2518/3776 3539/2524/3782 3538/2523/3781
f 3530/2514/3772 3531/2516/3774 3535/2518/3776
f 3539/2524/3782 3535/2518/3776 3534/2519/3777
f 3534/2519/3777 3540/2525/3783 3539/2524/3782
f 3539/2524/3782 3119/2089/3363 3120/2088/3362
f 3120/2088/3362 3538/2523/3781 3539/2524/3782
f 3119/2089/3363 3539/2524/3782 3540/2525/3783
f 3540/2525/3783 3534/2519/3777 3541/2526/3784
f 3540/2525/3783 3542/2527/3785 3119/2089/3363
f 3541/2526/3784 3543/2528/3786 3540/2525/3783
f 3542/2527/3785 3540/2525/3783 3543/2528/3786
f 3543/2528/3786 3101/2069/3343 3542/2527/3785
f 3101/2069/3343 3543/2528/3786 3100/2067/3341
f 3543/2528/3786 3541/2526/3784 3496/2478/3738
f 3496/2478/3738 3100/2067/3341 3543/2528/3786
f 3109/2078/3352 3542/2527/3785 3101/2069/3343
f 3542/2527/3785 3109/2078/3352 3121/2090/3364
f 3121/2090/3364 3119/2089/3363 3542/2527/3785
f 3533/2520/3778 3541/2526/3784 3534/2519/3777
f 3541/2526/3784 3533/2520/3778 3544/2529/3787
f 3541/2526/3784 3545/2530/3788 3496/2478/3738
f 3544/2529/3787 3545/2530/3788 3541/2526/3784
f 3545/2530/3788 3544/2529/3787 3522/2507/3765
f 3496/2478/3738 3545/2530/3788 3521/2506/3764
f 3522/2507/3765 3521/2506/3764 3545/2530/3788
f 3524/2509/3767 3522/2507/3765 3544/2529/3787
f 3544/2529/3787 3533/2520/3778 3524/2509/3767
f 3536/2521/3779 3538/2523/3781 3546/2531/3789
f 3546/2531/3789 3538/2523/3781 3120/2088/3362
f 3547/2532/3790 3546/2531/3789 3132/2099/3373
f 3120/2088/3362 3132/2099/3373 3546/2531/3789
f 3546/2531/3789 3548/2533/3791 3536/2521/3779
f 3548/2533/3791 3546/2531/3789 3547/2532/3790
f 3536/2521/3779 3548/2533/3791 3549/2534/3792
f 3549/2534/3792 3548/2533/3791 3550/2535/3793
f 3547/2532/3790 3550/2535/3793 3548/2533/3791
f 3551/2536/3794 3552/2537/3795 3550/2535/3793
f 3550/2535/3793 3553/2538/3796 3551/2536/3794
f 3550/2535/3793 3552/2537/3795 3549/2534/3792
f 3553/2538/3796 3550/2535/3793 3547/2532/3790
f 3553/2538/3796 3554/2539/3797 3156/2123/3397
f 3156/2123/3397 3555/2540/3798 3553/2538/3796
f 3551/2536/3794 3553/2538/3796 3555/2540/3798
f 3547/2532/3790 3554/2539/3797 3553/2538/3796
f 3556/2541/3799 3555/2540/3798 3155/2125/3399
f 3155/2125/3399 3555/2540/3798 3156/2123/3397
f 3555/2540/3798 3556/2541/3799 3551/2536/3794
f 3155/2125/3399 3158/2126/3400 3556/2541/3799
f 3557/2542/3800 3556/2541/3799 3158/2126/3400
f 3556/2541/3799 3557/2542/3800 3558/2543/3801
f 3558/2543/3801 3561/2544/3802 3556/2541/3799
f 3551/2536/3794 3556/2541/3799 3559/2545/3803
f 3560/2546/3804 3559/2545/3803 3556/2541/3799
f 3556/2541/3799 3561/2544/3802 3560/2546/3804
f 3562/2547/3805 3560/2546/3804 3561/2544/3802
f 3562/2547/3805 3561/2544/3802 3558/2543/3801
f 3560/2546/3804 3562/2547/3805 3564/2548/3806
f 3562/2547/3805 3558/2543/3801 3563/2549/3807
f 3565/2550/3808 3562/2547/3805 3563/2549/3807
f 3566/2551/3809 3565/2550/3808 3567/2552/3810
f 3563/2549/3807 3567/2552/3810 3565/2550/3808
f 3569/2553/3811 3567/2552/3810 3568/2554/3812
f 3570/2555/3813 3568/2554/3812 3567/2552/3810
f 3567/2552/3810 3569/2553/3811 3566/2551/3809
f 3567/2552/3810 3563/2549/3807 3570/2555/3813
f 3159/2127/3401 3568/2554/3812 3570/2555/3813
f 3557/2542/3800 3570/2555/3813 3563/2549/3807
f 3158/2126/3400 3570/2555/3813 3557/2542/3800
f 3570/2555/3813 3158/2126/3400 3159/2127/3401
f 3568/2554/3812 3571/2556/3814 3569/2553/3811
f 3569/2553/3811 3571/2556/3814 3573/2557/3815
f 3566/2551/3809 3569/2553/3811 3572/2558/3816
f 3573/2557/3815 3572/2558/3816 3569/2553/3811
f 3160/2128/3402 3165/2133/3407 3573/2557/3815
f 3573/2557/3815 3571/2556/3814 3160/2128/3402
f 3574/2559/3817 3573/2557/3815 3165/2133/3407
f 3572/2558/3816 3573/2557/3815 3574/2559/3817
f 3165/2133/3407 3166/2134/3408 3574/2559/3817
f 3175/2143/3417 3574/2559/3817 3166/2134/3408
f 3574/2559/3817 3175/2143/3417 3572/2558/3816
f 3177/2145/3419 3572/2558/3816 3175/2143/3417
f 3572/2558/3816 3177/2145/3419 3566/2551/3809
f 3160/2128/3402 3571/2556/3814 3568/2554/3812
f 3568/2554/3812 3159/2127/3401 3160/2128/3402
f 3564/2548/3806 3575/2560/3818 3560/2546/3804
f 3575/2560/3818 3564/2548/3806 3576/2561/3819
f 3576/2561/3819 3579/2562/3820 3575/2560/3818
f 3576/2561/3819 3577/2563/3821 3578/2564/3822
f 3578/2564/3822 3579/2562/3820 3576/2561/3819
f 3579/2562/3820 3581/2565/3823 3580/2566/3824
f 3580/2566/3824 3575/2560/3818 3579/2562/3820
f 3582/2567/3825 3581/2565/3823 3579/2562/3820
f 3579/2562/3820 3578/2564/3822 3582/2567/3825
f 3552/2537/3795 3581/2565/3823 3582/2567/3825
f 3549/2534/3792 3582/2567/3825 3583/2568/3826
f 3582/2567/3825 3549/2534/3792 3552/2537/3795
f 3583/2568/3826 3582/2567/3825 3578/2564/3822
f 3578/2564/3822 3584/2569/3827 3583/2568/3826
f 3585/2570/3828 3583/2568/3826 3584/2569/3827
f 3583/2568/3826 3585/2570/3828 3549/2534/3792
f 3549/2534/3792 3585/2570/3828 3536/2521/3779
f 3536/2521/3779 3585/2570/3828 3586/2571/3829
f 3584/2569/3827 3586/2571/3829 3585/2570/3828
f 3586/2571/3829 3587/2572/3830 3536/2521/3779
f 3589/2573/3831 3587/2572/3830 3586/2571/3829
f 3586/2571/3829 3584/2569/3827 3588/2574/3832
f 3588/2574/3832 3589/2573/3831 3586/2571/3829
f 3529/2515/3773 3589/2573/3831 3526/2513/3771
f 3589/2573/3831 3529/2515/3773 3590/2575/3833
f 3589/2573/3831 3590/2575/3833 3587/2572/3830
f 3537/2522/3780 3590/2575/3833 3529/2515/3773
f 3590/2575/3833 3537/2522/3780 3536/2521/3779
f 3536/2521/3779 3587/2572/3830 3590/2575/3833
f 3577/2563/3821 3588/2574/3832 3584/2569/3827
f 3584/2569/3827 3578/2564/3822 3577/2563/3821
f 3580/2566/3824 3581/2565/3823 3552/2537/3795
f 3552/2537/3795 3551/2536/3794 3580/2566/3824
f 3559/2545/3803 3580/2566/3824 3551/2536/3794
f 3575/2560/3818 3580/2566/3824 3559/2545/3803
f 3559/2545/3803 3560/2546/3804 3575/2560/3818
f 3563/2549/3807 3558/2543/3801 3557/2542/3800
f 3156/2123/3397 3554/2539/3797 3135/2103/3377
f 3135/2103/3377 3554/2539/3797 3547/2532/3790
f 3547/2532/3790 3131/2101/3375 3135/2103/3377
f 3132/2099/3373 3131/2101/3375 3547/2532/3790
f 3529/2515/3773 3530/2514/3772 3537/2522/3780
f 3527/2511/3769 3524/2509/3767 3533/2520/3778
f 3494/2479/3739 3519/2504/3762 3500/2484/3744
f 3519/2504/3762 3494/2479/3739 3496/2478/3738
f 3099/2068/3342 3100/2067/3341 3496/2478/3738
f 3486/2470/3730 3492/2475/3735 3487/2469/3729
f 3095/2064/3338 3489/2472/3732 3093/2062/3336
f 3487/2469/3729 3464/2443/3706 3465/2444/3707
f 3455/2434/3697 3456/2435/3698 3462/2442/3705
f 3360/2466/3602 3458/2437/3700 3453/2433/3696
f 3453/2433/3696 3362/2576/3604 3360/2466/3602
f 3363/2429/3605 3362/2576/3604 3453/2433/3696
f 3364/2340/3606 3363/2339/3605 3369/2345/3611
f 3356/2332/3598 3351/2328/3594 3347/2322/3588
f 3591/2577/3834 3349/2325/3591 3330/2306/3572
f 3349/2325/3591 3591/2577/3834 3346/2324/3590
f 3330/2306/3572 3331/2307/3573 3591/2577/3834
f 3591/2577/3834 3331/2307/3573 3333/2309/3575
f 3333/2309/3575 3335/2311/3577 3591/2577/3834
f 3591/2577/3834 3335/2311/3577 3592/2578/3835
f 3592/2578/3835 3346/2324/3590 3591/2577/3834
f 3346/2324/3590 3592/2578/3835 3343/2320/3586
f 3343/2320/3586 3592/2578/3835 3339/2315/3581
f 3336/2312/3578 3339/2315/3581 3592/2578/3835
f 3592/2578/3835 3335/2311/3577 3336/2312/3578
f 3266/2243/3509 3267/2245/3511 3276/2252/3518
f 3218/2191/3460 3244/2220/3486 3245/2221/3487
f 3245/2221/3487 3213/2184/3455 3218/2191/3460
f 3213/2184/3455 3245/2221/3487 3212/2183/3454
f 3234/2210/3476 3244/2220/3486 3218/2191/3460
f 3218/2191/3460 3221/2195/3463 3234/2210/3476
f 3226/2202/3468 3232/2208/3474 3229/2205/3471
f 3593/2579/3836 3225/2200/3467 3222/2196/3464
f 3594/2580/3837 3595/2581/3838 3593/2579/3836
f 3593/2579/3836 3596/2582/3839 3594/2580/3837
f 3222/2196/3464 3596/2582/3839 3593/2579/3836
f 3219/2193/3462 3597/2583/3840 3596/2582/3839
f 3596/2582/3839 3222/2196/3464 3219/2193/3462
f 3596/2582/3839 3597/2583/3840 3598/2584/3841
f 3598/2584/3841 3594/2580/3837 3596/2582/3839
f 3598/2584/3841 3597/2583/3840 3599/2585/3842
f 3599/2585/3842 3600/2586/3843 3598/2584/3841
f 3594/2580/3837 3598/2584/3841 3601/2587/3844
f 3601/2587/3844 3598/2584/3841 3600/2586/3843
f 3601/2587/3844 3602/2588/3845 3594/2580/3837
f 3605/2589/3846 3602/2588/3845 3601/2587/3844
f 3600/2586/3843 3603/2590/3847 3601/2587/3844
f 3601/2587/3844 3603/2590/3847 3188/2157/3431
f 3188/2157/3431 3604/2591/3848 3601/2587/3844
f 3601/2587/3844 3604/2591/3848 3605/2589/3846
f 3605/2589/3846 3604/2591/3848 3608/2592/3849
f 3602/2588/3845 3605/2589/3846 3607/2593/3850
f 3608/2592/3849 3606/2594/3851 3605/2589/3846
f 3607/2593/3850 3605/2589/3846 3606/2594/3851
f 3609/2595/3852 3608/2592/3849 3185/2154/3428
f 3606/2594/3851 3608/2592/3849 3609/2595/3852
f 3188/2157/3431 3185/2154/3428 3608/2592/3849
f 3608/2592/3849 3604/2591/3848 3188/2157/3431
f 3610/2596/3853 3609/2595/3852 3184/2153/3427
f 3185/2154/3428 3184/2153/3427 3609/2595/3852
f 3611/2597/3854 3609/2595/3852 3610/2596/3853
f 3609/2595/3852 3611/2597/3854 3606/2594/3851
f 3610/2596/3853 3613/2598/3855 3611/2597/3854
f 3607/2593/3850 3606/2594/3851 3611/2597/3854
f 3611/2597/3854 3612/2599/3856 3607/2593/3850
f 3612/2599/3856 3611/2597/3854 3613/2598/3855
f 3616/2600/3857 3613/2598/3855 3610/2596/3853
f 3613/2598/3855 3615/2601/3858 3612/2599/3856
f 3614/2602/3859 3615/2601/3858 3613/2598/3855
f 3613/2598/3855 3616/2600/3857 3614/2602/3859
f 3610/2596/3853 3617/2603/3860 3616/2600/3857
f 3619/2604/3861 3616/2600/3857 3617/2603/3860
f 3616/2600/3857 3619/2604/3861 3618/2605/3862
f 3618/2605/3862 3614/2602/3859 3616/2600/3857
f 3148/2117/3391 3619/2604/3861 3620/2606/3863
f 3618/2605/3862 3619/2604/3861 3148/2117/3391
f 3617/2603/3860 3620/2606/3863 3619/2604/3861
f 3620/2606/3863 3151/2118/3392 3148/2117/3391
f 3621/2607/3864 3620/2606/3863 3617/2603/3860
f 3620/2606/3863 3621/2607/3864 3150/2120/3394
f 3150/2120/3394 3151/2118/3392 3620/2606/3863
f 3621/2607/3864 3610/2596/3853 3170/2139/3413
f 3170/2139/3413 3162/2131/3405 3621/2607/3864
f 3617/2603/3860 3610/2596/3853 3621/2607/3864
f 3163/2130/3404 3150/2120/3394 3621/2607/3864
f 3621/2607/3864 3162/2131/3405 3163/2130/3404
f 3148/2117/3391 3147/2116/3390 3618/2605/3862
f 3184/2153/3427 3170/2139/3413 3610/2596/3853
f 3607/2593/3850 3622/2608/3865 3602/2588/3845
f 3602/2588/3845 3622/2608/3865 3595/2581/3838
f 3187/2156/3430 3603/2590/3847 3600/2586/3843
f 3188/2157/3431 3603/2590/3847 3187/2156/3430
f 3595/2581/3838 3594/2580/3837 3602/2588/3845
f 3190/2158/3432 3600/2586/3843 3599/2585/3842
f 3600/2586/3843 3190/2158/3432 3187/2156/3430
f 3215/2186/3457 3623/2609/3866 3599/2585/3842
f 3599/2585/3842 3623/2609/3866 3190/2158/3432
f 3599/2585/3842 3216/2188/3458 3215/2186/3457
f 3216/2188/3458 3599/2585/3842 3597/2583/3840
f 3191/2159/3433 3190/2158/3432 3623/2609/3866
f 3623/2609/3866 3624/2610/3867 3191/2159/3433
f 3625/2611/3868 3624/2610/3867 3623/2609/3866
f 3623/2609/3866 3215/2186/3457 3625/2611/3868
f 3202/2170/3444 3625/2611/3868 3215/2186/3457
f 3198/2166/3440 3625/2611/3868 3202/2170/3444
f 3625/2611/3868 3198/2166/3440 3197/2165/3439
f 3197/2165/3439 3624/2610/3867 3625/2611/3868
f 3191/2159/3433 3624/2610/3867 3197/2165/3439
f 3597/2583/3840 3219/2193/3462 3216/2188/3458
f 3205/2176/3447 3206/2177/3448 3210/2182/3453
f 3197/2165/3439 3192/2160/3434 3191/2159/3433
f 3170/2139/3413 3184/2153/3427 3169/2138/3412
f 3150/2120/3394 3163/2130/3404 3153/2122/3396
f 3156/2123/3397 3142/2111/3385 3141/2110/3384
f 3135/2103/3377 3142/2111/3385 3156/2123/3397
f 3132/2099/3373 3120/2088/3362 3125/2094/3368
f 3115/2083/3357 3123/2091/3365 3116/2085/3359
f 3112/2080/3354 3121/2090/3364 3109/2078/3352
f 3110/2079/3353 3626/2612/3869 3113/2081/3355
f 3626/2612/3869 3110/2079/3353 3105/2074/3348
f 3105/2074/3348 3627/2613/3870 3626/2612/3869
f 3628/2614/3871 3627/2613/3870 3103/2072/3346
f 3627/2613/3870 3105/2074/3348 3103/2072/3346
f 3629/2615/3872 3628/2614/3871 3097/2066/3340
f 3103/2072/3346 3097/2066/3340 3628/2614/3871
f 3090/2058/3332 3629/2615/3872 3092/2060/3334
f 3097/2066/3340 3092/2060/3334 3629/2615/3872
f 3109/2078/3352 3108/2077/3351 3112/2080/3354
f 3106/2075/3349 3105/2074/3348 3110/2079/3353
f 3101/2069/3343 3102/2070/3344 3109/2078/3352
usemtl Mesh_1
f 167/96/166 166/97/167 170/98/168
f 166/97/167 167/96/166 168/99/169
f 168/99/169 169/100/170 166/97/167
f 171/101/171 166/97/167 169/100/170
f 172/102/172 170/98/168 166/97/167
f 166/97/167 171/101/171 172/102/172
f 170/98/168 172/102/172 175/103/173
f 173/104/174 172/102/172 171/101/171
f 172/102/172 173/104/174 174/105/175
f 174/105/175 175/103/173 172/102/172
f 175/103/173 174/105/175 177/106/176
f 175/103/173 176/107/177 170/98/168
f 176/107/177 175/103/173 178/108/178
f 177/106/176 178/108/178 175/103/173
f 178/108/178 180/109/179 176/107/177
f 178/108/178 177/106/176 181/110/180
f 181/110/180 179/111/181 178/108/178
f 180/109/179 178/108/178 179/111/181
f 181/112/180 182/113/182 183/114/183
f 182/115/182 181/110/180 177/106/176
f 183/114/183 184/116/184 181/112/180
f 179/117/181 181/112/180 184/116/184
f 184/116/184 183/114/183 186/118/185
f 186/118/185 185/119/186 184/116/184
f 187/120/187 184/116/184 185/119/186
f 184/116/184 187/120/187 179/117/181
f 185/119/186 190/121/188 187/120/187
f 189/122/189 179/117/181 187/120/187
f 188/123/190 187/120/187 190/121/188
f 187/120/187 188/123/190 189/122/189
f 192/124/191 191/125/192 190/121/188
f 193/126/193 190/121/188 191/125/192
f 190/121/188 185/119/186 192/124/191
f 190/121/188 193/126/193 188/123/190
f 191/125/192 196/127/194 193/126/193
f 194/128/195 188/123/190 193/126/193
f 193/126/193 195/129/196 194/128/195
f 195/129/196 193/126/193 196/127/194
f 196/127/194 191/125/192 199/130/197
f 196/127/194 198/131/198 195/129/196
f 199/130/197 197/132/199 196/127/194
f 198/131/198 196/127/194 197/132/199
f 197/132/199 199/130/197 201/133/200
f 202/134/201 199/130/197 191/125/192
f 199/130/197 202/134/201 200/135/202
f 200/135/202 201/133/200 199/130/197
f 191/125/192 192/124/191 202/134/201
f 203/136/203 202/134/201 192/124/191
f 204/137/204 200/135/202 202/134/201
f 202/134/201 203/136/203 204/137/204
f 200/138/202 204/139/204 205/140/205
f 207/141/206 204/137/204 203/136/203
f 206/142/207 205/140/205 204/139/204
f 204/139/204 207/143/206 206/142/207
f 209/144/208 206/142/207 207/143/206
f 210/145/209 207/141/206 208/146/210
f 203/136/203 208/146/210 207/141/206
f 207/143/206 210/147/209 209/144/208
f 208/146/210 211/148/211 210/145/209
f 212/149/212 209/144/208 210/147/209
f 213/150/213 210/145/209 211/148/211
f 210/147/209 213/151/213 212/149/212
f 211/148/211 214/152/214 213/150/213
f 216/153/215 213/150/213 214/152/214
f 215/154/216 212/149/212 213/151/213
f 213/151/213 216/155/215 215/154/216
f 214/152/214 217/156/217 216/153/215
f 167/96/166 215/154/216 216/155/215
f 216/155/215 168/99/169 167/96/166
f 168/157/169 216/153/215 217/156/217
f 217/156/217 214/152/214 219/158/218
f 217/156/217 218/159/219 168/157/169
f 218/159/219 217/156/217 220/160/220
f 219/158/218 220/160/220 217/156/217
f 220/160/220 198/131/198 218/159/219
f 198/131/198 220/160/220 222/161/221
f 220/160/220 219/158/218 221/162/222
f 221/162/222 222/161/221 220/160/220
f 222/161/221 221/162/222 223/163/223
f 223/163/223 224/164/224 222/161/221
f 195/129/196 222/161/221 224/164/224
f 222/161/221 195/129/196 198/131/198
f 224/164/224 223/163/223 225/165/225
f 225/165/225 226/166/226 224/164/224
f 194/128/195 224/164/224 226/166/226
f 224/164/224 194/128/195 195/129/196
f 226/167/226 225/168/225 229/169/227
f 226/166/226 227/170/228 194/128/195
f 227/171/228 226/167/226 228/172/229
f 229/169/227 228/172/229 226/167/226
f 230/173/230 232/174/231 229/169/227
f 229/169/227 231/175/232 230/173/230
f 231/175/232 229/169/227 225/168/225
f 228/172/229 229/169/227 232/174/231
f 232/174/231 230/173/230 233/176/233
f 233/176/233 234/177/234 232/174/231
f 235/178/235 232/174/231 234/177/234
f 232/174/231 235/178/235 228/172/229
f 234/177/234 238/179/236 235/178/235
f 235/178/235 236/180/237 237/181/238
f 236/180/237 235/178/235 238/179/236
f 237/181/238 228/172/229 235/178/235
f 238/179/236 239/182/239 236/180/237
f 239/182/239 238/179/236 215/154/216
f 212/149/212 215/154/216 238/179/236
f 238/179/236 234/177/234 212/149/212
f 170/98/168 239/182/239 167/96/166
f 215/154/216 167/96/166 239/182/239
f 239/182/239 170/98/168 176/107/177
f 176/107/177 236/180/237 239/182/239
f 237/181/238 180/109/179 189/183/189
f 189/183/189 227/171/228 237/181/238
f 228/172/229 237/181/238 227/171/228
f 180/109/179 237/181/238 236/180/237
f 236/180/237 176/107/177 180/109/179
f 234/177/234 233/176/233 209/144/208
f 209/144/208 212/149/212 234/177/234
f 240/184/240 233/176/233 230/173/230
f 233/176/233 240/184/240 206/142/207
f 206/142/207 209/144/208 233/176/233
f 205/140/205 206/142/207 240/184/240
f 240/184/240 242/185/241 205/140/205
f 230/173/230 241/186/242 240/184/240
f 242/185/241 240/184/240 241/186/242
f 242/185/241 173/104/174 243/187/243
f 173/104/174 242/185/241 244/188/244
f 243/187/243 205/140/205 242/185/241
f 241/186/242 244/188/244 242/185/241
f 244/188/244 174/105/175 173/104/174
f 174/105/175 244/188/244 245/189/245
f 244/188/244 241/186/242 246/190/246
f 246/190/246 245/189/245 244/188/244
f 245/189/245 246/190/246 247/191/247
f 248/192/248 247/191/247 246/190/246
f 246/190/246 231/175/232 248/192/248
f 231/175/232 246/190/246 241/186/242
f 223/163/223 249/193/249 248/194/248
f 248/194/248 225/165/225 223/163/223
f 225/168/225 248/192/248 231/175/232
f 247/195/247 248/194/248 249/193/249
f 221/162/222 251/196/250 249/193/249
f 249/193/249 223/163/223 221/162/222
f 249/193/249 250/197/251 247/195/247
f 250/197/251 249/193/249 251/196/250
f 251/196/250 221/162/222 219/158/218
f 251/196/250 253/198/252 250/197/251
f 219/158/218 252/199/253 251/196/250
f 253/198/252 251/196/250 252/199/253
f 186/118/185 253/198/252 254/200/254
f 252/199/253 254/200/254 253/198/252
f 183/114/183 250/197/251 253/198/252
f 253/198/252 186/118/185 183/114/183
f 254/200/254 255/201/255 186/118/185
f 255/201/255 254/200/254 208/146/210
f 211/148/211 208/146/210 254/200/254
f 254/200/254 252/199/253 211/148/211
f 255/201/255 192/124/191 185/119/186
f 192/124/191 255/201/255 203/136/203
f 208/146/210 203/136/203 255/201/255
f 185/119/186 186/118/185 255/201/255
f 252/199/253 219/158/218 214/152/214
f 214/152/214 211/148/211 252/199/253
f 182/113/182 247/195/247 250/197/251
f 250/197/251 183/114/183 182/113/182
f 247/191/247 182/115/182 245/189/245
f 245/189/245 177/106/176 174/105/175
f 177/106/176 245/189/245 182/115/182
f 171/101/171 243/187/243 173/104/174
f 205/140/205 243/187/243 200/138/202
f 201/202/200 200/138/202 243/187/243
f 243/187/243 171/101/171 201/202/200
f 241/186/242 230/173/230 231/175/232
f 227/170/228 189/122/189 188/123/190
f 188/123/190 194/128/195 227/170/228
f 218/159/219 197/132/199 169/203/170
f 197/132/199 218/159/219 198/131/198
f 169/203/170 168/157/169 218/159/219
f 201/133/200 169/203/170 197/132/199
f 169/100/170 201/202/200 171/101/171
f 179/111/181 189/183/189 180/109/179
f 256/204/256 262/205/257 257/206/257
f 257/206/257 258/207/258 256/204/256
f 259/208/259 256/204/256 258/207/258
f 256/204/256 259/208/259 260/209/260
f 260/209/260 261/210/261 256/204/256
f 262/205/257 256/204/256 261/210/261
f 261/210/261 265/211/262 262/205/257
f 262/205/257 263/212/263 264/213/264
f 263/212/263 262/205/257 265/211/262
f 264/213/264 257/206/257 262/205/257
f 265/211/262 266/214/265 263/212/263
f 267/215/266 263/212/263 266/214/265
f 266/214/265 268/216/267 267/215/266
f 269/217/268 267/215/266 268/216/267
f 268/216/267 270/218/269 269/217/268
f 271/219/270 269/217/268 270/218/269
f 270/218/269 272/220/271 271/219/270
f 273/221/272 271/219/270 272/220/271
f 272/220/271 274/222/273 273/221/272
f 275/223/274 273/224/272 274/225/273
f 274/225/273 276/226/275 275/223/274
f 276/226/275 260/209/260 259/208/259
f 259/208/259 275/223/274 276/226/275
f 273/224/272 275/223/274 278/227/276
f 275/223/274 259/208/259 277/228/277
f 277/228/277 278/227/276 275/223/274
f 278/227/276 277/228/277 281/229/277
f 280/230/272 278/227/276 279/231/276
f 281/229/277 279/231/276 278/227/276
f 278/227/276 280/230/272 273/224/272
f 284/232/258 281/229/277 277/228/277
f 279/231/276 281/229/277 282/233/278
f 283/234/279 282/233/278 281/229/277
f 281/229/277 284/232/258 283/234/279
f 277/228/277 258/207/258 284/232/258
f 286/235/280 284/232/258 258/207/258
f 285/236/281 283/234/279 284/232/258
f 284/232/258 286/235/280 285/236/281
f 287/237/282 285/236/281 286/235/280
f 286/235/280 288/238/263 287/237/282
f 288/238/263 286/235/280 257/206/257
f 258/207/258 257/206/257 286/235/280
f 290/239/283 287/237/282 288/238/263
f 288/238/263 289/240/284 290/239/283
f 289/240/284 288/238/263 264/213/264
f 257/206/257 264/213/264 288/238/263
f 292/241/285 287/237/282 290/239/283
f 293/242/286 290/239/283 289/240/284
f 290/239/283 291/243/287 292/241/285
f 291/243/287 290/239/283 293/242/286
f 294/244/288 293/242/286 295/245/289
f 296/246/290 293/242/286 294/244/288
f 289/240/284 295/245/289 293/242/286
f 293/242/286 296/246/290 291/243/287
f 294/244/288 299/247/291 296/246/290
f 296/246/290 297/248/292 298/249/293
f 297/248/292 296/246/290 299/247/291
f 298/249/293 291/243/287 296/246/290
f 299/247/291 294/244/288 302/250/294
f 299/247/291 300/251/295 297/248/292
f 300/251/295 299/247/291 301/252/296
f 302/250/294 301/252/296 299/247/291
f 301/253/296 302/254/294 303/255/297
f 302/250/294 294/244/288 305/256/298
f 303/255/297 302/254/294 304/257/272
f 305/256/298 304/258/272 302/250/294
f 295/245/289 305/256/298 294/244/288
f 305/256/298 295/245/289 307/259/292
f 304/258/272 305/256/298 306/260/299
f 307/259/292 306/260/299 305/256/298
f 267/215/266 269/217/268 307/259/292
f 306/260/299 307/259/292 269/217/268
f 308/261/300 307/259/292 295/245/289
f 307/259/292 308/261/300 267/215/266
f 263/212/263 267/215/266 308/261/300
f 308/261/300 264/213/264 263/212/263
f 295/245/289 289/240/284 308/261/300
f 264/213/264 308/261/300 289/240/284
f 269/217/268 271/219/270 306/260/299
f 280/262/272 306/260/299 271/219/270
f 306/260/299 280/262/272 304/258/272
f 304/257/272 279/231/276 303/255/297
f 279/231/276 304/257/272 280/230/272
f 303/255/297 309/263/301 301/253/296
f 309/263/301 303/255/297 282/233/278
f 282/233/278 303/255/297 279/231/276
f 312/264/302 301/253/296 309/263/301
f 309/263/301 282/233/278 310/265/303
f 311/266/304 309/263/301 310/265/303
f 309/263/301 311/266/304 312/264/302
f 301/252/296 312/267/302 300/251/295
f 313/268/305 312/264/302 311/266/304
f 312/267/302 313/269/305 314/270/306
f 314/270/306 300/251/295 312/267/302
f 314/270/306 313/269/305 315/271/307
f 315/271/307 317/272/308 314/270/306
f 300/251/295 314/270/306 316/273/309
f 316/273/309 314/270/306 317/272/308
f 317/272/308 315/271/307 318/274/310
f 318/274/310 319/275/311 317/272/308
f 320/276/312 317/272/308 319/275/311
f 317/272/308 320/276/312 316/273/309
f 319/275/311 322/277/313 320/276/312
f 321/278/314 316/273/309 320/276/312
f 320/276/312 323/279/315 321/278/314
f 323/279/315 320/276/312 322/277/313
f 325/280/316 321/278/314 323/279/315
f 322/277/313 326/281/317 323/279/315
f 323/279/315 324/282/318 325/280/316
f 324/282/318 323/279/315 326/281/317
f 326/281/317 322/277/313 327/283/319
f 327/283/319 328/284/320 326/281/317
f 329/285/321 326/281/317 328/284/320
f 326/281/317 329/285/321 324/282/318
f 328/284/320 330/286/322 329/285/321
f 331/287/323 329/285/321 330/286/322
f 329/285/321 331/287/323 332/288/324
f 332/288/324 324/282/318 329/285/321
f 335/289/325 332/288/324 331/287/323
f 324/282/318 332/288/324 333/290/326
f 334/291/327 333/290/326 332/288/324
f 332/288/324 335/289/325 334/291/327
f 336/292/328 334/291/327 335/289/325
f 335/289/325 338/293/329 336/292/328
f 331/287/323 337/294/325 335/289/325
f 338/293/329 335/289/325 337/294/325
f 340/295/330 336/292/328 338/293/329
f 337/294/325 339/296/331 338/293/329
f 341/297/332 338/293/329 339/296/331
f 338/293/329 341/297/332 340/295/330
f 315/298/307 341/297/332 342/299/333
f 339/296/331 342/299/333 341/297/332
f 341/297/332 315/298/307 313/268/305
f 313/268/305 340/295/330 341/297/332
f 318/300/310 342/299/333 344/301/334
f 342/299/333 318/300/310 315/298/307
f 342/299/333 339/296/331 343/302/335
f 343/302/335 344/301/334 342/299/333
f 344/301/334 347/303/336 318/300/310
f 346/304/337 344/301/334 343/302/335
f 344/301/334 346/304/337 345/305/338
f 345/305/338 347/303/336 344/301/334
f 319/275/311 318/274/310 347/306/336
f 347/306/336 349/307/339 319/275/311
f 347/306/336 345/308/338 348/309/340
f 348/309/340 349/307/339 347/306/336
f 349/307/339 348/309/340 350/310/341
f 350/310/341 327/283/319 349/307/339
f 322/277/313 319/275/311 349/307/339
f 349/307/339 327/283/319 322/277/313
f 327/283/319 350/310/341 351/311/342
f 328/284/320 351/311/342 352/312/316
f 351/311/342 328/284/320 327/283/319
f 330/286/322 352/312/316 353/313/343
f 352/312/316 330/286/322 328/284/320
f 353/313/343 354/314/344 330/286/322
f 354/314/344 353/313/343 355/315/327
f 355/315/327 356/316/345 354/314/344
f 356/316/345 355/315/327 357/317/346
f 357/317/346 343/302/335 356/316/345
f 343/302/335 357/317/346 346/304/337
f 356/316/345 343/302/335 339/296/331
f 354/314/344 356/316/345 337/294/325
f 339/296/331 337/294/325 356/316/345
f 337/294/325 331/287/323 354/314/344
f 330/286/322 354/314/344 331/287/323
f 310/265/303 336/292/328 340/295/330
f 340/295/330 311/266/304 310/265/303
f 311/266/304 340/295/330 313/268/305
f 358/318/256 334/291/327 336/292/328
f 336/292/328 310/265/303 358/318/256
f 358/318/256 283/234/279 285/236/281
f 285/236/281 359/319/347 358/318/256
f 334/291/327 358/318/256 359/319/347
f 283/234/279 358/318/256 310/265/303
f 359/319/347 333/290/326 334/291/327
f 333/290/326 359/319/347 360/320/348
f 359/319/347 285/236/281 292/241/285
f 359/319/347 292/241/285 360/320/348
f 325/280/316 360/320/348 298/249/293
f 360/320/348 325/280/316 333/290/326
f 291/243/287 298/249/293 360/320/348
f 360/320/348 292/241/285 291/243/287
f 333/290/326 325/280/316 324/282/318
f 298/249/293 321/278/314 325/280/316
f 297/248/292 316/273/309 321/278/314
f 321/278/314 298/249/293 297/248/292
f 316/273/309 297/248/292 300/251/295
f 310/265/303 282/233/278 283/234/279
f 285/236/281 287/237/282 292/241/285
f 271/219/270 273/221/272 280/262/272
f 258/207/258 277/228/277 259/208/259
f 990/809/1027 991/810/1028 993/811/1029
f 994/812/1030 992/813/1031 990/809/1027
f 993/811/1029 994/812/1030 990/809/1027
f 994/812/1030 993/811/1029 996/814/1032
f 992/813/1031 994/812/1030 995/815/1033
f 996/814/1032 995/815/1033 994/812/1030
f 995/815/1033 996/814/1032 997/816/1034
f 998/817/1035 997/816/1034 996/814/1032
f 996/814/1032 999/818/1036 998/817/1035
f 999/818/1036 996/814/1032 993/811/1029
f 993/811/1029 1003/819/1037 999/818/1036
f 999/818/1036 1002/820/1038 1000/821/1039
f 1000/821/1039 998/817/1035 999/818/1036
f 1001/822/1040 1002/820/1038 999/818/1036
f 999/818/1036 1003/819/1037 1001/822/1040
f 1004/823/1041 1001/822/1040 1003/819/1037
f 1004/823/1041 1003/819/1037 993/811/1029
f 993/811/1029 991/810/1028 1004/823/1041
f 1000/821/1039 1002/820/1038 1005/824/1042
f 1001/822/1040 1005/824/1042 1002/820/1038
f 1005/824/1042 1006/825/1043 1000/821/1039
f 1000/821/1039 1006/825/1043 1007/826/1044
f 1009/827/1045 1007/826/1044 1008/828/1046
f 1007/826/1044 1009/827/1045 1000/821/1039
f 1009/827/1045 1010/829/1047 998/817/1035
f 998/817/1035 1000/821/1039 1009/827/1045
f 1010/829/1047 1009/827/1045 1008/828/1046
f 1010/829/1047 1011/830/1048 997/816/1034
f 997/816/1034 998/817/1035 1010/829/1047
f 1012/831/1049 1011/830/1048 1010/829/1047
f 1013/832/1050 1012/831/1049 1010/829/1047
f 1008/828/1046 1013/832/1050 1010/829/1047
f 1012/831/1049 1014/833/1051 1011/830/1048
f 1011/830/1048 1014/833/1051 1015/834/1052
f 1015/834/1052 1017/835/1053 1011/830/1048
f 1015/834/1052 1016/836/1054 1017/835/1053
f 1011/830/1048 1017/835/1053 1018/837/1055
f 1018/837/1055 1017/835/1053 1016/836/1054
f 1019/838/1056 995/815/1033 1018/837/1055
f 1018/837/1055 1020/839/1057 1019/838/1056
f 997/816/1034 1018/837/1055 995/815/1033
f 1018/837/1055 997/816/1034 1011/830/1048
f 1016/836/1054 1020/839/1057 1018/837/1055
f 1016/836/1054 1022/840/1058 1020/839/1057
f 1020/839/1057 1022/840/1058 1021/841/1059
f 1021/841/1059 1019/838/1056 1020/839/1057
f 1019/838/1056 1021/841/1059 992/813/1031
f 995/815/1033 1019/838/1056 992/813/1031
f 1024/812/1060 1023/809/1061 1027/813/1062
f 1023/809/1061 1024/812/1060 1025/811/1063
f 1025/811/1063 1026/810/1064 1023/809/1061
f 1030/815/1065 1024/812/1060 1027/813/1062
f 1027/813/1062 1028/838/1066 1030/815/1065
f 1028/838/1066 1027/813/1062 1029/841/1067
f 1024/812/1060 1030/815/1065 1032/814/1068
f 1031/837/1069 1030/815/1065 1028/838/1066
f 1030/815/1065 1031/837/1069 1033/816/1070
f 1033/816/1070 1032/814/1068 1030/815/1065
f 1034/830/1071 1033/816/1070 1031/837/1069
f 1032/814/1068 1033/816/1070 1036/817/1072
f 1033/816/1070 1034/830/1071 1035/829/1073
f 1035/829/1073 1036/817/1072 1033/816/1070
f 1036/817/1072 1037/818/1074 1032/814/1068
f 1036/817/1072 1035/829/1073 1039/827/1075
f 1037/818/1074 1036/817/1072 1038/821/1076
f 1039/827/1075 1038/821/1076 1036/817/1072
f 1040/828/1077 1039/827/1075 1035/829/1073
f 1039/827/1075 1040/828/1077 1041/826/1078
f 1038/821/1076 1039/827/1075 1041/826/1078
f 1041/826/1078 1042/825/1079 1038/821/1076
f 1038/821/1076 1042/825/1079 1043/824/1080
f 1044/822/1081 1045/820/1082 1043/824/1080
f 1043/824/1080 1045/820/1082 1038/821/1076
f 1037/818/1074 1045/820/1082 1044/822/1081
f 1038/821/1076 1045/820/1082 1037/818/1074
f 1046/823/1083 1047/819/1084 1044/822/1081
f 1044/822/1081 1047/819/1084 1037/818/1074
f 1025/811/1063 1047/819/1084 1046/823/1083
f 1037/818/1074 1047/819/1084 1025/811/1063
f 1046/823/1083 1026/810/1064 1025/811/1063
f 1035/829/1073 1048/832/1085 1040/828/1077
f 1048/832/1085 1035/829/1073 1049/831/1086
f 1034/830/1071 1050/833/1087 1049/831/1086
f 1035/829/1073 1034/830/1071 1049/831/1086
f 1051/834/1088 1050/833/1087 1034/830/1071
f 1034/830/1071 1053/835/1089 1051/834/1088
f 1051/834/1088 1053/835/1089 1052/836/1090
f 1052/836/1090 1053/835/1089 1031/837/1069
f 1031/837/1069 1053/835/1089 1034/830/1071
f 1031/837/1069 1054/839/1091 1052/836/1090
f 1052/836/1090 1054/839/1091 1055/840/1092
f 1029/841/1067 1055/840/1092 1054/839/1091
f 1028/838/1066 1054/839/1091 1031/837/1069
f 1054/839/1091 1028/838/1066 1029/841/1067
f 1025/811/1063 1032/814/1068 1037/818/1074
f 1032/814/1068 1025/811/1063 1024/812/1060
f 1058/842/1093 1057/843/1094 1056/844/1095
f 1056/844/1095 1057/843/1094 1060/845/1096
f 1056/844/1095 1059/846/1097 1058/842/1093
f 1060/845/1096 1057/843/1094 1061/847/1098
f 1061/847/1098 1062/848/1099 1060/845/1096
f 1063/849/1100 1062/848/1099 1061/847/1098
f 1064/850/1101 1065/851/1102 1063/849/1100
f 1063/849/1100 1061/847/1098 1064/850/1101
f 1066/852/1103 1065/851/1102 1064/850/1101
f 1068/853/1104 1067/854/1105 1066/852/1103
f 1064/850/1101 1068/853/1104 1066/852/1103
f 1067/854/1105 1068/853/1104 1069/855/1106
f 1068/853/1104 1064/850/1101 1058/842/1093
f 1058/842/1093 1069/855/1106 1068/853/1104
f 1070/856/1107 1069/855/1106 1058/842/1093
f 1070/856/1107 1071/857/1108 1069/855/1106
f 1069/855/1106 1071/857/1108 1067/854/1105
f 1058/842/1093 1059/846/1097 1070/856/1107
f 1064/850/1101 1061/847/1098 1057/843/1094
f 1057/843/1094 1058/842/1093 1064/850/1101
f 1072/844/1109 1073/845/1110 1074/843/1111
f 1072/844/1109 1074/843/1111 1076/842/1112
f 1076/842/1112 1075/846/1113 1072/844/1109
f 1079/850/1114 1076/842/1112 1074/843/1111
f 1080/856/1115 1075/846/1113 1076/842/1112
f 1078/853/1116 1077/855/1117 1076/842/1112
f 1076/842/1112 1077/855/1117 1080/856/1115
f 1076/842/1112 1079/850/1114 1078/853/1116
f 1080/856/1115 1077/855/1117 1081/857/1118
f 1082/854/1119 1081/857/1118 1077/855/1117
f 1078/853/1116 1083/852/1120 1082/854/1119
f 1077/855/1117 1078/853/1116 1082/854/1119
f 1083/852/1120 1078/853/1116 1079/850/1114
f 1079/850/1114 1084/851/1121 1083/852/1120
f 1085/849/1122 1084/851/1121 1079/850/1114
f 1079/850/1114 1086/847/1123 1085/849/1122
f 1085/849/1122 1086/847/1123 1087/848/1124
f 1073/845/1110 1087/848/1124 1086/847/1123
f 1074/843/1111 1086/847/1123 1079/850/1114
f 1086/847/1123 1074/843/1111 1073/845/1110
f 1089/858/1125 1091/859/1126 1088/860/1127
f 1090/858/1128 1088/860/1127 1091/859/1126
f 1092/861/1129 1093/862/1130 1090/858/1128
f 1093/862/1130 1094/863/1131 1090/858/1128
f 1094/863/1131 1093/862/1130 1097/864/1132
f 1095/865/1133 1094/863/1131 1096/866/1134
f 1097/864/1132 1096/866/1134 1094/863/1131
f 1096/866/1134 1097/864/1132 1099/867/1135
f 1098/868/1136 1097/864/1132 1093/862/1130
f 1097/864/1132 1098/868/1136 1100/869/1137
f 1100/869/1137 1099/867/1135 1097/864/1132
f 1100/869/1137 1098/868/1136 1101/870/1138
f 1101/870/1138 1103/871/1139 1100/869/1137
f 1099/867/1135 1100/869/1137 1102/872/1140
f 1102/872/1140 1100/869/1137 1103/871/1139
f 1101/870/1138 1104/873/1141 1103/871/1139
f 1105/874/1142 1103/871/1139 1104/873/1141
f 1103/871/1139 1105/874/1142 1102/872/1140
f 1104/873/1141 1106/875/1143 1105/874/1142
f 1105/874/1142 1106/875/1143 1108/876/1144
f 1107/877/1145 1102/872/1140 1105/874/1142
f 1105/874/1142 1109/878/1146 1107/877/1145
f 1108/876/1144 1109/878/1146 1105/874/1142
f 1110/879/1147 1109/878/1146 1111/880/1148
f 1107/877/1145 1109/878/1146 1110/879/1147
f 1109/878/1146 1108/876/1144 1111/880/1148
f 1112/881/1149 1111/880/1148 1108/876/1144
f 1113/876/1150 1111/880/1148 1112/881/1149
f 1114/878/1151 1111/880/1148 1113/876/1150
f 1111/880/1148 1114/878/1151 1115/879/1152
f 1115/879/1152 1116/882/1153 1111/880/1148
f 1111/880/1148 1116/882/1153 1110/879/1147
f 1110/879/1147 1116/882/1153 1117/883/1154
f 1117/883/1154 1116/882/1153 1115/879/1152
f 1118/884/1155 1117/883/1156 1120/885/1157
f 1117/883/1154 1118/884/1158 1110/879/1147
f 1115/879/1152 1119/884/1159 1117/883/1154
f 1120/885/1157 1117/883/1156 1119/884/1160
f 1121/886/1161 1120/885/1162 1123/887/1163
f 1120/885/1157 1121/886/1164 1118/884/1155
f 1123/887/1163 1120/885/1162 1122/886/1165
f 1119/884/1160 1122/886/1166 1120/885/1157
f 1123/887/1163 1124/888/1167 1121/886/1161
f 1124/888/1167 1123/887/1163 1125/889/1168
f 1125/889/1168 1123/887/1163 1126/888/1169
f 1122/886/1165 1126/888/1169 1123/887/1163
f 1126/888/1169 1129/890/1170 1125/889/1168
f 1126/888/1169 1122/886/1165 1128/891/1171
f 1126/888/1169 1127/892/1172 1129/890/1170
f 1128/891/1171 1127/892/1172 1126/888/1169
f 1130/893/1173 1132/894/1174 1129/890/1170
f 1129/890/1170 1127/892/1172 1130/893/1173
f 1125/889/1168 1129/890/1170 1131/895/1175
f 1131/895/1175 1129/890/1170 1132/894/1174
f 1133/896/1176 1132/894/1174 1134/897/1177
f 1132/894/1174 1133/896/1176 1136/898/1178
f 1132/894/1174 1135/899/1179 1131/895/1175
f 1134/897/1177 1132/894/1174 1130/893/1173
f 1136/898/1178 1135/899/1179 1132/894/1174
f 1137/900/1180 1138/901/1181 1136/898/1178
f 1137/900/1180 1136/898/1178 1133/896/1176
f 1136/898/1178 1138/901/1181 1139/902/1182
f 1139/902/1182 1135/899/1179 1136/898/1178
f 1139/902/1182 1138/901/1181 1140/903/1183
f 1140/903/1183 1141/904/1184 1139/902/1182
f 1142/905/1185 1139/902/1182 1141/904/1184
f 1142/905/1185 1135/899/1179 1139/902/1182
f 1143/906/1186 1144/907/1187 1142/905/1185
f 1142/905/1185 1145/908/1188 1143/906/1186
f 1144/907/1187 1135/899/1179 1142/905/1185
f 1141/904/1184 1145/908/1188 1142/905/1185
f 1146/909/1189 1147/910/1190 1145/908/1191
f 1145/908/1191 1141/904/1192 1146/909/1189
f 1143/906/1193 1145/908/1191 1147/910/1190
f 1147/910/1194 1149/911/1195 1148/912/1196
f 1148/912/1196 1150/913/1197 1147/910/1194
f 1149/911/1195 1147/910/1194 1146/909/1198
f 1147/910/1190 1150/913/1199 1143/906/1193
f 1151/914/1200 1150/913/1197 1148/912/1196
f 1150/913/1199 1151/914/1201 1152/915/1202
f 1152/915/1202 1143/906/1193 1150/913/1199
f 1152/915/1203 1154/916/1204 1153/917/1205
f 1153/917/1205 1155/918/1206 1152/915/1203
f 1154/916/1207 1152/915/1202 1151/914/1201
f 1144/907/1187 1143/906/1186 1152/915/1203
f 1152/915/1203 1155/918/1206 1144/907/1187
f 1153/917/1205 1131/895/1175 1155/918/1206
f 1155/918/1206 1131/895/1175 1135/899/1179
f 1135/899/1179 1144/907/1187 1155/918/1206
f 1157/919/1208 1153/917/1205 1154/916/1204
f 1151/914/1201 1156/920/1209 1154/916/1207
f 1158/921/1210 1154/916/1207 1156/920/1209
f 1154/916/1204 1158/921/1211 1157/919/1208
f 1159/919/1212 1158/921/1213 1160/916/1214
f 1161/920/1215 1160/916/1216 1158/921/1210
f 1156/920/1209 1162/922/1217 1158/921/1210
f 1158/921/1210 1162/922/1217 1161/920/1215
f 1161/920/1218 1162/922/1219 1163/923/1220
f 1163/923/1220 1162/922/1219 1156/920/1221
f 1163/923/1220 1168/924/1222 1164/925/1223
f 1164/925/1223 1165/926/1224 1163/923/1220
f 1156/920/1221 1168/924/1222 1163/923/1220
f 1163/923/1220 1165/926/1224 1166/925/1225
f 1166/925/1225 1167/924/1226 1163/923/1220
f 1163/923/1220 1167/924/1226 1161/920/1218
f 1168/924/1222 1173/927/1227 1169/928/1228
f 1169/928/1228 1170/929/1229 1168/924/1222
f 1172/930/1230 1164/925/1223 1168/924/1222
f 1171/931/1231 1168/924/1222 1170/929/1229
f 1168/924/1222 1171/931/1231 1172/930/1230
f 1151/914/1200 1173/927/1227 1168/924/1222
f 1168/924/1222 1156/920/1221 1151/914/1200
f 1169/928/1228 1173/927/1227 1148/912/1196
f 1148/912/1196 1173/927/1227 1151/914/1200
f 1172/930/1230 1171/931/1231 1175/932/1232
f 1164/925/1223 1172/930/1230 1174/933/1233
f 1175/932/1232 1174/933/1233 1172/930/1230
f 1170/929/1229 1175/932/1232 1171/931/1231
f 1176/934/1234 1175/932/1232 1170/929/1229
f 1177/935/1235 1174/933/1233 1175/932/1232
f 1175/932/1232 1176/934/1234 1177/935/1235
f 1177/935/1235 1179/936/1236 1178/937/1237
f 1178/937/1237 1181/938/1238 1177/935/1235
f 1180/939/1239 1174/933/1233 1177/935/1235
f 1179/936/1236 1177/935/1235 1176/934/1234
f 1177/935/1235 1181/938/1238 1180/939/1239
f 1181/938/1238 1183/940/1240 1182/941/1241
f 1182/941/1241 1180/939/1239 1181/938/1238
f 1183/940/1240 1181/938/1238 1178/937/1237
f 1182/941/1241 1183/940/1240 1184/938/1242
f 1185/937/1243 1184/938/1242 1183/940/1240
f 1183/940/1240 1186/942/1244 1185/937/1243
f 1178/937/1237 1186/942/1244 1183/940/1240
f 1185/937/1243 1186/942/1244 1187/943/1245
f 1187/943/1245 1186/942/1244 1178/937/1237
f 1187/943/1245 1188/936/1246 1185/937/1243
f 1178/937/1237 1179/936/1236 1187/943/1245
f 1189/944/1247 1187/943/1245 1179/936/1236
f 1188/936/1246 1187/943/1245 1189/944/1247
f 1192/945/1248 1189/944/1247 1190/946/1249
f 1190/946/1249 1189/944/1247 1191/945/1250
f 1189/944/1247 1192/945/1248 1188/936/1246
f 1179/936/1236 1191/945/1250 1189/944/1247
f 1188/936/1246 1192/945/1248 1193/934/1251
f 1193/934/1251 1192/945/1248 1194/947/1252
f 1190/946/1249 1194/947/1252 1192/945/1248
f 1195/948/1253 1194/947/1252 1190/946/1249
f 1196/949/1254 1194/947/1252 1195/948/1253
f 1194/947/1252 1196/949/1254 1193/934/1251
f 1198/950/1255 1196/949/1254 1197/951/1256
f 1195/948/1253 1197/951/1256 1196/949/1254
f 1196/949/1254 1198/950/1255 1199/929/1257
f 1193/934/1251 1196/949/1254 1199/929/1257
f 1199/929/1257 1167/924/1226 1202/931/1258
f 1167/924/1226 1199/929/1257 1200/928/1259
f 1203/952/1260 1200/928/1259 1199/929/1257
f 1202/931/1258 1201/932/1261 1199/929/1257
f 1199/929/1257 1201/932/1261 1193/934/1251
f 1199/929/1257 1198/950/1255 1203/952/1260
f 1204/953/1262 1203/952/1263 1206/954/1264
f 1203/952/1260 1204/953/1265 1205/955/1266
f 1205/955/1266 1200/928/1259 1203/952/1260
f 1207/956/1267 1206/954/1264 1203/952/1263
f 1203/952/1263 1198/950/1268 1207/956/1267
f 1208/957/1269 1209/958/1270 1207/956/1267
f 1207/956/1267 1198/950/1268 1208/957/1269
f 1207/956/1271 1209/958/1272 1206/954/1273
f 1211/959/1274 1210/960/1275 1209/958/1270
f 1206/954/1273 1209/958/1272 1210/960/1276
f 1209/958/1270 1208/957/1269 1211/959/1274
f 1211/959/1277 1212/961/1278 1213/962/1279
f 1215/963/1280 1212/961/1278 1211/959/1277
f 1211/959/1274 1213/962/1281 1214/964/1282
f 1216/965/1283 1211/959/1277 1208/957/1284
f 1214/964/1282 1210/960/1275 1211/959/1274
f 1211/959/1277 1216/965/1283 1215/963/1280
f 1215/963/1280 1216/965/1283 1217/966/1285
f 1217/966/1285 1216/965/1283 1197/951/1256
f 1208/957/1284 1197/951/1256 1216/965/1283
f 1217/966/1286 1222/967/1287 1218/968/1288
f 1218/968/1288 1219/969/1289 1217/966/1286
f 1217/966/1286 1219/969/1289 1220/970/1290
f 1197/951/1256 1195/948/1253 1217/966/1285
f 1220/970/1290 1221/971/1291 1217/966/1286
f 1217/966/1285 1221/971/1292 1215/963/1280
f 1195/948/1253 1222/967/1293 1217/966/1285
f 1190/946/1249 1222/967/1293 1195/948/1253
f 1223/948/1294 1222/967/1293 1190/946/1249
f 1223/948/1294 1224/966/1295 1222/967/1293
f 1218/968/1288 1222/967/1287 1224/966/1296
f 1224/966/1295 1223/948/1294 1226/951/1297
f 1224/966/1296 1225/969/1298 1218/968/1288
f 1229/970/1299 1225/969/1298 1224/966/1296
f 1226/951/1297 1228/965/1300 1224/966/1295
f 1224/966/1295 1228/965/1300 1227/963/1301
f 1227/963/1301 1230/971/1302 1224/966/1295
f 1224/966/1296 1230/971/1303 1229/970/1299
f 1231/972/1304 1230/971/1302 1227/963/1301
f 1229/970/1299 1230/971/1303 1231/972/1305
f 1233/973/1306 1232/974/1307 1231/972/1304
f 1235/975/1308 1231/972/1305 1232/974/1309
f 1231/972/1304 1234/976/1310 1233/973/1306
f 1231/972/1305 1235/975/1308 1229/970/1299
f 1227/963/1301 1234/976/1310 1231/972/1304
f 1236/977/1311 1229/970/1312 1235/975/1313
f 1235/975/1313 1237/978/1314 1236/977/1311
f 1237/978/1314 1235/975/1313 1238/979/1315
f 1232/974/1309 1238/979/1316 1235/975/1308
f 1238/979/1315 1239/980/1317 1237/978/1314
f 1239/980/1317 1238/979/1315 1240/981/1318
f 1241/982/1319 1240/981/1320 1238/979/1316
f 1238/979/1316 1232/974/1309 1241/982/1319
f 1243/983/1321 1241/982/1322 1232/974/1307
f 1240/981/1320 1241/982/1319 1242/984/1323
f 1242/984/1324 1241/982/1322 1243/983/1321
f 1245/985/1325 1243/983/1321 1244/986/1326
f 1244/986/1326 1243/983/1321 1233/973/1306
f 1243/983/1321 1245/985/1325 1242/984/1324
f 1232/974/1307 1233/973/1306 1243/983/1321
f 1245/985/1327 1246/987/1328 1248/988/1329
f 1244/986/1326 1246/987/1330 1245/985/1325
f 1245/985/1327 1247/989/1331 1249/990/1332
f 1248/988/1329 1247/989/1331 1245/985/1327
f 1249/990/1332 1242/984/1323 1245/985/1327
f 1250/991/1333 1249/990/1334 1247/989/1335
f 1240/981/1318 1249/990/1334 1250/991/1333
f 1242/984/1323 1249/990/1332 1240/981/1320
f 1251/992/1336 1250/991/1333 1253/993/1337
f 1251/992/1336 1252/994/1338 1250/991/1333
f 1247/989/1335 1253/993/1337 1250/991/1333
f 1250/991/1333 1252/994/1338 1240/981/1318
f 1248/988/1339 1255/995/1340 1253/993/1337
f 1253/993/1337 1247/989/1335 1248/988/1339
f 1253/993/1337 1254/996/1341 1251/992/1336
f 1254/996/1341 1253/993/1337 1255/995/1340
f 1255/995/1340 1259/997/1342 1254/996/1341
f 1256/998/1343 1258/999/1344 1255/995/1340
f 1255/995/1340 1248/988/1339 1256/998/1343
f 1255/995/1340 1258/999/1344 1257/1000/1345
f 1257/1000/1345 1259/997/1342 1255/995/1340
f 1254/996/1341 1259/997/1342 1260/1001/1346
f 1261/1002/1347 1260/1001/1346 1259/997/1342
f 1259/997/1342 1257/1000/1345 1261/1002/1347
f 1261/1002/1347 1257/1000/1345 1262/1003/1348
f 1262/1003/1348 1263/1004/1349 1261/1002/1347
f 1265/1005/1350 1261/1002/1347 1263/1004/1349
f 1264/1006/1351 1260/1001/1346 1261/1002/1347
f 1261/1002/1347 1265/1005/1350 1264/1006/1351
f 1263/1004/1349 1266/1007/1352 1265/1005/1350
f 1264/1006/1351 1265/1005/1350 1268/1002/1353
f 1265/1005/1350 1266/1007/1352 1267/1004/1354
f 1267/1004/1354 1268/1002/1353 1265/1005/1350
f 1268/1002/1353 1269/1000/1355 1271/997/1356
f 1272/1003/1357 1269/1000/1355 1268/1002/1353
f 1268/1002/1353 1270/1001/1358 1264/1006/1351
f 1271/997/1356 1270/1001/1358 1268/1002/1353
f 1268/1002/1353 1267/1004/1354 1272/1003/1357
f 1272/1003/1357 1273/1008/1359 1274/1009/1360
f 1276/1010/1361 1273/1011/1359 1272/1012/1357
f 1269/1000/1355 1272/1003/1357 1274/1009/1360
f 1272/1003/1357 1267/1004/1354 1275/1013/1362
f 1272/1012/1357 1275/1014/1362 1277/1015/1363
f 1277/1015/1363 1276/1010/1361 1272/1012/1357
f 1278/1016/1364 1277/1015/1363 1275/1014/1362
f 1277/1015/1363 1278/1016/1364 1280/1017/1365
f 1277/1015/1363 1279/1018/1366 1281/1019/1367
f 1280/1017/1365 1279/1018/1366 1277/1015/1363
f 1281/1019/1367 1276/1010/1361 1277/1015/1363
f 1276/1010/1361 1281/1019/1367 1282/1020/1368
f 1282/1020/1368 1281/1019/1367 1283/1021/1369
f 1284/1022/1370 1283/1021/1369 1281/1019/1367
f 1281/1019/1367 1279/1018/1366 1284/1022/1370
f 1283/1021/1369 1284/1022/1370 1285/1023/1371
f 1287/1024/1372 1285/1023/1371 1284/1022/1370
f 1286/1025/1373 1284/1022/1370 1279/1018/1366
f 1284/1022/1370 1286/1025/1373 1287/1024/1372
f 1285/1023/1371 1287/1024/1372 1288/1026/1374
f 1288/1027/1374 1287/1028/1372 1289/1029/1375
f 1287/1028/1372 1286/1030/1373 1290/1031/1376
f 1290/1031/1376 1289/1029/1375 1287/1028/1372
f 1290/1031/1376 1291/1032/1377 1293/1033/1378
f 1291/1032/1377 1290/1031/1376 1286/1030/1373
f 1292/1034/1379 1289/1029/1375 1290/1031/1376
f 1293/1033/1378 1292/1034/1379 1290/1031/1376
f 1295/1035/1380 1293/1033/1378 1294/1036/1381
f 1294/1036/1381 1293/1033/1378 1291/1032/1377
f 1292/1034/1379 1293/1033/1378 1295/1035/1380
f 1296/1037/1382 1295/1035/1380 1297/1038/1383
f 1295/1035/1380 1296/1037/1382 1292/1034/1379
f 1294/1036/1381 1299/1039/1384 1295/1035/1380
f 1298/1040/1385 1297/1038/1383 1295/1035/1380
f 1295/1035/1380 1299/1039/1384 1298/1040/1385
f 1301/1041/1386 1299/1039/1384 1294/1036/1381
f 1299/1039/1384 1301/1041/1386 1300/1042/1387
f 1300/1042/1387 1298/1040/1385 1299/1039/1384
f 1294/1036/1381 1302/1043/1388 1301/1041/1386
f 1301/1041/1386 1302/1043/1388 1304/1044/1389
f 1304/1044/1389 1303/1045/1390 1301/1041/1386
f 1300/1042/1387 1301/1041/1386 1303/1045/1390
f 1303/1046/1390 1304/1047/1389 1307/1048/1391
f 1304/1044/1389 1302/1043/1388 1305/1049/1392
f 1305/1049/1392 1306/1050/1393 1304/1044/1389
f 1307/1051/1391 1304/1044/1389 1306/1050/1393
f 1307/1048/1391 1309/1052/1394 1308/1053/1395
f 1308/1053/1395 1310/1054/1396 1307/1048/1391
f 1306/1050/1393 1309/1055/1394 1307/1051/1391
f 1307/1048/1391 1312/1056/1397 1303/1046/1390
f 1307/1048/1391 1310/1054/1396 1311/1057/1398
f 1311/1057/1398 1312/1056/1397 1307/1048/1391
f 1303/1046/1390 1312/1056/1397 1314/1058/1399
f 1313/1059/1400 1314/1058/1399 1312/1056/1397
f 1312/1056/1397 1311/1057/1398 1313/1059/1400
f 1314/1058/1399 1315/1060/1401 1303/1046/1390
f 1316/1061/1402 1315/1060/1401 1314/1058/1399
f 1314/1058/1399 1318/1062/1403 1316/1061/1402
f 1317/1063/1404 1318/1062/1403 1314/1058/1399
f 1314/1058/1399 1313/1059/1400 1317/1063/1404
f 1316/1061/1405 1318/1062/1406 1320/1064/1407
f 1319/1065/1408 1320/1064/1409 1318/1062/1403
f 1318/1062/1403 1317/1063/1404 1319/1065/1408
f 1320/1064/1407 1321/1066/1410 1324/998/1411
f 1323/1067/1412 1321/1066/1413 1320/1064/1409
f 1320/1064/1407 1322/1068/1414 1316/1061/1405
f 1324/998/1411 1322/1068/1414 1320/1064/1407
f 1320/1064/1409 1319/1065/1408 1323/1067/1412
f 1325/987/1415 1326/988/1416 1324/998/1411
f 1324/998/1411 1321/1066/1410 1325/987/1415
f 1324/998/1417 1326/988/1418 1328/995/1419
f 1328/995/1419 1327/999/1420 1324/998/1417
f 1322/1068/1421 1324/998/1417 1327/999/1420
f 1269/1000/1355 1327/999/1420 1328/995/1419
f 1328/995/1419 1329/993/1422 1330/996/1423
f 1329/993/1422 1328/995/1419 1326/988/1418
f 1330/996/1423 1271/997/1356 1328/995/1419
f 1328/995/1419 1271/997/1356 1269/1000/1355
f 1330/996/1423 1331/1069/1424 1270/1001/1358
f 1270/1001/1358 1271/997/1356 1330/996/1423
f 1332/992/1425 1330/996/1423 1329/993/1422
f 1331/1069/1424 1330/996/1423 1332/992/1425
f 1329/993/1422 1333/991/1426 1332/992/1425
f 1332/992/1425 1333/991/1426 1335/994/1427
f 1332/992/1425 1334/1070/1428 1331/1069/1424
f 1334/1070/1428 1332/992/1425 1335/994/1427
f 1335/994/1427 1337/980/1429 1336/1071/1430
f 1336/1071/1430 1339/1072/1431 1335/994/1427
f 1337/980/1429 1335/994/1427 1338/981/1432
f 1338/981/1432 1335/994/1427 1333/991/1426
f 1335/994/1427 1339/1072/1431 1334/1070/1428
f 1339/1072/1431 1336/1071/1430 1340/1073/1433
f 1340/1073/1433 1341/1074/1434 1339/1072/1431
f 1334/1070/1428 1339/1072/1431 1341/1074/1434
f 1342/1072/1435 1341/1074/1434 1340/1073/1433
f 1341/1074/1434 1342/1072/1435 1343/1070/1436
f 1343/1070/1436 1344/1075/1437 1341/1074/1434
f 1341/1074/1434 1344/1075/1437 1334/1070/1428
f 1334/1070/1428 1344/1075/1437 1345/1076/1438
f 1345/1076/1438 1344/1075/1437 1343/1070/1436
f 1343/1070/1436 1346/1069/1439 1345/1076/1438
f 1345/1076/1438 1346/1069/1439 1260/1001/1346
f 1260/1001/1346 1264/1006/1351 1345/1076/1438
f 1345/1076/1438 1264/1006/1351 1270/1001/1358
f 1270/1001/1358 1331/1069/1424 1345/1076/1438
f 1345/1076/1438 1331/1069/1424 1334/1070/1428
f 1260/1001/1346 1346/1069/1439 1254/996/1341
f 1251/992/1336 1254/996/1341 1346/1069/1439
f 1346/1069/1439 1343/1070/1436 1251/992/1336
f 1343/1070/1436 1342/1072/1435 1252/994/1338
f 1252/994/1338 1251/992/1336 1343/1070/1436
f 1340/1073/1433 1347/1071/1440 1342/1072/1435
f 1252/994/1338 1342/1072/1435 1347/1071/1440
f 1347/1071/1440 1340/1073/1433 1349/1077/1441
f 1349/1077/1441 1348/1078/1442 1347/1071/1440
f 1347/1071/1440 1348/1078/1442 1237/978/1314
f 1237/978/1314 1239/980/1317 1347/1071/1440
f 1347/1071/1440 1239/980/1317 1252/994/1338
f 1350/1079/1443 1348/1078/1442 1349/1077/1441
f 1349/1077/1441 1353/1080/1444 1350/1079/1443
f 1349/1077/1441 1340/1073/1433 1336/1071/1430
f 1336/1071/1430 1351/1078/1445 1349/1077/1441
f 1349/1077/1441 1351/1078/1445 1352/1079/1446
f 1352/1079/1446 1353/1080/1444 1349/1077/1441
f 1352/1079/1446 1354/1081/1447 1353/1080/1444
f 1350/1079/1443 1353/1080/1444 1354/1081/1447
f 1356/1082/1448 1354/1081/1447 1352/1079/1446
f 1356/1082/1448 1355/1083/1449 1354/1081/1447
f 1357/1082/1450 1354/1081/1447 1355/1083/1449
f 1350/1079/1443 1354/1081/1447 1357/1082/1450
f 1229/970/1312 1236/977/1311 1357/1082/1450
f 1357/1082/1450 1225/969/1451 1229/970/1312
f 1357/1082/1450 1236/977/1311 1350/1079/1443
f 1225/969/1451 1357/1082/1450 1355/1083/1449
f 1355/1083/1449 1356/1082/1448 1219/969/1452
f 1220/970/1453 1219/969/1452 1356/1082/1448
f 1352/1079/1446 1358/977/1454 1356/1082/1448
f 1356/1082/1448 1358/977/1454 1220/970/1453
f 1359/975/1455 1220/970/1453 1358/977/1454
f 1358/977/1454 1360/978/1456 1359/975/1455
f 1351/1078/1445 1360/978/1456 1358/977/1454
f 1358/977/1454 1352/1079/1446 1351/1078/1445
f 1360/978/1456 1351/1078/1445 1336/1071/1430
f 1336/1071/1430 1337/980/1429 1360/978/1456
f 1361/979/1457 1359/975/1455 1360/978/1456
f 1360/978/1456 1337/980/1429 1361/979/1457
f 1359/975/1458 1361/979/1459 1362/974/1460
f 1338/981/1432 1361/979/1457 1337/980/1429
f 1361/979/1459 1338/981/1461 1363/982/1462
f 1363/982/1462 1362/974/1460 1361/979/1459
f 1364/984/1463 1363/982/1462 1338/981/1461
f 1365/983/1464 1363/982/1465 1364/984/1466
f 1362/974/1467 1363/982/1465 1365/983/1464
f 1368/986/1468 1365/983/1464 1366/985/1469
f 1364/984/1466 1366/985/1469 1365/983/1464
f 1367/973/1470 1365/983/1464 1368/986/1468
f 1365/983/1464 1367/973/1470 1362/974/1467
f 1369/1084/1471 1368/986/1468 1370/1085/1472
f 1371/1086/1473 1368/986/1468 1369/1084/1471
f 1368/986/1468 1371/1086/1473 1367/973/1470
f 1372/1087/1474 1370/1085/1472 1368/986/1468
f 1366/985/1469 1325/987/1475 1368/986/1468
f 1325/987/1475 1373/1088/1476 1368/986/1468
f 1368/986/1468 1373/1088/1476 1372/1087/1474
f 1372/1087/1474 1373/1088/1476 1374/1089/1477
f 1373/1088/1476 1325/987/1475 1374/1089/1477
f 1374/1089/1477 1325/987/1475 1321/1066/1413
f 1321/1066/1413 1323/1067/1412 1374/1089/1477
f 1374/1089/1477 1323/1067/1412 1375/1090/1478
f 1375/1090/1478 1376/1091/1479 1374/1089/1477
f 1374/1089/1477 1376/1091/1479 1372/1087/1474
f 1377/1092/1480 1376/1093/1479 1375/1094/1478
f 1372/1095/1474 1376/1093/1479 1377/1092/1480
f 1378/1096/1481 1377/1092/1480 1379/1097/1482
f 1380/1098/1483 1377/1092/1480 1378/1096/1481
f 1375/1094/1478 1379/1097/1482 1377/1092/1480
f 1377/1092/1480 1380/1098/1483 1372/1095/1474
f 1381/1099/1484 1380/1100/1483 1378/1096/1481
f 1372/1101/1474 1380/1100/1483 1381/1099/1484
f 1384/1102/1485 1381/1099/1484 1378/1096/1481
f 1385/1103/1486 1382/1104/1487 1381/1099/1484
f 1383/1105/1488 1381/1099/1484 1382/1104/1487
f 1381/1099/1484 1383/1105/1488 1372/1101/1474
f 1381/1099/1484 1384/1102/1485 1385/1103/1486
f 1386/1106/1489 1385/1103/1486 1384/1102/1485
f 1385/1107/1490 1386/1108/1491 1387/1109/1492
f 1387/1109/1492 1388/1110/1493 1385/1107/1490
f 1385/1107/1490 1388/1110/1493 1389/1111/1494
f 1389/1111/1494 1382/1112/1495 1385/1107/1490
f 1389/1111/1496 1388/1110/1497 1391/1113/1498
f 1389/1111/1494 1390/1114/1499 1392/1115/1500
f 1391/1113/1498 1390/1114/1501 1389/1111/1496
f 1392/1115/1500 1382/1112/1495 1389/1111/1494
f 1394/1116/1502 1393/1117/1503 1392/1115/1500
f 1392/1118/1504 1393/1119/1505 1396/1120/1506
f 1392/1115/1500 1390/1114/1499 1394/1116/1502
f 1382/1104/1487 1392/1118/1504 1395/1121/1507
f 1396/1120/1506 1395/1121/1507 1392/1118/1504
f 1395/1121/1507 1396/1120/1506 1397/1122/1508
f 1398/1123/1509 1397/1122/1508 1396/1120/1506
f 1369/1124/1471 1396/1120/1506 1393/1119/1505
f 1396/1120/1506 1369/1124/1471 1398/1123/1509
f 1398/1123/1509 1370/1125/1472 1399/1126/1510
f 1369/1124/1471 1370/1125/1472 1398/1123/1509
f 1398/1123/1509 1399/1126/1510 1400/1127/1511
f 1400/1127/1511 1397/1122/1508 1398/1123/1509
f 1395/1121/1507 1400/1127/1511 1401/1128/1512
f 1397/1122/1508 1400/1127/1511 1395/1121/1507
f 1401/1128/1512 1400/1127/1511 1399/1126/1510
f 1401/1128/1512 1404/1129/1513 1395/1121/1507
f 1399/1126/1510 1402/1130/1514 1401/1128/1512
f 1401/1128/1512 1402/1130/1514 1372/1101/1474
f 1372/1101/1474 1403/1131/1515 1401/1128/1512
f 1403/1131/1515 1404/1129/1513 1401/1128/1512
f 1404/1129/1513 1403/1131/1515 1383/1105/1488
f 1383/1105/1488 1382/1104/1487 1404/1129/1513
f 1395/1121/1507 1404/1129/1513 1382/1104/1487
f 1403/1131/1515 1372/1101/1474 1383/1105/1488
f 1399/1126/1510 1370/1125/1472 1402/1132/1514
f 1402/1132/1514 1370/1125/1472 1372/1133/1474
f 1405/1134/1516 1394/1116/1517 1390/1114/1501
f 1407/1135/1518 1394/1116/1517 1405/1134/1516
f 1406/1136/1519 1393/1117/1503 1394/1116/1502
f 1394/1116/1502 1407/1135/1520 1406/1136/1519
f 1214/964/1521 1407/1135/1518 1408/1137/1522
f 1406/1136/1519 1407/1135/1520 1214/964/1282
f 1405/1134/1516 1408/1137/1522 1407/1135/1518
f 1204/953/1262 1408/1137/1523 1405/1134/1524
f 1206/954/1264 1408/1137/1523 1204/953/1262
f 1408/1137/1522 1206/954/1273 1214/964/1521
f 1393/1117/1505 1406/1136/1525 1409/1138/1526
f 1212/961/1278 1409/1138/1526 1406/1136/1525
f 1406/1136/1525 1213/962/1279 1212/961/1278
f 1214/964/1282 1213/962/1281 1406/1136/1519
f 1409/1138/1526 1212/961/1278 1215/963/1280
f 1215/963/1280 1410/976/1527 1409/1138/1526
f 1371/1086/1473 1409/1138/1526 1410/976/1527
f 1409/1138/1526 1371/1086/1473 1393/1117/1505
f 1410/976/1527 1367/973/1470 1371/1086/1473
f 1367/973/1470 1410/976/1527 1411/972/1528
f 1411/972/1528 1410/976/1527 1215/963/1280
f 1220/970/1290 1359/975/1458 1411/972/1529
f 1411/972/1529 1221/971/1291 1220/970/1290
f 1411/972/1528 1362/974/1467 1367/973/1470
f 1362/974/1460 1411/972/1529 1359/975/1458
f 1215/963/1280 1221/971/1292 1411/972/1528
f 1405/1134/1524 1412/1139/1530 1204/953/1262
f 1412/1139/1530 1405/1134/1524 1391/1113/1531
f 1390/1114/1501 1391/1113/1498 1405/1134/1516
f 1205/955/1266 1204/953/1265 1412/1139/1532
f 1391/1113/1531 1414/1140/1533 1412/1139/1530
f 1412/1139/1532 1414/1140/1534 1413/1141/1535
f 1413/1141/1535 1415/1142/1536 1412/1139/1532
f 1412/1139/1532 1415/1142/1536 1205/955/1266
f 1416/911/1537 1415/1142/1536 1413/1141/1535
f 1205/955/1266 1415/1142/1536 1416/911/1537
f 1413/1141/1535 1417/1143/1538 1416/911/1537
f 1416/911/1537 1417/1143/1538 1419/909/1539
f 1416/911/1537 1418/912/1540 1205/955/1266
f 1418/912/1540 1416/911/1537 1420/910/1541
f 1419/909/1539 1420/910/1541 1416/911/1537
f 1420/910/1541 1421/913/1542 1418/912/1540
f 1422/908/1543 1420/910/1544 1419/909/1545
f 1423/906/1546 1421/913/1547 1420/910/1544
f 1420/910/1544 1422/908/1543 1423/906/1546
f 1423/906/1548 1422/908/1549 1426/905/1550
f 1425/915/1551 1423/906/1548 1424/907/1552
f 1426/905/1550 1424/907/1552 1423/906/1548
f 1421/913/1547 1423/906/1546 1425/915/1553
f 1426/905/1550 1427/902/1554 1429/899/1555
f 1428/904/1556 1427/902/1554 1426/905/1550
f 1426/905/1550 1422/908/1549 1428/904/1556
f 1424/907/1552 1426/905/1550 1429/899/1555
f 1431/895/1557 1429/899/1555 1430/894/1558
f 1430/894/1558 1429/899/1555 1433/898/1559
f 1429/899/1555 1431/895/1557 1432/918/1560
f 1432/918/1560 1424/907/1552 1429/899/1555
f 1433/898/1559 1429/899/1555 1427/902/1554
f 1434/900/1561 1433/898/1559 1435/901/1562
f 1436/896/1563 1433/898/1559 1434/900/1561
f 1427/902/1554 1435/901/1562 1433/898/1559
f 1433/898/1559 1436/896/1563 1430/894/1558
f 1436/896/1563 1437/1144/1564 1438/897/1565
f 1434/900/1561 1437/1144/1564 1436/896/1563
f 1438/897/1565 1430/894/1558 1436/896/1563
f 1439/1145/1566 1438/897/1565 1437/1144/1564
f 1438/897/1565 1440/893/1567 1430/894/1558
f 1440/893/1567 1438/897/1565 1439/1145/1566
f 1442/890/1568 1430/894/1558 1440/893/1567
f 1439/1145/1566 1441/1146/1569 1440/893/1567
f 1443/892/1570 1440/893/1567 1441/1146/1569
f 1440/893/1567 1443/892/1570 1442/890/1568
f 1124/888/1167 1442/890/1568 1443/892/1570
f 1124/888/1167 1443/892/1570 1444/891/1571
f 1441/1146/1569 1444/891/1571 1443/892/1570
f 1444/891/1571 1121/886/1161 1124/888/1167
f 1445/1147/1572 1444/891/1573 1441/1146/1574
f 1444/891/1573 1445/1147/1572 1118/884/1155
f 1118/884/1155 1121/886/1164 1444/891/1573
f 1445/1147/1575 1447/1148/1576 1446/1149/1577
f 1446/1149/1577 1448/1150/1578 1445/1147/1575
f 1441/1146/1574 1447/1148/1579 1445/1147/1572
f 1118/884/1158 1445/1147/1575 1448/1150/1578
f 1448/1150/1578 1446/1149/1577 1449/1151/1580
f 1449/1151/1580 1107/877/1145 1448/1150/1578
f 1110/879/1147 1448/1150/1578 1107/877/1145
f 1448/1150/1578 1110/879/1147 1118/884/1158
f 1452/1152/1581 1449/1151/1580 1446/1149/1577
f 1107/877/1145 1449/1151/1580 1451/1153/1582
f 1449/1151/1580 1452/1152/1581 1450/1154/1583
f 1450/1154/1583 1451/1153/1582 1449/1151/1580
f 1308/1053/1395 1450/1154/1583 1452/1152/1581
f 1452/1152/1581 1310/1054/1396 1308/1053/1395
f 1310/1054/1396 1452/1152/1581 1453/1155/1584
f 1446/1149/1577 1453/1155/1584 1452/1152/1581
f 1453/1155/1584 1311/1057/1398 1310/1054/1396
f 1311/1057/1398 1453/1155/1584 1454/1156/1585
f 1447/1148/1576 1454/1156/1585 1453/1155/1584
f 1453/1155/1584 1446/1149/1577 1447/1148/1576
f 1454/1156/1585 1455/1157/1586 1311/1057/1398
f 1455/1157/1587 1454/1156/1588 1439/1145/1589
f 1439/1145/1589 1454/1156/1588 1447/1148/1579
f 1311/1057/1398 1455/1157/1586 1458/1158/1590
f 1455/1157/1587 1457/1159/1591 1456/1160/1592
f 1456/1160/1592 1458/1158/1593 1455/1157/1587
f 1439/1145/1589 1457/1159/1591 1455/1157/1587
f 1458/1158/1590 1313/1059/1400 1311/1057/1398
f 1459/903/1594 1460/1161/1595 1458/1158/1593
f 1458/1158/1593 1456/1160/1592 1459/903/1594
f 1313/1059/1400 1458/1158/1590 1460/1161/1596
f 1460/1161/1595 1459/903/1594 1428/904/1597
f 1460/1161/1596 1461/1162/1598 1313/1059/1400
f 1417/1143/1538 1461/1162/1598 1460/1161/1596
f 1428/904/1597 1419/909/1545 1460/1161/1595
f 1460/1161/1596 1419/909/1539 1417/1143/1538
f 1461/1162/1598 1319/1065/1408 1317/1063/1404
f 1413/1141/1535 1319/1065/1408 1461/1162/1598
f 1317/1063/1404 1313/1059/1400 1461/1162/1598
f 1461/1162/1598 1417/1143/1538 1413/1141/1535
f 1434/900/1561 1435/901/1562 1459/903/1599
f 1459/903/1599 1435/901/1562 1427/902/1554
f 1459/903/1599 1456/1160/1600 1434/900/1561
f 1427/902/1554 1428/904/1556 1459/903/1599
f 1456/1160/1600 1457/1159/1601 1437/1144/1564
f 1437/1144/1564 1457/1159/1601 1439/1145/1566
f 1437/1144/1564 1434/900/1561 1456/1160/1600
f 1451/1153/1582 1450/1154/1583 1462/1163/1602
f 1462/1163/1602 1099/867/1135 1451/1153/1582
f 1102/872/1140 1451/1153/1582 1099/867/1135
f 1451/1153/1582 1102/872/1140 1107/877/1145
f 1463/1164/1603 1462/1163/1602 1450/1154/1583
f 1099/867/1135 1462/1163/1602 1096/866/1134
f 1096/866/1134 1462/1163/1602 1463/1164/1603
f 1464/1165/1604 1465/1166/1605 1463/1164/1603
f 1463/1164/1603 1466/1167/1606 1464/1165/1604
f 1463/1164/1603 1465/1166/1605 1096/866/1134
f 1450/1154/1583 1308/1053/1395 1463/1164/1603
f 1466/1167/1606 1463/1164/1603 1308/1053/1395
f 1308/1053/1395 1309/1052/1394 1466/1167/1606
f 1467/1168/1607 1466/1169/1606 1309/1055/1394
f 1464/1170/1604 1466/1171/1606 1467/1172/1607
f 1464/1170/1604 1467/1172/1607 1468/1173/1608
f 1305/1049/1392 1468/1174/1608 1467/1168/1607
f 1309/1055/1394 1306/1050/1393 1467/1168/1607
f 1467/1168/1607 1306/1050/1393 1305/1049/1392
f 1468/1173/1608 1278/1016/1364 1464/1170/1604
f 1469/1175/1609 1278/1016/1364 1468/1173/1608
f 1470/1176/1610 1469/1177/1609 1468/1174/1608
f 1468/1174/1608 1305/1049/1392 1470/1176/1610
f 1469/1177/1609 1470/1176/1610 1471/1178/1611
f 1471/1178/1611 1470/1176/1610 1302/1043/1388
f 1302/1043/1388 1470/1176/1610 1305/1049/1392
f 1471/1178/1611 1472/1179/1612 1469/1177/1609
f 1473/1180/1613 1472/1179/1612 1471/1178/1611
f 1302/1043/1388 1294/1036/1381 1471/1178/1611
f 1471/1178/1611 1294/1036/1381 1474/1181/1614
f 1471/1178/1611 1474/1181/1614 1473/1180/1613
f 1291/1032/1377 1474/1181/1614 1294/1036/1381
f 1475/1182/1615 1473/1180/1613 1474/1181/1614
f 1474/1181/1614 1291/1032/1377 1475/1182/1615
f 1473/1183/1613 1475/1184/1615 1279/1018/1366
f 1279/1018/1366 1475/1184/1615 1286/1025/1373
f 1286/1030/1373 1475/1182/1615 1291/1032/1377
f 1279/1018/1366 1280/1017/1365 1473/1183/1613
f 1472/1185/1612 1473/1183/1613 1280/1017/1365
f 1472/1185/1612 1280/1017/1365 1278/1016/1364
f 1278/1016/1364 1469/1175/1609 1472/1185/1612
f 1476/1186/1616 1465/1187/1605 1464/1188/1604
f 1465/1166/1605 1476/1189/1616 1477/1190/1617
f 1477/1190/1617 1095/865/1133 1465/1166/1605
f 1096/866/1134 1465/1166/1605 1095/865/1133
f 1478/1191/1618 1476/1186/1616 1479/1192/1619
f 1464/1188/1604 1479/1192/1619 1476/1186/1616
f 1275/1013/1362 1267/1004/1354 1479/1192/1619
f 1479/1192/1619 1464/1188/1604 1275/1013/1362
f 1480/1193/1620 1479/1192/1619 1267/1004/1354
f 1479/1192/1619 1480/1193/1620 1478/1191/1618
f 1481/1191/1621 1480/1193/1620 1482/1192/1622
f 1481/1191/1621 1483/1194/1623 1480/1193/1620
f 1263/1004/1349 1482/1192/1622 1480/1193/1620
f 1480/1193/1620 1266/1007/1352 1263/1004/1349
f 1478/1191/1618 1480/1193/1620 1483/1194/1623
f 1267/1004/1354 1266/1007/1352 1480/1193/1620
f 1482/1192/1622 1485/1186/1624 1481/1191/1621
f 1485/1186/1624 1482/1192/1622 1484/1188/1625
f 1486/1013/1626 1484/1188/1625 1482/1192/1622
f 1482/1192/1622 1263/1004/1349 1486/1013/1626
f 1488/1016/1627 1484/1170/1625 1486/1014/1626
f 1262/1003/1348 1486/1013/1626 1263/1004/1349
f 1487/1015/1628 1486/1014/1626 1262/1012/1348
f 1486/1014/1626 1487/1015/1628 1488/1016/1627
f 1489/1185/1629 1490/1175/1630 1488/1016/1627
f 1488/1016/1627 1491/1017/1631 1489/1185/1629
f 1490/1175/1630 1492/1173/1632 1488/1016/1627
f 1491/1017/1631 1488/1016/1627 1487/1015/1628
f 1484/1170/1625 1488/1016/1627 1492/1173/1632
f 1492/1173/1632 1495/1172/1633 1484/1170/1625
f 1492/1174/1632 1490/1177/1630 1493/1176/1634
f 1493/1176/1634 1494/1049/1635 1492/1174/1632
f 1495/1168/1633 1492/1174/1632 1494/1049/1635
f 1484/1170/1625 1495/1172/1633 1496/1171/1636
f 1497/1055/1637 1496/1169/1636 1495/1168/1633
f 1495/1168/1633 1498/1050/1638 1497/1055/1637
f 1494/1049/1635 1498/1050/1638 1495/1168/1633
f 1500/1044/1639 1498/1050/1638 1494/1049/1635
f 1499/1051/1640 1497/1055/1637 1498/1050/1638
f 1498/1050/1638 1500/1044/1639 1499/1051/1640
f 1499/1048/1640 1500/1047/1639 1501/1046/1641
f 1502/1041/1642 1501/1045/1641 1500/1044/1639
f 1494/1049/1635 1503/1043/1643 1500/1044/1639
f 1500/1044/1639 1503/1043/1643 1502/1041/1642
f 1503/1043/1643 1493/1176/1634 1504/1178/1644
f 1504/1178/1644 1505/1036/1645 1503/1043/1643
f 1503/1043/1643 1494/1049/1635 1493/1176/1634
f 1502/1041/1642 1503/1043/1643 1505/1036/1645
f 1504/1178/1644 1509/1181/1646 1505/1036/1645
f 1505/1036/1645 1508/1033/1647 1506/1035/1648
f 1506/1035/1648 1507/1039/1649 1505/1036/1645
f 1505/1036/1645 1507/1039/1649 1502/1041/1642
f 1510/1032/1650 1508/1033/1647 1505/1036/1645
f 1505/1036/1645 1509/1181/1646 1510/1032/1650
f 1511/1182/1651 1510/1032/1650 1509/1181/1646
f 1510/1032/1650 1511/1182/1651 1512/1030/1652
f 1512/1030/1652 1513/1031/1653 1510/1032/1650
f 1508/1033/1647 1510/1032/1650 1513/1031/1653
f 1513/1031/1653 1512/1030/1652 1516/1028/1654
f 1514/1034/1655 1513/1031/1653 1515/1029/1656
f 1513/1031/1653 1514/1034/1655 1508/1033/1647
f 1516/1028/1654 1515/1029/1656 1513/1031/1653
f 1515/1029/1656 1516/1028/1654 1517/1027/1657
f 1517/1026/1657 1516/1024/1654 1519/1023/1658
f 1516/1024/1654 1512/1025/1652 1518/1022/1659
f 1518/1022/1659 1519/1023/1658 1516/1024/1654
f 1519/1023/1658 1520/1195/1660 1517/1026/1657
f 1519/1023/1658 1518/1022/1659 1522/1021/1661
f 1520/1195/1660 1519/1023/1658 1521/1196/1662
f 1522/1021/1661 1521/1196/1662 1519/1023/1658
f 1523/1020/1663 1525/1197/1664 1522/1021/1661
f 1522/1021/1661 1524/1019/1665 1523/1020/1663
f 1524/1019/1665 1522/1021/1661 1518/1022/1659
f 1521/1196/1662 1522/1021/1661 1525/1197/1664
f 1528/1038/1666 1525/1198/1664 1523/1199/1663
f 1525/1197/1664 1526/1200/1667 1521/1196/1662
f 1527/1201/1668 1526/1202/1667 1525/1198/1664
f 1525/1198/1664 1528/1038/1666 1527/1201/1668
f 1523/1199/1663 1529/1040/1669 1528/1038/1666
f 1506/1035/1648 1528/1038/1666 1529/1040/1669
f 1528/1038/1666 1506/1035/1648 1530/1037/1670
f 1530/1037/1670 1527/1201/1668 1528/1038/1666
f 1530/1037/1670 1514/1034/1655 1531/1203/1671
f 1514/1034/1655 1530/1037/1670 1506/1035/1648
f 1531/1203/1671 1532/1204/1672 1530/1037/1670
f 1527/1201/1668 1530/1037/1670 1532/1204/1672
f 1533/1205/1673 1532/1204/1672 1534/1206/1674
f 1532/1204/1672 1533/1205/1673 1527/1201/1668
f 1534/1206/1674 1532/1204/1672 1531/1203/1671
f 1535/1207/1675 1536/1208/1676 1534/1206/1674
f 1534/1206/1674 1537/1209/1677 1535/1207/1675
f 1538/1210/1678 1534/1206/1674 1536/1208/1676
f 1531/1203/1671 1537/1209/1677 1534/1206/1674
f 1534/1206/1674 1538/1210/1678 1533/1205/1673
f 1533/1205/1673 1538/1210/1678 1540/1211/1679
f 1536/1208/1676 1539/1212/1680 1538/1210/1678
f 1538/1210/1678 1539/1212/1680 1541/1213/1681
f 1541/1213/1681 1540/1211/1679 1538/1210/1678
f 1540/1214/1679 1541/1215/1681 1542/1216/1682
f 1542/1216/1682 1541/1215/1681 1543/1217/1683
f 1543/1218/1683 1541/1213/1681 1539/1212/1680
f 1543/1217/1683 1544/1219/1684 1542/1216/1682
f 1545/1220/1685 1544/1221/1684 1543/1218/1683
f 1543/1218/1683 1546/1222/1686 1545/1220/1685
f 1539/1212/1680 1546/1222/1686 1543/1218/1683
f 1535/1207/1675 1545/1220/1685 1546/1222/1686
f 1546/1222/1686 1536/1208/1676 1535/1207/1675
f 1546/1222/1686 1539/1212/1680 1536/1208/1676
f 1548/1223/1687 1544/1221/1684 1545/1220/1685
f 1545/1220/1685 1547/1224/1688 1548/1223/1687
f 1547/1224/1688 1545/1220/1685 1535/1207/1675
f 1542/1216/1682 1544/1219/1684 1548/1225/1687
f 1549/1226/1689 1548/1223/1687 1547/1224/1688
f 1548/1225/1687 1549/1227/1689 1542/1216/1682
f 1551/1228/1690 1550/1229/1691 1549/1226/1689
f 1549/1227/1689 1550/1230/1691 1552/1231/1692
f 1549/1226/1689 1553/1232/1693 1551/1228/1690
f 1552/1231/1692 1542/1216/1682 1549/1227/1689
f 1547/1224/1688 1553/1232/1693 1549/1226/1689
f 1537/1209/1677 1551/1228/1690 1553/1232/1693
f 1535/1207/1675 1553/1232/1693 1547/1224/1688
f 1553/1232/1693 1535/1207/1675 1537/1209/1677
f 1542/1216/1682 1552/1231/1692 1554/1233/1694
f 1555/1234/1695 1554/1233/1694 1552/1231/1692
f 1552/1231/1692 1520/1195/1660 1555/1234/1695
f 1520/1195/1660 1552/1231/1692 1550/1230/1691
f 1554/1233/1694 1555/1234/1695 1556/1235/1696
f 1526/1200/1667 1556/1235/1696 1555/1234/1695
f 1555/1234/1695 1521/1196/1662 1526/1200/1667
f 1521/1196/1662 1555/1234/1695 1520/1195/1660
f 1556/1235/1696 1540/1214/1679 1554/1233/1694
f 1540/1211/1679 1556/1236/1696 1533/1205/1673
f 1533/1205/1673 1556/1236/1696 1526/1202/1667
f 1542/1216/1682 1554/1233/1694 1540/1214/1679
f 1550/1229/1691 1551/1228/1690 1557/1237/1697
f 1557/1237/1697 1551/1228/1690 1537/1209/1677
f 1537/1209/1677 1531/1203/1671 1557/1237/1697
f 1557/1237/1697 1517/1027/1657 1550/1229/1691
f 1517/1027/1657 1557/1237/1697 1515/1029/1656
f 1557/1237/1697 1531/1203/1671 1514/1034/1655
f 1514/1034/1655 1515/1029/1656 1557/1237/1697
f 1550/1230/1691 1517/1026/1657 1520/1195/1660
f 1526/1202/1667 1527/1201/1668 1533/1205/1673
f 1507/1039/1649 1529/1040/1669 1558/1042/1698
f 1559/1238/1699 1558/1042/1698 1529/1040/1669
f 1529/1040/1669 1507/1039/1649 1506/1035/1648
f 1529/1040/1669 1523/1199/1663 1559/1238/1699
f 1559/1008/1699 1560/1061/1700 1561/1060/1701
f 1563/1068/1702 1560/1061/1700 1559/1008/1699
f 1561/1239/1701 1558/1042/1698 1559/1238/1699
f 1262/1003/1348 1562/1009/1703 1559/1008/1699
f 1564/1010/1704 1262/1012/1348 1559/1011/1699
f 1559/1008/1699 1562/1009/1703 1563/1068/1702
f 1564/1010/1704 1559/1011/1699 1523/1020/1663
f 1262/1012/1348 1564/1010/1704 1487/1015/1628
f 1523/1020/1663 1524/1019/1665 1564/1010/1704
f 1487/1015/1628 1564/1010/1704 1524/1019/1665
f 1560/1061/1705 1563/1068/1706 1565/1064/1707
f 1565/1064/1707 1563/1068/1706 1256/998/1708
f 1563/1068/1702 1562/1009/1703 1258/999/1344
f 1258/999/1344 1256/998/1343 1563/1068/1702
f 1256/998/1708 1566/1066/1709 1565/1064/1707
f 1565/1064/1710 1566/1066/1711 1568/1067/1712
f 1569/1062/1713 1565/1064/1710 1567/1065/1714
f 1568/1067/1712 1567/1065/1714 1565/1064/1710
f 1565/1064/1707 1569/1062/1715 1560/1061/1705
f 1571/1058/1716 1569/1062/1713 1570/1063/1717
f 1567/1065/1714 1570/1063/1717 1569/1062/1713
f 1560/1061/1700 1569/1062/1713 1571/1058/1716
f 1571/1058/1716 1573/1056/1718 1501/1046/1641
f 1501/1046/1641 1561/1060/1701 1571/1058/1716
f 1570/1063/1717 1572/1059/1719 1571/1058/1716
f 1573/1056/1718 1571/1058/1716 1572/1059/1719
f 1571/1058/1716 1561/1060/1701 1560/1061/1700
f 1501/1046/1641 1573/1056/1718 1499/1048/1640
f 1499/1048/1640 1573/1056/1718 1574/1057/1720
f 1572/1059/1719 1574/1057/1720 1573/1056/1718
f 1575/1054/1721 1574/1057/1720 1577/1155/1722
f 1574/1057/1720 1575/1054/1721 1499/1048/1640
f 1576/1158/1723 1579/1157/1724 1574/1057/1720
f 1574/1057/1720 1572/1059/1719 1576/1158/1723
f 1578/1156/1725 1577/1155/1722 1574/1057/1720
f 1574/1057/1720 1579/1157/1724 1578/1156/1725
f 1579/1157/1726 1576/1158/1727 1580/1160/1728
f 1580/1160/1728 1581/1159/1729 1579/1157/1726
f 1579/1157/1726 1581/1159/1729 1582/1145/1730
f 1582/1145/1730 1578/1156/1731 1579/1157/1726
f 1583/1144/1732 1134/897/1177 1582/1145/1733
f 1582/1145/1733 1134/897/1177 1130/893/1173
f 1582/1145/1733 1581/1159/1734 1583/1144/1732
f 1584/1148/1735 1578/1156/1731 1582/1145/1730
f 1582/1145/1730 1585/1146/1736 1584/1148/1735
f 1130/893/1173 1585/1146/1737 1582/1145/1733
f 1585/1146/1737 1130/893/1173 1127/892/1172
f 1586/1147/1738 1584/1148/1735 1585/1146/1736
f 1127/892/1172 1128/891/1171 1585/1146/1737
f 1585/1146/1736 1128/891/1739 1586/1147/1738
f 1586/1147/1740 1588/1150/1741 1587/1149/1742
f 1587/1149/1742 1584/1148/1743 1586/1147/1740
f 1588/1150/1741 1586/1147/1740 1119/884/1159
f 1119/884/1160 1586/1147/1738 1128/891/1739
f 1588/1150/1741 1590/877/1744 1589/1151/1745
f 1589/1151/1745 1587/1149/1742 1588/1150/1741
f 1590/877/1744 1588/1150/1741 1115/879/1152
f 1119/884/1159 1115/879/1152 1588/1150/1741
f 1590/877/1744 1114/878/1151 1591/874/1746
f 1591/874/1746 1592/872/1747 1590/877/1744
f 1590/877/1744 1592/872/1747 1593/1153/1748
f 1593/1153/1748 1589/1151/1745 1590/877/1744
f 1115/879/1152 1114/878/1151 1590/877/1744
f 1595/1163/1749 1594/1154/1750 1593/1153/1748
f 1589/1151/1745 1593/1153/1748 1594/1154/1750
f 1593/1153/1748 1596/867/1751 1595/1163/1749
f 1596/867/1751 1593/1153/1748 1592/872/1747
f 1597/866/1752 1595/1163/1749 1596/867/1751
f 1596/867/1751 1598/864/1753 1597/866/1752
f 1598/864/1753 1596/867/1751 1599/869/1754
f 1592/872/1747 1599/869/1754 1596/867/1751
f 1601/871/1755 1599/869/1754 1592/872/1747
f 1602/870/1756 1600/868/1757 1599/869/1754
f 1599/869/1754 1600/868/1757 1598/864/1753
f 1599/869/1754 1601/871/1755 1602/870/1756
f 1602/870/1756 1603/873/1758 1605/1240/1759
f 1602/870/1756 1601/871/1755 1603/873/1758
f 1600/868/1757 1602/870/1756 1604/1241/1760
f 1605/1240/1759 1604/1241/1760 1602/870/1756
f 1607/1242/1761 1606/1243/1762 1605/1240/1759
f 1604/1241/1760 1605/1240/1759 1606/1243/1762
f 1605/1240/1759 1608/1244/1763 1607/1242/1761
f 1609/1245/1764 1608/1244/1763 1605/1240/1759
f 1605/1240/1759 1603/873/1758 1609/1245/1764
f 1609/1245/1764 1603/873/1758 1610/875/1765
f 1610/875/1765 1611/1246/1766 1609/1245/1764
f 1612/1247/1767 1609/1245/1764 1611/1246/1766
f 1608/1244/1763 1609/1245/1764 1612/1247/1767
f 1613/1248/1768 1612/1247/1767 1614/1249/1769
f 1612/1247/1767 1613/1248/1768 1615/1250/1770
f 1611/1246/1766 1614/1249/1769 1612/1247/1767
f 1615/1250/1770 1616/1251/1771 1612/1247/1767
f 1612/1247/1767 1616/1251/1771 1608/1244/1763
f 1616/1251/1771 1615/1250/1770 1617/1252/1772
f 1617/1252/1772 1618/1253/1773 1616/1251/1771
f 1607/1242/1761 1608/1244/1763 1616/1251/1771
f 1616/1251/1771 1618/1253/1773 1607/1242/1761
f 1619/1251/1774 1618/1253/1773 1617/1252/1772
f 1607/1242/1761 1618/1253/1773 1619/1251/1774
f 1617/1252/1772 1620/1250/1775 1619/1251/1774
f 1622/1247/1776 1619/1251/1774 1620/1250/1775
f 1619/1251/1774 1621/1244/1777 1607/1242/1761
f 1621/1244/1777 1619/1251/1774 1622/1247/1776
f 1626/1249/1778 1622/1247/1776 1623/1248/1779
f 1620/1250/1775 1623/1248/1779 1622/1247/1776
f 1625/1246/1780 1624/1245/1781 1622/1247/1776
f 1622/1247/1776 1624/1245/1781 1621/1244/1777
f 1622/1247/1776 1626/1249/1778 1625/1246/1780
f 1623/1248/1779 1628/1254/1782 1626/1249/1778
f 1625/1246/1780 1626/1249/1778 1627/1255/1783
f 1627/1255/1783 1626/1249/1778 1628/1254/1782
f 1628/1254/1782 1623/1248/1779 1629/1256/1784
f 1629/1256/1784 1632/1257/1785 1628/1254/1782
f 1628/1254/1782 1630/1258/1786 1627/1255/1783
f 1631/1259/1787 1630/1258/1786 1628/1254/1782
f 1628/1254/1782 1632/1257/1785 1631/1259/1787
f 1632/1257/1785 1633/1260/1788 1634/1261/1789
f 1635/1262/1790 1633/1260/1788 1632/1257/1785
f 1632/1257/1785 1629/1256/1784 1635/1262/1790
f 1634/1261/1789 1631/1259/1787 1632/1257/1785
f 1633/1260/1788 1635/1262/1790 1636/1263/1791
f 1638/1264/1792 1635/1262/1790 1629/1256/1784
f 1637/1265/1793 1636/1263/1791 1635/1262/1790
f 1635/1262/1790 1638/1264/1792 1637/1265/1793
f 1629/1256/1784 1639/1266/1794 1638/1264/1792
f 1638/1264/1792 1639/1266/1794 1642/1267/1795
f 1642/1267/1795 1640/1268/1796 1638/1264/1792
f 1638/1264/1792 1640/1268/1796 1641/1269/1797
f 1641/1269/1797 1637/1265/1793 1638/1264/1792
f 1617/1252/1772 1642/1267/1795 1639/1266/1794
f 1643/1266/1798 1642/1267/1795 1617/1252/1772
f 1644/1264/1799 1640/1268/1796 1642/1267/1795
f 1642/1267/1795 1643/1266/1798 1644/1264/1799
f 1645/1256/1800 1646/1262/1801 1644/1264/1799
f 1644/1264/1799 1643/1266/1798 1645/1256/1800
f 1641/1269/1797 1640/1268/1796 1644/1264/1799
f 1647/1265/1802 1644/1264/1799 1646/1262/1801
f 1644/1264/1799 1647/1265/1802 1641/1269/1797
f 1646/1262/1801 1650/1263/1803 1647/1265/1802
f 1647/1265/1802 1649/1270/1804 1648/1271/1805
f 1648/1271/1805 1641/1269/1797 1647/1265/1802
f 1649/1270/1804 1647/1265/1802 1650/1263/1803
f 1653/1272/1806 1650/1263/1803 1651/1273/1807
f 1652/1260/1808 1651/1273/1807 1650/1263/1803
f 1650/1263/1803 1646/1262/1801 1652/1260/1808
f 1650/1263/1803 1653/1272/1806 1649/1270/1804
f 1651/1273/1807 1654/1274/1809 1653/1272/1806
f 1653/1272/1806 1654/1274/1809 1657/1275/1810
f 1656/1276/1811 1653/1272/1806 1655/1277/1812
f 1653/1272/1806 1657/1275/1810 1655/1277/1812
f 1656/1276/1811 1649/1270/1804 1653/1272/1806
f 1655/1277/1812 1657/1275/1810 1658/1272/1813
f 1658/1272/1813 1657/1275/1810 1654/1274/1809
f 1660/1276/1814 1658/1272/1813 1659/1270/1815
f 1659/1270/1815 1658/1272/1813 1636/1263/1791
f 1660/1276/1814 1655/1277/1812 1658/1272/1813
f 1658/1272/1813 1654/1274/1809 1651/1273/1807
f 1651/1273/1807 1636/1263/1791 1658/1272/1813
f 1661/1278/1816 1660/1276/1814 1659/1270/1815
f 1661/1278/1816 1655/1277/1812 1660/1276/1814
f 1659/1270/1815 1648/1271/1805 1661/1278/1816
f 1661/1278/1816 1648/1271/1805 1649/1270/1804
f 1661/1278/1816 1656/1276/1811 1655/1277/1812
f 1649/1270/1804 1656/1276/1811 1661/1278/1816
f 1636/1263/1791 1637/1265/1793 1659/1270/1815
f 1648/1271/1805 1659/1270/1815 1637/1265/1793
f 1652/1260/1808 1634/1261/1789 1651/1273/1807
f 1634/1261/1789 1652/1260/1808 1662/1257/1817
f 1662/1257/1817 1652/1260/1808 1646/1262/1801
f 1662/1257/1817 1631/1259/1787 1634/1261/1789
f 1663/1254/1818 1662/1257/1817 1645/1256/1800
f 1631/1259/1787 1662/1257/1817 1663/1254/1818
f 1646/1262/1801 1645/1256/1800 1662/1257/1817
f 1627/1255/1783 1630/1258/1786 1663/1254/1818
f 1663/1254/1818 1630/1258/1786 1631/1259/1787
f 1663/1254/1818 1614/1249/1769 1627/1255/1783
f 1645/1256/1800 1613/1248/1768 1663/1254/1818
f 1614/1249/1769 1663/1254/1818 1613/1248/1768
f 1633/1260/1788 1651/1273/1807 1634/1261/1789
f 1636/1263/1791 1651/1273/1807 1633/1260/1788
f 1637/1265/1793 1641/1269/1797 1648/1271/1805
f 1615/1250/1770 1613/1248/1768 1645/1256/1800
f 1645/1256/1800 1643/1266/1798 1615/1250/1770
f 1617/1252/1772 1615/1250/1770 1643/1266/1798
f 1639/1266/1794 1620/1250/1775 1617/1252/1772
f 1620/1250/1775 1639/1266/1794 1629/1256/1784
f 1629/1256/1784 1623/1248/1779 1620/1250/1775
f 1627/1255/1783 1112/881/1149 1625/1246/1780
f 1611/1246/1766 1112/881/1149 1627/1255/1783
f 1627/1255/1783 1614/1249/1769 1611/1246/1766
f 1624/1245/1781 1625/1246/1780 1106/875/1143
f 1108/876/1144 1106/875/1143 1625/1246/1780
f 1108/876/1144 1625/1246/1780 1112/881/1149
f 1624/1245/1781 1104/873/1141 1664/1240/1819
f 1106/875/1143 1104/873/1141 1624/1245/1781
f 1664/1240/1819 1621/1244/1777 1624/1245/1781
f 1607/1242/1761 1621/1244/1777 1664/1240/1819
f 1664/1240/1819 1606/1243/1762 1607/1242/1761
f 1101/870/1138 1665/1241/1820 1664/1240/1819
f 1606/1243/1762 1664/1240/1819 1665/1241/1820
f 1664/1240/1819 1104/873/1141 1101/870/1138
f 1665/1241/1820 1667/1279/1821 1606/1243/1762
f 1665/1241/1820 1101/870/1138 1098/868/1136
f 1098/868/1136 1666/1280/1822 1665/1241/1820
f 1665/1241/1820 1666/1280/1822 1668/1281/1823
f 1668/1281/1823 1667/1279/1821 1665/1241/1820
f 1669/862/1824 1670/1280/1825 1668/1281/1823
f 1668/1281/1823 1092/861/1129 1669/862/1824
f 1668/1281/1823 1670/1280/1825 1604/1241/1760
f 1604/1241/1760 1667/1279/1821 1668/1281/1823
f 1093/862/1130 1092/861/1129 1668/1281/1823
f 1668/1281/1823 1666/1280/1822 1093/862/1130
f 1600/868/1757 1670/1280/1825 1669/862/1824
f 1604/1241/1760 1670/1280/1825 1600/868/1757
f 1089/858/1826 1671/863/1827 1669/862/1824
f 1598/864/1753 1669/862/1824 1671/863/1827
f 1092/861/1129 1089/858/1826 1669/862/1824
f 1669/862/1824 1598/864/1753 1600/868/1757
f 1597/866/1752 1671/863/1827 1672/865/1828
f 1671/863/1827 1597/866/1752 1598/864/1753
f 1674/1166/1829 1672/865/1828 1673/1190/1830
f 1672/865/1828 1674/1166/1829 1597/866/1752
f 1675/1164/1831 1674/1166/1829 1484/1165/1625
f 1484/1188/1625 1674/1187/1829 1485/1186/1624
f 1597/866/1752 1674/1166/1829 1675/1164/1831
f 1673/1190/1830 1485/1189/1624 1674/1166/1829
f 1484/1165/1625 1496/1167/1636 1675/1164/1831
f 1676/1053/1832 1675/1164/1831 1496/1167/1636
f 1675/1164/1831 1676/1053/1832 1594/1154/1750
f 1675/1164/1831 1595/1163/1749 1597/866/1752
f 1594/1154/1750 1595/1163/1749 1675/1164/1831
f 1496/1167/1636 1497/1052/1637 1676/1053/1832
f 1676/1053/1832 1497/1052/1637 1499/1048/1640
f 1499/1048/1640 1575/1054/1721 1676/1053/1832
f 1676/1053/1832 1575/1054/1721 1677/1152/1833
f 1677/1152/1833 1594/1154/1750 1676/1053/1832
f 1594/1154/1750 1677/1152/1833 1589/1151/1745
f 1577/1155/1722 1677/1152/1833 1575/1054/1721
f 1677/1152/1833 1577/1155/1722 1587/1149/1742
f 1587/1149/1742 1589/1151/1745 1677/1152/1833
f 1606/1243/1762 1667/1279/1821 1604/1241/1760
f 1093/862/1130 1666/1280/1822 1098/868/1136
f 1113/876/1150 1611/1246/1766 1610/875/1765
f 1112/881/1149 1611/1246/1766 1113/876/1150
f 1591/874/1746 1610/875/1765 1603/873/1758
f 1113/876/1150 1610/875/1765 1591/874/1746
f 1603/873/1758 1601/871/1755 1591/874/1746
f 1592/872/1747 1591/874/1746 1601/871/1755
f 1591/874/1746 1114/878/1151 1113/876/1150
f 1584/1148/1743 1587/1149/1742 1577/1155/1722
f 1577/1155/1722 1578/1156/1725 1584/1148/1743
f 1134/897/1177 1583/1144/1732 1133/896/1176
f 1133/896/1176 1583/1144/1732 1137/900/1180
f 1580/1160/1834 1137/900/1180 1583/1144/1732
f 1583/1144/1732 1581/1159/1734 1580/1160/1834
f 1137/900/1180 1580/1160/1834 1140/903/1183
f 1140/903/1835 1580/1160/1728 1576/1158/1727
f 1678/1161/1836 1576/1158/1723 1572/1059/1719
f 1576/1158/1727 1678/1161/1837 1140/903/1835
f 1572/1059/1719 1679/1162/1838 1678/1161/1836
f 1678/1161/1836 1679/1162/1838 1680/1143/1839
f 1141/904/1192 1140/903/1835 1678/1161/1837
f 1678/1161/1837 1146/909/1189 1141/904/1192
f 1680/1143/1839 1146/909/1198 1678/1161/1836
f 1681/1141/1840 1680/1143/1839 1679/1162/1838
f 1149/911/1195 1680/1143/1839 1681/1141/1840
f 1146/909/1198 1680/1143/1839 1149/911/1195
f 1679/1162/1838 1567/1065/1714 1681/1141/1840
f 1568/1067/1712 1681/1141/1840 1567/1065/1714
f 1681/1141/1840 1568/1067/1712 1685/1108/1841
f 1684/1139/1842 1682/1142/1843 1681/1141/1840
f 1681/1141/1840 1682/1142/1843 1149/911/1195
f 1681/1141/1840 1683/1140/1844 1684/1139/1842
f 1685/1108/1841 1683/1140/1844 1681/1141/1840
f 1686/1090/1845 1685/1108/1841 1568/1067/1712
f 1687/1282/1846 1685/1106/1841 1686/1094/1845
f 1685/1106/1841 1687/1282/1846 1688/1102/1847
f 1688/1102/1847 1689/1103/1848 1685/1106/1841
f 1690/1109/1849 1685/1108/1850 1689/1107/1851
f 1683/1140/1852 1685/1108/1850 1690/1109/1849
f 1689/1107/1851 1691/1110/1853 1690/1109/1849
f 1692/1113/1854 1690/1109/1855 1691/1110/1856
f 1690/1109/1849 1692/1113/1857 1683/1140/1852
f 1693/1114/1858 1692/1113/1854 1691/1110/1856
f 1692/1113/1854 1693/1114/1858 1694/1116/1859
f 1694/1116/1859 1695/1134/1860 1692/1113/1854
f 1684/1139/1861 1683/1140/1852 1692/1113/1857
f 1692/1113/1857 1695/1134/1862 1684/1139/1861
f 1695/1134/1862 1696/1137/1863 1697/953/1864
f 1696/1137/1865 1695/1134/1860 1694/1116/1859
f 1697/953/1864 1684/1139/1861 1695/1134/1862
f 1697/953/1864 1696/1137/1863 1699/954/1866
f 1684/1139/1842 1697/953/1867 1698/955/1868
f 1698/955/1868 1697/953/1867 1700/952/1869
f 1699/954/1866 1700/952/1870 1697/953/1864
f 1700/952/1870 1699/954/1866 1701/956/1871
f 1701/956/1871 1702/950/1872 1700/952/1870
f 1700/952/1869 1702/950/1873 1170/929/1229
f 1170/929/1229 1169/928/1228 1700/952/1869
f 1700/952/1869 1169/928/1228 1698/955/1868
f 1704/957/1874 1702/950/1872 1701/956/1871
f 1226/951/1297 1703/949/1875 1702/950/1873
f 1702/950/1873 1704/957/1876 1226/951/1297
f 1703/949/1875 1170/929/1229 1702/950/1873
f 1704/957/1876 1705/959/1877 1228/965/1300
f 1705/959/1878 1704/957/1874 1706/958/1879
f 1228/965/1300 1226/951/1297 1704/957/1876
f 1701/956/1871 1706/958/1879 1704/957/1874
f 1706/958/1879 1707/960/1880 1705/959/1878
f 1701/956/1881 1699/954/1882 1706/958/1883
f 1707/960/1884 1706/958/1883 1699/954/1882
f 1705/959/1878 1707/960/1880 1708/964/1885
f 1699/954/1882 1708/964/1886 1707/960/1884
f 1708/964/1885 1711/962/1887 1705/959/1878
f 1708/964/1886 1699/954/1882 1696/1137/1865
f 1696/1137/1865 1709/1135/1888 1708/964/1886
f 1708/964/1885 1709/1135/1889 1710/1136/1890
f 1710/1136/1890 1711/962/1887 1708/964/1885
f 1712/961/1891 1711/962/1892 1710/1136/1893
f 1705/959/1877 1711/962/1892 1712/961/1891
f 1710/1136/1893 1713/1138/1894 1712/961/1891
f 1227/963/1301 1712/961/1891 1713/1138/1894
f 1705/959/1877 1712/961/1891 1227/963/1301
f 1715/1117/1895 1714/1086/1896 1713/1138/1894
f 1234/976/1310 1713/1138/1894 1714/1086/1896
f 1713/1138/1894 1710/1136/1893 1715/1117/1895
f 1713/1138/1894 1234/976/1310 1227/963/1301
f 1714/1086/1896 1715/1117/1895 1716/1084/1897
f 1716/1124/1897 1715/1119/1895 1718/1120/1898
f 1717/1115/1899 1715/1117/1900 1694/1116/1901
f 1694/1116/1901 1715/1117/1900 1710/1136/1890
f 1718/1120/1898 1715/1119/1895 1717/1118/1902
f 1719/1122/1903 1718/1120/1898 1721/1121/1904
f 1718/1120/1898 1719/1122/1903 1720/1123/1905
f 1720/1123/1905 1716/1124/1897 1718/1120/1898
f 1717/1118/1902 1721/1121/1904 1718/1120/1898
f 1723/1104/1906 1722/1129/1907 1721/1121/1904
f 1721/1121/1904 1722/1129/1907 1724/1128/1908
f 1721/1121/1904 1717/1118/1902 1723/1104/1906
f 1724/1128/1908 1725/1127/1909 1721/1121/1904
f 1721/1121/1904 1725/1127/1909 1719/1122/1903
f 1726/1126/1910 1725/1127/1909 1724/1128/1908
f 1720/1123/1905 1719/1122/1903 1725/1127/1909
f 1725/1127/1909 1726/1126/1910 1720/1123/1905
f 1720/1123/1905 1726/1126/1910 1727/1125/1911
f 1726/1126/1910 1728/1132/1912 1727/1125/1911
f 1724/1128/1908 1728/1130/1912 1726/1126/1910
f 1728/1132/1912 1729/1133/1913 1727/1125/1911
f 1729/1101/1913 1728/1130/1912 1724/1128/1908
f 1729/1101/1913 1733/1105/1914 1730/1099/1915
f 1730/1099/1915 1737/1100/1916 1729/1101/1913
f 1734/1089/1917 1731/1088/1918 1729/1087/1913
f 1729/1087/1913 1731/1088/1918 1244/986/1326
f 1732/1131/1919 1733/1105/1914 1729/1101/1913
f 1724/1128/1908 1732/1131/1919 1729/1101/1913
f 1244/986/1326 1727/1085/1911 1729/1087/1913
f 1729/1087/1913 1736/1091/1920 1734/1089/1917
f 1735/1092/1921 1736/1093/1920 1729/1095/1913
f 1729/1095/1913 1737/1098/1916 1735/1092/1921
f 1737/1098/1916 1738/1096/1922 1735/1092/1921
f 1730/1099/1915 1738/1096/1922 1737/1100/1916
f 1738/1096/1922 1739/1097/1923 1735/1092/1921
f 1687/1282/1846 1739/1097/1923 1738/1096/1922
f 1688/1102/1847 1738/1096/1922 1730/1099/1915
f 1687/1282/1846 1738/1096/1922 1688/1102/1847
f 1735/1092/1921 1739/1097/1923 1686/1094/1845
f 1686/1094/1845 1739/1097/1923 1687/1282/1846
f 1734/1089/1917 1736/1091/1920 1686/1090/1845
f 1686/1094/1845 1736/1093/1920 1735/1092/1921
f 1566/1066/1711 1246/987/1330 1734/1089/1917
f 1731/1088/1918 1734/1089/1917 1246/987/1330
f 1734/1089/1917 1568/1067/1712 1566/1066/1711
f 1686/1090/1845 1568/1067/1712 1734/1089/1917
f 1733/1105/1914 1723/1104/1906 1730/1099/1915
f 1733/1105/1914 1732/1131/1919 1722/1129/1907
f 1722/1129/1907 1723/1104/1906 1733/1105/1914
f 1732/1131/1919 1724/1128/1908 1722/1129/1907
f 1246/987/1330 1244/986/1326 1731/1088/1918
f 1730/1099/1915 1723/1104/1906 1689/1103/1848
f 1689/1103/1848 1688/1102/1847 1730/1099/1915
f 1716/1084/1897 1727/1085/1911 1244/986/1326
f 1716/1124/1897 1720/1123/1905 1727/1125/1911
f 1740/1111/1924 1723/1112/1925 1717/1115/1899
f 1689/1107/1851 1723/1112/1925 1740/1111/1924
f 1740/1111/1924 1691/1110/1853 1689/1107/1851
f 1691/1110/1856 1740/1111/1926 1693/1114/1858
f 1717/1115/1899 1693/1114/1927 1740/1111/1924
f 1694/1116/1901 1693/1114/1927 1717/1115/1899
f 1714/1086/1896 1716/1084/1897 1244/986/1326
f 1233/973/1306 1714/1086/1896 1244/986/1326
f 1714/1086/1896 1233/973/1306 1234/976/1310
f 1710/1136/1890 1709/1135/1889 1694/1116/1901
f 1694/1116/1859 1709/1135/1888 1696/1137/1865
f 1227/963/1301 1228/965/1300 1705/959/1877
f 1223/948/1294 1741/947/1928 1703/949/1875
f 1703/949/1875 1226/951/1297 1223/948/1294
f 1170/929/1229 1703/949/1875 1176/934/1234
f 1176/934/1234 1703/949/1875 1741/947/1928
f 1190/946/1249 1741/947/1928 1223/948/1294
f 1191/945/1250 1741/947/1928 1190/946/1249
f 1741/947/1928 1191/945/1250 1176/934/1234
f 1149/911/1195 1682/1142/1843 1698/955/1868
f 1698/955/1868 1682/1142/1843 1684/1139/1842
f 1698/955/1868 1148/912/1196 1149/911/1195
f 1148/912/1196 1698/955/1868 1169/928/1228
f 1679/1162/1838 1572/1059/1719 1570/1063/1717
f 1570/1063/1717 1567/1065/1714 1679/1162/1838
f 1246/987/1328 1566/1066/1709 1256/998/1708
f 1562/1009/1703 1262/1003/1348 1257/1000/1345
f 1257/1000/1345 1258/999/1344 1562/1009/1703
f 1558/1042/1698 1561/1239/1701 1501/1045/1641
f 1558/1042/1698 1502/1041/1642 1507/1039/1649
f 1501/1045/1641 1502/1041/1642 1558/1042/1698
f 1524/1019/1665 1742/1018/1929 1487/1015/1628
f 1518/1022/1659 1742/1018/1929 1524/1019/1665
f 1742/1018/1929 1511/1184/1651 1743/1183/1930
f 1512/1025/1652 1511/1184/1651 1742/1018/1929
f 1742/1018/1929 1518/1022/1659 1512/1025/1652
f 1743/1183/1930 1491/1017/1631 1742/1018/1929
f 1487/1015/1628 1742/1018/1929 1491/1017/1631
f 1509/1181/1646 1743/1180/1930 1511/1182/1651
f 1743/1180/1930 1509/1181/1646 1504/1178/1644
f 1489/1185/1629 1491/1017/1631 1743/1183/1930
f 1504/1178/1644 1489/1179/1629 1743/1180/1930
f 1506/1035/1648 1508/1033/1647 1514/1034/1655
f 1490/1177/1630 1489/1179/1629 1504/1178/1644
f 1504/1178/1644 1493/1176/1634 1490/1177/1630
f 1275/1014/1362 1464/1170/1604 1278/1016/1364
f 1447/1148/1579 1441/1146/1574 1439/1145/1589
f 1431/895/1557 1442/890/1568 1125/889/1168
f 1430/894/1558 1442/890/1568 1431/895/1557
f 1125/889/1168 1442/890/1568 1124/888/1167
f 1744/917/1931 1432/918/1560 1431/895/1557
f 1424/907/1552 1432/918/1560 1425/915/1551
f 1425/915/1551 1432/918/1560 1744/917/1931
f 1745/1283/1932 1744/917/1931 1431/895/1557
f 1745/1283/1932 1159/919/1212 1744/917/1931
f 1160/916/1214 1744/917/1931 1159/919/1212
f 1744/917/1931 1160/916/1214 1425/915/1551
f 1745/1283/1932 1125/889/1168 1746/1284/1933
f 1745/1283/1932 1431/895/1557 1125/889/1168
f 1745/1283/1932 1747/1285/1934 1159/919/1212
f 1748/1283/1935 1746/1284/1933 1125/889/1168
f 1748/1283/1935 1125/889/1168 1131/895/1175
f 1748/1283/1935 1157/919/1208 1749/1285/1936
f 1748/1283/1935 1153/917/1205 1157/919/1208
f 1748/1283/1935 1131/895/1175 1153/917/1205
f 1419/909/1545 1428/904/1597 1422/908/1543
f 1425/915/1553 1750/914/1937 1421/913/1547
f 1750/914/1937 1425/915/1553 1160/916/1216
f 1750/914/1938 1751/927/1939 1418/912/1540
f 1418/912/1540 1421/913/1542 1750/914/1938
f 1167/924/1226 1751/927/1939 1750/914/1938
f 1750/914/1938 1161/920/1218 1167/924/1226
f 1160/916/1216 1161/920/1215 1750/914/1937
f 1418/912/1540 1751/927/1939 1200/928/1259
f 1200/928/1259 1751/927/1939 1167/924/1226
f 1200/928/1259 1205/955/1266 1418/912/1540
f 1413/1141/1535 1414/1140/1534 1386/1108/1489
f 1387/1109/1492 1386/1108/1491 1414/1140/1533
f 1414/1140/1533 1391/1113/1531 1387/1109/1492
f 1386/1108/1489 1323/1067/1412 1413/1141/1535
f 1323/1067/1412 1319/1065/1408 1413/1141/1535
f 1371/1086/1473 1369/1084/1471 1393/1117/1505
f 1388/1110/1497 1387/1109/1940 1391/1113/1498
f 1384/1102/1485 1752/1282/1941 1386/1106/1489
f 1375/1090/1478 1323/1067/1412 1386/1108/1489
f 1375/1094/1478 1386/1106/1489 1752/1282/1941
f 1752/1282/1941 1378/1096/1481 1379/1097/1482
f 1752/1282/1941 1384/1102/1485 1378/1096/1481
f 1752/1282/1941 1379/1097/1482 1375/1094/1478
f 1366/985/1942 1364/984/1463 1753/990/1943
f 1753/990/1943 1754/989/1944 1366/985/1942
f 1326/988/1416 1325/987/1415 1366/985/1942
f 1366/985/1942 1754/989/1944 1326/988/1416
f 1333/991/1426 1329/993/1422 1754/989/1945
f 1326/988/1418 1754/989/1945 1329/993/1422
f 1754/989/1945 1753/990/1946 1333/991/1426
f 1338/981/1461 1753/990/1943 1364/984/1463
f 1333/991/1426 1753/990/1946 1338/981/1432
f 1219/969/1452 1218/968/1947 1355/1083/1449
f 1355/1083/1449 1218/968/1947 1225/969/1451
f 1348/1078/1442 1350/1079/1443 1236/977/1311
f 1236/977/1311 1237/978/1314 1348/1078/1442
f 1327/999/1420 1274/1009/1360 1322/1068/1421
f 1274/1009/1360 1327/999/1420 1269/1000/1355
f 1322/1068/1421 1274/1009/1360 1273/1008/1359
f 1273/1008/1359 1316/1061/1402 1322/1068/1421
f 1273/1008/1359 1315/1060/1401 1316/1061/1402
f 1315/1239/1401 1273/1238/1359 1300/1042/1387
f 1303/1045/1390 1315/1239/1401 1300/1042/1387
f 1298/1040/1385 1300/1042/1387 1273/1238/1359
f 1273/1238/1359 1282/1199/1368 1298/1040/1385
f 1297/1038/1383 1298/1040/1385 1282/1199/1368
f 1755/1201/1948 1297/1038/1383 1756/1198/1949
f 1297/1038/1383 1755/1201/1948 1296/1037/1382
f 1282/1199/1368 1756/1198/1949 1297/1038/1383
f 1758/1196/1950 1757/1200/1951 1756/1197/1949
f 1756/1198/1949 1757/1202/1951 1755/1201/1948
f 1283/1021/1369 1756/1197/1949 1282/1020/1368
f 1756/1197/1949 1283/1021/1369 1758/1196/1950
f 1757/1200/1951 1758/1196/1950 1759/1234/1952
f 1760/1195/1953 1759/1234/1952 1758/1196/1950
f 1285/1023/1371 1758/1196/1950 1283/1021/1369
f 1758/1196/1950 1285/1023/1371 1760/1195/1953
f 1761/1230/1954 1762/1231/1955 1760/1195/1953
f 1760/1195/1953 1288/1026/1374 1761/1230/1954
f 1288/1026/1374 1760/1195/1953 1285/1023/1371
f 1759/1234/1952 1760/1195/1953 1762/1231/1955
f 1764/1216/1956 1763/1233/1957 1762/1231/1955
f 1762/1231/1955 1763/1233/1957 1759/1234/1952
f 1765/1227/1958 1764/1216/1956 1762/1231/1955
f 1762/1231/1955 1761/1230/1954 1765/1227/1958
f 1765/1226/1958 1766/1232/1959 1769/1224/1960
f 1767/1228/1961 1766/1232/1959 1765/1226/1958
f 1764/1216/1956 1765/1227/1958 1768/1225/1962
f 1765/1226/1958 1761/1229/1954 1767/1228/1961
f 1769/1224/1960 1768/1223/1962 1765/1226/1958
f 1769/1224/1960 1766/1232/1959 1770/1207/1963
f 1770/1207/1963 1771/1220/1964 1769/1224/1960
f 1768/1223/1962 1769/1224/1960 1771/1220/1964
f 1771/1220/1964 1772/1221/1965 1768/1223/1962
f 1773/1218/1966 1772/1221/1965 1771/1220/1964
f 1771/1220/1964 1774/1222/1967 1773/1218/1966
f 1774/1222/1967 1771/1220/1964 1770/1207/1963
f 1774/1222/1967 1775/1208/1968 1776/1212/1969
f 1770/1207/1963 1775/1208/1968 1774/1222/1967
f 1773/1218/1966 1774/1222/1967 1776/1212/1969
f 1778/1210/1970 1776/1212/1969 1775/1208/1968
f 1777/1213/1971 1776/1212/1969 1778/1210/1970
f 1776/1212/1969 1777/1213/1971 1773/1218/1966
f 1775/1208/1968 1781/1206/1972 1778/1210/1970
f 1778/1210/1970 1780/1211/1973 1777/1213/1971
f 1780/1211/1973 1778/1210/1970 1779/1205/1974
f 1779/1205/1974 1778/1210/1970 1781/1206/1972
f 1770/1207/1963 1782/1209/1975 1781/1206/1972
f 1781/1206/1972 1775/1208/1968 1770/1207/1963
f 1781/1206/1972 1782/1209/1975 1783/1203/1976
f 1781/1206/1972 1784/1204/1977 1779/1205/1974
f 1783/1203/1976 1784/1204/1977 1781/1206/1972
f 1296/1037/1382 1784/1204/1977 1783/1203/1976
f 1784/1204/1977 1296/1037/1382 1755/1201/1948
f 1755/1201/1948 1779/1205/1974 1784/1204/1977
f 1783/1203/1976 1292/1034/1379 1296/1037/1382
f 1292/1034/1379 1783/1203/1976 1785/1237/1978
f 1785/1237/1978 1783/1203/1976 1782/1209/1975
f 1785/1237/1978 1767/1228/1961 1761/1229/1954
f 1782/1209/1975 1767/1228/1961 1785/1237/1978
f 1761/1229/1954 1288/1027/1374 1785/1237/1978
f 1289/1029/1375 1785/1237/1978 1288/1027/1374
f 1785/1237/1978 1289/1029/1375 1292/1034/1379
f 1782/1209/1975 1770/1207/1963 1766/1232/1959
f 1766/1232/1959 1767/1228/1961 1782/1209/1975
f 1780/1214/1973 1763/1233/1957 1764/1216/1956
f 1763/1233/1957 1780/1214/1973 1786/1235/1979
f 1764/1216/1956 1777/1215/1971 1780/1214/1973
f 1779/1205/1974 1786/1236/1979 1780/1211/1973
f 1786/1235/1979 1759/1234/1952 1763/1233/1957
f 1759/1234/1952 1786/1235/1979 1757/1200/1951
f 1757/1202/1951 1786/1236/1979 1779/1205/1974
f 1779/1205/1974 1755/1201/1948 1757/1202/1951
f 1773/1217/1966 1777/1215/1971 1764/1216/1956
f 1764/1216/1956 1772/1219/1965 1773/1217/1966
f 1768/1225/1962 1772/1219/1965 1764/1216/1956
f 1282/1020/1368 1273/1011/1359 1276/1010/1361
f 1256/998/1708 1248/988/1329 1246/987/1328
f 1240/981/1318 1252/994/1338 1239/980/1317
f 1210/960/1276 1214/964/1521 1206/954/1273
f 1197/951/1256 1208/957/1284 1198/950/1255
f 1787/930/1980 1202/931/1258 1167/924/1226
f 1201/932/1261 1202/931/1258 1787/930/1980
f 1167/924/1226 1166/925/1225 1787/930/1980
f 1788/933/1981 1787/930/1980 1166/925/1225
f 1787/930/1980 1788/933/1981 1201/932/1261
f 1166/925/1225 1789/939/1982 1788/933/1981
f 1790/935/1983 1788/933/1981 1789/939/1982
f 1201/932/1261 1788/933/1981 1790/935/1983
f 1789/939/1982 1184/938/1242 1790/935/1983
f 1790/935/1983 1193/934/1251 1201/932/1261
f 1193/934/1251 1790/935/1983 1188/936/1246
f 1790/935/1983 1184/938/1242 1185/937/1243
f 1185/937/1243 1188/936/1246 1790/935/1983
f 1165/926/1224 1182/941/1241 1789/939/1982
f 1184/938/1242 1789/939/1982 1182/941/1241
f 1789/939/1982 1166/925/1225 1165/926/1224
f 1176/934/1234 1191/945/1250 1179/936/1236
f 1180/939/1239 1182/941/1241 1165/926/1224
f 1165/926/1224 1164/925/1223 1180/939/1239
f 1174/933/1233 1180/939/1239 1164/925/1223
f 1140/903/1183 1138/901/1181 1137/900/1180
f 1128/891/1739 1122/886/1166 1119/884/1160
f 2510/208/2702 2509/209/2703 2513/226/2704
f 2509/209/2703 2510/208/2702 2511/204/2705
f 2511/204/2705 2512/210/2706 2509/209/2703
f 2513/226/2704 2514/223/2707 2510/208/2702
f 2514/223/2707 2513/226/2704 2515/225/2708
f 2515/225/2708 2516/224/2709 2514/223/2707
f 2516/221/2709 2515/222/2708 2517/220/2710
f 2517/220/2710 2518/219/2711 2516/221/2709
f 2518/219/2711 2517/220/2710 2519/218/2712
f 2519/218/2712 2520/217/2713 2518/219/2711
f 2520/217/2713 2519/218/2712 2521/216/2714
f 2521/216/2714 2522/215/2715 2520/217/2713
f 2522/215/2715 2521/216/2714 2523/214/2716
f 2525/212/2717 2523/214/2716 2524/211/2718
f 2523/214/2716 2525/212/2717 2522/215/2715
f 2524/211/2718 2526/205/2719 2525/212/2717
f 2525/212/2717 2526/205/2719 2527/206/2720
f 2527/206/2720 2528/213/2721 2525/212/2717
f 2522/215/2715 2525/212/2717 2528/213/2721
f 2528/213/2721 2527/206/2720 2529/235/2722
f 2529/235/2722 2531/238/2723 2528/213/2721
f 2530/261/2724 2528/213/2721 2531/238/2723
f 2528/213/2721 2530/261/2724 2522/215/2715
f 2532/240/2725 2531/238/2723 2533/237/2726
f 2531/238/2723 2532/240/2725 2530/261/2724
f 2534/236/2727 2533/237/2726 2531/238/2723
f 2531/238/2723 2529/235/2722 2534/236/2727
f 2535/234/2728 2534/236/2727 2529/235/2722
f 2534/236/2727 2535/234/2728 2538/318/2729
f 2536/241/2730 2533/237/2726 2534/236/2727
f 2537/319/2731 2536/241/2730 2534/236/2727
f 2538/318/2729 2537/319/2731 2534/236/2727
f 2537/319/2731 2538/318/2729 2540/291/2732
f 2541/265/2733 2538/318/2729 2535/234/2728
f 2538/318/2729 2541/265/2733 2539/292/2734
f 2539/292/2734 2540/291/2732 2538/318/2729
f 2535/234/2728 2542/233/2735 2541/265/2733
f 2541/265/2733 2542/233/2735 2543/263/2736
f 2544/266/2737 2541/265/2733 2543/263/2736
f 2541/265/2733 2544/266/2737 2545/295/2738
f 2545/295/2738 2539/292/2734 2541/265/2733
f 2539/292/2734 2545/295/2738 2548/297/2738
f 2545/295/2738 2547/268/2739 2546/298/2740
f 2546/298/2740 2548/297/2738 2545/295/2738
f 2547/268/2739 2545/295/2738 2544/266/2737
f 2548/297/2738 2550/293/2741 2539/292/2734
f 2548/297/2738 2546/298/2740 2549/300/2740
f 2549/300/2740 2551/299/2742 2548/297/2738
f 2550/293/2741 2548/297/2738 2551/299/2742
f 2553/303/2743 2552/301/2744 2551/299/2742
f 2554/296/2745 2551/299/2742 2552/301/2744
f 2551/299/2742 2549/300/2740 2553/303/2743
f 2551/299/2742 2554/296/2745 2550/293/2741
f 2552/301/2744 2555/302/2746 2554/296/2745
f 2556/294/2747 2554/296/2745 2555/302/2746
f 2554/296/2745 2556/294/2747 2557/289/2747
f 2557/289/2747 2550/293/2741 2554/296/2745
f 2558/290/2748 2540/291/2732 2557/289/2747
f 2550/293/2741 2557/289/2747 2540/291/2732
f 2557/289/2747 2559/288/2748 2558/290/2748
f 2559/288/2748 2557/289/2747 2556/294/2747
f 2560/280/2749 2558/290/2748 2559/288/2748
f 2559/288/2748 2561/282/2750 2560/280/2749
f 2556/294/2747 2562/287/2751 2559/288/2748
f 2561/282/2750 2559/288/2748 2562/287/2751
f 2562/287/2751 2556/294/2747 2564/316/2752
f 2562/287/2751 2565/285/2749 2561/282/2750
f 2564/316/2752 2563/314/2753 2562/287/2751
f 2565/285/2749 2562/287/2751 2563/314/2753
f 2563/314/2753 2566/286/2754 2565/285/2749
f 2567/281/2755 2565/285/2749 2566/286/2754
f 2565/285/2749 2567/281/2755 2568/279/2756
f 2568/279/2756 2561/282/2750 2565/285/2749
f 2561/282/2750 2568/279/2756 2569/278/2757
f 2571/273/2758 2569/278/2757 2568/279/2756
f 2570/276/2758 2568/279/2756 2567/281/2755
f 2568/279/2756 2570/276/2758 2571/273/2758
f 2571/273/2758 2573/270/2759 2572/251/2760
f 2572/251/2760 2574/248/2761 2571/273/2758
f 2573/270/2759 2571/273/2758 2570/276/2758
f 2569/278/2757 2571/273/2758 2574/248/2761
f 2574/248/2761 2572/251/2760 2575/247/2762
f 2575/247/2762 2577/246/2763 2574/248/2761
f 2574/248/2761 2576/249/2764 2569/278/2757
f 2576/249/2764 2574/248/2761 2577/246/2763
f 2577/246/2763 2578/243/2765 2576/249/2764
f 2578/243/2765 2577/246/2763 2580/242/2766
f 2577/246/2763 2575/247/2762 2579/244/2767
f 2579/244/2767 2580/242/2766 2577/246/2763
f 2580/242/2766 2581/239/2768 2578/243/2765
f 2580/242/2766 2579/244/2767 2582/256/2769
f 2581/239/2768 2580/242/2766 2583/245/2770
f 2582/256/2769 2583/245/2770 2580/242/2766
f 2583/245/2770 2582/256/2769 2584/260/2771
f 2584/260/2771 2585/259/2772 2583/245/2770
f 2532/240/2725 2583/245/2770 2585/259/2772
f 2583/245/2770 2532/240/2725 2581/239/2768
f 2585/259/2772 2584/260/2771 2518/219/2711
f 2585/259/2772 2530/261/2724 2532/240/2725
f 2530/261/2724 2585/259/2772 2520/217/2713
f 2518/219/2711 2520/217/2713 2585/259/2772
f 2584/260/2771 2586/262/2773 2516/221/2709
f 2586/262/2773 2584/260/2771 2582/256/2769
f 2516/221/2709 2518/219/2711 2584/260/2771
f 2514/223/2707 2516/224/2709 2586/230/2773
f 2586/230/2773 2587/227/2774 2514/223/2707
f 2587/227/2774 2586/230/2773 2588/257/2775
f 2582/256/2769 2588/258/2775 2586/262/2773
f 2589/231/2776 2588/257/2775 2590/254/2777
f 2588/257/2775 2589/231/2776 2587/227/2774
f 2579/244/2767 2590/250/2777 2588/258/2775
f 2588/258/2775 2582/256/2769 2579/244/2767
f 2575/247/2762 2591/252/2778 2590/250/2777
f 2592/255/2779 2590/254/2777 2591/253/2778
f 2590/250/2777 2579/244/2767 2575/247/2762
f 2590/254/2777 2592/255/2779 2589/231/2776
f 2592/255/2779 2542/233/2735 2593/229/2780
f 2593/229/2780 2589/231/2776 2592/255/2779
f 2542/233/2735 2592/255/2779 2543/263/2736
f 2591/253/2778 2543/263/2736 2592/255/2779
f 2594/232/2781 2593/229/2780 2542/233/2735
f 2593/229/2780 2594/232/2781 2596/207/2782
f 2589/231/2776 2593/229/2780 2595/228/2783
f 2596/207/2782 2595/228/2783 2593/229/2780
f 2526/205/2719 2511/204/2705 2596/207/2782
f 2596/207/2782 2527/206/2720 2526/205/2719
f 2527/206/2720 2596/207/2782 2594/232/2781
f 2595/228/2783 2596/207/2782 2511/204/2705
f 2595/228/2783 2587/227/2774 2589/231/2776
f 2587/227/2774 2595/228/2783 2510/208/2702
f 2511/204/2705 2510/208/2702 2595/228/2783
f 2529/235/2722 2594/232/2781 2535/234/2728
f 2542/233/2735 2535/234/2728 2594/232/2781
f 2594/232/2781 2529/235/2722 2527/206/2720
f 2543/263/2736 2591/253/2778 2597/264/2784
f 2572/251/2760 2597/267/2784 2591/252/2778
f 2591/252/2778 2575/247/2762 2572/251/2760
f 2597/267/2784 2572/251/2760 2573/270/2759
f 2573/270/2759 2547/269/2739 2597/267/2784
f 2544/266/2737 2597/264/2784 2547/268/2739
f 2597/264/2784 2544/266/2737 2543/263/2736
f 2510/208/2702 2514/223/2707 2587/227/2774
f 2536/241/2730 2578/243/2765 2581/239/2768
f 2533/237/2726 2581/239/2768 2532/240/2725
f 2581/239/2768 2533/237/2726 2536/241/2730
f 2598/320/2785 2576/249/2764 2578/243/2765
f 2578/243/2765 2536/241/2730 2598/320/2785
f 2537/319/2731 2598/320/2785 2536/241/2730
f 2558/290/2748 2560/280/2749 2598/320/2785
f 2576/249/2764 2598/320/2785 2560/280/2749
f 2598/320/2785 2537/319/2731 2558/290/2748
f 2560/280/2749 2569/278/2757 2576/249/2764
f 2570/276/2758 2599/272/2759 2573/270/2759
f 2547/269/2739 2573/270/2759 2599/272/2759
f 2599/272/2759 2570/276/2758 2600/277/2786
f 2600/277/2786 2601/275/2759 2599/272/2759
f 2546/271/2740 2599/272/2759 2601/275/2759
f 2599/272/2759 2546/271/2740 2547/269/2739
f 2601/275/2759 2600/277/2786 2602/283/2787
f 2602/283/2787 2603/307/2788 2601/275/2759
f 2549/274/2740 2601/275/2759 2603/307/2788
f 2601/275/2759 2549/274/2740 2546/271/2740
f 2603/307/2788 2602/283/2787 2605/310/2789
f 2603/307/2788 2553/306/2743 2549/274/2740
f 2553/306/2743 2603/307/2788 2604/309/2790
f 2605/310/2789 2604/309/2790 2603/307/2788
f 2606/311/2791 2605/310/2789 2602/283/2787
f 2602/283/2787 2608/284/2755 2606/311/2791
f 2607/312/2792 2606/311/2791 2608/284/2755
f 2608/284/2755 2566/286/2754 2607/312/2792
f 2566/286/2754 2608/284/2755 2567/281/2755
f 2600/277/2786 2567/281/2755 2608/284/2755
f 2608/284/2755 2602/283/2787 2600/277/2786
f 2609/313/2793 2607/312/2792 2566/286/2754
f 2566/286/2754 2563/314/2753 2609/313/2793
f 2610/315/2794 2609/313/2793 2563/314/2753
f 2611/317/2795 2610/315/2794 2564/316/2752
f 2563/314/2753 2564/316/2752 2610/315/2794
f 2564/316/2752 2555/302/2746 2611/317/2795
f 2612/304/2796 2611/317/2795 2555/302/2746
f 2555/302/2746 2552/301/2744 2612/304/2796
f 2613/305/2797 2612/304/2796 2552/301/2744
f 2552/301/2744 2553/303/2743 2613/305/2797
f 2604/309/2790 2613/308/2797 2553/306/2743
f 2567/281/2755 2600/277/2786 2570/276/2758
f 2569/278/2757 2560/280/2749 2561/282/2750
f 2555/302/2746 2564/316/2752 2556/294/2747
f 2540/291/2732 2558/290/2748 2537/319/2731
f 2540/291/2732 2539/292/2734 2550/293/2741
f 2520/217/2713 2522/215/2715 2530/261/2724
f 2526/205/2719 2524/211/2718 2512/210/2706
f 2512/210/2706 2511/204/2705 2526/205/2719
f 2615/100/2798 2614/97/2799 2619/101/2800
f 2614/97/2799 2615/100/2798 2616/99/2801
f 2616/99/2801 2617/96/2802 2614/97/2799
f 2618/98/2803 2614/97/2799 2617/96/2802
f 2614/97/2799 2618/98/2803 2620/102/2804
f 2620/102/2804 2619/101/2800 2614/97/2799
f 2619/101/2800 2620/102/2804 2623/104/2805
f 2620/102/2804 2621/103/2806 2622/105/2807
f 2621/103/2806 2620/102/2804 2618/98/2803
f 2622/105/2807 2623/104/2805 2620/102/2804
f 2623/104/2805 2624/187/2808 2619/101/2800
f 2623/104/2805 2622/105/2807 2626/188/2809
f 2624/187/2808 2623/104/2805 2625/185/2810
f 2626/188/2809 2625/185/2810 2623/104/2805
f 2627/189/2811 2626/188/2809 2622/105/2807
f 2625/185/2810 2626/188/2809 2628/186/2812
f 2626/188/2809 2627/189/2811 2629/190/2813
f 2629/190/2813 2628/186/2812 2626/188/2809
f 2630/191/2814 2629/190/2813 2627/189/2811
f 2628/186/2812 2629/190/2813 2631/175/2815
f 2629/190/2813 2630/191/2814 2632/192/2816
f 2632/192/2816 2631/175/2815 2629/190/2813
f 2633/193/2817 2632/194/2816 2630/195/2814
f 2631/175/2815 2632/192/2816 2634/168/2818
f 2632/194/2816 2633/193/2817 2635/163/2819
f 2635/163/2819 2634/165/2818 2632/194/2816
f 2636/162/2820 2635/163/2819 2633/193/2817
f 2635/163/2819 2636/162/2820 2638/161/2821
f 2634/165/2818 2635/163/2819 2637/164/2822
f 2638/161/2821 2637/164/2822 2635/163/2819
f 2640/160/2823 2638/161/2821 2636/162/2820
f 2637/164/2822 2638/161/2821 2639/129/2824
f 2641/131/2825 2639/129/2824 2638/161/2821
f 2638/161/2821 2640/160/2823 2641/131/2825
f 2639/129/2824 2641/131/2825 2642/127/2826
f 2644/159/2827 2641/131/2825 2640/160/2823
f 2643/132/2828 2642/127/2826 2641/131/2825
f 2641/131/2825 2644/159/2827 2643/132/2828
f 2615/203/2798 2643/132/2828 2644/159/2827
f 2616/157/2801 2644/159/2827 2645/156/2829
f 2640/160/2823 2645/156/2829 2644/159/2827
f 2644/159/2827 2616/157/2801 2615/203/2798
f 2646/158/2830 2647/152/2831 2645/156/2829
f 2645/156/2829 2640/160/2823 2646/158/2830
f 2648/153/2832 2645/156/2829 2647/152/2831
f 2645/156/2829 2648/153/2832 2616/157/2801
f 2647/152/2831 2649/150/2833 2648/153/2832
f 2617/96/2802 2616/99/2801 2648/155/2832
f 2650/154/2834 2648/155/2832 2649/151/2833
f 2648/155/2832 2650/154/2834 2617/96/2802
f 2651/182/2835 2617/96/2802 2650/154/2834
f 2649/151/2833 2652/149/2836 2650/154/2834
f 2650/154/2834 2653/179/2837 2651/182/2835
f 2653/179/2837 2650/154/2834 2652/149/2836
f 2654/180/2838 2651/182/2835 2653/179/2837
f 2652/149/2836 2655/177/2839 2653/179/2837
f 2653/179/2837 2656/178/2840 2654/180/2838
f 2656/178/2840 2653/179/2837 2655/177/2839
f 2658/181/2841 2654/180/2838 2656/178/2840
f 2655/177/2839 2657/174/2842 2656/178/2840
f 2659/172/2843 2656/178/2840 2657/174/2842
f 2656/178/2840 2659/172/2843 2658/181/2841
f 2657/174/2842 2660/169/2844 2659/172/2843
f 2662/167/2845 2659/172/2843 2660/169/2844
f 2661/171/2846 2658/181/2841 2659/172/2843
f 2659/172/2843 2662/167/2845 2661/171/2846
f 2660/169/2844 2634/168/2818 2662/167/2845
f 2663/128/2847 2661/170/2846 2662/166/2845
f 2662/166/2845 2637/164/2822 2663/128/2847
f 2637/164/2822 2662/166/2845 2634/165/2818
f 2661/170/2846 2663/128/2847 2665/123/2848
f 2639/129/2824 2663/128/2847 2637/164/2822
f 2663/128/2847 2639/129/2824 2664/126/2849
f 2664/126/2849 2665/123/2848 2663/128/2847
f 2665/123/2848 2666/122/2850 2661/170/2846
f 2665/123/2848 2664/126/2849 2667/121/2851
f 2666/122/2850 2665/123/2848 2668/120/2852
f 2667/121/2851 2668/120/2852 2665/123/2848
f 2668/120/2852 2667/121/2851 2669/119/2853
f 2669/119/2853 2670/116/2854 2668/120/2852
f 2671/117/2855 2668/120/2852 2670/116/2854
f 2668/120/2852 2671/117/2855 2666/122/2850
f 2670/116/2854 2672/112/2856 2671/117/2855
f 2674/108/2857 2671/111/2855 2672/110/2856
f 2673/109/2858 2666/183/2850 2671/111/2855
f 2671/111/2855 2674/108/2857 2673/109/2858
f 2672/110/2856 2676/106/2859 2674/108/2857
f 2674/108/2857 2621/103/2806 2675/107/2860
f 2621/103/2806 2674/108/2857 2676/106/2859
f 2675/107/2860 2673/109/2858 2674/108/2857
f 2622/105/2807 2676/106/2859 2627/189/2811
f 2677/115/2861 2627/189/2811 2676/106/2859
f 2676/106/2859 2672/110/2856 2677/115/2861
f 2676/106/2859 2622/105/2807 2621/103/2806
f 2627/189/2811 2677/115/2861 2630/191/2814
f 2678/197/2862 2630/195/2814 2677/113/2861
f 2677/113/2861 2679/114/2863 2678/197/2862
f 2679/114/2863 2677/113/2861 2672/112/2856
f 2680/198/2864 2678/197/2862 2679/114/2863
f 2679/114/2863 2681/118/2865 2680/198/2864
f 2681/118/2865 2679/114/2863 2670/116/2854
f 2672/112/2856 2670/116/2854 2679/114/2863
f 2670/116/2854 2669/119/2853 2681/118/2865
f 2682/201/2866 2681/118/2865 2669/119/2853
f 2681/118/2865 2682/201/2866 2683/200/2867
f 2683/200/2867 2680/198/2864 2681/118/2865
f 2683/200/2867 2686/146/2868 2684/148/2869
f 2684/148/2869 2685/199/2870 2683/200/2867
f 2680/198/2864 2683/200/2867 2685/199/2870
f 2686/146/2868 2683/200/2867 2682/201/2866
f 2688/141/2871 2686/146/2868 2687/136/2872
f 2682/201/2866 2687/136/2872 2686/146/2868
f 2686/146/2868 2688/141/2871 2689/145/2873
f 2689/145/2873 2684/148/2869 2686/146/2868
f 2689/147/2873 2690/144/2874 2652/149/2836
f 2652/149/2836 2649/151/2833 2689/147/2873
f 2690/144/2874 2689/147/2873 2688/143/2871
f 2684/148/2869 2689/145/2873 2649/150/2833
f 2655/177/2839 2652/149/2836 2690/144/2874
f 2688/143/2871 2691/142/2875 2690/144/2874
f 2692/176/2876 2690/144/2874 2691/142/2875
f 2690/144/2874 2692/176/2876 2655/177/2839
f 2692/176/2876 2693/173/2877 2657/174/2842
f 2693/173/2877 2692/176/2876 2694/184/2878
f 2691/142/2875 2694/184/2878 2692/176/2876
f 2657/174/2842 2655/177/2839 2692/176/2876
f 2628/186/2812 2694/184/2878 2625/185/2810
f 2694/184/2878 2628/186/2812 2693/173/2877
f 2695/140/2879 2625/185/2810 2694/184/2878
f 2694/184/2878 2691/142/2875 2695/140/2879
f 2695/140/2879 2696/139/2880 2697/138/2881
f 2696/139/2880 2695/140/2879 2691/142/2875
f 2625/185/2810 2695/140/2879 2624/187/2808
f 2697/138/2881 2624/187/2808 2695/140/2879
f 2624/187/2808 2697/138/2881 2700/202/2882
f 2697/135/2881 2699/134/2883 2698/130/2884
f 2698/130/2884 2700/133/2882 2697/135/2881
f 2699/134/2883 2697/135/2881 2696/137/2880
f 2700/202/2882 2619/101/2800 2624/187/2808
f 2619/101/2800 2700/202/2882 2615/100/2798
f 2700/133/2882 2698/130/2884 2643/132/2828
f 2643/132/2828 2615/203/2798 2700/133/2882
f 2699/134/2883 2701/124/2885 2702/125/2886
f 2701/124/2885 2699/134/2883 2687/136/2872
f 2702/125/2886 2698/130/2884 2699/134/2883
f 2696/137/2880 2687/136/2872 2699/134/2883
f 2702/125/2886 2667/121/2851 2664/126/2849
f 2667/121/2851 2702/125/2886 2701/124/2885
f 2698/130/2884 2702/125/2886 2642/127/2826
f 2664/126/2849 2642/127/2826 2702/125/2886
f 2701/124/2885 2669/119/2853 2667/121/2851
f 2669/119/2853 2701/124/2885 2682/201/2866
f 2687/136/2872 2682/201/2866 2701/124/2885
f 2642/127/2826 2643/132/2828 2698/130/2884
f 2687/136/2872 2696/137/2880 2688/141/2871
f 2691/142/2875 2688/143/2871 2696/139/2880
f 2631/175/2815 2693/173/2877 2628/186/2812
f 2693/173/2877 2631/175/2815 2660/169/2844
f 2660/169/2844 2657/174/2842 2693/173/2877
f 2685/199/2870 2684/148/2869 2647/152/2831
f 2685/199/2870 2703/196/2887 2680/198/2864
f 2703/196/2887 2685/199/2870 2646/158/2830
f 2647/152/2831 2646/158/2830 2685/199/2870
f 2633/193/2817 2703/196/2887 2636/162/2820
f 2646/158/2830 2636/162/2820 2703/196/2887
f 2678/197/2862 2680/198/2864 2703/196/2887
f 2703/196/2887 2633/193/2817 2678/197/2862
f 2649/150/2833 2647/152/2831 2684/148/2869
f 2630/195/2814 2678/197/2862 2633/193/2817
f 2651/182/2835 2654/180/2838 2675/107/2860
f 2675/107/2860 2618/98/2803 2651/182/2835
f 2618/98/2803 2675/107/2860 2621/103/2806
f 2673/109/2858 2675/107/2860 2654/180/2838
f 2654/180/2838 2658/181/2841 2673/109/2858
f 2666/183/2850 2673/109/2858 2658/181/2841
f 2658/181/2841 2661/171/2846 2666/183/2850
f 2642/127/2826 2664/126/2849 2639/129/2824
f 2634/168/2818 2660/169/2844 2631/175/2815
f 2617/96/2802 2651/182/2835 2618/98/2803
f 2636/162/2820 2646/158/2830 2640/160/2823
f 3637/2616/3873 3631/2617/3874 3630/2618/3875
f 3630/2618/3875 3631/2617/3874 3632/2619/3876
f 3632/2619/3876 3633/2620/3877 3630/2618/3875
f 3630/2621/3878 3633/2622/3878 3636/2623/3879
f 3634/2624/3878 3630/2621/3878 3636/2623/3879
f 3634/2624/3878 3635/2625/3880 3630/2621/3878
f 3630/2621/3878 3635/2625/3880 3638/2626/3881
f 3630/2618/3875 3638/2627/3873 3637/2616/3873
f 3639/2628/3882 3638/2626/3881 3635/2625/3880
f 3637/2616/3873 3638/2627/3873 3639/2629/3883
f 3640/2630/3884 3639/2628/3882 3635/2625/3880
f 3639/2629/3883 3642/2631/3883 3637/2616/3873
f 3640/2630/3884 3643/2632/3879 3639/2628/3882
f 3639/2629/3883 3641/2633/3885 3644/2634/3885
f 3639/2628/3882 3643/2632/3879 3641/2635/3878
f 3644/2634/3885 3642/2631/3883 3639/2629/3883
f 3647/2636/3886 3645/2637/3887 3644/2634/3888
f 3645/2637/3887 3648/2638/3889 3644/2634/3888
f 3644/2634/3885 3641/2633/3885 3646/2639/3890
f 3646/2639/3890 3647/2636/3890 3644/2634/3885
f 3648/2638/3889 3649/2640/3891 3644/2634/3888
f 3642/2631/3892 3644/2634/3888 3649/2640/3891
f 3642/2631/3892 3649/2640/3891 3637/2616/3893
f 3649/2640/3891 3651/2641/3888 3637/2616/3893
f 3649/2640/3891 3648/2638/3889 3650/2642/3889
f 3649/2640/3891 3650/2642/3889 3651/2641/3888
f 3651/2641/3888 3652/2643/3887 3637/2616/3893
f 3652/2643/3887 3651/2641/3888 3654/2644/3894
f 3654/2644/3894 3651/2641/3888 3653/2645/3889
f 3650/2642/3889 3653/2645/3889 3651/2641/3888
f 3652/2643/3887 3654/2644/3894 3656/2646/3895
f 3654/2644/3890 3653/2645/3896 3655/2647/3897
f 3655/2647/3897 3659/2648/3890 3654/2644/3890
f 3654/2644/3894 3657/2649/3898 3656/2646/3895
f 3658/2650/3885 3657/2649/3899 3654/2644/3890
f 3654/2644/3890 3659/2648/3890 3658/2650/3885
f 3655/2651/3900 3634/2624/3878 3659/2652/3901
f 3659/2652/3901 3634/2624/3878 3658/2653/3902
f 3660/2654/3903 3657/2649/3899 3658/2650/3885
f 3658/2650/3885 3662/2655/3883 3660/2654/3903
f 3634/2624/3878 3636/2623/3879 3658/2653/3902
f 3636/2623/3879 3661/2656/3884 3658/2653/3902
f 3658/2653/3902 3661/2656/3884 3662/2657/3900
f 3662/2657/3900 3661/2656/3884 3663/2658/3900
f 3660/2654/3903 3662/2655/3883 3663/2659/3904
f 3663/2659/3904 3666/2660/3874 3664/2661/3874
f 3664/2661/3874 3668/2662/3873 3663/2659/3904
f 3663/2658/3900 3665/2663/3900 3666/2664/3901
f 3667/2665/3905 3665/2663/3900 3663/2658/3900
f 3661/2656/3884 3667/2665/3905 3663/2658/3900
f 3663/2659/3904 3668/2662/3873 3660/2654/3903
f 3668/2662/3889 3664/2661/3894 3669/2666/3888
f 3660/2654/3894 3668/2662/3889 3669/2666/3888
f 3645/2637/3887 3669/2666/3888 3664/2661/3894
f 3671/2667/3906 3660/2654/3894 3669/2666/3888
f 3671/2667/3906 3669/2666/3888 3670/2668/3893
f 3669/2666/3888 3645/2637/3887 3670/2668/3893
f 3671/2667/3906 3656/2646/3895 3660/2654/3894
f 3672/2669/3892 3671/2667/3906 3670/2668/3893
f 3632/2619/3888 3671/2667/3906 3672/2669/3892
f 3656/2646/3895 3671/2667/3906 3632/2619/3888
f 3673/2670/3907 3672/2669/3908 3670/2668/3897
f 3632/2619/3876 3672/2669/3908 3673/2670/3907
f 3661/2656/3884 3636/2623/3879 3673/2671/3882
f 3633/2622/3878 3673/2671/3882 3636/2623/3879
f 3670/2668/3897 3674/2672/3897 3673/2670/3907
f 3661/2656/3884 3673/2671/3882 3667/2665/3905
f 3673/2671/3882 3674/2673/3909 3667/2665/3905
f 3673/2670/3907 3633/2620/3877 3632/2619/3876
f 3646/2639/3890 3674/2672/3897 3670/2668/3897
f 3674/2673/3909 3646/2674/3878 3667/2665/3905
f 3670/2668/3893 3645/2637/3887 3647/2636/3886
f 3670/2668/3897 3647/2636/3890 3646/2639/3890
f 3665/2663/3900 3667/2665/3905 3646/2674/3878
f 3664/2661/3874 3666/2660/3874 3675/2675/3876
f 3666/2664/3901 3665/2663/3900 3675/2676/3902
f 3665/2663/3900 3643/2632/3879 3675/2676/3902
f 3643/2632/3879 3640/2630/3884 3675/2676/3902
f 3676/2677/3900 3675/2676/3902 3640/2630/3884
f 3675/2675/3876 3676/2678/3908 3650/2642/3907
f 3675/2675/3876 3677/2679/3877 3664/2661/3874
f 3650/2642/3907 3677/2679/3877 3675/2675/3876
f 3664/2661/3894 3677/2679/3910 3648/2638/3889
f 3650/2642/3889 3648/2638/3889 3677/2679/3910
f 3676/2677/3900 3640/2630/3884 3655/2651/3900
f 3650/2642/3907 3676/2678/3908 3655/2647/3897
f 3665/2663/3900 3646/2674/3878 3643/2632/3879
f 3645/2637/3887 3664/2661/3894 3648/2638/3889
f 3657/2649/3898 3660/2654/3894 3656/2646/3895
f 3652/2643/3887 3656/2646/3895 3632/2619/3888
f 3640/2630/3884 3635/2625/3880 3655/2651/3900
f 3635/2625/3880 3634/2624/3878 3655/2651/3900
f 3655/2647/3897 3653/2645/3896 3650/2642/3907
f 3637/2616/3893 3652/2643/3887 3631/2617/3895
f 3631/2617/3895 3652/2643/3887 3632/2619/3888
f 3646/2674/3878 3641/2635/3878 3643/2632/3879
f 3679/2680/3911 3678/2681/3911 3682/2682/3911
f 3678/2683/3912 3679/2684/3912 3680/2685/3912
f 3680/2685/3912 3681/2686/3912 3678/2683/3912
f 3678/2683/3913 3681/2686/3913 3683/2687/3913
f 3683/2687/3913 3682/2688/3913 3678/2683/3913
f 3684/2689/3914 3683/2687/3914 3681/2686/3914
f 3682/2688/3915 3683/2687/3915 3684/2689/3915
f 3685/2690/3916 3684/2689/3916 3680/2685/3916
f 3684/2689/3915 3685/2690/3915 3682/2688/3915
f 3681/2686/3914 3680/2685/3914 3684/2689/3914
f 3682/2682/3911 3685/2691/3911 3679/2680/3911
f 3680/2685/3916 3679/2684/3916 3685/2690/3916
usemtl Material.003
f 4625/2713/4968 4624/2714/4969 4628/2715/4970 4631/2716/4971
f 4624/2714/4972 4625/2713/4973 4678/2717/4974 4627/2718/4975
f 4624/2714/4976 4626/2719/4977 4629/2720/4978 4628/2715/4970
f 4626/2719/4979 4624/2714/4972 4627/2718/4975 4681/2721/4980
f 4628/2722/4981 4629/2723/4982 4700/2724/4982 4630/2725/4981
f 4631/2726/4983 4628/2722/4981 4630/2725/4981 4633/2727/4983
f 4658/2728/4984 4625/2713/4984 4631/2716/4971 4632/2729/4985
f 4632/2730/4986 4631/2726/4983 4633/2727/4983 4634/2731/4986
f 4633/2732/4987 4630/2733/4987 4637/2734/4987 4635/2735/4987
f 4634/2736/4988 4633/2732/4988 4635/2735/4988 4638/2737/4988
f 4638/2737/4989 4635/2735/4990 4636/2738/4990 4639/2739/4989
f 4635/2735/4990 4637/2734/4991 4704/2740/4991 4636/2738/4990
f 4640/2741/4992 4638/2737/4989 4639/2739/4989 4641/2742/4992
f 4643/2743/4993 4634/2736/4993 4638/2737/4993 4640/2741/4993
f 4642/2744/4994 4640/2741/4992 4641/2742/4992 4760/2745/4994
f 4645/2746/4995 4643/2743/4995 4640/2741/4995 4642/2744/4995
f 4646/2747/4996 4644/2748/4997 4643/2749/4997 4645/2750/4996
f 4644/2748/4997 4632/2730/4986 4634/2731/4986 4643/2749/4997
f 4650/2751/4998 4646/2747/4996 4645/2750/4996 4647/2752/4998
f 4647/2753/4999 4645/2746/4999 4642/2744/4999 4649/2754/4999
f 4648/2755/5000 4647/2753/5000 4649/2754/5000 4763/2756/5000
f 4651/2757/5001 4650/2751/4998 4647/2752/4998 4648/2758/5001
f 4652/2759/5002 4655/2760/5003 4646/2761/5004 4650/2762/5005
f 4653/2763/5006 4652/2759/5006 4650/2762/5005 4651/2764/5007
f 4652/2759/5008 4653/2763/5009 4778/2765/5010 4654/2766/5011
f 4655/2760/5012 4652/2759/5008 4654/2766/5011 4656/2767/5013
f 4655/2760/5014 4657/2768/5014 4644/2769/5015 4646/2761/5004
f 4657/2768/5016 4655/2760/5012 4656/2767/5013 4659/2770/5017
f 4658/2728/5018 4657/2768/5016 4659/2770/5017 4660/2771/5019
f 4657/2768/5020 4658/2728/5021 4632/2729/4985 4644/2769/5015
f 4659/2770/5017 4656/2767/5013 4662/2772/5022 4661/2773/5023
f 4660/2771/5019 4659/2770/5017 4661/2773/5023 4663/2774/5024
f 4661/2773/5023 4662/2772/5022 4665/2775/5025 4664/2776/5026
f 4663/2774/5024 4661/2773/5023 4664/2776/5026 4666/2777/5027
f 4664/2776/5026 4665/2775/5025 4667/2778/532
f 4666/2777/5027 4664/2776/5026 4667/2778/532
f 4669/2779/5028 4668/2780/5029 4667/2778/532
f 4668/2780/5029 4675/2781/5030 4667/2778/532
f 4670/2782/5031 4669/2779/5028 4667/2778/532
f 4671/2783/5032 4670/2782/5031 4667/2778/532
f 4665/2775/5025 4671/2783/5032 4667/2778/532
f 4676/2784/5033 4666/2777/5027 4667/2778/532
f 4672/2785/5034 4676/2784/5033 4667/2778/532
f 4673/2786/5035 4672/2785/5034 4667/2778/532
f 4674/2787/5036 4673/2786/5035 4667/2778/532
f 4675/2781/5030 4674/2787/5036 4667/2778/532
f 4677/2788/5037 4663/2774/5024 4666/2777/5027 4676/2784/5033
f 4679/2789/5038 4677/2788/5037 4676/2784/5033 4672/2785/5034
f 4678/2717/4974 4660/2771/5019 4663/2774/5024 4677/2788/5037
f 4627/2718/4975 4678/2717/4974 4677/2788/5037 4679/2789/5038
f 4681/2721/4980 4627/2718/4975 4679/2789/5038 4680/2790/5039
f 4680/2790/5039 4679/2789/5038 4672/2785/5034 4673/2786/5035
f 4682/2791/5040 4680/2790/5039 4673/2786/5035 4674/2787/5036
f 4683/2792/5041 4681/2721/4980 4680/2790/5039 4682/2791/5040
f 4685/2793/5042 4683/2792/5041 4682/2791/5040 4684/2794/5043
f 4684/2794/5043 4682/2791/5040 4674/2787/5036 4675/2781/5030
f 4688/2795/5044 4685/2793/5042 4684/2794/5043 4686/2796/5045
f 4686/2796/5045 4684/2794/5043 4675/2781/5030 4668/2780/5029
f 4689/2797/5046 4688/2795/5044 4686/2796/5045 4687/2798/5047
f 4687/2798/5047 4686/2796/5045 4668/2780/5029 4669/2779/5028
f 4690/2799/5048 4693/2800/5049 4685/2793/5042 4688/2795/5044
f 4691/2801/5050 4690/2799/5048 4688/2795/5044 4689/2797/5046
f 4690/2799/5051 4691/2801/5051 4767/2802/5052 4692/2803/5053
f 4693/2800/5054 4690/2799/5054 4692/2803/5053 4694/2804/5055
f 4695/2805/5056 4693/2800/5056 4694/2804/5057 4696/2806/5058
f 4693/2800/5049 4695/2805/5059 4683/2792/5041 4685/2793/5042
f 4626/2719/5060 4695/2805/5061 4696/2806/5062 4629/2720/4978
f 4695/2805/5059 4626/2719/4979 4681/2721/4980 4683/2792/5041
f 4696/2807/5063 4694/2808/5064 4698/2809/5064 4697/2810/5063
f 4629/2723/4982 4696/2807/5063 4697/2810/5063 4700/2724/4982
f 4697/2811/5065 4698/2812/5065 4769/2813/5065 4699/2814/5065
f 4700/2815/5066 4697/2811/5066 4699/2814/5066 4701/2816/5066
f 4630/2733/5067 4700/2815/5067 4701/2816/5067 4637/2734/5067
f 4701/2816/5068 4699/2814/5069 4703/2817/5069 4702/2818/5068
f 4637/2734/4991 4701/2816/5068 4702/2818/5068 4704/2740/4991
f 4706/2819/5070 4705/2820/5070 4702/2821/5070 4703/2822/5070
f 4705/2820/5071 4707/2823/5071 4704/2824/5071 4702/2821/5071
f 4705/2825/5072 4706/2826/5073 4711/2827/5073 4708/2828/5072
f 4707/2829/5074 4705/2825/5072 4708/2828/5072 4710/2830/5074
f 4708/2831/5075 4711/2832/5076 4713/2833/5076 4709/2834/5075
f 4710/2835/5077 4708/2831/5075 4709/2834/5075 4744/2836/5077
f 4706/2826/5073 4775/2837/5078 4712/2838/5078 4711/2827/5073
f 4711/2832/5076 4712/2839/5079 4714/2840/5079 4713/2833/5076
f 4713/2833/5080 4714/2840/5081 4718/2841/5082 4715/2842/5083
f 4709/2834/5084 4713/2833/5080 4715/2842/5083 4716/2843/5085
f 4716/2844/5085 4715/2845/5083 4717/2846/5086 4742/2847/5087
f 4715/2845/5083 4718/2848/5082 4719/2849/5088 4717/2846/5086
f 4714/2840/5081 4722/2850/5089 4720/2851/5090 4718/2841/5082
f 4718/2848/5082 4720/2852/5090 4721/2853/5091 4719/2849/5088
f 4720/2852/5090 4723/2854/5092 4726/2855/5093 4721/2853/5091
f 4722/2850/5089 4725/2856/5094 4723/2857/5092 4720/2851/5090
f 4723/2854/5092 4724/2858/5095 4727/2859/5096 4726/2855/5093
f 4725/2856/5094 4777/2860/5097 4724/2861/5095 4723/2857/5092
f 4724/2858/5095 4729/2862/5098 4728/2863/5099 4727/2859/5096
f 4729/2862/5098 4732/2864/5100 4730/2865/5101 4728/2863/5099
f 4732/2864/5100 4734/2866/5102 4731/2867/5103 4730/2865/5101
f 4756/2868/5104 4733/2869/5105 4732/2870/5100 4729/2871/5098
f 4733/2869/5105 4735/2872/5106 4734/2873/5102 4732/2870/5100
f 4735/2872/5106 4737/2874/5107 4736/2875/5108 4734/2873/5102
f 4734/2866/5102 4736/2876/5108 4739/2877/5109 4731/2867/5103
f 4737/2874/5107 4745/2878/5110 4738/2879/5111 4736/2875/5108
f 4736/2876/5108 4738/2880/5111 4740/2881/5112 4739/2877/5109
f 4738/2880/5111 4743/2882/5113 4741/2883/5114 4740/2881/5112
f 4743/2882/5113 4716/2844/5085 4742/2847/5087 4741/2883/5114
f 4744/2836/5115 4709/2834/5084 4716/2843/5085 4743/2884/5113
f 4745/2878/5110 4744/2836/5115 4743/2884/5113 4738/2879/5111
f 4746/2885/5116 4710/2835/5077 4744/2836/5077 4745/2878/5116
f 4747/2886/5117 4746/2885/5116 4745/2878/5116 4737/2874/5117
f 4748/2887/5118 4707/2829/5074 4710/2830/5074 4746/2888/5118
f 4749/2889/5119 4748/2887/5118 4746/2888/5118 4747/2890/5119
f 4748/2891/5120 4749/2892/5120 4639/2893/5120 4636/2894/5120
f 4707/2823/5121 4748/2891/5121 4636/2894/5121 4704/2824/5121
f 4750/2895/5122 4749/2889/5119 4747/2890/5119 4752/2896/5122
f 4749/2892/5123 4750/2897/5123 4641/2898/5123 4639/2893/5123
f 4750/2897/5124 4751/2899/5124 4760/2900/5124 4641/2898/5124
f 4751/2901/5125 4750/2895/5122 4752/2896/5122 4753/2902/5125
f 4752/2903/5126 4747/2886/5117 4737/2874/5117 4735/2872/5126
f 4753/2904/5127 4752/2903/5126 4735/2872/5126 4733/2869/5127
f 4754/2905/5128 4753/2904/5127 4733/2869/5127 4756/2868/5128
f 4757/2906/5129 4751/2901/5125 4753/2902/5125 4754/2907/5129
f 4755/2908/5130 4754/2905/5128 4756/2868/5128 4777/2860/5130
f 4758/2909/5131 4757/2906/5129 4754/2907/5129 4755/2910/5131
f 4751/2899/5132 4757/2911/5132 4759/2912/5132 4760/2900/5132
f 4757/2911/5133 4758/2913/5133 4761/2914/5133 4759/2912/5133
f 4649/2754/5134 4642/2744/4994 4760/2745/4994 4759/2915/5134
f 4763/2756/5135 4649/2754/5134 4759/2915/5134 4761/2916/5135
f 4758/2913/5136 4773/2917/5136 4762/2918/5136 4761/2914/5136
f 4764/2919/5137 4763/2756/5135 4761/2916/5135 4762/2920/5137
f 4766/2921/5138 4648/2755/5138 4763/2756/5138 4764/2919/5138
f 4768/2922/5139 4766/2921/5139 4764/2919/5139 4765/2923/5139
f 4765/2923/5140 4764/2919/5137 4762/2920/5137 4770/2924/5140
f 4767/2925/5141 4651/2757/5001 4648/2758/5001 4766/2926/5141
f 4692/2927/5142 4767/2925/5141 4766/2926/5141 4768/2928/5142
f 4698/2812/5143 4768/2922/5143 4765/2923/5143 4769/2813/5143
f 4694/2808/5064 4692/2927/5142 4768/2928/5142 4698/2809/5064
f 4691/2801/5144 4653/2763/5144 4651/2764/5145 4767/2802/5052
f 4769/2813/5146 4765/2923/5140 4770/2924/5140 4771/2929/5146
f 4773/2917/5147 4772/2930/5147 4770/2931/5147 4762/2918/5147
f 4772/2930/5148 4775/2932/5148 4771/2933/5148 4770/2931/5148
f 4772/2934/5149 4773/2935/5150 4776/2936/5150 4774/2937/5149
f 4775/2837/5078 4772/2934/5149 4774/2937/5149 4712/2838/5078
f 4775/2932/5151 4706/2819/5151 4703/2822/5151 4771/2933/5151
f 4774/2938/5152 4776/2939/5153 4725/2856/5153 4722/2850/5152
f 4712/2839/5079 4774/2938/5152 4722/2850/5152 4714/2840/5079
f 4773/2935/5150 4758/2909/5131 4755/2910/5131 4776/2936/5150
f 4776/2939/5153 4755/2908/5130 4777/2860/5130 4725/2856/5153
f 4699/2814/5069 4769/2813/5146 4771/2929/5146 4703/2817/5069
f 4777/2860/5097 4756/2868/5104 4729/2871/5098 4724/2861/5095
f 4653/2763/5009 4691/2801/5050 4689/2797/5046 4778/2765/5010
f 4778/2765/5010 4689/2797/5046 4687/2798/5047 4779/2940/5154
f 4654/2766/5011 4778/2765/5010 4779/2940/5154 4780/2941/5155
f 4779/2940/5154 4687/2798/5047 4669/2779/5028 4670/2782/5031
f 4780/2941/5155 4779/2940/5154 4670/2782/5031 4671/2783/5032
f 4662/2772/5022 4780/2941/5155 4671/2783/5032 4665/2775/5025
f 4656/2767/5013 4654/2766/5011 4780/2941/5155 4662/2772/5022
f 4625/2713/4973 4658/2728/5018 4660/2771/5019 4678/2717/4974
s 0
usemtl Material.007
f 4616/2692/4962 4617/2693/4962 4623/2694/4962 4618/2695/4962
f 4619/2696/4963 4620/2697/4963 4617/2698/4963 4616/2699/4963
f 4618/2700/4964 4621/2701/4964 4619/2702/4964 4616/2703/4964
f 4621/2704/4965 4622/2705/4965 4620/2706/4965 4619/2707/4965
f 4618/2695/4966 4623/2694/4966 4622/2708/4966 4621/2709/4966
f 4622/2708/4967 4623/2710/4967 4617/2711/4967 4620/2712/4967
