# 3ds Max Wavefront OBJ Exporter v0.99 - (c)2007 guruware
# File Created: 18.04.2025 13:57:02

mtllib Crash.mtl

#
# object Crash001
#

v  1.2311 11.0247 0.6942
v  0.4711 9.7059 0.6091
v  1.0235 9.9113 0.4545
v  0.7746 10.8511 0.8609
v  0.0000 9.5324 0.6616
v  0.3357 10.7659 0.9362
v  0.8392 11.3466 0.9182
v  0.3945 11.1945 1.0238
v  0.8584 11.6775 0.9255
v  0.3819 11.4924 1.0396
v  0.8527 11.7251 0.9699
v  0.4079 11.5669 1.0697
v  0.0062 11.4687 1.0705
v  0.0000 11.5458 1.0862
v  -0.4021 11.5669 1.0697
v  -0.3770 11.4924 1.0396
v  -0.8437 11.7251 0.9701
v  -0.8507 11.6775 0.9257
v  -0.3900 11.1944 1.0240
v  -0.8380 11.3466 0.9185
v  -0.3338 10.7659 0.9362
v  -0.7687 10.8510 0.8611
v  -0.4664 9.7059 0.6094
v  -1.2304 11.0184 0.6950
v  -1.0236 9.9112 0.4553
v  -1.3420 13.8082 1.7467
v  -1.4485 14.4824 1.8733
v  -1.4344 14.5365 1.5562
v  -1.2883 13.9300 1.9220
v  -1.3961 14.4418 1.9648
v  3.9572 6.3036 -0.3581
v  3.4372 6.5668 -0.5854
v  3.7534 6.3540 -0.3489
v  3.9354 6.5902 -0.5371
v  4.2605 6.3101 -0.5416
v  4.0265 6.6409 -0.8265
v  4.4415 5.9986 -0.7965
v  4.3070 6.0265 -0.4234
v  3.8969 6.4431 -1.3711
v  4.2361 6.0770 -1.2945
v  3.8564 6.8075 -1.0980
v  4.0067 6.8741 -0.8728
v  3.8757 6.8393 -0.6821
v  3.6721 6.7484 -0.6521
v  3.4770 8.6104 -0.4764
v  3.1339 8.5590 -0.4017
v  2.9752 9.0938 -0.3538
v  3.3502 9.0703 -0.4324
v  3.2292 9.4054 -0.4167
v  2.5015 10.5726 -0.0441
v  2.8332 10.9177 -0.0354
v  2.2413 11.1390 0.0391
v  2.6753 11.5123 0.0624
v  2.0082 11.6547 0.2238
v  2.4168 12.2733 0.2626
v  2.7762 11.6307 -0.4235
v  2.9150 11.0154 -0.5168
v  3.3381 8.5291 -1.2139
v  3.6182 8.6176 -0.8350
v  3.5236 9.0978 -0.7613
v  3.2618 8.9677 -1.1951
v  3.1595 9.3256 -1.2123
v  3.2633 9.6721 -0.6867
v  3.0143 9.5997 -1.1163
v  2.4643 11.5595 -1.2026
v  2.6684 10.8282 -1.2085
v  1.9636 12.6724 0.2360
v  1.6060 12.1831 0.6170
v  1.3210 11.7348 0.7364
v  1.1701 13.0312 -1.1721
v  1.4623 12.2423 -1.2527
v  1.1153 12.2928 -1.4256
v  1.7828 12.6376 -1.1454
v  1.7579 11.6804 -1.1109
v  1.9599 12.0144 -1.2475
v  2.3130 12.2909 -1.0898
v  1.3236 10.6786 -1.1585
v  0.8268 11.3317 -1.5310
v  1.4233 11.5962 -1.3090
v  0.6316 10.5397 -1.3737
v  -0.0129 9.5866 -1.4000
v  1.0457 9.8367 -0.9909
v  0.7602 8.9835 -0.9002
v  -0.0104 8.9593 -1.2414
v  0.5895 8.2561 -0.8100
v  -0.0134 8.2871 -1.0299
v  -0.6094 8.2561 -0.8091
v  -0.7831 8.9834 -0.8993
v  -1.0651 9.8365 -0.9897
v  -1.3484 10.6784 -1.1573
v  -0.6566 10.5332 -1.3732
v  -0.8569 11.3316 -1.5301
v  -1.4464 11.5894 -1.3077
v  3.2180 16.0407 -0.2626
v  2.7397 15.9167 0.1427
v  2.7270 15.8153 0.1458
v  3.4208 16.1842 -0.3452
v  1.8004 11.3789 -0.8404
v  1.6316 10.7896 -0.6300
v  1.6918 10.9611 -0.0314
v  2.3803 15.6444 0.4073
v  2.2534 15.7398 0.4465
v  2.8873 15.2239 -0.2191
v  3.0140 15.2130 -0.2754
v  1.7892 14.2715 0.5161
v  1.9263 15.3039 0.7304
v  1.6811 14.6794 0.9536
v  2.0456 14.7483 0.1954
v  2.4264 14.2253 0.0717
v  1.9148 13.8711 0.3890
v  0.0015 15.4412 0.3972
v  0.6889 15.4320 1.1305
v  0.5942 15.4050 0.3685
v  0.0016 15.4318 1.2226
v  -0.6822 15.4320 1.1306
v  -0.5983 15.3988 0.3685
v  1.7677 15.4496 0.7877
v  1.3451 15.1883 0.2641
v  1.4455 15.1218 0.9799
v  1.9109 15.4921 0.1570
v  2.2599 15.6786 0.0465
v  2.7990 15.8818 -0.1448
v  2.9472 15.6244 -0.4639
v  2.6169 14.9985 -0.3819
v  2.7730 14.7416 -0.1891
v  2.4761 14.1752 -0.0106
v  2.2985 14.4850 -0.3614
v  1.9065 13.6874 0.2602
v  1.7194 13.9779 -0.2824
v  1.4430 14.3026 -0.4249
v  2.0243 15.0816 -0.3583
v  1.3575 14.9145 -0.1719
v  -2.3833 15.6381 0.4077
v  -2.7447 15.9102 0.1431
v  -2.7254 15.8027 0.1461
v  -2.2552 15.7336 0.4465
v  -2.8968 15.2111 -0.2183
v  -3.4282 16.1776 -0.3443
v  -3.0188 15.2065 -0.2747
v  -3.2228 16.0341 -0.2617
v  -1.8012 12.6307 -1.1439
v  -1.9812 12.0141 -1.2457
v  -2.3359 12.2906 -1.0880
v  0.3823 7.7771 0.2226
v  0.0009 7.0659 0.3053
v  0.2937 7.1243 0.2685
v  -0.0050 7.7627 0.3328
v  0.5666 8.5559 0.1830
v  0.0011 8.4371 0.3217
v  -0.5750 8.5559 0.1834
v  -0.3830 7.7770 0.2231
v  -0.2994 7.1242 0.2689
v  -4.0157 6.8675 -0.8695
v  -3.3578 8.5288 -1.2107
v  -3.8726 6.8074 -1.0947
v  -3.6326 8.6109 -0.8319
v  -3.8916 6.8392 -0.6790
v  -3.4867 8.6037 -0.4738
v  -3.3585 9.0700 -0.4299
v  -3.5359 9.0911 -0.7586
v  -3.2435 9.3987 -0.4145
v  -3.2796 9.6718 -0.6842
v  -2.8360 10.9111 -0.0336
v  -2.9264 11.0087 -0.5147
v  -2.7847 11.6241 -0.4217
v  -2.6751 11.5058 0.0641
v  -3.4501 6.5602 -0.5828
v  -3.9631 6.3035 -0.3554
v  -3.7653 6.3476 -0.3464
v  -3.9467 6.5837 -0.5343
v  -4.2720 6.3037 -0.5384
v  -4.0405 6.6408 -0.8233
v  -3.9214 6.4430 -1.3675
v  -3.6817 6.7571 -1.1249
v  -3.7416 6.5761 -1.2858
v  -3.5704 6.7101 -0.9395
v  -3.4688 6.5182 -0.9675
v  -3.6807 6.7418 -0.6492
v  -2.9742 8.5484 -1.1395
v  -3.2810 8.9609 -1.1923
v  -2.8527 8.9212 -1.1167
v  -3.1794 9.3188 -1.2095
v  -2.7243 9.4902 -1.0621
v  -3.0312 9.5929 -1.1138
v  -2.6884 10.8278 -1.2059
v  -2.3815 10.4916 -1.1632
v  -2.4843 11.5591 -1.2004
v  -2.0949 11.2316 -1.1773
v  -2.5851 12.3949 -0.2925
v  -2.4170 12.2668 0.2638
v  -1.9710 12.6723 0.2369
v  -1.9336 12.8446 -0.2259
v  -1.4414 13.6169 -0.5512
v  -1.7276 13.0819 0.3143
v  -1.9070 13.6810 0.2604
v  -1.7242 13.9778 -0.2820
v  -1.4586 14.2962 -0.4244
v  -1.1216 13.8268 -0.8987
v  -1.1895 13.0310 -1.1711
v  -0.6620 13.1387 -1.2890
v  -0.6584 13.9312 -1.0515
v  -0.6413 14.5997 -0.7647
v  -1.0673 14.4646 -0.6813
v  -1.9192 15.2977 0.7303
v  -1.7884 14.2653 0.5163
v  -1.6732 14.6732 0.9535
v  -2.0485 14.7419 0.1957
v  -2.3513 15.0740 -0.0019
v  -2.7622 15.5655 -0.1688
v  -2.7231 14.7565 -0.1207
v  -2.4330 14.2190 0.0721
v  -1.9115 13.8648 0.3892
v  -1.7652 15.4496 0.7878
v  -2.0094 11.6482 0.2249
v  -1.6080 12.1768 0.6176
v  -1.3127 11.7347 0.7371
v  -0.9949 8.7395 -0.1650
v  -1.4026 9.9804 -0.5440
v  -1.0695 8.8312 -0.4573
v  -1.4022 10.0706 -0.1066
v  -1.4839 12.2357 -1.2512
v  -1.1359 12.2926 -1.4247
v  -1.7814 11.6737 -1.1092
v  -1.3524 15.1821 0.2642
v  -1.4370 15.1156 0.9798
v  -1.9153 15.4857 0.1573
v  -1.3655 14.9081 -0.1715
v  -2.0380 15.0751 -0.3577
v  -2.3122 14.4784 -0.3608
v  -2.4789 14.1687 -0.0101
v  -2.6251 14.9918 -0.3809
v  -2.7815 14.7351 -0.1886
v  -2.9517 15.6114 -0.4629
v  -2.8065 15.8752 -0.1440
v  -2.2614 15.6722 0.0471
v  -0.9032 8.0850 -0.4285
v  -0.7972 7.9568 -0.1659
v  -1.7008 10.9609 -0.0302
v  -1.6463 10.7831 -0.6285
v  4.2229 4.4633 -0.4988
v  4.5022 4.4307 -0.5805
v  4.5663 4.2970 -0.5604
v  4.2613 4.3234 -0.4923
v  4.5269 3.9067 -0.6292
v  4.1841 4.0108 -0.5353
v  4.5650 3.5424 -0.6421
v  4.2220 3.6153 -0.5559
v  4.5298 3.3772 -0.4450
v  4.4767 3.5449 -0.1707
v  4.4837 3.9247 -0.1293
v  4.4319 4.3401 -0.1820
v  4.3936 4.5106 -0.1877
v  4.2672 4.2981 -0.9352
v  4.4564 4.4382 -1.0687
v  4.5265 4.2638 -1.0720
v  4.2926 4.2208 -0.9435
v  4.5327 4.4104 -0.6751
v  4.5961 4.1992 -0.6961
v  4.3372 4.2337 -0.9417
v  4.4941 3.8477 -0.6910
v  4.2659 3.5751 -1.0199
v  4.5562 3.3962 -0.8018
v  4.5467 3.3180 -1.0003
v  4.6137 3.4720 -1.2059
v  4.5820 3.8996 -1.1921
v  4.1278 4.8174 -1.7006
v  4.3294 4.8957 -1.8564
v  4.2113 4.5121 -2.0695
v  4.0817 4.5019 -1.7930
v  4.3457 4.2813 -2.0394
v  4.1765 4.2119 -1.8503
v  4.4567 4.1196 -1.8659
v  4.5099 4.1681 -1.7292
v  4.5116 4.3402 -1.6204
v  4.3719 4.7980 -1.5834
v  -4.4387 4.3402 -0.1791
v  -4.4005 4.5106 -0.1846
v  -4.7341 4.6299 -0.3154
v  -4.8299 4.2877 -0.3164
v  -4.5150 4.4307 -0.5771
v  -4.5785 4.2971 -0.5571
v  -4.7665 3.8564 -0.3429
v  -4.5413 3.9004 -0.6258
v  -4.8050 3.4630 -0.3555
v  -4.5733 3.5425 -0.6387
v  -4.5384 3.3838 -0.4417
v  -4.4831 3.5450 -0.1678
v  -4.4953 3.9184 -0.1264
v  -4.2331 4.4634 -0.4959
v  -4.2713 4.3235 -0.4892
v  -4.1955 4.0109 -0.5323
v  -4.2340 3.6218 -0.5528
v  -4.5418 4.2639 -1.0680
v  -4.4780 4.4382 -1.0650
v  -4.2846 4.2982 -0.9318
v  -4.3102 4.2209 -0.9400
v  -4.5484 4.4105 -0.6717
v  -4.6061 4.1993 -0.6926
v  -4.3548 4.2338 -0.9381
v  -4.5104 3.8478 -0.6876
v  -4.2859 3.5752 -1.0163
v  -4.5758 3.3963 -0.7981
v  -4.5662 3.3182 -0.9963
v  -4.6331 3.4722 -1.2020
v  -4.6010 3.8997 -1.1879
v  -4.5375 4.3403 -1.6158
v  -4.3966 4.7980 -1.5790
v  -4.5386 4.9221 -1.6868
v  -4.5470 4.5016 -1.8189
v  -4.3562 4.8957 -1.8517
v  -4.2448 4.5122 -2.0647
v  -4.6242 4.2841 -1.8636
v  -4.3782 4.2813 -2.0347
v  -4.4903 4.1197 -1.8610
v  -4.5392 4.1682 -1.7244
v  -4.8504 4.5947 -0.8180
v  -4.8824 4.3188 -0.8301
v  -4.8137 3.7841 -0.9201
v  -4.8400 3.3707 -0.9692
v  -4.5567 4.3653 -1.2044
v  -4.4729 4.5471 -1.1532
v  -4.7621 4.8118 -1.2992
v  -4.8205 4.5257 -1.3593
v  -4.4337 4.6614 -1.4985
v  -4.4473 4.4260 -1.5528
v  -4.7650 4.1205 -1.4823
v  -4.4233 4.2284 -1.6530
v  -4.7848 3.7740 -1.5227
v  -4.4492 3.9202 -1.6783
v  -4.5297 3.7218 -1.5231
v  -4.6221 3.7862 -1.3181
v  -4.5700 4.0539 -1.2402
v  -4.2002 4.6175 -1.2528
v  -4.2772 4.5200 -1.2809
v  -4.2343 4.0639 -1.3863
v  -4.1843 3.9256 -1.4579
v  -0.0152 10.4518 -1.5435
v  -0.0109 11.3935 -1.6756
v  1.5109 4.1433 -0.6062
v  1.7908 2.2773 -0.6528
v  1.7232 2.2618 -0.8961
v  1.1940 4.1059 -0.8952
v  1.4850 2.2395 -1.0421
v  1.3414 2.2201 -0.8462
v  0.9433 4.1112 -0.6136
v  0.9122 4.1575 -0.1542
v  1.3649 2.2320 -0.5630
v  1.2206 4.1790 -0.0014
v  1.5890 2.2489 -0.4987
v  1.5427 4.1884 -0.2018
v  2.5740 12.4016 -0.2942
v  1.9245 12.8511 -0.2272
v  1.4284 13.6235 -0.5518
v  1.7288 13.0882 0.3138
v  1.1041 13.8269 -0.8994
v  0.6390 13.1388 -1.2895
v  0.6425 13.9313 -1.0519
v  0.6214 14.6062 -0.7649
v  -4.1561 4.8174 -1.6964
v  -4.1065 4.5019 -1.7889
v  -4.2031 4.2120 -1.8460
v  2.7167 14.7693 -0.1214
v  -0.0101 14.0007 -1.1906
v  -0.0112 14.6586 -0.8501
v  1.3906 9.9806 -0.5452
v  0.9820 8.7396 -0.1660
v  1.0540 8.8313 -0.4585
v  1.3973 10.0708 -0.1077
v  0.5447 12.3591 -1.6135
v  -0.0166 12.3546 -1.6247
v  -0.5713 12.3590 -1.6131
v  -3.1413 8.5588 -0.3997
v  -2.7953 8.5293 -0.7079
v  -2.6288 9.1646 -0.6652
v  -2.0571 10.4169 -0.8018
v  -1.9107 10.8557 -0.8199
v  -1.8154 11.3787 -0.8389
v  3.4503 6.5248 -0.9704
v  3.5528 6.7102 -0.9424
v  3.7196 6.5828 -1.2892
v  3.6647 6.7636 -1.1281
v  2.9502 8.5487 -1.1422
v  2.8357 8.9214 -1.1193
v  2.7027 9.4969 -1.0643
v  2.3630 10.4983 -1.1651
v  2.0758 11.2383 -1.1792
v  1.8900 10.8559 -0.8213
v  2.0370 10.4234 -0.8033
v  2.6131 9.1712 -0.6671
v  2.7783 8.5359 -0.7100
v  2.7119 9.1187 -0.4704
v  2.1769 10.3580 -0.4135
v  1.9800 10.9350 -0.3630
v  -0.0142 13.1935 -1.4646
v  0.5970 15.1570 -0.2795
v  -0.0030 15.2106 -0.3157
v  -0.6083 15.1569 -0.2793
v  2.3556 15.3832 -0.3692
v  3.1938 5.2309 -0.2418
v  3.5182 4.9655 -0.2963
v  3.4619 4.5419 -0.2262
v  3.0482 4.8200 -0.1723
v  3.4337 5.3983 0.0064
v  3.3592 4.9141 0.1391
v  3.7781 5.2788 0.0115
v  3.7735 4.8702 0.1260
v  3.5596 4.5957 0.3189
v  3.3757 4.3988 -0.0226
v  3.0524 4.5443 0.1003
v  3.2849 4.6829 0.2874
v  3.2726 4.5022 0.3157
v  -2.2481 11.1325 0.0405
v  -2.5109 10.5724 -0.0426
v  -2.9875 9.0873 -0.3519
v  -2.7278 9.1122 -0.4685
v  -2.1850 10.3515 -0.4122
v  -1.9929 10.9286 -0.3619
v  4.7398 4.8118 -1.3037
v  4.4487 4.5470 -1.1572
v  4.5372 4.3653 -1.2085
v  4.7899 4.5257 -1.3641
v  4.5493 4.0603 -1.2443
v  4.7433 4.1204 -1.4870
v  4.6055 3.7861 -1.3225
v  4.7618 3.7738 -1.5274
v  4.5002 3.7216 -1.5276
v  4.4277 3.9267 -1.6828
v  4.3963 4.2349 -1.6573
v  4.4234 4.4259 -1.5573
v  4.4115 4.6614 -1.5028
v  4.5169 4.9221 -1.6914
v  4.5212 4.5015 -1.8238
v  4.5907 4.2840 -1.8686
v  4.1792 4.6174 -1.2565
v  4.2553 4.5200 -1.2847
v  4.2091 4.0638 -1.3903
v  4.1570 3.9255 -1.4620
v  1.1342 15.2184 1.0571
v  1.0271 15.2114 0.3202
v  1.0127 14.9920 -0.2033
v  1.0564 14.4647 -0.6817
v  -1.0217 14.9856 -0.2030
v  -1.0327 15.2114 0.3202
v  -1.1297 15.2183 1.0572
v  0.7844 7.9569 -0.1667
v  0.7657 7.4502 -0.1398
v  0.8758 7.6727 -0.4379
v  0.8951 8.0851 -0.4295
v  0.5380 7.8414 -0.8379
v  -0.0113 7.8583 -0.8944
v  -0.5589 7.8413 -0.8370
v  -0.8906 7.6726 -0.4369
v  -0.7776 7.4501 -0.1390
v  -2.3635 15.3766 -0.3684
v  4.7231 4.6361 -0.3186
v  4.8119 4.2810 -0.3488
v  4.7543 3.8558 -0.3665
v  4.7990 3.4629 -0.3589
v  4.8364 4.5947 -0.8221
v  4.8614 4.3185 -0.8557
v  4.7966 3.7838 -0.9316
v  4.8213 3.3706 -0.9732
v  2.3486 15.0805 -0.0024
v  2.7541 15.5720 -0.1695
v  -4.4545 5.9985 -0.7928
v  -4.3149 6.0264 -0.4204
v  -4.2582 6.0769 -1.2908
v  -1.7459 2.2619 -0.8936
v  -1.8060 2.2775 -0.6504
v  -1.5245 4.1434 -0.6042
v  -1.2165 4.1060 -0.8935
v  -1.5058 2.2396 -1.0400
v  -1.3625 2.2202 -0.8442
v  -0.9635 4.1113 -0.6122
v  -0.9244 4.1576 -0.1530
v  -1.3836 2.2322 -0.5610
v  -1.2282 4.1791 -0.0001
v  -1.6058 2.2555 -0.4965
v  -1.5565 4.1884 -0.1999
v  -3.4700 4.5419 -0.2239
v  -3.5286 4.9655 -0.2940
v  -3.2025 5.2246 -0.2396
v  -3.0611 4.8200 -0.1705
v  -3.4409 5.3983 0.0086
v  -3.3623 4.9078 0.1409
v  -3.7852 5.2787 0.0137
v  -3.7770 4.8702 0.1280
v  -3.5572 4.5957 0.3209
v  -3.3840 4.3988 -0.0205
v  -3.0569 4.5443 0.1022
v  -3.2899 4.6829 0.2892
v  -3.2767 4.4959 0.3175
v  -0.7902 13.5356 2.7851
v  -0.8675 13.3547 2.7270
v  -0.4596 13.0719 3.5357
v  -1.1228 13.5653 2.3145
v  -0.9555 13.6858 2.4107
v  -0.9433 13.7712 2.3749
v  -0.5852 13.8519 2.4359
v  -0.5262 13.6804 2.5374
v  -0.4574 13.5824 2.8627
v  -0.3892 13.2229 3.5556
v  -0.2613 13.3438 3.5810
v  0.0221 13.2501 4.1726
v  -0.1178 13.1588 4.2013
v  -0.1176 12.9976 4.2135
v  0.4921 12.7409 1.9855
v  0.4915 12.6950 1.9462
v  0.9475 12.8074 1.7474
v  0.0084 12.6451 2.0450
v  0.0089 12.6622 2.0786
v  -0.4709 12.7410 1.9852
v  -0.4779 12.6950 1.9460
v  -0.9337 12.8074 1.7472
v  -0.9779 12.8553 1.7785
v  -1.2209 13.0040 1.3215
v  -1.2592 13.1009 1.3243
v  -1.4826 13.2756 0.9022
v  0.0045 10.7377 0.9605
v  0.0057 11.1493 1.0375
v  -1.3785 12.3210 0.6092
v  -1.5453 13.1687 0.5575
v  -1.7696 13.5258 0.4858
v  -1.7152 13.8305 0.7075
v  -1.7707 13.8816 1.2402
v  -1.4872 14.0793 1.4390
v  -1.2450 15.0521 1.4375
v  -0.7266 15.3194 1.5526
v  -1.1999 15.0343 1.8778
v  -0.7382 15.2481 2.0450
v  -1.1272 14.9018 2.0417
v  -1.1883 14.9424 2.2075
v  -1.3194 14.4157 1.9735
v  -1.2093 15.0141 2.0927
v  -0.7604 15.2739 2.2608
v  -0.2828 15.2683 2.2154
v  -0.2933 15.2343 1.9397
v  -1.2108 13.9809 1.9864
v  -0.8753 13.8347 2.2289
v  -0.5744 13.8817 2.3085
v  -0.0895 14.7136 2.3334
v  -0.2829 14.9548 2.2058
v  -0.1105 14.6370 2.2132
v  -0.2871 15.0384 2.3413
v  -1.7285 13.5558 1.0836
v  -1.6802 13.5710 1.3199
v  -1.3037 13.4343 1.7470
v  -1.0409 13.1775 2.2390
v  -0.6646 12.9053 2.6556
v  -0.3076 12.7007 3.4659
v  0.0227 12.8851 4.2105
v  -0.0725 14.2482 2.1940
v  -0.0277 14.2289 2.1998
v  -0.0641 13.8742 2.3150
v  -0.2758 13.9456 2.2387
v  -1.7004 13.4195 0.8343
v  -1.6318 13.2433 0.7341
v  -1.3462 12.4511 0.6420
v  -1.3449 12.5152 0.7276
v  -1.1647 12.0152 0.8259
v  -1.1761 12.0664 0.9178
v  -0.8462 11.7739 1.2168
v  -1.1490 12.1529 1.0156
v  -1.3494 12.5852 0.8442
v  -1.5665 13.3700 0.8351
v  -1.2910 13.1494 1.3252
v  -1.0789 12.2326 1.0165
v  -1.2853 12.6424 0.8667
v  0.9927 12.8552 1.7787
v  1.2279 13.0101 1.3217
v  1.2662 13.1069 1.3246
v  1.4892 13.2817 0.9022
v  1.3751 13.1680 0.9454
v  1.2209 12.6595 0.8735
v  1.2911 12.6424 0.8667
v  1.0130 12.2731 1.0290
v  1.0830 12.2326 1.0165
v  0.8253 11.9309 1.2606
v  0.7938 11.9878 1.2831
v  0.4517 11.8886 1.4280
v  0.4395 11.7853 1.4629
v  0.0067 11.8418 1.5204
v  0.0069 11.7419 1.5369
v  -0.4343 11.7853 1.4628
v  -0.4348 11.8886 1.4280
v  -0.8137 11.9247 1.2605
v  -0.7814 11.9878 1.2830
v  -1.0022 12.2670 1.0289
v  -1.2151 12.6534 0.8733
v  -1.3734 13.1619 0.9454
v  1.6870 13.5770 1.3200
v  1.7050 13.4257 0.8344
v  1.7343 13.5558 1.0838
v  1.3833 13.1415 1.4780
v  1.0195 12.9398 1.8641
v  1.3174 13.4342 1.7472
v  0.8396 12.7588 2.1907
v  1.0636 13.1774 2.2392
v  0.3437 12.5671 2.6969
v  0.6938 12.9052 2.6558
v  0.3429 12.7006 3.4660
v  0.0127 12.5174 2.7397
v  0.0130 12.4908 2.3404
v  0.3880 12.5778 2.2616
v  0.4864 12.7868 2.0248
v  0.0094 12.6852 2.1125
v  -0.4703 12.7868 2.0245
v  -0.3645 12.5778 2.2615
v  -0.3132 12.5671 2.6969
v  1.3545 12.5852 0.8440
v  1.6332 13.2434 0.7340
v  1.5710 13.3762 0.8351
v  1.3527 12.5152 0.7275
v  1.1771 12.0664 0.9178
v  1.1531 12.1529 1.0155
v  0.8613 11.7059 1.1162
v  0.8565 11.7739 1.2169
v  0.4242 11.5282 1.2978
v  0.4390 11.6151 1.4294
v  0.0040 11.4841 1.3423
v  0.0062 11.5813 1.4848
v  -0.4220 11.6151 1.4294
v  -0.4176 11.5221 1.2976
v  -0.8541 11.7060 1.1158
v  1.1693 12.0153 0.8256
v  -0.7594 15.1039 2.3182
v  -0.7419 15.0420 2.2141
v  1.7220 13.8366 0.7075
v  1.7761 13.5321 0.4855
v  1.7750 13.8877 1.2406
v  1.3619 13.8081 1.7470
v  1.1475 13.5652 2.3149
v  0.8925 13.3605 2.7274
v  0.4970 13.0718 3.5360
v  0.1631 12.9976 4.2136
v  1.3044 13.1554 1.3253
v  1.0314 12.9031 1.8093
v  0.1082 14.7136 2.3334
v  0.0078 15.0433 2.0271
v  0.0488 14.2289 2.1998
v  0.0889 13.8742 2.3149
v  1.2613 15.0520 1.4377
v  0.7401 15.3193 1.5529
v  0.7605 15.2541 2.0453
v  1.2267 15.0140 2.0932
v  1.2171 15.0402 1.8782
v  0.7829 15.2798 2.2611
v  0.3039 15.2741 2.2158
v  0.3124 15.2343 1.9398
v  0.3068 15.3785 1.5806
v  0.7775 15.1097 2.3186
v  1.1495 14.9017 2.0420
v  1.2095 14.9482 2.2081
v  0.7632 15.0419 2.2144
v  -1.0824 11.9359 0.7875
v  -0.8249 12.7589 2.1905
v  -1.0021 12.9339 1.8637
v  -1.3716 13.1354 1.4778
v  1.3764 12.3211 0.6087
v  1.4481 14.5425 1.5566
v  1.5037 14.0853 1.4394
v  1.4162 14.4417 1.9651
v  1.4658 14.4823 1.8736
v  0.3038 14.9548 2.2058
v  0.3123 15.0384 2.3413
v  1.2317 13.9868 1.9869
v  0.9699 13.7770 2.3753
v  1.3008 13.9360 1.9224
v  0.8975 13.8346 2.2293
v  0.5990 13.8817 2.3086
v  0.6073 13.8519 2.4362
v  0.1318 14.6369 2.2132
v  0.0147 13.6909 2.8753
v  -1.0157 12.8972 1.8089
v  0.8168 13.5413 2.7855
v  0.4271 13.2286 3.5560
v  0.1629 13.1588 4.2015
v  0.2999 13.3438 3.5810
v  0.4865 13.5823 2.8629
v  0.9769 13.6917 2.4112
v  0.5515 13.6804 2.5377
v  0.0172 12.5401 3.4332
v  0.0074 15.3196 1.5973
v  -0.2926 15.3786 1.5805
v  1.3398 14.4215 1.9741
v  0.2982 13.9455 2.2389
v  0.0933 14.2481 2.1942
v  1.3449 12.4511 0.6416
v  1.5476 13.1688 0.5573
v  0.0192 13.4210 3.5702
v  1.0858 11.9420 0.7872
v  -1.1552 14.4468 2.2832
v  -1.0725 14.1230 2.2689
v  -0.7334 13.9401 2.3378
v  -0.4594 13.9487 2.3264
v  -0.2686 14.0345 2.2907
v  -0.1288 14.2500 2.2605
v  -0.1476 14.5582 2.2896
v  -0.3454 14.8801 2.2867
v  -0.7277 14.9643 2.3063
v  -1.0596 14.7964 2.2887
v  -0.7445 14.3639 2.4500
v  -0.7063 14.5483 2.4468
v  -0.6938 14.1788 2.4317
v  -0.5730 14.0624 2.3979
v  -0.4207 14.0422 2.3585
v  -0.2744 14.1212 2.3259
v  -0.1918 14.2853 2.3111
v  -0.1981 14.4795 2.3188
v  -0.2551 14.6390 2.3461
v  -0.5220 14.6890 2.4065
v  -1.3305 15.0877 2.0860
v  -1.3545 15.1560 2.1891
v  -1.5774 15.0925 1.7934
v  -1.0411 15.0879 2.2438
v  -1.0650 15.1905 2.3498
v  -1.0910 15.3405 2.3227
v  -1.3488 15.2802 2.1488
v  1.0466 15.5967 2.4066
v  1.4607 15.5700 1.9635
v  1.0331 15.6984 2.3614
v  0.6778 15.6661 2.4767
v  0.6918 15.5322 2.5534
v  0.3002 15.3830 2.3851
v  0.4361 15.3352 2.5172
v  0.2624 15.1323 2.4127
v  0.6509 15.3903 2.3804
v  0.7535 15.4687 2.4188
v  1.0578 15.5470 2.3072
v  0.7588 13.9459 2.3384
v  0.5939 14.0624 2.3980
v  0.4403 14.0422 2.3585
v  1.0892 14.1266 2.2537
v  0.7220 14.1847 2.4319
v  1.1724 14.4525 2.2837
v  0.7669 14.3638 2.4502
v  1.0832 14.8022 2.2892
v  0.7286 14.5483 2.4472
v  0.5429 14.6949 2.4069
v  0.7519 14.9643 2.3066
v  0.3626 14.8801 2.2868
v  -1.0260 15.5968 2.4062
v  -0.6551 15.6603 2.4762
v  -1.0076 15.6985 2.3610
v  -0.6666 15.5323 2.5530
v  -0.2802 15.3830 2.3848
v  -0.4120 15.3352 2.5170
v  0.0950 15.1239 2.3100
v  0.2239 15.4501 2.4003
v  0.3712 15.5440 2.4469
v  0.3560 13.0686 4.7299
v  0.0217 12.7213 4.5533
v  -0.3073 13.0631 4.7296
v  -0.3064 13.2899 4.7870
v  0.0238 13.5510 4.6963
v  0.0313 13.2778 5.1761
v  0.0309 13.0572 5.1515
v  0.3633 13.2898 4.7874
v  0.8179 12.6022 0.7884
v  1.0308 12.8753 0.5345
v  0.8709 12.8380 0.5037
v  1.0101 12.6346 0.8434
v  0.6880 12.4107 1.0472
v  0.9122 12.4651 1.1156
v  0.5511 12.3141 1.2659
v  0.6810 12.3346 1.4142
v  0.3292 12.2614 1.3516
v  0.3964 12.2752 1.5671
v  0.0085 12.2427 1.6430
v  0.0047 12.2348 1.3955
v  -0.3212 12.2613 1.3517
v  -0.3817 12.2752 1.5671
v  -0.6710 12.3346 1.4142
v  -0.5457 12.3080 1.2658
v  -0.9052 12.4651 1.1155
v  -0.6830 12.4107 1.0472
v  -1.0114 12.6346 0.8434
v  -0.8146 12.5960 0.7882
v  -1.0290 12.8691 0.5348
v  -0.8701 12.8317 0.5038
v  -0.7712 15.3706 2.3869
v  -0.6310 15.3904 2.3800
v  -0.7324 15.4688 2.4185
v  -1.0339 15.5411 2.3068
v  -1.4410 15.5641 1.9630
v  1.1260 13.3559 1.3281
v  0.8360 12.3346 1.5415
v  1.0352 12.5353 1.2262
v  0.8827 13.1286 1.6819
v  0.8866 12.5645 1.1075
v  0.7377 12.3732 1.3711
v  1.0401 12.9736 0.7230
v  1.1886 12.9301 0.8458
v  -0.8221 12.3285 1.5414
v  -0.8798 12.5645 1.1075
v  -0.7290 12.3733 1.3709
v  -1.0247 12.5353 1.2263
v  -1.2778 13.5673 0.9477
v  -1.1837 12.9300 0.8459
v  -1.1188 13.3560 1.3279
v  0.7493 11.9493 1.2935
v  0.4260 11.8842 1.4186
v  0.0061 11.8363 1.4830
v  -0.4158 11.8842 1.4185
v  -0.7429 11.9494 1.2932
v  0.9814 12.0673 1.0473
v  1.0851 12.4622 0.7461
v  0.4403 13.0145 1.9383
v  0.0054 12.2218 1.8486
v  0.4186 12.2495 1.7661
v  0.0076 12.9958 1.9986
v  -0.4270 13.0145 1.9382
v  -0.4041 12.2495 1.7659
v  -0.8710 13.1227 1.6816
v  -0.9764 12.0674 1.0472
v  -1.0767 12.4622 0.7461
v  1.3743 15.2801 2.1490
v  1.5920 15.0984 1.7939
v  1.3479 15.0876 2.0865
v  1.1155 15.3464 2.3230
v  1.0633 15.0937 2.2441
v  0.1713 14.5581 2.2896
v  0.1518 14.2499 2.2607
v  0.2862 14.0404 2.2908
v  0.4844 13.9547 2.3267
v  0.2995 14.1271 2.3260
v  0.2163 14.2852 2.3111
v  0.2228 14.4795 2.3189
v  0.3125 14.6390 2.3462
v  0.7858 15.1893 2.4431
v  1.0841 15.1904 2.3503
v  1.3750 15.1619 2.1894
v  0.7976 15.3765 2.3872
v  0.2559 15.3936 2.4117
v  0.3780 12.2851 1.6105
v  0.0091 12.2598 1.6801
v  -0.3618 12.2851 1.6105
v  1.2858 13.5734 0.9475
v  -1.0325 12.9735 0.7231
v  1.1058 12.5591 0.4347
v  -1.1071 12.5528 0.4350
v  -0.0772 15.1239 2.3099
v  -0.3430 15.5441 2.4467
v  -0.1970 15.4501 2.4002
v  -0.7639 15.1894 2.4430
v  -0.2414 15.1323 2.4125
v  -0.2287 15.3936 2.4116
v  0.1538 13.9119 -1.3185
v  0.1316 12.7672 -1.5219
v  0.1757 13.4006 -1.5521
v  0.3588 13.3737 -1.2627
v  0.4185 13.8656 -1.1062
v  0.4663 14.6562 -0.8940
v  0.5327 15.0697 -0.3108
v  -0.3179 16.4445 1.1891
v  -0.6801 17.3312 0.8800
v  -0.4238 16.5469 0.9450
v  0.2391 15.9021 1.3336
v  0.3825 15.7573 1.5257
v  0.4985 15.6654 1.1960
v  0.3587 16.2107 2.0510
v  0.1444 16.3195 1.8022
v  0.1599 17.1577 2.8150
v  -0.1720 16.1260 1.5522
v  0.2264 15.9407 2.1576
v  0.2652 15.5085 1.7707
v  0.5414 15.2920 0.2506
v  0.1974 15.5124 -0.1357
v  -0.2906 15.7826 1.3024
v  -0.1522 16.4557 1.1928
v  -0.0473 16.5670 0.9602
v  0.3143 16.0364 0.8329
v  0.9883 16.8174 1.1301
v  0.5563 15.3515 0.8079
v  0.3423 15.8332 0.5835
v  0.2849 15.9841 0.5769
v  0.1445 15.8181 0.5701
v  -0.0822 16.5115 0.7713
v  -0.2416 16.5006 0.7660
v  -0.3232 15.7309 0.8438
v  -0.0406 15.8267 0.5617
v  0.1596 16.0491 0.3210
v  0.1562 15.6839 0.0975
v  0.4640 16.5552 -0.1985
v  0.0373 16.0799 -0.1749
v  -0.3343 16.6778 -0.2712
v  -0.1098 16.0288 -0.1964
v  -0.0583 15.5720 -0.1696
v  -0.2201 15.6562 0.0833
v  0.7269 15.3319 1.1148
v  3.9867 6.8301 -0.1004
v  4.1947 6.7998 -0.2571
v  4.2668 6.5142 -0.5473
v  3.7195 6.5637 -1.2975
v  3.1577 6.7866 -0.9238
v  3.4501 6.9447 -1.3929
v  3.4502 6.5058 -0.9789
v  3.5324 5.9311 -1.4346
v  3.8943 5.2876 -1.5399
v  4.0696 5.4141 -1.7554
v  3.9382 5.1420 -1.1777
v  4.5269 5.0199 -1.4532
v  4.5010 4.7478 -1.0740
v  4.0195 4.9989 -0.8704
v  4.4311 4.6152 -0.6434
v  4.3163 5.4143 -0.2381
v  4.4357 6.5742 -0.7635
v  4.5318 7.0399 -0.7280
v  3.3246 6.7705 -0.4431
v  3.2480 6.2560 -0.4492
v  3.4782 5.7753 0.0054
v  3.1916 5.5178 -0.3802
v  3.1864 6.0988 -0.7146
v  3.7624 5.8817 -0.9976
v  4.3430 4.9020 -0.1600
v  4.1085 5.0232 -0.4772
v  3.5850 5.2461 -0.5151
v  3.7869 5.3433 -0.6555
v  3.2075 5.4956 -0.5930
v  4.6401 5.1240 -0.3261
v  4.3973 5.3469 -1.5923
v  4.1657 6.9923 -1.3042
v  4.1278 6.4463 -1.2820
v  4.7035 5.1908 -0.7620
v  4.2320 6.9583 -1.1438
v  4.2313 6.5399 -1.1897
v  -4.6524 5.2911 -1.2095
v  -4.5163 4.7414 -1.0700
v  -4.5477 5.0199 -1.4489
v  -3.9974 6.8237 -0.0980
v  -4.1975 6.7997 -0.2545
v  -4.2785 6.5141 -0.5444
v  -4.6449 5.1240 -0.3227
v  -4.7155 5.1907 -0.7582
v  -4.4459 4.6152 -0.6401
v  -4.3248 5.4142 -0.2353
v  -3.1982 5.5177 -0.3779
v  -3.5956 5.2461 -0.5124
v  -3.2207 5.4956 -0.5906
v  -3.8019 5.3432 -0.6525
v  -4.1180 5.0232 -0.4742
v  -4.3491 4.9020 -0.1572
v  -4.4477 6.5740 -0.7599
v  -4.7674 6.9803 -0.8145
v  -4.6470 6.5011 -0.8613
v  -4.5428 7.0332 -0.7244
v  -3.1748 6.7864 -0.9212
v  -3.7292 6.6030 -1.3075
v  -3.4754 6.9446 -1.3897
v  -3.4564 6.5448 -0.9894
v  -3.3331 6.7704 -0.4407
v  -3.2631 6.2559 -0.4469
v  -3.4856 5.7753 0.0075
v  -4.0230 5.4994 -1.7479
v  -3.8475 5.3659 -1.5328
v  -3.5590 5.9246 -1.4313
v  -4.1819 6.9921 -1.3005
v  -4.1433 6.4462 -1.2782
v  -4.4223 5.3468 -1.5879
v  -0.0323 15.6868 -0.5550
v  -0.0963 15.2820 -0.5708
v  0.1590 15.6787 -0.5484
v  0.2734 15.3028 -0.5774
v  -0.2662 16.0701 -1.2391
v  0.0413 15.4051 -1.1537
v  -0.1833 14.4699 -1.2567
v  -0.1507 15.5146 -1.6073
v  -0.0150 14.5851 -1.4991
v  0.1545 14.7903 -1.2655
v  0.2135 15.3842 -1.1481
v  0.9440 16.0504 1.9625
v  1.2149 16.9079 2.5800
v  0.8122 16.0659 2.0962
v  0.6744 16.1126 1.8509
v  0.5921 16.1203 1.8866
v  0.7792 15.5507 -0.8664
v  0.7445 16.0784 -0.2153
v  4.6327 5.2911 -1.2136
v  -4.0348 4.9989 -0.8673
v  -3.9566 5.1420 -1.1742
v  -4.2495 6.9516 -1.1401
v  -4.2502 6.5334 -1.1860
v  -3.7817 5.8816 -0.9943
v  -3.2034 6.0923 -0.7120
v  0.0054 15.3645 1.8798
v  -1.4098 16.6545 2.3441
v  -0.5316 15.6672 1.3897
v  0.4916 15.3017 1.5735
v  -0.0051 14.9732 2.0203
v  -0.4776 15.3076 1.5739
v  -0.5636 15.3465 0.9670
v  -0.3723 15.3814 0.5533
v  -0.3664 15.3465 0.5206
v  -0.3303 15.2006 -0.0289
v  -0.3599 14.6524 -0.7166
v  -0.3365 13.3826 -1.2742
v  -0.2632 13.5356 -1.4786
v  -0.2507 12.7506 -1.5029
v  -0.2016 13.3425 -1.6200
v  -0.1026 12.9219 -1.4100
v  0.0162 12.5465 -1.5647
v  4.7536 6.9805 -0.8183
v  4.6318 6.5013 -0.8652
v  -0.5637 13.9152 -1.9372
v  -0.0688 13.7439 -1.6901
v  0.3800 14.2272 -1.9447
v  0.0492 13.3400 -1.8994
v  3.8021 5.5380 -0.0826
v  -3.8058 5.5380 -0.0804
v  1.1022 0.0347 -0.2257
v  0.9679 0.5017 0.9858
v  1.1221 0.6347 -0.1709
v  0.9671 0.0417 0.9356
v  1.0746 0.0405 1.2855
v  1.4339 0.6351 2.2491
v  1.0621 0.4804 1.2988
v  1.4402 0.2717 2.2416
v  2.4306 0.3037 2.3664
v  2.9009 0.5941 1.8569
v  2.4179 0.6540 2.3729
v  2.9206 0.2263 1.8949
v  2.8265 0.5330 0.3529
v  2.8916 0.0246 0.8440
v  2.7576 0.0248 0.4304
v  2.9093 0.5199 0.7534
v  3.0431 0.0254 1.1588
v  3.0180 0.5104 1.1816
v  2.3319 0.0223 -0.7051
v  2.1700 0.4988 -1.2777
v  2.3517 0.5003 -0.6628
v  2.1434 0.0239 -1.3437
v  1.8050 0.1425 -1.7807
v  1.1932 0.6182 -1.7541
v  1.8441 0.5750 -1.7271
v  1.1541 0.1855 -1.8069
v  1.0612 0.6339 -1.2269
v  0.9649 0.6233 -1.2657
v  1.2176 0.6527 -0.1804
v  2.7501 0.5268 0.3527
v  2.2753 0.5271 -0.6510
v  2.1321 0.5277 -1.2501
v  1.8328 0.5848 -1.6338
v  1.0571 0.5196 0.9808
v  0.9319 0.0377 -1.3372
v  2.3908 0.7023 2.2665
v  1.4577 0.6833 2.1398
v  2.8491 0.6248 1.8055
v  2.9477 0.5033 1.1722
v  1.1345 0.9163 -0.1971
v  1.0944 1.1341 -1.1411
v  1.1486 1.1089 -1.3453
v  1.2393 0.6337 -1.6673
v  1.2346 1.1218 -1.5580
v  1.2609 1.2768 -1.5040
v  1.8078 1.0848 -1.6055
v  1.7768 1.2726 -1.5516
v  1.9964 1.0606 -1.3743
v  2.1201 1.0699 -1.2058
v  1.1175 0.5040 1.1780
v  2.8327 0.5133 0.7500
v  2.0581 1.5970 -1.0927
v  2.2054 0.7965 -0.6409
v  2.2349 1.4246 -0.3884
v  1.9062 2.0413 -1.0177
v  2.0224 2.0691 -0.5229
v  2.7640 0.8889 0.4229
v  2.8257 0.8790 0.7026
v  2.9418 0.8850 1.2034
v  1.0766 0.8962 1.0049
v  1.4306 1.3071 0.7939
v  1.4193 1.4166 0.4836
v  1.1436 0.8553 1.2114
v  1.4761 1.2931 1.2649
v  1.1920 1.4793 -0.1888
v  1.1405 1.6333 -1.0426
v  1.1967 1.9889 -0.3063
v  1.1613 1.9691 -0.9453
v  2.8358 0.9513 1.7636
v  2.4446 1.2339 1.2163
v  2.4334 1.2001 1.7199
v  1.4822 1.2729 1.6576
v  1.4562 1.0674 2.0398
v  2.3892 1.0910 2.1650
v  2.2265 1.3645 0.3098
v  2.1140 1.5739 0.0435
v  2.3214 1.2657 0.6728
v  1.4159 2.0247 -0.1566
v  1.9119 2.0563 -0.2469
v  1.4021 1.6363 0.1968
v  1.2822 1.7304 -1.3739
v  1.2587 1.9804 -1.2409
v  1.7029 1.6974 -1.3799
v  1.1633 2.2172 -0.3990
v  1.1358 2.1879 -0.9451
v  1.9966 2.3036 -0.5412
v  1.8215 2.2925 -0.3135
v  1.4334 2.2516 -0.2585
v  1.2339 2.1971 -1.1979
v  1.8872 2.2735 -1.0153
v  1.6032 2.2338 -1.2301
v  1.6217 2.0102 -1.2771
v  -1.1354 0.6349 -0.1695
v  -0.9557 0.0378 -1.3358
v  -0.9928 0.6234 -1.2643
v  -1.1108 0.0348 -0.2241
v  -1.0552 0.4805 1.2998
v  -0.9652 0.0418 0.9367
v  -0.9644 0.5018 0.9867
v  -1.0746 0.0467 1.2867
v  -2.3969 0.6600 2.3745
v  -1.4232 0.2718 2.2426
v  -1.4103 0.6352 2.2500
v  -2.4097 0.3039 2.3681
v  -2.3674 0.5006 -0.6594
v  -2.7586 0.0252 0.4337
v  -2.8299 0.5396 0.3560
v  -2.3489 0.0227 -0.7017
v  -1.2237 0.6184 -1.7520
v  -1.8363 0.1494 -1.7777
v  -1.8737 0.5753 -1.7241
v  -1.1863 0.1857 -1.8050
v  -1.0880 0.6340 -1.2252
v  -1.2311 0.6529 -0.1789
v  -2.7534 0.5333 0.3559
v  -2.2970 0.5274 -0.6477
v  -2.1596 0.5345 -1.2470
v  -2.1983 0.5056 -1.2744
v  -1.8595 0.5851 -1.6309
v  -1.2733 0.6339 -1.6655
v  -1.1145 0.5041 1.1790
v  -1.0538 0.5197 0.9818
v  -3.0083 0.5107 1.1844
v  -2.9017 0.2266 1.8973
v  -2.8831 0.6004 1.8591
v  -3.0407 0.0318 1.1617
v  -2.1739 0.0243 -1.3405
v  -1.4439 0.6834 2.1407
v  -2.8329 0.6250 1.8079
v  -2.3730 0.7084 2.2680
v  -2.9066 0.5202 0.7565
v  -2.8365 0.5136 0.7529
v  -2.9447 0.5036 1.1750
v  -2.1461 1.0702 -1.2024
v  -2.2204 0.7968 -0.6377
v  -2.7650 0.8892 0.4262
v  -2.2483 1.4248 -0.3856
v  -2.0806 1.5973 -1.0897
v  -1.9328 2.0415 -1.0149
v  -2.0399 2.0756 -0.5203
v  -1.2652 1.1220 -1.5563
v  -1.2899 1.2769 -1.5020
v  -1.1791 1.1090 -1.3436
v  -1.8399 1.0851 -1.6027
v  -1.8072 1.2794 -1.5486
v  -2.0212 1.0609 -1.3712
v  -2.8308 0.8793 0.7055
v  -2.9314 0.8852 1.2061
v  -2.2310 1.3709 0.3121
v  -2.3211 1.2720 0.6754
v  -2.4338 1.2403 1.2185
v  -2.1204 1.5741 0.0461
v  -1.1856 1.9692 -0.9436
v  -1.1834 2.2173 -0.3976
v  -1.2075 1.9890 -0.3049
v  -1.1600 2.1944 -0.9434
v  -1.4491 2.2518 -0.2566
v  -1.4283 2.0312 -0.1548
v  -2.0146 2.3038 -0.5384
v  -1.8325 2.2927 -0.3113
v  -1.9072 2.2737 -1.0123
v  -1.6299 2.2340 -1.2275
v  -1.1421 0.9164 -0.1957
v  -1.1184 1.1343 -1.1394
v  -1.3069 1.7306 -1.3719
v  -1.1679 1.6334 -1.0407
v  -1.2858 1.9806 -1.2390
v  -1.4249 1.4168 0.4850
v  -1.1994 1.4794 -0.1874
v  -1.4101 1.6364 0.1983
v  -1.0724 0.8963 1.0059
v  -1.9271 2.0565 -0.2445
v  -1.6498 2.0104 -1.2746
v  -1.2596 2.1972 -1.1960
v  -1.1394 0.8554 1.2123
v  -2.8925 0.0312 0.8472
v  -1.7343 1.6976 -1.3772
v  -2.4197 1.2003 1.7219
v  -1.4454 1.0675 2.0409
v  -1.4705 1.2730 1.6588
v  -2.3745 1.0911 2.1668
v  -2.8208 0.9576 1.7657
v  -1.4701 1.2993 1.2663
v  -1.4328 1.3072 0.7953
v  -0.2354 5.3483 -0.5431
v  -0.4679 6.2498 0.0963
v  -0.7256 5.5556 0.3377
v  -0.0067 5.6744 -0.6043
v  -1.1246 3.8060 -1.5468
v  -0.5883 4.3145 -0.6822
v  -0.6400 3.7126 -0.7229
v  -1.0075 4.4408 -1.4002
v  -1.6200 3.9916 -1.4161
v  -1.3953 4.6885 -1.3178
v  -0.9497 4.9200 0.2785
v  -0.4775 4.8705 -0.5251
v  -0.7575 4.5934 -0.0793
v  -0.8274 4.3228 -0.0633
v  -1.6742 4.7039 -0.7965
v  -1.4737 5.0641 0.2034
v  -1.5063 5.3050 -0.6596
v  -1.6654 4.9274 -0.2326
v  -1.7437 4.5536 -0.3486
v  -1.7624 4.5601 -0.3163
v  -1.7603 4.2644 -0.1817
v  -1.9372 3.9452 -0.9009
v  -1.9074 3.7903 -0.2063
v  -0.9844 3.4281 0.0956
v  -0.6348 3.2485 -0.8050
v  -1.0036 3.6789 0.0948
v  -0.9301 7.4616 -0.5170
v  -0.8458 6.7631 -0.8350
v  -1.0223 6.8522 -0.2948
v  -0.4099 7.2725 -1.0995
v  -0.6043 7.5882 -0.8912
v  -0.0128 7.6140 -0.9903
v  -0.0087 7.3328 -1.1374
v  0.3873 7.2725 -1.0999
v  0.5818 7.5882 -0.8919
v  0.9192 7.4617 -0.5184
v  0.8250 6.7632 -0.8361
v  1.0120 6.8586 -0.2959
v  0.4632 6.2498 0.0957
v  0.2237 5.3483 -0.5427
v  0.7221 5.5556 0.3375
v  0.6227 3.7126 -0.7223
v  1.1635 3.3459 -1.6277
v  0.6151 3.2614 -0.8033
v  1.0947 3.8060 -1.5463
v  0.5723 4.3145 -0.6814
v  0.9821 4.4408 -1.3995
v  1.6004 3.9916 -1.4163
v  1.3724 4.6885 -1.3176
v  1.9145 3.9452 -0.9012
v  1.6610 4.7039 -0.7966
v  -1.0231 4.0985 0.0672
v  1.1671 5.9697 0.2466
v  1.4910 5.3113 -0.6603
v  1.3098 6.1408 -0.4217
v  1.4661 5.0641 0.2043
v  0.9444 4.9200 0.2798
v  0.4600 4.8705 -0.5241
v  2.1690 3.4428 -0.9361
v  1.7525 3.4428 -1.4795
v  0.7475 4.5934 -0.0788
v  0.8179 4.3228 -0.0617
v  1.6570 4.9274 -0.2323
v  1.7318 4.5536 -0.3485
v  1.7515 4.5601 -0.3161
v  1.7471 4.2644 -0.1816
v  1.8998 3.7903 -0.2062
v  1.0176 4.0985 0.0675
v  0.9925 3.6789 0.0952
v  -1.3176 4.4514 -0.4198
v  -2.1567 3.2455 -0.2424
v  -2.2702 3.1127 -0.9835
v  -2.0453 3.3998 0.3587
v  -0.9468 3.0499 0.0515
v  -1.2519 3.2629 0.5261
v  -0.6287 2.8955 -0.8146
v  -1.1670 2.9710 -1.8117
v  -1.8525 3.1247 -1.6016
v  1.3034 4.4514 -0.4191
v  2.2512 3.1256 -0.9833
v  2.1415 3.2519 -0.2415
v  -1.2837 5.3419 -1.1125
v  -0.8894 5.2326 -1.1780
v  0.0002 6.7873 0.2615
v  -0.2871 6.8448 0.2361
v  -0.0022 6.1053 0.1046
v  0.2805 6.8448 0.2359
v  -1.1733 5.9697 0.2470
v  -1.3240 6.1408 -0.4207
v  -0.7619 6.8041 0.0472
v  -0.7388 7.1457 -0.1085
v  -0.7163 5.6393 -1.1273
v  -1.0395 6.1005 -0.9911
v  -0.5254 6.0728 -1.1483
v  -1.1897 3.3328 -1.6285
v  -1.7741 3.4297 -1.4801
v  -2.1866 3.4299 -0.9367
v  -2.0867 3.5740 -0.2534
v  0.9408 3.0498 0.0503
v  0.6149 2.9083 -0.8135
v  1.1356 3.0184 -1.7791
v  1.8271 3.1378 -1.6012
v  0.8643 5.2326 -1.1779
v  0.6930 5.6393 -1.1276
v  0.5013 6.0728 -1.1483
v  1.0203 6.1005 -0.9919
v  1.2608 5.3419 -1.1128
v  2.0777 3.5867 -0.2523
v  0.9798 3.4030 0.0943
v  0.7559 6.8041 0.0463
v  0.7342 7.1520 -0.1095
v  2.0424 3.3998 0.3565
v  1.2479 3.2629 0.5247
v  -0.0130 6.0753 -1.0096
v  -0.0105 6.6915 -1.2528
v  -0.4181 6.6709 -1.2247
v  0.3917 6.6709 -1.2253
v  1.2253 4.1776 0.3024
v  1.0987 4.4153 0.3561
v  1.0217 4.6706 0.3284
v  1.6385 4.8077 0.2153
v  1.7217 4.5577 0.2333
v  1.6764 4.2822 0.1919
v  -1.2298 4.1776 0.3020
v  -1.1016 4.4153 0.3548
v  -1.0254 4.6706 0.3271
v  -1.6457 4.8077 0.2148
v  -1.7220 4.5577 0.2330
v  -1.6780 4.2760 0.1916
v  -1.8122 3.8313 0.1709
v  -1.9700 3.6779 0.2798
v  -1.2014 3.5475 0.4992
v  -1.2167 3.7293 0.3303
v  1.2130 3.7293 0.3313
v  1.2082 3.5269 0.4355
v  1.9646 3.6779 0.2777
v  1.8036 3.8313 0.1705
v  -1.1670 2.9710 -1.8116
v  1.1520 13.5016 0.1345
v  0.6109 12.6061 0.1906
v  0.9263 12.6261 0.3780
v  0.7532 13.3991 0.3208
v  0.3119 13.4597 0.2420
v  0.2701 12.6223 0.0079
v  -0.0012 13.4868 0.2034
v  -0.0040 12.6080 0.0170
v  -0.2783 12.6223 0.0081
v  -0.7713 11.9829 1.1074
v  -0.6135 12.6061 0.1908
v  -1.0241 12.3560 0.8501
v  -0.9294 12.6260 0.3783
v  -1.1988 12.6945 0.6953
v  -1.1565 13.5015 0.1348
v  -1.3772 13.2814 0.7002
v  -1.1792 13.1707 1.1375
v  -0.8683 12.9908 1.4437
v  -0.7582 13.3991 0.3209
v  -0.4315 12.8274 1.6492
v  -0.3131 13.4597 0.2421
v  0.0101 12.7711 1.7479
v  0.5991 12.4950 0.2475
v  -0.0044 12.4816 -0.0131
v  0.6205 12.4442 -0.0152
v  -0.0003 12.5322 0.2493
v  -0.6294 12.4442 -0.0151
v  -0.6061 12.4950 0.2476
v  -0.0016 12.4887 0.5745
v  -0.5055 12.4641 0.5735
v  -0.4163 12.3250 0.9816
v  0.0047 12.3371 0.9822
v  0.4256 12.3250 0.9816
v  0.5021 12.4641 0.5734
v  0.0072 12.0596 1.5548
v  -0.1347 12.0541 1.4528
v  0.1396 12.0541 1.4528
v  0.0028 12.6682 0.8608
v  -0.4781 12.6022 0.6928
v  -0.3889 12.4612 1.1038
v  -0.5662 12.6734 0.3595
v  -0.0027 12.7125 0.5096
v  0.5625 12.6734 0.3594
v  0.4784 12.6022 0.6930
v  0.3956 12.4612 1.1037
v  0.7783 11.9829 1.1075
v  0.4054 11.8710 1.3224
v  0.0053 11.8394 1.4313
v  -0.3982 11.8650 1.3224
v  0.6148 12.6059 0.0278
v  -0.0017 12.6735 0.1661
v  -0.6160 12.6059 0.0280
v  -0.1675 12.2660 1.3912
v  0.0062 12.2531 1.4918
v  0.1768 12.2660 1.3913
v  0.0024 12.5187 1.2489
v  1.0230 12.3560 0.8502
v  1.1991 12.6945 0.6953
v  1.3840 13.2814 0.7001
v  1.1867 13.1707 1.1374
v  0.8790 12.9908 1.4437
v  0.4486 12.8274 1.6493
v  0.4798 14.3777 2.4422
v  -0.4513 14.3777 2.4421
# 1395 vertices

vn 0.6305 -0.2387 0.7386
vn 0.3122 -0.2900 0.9047
vn 0.5619 -0.3165 0.7642
vn 0.3145 -0.2069 0.9264
vn -0.0003 -0.2692 0.9631
vn 0.1779 -0.2182 0.9595
vn 0.3455 -0.0886 0.9342
vn 0.1640 -0.1266 0.9783
vn 0.4731 -0.2381 0.8482
vn 0.2120 -0.2863 0.9344
vn 0.6238 -0.7120 0.3222
vn 0.2473 -0.8428 0.4781
vn 0.0004 -0.2373 0.9714
vn 0.0190 -0.6119 0.7907
vn -0.2390 -0.5959 0.7667
vn -0.2115 -0.2839 0.9352
vn -0.2495 -0.8467 0.4700
vn -0.5886 -0.7319 0.3433
vn -0.4649 -0.2323 0.8544
vn -0.1623 -0.1251 0.9788
vn -0.3434 -0.0866 0.9352
vn -0.1773 -0.2182 0.9597
vn -0.3138 -0.2069 0.9267
vn -0.3094 -0.2894 0.9058
vn -0.6253 -0.2365 0.7436
vn -0.5579 -0.3151 0.7678
vn -0.8998 -0.0182 0.4358
vn -0.9686 0.0696 0.2385
vn -0.9617 0.1415 0.2348
vn -0.7367 -0.0467 0.6747
vn -0.6711 -0.0085 0.7413
vn 0.1996 0.6612 0.7231
vn -0.1498 0.7018 0.6965
vn 0.2327 0.8569 0.4600
vn 0.4692 0.5421 0.6971
vn 0.7582 0.5479 0.3535
vn 0.9051 0.4068 -0.1240
vn 0.8561 0.5097 -0.0852
vn 0.9103 0.2774 0.3074
vn 0.5805 0.6151 -0.5336
vn 0.7390 0.6421 -0.2037
vn 0.6108 0.2512 -0.7508
vn 0.9714 0.2300 -0.0587
vn 0.4696 0.3109 0.8263
vn -0.5156 0.1523 0.8432
vn 0.4950 0.0330 0.8683
vn -0.4108 -0.0032 0.9117
vn -0.2615 -0.2070 0.9428
vn -0.0710 -0.1371 0.9880
vn 0.6758 0.1311 0.7253
vn 0.6327 0.0994 0.7680
vn -0.2429 -0.2650 0.9332
vn 0.7273 0.0606 0.6836
vn -0.2049 -0.3107 0.9282
vn 0.6593 0.0111 0.7518
vn 0.2226 -0.3282 0.9180
vn 0.5201 0.2340 0.8214
vn 0.9673 0.2441 -0.0695
vn 0.9438 0.2475 -0.2190
vn 0.4795 0.1150 -0.8700
vn 0.9724 0.2077 0.1066
vn 0.9491 0.2876 -0.1284
vn 0.2639 0.0700 -0.9620
vn 0.3324 0.2693 -0.9039
vn 0.9283 0.3596 -0.0947
vn 0.5023 0.2801 -0.8181
vn 0.4908 0.1692 -0.8547
vn 0.3757 0.0576 -0.9250
vn 0.6305 0.4461 0.6352
vn 0.0827 -0.2757 0.9577
vn 0.4456 0.1167 0.8876
vn 0.4936 -0.2434 0.8349
vn 0.6922 0.4687 0.5488
vn 0.4558 -0.0766 0.8868
vn 0.3699 -0.3037 0.8780
vn 0.2792 0.2763 -0.9196
vn 0.3770 0.0743 -0.9232
vn 0.3673 0.1740 -0.9137
vn 0.3999 0.3672 -0.8398
vn -0.0633 -0.2428 -0.9680
vn 0.0989 0.1391 -0.9853
vn -0.0733 0.0146 -0.9972
vn 0.5763 0.4200 -0.7011
vn 0.6151 -0.2871 -0.7343
vn 0.3077 -0.1060 -0.9455
vn 0.5178 -0.1656 -0.8393
vn 0.3028 -0.2171 -0.9280
vn -0.0011 -0.2395 -0.9709
vn 0.6477 -0.3055 -0.6980
vn 0.5852 -0.2400 -0.7745
vn -0.0008 -0.2573 -0.9663
vn 0.4537 -0.1781 -0.8732
vn -0.0024 -0.3007 -0.9537
vn -0.4602 -0.1793 -0.8695
vn -0.5900 -0.2427 -0.7701
vn -0.6533 -0.3066 -0.6922
vn -0.6204 -0.2889 -0.7291
vn -0.3047 -0.2179 -0.9272
vn -0.3096 -0.1051 -0.9450
vn -0.5217 -0.1689 -0.8362
vn 0.5601 -0.2880 0.7768
vn 0.6163 -0.1105 0.7797
vn 0.6776 -0.3250 0.6598
vn 0.7279 -0.3887 0.5648
vn 0.5409 -0.5444 -0.6411
vn 0.8410 -0.3753 -0.3897
vn 0.9212 -0.3196 -0.2220
vn 0.9026 -0.3383 0.2663
vn 0.5788 -0.2758 0.7674
vn 0.6518 -0.1821 0.7362
vn 0.4587 0.2227 0.8602
vn 0.5098 -0.2735 0.8157
vn 0.3737 -0.0278 0.9271
vn 0.5129 -0.0994 0.8527
vn 0.8849 0.0239 0.4653
vn 0.7122 -0.0989 0.6950
vn 0.7820 0.1431 0.6067
vn 0.6526 -0.0200 0.7574
vn 0.6418 -0.0894 0.7616
vn 0.7383 -0.2439 0.6289
vn -0.0031 0.9933 -0.1155
vn 0.2544 0.9642 0.0754
vn 0.2302 0.9396 -0.2532
vn 0.0001 0.9896 0.1439
vn -0.2541 0.9640 0.0779
vn -0.2306 0.9398 -0.2521
vn 0.4405 0.1616 0.8831
vn -0.5660 0.8243 0.0144
vn -0.1620 0.9668 -0.1979
vn -0.0009 0.9831 0.1833
vn -0.5100 0.7744 -0.3745
vn -0.4720 0.8707 -0.1378
vn -0.4840 0.7924 -0.3713
vn -0.4558 0.7791 -0.4304
vn -0.4611 0.8645 -0.2001
vn -0.5038 0.7334 -0.4565
vn -0.2110 0.5459 -0.8109
vn -0.0130 0.1299 -0.9914
vn 0.4535 -0.3250 -0.8299
vn 0.5705 -0.2374 -0.7862
vn 0.2787 -0.2831 -0.9177
vn 0.3727 -0.4014 -0.8366
vn 0.4005 -0.5151 -0.7578
vn 0.7843 -0.6133 -0.0933
vn 0.2327 -0.3175 -0.9193
vn 0.8120 -0.5591 -0.1675
vn 0.5861 -0.6234 -0.5176
vn 0.5667 -0.3207 -0.7589
vn 0.8861 -0.4577 0.0738
vn 0.3633 0.2171 -0.9060
vn -0.2607 0.3565 -0.8972
vn -0.1656 0.6484 -0.7431
vn -0.6495 -0.1890 0.7365
vn -0.6199 -0.1328 0.7734
vn -0.6775 -0.3398 0.6523
vn -0.4578 0.2180 0.8619
vn -0.3757 -0.0294 0.9263
vn -0.5119 -0.2778 0.8129
vn -0.5226 -0.1039 0.8462
vn -0.5577 -0.2950 0.7758
vn -0.4018 0.3693 -0.8380
vn 0.0884 0.0396 -0.9953
vn -0.6423 0.4869 -0.5919
vn 0.4813 -0.0606 0.8744
vn -0.0002 0.0087 1.0000
vn 0.5119 0.0087 0.8590
vn -0.0008 -0.0138 0.9999
vn 0.5243 -0.1787 0.8326
vn 0.0018 -0.2326 0.9726
vn -0.5208 -0.1772 0.8351
vn -0.4766 -0.0609 0.8770
vn -0.5036 0.0116 0.8638
vn -0.9713 0.2312 -0.0551
vn -0.4869 0.1169 -0.8656
vn -0.6156 0.2603 -0.7439
vn -0.9719 0.2078 0.1107
vn -0.4757 0.3105 0.8230
vn -0.4905 0.0324 0.8709
vn -0.6728 0.1286 0.7285
vn -0.9512 0.2842 -0.1203
vn -0.6297 0.0958 0.7709
vn -0.9288 0.3597 -0.0888
vn -0.7200 0.0615 0.6912
vn -0.9459 0.2495 -0.2076
vn -0.9686 0.2425 -0.0542
vn -0.6532 0.0095 0.7571
vn 0.1620 0.7016 0.6940
vn -0.1913 0.6606 0.7259
vn -0.2115 0.8500 0.4825
vn -0.4718 0.5398 0.6971
vn -0.7542 0.5454 0.3657
vn -0.9031 0.4160 -0.1066
vn -0.5756 0.6221 -0.5308
vn 0.4362 0.1305 -0.8903
vn 0.3133 0.2173 -0.9245
vn 0.5442 0.5033 -0.6712
vn 0.9727 0.0816 -0.2174
vn 0.7973 0.5893 -0.1301
vn 0.5315 0.1530 0.8331
vn 0.7896 0.2354 0.5667
vn 0.5202 -0.1539 -0.8401
vn -0.2675 0.0702 -0.9610
vn 0.6370 -0.1370 -0.7586
vn -0.3339 0.2688 -0.9035
vn 0.4545 -0.0913 -0.8861
vn -0.5014 0.2815 -0.8182
vn -0.3808 0.0582 -0.9228
vn 0.4741 -0.2196 -0.8527
vn -0.4833 0.1389 -0.8644
vn 0.4922 -0.2176 -0.8429
vn -0.8252 0.5541 0.1097
vn -0.5176 0.2272 0.8249
vn -0.6884 0.4685 0.5537
vn -0.6922 0.7176 -0.0774
vn -0.5174 0.3976 -0.7578
vn -0.8887 0.2358 -0.3932
vn -0.8732 0.1288 0.4701
vn -0.7553 0.5076 0.4146
vn -0.8859 -0.4563 0.0839
vn -0.9653 0.0581 0.2545
vn -0.5701 -0.3222 -0.7558
vn -0.3669 0.2165 -0.9047
vn -0.4785 0.3337 -0.8122
vn -0.2825 0.2762 -0.9186
vn -0.2536 0.2995 -0.9198
vn -0.2973 0.3296 -0.8961
vn -0.2386 0.5120 -0.8252
vn -0.4575 0.5075 -0.7302
vn -0.7089 -0.1009 0.6981
vn -0.8804 0.0224 0.4736
vn -0.7788 0.1425 0.6109
vn -0.6484 -0.0172 0.7611
vn -0.5936 -0.1783 0.7848
vn -0.5752 -0.3428 0.7427
vn -0.5205 -0.0054 0.8538
vn -0.6423 -0.0980 0.7601
vn -0.7343 -0.2487 0.6317
vn -0.4449 0.1531 0.8824
vn -0.0790 -0.2788 0.9571
vn -0.6298 0.4443 0.6372
vn -0.4899 -0.2438 0.8370
vn -0.4425 0.1146 0.8894
vn -0.4535 -0.0769 0.8879
vn -0.3663 -0.3049 0.8791
vn -0.8664 -0.2370 0.4394
vn -0.9337 -0.3150 -0.1701
vn -0.9426 -0.2697 -0.1967
vn -0.8651 -0.3083 0.3956
vn -0.3790 0.0756 -0.9223
vn -0.3702 0.1753 -0.9123
vn -0.1074 -0.1614 -0.9810
vn 0.1553 0.9665 -0.2046
vn 0.5679 0.8231 0.0002
vn -0.0123 0.9834 0.1810
vn 0.5105 0.7710 -0.3807
vn 0.1642 0.6472 -0.7444
vn 0.2597 0.3534 -0.8987
vn -0.2342 -0.3203 -0.9179
vn -0.5905 -0.6245 -0.5112
vn -0.8492 -0.5237 -0.0680
vn -0.7806 -0.6179 -0.0942
vn -0.2817 -0.2840 -0.9165
vn -0.3717 -0.4008 -0.8374
vn -0.4053 -0.5174 -0.7537
vn -0.4560 -0.3256 -0.8282
vn 0.0102 0.1269 -0.9919
vn -0.5655 -0.2491 -0.7863
vn 0.2099 0.5422 -0.8136
vn 0.4535 0.7781 -0.4347
vn 0.4609 0.8635 -0.2045
vn 0.5038 0.7306 -0.4608
vn 0.4702 0.8710 -0.1422
vn 0.4837 0.7911 -0.3744
vn -0.9257 -0.1406 -0.3511
vn -0.8641 -0.1036 0.4925
vn -0.9001 -0.3368 0.2765
vn -0.9239 -0.3192 -0.2110
vn -0.2638 -0.1947 -0.9447
vn 0.3873 0.0556 -0.9203
vn 0.2582 -0.0033 -0.9661
vn -0.2125 0.0896 -0.9731
vn 0.3200 0.1166 -0.9402
vn -0.2368 0.0729 -0.9688
vn 0.0950 -0.3264 -0.9405
vn -0.2994 -0.3672 -0.8806
vn -0.5336 -0.6111 -0.5847
vn -0.1501 -0.9818 -0.1159
vn -0.8324 -0.4951 0.2489
vn -0.5516 -0.6288 0.5480
vn -0.8110 -0.3002 0.5022
vn -0.3079 -0.5326 0.7884
vn -0.6161 -0.0036 0.7877
vn -0.8355 0.0056 0.5494
vn -0.3061 0.0538 0.9505
vn -0.8689 -0.0795 0.4886
vn -0.5781 -0.1179 0.8074
vn -0.8437 -0.2086 0.4946
vn -0.4755 -0.1183 -0.8717
vn 0.1994 0.0734 -0.9772
vn 0.0650 0.1061 -0.9922
vn -0.1267 -0.5830 -0.8025
vn -0.3155 -0.1960 0.9284
vn -0.6089 -0.2798 0.7423
vn -0.3974 -0.6144 0.6816
vn 0.0564 -0.0563 0.9968
vn 0.2690 -0.8733 -0.4062
vn 0.0294 -0.8598 -0.5098
vn -0.2464 -0.6655 -0.7046
vn -0.0947 -0.1089 0.9895
vn -0.7536 0.1142 0.6474
vn -0.7404 -0.0123 0.6720
vn -0.9892 0.1299 -0.0683
vn -0.8303 -0.4762 0.2895
vn -0.0133 -0.5651 0.8249
vn -0.2555 -0.9541 -0.1564
vn -0.4580 -0.7220 0.5185
vn -0.4370 -0.3866 -0.8121
vn -0.9136 -0.4064 0.0123
vn -0.1931 -0.3340 -0.9226
vn -0.5128 -0.2456 -0.8227
vn -0.4622 -0.1814 -0.8680
vn -0.6635 0.0719 -0.7447
vn -0.7108 -0.1711 -0.6823
vn -0.1146 0.0499 -0.9922
vn 0.0864 0.1190 -0.9891
vn -0.8143 0.1007 -0.5716
vn 0.2675 -0.9485 0.1695
vn 0.2803 -0.9519 -0.1237
vn -0.2514 -0.8562 0.4513
vn -0.7761 0.3882 -0.4970
vn 0.2489 0.4168 -0.8743
vn -0.1410 0.2744 -0.9512
vn -0.8440 -0.1262 -0.5213
vn -0.8571 0.0967 -0.5060
vn -0.9225 -0.2655 0.2802
vn -0.3926 -0.5638 -0.7266
vn -0.5549 -0.4863 -0.6750
vn -0.1978 -0.4446 -0.8736
vn -0.5855 -0.8106 -0.0094
vn 0.2477 -0.9149 -0.3186
vn -0.4264 -0.7740 0.4680
vn 0.0948 -0.9913 -0.0917
vn 0.0673 -0.8691 0.4901
vn 0.0854 -0.5662 0.8199
vn -0.1968 -0.2589 0.9456
vn -0.6393 -0.3692 0.6746
vn -0.3753 -0.5898 0.7150
vn -0.1242 -0.1134 0.9858
vn -0.4371 -0.1934 0.8784
vn 0.3320 0.0640 0.9411
vn 0.5832 -0.1191 0.8035
vn -0.3356 0.0985 0.9368
vn -0.4363 0.0401 0.8989
vn -0.6868 0.1183 -0.7171
vn -0.6760 0.1913 -0.7116
vn -0.4139 0.0515 -0.9088
vn -0.2821 -0.0010 -0.9594
vn -0.7565 0.0245 -0.6535
vn -0.3350 0.1186 -0.9347
vn -0.7287 -0.2077 -0.6525
vn -0.0902 -0.3347 -0.9380
vn -0.7371 -0.5075 -0.4462
vn 0.1618 -0.9798 -0.1173
vn -0.4831 -0.7715 0.4139
vn 0.0863 -0.4863 0.8695
vn -0.5729 -0.0742 0.8163
vn -0.3458 -0.4833 0.8042
vn -0.1230 -0.3343 0.9344
vn -0.4525 -0.3535 0.8187
vn -0.5264 -0.0278 0.8498
vn 0.2114 -0.0602 0.9755
vn 0.2606 -0.1932 -0.9459
vn 0.2095 0.0873 -0.9739
vn 0.8726 -0.0804 0.4817
vn 0.8479 -0.2082 0.4875
vn 0.8375 0.0009 0.5464
vn 0.6274 -0.0046 0.7787
vn 0.8164 -0.2995 0.4937
vn 0.3168 -0.5497 0.7730
vn 0.8351 -0.4933 0.2435
vn 0.5618 -0.6323 0.5335
vn 0.5372 -0.6111 -0.5813
vn 0.2337 0.0739 -0.9695
vn 0.3086 -0.3725 -0.8752
vn 0.1026 0.0524 -0.9933
vn -0.2231 0.0569 -0.9731
vn 0.4767 -0.1121 -0.8719
vn 0.1271 -0.5874 -0.7992
vn -0.0790 0.1098 -0.9908
vn 0.4043 -0.6116 0.6800
vn 0.6106 -0.2808 0.7405
vn 0.3193 -0.1949 0.9274
vn -0.0105 -0.0325 0.9994
vn 0.2447 -0.6666 -0.7042
vn -0.0293 -0.8612 -0.5075
vn -0.2704 -0.8758 -0.3998
vn 0.7608 0.1086 0.6399
vn 0.1216 -0.1089 0.9866
vn 0.8307 -0.4772 0.2868
vn 0.9897 0.1229 -0.0735
vn 0.5162 -0.0516 0.8549
vn 0.0179 -0.5671 0.8234
vn 0.4585 -0.7228 0.5171
vn 0.2557 -0.9541 -0.1562
vn 0.9132 -0.4075 0.0101
vn 0.4360 -0.3869 -0.8125
vn 0.4624 -0.1850 -0.8672
vn 0.5129 -0.2465 -0.8223
vn 0.1920 -0.3341 -0.9228
vn 0.7106 -0.1749 -0.6815
vn 0.6634 0.0683 -0.7452
vn 0.8141 0.0972 -0.5726
vn -0.0914 0.1222 -0.9883
vn 0.2563 -0.8549 0.4511
vn -0.2806 -0.9520 -0.1224
vn -0.2675 -0.9493 0.1652
vn -0.3461 -0.2456 0.9055
vn 0.1250 -0.1103 0.9860
vn -0.8665 0.0589 0.4958
vn -0.9316 0.1983 -0.3048
vn -0.9399 0.0339 0.3398
vn -0.9852 0.1581 0.0663
vn -0.9126 0.1390 -0.3845
vn -0.2560 0.4175 -0.8719
vn -0.3382 0.3959 -0.8538
vn -0.8803 -0.0915 -0.4656
vn -0.7191 -0.1438 -0.6799
vn -0.0271 -0.3679 -0.9295
vn 0.1891 -0.4401 -0.8778
vn -0.4043 -0.7408 -0.5364
vn -0.2516 -0.9154 -0.3141
vn -0.8051 -0.4800 0.3484
vn -0.9955 -0.0550 -0.0768
vn -0.7919 -0.3570 0.4954
vn -0.9578 -0.1841 0.2205
vn -0.4322 0.0189 0.9016
vn -0.5005 -0.1055 0.8593
vn -0.5419 0.1250 -0.8311
vn -0.5213 0.0976 -0.8478
vn -0.7391 0.1653 -0.6530
vn -0.9196 0.1250 -0.3726
vn -0.4227 0.1510 -0.8936
vn -0.7949 0.1671 -0.5833
vn -0.6875 -0.2385 -0.6859
vn -0.5637 0.2098 -0.7989
vn -0.2433 -0.2634 -0.9335
vn -0.6759 -0.5429 -0.4984
vn -0.4205 -0.8526 0.3102
vn -0.5663 -0.1279 0.8142
vn -0.4009 -0.5834 0.7064
vn -0.1926 -0.4452 0.8745
vn -0.7920 -0.0265 0.6100
vn -0.0741 -0.1303 0.9887
vn -0.0654 -0.1712 0.9831
vn 0.1473 -0.3782 0.9139
vn -0.5044 -0.0490 0.8621
vn -0.6323 -0.1420 0.7616
vn -0.4038 0.2365 -0.8838
vn -0.4078 0.2667 -0.8732
vn -0.0307 0.2421 -0.9698
vn 0.2342 0.3089 -0.9218
vn -0.4637 0.2294 -0.8558
vn 0.0550 0.2775 -0.9592
vn -0.1933 0.1729 -0.9658
vn -0.3778 -0.1225 -0.9177
vn 0.3338 -0.1612 -0.9287
vn -0.4222 -0.4392 -0.7930
vn 0.1826 -0.9548 -0.2344
vn -0.5737 -0.8189 0.0161
vn -0.2708 -0.5920 0.7591
vn -0.7885 -0.1118 0.6048
vn -0.6032 -0.6083 0.5159
vn -0.4573 -0.4443 0.7704
vn -0.1919 -0.2323 0.9535
vn 0.3737 0.1773 -0.9104
vn 0.8178 -0.2263 -0.5292
vn 0.7931 -0.4173 0.4437
vn 0.8497 0.0267 -0.5267
vn 0.8902 -0.4416 -0.1123
vn 0.5931 -0.4976 0.6330
vn 0.7201 -0.6435 0.2594
vn 0.3804 -0.2042 0.9020
vn 0.4078 -0.5066 0.7596
vn 0.5328 -0.6743 0.5114
vn 0.2195 -0.7910 0.5711
vn 0.7581 -0.4941 -0.4257
vn 0.7738 0.2667 -0.5745
vn 0.6387 -0.0736 -0.7659
vn 0.0624 0.2389 -0.9690
vn 0.8479 0.1493 -0.5087
vn 0.5305 0.1216 -0.8389
vn 0.8607 -0.1776 -0.4771
vn -0.0003 -0.1882 -0.9821
vn 0.0000 -0.0396 -0.9992
vn 0.9061 0.1705 -0.3872
vn 0.9251 0.0252 0.3789
vn 0.7389 0.1691 -0.6522
vn 0.5810 0.1671 -0.7966
vn -0.1353 0.0624 -0.9888
vn -0.1989 0.0460 -0.9789
vn -0.4423 -0.0032 -0.8968
vn -0.9324 -0.1603 -0.3239
vn -0.9150 -0.1464 -0.3759
vn -0.8960 -0.2768 0.3472
vn -0.6195 -0.3106 0.7209
vn 0.1367 -0.2207 0.9657
vn 0.2054 -0.2072 0.9565
vn 0.8966 0.0119 0.4428
vn 0.8237 0.5584 0.0983
vn 0.6933 0.7162 -0.0799
vn 0.5154 0.3950 -0.7605
vn 0.8846 0.2342 -0.4032
vn 0.8774 0.1256 0.4630
vn 0.7586 0.5074 0.4088
vn 0.9683 0.0538 0.2440
vn 0.4755 0.3325 -0.8145
vn 0.2514 0.2984 -0.9207
vn 0.2965 0.3279 -0.8970
vn 0.2367 0.5120 -0.8257
vn 0.1317 0.2804 -0.9508
vn 0.7680 0.3899 -0.5081
vn 0.8325 -0.1190 -0.5411
vn 0.8472 0.1005 -0.5216
vn 0.6428 -0.3690 0.6713
vn 0.4431 -0.1874 0.8767
vn 0.1954 -0.2606 0.9455
vn 0.3738 -0.5945 0.7119
vn 0.4226 -0.7785 0.4641
vn -0.0777 -0.5612 0.8240
vn -0.0699 -0.8674 0.4927
vn -0.1002 -0.9913 -0.0857
vn 0.5779 -0.8159 -0.0185
vn 0.5444 -0.4861 -0.6836
vn 0.9267 -0.2627 0.2689
vn 0.3828 -0.5593 -0.7353
vn 0.5390 0.6988 0.4703
vn 0.5199 -0.0051 0.8542
vn 0.7343 -0.2008 0.6485
vn -0.0016 0.3681 -0.9298
vn -0.0033 0.5838 -0.8119
vn 0.8247 -0.4432 0.3513
vn 0.9318 -0.3136 -0.1827
vn 0.8705 -0.2391 0.4301
vn 0.9420 -0.2683 -0.2015
vn 0.8688 -0.3095 0.3864
vn 0.1736 0.1518 -0.9730
vn -0.0008 0.2098 -0.9777
vn -0.1755 0.1523 -0.9726
vn -0.7288 -0.3928 0.5608
vn 0.4262 -0.0014 0.9046
vn 0.2670 -0.2078 0.9410
vn 0.9334 -0.3500 0.0796
vn 0.5257 0.0055 -0.8507
vn 0.9280 -0.3125 -0.2030
vn 0.9160 -0.3835 -0.1178
vn 0.9315 -0.2796 -0.2326
vn 0.8344 -0.4240 -0.3521
vn 0.2001 -0.3014 -0.9323
vn 0.0643 -0.2446 -0.9675
vn -0.5466 0.6910 0.4730
vn -0.8018 -0.5854 0.1199
vn -0.8227 -0.4514 0.3456
vn -0.7374 -0.2054 0.6435
vn -0.7755 0.2355 0.5858
vn -0.7899 0.6019 -0.1179
vn -0.9739 0.0950 -0.2060
vn -0.5361 0.5200 -0.6650
vn -0.4311 0.1344 -0.8922
vn -0.3040 0.2227 -0.9262
vn -0.5261 -0.1523 -0.8367
vn -0.6416 -0.1358 -0.7549
vn -0.4577 -0.0924 -0.8843
vn -0.4752 -0.2203 -0.8518
vn -0.3991 -0.1642 -0.9021
vn -0.8394 -0.4172 -0.3483
vn -0.1988 -0.2990 -0.9333
vn -0.9337 -0.2800 -0.2234
vn -0.9161 -0.3862 -0.1075
vn -0.9286 -0.3134 -0.1988
vn -0.9331 -0.3482 0.0898
vn -0.5250 0.0091 -0.8511
vn -0.7219 -0.3189 0.6142
vn -0.7696 -0.3297 0.5469
vn -0.8263 -0.3160 0.4662
vn -0.0352 -0.3133 0.9490
vn -0.9537 -0.2589 -0.1534
vn -0.3052 -0.2680 0.9138
vn -0.0015 0.2550 -0.9669
vn 0.2738 0.7687 -0.5780
vn -0.0020 0.8365 -0.5479
vn -0.2785 0.7702 -0.5738
vn -0.3357 0.3892 -0.8578
vn -0.2273 -0.1104 -0.9675
vn 0.5524 -0.1920 -0.8111
vn -0.0379 -0.3126 -0.9491
vn -0.4185 -0.4623 -0.7818
vn -0.5285 0.3334 0.7807
vn -0.7803 0.3627 0.5096
vn -0.7319 0.3882 0.5600
vn -0.3526 0.4422 0.8247
vn 0.0662 0.2609 0.9631
vn 0.0720 0.4449 0.8927
vn 0.8284 -0.1598 -0.5369
vn 0.8449 -0.3516 -0.4032
vn 0.3397 -0.5367 -0.7724
vn 0.6124 -0.6632 -0.4303
vn 0.6524 -0.7545 0.0715
vn 0.0814 -0.9949 -0.0595
vn -0.0699 -0.9747 -0.2125
vn -0.3221 -0.9219 -0.2152
vn -0.4728 -0.8478 -0.2402
vn -0.6996 0.4082 0.5865
vn -0.2848 0.4224 0.8605
vn 0.0054 0.3547 0.9350
vn -0.2848 -0.5314 0.7978
vn 0.1337 -0.0883 0.9871
vn -0.4813 -0.2677 0.8346
vn -0.7814 0.0905 0.6174
vn -0.7370 -0.6616 0.1383
vn 0.6117 -0.6779 0.4079
vn -0.0556 -0.7347 0.6761
vn -0.2192 -0.3305 0.9180
vn 0.2060 -0.3134 0.9270
vn 0.2433 -0.2650 0.9331
vn 0.0727 -0.1381 0.9878
vn 0.7259 -0.3206 0.6086
vn 0.7763 -0.3301 0.5370
vn 0.8300 -0.3196 0.4571
vn 0.9510 -0.2632 -0.1621
vn 0.3074 -0.2707 0.9123
vn 0.0388 -0.3161 0.9479
vn 0.5127 -0.0499 0.8571
vn -0.1509 -0.3793 0.9129
vn 0.0745 -0.1744 0.9819
vn 0.6443 -0.1400 0.7519
vn 0.2008 -0.2266 0.9531
vn 0.7925 -0.1027 0.6012
vn 0.4651 -0.4427 0.7666
vn 0.6104 -0.6124 0.5024
vn 0.5760 -0.8175 -0.0001
vn 0.2777 -0.5878 0.7598
vn -0.1840 -0.9523 -0.2436
vn 0.4191 -0.4348 -0.7971
vn -0.3304 -0.1523 -0.9315
vn 0.3761 -0.1171 -0.9191
vn 0.1938 0.1717 -0.9659
vn 0.4625 0.2322 -0.8556
vn -0.0543 0.2825 -0.9577
vn 0.4083 0.2348 -0.8821
vn -0.2355 0.3173 -0.9186
vn 0.0340 0.2397 -0.9703
vn 0.4125 0.2568 -0.8741
vn 0.8668 0.0526 0.4959
vn 0.3451 -0.2505 0.9045
vn 0.9296 0.1852 -0.3186
vn 0.9864 0.1526 0.0618
vn 0.9414 0.0248 0.3363
vn 0.9609 -0.1940 0.1975
vn 0.9920 -0.0704 -0.1046
vn 0.7997 -0.3662 0.4757
vn 0.8737 -0.0994 -0.4761
vn 0.8088 -0.4872 0.3295
vn 0.7127 -0.1479 -0.6857
vn 0.3996 -0.7386 -0.5429
vn 0.0210 -0.3696 -0.9289
vn 0.3344 0.3915 -0.8572
vn 0.9097 0.1331 -0.3934
vn -0.8213 -0.2220 -0.5255
vn -0.3766 0.1854 -0.9076
vn -0.8929 -0.4368 -0.1095
vn -0.8541 0.0341 -0.5189
vn -0.7932 -0.4169 0.4439
vn -0.7229 -0.6401 0.2600
vn -0.5932 -0.4989 0.6318
vn -0.3736 -0.2043 0.9048
vn -0.3983 -0.5023 0.7675
vn -0.2153 -0.7882 0.5765
vn -0.5296 -0.6719 0.5177
vn -0.7622 -0.4814 -0.4328
vn -0.6309 -0.0559 -0.7738
vn -0.7766 0.2704 -0.5690
vn -0.0634 0.2429 -0.9680
vn -0.5342 0.1296 -0.8354
vn -0.8522 0.1502 -0.5012
vn -0.8639 -0.1731 -0.4730
vn 0.3255 0.9409 0.0936
vn 0.3160 0.8256 0.4675
vn 0.2542 0.9480 -0.1915
vn 0.3210 0.7626 -0.5617
vn 0.4554 0.5048 -0.7333
vn 0.1079 -0.1577 -0.9816
vn -0.3248 0.7623 -0.5598
vn -0.2555 0.9471 -0.1943
vn -0.3371 0.9363 0.0980
vn -0.3235 0.8219 0.4689
vn 0.8660 -0.1053 0.4888
vn 0.8230 -0.0002 0.5680
vn 0.9992 -0.0343 0.0195
vn 0.9234 -0.1421 -0.3564
vn 0.5810 -0.0073 -0.8139
vn -0.0016 -0.1213 -0.9926
vn -0.5904 -0.0033 -0.8071
vn -0.9994 -0.0244 0.0231
vn -0.8189 -0.0012 0.5740
vn -0.5464 -0.5470 -0.6342
vn -0.8450 -0.3761 -0.3801
vn -0.5748 -0.2764 0.7702
vn 0.3345 0.3857 -0.8599
vn 0.3690 0.0648 0.9272
vn 0.4940 0.0240 0.8691
vn -0.1802 -0.0535 0.9822
vn 0.6028 -0.0461 0.7966
vn 0.5750 -0.0160 0.8180
vn 0.4776 -0.3269 0.8155
vn 0.3618 -0.4508 0.8160
vn 0.1462 -0.3150 0.9377
vn 0.5106 -0.7496 0.4211
vn -0.0674 -0.4710 0.8795
vn 0.7349 -0.5018 -0.4562
vn 0.7184 -0.2052 -0.6646
vn 0.7264 0.0186 -0.6871
vn 0.6546 0.1235 -0.7459
vn 0.6510 0.2245 -0.7251
vn 0.4768 -0.0097 0.8789
vn 0.5608 -0.1295 0.8178
vn 0.1071 -0.1305 0.9856
vn 0.5782 -0.1156 0.8077
vn 0.8006 -0.0162 0.5990
vn 0.1986 -0.4412 0.8752
vn 0.4030 -0.5780 0.7096
vn 0.4229 -0.8508 0.3120
vn 0.6691 -0.5462 -0.5040
vn 0.6802 -0.2431 -0.6915
vn 0.2426 -0.2630 -0.9338
vn 0.5552 0.2054 -0.8060
vn 0.7238 0.1560 -0.6721
vn 0.9113 0.1160 -0.3952
vn 0.7875 0.1610 -0.5949
vn 0.2188 0.0818 -0.9723
vn 0.5125 0.1410 -0.8470
vn 0.4944 0.1489 -0.8564
vn 0.8052 -0.5801 0.1229
vn 0.5982 -0.1782 0.7813
vn 0.5778 -0.3452 0.7396
vn -0.8573 0.5100 -0.0706
vn -0.9066 0.2761 0.3192
vn -0.7420 0.6425 -0.1913
vn -0.1002 0.1392 -0.9852
vn -0.7473 0.1708 -0.6422
vn -0.9217 0.0262 0.3870
vn -0.9113 0.1719 -0.3741
vn -0.5856 0.1682 -0.7930
vn 0.2003 0.0458 -0.9787
vn 0.1317 0.0635 -0.9893
vn 0.9300 -0.1597 -0.3310
vn 0.4412 -0.0031 -0.8974
vn 0.9110 -0.1448 -0.3862
vn 0.8995 -0.2779 0.3371
vn 0.6209 -0.3129 0.7187
vn -0.1345 -0.2209 0.9660
vn -0.2086 -0.2058 0.9561
vn -0.8945 0.0114 0.4469
vn 0.0367 -0.3140 -0.9487
vn -0.5591 -0.1954 -0.8057
vn 0.2262 -0.1109 -0.9677
vn 0.4180 -0.4594 -0.7838
vn 0.7375 0.3909 0.5508
vn 0.7858 0.3605 0.5025
vn 0.5352 0.3320 0.7767
vn 0.3572 0.4472 0.8200
vn -0.0632 0.2585 0.9639
vn -0.0682 0.4487 0.8911
vn -0.8484 -0.3562 -0.3917
vn -0.8334 -0.1644 -0.5277
vn -0.3449 -0.5386 -0.7687
vn -0.6611 -0.7462 0.0787
vn -0.6186 -0.6639 -0.4202
vn -0.2997 -0.9387 0.1702
vn -0.8341 -0.5013 -0.2300
vn 0.3166 -0.9209 -0.2276
vn -0.1764 -0.4613 -0.8695
vn 0.4717 -0.8434 -0.2573
vn 0.7001 0.4131 0.5824
vn 0.2865 0.4247 0.8588
vn -0.0037 0.3517 0.9361
vn 0.2813 -0.5372 0.7952
vn -0.1434 -0.0887 0.9857
vn 0.0493 -0.7415 0.6691
vn -0.6173 -0.6699 0.4125
vn 0.0618 -0.9734 -0.2207
vn 0.7385 -0.6627 0.1241
vn 0.4872 -0.2728 0.8296
vn 0.7874 0.0947 0.6091
vn -0.6475 0.5277 0.5498
vn -0.8914 -0.1929 0.4100
vn -0.8883 0.0015 0.4593
vn -0.8689 0.0516 0.4924
vn -0.5240 0.5446 0.6549
vn -0.5718 0.4561 0.6820
vn -0.3801 0.7188 0.5821
vn -0.1249 0.7337 0.6680
vn -0.1056 0.7703 0.6288
vn -0.4362 0.6317 0.6409
vn -0.2732 0.8823 0.3833
vn -0.7038 0.5494 0.4503
vn -0.4225 0.8271 0.3708
vn -0.0027 0.9275 0.3739
vn -0.7895 0.4822 0.3797
vn -0.8661 -0.2113 0.4530
vn 0.3300 -0.6780 0.6568
vn 0.3313 -0.6162 0.7146
vn 0.5290 -0.7096 0.4654
vn -0.0008 -0.7817 0.6237
vn -0.0007 -0.7980 0.6027
vn -0.3299 -0.6726 0.6624
vn -0.3336 -0.5815 0.7420
vn -0.5303 -0.6921 0.4896
vn -0.6456 -0.6587 0.3865
vn -0.8123 -0.5459 0.2053
vn -0.8408 -0.4764 0.2571
vn -0.7280 -0.4302 0.5338
vn 0.0009 -0.2122 0.9772
vn 0.0008 -0.1127 0.9936
vn -0.5290 0.0437 0.8475
vn -0.7200 0.2286 0.6553
vn -0.6167 -0.0547 0.7853
vn -0.9305 -0.3126 0.1909
vn -0.9016 -0.3936 0.1795
vn -0.9432 -0.2920 0.1583
vn -0.9680 -0.0990 0.2307
vn -0.9283 0.0550 0.3677
vn -0.8505 0.2654 0.4541
vn -0.6578 0.7074 0.2586
vn -0.2803 0.9401 0.1942
vn -0.7284 0.6814 0.0716
vn -0.2209 0.9752 -0.0114
vn 0.1857 -0.2808 0.9416
vn 0.2828 -0.6967 0.6593
vn 0.5383 -0.7511 0.3823
vn -0.5077 -0.1284 0.8519
vn -0.2996 -0.1092 0.9478
vn -0.7657 0.5979 0.2369
vn -0.3192 0.7908 0.5222
vn 0.3818 0.7809 0.4943
vn 0.2906 0.9169 0.2737
vn -0.4934 0.4266 0.7580
vn -0.0722 0.9265 0.3693
vn -0.1182 0.9241 0.3634
vn -0.5571 -0.3650 0.7459
vn -0.5217 -0.7169 0.4625
vn -0.9035 -0.2720 0.3312
vn -0.5214 -0.7333 0.4363
vn -0.9712 -0.2185 0.0950
vn -0.8438 -0.3456 0.4105
vn -0.8455 -0.2561 0.4686
vn -0.8450 -0.3820 0.3742
vn -0.8011 -0.5232 0.2906
vn -0.6400 -0.7171 0.2758
vn 0.0004 -0.8902 0.4555
vn -0.3202 -0.0271 0.9470
vn -0.4258 0.0623 0.9027
vn -0.0490 0.0784 0.9957
vn -0.5181 -0.2149 0.8279
vn -0.0604 0.7312 0.6794
vn -0.1210 0.5348 0.8362
vn -0.7588 -0.6481 0.0643
vn -0.9517 -0.2914 0.0964
vn -0.7869 -0.6142 -0.0590
vn -0.8970 -0.2226 0.3820
vn -0.8957 -0.3692 0.2477
vn -0.9278 -0.3267 0.1802
vn -0.8364 -0.5186 0.1773
vn -0.8824 -0.3702 0.2905
vn -0.6693 -0.3817 0.6374
vn -0.6205 -0.0235 0.7839
vn -0.7150 -0.1268 0.6875
vn -0.6581 -0.5225 0.5421
vn -0.6568 -0.7536 0.0260
vn -0.3896 0.2013 0.8987
vn -0.3417 0.0392 0.9390
vn 0.6504 -0.6573 0.3809
vn 0.8109 -0.5541 0.1884
vn 0.8325 -0.5062 0.2253
vn 0.7261 -0.4311 0.5356
vn 0.7157 -0.5593 0.4183
vn 0.2874 -0.0246 0.9575
vn 0.3543 0.0329 0.9346
vn 0.3882 0.2491 0.8873
vn 0.4058 0.1923 0.8935
vn 0.5262 0.0367 0.8495
vn 0.5672 -0.0116 0.8235
vn 0.3254 0.1474 0.9340
vn 0.2848 0.0743 0.9557
vn 0.0010 0.2373 0.9714
vn 0.0006 -0.1174 0.9931
vn -0.2856 0.0767 0.9553
vn -0.3201 0.1703 0.9319
vn -0.5188 0.0432 0.8538
vn -0.5637 -0.0060 0.8260
vn -0.3620 0.2657 0.8935
vn -0.2911 -0.0245 0.9564
vn -0.7301 -0.5443 0.4132
vn 0.8432 -0.3510 0.4072
vn 0.7525 -0.6552 0.0669
vn 0.9682 -0.2302 0.0983
vn 0.6290 -0.7737 0.0755
vn 0.7029 -0.6536 0.2808
vn 0.8508 -0.2640 0.4544
vn 0.6890 -0.7113 0.1391
vn 0.6630 -0.7310 0.1616
vn 0.8482 -0.3906 0.3578
vn 0.4629 -0.8714 0.1626
vn 0.8045 -0.5196 0.2878
vn 0.6419 -0.7178 0.2696
vn -0.0010 -0.9957 0.0922
vn -0.0002 -0.9424 -0.3344
vn 0.2050 -0.9160 -0.3449
vn 0.2447 -0.9681 -0.0533
vn 0.4359 -0.8943 -0.1011
vn 0.0004 -0.9976 -0.0689
vn -0.2363 -0.9699 -0.0593
vn -0.2014 -0.9181 -0.3413
vn -0.4619 -0.8705 0.1697
vn 0.7150 -0.1281 0.6873
vn 0.8992 -0.3691 0.2349
vn 0.6588 -0.5327 0.5313
vn 0.9306 -0.3296 0.1591
vn 0.8613 -0.4481 0.2394
vn 0.6887 -0.1324 0.7129
vn 0.6271 -0.7602 0.1696
vn 0.6224 -0.3456 0.7023
vn 0.2867 -0.9443 0.1616
vn 0.3292 -0.4997 0.8012
vn 0.0042 -0.9481 0.3180
vn -0.0008 -0.5997 0.8002
vn -0.3264 -0.4939 0.8059
vn -0.2883 -0.9420 0.1717
vn -0.5557 -0.8271 0.0843
vn -0.2722 -0.9161 0.2945
vn 0.0037 -0.9780 -0.2087
vn 0.0031 -0.9675 0.2528
vn 0.8552 -0.4892 0.1713
vn 0.0320 -0.7488 0.6621
vn -0.0389 -0.8617 0.5059
vn -0.0359 -0.4615 0.8864
vn 0.9694 -0.0945 0.2266
vn 0.9435 -0.2958 0.1496
vn 0.9313 0.0526 0.3604
vn 0.9016 -0.0170 0.4323
vn 0.8714 0.0516 0.4879
vn 0.8941 -0.1901 0.4056
vn 0.8940 -0.0046 0.4480
vn 0.8696 -0.2155 0.4442
vn 0.6433 -0.7656 0.0030
vn 0.6459 -0.6278 0.4344
vn 0.1039 0.2017 0.9739
vn 0.0560 0.1902 0.9801
vn 0.0012 0.7996 0.6005
vn 0.0476 -0.0421 0.9980
vn 0.3732 0.0146 0.9277
vn 0.0543 0.6938 0.7181
vn -0.4433 -0.4116 0.7963
vn -0.0447 -0.6122 0.7895
vn 0.3441 -0.6858 0.6413
vn 0.2971 -0.9335 0.2006
vn -0.2884 -0.9388 0.1883
vn -0.3381 -0.7015 0.6274
vn 0.6565 0.7114 0.2509
vn 0.2776 0.9427 0.1852
vn 0.2220 0.9749 -0.0160
vn 0.7693 0.5980 0.2247
vn 0.7302 0.6796 0.0701
vn 0.3247 0.7941 0.5138
vn -0.3795 0.7795 0.4984
vn -0.2928 0.9176 0.2689
vn -0.0718 0.9424 0.3267
vn -0.0229 -0.7333 0.6795
vn -0.2719 -0.6856 0.6753
vn -0.5314 -0.7463 0.4009
vn 0.0408 -0.4490 0.8926
vn 0.0463 -0.8402 0.5403
vn -0.6068 -0.2098 0.7667
vn -0.7783 -0.5217 0.3495
vn -0.8012 -0.2306 0.5521
vn -0.6941 -0.3238 0.6429
vn -0.6883 -0.7091 0.1530
vn -0.6606 -0.7313 0.1700
vn -0.7004 -0.6522 0.2900
vn -0.6236 -0.7778 0.0780
vn 0.2374 0.0002 0.9714
vn -0.0763 -0.1571 0.9846
vn 0.2861 0.2223 0.9321
vn 0.3438 0.4461 0.8263
vn 0.5202 0.5898 0.6177
vn 0.5306 0.0442 0.8465
vn 0.9634 0.1433 0.2264
vn 0.8570 0.2618 0.4439
vn 0.6710 0.4384 0.5979
vn 0.1014 -0.3143 0.9439
vn 0.6825 -0.0076 0.7308
vn 0.9693 0.0684 0.2363
vn 0.5205 -0.7126 0.4704
vn 0.4452 -0.4238 0.7888
vn 0.5204 0.4118 0.7481
vn 0.3877 0.7161 0.5804
vn 0.7457 -0.0581 0.6638
vn 0.0537 0.9377 0.3433
vn 0.1123 0.9279 0.3556
vn 0.1173 0.7324 0.6707
vn 0.6529 -0.3711 0.6603
vn 0.5246 -0.7389 0.4230
vn 0.6059 -0.1977 0.7706
vn 0.8974 -0.2704 0.3487
vn 0.0001 0.9368 0.3498
vn -0.4315 -0.8968 -0.0975
vn -0.6360 -0.6451 0.4235
vn -0.6921 -0.5791 0.4308
vn -0.8346 -0.4000 0.3789
vn -0.6990 -0.7022 0.1354
vn -0.6587 -0.4034 0.6351
vn 0.6495 0.5305 0.5447
vn 0.7031 0.5550 0.4445
vn 0.7903 0.4840 0.3758
vn 0.4167 0.8325 0.3651
vn 0.2652 0.8867 0.3788
vn 0.5245 0.5461 0.6532
vn 0.4384 0.6299 0.6410
vn 0.1004 0.7721 0.6276
vn 0.5738 0.4569 0.6796
vn -0.0002 -0.9741 0.2262
vn -0.2192 -0.0078 0.9757
vn -0.3302 0.3192 0.8883
vn -0.3296 0.4345 0.8382
vn -0.5114 0.5885 0.6263
vn 0.0001 0.9083 0.4183
vn 0.0729 0.9426 0.3257
vn 0.5187 -0.1279 0.8453
vn 0.3124 -0.1146 0.9430
vn -0.1858 -0.2798 0.9419
vn 0.1212 0.5353 0.8360
vn 0.4205 0.0622 0.9052
vn 0.6911 -0.5899 0.4176
vn 0.8428 -0.3976 0.3629
vn 0.6928 -0.7081 0.1365
vn 0.6606 -0.4149 0.6257
vn 0.9109 -0.2308 0.3420
vn 0.6199 -0.0559 0.7827
vn 0.9293 -0.3190 0.1862
vn 0.9528 -0.2927 0.0805
vn 0.7801 -0.6231 -0.0570
vn 0.0001 0.9481 0.3179
vn -0.6608 0.4255 0.6183
vn -0.0989 -0.3242 0.9408
vn 0.7252 0.2245 0.6509
vn 0.9027 -0.3957 0.1692
vn 0.6210 -0.2183 0.7528
vn 0.7076 -0.3370 0.6211
vn 0.8066 -0.2354 0.5422
vn 0.7859 -0.5379 0.3050
vn -0.7234 -0.2979 0.6228
vn -0.7122 -0.0252 0.7015
vn -0.8845 0.0411 0.4648
vn -0.5336 -0.3532 0.7684
vn -0.1938 -0.4645 0.8641
vn -0.3191 -0.2098 0.9242
vn 0.1532 -0.4518 0.8789
vn 0.0112 -0.2760 0.9611
vn 0.4752 -0.5417 0.6934
vn 0.5264 -0.3896 0.7557
vn 0.7430 -0.2466 0.6223
vn 0.7029 -0.1414 0.6971
vn 0.7831 0.1421 0.6054
vn 0.6091 0.1472 0.7793
vn 0.3997 0.5549 0.7296
vn 0.4426 0.4263 0.7889
vn -0.1093 0.6285 0.7701
vn -0.1804 0.7383 0.6499
vn -0.7097 0.5113 0.4847
vn -0.4293 0.3399 0.8368
vn -0.3759 -0.0085 0.9266
vn -0.2398 0.2554 0.9366
vn -0.3030 -0.2487 0.9200
vn 0.0272 -0.4694 0.8826
vn 0.2293 -0.4250 0.8757
vn 0.5025 -0.2682 0.8219
vn 0.5613 -0.0850 0.8232
vn 0.6871 0.1989 0.6988
vn 0.7401 0.4088 0.5340
vn 0.0319 0.3545 0.9345
vn -0.3803 -0.8093 0.4476
vn -0.5915 -0.3578 0.7226
vn -0.7938 -0.3431 0.5022
vn -0.2115 -0.7799 0.5892
vn -0.3510 -0.3503 0.8683
vn -0.4020 0.1906 0.8956
vn -0.7419 0.2375 0.6270
vn 0.5156 -0.0866 0.8524
vn 0.6967 -0.2642 0.6670
vn 0.4839 0.4083 0.7741
vn 0.0040 0.4689 0.8832
vn 0.2393 -0.4172 0.8767
vn -0.2609 0.5044 0.8231
vn -0.3550 0.3236 0.8771
vn -0.3675 0.5467 0.7523
vn -0.5848 0.3541 0.7298
vn 0.4424 -0.6181 0.6498
vn -0.1484 -0.3494 0.9251
vn 0.1362 -0.3722 0.9181
vn 0.2417 -0.4243 0.8727
vn 0.2508 -0.2972 0.9213
vn 0.3843 -0.7545 0.5321
vn 0.3836 -0.7910 0.4765
vn 0.2108 -0.4451 0.8703
vn 0.1615 -0.4217 0.8922
vn -0.2317 -0.4379 0.8686
vn 0.5611 -0.3340 0.7574
vn 0.3770 -0.3090 0.8731
vn 0.6905 -0.0098 0.7233
vn 0.3783 -0.0091 0.9257
vn 0.4354 0.3921 0.8104
vn 0.2399 0.2489 0.9384
vn -0.0427 0.3472 0.9368
vn 0.0120 0.5871 0.8094
vn -0.3836 0.3835 0.8401
vn -0.5123 -0.0624 0.8566
vn 0.0042 0.4841 0.8750
vn -0.4776 0.4275 0.7675
vn -0.2335 -0.4046 0.8842
vn 0.2682 0.5181 0.8122
vn 0.3749 0.3320 0.8656
vn 0.5928 0.3591 0.7209
vn 0.3886 0.5499 0.7393
vn -0.3002 0.3371 -0.8923
vn 0.1803 0.1956 -0.9640
vn -0.0271 0.3258 -0.9451
vn -0.1964 0.5749 -0.7943
vn -0.5243 0.3938 -0.7550
vn -0.5340 0.7877 -0.3072
vn -0.2028 0.6573 -0.7258
vn -0.3711 -0.0648 -0.9263
vn 0.9341 -0.3559 0.0292
vn 0.8120 -0.4907 -0.3161
vn 0.8825 0.2821 -0.3764
vn 0.4150 -0.8964 -0.1555
vn 0.0028 -0.9980 -0.0639
vn 0.0003 -0.9023 -0.4311
vn -0.8123 -0.4902 -0.3161
vn -0.9377 -0.3450 0.0412
vn -0.4123 -0.8984 -0.1515
vn -0.8833 0.2924 -0.3663
vn -0.8883 0.4374 0.1403
vn -0.0041 0.8870 -0.4617
vn -0.0051 0.9994 0.0334
vn -0.3389 0.6503 0.6799
vn -0.7282 -0.3378 0.5963
vn -0.6910 0.3852 0.6117
vn -0.2049 -0.9786 -0.0197
vn -0.4907 -0.5475 0.6778
vn 0.5002 -0.5539 0.6656
vn 0.2113 -0.9772 -0.0189
vn 0.8937 0.4302 0.1275
vn 0.7362 -0.3480 0.5804
vn 0.6941 0.3903 0.6049
vn 0.3384 0.6513 0.6792
vn -0.2871 0.7880 0.5446
vn 0.1509 0.7742 0.6147
vn -0.2893 0.7630 0.5781
vn 0.4244 0.6789 0.5991
vn -0.3030 0.8766 0.3738
vn 0.2460 0.7664 0.5933
vn -0.0725 0.8760 0.4768
vn 0.0088 0.8429 0.5379
vn -0.2783 0.9495 0.1448
vn -0.3190 0.9097 0.2657
vn -0.2480 0.9663 0.0695
vn -0.1484 0.9889 -0.0036
vn -0.1474 0.9889 -0.0174
vn -0.0001 0.9994 -0.0346
vn -0.0002 0.9995 -0.0319
vn 0.1464 0.9890 -0.0201
vn 0.1475 0.9888 -0.0224
vn 0.2544 0.9662 0.0407
vn 0.2875 0.9496 0.1248
vn 0.3303 0.9072 0.2605
vn 0.3100 0.8765 0.3683
vn 0.3121 0.8229 0.4748
vn 0.0844 0.8765 0.4740
vn 0.2983 0.7921 0.5325
vn -0.0041 0.8527 0.5224
vn 0.3003 0.7647 0.5701
vn -0.2428 0.7383 0.6292
vn 0.2921 0.7636 0.5759
vn -0.1532 0.7799 0.6068
vn -0.0438 0.7495 -0.6606
vn 0.0387 0.4489 -0.8928
vn 0.2280 0.4622 -0.8570
vn 0.1968 0.6403 -0.7424
vn -0.0277 0.6611 -0.7498
vn 0.3025 0.6878 -0.6599
vn 0.1292 0.3026 -0.9443
vn 0.1911 0.5676 -0.8008
vn 0.2312 0.2309 -0.9451
vn 0.4530 0.1817 -0.8728
vn 0.4926 0.2086 -0.8449
vn 0.6428 0.1512 -0.7510
vn 0.8938 -0.1455 0.4243
vn 0.6595 -0.7335 0.1644
vn 0.7835 -0.6021 -0.1534
vn 0.6435 -0.1776 0.7445
vn 0.6181 -0.7852 -0.0379
vn 0.3030 -0.8166 -0.4913
vn 0.1703 -0.9376 -0.3032
vn 0.3280 -0.7139 -0.6187
vn 0.7880 -0.5577 -0.2610
vn -0.6116 -0.7899 -0.0451
vn -0.3024 -0.8147 -0.4948
vn -0.1551 -0.9370 -0.3130
vn -0.7841 -0.6021 -0.1504
vn -0.9506 -0.1616 0.2650
vn -0.7873 -0.5619 -0.2539
vn -0.8922 -0.1488 0.4265
vn 0.3234 -0.2972 0.8984
vn 0.6209 -0.1327 0.7726
vn 0.6615 -0.1149 0.7411
vn 0.2900 -0.3205 0.9017
vn 0.0005 -0.3542 0.9352
vn 0.0006 -0.3663 0.9305
vn -0.3203 -0.2951 0.9002
vn -0.2878 -0.3182 0.9033
vn -0.6165 -0.1298 0.7766
vn -0.6561 -0.1120 0.7464
vn 0.8514 0.0752 0.5192
vn 0.7584 0.3849 0.5260
vn 0.8246 0.0186 0.5654
vn 0.9387 0.1922 0.2863
vn 0.5842 0.5606 0.5868
vn 0.2977 -0.2067 0.9320
vn -0.0005 -0.2078 0.9782
vn 0.4147 -0.2027 0.8871
vn 0.0002 -0.1903 0.9817
vn -0.2972 -0.2069 0.9321
vn -0.4134 -0.2035 0.8875
vn -0.6403 -0.1793 0.7469
vn -0.3677 -0.7088 0.6019
vn -0.7634 -0.1649 0.6245
vn 0.6806 0.2918 0.6721
vn -0.8175 0.0205 0.5756
vn -0.6731 0.2941 0.6786
vn -0.8534 0.0678 0.5167
vn -0.7711 0.3742 0.5152
vn -0.9464 0.1748 0.2715
vn 0.2108 0.1125 -0.9710
vn 0.2593 -0.3076 -0.9155
vn 0.5631 0.3145 -0.7642
vn 0.6172 0.2964 -0.7289
vn 0.7377 0.2717 -0.6180
vn -0.6120 0.3189 -0.7237
vn -0.7384 0.2977 -0.6050
vn -0.5592 0.3306 -0.7603
vn -0.2241 0.4669 -0.8554
vn -0.2095 0.1152 -0.9710
vn 0.6715 -0.3004 0.6773
vn 0.3166 -0.2142 0.9241
vn 0.8647 -0.0580 0.4989
vn 0.7877 0.4468 0.4240
vn 0.2388 0.7736 0.5870
vn -0.4020 0.5547 0.7285
vn -0.6052 0.1451 0.7827
vn -0.7715 0.1398 0.6207
vn -0.6877 -0.1338 0.7136
vn -0.7371 -0.2442 0.6301
vn -0.5202 -0.3835 0.7631
vn -0.4698 -0.5241 0.7103
vn -0.1496 -0.4499 0.8804
vn -0.0105 -0.2561 0.9666
vn -0.4904 -0.2473 0.8356
vn -0.5521 -0.0858 0.8294
vn -0.5242 0.1582 0.8368
vn -0.5351 0.3053 0.7877
vn 0.1322 -0.2635 0.9555
vn 0.0944 -0.7616 0.6412
vn 0.2089 -0.7880 0.5792
vn 0.3506 -0.3692 0.8607
vn 0.5945 -0.3603 0.7189
vn 0.3981 -0.7903 0.4658
vn 0.8007 -0.3391 0.4938
vn 0.7483 0.2185 0.6264
vn 0.4026 0.1767 0.8982
vn 0.0995 0.2789 0.9551
vn 0.3229 -0.4581 0.8282
vn -0.1952 -0.1220 0.9732
vn -0.1651 -0.0920 0.9820
vn -0.7593 0.2709 0.5917
vn -0.3790 -0.0280 0.9250
vn -0.5081 -0.0215 0.8610
vn 0.0321 -0.2510 0.9674
vn -0.1874 0.1596 0.9692
vn 0.0724 -0.3040 0.9499
vn -0.3310 0.0077 0.9436
vn 0.7663 -0.1624 0.6216
vn 0.3692 -0.7082 0.6017
vn 0.0522 -0.9691 -0.2410
vn 0.2155 -0.9760 0.0319
vn 0.0406 -0.9724 -0.2296
vn 0.0001 -0.9746 -0.2241
vn 0.0002 -0.9755 -0.2200
vn -0.0398 -0.9723 -0.2303
vn -0.2068 -0.9780 0.0263
vn 0.9525 -0.1605 0.2587
vn -0.6545 -0.7390 0.1597
vn -0.0433 -0.9679 -0.2476
vn -0.3286 -0.7148 -0.6174
vn 0.9549 0.2249 0.1939
vn 0.9735 0.1917 0.1244
vn 0.4666 0.6975 0.5439
vn -0.7297 0.5325 0.4290
vn -0.7794 0.3999 0.4823
vn -0.9589 0.2109 0.1897
vn -0.9698 0.1919 0.1507
vn 0.2957 0.3323 -0.8956
vn 0.0185 0.3201 -0.9472
vn -0.1770 0.2017 -0.9633
vn 0.5228 0.3858 -0.7601
vn 0.5312 0.7840 -0.3213
vn 0.3792 -0.0642 -0.9231
vn -0.2563 -0.3022 -0.9181
vn -0.0380 0.4495 -0.8925
vn 0.0336 0.7656 -0.6425
vn 0.0179 0.6851 -0.7282
vn -0.3071 0.6943 -0.6509
vn -0.1282 0.3001 -0.9453
vn -0.2283 0.2335 -0.9452
vn -0.4521 0.1904 -0.8714
vn -0.4915 0.2213 -0.8423
vn -0.6458 0.1618 -0.7462
vn -0.1346 -0.2455 0.9600
vn -0.0936 -0.7481 0.6570
vn -0.1052 0.2902 0.9512
vn -0.2515 -0.2897 0.9235
vn -0.1297 -0.3667 0.9213
vn -0.3301 -0.4630 0.8226
vn 0.1916 -0.1276 0.9731
vn 0.1827 -0.0883 0.9792
vn 0.7740 0.2657 0.5747
vn 0.3865 -0.0308 0.9218
vn 0.5265 -0.0247 0.8498
vn -0.0137 -0.2369 0.9714
vn 0.2111 0.1721 0.9622
vn 0.3398 0.0144 0.9404
vn -0.0662 -0.2992 0.9519
vn -0.4384 -0.6090 0.6610
vn 0.1572 -0.3445 0.9255
vn -0.2355 -0.4183 0.8773
vn -0.3786 -0.7516 0.5401
vn -0.3867 -0.7773 0.4962
vn -0.7011 -0.2335 0.6737
vn 0.9166 0.1062 -0.3855
vn 0.9375 -0.0021 -0.3479
vn 0.9972 0.0542 -0.0514
vn 0.6028 0.1483 -0.7840
vn 0.2978 -0.1962 -0.9342
vn 0.8126 0.1044 -0.5734
vn 0.7981 0.1157 -0.5913
vn 0.9119 0.0646 -0.4052
vn 0.9789 0.1730 0.1085
vn -0.5859 0.0727 0.8071
vn -0.9346 -0.1390 0.3274
vn -0.9595 -0.1270 -0.2513
vn 0.6201 0.7840 -0.0274
vn 0.7468 0.6415 -0.1755
vn 0.6258 0.7451 -0.2305
vn 0.6336 0.7470 -0.2012
vn 0.9878 0.1557 -0.0004
vn 0.9368 0.3493 -0.0194
vn 0.4251 0.7055 -0.5670
vn 0.8050 0.5209 -0.2839
vn -0.0539 0.6948 -0.7172
vn 0.4274 0.6932 -0.5803
vn -0.8459 -0.1254 0.5183
vn -0.8372 -0.2946 0.4608
vn 0.7791 -0.3476 0.5217
vn 0.9838 0.1749 0.0393
vn 0.6530 -0.2454 0.7165
vn 0.9666 0.1726 -0.1893
vn 0.5641 0.4747 -0.6756
vn 0.5130 0.7093 -0.4835
vn -0.4703 0.6221 -0.6260
vn 0.5604 0.5915 0.5797
vn 0.2327 0.3979 0.8874
vn -0.7448 0.2011 0.6362
vn 0.6805 0.7225 0.1220
vn 0.7983 0.5998 0.0551
vn 0.7353 0.6548 -0.1748
vn 0.8162 0.5042 -0.2823
vn -0.7522 0.6381 0.1645
vn -0.7665 0.6396 0.0574
vn -0.7656 0.6431 0.0169
vn 0.9572 0.1766 -0.2295
vn 0.9500 -0.2347 -0.2058
vn 0.8603 0.5097 0.0024
vn 0.8575 0.3818 -0.3448
vn 0.7368 0.1906 -0.6486
vn 0.1869 0.6877 -0.7015
vn -0.5455 0.7978 -0.2567
vn -0.3918 0.7559 -0.5245
vn 0.8956 0.3275 -0.3011
vn 0.9506 0.2303 -0.2083
vn -0.4319 0.7850 -0.4441
vn -0.7553 0.6438 -0.1224
vn 0.4155 0.5073 -0.7550
vn 0.5812 0.6765 -0.4523
vn 0.6210 0.5501 -0.5584
vn 0.5012 0.4157 -0.7589
vn -0.2934 0.1023 -0.9505
vn -0.0168 0.6563 -0.7543
vn 0.0315 0.2250 -0.9738
vn 0.6780 0.6367 -0.3674
vn 0.5734 0.6370 0.5153
vn -0.1811 0.3158 0.9314
vn -0.8709 0.4159 0.2617
vn -0.8979 0.2938 -0.3279
vn -0.8525 0.5157 0.0852
vn -0.7067 0.4273 -0.5639
vn -0.7498 -0.1935 -0.6327
vn -0.6454 0.3804 -0.6624
vn -0.2488 0.9663 0.0662
vn -0.1043 0.8094 0.5779
vn -0.6653 0.7408 0.0930
vn 0.9966 -0.0408 0.0718
vn 0.9935 0.0923 0.0672
vn 0.8799 0.3122 -0.3582
vn 0.9204 -0.2141 0.3270
vn 0.9032 0.3229 0.2828
vn 0.9382 0.3373 0.0778
vn 0.3494 0.1042 -0.9312
vn 0.0164 -0.0643 -0.9978
vn 0.0448 0.2410 -0.9695
vn -0.7207 0.6579 0.2186
vn -0.5983 0.6452 0.4751
vn 0.6310 0.2754 -0.7252
vn -0.2511 -0.1300 -0.9592
vn 0.1829 0.0706 -0.9806
vn 0.2258 0.2878 -0.9307
vn -0.6846 0.1933 -0.7028
vn -0.9453 0.2738 -0.1773
vn -0.7944 0.1948 -0.5754
vn -0.9055 0.2633 -0.3327
vn -0.2848 -0.2064 -0.9361
vn -0.9279 0.3669 -0.0667
vn -0.6507 0.1830 0.7370
vn -0.7048 0.5493 -0.4489
vn 0.9923 -0.0402 -0.1175
vn 0.3510 0.0037 0.9364
vn -0.1387 -0.4470 0.8837
vn -0.1267 0.2303 0.9648
vn 0.7536 -0.2849 0.5924
vn 0.7225 -0.0033 0.6914
vn 0.8975 -0.1816 0.4018
vn -0.4318 -0.3429 -0.8343
vn -0.6734 -0.6515 -0.3493
vn -0.2654 -0.4065 -0.8742
vn -0.8798 -0.3144 -0.3566
vn -0.2535 0.0830 -0.9638
vn -0.0579 0.1754 -0.9828
vn -0.8608 -0.0618 -0.5052
vn -0.8067 -0.1626 -0.5682
vn -0.6844 -0.3132 -0.6584
vn -0.6322 0.0609 -0.7724
vn -0.2956 0.1351 -0.9457
vn -0.1544 0.1309 -0.9793
vn -0.6552 -0.1322 -0.7438
vn -0.0059 0.1884 -0.9821
vn -0.1297 0.2089 -0.9693
vn -0.2109 -0.0109 -0.9774
vn -0.7711 -0.4827 -0.4152
vn 0.4004 -0.0859 -0.9123
vn -0.6913 -0.2139 -0.6902
vn -0.8212 -0.4792 -0.3099
vn -0.0991 -0.2371 0.9664
vn -0.7889 -0.5822 0.1969
vn -0.3993 -0.3129 0.8618
vn -0.5712 -0.7048 0.4207
vn -0.7557 -0.6336 -0.1657
vn -0.8114 -0.5578 -0.1744
vn -0.8540 -0.5186 -0.0417
vn 0.1608 -0.0041 -0.9870
vn -0.7616 -0.5554 -0.3340
vn 0.0052 -0.5055 -0.8628
vn -0.5200 -0.1054 -0.8476
vn -0.1557 0.0469 -0.9867
vn -0.6083 -0.3438 0.7153
vn -0.4827 -0.3991 0.7796
vn -0.7519 -0.6344 0.1791
vn 0.0868 -0.1364 0.9868
vn 0.5796 0.3422 0.7396
vn 0.2263 0.0485 0.9729
vn 0.6221 -0.2297 0.7485
vn 0.6276 -0.1871 0.7557
vn -0.8643 -0.4263 -0.2669
vn -0.6521 -0.6772 0.3409
vn -0.9341 -0.0717 0.3498
vn -0.6441 -0.2304 0.7294
vn -0.8697 0.0565 0.4903
vn -0.7479 0.4205 0.5136
vn -0.7973 0.2058 0.5674
vn -0.4099 0.2659 0.8725
vn -0.9585 -0.1018 0.2664
vn -0.9282 0.1210 -0.3518
vn -0.9696 -0.2360 -0.0650
vn -0.8991 0.2316 0.3714
vn -0.8227 -0.3943 -0.4095
vn -0.8766 -0.4139 0.2455
vn -0.9731 -0.2302 0.0065
vn -0.8212 -0.5644 0.0836
vn -0.9039 -0.3283 -0.2743
vn -0.7765 -0.4316 -0.4592
vn -0.9402 -0.1767 -0.2913
vn -0.0883 -0.9948 -0.0499
vn -0.3726 -0.3267 0.8686
vn -0.1251 -0.7932 0.5960
vn -0.6302 -0.7540 0.1852
vn 0.2030 -0.5971 0.7760
vn -0.5708 -0.2710 0.7751
vn -0.9799 -0.1819 0.0819
vn -0.3379 -0.0479 0.9400
vn -0.3821 -0.2375 0.8931
vn -0.7237 -0.6476 0.2385
vn -0.8408 -0.1674 0.5148
vn -0.3968 -0.8533 -0.3383
vn -0.7324 -0.6639 -0.1510
vn -0.7942 -0.4819 0.3701
vn -0.2091 -0.9053 -0.3696
vn -0.6365 -0.6150 -0.4654
vn -0.6346 -0.7110 -0.3028
vn -0.6061 -0.5305 -0.5926
vn 0.4173 0.0372 0.9080
vn 0.7264 0.1234 0.6761
vn -0.0991 0.0281 0.9947
vn 0.3441 0.0729 0.9361
vn -0.0115 -0.0311 0.9995
vn 0.7381 0.0860 -0.6691
vn 0.4520 -0.2122 -0.8664
vn 0.9937 0.1058 -0.0356
vn 0.2701 -0.2158 -0.9383
vn 0.2746 0.2904 -0.9167
vn 0.7049 0.3736 -0.6029
vn 0.7271 0.3328 -0.6004
vn 0.8915 0.0002 -0.4531
vn 0.8729 0.1300 -0.4703
vn 0.8579 -0.4873 -0.1629
vn 0.9786 -0.2014 0.0416
vn 0.3391 -0.0187 -0.9406
vn 0.5958 0.0205 -0.8028
vn 0.6984 0.3495 -0.6246
vn 0.1559 0.2720 -0.9496
vn 0.0267 0.2642 -0.9641
vn 0.9287 -0.0098 0.3707
vn 0.0159 -0.4036 0.9148
vn 0.4329 0.0056 0.9014
vn 0.9674 -0.0331 0.2510
vn 0.9696 -0.0050 -0.2448
vn 0.4770 0.1928 -0.8575
vn 0.4213 0.0386 -0.9061
vn 0.8245 -0.2101 -0.5255
vn 0.9975 -0.0037 -0.0700
vn 0.7939 0.0026 -0.6081
vn 0.6195 0.0846 -0.7804
vn -0.9747 0.1339 -0.1791
vn -0.8382 -0.1628 0.5205
vn -0.9575 -0.2157 -0.1916
vn -0.9956 0.0345 0.0869
vn -0.4873 -0.0516 0.8717
vn -0.2395 -0.3092 0.9203
vn -0.7723 0.0547 -0.6329
vn -0.6427 0.1176 -0.7571
vn -0.9363 0.1468 -0.3190
vn -0.6830 -0.1326 -0.7183
vn 0.2089 -0.0115 -0.9779
vn 0.1333 -0.4488 0.8836
vn -0.3516 0.0041 0.9361
vn 0.1243 0.2313 0.9649
vn -0.7499 -0.2795 0.5996
vn -0.7117 0.0005 0.7025
vn -0.8917 -0.1720 0.4186
vn -0.8198 0.1398 0.5554
vn -0.9948 0.0057 0.1020
vn -0.9912 -0.0733 -0.1100
vn -0.9343 0.3540 0.0408
vn -0.5777 0.3416 0.7414
vn -0.2256 0.0485 0.9730
vn -0.7226 0.1236 0.6801
vn 0.0583 -0.4672 -0.8822
vn 0.8528 -0.3875 -0.3502
vn 0.4430 -0.3879 -0.8083
vn 0.4272 -0.7517 -0.5025
vn 0.4927 -0.4113 -0.7668
vn 0.4882 -0.8570 -0.1651
vn 0.6001 -0.5262 -0.6025
vn 0.9690 -0.2345 -0.0782
vn 0.2071 -0.9039 -0.3742
vn 0.6358 -0.6112 -0.4713
vn 0.6325 -0.7095 -0.3106
vn 0.7969 -0.4827 0.3633
vn 0.7314 -0.6631 -0.1593
vn 0.3952 -0.8517 -0.3442
vn 0.3853 -0.2385 0.8914
vn 0.8446 -0.1689 0.5080
vn 0.7257 -0.6484 0.2301
vn 0.3435 -0.0474 0.9379
vn 0.9804 -0.1828 0.0736
vn 0.5744 -0.2724 0.7719
vn -0.4152 0.0392 0.9089
vn 0.1007 0.0281 0.9945
vn -0.3405 0.0753 0.9372
vn 0.0150 -0.0301 0.9994
vn -0.4601 -0.2082 -0.8631
vn -0.7430 0.0881 -0.6635
vn -0.9938 0.1092 -0.0214
vn -0.2754 -0.2167 -0.9366
vn -0.9242 -0.0082 0.3818
vn -0.0859 -0.1362 0.9870
vn -0.0152 -0.4007 0.9161
vn -0.9652 -0.0288 0.2599
vn -0.4323 0.0074 0.9017
vn -0.9722 -0.0006 -0.2343
vn -0.1640 0.0006 -0.9865
vn -0.4839 0.1951 -0.8531
vn -0.8354 -0.2061 -0.5095
vn -0.4216 0.0439 -0.9057
vn -0.9982 0.0008 -0.0597
vn -0.6177 -0.2247 0.7536
vn -0.3653 -0.1643 0.9163
vn -0.3906 -0.1862 0.9015
vn -0.6213 -0.1875 0.7608
vn 0.6477 -0.6713 -0.3602
vn 0.4072 -0.3490 -0.8440
vn 0.2571 -0.4025 -0.8786
vn 0.8722 -0.3247 -0.3658
vn 0.6509 -0.6887 0.3193
vn 0.8612 -0.4317 -0.2683
vn 0.9343 -0.0693 0.3497
vn 0.6557 -0.2218 0.7217
vn 0.8703 0.0586 0.4889
vn 0.7488 0.4279 0.5063
vn 0.7927 0.2005 0.5757
vn 0.4089 0.2671 0.8726
vn 0.9621 -0.0998 0.2537
vn 0.8033 0.1549 0.5751
vn 0.1529 0.1511 0.9766
vn 0.1284 0.2007 -0.9712
vn 0.6336 -0.1805 -0.7523
vn -0.0047 0.1720 -0.9851
vn 0.2946 0.1217 -0.9478
vn 0.6931 -0.2919 -0.6591
vn 0.1370 0.1328 -0.9816
vn 0.0419 0.1768 -0.9834
vn 0.2892 0.3135 -0.9045
vn 0.5718 -0.2164 -0.7913
vn 0.8022 -0.1690 -0.5726
vn 0.6364 0.0627 -0.7688
vn -0.3609 -0.0268 -0.9322
vn -0.5969 0.0233 -0.8019
vn -0.7049 0.3527 -0.6155
vn -0.1750 0.2607 -0.9494
vn -0.7277 0.3301 -0.6012
vn -0.8473 0.4536 -0.2764
vn -0.6099 0.6985 0.3744
vn -0.9593 0.2259 -0.1695
vn -0.6353 0.7695 -0.0653
vn 0.5141 0.8352 0.1952
vn 0.5769 0.8165 0.0225
vn -0.2516 0.9568 0.1459
vn 0.9256 0.3234 -0.1966
vn 0.8925 0.2853 -0.3493
vn 0.6842 0.6401 -0.3494
vn 0.3840 0.8932 0.2339
vn -0.9068 0.2973 0.2989
vn -0.9313 -0.0469 -0.3611
vn -0.8694 -0.2097 -0.4475
vn -0.9065 0.2967 -0.3005
vn -0.9710 0.1468 -0.1885
vn -0.8492 0.5280 -0.0064
vn -0.9363 0.3475 0.0511
vn -0.9928 -0.0092 -0.1196
vn -0.7691 0.0663 -0.6357
vn 0.8447 0.0934 -0.5271
vn 0.9416 0.1607 -0.2959
vn 0.7892 0.0435 -0.6126
vn 0.7060 0.5314 -0.4682
vn 0.8275 0.1330 -0.5455
vn -0.7653 0.6145 0.1915
vn 0.5131 0.8524 0.1011
vn -0.5161 0.7568 0.4011
vn 0.0261 -0.1519 -0.9881
vn 0.7209 -0.0610 -0.6903
vn -0.7685 -0.1303 -0.6265
vn 0.7013 0.7115 0.0431
vn 0.8598 0.4806 -0.1726
vn 0.6000 -0.6161 0.5104
vn -0.1098 -0.4552 0.8836
vn 0.1504 -0.5697 0.8080
vn 0.1255 0.7215 -0.6810
vn 0.1165 0.6270 -0.7703
vn 0.4765 0.5674 -0.6716
vn -0.4983 0.7584 -0.4201
vn -0.8525 0.4022 0.3338
vn -0.0388 -0.4420 0.8962
vn 0.9163 -0.0071 0.4004
vn -0.1765 0.6184 -0.7658
vn -0.6005 0.4778 -0.6411
vn 0.4963 0.2729 -0.8242
vn -0.0127 0.5719 -0.8202
vn 0.8445 0.4731 0.2509
vn -0.6346 0.7165 -0.2898
vn -0.6741 0.6915 -0.2596
vn -0.5548 0.7671 -0.3222
vn 0.9240 -0.3411 -0.1729
vn 0.6792 0.0097 -0.7339
vn 0.8521 -0.1733 0.4938
vn 0.9714 0.1323 -0.1970
vn 0.9513 -0.2231 -0.2127
vn 0.4881 -0.0547 0.8711
vn 0.9976 0.0317 0.0620
vn 0.2474 -0.3126 0.9171
vn 0.6436 0.1148 -0.7567
vn 0.7695 0.0552 -0.6363
vn 0.9304 0.1451 -0.3365
vn 0.6928 -0.1453 -0.7063
vn 0.9345 0.3549 0.0262
vn 0.9957 0.0013 0.0925
vn -0.7036 0.3746 -0.6039
vn -0.2715 0.2799 -0.9208
vn -0.8728 0.1325 -0.4698
vn -0.8934 0.0003 -0.4493
vn -0.7344 -0.6372 0.2338
vn -0.8488 -0.3448 -0.4009
vn -0.9788 -0.1999 0.0447
vn 0.6096 -0.3461 0.7132
vn 0.4845 -0.4022 0.7769
vn 0.7546 -0.6332 0.1722
vn 0.1505 0.0461 -0.9875
vn 0.7604 -0.5534 -0.3398
vn 0.5120 -0.1040 -0.8527
vn 0.0008 -0.4963 -0.8682
vn 0.7561 -0.6319 -0.1702
vn 0.8601 -0.5077 -0.0498
vn 0.8109 -0.5566 -0.1807
vn 0.1042 -0.2428 0.9645
vn 0.7991 -0.5711 0.1880
vn 0.5804 -0.7048 0.4080
vn 0.3961 -0.3133 0.8631
vn 0.8267 -0.4652 -0.3163
vn 0.6882 -0.2159 -0.6926
vn -0.3856 -0.0702 -0.9200
vn 0.7772 -0.4677 -0.4210
vn -0.1109 -0.8430 -0.5264
vn 0.7886 -0.4072 -0.4608
vn 0.1458 -0.7991 0.5833
vn 0.3811 -0.3221 0.8666
vn 0.6623 -0.7277 0.1781
vn 0.4425 -0.2098 0.8719
vn -0.7866 0.0034 -0.6175
vn -0.6087 0.0876 -0.7886
vn 0.3047 -0.0143 0.9523
vn 0.4078 -0.6490 0.6422
vn 0.9734 -0.2288 0.0114
vn 0.8438 -0.4849 -0.2299
vn 0.8784 -0.3981 0.2644
vn 0.8221 -0.3921 -0.4128
vn 0.8292 -0.5539 0.0751
vn 0.9297 0.1161 -0.3495
vn 0.8996 0.2309 0.3708
vn 0.8327 -0.5530 -0.0293
vn 0.7729 -0.2888 -0.5650
vn 0.0193 -0.3213 -0.9468
vn 0.4178 -0.2453 -0.8748
vn -0.5401 -0.1694 0.8244
vn -0.6195 -0.7559 0.2119
vn -0.8651 -0.2079 0.4565
vn 0.6096 0.4288 0.6667
vn 0.0786 0.2172 0.9729
vn -0.6296 0.5428 -0.5559
vn -0.3469 0.5015 -0.7925
vn -0.7465 0.5041 -0.4344
vn -0.7903 0.3960 -0.4675
vn 0.5974 -0.5302 0.6017
vn 0.6167 -0.1143 0.7788
vn 0.9491 -0.2886 0.1260
vn 0.5140 -0.2000 0.8341
vn 0.3506 0.0020 0.9365
vn -0.1160 0.2000 0.9729
vn -0.2416 0.0299 0.9699
vn -0.7542 0.1979 0.6262
vn 0.1307 0.2486 0.9597
vn -0.9702 0.0684 0.2325
vn -0.9833 0.1737 -0.0535
vn -0.8894 0.3885 -0.2409
vn -0.8783 0.4589 -0.1340
vn -0.8027 0.5918 -0.0738
vn -0.7744 0.4142 -0.4783
vn -0.8745 0.4002 -0.2741
vn -0.7783 0.5427 -0.3156
vn -0.8609 0.3854 -0.3320
vn -0.7655 0.4146 -0.4921
vn -0.6948 0.6036 -0.3910
vn -0.8713 0.3355 -0.3581
vn -0.9293 0.2230 -0.2945
vn -0.9460 0.0907 -0.3111
vn -0.9956 -0.0772 -0.0539
vn -0.7202 0.1636 -0.6742
vn -0.7185 -0.3180 -0.6186
vn -0.0759 -0.4452 -0.8922
vn -0.0244 0.0156 -0.9996
vn 0.4283 0.1157 -0.8962
vn -0.2982 -0.1609 -0.9408
vn -0.5637 -0.3502 -0.7481
vn -0.0709 0.3608 -0.9299
vn 0.0011 -0.1759 -0.9844
vn -0.4165 0.0778 -0.9058
vn -0.2437 0.7916 -0.5603
vn -0.0774 0.0232 0.9967
vn -0.5762 0.0590 0.8151
vn -0.8030 0.1586 0.5745
vn -0.1524 0.1502 0.9768
vn -0.9791 -0.1808 0.0930
vn -0.8581 -0.3907 -0.3332
vn -0.0657 -0.4729 -0.8787
vn -0.4537 -0.3900 -0.8013
vn -0.9361 -0.2956 -0.1905
vn -0.4295 -0.7542 -0.4967
vn -0.5002 -0.4115 -0.7619
vn -0.4890 -0.8578 -0.1585
vn -0.7310 -0.3760 -0.5694
vn -0.8344 -0.5507 -0.0223
vn -0.0268 -0.3233 -0.9459
vn -0.7772 -0.2904 -0.5583
vn -0.4242 -0.2478 -0.8710
vn 0.8236 0.1383 0.5501
vn 0.9896 -0.0780 -0.1205
vn -0.3017 -0.0139 0.9533
vn -0.4049 -0.6464 0.6467
vn 0.3686 -0.1650 0.9148
vn 0.3960 -0.1886 0.8987
vn -0.8917 -0.2502 0.3772
vn -0.1939 0.6314 -0.7509
vn 0.0561 0.1343 -0.9893
vn 0.4770 0.1226 -0.8703
vn -0.4634 -0.0432 -0.8851
vn -0.3946 -0.1139 -0.9118
vn -0.3067 0.0681 -0.9494
vn 0.9124 0.1215 0.3908
vn 0.7240 -0.0264 -0.6892
vn -0.1237 0.1537 -0.9803
vn 0.9554 -0.0565 -0.2899
vn 0.9131 0.1827 -0.3645
vn 0.4905 0.0736 -0.8683
vn 0.7688 0.1022 -0.6313
vn -0.7322 -0.1845 -0.6556
vn -0.4199 -0.2849 -0.8617
vn -0.8433 -0.2781 -0.4599
vn 0.6577 0.5703 -0.4921
vn -0.1575 0.1244 0.9796
vn -0.4665 -0.1811 0.8658
vn -0.7377 0.6749 -0.0188
vn -0.7602 0.6228 -0.1850
vn -0.8300 0.3634 0.4231
vn 0.2060 0.9080 -0.3648
vn -0.3663 0.9182 -0.1508
vn 0.5041 0.8110 -0.2971
vn 0.3945 -0.0032 0.9189
vn -0.2152 -0.9748 -0.0585
vn 0.7056 -0.2329 0.6693
vn 0.8874 -0.3140 -0.3377
vn 0.1562 -0.8939 -0.4203
vn 0.8497 -0.2476 -0.4654
vn 0.5895 -0.4580 -0.6655
vn 0.2302 0.0670 0.9708
vn 0.1010 0.3312 0.9381
vn -0.3936 -0.0024 0.9193
vn 0.2147 -0.9746 -0.0635
vn -0.2292 0.0668 0.9711
vn -0.1015 0.3322 0.9377
vn -0.8910 -0.3064 -0.3350
vn -0.5962 -0.4495 -0.6652
vn -0.8512 -0.2375 -0.4681
vn -0.1595 -0.8929 -0.4211
vn -0.7061 -0.2293 0.6699
vn -0.9992 0.0261 -0.0306
vn -0.6781 0.7298 0.0869
vn -0.7460 0.6633 0.0588
vn -0.9873 -0.0174 0.1576
vn -0.6481 -0.7043 0.2897
vn -0.6132 0.5295 0.5862
vn -0.8313 0.5001 0.2427
vn -0.2569 -0.6800 0.6867
vn 0.4375 -0.2940 0.8498
vn 0.7795 0.4683 0.4159
vn 0.2552 0.5744 0.7777
vn 0.7683 -0.4881 0.4141
vn -0.5847 -0.8057 0.0947
vn 0.9404 -0.1439 -0.3081
vn 0.6244 -0.7527 -0.2088
vn 0.7278 -0.6260 -0.2802
vn 0.9545 -0.0408 -0.2955
vn 0.8233 -0.5632 -0.0711
vn 0.8600 0.5091 -0.0366
vn 0.9836 -0.0018 -0.1804
vn 0.9520 -0.0123 -0.3060
vn 0.7990 0.5149 -0.3107
vn 0.8500 0.4181 -0.3206
vn 0.6702 -0.5106 -0.5386
vn 0.2750 -0.2425 -0.9304
vn -0.3447 0.6846 -0.6422
vn 0.5358 0.6381 -0.5529
vn -0.3441 -0.6201 -0.7051
vn -0.7068 0.6951 -0.1317
vn -0.5847 0.8046 -0.1037
vn -0.1840 0.9810 0.0616
vn 0.5383 0.8144 -0.2165
vn 0.7469 0.5998 -0.2872
vn 0.7591 0.6200 -0.1984
vn 0.2174 0.9704 -0.1054
vn -0.0809 0.9963 0.0275
vn 0.1846 0.9796 -0.0800
vn 0.7554 0.5477 -0.3598
vn 0.3774 0.6297 -0.6790
vn -0.8282 0.5245 0.1975
vn -0.9879 0.0755 -0.1354
vn -0.5240 0.1497 -0.8385
vn -0.9634 -0.1678 -0.2090
vn 0.3121 0.6498 0.6931
vn -0.5011 0.6460 0.5759
vn 0.3180 0.9453 0.0722
vn 0.2991 0.9501 -0.0885
vn -0.0905 0.9932 -0.0736
vn 0.6973 0.6782 0.2321
vn 0.6245 0.7810 -0.0092
vn -0.9989 -0.0479 0.0016
vn -0.9934 -0.0119 -0.1141
vn -0.9535 -0.3012 -0.0092
vn -0.9927 0.0984 -0.0696
vn -0.8182 0.5679 -0.0898
vn -0.9266 0.1471 -0.3461
vn -0.4455 0.7600 -0.4732
vn -0.4495 0.2276 -0.8638
vn -0.4594 0.3019 -0.8354
vn 0.2958 0.2298 -0.9272
vn 0.3649 0.3372 -0.8678
vn 0.7785 0.1598 -0.6070
vn 0.9373 0.1476 -0.3156
vn -0.7442 0.6212 0.2454
vn -0.0856 0.9951 0.0486
vn -0.0944 0.9943 0.0497
vn 0.0663 0.9973 -0.0306
vn 0.8289 0.2733 -0.4882
vn 0.9457 0.1501 -0.2882
vn 0.9224 0.3806 -0.0657
vn 0.8313 0.2267 -0.5075
vn 0.9810 0.1938 0.0082
vn 0.9167 0.3065 -0.2563
vn 0.9737 -0.0077 -0.2275
vn 0.8671 0.3537 -0.3506
vn 0.8877 0.4279 -0.1701
vn 0.9935 0.0070 -0.1140
vn 0.8814 0.4719 -0.0215
vn -0.8844 0.4200 0.2035
vn -0.3462 0.9155 0.2050
vn -0.3432 0.8545 0.3900
vn -0.8930 0.3765 0.2466
vn -0.3160 0.9466 0.0634
vn -0.9324 0.2554 0.2558
vn -0.9856 0.1072 -0.1307
vn -0.8650 0.1475 0.4797
vn -0.9904 -0.0113 -0.1375
vn 0.7798 0.5527 0.2939
vn 0.7550 0.5465 0.3623
vn 0.3189 0.9475 0.0237
vn 0.1955 0.9602 0.1994
vn -0.4511 0.8638 0.2245
vn -0.6161 0.5743 0.5391
vn 0.2091 0.6120 0.7628
vn 0.5059 0.8329 0.2242
vn 0.5181 0.6801 0.5187
vn 0.3581 0.9306 0.0764
vn -0.2354 0.4592 0.8565
vn 0.6861 0.4182 0.5953
vn -0.2872 0.7256 0.6253
vn -0.6335 0.2916 -0.7167
vn -0.6137 0.1755 -0.7697
vn 0.2596 0.4065 -0.8760
vn -0.9137 0.3837 0.1338
vn -0.9320 0.0133 0.3623
vn -0.7642 0.6252 -0.1585
vn 0.8150 0.5368 0.2184
vn 0.4136 0.9032 0.1147
vn 0.1751 0.7977 0.5771
vn -0.2892 0.7589 0.5834
vn -0.6572 0.7265 0.2009
vn -0.6717 0.7266 -0.1441
vn -0.3860 0.6364 -0.6679
vn -0.1106 0.9930 -0.0414
vn 0.0511 0.9937 0.0999
vn -0.1206 0.9926 -0.0116
vn -0.1090 0.9937 -0.0265
vn -0.3517 0.9293 -0.1125
vn -0.2188 0.9527 0.2107
vn -0.1450 0.9892 -0.0207
vn -0.1142 0.9924 -0.0457
vn 0.5445 0.7691 -0.3347
vn 0.2540 0.6510 -0.7153
vn -0.0974 0.9948 -0.0299
vn 0.1048 0.9505 -0.2926
vn 0.2862 0.2884 -0.9137
vn -0.9936 -0.0465 0.1029
vn 0.7437 0.6667 0.0486
vn 0.9858 0.0812 -0.1470
vn 0.5812 0.8066 -0.1080
vn 0.9986 0.0313 -0.0425
vn 0.8297 0.5075 0.2325
vn 0.5815 -0.8077 0.0976
vn 0.6775 0.7312 0.0796
vn 0.6436 -0.7101 0.2856
vn -0.2479 0.5810 0.7752
vn 0.2586 -0.6849 0.6812
vn 0.6151 0.5367 0.5776
vn -0.4351 -0.2946 0.8508
vn -0.8581 0.4107 -0.3083
vn -0.7312 -0.6264 -0.2702
vn -0.9435 -0.1422 -0.2995
vn -0.9570 -0.0109 -0.2898
vn -0.9291 -0.1228 -0.3488
vn 0.3401 0.6846 -0.6447
vn -0.2780 -0.2376 -0.9307
vn -0.5301 0.6432 -0.5525
vn 0.3349 -0.6149 -0.7140
vn 0.7042 0.6949 -0.1455
vn 0.1839 0.9812 0.0591
vn -0.7558 0.5927 -0.2783
vn -0.5394 0.8158 -0.2086
vn -0.7618 0.6210 -0.1842
vn -0.2006 0.9762 -0.0826
vn 0.0821 0.9961 0.0315
vn -0.2195 0.9707 -0.0982
vn -0.7516 0.5544 -0.3574
vn -0.8036 0.5148 -0.2988
vn -0.3768 0.6315 -0.6777
vn 0.4419 0.7595 -0.4774
vn 0.7441 0.6233 0.2404
vn 0.8293 0.5236 0.1950
vn -0.9524 0.3041 0.0234
vn -0.9268 0.0809 0.3668
vn -0.7681 0.4889 0.4136
vn -0.9489 -0.3072 -0.0726
vn -0.8730 -0.2373 0.4262
vn -0.6743 -0.5063 -0.5375
vn 0.4956 0.6597 0.5650
vn -0.6840 0.6927 0.2286
vn -0.3119 0.6487 0.6942
vn 0.0917 0.9940 0.0595
vn 0.1039 0.9930 0.0561
vn -0.0445 0.9984 -0.0347
vn 0.0998 0.9922 -0.0743
vn -0.9394 0.1554 -0.3056
vn -0.9490 0.1582 -0.2728
vn -0.9175 0.3035 -0.2569
vn -0.9243 0.3776 -0.0550
vn -0.8679 0.3578 -0.3445
vn 0.5174 0.1480 -0.8429
vn 0.9618 -0.1622 -0.2205
vn -0.2784 0.9564 -0.0884
vn -0.2925 0.9545 0.0578
vn -0.6090 0.7932 -0.0037
vn -0.8461 0.2634 -0.4635
vn -0.8349 0.2324 -0.4989
vn -0.9801 0.1977 0.0197
vn 0.4486 0.2249 -0.8650
vn 0.5723 0.2875 -0.7680
vn 0.9245 0.1481 -0.3511
vn -0.3035 0.2264 -0.9256
vn -0.3132 0.3482 -0.8836
vn -0.7736 0.1944 -0.6031
vn -0.9737 -0.0078 -0.2277
vn -0.8895 0.4273 -0.1619
vn -0.9954 0.0182 -0.0936
vn -0.8805 0.4740 -0.0067
vn -0.5048 0.8337 0.2240
vn -0.3567 0.9304 0.0838
vn -0.3187 0.9474 0.0278
vn -0.5156 0.6797 0.5217
vn 0.9890 -0.0049 -0.1481
vn 0.9371 0.0318 0.3476
vn 0.8710 0.1597 0.4646
vn 0.9486 0.2304 -0.2171
vn 0.2908 0.7595 0.5820
vn 0.2352 0.4633 0.8544
vn 0.6579 0.7287 0.1898
vn 0.3365 0.9348 -0.1139
vn 0.1036 0.9941 -0.0328
vn 0.2271 0.9514 0.2080
vn 0.1192 0.9928 -0.0148
vn -0.2431 0.9546 0.1720
vn 0.1107 0.9931 -0.0400
vn 0.1118 0.9934 -0.0251
vn -0.0546 0.9937 0.0981
vn -0.1740 0.7951 0.5810
vn -0.5419 0.7745 -0.3262
vn 0.1080 0.9930 -0.0475
vn -0.2559 0.6544 -0.7115
vn -0.3623 0.8764 -0.3172
vn 0.0969 0.9948 -0.0308
vn 0.9984 -0.0555 -0.0123
vn 0.9938 -0.0534 0.0971
vn 0.9467 -0.3212 -0.0227
vn 0.9904 0.1023 -0.0926
vn 0.8178 0.5658 -0.1049
vn 0.8045 0.3999 -0.4392
vn 0.9378 0.2343 0.2561
vn 0.2414 0.9550 0.1721
vn 0.5733 0.3031 -0.7612
vn 0.9757 0.1175 -0.1849
vn 0.6099 0.1770 -0.7724
vn 0.3440 0.8551 0.3880
vn 0.9338 0.2601 0.2457
vn 0.2881 0.7270 0.6232
vn 0.8841 0.4230 0.1987
vn 0.9160 0.3799 0.1288
vn -0.9338 0.2396 0.2657
vn -0.8032 0.4131 -0.4293
vn -0.6807 0.4171 0.6022
vn -0.2902 0.2892 -0.9122
vn 0.3804 0.6332 -0.6740
vn 0.8957 0.3732 0.2419
vn -0.5197 0.8414 0.1484
vn -0.4144 0.9027 0.1155
vn 0.6624 0.7341 -0.1493
vn 0.9311 0.0781 0.3563
vn 0.9585 0.2848 0.0151
vn 0.8762 -0.2395 0.4182
vn 0.9447 -0.3171 -0.0833
vn 0.9261 -0.1221 -0.3569
vn 0.4912 -0.7747 -0.3982
vn -0.0086 -0.7658 -0.6430
vn -0.4217 -0.8436 -0.3323
vn -0.0225 -0.9908 -0.1331
vn -0.0098 -1.0000 0.0015
vn -0.0121 -0.9878 -0.1551
vn -0.0087 -1.0000 0.0036
vn -0.4282 -0.8943 0.1301
vn 0.5931 -0.7711 -0.2315
vn 0.2917 -0.9562 0.0238
vn 0.0113 -0.9854 0.1701
vn 0.6153 -0.6382 0.4627
vn 0.5370 -0.8412 0.0640
vn 0.3239 -0.8024 0.5013
vn 0.9879 -0.0243 0.1532
vn -0.7656 -0.4863 0.4212
vn -0.6294 -0.7516 -0.1975
vn -0.9584 -0.0308 -0.2837
vn -0.8284 -0.5567 -0.0620
vn -0.9860 0.0105 -0.1666
vn -0.8492 0.5271 -0.0301
vn 0.0031 -0.7603 -0.6496
vn -0.4952 -0.7721 -0.3982
vn 0.4211 -0.8428 -0.3353
vn 0.0095 -1.0000 0.0014
vn 0.0193 -0.9901 -0.1389
vn 0.0115 -0.9878 -0.1554
vn 0.0085 -1.0000 0.0034
vn 0.4250 -0.8950 0.1352
vn -0.5957 -0.7717 -0.2228
vn -0.2925 -0.9560 0.0219
vn -0.0105 -0.9861 0.1656
vn -0.6135 -0.6358 0.4683
vn -0.5387 -0.8398 0.0676
vn -0.3221 -0.8044 0.4993
vn 0.9910 -0.0174 -0.1328
vn -0.3687 0.3942 -0.8418
vn -0.1916 0.9595 0.2067
vn 0.6196 0.5738 0.5356
vn 0.4555 0.8605 0.2282
vn -0.2054 0.6131 0.7628
vn -0.7528 0.5461 0.3674
vn -0.7688 0.5691 0.2916
vn 0.3194 0.9456 0.0620
vn 0.3482 0.9162 0.1984
vn 0.9107 -0.4115 0.0365
vn 0.1605 -0.2728 0.9486
vn 0.4008 -0.0071 0.9161
vn 0.1614 -0.8426 0.5138
vn 0.4136 0.1020 -0.9047
vn 0.9939 -0.1090 0.0189
vn 0.9999 0.0023 0.0153
vn 0.4538 0.1283 -0.8818
vn -0.5160 0.2930 -0.8049
vn -0.5031 0.3227 -0.8017
vn 0.6364 -0.1164 0.7625
vn 0.9536 -0.2530 -0.1634
vn 0.9676 0.1528 0.2009
vn 0.8978 -0.1418 0.4170
vn 0.8655 -0.3684 0.3393
vn -0.9261 0.3032 -0.2244
vn -0.8378 0.2256 0.4971
vn -0.9475 0.2914 -0.1314
vn -0.8159 0.4670 -0.3408
vn -0.6693 0.6214 -0.4072
vn -0.5237 0.8354 -0.1666
vn -0.8697 0.3979 -0.2919
vn -0.8554 0.4394 -0.2742
vn -0.8750 0.3841 -0.2948
vn -0.9698 0.1886 0.1548
vn -0.9050 0.3792 -0.1925
vn -0.8855 0.4589 0.0730
vn 0.9207 0.0079 0.3902
vn 0.9945 0.0289 -0.1004
vn 0.9104 0.0701 0.4077
vn -0.9326 0.1682 -0.3194
vn -0.7236 0.1909 -0.6633
vn -0.9185 0.3623 0.1584
vn -0.4474 0.2661 -0.8538
vn -0.4986 0.2422 -0.8323
vn -0.0001 0.4701 -0.8826
vn 0.0003 0.2842 -0.9588
vn 0.4429 0.2669 -0.8559
vn 0.4903 0.2483 -0.8354
vn 0.9277 0.1688 -0.3330
vn 0.7165 0.1887 -0.6716
vn 0.9212 0.3599 0.1481
vn -0.1579 -0.2720 0.9493
vn -0.9117 -0.4084 0.0451
vn -0.3988 -0.0052 0.9170
vn -0.1589 -0.8425 0.5147
vn -0.9997 -0.0008 0.0248
vn -0.5939 0.1080 -0.7973
vn -0.9954 0.0330 -0.0904
vn -0.4205 0.1020 -0.9015
vn -0.9936 -0.1097 0.0283
vn -0.4589 0.1273 -0.8793
vn 0.5138 0.2973 -0.8048
vn 0.4997 0.3213 -0.8044
vn 0.9281 0.3369 -0.1583
vn 0.8520 0.4362 -0.2896
vn 0.8905 -0.1901 0.4134
vn 0.6560 0.2499 0.7121
vn 0.9457 0.2923 -0.1421
vn 0.9425 0.3195 -0.0984
vn 0.7423 0.5819 0.3324
vn -0.4869 -0.2432 0.8390
vn 0.8400 0.2273 0.4926
vn -0.6317 -0.1119 0.7671
vn -0.9554 -0.2520 -0.1539
vn 0.8415 0.4787 -0.2503
vn 0.4083 0.2265 -0.8843
vn -0.9655 0.1559 0.2086
vn -0.8945 -0.1374 0.4255
vn -0.8613 -0.3717 0.3463
vn 0.6673 0.6177 -0.4161
vn 0.7810 0.5710 -0.2529
vn 0.7610 0.6454 -0.0659
vn 0.9051 0.2805 -0.3196
vn 0.9550 0.2558 -0.1498
vn 0.9716 0.1892 0.1421
vn 0.8772 0.4768 0.0560
vn -0.5093 0.8602 -0.0251
vn -0.7258 0.6094 0.3191
vn -0.8870 -0.1881 0.4216
vn -0.9085 0.0611 0.4135
vn 0.6144 -0.7842 0.0873
vn 0.8198 -0.5725 -0.0140
vn 0.7541 -0.6235 0.2063
vn 0.5239 -0.7104 -0.4699
vn -0.7729 -0.5454 -0.3243
vn -0.8789 -0.3438 -0.3308
vn -0.4616 -0.5679 -0.6815
vn -0.9061 -0.4179 0.0658
vn -0.7972 -0.5847 0.1499
vn -0.4138 -0.6456 0.6418
vn 0.3787 -0.6961 0.6100
vn -0.6122 -0.7855 0.0900
vn -0.7516 -0.6259 0.2081
vn -0.8191 -0.5736 -0.0087
vn -0.5415 0.3083 -0.7822
vn 0.3917 0.0378 -0.9193
vn 0.0013 -0.2082 0.9781
vn -0.2968 0.0372 0.9542
vn 0.0007 -0.5798 0.8147
vn -0.1241 -0.9892 0.0775
vn 0.1267 -0.9890 0.0762
vn 0.2984 0.0352 0.9538
vn -0.6530 0.2489 0.7153
vn -0.9427 0.3214 -0.0894
vn -0.3409 0.2848 0.8959
vn -0.6237 0.3606 0.6935
vn 0.1775 -0.9319 -0.3162
vn 0.2441 -0.1064 -0.9639
vn -0.6402 0.3112 -0.7023
vn -0.0449 -0.1748 -0.9836
vn -0.0013 -0.5733 -0.8193
vn 0.1730 -0.7902 -0.5880
vn 0.5881 0.1075 -0.8016
vn -0.4124 0.2234 -0.8832
vn -0.8515 0.4643 -0.2436
vn -0.7672 0.6410 -0.0230
vn 0.7710 -0.5424 -0.3337
vn 0.8767 -0.3406 -0.3397
vn 0.9071 -0.4178 0.0509
vn 0.7992 -0.5849 0.1386
vn 0.4195 -0.6503 0.6334
vn -0.4241 -0.8038 0.4172
vn -0.3748 -0.6983 0.6099
vn -0.7411 0.5806 0.3371
vn 0.4908 -0.2474 0.8354
vn -0.3967 0.0371 -0.9172
vn -0.2486 -0.1090 -0.9624
vn -0.1748 -0.7904 -0.5871
vn 0.0422 -0.1758 -0.9835
vn 0.6343 0.3092 -0.7085
vn 0.5348 0.3061 -0.7876
vn 0.7480 0.6625 -0.0396
vn -0.9171 -0.0064 0.3986
vn 0.3422 0.2821 0.8963
vn 0.6294 0.3560 0.6907
vn 0.4281 -0.8011 0.4183
vn -0.5257 -0.7124 -0.4649
vn -0.1772 -0.9315 -0.3177
vn 0.4606 -0.5651 -0.6845
vn 0.0006 -0.5520 -0.8339
vn -0.0010 -0.8175 -0.5760
vn -0.0001 -0.1022 -0.9948
vn -0.3336 0.0962 -0.9378
vn 0.3310 0.0952 -0.9388
vn -0.2679 -0.1070 0.9575
vn -0.7196 -0.2433 0.6504
vn -0.7713 0.1305 0.6230
vn -0.3155 -0.1581 0.9357
vn -0.7845 -0.2286 0.5764
vn -0.5036 -0.0265 0.8635
vn -0.8054 -0.1559 0.5719
vn -0.2203 0.0788 0.9722
vn 0.4571 0.2973 0.8383
vn 0.5651 0.4107 0.7156
vn 0.9187 0.3757 0.1216
vn 0.8059 0.0383 0.5908
vn 0.9907 0.1244 0.0543
vn 0.9828 0.0953 0.1584
vn 0.6362 -0.0072 0.7715
vn 0.7220 -0.2454 0.6469
vn 0.2707 -0.1079 0.9566
vn 0.7905 0.1895 0.5824
vn 0.3197 -0.1578 0.9343
vn 0.7908 -0.2279 0.5681
vn 0.5096 -0.0273 0.8600
vn 0.8108 -0.1563 0.5641
vn 0.2241 0.0794 0.9713
vn -0.4584 0.2917 0.8395
vn -0.5641 0.4103 0.7166
vn -0.9210 0.3681 0.1274
vn -0.8004 0.0391 0.5982
vn -0.9883 0.1336 0.0733
vn -0.9788 0.1020 0.1776
vn -0.6266 -0.0005 0.7793
vn -0.7334 0.5084 0.4514
vn -0.8732 0.4564 0.1708
vn -0.8389 0.5337 0.1069
vn -0.6079 0.5760 0.5465
vn -0.9588 0.2493 0.1364
vn -0.5340 0.2899 0.7942
vn 0.4929 0.2931 0.8192
vn 0.3803 0.0199 0.9247
vn 0.8547 -0.0291 0.5184
vn 0.8859 0.0515 0.4611
vn 0.1497 0.3923 0.9076
vn -0.1516 0.3029 0.9409
vn -0.4824 0.2575 0.8373
vn -0.8357 0.0302 0.5484
vn -0.8418 0.0370 0.5385
vn -0.4254 0.2316 0.8748
vn 0.4924 0.3736 0.7861
vn 0.6027 0.5363 0.5909
vn 0.9618 0.2409 0.1301
vn 0.8349 0.5393 0.1104
vn 0.7325 0.5132 0.4472
vn 0.8648 0.4728 0.1694
vn 0.1795 0.4394 -0.8802
vn -0.3886 0.4371 -0.8111
vn -0.5975 0.3843 -0.7037
vn 0.5990 0.3063 -0.7398
vn -0.9689 0.2260 0.1007
vn -0.9232 0.3031 -0.2362
vn -0.9712 0.2107 0.1110
vn -0.9233 0.2818 -0.2611
vn -0.9957 0.0234 0.0900
vn -0.9322 0.0252 0.3610
vn -0.9682 0.1135 -0.2228
vn -0.9371 0.0607 0.3436
vn 0.3843 0.4227 -0.8207
vn -0.1858 0.4241 -0.8864
vn 0.5956 0.3803 -0.7075
vn -0.6041 0.2848 -0.7443
vn 0.9245 0.2946 -0.2421
vn 0.9721 0.2144 0.0955
vn 0.9755 0.1895 0.1120
vn 0.9219 0.2789 -0.2690
vn 0.9369 0.0303 0.3484
vn 0.9962 0.0321 0.0808
vn 0.9651 0.1264 -0.2295
vn 0.9404 0.0543 0.3357
vn -0.3843 0.3077 -0.8704
vn -0.0010 0.3026 -0.9531
vn -0.6143 0.3006 -0.7295
vn -0.0009 0.3654 -0.9308
vn 0.3805 0.3046 -0.8732
vn 0.6063 0.3034 -0.7351
vn -0.9827 0.1510 -0.1076
vn -0.9756 0.2086 -0.0685
vn -0.8510 -0.0287 0.5244
vn -0.7777 -0.0706 0.6247
vn -0.4887 -0.0808 0.8687
vn -0.3305 -0.1354 0.9340
vn 0.9799 0.1656 -0.1114
vn 0.9708 0.2280 -0.0742
vn 0.8489 -0.0099 0.5284
vn 0.7769 -0.0580 0.6270
vn 0.4893 -0.0757 0.8688
vn 0.3357 -0.1360 0.9321
vn 0.0022 -0.1383 0.9904
vn 0.0026 -0.1553 0.9879
vn -0.5074 0.2298 0.8305
vn -0.3091 0.3487 0.8848
vn -0.5913 0.5299 0.6079
vn 0.1422 -0.1852 0.9724
vn -0.2717 -0.2193 0.9371
vn -0.2705 -0.2033 0.9410
vn -0.2120 0.2321 0.9493
vn 0.0004 -0.2353 0.9719
vn -0.0003 0.6989 0.7152
vn 0.2150 0.2316 0.9488
vn 0.3428 0.8828 0.3211
vn 0.3095 0.3497 0.8842
vn 0.6548 0.6708 0.3482
vn 0.5931 0.5302 0.6059
vn 0.8609 0.4070 0.3053
vn 0.5133 0.2287 0.8272
vn 0.7192 0.3274 0.6128
vn 0.9980 -0.0411 0.0483
vn -0.0524 -0.9442 -0.3253
vn 0.1939 -0.8681 -0.4570
vn 0.3199 -0.8543 -0.4097
vn -0.1992 -0.9794 -0.0338
vn -0.1004 -0.9050 -0.4134
vn -0.0683 -0.9265 -0.3701
vn -0.0548 -0.9151 -0.3996
vn 0.0183 -0.9107 -0.4127
vn 0.2724 -0.2044 0.9402
vn -0.1431 -0.1856 0.9721
vn -0.0000 -0.9073 -0.4204
vn 0.0001 -0.9132 -0.4076
vn -0.0185 -0.9108 -0.4125
vn 0.1775 -0.9790 0.1002
vn -0.0201 -0.9820 0.1880
vn -0.0581 -0.9810 0.1850
vn 0.0115 -0.9981 0.0604
vn 0.0589 -0.9807 0.1863
vn 0.0571 -0.9982 -0.0191
vn -0.0001 -0.9728 -0.2318
vn 0.0480 -0.9739 -0.2217
vn 0.1506 -0.8780 -0.4543
vn -0.0000 -0.9196 -0.3928
vn 0.0594 -0.9406 -0.3344
vn -0.0481 -0.9741 -0.2208
vn -0.0579 -0.9977 0.0338
vn -0.0101 -0.8106 -0.5855
vn 0.4798 -0.6055 -0.6349
vn -0.1613 -0.8742 -0.4581
vn -0.5169 -0.5681 -0.6404
vn 0.0001 0.9598 0.2807
vn -0.7511 0.5671 0.3381
vn -0.7217 0.4383 0.5358
vn -0.7906 0.5874 0.1730
vn -0.0124 0.9993 -0.0351
vn 0.5027 0.8589 0.0975
vn 0.8760 0.3699 0.3095
vn 0.6082 0.5676 0.5549
vn 0.9335 -0.0523 0.3548
vn 0.9719 -0.0347 0.2326
vn 0.8676 -0.4268 0.2553
vn 0.9822 0.0246 0.1860
vn -0.3331 0.8816 0.3344
vn -0.2011 0.9786 -0.0428
vn -0.5940 0.7945 0.1266
vn -0.0875 0.9724 0.2161
vn -0.0018 0.9945 0.1051
vn 0.0008 0.9996 -0.0269
vn 0.2135 0.9738 -0.0776
vn 0.1002 0.9772 0.1871
vn 0.5932 0.7974 0.1109
vn 0.7677 0.6028 0.2174
vn 0.8958 0.4081 0.1763
vn 0.9498 0.2810 0.1379
vn 0.3881 -0.7746 -0.4994
vn 0.1536 -0.8873 -0.4348
vn 0.8038 -0.5659 -0.1831
vn 0.1304 -0.8279 -0.5455
vn -0.0449 -0.8919 -0.4500
vn 0.0002 -0.9167 -0.3996
vn 0.8782 0.4782 0.0086
vn 0.9968 0.0143 0.0784
vn 0.0067 0.9903 -0.1385
vn -0.4739 0.8775 -0.0742
vn -0.5894 0.8021 0.0966
vn -0.9886 0.1166 0.0954
vn -0.9784 0.1085 0.1759
vn -0.9696 0.0037 0.2445
vn -0.8657 0.4442 0.2307
vn -0.9425 -0.0972 0.3197
vn -0.7073 0.0772 0.7027
vn -0.5643 0.3020 0.7683
vn 0.0054 0.4847 0.8747
vn 0.0160 0.3096 0.9507
vn 0.6662 0.1418 0.7322
vn 0.7001 0.1477 0.6986
vn 0.8519 -0.4955 0.1694
vn -0.0009 0.8279 0.5608
vn -0.6495 0.6685 0.3622
vn -0.7619 0.6021 0.2388
vn -0.8559 0.4095 0.3159
vn -0.8972 0.3996 0.1882
vn -0.9499 0.2814 0.1358
vn -0.9980 -0.0410 0.0476
vn -0.3599 -0.7921 -0.4930
vn -0.2984 -0.8651 -0.4032
vn -0.1083 -0.9009 -0.4204
vn -0.1843 -0.8718 -0.4539
vn -0.7948 -0.5789 -0.1823
vn -0.1213 -0.8313 -0.5424
vn 0.1009 -0.9047 -0.4140
vn 0.0460 -0.8921 -0.4494
vn 0.0555 -0.9150 -0.3996
vn 0.0683 -0.9262 -0.3709
vn 0.0530 -0.9439 -0.3259
vn 0.1998 -0.9792 -0.0343
vn -0.7137 0.3285 0.6187
vn 0.2729 -0.2198 0.9366
vn -0.2836 0.0497 0.9576
vn -0.2408 -0.0519 0.9692
vn -0.1688 0.0287 0.9852
vn -0.3696 -0.0414 0.9283
vn 0.1551 0.0367 0.9872
vn 0.2383 -0.0619 0.9692
vn 0.3067 0.0469 0.9507
vn 0.1104 -0.0839 0.9903
vn 0.3106 -0.1384 0.9404
vn 0.4123 -0.0529 0.9095
vn 0.2073 -0.1557 0.9658
vn 0.2437 -0.0516 0.9685
vn -0.3115 -0.1322 0.9410
vn -0.2077 -0.1471 0.9671
vn -0.1130 -0.0841 0.9900
vn -0.2446 -0.0436 0.9686
vn -0.2403 -0.0309 0.9702
vn 0.2193 -0.0078 0.9756
vn 0.2347 -0.0318 0.9715
vn 0.3751 -0.0246 0.9267
vn -0.2446 -0.0347 0.9690
vn -0.2501 -0.0362 0.9676
# 2564 vertex normals

vt 0.7513 0.9942 0.0000
vt 0.9097 0.9932 0.0000
vt 0.7437 0.9917 0.0000
vt 0.9126 0.9965 0.0000
vt 0.9240 0.9923 0.0000
vt 0.9279 0.9959 0.0000
vt 0.9133 0.9972 0.0000
vt 0.9291 0.9970 0.0000
vt 0.9081 0.9850 0.0000
vt 0.9277 0.9969 0.0000
vt 0.8909 0.9869 0.0000
vt 0.8922 0.9882 0.0000
vt 0.9281 0.9973 0.0000
vt 0.8924 0.9883 0.0000
vt 0.8921 0.9881 0.0000
vt 0.9277 0.9968 0.0000
vt 0.8907 0.9868 0.0000
vt 0.9079 0.9849 0.0000
vt 0.9290 0.9969 0.0000
vt 0.9132 0.9970 0.0000
vt 0.9278 0.9958 0.0000
vt 0.9124 0.9963 0.0000
vt 0.9096 0.9931 0.0000
vt 0.7511 0.9940 0.0000
vt 0.7435 0.9916 0.0000
vt 0.9583 0.8797 0.0000
vt 0.9504 0.9655 0.0000
vt 0.9420 0.9652 0.0000
vt 0.9658 0.9097 0.0000
vt 0.9855 0.9199 0.0000
vt 0.9864 0.9207 0.0000
vt 0.9841 0.9185 0.0000
vt 0.9506 0.9325 0.0000
vt 0.9499 0.9311 0.0000
vt 0.9507 0.9326 0.0000
vt 0.9501 0.9315 0.0000
vt 0.9501 0.9314 0.0000
vt 0.9492 0.9296 0.0000
vt 0.9493 0.9298 0.0000
vt 0.9504 0.9322 0.0000
vt 0.9475 0.9262 0.0000
vt 0.9478 0.9266 0.0000
vt 0.9484 0.9278 0.0000
vt 0.9491 0.9293 0.0000
vt 0.9496 0.9305 0.0000
vt 0.9497 0.9307 0.0000
vt 0.9502 0.9318 0.0000
vt 0.9505 0.9323 0.0000
vt 0.9504 0.9321 0.0000
vt 0.9515 0.9344 0.0000
vt 0.9516 0.9344 0.0000
vt 0.9518 0.9349 0.0000
vt 0.9518 0.9350 0.0000
vt 0.9523 0.9360 0.0000
vt 0.9524 0.9363 0.0000
vt 0.9441 0.9958 0.0000
vt 0.9651 0.9877 0.0000
vt 0.9557 0.9941 0.0000
vt 0.9535 0.9895 0.0000
vt 0.9748 0.8941 0.0000
vt 0.9955 0.9957 0.0000
vt 0.9952 0.8942 0.0000
vt 0.9747 0.9957 0.0000
vt 0.9763 0.9879 0.0000
vt 0.9981 0.9756 0.0000
vt 0.9948 0.9878 0.0000
vt 0.9830 0.9796 0.0000
vt 0.9784 0.9804 0.0000
vt 0.9724 0.9892 0.0000
vt 0.9711 0.9957 0.0000
vt 0.9708 0.8941 0.0000
vt 0.9670 0.8941 0.0000
vt 0.9405 0.9984 0.0000
vt 0.9405 0.8942 0.0000
vt 0.9552 0.9958 0.0000
vt 0.9651 0.9882 0.0000
vt 0.9393 0.9933 0.0000
vt 0.9552 0.9941 0.0000
vt 0.9445 0.9807 0.0000
vt 0.9804 0.9422 0.0000
vt 0.9472 0.9051 0.0000
vt 0.9721 0.9434 0.0000
vt 0.9598 0.9220 0.0000
vt 0.9508 0.8941 0.0000
vt 0.9696 0.9235 0.0000
vt 0.9691 0.9178 0.0000
vt 0.9693 0.9181 0.0000
vt 0.9720 0.9263 0.0000
vt 0.9712 0.8873 0.0000
vt 0.9819 0.9160 0.0000
vt 0.9855 0.8960 0.0000
vt 0.9608 0.9130 0.0000
vt 0.9604 0.9124 0.0000
vt 0.9593 0.9111 0.0000
vt 0.9610 0.9132 0.0000
vt 0.9613 0.9135 0.0000
vt 0.9601 0.9113 0.0000
vt 0.9611 0.9125 0.0000
vt 0.9707 0.9248 0.0000
vt 0.9579 0.9558 0.0000
vt 0.9626 0.9505 0.0000
vt 0.9671 0.9553 0.0000
vt 0.9752 0.9728 0.0000
vt 0.9782 0.9508 0.0000
vt 0.9866 0.9482 0.0000
vt 0.9837 0.9728 0.0000
vt 0.9975 0.9370 0.0000
vt 0.9885 0.9604 0.0000
vt 0.9974 0.9364 0.0000
vt 0.9864 0.9473 0.0000
vt 0.9780 0.9496 0.0000
vt 0.9704 0.9233 0.0000
vt 0.9670 0.9553 0.0000
vt 0.9577 0.9558 0.0000
vt 0.9627 0.9504 0.0000
vt 0.9900 0.9296 0.0000
vt 0.9591 0.9950 0.0000
vt 0.9591 0.9296 0.0000
vt 0.9900 0.9949 0.0000
vt 0.9630 0.9155 0.0000
vt 0.9600 0.9120 0.0000
vt 0.9643 0.9171 0.0000
vt 0.9680 0.9216 0.0000
vt 0.9593 0.9174 0.0000
vt 0.9712 0.9175 0.0000
vt 0.9593 0.8873 0.0000
vt 0.9900 0.9950 0.0000
vt 0.9516 0.8317 0.0000
vt 0.9595 0.8566 0.0000
vt 0.9516 0.8566 0.0000
vt 0.9595 0.8317 0.0000
vt 0.9652 0.8067 0.0000
vt 0.9934 0.9150 0.0000
vt 0.9652 0.9150 0.0000
vt 0.9934 0.8067 0.0000
vt 0.9934 0.8838 0.0000
vt 0.9780 0.9944 0.0000
vt 0.9548 0.9801 0.0000
vt 0.9750 0.9963 0.0000
vt 0.9662 0.9782 0.0000
vt 0.9806 0.9885 0.0000
vt 0.9719 0.9758 0.0000
vt 0.9871 0.9764 0.0000
vt 0.9907 0.9887 0.0000
vt 0.9959 0.9662 0.0000
vt 0.9888 0.9489 0.0000
vt 0.9980 0.9476 0.0000
vt 0.9824 0.9465 0.0000
vt 0.9836 0.9493 0.0000
vt 0.9820 0.9466 0.0000
vt 0.9685 0.9436 0.0000
vt 0.9754 0.9498 0.0000
vt 0.9571 0.9412 0.0000
vt 0.9457 0.9447 0.0000
vt 0.9593 0.9557 0.0000
vt 0.9464 0.9631 0.0000
vt 0.9479 0.9054 0.0000
vt 0.9507 0.9317 0.0000
vt 0.9621 0.9230 0.0000
vt 0.7410 0.9772 0.0000
vt 0.9019 0.9633 0.0000
vt 0.7421 0.9636 0.0000
vt 0.9022 0.9848 0.0000
vt 0.7406 0.9883 0.0000
vt 0.9179 0.9885 0.0000
vt 0.7405 0.9882 0.0000
vt 0.7409 0.9771 0.0000
vt 0.7420 0.9635 0.0000
vt 0.9945 0.9957 0.0000
vt 0.9740 0.8941 0.0000
vt 0.9942 0.8942 0.0000
vt 0.9738 0.9957 0.0000
vt 0.9971 0.9745 0.0000
vt 0.9754 0.9869 0.0000
vt 0.9937 0.9867 0.0000
vt 0.9820 0.9786 0.0000
vt 0.9775 0.9795 0.0000
vt 0.9715 0.9883 0.0000
vt 0.9437 0.9798 0.0000
vt 0.9385 0.9924 0.0000
vt 0.9644 0.9874 0.0000
vt 0.9544 0.9932 0.0000
vt 0.9434 0.9950 0.0000
vt 0.9528 0.9893 0.0000
vt 0.9498 0.9308 0.0000
vt 0.9490 0.9293 0.0000
vt 0.9489 0.9290 0.0000
vt 0.9482 0.9275 0.0000
vt 0.9474 0.9259 0.0000
vt 0.9481 0.9273 0.0000
vt 0.9476 0.9263 0.0000
vt 0.9487 0.9285 0.0000
vt 0.9486 0.9284 0.0000
vt 0.9496 0.9304 0.0000
vt 0.9495 0.9302 0.0000
vt 0.9478 0.9268 0.0000
vt 0.9481 0.9272 0.0000
vt 0.9479 0.9269 0.0000
vt 0.9481 0.9274 0.0000
vt 0.9483 0.9277 0.0000
vt 0.9480 0.9271 0.0000
vt 0.9479 0.9268 0.0000
vt 0.9479 0.9270 0.0000
vt 0.9477 0.9265 0.0000
vt 0.9652 0.9137 0.0000
vt 0.9612 0.9209 0.0000
vt 0.9604 0.9201 0.0000
vt 0.9661 0.9175 0.0000
vt 0.9682 0.9093 0.0000
vt 0.9696 0.9091 0.0000
vt 0.9694 0.9233 0.0000
vt 0.9666 0.9199 0.0000
vt 0.9609 0.9130 0.0000
vt 0.9645 0.9174 0.0000
vt 0.9699 0.9239 0.0000
vt 0.9695 0.9234 0.0000
vt 0.9662 0.9194 0.0000
vt 0.9653 0.9183 0.0000
vt 0.9624 0.9148 0.0000
vt 0.9607 0.9128 0.0000
vt 0.9614 0.9137 0.0000
vt 0.9632 0.9158 0.0000
vt 0.9637 0.9164 0.0000
vt 0.9692 0.8317 0.0000
vt 0.9692 0.8566 0.0000
vt 0.9779 0.8317 0.0000
vt 0.9779 0.8566 0.0000
vt 0.9888 0.8566 0.0000
vt 0.9689 0.9176 0.0000
vt 0.9691 0.9179 0.0000
vt 0.9719 0.9262 0.0000
vt 0.9891 0.8963 0.0000
vt 0.9666 0.9065 0.0000
vt 0.9672 0.9072 0.0000
vt 0.9894 0.8967 0.0000
vt 0.9639 0.9063 0.0000
vt 0.9562 0.9387 0.0000
vt 0.9656 0.9323 0.0000
vt 0.9516 0.9234 0.0000
vt 0.9446 0.9337 0.0000
vt 0.9542 0.9797 0.0000
vt 0.9773 0.9939 0.0000
vt 0.9744 0.9959 0.0000
vt 0.9654 0.9777 0.0000
vt 0.9458 0.9627 0.0000
vt 0.9584 0.9551 0.0000
vt 0.9451 0.9443 0.0000
vt 0.9676 0.9430 0.0000
vt 0.9564 0.9407 0.0000
vt 0.9746 0.9493 0.0000
vt 0.9809 0.9460 0.0000
vt 0.9813 0.9458 0.0000
vt 0.9824 0.9485 0.0000
vt 0.9967 0.9468 0.0000
vt 0.9875 0.9481 0.0000
vt 0.9944 0.9652 0.0000
vt 0.9859 0.9757 0.0000
vt 0.9896 0.9881 0.0000
vt 0.9797 0.9880 0.0000
vt 0.9710 0.9752 0.0000
vt 0.9454 0.9340 0.0000
vt 0.9440 0.9310 0.0000
vt 0.9443 0.9316 0.0000
vt 0.9453 0.9337 0.0000
vt 0.9691 0.9093 0.0000
vt 0.9674 0.9074 0.0000
vt 0.9877 0.8829 0.0000
vt 0.9751 0.9201 0.0000
vt 0.9738 0.9164 0.0000
vt 0.9725 0.8854 0.0000
vt 0.9809 0.9176 0.0000
vt 0.9723 0.9176 0.0000
vt 0.9723 0.8871 0.0000
vt 0.9809 0.8871 0.0000
vt 0.9899 0.8873 0.0000
vt 0.9899 0.9197 0.0000
vt 0.9698 0.9101 0.0000
vt 0.9448 0.9326 0.0000
vt 0.9450 0.9331 0.0000
vt 0.9465 0.9364 0.0000
vt 0.9432 0.9292 0.0000
vt 0.9437 0.9304 0.0000
vt 0.9734 0.9391 0.0000
vt 0.9724 0.9381 0.0000
vt 0.9727 0.9384 0.0000
vt 0.9734 0.9392 0.0000
vt 0.9718 0.9374 0.0000
vt 0.9729 0.9387 0.0000
vt 0.9717 0.9372 0.0000
vt 0.9740 0.9399 0.0000
vt 0.9772 0.9437 0.0000
vt 0.9777 0.9443 0.0000
vt 0.9771 0.9436 0.0000
vt 0.9771 0.9435 0.0000
vt 0.9753 0.9441 0.0000
vt 0.9737 0.9424 0.0000
vt 0.9737 0.9423 0.0000
vt 0.9752 0.9440 0.0000
vt 0.9783 0.9475 0.0000
vt 0.9781 0.9472 0.0000
vt 0.9866 0.9509 0.0000
vt 0.9835 0.9473 0.0000
vt 0.9835 0.9474 0.0000
vt 0.9743 0.9430 0.0000
vt 0.9768 0.9458 0.0000
vt 0.9745 0.9432 0.0000
vt 0.9722 0.9405 0.0000
vt 0.9723 0.9407 0.0000
vt 0.9798 0.9408 0.0000
vt 0.9776 0.9385 0.0000
vt 0.9745 0.9352 0.0000
vt 0.9785 0.9394 0.0000
vt 0.9750 0.9357 0.0000
vt 0.9777 0.9386 0.0000
vt 0.9775 0.9384 0.0000
vt 0.9795 0.9404 0.0000
vt 0.9810 0.9421 0.0000
vt 0.9816 0.9427 0.0000
vt 0.9588 0.9888 0.0000
vt 0.9530 0.9889 0.0000
vt 0.9503 0.9671 0.0000
vt 0.9598 0.9674 0.0000
vt 0.9556 0.9480 0.0000
vt 0.9602 0.9483 0.0000
vt 0.9796 0.9669 0.0000
vt 0.9795 0.9386 0.0000
vt 0.9943 0.9638 0.0000
vt 0.9896 0.9401 0.0000
vt 0.9966 0.9644 0.0000
vt 0.9904 0.9919 0.0000
vt 0.9799 0.9942 0.0000
vt 0.9728 0.9387 0.0000
vt 0.9725 0.9384 0.0000
vt 0.9735 0.9394 0.0000
vt 0.9736 0.9395 0.0000
vt 0.9772 0.9438 0.0000
vt 0.9731 0.9389 0.0000
vt 0.9778 0.9446 0.0000
vt 0.9773 0.9440 0.0000
vt 0.9741 0.9401 0.0000
vt 0.9718 0.9375 0.0000
vt 0.9719 0.9377 0.0000
vt 0.9730 0.9415 0.0000
vt 0.9731 0.9416 0.0000
vt 0.9746 0.9433 0.0000
vt 0.9776 0.9467 0.0000
vt 0.9773 0.9464 0.0000
vt 0.9828 0.9466 0.0000
vt 0.9828 0.9465 0.0000
vt 0.9859 0.9500 0.0000
vt 0.9745 0.9433 0.0000
vt 0.9774 0.9464 0.0000
vt 0.9736 0.9422 0.0000
vt 0.9761 0.9450 0.0000
vt 0.9738 0.9424 0.0000
vt 0.9715 0.9397 0.0000
vt 0.9716 0.9399 0.0000
vt 0.9812 0.9448 0.0000
vt 0.9693 0.9957 0.0000
vt 0.9504 0.9891 0.0000
vt 0.9495 0.9720 0.0000
vt 0.9720 0.9638 0.0000
vt 0.9618 0.9495 0.0000
vt 0.9843 0.9396 0.0000
vt 0.9857 0.9654 0.0000
vt 0.9960 0.9435 0.0000
vt 0.9960 0.9613 0.0000
vt 0.9933 0.9802 0.0000
vt 0.9598 0.9879 0.0000
vt 0.9526 0.9901 0.0000
vt 0.9496 0.9687 0.0000
vt 0.9609 0.9685 0.0000
vt 0.9603 0.9499 0.0000
vt 0.9663 0.9493 0.0000
vt 0.9835 0.9648 0.0000
vt 0.9846 0.9375 0.0000
vt 0.9923 0.9663 0.0000
vt 0.9956 0.9431 0.0000
vt 0.9957 0.9663 0.0000
vt 0.9901 0.9859 0.0000
vt 0.9770 0.9925 0.0000
vt 0.9667 0.9856 0.0000
vt 0.9603 0.9883 0.0000
vt 0.9520 0.9701 0.0000
vt 0.9623 0.9685 0.0000
vt 0.9619 0.9431 0.0000
vt 0.9698 0.9435 0.0000
vt 0.9828 0.9640 0.0000
vt 0.9857 0.9362 0.0000
vt 0.9932 0.9632 0.0000
vt 0.9939 0.9387 0.0000
vt 0.9965 0.9612 0.0000
vt 0.9921 0.9886 0.0000
vt 0.9834 0.9921 0.0000
vt 0.9752 0.9380 0.0000
vt 0.9759 0.9387 0.0000
vt 0.9789 0.9422 0.0000
vt 0.9786 0.9418 0.0000
vt 0.9802 0.9436 0.0000
vt 0.9795 0.9428 0.0000
vt 0.9773 0.9403 0.0000
vt 0.9791 0.9423 0.0000
vt 0.9764 0.9393 0.0000
vt 0.9781 0.9412 0.0000
vt 0.9755 0.9384 0.0000
vt 0.9736 0.9362 0.0000
vt 0.9740 0.9366 0.0000
vt 0.9662 0.9728 0.0000
vt 0.9562 0.9728 0.0000
vt 0.9765 0.8309 0.0000
vt 0.9864 0.9189 0.0000
vt 0.9767 0.9189 0.0000
vt 0.9686 0.8309 0.0000
vt 0.9688 0.9189 0.0000
vt 0.9862 0.8309 0.0000
vt 0.9929 0.8309 0.0000
vt 0.9931 0.9189 0.0000
vt 0.9614 0.9211 0.0000
vt 0.9654 0.9139 0.0000
vt 0.9606 0.9203 0.0000
vt 0.9664 0.9178 0.0000
vt 0.9684 0.9096 0.0000
vt 0.9698 0.9094 0.0000
vt 0.9667 0.9201 0.0000
vt 0.9646 0.9175 0.0000
vt 0.9701 0.9241 0.0000
vt 0.9697 0.9236 0.0000
vt 0.9663 0.9196 0.0000
vt 0.9654 0.9185 0.0000
vt 0.9625 0.9149 0.0000
vt 0.9615 0.9138 0.0000
vt 0.9737 0.9343 0.0000
vt 0.9768 0.9376 0.0000
vt 0.9791 0.9400 0.0000
vt 0.9807 0.9418 0.0000
vt 0.9802 0.9412 0.0000
vt 0.9769 0.9377 0.0000
vt 0.9786 0.9395 0.0000
vt 0.9766 0.9375 0.0000
vt 0.9741 0.9348 0.0000
vt 0.9505 0.9296 0.0000
vt 0.9505 0.9950 0.0000
vt 0.9652 0.8065 0.0000
vt 0.9934 0.8062 0.0000
vt 0.9667 0.9066 0.0000
vt 0.9691 0.9094 0.0000
vt 0.9673 0.9073 0.0000
vt 0.9695 0.9098 0.0000
vt 0.9440 0.9552 0.0000
vt 0.9454 0.9608 0.0000
vt 0.9429 0.9726 0.0000
vt 0.9439 0.9552 0.0000
vt 0.9452 0.9607 0.0000
vt 0.9503 0.9320 0.0000
vt 0.9494 0.9300 0.0000
vt 0.9495 0.9303 0.0000
vt 0.9491 0.9294 0.0000
vt 0.9490 0.9291 0.0000
vt 0.9504 0.9296 0.0000
vt 0.9504 0.9950 0.0000
vt 0.9487 0.9286 0.0000
vt 0.9488 0.9288 0.0000
vt 0.9483 0.9276 0.0000
vt 0.9480 0.9270 0.0000
vt 0.9480 0.9272 0.0000
vt 0.9484 0.9280 0.0000
vt 0.9478 0.9267 0.0000
vt 0.9505 0.9324 0.0000
vt 0.9498 0.8565 0.0000
vt 0.9614 0.9150 0.0000
vt 0.9404 0.9150 0.0000
vt 0.9614 0.8064 0.0000
vt 0.9403 0.9150 0.0000
vt 0.9934 0.8065 0.0000
vt 0.9721 0.9606 0.0000
vt 0.9921 0.9571 0.0000
vt 0.9915 0.9564 0.0000
vt 0.9924 0.9573 0.0000
vt 0.9930 0.9580 0.0000
vt 0.9952 0.9606 0.0000
vt 0.9969 0.9625 0.0000
vt 0.9953 0.9607 0.0000
vt 0.9967 0.9623 0.0000
vt 0.9991 0.9650 0.0000
vt 0.9949 0.9602 0.0000
vt 0.9964 0.9619 0.0000
vt 0.9987 0.9645 0.0000
vt 0.9991 0.9649 0.0000
vt 0.9517 0.9348 0.0000
vt 0.9522 0.9359 0.0000
vt 0.9523 0.9361 0.0000
vt 0.9517 0.9347 0.0000
vt 0.9514 0.9342 0.0000
vt 0.9503 0.9319 0.0000
vt 0.9501 0.9316 0.0000
vt 0.9527 0.9710 0.0000
vt 0.9610 0.9892 0.0000
vt 0.9674 0.9865 0.0000
vt 0.9631 0.9695 0.0000
vt 0.9841 0.9930 0.0000
vt 0.9836 0.9649 0.0000
vt 0.9929 0.9895 0.0000
vt 0.9940 0.9640 0.0000
vt 0.9973 0.9620 0.0000
vt 0.9946 0.9394 0.0000
vt 0.9865 0.9370 0.0000
vt 0.9705 0.9444 0.0000
vt 0.9626 0.9439 0.0000
vt 0.9503 0.9729 0.0000
vt 0.9512 0.9901 0.0000
vt 0.9702 0.9967 0.0000
vt 0.9729 0.9648 0.0000
vt 0.9942 0.9812 0.0000
vt 0.9866 0.9663 0.0000
vt 0.9968 0.9622 0.0000
vt 0.9968 0.9444 0.0000
vt 0.9851 0.9405 0.0000
vt 0.9796 0.9430 0.0000
vt 0.9766 0.9395 0.0000
vt 0.9793 0.9426 0.0000
vt 0.9809 0.9444 0.0000
vt 0.9803 0.9437 0.0000
vt 0.9780 0.9411 0.0000
vt 0.9798 0.9432 0.0000
vt 0.9771 0.9400 0.0000
vt 0.9788 0.9421 0.0000
vt 0.9763 0.9391 0.0000
vt 0.9744 0.9370 0.0000
vt 0.9747 0.9374 0.0000
vt 0.9652 0.8064 0.0000
vt 0.9934 0.8063 0.0000
vt 0.9745 0.9294 0.0000
vt 0.9741 0.9289 0.0000
vt 0.9700 0.9239 0.0000
vt 0.9750 0.9299 0.0000
vt 0.9702 0.9242 0.0000
vt 0.9669 0.9202 0.0000
vt 0.9638 0.9165 0.0000
vt 0.9662 0.9195 0.0000
vt 0.9567 0.9392 0.0000
vt 0.9641 0.9065 0.0000
vt 0.9660 0.9325 0.0000
vt 0.9521 0.9239 0.0000
vt 0.9452 0.9343 0.0000
vt 0.9666 0.9200 0.0000
vt 0.9668 0.9201 0.0000
vt 0.9699 0.9238 0.0000
vt 0.9744 0.9293 0.0000
vt 0.9740 0.9287 0.0000
vt 0.9749 0.9299 0.0000
vt 0.9424 0.9275 0.0000
vt 0.9428 0.9283 0.0000
vt 0.9418 0.9263 0.0000
vt 0.9431 0.9291 0.0000
vt 1.0002 0.8700 0.0000
vt 0.9904 0.9165 0.0000
vt 1.0002 0.9165 0.0000
vt 0.9904 0.8700 0.0000
vt 0.9804 0.8700 0.0000
vt 0.9804 0.9165 0.0000
vt 0.9704 0.8700 0.0000
vt 0.9704 0.9165 0.0000
vt 0.9597 0.8700 0.0000
vt 0.9597 0.9165 0.0000
vt 0.9462 0.9047 0.0000
vt 0.9792 0.9417 0.0000
vt 0.9616 0.9429 0.0000
vt 0.9587 0.9215 0.0000
vt 0.9398 0.8942 0.0000
vt 0.9545 0.9958 0.0000
vt 0.9502 0.8941 0.0000
vt 0.9397 0.9984 0.0000
vt 0.9662 0.8941 0.0000
vt 0.9703 0.9957 0.0000
vt 0.9700 0.8941 0.0000
vt 0.9440 0.9311 0.0000
vt 0.9453 0.9338 0.0000
vt 0.9438 0.9305 0.0000
vt 0.9451 0.9333 0.0000
vt 0.9432 0.9294 0.0000
vt 0.9448 0.9327 0.0000
vt 0.9466 0.9366 0.0000
vt 0.9699 0.9103 0.0000
vt 0.9892 0.8829 0.0000
vt 0.9753 0.9201 0.0000
vt 0.9759 0.8854 0.0000
vt 0.9894 0.9151 0.0000
vt 0.9675 0.9075 0.0000
vt 0.9599 0.9119 0.0000
vt 0.9628 0.9153 0.0000
vt 0.9611 0.9134 0.0000
vt 0.9609 0.9131 0.0000
vt 0.9642 0.9170 0.0000
vt 0.9679 0.9214 0.0000
vt 0.9711 0.9600 0.0000
vt 0.9502 0.9672 0.0000
vt 0.9529 0.9891 0.0000
vt 0.9587 0.9890 0.0000
vt 0.9594 0.9670 0.0000
vt 0.9798 0.9944 0.0000
vt 0.9793 0.9667 0.0000
vt 0.9903 0.9921 0.0000
vt 0.9942 0.9639 0.0000
vt 0.9966 0.9643 0.0000
vt 0.9896 0.9398 0.0000
vt 0.9794 0.9383 0.0000
vt 0.9601 0.9481 0.0000
vt 0.9555 0.9478 0.0000
vt 0.9503 0.9696 0.0000
vt 0.9533 0.9910 0.0000
vt 0.9604 0.9887 0.0000
vt 0.9614 0.9691 0.0000
vt 0.9777 0.9933 0.0000
vt 0.9841 0.9655 0.0000
vt 0.9908 0.9868 0.0000
vt 0.9931 0.9672 0.0000
vt 0.9964 0.9672 0.0000
vt 0.9963 0.9439 0.0000
vt 0.9853 0.9383 0.0000
vt 0.9670 0.9501 0.0000
vt 0.9609 0.9507 0.0000
vt 0.9428 0.9284 0.0000
vt 0.9424 0.9276 0.0000
vt 0.9503 0.9318 0.0000
vt 0.9602 0.9123 0.0000
vt 0.9592 0.9110 0.0000
vt 0.9599 0.9111 0.0000
vt 0.9918 0.9567 0.0000
vt 0.9909 0.9557 0.0000
vt 0.9916 0.9565 0.0000
vt 0.9925 0.9574 0.0000
vt 0.9947 0.9599 0.0000
vt 0.9963 0.9618 0.0000
vt 0.9947 0.9600 0.0000
vt 0.9961 0.9616 0.0000
vt 0.9985 0.9643 0.0000
vt 0.9943 0.9595 0.0000
vt 0.9959 0.9613 0.0000
vt 0.9982 0.9638 0.0000
vt 0.9692 0.8990 0.0000
vt 0.9727 0.8843 0.0000
vt 0.9835 0.8851 0.0000
vt 0.9670 0.8842 0.0000
vt 0.9630 0.8993 0.0000
vt 0.9582 0.8848 0.0000
vt 0.9541 0.9004 0.0000
vt 0.9613 0.9855 0.0000
vt 0.9598 0.9957 0.0000
vt 0.9526 0.9865 0.0000
vt 0.9594 0.9966 0.0000
vt 0.9622 0.9959 0.0000
vt 0.9670 0.9961 0.0000
vt 0.9674 0.9851 0.0000
vt 0.9790 0.9856 0.0000
vt 0.9778 0.9966 0.0000
vt 0.9933 0.9945 0.0000
vt 0.9936 0.9847 0.0000
vt 0.9811 0.8995 0.0000
vt 0.9964 0.8853 0.0000
vt 0.9960 0.8986 0.0000
vt 0.7376 0.9031 0.0000
vt 0.7369 0.9026 0.0000
vt 0.7337 0.9002 0.0000
vt 0.7385 0.9038 0.0000
vt 0.7390 0.9042 0.0000
vt 0.7374 0.9030 0.0000
vt 0.7367 0.9025 0.0000
vt 0.7334 0.9000 0.0000
vt 0.7339 0.9004 0.0000
vt 0.7263 0.8947 0.0000
vt 0.7193 0.8894 0.0000
vt 0.9282 0.9962 0.0000
vt 0.9293 0.9972 0.0000
vt 0.9912 0.8853 0.0000
vt 0.9757 0.9057 0.0000
vt 0.9923 0.8991 0.0000
vt 0.9958 0.8878 0.0000
vt 0.9769 0.8994 0.0000
vt 0.9803 0.9081 0.0000
vt 0.9864 0.8879 0.0000
vt 0.9801 0.8868 0.0000
vt 0.9727 0.8864 0.0000
vt 0.9948 0.9056 0.0000
vt 0.9855 0.8864 0.0000
vt 0.9837 0.9055 0.0000
vt 0.9756 0.9055 0.0000
vt 0.9648 0.8864 0.0000
vt 0.9540 0.9034 0.0000
vt 0.9561 0.8845 0.0000
vt 0.9428 0.9169 0.0000
vt 0.9776 0.9330 0.0000
vt 0.9711 0.9253 0.0000
vt 0.9769 0.9323 0.0000
vt 0.9738 0.9285 0.0000
vt 0.9768 0.9322 0.0000
vt 0.9775 0.9330 0.0000
vt 0.9842 0.9186 0.0000
vt 0.9763 0.9106 0.0000
vt 0.9736 0.9078 0.0000
vt 0.9882 0.9226 0.0000
vt 0.9411 0.8303 0.0000
vt 0.9585 0.8496 0.0000
vt 0.9411 0.8496 0.0000
vt 0.9585 0.8303 0.0000
vt 0.9770 0.9636 0.0000
vt 0.9952 0.9850 0.0000
vt 0.9802 0.9954 0.0000
vt 0.9971 0.9627 0.0000
vt 0.9961 0.9637 0.0000
vt 0.9894 0.9821 0.0000
vt 0.7464 0.9780 0.0000
vt 0.7557 0.9783 0.0000
vt 0.7436 0.9786 0.0000
vt 0.7819 0.9780 0.0000
vt 0.7661 0.9779 0.0000
vt 0.7879 0.9779 0.0000
vt 0.8070 0.9779 0.0000
vt 0.8093 0.9775 0.0000
vt 0.8358 0.9775 0.0000
vt 0.8306 0.9774 0.0000
vt 0.8562 0.9774 0.0000
vt 0.8703 0.9773 0.0000
vt 0.8963 0.9770 0.0000
vt 0.9290 0.9764 0.0000
vt 0.9211 0.9764 0.0000
vt 0.7538 0.9911 0.0000
vt 0.9105 0.9931 0.0000
vt 0.8399 0.9963 0.0000
vt 0.7547 0.9893 0.0000
vt 0.8934 0.9915 0.0000
vt 0.7970 0.9901 0.0000
vt 0.8914 0.9915 0.0000
vt 0.8212 0.9925 0.0000
vt 0.8962 0.9940 0.0000
vt 0.7248 0.8935 0.0000
vt 0.7198 0.8898 0.0000
vt 0.7622 0.8886 0.0000
vt 0.7214 0.8910 0.0000
vt 0.7185 0.8887 0.0000
vt 0.7165 0.8874 0.0000
vt 0.7165 0.8873 0.0000
vt 0.7181 0.8886 0.0000
vt 0.7176 0.9072 0.0000
vt 0.7624 0.8879 0.0000
vt 0.7623 0.9072 0.0000
vt 0.7176 0.8879 0.0000
vt 0.7623 0.8879 0.0000
vt 0.7341 0.9006 0.0000
vt 0.7266 0.8949 0.0000
vt 0.7267 0.8949 0.0000
vt 0.7196 0.8897 0.0000
vt 0.7203 0.8902 0.0000
vt 0.7192 0.8894 0.0000
vt 0.7191 0.8893 0.0000
vt 0.7218 0.8913 0.0000
vt 0.7216 0.8912 0.0000
vt 0.7257 0.8942 0.0000
vt 0.7260 0.8945 0.0000
vt 0.7284 0.8962 0.0000
vt 0.7290 0.8967 0.0000
vt 0.7299 0.8973 0.0000
vt 0.7302 0.8976 0.0000
vt 0.7289 0.8966 0.0000
vt 0.7283 0.8961 0.0000
vt 0.7255 0.8941 0.0000
vt 0.7259 0.8943 0.0000
vt 0.7188 0.8891 0.0000
vt 0.7190 0.8891 0.0000
vt 0.7200 0.8900 0.0000
vt 0.8567 0.9774 0.0000
vt 0.8493 0.9735 0.0000
vt 0.8531 0.9755 0.0000
vt 0.8591 0.9786 0.0000
vt 0.8649 0.9816 0.0000
vt 0.8631 0.9807 0.0000
vt 0.8699 0.9842 0.0000
vt 0.8706 0.9846 0.0000
vt 0.8776 0.9882 0.0000
vt 0.8769 0.9878 0.0000
vt 0.8892 0.9942 0.0000
vt 0.8782 0.9885 0.0000
vt 0.8721 0.9853 0.0000
vt 0.8709 0.9847 0.0000
vt 0.8673 0.9829 0.0000
vt 0.8686 0.9835 0.0000
vt 0.8672 0.9828 0.0000
vt 0.8775 0.9881 0.0000
vt 0.8891 0.9942 0.0000
vt 0.8768 0.9878 0.0000
vt 0.7188 0.8890 0.0000
vt 0.7168 0.8876 0.0000
vt 0.7186 0.8888 0.0000
vt 0.7168 0.8875 0.0000
vt 0.7233 0.8924 0.0000
vt 0.7250 0.8936 0.0000
vt 0.7263 0.8946 0.0000
vt 0.7285 0.8963 0.0000
vt 0.7270 0.8952 0.0000
vt 0.7294 0.8969 0.0000
vt 0.7262 0.8946 0.0000
vt 0.7231 0.8923 0.0000
vt 0.7207 0.8904 0.0000
vt 0.7225 0.8917 0.0000
vt 0.7228 0.8920 0.0000
vt 0.7225 0.8918 0.0000
vt 0.7209 0.8906 0.0000
vt 0.7625 0.8888 0.0000
vt 0.7569 0.9783 0.0000
vt 0.7476 0.9780 0.0000
vt 0.7448 0.9785 0.0000
vt 0.7831 0.9780 0.0000
vt 0.7673 0.9779 0.0000
vt 0.7888 0.9778 0.0000
vt 0.8079 0.9778 0.0000
vt 0.8100 0.9775 0.0000
vt 0.8366 0.9775 0.0000
vt 0.8310 0.9774 0.0000
vt 0.8569 0.9774 0.0000
vt 0.8705 0.9773 0.0000
vt 0.8966 0.9770 0.0000
vt 0.9291 0.9764 0.0000
vt 0.7624 0.9072 0.0000
vt 0.9539 0.9344 0.0000
vt 0.9530 0.9325 0.0000
vt 0.9535 0.9336 0.0000
vt 0.9539 0.9343 0.0000
vt 0.9954 0.9852 0.0000
vt 0.9774 0.9639 0.0000
vt 0.9805 0.9958 0.0000
vt 0.9973 0.9629 0.0000
vt 0.9962 0.9638 0.0000
vt 0.9894 0.9822 0.0000
vt 0.9515 0.9302 0.0000
vt 0.9527 0.9325 0.0000
vt 0.9530 0.9332 0.0000
vt 0.9516 0.9304 0.0000
vt 0.9069 0.9920 0.0000
vt 0.7543 0.9910 0.0000
vt 0.7395 0.9899 0.0000
vt 0.8998 0.9931 0.0000
vt 0.7965 0.9917 0.0000
vt 0.7556 0.9897 0.0000
vt 0.8023 0.9940 0.0000
vt 0.9010 0.9935 0.0000
vt 0.8704 0.9844 0.0000
vt 0.8697 0.9841 0.0000
vt 0.8628 0.9806 0.0000
vt 0.8647 0.9815 0.0000
vt 0.8563 0.9772 0.0000
vt 0.8588 0.9785 0.0000
vt 0.8489 0.9734 0.0000
vt 0.8527 0.9753 0.0000
vt 0.9538 0.9348 0.0000
vt 0.9535 0.9342 0.0000
vt 0.9536 0.9344 0.0000
vt 0.9538 0.9350 0.0000
vt 0.9538 0.9349 0.0000
vt 0.9526 0.9325 0.0000
vt 0.9529 0.9330 0.0000
vt 0.9877 0.8873 0.0000
vt 0.9713 0.9255 0.0000
vt 0.9777 0.9332 0.0000
vt 0.9770 0.9324 0.0000
vt 0.9740 0.9081 0.0000
vt 0.9846 0.9190 0.0000
vt 0.9770 0.9113 0.0000
vt 0.9766 0.9108 0.0000
vt 0.9885 0.9229 0.0000
vt 0.9792 0.9277 0.0000
vt 0.9917 0.9268 0.0000
vt 0.9446 0.9286 0.0000
vt 0.9428 0.9651 0.0000
vt 0.9412 0.9971 0.0000
vt 0.9513 0.9152 0.0000
vt 0.9650 0.9280 0.0000
vt 0.8639 0.9811 0.0000
vt 0.8565 0.9773 0.0000
vt 0.8490 0.9734 0.0000
vt 0.8474 0.9726 0.0000
vt 0.9693 0.8990 0.0000
vt 0.9836 0.8852 0.0000
vt 0.9728 0.8844 0.0000
vt 0.9790 0.9857 0.0000
vt 0.9671 0.9961 0.0000
vt 0.9614 0.9855 0.0000
vt 0.9595 0.9967 0.0000
vt 0.9599 0.9957 0.0000
vt 0.9527 0.9866 0.0000
vt 0.9631 0.8994 0.0000
vt 0.9583 0.8849 0.0000
vt 0.9543 0.9004 0.0000
vt 0.9671 0.8842 0.0000
vt 0.9005 1.0000 0.0000
vt 0.8887 0.9939 0.0000
vt 0.9536 0.9345 0.0000
vt 0.9539 0.9350 0.0000
vt 0.9516 0.9305 0.0000
vt 0.9516 0.9303 0.0000
vt 0.9530 0.9331 0.0000
vt 0.8641 0.9812 0.0000
vt 0.8568 0.9774 0.0000
vt 0.8493 0.9736 0.0000
vt 0.8478 0.9728 0.0000
vt 0.9765 0.9108 0.0000
vt 0.7970 0.9903 0.0000
vt 0.7555 0.9899 0.0000
vt 0.7546 0.9896 0.0000
vt 0.8212 0.9927 0.0000
vt 0.9827 0.8876 0.0000
vt 0.9872 0.8440 0.0000
vt 0.9887 0.8899 0.0000
vt 0.9821 0.8023 0.0000
vt 0.9873 0.8081 0.0000
vt 0.9872 0.8442 0.0000
vt 0.9827 0.8879 0.0000
vt 0.9886 0.8902 0.0000
vt 0.9105 0.9934 0.0000
vt 0.7537 0.9914 0.0000
vt 0.8399 0.9966 0.0000
vt 0.8933 0.9918 0.0000
vt 0.8914 0.9918 0.0000
vt 0.8962 0.9942 0.0000
vt 0.9576 0.9808 0.0000
vt 0.9619 0.9821 0.0000
vt 0.9599 0.9816 0.0000
vt 0.9680 0.9841 0.0000
vt 0.9681 0.9841 0.0000
vt 0.9814 0.9883 0.0000
vt 0.9812 0.9883 0.0000
vt 0.9925 0.9919 0.0000
vt 0.9678 0.9840 0.0000
vt 0.9617 0.9821 0.0000
vt 0.9598 0.9815 0.0000
vt 0.9789 0.9274 0.0000
vt 0.9915 0.9266 0.0000
vt 0.9442 0.9282 0.0000
vt 0.9425 0.9648 0.0000
vt 0.9408 0.9967 0.0000
vt 0.9868 0.9212 0.0000
vt 0.9859 0.9203 0.0000
vt 0.9846 0.9191 0.0000
vt 0.7542 0.9913 0.0000
vt 0.9069 0.9922 0.0000
vt 0.7394 0.9901 0.0000
vt 0.8998 0.9932 0.0000
vt 0.7965 0.9919 0.0000
vt 0.9009 0.9936 0.0000
vt 0.8022 0.9942 0.0000
vt 0.9250 0.1616 0.0000
vt 0.9210 0.2335 0.0000
vt 0.9438 0.2273 0.0000
vt 0.9060 0.1818 0.0000
vt 0.8628 0.1589 0.0000
vt 0.8683 0.1415 0.0000
vt 0.8179 0.1602 0.0000
vt 0.8164 0.1492 0.0000
vt 0.7640 0.1583 0.0000
vt 0.7748 0.1729 0.0000
vt 0.7280 0.2040 0.0000
vt 0.7467 0.2117 0.0000
vt 0.7345 0.2639 0.0000
vt 0.7502 0.2611 0.0000
vt 0.7646 0.3120 0.0000
vt 0.7754 0.3013 0.0000
vt 0.8431 0.3145 0.0000
vt 0.8449 0.3251 0.0000
vt 0.9145 0.3016 0.0000
vt 0.9008 0.2889 0.0000
vt 0.8962 0.2389 0.0000
vt 0.8861 0.2761 0.0000
vt 0.8853 0.2019 0.0000
vt 0.8566 0.1766 0.0000
vt 0.8195 0.1713 0.0000
vt 0.7856 0.1871 0.0000
vt 0.7656 0.2198 0.0000
vt 0.7656 0.2584 0.0000
vt 0.7864 0.2909 0.0000
vt 0.8418 0.3039 0.0000
vt 0.1913 0.0681 0.0000
vt 0.1918 0.0684 0.0000
vt 0.1897 0.0675 0.0000
vt 0.1921 0.0685 0.0000
vt 0.1926 0.0687 0.0000
vt 0.1925 0.0686 0.0000
vt 0.1916 0.0683 0.0000
vt 0.1930 0.0688 0.0000
vt 0.1907 0.0679 0.0000
vt 0.1927 0.0687 0.0000
vt 0.1933 0.0690 0.0000
vt 0.1937 0.0691 0.0000
vt 0.1928 0.0688 0.0000
vt 0.1935 0.0691 0.0000
vt 0.1924 0.0686 0.0000
vt 0.7332 0.1589 0.0000
vt 0.7408 0.1759 0.0000
vt 0.7785 0.1706 0.0000
vt 0.6872 0.1811 0.0000
vt 0.7117 0.2005 0.0000
vt 0.6719 0.2315 0.0000
vt 0.7007 0.2368 0.0000
vt 0.6928 0.2856 0.0000
vt 0.7111 0.2731 0.0000
vt 0.7563 0.3002 0.0000
vt 0.7528 0.3104 0.0000
vt 0.8225 0.2976 0.0000
vt 0.1929 0.0688 0.0000
vt 0.1932 0.0689 0.0000
vt 0.1936 0.0691 0.0000
vt 0.1935 0.0690 0.0000
vt 0.2663 0.0734 0.0000
vt 0.2669 0.0735 0.0000
vt 0.2672 0.0736 0.0000
vt 0.2668 0.0735 0.0000
vt 0.2656 0.0732 0.0000
vt 0.2665 0.0734 0.0000
vt 0.1955 0.0729 0.0000
vt 0.1929 0.0719 0.0000
vt 0.1928 0.0718 0.0000
vt 0.1946 0.0726 0.0000
vt 0.1957 0.0730 0.0000
vt 0.1927 0.0718 0.0000
vt 0.1953 0.0728 0.0000
vt 0.1977 0.0738 0.0000
vt 0.1976 0.0738 0.0000
vt 0.1958 0.0730 0.0000
vt 0.1573 0.4176 0.0000
vt 0.2660 0.0735 0.0000
vt 0.2652 0.0733 0.0000
vt 0.2649 0.0734 0.0000
vt 0.2667 0.0735 0.0000
vt 0.2662 0.0736 0.0000
vt 0.2673 0.0737 0.0000
vt 0.2655 0.0733 0.0000
vt 0.2631 0.0726 0.0000
vt 0.0058 0.4909 0.0000
vt 0.1573 0.4909 0.0000
vt 0.0059 0.4176 0.0000
vt 0.1498 0.4526 0.0000
vt 0.1484 0.4486 0.0000
vt 0.1488 0.4497 0.0000
vt 0.1493 0.4510 0.0000
vt 0.1471 0.4451 0.0000
vt 0.1475 0.4462 0.0000
vt 0.1498 0.4525 0.0000
vt 0.1484 0.4485 0.0000
vt 0.1492 0.4510 0.0000
vt 0.1487 0.4496 0.0000
vt 0.0058 0.4176 0.0000
vt 0.1818 0.4909 0.0000
vt 0.0464 0.4176 0.0000
vt 0.1818 0.4176 0.0000
vt 0.0464 0.4909 0.0000
vt 0.0059 0.4909 0.0000
vt 0.2644 0.0732 0.0000
vt 0.2656 0.0734 0.0000
vt 0.2626 0.0729 0.0000
vt 0.2630 0.0730 0.0000
vt 0.2606 0.0723 0.0000
vt 0.2631 0.0731 0.0000
vt 0.2608 0.0723 0.0000
vt 0.2627 0.0729 0.0000
vt 0.2650 0.0734 0.0000
vt 0.2645 0.0732 0.0000
vt 0.6622 0.1613 0.0000
vt 0.7257 0.1415 0.0000
vt 0.6423 0.2254 0.0000
vt 0.6739 0.2979 0.0000
vt 0.7493 0.3210 0.0000
vt 0.8325 0.3079 0.0000
vt 0.8488 0.2583 0.0000
vt 0.8638 0.2611 0.0000
vt 0.8522 0.2104 0.0000
vt 0.8704 0.2026 0.0000
vt 0.8236 0.1722 0.0000
vt 0.8339 0.1580 0.0000
vt 0.7796 0.1599 0.0000
vt 0.7808 0.1492 0.0000
vt 0.8132 0.1864 0.0000
vt 0.8336 0.2181 0.0000
vt 0.8333 0.2557 0.0000
vt 0.8127 0.2875 0.0000
vt 0.1925 0.0687 0.0000
vt 0.1922 0.0685 0.0000
vt 0.1919 0.0684 0.0000
vt 0.1914 0.0682 0.0000
vt 0.1899 0.0676 0.0000
vt 0.1917 0.0683 0.0000
vt 0.1931 0.0689 0.0000
vt 0.1506 0.4547 0.0000
vt 0.1501 0.4532 0.0000
vt 0.1508 0.4554 0.0000
vt 0.1503 0.4538 0.0000
vt 0.1500 0.4532 0.0000
vt 0.1506 0.4546 0.0000
vt 0.1471 0.4449 0.0000
vt 0.1475 0.4461 0.0000
vt 0.2671 0.0736 0.0000
vt 0.2664 0.0734 0.0000
vt 0.2657 0.0734 0.0000
vt 0.2653 0.0733 0.0000
vt 0.2661 0.0735 0.0000
vt 0.2663 0.0736 0.0000
vt 0.2674 0.0737 0.0000
vt 0.2666 0.0735 0.0000
vt 0.2633 0.0727 0.0000
vt 0.1906 0.0679 0.0000
vt 0.7059 0.8636 0.0000
vt 0.7051 0.8554 0.0000
vt 0.6971 0.8645 0.0000
vt 0.7142 0.8550 0.0000
vt 0.7117 0.8634 0.0000
vt 0.7197 0.8563 0.0000
vt 0.7248 0.8664 0.0000
vt 0.8276 0.8494 0.0000
vt 0.8226 0.8476 0.0000
vt 0.8238 0.8480 0.0000
vt 0.8216 0.8339 0.0000
vt 0.8247 0.8321 0.0000
vt 0.8195 0.8351 0.0000
vt 0.8329 0.8272 0.0000
vt 0.8290 0.8296 0.0000
vt 0.8448 0.8203 0.0000
vt 0.8250 0.8319 0.0000
vt 0.8347 0.8262 0.0000
vt 0.8286 0.8298 0.0000
vt 0.7489 0.8577 0.0000
vt 0.7346 0.8660 0.0000
vt 0.8300 0.8502 0.0000
vt 0.8333 0.8514 0.0000
vt 0.8372 0.8528 0.0000
vt 0.8295 0.8500 0.0000
vt 0.8277 0.8494 0.0000
vt 0.8240 0.8481 0.0000
vt 0.8279 0.8495 0.0000
vt 0.8222 0.8475 0.0000
vt 0.8267 0.8491 0.0000
vt 0.8219 0.8474 0.0000
vt 0.8183 0.8461 0.0000
vt 0.8182 0.8461 0.0000
vt 0.8181 0.8460 0.0000
vt 0.8211 0.8471 0.0000
vt 0.8210 0.8471 0.0000
vt 0.8223 0.8475 0.0000
vt 0.8179 0.8460 0.0000
vt 0.8142 0.8447 0.0000
vt 0.8107 0.8434 0.0000
vt 0.8060 0.8418 0.0000
vt 0.8071 0.8422 0.0000
vt 0.8064 0.8419 0.0000
vt 0.8048 0.8413 0.0000
vt 0.8061 0.8418 0.0000
vt 0.8066 0.8420 0.0000
vt 0.8105 0.8434 0.0000
vt 0.7663 0.8570 0.0000
vt 0.7571 0.8626 0.0000
vt 0.7760 0.8624 0.0000
vt 0.7759 0.8571 0.0000
vt 0.7730 0.8709 0.0000
vt 0.7794 0.8712 0.0000
vt 0.7732 0.8709 0.0000
vt 0.7755 0.8711 0.0000
vt 0.7685 0.8707 0.0000
vt 0.7683 0.8707 0.0000
vt 0.7737 0.8371 0.0000
vt 0.7859 0.8372 0.0000
vt 0.7704 0.8371 0.0000
vt 0.7842 0.8372 0.0000
vt 0.7713 0.8371 0.0000
vt 0.7691 0.8370 0.0000
vt 0.7657 0.8370 0.0000
vt 0.7586 0.8370 0.0000
vt 0.7604 0.8370 0.0000
vt 0.7553 0.8369 0.0000
vt 0.7671 0.8370 0.0000
vt 0.7777 0.8371 0.0000
vt 0.7687 0.8370 0.0000
vt 0.7752 0.8371 0.0000
vt 0.7785 0.8371 0.0000
vt 0.7813 0.8371 0.0000
vt 0.7879 0.8372 0.0000
vt 0.7815 0.8371 0.0000
vt 0.7858 0.8372 0.0000
vt 0.7956 0.8373 0.0000
vt 0.7945 0.8373 0.0000
vt 0.7714 0.8709 0.0000
vt 0.7760 0.8711 0.0000
vt 0.7504 0.9363 0.0000
vt 0.7342 0.9250 0.0000
vt 0.7452 0.9231 0.0000
vt 0.7348 0.9360 0.0000
vt 0.8019 0.8373 0.0000
vt 0.7972 0.8373 0.0000
vt 0.8134 0.8374 0.0000
vt 0.8052 0.8373 0.0000
vt 0.8017 0.8373 0.0000
vt 0.8169 0.8374 0.0000
vt 0.8040 0.8373 0.0000
vt 0.7929 0.8372 0.0000
vt 0.7837 0.8372 0.0000
vt 0.7644 0.8370 0.0000
vt 0.8116 0.8374 0.0000
vt 0.8003 0.8373 0.0000
vt 0.8107 0.8374 0.0000
vt 0.8010 0.8373 0.0000
vt 0.7996 0.8373 0.0000
vt 0.7950 0.8373 0.0000
vt 0.7970 0.8373 0.0000
vt 0.8109 0.8763 0.0000
vt 0.6995 0.8574 0.0000
vt 0.6996 0.8767 0.0000
vt 0.8109 0.8575 0.0000
vt 0.6995 0.8364 0.0000
vt 0.8109 0.8368 0.0000
vt 0.8109 0.8670 0.0000
vt 0.7116 0.8503 0.0000
vt 0.7116 0.8660 0.0000
vt 0.8109 0.8513 0.0000
vt 0.8109 0.8351 0.0000
vt 0.7116 0.8337 0.0000
vt 0.7496 0.8698 0.0000
vt 0.7497 0.8698 0.0000
vt 0.7472 0.8697 0.0000
vt 0.7479 0.8697 0.0000
vt 0.7501 0.8698 0.0000
vt 0.7498 0.8698 0.0000
vt 0.7425 0.8694 0.0000
vt 0.7384 0.8692 0.0000
vt 0.7159 0.8742 0.0000
vt 0.8476 0.8543 0.0000
vt 0.8390 0.8743 0.0000
vt 0.7177 0.8541 0.0000
vt 0.7167 0.8728 0.0000
vt 0.8390 0.8728 0.0000
vt 0.7789 0.8371 0.0000
vt 0.7743 0.8371 0.0000
vt 0.7736 0.8371 0.0000
vt 0.7774 0.8371 0.0000
vt 0.8448 0.8527 0.0000
vt 0.7185 0.8723 0.0000
vt 0.8412 0.8726 0.0000
vt 0.7175 0.8524 0.0000
vt 0.8390 0.8713 0.0000
vt 0.7172 0.8712 0.0000
vt 0.7780 0.8712 0.0000
vt 0.7717 0.8709 0.0000
vt 0.7719 0.8709 0.0000
vt 0.7741 0.8710 0.0000
vt 0.7671 0.8706 0.0000
vt 0.7669 0.8706 0.0000
vt 0.7724 0.8709 0.0000
vt 0.7616 0.8704 0.0000
vt 0.7645 0.8705 0.0000
vt 0.7607 0.8703 0.0000
vt 0.7700 0.8708 0.0000
vt 0.7746 0.8710 0.0000
vt 0.8053 0.8373 0.0000
vt 0.8026 0.8373 0.0000
vt 0.8072 0.8374 0.0000
vt 0.7980 0.8373 0.0000
vt 0.7955 0.8373 0.0000
vt 0.7933 0.8372 0.0000
vt 0.7992 0.8373 0.0000
vt 0.8096 0.8374 0.0000
vt 0.7984 0.8373 0.0000
vt 0.8087 0.8374 0.0000
vt 0.6995 0.8567 0.0000
vt 0.8109 0.8755 0.0000
vt 0.6996 0.8759 0.0000
vt 0.8109 0.8567 0.0000
vt 0.6995 0.8357 0.0000
vt 0.8109 0.8361 0.0000
vt 0.8475 0.8541 0.0000
vt 0.7158 0.8740 0.0000
vt 0.8389 0.8741 0.0000
vt 0.7176 0.8539 0.0000
vt 0.7166 0.8726 0.0000
vt 0.8389 0.8726 0.0000
vt 0.7968 0.8191 0.0000
vt 0.7935 0.8191 0.0000
vt 0.7909 0.8191 0.0000
vt 0.7988 0.8191 0.0000
vt 0.7845 0.8372 0.0000
vt 0.7716 0.8371 0.0000
vt 0.7689 0.8370 0.0000
vt 0.7822 0.8372 0.0000
vt 0.8004 0.8373 0.0000
vt 0.7957 0.8373 0.0000
vt 0.8035 0.8373 0.0000
vt 0.8153 0.8374 0.0000
vt 0.7570 0.8369 0.0000
vt 0.7534 0.8369 0.0000
vt 0.7641 0.8370 0.0000
vt 0.7696 0.8370 0.0000
vt 0.7676 0.8370 0.0000
vt 0.7481 0.8697 0.0000
vt 0.7482 0.8697 0.0000
vt 0.7461 0.8696 0.0000
vt 0.7466 0.8696 0.0000
vt 0.7488 0.8697 0.0000
vt 0.7484 0.8697 0.0000
vt 0.7411 0.8694 0.0000
vt 0.7372 0.8692 0.0000
vt 0.8005 0.8399 0.0000
vt 0.8004 0.8398 0.0000
vt 0.8007 0.8399 0.0000
vt 0.8003 0.8398 0.0000
vt 0.7898 0.8361 0.0000
vt 0.7912 0.8366 0.0000
vt 0.7841 0.8341 0.0000
vt 0.7860 0.8347 0.0000
vt 0.7896 0.8360 0.0000
vt 0.7889 0.8358 0.0000
vt 0.7955 0.8381 0.0000
vt 0.7914 0.8366 0.0000
vt 0.8316 0.8280 0.0000
vt 0.8413 0.8223 0.0000
vt 0.8337 0.8268 0.0000
vt 0.8298 0.8291 0.0000
vt 0.8304 0.8287 0.0000
vt 0.7958 0.8382 0.0000
vt 0.8045 0.8413 0.0000
vt 0.8059 0.8417 0.0000
vt 0.8132 0.8443 0.0000
vt 0.7186 0.8725 0.0000
vt 0.8449 0.8529 0.0000
vt 0.8413 0.8728 0.0000
vt 0.7176 0.8526 0.0000
vt 0.8392 0.8715 0.0000
vt 0.7173 0.8714 0.0000
vt 0.7519 0.8699 0.0000
vt 0.7460 0.8696 0.0000
vt 0.7622 0.8704 0.0000
vt 0.7631 0.8704 0.0000
vt 0.7554 0.8701 0.0000
vt 0.7116 0.8494 0.0000
vt 0.8109 0.8663 0.0000
vt 0.7116 0.8652 0.0000
vt 0.8109 0.8505 0.0000
vt 0.8109 0.8343 0.0000
vt 0.7116 0.8329 0.0000
vt 0.7839 0.8372 0.0000
vt 0.7936 0.8372 0.0000
vt 0.7925 0.8372 0.0000
vt 0.7862 0.8372 0.0000
vt 0.7795 0.8371 0.0000
vt 0.7793 0.8371 0.0000
vt 0.7760 0.8371 0.0000
vt 0.7766 0.8371 0.0000
vt 0.7733 0.8371 0.0000
vt 0.7651 0.8370 0.0000
vt 0.7668 0.8370 0.0000
vt 0.7625 0.8370 0.0000
vt 0.7725 0.8371 0.0000
vt 0.7770 0.8371 0.0000
vt 0.7717 0.8371 0.0000
vt 0.7755 0.8371 0.0000
vt 0.7765 0.8711 0.0000
vt 0.7679 0.8707 0.0000
vt 0.7820 0.8371 0.0000
vt 0.7915 0.8372 0.0000
vt 0.8303 0.8288 0.0000
vt 0.8373 0.8247 0.0000
vt 0.8225 0.8334 0.0000
vt 0.8211 0.8342 0.0000
vt 0.7333 0.9245 0.0000
vt 0.7495 0.9358 0.0000
vt 0.7442 0.9226 0.0000
vt 0.7340 0.9354 0.0000
vt 0.7504 0.8698 0.0000
vt 0.7445 0.8695 0.0000
vt 0.7539 0.8700 0.0000
vt 0.7867 0.8639 0.0000
vt 0.8049 0.8551 0.0000
vt 0.8074 0.8632 0.0000
vt 0.8192 0.8487 0.0000
vt 0.7991 0.8640 0.0000
vt 0.8066 0.8660 0.0000
vt 0.7991 0.8639 0.0000
vt 0.7930 0.8628 0.0000
vt 0.7819 0.8524 0.0000
vt 0.7888 0.8673 0.0000
vt 0.7752 0.8637 0.0000
vt 0.7668 0.8556 0.0000
vt 0.7656 0.8630 0.0000
vt 0.7662 0.8541 0.0000
vt 0.7497 0.8658 0.0000
vt 0.7484 0.8539 0.0000
vt 0.7425 0.8636 0.0000
vt 0.7288 0.8683 0.0000
vt 0.7259 0.8540 0.0000
vt 0.7159 0.8598 0.0000
vt 0.7197 0.8475 0.0000
vt 0.7061 0.8567 0.0000
vt 0.7141 0.8460 0.0000
vt 0.6996 0.8620 0.0000
vt 0.7063 0.8529 0.0000
vt 0.7095 0.8492 0.0000
vt 0.7072 0.8487 0.0000
vt 0.7641 0.8684 0.0000
vt 0.7500 0.8665 0.0000
vt 0.7657 0.8631 0.0000
vt 0.7667 0.8616 0.0000
vt 0.8429 0.8548 0.0000
vt 0.8386 0.8533 0.0000
vt 0.8369 0.8527 0.0000
vt 0.8086 0.8374 0.0000
vt 0.8069 0.8374 0.0000
vt 0.7977 0.8373 0.0000
vt 0.7739 0.8710 0.0000
vt 0.7660 0.8706 0.0000
vt 0.7690 0.8707 0.0000
vt 0.7972 0.8191 0.0000
vt 0.8002 0.8191 0.0000
vt 0.7945 0.8191 0.0000
vt 0.8023 0.8191 0.0000
vt 0.7792 0.8323 0.0000
vt 0.7864 0.8349 0.0000
vt 0.7831 0.8337 0.0000
vt 0.7791 0.8323 0.0000
vt 0.7853 0.8345 0.0000
vt 0.7799 0.8326 0.0000
vt 0.7859 0.8347 0.0000
vt 0.7842 0.8341 0.0000
vt 0.8399 0.8537 0.0000
vt 0.8268 0.8491 0.0000
vt 0.8339 0.8516 0.0000
vt 0.8420 0.8544 0.0000
vt 0.8331 0.8513 0.0000
vt 0.8381 0.8531 0.0000
vt 0.7640 0.8589 0.0000
vt 0.7640 0.8723 0.0000
vt 0.8974 0.8766 0.0000
vt 0.7191 0.8756 0.0000
vt 0.7191 0.8603 0.0000
vt 0.7192 0.8402 0.0000
vt 0.7640 0.8398 0.0000
vt 0.8939 0.8347 0.0000
vt 0.9208 0.8549 0.0000
vt 0.7640 0.8582 0.0000
vt 0.8960 0.8757 0.0000
vt 0.7640 0.8716 0.0000
vt 0.9195 0.8541 0.0000
vt 0.8926 0.8340 0.0000
vt 0.7640 0.8391 0.0000
vt 0.7191 0.8396 0.0000
vt 0.7191 0.8596 0.0000
vt 0.7191 0.8749 0.0000
vt 0.0036 0.0253 0.0000
vt 0.1464 0.0202 0.0000
vt 0.1428 0.0253 0.0000
vt 0.0037 0.0202 0.0000
vt 0.0038 0.0331 0.0000
vt 0.1466 0.0764 0.0000
vt 0.1466 0.0331 0.0000
vt 0.0039 0.0764 0.0000
vt 0.0039 0.0722 0.0000
vt 0.1466 0.0610 0.0000
vt 0.1466 0.0722 0.0000
vt 0.0038 0.0610 0.0000
vt 0.0037 0.0261 0.0000
vt 0.1468 0.0294 0.0000
vt 0.1459 0.0262 0.0000
vt 0.0037 0.0294 0.0000
vt 0.0039 0.0610 0.0000
vt 0.1448 0.0198 0.0000
vt 0.0037 0.0231 0.0000
vt 0.0036 0.0199 0.0000
vt 0.1453 0.0220 0.0000
vt 0.0037 0.0253 0.0000
vt 0.1465 0.0253 0.0000
vt 0.0035 0.0240 0.0000
vt 0.1404 0.0188 0.0000
vt 0.1415 0.0240 0.0000
vt 0.0035 0.0188 0.0000
vt 0.0034 0.0233 0.0000
vt 0.1391 0.0185 0.0000
vt 0.1387 0.0233 0.0000
vt 0.0034 0.0185 0.0000
vt 0.0247 0.0022 0.0000
vt 0.0813 0.0145 0.0000
vt 0.0247 0.0145 0.0000
vt 0.0813 0.0022 0.0000
vt 0.0035 0.0236 0.0000
vt 0.1391 0.0186 0.0000
vt 0.1399 0.0236 0.0000
vt 0.0814 0.0022 0.0000
vt 0.1386 0.0233 0.0000
vt 0.0034 0.0232 0.0000
vt 0.0814 0.0145 0.0000
vt 0.2720 0.0112 0.0000
vt 0.2133 0.0197 0.0000
vt 0.2184 0.0112 0.0000
vt 0.2669 0.0199 0.0000
vt 0.3913 0.2734 0.0000
vt 0.2854 0.2678 0.0000
vt 0.2883 0.2790 0.0000
vt 0.4147 0.2645 0.0000
vt 0.4830 0.2642 0.0000
vt 0.4159 0.2487 0.0000
vt 0.4831 0.2518 0.0000
vt 0.4002 0.2442 0.0000
vt 0.2856 0.2451 0.0000
vt 0.2887 0.2382 0.0000
vt 0.2498 0.0092 0.0000
vt 0.2459 0.0146 0.0000
vt 0.2099 0.0120 0.0000
vt 0.0247 0.0079 0.0000
vt 0.0814 0.0079 0.0000
vt 0.1294 0.5279 0.0000
vt 0.0069 0.6751 0.0000
vt 0.0069 0.5279 0.0000
vt 0.1294 0.6751 0.0000
vt 0.2449 0.5279 0.0000
vt 0.2449 0.6751 0.0000
vt 0.3659 0.0256 0.0000
vt 0.2119 0.0182 0.0000
vt 0.2099 0.0254 0.0000
vt 0.3683 0.0208 0.0000
vt 0.2144 0.0109 0.0000
vt 0.3726 0.0109 0.0000
vt 0.3712 0.0267 0.0000
vt 0.1846 0.0209 0.0000
vt 0.1846 0.0257 0.0000
vt 0.3716 0.0109 0.0000
vt 0.1847 0.0110 0.0000
vt 0.0070 0.6751 0.0000
vt 0.2449 0.5280 0.0000
vt 0.2844 0.4828 0.0000
vt 0.4174 0.4412 0.0000
vt 0.3179 0.4828 0.0000
vt 0.3481 0.4411 0.0000
vt 0.2844 0.3459 0.0000
vt 0.3474 0.3461 0.0000
vt 0.2844 0.2183 0.0000
vt 0.3474 0.2183 0.0000
vt 0.2844 0.0936 0.0000
vt 0.4068 0.2182 0.0000
vt 0.3734 0.0935 0.0000
vt 0.4789 0.2182 0.0000
vt 0.4068 0.3462 0.0000
vt 0.4790 0.3462 0.0000
vt 0.1836 0.0254 0.0000
vt 0.3629 0.0083 0.0000
vt 0.1812 0.0090 0.0000
vt 0.3679 0.0256 0.0000
vt 0.0053 0.2875 0.0000
vt 0.2687 0.2078 0.0000
vt 0.2686 0.2874 0.0000
vt 0.0053 0.2080 0.0000
vt 0.2687 0.0953 0.0000
vt 0.0053 0.0959 0.0000
vt 0.0053 0.1205 0.0000
vt 0.2686 0.2873 0.0000
vt 0.2686 0.1205 0.0000
vt 0.0053 0.2874 0.0000
vt 0.1855 0.0094 0.0000
vt 0.3683 0.0154 0.0000
vt 0.3664 0.0096 0.0000
vt 0.1872 0.0154 0.0000
vt 0.3721 0.0271 0.0000
vt 0.1890 0.0271 0.0000
vt 0.3232 0.0073 0.0000
vt 0.2446 0.0221 0.0000
vt 0.2471 0.0072 0.0000
vt 0.3205 0.0223 0.0000
vt 0.3172 0.0086 0.0000
vt 0.1772 0.0244 0.0000
vt 0.3170 0.0241 0.0000
vt 0.1803 0.0092 0.0000
vt 0.3535 0.0118 0.0000
vt 0.3406 0.0166 0.0000
vt 0.3526 0.0167 0.0000
vt 0.3413 0.0092 0.0000
vt 0.2215 0.0105 0.0000
vt 0.3707 0.0106 0.0000
vt 0.2228 0.0270 0.0000
vt 0.1452 0.0013 0.0000
vt 0.0877 0.0159 0.0000
vt 0.0883 0.0014 0.0000
vt 0.1441 0.0153 0.0000
vt 0.1449 0.0013 0.0000
vt 0.0883 0.0163 0.0000
vt 0.0881 0.0013 0.0000
vt 0.1453 0.0156 0.0000
vt 0.1454 0.0014 0.0000
vt 0.0883 0.0162 0.0000
vt 0.0884 0.0014 0.0000
vt 0.1452 0.0156 0.0000
vt 0.2042 0.0235 0.0000
vt 0.2927 0.0157 0.0000
vt 0.2084 0.0095 0.0000
vt 0.3253 0.0244 0.0000
vt 0.1856 0.0097 0.0000
vt 0.1861 0.0251 0.0000
vt 0.3310 0.0106 0.0000
vt 0.1837 0.0085 0.0000
vt 0.3161 0.0240 0.0000
vt 0.2504 0.0080 0.0000
vt 0.1851 0.0248 0.0000
vt 0.3702 0.0267 0.0000
vt 0.2615 0.0086 0.0000
vt 0.2666 0.0267 0.0000
vt 0.3628 0.0086 0.0000
vt 0.1453 0.0014 0.0000
vt 0.0884 0.0163 0.0000
vt 0.1454 0.0157 0.0000
vt 0.1441 0.0012 0.0000
vt 0.0874 0.0158 0.0000
vt 0.0877 0.0012 0.0000
vt 0.1436 0.0152 0.0000
vt 0.0665 0.0016 0.0000
vt 0.1302 0.0155 0.0000
vt 0.0664 0.0155 0.0000
vt 0.1302 0.0017 0.0000
vt 0.0664 0.0017 0.0000
vt 0.1435 0.0012 0.0000
vt 0.0876 0.0159 0.0000
vt 0.0874 0.0012 0.0000
vt 0.1439 0.0153 0.0000
vt 0.0665 0.0155 0.0000
vt 0.2102 0.0267 0.0000
vt 0.2951 0.0165 0.0000
vt 0.2064 0.0086 0.0000
vt 0.2669 0.0147 0.0000
vt 0.2128 0.0195 0.0000
vt 0.2142 0.0094 0.0000
vt 0.0665 0.0077 0.0000
vt 0.1302 0.0077 0.0000
vt 0.1433 0.0195 0.0000
vt 0.0035 0.0245 0.0000
vt 0.1399 0.0246 0.0000
vt 0.0036 0.0194 0.0000
vt 0.1467 0.0294 0.0000
vt 0.1419 0.0192 0.0000
vt 0.0036 0.0248 0.0000
vt 0.1442 0.0247 0.0000
vt 0.0035 0.0192 0.0000
vt 0.1390 0.0185 0.0000
vt 0.1466 0.0330 0.0000
vt 0.0038 0.0763 0.0000
vt 0.1466 0.0763 0.0000
vt 0.0038 0.0330 0.0000
vt 0.0035 0.0235 0.0000
vt 0.1398 0.0236 0.0000
vt 0.2892 0.0234 0.0000
vt 0.2571 0.0069 0.0000
vt 0.2874 0.0068 0.0000
vt 0.2583 0.0234 0.0000
vt 0.2469 0.0234 0.0000
vt 0.3657 0.0096 0.0000
vt 0.3613 0.0239 0.0000
vt 0.2528 0.0094 0.0000
vt 0.1403 0.0188 0.0000
vt 0.4146 0.2644 0.0000
vt 0.4829 0.2641 0.0000
vt 0.3912 0.2733 0.0000
vt 0.4157 0.2486 0.0000
vt 0.4829 0.2516 0.0000
vt 0.4000 0.2440 0.0000
vt 0.2117 0.0181 0.0000
vt 0.3657 0.0255 0.0000
vt 0.2097 0.0254 0.0000
vt 0.3680 0.0207 0.0000
vt 0.2143 0.0108 0.0000
vt 0.3723 0.0109 0.0000
vt 0.3680 0.0154 0.0000
vt 0.1854 0.0094 0.0000
vt 0.3662 0.0096 0.0000
vt 0.1871 0.0153 0.0000
vt 0.3718 0.0270 0.0000
vt 0.1889 0.0271 0.0000
vt 0.3627 0.0082 0.0000
vt 0.1835 0.0253 0.0000
vt 0.1812 0.0089 0.0000
vt 0.3676 0.0255 0.0000
vt 0.1451 0.0013 0.0000
vt 0.1440 0.0153 0.0000
vt 0.1451 0.0156 0.0000
vt 0.2458 0.0146 0.0000
vt 0.2497 0.0091 0.0000
vt 0.2098 0.0119 0.0000
vt 0.2925 0.0156 0.0000
vt 0.2041 0.0234 0.0000
vt 0.2083 0.0094 0.0000
vt 0.2950 0.0164 0.0000
vt 0.2102 0.0266 0.0000
vt 0.2063 0.0086 0.0000
vt 0.2668 0.0147 0.0000
vt 0.2679 0.0098 0.0000
vt 0.2133 0.0144 0.0000
vt 0.2146 0.0096 0.0000
vt 0.2657 0.0195 0.0000
vt 0.2389 0.0192 0.0000
vt 0.1439 0.0012 0.0000
vt 0.0881 0.0161 0.0000
vt 0.0876 0.0012 0.0000
vt 0.1449 0.0155 0.0000
vt 0.0665 0.0157 0.0000
vt 0.1306 0.0152 0.0000
vt 0.1295 0.0010 0.0000
vt 0.0668 0.0010 0.0000
vt 0.1436 0.0012 0.0000
vt 0.1435 0.0152 0.0000
vt 0.2446 0.0220 0.0000
vt 0.3231 0.0073 0.0000
vt 0.2470 0.0071 0.0000
vt 0.3204 0.0223 0.0000
vt 0.1855 0.0097 0.0000
vt 0.3252 0.0243 0.0000
vt 0.1860 0.0251 0.0000
vt 0.3309 0.0105 0.0000
vt 0.2132 0.0144 0.0000
vt 0.2678 0.0097 0.0000
vt 0.2145 0.0096 0.0000
vt 0.2388 0.0192 0.0000
vt 0.2657 0.0194 0.0000
vt 0.2614 0.0085 0.0000
vt 0.3701 0.0267 0.0000
vt 0.2665 0.0266 0.0000
vt 0.3627 0.0086 0.0000
vt 0.1448 0.0155 0.0000
vt 0.1295 0.0009 0.0000
vt 0.1454 0.0156 0.0000
vt 0.3159 0.0239 0.0000
vt 0.1836 0.0085 0.0000
vt 0.2503 0.0080 0.0000
vt 0.1850 0.0248 0.0000
vt 0.3719 0.0271 0.0000
vt 0.3706 0.0105 0.0000
vt 0.2227 0.0270 0.0000
vt 0.1448 0.0013 0.0000
vt 0.1440 0.0012 0.0000
vt 0.1302 0.0016 0.0000
vt 0.0036 0.0195 0.0000
vt 0.1420 0.0192 0.0000
vt 0.1443 0.0247 0.0000
vt 0.4922 0.9412 0.0000
vt 0.4221 0.9946 0.0000
vt 0.4922 0.9948 0.0000
vt 0.4221 0.9401 0.0000
vt 0.4221 0.8606 0.0000
vt 0.4922 0.8951 0.0000
vt 0.4221 0.7952 0.0000
vt 0.4922 0.8254 0.0000
vt 0.4922 0.7952 0.0000
vt 0.4221 0.7707 0.0000
vt 0.4922 0.7708 0.0000
vt 0.4222 0.7023 0.0000
vt 0.4922 0.7024 0.0000
vt 0.4582 0.6864 0.0000
vt 0.0037 0.0201 0.0000
vt 0.1447 0.0198 0.0000
vt 0.0036 0.0198 0.0000
vt 0.1452 0.0220 0.0000
vt 0.1464 0.0253 0.0000
vt 0.2572 0.0069 0.0000
vt 0.2893 0.0235 0.0000
vt 0.2875 0.0068 0.0000
vt 0.2584 0.0235 0.0000
vt 0.2995 0.0169 0.0000
vt 0.2841 0.0123 0.0000
vt 0.3005 0.0121 0.0000
vt 0.3523 0.0166 0.0000
vt 0.3535 0.0143 0.0000
vt 0.3659 0.0096 0.0000
vt 0.2470 0.0235 0.0000
vt 0.3615 0.0240 0.0000
vt 0.2530 0.0095 0.0000
vt 0.3541 0.0119 0.0000
vt 0.2950 0.0174 0.0000
vt 0.3535 0.0169 0.0000
vt 0.2954 0.0124 0.0000
vt 0.3544 0.0120 0.0000
vt 0.3417 0.0169 0.0000
vt 0.3419 0.0094 0.0000
vt 0.4922 0.8255 0.0000
vt 0.4581 0.6864 0.0000
vt 0.2132 0.0197 0.0000
vt 0.2183 0.0112 0.0000
vt 0.2668 0.0199 0.0000
vt 0.0070 0.5279 0.0000
vt 0.2854 0.2677 0.0000
vt 0.2883 0.2789 0.0000
vt 0.2855 0.2450 0.0000
vt 0.2886 0.2380 0.0000
vt 0.2840 0.0122 0.0000
vt 0.2994 0.0169 0.0000
vt 0.3003 0.0120 0.0000
vt 0.3533 0.0143 0.0000
vt 0.3522 0.0165 0.0000
vt 0.2948 0.0174 0.0000
vt 0.3540 0.0119 0.0000
vt 0.3533 0.0169 0.0000
vt 0.2953 0.0124 0.0000
vt 0.3416 0.0169 0.0000
vt 0.3543 0.0120 0.0000
vt 0.3534 0.0169 0.0000
vt 0.3418 0.0093 0.0000
vt 0.3176 0.4828 0.0000
vt 0.3711 0.0267 0.0000
vt 0.1845 0.0257 0.0000
vt 0.3715 0.0109 0.0000
vt 0.1846 0.0110 0.0000
vt 0.0053 0.2079 0.0000
vt 0.2687 0.0952 0.0000
vt 0.0053 0.0958 0.0000
vt 0.3171 0.0086 0.0000
vt 0.3169 0.0241 0.0000
vt 0.1802 0.0092 0.0000
vt 0.3405 0.0165 0.0000
vt 0.3534 0.0117 0.0000
vt 0.3525 0.0166 0.0000
vt 0.3411 0.0091 0.0000
vt 0.0679 0.6837 0.0000
vt 0.1664 0.7726 0.0000
vt 0.1664 0.6837 0.0000
vt 0.0679 0.7726 0.0000
vt 0.1829 0.7704 0.0000
vt 0.0041 0.6872 0.0000
vt 0.0041 0.7704 0.0000
vt 0.1829 0.6872 0.0000
vt 0.2771 0.7704 0.0000
vt 0.2771 0.6872 0.0000
vt 0.1663 0.6837 0.0000
vt 0.1245 0.7303 0.0000
vt 0.1245 0.7726 0.0000
vt 0.3659 0.7726 0.0000
vt 0.2090 0.6837 0.0000
vt 0.3659 0.6837 0.0000
vt 0.2796 0.7303 0.0000
vt 0.2796 0.7726 0.0000
vt 0.2793 0.7303 0.0000
vt 0.2090 0.7726 0.0000
vt 0.2793 0.6837 0.0000
vt 0.9863 0.5136 0.0000
vt 0.7970 0.5915 0.0000
vt 0.8275 0.5135 0.0000
vt 0.8851 0.6502 0.0000
vt 0.9886 0.6501 0.0000
vt 0.9863 0.7772 0.0000
vt 0.8833 0.7771 0.0000
vt 0.8852 0.6502 0.0000
vt 0.7971 0.5917 0.0000
vt 0.8277 0.5135 0.0000
vt 0.4039 0.7704 0.0000
vt 0.4039 0.6872 0.0000
vt 0.1664 0.7304 0.0000
vt 0.2005 0.3319 0.0000
vt 0.2552 0.3347 0.0000
vt 0.2511 0.3272 0.0000
vt 0.2590 0.3365 0.0000
vt 0.2559 0.3294 0.0000
vt 0.2571 0.3356 0.0000
vt 0.2608 0.3316 0.0000
vt 0.2516 0.3330 0.0000
vt 0.2578 0.3302 0.0000
vt 0.2452 0.3301 0.0000
vt 0.2523 0.3278 0.0000
vt 0.2504 0.3325 0.0000
vt 0.2472 0.3255 0.0000
vt 0.2006 0.3319 0.0000
vt 0.2513 0.3273 0.0000
vt 0.2554 0.3348 0.0000
vt 0.6019 0.8274 0.0000
vt 0.5066 0.6089 0.0000
vt 0.6019 0.6087 0.0000
vt 0.5066 0.8275 0.0000
vt 0.5066 0.9901 0.0000
vt 0.2682 0.5393 0.0000
vt 0.3457 0.6722 0.0000
vt 0.2682 0.6722 0.0000
vt 0.4311 0.5847 0.0000
vt 0.2682 0.5039 0.0000
vt 0.4133 0.5038 0.0000
vt 0.4904 0.5038 0.0000
vt 0.4904 0.6086 0.0000
vt 0.4904 0.6722 0.0000
vt 0.2601 0.3370 0.0000
vt 0.2597 0.3311 0.0000
vt 0.4040 0.7704 0.0000
vt 0.2579 0.3303 0.0000
vt 0.2517 0.3331 0.0000
vt 0.2455 0.3302 0.0000
vt 0.2462 0.3250 0.0000
vt 0.2467 0.3308 0.0000
vt 0.4040 0.6872 0.0000
vt 0.2682 0.5394 0.0000
vt 0.4311 0.5848 0.0000
vt 0.4904 0.6087 0.0000
vt 0.2465 0.3307 0.0000
vt 0.2459 0.3249 0.0000
vt 0.2561 0.3295 0.0000
vt 0.2592 0.3366 0.0000
vt 0.2599 0.3312 0.0000
vt 0.2602 0.3370 0.0000
vt 0.2609 0.3316 0.0000
vt 0.2572 0.3356 0.0000
vt 0.6839 0.7772 0.0000
vt 0.6157 0.7772 0.0000
vt 0.6863 0.6501 0.0000
vt 0.6864 0.6501 0.0000
vt 0.7793 0.7771 0.0000
vt 0.7811 0.6502 0.0000
vt 0.7812 0.6502 0.0000
vt 0.2474 0.3256 0.0000
vt 0.2507 0.3326 0.0000
vt 0.0681 0.9014 0.0000
vt 0.0076 0.9013 0.0000
vt 0.0076 0.8753 0.0000
vt 0.0681 0.9333 0.0000
vt 0.0076 0.9332 0.0000
vt 0.0681 0.9621 0.0000
vt 0.0076 0.9622 0.0000
vt 0.0399 0.9814 0.0000
vt 0.3539 0.9621 0.0000
vt 0.3813 0.9816 0.0000
vt 0.4108 0.9621 0.0000
vt 0.3539 0.9332 0.0000
vt 0.4108 0.9332 0.0000
vt 0.4108 0.9013 0.0000
vt 0.3539 0.9014 0.0000
vt 0.0399 0.9813 0.0000
vt 0.3812 0.9816 0.0000
vt 0.3539 0.8753 0.0000
vt 0.4108 0.8753 0.0000
vt 0.4108 0.8364 0.0000
vt 0.3539 0.8364 0.0000
vt 0.4108 0.7846 0.0000
vt 0.3539 0.7847 0.0000
vt 0.0681 0.8364 0.0000
vt 0.0681 0.7848 0.0000
vt 0.0076 0.7847 0.0000
vt 0.0076 0.8364 0.0000
vt 0.0681 0.8753 0.0000
vt 0.1580 0.0829 0.0000
vt 0.1547 0.0028 0.0000
vt 0.1562 0.0830 0.0000
vt 0.1570 0.0028 0.0000
vt 0.1671 0.0832 0.0000
vt 0.1579 0.0029 0.0000
vt 0.1671 0.0029 0.0000
vt 0.1582 0.0831 0.0000
vt 0.1589 0.0029 0.0000
vt 0.1690 0.0832 0.0000
vt 0.1590 0.0831 0.0000
vt 0.1688 0.0029 0.0000
vt 0.1548 0.0028 0.0000
vt 0.1581 0.0829 0.0000
vt 0.1563 0.0830 0.0000
vt 0.1573 0.0028 0.0000
vt 0.1581 0.0029 0.0000
vt 0.1672 0.0832 0.0000
vt 0.1673 0.0029 0.0000
vt 0.1583 0.0831 0.0000
vt 0.1616 0.0029 0.0000
vt 0.1555 0.0831 0.0000
vt 0.1618 0.0831 0.0000
vt 0.1553 0.0831 0.0000
vt 0.1614 0.0029 0.0000
vt 0.1616 0.0831 0.0000
vt 0.1589 0.0831 0.0000
vt 0.1687 0.0029 0.0000
vt 0.1624 0.0830 0.0000
vt 0.1536 0.0028 0.0000
vt 0.1554 0.0830 0.0000
vt 0.1624 0.0029 0.0000
vt 0.1538 0.0028 0.0000
vt 0.1625 0.0830 0.0000
vt 0.1555 0.0830 0.0000
vt 0.2785 0.3887 0.0000
vt 0.2784 0.2913 0.0000
vt 0.2784 0.2914 0.0000
vt 0.2254 0.2914 0.0000
vt 0.2255 0.3887 0.0000
vt 0.1074 0.2914 0.0000
vt 0.0010 0.3887 0.0000
vt 0.0011 0.2913 0.0000
vt 0.1074 0.3887 0.0000
vt 0.9902 0.7850 0.0000
vt 0.9108 0.7852 0.0000
vt 0.9587 0.7867 0.0000
vt 0.8741 0.7862 0.0000
vt 0.8365 0.7855 0.0000
vt 0.8771 0.7838 0.0000
vt 0.8175 0.7849 0.0000
vt 0.8474 0.7838 0.0000
vt 0.8768 0.7837 0.0000
vt 0.7178 0.7917 0.0000
vt 0.9103 0.7851 0.0000
vt 0.7026 0.7897 0.0000
vt 0.9579 0.7866 0.0000
vt 0.6933 0.7885 0.0000
vt 0.9891 0.7849 0.0000
vt 0.7189 0.7921 0.0000
vt 0.7369 0.7945 0.0000
vt 0.8735 0.7861 0.0000
vt 0.7492 0.7959 0.0000
vt 0.8362 0.7855 0.0000
vt 0.7551 0.7967 0.0000
vt 0.7465 0.8130 0.0000
vt 0.9798 0.8103 0.0000
vt 0.9762 0.8103 0.0000
vt 0.9412 0.8129 0.0000
vt 0.9756 0.8102 0.0000
vt 0.7460 0.8129 0.0000
vt 0.6596 0.8152 0.0000
vt 0.7405 0.8159 0.0000
vt 0.7183 0.8194 0.0000
vt 0.6990 0.8187 0.0000
vt 0.7186 0.8195 0.0000
vt 0.7409 0.8159 0.0000
vt 0.7204 0.8249 0.0000
vt 0.7231 0.8237 0.0000
vt 0.7232 0.8237 0.0000
vt 0.6754 0.8184 0.0000
vt 0.7473 0.8172 0.0000
vt 0.7251 0.8208 0.0000
vt 0.7524 0.8141 0.0000
vt 0.9570 0.8159 0.0000
vt 0.7528 0.8142 0.0000
vt 0.7477 0.8173 0.0000
vt 0.7254 0.8209 0.0000
vt 0.7364 0.8202 0.0000
vt 0.9055 0.8159 0.0000
vt 0.9414 0.8130 0.0000
vt 0.7185 0.7918 0.0000
vt 0.6910 0.7943 0.0000
vt 0.6828 0.7932 0.0000
vt 0.7309 0.7935 0.0000
vt 0.7371 0.7943 0.0000
vt 0.6962 0.7950 0.0000
vt 0.6907 0.7942 0.0000
vt 0.7306 0.7934 0.0000
vt 0.6821 0.7931 0.0000
vt 0.6674 0.7911 0.0000
vt 0.6582 0.7898 0.0000
vt 0.6620 0.7904 0.0000
vt 0.6837 0.7933 0.0000
vt 0.7084 0.7966 0.0000
vt 0.7200 0.7982 0.0000
vt 0.7259 0.7990 0.0000
vt 0.9788 0.8108 0.0000
vt 0.9745 0.8103 0.0000
vt 0.9909 0.8123 0.0000
vt 0.9782 0.8107 0.0000
vt 0.9740 0.8102 0.0000
vt 0.9408 0.8129 0.0000
vt 0.9050 0.8159 0.0000
vt 0.7361 0.8202 0.0000
vt 0.7264 0.8241 0.0000
vt 0.7195 0.8230 0.0000
vt 0.7168 0.8241 0.0000
vt 0.7226 0.8249 0.0000
vt 0.7266 0.8241 0.0000
vt 0.7197 0.8230 0.0000
vt 0.7138 0.8217 0.0000
vt 0.7034 0.7898 0.0000
vt 0.6682 0.7912 0.0000
vt 0.6943 0.7886 0.0000
vt 0.6592 0.7900 0.0000
vt 0.6631 0.7905 0.0000
vt 0.6944 0.7886 0.0000
vt 0.6847 0.7934 0.0000
vt 0.7199 0.7923 0.0000
vt 0.7092 0.7967 0.0000
vt 0.7377 0.7946 0.0000
vt 0.7204 0.7982 0.0000
vt 0.7495 0.7959 0.0000
vt 0.6117 0.1219 0.0000
vt 0.5706 0.0861 0.0000
vt 0.5275 0.1218 0.0000
vt 0.6245 0.0657 0.0000
vt 0.6117 0.1218 0.0000
vt 0.5275 0.1219 0.0000
vt 0.6117 0.0464 0.0000
vt 0.5275 0.0459 0.0000
vt 0.5164 0.0657 0.0000
vt 0.5909 0.0313 0.0000
vt 0.5706 0.0263 0.0000
vt 0.6117 0.0456 0.0000
vt 0.5507 0.0313 0.0000
vt 0.5275 0.0461 0.0000
vt 0.5706 0.1396 0.0000
vt 0.6245 0.0991 0.0000
vt 0.5707 0.1386 0.0000
vt 0.6245 0.0858 0.0000
vt 0.5164 0.0991 0.0000
vt 0.5707 0.0263 0.0000
vt 0.5164 0.0858 0.0000
# 2089 texture coords

o Crash001
g Crash001
usemtl 08___Default
s 1
f 1/1/1 2/2/2 3/3/3 
f 4/4/4 2/2/2 1/1/1 
f 5/5/5 2/2/2 4/4/4 
f 6/6/6 5/5/5 4/4/4 
f 7/7/7 6/6/6 4/4/4 
f 8/8/8 6/6/6 7/7/7 
f 9/9/9 8/8/8 7/7/7 
f 10/10/10 8/8/8 9/9/9 
f 11/11/11 10/10/10 9/9/9 
f 12/12/12 10/10/10 11/11/11 
f 13/13/13 10/10/10 12/12/12 
f 14/14/14 13/13/13 12/12/12 
f 15/15/15 13/13/13 14/14/14 
f 16/16/16 13/13/13 15/15/17 
f 17/17/18 16/16/16 15/15/17 
f 18/18/19 16/16/16 17/17/18 
f 19/19/20 16/16/16 18/18/19 
f 20/20/21 19/19/20 18/18/19 
f 21/21/22 19/19/20 20/20/21 
f 22/22/23 21/21/22 20/20/21 
f 5/5/5 21/21/22 22/22/23 
f 23/23/24 5/5/5 22/22/23 
f 24/24/25 23/23/24 22/22/23 
f 25/25/26 23/23/24 24/24/25 
f 26/26/27 27/27/28 28/28/29 
f 29/29/30 27/27/28 26/26/27 
f 29/30/30 30/31/31 27/32/28 
f 31/33/32 32/34/33 33/35/34 
f 31/33/32 34/36/35 32/34/33 
f 35/37/36 34/36/35 31/33/32 
f 35/37/36 36/38/37 34/36/35 
f 35/37/36 37/39/38 36/38/37 
f 38/40/39 37/39/38 35/37/36 
f 39/41/40 37/39/38 40/42/41 
f 39/41/40 36/38/37 37/39/38 
f 41/43/42 36/38/37 39/41/40 
f 42/44/43 36/38/37 41/43/42 
f 42/44/43 34/36/35 36/38/37 
f 43/45/44 34/36/35 42/44/43 
f 43/45/44 32/34/33 34/36/35 
f 43/45/44 44/46/45 32/34/33 
f 45/47/46 44/46/47 43/45/44 
f 45/47/46 46/48/48 44/46/47 
f 45/47/46 47/33/49 46/48/48 
f 48/49/50 47/33/49 45/47/46 
f 49/40/51 47/33/49 48/49/50 
f 49/40/51 50/50/52 47/33/49 
f 51/51/53 50/50/52 49/40/51 
f 51/51/53 52/52/54 50/50/52 
f 53/53/55 52/52/54 51/51/53 
f 53/53/55 54/54/56 52/52/54 
f 55/55/57 54/54/56 53/53/55 
f 56/56/58 51/57/53 57/58/59 
f 56/56/58 53/59/55 51/57/53 
f 58/60/60 42/61/43 41/62/42 
f 59/63/61 42/61/43 58/60/60 
f 59/64/61 43/65/44 42/66/43 
f 59/64/61 45/67/46 43/65/44 
f 59/64/61 48/68/50 45/67/46 
f 59/64/61 60/69/62 48/68/50 
f 58/60/60 60/70/62 59/63/61 
f 61/71/63 60/70/62 58/60/60 
f 62/72/64 60/70/62 61/71/63 
f 62/72/64 63/73/65 60/70/62 
f 64/74/66 63/73/65 62/72/64 
f 57/75/59 63/73/65 64/74/66 
f 51/76/53 63/77/65 57/78/59 
f 49/79/51 63/77/65 51/76/53 
f 49/79/51 60/69/62 63/77/65 
f 48/68/50 60/69/62 49/79/51 
f 57/80/59 65/81/67 56/82/58 
f 57/80/59 66/83/68 65/81/67 
f 64/74/66 66/84/68 57/75/59 
f 67/85/69 54/86/70 55/87/57 
f 68/88/71 54/86/72 67/85/73 
f 69/89/74 54/90/75 68/91/71 
f 70/92/76 71/93/77 72/94/78 
f 73/95/79 71/93/77 70/92/76 
f 73/95/79 74/96/80 71/93/77 
f 73/95/81 75/97/82 74/96/80 
f 76/98/83 75/97/82 73/95/79 
f 77/99/84 78/100/85 79/101/86 
f 80/102/87 78/100/85 77/99/84 
f 81/103/88 80/102/87 77/99/84 
f 82/104/89 81/103/88 77/99/84 
f 83/105/90 81/103/88 82/104/89 
f 84/106/91 81/103/88 83/105/90 
f 85/107/92 84/106/91 83/105/90 
f 86/108/93 84/106/91 85/107/92 
f 87/109/94 84/106/91 86/108/93 
f 88/110/95 84/106/91 87/109/94 
f 81/103/88 84/106/91 88/110/95 
f 89/111/96 81/103/88 88/110/95 
f 90/112/97 81/103/88 89/111/96 
f 91/113/98 81/103/88 90/112/97 
f 92/114/99 91/113/98 90/112/97 
f 93/115/100 92/114/99 90/112/97 
f 94/116/101 95/117/102 96/118/103 
f 94/116/101 97/119/104 95/117/102 
f 98/120/105 79/121/86 74/96/80 
f 77/95/84 79/121/86 98/120/106 
f 99/122/107 77/95/84 98/120/106 
f 98/120/106 100/123/108 99/122/107 
f 54/85/109 100/123/108 98/120/106 
f 69/89/74 100/124/108 54/125/75 
f 1/126/1 100/124/108 69/89/74 
f 95/127/102 101/118/110 96/116/103 
f 95/127/102 102/117/111 101/118/110 
f 97/116/112 103/117/113 104/118/114 
f 97/116/112 94/127/101 103/117/113 
f 105/128/115 106/129/116 107/130/117 
f 105/128/115 108/131/118 106/129/116 
f 105/128/115 109/129/119 108/131/118 
f 110/130/120 109/129/119 105/128/115 
f 111/132/121 112/133/122 113/134/123 
f 111/132/121 114/135/124 112/133/122 
f 111/132/121 115/136/125 114/135/124 
f 116/134/126 115/136/125 111/132/121 
f 102/127/111 106/118/116 101/116/110 
f 102/127/111 117/117/127 106/118/116 
f 117/137/128 118/138/129 119/139/130 
f 117/137/128 120/140/131 118/138/129 
f 102/141/132 120/140/131 117/137/128 
f 102/141/132 121/142/133 120/140/131 
f 102/141/132 122/143/134 121/142/133 
f 95/144/135 122/143/134 102/141/132 
f 97/145/136 122/143/134 95/144/135 
f 97/145/137 123/146/138 122/143/134 
f 104/147/139 123/146/138 97/145/140 
f 104/147/139 124/148/141 123/146/138 
f 125/149/142 124/148/141 104/147/139 
f 126/150/143 124/148/141 125/149/142 
f 126/150/144 127/151/145 124/148/141 
f 128/152/146 127/151/145 126/150/147 
f 129/153/148 127/151/145 128/152/149 
f 130/154/150 127/151/145 129/153/148 
f 130/154/150 131/155/151 127/151/145 
f 132/156/152 131/155/151 130/154/150 
f 132/156/152 120/140/131 131/155/151 
f 118/138/129 120/140/131 132/156/152 
f 133/118/153 134/127/154 135/116/155 
f 133/118/153 136/117/156 134/127/154 
f 137/117/157 138/116/158 139/118/159 
f 137/117/157 140/127/160 138/116/158 
f 141/157/161 142/158/162 143/159/163 
f 144/160/164 145/161/165 146/162/166 
f 147/163/167 145/161/165 144/160/164 
f 148/164/168 147/163/167 144/160/164 
f 149/165/169 147/163/167 148/164/168 
f 3/3/3 149/165/169 148/164/168 
f 2/2/2 149/165/169 3/3/3 
f 5/5/5 149/165/169 2/2/2 
f 23/23/24 149/165/169 5/5/5 
f 25/25/26 149/165/169 23/23/24 
f 150/166/170 149/165/169 25/25/26 
f 147/163/167 149/165/169 150/166/170 
f 151/167/171 147/163/167 150/166/170 
f 145/161/165 147/163/167 151/167/171 
f 152/168/172 145/161/165 151/167/171 
f 153/169/173 154/170/174 155/171/175 
f 153/169/173 156/172/176 154/170/174 
f 157/173/177 156/174/176 153/175/173 
f 158/176/178 156/174/176 157/173/177 
f 159/177/179 156/174/176 158/176/178 
f 159/177/179 160/178/180 156/174/176 
f 161/179/181 160/178/180 159/177/179 
f 161/179/181 162/180/182 160/178/180 
f 163/181/183 162/180/182 161/179/181 
f 163/181/183 164/182/184 162/180/182 
f 163/181/183 165/183/185 164/182/184 
f 166/184/186 165/183/185 163/181/183 
f 167/185/187 168/48/188 169/48/189 
f 170/34/190 168/48/188 167/185/187 
f 170/34/190 171/34/191 168/48/188 
f 170/34/190 172/186/192 171/34/191 
f 153/187/173 172/186/192 170/34/190 
f 155/188/175 172/186/192 153/187/173 
f 155/188/175 173/189/193 172/186/192 
f 174/190/194 173/189/193 155/188/175 
f 174/190/195 175/191/196 173/189/193 
f 176/192/197 175/191/196 174/190/194 
f 176/192/197 177/193/198 175/191/196 
f 178/194/199 177/193/198 176/192/197 
f 178/194/200 167/185/187 177/193/198 
f 157/195/177 167/185/187 178/194/199 
f 157/195/177 170/34/190 167/185/187 
f 153/187/173 170/34/190 157/195/177 
f 154/196/174 174/190/194 155/188/175 
f 154/196/174 179/197/201 174/190/194 
f 180/198/202 179/197/201 154/196/174 
f 180/198/202 181/199/203 179/197/201 
f 182/196/204 181/199/203 180/198/202 
f 182/196/204 183/200/205 181/199/203 
f 184/199/206 183/200/205 182/196/204 
f 185/196/207 183/200/205 184/199/206 
f 185/196/207 186/201/208 183/200/205 
f 187/202/209 186/201/208 185/196/207 
f 187/202/209 188/203/210 186/201/208 
f 187/202/209 142/204/162 188/203/210 
f 143/188/163 142/204/162 187/202/209 
f 165/205/185 143/206/163 187/207/209 
f 165/205/185 189/208/211 143/206/163 
f 166/209/186 189/208/211 165/205/185 
f 190/210/212 189/208/211 166/209/186 
f 191/211/213 189/208/211 190/210/212 
f 192/212/214 189/208/211 191/211/213 
f 192/212/214 143/206/163 189/208/211 
f 192/212/214 141/213/215 143/206/163 
f 192/212/214 193/214/216 141/213/215 
f 191/211/213 193/214/216 192/212/214 
f 194/215/217 193/214/216 191/211/218 
f 195/216/219 193/214/216 194/215/220 
f 196/217/221 193/214/216 195/216/219 
f 197/218/222 193/214/216 196/217/221 
f 198/219/223 193/214/216 197/218/222 
f 198/219/223 141/213/215 193/214/216 
f 198/219/223 199/220/224 141/213/161 
f 198/219/223 200/121/225 199/220/224 
f 198/219/223 201/221/226 200/121/225 
f 198/219/223 202/222/227 201/221/226 
f 198/219/223 203/223/228 202/222/227 
f 204/129/229 205/128/230 206/130/231 
f 204/129/229 207/131/232 205/128/230 
f 204/129/229 208/224/233 207/131/232 
f 133/225/153 208/224/233 204/129/229 
f 133/225/153 209/226/234 208/224/233 
f 135/227/155 209/226/234 133/225/153 
f 140/228/160 209/226/234 135/227/155 
f 137/227/157 209/226/234 140/228/160 
f 137/227/157 208/224/233 209/226/234 
f 210/225/235 208/224/233 137/227/157 
f 210/225/235 207/131/232 208/224/233 
f 211/129/236 207/131/232 210/225/235 
f 211/129/236 205/128/230 207/131/232 
f 212/130/237 205/128/230 211/129/236 
f 204/118/229 136/127/156 133/116/153 
f 204/118/229 213/117/238 136/127/156 
f 214/229/239 191/211/240 190/230/212 
f 214/229/241 215/231/242 191/211/213 
f 216/89/243 215/91/242 214/90/244 
f 217/232/245 218/233/246 219/234/247 
f 220/235/248 218/233/246 217/232/245 
f 92/236/99 221/237/249 222/238/250 
f 93/239/100 221/237/249 92/236/99 
f 93/239/100 223/240/251 221/237/249 
f 224/241/252 213/242/253 225/243/254 
f 224/241/252 226/244/255 213/242/253 
f 227/245/256 226/244/255 224/241/252 
f 227/245/256 228/246/257 226/244/255 
f 197/247/222 228/246/257 227/245/256 
f 197/247/222 229/248/258 228/246/257 
f 196/249/221 229/248/258 197/247/222 
f 195/250/219 229/248/258 196/249/221 
f 230/251/259 229/248/258 195/250/260 
f 230/251/261 231/252/262 229/248/258 
f 232/253/263 231/252/262 230/251/264 
f 139/254/265 231/252/262 232/253/263 
f 139/254/265 233/255/266 231/252/262 
f 138/256/267 233/255/266 139/254/265 
f 138/256/268 234/257/269 233/255/266 
f 134/258/270 234/257/269 138/256/271 
f 136/259/272 234/257/269 134/258/270 
f 136/259/272 235/260/273 234/257/269 
f 136/259/272 226/244/255 235/260/273 
f 213/242/253 226/244/255 136/259/272 
f 236/261/274 88/262/95 87/263/94 
f 219/264/247 88/262/95 236/261/274 
f 237/265/275 219/234/247 236/266/274 
f 217/232/245 219/234/247 237/265/275 
f 151/267/171 217/268/245 237/269/275 
f 150/270/170 217/268/245 151/267/171 
f 220/271/248 217/272/245 150/273/170 
f 25/274/26 220/271/248 150/273/170 
f 24/275/25 220/271/248 25/274/26 
f 238/276/276 220/271/248 24/275/25 
f 218/233/246 220/235/248 238/277/276 
f 239/278/277 218/279/246 238/280/276 
f 90/281/97 218/279/246 239/278/277 
f 89/282/96 218/279/246 90/281/97 
f 219/264/247 218/279/246 89/282/96 
f 88/262/95 219/264/247 89/282/96 
f 240/283/278 241/284/279 242/285/280 
f 243/286/281 240/283/278 242/285/280 
f 243/286/281 242/285/280 244/287/282 
f 245/288/283 243/286/281 244/287/282 
f 245/288/283 244/287/282 246/289/284 
f 247/285/285 245/288/283 246/289/284 
f 247/285/286 246/289/284 248/290/287 
f 247/285/288 248/290/287 249/291/289 
f 247/285/290 249/291/291 250/292/292 
f 245/288/293 247/285/290 250/292/292 
f 245/288/293 250/292/292 251/293/294 
f 243/286/295 245/288/293 251/293/294 
f 243/286/295 251/293/294 252/294/296 
f 240/283/297 243/286/295 252/294/296 
f 253/295/298 254/296/299 255/297/300 
f 253/295/298 255/297/300 256/298/301 
f 257/299/302 253/295/303 256/298/304 
f 258/300/305 257/299/302 256/298/304 
f 258/301/306 256/302/307 259/303/308 
f 260/300/309 258/300/305 259/298/310 
f 260/300/311 259/298/312 261/304/313 
f 262/305/314 260/300/309 261/304/313 
f 263/306/315 262/305/316 261/304/313 
f 264/307/317 263/306/315 261/304/318 
f 264/307/319 261/304/320 259/298/321 
f 265/308/322 264/307/317 259/298/323 
f 255/297/324 265/308/325 259/298/326 
f 255/297/327 259/298/328 256/298/329 
f 266/309/330 267/310/331 268/311/332 
f 269/312/333 266/309/330 268/311/334 
f 269/312/335 268/311/334 270/313/336 
f 271/314/337 269/312/333 270/313/338 
f 271/314/339 270/313/338 272/315/340 
f 271/314/341 272/315/342 273/316/343 
f 271/314/341 273/316/344 274/317/345 
f 269/312/346 271/314/347 274/317/345 
f 269/312/346 274/317/345 275/318/348 
f 266/309/349 269/312/346 275/318/348 
f 276/319/350 277/320/351 278/321/352 
f 279/322/353 276/319/350 278/321/352 
f 279/322/354 278/321/355 280/323/356 
f 279/322/354 280/323/356 281/324/357 
f 282/325/358 279/322/354 281/324/357 
f 282/325/358 281/324/357 283/326/359 
f 284/327/360 282/325/358 283/326/359 
f 284/327/360 283/326/359 285/328/361 
f 284/327/362 285/328/361 286/329/363 
f 284/327/364 286/329/363 287/330/365 
f 282/325/366 284/327/367 287/330/368 
f 282/325/366 287/330/369 288/331/370 
f 279/322/353 282/325/366 288/331/370 
f 279/322/353 288/331/371 276/319/350 
f 281/332/357 280/333/356 289/334/372 
f 290/335/373 281/332/357 289/334/372 
f 290/335/374 289/334/375 277/336/351 
f 290/335/374 277/336/351 276/336/350 
f 291/337/376 290/335/374 276/336/350 
f 291/337/376 276/336/350 288/338/377 
f 292/332/378 291/337/376 288/338/377 
f 292/332/378 288/338/377 287/339/379 
f 292/332/380 287/339/381 286/340/363 
f 292/332/382 286/340/363 285/341/361 
f 291/337/383 292/332/384 285/341/361 
f 291/337/383 285/341/361 283/342/359 
f 290/335/373 291/337/383 283/342/359 
f 290/335/373 283/342/359 281/332/357 
f 293/343/385 294/344/386 295/345/387 
f 296/306/388 293/343/389 295/345/387 
f 296/306/390 295/345/391 297/346/392 
f 296/306/390 297/346/392 298/347/393 
f 299/348/394 296/349/395 298/350/396 
f 299/351/397 298/347/393 300/352/398 
f 301/353/399 299/351/400 300/352/401 
f 301/353/399 300/352/398 302/354/402 
f 301/353/399 302/354/403 303/355/404 
f 301/353/405 303/355/404 304/356/406 
f 299/351/407 301/353/408 304/356/409 
f 299/351/410 304/356/406 305/357/411 
f 299/351/412 305/357/413 293/343/385 
f 296/349/414 299/348/415 293/358/416 
f 306/359/417 307/360/418 308/361/419 
f 309/362/420 306/359/421 308/361/422 
f 309/362/420 308/361/423 310/363/424 
f 309/362/420 310/363/424 311/364/425 
f 312/365/426 309/362/420 311/364/425 
f 312/365/427 311/364/425 313/366/428 
f 312/365/427 313/366/429 314/367/430 
f 312/365/426 314/367/431 315/368/432 
f 309/362/420 312/365/433 315/368/434 
f 309/362/420 315/368/435 306/359/421 
f 298/369/393 297/370/392 316/371/436 
f 317/372/437 298/369/393 316/371/436 
f 317/372/438 316/371/439 294/373/386 
f 317/372/438 294/373/386 293/374/389 
f 318/375/440 317/372/438 293/374/389 
f 318/375/441 293/374/442 305/376/443 
f 319/377/444 318/375/440 305/376/445 
f 319/377/444 305/376/445 304/378/446 
f 319/377/447 304/378/409 303/379/404 
f 319/377/448 303/379/404 302/380/402 
f 318/375/449 319/377/450 302/380/451 
f 318/375/452 302/380/451 300/381/453 
f 317/372/437 318/375/449 300/381/453 
f 317/372/437 300/381/398 298/369/393 
f 320/382/454 321/383/455 322/384/456 
f 323/385/457 320/382/454 322/384/456 
f 323/385/458 322/384/459 324/386/460 
f 323/385/458 324/386/460 325/387/461 
f 326/388/462 323/385/458 325/387/461 
f 326/388/462 325/387/463 327/389/464 
f 328/390/465 326/388/462 327/389/464 
f 328/390/465 327/389/464 329/391/466 
f 328/390/467 329/391/466 330/392/468 
f 328/390/469 330/392/468 331/393/470 
f 326/388/471 328/390/472 331/393/473 
f 326/388/471 331/393/473 332/394/474 
f 323/385/457 326/388/471 332/394/474 
f 323/385/457 332/394/474 320/382/454 
f 325/395/475 324/396/460 333/397/476 
f 334/398/477 325/395/478 333/397/479 
f 334/398/480 333/397/481 321/399/455 
f 334/398/480 321/399/455 320/400/454 
f 335/401/482 334/398/480 320/400/454 
f 335/401/482 320/400/454 332/402/474 
f 336/403/483 335/401/482 332/402/474 
f 336/403/483 332/402/474 331/404/470 
f 336/403/484 331/404/485 330/405/468 
f 336/403/486 330/405/468 329/406/466 
f 335/401/487 336/403/488 329/406/466 
f 335/401/487 329/406/466 327/407/489 
f 335/401/487 327/407/490 325/395/491 
f 334/398/492 335/401/487 325/395/475 
f 80/102/87 337/408/493 78/100/85 
f 81/103/88 337/408/493 80/102/87 
f 91/113/98 337/408/493 81/103/88 
f 92/114/99 337/408/493 91/113/98 
f 338/409/494 337/408/493 92/114/99 
f 78/100/85 337/408/493 338/409/494 
f 339/410/495 340/411/496 341/412/497 
f 342/413/498 339/410/495 341/412/497 
f 342/413/499 341/412/497 343/414/500 
f 342/413/501 343/414/500 344/412/502 
f 345/410/503 342/413/501 344/412/502 
f 346/415/504 345/410/503 344/412/502 
f 346/415/504 344/412/502 347/411/505 
f 348/416/506 346/415/504 347/411/505 
f 348/416/506 347/411/505 349/417/507 
f 348/416/506 349/417/507 340/411/496 
f 350/415/508 348/416/506 340/411/496 
f 350/415/508 340/411/496 339/410/495 
f 76/418/83 56/419/58 65/420/67 
f 351/421/509 56/419/58 76/418/83 
f 351/421/509 53/422/55 56/419/58 
f 351/421/509 55/423/57 53/422/55 
f 351/421/509 67/85/73 55/423/57 
f 351/421/509 352/424/510 67/85/73 
f 76/418/83 352/424/510 351/421/509 
f 73/95/511 352/424/510 76/418/83 
f 353/425/512 352/424/510 73/95/511 
f 353/425/512 67/85/73 352/424/510 
f 353/425/512 354/426/513 67/85/514 
f 353/425/512 128/427/149 354/426/515 
f 353/425/512 129/428/148 128/427/149 
f 353/425/512 130/429/150 129/428/148 
f 353/425/512 355/430/516 130/429/150 
f 73/95/511 355/430/516 353/425/512 
f 70/92/76 355/430/516 73/95/79 
f 356/121/517 355/430/516 70/92/76 
f 357/431/518 355/430/516 356/121/517 
f 358/222/519 355/430/516 357/431/518 
f 311/432/520 310/433/424 359/434/521 
f 360/314/522 311/432/523 359/434/521 
f 360/314/524 359/434/525 307/435/418 
f 360/314/524 307/435/418 306/436/526 
f 361/437/527 360/314/524 306/436/526 
f 361/437/528 306/436/526 315/438/529 
f 361/437/528 315/438/530 314/439/531 
f 361/437/532 314/439/431 313/440/429 
f 360/314/522 361/437/533 313/440/429 
f 360/314/534 313/440/535 311/432/523 
f 117/117/127 107/441/117 106/118/116 
f 117/117/127 119/442/536 107/441/117 
f 104/116/114 362/117/537 125/118/538 
f 104/116/114 103/127/113 362/117/537 
f 363/443/539 358/133/519 357/134/518 
f 363/443/539 364/444/540 358/133/519 
f 363/443/539 202/133/227 364/444/540 
f 201/134/226 202/133/227 363/443/539 
f 125/116/538 109/117/119 126/118/541 
f 125/116/538 362/127/537 109/117/119 
f 365/445/542 366/446/543 367/447/544 
f 368/448/545 366/446/543 365/445/542 
f 78/100/85 369/449/546 72/450/78 
f 338/409/494 369/449/546 78/100/85 
f 370/451/547 369/449/546 338/409/494 
f 371/452/548 370/451/547 338/409/494 
f 92/114/99 371/452/548 338/409/494 
f 222/453/250 371/452/548 92/114/99 
f 134/117/154 140/116/160 135/118/155 
f 134/117/154 138/119/549 140/116/160 
f 178/194/550 158/36/178 157/195/177 
f 178/194/550 372/454/551 158/36/178 
f 178/194/199 373/455/552 372/454/551 
f 176/192/197 373/455/552 178/194/199 
f 174/190/194 373/455/552 176/192/197 
f 179/197/201 373/455/552 174/190/553 
f 181/199/203 373/455/552 179/197/201 
f 181/199/203 374/456/554 373/455/552 
f 183/200/205 374/456/554 181/199/203 
f 186/201/208 374/456/554 183/200/205 
f 186/201/208 375/457/555 374/456/554 
f 186/201/208 376/186/556 375/457/555 
f 188/203/210 376/186/556 186/201/208 
f 188/203/210 377/458/557 376/186/556 
f 188/203/210 223/199/558 377/458/557 
f 142/204/162 223/199/559 188/203/210 
f 206/459/231 213/117/238 204/118/229 
f 206/459/231 225/442/560 213/117/238 
f 212/460/237 230/118/561 195/459/219 
f 212/460/237 211/117/236 230/118/562 
f 211/117/236 232/116/563 230/118/562 
f 211/117/236 210/127/235 232/116/563 
f 44/46/564 378/461/565 32/34/33 
f 379/462/566 378/461/565 44/46/45 
f 379/462/566 380/42/567 378/461/565 
f 381/463/568 380/42/567 379/462/566 
f 381/463/569 39/41/40 380/42/567 
f 381/463/568 41/43/42 39/41/40 
f 381/463/568 58/464/60 41/43/42 
f 382/188/570 58/464/60 381/463/568 
f 382/188/570 61/465/63 58/464/60 
f 383/463/571 61/465/63 382/188/570 
f 383/463/571 62/464/64 61/465/63 
f 384/466/572 62/464/64 383/463/571 
f 384/466/572 64/463/66 62/464/64 
f 384/466/572 66/464/68 64/463/66 
f 385/190/573 66/464/68 384/466/572 
f 385/190/573 65/464/67 66/464/68 
f 386/201/574 65/464/67 385/190/573 
f 386/201/574 76/200/83 65/464/67 
f 386/201/574 75/467/82 76/200/83 
f 386/201/574 74/188/80 75/467/82 
f 386/201/574 98/44/575 74/188/576 
f 386/201/574 387/457/577 98/44/575 
f 385/190/573 387/457/577 386/201/574 
f 385/190/573 388/38/578 387/457/577 
f 385/190/573 389/45/579 388/38/578 
f 384/466/572 389/45/579 385/190/573 
f 383/463/571 389/45/579 384/466/572 
f 383/463/571 390/456/580 389/45/579 
f 382/188/570 390/456/580 383/463/571 
f 381/463/581 390/456/580 382/188/570 
f 379/462/566 390/456/580 381/463/568 
f 44/46/45 390/456/580 379/462/566 
f 46/48/48 390/456/580 44/46/45 
f 46/48/48 391/47/582 390/456/580 
f 47/33/49 391/47/582 46/48/48 
f 47/33/49 392/49/583 391/47/582 
f 50/50/52 392/49/583 47/33/49 
f 50/50/52 393/468/584 392/49/583 
f 52/52/54 393/468/584 50/50/52 
f 54/54/585 393/468/584 52/52/54 
f 98/44/586 393/468/584 54/54/587 
f 387/457/577 393/468/584 98/44/586 
f 387/457/577 392/49/583 393/468/584 
f 388/38/578 392/49/583 387/457/577 
f 388/38/578 391/47/582 392/49/583 
f 389/45/579 391/47/582 388/38/578 
f 389/45/579 390/456/580 391/47/582 
f 370/469/547 356/470/517 369/471/546 
f 370/469/547 394/472/588 356/470/517 
f 370/469/547 200/470/225 394/472/588 
f 371/473/548 200/470/225 370/469/547 
f 395/133/589 396/474/590 113/134/123 
f 358/134/519 396/474/590 395/133/589 
f 364/443/540 396/474/590 358/134/519 
f 202/134/227 396/474/590 364/443/540 
f 397/133/591 396/474/590 202/134/227 
f 116/134/126 396/474/590 397/133/591 
f 111/132/121 396/474/590 116/134/126 
f 111/132/121 113/134/123 396/474/590 
f 398/475/592 131/155/151 120/140/131 
f 398/475/592 127/151/145 131/155/151 
f 398/475/592 124/148/141 127/151/145 
f 398/475/592 123/146/138 124/148/141 
f 398/475/592 122/143/134 123/146/138 
f 398/475/592 121/142/133 122/143/134 
f 120/140/131 121/142/133 398/475/592 
f 399/476/593 400/477/594 401/478/595 
f 399/476/593 401/478/595 402/479/596 
f 403/480/597 399/476/598 402/479/599 
f 403/480/597 402/479/599 404/481/600 
f 405/482/601 403/480/597 404/481/600 
f 405/482/601 404/481/600 406/483/602 
f 400/477/594 405/482/603 406/483/604 
f 401/478/605 400/477/594 406/483/604 
f 401/478/606 406/483/604 407/484/607 
f 401/478/606 407/484/607 408/485/608 
f 402/479/596 401/478/605 408/485/609 
f 402/479/596 408/485/610 409/486/611 
f 404/481/600 402/479/599 409/486/612 
f 404/481/600 409/486/612 410/487/613 
f 406/483/602 404/481/600 410/487/613 
f 407/484/614 406/483/602 410/487/613 
f 411/488/615 407/484/616 410/487/613 
f 411/488/617 410/487/613 409/486/618 
f 411/488/615 409/486/619 408/485/609 
f 407/484/620 411/488/621 408/485/609 
f 166/489/186 214/490/622 190/491/212 
f 166/489/186 412/492/623 214/490/622 
f 163/493/183 412/492/623 166/489/186 
f 163/493/183 413/493/624 412/492/623 
f 161/494/181 413/493/624 163/493/183 
f 161/494/181 414/48/625 413/493/624 
f 159/47/179 414/48/625 161/494/181 
f 158/36/178 414/48/625 159/47/179 
f 372/454/551 414/48/625 158/36/178 
f 372/454/551 415/495/626 414/48/625 
f 373/455/552 415/495/626 372/454/551 
f 374/456/554 415/495/626 373/455/552 
f 375/457/555 415/495/626 374/456/554 
f 375/457/555 416/494/627 415/495/626 
f 376/186/556 416/494/627 375/457/555 
f 376/186/556 417/40/628 416/494/627 
f 377/458/629 417/40/628 376/186/556 
f 214/490/630 417/40/628 377/458/629 
f 412/492/623 417/40/628 214/490/631 
f 413/493/624 417/40/628 412/492/623 
f 413/493/624 416/494/627 417/40/628 
f 414/48/625 416/494/627 413/493/624 
f 414/48/625 415/495/626 416/494/627 
f 210/117/235 139/116/159 232/118/563 
f 210/117/235 137/127/157 139/116/159 
f 418/496/632 419/497/633 420/498/634 
f 421/499/635 418/496/632 420/498/634 
f 421/499/635 420/498/634 422/500/636 
f 423/501/637 421/499/635 422/500/636 
f 423/501/637 422/500/636 424/502/638 
f 425/503/639 423/501/637 424/502/638 
f 425/503/640 424/502/641 426/504/642 
f 425/503/643 426/504/642 427/505/644 
f 425/503/645 427/505/644 428/506/646 
f 423/501/647 425/503/645 428/506/646 
f 423/501/647 428/506/646 429/507/648 
f 421/499/649 423/501/647 429/507/650 
f 421/499/649 429/507/650 430/508/651 
f 418/496/652 421/499/649 430/508/651 
f 431/509/653 275/510/348 274/511/654 
f 432/512/655 431/509/656 274/511/657 
f 432/512/655 274/511/657 273/513/658 
f 433/514/659 432/512/655 273/513/660 
f 433/514/661 273/513/662 272/515/340 
f 433/514/663 272/515/664 270/516/338 
f 433/514/663 270/516/665 268/517/666 
f 432/512/655 433/514/661 268/517/666 
f 432/512/655 268/517/666 267/115/331 
f 431/509/667 432/512/655 267/115/331 
f 434/518/668 430/519/651 429/396/669 
f 434/518/670 429/396/671 435/520/672 
f 419/521/633 434/518/673 435/520/674 
f 420/522/634 419/521/633 435/520/674 
f 420/522/634 435/520/674 436/523/675 
f 422/524/636 420/522/634 436/523/675 
f 422/524/636 436/523/675 437/525/676 
f 424/526/641 422/524/636 437/525/676 
f 426/527/642 424/526/677 437/525/678 
f 427/528/644 426/527/642 437/525/679 
f 427/528/644 437/525/680 436/523/681 
f 428/529/682 427/528/644 436/523/681 
f 429/396/683 428/529/684 436/523/681 
f 429/396/669 436/523/681 435/520/685 
f 356/133/517 363/530/539 357/134/518 
f 394/531/588 363/530/539 356/133/517 
f 200/133/225 363/530/539 394/531/588 
f 200/133/225 201/134/226 363/530/539 
f 118/85/129 438/532/686 119/533/687 
f 439/534/688 438/532/686 118/85/129 
f 439/534/688 112/535/122 438/532/686 
f 439/534/688 113/536/123 112/535/122 
f 439/534/688 440/424/689 113/536/123 
f 118/85/129 440/424/689 439/534/688 
f 132/537/152 440/424/689 118/85/129 
f 130/429/150 440/424/689 132/537/152 
f 130/429/150 441/538/690 440/424/689 
f 355/430/516 441/538/690 130/429/150 
f 358/222/519 441/538/690 355/430/516 
f 395/539/589 441/538/690 358/222/519 
f 395/539/589 440/424/689 441/538/690 
f 113/536/123 440/424/689 395/539/589 
f 71/540/77 78/541/85 72/542/78 
f 79/543/86 78/541/85 71/540/77 
f 74/544/691 79/543/86 71/540/77 
f 197/218/222 203/223/228 198/219/223 
f 197/218/222 442/545/692 203/223/228 
f 227/546/256 442/545/692 197/218/222 
f 224/216/252 442/545/692 227/546/256 
f 224/216/252 443/547/693 442/545/692 
f 224/216/252 444/548/694 443/547/693 
f 225/549/695 444/548/694 224/216/252 
f 115/550/125 443/547/693 444/548/694 
f 116/536/126 443/547/693 115/550/125 
f 116/536/126 442/545/692 443/547/693 
f 397/217/591 442/545/692 116/536/126 
f 397/217/591 203/223/228 442/545/692 
f 202/222/227 203/223/228 397/217/591 
f 222/551/250 200/552/225 371/553/548 
f 222/551/250 199/554/224 200/552/225 
f 146/555/166 445/556/696 144/557/164 
f 446/558/697 445/556/696 146/555/166 
f 447/559/698 445/556/696 446/558/697 
f 448/560/699 445/556/696 447/559/698 
f 449/561/700 448/560/699 447/559/698 
f 85/562/92 448/560/699 449/561/700 
f 450/563/701 85/562/92 449/561/700 
f 86/564/93 85/562/92 450/563/701 
f 87/562/94 86/564/93 450/563/701 
f 451/561/702 87/562/94 450/563/701 
f 236/560/274 87/562/94 451/561/702 
f 452/559/703 236/560/274 451/561/702 
f 237/556/275 236/560/274 452/559/703 
f 453/558/704 237/556/275 452/559/703 
f 152/555/172 237/556/275 453/558/704 
f 151/557/171 237/556/275 152/555/172 
f 187/565/209 164/566/184 165/567/185 
f 185/568/207 164/566/184 187/565/209 
f 184/569/206 164/570/184 185/571/207 
f 184/569/206 162/572/182 164/570/184 
f 182/573/204 162/572/182 184/569/206 
f 182/573/204 160/574/180 162/572/182 
f 180/575/202 160/574/180 182/573/204 
f 154/170/174 160/574/180 180/575/202 
f 154/170/174 156/172/176 160/574/180 
f 83/576/90 448/261/699 85/263/92 
f 367/577/544 448/261/699 83/576/90 
f 82/578/89 367/577/544 83/576/90 
f 365/579/542 367/577/544 82/578/89 
f 77/580/84 365/579/542 82/578/89 
f 99/581/107 365/579/542 77/580/84 
f 100/582/108 365/579/542 99/581/107 
f 368/448/545 365/445/542 100/583/108 
f 1/275/1 368/271/545 100/276/108 
f 3/274/3 368/271/545 1/275/1 
f 148/273/168 368/271/545 3/274/3 
f 366/272/543 368/271/545 148/273/168 
f 144/584/164 366/585/543 148/586/168 
f 445/587/696 366/585/543 144/584/164 
f 367/447/544 366/446/543 445/446/696 
f 448/588/699 367/447/544 445/446/696 
f 93/589/100 377/590/705 223/591/559 
f 90/592/97 377/590/706 93/589/100 
f 239/593/277 377/590/706 90/592/97 
f 238/594/276 377/590/706 239/593/277 
f 238/594/276 214/211/707 377/590/706 
f 238/124/276 216/89/243 214/125/244 
f 24/126/25 216/89/243 238/124/276 
f 228/246/257 454/595/708 226/244/255 
f 229/248/258 454/595/708 228/246/257 
f 231/252/262 454/595/708 229/248/258 
f 233/255/266 454/595/708 231/252/262 
f 234/257/269 454/595/708 233/255/266 
f 235/260/273 454/595/708 234/257/269 
f 235/260/273 226/244/255 454/595/708 
f 455/596/709 252/597/296 251/598/294 
f 456/599/710 455/596/709 251/598/294 
f 456/599/710 251/598/294 250/600/711 
f 457/601/712 456/599/710 250/600/713 
f 457/601/712 250/600/713 249/602/714 
f 458/603/715 457/601/712 249/602/716 
f 458/603/717 249/602/718 248/604/287 
f 458/603/719 248/604/287 246/605/284 
f 458/603/720 246/605/284 244/606/282 
f 457/601/721 458/603/720 244/606/282 
f 457/601/721 244/606/282 242/607/280 
f 456/599/722 457/601/721 242/607/280 
f 456/599/722 242/607/280 241/608/279 
f 455/596/723 456/599/722 241/608/279 
f 459/609/724 257/610/302 258/611/305 
f 460/612/725 459/609/724 258/611/305 
f 460/612/725 258/611/305 260/613/726 
f 461/614/727 460/612/725 260/613/726 
f 461/614/728 260/613/726 262/615/729 
f 462/616/730 461/614/727 262/615/729 
f 462/616/731 262/615/314 263/617/315 
f 462/616/732 263/617/315 264/618/319 
f 462/616/733 264/618/734 265/619/735 
f 461/614/736 462/616/733 265/619/735 
f 461/614/737 265/619/738 255/620/739 
f 460/612/740 461/614/736 255/620/300 
f 460/612/740 255/620/300 254/621/299 
f 459/609/741 460/612/740 254/621/299 
f 126/118/742 110/442/120 128/459/149 
f 126/118/541 109/117/119 110/442/120 
f 362/225/537 108/131/118 109/129/119 
f 362/225/537 463/224/743 108/131/118 
f 103/227/113 463/224/743 362/225/537 
f 103/227/113 464/226/744 463/224/743 
f 94/228/101 464/226/744 103/227/113 
f 96/227/103 464/226/744 94/228/101 
f 101/225/110 464/226/744 96/227/103 
f 101/225/110 463/224/743 464/226/744 
f 106/129/116 463/224/743 101/225/110 
f 106/129/116 108/131/118 463/224/743 
f 356/622/517 72/623/78 369/553/546 
f 356/622/517 70/281/76 72/623/78 
f 171/34/191 465/457/745 466/624/746 
f 172/186/192 465/457/745 171/34/191 
f 173/189/193 465/457/745 172/186/192 
f 173/189/193 467/191/747 465/457/745 
f 221/625/249 199/220/224 222/626/250 
f 221/625/249 141/213/161 199/220/224 
f 223/591/559 141/213/161 221/625/249 
f 223/591/559 142/627/162 141/213/748 
f 468/412/749 469/411/750 470/410/751 
f 468/412/749 470/410/751 471/413/752 
f 472/414/753 468/412/749 471/413/754 
f 473/412/755 472/414/753 471/413/756 
f 473/412/755 471/413/756 474/410/757 
f 473/412/755 474/410/757 475/415/758 
f 476/411/759 473/412/755 475/415/758 
f 476/411/759 475/415/758 477/416/760 
f 478/417/761 476/411/759 477/416/760 
f 469/411/750 478/417/761 477/416/760 
f 469/411/750 477/416/760 479/415/762 
f 470/410/751 469/411/750 479/415/762 
f 480/628/763 481/629/764 482/630/765 
f 483/631/766 480/628/763 482/630/765 
f 483/631/767 482/630/768 484/632/769 
f 485/633/770 483/631/767 484/632/769 
f 485/633/770 484/632/769 486/634/771 
f 487/635/772 485/633/770 486/634/771 
f 487/635/773 486/634/774 481/629/764 
f 487/635/773 481/629/764 480/628/775 
f 488/636/776 487/635/773 480/628/777 
f 489/637/778 488/636/776 480/628/779 
f 489/637/780 480/628/781 483/631/766 
f 490/638/782 489/637/780 483/631/766 
f 490/638/783 483/631/767 485/633/770 
f 491/639/784 490/638/783 485/633/770 
f 491/639/784 485/633/770 487/635/772 
f 491/639/784 487/635/772 488/636/785 
f 492/636/786 491/639/784 488/636/787 
f 492/636/788 488/636/789 489/637/790 
f 492/636/786 489/637/790 490/638/791 
f 491/639/784 492/636/792 490/638/793 
f 493/640/794 494/641/795 495/642/796 
f 493/640/794 496/643/797 494/641/795 
f 497/644/798 496/643/797 493/640/794 
f 497/644/798 26/645/27 496/643/797 
f 497/644/799 29/646/30 26/645/27 
f 497/647/798 498/648/800 29/649/30 
f 497/647/798 499/650/801 498/648/800 
f 497/647/798 500/651/802 499/650/801 
f 497/647/803 501/652/804 500/651/802 
f 493/653/794 501/652/804 497/647/798 
f 502/654/805 501/652/804 493/653/794 
f 502/654/805 503/655/806 501/652/804 
f 502/654/805 504/656/807 503/655/806 
f 502/654/805 505/657/808 504/656/807 
f 502/658/805 506/659/809 505/660/808 
f 502/658/805 495/642/796 506/659/809 
f 493/640/794 495/642/796 502/658/805 
f 507/661/810 508/662/811 509/663/812 
f 507/661/810 510/664/813 508/662/811 
f 511/665/814 510/664/813 507/661/810 
f 512/666/815 510/664/813 511/665/814 
f 512/666/815 513/667/816 510/664/813 
f 512/666/815 514/668/817 513/667/816 
f 515/669/818 514/668/817 512/666/815 
f 515/669/818 516/670/819 514/668/817 
f 517/670/820 516/670/819 515/669/818 
f 517/670/820 518/671/821 516/670/819 
f 519/672/822 6/6/6 8/8/8 
f 5/5/5 6/6/6 519/672/822 
f 21/21/22 5/5/5 519/672/822 
f 19/19/20 21/21/22 519/672/822 
f 520/673/823 19/19/20 519/672/822 
f 8/8/8 520/673/823 519/672/822 
f 10/10/10 520/673/823 8/8/8 
f 13/13/13 520/673/823 10/10/10 
f 16/16/16 520/673/823 13/13/13 
f 19/19/20 520/673/823 16/16/16 
f 215/231/242 194/215/217 191/211/213 
f 521/674/824 194/675/825 215/676/242 
f 521/677/826 195/678/219 194/679/217 
f 522/680/827 195/678/828 521/677/826 
f 523/681/829 195/678/219 522/680/827 
f 524/682/830 195/683/828 523/684/829 
f 524/682/830 212/685/237 195/683/219 
f 524/682/830 205/686/230 212/685/237 
f 525/687/831 205/686/230 524/682/830 
f 525/687/831 526/688/832 205/686/230 
f 26/689/27 526/688/832 525/687/831 
f 28/28/29 526/690/832 26/26/27 
f 28/691/29 205/692/230 526/693/832 
f 28/691/29 206/694/231 205/692/230 
f 527/695/833 206/694/231 28/691/29 
f 527/695/833 225/549/560 206/694/231 
f 527/695/833 444/548/694 225/549/695 
f 527/695/833 115/550/125 444/548/694 
f 527/695/833 528/696/834 115/550/125 
f 529/697/835 528/698/834 527/699/833 
f 529/697/835 530/700/836 528/698/834 
f 30/701/837 531/702/838 532/703/839 
f 30/701/840 533/704/841 531/702/838 
f 534/705/842 530/706/836 529/707/835 
f 535/708/843 530/706/836 534/705/842 
f 536/709/844 530/706/836 535/708/843 
f 536/709/844 537/710/845 530/706/836 
f 498/701/800 538/702/846 29/703/30 
f 498/701/800 539/704/847 538/702/846 
f 498/701/800 540/702/848 539/704/847 
f 498/701/800 499/703/801 540/702/848 
f 541/703/849 542/704/850 543/702/851 
f 541/703/849 544/701/852 542/704/850 
f 545/711/853 524/712/830 523/713/829 
f 545/711/853 525/714/831 524/712/830 
f 546/715/854 525/714/831 545/711/853 
f 547/716/855 525/714/831 546/715/854 
f 547/716/855 26/717/27 525/714/831 
f 548/718/856 26/717/27 547/716/855 
f 548/718/856 496/719/797 26/717/27 
f 549/720/857 496/719/797 548/718/856 
f 549/720/857 494/721/795 496/719/797 
f 550/722/858 494/721/795 549/720/857 
f 550/722/858 495/723/796 494/721/795 
f 550/722/858 506/724/809 495/723/796 
f 551/725/859 506/724/809 550/722/858 
f 541/703/860 552/704/861 553/701/862 
f 541/703/863 543/702/851 552/704/861 
f 552/704/861 554/703/864 553/701/862 
f 552/704/861 555/702/865 554/703/864 
f 523/726/829 556/727/866 545/728/853 
f 522/729/827 556/727/866 523/726/829 
f 522/729/827 557/730/867 556/727/868 
f 558/731/869 557/730/870 522/729/827 
f 558/731/869 559/732/871 557/730/870 
f 560/733/872 559/732/871 558/731/869 
f 560/733/872 561/734/873 559/732/871 
f 562/735/874 561/736/873 560/737/872 
f 563/738/875 561/736/873 562/735/874 
f 564/739/876 561/736/873 563/738/875 
f 564/739/876 559/740/871 561/736/873 
f 564/739/876 557/741/870 559/740/871 
f 565/742/877 557/741/870 564/739/876 
f 565/743/877 517/744/820 566/745/878 
f 565/743/877 518/746/821 517/744/820 
f 564/747/876 567/743/879 568/746/880 
f 564/747/876 563/745/875 567/743/879 
f 509/663/812 569/748/881 507/661/810 
f 570/749/882 569/748/881 509/663/812 
f 570/749/882 571/750/883 569/748/881 
f 570/749/882 572/751/884 571/750/883 
f 573/752/885 572/751/884 570/749/882 
f 574/753/886 572/751/884 573/752/885 
f 574/753/886 575/754/887 572/751/884 
f 576/755/888 575/754/887 574/753/886 
f 576/755/888 577/756/889 575/754/887 
f 576/755/888 578/757/890 577/756/889 
f 579/758/891 578/757/890 576/755/888 
f 580/759/892 578/757/890 579/758/891 
f 581/760/893 578/757/890 580/759/892 
f 582/761/894 581/760/893 580/759/892 
f 583/762/895 581/760/893 582/761/894 
f 584/763/896 583/762/895 582/761/894 
f 585/764/897 584/763/896 582/761/894 
f 586/765/898 584/763/896 585/764/897 
f 587/766/899 586/765/898 585/764/897 
f 588/756/900 586/765/898 587/766/899 
f 588/756/900 567/738/879 586/765/898 
f 588/756/900 568/767/880 567/738/879 
f 589/768/901 568/767/880 588/756/900 
f 589/768/901 518/671/821 568/767/880 
f 590/769/902 518/671/821 589/768/901 
f 516/670/819 518/671/821 590/769/902 
f 591/770/903 592/771/904 593/772/905 
f 591/770/903 594/773/906 592/771/904 
f 591/770/903 595/774/907 594/773/906 
f 596/775/908 595/774/907 591/770/903 
f 596/775/908 597/776/909 595/774/910 
f 598/777/911 597/776/909 596/775/908 
f 598/777/911 599/778/912 597/776/909 
f 600/779/913 599/778/912 598/777/911 
f 601/780/914 599/778/912 600/779/913 
f 602/781/915 599/778/912 601/780/914 
f 603/782/916 599/778/912 602/781/915 
f 604/783/917 599/778/912 603/782/916 
f 604/783/917 597/776/909 599/778/912 
f 604/783/917 595/774/910 597/776/909 
f 604/783/917 605/784/918 595/774/919 
f 603/782/916 605/784/918 604/783/917 
f 603/782/916 606/785/920 605/784/918 
f 603/782/916 607/786/921 606/785/920 
f 603/782/916 608/783/922 607/786/921 
f 603/782/916 609/787/923 608/783/922 
f 602/781/915 609/787/923 603/782/916 
f 550/788/858 609/787/923 602/781/915 
f 549/789/857 609/787/923 550/788/858 
f 610/790/924 611/791/925 612/792/926 
f 610/790/924 613/793/927 611/791/925 
f 610/790/924 614/769/928 613/793/927 
f 615/756/929 614/769/928 610/790/924 
f 616/794/930 614/769/928 615/756/929 
f 617/795/931 616/794/930 615/756/929 
f 618/796/932 616/794/930 617/795/931 
f 619/797/933 618/796/932 617/795/931 
f 620/798/934 618/796/932 619/797/933 
f 621/799/935 620/798/934 619/797/933 
f 622/759/936 620/798/934 621/799/935 
f 623/800/937 620/798/934 622/759/936 
f 562/735/874 623/800/937 622/759/936 
f 624/801/938 623/800/937 562/735/874 
f 560/737/872 624/801/938 562/735/874 
f 17/802/18 624/801/938 560/737/872 
f 15/803/17 624/801/938 17/802/18 
f 623/800/937 624/801/938 15/803/939 
f 14/804/940 623/800/937 15/803/939 
f 620/798/934 623/800/937 14/804/940 
f 618/796/932 620/798/934 14/804/940 
f 12/805/12 618/796/932 14/804/941 
f 616/794/930 618/796/932 12/805/12 
f 11/806/11 616/794/930 12/805/12 
f 614/769/928 616/794/930 11/806/11 
f 625/807/942 614/769/928 11/806/11 
f 531/704/838 626/703/943 532/701/839 
f 531/704/838 627/702/944 626/703/945 
f 628/808/946 593/809/905 629/810/947 
f 630/811/948 593/809/905 628/808/946 
f 630/811/948 591/812/903 593/809/905 
f 630/811/948 596/813/908 591/812/903 
f 631/814/949 596/813/908 630/811/948 
f 631/814/949 598/815/911 596/813/908 
f 632/816/950 598/815/911 631/814/949 
f 632/816/950 600/817/913 598/815/911 
f 633/818/951 600/817/913 632/816/950 
f 633/818/951 601/819/914 600/817/913 
f 634/820/952 601/819/914 633/818/951 
f 635/821/953 601/819/914 634/820/952 
f 635/821/953 551/725/859 601/819/914 
f 636/746/954 569/822/881 571/744/883 
f 636/746/954 637/743/955 569/822/881 
f 617/745/931 577/746/889 578/743/890 
f 615/747/929 577/746/889 617/745/931 
f 541/823/956 638/823/957 639/824/958 
f 541/823/860 640/825/959 638/823/960 
f 553/825/862 640/825/959 541/823/860 
f 553/825/862 641/826/961 640/825/959 
f 554/826/864 641/826/961 553/825/862 
f 626/701/945 542/702/850 544/703/962 
f 626/701/963 627/704/944 542/702/850 
f 583/743/895 619/744/933 581/746/893 
f 621/745/935 619/744/933 583/743/895 
f 622/744/936 621/745/935 583/743/895 
f 584/746/896 622/744/936 583/743/895 
f 605/746/964 511/822/814 507/744/810 
f 606/743/920 511/822/814 605/746/965 
f 607/746/966 511/822/814 606/743/920 
f 607/746/967 512/744/815 511/822/814 
f 119/533/536 642/693/968 107/549/117 
f 438/532/686 642/693/968 119/533/687 
f 112/535/122 642/693/968 438/532/686 
f 112/535/122 643/691/969 642/693/968 
f 644/827/970 645/828/971 646/829/972 
f 644/827/970 647/830/973 645/828/971 
f 644/827/970 648/831/974 647/830/973 
f 649/832/975 648/831/974 644/827/970 
f 643/833/969 649/834/975 644/835/970 
f 643/833/969 650/836/976 649/834/975 
f 651/703/977 652/704/978 653/701/979 
f 651/703/980 654/702/981 652/704/978 
f 22/837/23 216/838/243 24/839/25 
f 20/840/21 216/838/243 22/837/23 
f 655/841/982 216/838/243 20/840/21 
f 655/841/982 521/842/824 216/838/243 
f 655/841/983 560/733/872 521/842/984 
f 655/841/985 17/843/18 560/733/872 
f 655/841/985 18/844/19 17/843/18 
f 20/840/21 18/844/19 655/841/985 
f 548/845/856 609/787/923 549/789/857 
f 548/845/856 656/846/986 609/787/923 
f 547/847/855 656/846/986 548/845/856 
f 547/847/855 657/848/987 656/846/986 
f 546/849/854 657/848/988 547/847/855 
f 546/849/854 658/850/989 657/848/988 
f 546/849/854 556/851/866 658/850/989 
f 545/852/853 556/851/866 546/849/854 
f 626/853/945 536/854/844 535/855/843 
f 544/856/990 536/854/844 626/853/991 
f 541/857/992 536/854/844 544/856/993 
f 541/857/994 537/858/845 536/854/844 
f 639/859/958 537/858/845 541/857/992 
f 69/89/74 68/91/71 659/860/995 
f 105/861/115 660/862/996 661/863/997 
f 107/549/117 660/862/996 105/861/115 
f 642/693/968 660/862/996 107/549/117 
f 642/864/968 646/865/972 660/866/996 
f 643/867/969 646/865/972 642/864/968 
f 643/867/969 644/868/970 646/865/972 
f 653/869/998 647/830/973 651/870/999 
f 653/869/998 645/828/971 647/830/973 
f 662/871/1000 645/828/971 653/869/998 
f 663/872/1001 645/828/971 662/871/1000 
f 663/872/1001 646/829/972 645/828/971 
f 660/873/996 646/829/972 663/872/1001 
f 651/701/980 664/702/1002 654/704/981 
f 651/701/980 665/703/1003 664/702/1002 
f 666/702/1004 667/701/1005 668/703/1006 
f 666/702/1004 669/704/1007 667/701/1005 
f 667/701/1005 670/702/1008 671/703/1009 
f 667/701/1005 669/704/1007 670/702/1008 
f 638/703/1010 664/704/1002 665/701/1011 
f 638/703/1012 672/702/1013 664/704/1002 
f 641/874/961 554/874/864 673/875/1014 
f 29/701/30 533/702/841 30/703/840 
f 29/701/30 538/704/846 533/702/841 
f 554/701/864 540/702/848 499/703/801 
f 554/701/864 555/704/865 540/702/848 
f 656/846/986 608/783/922 609/787/923 
f 657/848/987 608/783/922 656/846/986 
f 657/848/1015 607/786/921 608/783/922 
f 657/848/987 674/876/1016 607/786/966 
f 657/848/988 566/877/878 674/876/1016 
f 658/850/989 566/877/878 657/848/987 
f 556/851/866 566/877/878 658/850/989 
f 556/851/866 565/878/1017 566/877/878 
f 557/879/1018 565/878/877 556/851/1019 
f 622/745/936 586/746/898 562/744/874 
f 584/743/896 586/746/898 622/745/936 
f 565/747/877 568/743/880 518/746/821 
f 565/747/1020 564/745/876 568/743/880 
f 521/842/826 558/731/869 522/729/827 
f 521/842/826 560/733/872 558/731/869 
f 215/91/242 216/89/243 521/860/824 
f 675/880/1021 634/881/952 633/882/951 
f 676/658/1022 634/881/952 675/880/1021 
f 676/658/1022 635/659/953 634/881/952 
f 676/658/1022 677/660/1023 635/659/953 
f 676/883/1022 504/656/807 677/657/1023 
f 676/883/1022 678/655/1024 504/656/807 
f 676/883/1022 679/884/1025 678/655/1024 
f 675/653/1021 679/884/1025 676/883/1022 
f 680/885/1026 679/884/1025 675/653/1021 
f 680/885/1027 681/651/1028 679/884/1025 
f 680/885/1026 671/886/1009 681/651/1028 
f 680/885/1026 667/887/1005 671/886/1009 
f 680/885/1026 668/888/1006 667/887/1005 
f 680/889/1029 631/890/949 668/891/1006 
f 680/889/1026 632/892/950 631/890/949 
f 675/880/1021 632/892/950 680/889/1026 
f 675/880/1021 633/882/951 632/892/950 
f 551/893/859 682/894/1030 601/780/914 
f 550/788/858 682/894/1030 551/893/859 
f 602/781/915 682/894/1030 550/788/858 
f 602/781/915 601/780/914 682/894/1030 
f 648/854/974 651/857/980 647/895/973 
f 648/854/974 665/896/1031 651/857/999 
f 648/854/974 638/857/1032 665/896/1033 
f 649/834/975 638/857/1034 648/854/974 
f 649/834/975 639/859/958 638/857/1032 
f 650/836/976 639/859/958 649/834/975 
f 683/897/1035 639/859/958 650/836/976 
f 684/898/1036 639/859/958 683/897/1035 
f 684/898/1036 537/858/845 639/859/958 
f 528/833/834 537/858/845 684/898/1036 
f 528/833/834 530/899/836 537/858/845 
f 662/701/1037 652/702/978 685/704/1038 
f 662/701/1039 653/703/979 652/702/978 
f 641/701/961 670/702/1008 686/704/1040 
f 641/701/961 671/703/1009 670/702/1008 
f 687/704/1041 641/703/961 686/702/1040 
f 687/704/1041 640/701/959 641/703/961 
f 637/900/955 595/774/910 605/784/965 
f 636/901/954 595/774/907 637/900/955 
f 636/901/954 594/773/906 595/774/910 
f 636/901/954 592/771/904 594/773/906 
f 612/902/1042 592/771/904 636/901/954 
f 612/902/926 611/903/1043 592/771/1044 
f 566/746/878 515/822/818 674/743/1016 
f 566/746/878 517/744/820 515/822/818 
f 562/745/874 567/746/879 563/747/875 
f 562/745/874 586/743/898 567/746/879 
f 529/697/835 527/699/833 28/904/29 
f 668/701/1006 685/702/1038 666/704/1004 
f 668/701/1006 662/703/1037 685/702/1038 
f 687/704/1041 638/703/960 640/701/959 
f 687/704/1041 672/702/1013 638/703/1012 
f 619/745/933 578/746/890 581/743/893 
f 617/744/931 578/746/890 619/745/933 
f 612/747/1045 575/743/887 610/745/924 
f 612/747/926 572/746/884 575/743/887 
f 688/905/1046 659/906/1047 689/907/1048 
f 625/908/942 659/906/1047 688/905/1046 
f 610/747/924 577/743/889 615/745/929 
f 610/747/924 575/746/887 577/743/889 
f 112/909/122 650/910/976 643/911/969 
f 114/912/124 650/910/976 112/909/122 
f 114/912/124 683/913/1035 650/910/976 
f 114/912/124 684/914/1036 683/913/1035 
f 115/915/125 684/914/1036 114/912/124 
f 115/915/125 528/916/834 684/914/1036 
f 607/822/967 515/746/818 512/744/815 
f 607/822/966 674/743/1016 515/746/818 
f 592/917/904 629/918/947 593/919/905 
f 592/917/904 689/907/1048 629/918/947 
f 611/920/1049 689/907/1048 592/917/1050 
f 611/920/925 688/905/1046 689/907/1048 
f 613/921/927 688/905/1046 611/920/925 
f 625/908/942 688/905/1046 613/921/927 
f 614/922/928 625/908/942 613/921/927 
f 612/743/926 571/744/883 572/746/884 
f 612/743/926 636/745/954 571/744/883 
f 641/923/961 681/924/1028 671/925/1009 
f 641/923/961 679/926/1025 681/924/1028 
f 673/927/1014 679/926/1025 641/923/961 
f 673/927/1014 678/928/1024 679/926/1025 
f 690/929/1051 678/928/1024 673/927/1014 
f 690/929/1051 504/930/807 678/928/1024 
f 690/929/1051 503/928/806 504/930/807 
f 673/927/1014 503/928/806 690/929/1051 
f 673/927/1014 501/931/804 503/928/806 
f 554/923/864 501/931/804 673/927/1014 
f 554/923/864 500/932/802 501/931/804 
f 499/933/801 500/932/802 554/923/864 
f 535/708/843 532/934/1052 626/935/1053 
f 534/705/842 532/934/1052 535/708/843 
f 534/705/842 30/936/31 532/934/1052 
f 534/705/842 27/937/28 30/936/31 
f 529/707/835 27/937/28 534/705/842 
f 529/707/835 28/938/29 27/937/28 
f 354/426/513 68/88/71 67/85/73 
f 659/674/995 68/676/71 354/675/1054 
f 128/678/1055 659/677/1047 354/679/513 
f 128/678/1055 689/680/1048 659/677/1047 
f 128/678/149 629/681/947 689/680/1048 
f 128/683/1055 628/682/946 629/684/947 
f 110/685/120 628/682/946 128/683/149 
f 105/686/115 628/682/946 110/685/120 
f 105/686/115 630/687/948 628/682/946 
f 661/688/997 630/687/948 105/686/115 
f 661/688/997 631/689/949 630/687/948 
f 660/27/996 631/26/949 661/29/997 
f 663/28/1001 631/26/949 660/27/996 
f 663/28/1001 668/690/1006 631/26/949 
f 662/939/1000 668/940/1006 663/941/1001 
f 69/942/74 4/943/4 1/944/1 
f 7/945/7 4/943/4 69/942/74 
f 691/946/1056 7/945/7 69/942/74 
f 9/947/9 7/945/7 691/946/1057 
f 11/948/11 9/947/9 691/946/1057 
f 625/908/942 11/948/11 691/946/1057 
f 659/906/1058 625/908/942 691/946/1059 
f 69/942/74 659/906/995 691/946/1056 
f 605/822/965 569/746/881 637/743/955 
f 605/822/964 507/744/810 569/746/881 
f 538/949/1060 692/950/1061 533/951/1062 
f 538/949/1060 693/952/1063 692/950/1061 
f 538/949/1060 694/953/1064 693/952/1063 
f 539/954/1065 694/953/1064 538/949/1060 
f 539/954/1065 695/955/1066 694/953/1064 
f 540/956/1067 695/955/1066 539/954/1065 
f 555/957/1068 695/955/1066 540/956/1067 
f 555/957/1068 696/958/1069 695/955/1066 
f 552/959/1070 696/958/1069 555/957/1068 
f 552/959/1070 697/960/1071 696/958/1069 
f 543/961/1072 697/960/1071 552/959/1070 
f 543/961/1072 698/962/1073 697/960/1071 
f 542/963/1074 698/962/1073 543/961/1072 
f 542/963/1074 699/964/1075 698/962/1073 
f 542/963/1074 700/965/1076 699/964/1075 
f 627/966/1077 700/965/1076 542/963/1074 
f 531/967/1078 700/965/1076 627/966/1077 
f 531/967/1078 701/968/1079 700/965/1076 
f 531/967/1078 692/950/1061 701/968/1079 
f 533/951/1062 692/950/1061 531/967/1078 
f 701/968/1079 702/969/1080 703/970/1081 
f 692/950/1061 702/969/1080 701/968/1079 
f 692/950/1061 704/971/1082 702/969/1080 
f 693/952/1063 704/971/1082 692/950/1061 
f 694/953/1064 704/971/1082 693/952/1063 
f 694/953/1064 705/972/1083 704/971/1082 
f 694/953/1064 706/973/1084 705/972/1083 
f 695/955/1066 706/973/1084 694/953/1064 
f 696/958/1069 706/973/1084 695/955/1066 
f 696/958/1069 707/974/1085 706/973/1084 
f 697/960/1071 707/974/1085 696/958/1069 
f 697/960/1071 708/975/1086 707/974/1085 
f 698/962/1073 708/975/1086 697/960/1071 
f 698/962/1073 709/976/1087 708/975/1086 
f 699/964/1075 709/976/1087 698/962/1073 
f 699/964/1075 710/977/1088 709/976/1087 
f 699/964/1075 711/978/1089 710/977/1088 
f 700/965/1076 711/978/1089 699/964/1075 
f 701/968/1079 711/978/1089 700/965/1076 
f 701/968/1079 703/970/1081 711/978/1089 
f 712/979/1090 713/980/1091 714/981/1092 
f 715/982/1093 713/980/1091 712/979/1090 
f 716/983/1094 713/980/1091 715/982/1093 
f 717/984/1095 713/980/1091 716/983/1094 
f 718/985/1096 713/980/1091 717/984/1095 
f 718/985/1096 714/981/1092 713/980/1091 
f 719/986/1097 720/987/1098 721/988/1099 
f 719/986/1097 721/988/1099 722/989/1100 
f 723/990/1101 719/986/1097 722/989/1100 
f 723/990/1102 722/989/1100 724/991/1103 
f 723/990/1102 724/991/1104 725/992/1105 
f 723/990/1106 725/992/1107 726/986/1108 
f 723/990/1106 726/986/1109 727/991/1110 
f 723/990/1106 727/991/1110 728/986/1111 
f 723/990/1106 728/986/1111 729/993/1112 
f 719/986/1097 723/990/1106 729/993/1112 
f 719/986/1097 729/993/1112 720/987/1098 
f 730/994/1113 731/995/1114 732/996/1115 
f 733/997/1116 731/995/1114 730/994/1113 
f 733/997/1116 734/998/1117 731/995/1114 
f 735/999/1118 734/998/1117 733/997/1116 
f 735/999/1118 736/1000/1119 734/998/1117 
f 737/1001/1120 736/1000/1119 735/999/1118 
f 737/1001/1120 738/1002/1121 736/1000/1119 
f 737/1001/1120 739/1003/1122 738/1002/1121 
f 740/1004/1123 739/1003/1122 737/1001/1120 
f 740/1004/1123 741/1005/1124 739/1003/1122 
f 742/1006/1125 743/1007/1126 744/983/1127 
f 745/1008/1128 743/1007/1126 742/1006/1125 
f 745/1008/1129 746/991/1130 743/1007/1126 
f 747/1009/1131 746/991/1132 745/1008/1129 
f 748/1010/1133 749/1011/1134 750/1012/1135 
f 748/1010/1133 750/1012/1135 724/1013/1136 
f 748/1010/1137 724/1013/1138 648/1014/1139 
f 638/1015/1140 748/1010/1133 648/1014/1139 
f 751/1016/1141 635/1017/1142 677/1018/1143 
f 752/1019/1144 635/1017/1142 751/1016/1141 
f 752/1019/1145 551/1017/1146 635/1017/1142 
f 752/1019/1145 506/1017/1147 551/1017/1146 
f 753/1016/1148 506/1017/1147 752/1019/1149 
f 753/1016/1148 505/1018/1150 506/1017/1147 
f 754/1020/1151 505/1018/1150 753/1016/1148 
f 754/1020/1151 504/1021/1152 505/1018/1150 
f 754/1020/1151 755/1022/1153 504/1021/1152 
f 754/1020/1151 756/1023/1154 755/1022/1153 
f 754/1020/1151 757/1024/1155 756/1023/1156 
f 753/1016/1148 757/1024/1155 754/1020/1151 
f 752/1019/1157 757/1024/1158 753/1016/1148 
f 751/1016/1141 757/1024/1159 752/1019/1160 
f 758/1025/1161 757/1024/1162 751/1016/1141 
f 758/1025/1161 756/1023/1163 757/1024/1162 
f 758/1025/1161 755/1022/1153 756/1023/1164 
f 758/1025/1161 504/1021/1152 755/1022/1153 
f 758/1025/1161 677/1018/1143 504/1021/1152 
f 751/1016/1141 677/1018/1143 758/1025/1161 
f 759/1026/1165 760/1026/1166 761/1026/1167 
f 759/1026/1165 762/1026/1168 760/1026/1166 
f 763/1026/1169 762/1026/1170 759/1026/1165 
f 763/1026/1169 764/1026/1171 762/1026/1172 
f 765/1026/1173 764/1026/1174 763/1026/1169 
f 765/1026/1173 766/1026/1175 764/1026/1174 
f 767/1026/1176 766/1026/1175 765/1026/1173 
f 767/1026/1176 768/1026/1177 766/1026/1175 
f 767/1026/1176 769/1026/1178 768/1026/1177 
f 770/1026/1179 769/1026/1178 767/1026/1176 
f 771/1026/1180 769/1026/1178 770/1026/1179 
f 771/1026/1180 772/1026/1181 769/1026/1178 
f 771/1026/1180 773/1026/1182 772/1026/1181 
f 774/1026/1183 773/1026/1182 771/1026/1180 
f 774/1026/1183 775/1026/1184 773/1026/1182 
f 776/1026/1185 775/1026/1184 774/1026/1183 
f 776/1026/1185 777/1026/1186 775/1026/1187 
f 778/1026/1188 777/1026/1189 776/1026/1185 
f 778/1026/1188 779/1026/1190 777/1026/1191 
f 780/1026/1192 779/1026/1193 778/1026/1188 
f 781/1027/1194 535/1028/1195 717/1029/1196 
f 781/1027/1194 536/1014/1197 535/1028/1195 
f 782/1030/1198 536/1014/1197 781/1027/1194 
f 782/1030/1198 746/1030/1199 536/1014/1197 
f 783/1031/1200 746/1030/1201 782/1030/1198 
f 783/1031/1200 743/1032/1202 746/1030/1201 
f 784/1033/1203 743/1032/1202 783/1031/1200 
f 784/1033/1203 744/1015/1204 743/1032/1202 
f 785/1034/1205 744/1015/1204 784/1033/1203 
f 786/1035/1206 787/1026/1207 788/1036/1208 
f 786/1035/1206 789/1037/1209 787/1026/1207 
f 787/1038/1210 790/1039/1211 788/1040/1208 
f 787/1038/1210 791/1041/1212 790/1039/1211 
f 792/1042/1213 788/1040/1208 790/1039/1211 
f 792/1042/1213 793/1043/1214 788/1040/1208 
f 794/1044/1215 795/1045/1216 796/1046/1217 
f 794/1044/1215 797/1047/1218 795/1045/1216 
f 797/1026/1218 798/1035/1219 799/1036/1220 
f 797/1026/1218 800/1048/1221 798/1035/1219 
f 768/1049/1222 801/1050/1223 766/1051/1224 
f 768/1049/1222 802/1052/1225 801/1050/1223 
f 768/1049/1222 803/1050/1226 802/1052/1225 
f 769/1051/1227 803/1050/1226 768/1049/1222 
f 772/1049/1228 803/1050/1226 769/1051/1227 
f 772/1049/1228 804/1052/1229 803/1050/1226 
f 772/1049/1228 805/1050/1230 804/1052/1229 
f 773/1051/1231 805/1050/1230 772/1049/1228 
f 806/1052/1232 762/1051/1233 764/1049/1234 
f 806/1052/1232 807/1050/1235 762/1051/1236 
f 808/1053/1237 809/1026/1238 810/1036/1239 
f 811/1037/1240 809/1026/1238 808/1053/1237 
f 812/1053/1241 809/1026/1238 811/1037/1240 
f 812/1053/1241 813/1036/1242 809/1026/1238 
f 814/1053/1243 813/1026/1244 812/1037/1241 
f 814/1053/1243 794/1036/1245 813/1026/1242 
f 764/1051/1246 801/1052/1223 806/1050/1232 
f 764/1051/1234 766/1049/1224 801/1052/1223 
f 775/1051/1247 805/1052/1230 773/1049/1231 
f 775/1051/1248 815/1050/1249 805/1052/1230 
f 815/1052/1249 777/1051/1250 816/1050/1251 
f 815/1052/1249 775/1049/1247 777/1051/1250 
f 715/1054/1252 535/1028/1195 626/1055/1253 
f 715/1054/1252 717/1029/1196 535/1028/1195 
f 712/1056/1254 717/1029/1196 715/1054/1252 
f 712/1056/1254 718/1057/1255 717/1029/1196 
f 714/1058/1256 718/1057/1255 712/1056/1254 
f 817/1059/1257 818/1060/1258 819/1061/1259 
f 820/1062/1260 817/1059/1257 819/1061/1259 
f 820/1062/1260 819/1061/1259 821/1063/1261 
f 666/1064/1262 730/994/1113 669/1065/1263 
f 666/1064/1262 733/997/1116 730/994/1113 
f 685/1066/1264 733/997/1116 666/1064/1262 
f 685/1066/1264 735/999/1118 733/997/1116 
f 652/1067/1265 735/999/1118 685/1066/1264 
f 652/1067/1265 737/1001/1120 735/999/1118 
f 654/1068/1266 737/1001/1120 652/1067/1265 
f 654/1068/1266 740/1004/1123 737/1001/1120 
f 664/1069/1267 740/1004/1123 654/1068/1266 
f 664/1069/1267 741/1005/1124 740/1004/1123 
f 664/1069/1267 822/1070/1268 741/1005/1124 
f 672/1071/1269 822/1070/1268 664/1069/1267 
f 672/1071/1269 823/1072/1270 822/1070/1268 
f 687/1073/1271 823/1072/1270 672/1071/1269 
f 687/1073/1271 824/1074/1272 823/1072/1270 
f 686/1075/1273 824/1074/1272 687/1073/1271 
f 686/1075/1273 825/1076/1274 824/1074/1272 
f 670/1077/1275 825/1076/1274 686/1075/1273 
f 669/1065/1263 825/1076/1274 670/1077/1275 
f 730/994/1113 825/1076/1274 669/1065/1263 
f 732/996/1115 825/1076/1274 730/994/1113 
f 732/996/1115 824/1074/1272 825/1076/1274 
f 826/1078/1276 824/1074/1272 732/996/1115 
f 826/1078/1276 823/1072/1270 824/1074/1272 
f 827/1079/1277 823/1072/1270 826/1078/1276 
f 827/1079/1277 822/1070/1268 823/1072/1270 
f 828/1080/1278 822/1070/1268 827/1079/1277 
f 828/1080/1278 741/1005/1124 822/1070/1268 
f 829/1081/1279 741/1005/1124 828/1080/1278 
f 739/1003/1122 741/1005/1124 829/1081/1279 
f 830/1007/1280 651/1082/1281 821/1083/1282 
f 831/988/1283 830/1007/1280 821/1083/1282 
f 832/1084/1284 831/988/1283 821/1083/1282 
f 832/1084/1284 821/1083/1282 819/1085/1285 
f 832/1084/1284 819/1085/1285 818/1086/1286 
f 832/1084/1284 818/1086/1286 817/1087/1287 
f 832/1084/1284 817/1087/1287 820/1082/1288 
f 831/988/1283 832/1084/1284 820/1082/1288 
f 830/1007/1280 831/988/1283 820/1082/1288 
f 830/1007/1280 820/1082/1288 833/1006/1289 
f 830/1007/1280 833/1006/1289 727/991/1110 
f 830/1007/1280 727/991/1110 726/986/1108 
f 651/1082/1281 830/1007/1280 726/986/1108 
f 665/983/1290 651/1082/1281 726/986/1108 
f 638/983/1291 665/983/1290 726/986/1108 
f 638/983/1291 726/986/1108 834/986/1292 
f 748/984/1293 638/983/1291 834/986/1292 
f 749/1006/1294 748/984/1295 834/986/1292 
f 750/1088/1296 749/1006/1294 834/986/1292 
f 724/991/1297 750/1088/1296 834/986/1292 
f 724/991/1297 834/986/1292 726/986/1108 
f 724/991/1103 726/986/1298 725/992/1299 
f 789/1053/1209 810/1026/1239 787/1036/1300 
f 789/1053/1209 808/1037/1237 810/1026/1301 
f 810/1089/1302 791/1041/1212 787/1038/1210 
f 810/1089/1303 835/1090/1304 791/1041/1212 
f 809/1091/1305 835/1090/1304 810/1089/1303 
f 809/1091/1305 836/1092/1306 835/1090/1304 
f 809/1091/1305 837/1093/1307 836/1092/1306 
f 813/1094/1308 837/1093/1307 809/1091/1305 
f 788/1026/1208 838/1035/1309 786/1048/1206 
f 788/1026/1208 793/1036/1214 838/1035/1309 
f 800/1035/1221 794/1026/1310 814/1037/1243 
f 800/1035/1221 797/1036/1218 794/1026/1310 
f 813/1094/1308 796/1046/1217 837/1093/1307 
f 813/1094/1311 794/1044/1215 796/1046/1217 
f 839/1095/1312 797/1047/1218 799/1096/1220 
f 839/1095/1312 795/1045/1216 797/1047/1218 
f 760/1051/1313 807/1052/1235 840/1050/1314 
f 760/1051/1315 762/1049/1168 807/1052/1235 
f 779/1051/1316 816/1052/1251 777/1049/1317 
f 779/1051/1318 841/1050/1319 816/1052/1251 
f 842/1010/1320 843/1097/1321 844/1013/1322 
f 842/1010/1320 746/1030/1201 843/1097/1321 
f 842/1010/1323 536/1014/1197 746/1030/1324 
f 541/1098/1325 536/1014/1197 842/1010/1320 
f 821/1063/1261 651/1099/1326 647/1100/1327 
f 820/1062/1260 821/1063/1261 647/1100/1327 
f 833/1101/1328 820/1062/1260 647/1100/1327 
f 833/1101/1328 647/1100/1327 648/1014/1139 
f 727/1030/1329 833/1101/1328 648/1014/1139 
f 727/1030/1329 648/1014/1139 724/1013/1330 
f 728/1102/1331 727/1030/1329 724/1013/1136 
f 728/1102/1331 724/1013/1136 722/1103/1332 
f 729/1055/1333 728/1102/1331 722/1103/1332 
f 729/1055/1333 722/1103/1332 721/1104/1334 
f 720/1105/1335 729/1055/1333 721/1104/1334 
f 845/1088/1336 715/982/1093 626/984/1337 
f 845/1088/1336 716/983/1094 715/982/1093 
f 845/1088/1336 717/984/1095 716/983/1094 
f 845/1088/1336 781/991/1338 717/984/1095 
f 845/1088/1336 782/991/1339 781/991/1338 
f 845/1088/1336 846/986/1340 782/991/1339 
f 626/984/1337 846/986/1340 845/1088/1336 
f 544/983/1341 846/986/1340 626/984/1337 
f 541/983/1342 846/986/1340 544/983/1341 
f 541/983/1342 847/1006/1343 846/986/1340 
f 842/993/1344 847/1006/1343 541/983/1342 
f 844/1006/1345 847/1006/1343 842/993/1346 
f 843/1088/1347 847/1006/1343 844/1006/1345 
f 746/991/1348 847/1006/1343 843/1088/1347 
f 746/991/1348 846/986/1340 847/1006/1343 
f 747/1009/1349 846/986/1350 746/991/1130 
f 745/1008/1351 846/986/1340 747/1009/1352 
f 745/1008/1351 782/991/1339 846/986/1353 
f 745/1008/1351 783/986/1354 782/991/1339 
f 745/1008/1351 784/993/1355 783/986/1354 
f 742/1006/1125 784/993/1355 745/1008/1351 
f 742/1006/1125 785/1106/1356 784/993/1355 
f 742/1006/1125 744/983/1127 785/1106/1356 
f 848/1107/1357 849/1108/1358 850/1109/1359 
f 848/1107/1357 851/1110/1360 849/1108/1361 
f 848/1107/1357 852/1111/1362 851/1110/1360 
f 853/1112/1363 852/1111/1362 848/1107/1357 
f 853/1112/1364 854/1113/1365 852/1111/1362 
f 855/1114/1366 856/1115/1367 857/1116/1368 
f 858/1117/1369 859/1118/1370 860/1119/1371 
f 858/1117/1372 861/1120/1373 859/1118/1374 
f 862/1121/1375 861/1120/1373 858/1117/1372 
f 862/1121/1375 863/1122/1376 861/1120/1373 
f 864/1123/1377 863/1122/1378 862/1121/1375 
f 865/1124/1379 863/1122/1380 864/1123/1379 
f 865/1124/1381 861/1120/1373 863/1122/1382 
f 866/1125/1383 861/1120/1373 865/1124/1381 
f 866/1125/1383 859/1118/1374 861/1120/1373 
f 867/1126/1384 854/1113/1365 868/1127/1385 
f 858/1128/1372 864/1129/1377 862/1130/1375 
f 858/1128/1386 869/1131/1387 864/1129/1377 
f 858/1128/1388 870/1132/1389 869/1131/1390 
f 858/1128/1391 871/1133/1392 870/1132/1389 
f 860/1134/1393 871/1133/1392 858/1128/1391 
f 860/1134/1393 872/1135/1394 871/1133/1392 
f 860/1134/1395 873/1136/1396 872/1135/1397 
f 874/1137/1398 873/1136/1399 860/1134/1400 
f 875/1138/1401 873/1136/1402 874/1137/1398 
f 875/1138/1403 872/1135/1404 873/1136/1405 
f 876/1139/1406 872/1135/1394 875/1138/1407 
f 877/1140/1408 872/1135/1397 876/1139/1409 
f 877/1140/1410 871/1133/1392 872/1135/1411 
f 877/1140/1412 878/1141/1413 871/1133/1392 
f 879/1142/1414 878/1141/1413 877/1140/1415 
f 856/1115/1416 878/1141/1413 879/1142/1414 
f 856/1115/1417 871/1133/1392 878/1141/1413 
f 856/1115/1418 870/1132/1389 871/1133/1392 
f 855/1114/1366 870/1132/1389 856/1115/1419 
f 855/1114/1366 869/1131/1390 870/1132/1389 
f 857/1116/1368 869/1131/1420 855/1114/1366 
f 857/1116/1368 880/1143/1421 869/1131/1422 
f 857/1116/1368 881/1144/1423 880/1143/1421 
f 857/1116/1368 879/1142/1414 881/1144/1423 
f 857/1116/1368 856/1115/1424 879/1142/1414 
f 877/1140/1415 881/1144/1425 879/1142/1414 
f 877/1140/1426 882/1145/1427 881/1144/1428 
f 883/1146/1429 882/1145/1430 877/1140/1431 
f 883/1146/1429 884/1147/1432 882/1145/1433 
f 868/1148/1434 884/1147/1432 883/1146/1429 
f 885/1149/1435 884/1147/1436 868/1148/1437 
f 885/1149/1438 882/1145/1439 884/1147/1438 
f 885/1149/1435 886/1150/1440 882/1145/1433 
f 885/1149/1435 887/1151/1441 886/1150/1442 
f 868/1148/1443 887/1151/1441 885/1149/1435 
f 888/1152/1444 887/1151/1441 868/1148/1443 
f 889/1153/1445 887/1151/1441 888/1152/1446 
f 889/1153/1447 886/1150/1448 887/1151/1441 
f 889/1153/1449 882/1145/1439 886/1150/1450 
f 881/1144/1451 882/1145/1439 889/1153/1445 
f 874/1154/1398 867/1126/1384 875/1155/1407 
f 874/1154/1398 860/1156/1371 890/1157/1452 
f 31/1158/1453 891/1159/1454 33/1160/1455 
f 31/1158/1453 892/1161/1456 891/1159/1454 
f 35/1162/1457 892/1161/1456 31/1158/1453 
f 35/1162/1457 893/1163/1458 892/1161/1456 
f 894/1164/1459 895/1165/1460 896/1166/1461 
f 894/1164/1459 897/1167/1462 895/1165/1460 
f 39/1168/1463 897/1167/1462 894/1164/1459 
f 39/1168/1464 898/1169/1465 897/1167/1466 
f 39/1168/1464 899/1170/1467 898/1169/1468 
f 900/1171/1469 899/1170/1467 39/1168/1470 
f 900/1171/1469 266/1172/1471 899/1170/1467 
f 267/1173/1472 266/1172/1471 900/1171/1473 
f 430/1174/1474 901/1175/1475 902/1176/1476 
f 434/1177/1477 901/1175/1478 430/1174/1474 
f 419/1178/1479 901/1175/1480 434/1177/1481 
f 903/1179/1482 901/1175/1480 419/1178/1479 
f 903/1179/1483 904/1180/1484 901/1175/1485 
f 254/1181/1486 904/1180/1487 903/1179/1488 
f 253/1182/1489 904/1180/1487 254/1181/1490 
f 253/1182/1491 905/1183/1492 904/1180/1493 
f 257/1184/1494 905/1183/1492 253/1182/1491 
f 38/1185/1495 31/1158/1453 906/1186/1496 
f 38/1185/1495 35/1162/1457 31/1158/1453 
f 892/1187/1456 907/1188/1497 908/1189/1498 
f 892/1187/1456 893/1190/1458 907/1188/1497 
f 897/1167/1499 909/1191/1500 895/1165/1460 
f 32/1192/1501 909/1191/1500 897/1167/1462 
f 32/1192/1502 891/1193/1454 909/1191/1500 
f 32/1192/1503 33/1194/1455 891/1193/1454 
f 910/1195/1504 33/1194/1455 32/1192/1505 
f 910/1195/1504 911/1196/1506 33/1194/1455 
f 910/1195/1504 912/1197/1507 911/1196/1506 
f 910/1195/1504 913/1198/1508 912/1197/1509 
f 32/1192/1510 913/1198/1508 910/1195/1504 
f 897/1167/1462 913/1198/1508 32/1192/1510 
f 897/1167/1462 914/1199/1511 913/1198/1508 
f 898/1169/1512 914/1199/1511 897/1167/1499 
f 898/1169/1513 901/1175/1514 914/1199/1515 
f 899/1170/1516 901/1175/1485 898/1169/1517 
f 899/1170/1516 902/1176/1518 901/1175/1485 
f 266/1172/1519 902/1176/1520 899/1170/1521 
f 266/1172/1519 275/1200/1522 902/1176/1520 
f 915/1201/1523 240/1202/1524 252/1203/1525 
f 915/1201/1526 916/1204/1527 240/1202/1528 
f 917/1205/1529 916/1204/1530 915/1201/1531 
f 917/1205/1532 918/1206/1533 916/1204/1534 
f 919/1207/1535 918/1206/1533 917/1205/1532 
f 252/1208/1536 920/1209/1537 915/1210/1538 
f 455/1211/1539 920/1209/1537 252/1208/1540 
f 455/1211/1541 905/1212/1542 920/1209/1543 
f 241/1213/1544 905/1212/1542 455/1211/1541 
f 900/1214/1545 431/1215/1546 267/1216/1472 
f 921/1217/1547 431/1215/1546 900/1214/1473 
f 902/1218/1548 431/1215/1549 921/1217/1547 
f 902/1218/1550 275/1219/1522 431/1215/1551 
f 922/1220/1552 894/1221/1459 896/1222/1461 
f 922/1220/1552 39/1223/1464 894/1221/1459 
f 923/1224/1553 39/1223/1464 922/1220/1552 
f 40/1225/1554 39/1223/1464 923/1224/1553 
f 921/1226/1547 39/1223/1555 40/1225/1554 
f 921/1226/1547 900/1227/1473 39/1223/1556 
f 257/1228/1494 924/1229/1557 905/1230/1558 
f 459/1231/1559 924/1229/1560 257/1228/1494 
f 254/1232/1486 924/1229/1561 459/1231/1562 
f 254/1232/1563 903/1233/1564 924/1229/1565 
f 925/1234/1566 923/1235/1553 922/1236/1552 
f 925/1234/1566 926/1237/1567 923/1235/1553 
f 927/1238/1568 321/1239/1569 928/1240/1570 
f 927/1238/1571 322/1241/1572 321/1239/1573 
f 929/1242/1574 322/1241/1575 927/1238/1576 
f 929/1242/1577 324/1243/1578 322/1241/1575 
f 930/1244/1579 168/1245/1580 169/1246/1581 
f 931/1247/1582 168/1245/1580 930/1244/1579 
f 931/1247/1582 171/1248/1583 168/1245/1580 
f 932/1249/1584 171/1248/1583 931/1247/1582 
f 933/1250/1585 934/1251/1586 935/1252/1587 
f 933/1250/1585 465/1253/1588 934/1251/1586 
f 933/1250/1585 466/1254/1589 465/1253/1588 
f 936/1255/1590 466/1254/1589 933/1250/1591 
f 168/1245/1580 466/1254/1589 936/1255/1590 
f 168/1245/1580 171/1248/1583 466/1254/1589 
f 481/1256/1592 937/1257/1593 482/1258/1594 
f 938/1259/1595 937/1257/1593 481/1256/1596 
f 938/1259/1597 939/1260/1598 937/1257/1599 
f 938/1259/1600 940/1261/1601 939/1260/1598 
f 938/1259/1600 941/1262/1602 940/1261/1601 
f 942/1263/1603 941/1262/1604 938/1259/1605 
f 942/1263/1606 289/1264/1607 941/1262/1608 
f 277/1265/1609 289/1264/1610 942/1263/1611 
f 933/1266/1591 277/1267/1612 942/1268/1613 
f 933/1266/1591 278/1269/1614 277/1267/1615 
f 935/1270/1616 278/1269/1617 933/1266/1618 
f 935/1270/1616 280/1271/1619 278/1269/1617 
f 934/1272/1620 297/1273/1621 935/1274/1622 
f 934/1272/1623 316/1275/1624 297/1273/1621 
f 934/1272/1625 294/1276/1626 316/1275/1627 
f 928/1277/1628 294/1276/1629 934/1272/1630 
f 943/1278/1631 944/1279/1632 945/1280/1633 
f 943/1278/1631 946/1281/1634 944/1279/1632 
f 947/1282/1635 948/1283/1636 949/1284/1637 
f 947/1282/1635 950/1285/1638 948/1283/1636 
f 951/1286/1639 950/1285/1640 947/1282/1635 
f 951/1286/1639 167/1287/1641 950/1285/1638 
f 930/1201/1579 167/1287/1642 951/1286/1639 
f 169/1288/1581 167/1287/1643 930/1201/1579 
f 169/1288/1581 952/1202/1644 167/1287/1645 
f 953/1289/1646 952/1202/1644 169/1288/1581 
f 953/1289/1646 937/1257/1647 952/1202/1644 
f 953/1289/1646 482/1258/1648 937/1257/1647 
f 484/1289/1649 482/1258/1648 953/1289/1646 
f 954/1290/1650 359/1171/1651 310/1291/1652 
f 954/1290/1653 955/1292/1654 359/1171/1651 
f 173/1293/1655 955/1292/1654 954/1290/1653 
f 173/1293/1656 956/1294/1657 955/1292/1658 
f 173/1293/1656 950/1285/1659 956/1294/1660 
f 948/1283/1636 950/1285/1638 173/1293/1655 
f 948/1295/1636 957/1296/1661 949/1297/1637 
f 173/1298/1656 957/1296/1661 948/1295/1636 
f 173/1298/1656 958/1299/1662 957/1296/1661 
f 173/1298/1656 467/1300/1663 958/1299/1662 
f 173/1298/1664 959/1301/1665 467/1300/1663 
f 954/1302/1650 959/1301/1665 173/1298/1656 
f 888/1152/1666 960/1303/1667 961/1304/1668 
f 888/1152/1669 962/1305/1670 960/1303/1667 
f 868/1148/1671 962/1305/1670 888/1152/1672 
f 963/1306/1673 962/1305/1670 868/1148/1674 
f 964/1307/1675 962/1305/1670 963/1306/1673 
f 964/1307/1676 960/1303/1667 962/1305/1670 
f 964/1307/1677 961/1304/1668 960/1303/1667 
f 965/1308/1678 961/1304/1668 964/1307/1679 
f 965/1308/1680 966/1307/1681 961/1304/1668 
f 967/1309/1682 966/1307/1681 965/1308/1683 
f 967/1309/1684 968/1310/1685 966/1307/1681 
f 969/1311/1686 968/1310/1687 967/1309/1688 
f 969/1311/1686 848/1312/1357 968/1310/1687 
f 969/1311/1686 853/1313/1363 848/1312/1357 
f 969/1311/1686 963/1306/1689 853/1313/1363 
f 969/1311/1686 970/1314/1690 963/1306/1673 
f 967/1309/1688 970/1314/1690 969/1311/1686 
f 965/1308/1691 970/1314/1692 967/1309/1693 
f 964/1307/1694 970/1314/1695 965/1308/1696 
f 964/1307/1697 963/1306/1673 970/1314/1698 
f 971/1315/1699 972/1316/1700 973/1317/1701 
f 974/1318/1702 972/1316/1703 971/1315/1704 
f 975/1319/1705 972/1316/1703 974/1318/1702 
f 975/1319/1706 973/1317/1707 972/1316/1700 
f 853/1313/1364 976/1320/1708 854/1321/1365 
f 963/1306/1709 976/1320/1710 853/1313/1711 
f 868/1148/1712 976/1320/1710 963/1306/1709 
f 868/1148/1713 854/1321/1365 976/1320/1708 
f 977/1322/1714 883/1146/1715 875/1138/1716 
f 977/1322/1714 868/1148/1712 883/1146/1715 
f 977/1322/1717 867/1323/1384 868/1148/1718 
f 875/1138/1407 867/1323/1384 977/1322/1717 
f 419/1324/1719 978/1325/1720 903/1326/1721 
f 418/1327/1722 978/1325/1723 419/1324/1724 
f 418/1327/1725 902/1328/1726 978/1325/1727 
f 430/1329/1474 902/1328/1728 418/1327/1725 
f 921/1226/1547 978/1330/1727 902/1331/1726 
f 40/1225/1554 978/1330/1727 921/1226/1547 
f 37/1332/1729 978/1330/1720 40/1225/1554 
f 924/1333/1730 978/1330/1720 37/1332/1729 
f 924/1333/1730 903/1334/1721 978/1330/1720 
f 308/1335/1731 954/1336/1732 310/1337/1652 
f 308/1335/1731 959/1338/1665 954/1336/1650 
f 308/1335/1733 929/1339/1734 959/1338/1665 
f 307/1340/1735 929/1339/1736 308/1335/1737 
f 295/1341/1738 935/1342/1739 297/1343/1621 
f 295/1341/1738 979/1344/1740 935/1342/1739 
f 294/1345/1741 979/1344/1742 295/1341/1743 
f 928/1346/1744 979/1344/1742 294/1345/1626 
f 928/1346/1745 980/1347/1746 979/1344/1747 
f 321/1348/1748 980/1347/1749 928/1346/1750 
f 333/1349/1751 980/1347/1749 321/1348/1748 
f 324/1350/1578 980/1347/1752 333/1349/1753 
f 929/1351/1754 980/1347/1755 324/1350/1578 
f 929/1351/1756 955/1292/1757 980/1347/1746 
f 929/1351/1758 359/1171/1759 955/1292/1760 
f 307/1352/1761 359/1171/1759 929/1351/1759 
f 958/1353/1662 981/1354/1762 957/1355/1661 
f 958/1353/1662 982/1356/1763 981/1354/1762 
f 942/1357/1764 936/1255/1590 933/1250/1591 
f 942/1357/1764 938/1358/1765 936/1255/1590 
f 956/1294/1766 980/1347/1746 955/1292/1767 
f 956/1294/1768 983/1359/1769 980/1347/1770 
f 950/1285/1640 983/1359/1769 956/1294/1768 
f 950/1285/1638 984/1360/1771 983/1359/1769 
f 167/1287/1772 984/1360/1771 950/1285/1638 
f 952/1202/1644 984/1360/1771 167/1287/1772 
f 937/1257/1599 984/1360/1771 952/1202/1644 
f 939/1260/1598 984/1360/1771 937/1257/1599 
f 939/1260/1598 983/1359/1769 984/1360/1771 
f 940/1261/1601 983/1359/1769 939/1260/1598 
f 940/1261/1601 980/1347/1746 983/1359/1769 
f 940/1261/1601 979/1344/1747 980/1347/1746 
f 941/1262/1604 979/1344/1747 940/1261/1601 
f 941/1262/1604 935/1342/1773 979/1344/1747 
f 289/1264/1774 935/1342/1775 941/1262/1602 
f 289/1264/1776 280/1287/1619 935/1342/1775 
f 985/1361/1777 986/1362/1778 987/1363/1779 
f 864/1123/1780 986/1362/1780 985/1361/1781 
f 869/1364/1782 986/1362/1783 864/1123/1377 
f 869/1364/1784 987/1363/1785 986/1362/1783 
f 943/1365/1631 931/1366/1582 946/1367/1634 
f 943/1365/1631 932/1368/1584 931/1366/1582 
f 927/1369/1576 959/1301/1665 929/1370/1574 
f 927/1369/1576 467/1300/1663 959/1301/1665 
f 927/1369/1568 465/1253/1588 467/1300/1663 
f 927/1369/1568 934/1251/1586 465/1253/1588 
f 928/1371/1570 934/1251/1586 927/1369/1568 
f 988/1372/1786 989/1373/1787 890/1157/1788 
f 866/1374/1789 989/1375/1790 988/1376/1786 
f 985/1377/1791 989/1375/1790 866/1374/1789 
f 985/1377/1792 990/1378/1793 989/1375/1794 
f 987/1379/1795 990/1378/1793 985/1377/1792 
f 987/1379/1796 991/1380/1797 990/1378/1793 
f 869/1381/1784 991/1380/1797 987/1379/1798 
f 880/1382/1421 991/1380/1797 869/1381/1799 
f 880/1382/1421 992/1383/1800 991/1380/1797 
f 881/1384/1451 992/1383/1800 880/1382/1421 
f 993/1385/1801 992/1383/1800 881/1384/1423 
f 993/1385/1801 991/1380/1797 992/1383/1800 
f 889/1386/1445 993/1385/1801 881/1384/1802 
f 889/1386/1445 994/1387/1803 993/1385/1801 
f 888/1388/1804 994/1387/1803 889/1386/1445 
f 961/1389/1668 994/1387/1803 888/1388/1805 
f 961/1389/1668 995/1390/1806 994/1387/1803 
f 966/1391/1807 995/1390/1806 961/1389/1668 
f 966/1391/1681 996/1392/1808 995/1390/1806 
f 997/1393/1809 996/1392/1808 966/1391/1681 
f 997/1393/1809 998/1394/1810 996/1392/1808 
f 999/1395/1811 998/1394/1810 997/1393/1809 
f 999/1395/1812 1000/1396/1813 998/1394/1814 
f 849/1397/1815 1000/1396/1813 999/1395/1816 
f 1001/1398/1817 1000/1396/1813 849/1397/1818 
f 1001/1398/1817 998/1394/1819 1000/1396/1813 
f 876/1399/1409 883/1400/1715 877/1401/1820 
f 876/1399/1406 875/1402/1401 883/1400/1429 
f 865/1403/1381 985/1404/1821 866/1405/1383 
f 865/1403/1379 864/1129/1379 985/1404/1822 
f 911/1196/1506 399/1406/1823 403/1196/1824 
f 912/1197/1825 399/1406/1823 911/1196/1506 
f 912/1197/1826 400/1407/1827 399/1406/1828 
f 912/1197/1829 917/1205/1830 400/1407/1831 
f 912/1197/1509 919/1207/1535 917/1205/1832 
f 913/1198/1508 919/1207/1535 912/1197/1509 
f 914/1199/1511 919/1207/1535 913/1198/1508 
f 914/1199/1833 918/1206/1533 919/1207/1535 
f 901/1175/1485 918/1206/1533 914/1199/1511 
f 904/1180/1484 918/1206/1533 901/1175/1485 
f 904/1180/1484 916/1204/1530 918/1206/1533 
f 905/1183/1834 916/1204/1530 904/1180/1484 
f 905/1183/1835 240/1202/1836 916/1204/1534 
f 241/1408/1544 240/1202/1837 905/1183/1835 
f 924/1333/1730 920/1409/1838 905/1410/1839 
f 37/1332/1729 920/1409/1838 924/1333/1730 
f 38/1185/1495 920/1409/1838 37/1332/1729 
f 906/1186/1496 920/1409/1537 38/1185/1495 
f 906/1186/1496 915/1244/1840 920/1409/1537 
f 917/1411/1841 915/1244/1840 906/1186/1496 
f 1002/1412/1842 907/1413/1497 1003/1414/1843 
f 1002/1412/1842 908/1415/1498 907/1413/1497 
f 966/1307/1681 1004/1416/1844 997/1417/1809 
f 966/1307/1845 1005/1418/1846 1004/1416/1847 
f 968/1310/1685 1005/1418/1848 966/1307/1681 
f 968/1310/1685 1006/1419/1849 1005/1418/1850 
f 848/1312/1357 1006/1419/1851 968/1310/1687 
f 850/1420/1359 1006/1419/1851 848/1312/1357 
f 850/1420/1852 1005/1418/1853 1006/1419/1849 
f 850/1420/1854 1007/1421/1855 1005/1418/1856 
f 849/1422/1857 1007/1421/1855 850/1420/1854 
f 999/1423/1816 1007/1421/1858 849/1422/1815 
f 999/1423/1811 1005/1418/1850 1007/1421/1858 
f 999/1423/1859 1004/1416/1847 1005/1418/1853 
f 997/1417/1809 1004/1416/1844 999/1423/1860 
f 971/1424/1704 890/1425/1861 860/1134/1371 
f 971/1424/1699 988/1426/1786 890/1425/1788 
f 973/1427/1701 988/1426/1786 971/1424/1699 
f 973/1427/1707 866/1405/1789 988/1426/1786 
f 975/1404/1706 866/1405/1862 973/1427/1863 
f 975/1404/1864 859/1428/1865 866/1405/1866 
f 975/1404/1864 860/1134/1867 859/1428/1868 
f 974/1429/1702 860/1134/1869 975/1404/1705 
f 974/1429/1702 971/1424/1704 860/1134/1869 
f 1008/1430/1870 917/1431/1871 906/1432/1496 
f 1008/1430/1872 400/1433/1873 917/1431/1874 
f 1008/1430/1873 405/1434/1875 400/1433/1876 
f 1008/1430/1877 403/1435/1824 405/1434/1878 
f 1008/1430/1870 911/1436/1506 403/1435/1824 
f 1008/1430/1870 33/1437/1455 911/1436/1506 
f 1008/1430/1877 31/1438/1453 33/1437/1455 
f 906/1432/1496 31/1438/1453 1008/1430/1870 
f 1009/1439/1879 936/1440/1590 938/1441/1880 
f 1009/1439/1879 168/1442/1580 936/1440/1590 
f 1009/1439/1881 169/1443/1581 168/1442/1580 
f 1009/1439/1879 953/1444/1646 169/1443/1581 
f 1009/1439/1879 484/1445/1649 953/1444/1646 
f 1009/1439/1881 486/1446/1882 484/1445/1649 
f 1009/1439/1883 481/1447/1884 486/1446/1885 
f 938/1441/1886 481/1447/1883 1009/1439/1887 
f 1010/1448/1888 1011/1449/1889 1012/1450/1890 
f 1010/1448/1888 1013/1451/1891 1011/1449/1889 
f 1014/1452/1892 1015/1453/1893 1016/1454/1894 
f 1014/1452/1892 1017/1455/1895 1015/1453/1893 
f 1018/1456/1896 1019/1457/1897 1020/1458/1898 
f 1018/1456/1896 1021/1459/1899 1019/1457/1897 
f 1013/1460/1900 1016/1461/1894 1011/1462/1889 
f 1013/1460/1900 1014/1463/1892 1016/1461/1894 
f 1017/1456/1895 1020/1457/1898 1015/1458/1893 
f 1017/1456/1895 1018/1464/1896 1020/1457/1898 
f 1022/1465/1901 1023/1466/1902 1024/1467/1903 
f 1025/1468/1904 1023/1466/1902 1022/1465/1901 
f 1025/1468/1904 1026/1469/1905 1023/1466/1902 
f 1027/1470/1906 1026/1469/1907 1025/1468/1904 
f 1028/1471/1908 1029/1472/1909 1030/1473/1910 
f 1028/1471/1908 1031/1474/1911 1029/1472/1909 
f 1032/1475/1912 1033/1476/1913 1034/1477/1914 
f 1032/1475/1912 1035/1478/1915 1033/1476/1913 
f 1012/1479/1890 1036/1480/1916 1037/1481/1917 
f 1012/1479/1890 1038/1482/1918 1036/1480/1916 
f 1039/1482/1919 1030/1481/1920 1040/1480/1921 
f 1039/1482/1922 1022/1479/1923 1030/1481/1924 
f 1034/1479/1914 1041/1480/1925 1029/1481/1909 
f 1034/1479/1914 1042/1482/1926 1041/1480/1925 
f 1031/1483/1911 1034/1484/1914 1029/1485/1909 
f 1031/1483/1911 1032/1478/1912 1034/1484/1914 
f 1011/1479/1889 1038/1480/1918 1012/1481/1890 
f 1011/1479/1889 1043/1486/1927 1038/1480/1918 
f 1044/1474/1928 1033/1487/1913 1035/1488/1929 
f 1044/1474/1930 1037/1472/1917 1033/1487/1913 
f 1045/1486/1931 1015/1481/1893 1020/1479/1898 
f 1045/1486/1931 1046/1489/1932 1015/1481/1893 
f 1047/1480/1933 1027/1479/1934 1048/1482/1935 
f 1047/1480/1936 1019/1481/1897 1027/1479/1937 
f 1049/1490/1938 1036/1491/1939 1038/1492/1940 
f 1049/1490/1938 1050/1493/1941 1036/1491/1942 
f 1051/1494/1943 1052/1495/1944 1036/1496/1942 
f 1051/1494/1943 1053/1497/1945 1052/1495/1944 
f 1054/1498/1946 1053/1497/1945 1051/1494/1943 
f 1054/1498/1946 1055/1499/1947 1053/1497/1945 
f 1056/1500/1948 1055/1499/1947 1054/1498/1946 
f 1057/1501/1949 1055/1499/1947 1056/1500/1948 
f 1057/1501/1949 1042/1502/1926 1055/1499/1947 
f 1041/1503/1925 1042/1502/1926 1057/1501/1949 
f 1057/1504/1949 1058/1505/1950 1041/1506/1925 
f 1033/1479/1913 1042/1480/1926 1034/1481/1914 
f 1033/1479/1913 1052/1482/1944 1042/1480/1926 
f 1046/1486/1932 1016/1481/1894 1015/1479/1893 
f 1046/1486/1932 1059/1489/1951 1016/1481/1894 
f 1039/1482/1922 1025/1507/1952 1022/1479/1923 
f 1060/1508/1953 1025/1507/1952 1039/1482/1922 
f 1060/1508/1953 1027/1481/1954 1025/1507/1952 
f 1048/1489/1935 1027/1481/1954 1060/1508/1953 
f 1053/1497/1945 1042/1502/1926 1052/1495/1944 
f 1053/1497/1945 1055/1499/1947 1042/1502/1926 
f 1061/1509/1955 1062/1510/1956 1058/1511/1950 
f 1061/1509/1955 1063/1512/1957 1062/1510/1956 
f 1064/1513/1958 1063/1512/1957 1061/1509/1955 
f 1064/1513/1958 1065/1514/1959 1063/1512/1957 
f 1066/1515/1960 1060/1516/1961 1039/1517/1962 
f 1067/1518/1963 1060/1516/1961 1066/1515/1960 
f 1067/1518/1963 1048/1519/1964 1060/1516/1961 
f 1068/1520/1965 1048/1519/1964 1067/1518/1963 
f 1069/1521/1966 1070/1522/1967 1071/1523/1968 
f 1072/1524/1969 1070/1522/1967 1069/1521/1966 
f 1072/1524/1969 1073/1525/1970 1070/1522/1967 
f 1074/1509/1971 1050/1526/1941 1049/1511/1938 
f 1074/1509/1971 1075/1512/1972 1050/1526/1941 
f 1076/1527/1973 1075/1512/1972 1074/1509/1971 
f 1076/1527/1973 1077/1514/1974 1075/1512/1972 
f 1068/1528/1965 1047/1529/1975 1048/1530/1964 
f 1068/1528/1965 1078/1531/1976 1047/1529/1975 
f 1079/1532/1977 1078/1531/1976 1068/1528/1965 
f 1079/1532/1977 1080/1533/1978 1078/1531/1976 
f 1073/1534/1970 1080/1533/1978 1079/1532/1977 
f 1073/1534/1970 1081/1535/1979 1080/1533/1978 
f 1072/1536/1969 1081/1535/1979 1073/1534/1970 
f 1072/1536/1969 1082/1537/1980 1081/1535/1979 
f 1059/1538/1951 1082/1537/1980 1072/1536/1969 
f 1046/1539/1932 1082/1537/1980 1059/1538/1951 
f 1046/1539/1932 1083/1540/1981 1082/1537/1980 
f 1045/1541/1931 1083/1540/1981 1046/1539/1932 
f 1045/1541/1931 1078/1531/1976 1083/1540/1981 
f 1047/1529/1975 1078/1531/1976 1045/1541/1931 
f 1084/1542/1982 1063/1543/1957 1085/1544/1983 
f 1084/1542/1982 1066/1545/1960 1063/1543/1957 
f 1071/1546/1968 1086/1547/1984 1084/1548/1982 
f 1070/1549/1967 1086/1547/1984 1071/1546/1968 
f 1070/1549/1967 1079/1550/1977 1086/1547/1984 
f 1073/1551/1970 1079/1550/1977 1070/1549/1967 
f 1087/1552/1985 1085/1553/1983 1088/1554/1986 
f 1087/1552/1985 1089/1555/1987 1085/1553/1983 
f 1084/1556/1982 1067/1557/1963 1066/1558/1960 
f 1086/1559/1984 1067/1557/1963 1084/1556/1982 
f 1086/1559/1984 1068/1560/1965 1067/1557/1963 
f 1079/1561/1977 1068/1560/1965 1086/1559/1984 
f 1077/1562/1974 1090/1563/1988 1075/1564/1972 
f 1077/1562/1974 1091/1565/1989 1090/1563/1988 
f 1074/1566/1971 1087/1567/1985 1076/1568/1973 
f 1074/1566/1971 1089/1569/1987 1087/1567/1985 
f 1090/1570/1988 1056/1571/1948 1054/1572/1946 
f 1090/1570/1988 1092/1573/1990 1056/1571/1948 
f 1043/1574/1991 1072/1560/1969 1069/1575/1966 
f 1043/1574/1991 1059/1576/1951 1072/1560/1969 
f 1093/1577/1992 1077/1578/1974 1076/1579/1973 
f 1093/1577/1992 1094/1580/1993 1077/1578/1974 
f 1095/1581/1994 1088/1582/1986 1065/1583/1959 
f 1095/1581/1995 1096/1584/1996 1088/1582/1986 
f 1097/1585/1997 1076/1586/1973 1087/1587/1985 
f 1097/1585/1997 1093/1588/1998 1076/1586/1973 
f 1040/1589/1921 1062/1590/1956 1039/1591/1919 
f 1074/1592/1971 1071/1593/1968 1089/1594/1987 
f 1074/1592/1971 1069/1595/1966 1071/1593/1968 
f 1088/1596/1986 1063/1597/1957 1065/1598/1959 
f 1088/1596/1986 1085/1599/1983 1063/1597/1957 
f 1069/1600/1966 1049/1601/1938 1043/1602/1991 
f 1069/1600/1966 1074/1603/1971 1049/1601/1938 
f 1096/1604/1996 1087/1605/1985 1088/1579/1986 
f 1096/1604/1996 1097/1606/1997 1087/1605/1985 
f 1094/1607/1993 1091/1608/1989 1077/1609/1974 
f 1094/1607/1999 1098/1610/2000 1091/1608/1989 
f 349/1611/2001 1095/1612/2002 340/1613/2003 
f 349/1611/2001 1096/1614/1996 1095/1612/2002 
f 347/1613/2004 1094/1614/2005 1093/1612/2006 
f 347/1613/2004 344/1615/2007 1094/1614/1999 
f 343/1615/2008 1099/1614/2009 1100/1612/2010 
f 343/1615/2008 341/1613/2011 1099/1614/2012 
f 1100/1616/2010 1064/1617/1958 1101/1618/2013 
f 1100/1616/2010 1099/1619/2009 1064/1617/1958 
f 349/1620/2001 1093/1614/2006 1097/1612/1997 
f 349/1620/2001 347/1615/2004 1093/1614/2006 
f 1043/1621/2014 1049/1622/1938 1038/1623/1940 
f 1050/1624/1941 1051/1625/1943 1036/1626/1942 
f 343/1627/2008 1100/1628/2010 1098/1628/2000 
f 349/1627/2001 1097/1614/1997 1096/1612/1996 
f 1102/1629/2015 1103/1630/2016 1104/1631/2017 
f 1102/1629/2015 1105/1632/2018 1103/1630/2016 
f 1106/1633/2019 1107/1460/2020 1108/1462/2021 
f 1106/1633/2019 1109/1463/2022 1107/1460/2020 
f 1110/1457/2023 1111/1456/2024 1112/1458/2025 
f 1110/1457/2023 1113/1464/2026 1111/1456/2024 
f 1112/1453/2025 1109/1452/2022 1106/1454/2019 
f 1112/1453/2025 1111/1455/2024 1109/1452/2022 
f 1114/1634/2027 1115/1635/2028 1116/1636/2029 
f 1114/1634/2027 1117/1637/2030 1115/1635/2031 
f 1118/1638/2032 1119/1488/2033 1120/1487/2034 
f 1118/1638/2032 1121/1478/2035 1119/1488/2033 
f 1122/1480/2036 1102/1479/2015 1104/1481/2017 
f 1122/1480/2036 1123/1482/2037 1102/1479/2015 
f 1114/1481/2038 1124/1482/2039 1125/1480/2040 
f 1114/1481/2041 1116/1479/2042 1124/1482/2043 
f 1126/1480/2044 1120/1479/2034 1127/1481/2045 
f 1126/1480/2044 1128/1482/2046 1120/1479/2034 
f 1129/1480/2047 1104/1479/2017 1118/1481/2032 
f 1129/1480/2047 1122/1482/2036 1104/1479/2017 
f 1130/1482/2048 1108/1481/2021 1131/1480/2049 
f 1130/1482/2048 1106/1479/2019 1108/1481/2021 
f 1132/1639/2050 1133/1640/2051 1134/1641/2052 
f 1132/1639/2050 1135/1642/2053 1133/1640/2054 
f 1120/1476/2034 1136/1643/2055 1127/1644/2045 
f 1120/1476/2034 1119/1478/2033 1136/1643/2055 
f 1123/1480/2037 1108/1479/2021 1102/1481/2015 
f 1123/1480/2037 1131/1486/2049 1108/1479/2021 
f 1128/1480/2046 1118/1479/2032 1120/1481/2034 
f 1128/1480/2046 1129/1482/2047 1118/1479/2032 
f 1106/1481/2019 1137/1486/2056 1112/1479/2025 
f 1106/1481/2019 1130/1489/2048 1137/1486/2056 
f 1110/1481/2023 1138/1486/2057 1134/1479/2052 
f 1110/1481/2023 1139/1489/2058 1138/1486/2057 
f 1140/1507/2059 1124/1482/2043 1116/1479/2042 
f 1140/1507/2059 1141/1508/2060 1124/1482/2043 
f 1132/1481/2061 1141/1508/2060 1140/1507/2059 
f 1132/1481/2061 1142/1489/2062 1141/1508/2060 
f 1125/1645/2040 1143/1646/2063 1126/1647/2044 
f 1125/1645/2040 1144/1648/2064 1143/1646/2063 
f 1144/1649/2064 1145/1650/2065 1146/1651/2066 
f 1144/1649/2064 1124/1652/2067 1145/1650/2065 
f 1118/1487/2032 1103/1474/2016 1121/1488/2068 
f 1118/1487/2032 1104/1653/2017 1103/1474/2069 
f 1132/1479/2070 1138/1480/2071 1142/1482/2062 
f 1132/1479/2072 1134/1481/2052 1138/1480/2057 
f 1144/1511/2064 1147/1512/2073 1143/1510/2063 
f 1146/1509/2066 1147/1512/2073 1144/1511/2064 
f 1146/1509/2066 1148/1514/2074 1147/1512/2073 
f 1149/1513/2075 1148/1514/2074 1146/1509/2066 
f 1150/1654/2076 1151/1655/2077 1152/1656/2078 
f 1153/1657/2079 1151/1655/2077 1150/1654/2076 
f 1153/1657/2079 1154/1658/2080 1151/1655/2077 
f 1155/1659/2081 1154/1658/2080 1153/1657/2079 
f 1141/1660/2082 1145/1661/2065 1124/1662/2067 
f 1141/1660/2082 1156/1663/2083 1145/1661/2065 
f 1142/1664/2084 1156/1663/2083 1141/1660/2082 
f 1142/1664/2084 1157/1665/2085 1156/1663/2083 
f 1156/1666/2083 1158/1667/2086 1145/1668/2065 
f 1156/1666/2083 1159/1669/2087 1158/1667/2086 
f 1157/1670/2085 1159/1669/2087 1156/1666/2083 
f 1157/1670/2085 1160/1671/2088 1159/1669/2087 
f 1146/1672/2066 1158/1673/2086 1161/1674/2089 
f 1146/1672/2066 1145/1675/2065 1158/1673/2086 
f 1162/1578/2090 1163/1676/2091 1164/1579/2092 
f 1162/1578/2090 1165/1677/2093 1163/1676/2091 
f 1164/1586/2092 1166/1585/2094 1167/1587/2095 
f 1164/1586/2092 1163/1678/2096 1166/1585/2094 
f 1165/1614/2097 476/1613/2098 1163/1612/2099 
f 1165/1614/2097 473/1615/2100 476/1613/2098 
f 1168/1612/2101 478/1611/2102 469/1613/2103 
f 1168/1612/2104 1169/1614/2105 478/1611/2102 
f 1170/1614/2106 472/1615/2107 1171/1612/2108 
f 1170/1614/2109 468/1613/2110 472/1615/2107 
f 1143/1679/2063 1155/1680/2081 1126/1681/2044 
f 1144/1682/2064 1125/1683/2040 1124/1684/2039 
f 1172/1685/2111 1131/1686/2112 1123/1687/2113 
f 1152/1625/2078 1173/1688/2114 1122/1626/2115 
f 1075/1689/1972 1051/1690/1943 1050/1691/1941 
f 1090/1692/1988 1051/1690/1943 1075/1689/1972 
f 1090/1692/1988 1054/1693/1946 1051/1690/1943 
f 1099/1694/2116 1065/1695/1959 1064/1696/1958 
f 1099/1694/2116 1095/1697/2117 1065/1695/1959 
f 341/1698/2011 1095/1699/2118 1099/1700/2012 
f 341/1698/2011 340/1701/2003 1095/1699/2002 
f 1098/1702/2000 1101/1608/2013 1091/1618/1989 
f 1098/1702/2000 1100/1703/2010 1101/1608/2013 
f 343/1615/2008 1094/1612/1999 344/1613/2007 
f 343/1615/2008 1098/1614/2000 1094/1612/1999 
f 1174/1704/2119 1162/1705/2090 1175/1706/2120 
f 1174/1704/2119 1176/1707/2121 1162/1705/2090 
f 1177/1708/2122 1178/1709/2123 1179/1710/2124 
f 1177/1708/2122 1180/1711/2125 1178/1709/2123 
f 1152/1712/2078 1175/1713/2120 1173/1714/2114 
f 1151/1715/2077 1175/1713/2120 1152/1712/2078 
f 1151/1715/2077 1174/1716/2119 1175/1713/2120 
f 1172/1717/2111 1180/1718/2125 1131/1719/2126 
f 1172/1717/2111 1178/1720/2123 1180/1718/2125 
f 1149/1695/2075 1170/1694/2106 1148/1696/2074 
f 1168/1721/2127 1170/1694/2128 1149/1695/2075 
f 1168/1699/2101 468/1698/2110 1170/1722/2109 
f 469/1701/2103 468/1698/2110 1168/1699/2101 
f 1167/1605/2095 1169/1604/2105 1181/1579/2129 
f 1167/1605/2095 1166/1723/2094 1169/1604/2105 
f 1148/1617/2074 1171/1616/2108 1182/1618/2130 
f 1148/1617/2074 1170/1619/2106 1171/1616/2108 
f 1182/1608/2130 1183/1616/2131 1176/1618/2121 
f 1182/1608/2130 1171/1703/2108 1183/1616/2131 
f 1146/1724/2066 1181/1725/2129 1149/1726/2075 
f 1146/1724/2066 1161/1727/2089 1181/1725/2129 
f 1184/1728/2132 1131/1574/2126 1180/1729/2125 
f 1184/1728/2132 1130/1730/2048 1131/1574/2126 
f 1181/1586/2129 1168/1731/2133 1149/1583/2075 
f 1181/1586/2129 1169/1584/2105 1168/1731/2134 
f 1176/1608/2121 1165/1732/2093 1162/1609/2090 
f 1176/1608/2121 1183/1703/2131 1165/1732/2135 
f 1163/1614/2099 478/1620/2102 1166/1612/2094 
f 1163/1614/2099 476/1615/2098 478/1620/2102 
f 1165/1612/2097 472/1615/2107 473/1613/2100 
f 1165/1612/2135 1183/1733/2131 472/1615/2107 
f 1044/1630/1928 1012/1629/1890 1037/1631/1917 
f 1044/1630/1928 1010/1734/1888 1012/1629/1890 
f 1021/1640/2136 1027/1639/2137 1019/1641/1897 
f 1021/1640/2138 1026/1642/2139 1027/1639/2137 
f 1024/1635/1903 1030/1735/1910 1022/1736/1901 
f 1024/1635/2140 1028/1637/1908 1030/1735/1910 
f 1031/1737/2141 1035/1738/2142 1032/1739/1912 
f 1031/1737/2141 1044/1740/2143 1035/1738/2142 
f 1031/1737/2144 1010/1741/2145 1044/1740/2146 
f 1028/1742/2147 1010/1741/2145 1031/1737/2144 
f 1028/1742/2147 1013/1743/2148 1010/1741/2145 
f 1024/1744/2149 1013/1743/2148 1028/1742/2147 
f 1023/1745/1902 1013/1743/2148 1024/1744/2149 
f 1023/1745/1902 1014/1746/1892 1013/1743/2148 
f 1026/1747/2150 1014/1746/1892 1023/1745/1902 
f 1026/1747/2151 1017/1748/1895 1014/1746/1892 
f 1021/1749/2152 1017/1748/1895 1026/1747/2153 
f 1021/1749/2154 1018/1750/1896 1017/1748/1895 
f 1029/1479/1909 1040/1480/1921 1030/1481/1920 
f 1029/1479/1909 1041/1482/1925 1040/1480/1921 
f 1037/1479/1917 1052/1480/1944 1033/1481/1913 
f 1037/1479/1917 1036/1482/1916 1052/1480/1944 
f 1011/1481/1889 1059/1482/1951 1043/1480/1927 
f 1011/1481/1889 1016/1479/1894 1059/1482/1951 
f 1108/1449/2021 1105/1448/2018 1102/1450/2015 
f 1108/1449/2021 1107/1751/2155 1105/1448/2018 
f 1134/1457/2052 1113/1456/2026 1110/1458/2023 
f 1134/1457/2052 1133/1459/2156 1113/1456/2026 
f 1185/1466/2157 1116/1752/2029 1115/1753/2028 
f 1185/1466/2157 1140/1754/2158 1116/1752/2029 
f 1135/1469/2159 1140/1754/2158 1185/1466/2157 
f 1135/1469/2160 1132/1755/2161 1140/1754/2158 
f 1127/1653/2045 1117/1471/2030 1114/1473/2027 
f 1127/1653/2045 1136/1474/2055 1117/1471/2030 
f 1047/1486/1936 1020/1481/1898 1019/1479/1897 
f 1047/1486/1936 1045/1489/1931 1020/1481/1898 
f 1058/1756/1950 1040/1757/1921 1041/1758/1925 
f 1058/1756/1950 1062/1759/1956 1040/1757/1921 
f 1057/1760/1949 1061/1761/1955 1058/1762/1950 
f 1056/1763/1948 1061/1761/1955 1057/1760/1949 
f 1056/1763/1948 1092/1764/1990 1061/1761/1955 
f 1082/1537/1980 1080/1533/1978 1081/1535/1979 
f 1083/1540/1981 1080/1533/1978 1082/1537/1980 
f 1083/1540/1981 1078/1531/1976 1080/1533/1978 
f 1066/1765/1960 1062/1766/1956 1063/1767/1957 
f 1066/1765/1960 1039/1768/1962 1062/1766/1956 
f 1101/1769/2013 1061/1770/1955 1092/1771/1990 
f 1101/1769/2013 1064/1772/1958 1061/1770/1955 
f 1091/1773/1989 1092/1774/1990 1090/1771/1988 
f 1091/1773/1989 1101/1775/2013 1092/1774/1990 
f 1089/1552/1987 1084/1548/1982 1085/1554/1983 
f 1089/1552/1987 1071/1546/1968 1084/1548/1982 
f 1121/1738/2162 1136/1737/2163 1119/1739/2033 
f 1103/1740/2164 1136/1737/2163 1121/1738/2162 
f 1105/1741/2165 1136/1737/2166 1103/1740/2167 
f 1105/1741/2165 1117/1742/2168 1136/1737/2166 
f 1107/1743/2169 1117/1742/2168 1105/1741/2165 
f 1107/1743/2169 1115/1776/2170 1117/1742/2168 
f 1107/1743/2169 1185/1745/2157 1115/1776/2170 
f 1109/1746/2022 1185/1745/2157 1107/1743/2169 
f 1109/1746/2022 1135/1747/2171 1185/1745/2157 
f 1111/1748/2024 1135/1747/2172 1109/1746/2022 
f 1111/1748/2024 1133/1749/2173 1135/1747/2174 
f 1113/1777/2026 1133/1749/2175 1111/1748/2024 
f 1125/1480/2040 1127/1479/2045 1114/1481/2038 
f 1125/1480/2040 1126/1482/2044 1127/1479/2045 
f 1112/1481/2025 1139/1486/2058 1110/1479/2023 
f 1112/1481/2025 1137/1489/2056 1139/1486/2058 
f 1122/1778/2176 1172/1490/2111 1123/1779/2113 
f 1122/1778/2115 1173/1780/2114 1172/1490/2111 
f 1173/1781/2114 1178/1512/2123 1172/1510/2111 
f 1175/1509/2120 1178/1512/2123 1173/1781/2114 
f 1175/1509/2120 1164/1514/2092 1178/1512/2123 
f 1162/1513/2090 1164/1514/2092 1175/1509/2120 
f 1129/1782/2047 1152/1656/2078 1122/1783/2115 
f 1129/1782/2047 1150/1654/2076 1152/1656/2078 
f 1128/1784/2046 1150/1654/2076 1129/1782/2047 
f 1128/1784/2046 1153/1657/2079 1150/1654/2076 
f 1128/1784/2046 1155/1659/2081 1153/1657/2079 
f 1126/1785/2044 1155/1659/2081 1128/1784/2046 
f 1147/1786/2073 1155/1787/2081 1143/1788/2063 
f 1186/1789/2177 1155/1787/2081 1147/1786/2073 
f 1186/1789/2177 1154/1790/2080 1155/1787/2081 
f 1187/1533/2178 1188/1537/2179 1189/1535/2180 
f 1187/1533/2178 1190/1540/2181 1188/1537/2179 
f 1191/1531/2182 1190/1540/2181 1187/1533/2178 
f 1147/1791/2073 1182/1792/2130 1186/1793/2177 
f 1147/1791/2073 1148/1794/2074 1182/1792/2130 
f 1186/1795/2177 1176/1796/2121 1174/1797/2119 
f 1186/1795/2177 1182/1798/2130 1176/1796/2121 
f 1158/1548/2086 1179/1552/2124 1161/1554/2089 
f 1158/1548/2086 1177/1546/2122 1179/1552/2124 
f 1161/1553/2089 1167/1552/2095 1181/1554/2129 
f 1161/1553/2089 1179/1555/2124 1167/1552/2095 
f 1138/1529/2183 1157/1528/2085 1142/1799/2084 
f 1138/1529/2183 1191/1531/2182 1157/1528/2085 
f 1139/1541/2058 1191/1531/2182 1138/1529/2183 
f 1139/1541/2058 1190/1540/2181 1191/1531/2182 
f 1137/1539/2056 1190/1540/2181 1139/1541/2058 
f 1137/1539/2056 1188/1537/2179 1190/1540/2181 
f 1130/1538/2048 1188/1537/2179 1137/1539/2056 
f 1184/1536/2132 1188/1537/2179 1130/1538/2048 
f 1184/1536/2132 1189/1535/2180 1188/1537/2179 
f 1192/1534/2184 1189/1535/2180 1184/1536/2132 
f 1192/1534/2184 1187/1533/2178 1189/1535/2180 
f 1160/1532/2088 1187/1533/2178 1192/1534/2184 
f 1160/1532/2088 1191/1531/2182 1187/1533/2178 
f 1157/1528/2085 1191/1531/2182 1160/1532/2088 
f 1193/1522/2185 1180/1800/2125 1177/1801/2122 
f 1193/1522/2185 1184/1802/2132 1180/1800/2125 
f 1192/1803/2184 1184/1802/2132 1193/1522/2185 
f 1159/1547/2087 1177/1546/2122 1158/1548/2086 
f 1159/1547/2087 1193/1804/2185 1177/1546/2122 
f 1160/1805/2088 1193/1804/2185 1159/1547/2087 
f 1160/1805/2088 1192/1806/2184 1193/1804/2185 
f 1167/1567/2095 1178/1807/2123 1164/1808/2092 
f 1167/1567/2095 1179/1809/2124 1178/1807/2123 
f 1154/1810/2080 1174/1811/2119 1151/1812/2077 
f 1154/1810/2080 1186/1813/2177 1174/1811/2119 
f 1171/1628/2108 472/1627/2107 1183/1628/2131 
f 1166/1614/2094 478/1627/2102 1169/1612/2105 
f 1194/1814/2186 1195/1815/2187 1196/1816/2188 
f 1194/1814/2186 1197/1817/2189 1195/1815/2187 
f 1198/1818/2190 1199/1819/2191 1200/1820/2192 
f 1198/1818/2190 1201/1821/2193 1199/1819/2191 
f 1202/1822/2194 1201/1821/2193 1198/1818/2190 
f 1202/1822/2194 1203/1823/2195 1201/1821/2193 
f 1204/1824/2196 1199/1817/2191 1205/1814/2197 
f 1206/1825/2198 1199/1817/2191 1204/1824/2199 
f 1206/1825/2198 1207/1826/2200 1199/1817/2191 
f 1208/1827/2201 1209/1828/2202 1210/1829/2203 
f 1208/1827/2204 1211/1830/2205 1209/1828/2206 
f 1212/1831/2207 1211/1830/2205 1208/1827/2208 
f 1212/1831/2207 1213/1831/2209 1211/1830/2205 
f 1214/1832/2210 1215/1827/2211 1216/1833/2212 
f 1213/1834/2209 1215/1827/2211 1214/1832/2210 
f 1212/1834/2207 1215/1827/2211 1213/1834/2209 
f 1212/1834/2207 1208/1829/2208 1215/1827/2211 
f 1200/1817/2192 1217/1824/2213 1218/1814/2214 
f 1200/1817/2192 1219/1815/2215 1217/1824/2213 
f 1220/1835/2216 1221/1836/2217 1222/1837/2218 
f 1220/1835/2216 1223/1838/2219 1221/1836/2217 
f 1224/1839/2220 1223/1838/2219 1220/1835/2216 
f 1225/1840/2221 1223/1838/2219 1224/1839/2220 
f 1225/1840/2221 1226/1841/2222 1223/1838/2219 
f 1225/1840/2221 1227/1842/2223 1226/1841/2222 
f 1228/1839/2224 1227/1842/2223 1225/1840/2221 
f 1229/1835/2225 1227/1842/2223 1228/1839/2224 
f 1229/1835/2225 1230/1843/2226 1227/1842/2223 
f 1231/1844/2227 1230/1843/2226 1229/1835/2225 
f 1232/1815/2228 1233/1814/2229 1234/1816/2230 
f 1232/1815/2228 1197/1817/2231 1233/1814/2229 
f 1235/1820/2232 1236/1821/2233 1237/1819/2234 
f 1235/1820/2232 1238/1818/2235 1236/1821/2233 
f 1239/1819/2236 1238/1818/2235 1235/1820/2232 
f 1240/1821/2237 1238/1818/2235 1239/1819/2236 
f 1240/1821/2237 1241/1822/2238 1238/1818/2235 
f 1242/1823/2239 1241/1822/2238 1240/1821/2237 
f 1242/1823/2239 1243/1845/2240 1241/1822/2238 
f 1244/1846/2241 1243/1845/2240 1242/1823/2239 
f 1245/1847/2242 1199/1817/2191 1207/1826/2200 
f 1245/1847/2242 1200/1814/2192 1199/1817/2191 
f 1219/1816/2215 1200/1814/2192 1245/1847/2242 
f 1246/1833/2243 1247/1829/2244 1248/1827/2245 
f 1246/1833/2243 1249/1828/2246 1247/1829/2244 
f 1246/1833/2243 1250/1816/2247 1249/1828/2248 
f 1234/1815/2230 1250/1816/2247 1246/1833/2243 
f 1233/1817/2229 1250/1816/2249 1234/1815/2230 
f 1233/1817/2229 1251/1814/2250 1250/1816/2249 
f 1252/1846/2251 1241/1822/2238 1243/1845/2240 
f 1253/1823/2252 1241/1822/2238 1252/1846/2251 
f 1253/1823/2252 1238/1818/2235 1241/1822/2238 
f 1236/1821/2233 1238/1818/2235 1253/1823/2252 
f 1239/1817/2236 1250/1824/2249 1251/1814/2250 
f 1239/1817/2236 1254/1825/2253 1250/1824/2254 
f 1255/1826/2255 1254/1825/2253 1239/1817/2236 
f 1249/1828/2246 1244/1827/2241 1247/1829/2244 
f 1256/1830/2256 1244/1827/2257 1249/1828/2258 
f 1256/1830/2256 1257/1831/2259 1244/1827/2241 
f 1258/1831/2260 1257/1831/2259 1256/1830/2256 
f 1243/1827/2240 1259/1832/2261 1260/1833/2262 
f 1243/1827/2240 1258/1834/2260 1259/1832/2261 
f 1244/1829/2241 1258/1834/2260 1243/1827/2240 
f 1244/1829/2263 1257/1834/2264 1258/1834/2264 
f 1239/1817/2236 1261/1847/2265 1255/1826/2255 
f 1235/1814/2232 1261/1847/2265 1239/1817/2236 
f 1235/1814/2232 1262/1816/2266 1261/1847/2265 
f 1263/1848/2267 1264/1849/2268 1265/1850/2269 
f 1263/1848/2267 1266/1851/2270 1264/1852/2268 
f 1263/1848/2271 1267/1853/2272 1268/1854/2273 
f 1263/1848/2271 1269/1855/2274 1267/1856/2272 
f 1263/1848/2275 1270/1857/2276 1269/1858/2274 
f 1263/1848/2267 1265/1859/2269 1271/1860/2277 
f 1272/1861/2278 1273/1862/2279 1274/1863/2280 
f 1275/1822/2281 1208/1846/2208 1210/1845/2203 
f 1275/1822/2281 1203/1823/2195 1208/1846/2208 
f 1276/1818/2282 1203/1823/2195 1275/1822/2281 
f 1276/1818/2282 1201/1821/2193 1203/1823/2195 
f 1205/1820/2197 1201/1821/2193 1276/1818/2282 
f 1205/1820/2197 1199/1819/2191 1201/1821/2193 
f 1195/1864/2187 1277/1865/2283 1278/1866/2284 
f 1195/1864/2187 1279/1867/2285 1277/1865/2283 
f 1197/1868/2286 1279/1867/2285 1195/1864/2187 
f 1232/1864/2228 1279/1867/2285 1197/1868/2287 
f 1232/1864/2228 1277/1865/2283 1279/1867/2285 
f 1280/1866/2288 1277/1865/2283 1232/1864/2228 
f 1281/1869/2289 1222/1870/2218 1282/1871/2290 
f 1283/1872/2291 1222/1870/2218 1281/1869/2289 
f 1196/1873/2188 1283/1872/2291 1281/1869/2289 
f 1195/1874/2187 1283/1872/2291 1196/1873/2188 
f 1278/1875/2284 1283/1872/2291 1195/1874/2187 
f 1284/1876/2292 1283/1872/2291 1278/1875/2284 
f 1222/1870/2218 1283/1872/2291 1284/1876/2292 
f 1220/1877/2216 1222/1870/2218 1284/1876/2292 
f 1263/1848/2293 1268/1878/2273 1266/1879/2270 
f 1276/1818/2282 1194/1819/2186 1205/1820/2197 
f 1276/1818/2282 1285/1821/2294 1194/1819/2186 
f 1275/1822/2281 1285/1821/2294 1276/1818/2282 
f 1275/1822/2281 1286/1823/2295 1285/1821/2294 
f 1210/1845/2203 1286/1823/2295 1275/1822/2281 
f 1282/1846/2290 1286/1823/2295 1210/1845/2203 
f 1222/1880/2218 1286/1823/2295 1282/1846/2290 
f 1221/1822/2217 1286/1823/2295 1222/1880/2218 
f 1287/1818/2296 1286/1823/2295 1221/1822/2217 
f 1287/1818/2296 1285/1821/2294 1286/1823/2295 
f 1197/1820/2297 1285/1821/2294 1287/1818/2296 
f 1197/1820/2298 1194/1819/2186 1285/1821/2294 
f 1288/1821/2299 1200/1820/2192 1218/1819/2214 
f 1288/1821/2299 1198/1818/2190 1200/1820/2192 
f 1289/1823/2300 1198/1818/2190 1288/1821/2299 
f 1289/1823/2300 1202/1822/2194 1198/1818/2190 
f 1290/1846/2301 1202/1822/2194 1289/1823/2300 
f 1215/1845/2211 1202/1822/2194 1290/1846/2301 
f 1215/1845/2211 1203/1823/2195 1202/1822/2194 
f 1208/1846/2208 1203/1823/2195 1215/1845/2211 
f 1290/1827/2301 1216/1828/2212 1215/1829/2211 
f 1290/1827/2301 1291/1833/2302 1216/1828/2212 
f 1272/1861/2303 1292/1881/2304 1293/1882/2305 
f 1272/1861/2306 1293/1858/2305 1294/1883/2307 
f 1272/1861/2308 1294/1884/2307 1295/1885/2309 
f 1210/1829/2203 1281/1833/2289 1282/1827/2290 
f 1209/1828/2310 1281/1833/2289 1210/1829/2203 
f 1204/1816/2311 1281/1833/2289 1209/1828/2202 
f 1204/1816/2311 1196/1815/2188 1281/1833/2289 
f 1204/1816/2196 1194/1817/2186 1196/1815/2188 
f 1205/1814/2197 1194/1817/2186 1204/1816/2196 
f 1233/1819/2229 1296/1818/2312 1251/1820/2250 
f 1233/1819/2229 1297/1821/2313 1296/1818/2312 
f 1197/1820/2314 1297/1821/2313 1233/1819/2229 
f 1298/1818/2315 1297/1821/2313 1197/1820/2297 
f 1298/1818/2315 1299/1823/2316 1297/1821/2313 
f 1230/1822/2226 1299/1823/2316 1298/1818/2315 
f 1231/1880/2227 1299/1823/2316 1230/1822/2226 
f 1248/1886/2245 1299/1823/2316 1231/1880/2227 
f 1247/1845/2244 1299/1823/2316 1248/1886/2245 
f 1300/1822/2317 1299/1823/2316 1247/1845/2244 
f 1300/1822/2317 1297/1821/2313 1299/1823/2316 
f 1296/1818/2312 1297/1821/2313 1300/1822/2317 
f 1244/1846/2241 1300/1822/2317 1247/1845/2244 
f 1242/1823/2239 1300/1822/2317 1244/1846/2241 
f 1242/1823/2239 1296/1818/2312 1300/1822/2317 
f 1240/1821/2237 1296/1818/2312 1242/1823/2239 
f 1240/1821/2237 1251/1820/2250 1296/1818/2312 
f 1239/1819/2236 1251/1820/2250 1240/1821/2237 
f 1260/1828/2262 1252/1827/2251 1243/1829/2240 
f 1260/1828/2262 1301/1833/2318 1252/1827/2251 
f 1302/1824/2319 1235/1817/2232 1237/1814/2234 
f 1302/1824/2319 1262/1815/2266 1235/1817/2232 
f 1231/1870/2227 1246/1887/2243 1248/1871/2245 
f 1303/1888/2320 1246/1887/2243 1231/1870/2227 
f 1303/1888/2320 1234/1873/2230 1246/1887/2243 
f 1303/1888/2320 1232/1874/2228 1234/1873/2230 
f 1303/1888/2320 1280/1875/2288 1232/1874/2228 
f 1303/1888/2320 1304/1889/2321 1280/1875/2288 
f 1231/1870/2227 1304/1889/2321 1303/1888/2320 
f 1229/1877/2225 1304/1889/2321 1231/1870/2227 
f 1263/1848/2322 1271/1890/2277 1270/1891/2276 
f 1272/1861/2278 1274/1892/2280 1305/1893/2323 
f 1272/1861/2324 1305/1894/2323 1306/1895/2325 
f 1272/1861/2303 1306/1896/2325 1292/1897/2304 
f 1307/1898/2326 1197/1899/2327 1287/1900/2296 
f 1307/1898/2326 1298/1901/2315 1197/1899/2327 
f 1307/1898/2326 1308/1902/2328 1298/1901/2315 
f 1287/1900/2296 1308/1902/2328 1307/1898/2326 
f 1287/1900/2296 1309/1903/2329 1308/1902/2328 
f 1221/1836/2217 1309/1903/2329 1287/1900/2296 
f 1223/1838/2219 1309/1903/2329 1221/1836/2217 
f 1226/1841/2222 1309/1903/2329 1223/1838/2219 
f 1226/1841/2222 1308/1902/2328 1309/1903/2329 
f 1310/1904/2330 1308/1902/2328 1226/1841/2222 
f 1310/1904/2330 1298/1901/2315 1308/1902/2328 
f 1310/1904/2330 1230/1843/2226 1298/1901/2315 
f 1310/1904/2330 1227/1842/2223 1230/1843/2226 
f 1226/1841/2222 1227/1842/2223 1310/1904/2330 
f 1272/1861/2278 1295/1905/2309 1273/1906/2279 
f 1311/1907/2331 1261/1908/2332 1262/1909/2333 
f 1312/1910/2334 1261/1908/2332 1311/1907/2331 
f 1312/1910/2334 1255/1911/2335 1261/1908/2332 
f 1313/1912/2336 1255/1911/2335 1312/1910/2334 
f 1313/1912/2336 1254/1913/2337 1255/1911/2335 
f 1313/1912/2336 1250/1914/2338 1254/1913/2337 
f 1314/1915/2339 1250/1914/2338 1313/1912/2336 
f 1314/1915/2339 1249/1916/2340 1250/1914/2338 
f 1314/1915/2339 1256/1917/2341 1249/1916/2340 
f 1315/1918/2342 1256/1917/2341 1314/1915/2339 
f 1315/1918/2342 1258/1919/2343 1256/1917/2341 
f 1315/1918/2342 1259/1920/2344 1258/1919/2343 
f 1315/1918/2342 1316/1921/2345 1259/1920/2344 
f 1315/1918/2342 1311/1907/2331 1316/1921/2345 
f 1315/1918/2342 1312/1910/2334 1311/1907/2331 
f 1314/1915/2339 1312/1910/2334 1315/1918/2342 
f 1314/1915/2339 1313/1912/2336 1312/1910/2334 
f 1245/1908/2346 1317/1907/2347 1219/1909/2348 
f 1245/1908/2346 1318/1910/2349 1317/1907/2347 
f 1207/1911/2350 1318/1910/2349 1245/1908/2346 
f 1207/1911/2350 1319/1912/2351 1318/1910/2349 
f 1206/1913/2352 1319/1912/2351 1207/1911/2350 
f 1204/1922/2353 1319/1912/2351 1206/1913/2352 
f 1204/1922/2353 1320/1915/2354 1319/1912/2351 
f 1209/1923/2355 1320/1915/2354 1204/1922/2353 
f 1211/1917/2356 1320/1915/2354 1209/1923/2355 
f 1211/1917/2356 1321/1918/2357 1320/1915/2354 
f 1213/1919/2358 1321/1918/2357 1211/1917/2356 
f 1214/1920/2359 1321/1918/2357 1213/1919/2358 
f 1214/1920/2359 1322/1921/2360 1321/1918/2357 
f 1214/1920/2359 1323/1924/2361 1322/1921/2360 
f 1216/1925/2362 1323/1924/2361 1214/1920/2359 
f 1291/1926/2363 1323/1924/2361 1216/1925/2362 
f 1291/1926/2363 1324/1927/2364 1323/1924/2361 
f 1264/1928/2365 1324/1927/2364 1291/1926/2363 
f 1266/1929/2366 1324/1927/2364 1264/1928/2365 
f 1266/1929/2366 1325/1930/2367 1324/1927/2364 
f 1268/1931/2368 1325/1930/2367 1266/1929/2366 
f 1267/1932/2369 1325/1930/2367 1268/1931/2368 
f 1217/1933/2370 1325/1930/2367 1267/1932/2369 
f 1219/1909/2348 1325/1930/2367 1217/1933/2370 
f 1219/1909/2348 1326/1934/2371 1325/1930/2367 
f 1317/1907/2347 1326/1934/2371 1219/1909/2348 
f 1320/1915/2354 1318/1910/2349 1319/1912/2351 
f 1321/1918/2357 1318/1910/2349 1320/1915/2354 
f 1321/1918/2357 1317/1907/2347 1318/1910/2349 
f 1322/1921/2360 1317/1907/2347 1321/1918/2357 
f 1322/1921/2360 1326/1934/2371 1317/1907/2347 
f 1323/1924/2361 1326/1934/2371 1322/1921/2360 
f 1324/1927/2364 1326/1934/2371 1323/1924/2361 
f 1324/1927/2364 1325/1930/2367 1326/1934/2371 
f 1311/1907/2331 1327/1934/2372 1316/1921/2345 
f 1262/1909/2333 1327/1934/2372 1311/1907/2331 
f 1262/1909/2333 1328/1930/2373 1327/1934/2372 
f 1302/1933/2374 1328/1930/2373 1262/1909/2333 
f 1292/1932/2375 1328/1930/2373 1302/1933/2374 
f 1306/1931/2376 1328/1930/2373 1292/1932/2375 
f 1305/1929/2377 1328/1930/2373 1306/1931/2376 
f 1305/1929/2377 1329/1927/2378 1328/1930/2373 
f 1274/1928/2379 1329/1927/2378 1305/1929/2377 
f 1301/1926/2380 1329/1927/2378 1274/1928/2379 
f 1301/1926/2380 1330/1924/2381 1329/1927/2378 
f 1260/1925/2382 1330/1924/2381 1301/1926/2380 
f 1259/1920/2344 1330/1924/2381 1260/1925/2382 
f 1316/1921/2345 1330/1924/2381 1259/1920/2344 
f 1327/1934/2372 1330/1924/2381 1316/1921/2345 
f 1327/1934/2372 1329/1927/2378 1330/1924/2381 
f 1328/1930/2373 1329/1927/2378 1327/1934/2372 
f 1288/1935/2383 1271/1936/2384 1289/1937/2385 
f 1288/1935/2383 1331/1938/2386 1271/1936/2384 
f 1291/1939/2387 1265/1940/2388 1264/1941/2389 
f 1291/1939/2387 1290/1942/2390 1265/1940/2388 
f 1293/1943/2391 1302/1944/2392 1237/1945/2393 
f 1293/1943/2391 1292/1946/2394 1302/1944/2392 
f 1295/1947/2395 1236/1948/2396 1253/1949/2397 
f 1295/1947/2395 1294/1950/2398 1236/1948/2396 
f 1273/1951/2399 1301/1952/2400 1274/1953/2401 
f 1273/1951/2399 1252/1954/2402 1301/1952/2400 
f 1273/1955/2399 1253/1956/2397 1252/1957/2402 
f 1273/1955/2399 1295/1947/2395 1253/1956/2397 
f 1289/1958/2385 1265/1959/2388 1290/1960/2390 
f 1289/1958/2385 1271/1936/2384 1265/1959/2388 
f 1217/1944/2403 1269/1943/2404 1218/1961/2405 
f 1217/1944/2403 1267/1962/2406 1269/1943/2404 
f 1218/1963/2405 1331/1964/2386 1288/1965/2383 
f 1218/1963/2405 1269/1966/2404 1331/1964/2386 
f 1294/1967/2398 1237/1968/2393 1236/1969/2396 
f 1294/1967/2398 1293/1966/2391 1237/1968/2393 
f 451/1970/2407 1225/1971/2408 1224/1971/2409 
f 450/1970/2410 1225/1971/2408 451/1970/2407 
f 449/1970/2411 1225/1971/2408 450/1970/2410 
f 1228/1971/2412 1225/1971/2408 449/1970/2411 
f 1224/1971/2409 452/1970/2413 451/1970/2407 
f 1220/1972/2414 452/1970/2413 1224/1971/2409 
f 1284/1972/2415 452/1970/2413 1220/1972/2414 
f 453/1970/2416 452/1970/2413 1284/1972/2415 
f 1278/1973/2417 453/1970/2416 1284/1972/2415 
f 152/1974/2418 453/1970/2416 1278/1973/2417 
f 447/1970/2419 1228/1971/2412 449/1970/2411 
f 1229/1972/2420 1228/1971/2412 447/1970/2419 
f 1304/1972/2421 1229/1972/2420 447/1970/2419 
f 446/1970/2422 1304/1972/2421 447/1970/2419 
f 1280/1973/2423 1304/1972/2421 446/1970/2422 
f 146/1974/2424 1280/1973/2423 446/1970/2422 
f 1277/1975/2425 152/1976/2418 1278/1977/2417 
f 145/1978/2426 152/1976/2418 1277/1975/2425 
f 146/1974/2424 145/1978/2426 1277/1975/2425 
f 1280/1973/2423 146/1974/2424 1277/1975/2425 
f 1332/1979/2427 1333/1980/2428 1334/1981/2429 
f 1335/1982/2430 1333/1980/2428 1332/1979/2431 
f 1336/1983/2432 1333/1980/2428 1335/1982/2430 
f 1336/1983/2432 1337/1984/2433 1333/1980/2428 
f 1338/1985/2434 1337/1984/2433 1336/1983/2432 
f 1338/1985/2434 1339/1986/2435 1337/1984/2433 
f 1340/1987/2436 1339/1986/2435 1338/1985/2434 
f 1340/1987/2436 1341/1988/2437 1339/1986/2435 
f 1342/1989/2438 1341/1988/2437 1340/1987/2436 
f 1342/1989/2438 1343/1990/2439 1341/1988/2437 
f 1344/1991/2440 1343/1990/2439 1342/1989/2438 
f 1344/1991/2440 1345/1992/2441 1343/1990/2439 
f 1346/1993/2442 1345/1992/2441 1344/1991/2440 
f 1346/1993/2443 1347/1992/2444 1345/1992/2441 
f 1346/1993/2445 1348/1994/2446 1347/1992/2447 
f 1346/1993/2448 1349/1995/2449 1348/1994/2446 
f 1350/1996/2450 1349/1995/2449 1346/1993/2445 
f 1350/1996/2450 1351/1997/2451 1349/1995/2449 
f 1350/1996/2450 1352/1998/2452 1351/1997/2451 
f 1342/1989/2438 1352/1998/2453 1350/1996/2454 
f 1340/1987/2436 1352/1998/2453 1342/1989/2438 
f 1338/1985/2434 1352/1998/2453 1340/1987/2436 
f 1338/1985/2455 1353/1999/2456 1352/1998/2452 
f 1336/1983/2457 1353/1999/2456 1338/1985/2455 
f 1354/2000/2458 1355/2001/2459 1356/2002/2460 
f 1357/2003/2461 1355/2001/2459 1354/2000/2458 
f 1357/2003/2461 1358/2004/2462 1355/2001/2459 
f 1357/2003/2461 1359/2005/2463 1358/2004/2462 
f 1360/2006/2464 1359/2005/2463 1357/2003/2461 
f 1360/2006/2464 1361/2007/2465 1359/2005/2463 
f 1360/2006/2464 1362/2008/2466 1361/2007/2465 
f 1360/2006/2464 1363/2009/2467 1362/2008/2466 
f 1360/2006/2464 1364/2010/2468 1363/2009/2467 
f 1360/2006/2464 1365/2011/2469 1364/2010/2468 
f 1360/2006/2464 1354/2000/2470 1365/2011/2469 
f 1357/2003/2461 1354/2000/2470 1360/2006/2464 
f 1362/2008/2466 1366/2012/2471 1367/2013/2472 
f 1363/2009/2467 1366/2012/2471 1362/2008/2466 
f 1364/2010/2473 1366/2012/2471 1363/2009/2467 
f 1364/2010/2473 1368/2014/2474 1366/2012/2471 
f 1369/2015/2475 1370/2016/2476 1371/2017/2477 
f 1369/2015/2475 1372/2018/2478 1370/2016/2476 
f 1369/2015/2475 1373/2019/2479 1372/2018/2478 
f 1369/2015/2475 1374/2020/2480 1373/2019/2479 
f 1369/2015/2475 1375/2021/2481 1374/2020/2480 
f 1376/2022/2482 1375/2021/2481 1369/2015/2475 
f 1364/2023/2483 1375/2021/2481 1376/2022/2482 
f 1365/2024/2484 1375/2021/2481 1364/2023/2483 
f 1354/2025/2485 1375/2021/2481 1365/2024/2484 
f 1354/2025/2486 1374/2020/2480 1375/2021/2481 
f 1377/2026/2487 580/2027/2488 579/2028/2489 
f 1377/2026/2487 1378/2029/2490 580/2027/2488 
f 1339/1986/2435 1378/2029/2490 1377/2026/2487 
f 1379/2030/2491 1378/2029/2490 1339/1986/2435 
f 1379/2030/2491 580/2027/2488 1378/2029/2490 
f 1379/2030/2491 582/2031/2492 580/2027/2488 
f 1379/2030/2491 585/2032/2493 582/2031/2492 
f 1379/2030/2491 1380/2033/2494 585/2032/2493 
f 1339/1986/2435 1380/2033/2494 1379/2030/2491 
f 1341/1988/2437 1380/2033/2494 1339/1986/2435 
f 1341/1988/2437 585/2032/2493 1380/2033/2494 
f 1341/1988/2437 587/2034/2495 585/2032/2493 
f 1343/1990/2439 587/2034/2495 1341/1988/2437 
f 1343/1990/2439 588/2035/2496 587/2034/2495 
f 1345/1992/2441 588/2035/2496 1343/1990/2439 
f 1345/1992/2441 589/2036/2497 588/2035/2496 
f 1345/1992/2441 590/2037/2498 589/2036/2497 
f 1347/1992/2444 590/2037/2498 1345/1992/2441 
f 1347/1992/2447 516/2038/2499 590/2037/2500 
f 1348/1994/2446 516/2038/2499 1347/1992/2501 
f 1348/1994/2446 514/2039/2502 516/2038/2499 
f 1349/1995/2449 514/2039/2502 1348/1994/2446 
f 1349/1995/2449 513/2040/2503 514/2039/2502 
f 1351/1997/2451 513/2040/2503 1349/1995/2449 
f 1351/1997/2451 510/2041/2504 513/2040/2503 
f 1351/1997/2451 1353/1999/2456 510/2041/2504 
f 1352/1998/2452 1353/1999/2456 1351/1997/2451 
f 1381/2042/2505 1354/2025/2486 1356/2043/2506 
f 1381/2042/2505 1374/2020/2480 1354/2025/2486 
f 1382/2044/2507 1374/2020/2480 1381/2042/2505 
f 1382/2044/2507 1373/2019/2479 1374/2020/2480 
f 1383/2045/2508 1372/2018/2509 1373/2019/2479 
f 1358/2046/2510 1372/2018/2478 1383/2045/2508 
f 1359/2047/2511 1372/2018/2478 1358/2046/2510 
f 1361/2048/2512 1372/2018/2513 1359/2047/2511 
f 1361/2048/2512 1370/2016/2476 1372/2018/2513 
f 1361/2048/2512 1371/2017/2477 1370/2016/2476 
f 1362/2049/2514 1371/2017/2477 1361/2048/2512 
f 1367/2050/2515 1371/2017/2477 1362/2049/2514 
f 1367/2050/2515 1384/2051/2516 1371/2017/2477 
f 1367/2050/2515 1385/2052/2517 1384/2051/2516 
f 1366/2053/2518 1385/2052/2517 1367/2050/2515 
f 1368/2054/2519 1385/2052/2517 1366/2053/2518 
f 1368/2054/2519 1386/2055/2520 1385/2052/2517 
f 1364/2023/2483 1386/2055/2520 1368/2054/2519 
f 1376/2022/2482 1386/2055/2520 1364/2023/2521 
f 1376/2022/2482 1385/2052/2517 1386/2055/2520 
f 1376/2022/2482 1387/2056/2522 1385/2052/2517 
f 1369/2015/2475 1387/2056/2522 1376/2022/2482 
f 1371/2017/2477 1387/2056/2522 1369/2015/2475 
f 1371/2017/2477 1385/2052/2517 1387/2056/2522 
f 1384/2051/2516 1385/2052/2517 1371/2017/2477 
f 1377/2026/2487 1337/1984/2433 1339/1986/2435 
f 1377/2026/2487 1333/1980/2428 1337/1984/2433 
f 1377/2026/2487 1388/2057/2523 1333/1980/2428 
f 579/2028/2489 1388/2057/2523 1377/2026/2487 
f 576/2058/2524 1388/2057/2523 579/2028/2489 
f 576/2058/2524 1389/2059/2525 1388/2057/2523 
f 574/2060/2526 1389/2059/2525 576/2058/2524 
f 573/2061/2527 1389/2059/2525 574/2060/2526 
f 573/2061/2527 1390/2062/2528 1389/2059/2525 
f 570/2063/2529 1390/2062/2530 573/2061/2531 
f 570/2063/2529 1391/2064/2532 1390/2062/2533 
f 509/2065/2534 1391/2064/2532 570/2063/2529 
f 509/2065/2534 1392/2066/2535 1391/2064/2532 
f 508/2067/2536 1392/2066/2535 509/2065/2534 
f 508/2067/2536 1393/2068/2537 1392/2066/2535 
f 510/2041/2504 1393/2068/2537 508/2067/2536 
f 1353/1999/2456 1393/2068/2537 510/2041/2504 
f 1336/1983/2457 1393/2068/2537 1353/1999/2456 
f 1335/1982/2538 1393/2068/2537 1336/1983/2457 
f 1335/1982/2538 1392/2066/2535 1393/2068/2537 
f 1332/1979/2539 1392/2066/2535 1335/1982/2538 
f 1332/1979/2540 1391/2064/2532 1392/2066/2535 
f 1332/1979/2539 1390/2062/2530 1391/2064/2532 
f 1332/1979/2541 1389/2059/2525 1390/2062/2528 
f 1334/1981/2429 1389/2059/2525 1332/1979/2427 
f 1334/1981/2429 1388/2057/2523 1389/2059/2525 
f 1334/1981/2429 1333/1980/2428 1388/2057/2523 
f 1342/1989/2438 1346/1993/2442 1344/1991/2440 
f 1342/1989/2438 1350/1996/2454 1346/1993/2542 
f 1383/2045/2508 1373/2019/2479 1382/2044/2507 
f 829/2069/2543 1394/2070/2544 738/2071/2545 
f 829/2069/2543 827/2072/2546 1394/2070/2544 
f 703/2073/2547 1395/2070/2548 710/2074/2549 
f 703/2073/2547 704/2075/2550 1395/2070/2548 
f 1395/2070/2548 707/2076/2551 708/2077/2552 
f 705/2078/2553 706/2079/2554 707/2076/2551 
f 826/2080/2555 731/2081/2556 1394/2070/2544 
f 734/2082/2557 738/2071/2545 1394/2070/2544 
f 829/2069/2543 738/2071/2545 739/2083/2558 
f 828/2084/2559 827/2072/2546 829/2069/2543 
f 703/2073/2547 710/2074/2549 711/2085/2560 
f 702/2086/2561 704/2075/2550 703/2073/2547 
f 710/2074/2549 708/2077/2552 709/2087/2562 
f 1395/2070/2548 708/2077/2552 710/2074/2549 
f 705/2078/2553 707/2076/2551 1395/2070/2548 
f 826/2080/2555 1394/2070/2544 827/2072/2546 
f 732/2088/2563 731/2081/2556 826/2080/2555 
f 734/2082/2557 1394/2070/2544 731/2081/2556 
f 736/2089/2564 738/2071/2545 734/2082/2557 
f 705/2078/2553 1395/2070/2548 704/2075/2550 
# 0 polygons - 2676 triangles

